,cell_type,modality,random_atac,random_celltype,random_modality
AAACAGCCAAATATCC-1,NK/Effector T cells,train multiomics,,,
AAACAGCCAGGAACTG-1,CD14 Monocytes,train multiomics,,,
AAACCAACAGATTCAT-1,NK/Effector T cells,train multiomics,,,
AAACCAACATAGACCC-1,CD14 Monocytes,train multiomics,,,
AAACCGCGTGAGGTAG-1,B cells,train multiomics,,,
AAACGTACAAATACCT-1,NK/Effector T cells,train multiomics,,,
AAAGGACGTCATCCTG-1,CD14 Monocytes,train multiomics,,,
AAATCCGGTTAGCGTA-1,NK/Effector T cells,train multiomics,,,
AAATGCCTCCAGGAAA-1,CD14 Monocytes,train multiomics,,,
AAATGCCTCGCTAAAC-1,CD14 Monocytes,train multiomics,,,
AACAGGATCACTAGGT-1,Memory T cells,train multiomics,,,
AACAGGATCATCACTT-1,CD14 Monocytes,train multiomics,,,
AACAGGATCTACCTGC-1,NK/Effector T cells,train multiomics,,,
AACCCGCAGTAACAGG-1,CD16 Monocytes,train multiomics,,,
AACCTCCTCCCTCACG-1,CD14 Monocytes,train multiomics,,,
AACGACAAGGACCGCT-1,CD14 Monocytes,train multiomics,,,
AACTCACAGCACTAAC-1,CD16 Monocytes,train multiomics,,,
AACTGTTCAGCGCTTG-1,B cells,train multiomics,,,
AACTTAGTCGCGCTAA-1,Memory T cells,train multiomics,,,
AAGACCAAGTTGTCTT-1,CD14 Monocytes,train multiomics,,,
AAGCCTTAGGAATAAC-1,CD16 Monocytes,train multiomics,,,
AAGCCTTAGGCTAAGA-1,CD14 Monocytes,train multiomics,,,
AAGCGAGGTATCTGGA-1,B cells,train multiomics,,,
AAGCGAGGTTACCGGG-1,B cells,train multiomics,,,
AAGCGAGGTTGCACGG-1,CD14 Monocytes,train multiomics,,,
AAGCGCTGTATTGCAG-1,Memory T cells,train multiomics,,,
AAGCTATGTTACTTGC-1,Memory T cells,train multiomics,,,
AAGGTATAGTAGCGGG-1,Memory T cells,train multiomics,,,
AAGGTCAAGCACAGAA-1,Naive CD8 T cells,train multiomics,,,
AAGTAGCCACGGTTTA-1,CD14 Monocytes,train multiomics,,,
AAGTAGCCAGTTTGGC-1,Memory T cells,train multiomics,,,
AAGTGTTGTTTCGCCA-1,Memory T cells,train multiomics,,,
AAGTTTGTCAAGGACA-1,Memory T cells,train multiomics,,,
AAGTTTGTCTAAGTGC-1,NK/Effector T cells,train multiomics,,,
AATCCCTGTTAGCCAA-1,Naive CD8 T cells,train multiomics,,,
AATCCTAAGCGGGCAA-1,CD14 Monocytes,train multiomics,,,
AATCGCCCACAGCCAT-1,Naive CD8 T cells,train multiomics,,,
AATCTCAAGCACTAGT-1,CD16 Monocytes,train multiomics,,,
AATGGCGCATTAGCGC-1,Naive CD8 T cells,train multiomics,,,
AATGGCGCATTAGGTT-1,CD14 Monocytes,train multiomics,,,
AATGTCCAGGTAACGA-1,CD16 Monocytes,train multiomics,,,
AATTACCCACCTGCCT-1,Naive CD8 T cells,train multiomics,,,
AATTAGGCATTTAAGC-1,CD16 Monocytes,train multiomics,,,
AATTGCCAGGGCTTTG-1,CD16 Monocytes,train multiomics,,,
AATTGGGAGCCAGGTC-1,CD14 Monocytes,train multiomics,,,
AATTGTGTCCATCAGG-1,CD14 Monocytes,train multiomics,,,
AATTTGGTCCCGAAGC-1,Naive CD8 T cells,train multiomics,,,
ACAACAGAGGTCCTAG-1,Memory T cells,train multiomics,,,
ACACCTTGTCCTAAGA-1,B cells,train multiomics,,,
ACACGGACAGGCGATA-1,Naive CD8 T cells,train multiomics,,,
ACACTTAAGCGCTCAA-1,CD14 Monocytes,train multiomics,,,
ACAGGAATCAAGCTAC-1,CD14 Monocytes,train multiomics,,,
ACAGGATCAAAGGCCA-1,Memory T cells,train multiomics,,,
ACAGGCTGTCAATGTG-1,NK/Effector T cells,train multiomics,,,
ACATTGCAGGCACAGG-1,Memory T cells,train multiomics,,,
ACCAAACTCTTGGACG-1,CD14 Monocytes,train multiomics,,,
ACCAAGCGTTGGCGTG-1,CD14 Monocytes,train multiomics,,,
ACCAATATCCCTGGTT-1,NK/Effector T cells,train multiomics,,,
ACCATAATCTTAGCGG-1,Naive CD8 T cells,train multiomics,,,
ACCCAACCAGGTTCAC-1,CD14 Monocytes,train multiomics,,,
ACCCAGGGTACGATTG-1,CD14 Monocytes,train multiomics,,,
ACCCGCTGTTTAGCTC-1,Naive CD8 T cells,train multiomics,,,
ACCGGTTCAAGGTAAC-1,B cells,train multiomics,,,
ACCTAAATCCAGGAAA-1,Memory T cells,train multiomics,,,
ACCTAAGGTGGAAGGC-1,CD14 Monocytes,train multiomics,,,
ACCTACCTCTAACCTT-1,NK/Effector T cells,train multiomics,,,
ACCTCACTCCCGAAGC-1,Naive CD8 T cells,train multiomics,,,
ACCTCACTCTTGCTAT-1,CD14 Monocytes,train multiomics,,,
ACCTTCCAGGTGAGAC-1,Naive CD8 T cells,train multiomics,,,
ACCTTCCAGTAACGGA-1,Memory T cells,train multiomics,,,
ACCTTCCAGTCAATCA-1,Naive CD8 T cells,train multiomics,,,
ACCTTGTGTGTTGCTT-1,NK/Effector T cells,train multiomics,,,
ACGAATCTCGGGCCAT-1,NK/Effector T cells,train multiomics,,,
ACGAGTAAGCACTAAC-1,CD16 Monocytes,train multiomics,,,
ACGCCTAAGGAAGCTA-1,Naive CD8 T cells,train multiomics,,,
ACGCCTAAGTATTGGC-1,CD14 Monocytes,train multiomics,,,
ACGCCTAAGTCTATGA-1,CD16 Monocytes,train multiomics,,,
ACGGGAAGTCGCATAA-1,Naive CD8 T cells,train multiomics,,,
ACGGGAAGTTCGGTAA-1,B cells,train multiomics,,,
ACGGTACGTCGCATAA-1,Memory T cells,train multiomics,,,
ACGTCCTTCGCTAGAT-1,Memory T cells,train multiomics,,,
ACTAAAGCACAGAAAC-1,CD14 Monocytes,train multiomics,,,
ACTAACTCAGAGGGAG-1,Memory T cells,train multiomics,,,
ACTAACTCAGGGAGGA-1,B cells,train multiomics,,,
ACTATGTCACCTACTT-1,Memory T cells,train multiomics,,,
ACTCGCGCACCTACTT-1,CD14 Monocytes,train multiomics,,,
ACTCGCGCATAATCGT-1,CD16 Monocytes,train multiomics,,,
ACTTACAAGGCATGAA-1,CD14 Monocytes,train multiomics,,,
ACTTACTTCCTTCAAT-1,CD14 Monocytes,train multiomics,,,
ACTTACTTCTCCTCAA-1,CD14 Monocytes,train multiomics,,,
ACTTATCTCAAGGACA-1,NK/Effector T cells,train multiomics,,,
ACTTATCTCTTACTCG-1,Naive CD8 T cells,train multiomics,,,
ACTTCGCTCCACCCTG-1,Memory T cells,train multiomics,,,
AGAACAAGTAGCCTAA-1,Memory T cells,train multiomics,,,
AGAAGGTGTCGCGCAA-1,CD14 Monocytes,train multiomics,,,
AGAATCTGTCGCAAAC-1,NK/Effector T cells,train multiomics,,,
AGAGGATGTCAGGAAG-1,CD14 Monocytes,train multiomics,,,
AGATGCTTCCGTCCAT-1,NK/Effector T cells,train multiomics,,,
AGCAAATAGCTATATG-1,CD14 Monocytes,train multiomics,,,
AGCAATTGTAAAGCAA-1,CD16 Monocytes,train multiomics,,,
AGCAATTGTCAATAGT-1,Memory T cells,train multiomics,,,
AGCACTTAGGAACACA-1,CD14 Monocytes,train multiomics,,,
AGCAGGTAGACTTACA-1,CD14 Monocytes,train multiomics,,,
AGCATCCCAAATACCT-1,NK/Effector T cells,train multiomics,,,
AGCATTTCAGTAAGTA-1,Naive CD8 T cells,train multiomics,,,
AGCCGCTAGTTATCCT-1,Memory T cells,train multiomics,,,
AGCGCTCAGGCTGGCT-1,CD14 Monocytes,train multiomics,,,
AGCGGACCAATCGCAC-1,Memory T cells,train multiomics,,,
AGCGTGCTCTAATCTC-1,Memory T cells,train multiomics,,,
AGCTAAACATTGTGAT-1,CD14 Monocytes,train multiomics,,,
AGCTAACTCATGGTGT-1,Memory T cells,train multiomics,,,
AGCTATATCGTCAAGT-1,Memory T cells,train multiomics,,,
AGCTTGGTCAATGACC-1,CD14 Monocytes,train multiomics,,,
AGCTTGGTCTAATTGG-1,CD16 Monocytes,train multiomics,,,
AGGACTAAGCGATAAG-1,CD14 Monocytes,train multiomics,,,
AGGATCCGTCGTAAAT-1,Memory T cells,train multiomics,,,
AGGATCCGTTGTCCAT-1,NK/Effector T cells,train multiomics,,,
AGGATGCAGATAACCC-1,Memory T cells,train multiomics,,,
AGGATGTCAAGCTTTG-1,Naive CD8 T cells,train multiomics,,,
AGGCTAGCACGTAATT-1,NK/Effector T cells,train multiomics,,,
AGGGCCTTCCGTGACA-1,CD14 Monocytes,train multiomics,,,
AGGTACGCATAAGCAA-1,NK/Effector T cells,train multiomics,,,
AGGTCATTCAAACCGT-1,Memory T cells,train multiomics,,,
AGGTCCGGTAACCAGC-1,CD14 Monocytes,train multiomics,,,
AGGTCTTAGCAAGGGT-1,CD16 Monocytes,train multiomics,,,
AGGTGAGGTCATAACG-1,CD14 Monocytes,train multiomics,,,
AGGTTAGAGTTCCCGT-1,Memory T cells,train multiomics,,,
AGTAACCTCTTTGACT-1,CD14 Monocytes,train multiomics,,,
AGTAACGAGATAAAGC-1,B cells,train multiomics,,,
AGTAACGAGCGCCTTT-1,CD16 Monocytes,train multiomics,,,
AGTACGCGTTGTAACG-1,NK/Effector T cells,train multiomics,,,
AGTATAGCATTATGAC-1,CD16 Monocytes,train multiomics,,,
AGTCAAGAGGCAGGTG-1,CD14 Monocytes,train multiomics,,,
AGTCAATGTGCTCACC-1,CD14 Monocytes,train multiomics,,,
AGTCCTTGTCCTAATC-1,B cells,train multiomics,,,
AGTGAGTCATGTTGGC-1,CD14 Monocytes,train multiomics,,,
AGTGTGGCATGCATAT-1,Naive CD8 T cells,train multiomics,,,
AGTGTTTCAGGGAGGA-1,CD14 Monocytes,train multiomics,,,
AGTTACTCACTTCATC-1,Memory T cells,train multiomics,,,
AGTTATGTCCCTGTTA-1,Memory T cells,train multiomics,,,
AGTTATGTCCTCACAC-1,Memory T cells,train multiomics,,,
AGTTGCAGTCTTGCAT-1,CD14 Monocytes,train multiomics,,,
AGTTGGCGTGACATAT-1,CD14 Monocytes,train multiomics,,,
AGTTTGCAGCTATATG-1,B cells,train multiomics,,,
ATAAGCCTCTATCGCC-1,CD14 Monocytes,train multiomics,,,
ATAAGTCGTTCCTCCT-1,CD14 Monocytes,train multiomics,,,
ATAAGTCGTTCGGGAT-1,Naive CD8 T cells,train multiomics,,,
ATACCGGTCACGAATC-1,CD14 Monocytes,train multiomics,,,
ATACCTGCAATTAGGA-1,Memory T cells,train multiomics,,,
ATAGATGCATTTGCTC-1,NK/Effector T cells,train multiomics,,,
ATAGGTACACTGGCCA-1,CD14 Monocytes,train multiomics,,,
ATATGCATCGCAATCG-1,Memory T cells,train multiomics,,,
ATATGCTCACGAACAG-1,CD16 Monocytes,train multiomics,,,
ATCAAGACAGGAACCA-1,CD16 Monocytes,train multiomics,,,
ATCAATCCAGTAAGTA-1,CD14 Monocytes,train multiomics,,,
ATCACAATCTACCTCA-1,Memory T cells,train multiomics,,,
ATCACACAGGCCGGAA-1,Memory T cells,train multiomics,,,
ATCACCCTCTATTGTC-1,CD14 Monocytes,train multiomics,,,
ATCACTAAGCTCAAAC-1,Memory T cells,train multiomics,,,
ATCAGGTTCACTTCAT-1,Memory T cells,train multiomics,,,
ATCAGGTTCATTTGTC-1,Naive CD8 T cells,train multiomics,,,
ATCCTTAGTGTCACGG-1,CD16 Monocytes,train multiomics,,,
ATCGGCCAGGTTTGCG-1,Memory T cells,train multiomics,,,
ATGAATGCAAGGTAAC-1,CD14 Monocytes,train multiomics,,,
ATGACAACACTATGGC-1,Naive CD8 T cells,train multiomics,,,
ATGACAACAGCTCATA-1,CD14 Monocytes,train multiomics,,,
ATGAGCCGTTTCGCGC-1,Naive CD8 T cells,train multiomics,,,
ATGCAGGCAAAGGTAC-1,Naive CD8 T cells,train multiomics,,,
ATGCATTCAAGTAAGC-1,NK/Effector T cells,train multiomics,,,
ATGCGATTCATGACCG-1,Memory T cells,train multiomics,,,
ATGGCCCAGACAAACG-1,NK/Effector T cells,train multiomics,,,
ATGGTCTAGCGAGCGA-1,Memory T cells,train multiomics,,,
ATGGTGCGTTACCTGT-1,Memory T cells,train multiomics,,,
ATGTAAGCACCAACCG-1,Memory T cells,train multiomics,,,
ATGTAAGCAGCTTAGC-1,Naive CD8 T cells,train multiomics,,,
ATGTCAATCTACCTGC-1,CD14 Monocytes,train multiomics,,,
ATGTCAATCTTGTCTG-1,Memory T cells,train multiomics,,,
ATGTCATCACCTATAG-1,Naive CD8 T cells,train multiomics,,,
ATGTTGTCAGCAACAG-1,Memory T cells,train multiomics,,,
ATTAACCCAAACAACA-1,Memory T cells,train multiomics,,,
ATTAGCTCATAATCGT-1,CD14 Monocytes,train multiomics,,,
ATTCACTTCCTAACGG-1,CD14 Monocytes,train multiomics,,,
ATTCACTTCGGTAACT-1,Memory T cells,train multiomics,,,
ATTCCTAGTGCTGTAA-1,CD14 Monocytes,train multiomics,,,
ATTGAAGCAATAATCC-1,CD14 Monocytes,train multiomics,,,
ATTGCACAGTTAGAGG-1,Naive CD8 T cells,train multiomics,,,
ATTGCAGGTACTGATG-1,NK/Effector T cells,train multiomics,,,
ATTGCGCCAAATGCCC-1,B cells,train multiomics,,,
ATTGTGATCAATTACG-1,Naive CD8 T cells,train multiomics,,,
ATTTAGCCAATCCCTT-1,Naive CD8 T cells,train multiomics,,,
ATTTGCAAGGATTGCT-1,CD14 Monocytes,train multiomics,,,
ATTTGTGAGTTGTCAA-1,Memory T cells,train multiomics,,,
CAAACCGTCATGAAGG-1,Naive CD8 T cells,train multiomics,,,
CAAACGCGTGGATTAT-1,Naive CD8 T cells,train multiomics,,,
CAAACGCGTTATCGAG-1,CD14 Monocytes,train multiomics,,,
CAAAGCGCATACCCGG-1,CD14 Monocytes,train multiomics,,,
CAACCCGCATAATGTC-1,CD16 Monocytes,train multiomics,,,
CAACCCGCATTCCTCG-1,B cells,train multiomics,,,
CAACTAGGTGCTTAGA-1,B cells,train multiomics,,,
CAAGAACCAGCTAACC-1,CD14 Monocytes,train multiomics,,,
CAAGACAAGCACAGCC-1,CD14 Monocytes,train multiomics,,,
CAAGGGAGTAACGAGG-1,Naive CD8 T cells,train multiomics,,,
CAAGGGAGTCTCAGCC-1,NK/Effector T cells,train multiomics,,,
CAAGGGAGTTGCAGTA-1,Memory T cells,train multiomics,,,
CAAGGTTTCATTACAG-1,Naive CD8 T cells,train multiomics,,,
CAAGTTATCGCTAGCA-1,CD14 Monocytes,train multiomics,,,
CAATAAGCACATACTG-1,Memory T cells,train multiomics,,,
CAATATGTCAAACCTA-1,NK/Effector T cells,train multiomics,,,
CAATCCTGTGCTGTAA-1,CD14 Monocytes,train multiomics,,,
CAATCGCCACTTCACT-1,Memory T cells,train multiomics,,,
CAATGAACATTTGCTC-1,Memory T cells,train multiomics,,,
CAATGACTCCGGTTAG-1,B cells,train multiomics,,,
CACAAGCGTGTTCCCA-1,CD14 Monocytes,train multiomics,,,
CACAGGCTCATCCACC-1,CD14 Monocytes,train multiomics,,,
CACAGGCTCTATCGCC-1,Memory T cells,train multiomics,,,
CACAGGGAGGCAACAA-1,Naive CD8 T cells,train multiomics,,,
CACCAACCAGCATTAT-1,Naive CD8 T cells,train multiomics,,,
CACCTCAGTCCGGTTC-1,B cells,train multiomics,,,
CACCTGTTCACTCGCT-1,NK/Effector T cells,train multiomics,,,
CACCTGTTCTGCAACG-1,CD14 Monocytes,train multiomics,,,
CACGCAATCGATATTG-1,Memory T cells,train multiomics,,,
CACGCTAAGGTCCTGA-1,NK/Effector T cells,train multiomics,,,
CACTAAGGTGGAGCAA-1,Memory T cells,train multiomics,,,
CACTGACCAATTTAGC-1,CD16 Monocytes,train multiomics,,,
CAGAATCTCAAGCTTA-1,Memory T cells,train multiomics,,,
CAGAATCTCGCTTCTA-1,Naive CD8 T cells,train multiomics,,,
CAGATTCAGCGGGCAA-1,Memory T cells,train multiomics,,,
CAGCCAATCATTGTTC-1,CD14 Monocytes,train multiomics,,,
CAGCCTTTCTAATCCT-1,CD16 Monocytes,train multiomics,,,
CAGCTCAAGCTCGCTT-1,CD14 Monocytes,train multiomics,,,
CAGGAAGGTCGAAGTC-1,NK/Effector T cells,train multiomics,,,
CAGGAAGGTTCAAGCA-1,B cells,train multiomics,,,
CAGGACACAAAGGCCA-1,CD14 Monocytes,train multiomics,,,
CAGGACACATTTAAGC-1,NK/Effector T cells,train multiomics,,,
CAGGGTGAGTGAGAGC-1,CD14 Monocytes,train multiomics,,,
CAGGTGGAGGATTTGC-1,NK/Effector T cells,train multiomics,,,
CATAAGCTCATTACAG-1,B cells,train multiomics,,,
CATAAGCTCTACTAAG-1,Naive CD8 T cells,train multiomics,,,
CATAGACTCATGAGCT-1,NK/Effector T cells,train multiomics,,,
CATAGCTAGCTATTAG-1,CD14 Monocytes,train multiomics,,,
CATAGCTAGGAGGACT-1,CD14 Monocytes,train multiomics,,,
CATAGGCGTCCGGTTC-1,NK/Effector T cells,train multiomics,,,
CATAGTCAGGAGGTTA-1,CD16 Monocytes,train multiomics,,,
CATATCGCAGTAATAG-1,Naive CD8 T cells,train multiomics,,,
CATCAATCAGCCTTGG-1,Naive CD8 T cells,train multiomics,,,
CATCAGCCAACAGGAT-1,CD16 Monocytes,train multiomics,,,
CATCATAAGTAGCCAT-1,CD16 Monocytes,train multiomics,,,
CATCATGCACTTCATC-1,Memory T cells,train multiomics,,,
CATCATGCATGCTCCC-1,NK/Effector T cells,train multiomics,,,
CATCCTCAGAGCCGGA-1,CD14 Monocytes,train multiomics,,,
CATCCTGGTATTCGCT-1,CD14 Monocytes,train multiomics,,,
CATCCTGGTCACGAAC-1,Memory T cells,train multiomics,,,
CATCCTTCAAGCCAGA-1,Naive CD8 T cells,train multiomics,,,
CATCGCTTCTTAGTCT-1,CD16 Monocytes,train multiomics,,,
CATGCAAGTAGGTGTC-1,B cells,train multiomics,,,
CATGCATAGGGTGGAT-1,Naive CD8 T cells,train multiomics,,,
CATGCGCAGGCGCTTA-1,CD14 Monocytes,train multiomics,,,
CATGGATTCCCTCATA-1,Memory T cells,train multiomics,,,
CATTATCTCAATCTCT-1,B cells,train multiomics,,,
CATTATCTCGTTAGCG-1,Memory T cells,train multiomics,,,
CATTGTAAGTAACGGA-1,NK/Effector T cells,train multiomics,,,
CCAAACCCAATATACC-1,Naive CD8 T cells,train multiomics,,,
CCAAACTAGACAAGTG-1,CD14 Monocytes,train multiomics,,,
CCAAACTAGGGTTAGA-1,NK/Effector T cells,train multiomics,,,
CCAAATCAGATAACCC-1,CD16 Monocytes,train multiomics,,,
CCAACCAAGTCGCTAG-1,CD14 Monocytes,train multiomics,,,
CCAAGGCTCCATTACT-1,CD14 Monocytes,train multiomics,,,
CCAAGGCTCGCGCTAA-1,Memory T cells,train multiomics,,,
CCACACAAGAGGCTAA-1,Memory T cells,train multiomics,,,
CCACATTGTCAATAGT-1,CD14 Monocytes,train multiomics,,,
CCAGACTCAGTAGGTG-1,Memory T cells,train multiomics,,,
CCAGCCTGTAGGTTGC-1,Memory T cells,train multiomics,,,
CCAGCTGCAAAGCTAA-1,NK/Effector T cells,train multiomics,,,
CCATAAATCCCTCATA-1,B cells,train multiomics,,,
CCATAAGGTCTAACCT-1,Naive CD8 T cells,train multiomics,,,
CCATAGCCAATATGGA-1,NK/Effector T cells,train multiomics,,,
CCATATTTCCTCCTAA-1,CD16 Monocytes,train multiomics,,,
CCATCACTCTTCAATC-1,Memory T cells,train multiomics,,,
CCATTATTCTAACTGA-1,Naive CD8 T cells,train multiomics,,,
CCCAAACCAGGACCTT-1,CD14 Monocytes,train multiomics,,,
CCCAGCACAATCATGT-1,CD14 Monocytes,train multiomics,,,
CCCAGTTTCCTCATCA-1,NK/Effector T cells,train multiomics,,,
CCCGCAACAGTTGCGT-1,Naive CD8 T cells,train multiomics,,,
CCCTCACCAAGACTCC-1,B cells,train multiomics,,,
CCCTCACCAATAACCT-1,CD16 Monocytes,train multiomics,,,
CCCTCAGTCGGTTTGG-1,Memory T cells,train multiomics,,,
CCCTCATAGTGACCTG-1,B cells,train multiomics,,,
CCGATGCAGCGAGTAA-1,B cells,train multiomics,,,
CCGCAAGGTAATCCCT-1,B cells,train multiomics,,,
CCGCACACACTTCACT-1,CD14 Monocytes,train multiomics,,,
CCGCACACAGTTTCTC-1,Memory T cells,train multiomics,,,
CCGCACACATGTTTGG-1,B cells,train multiomics,,,
CCGTTACTCATCCTGC-1,Naive CD8 T cells,train multiomics,,,
CCGTTGCGTTAGAGCC-1,Memory T cells,train multiomics,,,
CCGTTGCGTTTGTCTA-1,NK/Effector T cells,train multiomics,,,
CCGTTTGGTGCTTTAC-1,Memory T cells,train multiomics,,,
CCTAAAGGTACGGGTT-1,Naive CD8 T cells,train multiomics,,,
CCTACTGGTTAATGCG-1,CD14 Monocytes,train multiomics,,,
CCTACTTCACAGAAAC-1,CD16 Monocytes,train multiomics,,,
CCTAGTTGTGGGAACA-1,Memory T cells,train multiomics,,,
CCTATTTAGTTACTTC-1,CD16 Monocytes,train multiomics,,,
CCTCAGTTCCGGAACC-1,Naive CD8 T cells,train multiomics,,,
CCTCCTGAGTTGGCCA-1,CD14 Monocytes,train multiomics,,,
CCTGAATAGGGTGAAC-1,CD14 Monocytes,train multiomics,,,
CCTGACTTCCAGGTCA-1,Memory T cells,train multiomics,,,
CCTGCTCCAGTTATCG-1,CD14 Monocytes,train multiomics,,,
CCTGCTCCATAGCGGA-1,NK/Effector T cells,train multiomics,,,
CCTGGATCACAACCTA-1,NK/Effector T cells,train multiomics,,,
CCTGGATCAGTAGGTG-1,Naive CD8 T cells,train multiomics,,,
CCTGTAACAATTAACC-1,NK/Effector T cells,train multiomics,,,
CCTTAACGTGTTGCTT-1,NK/Effector T cells,train multiomics,,,
CCTTTAGTCTGTTCAT-1,Memory T cells,train multiomics,,,
CGAAGCCTCAAAGGCA-1,NK/Effector T cells,train multiomics,,,
CGAATCTAGGACCAGG-1,CD14 Monocytes,train multiomics,,,
CGAATCTAGGATGATG-1,NK/Effector T cells,train multiomics,,,
CGACAAGCATAATGTC-1,Memory T cells,train multiomics,,,
CGACAAGCATTAAGTC-1,B cells,train multiomics,,,
CGAGCGAAGAGAGGCT-1,B cells,train multiomics,,,
CGAGCGAAGTACCGCA-1,CD14 Monocytes,train multiomics,,,
CGAGCTGGTAACCACA-1,NK/Effector T cells,train multiomics,,,
CGATTTGCATAGACTT-1,Memory T cells,train multiomics,,,
CGCAAATTCTAATCCT-1,NK/Effector T cells,train multiomics,,,
CGCAATAGTGCCTCAC-1,NK/Effector T cells,train multiomics,,,
CGCACAATCCCTCAGT-1,Memory T cells,train multiomics,,,
CGCACCACATCGTTCT-1,CD14 Monocytes,train multiomics,,,
CGCATATAGTTATGTG-1,Memory T cells,train multiomics,,,
CGCATGATCTTAGTGA-1,Memory T cells,train multiomics,,,
CGCATTACAGCCAGAA-1,CD14 Monocytes,train multiomics,,,
CGCATTACATCTAGCA-1,NK/Effector T cells,train multiomics,,,
CGCATTACATTGTGAT-1,Memory T cells,train multiomics,,,
CGCCAAATCATGACCG-1,B cells,train multiomics,,,
CGCGATTCAGGCTTGT-1,CD14 Monocytes,train multiomics,,,
CGCGGATTCGTTTCGC-1,Memory T cells,train multiomics,,,
CGCTAACCATAACGGG-1,Memory T cells,train multiomics,,,
CGCTACTTCTAAGTCA-1,Naive CD8 T cells,train multiomics,,,
CGCTCAGCATAAGCAA-1,CD14 Monocytes,train multiomics,,,
CGCTTCTAGGCTATGT-1,Naive CD8 T cells,train multiomics,,,
CGGACCTAGCTAATTG-1,B cells,train multiomics,,,
CGGACCTAGCTTACTT-1,CD14 Monocytes,train multiomics,,,
CGGATAAAGTTGGATC-1,CD16 Monocytes,train multiomics,,,
CGGATTAGTTGTTGCT-1,B cells,train multiomics,,,
CGGCAATGTCCACAAA-1,Memory T cells,train multiomics,,,
CGGCCATAGGCAGGTG-1,Memory T cells,train multiomics,,,
CGGGCTTAGCGATAAG-1,CD14 Monocytes,train multiomics,,,
CGGGTATGTATTCGCT-1,CD14 Monocytes,train multiomics,,,
CGGGTATGTCTTTGAC-1,Memory T cells,train multiomics,,,
CGGGTCTAGGCAAGTA-1,CD14 Monocytes,train multiomics,,,
CGGTAACGTGATTTGG-1,Naive CD8 T cells,train multiomics,,,
CGGTAACGTTCCTCCT-1,Memory T cells,train multiomics,,,
CGGTAACGTTTAGCGA-1,CD16 Monocytes,train multiomics,,,
CGGTGAACACCGGTAT-1,CD14 Monocytes,train multiomics,,,
CGGTGAGAGCTAAAGG-1,CD16 Monocytes,train multiomics,,,
CGGTTATAGGACAACA-1,CD14 Monocytes,train multiomics,,,
CGGTTCCGTATTGCAG-1,B cells,train multiomics,,,
CGGTTGGGTCACCAAA-1,CD14 Monocytes,train multiomics,,,
CGGTTTCTCCTAATAG-1,B cells,train multiomics,,,
CGGTTTGAGGCTCATG-1,Memory T cells,train multiomics,,,
CGTAACCCAAGGAATC-1,B cells,train multiomics,,,
CGTAACCCAAGTAAGC-1,Memory T cells,train multiomics,,,
CGTAATGGTCCGTAGG-1,CD14 Monocytes,train multiomics,,,
CGTAATGGTCTCACTG-1,Memory T cells,train multiomics,,,
CGTATTGCACTGACCG-1,CD16 Monocytes,train multiomics,,,
CGTATTGCAGGCGATA-1,B cells,train multiomics,,,
CGTGCACAGTCCTGAG-1,CD14 Monocytes,train multiomics,,,
CGTGCTGCAACGTGCT-1,CD16 Monocytes,train multiomics,,,
CGTGCTGCAGGATTAA-1,B cells,train multiomics,,,
CGTGCTGCATCCGTAA-1,Memory T cells,train multiomics,,,
CGTTAAATCACAGACT-1,CD16 Monocytes,train multiomics,,,
CGTTAGGTCATTAGTG-1,Memory T cells,train multiomics,,,
CGTTAGGTCCCTCGCA-1,Memory T cells,train multiomics,,,
CGTTGCGCAAGTCGCT-1,Memory T cells,train multiomics,,,
CTAAAGCTCGGTTAGT-1,CD16 Monocytes,train multiomics,,,
CTAAGGTTCCTGCGAA-1,CD14 Monocytes,train multiomics,,,
CTAAGTCAGGCTTAAC-1,CD14 Monocytes,train multiomics,,,
CTAATCCGTCGTAATG-1,Memory T cells,train multiomics,,,
CTAATCGCAGCTAACC-1,CD14 Monocytes,train multiomics,,,
CTAATCTTCGTTAAGC-1,NK/Effector T cells,train multiomics,,,
CTACGAAGTGTGAGAG-1,CD14 Monocytes,train multiomics,,,
CTAGTGAGTGATGATT-1,CD14 Monocytes,train multiomics,,,
CTAGTGAGTTTGTGGA-1,Memory T cells,train multiomics,,,
CTATTCAGTCGTAATG-1,CD14 Monocytes,train multiomics,,,
CTCAATAAGCATTATG-1,B cells,train multiomics,,,
CTCACTCAGCGAGCGA-1,CD14 Monocytes,train multiomics,,,
CTCATGACAAATTGCT-1,CD14 Monocytes,train multiomics,,,
CTCCAAACAATAGTCT-1,CD16 Monocytes,train multiomics,,,
CTCCAAACATTGTGAT-1,B cells,train multiomics,,,
CTCCGTCCAAACCCTA-1,B cells,train multiomics,,,
CTCCTAATCTAAGTGC-1,CD14 Monocytes,train multiomics,,,
CTCGACAAGATGGACA-1,CD16 Monocytes,train multiomics,,,
CTCGTTATCAAATCGC-1,Memory T cells,train multiomics,,,
CTCTAGCTCAATGTGC-1,NK/Effector T cells,train multiomics,,,
CTGAATATCGGCTAGC-1,CD14 Monocytes,train multiomics,,,
CTGATCACAACCCTCC-1,CD14 Monocytes,train multiomics,,,
CTGCTCCCAGGGAGCT-1,B cells,train multiomics,,,
CTGGCTAAGCGCAATT-1,B cells,train multiomics,,,
CTGGTAAGTCAATAGT-1,Naive CD8 T cells,train multiomics,,,
CTGTATTTCTTGGATA-1,Naive CD8 T cells,train multiomics,,,
CTGTGTGAGCTTTGGG-1,NK/Effector T cells,train multiomics,,,
CTGTTAAAGGAAACTG-1,CD14 Monocytes,train multiomics,,,
CTTACCGGTAAGCTCA-1,Memory T cells,train multiomics,,,
CTTACTAGTCATGCAA-1,CD14 Monocytes,train multiomics,,,
CTTCATCCATCACAGC-1,NK/Effector T cells,train multiomics,,,
CTTCTAAGTTGTTGGA-1,CD14 Monocytes,train multiomics,,,
CTTGAACAGCCACAAT-1,Memory T cells,train multiomics,,,
CTTGACGAGGTAAGCA-1,CD14 Monocytes,train multiomics,,,
CTTGCAACACAACAGG-1,Naive CD8 T cells,train multiomics,,,
CTTGCATGTAGGTTGC-1,NK/Effector T cells,train multiomics,,,
CTTGCGCGTTCCTCCT-1,CD14 Monocytes,train multiomics,,,
CTTGCTCAGGACACTT-1,Memory T cells,train multiomics,,,
CTTGTAAAGCGAGGTG-1,Memory T cells,train multiomics,,,
CTTGTTCCAAGGTGGC-1,B cells,train multiomics,,,
CTTTAGGCACAGGGAC-1,Naive CD8 T cells,train multiomics,,,
CTTTATCAGACAGGCG-1,NK/Effector T cells,train multiomics,,,
CTTTATCAGAGGAAGG-1,CD16 Monocytes,train multiomics,,,
CTTTATGGTAAGCACC-1,Memory T cells,train multiomics,,,
CTTTGAGCAAGTCGCT-1,CD14 Monocytes,train multiomics,,,
CTTTGTCCAAGCCAGA-1,CD14 Monocytes,train multiomics,,,
GAACCGCTCAGCATTA-1,B cells,train multiomics,,,
GAAGCTAAGTTAGAGG-1,NK/Effector T cells,train multiomics,,,
GAAGGATGTCTTGCAT-1,CD16 Monocytes,train multiomics,,,
GAAGGCTAGAACAAGT-1,Naive CD8 T cells,train multiomics,,,
GAAGGCTAGTGAGCAA-1,Naive CD8 T cells,train multiomics,,,
GAAGTCAAGACCATAC-1,NK/Effector T cells,train multiomics,,,
GACAATACAGGTTAAA-1,CD14 Monocytes,train multiomics,,,
GACATAGAGGCATTGT-1,Memory T cells,train multiomics,,,
GACATTATCACGCCAA-1,CD14 Monocytes,train multiomics,,,
GACATTATCTCTAGCC-1,B cells,train multiomics,,,
GACCGAACAGCCAGTT-1,Memory T cells,train multiomics,,,
GACCTCAAGGGACTAA-1,Memory T cells,train multiomics,,,
GACCTGCAGCGGATAA-1,CD14 Monocytes,train multiomics,,,
GACCTTTGTTTCCACG-1,CD14 Monocytes,train multiomics,,,
GACTAATGTTATTGCC-1,Naive CD8 T cells,train multiomics,,,
GACTCACCATTAAGTC-1,NK/Effector T cells,train multiomics,,,
GACTTAGGTGCTTACT-1,Memory T cells,train multiomics,,,
GACTTGGTCCTGAGTG-1,Naive CD8 T cells,train multiomics,,,
GAGCATGCAGATAGAC-1,Memory T cells,train multiomics,,,
GAGCCACTCCTTGCGT-1,Memory T cells,train multiomics,,,
GAGCCACTCGCAACAT-1,NK/Effector T cells,train multiomics,,,
GAGCGAAGTGTTGTGA-1,Memory T cells,train multiomics,,,
GAGCGGTCAATCCTAG-1,Naive CD8 T cells,train multiomics,,,
GAGCTAGCAGCTCATA-1,NK/Effector T cells,train multiomics,,,
GAGCTTGTCACATTGA-1,B cells,train multiomics,,,
GAGCTTGTCCCTGGTT-1,NK/Effector T cells,train multiomics,,,
GAGCTTGTCGAGCAAA-1,NK/Effector T cells,train multiomics,,,
GAGGGAGCATTATGGT-1,B cells,train multiomics,,,
GAGGTTAAGAGGAGTC-1,NK/Effector T cells,train multiomics,,,
GAGTGATCAATGCCTA-1,Memory T cells,train multiomics,,,
GAGTTACTCGCACAAT-1,Naive CD8 T cells,train multiomics,,,
GAGTTACTCTTGCTAT-1,CD14 Monocytes,train multiomics,,,
GAGTTGCGTGTCCTGC-1,B cells,train multiomics,,,
GATAAGCCAATGCGCT-1,CD14 Monocytes,train multiomics,,,
GATAGACCACTTCATC-1,NK/Effector T cells,train multiomics,,,
GATCAGTTCTCTAGCC-1,Naive CD8 T cells,train multiomics,,,
GATCGAGCAATTTAGC-1,CD14 Monocytes,train multiomics,,,
GATGCATTCCTGATTT-1,Memory T cells,train multiomics,,,
GATGGCTGTGCTAGAC-1,CD14 Monocytes,train multiomics,,,
GATTAAGCAATGAATG-1,B cells,train multiomics,,,
GATTACTCAATATGGA-1,CD14 Monocytes,train multiomics,,,
GATTATGTCAGCACCA-1,CD14 Monocytes,train multiomics,,,
GATTATGTCCTAGTCC-1,Memory T cells,train multiomics,,,
GATTATGTCCTGAGTG-1,Memory T cells,train multiomics,,,
GATTATGTCGGCCAGT-1,CD14 Monocytes,train multiomics,,,
GATTCATCAATTTAGC-1,Naive CD8 T cells,train multiomics,,,
GATTCATCAGCAAGTG-1,CD14 Monocytes,train multiomics,,,
GATTCATCATAATCGT-1,Naive CD8 T cells,train multiomics,,,
GATTCCTGTTATCCTA-1,NK/Effector T cells,train multiomics,,,
GATTGATGTGCGCATG-1,Memory T cells,train multiomics,,,
GATTGGTTCCATCAGG-1,CD14 Monocytes,train multiomics,,,
GATTGTTCAGGCATGA-1,Memory T cells,train multiomics,,,
GATTGTTCATTGCGTA-1,Memory T cells,train multiomics,,,
GCAAACAAGGCGTAAA-1,CD14 Monocytes,train multiomics,,,
GCAACAGCAGCATGTC-1,Memory T cells,train multiomics,,,
GCAAGCCTCTAATCAG-1,NK/Effector T cells,train multiomics,,,
GCAAGTGCAGGAACTG-1,Memory T cells,train multiomics,,,
GCAATATGTCTTGCTG-1,CD14 Monocytes,train multiomics,,,
GCAATATGTGATGAGG-1,CD16 Monocytes,train multiomics,,,
GCAATATGTTGGCGTG-1,Memory T cells,train multiomics,,,
GCAATCTAGTGTGATC-1,Naive CD8 T cells,train multiomics,,,
GCAATCTAGTTAGGCT-1,NK/Effector T cells,train multiomics,,,
GCAATGTTCGCTATAA-1,B cells,train multiomics,,,
GCAGGCTTCCCTCAAC-1,NK/Effector T cells,train multiomics,,,
GCAGGCTTCTTAAGTG-1,NK/Effector T cells,train multiomics,,,
GCATATATCGCTAGTG-1,CD14 Monocytes,train multiomics,,,
GCCAACATCTCGCCCA-1,Memory T cells,train multiomics,,,
GCCAATAGTGGTTAGC-1,NK/Effector T cells,train multiomics,,,
GCCACAATCCGGTATG-1,CD14 Monocytes,train multiomics,,,
GCCACACAGTCAGGCC-1,B cells,train multiomics,,,
GCCAGGTTCCTAGTTT-1,NK/Effector T cells,train multiomics,,,
GCCCAAATCGTGCTAG-1,NK/Effector T cells,train multiomics,,,
GCCCGTTGTTCGGGAT-1,Memory T cells,train multiomics,,,
GCCCTCATCCGCCTCA-1,Naive CD8 T cells,train multiomics,,,
GCCTAATAGTGGCGGA-1,CD14 Monocytes,train multiomics,,,
GCCTGACAGTTTCCTG-1,Memory T cells,train multiomics,,,
GCCTTGCGTTGCCTCA-1,CD14 Monocytes,train multiomics,,,
GCCTTGCGTTTACTTG-1,B cells,train multiomics,,,
GCCTTTATCATGACCG-1,CD14 Monocytes,train multiomics,,,
GCCTTTATCTCGCCTG-1,Naive CD8 T cells,train multiomics,,,
GCGAAGCCAACAGGTG-1,CD14 Monocytes,train multiomics,,,
GCGAAGTAGCAAGATG-1,Naive CD8 T cells,train multiomics,,,
GCGATTAGTTCCTGTG-1,CD14 Monocytes,train multiomics,,,
GCGCTAGGTCAAAGGG-1,Memory T cells,train multiomics,,,
GCGCTAGGTTCCATTA-1,CD16 Monocytes,train multiomics,,,
GCGGAACCAGCTCAAC-1,Memory T cells,train multiomics,,,
GCGGAACCAGTTATCG-1,CD16 Monocytes,train multiomics,,,
GCGGTTATCACCTGTC-1,Memory T cells,train multiomics,,,
GCGGTTATCCTAATAG-1,CD14 Monocytes,train multiomics,,,
GCTAACAGTGGTTCCC-1,Memory T cells,train multiomics,,,
GCTAAGAAGGTCCGTA-1,Naive CD8 T cells,train multiomics,,,
GCTAAGTTCATTACTC-1,CD14 Monocytes,train multiomics,,,
GCTATAGGTGATTACG-1,Memory T cells,train multiomics,,,
GCTATAGGTTTCCACG-1,CD16 Monocytes,train multiomics,,,
GCTATAGGTTTCCGGC-1,Naive CD8 T cells,train multiomics,,,
GCTATCCTCATCACTT-1,CD14 Monocytes,train multiomics,,,
GCTATCCTCCGCACAA-1,Naive CD8 T cells,train multiomics,,,
GCTCACAAGGTAAGCA-1,Memory T cells,train multiomics,,,
GCTCTGGCAGGATTAA-1,B cells,train multiomics,,,
GCTGCACAGTCATTAG-1,NK/Effector T cells,train multiomics,,,
GCTGTAAGTCTATCGT-1,CD14 Monocytes,train multiomics,,,
GCTGTGCAGAGGAGTC-1,Memory T cells,train multiomics,,,
GCTTACCTCCGGTTGA-1,CD14 Monocytes,train multiomics,,,
GCTTAGTAGCGAGCGA-1,NK/Effector T cells,train multiomics,,,
GCTTCGCGTGATTACG-1,B cells,train multiomics,,,
GCTTGACCAGGATAAC-1,Memory T cells,train multiomics,,,
GCTTTACGTTACAACG-1,CD14 Monocytes,train multiomics,,,
GCTTTGTGTCCTAATC-1,CD14 Monocytes,train multiomics,,,
GCTTTGTGTTTCGCGC-1,CD14 Monocytes,train multiomics,,,
GGAAACTCAGGCTTCG-1,CD16 Monocytes,train multiomics,,,
GGAACCTGTAGTCAAT-1,Naive CD8 T cells,train multiomics,,,
GGAGCAAGTATTGGTG-1,CD14 Monocytes,train multiomics,,,
GGAGCATAGAGGGACT-1,CD14 Monocytes,train multiomics,,,
GGAGTCTGTAGCTGGT-1,CD14 Monocytes,train multiomics,,,
GGATAACCACTTCACT-1,Memory T cells,train multiomics,,,
GGATGAATCATGAGCT-1,Naive CD8 T cells,train multiomics,,,
GGCATGGAGCAGCTCA-1,Memory T cells,train multiomics,,,
GGCATTAGTCCCGAAG-1,CD14 Monocytes,train multiomics,,,
GGCATTGTCACTAAGC-1,Naive CD8 T cells,train multiomics,,,
GGCCAACTCCCTGACT-1,CD16 Monocytes,train multiomics,,,
GGCCATCAGCGATAAG-1,CD14 Monocytes,train multiomics,,,
GGCCTTAAGGATAAAC-1,B cells,train multiomics,,,
GGCTAGACACCTAATG-1,B cells,train multiomics,,,
GGCTAGTGTACGCGCA-1,CD14 Monocytes,train multiomics,,,
GGCTCAATCATCCTAT-1,Memory T cells,train multiomics,,,
GGCTGTCAGGCTAGAA-1,CD14 Monocytes,train multiomics,,,
GGCTTCAAGAGAAGGG-1,Naive CD8 T cells,train multiomics,,,
GGGATAATCCAGGTCA-1,B cells,train multiomics,,,
GGGATTAAGGGACGCA-1,Naive CD8 T cells,train multiomics,,,
GGGCATGAGACAAGTG-1,Naive CD8 T cells,train multiomics,,,
GGGCATTGTTGGTTAG-1,CD14 Monocytes,train multiomics,,,
GGGCTAACAACCTGGT-1,Naive CD8 T cells,train multiomics,,,
GGGCTAACACCTAATG-1,CD14 Monocytes,train multiomics,,,
GGGTATTTCGCTAAGT-1,Memory T cells,train multiomics,,,
GGGTCAACACAGAAAC-1,NK/Effector T cells,train multiomics,,,
GGGTGTTGTTAGCTGA-1,Memory T cells,train multiomics,,,
GGTAAGGGTGACATAT-1,Naive CD8 T cells,train multiomics,,,
GGTACCGGTCATTACC-1,CD16 Monocytes,train multiomics,,,
GGTACTAGTGTTGCAA-1,CD16 Monocytes,train multiomics,,,
GGTAGGAGTGATGAGG-1,Naive CD8 T cells,train multiomics,,,
GGTCAAGCAGAGGGAG-1,CD14 Monocytes,train multiomics,,,
GGTCAGGAGGGTGAAC-1,Memory T cells,train multiomics,,,
GGTCATTAGTCGCTAG-1,Memory T cells,train multiomics,,,
GGTGAGGTCGGTTTCC-1,CD14 Monocytes,train multiomics,,,
GGTGATTTCGGTCATG-1,CD14 Monocytes,train multiomics,,,
GGTGCTGGTCCTAATC-1,Naive CD8 T cells,train multiomics,,,
GGTGCTTCACCGGCTA-1,CD14 Monocytes,train multiomics,,,
GGTGTGACACCGGTAT-1,CD14 Monocytes,train multiomics,,,
GGTTAATGTGGATTAT-1,CD14 Monocytes,train multiomics,,,
GGTTACCCAACAGGTG-1,NK/Effector T cells,train multiomics,,,
GGTTACCCAACGTGCT-1,Naive CD8 T cells,train multiomics,,,
GGTTACTAGTCACTAA-1,CD14 Monocytes,train multiomics,,,
GGTTAGCGTGAGACTC-1,NK/Effector T cells,train multiomics,,,
GGTTGCGGTTGCTGGG-1,Memory T cells,train multiomics,,,
GGTTTCCTCGCACACA-1,CD14 Monocytes,train multiomics,,,
GGTTTCTGTAAGGTCC-1,NK/Effector T cells,train multiomics,,,
GTAAAGCCACCAAAGG-1,Naive CD8 T cells,train multiomics,,,
GTAAGCAAGTGCACGC-1,CD14 Monocytes,train multiomics,,,
GTACACCCAGTCTATG-1,Memory T cells,train multiomics,,,
GTACCTTGTATTGTCC-1,CD14 Monocytes,train multiomics,,,
GTACTAGGTATCTGGA-1,Naive CD8 T cells,train multiomics,,,
GTACTAGGTTTATGGG-1,CD14 Monocytes,train multiomics,,,
GTAGGAGGTGGGAACA-1,CD16 Monocytes,train multiomics,,,
GTAGGCGAGTAACAGG-1,Memory T cells,train multiomics,,,
GTATGTTCACCTCGCT-1,CD16 Monocytes,train multiomics,,,
GTATTCAAGCCTGTGA-1,CD14 Monocytes,train multiomics,,,
GTCATCCTCCTCACAC-1,CD16 Monocytes,train multiomics,,,
GTCATTAAGCGGGCAA-1,CD14 Monocytes,train multiomics,,,
GTCCAAGTCAGCACCA-1,CD14 Monocytes,train multiomics,,,
GTCCTCAGTTAGTGAT-1,Memory T cells,train multiomics,,,
GTCCTCCCAAGGATTA-1,NK/Effector T cells,train multiomics,,,
GTCCTCCCACCTGCTC-1,Memory T cells,train multiomics,,,
GTCTATCGTAAACAAG-1,Memory T cells,train multiomics,,,
GTCTATCGTGATCAGC-1,CD14 Monocytes,train multiomics,,,
GTCTATGCAACTAACT-1,Memory T cells,train multiomics,,,
GTCTTGCTCCTCAGTC-1,Memory T cells,train multiomics,,,
GTCTTTGTCATTGTCT-1,CD14 Monocytes,train multiomics,,,
GTGAACAAGCTTAGCG-1,NK/Effector T cells,train multiomics,,,
GTGCAAGCAGCCGCTA-1,CD14 Monocytes,train multiomics,,,
GTGCGCAGTAAGCTCA-1,Naive CD8 T cells,train multiomics,,,
GTGCTGGGTCCCGAAG-1,CD14 Monocytes,train multiomics,,,
GTGCTTACAGTAATAG-1,CD14 Monocytes,train multiomics,,,
GTGTGTTAGAAGCTAG-1,Memory T cells,train multiomics,,,
GTTAACCAGGGACCTC-1,CD14 Monocytes,train multiomics,,,
GTTAACGGTACGGTAC-1,NK/Effector T cells,train multiomics,,,
GTTAAGTGTTGGTTAG-1,B cells,train multiomics,,,
GTTAATGTCGTTAACA-1,Memory T cells,train multiomics,,,
GTTACAGGTGCTAGAC-1,CD16 Monocytes,train multiomics,,,
GTTACTAAGGCTTAAC-1,Memory T cells,train multiomics,,,
GTTCATTTCTCATCAT-1,Memory T cells,train multiomics,,,
GTTCGCTTCGCTTCTA-1,NK/Effector T cells,train multiomics,,,
GTTGCATAGCCATCAG-1,B cells,train multiomics,,,
GTTGCTGAGCTTTGGG-1,CD14 Monocytes,train multiomics,,,
GTTGCTGAGTAAGTGG-1,CD14 Monocytes,train multiomics,,,
GTTGGCGGTGGAAGGC-1,Memory T cells,train multiomics,,,
GTTTAACCAAGCGAGC-1,Memory T cells,train multiomics,,,
GTTTAACCATTTGCTC-1,CD14 Monocytes,train multiomics,,,
GTTTACCGTTAAGCTG-1,CD14 Monocytes,train multiomics,,,
GTTTAGCAGGTTTGAC-1,Memory T cells,train multiomics,,,
GTTTCAGCATGAATAG-1,Naive CD8 T cells,train multiomics,,,
GTTTCCTCAATGAGGT-1,CD14 Monocytes,train multiomics,,,
GTTTCTAGTGGAGCAA-1,NK/Effector T cells,train multiomics,,,
GTTTGTTTCCGGTATG-1,CD14 Monocytes,train multiomics,,,
TAAAGCCTCGTGCCTT-1,Memory T cells,train multiomics,,,
TAACAAGCAGCTACGT-1,CD14 Monocytes,train multiomics,,,
TAACCAGGTACTTAGG-1,CD14 Monocytes,train multiomics,,,
TAACCGGTCATGCTTT-1,B cells,train multiomics,,,
TAAGCTGGTTAGGATT-1,Memory T cells,train multiomics,,,
TAAGGCTTCTTGCATT-1,CD14 Monocytes,train multiomics,,,
TAAGTAGCATTATGCG-1,Memory T cells,train multiomics,,,
TAATTGCCAAGGTACG-1,B cells,train multiomics,,,
TACAAGCTCGAGCAAA-1,CD14 Monocytes,train multiomics,,,
TACATCAAGGTACCGC-1,B cells,train multiomics,,,
TACCCGGCACTTAACG-1,CD14 Monocytes,train multiomics,,,
TACCGTTGTGTAATAC-1,CD16 Monocytes,train multiomics,,,
TACGGATTCTAACCTT-1,CD14 Monocytes,train multiomics,,,
TACGTAATCAAATCGC-1,NK/Effector T cells,train multiomics,,,
TACGTAATCCTGCGAA-1,Memory T cells,train multiomics,,,
TACGTACAGTTAGTTG-1,Naive CD8 T cells,train multiomics,,,
TACTGCACAAACTAAG-1,Memory T cells,train multiomics,,,
TACTGGCCATCAGTAT-1,NK/Effector T cells,train multiomics,,,
TACTTGTTCATGGTTA-1,CD14 Monocytes,train multiomics,,,
TAGAGCCGTGATTACG-1,NK/Effector T cells,train multiomics,,,
TAGCAGGCATAGACTT-1,CD16 Monocytes,train multiomics,,,
TAGCATATCGGTTAGT-1,Naive CD8 T cells,train multiomics,,,
TAGCCTGAGGAGCACG-1,CD14 Monocytes,train multiomics,,,
TAGCGGCTCAGCAAGA-1,Memory T cells,train multiomics,,,
TAGCTAGGTACGCGCA-1,B cells,train multiomics,,,
TAGCTTAAGGTCCAAT-1,Memory T cells,train multiomics,,,
TAGCTTGCAAGGAATC-1,CD14 Monocytes,train multiomics,,,
TAGGAACCAGCAGGTA-1,Naive CD8 T cells,train multiomics,,,
TAGGCTTAGAGAGGAG-1,Memory T cells,train multiomics,,,
TAGGCTTAGGTGAGAC-1,NK/Effector T cells,train multiomics,,,
TAGGGTTTCAGGTCCA-1,Memory T cells,train multiomics,,,
TAGTAACGTGTGTGGT-1,Memory T cells,train multiomics,,,
TAGTAACGTTCACCAT-1,NK/Effector T cells,train multiomics,,,
TAGTAGGAGAACCTGT-1,Memory T cells,train multiomics,,,
TAGTGGCGTCTATCGT-1,NK/Effector T cells,train multiomics,,,
TAGTGTGGTTGTAAAC-1,Memory T cells,train multiomics,,,
TAGTTGTCAATGAATG-1,NK/Effector T cells,train multiomics,,,
TATAACCCATTAAAGG-1,NK/Effector T cells,train multiomics,,,
TATGACTCAGGATTAA-1,CD16 Monocytes,train multiomics,,,
TATGCATCAACTGGCT-1,CD16 Monocytes,train multiomics,,,
TATGGATGTGCTTTAC-1,CD14 Monocytes,train multiomics,,,
TATGGGCGTCACCTAT-1,NK/Effector T cells,train multiomics,,,
TATGGGCGTGGACATC-1,NK/Effector T cells,train multiomics,,,
TATTAGCCAATTGACT-1,Memory T cells,train multiomics,,,
TATTCGTTCTTGCAAA-1,Memory T cells,train multiomics,,,
TATTTGCTCTAAATCG-1,Memory T cells,train multiomics,,,
TCAACAATCTACTAAG-1,Memory T cells,train multiomics,,,
TCAAGAACATTGTGAT-1,CD14 Monocytes,train multiomics,,,
TCAAGCTAGCATTAGC-1,Memory T cells,train multiomics,,,
TCAAGCTAGTTAGGCT-1,Naive CD8 T cells,train multiomics,,,
TCAATCGCATGCTTAG-1,Naive CD8 T cells,train multiomics,,,
TCACATAAGCCTGTTC-1,CD14 Monocytes,train multiomics,,,
TCACGGATCCGGCTAA-1,Naive CD8 T cells,train multiomics,,,
TCACTGACATTATCCC-1,CD14 Monocytes,train multiomics,,,
TCAGGAGCAACCCTAA-1,Memory T cells,train multiomics,,,
TCAGGAGCAATCCTGA-1,CD14 Monocytes,train multiomics,,,
TCAGGTCCACAGGAAT-1,B cells,train multiomics,,,
TCAGGTTAGCTAATCA-1,B cells,train multiomics,,,
TCAGGTTAGCTATATG-1,CD14 Monocytes,train multiomics,,,
TCAGTGAGTAATGACT-1,NK/Effector T cells,train multiomics,,,
TCATAACCAAGCCAGA-1,CD14 Monocytes,train multiomics,,,
TCATCCATCTTGCAAA-1,CD14 Monocytes,train multiomics,,,
TCATGCCTCACAGCCA-1,Memory T cells,train multiomics,,,
TCATGCCTCGTGCTTC-1,NK/Effector T cells,train multiomics,,,
TCATGTTTCATAGCCG-1,NK/Effector T cells,train multiomics,,,
TCATTTGGTAATTAGC-1,CD14 Monocytes,train multiomics,,,
TCCATAAAGATTGAGG-1,B cells,train multiomics,,,
TCCATGCTCTCAATGA-1,Naive CD8 T cells,train multiomics,,,
TCCCGTTAGGGACCTC-1,NK/Effector T cells,train multiomics,,,
TCCCTCACATGAATCT-1,CD14 Monocytes,train multiomics,,,
TCCGCCATCACTAATG-1,CD14 Monocytes,train multiomics,,,
TCCGCCATCTGTTGCC-1,CD14 Monocytes,train multiomics,,,
TCCTAGTGTGGAAACG-1,CD16 Monocytes,train multiomics,,,
TCCTCAATCGGGCCAT-1,CD14 Monocytes,train multiomics,,,
TCCTCTAAGCTGTCAG-1,Naive CD8 T cells,train multiomics,,,
TCCTTAGTCTCCTCTT-1,Memory T cells,train multiomics,,,
TCCTTGCAGGTCTTGG-1,NK/Effector T cells,train multiomics,,,
TCCTTGCAGTTCCCAC-1,CD14 Monocytes,train multiomics,,,
TCGATTAAGGTCCTGA-1,Naive CD8 T cells,train multiomics,,,
TCGCATTGTACGTTTC-1,CD14 Monocytes,train multiomics,,,
TCGCATTGTGTTGTAG-1,CD14 Monocytes,train multiomics,,,
TCGCCCATCCTAGTTT-1,Naive CD8 T cells,train multiomics,,,
TCGGTTTGTAATCACG-1,NK/Effector T cells,train multiomics,,,
TCGTTACGTGCAACTA-1,Memory T cells,train multiomics,,,
TCGTTAGCAGCTAATT-1,Naive CD8 T cells,train multiomics,,,
TCGTTAGCATGAATAG-1,NK/Effector T cells,train multiomics,,,
TCTAACCGTTTAACGG-1,Memory T cells,train multiomics,,,
TCTAACCGTTTCGCCA-1,Memory T cells,train multiomics,,,
TCTACCTCAGTCTAGC-1,B cells,train multiomics,,,
TCTACCTCATGACTAT-1,CD14 Monocytes,train multiomics,,,
TCTAGCACAGGGAGGA-1,CD14 Monocytes,train multiomics,,,
TCTAGCGAGGAGTAAT-1,NK/Effector T cells,train multiomics,,,
TCTATGTTCATTGCAA-1,Memory T cells,train multiomics,,,
TCTCAATTCATGCCTC-1,CD14 Monocytes,train multiomics,,,
TCTCACCAGAGGCTAA-1,Memory T cells,train multiomics,,,
TCTCACCAGTATTGCA-1,NK/Effector T cells,train multiomics,,,
TCTCCTCGTTAACAGT-1,Naive CD8 T cells,train multiomics,,,
TCTGTGACATTAGGTT-1,Memory T cells,train multiomics,,,
TCTTGACGTGAGCACT-1,B cells,train multiomics,,,
TCTTGACGTTGTTGTC-1,CD14 Monocytes,train multiomics,,,
TGAACAGAGTATTGGC-1,B cells,train multiomics,,,
TGAAGCAAGCTTCTCA-1,Memory T cells,train multiomics,,,
TGACTCCTCCTTCGTA-1,Naive CD8 T cells,train multiomics,,,
TGACTTAAGGTCCTGA-1,NK/Effector T cells,train multiomics,,,
TGACTTCGTACTTCAC-1,CD14 Monocytes,train multiomics,,,
TGAGCCGGTCCCGAAG-1,CD14 Monocytes,train multiomics,,,
TGAGCCGGTTGTCATC-1,Memory T cells,train multiomics,,,
TGAGCTTAGCTTAGCG-1,NK/Effector T cells,train multiomics,,,
TGAGTGAAGCAAGGTA-1,B cells,train multiomics,,,
TGAGTTTCAGGTTACC-1,Naive CD8 T cells,train multiomics,,,
TGATCAGGTACGTTTC-1,CD14 Monocytes,train multiomics,,,
TGATCAGGTATTGTGG-1,CD14 Monocytes,train multiomics,,,
TGATCGAGTAGACAAA-1,B cells,train multiomics,,,
TGATGAACAGCCTGCA-1,Naive CD8 T cells,train multiomics,,,
TGATGACTCCTTCGTA-1,NK/Effector T cells,train multiomics,,,
TGATGATGTAGCTAAT-1,Memory T cells,train multiomics,,,
TGATTAGTCATAACCA-1,Memory T cells,train multiomics,,,
TGATTAGTCGGGACTC-1,NK/Effector T cells,train multiomics,,,
TGCAAGCGTTACTAGG-1,Naive CD8 T cells,train multiomics,,,
TGCAATATCCTCATGC-1,Naive CD8 T cells,train multiomics,,,
TGCACTTGTCTTGCAT-1,CD14 Monocytes,train multiomics,,,
TGCAGGCTCCTAAGTA-1,CD14 Monocytes,train multiomics,,,
TGCCGGTAGCGAGGTG-1,Memory T cells,train multiomics,,,
TGCCGGTAGCTGAGGG-1,Memory T cells,train multiomics,,,
TGCGATTAGCCTAATA-1,B cells,train multiomics,,,
TGCGCAGGTCAAACTG-1,CD14 Monocytes,train multiomics,,,
TGCTAGCCAAGGTATA-1,CD14 Monocytes,train multiomics,,,
TGCTATGCATGATTGT-1,CD14 Monocytes,train multiomics,,,
TGCTCCGTCAGCTAAC-1,CD14 Monocytes,train multiomics,,,
TGCTTAAAGTGAGCAA-1,NK/Effector T cells,train multiomics,,,
TGCTTCATCCTTCGTA-1,CD16 Monocytes,train multiomics,,,
TGGACAAAGGTCCACA-1,CD14 Monocytes,train multiomics,,,
TGGACAAAGTGGCGGA-1,Naive CD8 T cells,train multiomics,,,
TGGACCGGTGCTCACC-1,NK/Effector T cells,train multiomics,,,
TGGACCGGTTGCGGAT-1,NK/Effector T cells,train multiomics,,,
TGGACTAGTCACCTAT-1,Naive CD8 T cells,train multiomics,,,
TGGATTCAGCCTGAGC-1,Naive CD8 T cells,train multiomics,,,
TGGATTCAGGCATTAC-1,NK/Effector T cells,train multiomics,,,
TGGATTGGTCCACAAA-1,Naive CD8 T cells,train multiomics,,,
TGGCCAATCTAACTGA-1,Memory T cells,train multiomics,,,
TGGCCATCAAACCTTG-1,NK/Effector T cells,train multiomics,,,
TGGCGGTTCCGCCTAT-1,CD14 Monocytes,train multiomics,,,
TGGCTAAGTTGGTTCT-1,Memory T cells,train multiomics,,,
TGGGCATGTAATGGAA-1,Memory T cells,train multiomics,,,
TGGGCATGTGAGCACT-1,B cells,train multiomics,,,
TGGGCCTAGCCGCTTT-1,Memory T cells,train multiomics,,,
TGGTCATAGCACGTTG-1,B cells,train multiomics,,,
TGGTCCTTCAGGATGA-1,NK/Effector T cells,train multiomics,,,
TGTAAAGCAAGCTAAA-1,B cells,train multiomics,,,
TGTAAAGCAATTGAGA-1,B cells,train multiomics,,,
TGTAAGTGTCCTTAGT-1,CD14 Monocytes,train multiomics,,,
TGTAAGTGTTCGCTTG-1,CD14 Monocytes,train multiomics,,,
TGTAATGTCACAGCCA-1,CD14 Monocytes,train multiomics,,,
TGTCAATCAAGCCACT-1,B cells,train multiomics,,,
TGTCAATCATCGTTCT-1,CD14 Monocytes,train multiomics,,,
TGTCCTGGTAGGTTGC-1,CD14 Monocytes,train multiomics,,,
TGTCCTTCAAAGCGCA-1,CD14 Monocytes,train multiomics,,,
TGTCCTTCAAGTGAAC-1,CD14 Monocytes,train multiomics,,,
TGTCCTTCAATAGTCT-1,CD14 Monocytes,train multiomics,,,
TGTGCTGAGCGCTCAA-1,Memory T cells,train multiomics,,,
TGTGTTAAGAACCTGT-1,CD14 Monocytes,train multiomics,,,
TGTGTTAAGGAATAAC-1,CD14 Monocytes,train multiomics,,,
TGTGTTAAGGGATTAG-1,CD14 Monocytes,train multiomics,,,
TGTGTTAAGTAAGGGC-1,Memory T cells,train multiomics,,,
TGTTACTTCGCTAGAT-1,B cells,train multiomics,,,
TGTTGCACAATTGAGA-1,Memory T cells,train multiomics,,,
TGTTGCACAGCCAGAA-1,Naive CD8 T cells,train multiomics,,,
TGTTGTAAGGCATGTT-1,Memory T cells,train multiomics,,,
TGTTGTGCAAGGATTA-1,CD14 Monocytes,train multiomics,,,
TTAAAGGCATAACGGG-1,Naive CD8 T cells,train multiomics,,,
TTAAGGACAGGTTCAC-1,Memory T cells,train multiomics,,,
TTAAGGTGTTGAGCCG-1,CD16 Monocytes,train multiomics,,,
TTACACCGTATTGTGG-1,NK/Effector T cells,train multiomics,,,
TTACACCGTTGGTTAG-1,Memory T cells,train multiomics,,,
TTACCGTGTCATCAAG-1,Memory T cells,train multiomics,,,
TTACCGTGTTAGACCA-1,Memory T cells,train multiomics,,,
TTACCTGTCTCACTCA-1,CD14 Monocytes,train multiomics,,,
TTAGACTCACAGGAAT-1,CD14 Monocytes,train multiomics,,,
TTAGCAGGTGGATTGC-1,CD14 Monocytes,train multiomics,,,
TTAGCTGCAGGTTAAA-1,B cells,train multiomics,,,
TTATCCGTCCAGGTCA-1,CD14 Monocytes,train multiomics,,,
TTATCCTAGTTAGACC-1,Memory T cells,train multiomics,,,
TTATGACCAACTAGGG-1,Memory T cells,train multiomics,,,
TTATGCGCAGTTTACG-1,Memory T cells,train multiomics,,,
TTATGCGCATTATGGT-1,Memory T cells,train multiomics,,,
TTCAACCGTTGTTGTC-1,Naive CD8 T cells,train multiomics,,,
TTCACTGTCTCGACCT-1,Naive CD8 T cells,train multiomics,,,
TTCACTGTCTTTGAGA-1,B cells,train multiomics,,,
TTCAGCACACCGGCTA-1,CD14 Monocytes,train multiomics,,,
TTCCACGGTACCGTAA-1,CD14 Monocytes,train multiomics,,,
TTCCCACAGCTAAAGG-1,NK/Effector T cells,train multiomics,,,
TTCCTCAAGCACAGCC-1,Naive CD8 T cells,train multiomics,,,
TTCCTCAAGTTGGATC-1,CD16 Monocytes,train multiomics,,,
TTCGGTACACGGTACT-1,CD16 Monocytes,train multiomics,,,
TTCGGTACAGTAATAG-1,NK/Effector T cells,train multiomics,,,
TTCGTTAGTCTTGCTG-1,NK/Effector T cells,train multiomics,,,
TTCTTAGGTAAAGCAA-1,B cells,train multiomics,,,
TTCTTAGGTACCGAAC-1,CD14 Monocytes,train multiomics,,,
TTGACGTAGAACCTAC-1,NK/Effector T cells,train multiomics,,,
TTGAGGCGTAAATTGC-1,CD14 Monocytes,train multiomics,,,
TTGATGTCATTAAGTC-1,Naive CD8 T cells,train multiomics,,,
TTGCACACACGGTACT-1,Naive CD8 T cells,train multiomics,,,
TTGCAGCCACGGTACT-1,Memory T cells,train multiomics,,,
TTGCGAGTCCGTTAAA-1,Memory T cells,train multiomics,,,
TTGCGAGTCTGGCAAT-1,Naive CD8 T cells,train multiomics,,,
TTGCTCTCATAAGTCT-1,B cells,train multiomics,,,
TTGGAGGCAGCCAGAA-1,NK/Effector T cells,train multiomics,,,
TTGGATTCAATTAAGG-1,CD14 Monocytes,train multiomics,,,
TTGGCTGAGCGATACT-1,CD14 Monocytes,train multiomics,,,
TTGGCTTGTACGTTTC-1,Naive CD8 T cells,train multiomics,,,
TTGGGTTAGTCCTGAG-1,NK/Effector T cells,train multiomics,,,
TTGTAAGTCGGGACTC-1,Naive CD8 T cells,train multiomics,,,
TTGTCCCAGCTCAAAC-1,CD14 Monocytes,train multiomics,,,
TTGTGTGCACTGGCCA-1,Memory T cells,train multiomics,,,
TTGTTCCCACGAATTT-1,B cells,train multiomics,,,
TTGTTCCCAGCCAGTT-1,CD16 Monocytes,train multiomics,,,
TTTAACCTCTTGGACG-1,CD14 Monocytes,train multiomics,,,
TTTAAGGTCATAATCG-1,Naive CD8 T cells,train multiomics,,,
TTTAGCTTCCACCTTA-1,CD14 Monocytes,train multiomics,,,
TTTCACCCACAGCCAT-1,B cells,train multiomics,,,
TTTCGTCCATGACTAT-1,CD14 Monocytes,train multiomics,,,
TTTCGTCCATTCCTGT-1,CD16 Monocytes,train multiomics,,,
TTTGAGTCAGTACCGT-1,Memory T cells,train multiomics,,,
TTTGCATTCACTCAAA-1,CD14 Monocytes,train multiomics,,,
TTTGCATTCGTGCCTT-1,CD14 Monocytes,train multiomics,,,
TTTGCGACAATCCTGA-1,Naive CD8 T cells,train multiomics,,,
TTTGCGACATGTCGCG-1,Naive CD8 T cells,train multiomics,,,
TTTGCGGAGCGAAGTA-1,CD14 Monocytes,train multiomics,,,
TTTGCGGAGGTCGATT-1,CD14 Monocytes,train multiomics,,,
TTTGTGGCATCCGTAA-1,B cells,train multiomics,,,
TTTGTGGCATTGCGAC-1,NK/Effector T cells,train multiomics,,,
01_01_22_rna,Memory T cells,test scRNA,,B cells,test scRNA
01_01_29_rna,Naive CD8 T cells,test scRNA,,CD14 Monocytes,test scATAC
01_01_32_rna,Memory T cells,test scRNA,,CD14 Monocytes,test scATAC
01_01_40_rna,CD16 Monocytes,test scRNA,,CD14 Monocytes,test scATAC
01_01_49_rna,CD14 Monocytes,test scRNA,,Naive CD8 T cells,test scATAC
01_02_10_rna,NK/Effector T cells,test scRNA,,CD14 Monocytes,test scATAC
01_02_14_rna,Memory T cells,test scRNA,,B cells,test scATAC
01_02_32_rna,Memory T cells,test scRNA,,CD16 Monocytes,test scRNA
01_02_39_rna,Memory T cells,test scRNA,,CD14 Monocytes,test scRNA
01_02_53_rna,CD14 Monocytes,test scRNA,,Memory T cells,test scRNA
01_02_72_rna,Memory T cells,test scRNA,,Memory T cells,test scRNA
01_02_74_rna,NK/Effector T cells,test scRNA,,NK/Effector T cells,test scATAC
01_02_89_rna,NK/Effector T cells,test scRNA,,CD16 Monocytes,test scATAC
01_03_03_rna,Memory T cells,test scRNA,,CD14 Monocytes,test scRNA
01_03_05_rna,CD16 Monocytes,test scRNA,,CD14 Monocytes,test scATAC
01_03_22_rna,Memory T cells,test scRNA,,CD14 Monocytes,test scRNA
01_03_27_rna,Memory T cells,test scRNA,,NK/Effector T cells,test scRNA
01_03_54_rna,CD16 Monocytes,test scRNA,,NK/Effector T cells,test scRNA
01_03_58_rna,CD14 Monocytes,test scRNA,,NK/Effector T cells,test scRNA
01_03_83_rna,Memory T cells,test scRNA,,NK/Effector T cells,test scATAC
01_04_03_rna,CD14 Monocytes,test scRNA,,Memory T cells,test scRNA
01_04_07_rna,Memory T cells,test scRNA,,NK/Effector T cells,test scRNA
01_04_21_rna,CD14 Monocytes,test scRNA,,CD14 Monocytes,test scATAC
01_04_22_rna,CD14 Monocytes,test scRNA,,CD14 Monocytes,test scATAC
01_04_47_rna,Naive CD8 T cells,test scRNA,,CD14 Monocytes,test scRNA
01_04_64_rna,CD14 Monocytes,test scRNA,,CD14 Monocytes,test scRNA
01_04_67_rna,Naive CD8 T cells,test scRNA,,B cells,test scRNA
01_04_70_rna,Naive CD8 T cells,test scRNA,,CD14 Monocytes,test scATAC
01_04_72_rna,CD14 Monocytes,test scRNA,,B cells,test scRNA
01_04_73_rna,CD14 Monocytes,test scRNA,,Memory T cells,test scRNA
01_04_79_rna,B cells,test scRNA,,CD14 Monocytes,test scRNA
01_04_83_rna,Naive CD8 T cells,test scRNA,,Naive CD8 T cells,test scRNA
01_04_93_rna,CD14 Monocytes,test scRNA,,Memory T cells,test scRNA
01_05_01_rna,Memory T cells,test scRNA,,NK/Effector T cells,test scATAC
01_05_62_rna,Memory T cells,test scRNA,,NK/Effector T cells,test scATAC
01_05_69_rna,CD14 Monocytes,test scRNA,,Naive CD8 T cells,test scATAC
01_05_78_rna,Memory T cells,test scRNA,,Memory T cells,test scRNA
01_06_06_rna,Memory T cells,test scRNA,,Memory T cells,test scRNA
01_06_21_rna,Memory T cells,test scRNA,,NK/Effector T cells,test scRNA
01_06_22_rna,Memory T cells,test scRNA,,B cells,test scATAC
01_06_48_rna,CD14 Monocytes,test scRNA,,Naive CD8 T cells,test scATAC
01_06_62_rna,CD14 Monocytes,test scRNA,,CD16 Monocytes,test scATAC
01_06_66_rna,CD14 Monocytes,test scRNA,,Memory T cells,test scRNA
01_06_67_rna,CD14 Monocytes,test scRNA,,Memory T cells,test scRNA
01_06_77_rna,Memory T cells,test scRNA,,CD14 Monocytes,test scATAC
01_06_89_rna,B cells,test scRNA,,Naive CD8 T cells,test scATAC
01_07_29_rna,B cells,test scRNA,,Memory T cells,test scATAC
01_08_19_rna,Naive CD8 T cells,test scRNA,,Memory T cells,test scRNA
01_08_69_rna,Memory T cells,test scRNA,,CD14 Monocytes,test scRNA
01_09_41_rna,CD16 Monocytes,test scRNA,,CD14 Monocytes,test scATAC
01_09_52_rna,CD14 Monocytes,test scRNA,,B cells,test scRNA
01_09_93_rna,NK/Effector T cells,test scRNA,,B cells,test scRNA
01_10_04_rna,NK/Effector T cells,test scRNA,,Memory T cells,test scRNA
01_10_28_rna,CD14 Monocytes,test scRNA,,Memory T cells,test scATAC
01_10_55_rna,NK/Effector T cells,test scRNA,,CD16 Monocytes,test scATAC
01_11_01_rna,Naive CD8 T cells,test scRNA,,CD14 Monocytes,test scRNA
01_11_03_rna,Memory T cells,test scRNA,,B cells,test scATAC
01_11_15_rna,NK/Effector T cells,test scRNA,,Memory T cells,test scRNA
01_11_19_rna,NK/Effector T cells,test scRNA,,NK/Effector T cells,test scRNA
01_11_29_rna,CD14 Monocytes,test scRNA,,Naive CD8 T cells,test scATAC
01_11_41_rna,Memory T cells,test scRNA,,Memory T cells,test scATAC
01_11_49_rna,NK/Effector T cells,test scRNA,,CD14 Monocytes,test scRNA
01_11_52_rna,Memory T cells,test scRNA,,NK/Effector T cells,test scRNA
01_11_64_rna,Memory T cells,test scRNA,,Memory T cells,test scATAC
01_11_88_rna,Memory T cells,test scRNA,,Memory T cells,test scRNA
01_11_92_rna,CD16 Monocytes,test scRNA,,Memory T cells,test scATAC
01_12_04_rna,Memory T cells,test scRNA,,CD14 Monocytes,test scRNA
01_12_33_rna,Naive CD8 T cells,test scRNA,,Memory T cells,test scRNA
01_12_50_rna,CD14 Monocytes,test scRNA,,Memory T cells,test scRNA
01_12_61_rna,Naive CD8 T cells,test scRNA,,Memory T cells,test scRNA
01_12_76_rna,Memory T cells,test scRNA,,NK/Effector T cells,test scRNA
01_13_09_rna,Memory T cells,test scRNA,,Naive CD8 T cells,test scATAC
01_13_30_rna,Memory T cells,test scRNA,,CD14 Monocytes,test scATAC
01_13_49_rna,Memory T cells,test scRNA,,Naive CD8 T cells,test scATAC
01_13_85_rna,Memory T cells,test scRNA,,CD14 Monocytes,test scRNA
01_14_16_rna,Memory T cells,test scRNA,,Memory T cells,test scRNA
01_14_44_rna,B cells,test scRNA,,Memory T cells,test scRNA
01_14_58_rna,Memory T cells,test scRNA,,Naive CD8 T cells,test scATAC
01_14_59_rna,CD16 Monocytes,test scRNA,,Memory T cells,test scRNA
01_14_73_rna,Memory T cells,test scRNA,,B cells,test scRNA
01_14_82_rna,Naive CD8 T cells,test scRNA,,Memory T cells,test scRNA
01_14_95_rna,B cells,test scRNA,,CD14 Monocytes,test scRNA
01_15_25_rna,CD14 Monocytes,test scRNA,,CD14 Monocytes,test scATAC
01_15_47_rna,Memory T cells,test scRNA,,CD14 Monocytes,test scATAC
01_15_61_rna,Memory T cells,test scRNA,,CD14 Monocytes,test scATAC
01_15_79_rna,Memory T cells,test scRNA,,Memory T cells,test scRNA
01_15_94_rna,CD14 Monocytes,test scRNA,,Naive CD8 T cells,test scATAC
01_16_14_rna,CD14 Monocytes,test scRNA,,B cells,test scRNA
01_16_18_rna,Memory T cells,test scRNA,,B cells,test scRNA
01_16_20_rna,CD14 Monocytes,test scRNA,,CD14 Monocytes,test scATAC
01_16_44_rna,Memory T cells,test scRNA,,Memory T cells,test scRNA
01_16_59_rna,Memory T cells,test scRNA,,NK/Effector T cells,test scATAC
01_16_89_rna,B cells,test scRNA,,CD14 Monocytes,test scATAC
01_17_46_rna,Memory T cells,test scRNA,,NK/Effector T cells,test scATAC
01_17_59_rna,Memory T cells,test scRNA,,Memory T cells,test scRNA
01_18_11_rna,B cells,test scRNA,,Memory T cells,test scRNA
01_18_21_rna,Memory T cells,test scRNA,,NK/Effector T cells,test scATAC
01_19_57_rna,Memory T cells,test scRNA,,B cells,test scRNA
01_19_58_rna,Memory T cells,test scRNA,,Memory T cells,test scRNA
01_19_67_rna,Memory T cells,test scRNA,,CD14 Monocytes,test scATAC
01_19_73_rna,NK/Effector T cells,test scRNA,,Memory T cells,test scRNA
01_19_94_rna,CD14 Monocytes,test scRNA,,CD14 Monocytes,test scATAC
01_20_21_rna,Naive CD8 T cells,test scRNA,,Memory T cells,test scATAC
01_20_43_rna,CD14 Monocytes,test scRNA,,Memory T cells,test scATAC
01_20_48_rna,NK/Effector T cells,test scRNA,,NK/Effector T cells,test scRNA
01_20_65_rna,Memory T cells,test scRNA,,NK/Effector T cells,test scATAC
01_20_86_rna,Memory T cells,test scRNA,,CD14 Monocytes,test scATAC
01_21_14_rna,Memory T cells,test scRNA,,CD14 Monocytes,test scRNA
01_21_15_rna,Memory T cells,test scRNA,,CD16 Monocytes,test scATAC
01_21_32_rna,NK/Effector T cells,test scRNA,,Naive CD8 T cells,test scRNA
01_21_35_rna,Memory T cells,test scRNA,,Naive CD8 T cells,test scRNA
01_21_60_rna,CD14 Monocytes,test scRNA,,Memory T cells,test scRNA
01_21_71_rna,Naive CD8 T cells,test scRNA,,CD14 Monocytes,test scRNA
01_21_75_rna,B cells,test scRNA,,Memory T cells,test scRNA
01_21_92_rna,NK/Effector T cells,test scRNA,,CD14 Monocytes,test scATAC
01_22_73_rna,CD14 Monocytes,test scRNA,,B cells,test scATAC
01_22_77_rna,B cells,test scRNA,,Naive CD8 T cells,test scATAC
01_22_93_rna,Memory T cells,test scRNA,,NK/Effector T cells,test scRNA
01_23_72_rna,CD14 Monocytes,test scRNA,,Memory T cells,test scATAC
01_23_81_rna,Naive CD8 T cells,test scRNA,,CD14 Monocytes,test scATAC
01_23_84_rna,CD14 Monocytes,test scRNA,,B cells,test scRNA
01_23_89_rna,Naive CD8 T cells,test scRNA,,NK/Effector T cells,test scRNA
01_23_95_rna,Memory T cells,test scRNA,,Memory T cells,test scRNA
01_24_06_rna,Memory T cells,test scRNA,,CD14 Monocytes,test scATAC
01_24_22_rna,CD14 Monocytes,test scRNA,,Naive CD8 T cells,test scRNA
01_24_32_rna,CD16 Monocytes,test scRNA,,B cells,test scRNA
01_24_64_rna,Memory T cells,test scRNA,,CD14 Monocytes,test scATAC
01_24_87_rna,NK/Effector T cells,test scRNA,,Memory T cells,test scRNA
01_24_93_rna,Memory T cells,test scRNA,,Memory T cells,test scATAC
01_25_30_rna,NK/Effector T cells,test scRNA,,NK/Effector T cells,test scRNA
01_25_38_rna,Naive CD8 T cells,test scRNA,,CD14 Monocytes,test scATAC
01_25_58_rna,Memory T cells,test scRNA,,NK/Effector T cells,test scRNA
01_25_65_rna,Memory T cells,test scRNA,,Memory T cells,test scATAC
01_26_05_rna,Memory T cells,test scRNA,,Memory T cells,test scRNA
01_26_37_rna,CD14 Monocytes,test scRNA,,NK/Effector T cells,test scRNA
01_26_39_rna,CD14 Monocytes,test scRNA,,CD14 Monocytes,test scATAC
01_26_47_rna,Naive CD8 T cells,test scRNA,,Memory T cells,test scATAC
01_26_54_rna,B cells,test scRNA,,B cells,test scRNA
01_26_68_rna,Memory T cells,test scRNA,,CD16 Monocytes,test scRNA
01_26_70_rna,CD14 Monocytes,test scRNA,,Memory T cells,test scRNA
01_27_04_rna,Memory T cells,test scRNA,,CD14 Monocytes,test scATAC
01_27_13_rna,CD14 Monocytes,test scRNA,,Memory T cells,test scRNA
01_27_18_rna,CD14 Monocytes,test scRNA,,CD16 Monocytes,test scATAC
01_27_37_rna,CD14 Monocytes,test scRNA,,Memory T cells,test scRNA
01_27_42_rna,Memory T cells,test scRNA,,CD14 Monocytes,test scRNA
01_28_10_rna,B cells,test scRNA,,Naive CD8 T cells,test scRNA
01_28_48_rna,Memory T cells,test scRNA,,Memory T cells,test scRNA
01_28_53_rna,Memory T cells,test scRNA,,Naive CD8 T cells,test scRNA
01_28_61_rna,Naive CD8 T cells,test scRNA,,CD14 Monocytes,test scATAC
01_28_62_rna,NK/Effector T cells,test scRNA,,NK/Effector T cells,test scATAC
01_28_71_rna,Memory T cells,test scRNA,,Memory T cells,test scRNA
01_28_80_rna,NK/Effector T cells,test scRNA,,NK/Effector T cells,test scRNA
01_28_81_rna,B cells,test scRNA,,Memory T cells,test scRNA
01_29_25_rna,NK/Effector T cells,test scRNA,,CD14 Monocytes,test scRNA
01_29_59_rna,B cells,test scRNA,,Naive CD8 T cells,test scRNA
01_29_65_rna,CD14 Monocytes,test scRNA,,CD14 Monocytes,test scRNA
01_29_96_rna,CD14 Monocytes,test scRNA,,B cells,test scATAC
01_30_10_rna,Memory T cells,test scRNA,,CD14 Monocytes,test scRNA
01_30_13_rna,B cells,test scRNA,,Naive CD8 T cells,test scRNA
01_30_37_rna,B cells,test scRNA,,B cells,test scATAC
01_30_45_rna,NK/Effector T cells,test scRNA,,Memory T cells,test scRNA
01_30_68_rna,Memory T cells,test scRNA,,Memory T cells,test scRNA
01_30_87_rna,CD14 Monocytes,test scRNA,,Memory T cells,test scRNA
01_31_28_rna,B cells,test scRNA,,CD14 Monocytes,test scATAC
01_31_68_rna,Memory T cells,test scRNA,,Memory T cells,test scRNA
01_31_75_rna,CD14 Monocytes,test scRNA,,B cells,test scRNA
01_32_04_rna,B cells,test scRNA,,B cells,test scRNA
01_32_08_rna,Memory T cells,test scRNA,,NK/Effector T cells,test scRNA
01_32_85_rna,Memory T cells,test scRNA,,Memory T cells,test scRNA
01_33_32_rna,Memory T cells,test scRNA,,Naive CD8 T cells,test scATAC
01_33_61_rna,CD14 Monocytes,test scRNA,,Memory T cells,test scRNA
01_33_78_rna,Memory T cells,test scRNA,,NK/Effector T cells,test scATAC
01_33_96_rna,B cells,test scRNA,,CD14 Monocytes,test scRNA
01_34_16_rna,Memory T cells,test scRNA,,Memory T cells,test scRNA
01_34_17_rna,Naive CD8 T cells,test scRNA,,NK/Effector T cells,test scATAC
01_34_19_rna,B cells,test scRNA,,Memory T cells,test scATAC
01_34_53_rna,Memory T cells,test scRNA,,Memory T cells,test scRNA
01_34_94_rna,Memory T cells,test scRNA,,NK/Effector T cells,test scRNA
01_35_08_rna,NK/Effector T cells,test scRNA,,NK/Effector T cells,test scRNA
01_35_25_rna,CD14 Monocytes,test scRNA,,B cells,test scATAC
01_35_26_rna,B cells,test scRNA,,CD14 Monocytes,test scRNA
01_35_28_rna,CD14 Monocytes,test scRNA,,Naive CD8 T cells,test scATAC
01_35_37_rna,Memory T cells,test scRNA,,B cells,test scATAC
01_35_43_rna,Memory T cells,test scRNA,,NK/Effector T cells,test scRNA
01_35_44_rna,CD14 Monocytes,test scRNA,,Memory T cells,test scRNA
01_35_65_rna,B cells,test scRNA,,Memory T cells,test scRNA
01_35_76_rna,Memory T cells,test scRNA,,Memory T cells,test scATAC
01_35_79_rna,CD14 Monocytes,test scRNA,,CD14 Monocytes,test scATAC
01_36_01_rna,NK/Effector T cells,test scRNA,,Memory T cells,test scRNA
01_36_08_rna,CD14 Monocytes,test scRNA,,Naive CD8 T cells,test scRNA
01_36_26_rna,Memory T cells,test scRNA,,NK/Effector T cells,test scRNA
01_36_52_rna,Naive CD8 T cells,test scRNA,,CD14 Monocytes,test scATAC
01_36_73_rna,Memory T cells,test scRNA,,Memory T cells,test scRNA
01_36_76_rna,CD14 Monocytes,test scRNA,,CD14 Monocytes,test scRNA
01_36_90_rna,NK/Effector T cells,test scRNA,,Naive CD8 T cells,test scATAC
01_36_95_rna,NK/Effector T cells,test scRNA,,Naive CD8 T cells,test scATAC
01_37_90_rna,Naive CD8 T cells,test scRNA,,Naive CD8 T cells,test scATAC
01_37_94_rna,Memory T cells,test scRNA,,Naive CD8 T cells,test scATAC
01_38_25_rna,Memory T cells,test scRNA,,B cells,test scATAC
01_38_27_rna,Memory T cells,test scRNA,,Memory T cells,test scATAC
01_38_30_rna,CD14 Monocytes,test scRNA,,CD14 Monocytes,test scRNA
01_38_39_rna,CD14 Monocytes,test scRNA,,CD14 Monocytes,test scATAC
01_38_56_rna,CD14 Monocytes,test scRNA,,CD14 Monocytes,test scRNA
01_38_90_rna,Memory T cells,test scRNA,,CD14 Monocytes,test scATAC
01_39_16_rna,Memory T cells,test scRNA,,Memory T cells,test scATAC
01_39_31_rna,CD14 Monocytes,test scRNA,,Naive CD8 T cells,test scRNA
01_39_33_rna,CD16 Monocytes,test scRNA,,B cells,test scRNA
01_39_39_rna,Memory T cells,test scRNA,,Memory T cells,test scATAC
01_39_40_rna,B cells,test scRNA,,CD14 Monocytes,test scRNA
01_39_47_rna,B cells,test scRNA,,NK/Effector T cells,test scRNA
01_39_48_rna,Memory T cells,test scRNA,,Memory T cells,test scATAC
01_39_52_rna,NK/Effector T cells,test scRNA,,CD14 Monocytes,test scATAC
01_39_72_rna,Memory T cells,test scRNA,,Memory T cells,test scRNA
01_39_75_rna,NK/Effector T cells,test scRNA,,NK/Effector T cells,test scRNA
01_39_81_rna,NK/Effector T cells,test scRNA,,Memory T cells,test scATAC
01_40_02_rna,Memory T cells,test scRNA,,CD14 Monocytes,test scRNA
01_40_11_rna,Naive CD8 T cells,test scRNA,,Memory T cells,test scRNA
01_40_24_rna,Memory T cells,test scRNA,,Memory T cells,test scATAC
01_40_43_rna,Naive CD8 T cells,test scRNA,,Memory T cells,test scRNA
01_40_49_rna,Memory T cells,test scRNA,,Naive CD8 T cells,test scRNA
01_40_85_rna,NK/Effector T cells,test scRNA,,Memory T cells,test scRNA
01_41_03_rna,Naive CD8 T cells,test scRNA,,Naive CD8 T cells,test scATAC
01_41_75_rna,CD14 Monocytes,test scRNA,,CD14 Monocytes,test scATAC
01_42_05_rna,Memory T cells,test scRNA,,CD14 Monocytes,test scRNA
01_42_40_rna,B cells,test scRNA,,Memory T cells,test scATAC
01_42_73_rna,CD14 Monocytes,test scRNA,,CD14 Monocytes,test scATAC
01_42_85_rna,CD16 Monocytes,test scRNA,,Naive CD8 T cells,test scATAC
01_43_06_rna,CD14 Monocytes,test scRNA,,CD14 Monocytes,test scATAC
01_43_34_rna,NK/Effector T cells,test scRNA,,NK/Effector T cells,test scRNA
01_43_40_rna,Memory T cells,test scRNA,,CD16 Monocytes,test scATAC
01_43_52_rna,B cells,test scRNA,,B cells,test scATAC
01_43_69_rna,CD14 Monocytes,test scRNA,,CD14 Monocytes,test scRNA
01_43_75_rna,Memory T cells,test scRNA,,Naive CD8 T cells,test scATAC
01_43_84_rna,Memory T cells,test scRNA,,CD14 Monocytes,test scATAC
01_43_88_rna,Memory T cells,test scRNA,,CD14 Monocytes,test scATAC
01_44_22_rna,CD14 Monocytes,test scRNA,,Memory T cells,test scATAC
01_44_32_rna,Memory T cells,test scRNA,,B cells,test scATAC
01_44_67_rna,CD14 Monocytes,test scRNA,,CD14 Monocytes,test scRNA
01_44_73_rna,Memory T cells,test scRNA,,NK/Effector T cells,test scATAC
01_44_76_rna,NK/Effector T cells,test scRNA,,CD14 Monocytes,test scRNA
01_44_82_rna,Memory T cells,test scRNA,,NK/Effector T cells,test scRNA
01_45_76_rna,NK/Effector T cells,test scRNA,,CD14 Monocytes,test scRNA
01_46_07_rna,CD14 Monocytes,test scRNA,,CD14 Monocytes,test scRNA
01_46_18_rna,CD14 Monocytes,test scRNA,,Naive CD8 T cells,test scATAC
01_47_57_rna,Naive CD8 T cells,test scRNA,,Memory T cells,test scATAC
01_47_74_rna,CD14 Monocytes,test scRNA,,CD14 Monocytes,test scRNA
01_47_91_rna,Naive CD8 T cells,test scRNA,,CD14 Monocytes,test scRNA
01_48_14_rna,CD14 Monocytes,test scRNA,,CD16 Monocytes,test scRNA
01_48_21_rna,Memory T cells,test scRNA,,CD14 Monocytes,test scATAC
01_48_36_rna,Memory T cells,test scRNA,,Naive CD8 T cells,test scRNA
01_48_53_rna,NK/Effector T cells,test scRNA,,B cells,test scATAC
01_48_60_rna,CD16 Monocytes,test scRNA,,B cells,test scRNA
01_48_64_rna,NK/Effector T cells,test scRNA,,B cells,test scATAC
01_48_69_rna,Memory T cells,test scRNA,,CD16 Monocytes,test scATAC
01_48_74_rna,Memory T cells,test scRNA,,Memory T cells,test scATAC
01_49_01_rna,CD14 Monocytes,test scRNA,,Memory T cells,test scRNA
01_49_51_rna,CD14 Monocytes,test scRNA,,NK/Effector T cells,test scATAC
01_49_55_rna,Memory T cells,test scRNA,,NK/Effector T cells,test scRNA
01_50_02_rna,Memory T cells,test scRNA,,CD14 Monocytes,test scATAC
01_50_13_rna,Memory T cells,test scRNA,,CD14 Monocytes,test scATAC
01_50_56_rna,Memory T cells,test scRNA,,NK/Effector T cells,test scRNA
01_50_73_rna,Memory T cells,test scRNA,,NK/Effector T cells,test scRNA
01_51_18_rna,CD14 Monocytes,test scRNA,,Naive CD8 T cells,test scRNA
01_51_24_rna,Memory T cells,test scRNA,,CD14 Monocytes,test scRNA
01_51_36_rna,Naive CD8 T cells,test scRNA,,Memory T cells,test scRNA
01_51_75_rna,Memory T cells,test scRNA,,CD14 Monocytes,test scATAC
01_51_94_rna,NK/Effector T cells,test scRNA,,Naive CD8 T cells,test scATAC
01_52_04_rna,Memory T cells,test scRNA,,CD14 Monocytes,test scRNA
01_52_20_rna,NK/Effector T cells,test scRNA,,Naive CD8 T cells,test scRNA
01_52_26_rna,CD14 Monocytes,test scRNA,,CD14 Monocytes,test scATAC
01_52_44_rna,Memory T cells,test scRNA,,Naive CD8 T cells,test scATAC
01_52_80_rna,CD14 Monocytes,test scRNA,,Memory T cells,test scATAC
01_53_04_rna,Memory T cells,test scRNA,,Naive CD8 T cells,test scATAC
01_53_08_rna,CD14 Monocytes,test scRNA,,B cells,test scRNA
01_53_18_rna,Memory T cells,test scRNA,,B cells,test scRNA
01_53_54_rna,Memory T cells,test scRNA,,CD14 Monocytes,test scRNA
01_53_72_rna,NK/Effector T cells,test scRNA,,Memory T cells,test scRNA
01_53_78_rna,NK/Effector T cells,test scRNA,,Naive CD8 T cells,test scRNA
01_53_87_rna,Memory T cells,test scRNA,,Naive CD8 T cells,test scATAC
01_54_45_rna,NK/Effector T cells,test scRNA,,NK/Effector T cells,test scATAC
01_54_55_rna,Memory T cells,test scRNA,,Naive CD8 T cells,test scATAC
01_54_78_rna,Memory T cells,test scRNA,,Memory T cells,test scRNA
01_54_79_rna,Memory T cells,test scRNA,,Memory T cells,test scRNA
01_54_88_rna,CD14 Monocytes,test scRNA,,NK/Effector T cells,test scATAC
01_54_93_rna,Memory T cells,test scRNA,,Memory T cells,test scRNA
01_54_95_rna,Memory T cells,test scRNA,,CD14 Monocytes,test scRNA
01_55_04_rna,CD14 Monocytes,test scRNA,,CD14 Monocytes,test scRNA
01_55_36_rna,CD14 Monocytes,test scRNA,,B cells,test scRNA
01_55_60_rna,B cells,test scRNA,,NK/Effector T cells,test scRNA
01_55_85_rna,Naive CD8 T cells,test scRNA,,Memory T cells,test scRNA
01_55_96_rna,Memory T cells,test scRNA,,Memory T cells,test scRNA
01_56_28_rna,Memory T cells,test scRNA,,CD14 Monocytes,test scATAC
01_56_78_rna,B cells,test scRNA,,Memory T cells,test scATAC
01_56_80_rna,Memory T cells,test scRNA,,Memory T cells,test scATAC
01_56_85_rna,CD14 Monocytes,test scRNA,,CD14 Monocytes,test scRNA
01_57_67_rna,NK/Effector T cells,test scRNA,,Memory T cells,test scATAC
01_57_89_rna,Memory T cells,test scRNA,,NK/Effector T cells,test scRNA
01_58_38_rna,Memory T cells,test scRNA,,Memory T cells,test scATAC
01_58_72_rna,Memory T cells,test scRNA,,Naive CD8 T cells,test scATAC
01_58_94_rna,Memory T cells,test scRNA,,Memory T cells,test scRNA
01_59_06_rna,CD14 Monocytes,test scRNA,,CD16 Monocytes,test scATAC
01_59_40_rna,Memory T cells,test scRNA,,Memory T cells,test scATAC
01_59_56_rna,Memory T cells,test scRNA,,CD14 Monocytes,test scATAC
01_60_01_rna,Memory T cells,test scRNA,,Naive CD8 T cells,test scRNA
01_60_19_rna,Memory T cells,test scRNA,,Memory T cells,test scRNA
01_60_22_rna,Memory T cells,test scRNA,,NK/Effector T cells,test scRNA
01_60_85_rna,Naive CD8 T cells,test scRNA,,Memory T cells,test scRNA
01_61_54_rna,NK/Effector T cells,test scRNA,,CD14 Monocytes,test scRNA
01_61_63_rna,Memory T cells,test scRNA,,Memory T cells,test scRNA
01_61_75_rna,Memory T cells,test scRNA,,CD14 Monocytes,test scRNA
01_61_82_rna,NK/Effector T cells,test scRNA,,CD14 Monocytes,test scATAC
01_62_01_rna,Memory T cells,test scRNA,,Memory T cells,test scRNA
01_62_31_rna,NK/Effector T cells,test scRNA,,Memory T cells,test scRNA
01_62_93_rna,Memory T cells,test scRNA,,CD14 Monocytes,test scRNA
01_63_38_rna,CD14 Monocytes,test scRNA,,CD14 Monocytes,test scRNA
01_63_50_rna,CD14 Monocytes,test scRNA,,CD14 Monocytes,test scATAC
01_63_59_rna,Memory T cells,test scRNA,,CD14 Monocytes,test scATAC
01_63_75_rna,Memory T cells,test scRNA,,B cells,test scRNA
01_63_85_rna,Memory T cells,test scRNA,,Memory T cells,test scRNA
01_63_92_rna,NK/Effector T cells,test scRNA,,NK/Effector T cells,test scATAC
01_64_10_rna,CD14 Monocytes,test scRNA,,Naive CD8 T cells,test scATAC
01_64_18_rna,Memory T cells,test scRNA,,B cells,test scRNA
01_64_28_rna,CD14 Monocytes,test scRNA,,Memory T cells,test scRNA
01_64_40_rna,CD14 Monocytes,test scRNA,,CD14 Monocytes,test scRNA
01_64_48_rna,CD14 Monocytes,test scRNA,,Memory T cells,test scATAC
01_64_49_rna,Memory T cells,test scRNA,,B cells,test scRNA
01_64_57_rna,Memory T cells,test scRNA,,Memory T cells,test scRNA
01_64_64_rna,Memory T cells,test scRNA,,B cells,test scATAC
01_64_74_rna,Memory T cells,test scRNA,,CD14 Monocytes,test scATAC
01_64_75_rna,NK/Effector T cells,test scRNA,,Memory T cells,test scRNA
01_65_25_rna,NK/Effector T cells,test scRNA,,B cells,test scRNA
01_65_76_rna,CD14 Monocytes,test scRNA,,Memory T cells,test scATAC
01_66_72_rna,Memory T cells,test scRNA,,NK/Effector T cells,test scATAC
01_67_23_rna,CD14 Monocytes,test scRNA,,CD14 Monocytes,test scRNA
01_67_48_rna,Memory T cells,test scRNA,,Memory T cells,test scRNA
01_67_55_rna,CD14 Monocytes,test scRNA,,Memory T cells,test scATAC
01_67_59_rna,CD14 Monocytes,test scRNA,,NK/Effector T cells,test scATAC
01_68_19_rna,CD14 Monocytes,test scRNA,,Naive CD8 T cells,test scATAC
01_68_47_rna,NK/Effector T cells,test scRNA,,CD14 Monocytes,test scATAC
01_68_63_rna,Memory T cells,test scRNA,,Memory T cells,test scRNA
01_68_81_rna,Memory T cells,test scRNA,,Memory T cells,test scRNA
01_68_91_rna,NK/Effector T cells,test scRNA,,Memory T cells,test scRNA
01_69_01_rna,Memory T cells,test scRNA,,Memory T cells,test scATAC
01_69_29_rna,Memory T cells,test scRNA,,CD14 Monocytes,test scATAC
01_69_32_rna,CD14 Monocytes,test scRNA,,Memory T cells,test scRNA
01_69_43_rna,Naive CD8 T cells,test scRNA,,NK/Effector T cells,test scRNA
01_69_54_rna,CD16 Monocytes,test scRNA,,Naive CD8 T cells,test scATAC
01_69_59_rna,Memory T cells,test scRNA,,CD14 Monocytes,test scATAC
01_69_61_rna,Memory T cells,test scRNA,,Naive CD8 T cells,test scRNA
01_69_83_rna,CD14 Monocytes,test scRNA,,Memory T cells,test scRNA
01_70_14_rna,CD14 Monocytes,test scRNA,,CD14 Monocytes,test scRNA
01_70_51_rna,Memory T cells,test scRNA,,Naive CD8 T cells,test scATAC
01_70_62_rna,Memory T cells,test scRNA,,Naive CD8 T cells,test scRNA
01_70_95_rna,CD14 Monocytes,test scRNA,,Naive CD8 T cells,test scRNA
01_71_13_rna,CD14 Monocytes,test scRNA,,Memory T cells,test scATAC
01_71_20_rna,Naive CD8 T cells,test scRNA,,Memory T cells,test scRNA
01_71_23_rna,Memory T cells,test scRNA,,CD14 Monocytes,test scATAC
01_71_25_rna,CD14 Monocytes,test scRNA,,CD16 Monocytes,test scATAC
01_71_42_rna,Memory T cells,test scRNA,,CD14 Monocytes,test scRNA
01_71_88_rna,NK/Effector T cells,test scRNA,,CD14 Monocytes,test scATAC
01_72_01_rna,CD14 Monocytes,test scRNA,,Naive CD8 T cells,test scRNA
01_72_02_rna,CD14 Monocytes,test scRNA,,NK/Effector T cells,test scATAC
01_72_05_rna,CD14 Monocytes,test scRNA,,CD14 Monocytes,test scATAC
01_72_39_rna,CD14 Monocytes,test scRNA,,Naive CD8 T cells,test scATAC
01_72_46_rna,Naive CD8 T cells,test scRNA,,Memory T cells,test scATAC
01_72_53_rna,NK/Effector T cells,test scRNA,,B cells,test scRNA
01_72_58_rna,B cells,test scRNA,,CD14 Monocytes,test scRNA
01_72_67_rna,CD14 Monocytes,test scRNA,,Naive CD8 T cells,test scATAC
01_72_74_rna,Memory T cells,test scRNA,,NK/Effector T cells,test scRNA
01_72_81_rna,CD14 Monocytes,test scRNA,,Memory T cells,test scRNA
01_73_02_rna,NK/Effector T cells,test scRNA,,NK/Effector T cells,test scRNA
01_73_07_rna,Memory T cells,test scRNA,,CD14 Monocytes,test scATAC
01_73_21_rna,NK/Effector T cells,test scRNA,,CD14 Monocytes,test scATAC
01_73_56_rna,Memory T cells,test scRNA,,Memory T cells,test scATAC
01_73_83_rna,Naive CD8 T cells,test scRNA,,Memory T cells,test scRNA
01_74_11_rna,Memory T cells,test scRNA,,B cells,test scRNA
01_74_15_rna,Memory T cells,test scRNA,,CD14 Monocytes,test scATAC
01_74_19_rna,Memory T cells,test scRNA,,CD16 Monocytes,test scRNA
01_74_21_rna,Memory T cells,test scRNA,,CD14 Monocytes,test scRNA
01_74_46_rna,CD16 Monocytes,test scRNA,,CD14 Monocytes,test scATAC
01_75_15_rna,Memory T cells,test scRNA,,B cells,test scRNA
01_75_24_rna,CD14 Monocytes,test scRNA,,CD14 Monocytes,test scRNA
01_75_27_rna,Naive CD8 T cells,test scRNA,,NK/Effector T cells,test scRNA
01_76_03_rna,Memory T cells,test scRNA,,CD14 Monocytes,test scATAC
01_76_15_rna,NK/Effector T cells,test scRNA,,CD14 Monocytes,test scRNA
01_76_50_rna,Memory T cells,test scRNA,,Memory T cells,test scATAC
01_76_52_rna,Memory T cells,test scRNA,,Memory T cells,test scATAC
01_76_59_rna,NK/Effector T cells,test scRNA,,Memory T cells,test scRNA
01_76_62_rna,Memory T cells,test scRNA,,Memory T cells,test scRNA
01_76_71_rna,CD14 Monocytes,test scRNA,,NK/Effector T cells,test scRNA
01_77_71_rna,Naive CD8 T cells,test scRNA,,B cells,test scATAC
01_77_80_rna,Memory T cells,test scRNA,,Memory T cells,test scRNA
01_78_05_rna,NK/Effector T cells,test scRNA,,CD14 Monocytes,test scRNA
01_78_10_rna,NK/Effector T cells,test scRNA,,B cells,test scATAC
01_78_35_rna,Naive CD8 T cells,test scRNA,,Naive CD8 T cells,test scATAC
01_78_53_rna,CD14 Monocytes,test scRNA,,CD14 Monocytes,test scATAC
01_78_56_rna,NK/Effector T cells,test scRNA,,Memory T cells,test scATAC
01_79_11_rna,Memory T cells,test scRNA,,CD14 Monocytes,test scRNA
01_79_52_rna,B cells,test scRNA,,Naive CD8 T cells,test scATAC
01_79_56_rna,B cells,test scRNA,,Memory T cells,test scRNA
01_79_57_rna,CD16 Monocytes,test scRNA,,Naive CD8 T cells,test scATAC
01_79_65_rna,Memory T cells,test scRNA,,Memory T cells,test scRNA
01_79_68_rna,CD14 Monocytes,test scRNA,,CD14 Monocytes,test scRNA
01_79_88_rna,Memory T cells,test scRNA,,Memory T cells,test scRNA
01_79_91_rna,Naive CD8 T cells,test scRNA,,Memory T cells,test scRNA
01_80_05_rna,CD14 Monocytes,test scRNA,,Naive CD8 T cells,test scATAC
01_80_21_rna,Memory T cells,test scRNA,,Memory T cells,test scRNA
01_80_24_rna,Naive CD8 T cells,test scRNA,,Memory T cells,test scRNA
01_80_26_rna,Memory T cells,test scRNA,,Memory T cells,test scATAC
01_80_46_rna,B cells,test scRNA,,CD14 Monocytes,test scRNA
01_80_77_rna,CD14 Monocytes,test scRNA,,Naive CD8 T cells,test scATAC
01_81_18_rna,Memory T cells,test scRNA,,Naive CD8 T cells,test scRNA
01_81_86_rna,Memory T cells,test scRNA,,CD14 Monocytes,test scATAC
01_81_96_rna,Memory T cells,test scRNA,,B cells,test scRNA
01_82_04_rna,Memory T cells,test scRNA,,CD14 Monocytes,test scRNA
01_82_37_rna,CD14 Monocytes,test scRNA,,NK/Effector T cells,test scATAC
01_82_90_rna,Memory T cells,test scRNA,,NK/Effector T cells,test scRNA
01_83_17_rna,B cells,test scRNA,,CD14 Monocytes,test scRNA
01_83_24_rna,Memory T cells,test scRNA,,CD14 Monocytes,test scATAC
01_83_34_rna,Memory T cells,test scRNA,,NK/Effector T cells,test scRNA
01_83_56_rna,Naive CD8 T cells,test scRNA,,CD14 Monocytes,test scATAC
01_83_57_rna,Memory T cells,test scRNA,,Naive CD8 T cells,test scATAC
01_83_87_rna,Memory T cells,test scRNA,,Memory T cells,test scATAC
01_84_19_rna,NK/Effector T cells,test scRNA,,Memory T cells,test scRNA
01_84_29_rna,Memory T cells,test scRNA,,B cells,test scATAC
01_84_33_rna,NK/Effector T cells,test scRNA,,Memory T cells,test scATAC
01_84_36_rna,B cells,test scRNA,,NK/Effector T cells,test scATAC
01_84_40_rna,CD14 Monocytes,test scRNA,,NK/Effector T cells,test scATAC
01_84_68_rna,B cells,test scRNA,,NK/Effector T cells,test scRNA
01_84_70_rna,NK/Effector T cells,test scRNA,,Memory T cells,test scRNA
01_84_77_rna,CD14 Monocytes,test scRNA,,Memory T cells,test scATAC
01_84_87_rna,NK/Effector T cells,test scRNA,,B cells,test scRNA
01_85_11_rna,NK/Effector T cells,test scRNA,,CD16 Monocytes,test scATAC
01_85_95_rna,B cells,test scRNA,,Memory T cells,test scATAC
01_86_16_rna,Naive CD8 T cells,test scRNA,,CD14 Monocytes,test scRNA
01_86_44_rna,NK/Effector T cells,test scRNA,,NK/Effector T cells,test scATAC
01_86_79_rna,Memory T cells,test scRNA,,Memory T cells,test scRNA
01_87_10_rna,CD14 Monocytes,test scRNA,,CD14 Monocytes,test scATAC
01_87_25_rna,NK/Effector T cells,test scRNA,,Memory T cells,test scRNA
01_87_54_rna,B cells,test scRNA,,Naive CD8 T cells,test scRNA
01_87_62_rna,NK/Effector T cells,test scRNA,,Naive CD8 T cells,test scRNA
01_87_65_rna,Memory T cells,test scRNA,,CD14 Monocytes,test scATAC
01_87_78_rna,NK/Effector T cells,test scRNA,,Memory T cells,test scRNA
01_87_96_rna,Memory T cells,test scRNA,,Memory T cells,test scRNA
01_88_26_rna,CD16 Monocytes,test scRNA,,CD16 Monocytes,test scRNA
01_88_35_rna,Naive CD8 T cells,test scRNA,,CD14 Monocytes,test scATAC
01_88_49_rna,B cells,test scRNA,,CD14 Monocytes,test scATAC
01_88_77_rna,Naive CD8 T cells,test scRNA,,CD14 Monocytes,test scATAC
01_89_06_rna,NK/Effector T cells,test scRNA,,Memory T cells,test scRNA
01_89_34_rna,CD14 Monocytes,test scRNA,,Memory T cells,test scATAC
01_89_43_rna,Memory T cells,test scRNA,,CD14 Monocytes,test scATAC
01_89_46_rna,CD14 Monocytes,test scRNA,,NK/Effector T cells,test scATAC
01_89_54_rna,CD14 Monocytes,test scRNA,,B cells,test scATAC
01_89_60_rna,CD14 Monocytes,test scRNA,,Naive CD8 T cells,test scATAC
01_89_85_rna,NK/Effector T cells,test scRNA,,CD16 Monocytes,test scATAC
01_90_38_rna,B cells,test scRNA,,CD14 Monocytes,test scATAC
01_90_60_rna,Memory T cells,test scRNA,,Naive CD8 T cells,test scATAC
01_90_75_rna,Memory T cells,test scRNA,,Memory T cells,test scRNA
01_90_77_rna,Memory T cells,test scRNA,,Memory T cells,test scATAC
01_90_78_rna,Memory T cells,test scRNA,,Naive CD8 T cells,test scATAC
01_90_79_rna,CD16 Monocytes,test scRNA,,Naive CD8 T cells,test scATAC
01_90_91_rna,B cells,test scRNA,,B cells,test scATAC
01_91_06_rna,B cells,test scRNA,,Memory T cells,test scRNA
01_91_16_rna,Memory T cells,test scRNA,,B cells,test scRNA
01_91_56_rna,Naive CD8 T cells,test scRNA,,CD14 Monocytes,test scATAC
01_92_53_rna,NK/Effector T cells,test scRNA,,CD16 Monocytes,test scATAC
01_92_96_rna,Memory T cells,test scRNA,,Naive CD8 T cells,test scATAC
01_93_17_rna,CD14 Monocytes,test scRNA,,Naive CD8 T cells,test scRNA
01_93_26_rna,Memory T cells,test scRNA,,NK/Effector T cells,test scRNA
01_93_29_rna,NK/Effector T cells,test scRNA,,Memory T cells,test scRNA
01_93_36_rna,Memory T cells,test scRNA,,B cells,test scATAC
01_93_41_rna,Memory T cells,test scRNA,,CD14 Monocytes,test scRNA
01_93_55_rna,Memory T cells,test scRNA,,CD14 Monocytes,test scATAC
01_93_79_rna,Naive CD8 T cells,test scRNA,,NK/Effector T cells,test scATAC
01_93_95_rna,CD14 Monocytes,test scRNA,,NK/Effector T cells,test scRNA
01_94_42_rna,Naive CD8 T cells,test scRNA,,Memory T cells,test scRNA
01_94_73_rna,CD14 Monocytes,test scRNA,,NK/Effector T cells,test scATAC
01_94_80_rna,CD16 Monocytes,test scRNA,,CD14 Monocytes,test scATAC
01_94_85_rna,Naive CD8 T cells,test scRNA,,Memory T cells,test scATAC
01_95_17_rna,Memory T cells,test scRNA,,Memory T cells,test scRNA
01_95_89_rna,CD14 Monocytes,test scRNA,,Memory T cells,test scATAC
02_01_26_rna,NK/Effector T cells,test scRNA,,CD16 Monocytes,test scATAC
02_01_44_rna,Memory T cells,test scRNA,,CD14 Monocytes,test scRNA
02_01_56_rna,NK/Effector T cells,test scRNA,,B cells,test scRNA
02_01_58_rna,B cells,test scRNA,,Naive CD8 T cells,test scRNA
02_01_60_rna,NK/Effector T cells,test scRNA,,Memory T cells,test scATAC
02_01_65_rna,B cells,test scRNA,,Naive CD8 T cells,test scATAC
02_01_76_rna,Memory T cells,test scRNA,,Naive CD8 T cells,test scATAC
02_01_86_rna,NK/Effector T cells,test scRNA,,Naive CD8 T cells,test scATAC
02_02_48_rna,B cells,test scRNA,,Memory T cells,test scRNA
02_02_78_rna,Memory T cells,test scRNA,,Memory T cells,test scRNA
02_04_28_rna,NK/Effector T cells,test scRNA,,NK/Effector T cells,test scATAC
02_04_67_rna,Memory T cells,test scRNA,,Naive CD8 T cells,test scRNA
02_04_71_rna,CD16 Monocytes,test scRNA,,NK/Effector T cells,test scRNA
02_04_80_rna,NK/Effector T cells,test scRNA,,CD14 Monocytes,test scATAC
02_04_85_rna,CD14 Monocytes,test scRNA,,B cells,test scATAC
02_04_86_rna,Naive CD8 T cells,test scRNA,,CD14 Monocytes,test scRNA
02_05_01_rna,Memory T cells,test scRNA,,Memory T cells,test scRNA
02_05_14_rna,Memory T cells,test scRNA,,Memory T cells,test scATAC
02_05_46_rna,Memory T cells,test scRNA,,Memory T cells,test scRNA
02_05_79_rna,Memory T cells,test scRNA,,Memory T cells,test scATAC
02_05_80_rna,B cells,test scRNA,,NK/Effector T cells,test scATAC
02_05_88_rna,B cells,test scRNA,,NK/Effector T cells,test scRNA
02_05_95_rna,CD14 Monocytes,test scRNA,,CD14 Monocytes,test scATAC
02_06_16_rna,CD14 Monocytes,test scRNA,,Naive CD8 T cells,test scRNA
02_06_29_rna,B cells,test scRNA,,NK/Effector T cells,test scRNA
02_06_37_rna,CD14 Monocytes,test scRNA,,NK/Effector T cells,test scATAC
02_06_80_rna,CD14 Monocytes,test scRNA,,NK/Effector T cells,test scRNA
02_06_84_rna,Memory T cells,test scRNA,,Naive CD8 T cells,test scATAC
02_07_42_rna,Naive CD8 T cells,test scRNA,,CD14 Monocytes,test scRNA
02_07_46_rna,CD14 Monocytes,test scRNA,,Memory T cells,test scRNA
02_08_10_rna,Memory T cells,test scRNA,,CD16 Monocytes,test scATAC
02_08_19_rna,Memory T cells,test scRNA,,NK/Effector T cells,test scRNA
02_08_39_rna,NK/Effector T cells,test scRNA,,CD14 Monocytes,test scATAC
02_08_63_rna,Memory T cells,test scRNA,,B cells,test scRNA
02_09_20_rna,CD14 Monocytes,test scRNA,,Naive CD8 T cells,test scATAC
02_09_45_rna,Memory T cells,test scRNA,,NK/Effector T cells,test scRNA
02_09_50_rna,NK/Effector T cells,test scRNA,,B cells,test scRNA
02_09_58_rna,Memory T cells,test scRNA,,CD14 Monocytes,test scATAC
02_10_09_rna,Memory T cells,test scRNA,,Memory T cells,test scRNA
02_10_16_rna,CD14 Monocytes,test scRNA,,Memory T cells,test scRNA
02_10_64_rna,Memory T cells,test scRNA,,Memory T cells,test scATAC
02_10_79_rna,CD14 Monocytes,test scRNA,,Memory T cells,test scATAC
02_11_01_rna,Memory T cells,test scRNA,,CD14 Monocytes,test scATAC
02_11_06_rna,B cells,test scRNA,,Naive CD8 T cells,test scATAC
02_11_19_rna,CD14 Monocytes,test scRNA,,CD14 Monocytes,test scATAC
02_12_19_rna,CD14 Monocytes,test scRNA,,CD14 Monocytes,test scATAC
02_12_32_rna,CD14 Monocytes,test scRNA,,B cells,test scRNA
02_12_77_rna,Naive CD8 T cells,test scRNA,,Memory T cells,test scRNA
02_12_79_rna,NK/Effector T cells,test scRNA,,Memory T cells,test scRNA
02_12_88_rna,Memory T cells,test scRNA,,CD14 Monocytes,test scATAC
02_13_37_rna,Memory T cells,test scRNA,,Memory T cells,test scRNA
02_14_05_rna,Naive CD8 T cells,test scRNA,,Memory T cells,test scRNA
02_14_11_rna,Memory T cells,test scRNA,,CD14 Monocytes,test scATAC
02_14_20_rna,NK/Effector T cells,test scRNA,,Memory T cells,test scRNA
02_14_65_rna,Memory T cells,test scRNA,,NK/Effector T cells,test scATAC
02_15_32_rna,NK/Effector T cells,test scRNA,,NK/Effector T cells,test scRNA
02_15_41_rna,CD14 Monocytes,test scRNA,,CD14 Monocytes,test scRNA
02_15_68_rna,CD14 Monocytes,test scRNA,,NK/Effector T cells,test scRNA
02_15_90_rna,Memory T cells,test scRNA,,NK/Effector T cells,test scRNA
02_16_17_rna,Memory T cells,test scRNA,,NK/Effector T cells,test scATAC
02_16_30_rna,B cells,test scRNA,,CD14 Monocytes,test scATAC
02_16_38_rna,Memory T cells,test scRNA,,Memory T cells,test scRNA
02_16_66_rna,NK/Effector T cells,test scRNA,,Memory T cells,test scATAC
02_16_69_rna,Memory T cells,test scRNA,,Naive CD8 T cells,test scATAC
02_17_02_rna,Memory T cells,test scRNA,,Naive CD8 T cells,test scATAC
02_17_14_rna,Naive CD8 T cells,test scRNA,,B cells,test scATAC
02_17_29_rna,Memory T cells,test scRNA,,CD14 Monocytes,test scRNA
02_17_47_rna,NK/Effector T cells,test scRNA,,NK/Effector T cells,test scATAC
02_18_11_rna,Memory T cells,test scRNA,,Memory T cells,test scATAC
02_19_15_rna,CD14 Monocytes,test scRNA,,B cells,test scRNA
02_19_33_rna,Memory T cells,test scRNA,,CD14 Monocytes,test scATAC
02_19_48_rna,CD14 Monocytes,test scRNA,,CD14 Monocytes,test scRNA
02_19_51_rna,Naive CD8 T cells,test scRNA,,Memory T cells,test scRNA
02_19_54_rna,CD14 Monocytes,test scRNA,,CD14 Monocytes,test scATAC
02_19_62_rna,NK/Effector T cells,test scRNA,,NK/Effector T cells,test scATAC
02_19_88_rna,Memory T cells,test scRNA,,B cells,test scRNA
02_19_92_rna,Memory T cells,test scRNA,,Memory T cells,test scRNA
02_20_08_rna,NK/Effector T cells,test scRNA,,Memory T cells,test scATAC
02_20_26_rna,Memory T cells,test scRNA,,Naive CD8 T cells,test scATAC
02_20_40_rna,Naive CD8 T cells,test scRNA,,B cells,test scATAC
02_21_30_rna,NK/Effector T cells,test scRNA,,CD14 Monocytes,test scRNA
02_21_60_rna,B cells,test scRNA,,Memory T cells,test scATAC
02_21_67_rna,B cells,test scRNA,,Naive CD8 T cells,test scATAC
02_21_71_rna,CD16 Monocytes,test scRNA,,Memory T cells,test scRNA
02_21_93_rna,Memory T cells,test scRNA,,CD14 Monocytes,test scRNA
02_22_17_rna,Memory T cells,test scRNA,,Memory T cells,test scATAC
02_22_42_rna,NK/Effector T cells,test scRNA,,CD14 Monocytes,test scATAC
02_22_72_rna,NK/Effector T cells,test scRNA,,Memory T cells,test scRNA
02_22_93_rna,CD14 Monocytes,test scRNA,,Memory T cells,test scRNA
02_23_02_rna,CD14 Monocytes,test scRNA,,CD16 Monocytes,test scRNA
02_23_32_rna,Memory T cells,test scRNA,,CD14 Monocytes,test scATAC
02_23_49_rna,CD14 Monocytes,test scRNA,,CD14 Monocytes,test scATAC
02_23_55_rna,CD14 Monocytes,test scRNA,,Naive CD8 T cells,test scATAC
02_23_62_rna,Memory T cells,test scRNA,,CD14 Monocytes,test scRNA
02_23_74_rna,Memory T cells,test scRNA,,CD16 Monocytes,test scATAC
02_23_80_rna,CD14 Monocytes,test scRNA,,Naive CD8 T cells,test scRNA
02_24_40_rna,Memory T cells,test scRNA,,Memory T cells,test scRNA
02_24_45_rna,B cells,test scRNA,,B cells,test scRNA
02_24_56_rna,Memory T cells,test scRNA,,CD14 Monocytes,test scATAC
02_24_91_rna,B cells,test scRNA,,Memory T cells,test scRNA
02_24_95_rna,Memory T cells,test scRNA,,Memory T cells,test scATAC
02_25_04_rna,Memory T cells,test scRNA,,CD14 Monocytes,test scATAC
02_25_35_rna,Memory T cells,test scRNA,,CD16 Monocytes,test scATAC
02_25_57_rna,CD14 Monocytes,test scRNA,,CD14 Monocytes,test scATAC
02_25_58_rna,CD14 Monocytes,test scRNA,,Memory T cells,test scRNA
02_25_64_rna,CD14 Monocytes,test scRNA,,CD14 Monocytes,test scRNA
02_25_91_rna,Memory T cells,test scRNA,,Memory T cells,test scATAC
02_26_22_rna,B cells,test scRNA,,CD14 Monocytes,test scRNA
02_26_38_rna,NK/Effector T cells,test scRNA,,B cells,test scRNA
02_26_59_rna,Memory T cells,test scRNA,,CD14 Monocytes,test scATAC
02_26_63_rna,CD14 Monocytes,test scRNA,,Memory T cells,test scATAC
02_27_15_rna,Memory T cells,test scRNA,,CD14 Monocytes,test scATAC
02_27_30_rna,CD14 Monocytes,test scRNA,,Naive CD8 T cells,test scRNA
02_27_49_rna,Memory T cells,test scRNA,,NK/Effector T cells,test scRNA
02_27_91_rna,Memory T cells,test scRNA,,CD14 Monocytes,test scATAC
02_28_07_rna,NK/Effector T cells,test scRNA,,NK/Effector T cells,test scATAC
02_28_30_rna,B cells,test scRNA,,Memory T cells,test scRNA
02_28_55_rna,CD14 Monocytes,test scRNA,,Memory T cells,test scRNA
02_28_89_rna,CD14 Monocytes,test scRNA,,B cells,test scATAC
02_29_16_rna,Memory T cells,test scRNA,,CD14 Monocytes,test scATAC
02_29_17_rna,Memory T cells,test scRNA,,CD14 Monocytes,test scRNA
02_29_33_rna,Memory T cells,test scRNA,,B cells,test scRNA
02_29_70_rna,CD14 Monocytes,test scRNA,,CD14 Monocytes,test scATAC
02_30_04_rna,CD14 Monocytes,test scRNA,,CD14 Monocytes,test scRNA
02_30_19_rna,Naive CD8 T cells,test scRNA,,CD14 Monocytes,test scATAC
02_30_37_rna,Memory T cells,test scRNA,,Naive CD8 T cells,test scRNA
02_30_60_rna,CD16 Monocytes,test scRNA,,Memory T cells,test scRNA
02_30_64_rna,Memory T cells,test scRNA,,Memory T cells,test scRNA
02_30_72_rna,Memory T cells,test scRNA,,B cells,test scATAC
02_30_73_rna,CD14 Monocytes,test scRNA,,Memory T cells,test scRNA
02_30_75_rna,Memory T cells,test scRNA,,Naive CD8 T cells,test scATAC
02_31_03_rna,CD14 Monocytes,test scRNA,,Memory T cells,test scRNA
02_31_19_rna,CD14 Monocytes,test scRNA,,Naive CD8 T cells,test scATAC
02_31_26_rna,CD14 Monocytes,test scRNA,,NK/Effector T cells,test scRNA
02_31_93_rna,Memory T cells,test scRNA,,Memory T cells,test scRNA
02_32_02_rna,Memory T cells,test scRNA,,Naive CD8 T cells,test scATAC
02_32_16_rna,B cells,test scRNA,,Memory T cells,test scRNA
02_32_27_rna,NK/Effector T cells,test scRNA,,Naive CD8 T cells,test scATAC
02_32_31_rna,B cells,test scRNA,,NK/Effector T cells,test scRNA
02_32_34_rna,Memory T cells,test scRNA,,Memory T cells,test scATAC
02_32_37_rna,CD14 Monocytes,test scRNA,,Memory T cells,test scRNA
02_32_96_rna,NK/Effector T cells,test scRNA,,NK/Effector T cells,test scATAC
02_33_15_rna,NK/Effector T cells,test scRNA,,Memory T cells,test scATAC
02_33_29_rna,Memory T cells,test scRNA,,NK/Effector T cells,test scRNA
02_33_45_rna,CD14 Monocytes,test scRNA,,CD14 Monocytes,test scRNA
02_34_06_rna,Naive CD8 T cells,test scRNA,,NK/Effector T cells,test scATAC
02_34_40_rna,Memory T cells,test scRNA,,NK/Effector T cells,test scATAC
02_34_47_rna,CD14 Monocytes,test scRNA,,NK/Effector T cells,test scRNA
02_34_79_rna,Memory T cells,test scRNA,,Memory T cells,test scRNA
02_35_04_rna,NK/Effector T cells,test scRNA,,B cells,test scRNA
02_35_10_rna,Memory T cells,test scRNA,,Memory T cells,test scATAC
02_36_12_rna,CD14 Monocytes,test scRNA,,CD14 Monocytes,test scRNA
02_36_14_rna,B cells,test scRNA,,Memory T cells,test scRNA
02_36_20_rna,Memory T cells,test scRNA,,NK/Effector T cells,test scATAC
02_36_39_rna,CD14 Monocytes,test scRNA,,Memory T cells,test scRNA
02_36_52_rna,Memory T cells,test scRNA,,CD14 Monocytes,test scRNA
02_36_85_rna,CD16 Monocytes,test scRNA,,CD14 Monocytes,test scATAC
02_37_41_rna,Memory T cells,test scRNA,,Memory T cells,test scATAC
02_37_54_rna,CD14 Monocytes,test scRNA,,CD14 Monocytes,test scATAC
02_37_58_rna,NK/Effector T cells,test scRNA,,Memory T cells,test scRNA
02_37_63_rna,Memory T cells,test scRNA,,CD14 Monocytes,test scATAC
02_37_79_rna,NK/Effector T cells,test scRNA,,Naive CD8 T cells,test scATAC
02_37_90_rna,CD14 Monocytes,test scRNA,,CD16 Monocytes,test scATAC
02_38_04_rna,Memory T cells,test scRNA,,NK/Effector T cells,test scRNA
02_38_06_rna,Memory T cells,test scRNA,,Memory T cells,test scRNA
02_38_07_rna,B cells,test scRNA,,NK/Effector T cells,test scATAC
02_38_19_rna,CD14 Monocytes,test scRNA,,B cells,test scRNA
02_38_21_rna,Naive CD8 T cells,test scRNA,,CD14 Monocytes,test scRNA
02_38_25_rna,CD14 Monocytes,test scRNA,,Memory T cells,test scRNA
02_38_52_rna,Memory T cells,test scRNA,,Memory T cells,test scRNA
02_38_62_rna,B cells,test scRNA,,CD16 Monocytes,test scRNA
02_39_03_rna,Memory T cells,test scRNA,,Memory T cells,test scRNA
02_39_07_rna,Memory T cells,test scRNA,,Memory T cells,test scRNA
02_39_12_rna,Memory T cells,test scRNA,,B cells,test scATAC
02_39_57_rna,Memory T cells,test scRNA,,Memory T cells,test scRNA
02_39_74_rna,CD14 Monocytes,test scRNA,,NK/Effector T cells,test scATAC
02_39_76_rna,NK/Effector T cells,test scRNA,,Naive CD8 T cells,test scATAC
02_39_77_rna,CD14 Monocytes,test scRNA,,NK/Effector T cells,test scRNA
02_39_90_rna,NK/Effector T cells,test scRNA,,CD14 Monocytes,test scRNA
02_39_95_rna,CD14 Monocytes,test scRNA,,CD14 Monocytes,test scRNA
02_40_05_rna,Memory T cells,test scRNA,,CD14 Monocytes,test scRNA
02_40_20_rna,CD14 Monocytes,test scRNA,,CD14 Monocytes,test scRNA
02_40_29_rna,CD14 Monocytes,test scRNA,,CD14 Monocytes,test scRNA
02_40_59_rna,NK/Effector T cells,test scRNA,,Memory T cells,test scRNA
02_40_72_rna,NK/Effector T cells,test scRNA,,Naive CD8 T cells,test scATAC
02_40_77_rna,Naive CD8 T cells,test scRNA,,Naive CD8 T cells,test scATAC
02_40_87_rna,CD14 Monocytes,test scRNA,,NK/Effector T cells,test scRNA
02_41_01_rna,CD14 Monocytes,test scRNA,,Memory T cells,test scATAC
02_41_25_rna,CD14 Monocytes,test scRNA,,CD14 Monocytes,test scRNA
02_41_26_rna,Memory T cells,test scRNA,,Memory T cells,test scRNA
02_41_32_rna,CD14 Monocytes,test scRNA,,CD16 Monocytes,test scATAC
02_41_52_rna,Naive CD8 T cells,test scRNA,,Naive CD8 T cells,test scATAC
02_41_78_rna,CD14 Monocytes,test scRNA,,CD14 Monocytes,test scATAC
02_41_90_rna,B cells,test scRNA,,Memory T cells,test scATAC
02_41_95_rna,CD14 Monocytes,test scRNA,,Naive CD8 T cells,test scATAC
02_41_96_rna,NK/Effector T cells,test scRNA,,CD14 Monocytes,test scRNA
02_42_09_rna,B cells,test scRNA,,Naive CD8 T cells,test scRNA
02_42_47_rna,NK/Effector T cells,test scRNA,,Memory T cells,test scRNA
02_42_57_rna,NK/Effector T cells,test scRNA,,Memory T cells,test scRNA
02_42_58_rna,NK/Effector T cells,test scRNA,,Memory T cells,test scRNA
02_42_67_rna,NK/Effector T cells,test scRNA,,CD14 Monocytes,test scATAC
02_43_02_rna,Memory T cells,test scRNA,,CD14 Monocytes,test scATAC
02_43_06_rna,Naive CD8 T cells,test scRNA,,NK/Effector T cells,test scATAC
02_43_08_rna,Naive CD8 T cells,test scRNA,,CD14 Monocytes,test scATAC
02_43_54_rna,Memory T cells,test scRNA,,CD14 Monocytes,test scRNA
02_43_56_rna,Memory T cells,test scRNA,,Memory T cells,test scATAC
02_43_70_rna,B cells,test scRNA,,Memory T cells,test scRNA
02_43_84_rna,CD14 Monocytes,test scRNA,,NK/Effector T cells,test scATAC
02_44_05_rna,NK/Effector T cells,test scRNA,,Memory T cells,test scRNA
02_44_08_rna,Memory T cells,test scRNA,,Naive CD8 T cells,test scATAC
02_44_37_rna,B cells,test scRNA,,CD14 Monocytes,test scATAC
02_44_68_rna,Memory T cells,test scRNA,,Memory T cells,test scATAC
02_44_87_rna,CD14 Monocytes,test scRNA,,Naive CD8 T cells,test scATAC
02_45_13_rna,Memory T cells,test scRNA,,NK/Effector T cells,test scRNA
02_45_33_rna,CD14 Monocytes,test scRNA,,CD14 Monocytes,test scATAC
02_45_36_rna,CD14 Monocytes,test scRNA,,Memory T cells,test scATAC
02_45_52_rna,CD14 Monocytes,test scRNA,,CD14 Monocytes,test scRNA
02_45_56_rna,NK/Effector T cells,test scRNA,,Memory T cells,test scATAC
02_45_58_rna,CD14 Monocytes,test scRNA,,NK/Effector T cells,test scATAC
02_45_60_rna,CD14 Monocytes,test scRNA,,CD16 Monocytes,test scATAC
02_45_78_rna,CD16 Monocytes,test scRNA,,NK/Effector T cells,test scRNA
02_45_88_rna,CD14 Monocytes,test scRNA,,Memory T cells,test scRNA
02_46_07_rna,Naive CD8 T cells,test scRNA,,CD14 Monocytes,test scRNA
02_46_12_rna,CD14 Monocytes,test scRNA,,Memory T cells,test scATAC
02_46_21_rna,NK/Effector T cells,test scRNA,,NK/Effector T cells,test scRNA
02_46_52_rna,CD14 Monocytes,test scRNA,,Naive CD8 T cells,test scATAC
02_47_08_rna,CD14 Monocytes,test scRNA,,CD14 Monocytes,test scRNA
02_47_16_rna,NK/Effector T cells,test scRNA,,Memory T cells,test scATAC
02_47_57_rna,Naive CD8 T cells,test scRNA,,CD14 Monocytes,test scATAC
02_47_58_rna,NK/Effector T cells,test scRNA,,CD14 Monocytes,test scRNA
02_47_68_rna,Memory T cells,test scRNA,,B cells,test scATAC
02_47_72_rna,NK/Effector T cells,test scRNA,,NK/Effector T cells,test scATAC
02_47_74_rna,NK/Effector T cells,test scRNA,,Memory T cells,test scRNA
02_47_79_rna,CD14 Monocytes,test scRNA,,CD16 Monocytes,test scRNA
02_48_03_rna,Memory T cells,test scRNA,,Naive CD8 T cells,test scRNA
02_48_26_rna,NK/Effector T cells,test scRNA,,NK/Effector T cells,test scRNA
02_48_34_rna,CD14 Monocytes,test scRNA,,Memory T cells,test scRNA
02_48_36_rna,Memory T cells,test scRNA,,Naive CD8 T cells,test scRNA
02_48_92_rna,Memory T cells,test scRNA,,Naive CD8 T cells,test scATAC
02_49_81_rna,NK/Effector T cells,test scRNA,,Memory T cells,test scRNA
02_49_86_rna,B cells,test scRNA,,Memory T cells,test scRNA
02_50_05_rna,Memory T cells,test scRNA,,CD14 Monocytes,test scATAC
02_50_22_rna,Memory T cells,test scRNA,,Memory T cells,test scRNA
02_50_54_rna,Memory T cells,test scRNA,,NK/Effector T cells,test scATAC
02_50_67_rna,Memory T cells,test scRNA,,Memory T cells,test scRNA
02_50_89_rna,Memory T cells,test scRNA,,Memory T cells,test scATAC
02_50_90_rna,NK/Effector T cells,test scRNA,,CD14 Monocytes,test scRNA
02_51_03_rna,CD14 Monocytes,test scRNA,,CD14 Monocytes,test scRNA
02_51_23_rna,CD14 Monocytes,test scRNA,,CD14 Monocytes,test scATAC
02_51_32_rna,Memory T cells,test scRNA,,CD16 Monocytes,test scATAC
02_51_49_rna,Memory T cells,test scRNA,,CD16 Monocytes,test scATAC
02_51_62_rna,Memory T cells,test scRNA,,NK/Effector T cells,test scRNA
02_52_06_rna,Memory T cells,test scRNA,,Memory T cells,test scRNA
02_52_07_rna,Memory T cells,test scRNA,,CD14 Monocytes,test scRNA
02_52_11_rna,B cells,test scRNA,,CD14 Monocytes,test scRNA
02_52_17_rna,B cells,test scRNA,,Naive CD8 T cells,test scATAC
02_52_18_rna,Naive CD8 T cells,test scRNA,,Memory T cells,test scRNA
02_52_73_rna,Memory T cells,test scRNA,,Memory T cells,test scRNA
02_52_83_rna,CD14 Monocytes,test scRNA,,CD14 Monocytes,test scRNA
02_52_94_rna,CD14 Monocytes,test scRNA,,NK/Effector T cells,test scRNA
02_53_77_rna,NK/Effector T cells,test scRNA,,CD14 Monocytes,test scATAC
02_54_43_rna,Naive CD8 T cells,test scRNA,,Memory T cells,test scRNA
02_54_45_rna,CD14 Monocytes,test scRNA,,CD14 Monocytes,test scATAC
02_54_51_rna,NK/Effector T cells,test scRNA,,NK/Effector T cells,test scATAC
02_54_95_rna,Memory T cells,test scRNA,,B cells,test scATAC
02_55_10_rna,NK/Effector T cells,test scRNA,,Memory T cells,test scRNA
02_55_19_rna,NK/Effector T cells,test scRNA,,Memory T cells,test scRNA
02_56_03_rna,B cells,test scRNA,,Memory T cells,test scATAC
02_56_14_rna,CD14 Monocytes,test scRNA,,CD14 Monocytes,test scRNA
02_56_39_rna,CD16 Monocytes,test scRNA,,Memory T cells,test scATAC
02_56_71_rna,Memory T cells,test scRNA,,CD14 Monocytes,test scATAC
02_56_93_rna,Memory T cells,test scRNA,,NK/Effector T cells,test scATAC
02_57_01_rna,Memory T cells,test scRNA,,Memory T cells,test scRNA
02_57_20_rna,NK/Effector T cells,test scRNA,,Memory T cells,test scRNA
02_57_38_rna,Memory T cells,test scRNA,,Naive CD8 T cells,test scATAC
02_57_49_rna,Memory T cells,test scRNA,,Memory T cells,test scATAC
02_57_62_rna,NK/Effector T cells,test scRNA,,Memory T cells,test scRNA
02_57_65_rna,NK/Effector T cells,test scRNA,,CD16 Monocytes,test scATAC
02_57_70_rna,Memory T cells,test scRNA,,Memory T cells,test scATAC
02_58_03_rna,Naive CD8 T cells,test scRNA,,Memory T cells,test scRNA
02_58_20_rna,Memory T cells,test scRNA,,Memory T cells,test scRNA
02_58_64_rna,Memory T cells,test scRNA,,Naive CD8 T cells,test scATAC
02_58_92_rna,CD14 Monocytes,test scRNA,,Naive CD8 T cells,test scATAC
02_58_95_rna,Memory T cells,test scRNA,,NK/Effector T cells,test scRNA
02_59_62_rna,CD14 Monocytes,test scRNA,,Memory T cells,test scRNA
02_59_72_rna,Naive CD8 T cells,test scRNA,,CD14 Monocytes,test scRNA
02_59_83_rna,NK/Effector T cells,test scRNA,,CD14 Monocytes,test scRNA
02_60_20_rna,Memory T cells,test scRNA,,CD14 Monocytes,test scRNA
02_60_82_rna,NK/Effector T cells,test scRNA,,CD16 Monocytes,test scATAC
02_60_95_rna,Memory T cells,test scRNA,,B cells,test scRNA
02_61_38_rna,Memory T cells,test scRNA,,B cells,test scRNA
02_61_86_rna,Memory T cells,test scRNA,,Naive CD8 T cells,test scATAC
02_61_92_rna,Memory T cells,test scRNA,,CD14 Monocytes,test scATAC
02_62_18_rna,NK/Effector T cells,test scRNA,,Naive CD8 T cells,test scRNA
02_62_42_rna,Memory T cells,test scRNA,,Memory T cells,test scATAC
02_62_48_rna,Naive CD8 T cells,test scRNA,,CD14 Monocytes,test scRNA
02_62_52_rna,Memory T cells,test scRNA,,Naive CD8 T cells,test scRNA
02_62_67_rna,B cells,test scRNA,,NK/Effector T cells,test scRNA
02_62_95_rna,B cells,test scRNA,,CD14 Monocytes,test scRNA
02_63_18_rna,Memory T cells,test scRNA,,CD14 Monocytes,test scATAC
02_63_37_rna,Memory T cells,test scRNA,,NK/Effector T cells,test scRNA
02_63_48_rna,Memory T cells,test scRNA,,CD14 Monocytes,test scATAC
02_63_65_rna,NK/Effector T cells,test scRNA,,Naive CD8 T cells,test scATAC
02_63_85_rna,CD14 Monocytes,test scRNA,,CD14 Monocytes,test scATAC
02_63_92_rna,CD14 Monocytes,test scRNA,,Memory T cells,test scATAC
02_64_27_rna,Memory T cells,test scRNA,,Memory T cells,test scRNA
02_64_49_rna,B cells,test scRNA,,Memory T cells,test scRNA
02_64_54_rna,B cells,test scRNA,,Naive CD8 T cells,test scATAC
02_64_58_rna,Memory T cells,test scRNA,,Memory T cells,test scATAC
02_64_77_rna,CD14 Monocytes,test scRNA,,Memory T cells,test scRNA
02_64_93_rna,NK/Effector T cells,test scRNA,,NK/Effector T cells,test scRNA
02_64_96_rna,CD14 Monocytes,test scRNA,,CD14 Monocytes,test scATAC
02_65_52_rna,Memory T cells,test scRNA,,Memory T cells,test scATAC
02_65_59_rna,Naive CD8 T cells,test scRNA,,B cells,test scATAC
02_65_61_rna,Memory T cells,test scRNA,,CD14 Monocytes,test scRNA
02_66_17_rna,Memory T cells,test scRNA,,CD14 Monocytes,test scRNA
02_66_29_rna,CD14 Monocytes,test scRNA,,NK/Effector T cells,test scATAC
02_66_37_rna,Memory T cells,test scRNA,,CD16 Monocytes,test scATAC
02_66_43_rna,Memory T cells,test scRNA,,Memory T cells,test scATAC
02_66_47_rna,Memory T cells,test scRNA,,CD14 Monocytes,test scRNA
02_66_87_rna,CD14 Monocytes,test scRNA,,CD14 Monocytes,test scATAC
02_67_13_rna,CD14 Monocytes,test scRNA,,CD16 Monocytes,test scATAC
02_67_32_rna,Memory T cells,test scRNA,,NK/Effector T cells,test scATAC
02_67_56_rna,Naive CD8 T cells,test scRNA,,CD14 Monocytes,test scRNA
02_67_72_rna,Memory T cells,test scRNA,,Memory T cells,test scATAC
02_67_79_rna,Memory T cells,test scRNA,,CD14 Monocytes,test scRNA
02_67_90_rna,Memory T cells,test scRNA,,B cells,test scATAC
02_68_04_rna,Naive CD8 T cells,test scRNA,,Naive CD8 T cells,test scATAC
02_68_25_rna,CD14 Monocytes,test scRNA,,Memory T cells,test scRNA
02_68_59_rna,CD14 Monocytes,test scRNA,,CD14 Monocytes,test scRNA
02_68_75_rna,CD16 Monocytes,test scRNA,,Naive CD8 T cells,test scRNA
02_69_11_rna,CD14 Monocytes,test scRNA,,Memory T cells,test scATAC
02_69_13_rna,CD14 Monocytes,test scRNA,,Memory T cells,test scRNA
02_69_95_rna,NK/Effector T cells,test scRNA,,CD16 Monocytes,test scATAC
02_70_10_rna,Memory T cells,test scRNA,,NK/Effector T cells,test scATAC
02_70_27_rna,Naive CD8 T cells,test scRNA,,CD14 Monocytes,test scATAC
02_70_53_rna,Memory T cells,test scRNA,,CD14 Monocytes,test scRNA
02_70_82_rna,CD14 Monocytes,test scRNA,,CD14 Monocytes,test scRNA
02_71_40_rna,CD14 Monocytes,test scRNA,,Memory T cells,test scRNA
02_71_42_rna,Naive CD8 T cells,test scRNA,,Memory T cells,test scRNA
02_71_70_rna,Memory T cells,test scRNA,,Memory T cells,test scATAC
02_71_78_rna,CD14 Monocytes,test scRNA,,CD14 Monocytes,test scATAC
02_71_92_rna,Memory T cells,test scRNA,,Naive CD8 T cells,test scATAC
02_72_39_rna,Memory T cells,test scRNA,,Memory T cells,test scRNA
02_72_51_rna,Memory T cells,test scRNA,,NK/Effector T cells,test scRNA
02_72_60_rna,CD14 Monocytes,test scRNA,,CD14 Monocytes,test scRNA
02_72_85_rna,Memory T cells,test scRNA,,CD16 Monocytes,test scRNA
02_72_86_rna,Memory T cells,test scRNA,,Memory T cells,test scRNA
02_73_29_rna,Memory T cells,test scRNA,,Memory T cells,test scATAC
02_73_45_rna,Memory T cells,test scRNA,,Memory T cells,test scATAC
02_73_58_rna,B cells,test scRNA,,CD14 Monocytes,test scRNA
02_73_72_rna,Memory T cells,test scRNA,,Memory T cells,test scRNA
02_73_73_rna,CD14 Monocytes,test scRNA,,B cells,test scRNA
02_74_32_rna,Memory T cells,test scRNA,,NK/Effector T cells,test scRNA
02_75_20_rna,NK/Effector T cells,test scRNA,,Memory T cells,test scRNA
02_75_51_rna,Memory T cells,test scRNA,,B cells,test scRNA
02_76_08_rna,CD14 Monocytes,test scRNA,,Memory T cells,test scATAC
02_76_12_rna,B cells,test scRNA,,CD14 Monocytes,test scRNA
02_76_26_rna,Memory T cells,test scRNA,,Memory T cells,test scRNA
02_76_32_rna,NK/Effector T cells,test scRNA,,NK/Effector T cells,test scRNA
02_76_78_rna,CD14 Monocytes,test scRNA,,CD14 Monocytes,test scATAC
02_77_04_rna,NK/Effector T cells,test scRNA,,Memory T cells,test scATAC
02_77_32_rna,Memory T cells,test scRNA,,CD14 Monocytes,test scRNA
02_77_96_rna,Memory T cells,test scRNA,,Memory T cells,test scRNA
02_78_10_rna,Memory T cells,test scRNA,,Naive CD8 T cells,test scATAC
02_78_11_rna,Naive CD8 T cells,test scRNA,,Memory T cells,test scRNA
02_78_15_rna,Memory T cells,test scRNA,,Naive CD8 T cells,test scATAC
02_78_26_rna,CD14 Monocytes,test scRNA,,Memory T cells,test scATAC
02_78_31_rna,Naive CD8 T cells,test scRNA,,B cells,test scRNA
02_78_87_rna,Memory T cells,test scRNA,,CD14 Monocytes,test scRNA
02_78_88_rna,NK/Effector T cells,test scRNA,,NK/Effector T cells,test scRNA
02_78_91_rna,CD14 Monocytes,test scRNA,,Memory T cells,test scRNA
02_79_80_rna,Memory T cells,test scRNA,,Memory T cells,test scATAC
02_79_91_rna,Memory T cells,test scRNA,,Memory T cells,test scRNA
02_80_06_rna,Memory T cells,test scRNA,,CD14 Monocytes,test scATAC
02_80_26_rna,NK/Effector T cells,test scRNA,,Memory T cells,test scRNA
02_80_32_rna,B cells,test scRNA,,CD14 Monocytes,test scATAC
02_80_43_rna,Naive CD8 T cells,test scRNA,,NK/Effector T cells,test scATAC
02_80_46_rna,NK/Effector T cells,test scRNA,,NK/Effector T cells,test scRNA
02_80_51_rna,Memory T cells,test scRNA,,CD14 Monocytes,test scRNA
02_80_71_rna,Memory T cells,test scRNA,,NK/Effector T cells,test scATAC
02_80_83_rna,Memory T cells,test scRNA,,Memory T cells,test scATAC
02_80_89_rna,CD14 Monocytes,test scRNA,,Memory T cells,test scRNA
02_81_32_rna,Memory T cells,test scRNA,,Memory T cells,test scATAC
02_81_35_rna,NK/Effector T cells,test scRNA,,CD14 Monocytes,test scRNA
02_81_45_rna,Memory T cells,test scRNA,,B cells,test scATAC
02_81_63_rna,CD14 Monocytes,test scRNA,,Naive CD8 T cells,test scATAC
02_81_83_rna,Memory T cells,test scRNA,,CD14 Monocytes,test scATAC
02_82_42_rna,Memory T cells,test scRNA,,NK/Effector T cells,test scRNA
02_82_53_rna,Memory T cells,test scRNA,,CD14 Monocytes,test scATAC
02_82_55_rna,CD14 Monocytes,test scRNA,,Memory T cells,test scATAC
02_82_73_rna,Memory T cells,test scRNA,,B cells,test scRNA
02_82_75_rna,CD14 Monocytes,test scRNA,,CD14 Monocytes,test scATAC
02_82_79_rna,Naive CD8 T cells,test scRNA,,CD14 Monocytes,test scATAC
02_82_88_rna,CD14 Monocytes,test scRNA,,NK/Effector T cells,test scRNA
02_83_10_rna,Memory T cells,test scRNA,,CD16 Monocytes,test scATAC
02_83_27_rna,B cells,test scRNA,,Memory T cells,test scRNA
02_83_32_rna,B cells,test scRNA,,Memory T cells,test scRNA
02_83_75_rna,CD14 Monocytes,test scRNA,,Naive CD8 T cells,test scATAC
02_84_30_rna,Memory T cells,test scRNA,,Memory T cells,test scRNA
02_84_47_rna,CD14 Monocytes,test scRNA,,B cells,test scRNA
02_84_62_rna,Naive CD8 T cells,test scRNA,,Memory T cells,test scATAC
02_84_63_rna,Memory T cells,test scRNA,,CD14 Monocytes,test scRNA
02_84_80_rna,CD14 Monocytes,test scRNA,,CD14 Monocytes,test scRNA
02_85_17_rna,Memory T cells,test scRNA,,Memory T cells,test scRNA
02_85_41_rna,CD14 Monocytes,test scRNA,,Memory T cells,test scATAC
02_85_73_rna,CD14 Monocytes,test scRNA,,Naive CD8 T cells,test scATAC
02_85_83_rna,CD14 Monocytes,test scRNA,,Naive CD8 T cells,test scATAC
02_86_58_rna,CD14 Monocytes,test scRNA,,CD14 Monocytes,test scATAC
02_86_60_rna,CD14 Monocytes,test scRNA,,Memory T cells,test scRNA
02_86_83_rna,CD14 Monocytes,test scRNA,,B cells,test scRNA
02_87_44_rna,Memory T cells,test scRNA,,CD14 Monocytes,test scRNA
02_87_46_rna,Memory T cells,test scRNA,,CD14 Monocytes,test scRNA
02_87_52_rna,Memory T cells,test scRNA,,Memory T cells,test scATAC
02_87_73_rna,NK/Effector T cells,test scRNA,,CD14 Monocytes,test scATAC
02_87_81_rna,Memory T cells,test scRNA,,CD14 Monocytes,test scATAC
02_88_14_rna,Memory T cells,test scRNA,,CD14 Monocytes,test scRNA
02_88_16_rna,CD14 Monocytes,test scRNA,,Memory T cells,test scRNA
02_88_30_rna,Memory T cells,test scRNA,,NK/Effector T cells,test scATAC
02_88_42_rna,Memory T cells,test scRNA,,Memory T cells,test scRNA
02_88_55_rna,NK/Effector T cells,test scRNA,,Memory T cells,test scATAC
02_88_57_rna,CD14 Monocytes,test scRNA,,NK/Effector T cells,test scATAC
02_88_63_rna,Memory T cells,test scRNA,,Memory T cells,test scRNA
02_88_80_rna,B cells,test scRNA,,CD14 Monocytes,test scRNA
02_88_84_rna,Memory T cells,test scRNA,,Naive CD8 T cells,test scRNA
02_89_05_rna,CD14 Monocytes,test scRNA,,CD14 Monocytes,test scRNA
02_89_09_rna,Memory T cells,test scRNA,,Memory T cells,test scATAC
02_89_10_rna,CD14 Monocytes,test scRNA,,Memory T cells,test scATAC
02_89_17_rna,CD14 Monocytes,test scRNA,,NK/Effector T cells,test scRNA
02_89_34_rna,Naive CD8 T cells,test scRNA,,CD14 Monocytes,test scATAC
02_89_44_rna,CD14 Monocytes,test scRNA,,Memory T cells,test scATAC
02_89_52_rna,CD14 Monocytes,test scRNA,,CD14 Monocytes,test scATAC
02_89_53_rna,CD14 Monocytes,test scRNA,,CD14 Monocytes,test scRNA
02_89_57_rna,Naive CD8 T cells,test scRNA,,CD16 Monocytes,test scRNA
02_89_58_rna,Memory T cells,test scRNA,,NK/Effector T cells,test scATAC
02_89_85_rna,Naive CD8 T cells,test scRNA,,NK/Effector T cells,test scRNA
02_90_09_rna,Memory T cells,test scRNA,,CD14 Monocytes,test scRNA
02_90_54_rna,CD14 Monocytes,test scRNA,,CD16 Monocytes,test scATAC
02_90_56_rna,Naive CD8 T cells,test scRNA,,NK/Effector T cells,test scATAC
02_90_82_rna,Memory T cells,test scRNA,,Naive CD8 T cells,test scRNA
02_90_85_rna,CD14 Monocytes,test scRNA,,CD16 Monocytes,test scATAC
02_91_02_rna,Memory T cells,test scRNA,,B cells,test scATAC
02_91_69_rna,Memory T cells,test scRNA,,B cells,test scRNA
02_92_49_rna,CD14 Monocytes,test scRNA,,NK/Effector T cells,test scATAC
02_92_53_rna,NK/Effector T cells,test scRNA,,NK/Effector T cells,test scRNA
02_92_56_rna,Memory T cells,test scRNA,,NK/Effector T cells,test scATAC
02_93_04_rna,B cells,test scRNA,,CD16 Monocytes,test scATAC
02_93_08_rna,NK/Effector T cells,test scRNA,,Memory T cells,test scATAC
02_93_18_rna,Naive CD8 T cells,test scRNA,,CD14 Monocytes,test scATAC
02_93_34_rna,NK/Effector T cells,test scRNA,,CD14 Monocytes,test scATAC
02_93_48_rna,Memory T cells,test scRNA,,Memory T cells,test scRNA
02_93_72_rna,Memory T cells,test scRNA,,Memory T cells,test scRNA
02_93_88_rna,Memory T cells,test scRNA,,B cells,test scATAC
02_93_91_rna,CD14 Monocytes,test scRNA,,Naive CD8 T cells,test scRNA
02_93_95_rna,Naive CD8 T cells,test scRNA,,Memory T cells,test scRNA
02_94_25_rna,CD14 Monocytes,test scRNA,,Memory T cells,test scATAC
02_94_48_rna,Naive CD8 T cells,test scRNA,,CD14 Monocytes,test scATAC
02_95_05_rna,Memory T cells,test scRNA,,Memory T cells,test scRNA
02_95_29_rna,CD14 Monocytes,test scRNA,,CD14 Monocytes,test scRNA
02_95_50_rna,Memory T cells,test scRNA,,CD14 Monocytes,test scATAC
03_01_17_rna,Naive CD8 T cells,test scRNA,,Memory T cells,test scRNA
03_01_18_rna,Memory T cells,test scRNA,,Memory T cells,test scRNA
03_01_33_rna,CD14 Monocytes,test scRNA,,Memory T cells,test scATAC
03_01_51_rna,Memory T cells,test scRNA,,Memory T cells,test scATAC
03_01_66_rna,B cells,test scRNA,,Memory T cells,test scRNA
03_02_52_rna,CD14 Monocytes,test scRNA,,B cells,test scRNA
03_02_73_rna,CD14 Monocytes,test scRNA,,CD16 Monocytes,test scATAC
03_02_93_rna,Memory T cells,test scRNA,,Naive CD8 T cells,test scATAC
03_03_06_rna,B cells,test scRNA,,Memory T cells,test scATAC
03_03_25_rna,Memory T cells,test scRNA,,NK/Effector T cells,test scRNA
03_03_33_rna,CD14 Monocytes,test scRNA,,NK/Effector T cells,test scATAC
03_03_57_rna,Naive CD8 T cells,test scRNA,,Memory T cells,test scRNA
03_04_24_rna,NK/Effector T cells,test scRNA,,CD14 Monocytes,test scATAC
03_04_43_rna,CD14 Monocytes,test scRNA,,Memory T cells,test scRNA
03_04_89_rna,CD14 Monocytes,test scRNA,,CD16 Monocytes,test scATAC
03_04_91_rna,Memory T cells,test scRNA,,B cells,test scRNA
03_05_08_rna,CD14 Monocytes,test scRNA,,Naive CD8 T cells,test scATAC
03_05_56_rna,Memory T cells,test scRNA,,CD16 Monocytes,test scATAC
03_05_57_rna,B cells,test scRNA,,Naive CD8 T cells,test scRNA
03_05_58_rna,Naive CD8 T cells,test scRNA,,CD14 Monocytes,test scATAC
03_05_59_rna,CD14 Monocytes,test scRNA,,CD14 Monocytes,test scATAC
03_05_60_rna,Memory T cells,test scRNA,,Memory T cells,test scRNA
03_05_68_rna,CD16 Monocytes,test scRNA,,CD14 Monocytes,test scATAC
03_06_10_rna,B cells,test scRNA,,CD16 Monocytes,test scATAC
03_06_26_rna,CD14 Monocytes,test scRNA,,B cells,test scATAC
03_06_77_rna,NK/Effector T cells,test scRNA,,NK/Effector T cells,test scATAC
03_07_08_rna,Memory T cells,test scRNA,,Memory T cells,test scRNA
03_07_20_rna,Memory T cells,test scRNA,,CD16 Monocytes,test scRNA
03_07_24_rna,CD16 Monocytes,test scRNA,,CD14 Monocytes,test scRNA
03_07_36_rna,CD14 Monocytes,test scRNA,,CD14 Monocytes,test scATAC
03_07_60_rna,Memory T cells,test scRNA,,NK/Effector T cells,test scATAC
03_07_62_rna,Memory T cells,test scRNA,,Naive CD8 T cells,test scATAC
03_07_64_rna,CD14 Monocytes,test scRNA,,CD16 Monocytes,test scRNA
03_08_06_rna,Memory T cells,test scRNA,,CD16 Monocytes,test scATAC
03_08_11_rna,CD14 Monocytes,test scRNA,,Memory T cells,test scATAC
03_08_19_rna,Memory T cells,test scRNA,,NK/Effector T cells,test scRNA
03_08_70_rna,Naive CD8 T cells,test scRNA,,NK/Effector T cells,test scRNA
03_08_85_rna,CD14 Monocytes,test scRNA,,Memory T cells,test scRNA
03_08_94_rna,Memory T cells,test scRNA,,CD14 Monocytes,test scATAC
03_08_96_rna,Naive CD8 T cells,test scRNA,,CD14 Monocytes,test scRNA
03_09_14_rna,Naive CD8 T cells,test scRNA,,CD16 Monocytes,test scATAC
03_09_34_rna,CD14 Monocytes,test scRNA,,Memory T cells,test scRNA
03_09_69_rna,Naive CD8 T cells,test scRNA,,NK/Effector T cells,test scATAC
03_09_71_rna,Memory T cells,test scRNA,,Memory T cells,test scRNA
03_09_88_rna,B cells,test scRNA,,CD14 Monocytes,test scATAC
03_10_10_rna,Memory T cells,test scRNA,,CD14 Monocytes,test scRNA
03_10_31_rna,CD14 Monocytes,test scRNA,,Memory T cells,test scATAC
03_10_44_rna,Memory T cells,test scRNA,,CD14 Monocytes,test scATAC
03_10_47_rna,Memory T cells,test scRNA,,B cells,test scRNA
03_11_01_rna,Memory T cells,test scRNA,,Naive CD8 T cells,test scATAC
03_11_08_rna,NK/Effector T cells,test scRNA,,Memory T cells,test scRNA
03_11_14_rna,CD14 Monocytes,test scRNA,,Memory T cells,test scATAC
03_11_34_rna,CD14 Monocytes,test scRNA,,CD14 Monocytes,test scRNA
03_11_50_rna,Memory T cells,test scRNA,,CD14 Monocytes,test scRNA
03_11_55_rna,CD14 Monocytes,test scRNA,,NK/Effector T cells,test scRNA
03_11_75_rna,Memory T cells,test scRNA,,B cells,test scATAC
03_11_87_rna,Memory T cells,test scRNA,,Memory T cells,test scRNA
03_11_88_rna,CD14 Monocytes,test scRNA,,B cells,test scRNA
03_11_96_rna,Memory T cells,test scRNA,,CD16 Monocytes,test scATAC
03_12_13_rna,Naive CD8 T cells,test scRNA,,CD16 Monocytes,test scRNA
03_12_50_rna,NK/Effector T cells,test scRNA,,Memory T cells,test scATAC
03_12_54_rna,CD14 Monocytes,test scRNA,,Naive CD8 T cells,test scATAC
03_12_75_rna,Memory T cells,test scRNA,,CD14 Monocytes,test scATAC
03_12_83_rna,NK/Effector T cells,test scRNA,,Memory T cells,test scRNA
03_13_14_rna,Memory T cells,test scRNA,,NK/Effector T cells,test scRNA
03_13_18_rna,NK/Effector T cells,test scRNA,,CD14 Monocytes,test scATAC
03_13_40_rna,Memory T cells,test scRNA,,CD16 Monocytes,test scATAC
03_13_41_rna,CD14 Monocytes,test scRNA,,Memory T cells,test scRNA
03_13_42_rna,Memory T cells,test scRNA,,Memory T cells,test scRNA
03_13_63_rna,CD14 Monocytes,test scRNA,,NK/Effector T cells,test scRNA
03_13_74_rna,Naive CD8 T cells,test scRNA,,B cells,test scATAC
03_13_90_rna,NK/Effector T cells,test scRNA,,NK/Effector T cells,test scATAC
03_14_11_rna,B cells,test scRNA,,CD14 Monocytes,test scATAC
03_14_21_rna,CD14 Monocytes,test scRNA,,CD14 Monocytes,test scRNA
03_14_26_rna,CD14 Monocytes,test scRNA,,B cells,test scRNA
03_14_41_rna,CD14 Monocytes,test scRNA,,NK/Effector T cells,test scATAC
03_14_42_rna,Memory T cells,test scRNA,,Naive CD8 T cells,test scRNA
03_15_29_rna,Memory T cells,test scRNA,,CD14 Monocytes,test scRNA
03_15_35_rna,Memory T cells,test scRNA,,Memory T cells,test scRNA
03_15_38_rna,CD14 Monocytes,test scRNA,,Memory T cells,test scRNA
03_15_42_rna,B cells,test scRNA,,NK/Effector T cells,test scRNA
03_15_70_rna,CD14 Monocytes,test scRNA,,NK/Effector T cells,test scATAC
03_15_72_rna,NK/Effector T cells,test scRNA,,Memory T cells,test scRNA
03_16_02_rna,Memory T cells,test scRNA,,B cells,test scATAC
03_16_19_rna,NK/Effector T cells,test scRNA,,B cells,test scATAC
03_16_57_rna,B cells,test scRNA,,Memory T cells,test scRNA
03_16_71_rna,B cells,test scRNA,,CD14 Monocytes,test scRNA
03_16_75_rna,B cells,test scRNA,,NK/Effector T cells,test scATAC
03_16_87_rna,Memory T cells,test scRNA,,NK/Effector T cells,test scRNA
03_17_06_rna,B cells,test scRNA,,B cells,test scATAC
03_17_22_rna,NK/Effector T cells,test scRNA,,CD14 Monocytes,test scRNA
03_17_26_rna,NK/Effector T cells,test scRNA,,Memory T cells,test scRNA
03_17_31_rna,NK/Effector T cells,test scRNA,,CD14 Monocytes,test scRNA
03_17_46_rna,B cells,test scRNA,,Naive CD8 T cells,test scRNA
03_17_63_rna,CD14 Monocytes,test scRNA,,Memory T cells,test scRNA
03_17_74_rna,CD14 Monocytes,test scRNA,,Memory T cells,test scATAC
03_18_12_rna,NK/Effector T cells,test scRNA,,B cells,test scRNA
03_18_15_rna,NK/Effector T cells,test scRNA,,Naive CD8 T cells,test scATAC
03_18_20_rna,CD14 Monocytes,test scRNA,,B cells,test scATAC
03_18_33_rna,Memory T cells,test scRNA,,CD14 Monocytes,test scATAC
03_18_34_rna,Memory T cells,test scRNA,,B cells,test scATAC
03_18_49_rna,CD14 Monocytes,test scRNA,,CD14 Monocytes,test scRNA
03_18_51_rna,NK/Effector T cells,test scRNA,,Naive CD8 T cells,test scRNA
03_18_84_rna,NK/Effector T cells,test scRNA,,Naive CD8 T cells,test scRNA
03_18_96_rna,Memory T cells,test scRNA,,Memory T cells,test scATAC
03_19_32_rna,Memory T cells,test scRNA,,Memory T cells,test scRNA
03_19_37_rna,Memory T cells,test scRNA,,CD14 Monocytes,test scRNA
03_19_43_rna,B cells,test scRNA,,CD14 Monocytes,test scRNA
03_19_44_rna,B cells,test scRNA,,Naive CD8 T cells,test scATAC
03_19_49_rna,Memory T cells,test scRNA,,Memory T cells,test scRNA
03_19_69_rna,Memory T cells,test scRNA,,NK/Effector T cells,test scRNA
03_19_73_rna,Memory T cells,test scRNA,,Memory T cells,test scRNA
03_19_83_rna,CD14 Monocytes,test scRNA,,CD14 Monocytes,test scRNA
03_20_06_rna,NK/Effector T cells,test scRNA,,CD14 Monocytes,test scATAC
03_20_19_rna,CD14 Monocytes,test scRNA,,Memory T cells,test scRNA
03_20_45_rna,CD14 Monocytes,test scRNA,,CD16 Monocytes,test scATAC
03_20_57_rna,CD14 Monocytes,test scRNA,,Naive CD8 T cells,test scATAC
03_20_71_rna,Memory T cells,test scRNA,,Naive CD8 T cells,test scRNA
03_20_85_rna,CD14 Monocytes,test scRNA,,Memory T cells,test scATAC
03_21_03_rna,Memory T cells,test scRNA,,Memory T cells,test scATAC
03_21_16_rna,Memory T cells,test scRNA,,Memory T cells,test scATAC
03_21_20_rna,Memory T cells,test scRNA,,Naive CD8 T cells,test scRNA
03_21_40_rna,Memory T cells,test scRNA,,CD14 Monocytes,test scRNA
03_21_67_rna,CD14 Monocytes,test scRNA,,NK/Effector T cells,test scRNA
03_22_28_rna,Memory T cells,test scRNA,,Memory T cells,test scATAC
03_22_30_rna,CD14 Monocytes,test scRNA,,Naive CD8 T cells,test scATAC
03_22_59_rna,NK/Effector T cells,test scRNA,,CD16 Monocytes,test scATAC
03_22_61_rna,Memory T cells,test scRNA,,CD16 Monocytes,test scATAC
03_22_74_rna,NK/Effector T cells,test scRNA,,Memory T cells,test scRNA
03_22_88_rna,CD14 Monocytes,test scRNA,,CD14 Monocytes,test scATAC
03_23_72_rna,Memory T cells,test scRNA,,Naive CD8 T cells,test scRNA
03_24_03_rna,B cells,test scRNA,,Naive CD8 T cells,test scRNA
03_24_05_rna,Memory T cells,test scRNA,,CD14 Monocytes,test scRNA
03_24_16_rna,CD14 Monocytes,test scRNA,,CD16 Monocytes,test scATAC
03_24_21_rna,CD14 Monocytes,test scRNA,,CD14 Monocytes,test scRNA
03_24_26_rna,CD14 Monocytes,test scRNA,,B cells,test scATAC
03_24_58_rna,NK/Effector T cells,test scRNA,,B cells,test scRNA
03_24_60_rna,CD14 Monocytes,test scRNA,,NK/Effector T cells,test scRNA
03_24_78_rna,CD14 Monocytes,test scRNA,,NK/Effector T cells,test scATAC
03_25_29_rna,B cells,test scRNA,,Memory T cells,test scATAC
03_25_35_rna,CD14 Monocytes,test scRNA,,Memory T cells,test scRNA
03_25_36_rna,Memory T cells,test scRNA,,CD14 Monocytes,test scATAC
03_25_55_rna,B cells,test scRNA,,Naive CD8 T cells,test scATAC
03_25_84_rna,CD14 Monocytes,test scRNA,,CD14 Monocytes,test scATAC
03_26_02_rna,Memory T cells,test scRNA,,B cells,test scATAC
03_26_27_rna,NK/Effector T cells,test scRNA,,CD16 Monocytes,test scATAC
03_26_44_rna,Memory T cells,test scRNA,,CD14 Monocytes,test scRNA
03_26_77_rna,Memory T cells,test scRNA,,Memory T cells,test scRNA
03_27_20_rna,Memory T cells,test scRNA,,CD14 Monocytes,test scATAC
03_27_37_rna,Memory T cells,test scRNA,,Memory T cells,test scRNA
03_27_40_rna,Memory T cells,test scRNA,,Naive CD8 T cells,test scRNA
03_27_51_rna,Naive CD8 T cells,test scRNA,,Memory T cells,test scRNA
03_27_61_rna,B cells,test scRNA,,Memory T cells,test scATAC
03_27_74_rna,CD14 Monocytes,test scRNA,,Memory T cells,test scATAC
03_27_93_rna,NK/Effector T cells,test scRNA,,Memory T cells,test scRNA
03_28_16_rna,NK/Effector T cells,test scRNA,,Memory T cells,test scATAC
03_28_41_rna,NK/Effector T cells,test scRNA,,B cells,test scATAC
03_28_44_rna,NK/Effector T cells,test scRNA,,Memory T cells,test scATAC
03_28_88_rna,Memory T cells,test scRNA,,Naive CD8 T cells,test scATAC
03_29_13_rna,CD14 Monocytes,test scRNA,,Naive CD8 T cells,test scRNA
03_29_16_rna,Memory T cells,test scRNA,,CD14 Monocytes,test scATAC
03_29_28_rna,NK/Effector T cells,test scRNA,,CD14 Monocytes,test scRNA
03_29_39_rna,CD14 Monocytes,test scRNA,,Memory T cells,test scRNA
03_29_53_rna,Memory T cells,test scRNA,,CD14 Monocytes,test scRNA
03_29_61_rna,B cells,test scRNA,,CD14 Monocytes,test scRNA
03_29_67_rna,Memory T cells,test scRNA,,Memory T cells,test scATAC
03_29_90_rna,Memory T cells,test scRNA,,Memory T cells,test scRNA
03_30_38_rna,CD14 Monocytes,test scRNA,,Naive CD8 T cells,test scATAC
03_30_40_rna,CD16 Monocytes,test scRNA,,Memory T cells,test scATAC
03_30_62_rna,NK/Effector T cells,test scRNA,,Memory T cells,test scATAC
03_30_68_rna,CD16 Monocytes,test scRNA,,Memory T cells,test scRNA
03_30_89_rna,CD14 Monocytes,test scRNA,,Memory T cells,test scRNA
03_30_92_rna,B cells,test scRNA,,Memory T cells,test scRNA
03_31_02_rna,Memory T cells,test scRNA,,Memory T cells,test scRNA
03_31_20_rna,Naive CD8 T cells,test scRNA,,Memory T cells,test scRNA
03_31_23_rna,CD14 Monocytes,test scRNA,,Naive CD8 T cells,test scATAC
03_31_90_rna,NK/Effector T cells,test scRNA,,NK/Effector T cells,test scRNA
03_32_03_rna,CD14 Monocytes,test scRNA,,B cells,test scRNA
03_32_12_rna,Memory T cells,test scRNA,,Memory T cells,test scRNA
03_32_34_rna,Memory T cells,test scRNA,,NK/Effector T cells,test scRNA
03_32_46_rna,CD14 Monocytes,test scRNA,,Naive CD8 T cells,test scATAC
03_32_67_rna,Memory T cells,test scRNA,,CD14 Monocytes,test scRNA
03_32_87_rna,Memory T cells,test scRNA,,Memory T cells,test scATAC
03_33_24_rna,CD14 Monocytes,test scRNA,,CD14 Monocytes,test scATAC
03_33_35_rna,Memory T cells,test scRNA,,Memory T cells,test scRNA
03_33_36_rna,Memory T cells,test scRNA,,Memory T cells,test scRNA
03_33_40_rna,CD14 Monocytes,test scRNA,,Memory T cells,test scATAC
03_34_05_rna,Naive CD8 T cells,test scRNA,,CD16 Monocytes,test scATAC
03_34_32_rna,B cells,test scRNA,,CD14 Monocytes,test scRNA
03_34_68_rna,Memory T cells,test scRNA,,Memory T cells,test scRNA
03_34_82_rna,Naive CD8 T cells,test scRNA,,NK/Effector T cells,test scRNA
03_35_55_rna,CD14 Monocytes,test scRNA,,Naive CD8 T cells,test scATAC
03_35_63_rna,B cells,test scRNA,,Naive CD8 T cells,test scATAC
03_35_82_rna,CD14 Monocytes,test scRNA,,CD14 Monocytes,test scATAC
03_35_83_rna,Memory T cells,test scRNA,,CD14 Monocytes,test scRNA
03_35_86_rna,CD14 Monocytes,test scRNA,,Memory T cells,test scRNA
03_36_15_rna,NK/Effector T cells,test scRNA,,NK/Effector T cells,test scRNA
03_36_21_rna,Memory T cells,test scRNA,,Naive CD8 T cells,test scATAC
03_36_35_rna,Memory T cells,test scRNA,,B cells,test scATAC
03_36_52_rna,CD14 Monocytes,test scRNA,,CD14 Monocytes,test scRNA
03_36_56_rna,Memory T cells,test scRNA,,CD14 Monocytes,test scRNA
03_36_84_rna,NK/Effector T cells,test scRNA,,Memory T cells,test scATAC
03_37_03_rna,Memory T cells,test scRNA,,CD16 Monocytes,test scATAC
03_37_24_rna,CD14 Monocytes,test scRNA,,Memory T cells,test scATAC
03_37_31_rna,Naive CD8 T cells,test scRNA,,Memory T cells,test scRNA
03_37_42_rna,Memory T cells,test scRNA,,NK/Effector T cells,test scATAC
03_37_62_rna,B cells,test scRNA,,Memory T cells,test scRNA
03_37_64_rna,CD14 Monocytes,test scRNA,,Memory T cells,test scATAC
03_38_16_rna,NK/Effector T cells,test scRNA,,CD16 Monocytes,test scRNA
03_38_18_rna,CD14 Monocytes,test scRNA,,CD14 Monocytes,test scATAC
03_38_38_rna,B cells,test scRNA,,CD14 Monocytes,test scRNA
03_38_63_rna,CD14 Monocytes,test scRNA,,CD14 Monocytes,test scRNA
03_40_29_rna,Memory T cells,test scRNA,,Naive CD8 T cells,test scATAC
03_40_47_rna,Memory T cells,test scRNA,,Naive CD8 T cells,test scATAC
03_40_72_rna,CD14 Monocytes,test scRNA,,CD16 Monocytes,test scATAC
03_40_78_rna,Memory T cells,test scRNA,,Memory T cells,test scRNA
03_40_94_rna,Memory T cells,test scRNA,,Naive CD8 T cells,test scATAC
03_41_08_rna,CD14 Monocytes,test scRNA,,B cells,test scATAC
03_41_39_rna,Memory T cells,test scRNA,,Memory T cells,test scRNA
03_41_53_rna,Memory T cells,test scRNA,,Memory T cells,test scATAC
03_42_04_rna,B cells,test scRNA,,Memory T cells,test scRNA
03_42_07_rna,Naive CD8 T cells,test scRNA,,NK/Effector T cells,test scATAC
03_42_13_rna,CD16 Monocytes,test scRNA,,Memory T cells,test scRNA
03_42_16_rna,CD14 Monocytes,test scRNA,,B cells,test scRNA
03_43_12_rna,Memory T cells,test scRNA,,CD14 Monocytes,test scRNA
03_43_63_rna,Naive CD8 T cells,test scRNA,,CD14 Monocytes,test scATAC
03_43_69_rna,NK/Effector T cells,test scRNA,,Memory T cells,test scATAC
03_43_73_rna,NK/Effector T cells,test scRNA,,Memory T cells,test scATAC
03_44_01_rna,Memory T cells,test scRNA,,Memory T cells,test scRNA
03_44_29_rna,NK/Effector T cells,test scRNA,,CD14 Monocytes,test scATAC
03_44_61_rna,Naive CD8 T cells,test scRNA,,CD16 Monocytes,test scATAC
03_44_80_rna,CD16 Monocytes,test scRNA,,CD14 Monocytes,test scRNA
03_45_23_rna,Memory T cells,test scRNA,,Memory T cells,test scATAC
03_45_69_rna,Memory T cells,test scRNA,,Naive CD8 T cells,test scRNA
03_45_70_rna,Memory T cells,test scRNA,,Memory T cells,test scATAC
03_45_82_rna,NK/Effector T cells,test scRNA,,NK/Effector T cells,test scRNA
03_46_16_rna,CD14 Monocytes,test scRNA,,Memory T cells,test scRNA
03_46_27_rna,Memory T cells,test scRNA,,NK/Effector T cells,test scRNA
03_46_45_rna,Memory T cells,test scRNA,,Memory T cells,test scRNA
03_46_90_rna,Memory T cells,test scRNA,,NK/Effector T cells,test scRNA
03_47_18_rna,NK/Effector T cells,test scRNA,,Memory T cells,test scATAC
03_47_60_rna,CD14 Monocytes,test scRNA,,Memory T cells,test scRNA
03_47_61_rna,Memory T cells,test scRNA,,CD14 Monocytes,test scRNA
03_47_75_rna,NK/Effector T cells,test scRNA,,CD14 Monocytes,test scRNA
03_48_07_rna,CD14 Monocytes,test scRNA,,CD14 Monocytes,test scRNA
03_48_17_rna,NK/Effector T cells,test scRNA,,CD14 Monocytes,test scATAC
03_48_52_rna,Naive CD8 T cells,test scRNA,,CD14 Monocytes,test scATAC
03_48_68_rna,Memory T cells,test scRNA,,B cells,test scRNA
03_48_78_rna,Memory T cells,test scRNA,,B cells,test scATAC
03_48_80_rna,Memory T cells,test scRNA,,Memory T cells,test scRNA
03_48_81_rna,Memory T cells,test scRNA,,Naive CD8 T cells,test scRNA
03_49_33_rna,Memory T cells,test scRNA,,Memory T cells,test scATAC
03_49_49_rna,NK/Effector T cells,test scRNA,,Memory T cells,test scATAC
03_50_52_rna,Memory T cells,test scRNA,,CD14 Monocytes,test scATAC
03_51_04_rna,NK/Effector T cells,test scRNA,,Memory T cells,test scATAC
03_51_20_rna,Memory T cells,test scRNA,,NK/Effector T cells,test scATAC
03_51_32_rna,NK/Effector T cells,test scRNA,,CD14 Monocytes,test scATAC
03_51_60_rna,NK/Effector T cells,test scRNA,,CD14 Monocytes,test scRNA
03_51_72_rna,CD14 Monocytes,test scRNA,,B cells,test scRNA
03_51_77_rna,Memory T cells,test scRNA,,CD16 Monocytes,test scATAC
03_52_01_rna,CD14 Monocytes,test scRNA,,CD16 Monocytes,test scATAC
03_52_06_rna,Memory T cells,test scRNA,,Naive CD8 T cells,test scATAC
03_52_19_rna,Memory T cells,test scRNA,,Memory T cells,test scATAC
03_52_30_rna,CD16 Monocytes,test scRNA,,NK/Effector T cells,test scRNA
03_52_73_rna,CD14 Monocytes,test scRNA,,NK/Effector T cells,test scRNA
03_52_80_rna,NK/Effector T cells,test scRNA,,NK/Effector T cells,test scRNA
03_52_81_rna,CD14 Monocytes,test scRNA,,CD14 Monocytes,test scATAC
03_53_06_rna,CD14 Monocytes,test scRNA,,CD14 Monocytes,test scATAC
03_53_17_rna,Memory T cells,test scRNA,,B cells,test scATAC
03_53_19_rna,B cells,test scRNA,,Memory T cells,test scRNA
03_53_29_rna,CD14 Monocytes,test scRNA,,Naive CD8 T cells,test scATAC
03_53_62_rna,CD14 Monocytes,test scRNA,,CD14 Monocytes,test scATAC
03_53_68_rna,Memory T cells,test scRNA,,B cells,test scATAC
03_53_79_rna,Memory T cells,test scRNA,,Naive CD8 T cells,test scATAC
03_53_83_rna,B cells,test scRNA,,NK/Effector T cells,test scATAC
03_53_96_rna,CD16 Monocytes,test scRNA,,CD14 Monocytes,test scRNA
03_54_26_rna,Memory T cells,test scRNA,,Memory T cells,test scRNA
03_54_39_rna,CD14 Monocytes,test scRNA,,Memory T cells,test scATAC
03_54_58_rna,NK/Effector T cells,test scRNA,,NK/Effector T cells,test scRNA
03_54_67_rna,B cells,test scRNA,,Memory T cells,test scATAC
03_54_75_rna,Memory T cells,test scRNA,,CD14 Monocytes,test scRNA
03_55_07_rna,NK/Effector T cells,test scRNA,,Memory T cells,test scRNA
03_55_51_rna,Memory T cells,test scRNA,,Memory T cells,test scRNA
03_55_66_rna,Memory T cells,test scRNA,,Naive CD8 T cells,test scATAC
03_55_67_rna,Memory T cells,test scRNA,,Naive CD8 T cells,test scATAC
03_55_68_rna,B cells,test scRNA,,NK/Effector T cells,test scRNA
03_55_78_rna,CD14 Monocytes,test scRNA,,Memory T cells,test scRNA
03_55_86_rna,Naive CD8 T cells,test scRNA,,Memory T cells,test scRNA
03_56_30_rna,CD14 Monocytes,test scRNA,,CD14 Monocytes,test scATAC
03_56_74_rna,CD14 Monocytes,test scRNA,,CD14 Monocytes,test scRNA
03_56_80_rna,CD14 Monocytes,test scRNA,,CD16 Monocytes,test scATAC
03_56_86_rna,B cells,test scRNA,,Memory T cells,test scRNA
03_56_89_rna,CD14 Monocytes,test scRNA,,NK/Effector T cells,test scATAC
03_57_05_rna,Memory T cells,test scRNA,,CD16 Monocytes,test scATAC
03_57_42_rna,Memory T cells,test scRNA,,Naive CD8 T cells,test scATAC
03_57_51_rna,Memory T cells,test scRNA,,NK/Effector T cells,test scRNA
03_57_81_rna,NK/Effector T cells,test scRNA,,CD16 Monocytes,test scATAC
03_57_91_rna,NK/Effector T cells,test scRNA,,Memory T cells,test scRNA
03_58_02_rna,Memory T cells,test scRNA,,CD14 Monocytes,test scATAC
03_58_20_rna,CD16 Monocytes,test scRNA,,Naive CD8 T cells,test scATAC
03_58_70_rna,NK/Effector T cells,test scRNA,,Memory T cells,test scATAC
03_58_82_rna,Memory T cells,test scRNA,,CD14 Monocytes,test scRNA
03_58_95_rna,NK/Effector T cells,test scRNA,,CD14 Monocytes,test scRNA
03_59_12_rna,NK/Effector T cells,test scRNA,,CD14 Monocytes,test scRNA
03_59_53_rna,NK/Effector T cells,test scRNA,,CD14 Monocytes,test scATAC
03_59_54_rna,CD14 Monocytes,test scRNA,,Memory T cells,test scRNA
03_59_83_rna,B cells,test scRNA,,Memory T cells,test scRNA
03_60_12_rna,Memory T cells,test scRNA,,B cells,test scATAC
03_60_31_rna,B cells,test scRNA,,Naive CD8 T cells,test scRNA
03_60_72_rna,NK/Effector T cells,test scRNA,,Memory T cells,test scATAC
03_61_02_rna,NK/Effector T cells,test scRNA,,B cells,test scATAC
03_61_18_rna,Memory T cells,test scRNA,,Memory T cells,test scRNA
03_61_28_rna,Naive CD8 T cells,test scRNA,,B cells,test scATAC
03_61_54_rna,NK/Effector T cells,test scRNA,,Memory T cells,test scRNA
03_61_56_rna,Memory T cells,test scRNA,,Naive CD8 T cells,test scRNA
03_61_75_rna,Memory T cells,test scRNA,,Naive CD8 T cells,test scATAC
03_61_79_rna,CD14 Monocytes,test scRNA,,NK/Effector T cells,test scATAC
03_61_95_rna,CD16 Monocytes,test scRNA,,Memory T cells,test scATAC
03_62_06_rna,NK/Effector T cells,test scRNA,,Memory T cells,test scRNA
03_62_44_rna,CD16 Monocytes,test scRNA,,NK/Effector T cells,test scATAC
03_62_52_rna,Memory T cells,test scRNA,,Memory T cells,test scRNA
03_62_53_rna,NK/Effector T cells,test scRNA,,CD16 Monocytes,test scATAC
03_62_76_rna,Memory T cells,test scRNA,,Memory T cells,test scRNA
03_62_81_rna,B cells,test scRNA,,Memory T cells,test scRNA
03_62_87_rna,CD14 Monocytes,test scRNA,,Naive CD8 T cells,test scATAC
03_62_93_rna,Memory T cells,test scRNA,,Memory T cells,test scRNA
03_63_66_rna,NK/Effector T cells,test scRNA,,B cells,test scRNA
03_63_78_rna,Memory T cells,test scRNA,,Memory T cells,test scATAC
03_63_90_rna,Memory T cells,test scRNA,,B cells,test scATAC
03_64_14_rna,Memory T cells,test scRNA,,Memory T cells,test scATAC
03_64_35_rna,Memory T cells,test scRNA,,NK/Effector T cells,test scRNA
03_64_87_rna,Memory T cells,test scRNA,,Naive CD8 T cells,test scRNA
03_65_15_rna,B cells,test scRNA,,Memory T cells,test scATAC
03_66_04_rna,Memory T cells,test scRNA,,CD14 Monocytes,test scATAC
03_66_23_rna,CD14 Monocytes,test scRNA,,NK/Effector T cells,test scRNA
03_66_31_rna,NK/Effector T cells,test scRNA,,B cells,test scATAC
03_66_34_rna,B cells,test scRNA,,Naive CD8 T cells,test scATAC
03_66_40_rna,Memory T cells,test scRNA,,Memory T cells,test scRNA
03_66_42_rna,NK/Effector T cells,test scRNA,,CD14 Monocytes,test scRNA
03_66_53_rna,Memory T cells,test scRNA,,CD14 Monocytes,test scRNA
03_66_55_rna,Naive CD8 T cells,test scRNA,,CD14 Monocytes,test scATAC
03_66_63_rna,B cells,test scRNA,,B cells,test scRNA
03_66_66_rna,Memory T cells,test scRNA,,Memory T cells,test scRNA
03_66_85_rna,Memory T cells,test scRNA,,Naive CD8 T cells,test scATAC
03_67_10_rna,CD14 Monocytes,test scRNA,,B cells,test scATAC
03_67_13_rna,Naive CD8 T cells,test scRNA,,Memory T cells,test scATAC
03_67_26_rna,NK/Effector T cells,test scRNA,,NK/Effector T cells,test scATAC
03_67_32_rna,B cells,test scRNA,,Memory T cells,test scATAC
03_67_41_rna,NK/Effector T cells,test scRNA,,Memory T cells,test scRNA
03_67_76_rna,Memory T cells,test scRNA,,NK/Effector T cells,test scATAC
03_67_83_rna,CD14 Monocytes,test scRNA,,Memory T cells,test scRNA
03_68_05_rna,NK/Effector T cells,test scRNA,,Naive CD8 T cells,test scATAC
03_68_48_rna,Memory T cells,test scRNA,,Naive CD8 T cells,test scATAC
03_68_69_rna,Memory T cells,test scRNA,,Naive CD8 T cells,test scATAC
03_68_78_rna,Memory T cells,test scRNA,,Memory T cells,test scRNA
03_68_93_rna,CD14 Monocytes,test scRNA,,CD14 Monocytes,test scATAC
03_69_10_rna,Naive CD8 T cells,test scRNA,,Memory T cells,test scATAC
03_69_37_rna,NK/Effector T cells,test scRNA,,NK/Effector T cells,test scRNA
03_69_61_rna,CD14 Monocytes,test scRNA,,CD14 Monocytes,test scRNA
03_69_67_rna,CD14 Monocytes,test scRNA,,CD16 Monocytes,test scATAC
03_69_71_rna,CD14 Monocytes,test scRNA,,Memory T cells,test scATAC
03_69_87_rna,NK/Effector T cells,test scRNA,,CD16 Monocytes,test scRNA
03_70_42_rna,Memory T cells,test scRNA,,CD16 Monocytes,test scRNA
03_70_66_rna,Memory T cells,test scRNA,,Memory T cells,test scRNA
03_70_67_rna,Memory T cells,test scRNA,,B cells,test scRNA
03_70_84_rna,Memory T cells,test scRNA,,CD14 Monocytes,test scRNA
03_71_45_rna,Naive CD8 T cells,test scRNA,,Memory T cells,test scRNA
03_71_46_rna,CD14 Monocytes,test scRNA,,CD14 Monocytes,test scRNA
03_71_56_rna,CD14 Monocytes,test scRNA,,NK/Effector T cells,test scRNA
03_71_57_rna,CD14 Monocytes,test scRNA,,B cells,test scRNA
03_71_75_rna,NK/Effector T cells,test scRNA,,B cells,test scRNA
03_71_84_rna,NK/Effector T cells,test scRNA,,Memory T cells,test scATAC
03_71_88_rna,Memory T cells,test scRNA,,NK/Effector T cells,test scATAC
03_71_91_rna,Naive CD8 T cells,test scRNA,,Memory T cells,test scRNA
03_71_94_rna,Memory T cells,test scRNA,,Memory T cells,test scRNA
03_72_01_rna,CD14 Monocytes,test scRNA,,CD14 Monocytes,test scRNA
03_72_17_rna,CD14 Monocytes,test scRNA,,CD14 Monocytes,test scATAC
03_72_20_rna,Memory T cells,test scRNA,,Memory T cells,test scRNA
03_72_25_rna,Memory T cells,test scRNA,,CD14 Monocytes,test scRNA
03_72_48_rna,NK/Effector T cells,test scRNA,,NK/Effector T cells,test scRNA
03_72_88_rna,B cells,test scRNA,,Memory T cells,test scRNA
03_73_23_rna,B cells,test scRNA,,Memory T cells,test scRNA
03_73_35_rna,Memory T cells,test scRNA,,CD16 Monocytes,test scATAC
03_73_81_rna,Naive CD8 T cells,test scRNA,,CD14 Monocytes,test scRNA
03_73_93_rna,B cells,test scRNA,,CD14 Monocytes,test scRNA
03_74_31_rna,NK/Effector T cells,test scRNA,,CD14 Monocytes,test scATAC
03_74_35_rna,NK/Effector T cells,test scRNA,,Naive CD8 T cells,test scRNA
03_74_50_rna,Memory T cells,test scRNA,,B cells,test scATAC
03_74_66_rna,CD14 Monocytes,test scRNA,,CD14 Monocytes,test scRNA
03_75_05_rna,Memory T cells,test scRNA,,Memory T cells,test scATAC
03_75_17_rna,Memory T cells,test scRNA,,Memory T cells,test scATAC
03_75_59_rna,NK/Effector T cells,test scRNA,,Naive CD8 T cells,test scATAC
03_75_66_rna,Memory T cells,test scRNA,,CD14 Monocytes,test scRNA
03_75_74_rna,Memory T cells,test scRNA,,Memory T cells,test scATAC
03_75_87_rna,B cells,test scRNA,,B cells,test scATAC
03_76_19_rna,NK/Effector T cells,test scRNA,,B cells,test scATAC
03_76_26_rna,Naive CD8 T cells,test scRNA,,NK/Effector T cells,test scRNA
03_76_37_rna,CD14 Monocytes,test scRNA,,Memory T cells,test scRNA
03_76_66_rna,CD14 Monocytes,test scRNA,,Memory T cells,test scRNA
03_76_73_rna,CD14 Monocytes,test scRNA,,NK/Effector T cells,test scRNA
03_77_12_rna,NK/Effector T cells,test scRNA,,Naive CD8 T cells,test scATAC
03_77_37_rna,Memory T cells,test scRNA,,NK/Effector T cells,test scRNA
03_77_59_rna,CD14 Monocytes,test scRNA,,Memory T cells,test scRNA
03_77_60_rna,Naive CD8 T cells,test scRNA,,Naive CD8 T cells,test scRNA
03_77_78_rna,Naive CD8 T cells,test scRNA,,CD14 Monocytes,test scATAC
03_77_83_rna,B cells,test scRNA,,Memory T cells,test scRNA
03_77_86_rna,NK/Effector T cells,test scRNA,,Naive CD8 T cells,test scATAC
03_77_92_rna,CD14 Monocytes,test scRNA,,B cells,test scRNA
03_78_37_rna,CD14 Monocytes,test scRNA,,CD14 Monocytes,test scATAC
03_78_38_rna,Memory T cells,test scRNA,,Naive CD8 T cells,test scRNA
03_78_56_rna,Memory T cells,test scRNA,,CD14 Monocytes,test scATAC
03_78_66_rna,CD14 Monocytes,test scRNA,,Memory T cells,test scATAC
03_78_67_rna,CD14 Monocytes,test scRNA,,CD14 Monocytes,test scRNA
03_78_83_rna,Naive CD8 T cells,test scRNA,,Naive CD8 T cells,test scATAC
03_78_88_rna,CD14 Monocytes,test scRNA,,Memory T cells,test scRNA
03_79_12_rna,CD14 Monocytes,test scRNA,,B cells,test scRNA
03_79_23_rna,Memory T cells,test scRNA,,CD14 Monocytes,test scATAC
03_79_36_rna,Memory T cells,test scRNA,,Memory T cells,test scRNA
03_79_70_rna,Memory T cells,test scRNA,,Memory T cells,test scATAC
03_79_91_rna,Memory T cells,test scRNA,,Naive CD8 T cells,test scRNA
03_79_96_rna,Memory T cells,test scRNA,,CD14 Monocytes,test scRNA
03_80_14_rna,Memory T cells,test scRNA,,CD14 Monocytes,test scRNA
03_80_30_rna,CD14 Monocytes,test scRNA,,B cells,test scRNA
03_80_35_rna,CD14 Monocytes,test scRNA,,Memory T cells,test scRNA
03_80_39_rna,CD14 Monocytes,test scRNA,,Memory T cells,test scRNA
03_80_58_rna,CD14 Monocytes,test scRNA,,CD16 Monocytes,test scATAC
03_80_66_rna,Memory T cells,test scRNA,,CD14 Monocytes,test scATAC
03_80_91_rna,B cells,test scRNA,,CD14 Monocytes,test scRNA
03_80_96_rna,Memory T cells,test scRNA,,Memory T cells,test scATAC
03_81_31_rna,Memory T cells,test scRNA,,Memory T cells,test scRNA
03_81_37_rna,NK/Effector T cells,test scRNA,,CD14 Monocytes,test scRNA
03_81_61_rna,Memory T cells,test scRNA,,Memory T cells,test scRNA
03_81_91_rna,Memory T cells,test scRNA,,Memory T cells,test scATAC
03_81_92_rna,Memory T cells,test scRNA,,NK/Effector T cells,test scATAC
03_82_05_rna,B cells,test scRNA,,CD14 Monocytes,test scRNA
03_82_06_rna,Memory T cells,test scRNA,,Memory T cells,test scRNA
03_82_07_rna,NK/Effector T cells,test scRNA,,CD14 Monocytes,test scRNA
03_82_20_rna,CD14 Monocytes,test scRNA,,B cells,test scRNA
03_82_39_rna,Memory T cells,test scRNA,,CD14 Monocytes,test scATAC
03_82_43_rna,CD14 Monocytes,test scRNA,,Naive CD8 T cells,test scRNA
03_82_49_rna,Memory T cells,test scRNA,,CD14 Monocytes,test scRNA
03_82_72_rna,Naive CD8 T cells,test scRNA,,Memory T cells,test scRNA
03_82_87_rna,B cells,test scRNA,,CD14 Monocytes,test scATAC
03_83_16_rna,Memory T cells,test scRNA,,NK/Effector T cells,test scATAC
03_83_70_rna,NK/Effector T cells,test scRNA,,CD16 Monocytes,test scRNA
03_83_87_rna,Memory T cells,test scRNA,,NK/Effector T cells,test scATAC
03_83_96_rna,Memory T cells,test scRNA,,CD14 Monocytes,test scATAC
03_84_29_rna,CD14 Monocytes,test scRNA,,NK/Effector T cells,test scRNA
03_84_40_rna,Memory T cells,test scRNA,,CD14 Monocytes,test scRNA
03_84_57_rna,B cells,test scRNA,,Memory T cells,test scATAC
03_84_67_rna,Memory T cells,test scRNA,,Memory T cells,test scATAC
03_84_82_rna,Memory T cells,test scRNA,,B cells,test scATAC
03_85_07_rna,Naive CD8 T cells,test scRNA,,CD14 Monocytes,test scATAC
03_85_23_rna,Memory T cells,test scRNA,,CD14 Monocytes,test scATAC
03_85_40_rna,Memory T cells,test scRNA,,CD14 Monocytes,test scRNA
03_85_50_rna,CD14 Monocytes,test scRNA,,NK/Effector T cells,test scRNA
03_85_60_rna,Naive CD8 T cells,test scRNA,,Memory T cells,test scRNA
03_85_95_rna,NK/Effector T cells,test scRNA,,NK/Effector T cells,test scATAC
03_86_60_rna,Memory T cells,test scRNA,,CD14 Monocytes,test scATAC
03_86_68_rna,Memory T cells,test scRNA,,Memory T cells,test scATAC
03_87_48_rna,NK/Effector T cells,test scRNA,,Memory T cells,test scRNA
03_87_54_rna,Memory T cells,test scRNA,,CD14 Monocytes,test scATAC
03_87_81_rna,CD14 Monocytes,test scRNA,,NK/Effector T cells,test scRNA
03_88_01_rna,NK/Effector T cells,test scRNA,,Naive CD8 T cells,test scATAC
03_88_04_rna,CD14 Monocytes,test scRNA,,Memory T cells,test scATAC
03_88_19_rna,CD14 Monocytes,test scRNA,,Memory T cells,test scATAC
03_88_26_rna,Naive CD8 T cells,test scRNA,,CD14 Monocytes,test scATAC
03_88_45_rna,Memory T cells,test scRNA,,Naive CD8 T cells,test scRNA
03_88_62_rna,NK/Effector T cells,test scRNA,,Memory T cells,test scATAC
03_88_78_rna,Memory T cells,test scRNA,,Naive CD8 T cells,test scRNA
03_88_85_rna,Memory T cells,test scRNA,,NK/Effector T cells,test scRNA
03_89_45_rna,NK/Effector T cells,test scRNA,,Memory T cells,test scRNA
03_89_63_rna,CD14 Monocytes,test scRNA,,NK/Effector T cells,test scATAC
03_90_29_rna,B cells,test scRNA,,NK/Effector T cells,test scRNA
03_90_30_rna,Memory T cells,test scRNA,,CD14 Monocytes,test scRNA
03_90_41_rna,CD16 Monocytes,test scRNA,,Memory T cells,test scATAC
03_90_64_rna,Naive CD8 T cells,test scRNA,,Memory T cells,test scRNA
03_90_66_rna,Memory T cells,test scRNA,,CD14 Monocytes,test scATAC
03_90_68_rna,Naive CD8 T cells,test scRNA,,CD14 Monocytes,test scATAC
03_90_69_rna,CD14 Monocytes,test scRNA,,Memory T cells,test scATAC
03_91_06_rna,NK/Effector T cells,test scRNA,,CD14 Monocytes,test scATAC
03_91_07_rna,Memory T cells,test scRNA,,Memory T cells,test scATAC
03_91_40_rna,CD14 Monocytes,test scRNA,,NK/Effector T cells,test scATAC
03_91_48_rna,NK/Effector T cells,test scRNA,,Naive CD8 T cells,test scATAC
03_92_10_rna,Memory T cells,test scRNA,,NK/Effector T cells,test scATAC
03_92_64_rna,Naive CD8 T cells,test scRNA,,CD14 Monocytes,test scATAC
03_92_68_rna,CD14 Monocytes,test scRNA,,Memory T cells,test scATAC
03_92_72_rna,CD14 Monocytes,test scRNA,,NK/Effector T cells,test scRNA
03_92_73_rna,Memory T cells,test scRNA,,Memory T cells,test scRNA
03_93_26_rna,Memory T cells,test scRNA,,Memory T cells,test scATAC
03_93_29_rna,NK/Effector T cells,test scRNA,,NK/Effector T cells,test scATAC
03_93_63_rna,NK/Effector T cells,test scRNA,,NK/Effector T cells,test scRNA
03_93_69_rna,NK/Effector T cells,test scRNA,,Memory T cells,test scATAC
03_94_38_rna,Memory T cells,test scRNA,,CD14 Monocytes,test scATAC
03_94_54_rna,Memory T cells,test scRNA,,CD14 Monocytes,test scATAC
03_95_25_rna,Naive CD8 T cells,test scRNA,,Naive CD8 T cells,test scRNA
03_95_32_rna,Memory T cells,test scRNA,,CD16 Monocytes,test scATAC
03_95_48_rna,CD14 Monocytes,test scRNA,,Memory T cells,test scATAC
AAACAGCCAGGCTTCG-1_atac,CD14 Monocytes,test scATAC,Memory T cells,NK/Effector T cells,test scATAC
AAACCAACACCTGCTC-1_atac,B cells,test scATAC,Naive CD8 T cells,Memory T cells,test scATAC
AAACCAACATAACGGG-1_atac,Memory T cells,test scATAC,NK/Effector T cells,CD14 Monocytes,test scRNA
AAAGCACCACCCACCT-1_atac,NK/Effector T cells,test scATAC,CD14 Monocytes,NK/Effector T cells,test scRNA
AAAGCTTGTGTGTGGT-1_atac,CD14 Monocytes,test scATAC,Memory T cells,CD14 Monocytes,test scATAC
AAAGGACGTATTGTGG-1_atac,NK/Effector T cells,test scATAC,Memory T cells,CD14 Monocytes,test scATAC
AAAGGACGTTCACCAT-1_atac,B cells,test scATAC,Memory T cells,CD14 Monocytes,test scATAC
AAAGGAGCACAAACTT-1_atac,Memory T cells,test scATAC,B cells,Memory T cells,test scRNA
AAAGGAGCATAGCTGC-1_atac,CD14 Monocytes,test scATAC,CD14 Monocytes,Memory T cells,test scRNA
AAAGGCTCACTTCACT-1_atac,B cells,test scATAC,NK/Effector T cells,CD16 Monocytes,test scATAC
AAAGGTTAGCAAGGGT-1_atac,CD16 Monocytes,test scATAC,Memory T cells,CD14 Monocytes,test scRNA
AACAGATAGAGGCTAA-1_atac,Memory T cells,test scATAC,Naive CD8 T cells,Memory T cells,test scRNA
AACAGATAGGGTCCAC-1_atac,Memory T cells,test scATAC,B cells,B cells,test scATAC
AACAGCAAGGAAGCTA-1_atac,NK/Effector T cells,test scATAC,Memory T cells,CD14 Monocytes,test scATAC
AACATAGCATAAAGCA-1_atac,Memory T cells,test scATAC,Memory T cells,Naive CD8 T cells,test scATAC
AACATCATCCGTTATT-1_atac,CD14 Monocytes,test scATAC,Memory T cells,CD14 Monocytes,test scATAC
AACATCATCGAGGAAC-1_atac,Naive CD8 T cells,test scATAC,Memory T cells,Naive CD8 T cells,test scATAC
AACATCATCGGCTATG-1_atac,B cells,test scATAC,CD14 Monocytes,Naive CD8 T cells,test scRNA
AACCCGCAGTCACTAA-1_atac,Memory T cells,test scATAC,CD14 Monocytes,CD14 Monocytes,test scATAC
AACCGGCTCCGTAAAC-1_atac,CD14 Monocytes,test scATAC,Memory T cells,Memory T cells,test scATAC
AACCGGCTCGATCAGT-1_atac,CD14 Monocytes,test scATAC,CD14 Monocytes,Memory T cells,test scATAC
AACCGGCTCGTTAGCG-1_atac,Naive CD8 T cells,test scATAC,Memory T cells,Memory T cells,test scATAC
AACCTTAAGGTCTTGG-1_atac,Naive CD8 T cells,test scATAC,Memory T cells,Memory T cells,test scRNA
AACCTTGCAGCCTGCA-1_atac,CD14 Monocytes,test scATAC,Memory T cells,CD14 Monocytes,test scRNA
AACGCCCAGTTTGAGC-1_atac,B cells,test scATAC,CD14 Monocytes,Memory T cells,test scRNA
AACTAGTGTAACCAGC-1_atac,CD14 Monocytes,test scATAC,NK/Effector T cells,Memory T cells,test scATAC
AACTCACAGGAAGCAC-1_atac,CD16 Monocytes,test scATAC,Memory T cells,B cells,test scATAC
AACTCACAGGGCTAAA-1_atac,CD14 Monocytes,test scATAC,CD14 Monocytes,NK/Effector T cells,test scATAC
AACTGTTCAAGACTCC-1_atac,CD14 Monocytes,test scATAC,CD14 Monocytes,CD16 Monocytes,test scRNA
AACTTAGTCACTTCAT-1_atac,NK/Effector T cells,test scATAC,Memory T cells,CD14 Monocytes,test scATAC
AACTTAGTCCATAATG-1_atac,B cells,test scATAC,CD14 Monocytes,CD14 Monocytes,test scRNA
AAGAACAGTATTCGTC-1_atac,B cells,test scATAC,Memory T cells,NK/Effector T cells,test scRNA
AAGAATCAGGCTACAT-1_atac,Naive CD8 T cells,test scATAC,Memory T cells,Memory T cells,test scRNA
AAGACATAGTAAGGGC-1_atac,CD14 Monocytes,test scATAC,Naive CD8 T cells,NK/Effector T cells,test scRNA
AAGACCAAGAGAGGAG-1_atac,NK/Effector T cells,test scATAC,Naive CD8 T cells,CD16 Monocytes,test scATAC
AAGCAAGTCGTTTCGC-1_atac,CD14 Monocytes,test scATAC,B cells,CD14 Monocytes,test scATAC
AAGCCTCCACAATGCC-1_atac,Naive CD8 T cells,test scATAC,Memory T cells,Memory T cells,test scATAC
AAGCCTCCACACTAAT-1_atac,Memory T cells,test scATAC,Memory T cells,Memory T cells,test scRNA
AAGCCTCCAGACAAAC-1_atac,Memory T cells,test scATAC,NK/Effector T cells,Memory T cells,test scRNA
AAGCGAATCATGCCTC-1_atac,CD16 Monocytes,test scATAC,CD14 Monocytes,NK/Effector T cells,test scATAC
AAGCGAGGTCGACTCC-1_atac,Memory T cells,test scATAC,Memory T cells,CD14 Monocytes,test scRNA
AAGCGTTTCATTGTCT-1_atac,B cells,test scATAC,CD14 Monocytes,Naive CD8 T cells,test scRNA
AAGCGTTTCCTGATTT-1_atac,B cells,test scATAC,Memory T cells,CD14 Monocytes,test scATAC
AAGCTAGAGATGGACA-1_atac,Memory T cells,test scATAC,Naive CD8 T cells,Memory T cells,test scATAC
AAGCTATGTTTAACCC-1_atac,B cells,test scATAC,Memory T cells,NK/Effector T cells,test scATAC
AAGGATTAGTAGCGCC-1_atac,CD14 Monocytes,test scATAC,NK/Effector T cells,Memory T cells,test scRNA
AAGGCCCTCTTGATGA-1_atac,CD14 Monocytes,test scATAC,Memory T cells,NK/Effector T cells,test scRNA
AAGGTCAAGGTCCGTA-1_atac,CD14 Monocytes,test scATAC,CD14 Monocytes,Memory T cells,test scRNA
AAGTGAAGTATGTGGC-1_atac,CD14 Monocytes,test scATAC,CD14 Monocytes,Memory T cells,test scATAC
AAGTGTTGTGAGACTC-1_atac,CD14 Monocytes,test scATAC,Memory T cells,Naive CD8 T cells,test scATAC
AAGTGTTGTGCTCCGT-1_atac,Memory T cells,test scATAC,Naive CD8 T cells,CD16 Monocytes,test scATAC
AAGTGTTGTTTGCAGA-1_atac,CD14 Monocytes,test scATAC,NK/Effector T cells,Memory T cells,test scRNA
AAGTTACGTAGCTAGC-1_atac,Memory T cells,test scATAC,Naive CD8 T cells,CD14 Monocytes,test scRNA
AAGTTAGCACTAAGAA-1_atac,Naive CD8 T cells,test scATAC,Naive CD8 T cells,CD16 Monocytes,test scATAC
AAGTTTGTCCAATTAG-1_atac,Naive CD8 T cells,test scATAC,CD14 Monocytes,CD14 Monocytes,test scATAC
AATACCGGTTCCATTA-1_atac,NK/Effector T cells,test scATAC,Naive CD8 T cells,Memory T cells,test scATAC
AATAGAGGTGAGGTAG-1_atac,CD14 Monocytes,test scATAC,Memory T cells,CD14 Monocytes,test scATAC
AATCAGGAGCGAAGTA-1_atac,Naive CD8 T cells,test scATAC,Memory T cells,CD14 Monocytes,test scATAC
AATCATGTCATTACTC-1_atac,Naive CD8 T cells,test scATAC,Memory T cells,Memory T cells,test scRNA
AATCCATCACCTCAGG-1_atac,B cells,test scATAC,Memory T cells,CD14 Monocytes,test scRNA
AATCCCTGTGCAATAT-1_atac,Naive CD8 T cells,test scATAC,Memory T cells,CD14 Monocytes,test scRNA
AATCCTAAGATGGAGC-1_atac,CD14 Monocytes,test scATAC,Memory T cells,Memory T cells,test scRNA
AATGAAGGTAGGTTAT-1_atac,CD14 Monocytes,test scATAC,B cells,Naive CD8 T cells,test scATAC
AATGCAACAAGGTATA-1_atac,Naive CD8 T cells,test scATAC,Memory T cells,CD14 Monocytes,test scATAC
AATGCATGTGTTTCAC-1_atac,CD16 Monocytes,test scATAC,Memory T cells,CD16 Monocytes,test scRNA
AATGCGCGTACCGGAT-1_atac,CD14 Monocytes,test scATAC,CD14 Monocytes,CD16 Monocytes,test scRNA
AATGGCGCAAGCCACT-1_atac,NK/Effector T cells,test scATAC,Memory T cells,CD14 Monocytes,test scRNA
AATGGCGCAGTCTATG-1_atac,CD14 Monocytes,test scATAC,NK/Effector T cells,CD16 Monocytes,test scATAC
AATTCGTCAGGCTAAG-1_atac,Memory T cells,test scATAC,Memory T cells,Naive CD8 T cells,test scRNA
AATTGCCAGTACTGGT-1_atac,Memory T cells,test scATAC,CD16 Monocytes,Memory T cells,test scRNA
AATTGGACATCGCTCC-1_atac,NK/Effector T cells,test scATAC,NK/Effector T cells,Memory T cells,test scRNA
ACAAAGGTCCCTGTTA-1_atac,Memory T cells,test scATAC,Memory T cells,Memory T cells,test scRNA
ACAACACTCCTGAATA-1_atac,B cells,test scATAC,Memory T cells,CD14 Monocytes,test scRNA
ACACCTTGTACGTTTC-1_atac,CD14 Monocytes,test scATAC,B cells,Memory T cells,test scATAC
ACACCTTGTCATCAAG-1_atac,Memory T cells,test scATAC,NK/Effector T cells,B cells,test scRNA
ACACGGACATGGTTAT-1_atac,Naive CD8 T cells,test scATAC,NK/Effector T cells,Memory T cells,test scRNA
ACACTAATCGTTAGCG-1_atac,NK/Effector T cells,test scATAC,NK/Effector T cells,NK/Effector T cells,test scRNA
ACACTTGCACTATGGC-1_atac,B cells,test scATAC,Memory T cells,B cells,test scRNA
ACAGGAATCAATGACC-1_atac,CD16 Monocytes,test scATAC,Memory T cells,Memory T cells,test scATAC
ACAGGAATCCAGGTCA-1_atac,CD14 Monocytes,test scATAC,Memory T cells,NK/Effector T cells,test scRNA
ACAGGATCAAGCCAGA-1_atac,Memory T cells,test scATAC,B cells,Memory T cells,test scRNA
ACAGGATCACCTGCCT-1_atac,NK/Effector T cells,test scATAC,CD14 Monocytes,NK/Effector T cells,test scRNA
ACATCAATCTCAATTC-1_atac,CD14 Monocytes,test scATAC,Memory T cells,CD14 Monocytes,test scATAC
ACATCATCACTATGGC-1_atac,CD14 Monocytes,test scATAC,Memory T cells,Memory T cells,test scRNA
ACCAATATCTATGACA-1_atac,Memory T cells,test scATAC,Memory T cells,Memory T cells,test scRNA
ACCACATAGCTGCACA-1_atac,Memory T cells,test scATAC,Memory T cells,Memory T cells,test scRNA
ACCACATAGTTATCCT-1_atac,CD14 Monocytes,test scATAC,NK/Effector T cells,CD16 Monocytes,test scATAC
ACCAGCTCATGTCAGC-1_atac,CD14 Monocytes,test scATAC,CD14 Monocytes,NK/Effector T cells,test scATAC
ACCAGGCTCCAGCACA-1_atac,NK/Effector T cells,test scATAC,B cells,CD14 Monocytes,test scRNA
ACCAGGCTCCGGAACC-1_atac,CD14 Monocytes,test scATAC,CD14 Monocytes,Naive CD8 T cells,test scATAC
ACCAGGGAGCGCTCAA-1_atac,Naive CD8 T cells,test scATAC,Memory T cells,B cells,test scRNA
ACCAGGGAGGCCAATT-1_atac,Memory T cells,test scATAC,NK/Effector T cells,B cells,test scRNA
ACCATAATCGCAGGCT-1_atac,NK/Effector T cells,test scATAC,NK/Effector T cells,NK/Effector T cells,test scRNA
ACCATTAAGCAAGACA-1_atac,Naive CD8 T cells,test scATAC,CD14 Monocytes,CD14 Monocytes,test scATAC
ACCCAACCACCTGCTC-1_atac,CD14 Monocytes,test scATAC,NK/Effector T cells,Naive CD8 T cells,test scATAC
ACCCAACCACTAGGTC-1_atac,CD14 Monocytes,test scATAC,CD14 Monocytes,Naive CD8 T cells,test scATAC
ACCCAGGGTGAATCGC-1_atac,CD16 Monocytes,test scATAC,CD14 Monocytes,CD14 Monocytes,test scATAC
ACCCAGGGTGCTCCAC-1_atac,Naive CD8 T cells,test scATAC,CD14 Monocytes,NK/Effector T cells,test scRNA
ACCCGTAAGCAGCTAT-1_atac,Memory T cells,test scATAC,Memory T cells,Naive CD8 T cells,test scATAC
ACCGAAGCAAAGGCCA-1_atac,Memory T cells,test scATAC,Memory T cells,CD14 Monocytes,test scRNA
ACCGAAGCACCTCGCT-1_atac,Memory T cells,test scATAC,Memory T cells,Naive CD8 T cells,test scATAC
ACCGAAGCAGCCAGTT-1_atac,CD16 Monocytes,test scATAC,CD14 Monocytes,CD14 Monocytes,test scRNA
ACCGAAGCAGGCCAAA-1_atac,Naive CD8 T cells,test scATAC,Memory T cells,Memory T cells,test scRNA
ACCGAAGCAGTACCGT-1_atac,Memory T cells,test scATAC,CD14 Monocytes,CD14 Monocytes,test scATAC
ACCGCAATCATGTTTC-1_atac,CD14 Monocytes,test scATAC,Naive CD8 T cells,Memory T cells,test scATAC
ACCGGCTAGCCGCTAA-1_atac,B cells,test scATAC,Memory T cells,NK/Effector T cells,test scRNA
ACCTAAATCAATCATG-1_atac,NK/Effector T cells,test scATAC,CD14 Monocytes,B cells,test scRNA
ACCTAAGGTTCACCAT-1_atac,CD14 Monocytes,test scATAC,NK/Effector T cells,NK/Effector T cells,test scATAC
ACCTCACTCTAGCTTT-1_atac,Memory T cells,test scATAC,Memory T cells,CD14 Monocytes,test scRNA
ACCTGTTGTTAGGCGT-1_atac,Memory T cells,test scATAC,Memory T cells,Naive CD8 T cells,test scRNA
ACCTTGCTCAGCTAAC-1_atac,Memory T cells,test scATAC,Memory T cells,NK/Effector T cells,test scRNA
ACCTTGCTCCCTGGTT-1_atac,B cells,test scATAC,Memory T cells,Memory T cells,test scATAC
ACGAACAAGGCCTGGT-1_atac,Naive CD8 T cells,test scATAC,Naive CD8 T cells,CD14 Monocytes,test scRNA
ACGAACAAGGTGCGGA-1_atac,CD16 Monocytes,test scATAC,B cells,Memory T cells,test scRNA
ACGAACAAGGTTAGCT-1_atac,Memory T cells,test scATAC,CD14 Monocytes,NK/Effector T cells,test scRNA
ACGAGTAAGGATAAAC-1_atac,CD14 Monocytes,test scATAC,B cells,NK/Effector T cells,test scRNA
ACGATTCAGAACCTGT-1_atac,CD14 Monocytes,test scATAC,NK/Effector T cells,Memory T cells,test scRNA
ACGATTCAGCATTTCT-1_atac,CD14 Monocytes,test scATAC,Memory T cells,CD14 Monocytes,test scRNA
ACGCAAGCATAATCGT-1_atac,CD14 Monocytes,test scATAC,Naive CD8 T cells,B cells,test scATAC
ACGCACGGTACGGGTT-1_atac,NK/Effector T cells,test scATAC,CD14 Monocytes,Memory T cells,test scRNA
ACGCACGGTTAATGAC-1_atac,CD14 Monocytes,test scATAC,B cells,CD14 Monocytes,test scRNA
ACGCACGGTTACGCAA-1_atac,Memory T cells,test scATAC,Naive CD8 T cells,Memory T cells,test scRNA
ACGCCTAAGGCGGGTA-1_atac,NK/Effector T cells,test scATAC,Memory T cells,CD14 Monocytes,test scRNA
ACGCCTAAGTGAGGGT-1_atac,Naive CD8 T cells,test scATAC,Memory T cells,Memory T cells,test scRNA
ACGCCTTTCATTTGCT-1_atac,NK/Effector T cells,test scATAC,Memory T cells,Memory T cells,test scATAC
ACGCTTGAGCTCATAA-1_atac,CD14 Monocytes,test scATAC,CD14 Monocytes,CD14 Monocytes,test scRNA
ACGCTTGAGGTCATTA-1_atac,NK/Effector T cells,test scATAC,B cells,Memory T cells,test scRNA
ACGGGAAGTTTGAGGC-1_atac,Naive CD8 T cells,test scATAC,B cells,CD14 Monocytes,test scATAC
ACGGTTAGTGTGCAAC-1_atac,Naive CD8 T cells,test scATAC,Memory T cells,Memory T cells,test scRNA
ACGGTTTAGCCGCAGT-1_atac,Memory T cells,test scATAC,CD14 Monocytes,NK/Effector T cells,test scRNA
ACGTACCCAATGAAGC-1_atac,Memory T cells,test scATAC,CD14 Monocytes,CD16 Monocytes,test scATAC
ACGTCCAAGCAGCTAT-1_atac,CD14 Monocytes,test scATAC,Memory T cells,CD16 Monocytes,test scRNA
ACGTCCTTCAAAGGCA-1_atac,CD14 Monocytes,test scATAC,Memory T cells,NK/Effector T cells,test scATAC
ACGTCCTTCCTAATTC-1_atac,Naive CD8 T cells,test scATAC,Memory T cells,Memory T cells,test scATAC
ACTAACCAGCACAGAA-1_atac,CD14 Monocytes,test scATAC,Naive CD8 T cells,CD14 Monocytes,test scATAC
ACTAACGGTTACGCGG-1_atac,Memory T cells,test scATAC,Memory T cells,NK/Effector T cells,test scATAC
ACTAACTCAAGGTGCA-1_atac,Naive CD8 T cells,test scATAC,CD14 Monocytes,CD14 Monocytes,test scRNA
ACTAATCCAGGTATTT-1_atac,Memory T cells,test scATAC,NK/Effector T cells,CD14 Monocytes,test scATAC
ACTAGGCGTACTGAAT-1_atac,Memory T cells,test scATAC,Memory T cells,CD14 Monocytes,test scATAC
ACTATCCGTAGGATTT-1_atac,CD16 Monocytes,test scATAC,Naive CD8 T cells,Memory T cells,test scATAC
ACTATCCGTTCACTGT-1_atac,Memory T cells,test scATAC,Naive CD8 T cells,NK/Effector T cells,test scATAC
ACTATGTCAGTTTGTG-1_atac,CD14 Monocytes,test scATAC,Memory T cells,Memory T cells,test scATAC
ACTCAGTAGGAAGCAC-1_atac,NK/Effector T cells,test scATAC,CD14 Monocytes,Memory T cells,test scRNA
ACTCAGTAGGCATGTT-1_atac,CD14 Monocytes,test scATAC,Memory T cells,NK/Effector T cells,test scRNA
ACTCGCGCAAGGAATC-1_atac,B cells,test scATAC,Memory T cells,Memory T cells,test scATAC
ACTCGCTTCATGAAGG-1_atac,Memory T cells,test scATAC,Memory T cells,CD14 Monocytes,test scATAC
ACTTACTTCAGGGCCT-1_atac,CD16 Monocytes,test scATAC,CD14 Monocytes,Memory T cells,test scRNA
ACTTACTTCATAGCCG-1_atac,Memory T cells,test scATAC,CD14 Monocytes,Memory T cells,test scATAC
ACTTAGGGTAGGTTTG-1_atac,Naive CD8 T cells,test scATAC,Memory T cells,B cells,test scATAC
ACTTAGGGTAGTAAGA-1_atac,Memory T cells,test scATAC,Memory T cells,B cells,test scRNA
ACTTAGGGTAGTTGGC-1_atac,Memory T cells,test scATAC,Naive CD8 T cells,CD14 Monocytes,test scRNA
ACTTCGCTCGTAACGT-1_atac,CD14 Monocytes,test scATAC,Memory T cells,Naive CD8 T cells,test scATAC
ACTTGAATCCAAGTTA-1_atac,CD14 Monocytes,test scATAC,Memory T cells,B cells,test scATAC
ACTTGTCGTACCGTAA-1_atac,NK/Effector T cells,test scATAC,CD14 Monocytes,CD14 Monocytes,test scRNA
AGAAACCCATAATGTC-1_atac,NK/Effector T cells,test scATAC,CD16 Monocytes,CD14 Monocytes,test scRNA
AGAAAGGCATCCATCT-1_atac,CD14 Monocytes,test scATAC,Memory T cells,CD14 Monocytes,test scATAC
AGAACCAAGCCGGTAC-1_atac,CD14 Monocytes,test scATAC,NK/Effector T cells,B cells,test scATAC
AGAACCGCACCTAATG-1_atac,Memory T cells,test scATAC,NK/Effector T cells,Memory T cells,test scRNA
AGAAGGTGTAACGGGA-1_atac,CD14 Monocytes,test scATAC,Memory T cells,CD14 Monocytes,test scATAC
AGAATCTGTACTAAAC-1_atac,B cells,test scATAC,NK/Effector T cells,NK/Effector T cells,test scRNA
AGACAATAGGCCTTAG-1_atac,NK/Effector T cells,test scATAC,Memory T cells,Memory T cells,test scATAC
AGACCCGGTAAGCACC-1_atac,CD14 Monocytes,test scATAC,CD14 Monocytes,NK/Effector T cells,test scRNA
AGACTATGTATGGTGC-1_atac,Naive CD8 T cells,test scATAC,CD14 Monocytes,Memory T cells,test scATAC
AGAGAAGCATAGCTGC-1_atac,Memory T cells,test scATAC,CD14 Monocytes,Naive CD8 T cells,test scATAC
AGAGATTAGTCATGCG-1_atac,CD14 Monocytes,test scATAC,Memory T cells,NK/Effector T cells,test scRNA
AGAGGAACACGAATCC-1_atac,Memory T cells,test scATAC,B cells,B cells,test scRNA
AGAGGAACACTTACAG-1_atac,CD14 Monocytes,test scATAC,Memory T cells,Memory T cells,test scATAC
AGAGGAACAGCTTAAT-1_atac,Memory T cells,test scATAC,Memory T cells,CD14 Monocytes,test scRNA
AGAGGATGTTAACAGT-1_atac,CD14 Monocytes,test scATAC,Memory T cells,B cells,test scRNA
AGATGAAGTAATAACC-1_atac,Memory T cells,test scATAC,CD14 Monocytes,CD14 Monocytes,test scATAC
AGATGAAGTACGTTTC-1_atac,CD14 Monocytes,test scATAC,NK/Effector T cells,Memory T cells,test scRNA
AGATGAAGTGTAACCA-1_atac,CD14 Monocytes,test scATAC,Memory T cells,NK/Effector T cells,test scRNA
AGATGAAGTGTCCAAA-1_atac,Memory T cells,test scATAC,CD14 Monocytes,Memory T cells,test scRNA
AGATGAAGTTGGTTCT-1_atac,Memory T cells,test scATAC,Memory T cells,NK/Effector T cells,test scRNA
AGATGCTTCGTTCACC-1_atac,CD14 Monocytes,test scATAC,CD14 Monocytes,Memory T cells,test scRNA
AGCAAATAGCCAGTAT-1_atac,Naive CD8 T cells,test scATAC,Memory T cells,CD16 Monocytes,test scRNA
AGCAAATAGGTGTTAC-1_atac,Naive CD8 T cells,test scATAC,NK/Effector T cells,CD14 Monocytes,test scRNA
AGCAATTGTGGGTACT-1_atac,Memory T cells,test scATAC,Memory T cells,CD14 Monocytes,test scATAC
AGCACAGCATTCCTGT-1_atac,Naive CD8 T cells,test scATAC,Naive CD8 T cells,CD14 Monocytes,test scATAC
AGCACTTAGTTAGCCG-1_atac,Memory T cells,test scATAC,Memory T cells,Memory T cells,test scRNA
AGCCGGTTCCTTCTAG-1_atac,B cells,test scATAC,Memory T cells,Naive CD8 T cells,test scATAC
AGCCTAAGTGCTTACT-1_atac,CD14 Monocytes,test scATAC,Memory T cells,B cells,test scRNA
AGCCTAGTCTTTGACT-1_atac,NK/Effector T cells,test scATAC,Naive CD8 T cells,Memory T cells,test scRNA
AGCCTGGGTAACCAGC-1_atac,Memory T cells,test scATAC,B cells,CD14 Monocytes,test scATAC
AGCCTGGGTAGCTGGT-1_atac,CD14 Monocytes,test scATAC,Memory T cells,CD14 Monocytes,test scRNA
AGCCTGGGTTAGTTGG-1_atac,Naive CD8 T cells,test scATAC,NK/Effector T cells,Naive CD8 T cells,test scRNA
AGCGATTTCGTTCACC-1_atac,CD14 Monocytes,test scATAC,B cells,NK/Effector T cells,test scRNA
AGCGATTTCTGCAACG-1_atac,NK/Effector T cells,test scATAC,CD14 Monocytes,Memory T cells,test scRNA
AGCGCTCAGGTCCTAG-1_atac,NK/Effector T cells,test scATAC,CD14 Monocytes,CD14 Monocytes,test scRNA
AGCGGATAGTTACTTC-1_atac,CD16 Monocytes,test scATAC,Memory T cells,Memory T cells,test scATAC
AGCTAGTTCCGTTATT-1_atac,CD16 Monocytes,test scATAC,Memory T cells,NK/Effector T cells,test scRNA
AGCTATATCGCACAAT-1_atac,CD14 Monocytes,test scATAC,Naive CD8 T cells,Memory T cells,test scRNA
AGCTATATCGGCCAGT-1_atac,CD14 Monocytes,test scATAC,Naive CD8 T cells,CD14 Monocytes,test scRNA
AGCTGCTCATGAAATG-1_atac,CD14 Monocytes,test scATAC,CD14 Monocytes,Memory T cells,test scRNA
AGCTTCCTCAATGAGG-1_atac,CD14 Monocytes,test scATAC,Memory T cells,Naive CD8 T cells,test scRNA
AGGAAACGTCAAACTG-1_atac,NK/Effector T cells,test scATAC,Memory T cells,B cells,test scRNA
AGGAAACGTGGTTATG-1_atac,CD14 Monocytes,test scATAC,NK/Effector T cells,NK/Effector T cells,test scRNA
AGGAACGGTTGGTTCT-1_atac,CD14 Monocytes,test scATAC,Naive CD8 T cells,Naive CD8 T cells,test scATAC
AGGACTAAGGCGGATG-1_atac,CD14 Monocytes,test scATAC,B cells,NK/Effector T cells,test scRNA
AGGACTAAGTTGCCTC-1_atac,CD16 Monocytes,test scATAC,NK/Effector T cells,Memory T cells,test scRNA
AGGAGCTAGATGGAGC-1_atac,Naive CD8 T cells,test scATAC,CD14 Monocytes,CD14 Monocytes,test scATAC
AGGATGCAGGCTAATC-1_atac,CD14 Monocytes,test scATAC,Memory T cells,B cells,test scATAC
AGGATGTCAGCAAATA-1_atac,CD14 Monocytes,test scATAC,Memory T cells,Memory T cells,test scRNA
AGGATTGAGGCTATGT-1_atac,Naive CD8 T cells,test scATAC,Naive CD8 T cells,CD14 Monocytes,test scRNA
AGGCAATCATGAGTTT-1_atac,Memory T cells,test scATAC,CD14 Monocytes,NK/Effector T cells,test scRNA
AGGCTAAAGTATTGTG-1_atac,Memory T cells,test scATAC,Memory T cells,B cells,test scRNA
AGGCTAAAGTCTATGA-1_atac,Memory T cells,test scATAC,Memory T cells,Naive CD8 T cells,test scATAC
AGGCTAGCACAATACT-1_atac,B cells,test scATAC,NK/Effector T cells,CD14 Monocytes,test scRNA
AGGCTAGCACCTGTAA-1_atac,Naive CD8 T cells,test scATAC,Memory T cells,CD14 Monocytes,test scATAC
AGGGCTACAGAATGAC-1_atac,CD14 Monocytes,test scATAC,Memory T cells,Naive CD8 T cells,test scATAC
AGGTAACCAGGCTAGA-1_atac,Memory T cells,test scATAC,CD14 Monocytes,CD14 Monocytes,test scRNA
AGGTATTGTGCTAGCG-1_atac,NK/Effector T cells,test scATAC,NK/Effector T cells,CD14 Monocytes,test scATAC
AGGTCAAAGGCAAGTA-1_atac,CD14 Monocytes,test scATAC,NK/Effector T cells,Memory T cells,test scATAC
AGGTCATTCAAGCTAC-1_atac,B cells,test scATAC,Memory T cells,Memory T cells,test scRNA
AGGTCATTCTTGCAAA-1_atac,Naive CD8 T cells,test scATAC,NK/Effector T cells,Memory T cells,test scATAC
AGGTCCGGTTAGCGTA-1_atac,Memory T cells,test scATAC,Memory T cells,Memory T cells,test scATAC
AGGTCTTAGCAGCTCA-1_atac,NK/Effector T cells,test scATAC,Memory T cells,Memory T cells,test scATAC
AGGTCTTAGTGGACAA-1_atac,CD14 Monocytes,test scATAC,NK/Effector T cells,Memory T cells,test scRNA
AGGTGAATCTAATCTC-1_atac,CD14 Monocytes,test scATAC,NK/Effector T cells,CD14 Monocytes,test scATAC
AGGTTAACAGCAAGTG-1_atac,B cells,test scATAC,B cells,NK/Effector T cells,test scATAC
AGGTTAACAGGTCCTG-1_atac,Naive CD8 T cells,test scATAC,NK/Effector T cells,Naive CD8 T cells,test scATAC
AGGTTAACATGAGCAG-1_atac,Naive CD8 T cells,test scATAC,CD14 Monocytes,B cells,test scATAC
AGGTTTATCACTCAAA-1_atac,CD14 Monocytes,test scATAC,Memory T cells,Naive CD8 T cells,test scATAC
AGGTTTATCTTAGTCT-1_atac,CD14 Monocytes,test scATAC,Memory T cells,CD14 Monocytes,test scRNA
AGTAAACAGCAATAGG-1_atac,CD16 Monocytes,test scATAC,Memory T cells,CD14 Monocytes,test scATAC
AGTAAACAGCAGGTTT-1_atac,CD14 Monocytes,test scATAC,Memory T cells,Memory T cells,test scRNA
AGTAACACAGCTTAAT-1_atac,CD14 Monocytes,test scATAC,Naive CD8 T cells,Memory T cells,test scATAC
AGTAACACATCGCTTT-1_atac,Memory T cells,test scATAC,Memory T cells,CD16 Monocytes,test scATAC
AGTAACGAGACACCGC-1_atac,CD14 Monocytes,test scATAC,Naive CD8 T cells,CD16 Monocytes,test scRNA
AGTAACGAGAGAGCCG-1_atac,CD14 Monocytes,test scATAC,CD14 Monocytes,CD16 Monocytes,test scATAC
AGTAATGCAACCTGGT-1_atac,Memory T cells,test scATAC,NK/Effector T cells,CD16 Monocytes,test scATAC
AGTAGCTTCATAGACC-1_atac,CD14 Monocytes,test scATAC,CD14 Monocytes,Naive CD8 T cells,test scATAC
AGTAGCTTCTCCATAT-1_atac,Naive CD8 T cells,test scATAC,CD14 Monocytes,Memory T cells,test scRNA
AGTAGCTTCTGTGAGT-1_atac,CD14 Monocytes,test scATAC,CD14 Monocytes,CD14 Monocytes,test scATAC
AGTCAAGAGTCATTAG-1_atac,B cells,test scATAC,Memory T cells,Naive CD8 T cells,test scATAC
AGTCGCATCATGCTAA-1_atac,CD14 Monocytes,test scATAC,NK/Effector T cells,Memory T cells,test scATAC
AGTCTTGCAATTATGC-1_atac,NK/Effector T cells,test scATAC,Memory T cells,CD14 Monocytes,test scRNA
AGTCTTGCACAAAGAC-1_atac,CD16 Monocytes,test scATAC,Memory T cells,CD14 Monocytes,test scATAC
AGTCTTGCATTGTGGC-1_atac,Naive CD8 T cells,test scATAC,CD14 Monocytes,CD14 Monocytes,test scRNA
AGTGAGTCATTAAAGG-1_atac,CD16 Monocytes,test scATAC,Memory T cells,CD16 Monocytes,test scATAC
AGTGGACAGCTTACTT-1_atac,Naive CD8 T cells,test scATAC,Naive CD8 T cells,NK/Effector T cells,test scRNA
AGTGGACAGGCGAATA-1_atac,Memory T cells,test scATAC,Naive CD8 T cells,CD14 Monocytes,test scATAC
AGTGTTTCAACAGGTG-1_atac,NK/Effector T cells,test scATAC,Naive CD8 T cells,Memory T cells,test scATAC
AGTTGCAGTAGCCTAA-1_atac,Naive CD8 T cells,test scATAC,Memory T cells,CD14 Monocytes,test scATAC
AGTTGCAGTAGGTTTG-1_atac,CD14 Monocytes,test scATAC,Memory T cells,NK/Effector T cells,test scRNA
AGTTGCGTCCAACTGG-1_atac,Memory T cells,test scATAC,Naive CD8 T cells,Memory T cells,test scRNA
AGTTGGCGTACAAAGA-1_atac,CD16 Monocytes,test scATAC,CD14 Monocytes,CD14 Monocytes,test scATAC
AGTTGTCAGATGGACA-1_atac,Memory T cells,test scATAC,Naive CD8 T cells,CD14 Monocytes,test scRNA
AGTTGTCAGTAAACCC-1_atac,CD16 Monocytes,test scATAC,Naive CD8 T cells,Naive CD8 T cells,test scRNA
ATAACGACACATTAAC-1_atac,Naive CD8 T cells,test scATAC,B cells,NK/Effector T cells,test scRNA
ATAAGCCTCTAGCTTT-1_atac,Memory T cells,test scATAC,Memory T cells,Memory T cells,test scRNA
ATAAGTCGTGAGGTAG-1_atac,CD14 Monocytes,test scATAC,Memory T cells,Memory T cells,test scRNA
ATAGATGCACTTACAG-1_atac,Memory T cells,test scATAC,B cells,Memory T cells,test scRNA
ATATAGGCAGAAACGT-1_atac,B cells,test scATAC,Memory T cells,CD14 Monocytes,test scRNA
ATATGCATCAGCTAAC-1_atac,Naive CD8 T cells,test scATAC,Memory T cells,CD16 Monocytes,test scATAC
ATATGCTCAATAGCAA-1_atac,NK/Effector T cells,test scATAC,CD14 Monocytes,CD16 Monocytes,test scATAC
ATCAAGCTCCTTCTAG-1_atac,NK/Effector T cells,test scATAC,Naive CD8 T cells,Memory T cells,test scATAC
ATCAATCCAAACCTTG-1_atac,CD16 Monocytes,test scATAC,NK/Effector T cells,CD14 Monocytes,test scATAC
ATCAATCCAAGCTTTG-1_atac,Memory T cells,test scATAC,CD14 Monocytes,B cells,test scATAC
ATCACAATCTCCATAT-1_atac,NK/Effector T cells,test scATAC,Memory T cells,Naive CD8 T cells,test scATAC
ATCACTAAGATGGACA-1_atac,B cells,test scATAC,CD14 Monocytes,CD14 Monocytes,test scRNA
ATCAGGTTCCCTGTTA-1_atac,CD16 Monocytes,test scATAC,CD16 Monocytes,Memory T cells,test scRNA
ATCATCAAGCCAGTAT-1_atac,NK/Effector T cells,test scATAC,Memory T cells,B cells,test scRNA
ATCATCAAGGGCCACT-1_atac,CD14 Monocytes,test scATAC,CD14 Monocytes,NK/Effector T cells,test scRNA
ATCCAACAGCGGCTGT-1_atac,Naive CD8 T cells,test scATAC,B cells,NK/Effector T cells,test scATAC
ATCCACCTCGTCAAGT-1_atac,B cells,test scATAC,NK/Effector T cells,CD14 Monocytes,test scATAC
ATCCGTGAGACTCGCA-1_atac,Memory T cells,test scATAC,NK/Effector T cells,Memory T cells,test scRNA
ATCCGTGAGGTCATTA-1_atac,B cells,test scATAC,NK/Effector T cells,CD14 Monocytes,test scATAC
ATCCTCATCTGGTCCT-1_atac,CD14 Monocytes,test scATAC,Memory T cells,B cells,test scRNA
ATCCTCATCTGTGAGT-1_atac,B cells,test scATAC,Memory T cells,NK/Effector T cells,test scRNA
ATCCTGACAATGCGCT-1_atac,Memory T cells,test scATAC,B cells,CD16 Monocytes,test scATAC
ATCCTGACATGTCAAT-1_atac,Memory T cells,test scATAC,B cells,Memory T cells,test scATAC
ATCGAGGCAACAGGAT-1_atac,Naive CD8 T cells,test scATAC,B cells,B cells,test scATAC
ATCTATGAGCAAACCT-1_atac,Naive CD8 T cells,test scATAC,Naive CD8 T cells,Memory T cells,test scRNA
ATCTTTGGTTGTTGGA-1_atac,NK/Effector T cells,test scATAC,CD14 Monocytes,CD14 Monocytes,test scRNA
ATGAAGCCAGCACCAT-1_atac,NK/Effector T cells,test scATAC,CD14 Monocytes,Naive CD8 T cells,test scATAC
ATGACTCAGCACGTTG-1_atac,CD16 Monocytes,test scATAC,NK/Effector T cells,NK/Effector T cells,test scRNA
ATGCATTCACCGGCTA-1_atac,CD14 Monocytes,test scATAC,NK/Effector T cells,Memory T cells,test scRNA
ATGCTTAAGCAACATC-1_atac,NK/Effector T cells,test scATAC,NK/Effector T cells,Naive CD8 T cells,test scRNA
ATGCTTAAGGACCAGG-1_atac,Memory T cells,test scATAC,NK/Effector T cells,Memory T cells,test scRNA
ATGCTTAAGGTCTTGG-1_atac,CD16 Monocytes,test scATAC,B cells,B cells,test scATAC
ATGGCTAGTGTGAGAG-1_atac,Naive CD8 T cells,test scATAC,Memory T cells,Memory T cells,test scRNA
ATGGCTAGTTTGCGCC-1_atac,Memory T cells,test scATAC,Memory T cells,Memory T cells,test scRNA
ATGGCTTAGCCGCAAC-1_atac,CD16 Monocytes,test scATAC,Memory T cells,CD16 Monocytes,test scATAC
ATGGTGCGTTGGTTAG-1_atac,CD14 Monocytes,test scATAC,CD14 Monocytes,NK/Effector T cells,test scATAC
ATGGTTATCTCCATGC-1_atac,CD16 Monocytes,test scATAC,Memory T cells,CD14 Monocytes,test scATAC
ATGTAACGTTTAGCTC-1_atac,Naive CD8 T cells,test scATAC,CD14 Monocytes,Memory T cells,test scRNA
ATGTAAGCATTAGCGC-1_atac,Naive CD8 T cells,test scATAC,CD14 Monocytes,CD14 Monocytes,test scRNA
ATGTTCAAGACTTATG-1_atac,CD14 Monocytes,test scATAC,Memory T cells,CD14 Monocytes,test scATAC
ATGTTTGAGCCGCTAA-1_atac,CD16 Monocytes,test scATAC,CD14 Monocytes,Memory T cells,test scATAC
ATTAACCCACAACAGG-1_atac,CD14 Monocytes,test scATAC,Memory T cells,Memory T cells,test scRNA
ATTACCCGTTTACCGT-1_atac,B cells,test scATAC,Memory T cells,Memory T cells,test scRNA
ATTAGCTCAGCAGGTA-1_atac,CD14 Monocytes,test scATAC,B cells,Memory T cells,test scATAC
ATTAGGTGTCTCAGCC-1_atac,Memory T cells,test scATAC,Memory T cells,B cells,test scATAC
ATTCAACCACTAGCGT-1_atac,CD14 Monocytes,test scATAC,Memory T cells,CD14 Monocytes,test scATAC
ATTCAACCAGGAACAT-1_atac,NK/Effector T cells,test scATAC,CD14 Monocytes,Naive CD8 T cells,test scRNA
ATTCCGGAGCTACTGG-1_atac,Memory T cells,test scATAC,NK/Effector T cells,CD14 Monocytes,test scATAC
ATTCCTAGTATTGTGG-1_atac,CD14 Monocytes,test scATAC,Memory T cells,CD14 Monocytes,test scRNA
ATTCCTAGTCATAACG-1_atac,Memory T cells,test scATAC,CD14 Monocytes,Memory T cells,test scRNA
ATTCCTAGTTGTTGGA-1_atac,NK/Effector T cells,test scATAC,Memory T cells,Memory T cells,test scRNA
ATTCGTTTCCAGGAAA-1_atac,NK/Effector T cells,test scATAC,Memory T cells,Memory T cells,test scATAC
ATTGACTCAATCCTGA-1_atac,Memory T cells,test scATAC,CD14 Monocytes,CD14 Monocytes,test scRNA
ATTGACTCACTTAGGC-1_atac,Memory T cells,test scATAC,CD14 Monocytes,CD14 Monocytes,test scATAC
ATTGCACAGCCTGTTC-1_atac,CD14 Monocytes,test scATAC,CD14 Monocytes,Memory T cells,test scRNA
ATTGCTCGTAAGGTCC-1_atac,CD14 Monocytes,test scATAC,NK/Effector T cells,CD14 Monocytes,test scATAC
ATTGCTCGTACGCGCA-1_atac,Memory T cells,test scATAC,CD16 Monocytes,Memory T cells,test scATAC
ATTGGCTAGTAAGTCC-1_atac,Naive CD8 T cells,test scATAC,CD14 Monocytes,NK/Effector T cells,test scATAC
ATTTGCAAGAGAAGGG-1_atac,Memory T cells,test scATAC,Memory T cells,Memory T cells,test scRNA
ATTTGCGCAGTTTGGC-1_atac,Memory T cells,test scATAC,NK/Effector T cells,Memory T cells,test scRNA
CAAACACTCCACCCTG-1_atac,Naive CD8 T cells,test scATAC,Memory T cells,NK/Effector T cells,test scRNA
CAAACCGTCAAGTGTC-1_atac,Naive CD8 T cells,test scATAC,CD14 Monocytes,Naive CD8 T cells,test scRNA
CAAACGCGTTTGGCTT-1_atac,CD14 Monocytes,test scATAC,Memory T cells,Memory T cells,test scRNA
CAAAGCGCAGCCAGTT-1_atac,CD14 Monocytes,test scATAC,Memory T cells,CD14 Monocytes,test scATAC
CAAAGTGAGTAGGATG-1_atac,B cells,test scATAC,Naive CD8 T cells,NK/Effector T cells,test scRNA
CAAATCATCAGCAAGA-1_atac,NK/Effector T cells,test scATAC,B cells,B cells,test scATAC
CAAATCATCTATGACA-1_atac,CD14 Monocytes,test scATAC,NK/Effector T cells,Memory T cells,test scRNA
CAACAATGTCATGCAA-1_atac,CD14 Monocytes,test scATAC,CD14 Monocytes,CD14 Monocytes,test scRNA
CAACAGGCAGCATGGA-1_atac,B cells,test scATAC,Memory T cells,CD14 Monocytes,test scATAC
CAACCCGCACGCAACT-1_atac,B cells,test scATAC,Memory T cells,NK/Effector T cells,test scATAC
CAACTAATCCTTCGTA-1_atac,CD14 Monocytes,test scATAC,Memory T cells,Memory T cells,test scRNA
CAAGACAAGGTATTGC-1_atac,Memory T cells,test scATAC,CD14 Monocytes,Naive CD8 T cells,test scATAC
CAAGGCTGTACCGGAT-1_atac,NK/Effector T cells,test scATAC,NK/Effector T cells,CD14 Monocytes,test scATAC
CAAGGCTGTGAACAAA-1_atac,Memory T cells,test scATAC,NK/Effector T cells,CD16 Monocytes,test scRNA
CAAGGGAGTGATCAGC-1_atac,B cells,test scATAC,Memory T cells,CD14 Monocytes,test scATAC
CAAGGTAAGTCATTGA-1_atac,Naive CD8 T cells,test scATAC,Naive CD8 T cells,CD14 Monocytes,test scRNA
CAAGGTTTCAGTTCCC-1_atac,B cells,test scATAC,NK/Effector T cells,Memory T cells,test scRNA
CAAGGTTTCCGCCTAT-1_atac,CD14 Monocytes,test scATAC,CD14 Monocytes,Memory T cells,test scATAC
CAAGTATGTCGTTATC-1_atac,CD14 Monocytes,test scATAC,CD14 Monocytes,CD14 Monocytes,test scATAC
CAATAAGCAATGCCCG-1_atac,CD16 Monocytes,test scATAC,CD14 Monocytes,CD14 Monocytes,test scRNA
CAATAAGCACTAGCGT-1_atac,Memory T cells,test scATAC,Memory T cells,NK/Effector T cells,test scATAC
CAATAAGCAGCCTTGG-1_atac,Memory T cells,test scATAC,Memory T cells,CD14 Monocytes,test scATAC
CAATCCCTCACATTGA-1_atac,CD16 Monocytes,test scATAC,NK/Effector T cells,Memory T cells,test scRNA
CAATCCCTCCCGCCTA-1_atac,CD14 Monocytes,test scATAC,Memory T cells,B cells,test scATAC
CAATCGCCATTGTCCT-1_atac,CD14 Monocytes,test scATAC,Memory T cells,Memory T cells,test scRNA
CAATCTAAGCTTCCCG-1_atac,Memory T cells,test scATAC,Memory T cells,NK/Effector T cells,test scATAC
CAATGAACATAATCCG-1_atac,Memory T cells,test scATAC,Memory T cells,B cells,test scRNA
CAATGACTCAAATCGC-1_atac,Naive CD8 T cells,test scATAC,B cells,NK/Effector T cells,test scRNA
CAATGTCAGGAACACA-1_atac,CD14 Monocytes,test scATAC,NK/Effector T cells,B cells,test scRNA
CAATGTCAGGCAACAA-1_atac,Naive CD8 T cells,test scATAC,CD14 Monocytes,B cells,test scRNA
CAATGTCAGGGCCATC-1_atac,CD14 Monocytes,test scATAC,Memory T cells,Memory T cells,test scRNA
CAATGTCAGTAGGATG-1_atac,CD14 Monocytes,test scATAC,CD14 Monocytes,CD16 Monocytes,test scATAC
CACAAGCGTGATTACG-1_atac,Memory T cells,test scATAC,CD14 Monocytes,Memory T cells,test scATAC
CACAGGGAGGAACGGT-1_atac,CD14 Monocytes,test scATAC,Memory T cells,CD16 Monocytes,test scATAC
CACAGGGAGTTATGTG-1_atac,CD14 Monocytes,test scATAC,CD14 Monocytes,Memory T cells,test scRNA
CACCAACCAATTGCGC-1_atac,CD16 Monocytes,test scATAC,CD14 Monocytes,Memory T cells,test scATAC
CACCTCAGTTTGGGCG-1_atac,Memory T cells,test scATAC,CD14 Monocytes,Memory T cells,test scRNA
CACCTGTTCCAACTGG-1_atac,Memory T cells,test scATAC,CD14 Monocytes,CD14 Monocytes,test scRNA
CACTTTGTCAGCTAAC-1_atac,CD16 Monocytes,test scATAC,Memory T cells,Memory T cells,test scRNA
CAGAACCGTGCTTAGA-1_atac,CD14 Monocytes,test scATAC,Memory T cells,Memory T cells,test scRNA
CAGATTCAGGAGTAAT-1_atac,CD14 Monocytes,test scATAC,CD14 Monocytes,B cells,test scATAC
CAGCAAGCACTTAGGC-1_atac,CD14 Monocytes,test scATAC,CD14 Monocytes,CD16 Monocytes,test scRNA
CAGCCTAAGCCTGTGA-1_atac,Memory T cells,test scATAC,B cells,CD14 Monocytes,test scATAC
CAGCCTAAGGTCCACA-1_atac,Naive CD8 T cells,test scATAC,NK/Effector T cells,B cells,test scATAC
CAGCTCAAGAGGAGGA-1_atac,NK/Effector T cells,test scATAC,Memory T cells,CD14 Monocytes,test scATAC
CAGGAAGGTCCTTCTC-1_atac,CD14 Monocytes,test scATAC,Memory T cells,CD14 Monocytes,test scATAC
CAGGACCTCCGTCCAT-1_atac,CD14 Monocytes,test scATAC,CD14 Monocytes,Memory T cells,test scATAC
CAGGCTATCCGCAAGC-1_atac,Memory T cells,test scATAC,Memory T cells,Naive CD8 T cells,test scATAC
CAGGGTGAGCATGTCG-1_atac,NK/Effector T cells,test scATAC,CD14 Monocytes,Naive CD8 T cells,test scRNA
CAGGTCCAGAGAGCCG-1_atac,B cells,test scATAC,Naive CD8 T cells,Memory T cells,test scRNA
CAGGTCCAGGTCGAGG-1_atac,CD14 Monocytes,test scATAC,CD14 Monocytes,Naive CD8 T cells,test scRNA
CAGGTGGAGGAGGCAT-1_atac,CD14 Monocytes,test scATAC,Memory T cells,B cells,test scRNA
CAGGTTTAGTATTGTG-1_atac,Naive CD8 T cells,test scATAC,CD14 Monocytes,Memory T cells,test scATAC
CATAGACTCCATTACT-1_atac,NK/Effector T cells,test scATAC,CD14 Monocytes,Memory T cells,test scATAC
CATAGGCGTCATCCTG-1_atac,CD14 Monocytes,test scATAC,CD14 Monocytes,CD14 Monocytes,test scATAC
CATAGGCGTCCGTGAG-1_atac,CD14 Monocytes,test scATAC,Naive CD8 T cells,Memory T cells,test scATAC
CATAGGCGTTACTTCA-1_atac,Memory T cells,test scATAC,Memory T cells,Naive CD8 T cells,test scATAC
CATAGTCAGCTCAAAC-1_atac,CD16 Monocytes,test scATAC,Naive CD8 T cells,Naive CD8 T cells,test scRNA
CATATCGCACTTCATC-1_atac,NK/Effector T cells,test scATAC,Naive CD8 T cells,CD14 Monocytes,test scATAC
CATCACACATGCTCCC-1_atac,NK/Effector T cells,test scATAC,Memory T cells,NK/Effector T cells,test scRNA
CATCATAAGTACTGGT-1_atac,B cells,test scATAC,Memory T cells,Memory T cells,test scRNA
CATCATGCACTGACCG-1_atac,CD16 Monocytes,test scATAC,Memory T cells,CD16 Monocytes,test scATAC
CATCCTCAGACTTATG-1_atac,Memory T cells,test scATAC,Memory T cells,NK/Effector T cells,test scRNA
CATCCTGGTACGGGTT-1_atac,CD14 Monocytes,test scATAC,Memory T cells,CD14 Monocytes,test scATAC
CATCCTGGTTACTTGC-1_atac,Naive CD8 T cells,test scATAC,NK/Effector T cells,CD14 Monocytes,test scRNA
CATCCTTCACCCACAG-1_atac,CD14 Monocytes,test scATAC,Memory T cells,Naive CD8 T cells,test scATAC
CATGCGCAGGAGTCGG-1_atac,CD16 Monocytes,test scATAC,Memory T cells,Memory T cells,test scRNA
CATGGATTCAAGCTTA-1_atac,B cells,test scATAC,B cells,Memory T cells,test scRNA
CATGGATTCATAACCA-1_atac,Naive CD8 T cells,test scATAC,Memory T cells,Naive CD8 T cells,test scATAC
CATTGCGAGCATGTCG-1_atac,CD16 Monocytes,test scATAC,B cells,NK/Effector T cells,test scATAC
CATTGCGAGTAACGGA-1_atac,CD14 Monocytes,test scATAC,Memory T cells,Memory T cells,test scRNA
CATTGTAAGGACCGCT-1_atac,Memory T cells,test scATAC,Memory T cells,CD14 Monocytes,test scATAC
CATTGTAAGGCAGGTG-1_atac,CD14 Monocytes,test scATAC,NK/Effector T cells,Memory T cells,test scRNA
CATTTGTTCTAAGTGC-1_atac,NK/Effector T cells,test scATAC,CD14 Monocytes,Memory T cells,test scRNA
CCAAACCCAAACGCGA-1_atac,Memory T cells,test scATAC,B cells,NK/Effector T cells,test scRNA
CCAAACCCACCTGTAA-1_atac,Memory T cells,test scATAC,NK/Effector T cells,Memory T cells,test scRNA
CCAAACCCATAGACTT-1_atac,Memory T cells,test scATAC,NK/Effector T cells,Memory T cells,test scRNA
CCAAATCAGGTCCGTA-1_atac,NK/Effector T cells,test scATAC,Memory T cells,B cells,test scATAC
CCAACCAAGCGCTAAT-1_atac,CD16 Monocytes,test scATAC,Memory T cells,CD14 Monocytes,test scATAC
CCAACCCGTGCAATGC-1_atac,Naive CD8 T cells,test scATAC,NK/Effector T cells,Memory T cells,test scATAC
CCAACCCGTGTGAGGA-1_atac,Naive CD8 T cells,test scATAC,B cells,Memory T cells,test scRNA
CCAAGTTAGTAACCAC-1_atac,CD14 Monocytes,test scATAC,CD16 Monocytes,Naive CD8 T cells,test scATAC
CCACAGGGTTAGCGTA-1_atac,B cells,test scATAC,CD14 Monocytes,CD14 Monocytes,test scATAC
CCACATTGTATGTGGC-1_atac,CD14 Monocytes,test scATAC,Memory T cells,Memory T cells,test scATAC
CCACTTGGTGGTTCTT-1_atac,Memory T cells,test scATAC,NK/Effector T cells,Memory T cells,test scRNA
CCAGACTCATTGCGAC-1_atac,CD14 Monocytes,test scATAC,Memory T cells,NK/Effector T cells,test scATAC
CCAGCCTGTTCACCCA-1_atac,Naive CD8 T cells,test scATAC,Naive CD8 T cells,CD14 Monocytes,test scATAC
CCAGCTAAGCCGCTTT-1_atac,B cells,test scATAC,B cells,Memory T cells,test scRNA
CCAGGAACAAACTAAG-1_atac,CD14 Monocytes,test scATAC,CD14 Monocytes,Memory T cells,test scRNA
CCAGGATGTTGGTTAG-1_atac,CD16 Monocytes,test scATAC,NK/Effector T cells,Naive CD8 T cells,test scRNA
CCAGTTTGTAGTCAAT-1_atac,CD14 Monocytes,test scATAC,NK/Effector T cells,CD14 Monocytes,test scATAC
CCATAAGGTTTGTCTA-1_atac,NK/Effector T cells,test scATAC,Memory T cells,CD14 Monocytes,test scRNA
CCATAGCCAATAAGCA-1_atac,NK/Effector T cells,test scATAC,Naive CD8 T cells,CD14 Monocytes,test scATAC
CCATAGCCAATTGACT-1_atac,CD14 Monocytes,test scATAC,CD14 Monocytes,Naive CD8 T cells,test scATAC
CCATCACTCGGTTTGG-1_atac,Memory T cells,test scATAC,B cells,CD16 Monocytes,test scATAC
CCATCATGTGCTTAGA-1_atac,CD16 Monocytes,test scATAC,Memory T cells,Memory T cells,test scRNA
CCCAAACCAGAAATGC-1_atac,CD14 Monocytes,test scATAC,Naive CD8 T cells,NK/Effector T cells,test scATAC
CCCAAACCAGGATTAA-1_atac,CD16 Monocytes,test scATAC,Memory T cells,Memory T cells,test scRNA
CCCAAATAGTGAGCGG-1_atac,Naive CD8 T cells,test scATAC,Memory T cells,CD14 Monocytes,test scATAC
CCCAGTTTCTGTTGCC-1_atac,NK/Effector T cells,test scATAC,Naive CD8 T cells,Memory T cells,test scRNA
CCCAGTTTCTTGGACG-1_atac,Memory T cells,test scATAC,Memory T cells,Memory T cells,test scATAC
CCCATAACAGGAACCA-1_atac,NK/Effector T cells,test scATAC,Memory T cells,B cells,test scATAC
CCCGTAAAGTTAGAGG-1_atac,Memory T cells,test scATAC,Naive CD8 T cells,Memory T cells,test scRNA
CCCGTTGTCAACAAGG-1_atac,CD14 Monocytes,test scATAC,Naive CD8 T cells,Naive CD8 T cells,test scATAC
CCCTCACCAACACCTA-1_atac,Memory T cells,test scATAC,CD14 Monocytes,Naive CD8 T cells,test scATAC
CCCTCACCAGGCTAGA-1_atac,NK/Effector T cells,test scATAC,CD14 Monocytes,Memory T cells,test scRNA
CCCTCAGTCATTTGTC-1_atac,Memory T cells,test scATAC,CD14 Monocytes,CD14 Monocytes,test scRNA
CCCTCATAGCTATTAG-1_atac,CD14 Monocytes,test scATAC,Memory T cells,Memory T cells,test scATAC
CCCTGTTAGCTGTCAG-1_atac,Naive CD8 T cells,test scATAC,Memory T cells,Naive CD8 T cells,test scATAC
CCCTTAATCGATCAGT-1_atac,NK/Effector T cells,test scATAC,NK/Effector T cells,Memory T cells,test scATAC
CCGCACACATGAGCAG-1_atac,CD14 Monocytes,test scATAC,NK/Effector T cells,NK/Effector T cells,test scATAC
CCGCCAACAACCCTCC-1_atac,Memory T cells,test scATAC,NK/Effector T cells,CD14 Monocytes,test scRNA
CCGCTAAAGCTGGAAA-1_atac,B cells,test scATAC,NK/Effector T cells,CD14 Monocytes,test scATAC
CCGCTAGCATGCTATG-1_atac,Naive CD8 T cells,test scATAC,Memory T cells,NK/Effector T cells,test scATAC
CCGCTTAGTATCTGGA-1_atac,Memory T cells,test scATAC,CD14 Monocytes,B cells,test scATAC
CCGGTTAAGGAAGTAT-1_atac,Memory T cells,test scATAC,Memory T cells,Naive CD8 T cells,test scRNA
CCGGTTAAGTCAGGCC-1_atac,Memory T cells,test scATAC,CD14 Monocytes,Naive CD8 T cells,test scRNA
CCGTTATGTGCTTAGA-1_atac,CD14 Monocytes,test scATAC,CD14 Monocytes,CD16 Monocytes,test scATAC
CCGTTTGGTCCTTAGT-1_atac,CD16 Monocytes,test scATAC,B cells,Memory T cells,test scRNA
CCTAAGCCAGTAGGTG-1_atac,Naive CD8 T cells,test scATAC,Memory T cells,Naive CD8 T cells,test scATAC
CCTAAGCCATAAGTTC-1_atac,Naive CD8 T cells,test scATAC,Memory T cells,Memory T cells,test scRNA
CCTAAGCCATTGTGCA-1_atac,Naive CD8 T cells,test scATAC,Memory T cells,CD14 Monocytes,test scRNA
CCTAAGGTCCTGGCTT-1_atac,Memory T cells,test scATAC,NK/Effector T cells,B cells,test scATAC
CCTAATCGTGTAACCA-1_atac,CD16 Monocytes,test scATAC,CD14 Monocytes,CD14 Monocytes,test scATAC
CCTAATCGTTAGGCTA-1_atac,Naive CD8 T cells,test scATAC,Memory T cells,CD14 Monocytes,test scATAC
CCTACTGGTCAAGTGC-1_atac,Naive CD8 T cells,test scATAC,Memory T cells,NK/Effector T cells,test scRNA
CCTACTTCATAAGCAA-1_atac,Memory T cells,test scATAC,NK/Effector T cells,Memory T cells,test scRNA
CCTATAGCAATTAGCT-1_atac,CD14 Monocytes,test scATAC,Memory T cells,Memory T cells,test scRNA
CCTATATTCTAACCAA-1_atac,Memory T cells,test scATAC,B cells,B cells,test scATAC
CCTATTGTCCCTCAAC-1_atac,Naive CD8 T cells,test scATAC,NK/Effector T cells,Memory T cells,test scRNA
CCTCAAACATCGTTCT-1_atac,NK/Effector T cells,test scATAC,Memory T cells,CD14 Monocytes,test scATAC
CCTCAATGTTGGATAT-1_atac,Memory T cells,test scATAC,Memory T cells,NK/Effector T cells,test scRNA
CCTCCTGAGTTCCTCA-1_atac,NK/Effector T cells,test scATAC,CD16 Monocytes,NK/Effector T cells,test scRNA
CCTGAGTCAGGCCAAA-1_atac,Memory T cells,test scATAC,Memory T cells,B cells,test scATAC
CCTGATGAGGGACGCA-1_atac,CD14 Monocytes,test scATAC,Memory T cells,Memory T cells,test scRNA
CCTGGATCAGTTTACG-1_atac,Naive CD8 T cells,test scATAC,B cells,Memory T cells,test scRNA
CCTGTAACAGGTTAAA-1_atac,Memory T cells,test scATAC,Naive CD8 T cells,CD14 Monocytes,test scATAC
CCTGTTGGTCACAGCG-1_atac,B cells,test scATAC,CD16 Monocytes,Memory T cells,test scRNA
CCTTAGTGTCCTAGTT-1_atac,Memory T cells,test scATAC,NK/Effector T cells,Naive CD8 T cells,test scATAC
CCTTAGTGTGTGTCCC-1_atac,Memory T cells,test scATAC,Memory T cells,CD14 Monocytes,test scATAC
CCTTATGTCACACAGT-1_atac,NK/Effector T cells,test scATAC,Memory T cells,NK/Effector T cells,test scRNA
CCTTCGGTCACAGACT-1_atac,CD14 Monocytes,test scATAC,NK/Effector T cells,Memory T cells,test scRNA
CCTTGCGTCACAGGAA-1_atac,Naive CD8 T cells,test scATAC,CD14 Monocytes,NK/Effector T cells,test scATAC
CCTTTAGTCGATTATG-1_atac,NK/Effector T cells,test scATAC,CD14 Monocytes,Memory T cells,test scRNA
CCTTTAGTCTAGCTAA-1_atac,Memory T cells,test scATAC,Naive CD8 T cells,NK/Effector T cells,test scRNA
CGAAATGAGGGCCATC-1_atac,NK/Effector T cells,test scATAC,Memory T cells,CD14 Monocytes,test scRNA
CGAAATGAGGTTAGCT-1_atac,CD14 Monocytes,test scATAC,CD14 Monocytes,Naive CD8 T cells,test scRNA
CGAAATGAGTGAACCT-1_atac,CD14 Monocytes,test scATAC,Memory T cells,Memory T cells,test scRNA
CGAACAAAGGAACACA-1_atac,Naive CD8 T cells,test scATAC,CD14 Monocytes,B cells,test scRNA
CGAACAAAGTCATTTC-1_atac,CD14 Monocytes,test scATAC,Memory T cells,Memory T cells,test scRNA
CGAAGGCCAACCTAAT-1_atac,CD16 Monocytes,test scATAC,Memory T cells,CD14 Monocytes,test scATAC
CGAATATGTGTGAGGA-1_atac,CD14 Monocytes,test scATAC,Memory T cells,Memory T cells,test scATAC
CGAATATGTTCATTTG-1_atac,CD14 Monocytes,test scATAC,NK/Effector T cells,Memory T cells,test scATAC
CGAGGCAAGTCACCAG-1_atac,Naive CD8 T cells,test scATAC,NK/Effector T cells,NK/Effector T cells,test scRNA
CGAGTCGGTATTCGCT-1_atac,CD14 Monocytes,test scATAC,CD14 Monocytes,Memory T cells,test scRNA
CGAGTCGGTGGCTTCC-1_atac,Naive CD8 T cells,test scATAC,Naive CD8 T cells,CD14 Monocytes,test scATAC
CGATGTCCAAAGCGCA-1_atac,NK/Effector T cells,test scATAC,Memory T cells,Memory T cells,test scRNA
CGATGTCCAACTAGCC-1_atac,NK/Effector T cells,test scATAC,Memory T cells,NK/Effector T cells,test scATAC
CGATGTCCAAGCTACC-1_atac,Naive CD8 T cells,test scATAC,B cells,CD14 Monocytes,test scATAC
CGATGTCCAATTAGCT-1_atac,CD14 Monocytes,test scATAC,Memory T cells,B cells,test scATAC
CGATGTCCAGGCTTGT-1_atac,Memory T cells,test scATAC,Naive CD8 T cells,Memory T cells,test scATAC
CGATGTCCAGGTTAAA-1_atac,Memory T cells,test scATAC,Memory T cells,CD14 Monocytes,test scRNA
CGATTCCTCAGCACCA-1_atac,CD16 Monocytes,test scATAC,Naive CD8 T cells,Naive CD8 T cells,test scRNA
CGATTCCTCTTGATGA-1_atac,CD14 Monocytes,test scATAC,Memory T cells,CD14 Monocytes,test scRNA
CGCAATCCAATATACC-1_atac,Memory T cells,test scATAC,B cells,CD14 Monocytes,test scATAC
CGCAATGTCCCATAGG-1_atac,Naive CD8 T cells,test scATAC,CD14 Monocytes,CD14 Monocytes,test scRNA
CGCAATTAGCTTAGCG-1_atac,Naive CD8 T cells,test scATAC,CD16 Monocytes,CD14 Monocytes,test scRNA
CGCATGATCCCTGGTT-1_atac,NK/Effector T cells,test scATAC,Memory T cells,CD14 Monocytes,test scRNA
CGCATTACAGGTCCTG-1_atac,CD14 Monocytes,test scATAC,CD14 Monocytes,CD16 Monocytes,test scATAC
CGCATTACAGTTGCGT-1_atac,CD14 Monocytes,test scATAC,Naive CD8 T cells,Memory T cells,test scATAC
CGCCACACAACTAGAA-1_atac,Naive CD8 T cells,test scATAC,CD14 Monocytes,Memory T cells,test scRNA
CGCCTGTGTGCTAGAC-1_atac,NK/Effector T cells,test scATAC,CD14 Monocytes,Memory T cells,test scRNA
CGCCTGTGTGGTTCTT-1_atac,CD14 Monocytes,test scATAC,NK/Effector T cells,Memory T cells,test scATAC
CGCTAACCAATTGCGC-1_atac,CD14 Monocytes,test scATAC,CD14 Monocytes,CD16 Monocytes,test scRNA
CGCTAACCATAATGTC-1_atac,CD14 Monocytes,test scATAC,CD14 Monocytes,Memory T cells,test scRNA
CGCTAATAGCGCTAAT-1_atac,B cells,test scATAC,CD14 Monocytes,CD14 Monocytes,test scATAC
CGCTAATAGTGAGGTA-1_atac,Memory T cells,test scATAC,Naive CD8 T cells,CD14 Monocytes,test scRNA
CGCTACTTCGTTACAA-1_atac,NK/Effector T cells,test scATAC,Memory T cells,Naive CD8 T cells,test scRNA
CGCTCAGCACAAAGCG-1_atac,Naive CD8 T cells,test scATAC,Memory T cells,NK/Effector T cells,test scRNA
CGCTCCATCACCGGTA-1_atac,NK/Effector T cells,test scATAC,Naive CD8 T cells,CD14 Monocytes,test scRNA
CGCTGTGCAATCGCAC-1_atac,CD14 Monocytes,test scATAC,B cells,Naive CD8 T cells,test scRNA
CGCTTAACACTTGTTC-1_atac,CD16 Monocytes,test scATAC,CD14 Monocytes,Memory T cells,test scRNA
CGCTTCTAGTCATTGA-1_atac,CD14 Monocytes,test scATAC,CD14 Monocytes,NK/Effector T cells,test scRNA
CGGAATCGTGAGCAAG-1_atac,NK/Effector T cells,test scATAC,Memory T cells,Memory T cells,test scRNA
CGGACAACACCCTCAC-1_atac,B cells,test scATAC,Memory T cells,Memory T cells,test scRNA
CGGATTAGTTTCCTCC-1_atac,CD14 Monocytes,test scATAC,CD14 Monocytes,CD14 Monocytes,test scRNA
CGGCAATGTGTGCAAC-1_atac,Memory T cells,test scATAC,Memory T cells,CD14 Monocytes,test scRNA
CGGCTCACATGAATCT-1_atac,B cells,test scATAC,CD14 Monocytes,Naive CD8 T cells,test scATAC
CGGGACAAGACAGGTA-1_atac,Naive CD8 T cells,test scATAC,Memory T cells,Memory T cells,test scRNA
CGGGACAAGCCTAACG-1_atac,B cells,test scATAC,Naive CD8 T cells,CD14 Monocytes,test scRNA
CGGGACAAGCTCGCTT-1_atac,CD14 Monocytes,test scATAC,CD16 Monocytes,Memory T cells,test scATAC
CGGGCTTAGTAGCGGG-1_atac,Memory T cells,test scATAC,NK/Effector T cells,Memory T cells,test scATAC
CGGGTATGTTACTTCA-1_atac,NK/Effector T cells,test scATAC,CD14 Monocytes,Memory T cells,test scATAC
CGGGTCTAGGTCTTGG-1_atac,NK/Effector T cells,test scATAC,Memory T cells,NK/Effector T cells,test scATAC
CGGTGAACAAGTTATC-1_atac,Memory T cells,test scATAC,B cells,Memory T cells,test scATAC
CGGTGAGAGCGAAGTA-1_atac,CD14 Monocytes,test scATAC,NK/Effector T cells,NK/Effector T cells,test scRNA
CGTAACCCAAGGTGCA-1_atac,B cells,test scATAC,Memory T cells,Memory T cells,test scRNA
CGTACGGGTTCCGCAC-1_atac,Memory T cells,test scATAC,Naive CD8 T cells,CD14 Monocytes,test scATAC
CGTAGCGGTAATGGAA-1_atac,B cells,test scATAC,B cells,B cells,test scATAC
CGTCAATAGTCCTTCA-1_atac,CD16 Monocytes,test scATAC,Naive CD8 T cells,CD14 Monocytes,test scATAC
CGTGCTGCAACACCTA-1_atac,CD14 Monocytes,test scATAC,NK/Effector T cells,CD14 Monocytes,test scATAC
CGTGCTGCAAGCCACT-1_atac,Naive CD8 T cells,test scATAC,CD14 Monocytes,Memory T cells,test scATAC
CGTTAAATCCACCTGT-1_atac,Naive CD8 T cells,test scATAC,CD14 Monocytes,NK/Effector T cells,test scRNA
CGTTAACAGCTTAGCG-1_atac,Naive CD8 T cells,test scATAC,Naive CD8 T cells,Memory T cells,test scRNA
CGTTAGTAGGCCCAGT-1_atac,Memory T cells,test scATAC,B cells,NK/Effector T cells,test scATAC
CGTTTCTCAGCTAACC-1_atac,CD14 Monocytes,test scATAC,Memory T cells,CD14 Monocytes,test scATAC
CGTTTCTCATACTCCT-1_atac,NK/Effector T cells,test scATAC,Memory T cells,Memory T cells,test scATAC
CGTTTGTGTTTGCAGA-1_atac,B cells,test scATAC,Memory T cells,B cells,test scATAC
CTAAAGCTCAATGAGG-1_atac,NK/Effector T cells,test scATAC,B cells,CD14 Monocytes,test scATAC
CTAAAGCTCCTCCCTC-1_atac,Memory T cells,test scATAC,CD16 Monocytes,CD14 Monocytes,test scRNA
CTAAATGTCAATCATG-1_atac,Naive CD8 T cells,test scATAC,Memory T cells,CD14 Monocytes,test scATAC
CTAACCACAGCTTAAT-1_atac,Naive CD8 T cells,test scATAC,CD14 Monocytes,Memory T cells,test scATAC
CTAACCTGTTCCGCAC-1_atac,CD14 Monocytes,test scATAC,Memory T cells,CD14 Monocytes,test scRNA
CTAAGGTTCGGCCATA-1_atac,NK/Effector T cells,test scATAC,Naive CD8 T cells,Memory T cells,test scRNA
CTAAGTCAGGTCATTA-1_atac,Naive CD8 T cells,test scATAC,B cells,B cells,test scRNA
CTAAGTCAGTCTATGA-1_atac,Naive CD8 T cells,test scATAC,B cells,Naive CD8 T cells,test scATAC
CTAATCCGTCATAGAT-1_atac,Naive CD8 T cells,test scATAC,CD14 Monocytes,CD14 Monocytes,test scRNA
CTAATGTCAAGGTAAC-1_atac,CD14 Monocytes,test scATAC,CD14 Monocytes,Memory T cells,test scRNA
CTAATGTCAGTGAACG-1_atac,CD14 Monocytes,test scATAC,Memory T cells,Memory T cells,test scATAC
CTAATTGAGCTTTGGG-1_atac,Naive CD8 T cells,test scATAC,Memory T cells,Memory T cells,test scRNA
CTAGCTTGTATTTGGG-1_atac,Memory T cells,test scATAC,B cells,NK/Effector T cells,test scATAC
CTAGCTTGTCTTGCTG-1_atac,CD14 Monocytes,test scATAC,B cells,Memory T cells,test scRNA
CTAGGCGGTTACCGGG-1_atac,CD14 Monocytes,test scATAC,CD16 Monocytes,CD14 Monocytes,test scATAC
CTAGTAATCAATACGC-1_atac,CD14 Monocytes,test scATAC,CD16 Monocytes,CD14 Monocytes,test scATAC
CTAGTAATCGGTTAGT-1_atac,CD14 Monocytes,test scATAC,CD14 Monocytes,NK/Effector T cells,test scRNA
CTAGTCGAGCAAGATG-1_atac,Memory T cells,test scATAC,NK/Effector T cells,Memory T cells,test scRNA
CTAGTGAGTCCACAAA-1_atac,CD14 Monocytes,test scATAC,Naive CD8 T cells,Naive CD8 T cells,test scATAC
CTAGTTGCAAACTGTT-1_atac,Memory T cells,test scATAC,B cells,NK/Effector T cells,test scATAC
CTATGATCAGTAGGTG-1_atac,CD14 Monocytes,test scATAC,Memory T cells,CD14 Monocytes,test scRNA
CTATTGAAGTCACTAA-1_atac,NK/Effector T cells,test scATAC,CD14 Monocytes,Memory T cells,test scRNA
CTCACTCAGTAGGCGG-1_atac,CD14 Monocytes,test scATAC,Memory T cells,Memory T cells,test scRNA
CTCAGGATCAGGTCCA-1_atac,NK/Effector T cells,test scATAC,Naive CD8 T cells,Memory T cells,test scRNA
CTCAGGATCGAGGTGG-1_atac,CD14 Monocytes,test scATAC,CD14 Monocytes,Memory T cells,test scRNA
CTCCCTGAGCGAAGTA-1_atac,NK/Effector T cells,test scATAC,Memory T cells,Memory T cells,test scRNA
CTCCCTGAGGCGGATG-1_atac,NK/Effector T cells,test scATAC,NK/Effector T cells,Naive CD8 T cells,test scRNA
CTCCGGACACAACCTA-1_atac,Naive CD8 T cells,test scATAC,CD14 Monocytes,Naive CD8 T cells,test scATAC
CTCCGTCCAATTAGCT-1_atac,CD14 Monocytes,test scATAC,Memory T cells,Naive CD8 T cells,test scRNA
CTCCGTCCAGTGAACG-1_atac,CD14 Monocytes,test scATAC,Memory T cells,Memory T cells,test scRNA
CTCCTAATCGAGGAGT-1_atac,CD14 Monocytes,test scATAC,NK/Effector T cells,CD14 Monocytes,test scATAC
CTCCTCACACATACTG-1_atac,CD16 Monocytes,test scATAC,CD14 Monocytes,Memory T cells,test scRNA
CTCCTGAGTGTTCCCA-1_atac,Memory T cells,test scATAC,NK/Effector T cells,NK/Effector T cells,test scRNA
CTCGACAAGACTCGCA-1_atac,NK/Effector T cells,test scATAC,CD14 Monocytes,CD16 Monocytes,test scRNA
CTCGCTAGTACAATGT-1_atac,Memory T cells,test scATAC,B cells,CD16 Monocytes,test scRNA
CTCGCTCCACCAGCAT-1_atac,Memory T cells,test scATAC,CD14 Monocytes,Naive CD8 T cells,test scATAC
CTCTATGTCGCAACAT-1_atac,Memory T cells,test scATAC,CD14 Monocytes,Memory T cells,test scRNA
CTCTATGTCGTGCTTC-1_atac,B cells,test scATAC,B cells,NK/Effector T cells,test scRNA
CTCTCACAGTTAGAGG-1_atac,CD14 Monocytes,test scATAC,CD14 Monocytes,B cells,test scATAC
CTCTGTTCAGGCTTGT-1_atac,Memory T cells,test scATAC,Memory T cells,CD14 Monocytes,test scATAC
CTCTGTTCATTCCTCG-1_atac,CD14 Monocytes,test scATAC,Memory T cells,NK/Effector T cells,test scATAC
CTGACCAAGGTGCGGA-1_atac,CD14 Monocytes,test scATAC,NK/Effector T cells,CD16 Monocytes,test scATAC
CTGACCAAGTGCTGTG-1_atac,NK/Effector T cells,test scATAC,CD14 Monocytes,NK/Effector T cells,test scATAC
CTGCAATAGGCATGAA-1_atac,CD14 Monocytes,test scATAC,NK/Effector T cells,B cells,test scRNA
CTGGACCAGACAGGCG-1_atac,CD14 Monocytes,test scATAC,Memory T cells,Memory T cells,test scATAC
CTGGACCAGCATGGTT-1_atac,CD16 Monocytes,test scATAC,Memory T cells,NK/Effector T cells,test scATAC
CTGGCTAAGCTATATG-1_atac,CD14 Monocytes,test scATAC,Memory T cells,NK/Effector T cells,test scATAC
CTGGTCAAGGCACAGG-1_atac,Memory T cells,test scATAC,Memory T cells,CD14 Monocytes,test scATAC
CTGGTTACAAGGTGGC-1_atac,Naive CD8 T cells,test scATAC,CD14 Monocytes,Memory T cells,test scRNA
CTGTACCTCTCGCCCA-1_atac,NK/Effector T cells,test scATAC,Memory T cells,Memory T cells,test scRNA
CTGTATTTCACAAGCT-1_atac,Memory T cells,test scATAC,CD14 Monocytes,CD14 Monocytes,test scATAC
CTGTGTGAGCGCCTAA-1_atac,Memory T cells,test scATAC,Naive CD8 T cells,Naive CD8 T cells,test scATAC
CTGTTCATCAGTTCCC-1_atac,CD14 Monocytes,test scATAC,Memory T cells,Naive CD8 T cells,test scATAC
CTGTTGGAGCATGTTA-1_atac,B cells,test scATAC,CD14 Monocytes,Memory T cells,test scATAC
CTGTTGGAGCCGCAGT-1_atac,B cells,test scATAC,NK/Effector T cells,CD14 Monocytes,test scRNA
CTGTTGGAGGCTACAT-1_atac,B cells,test scATAC,Memory T cells,CD14 Monocytes,test scRNA
CTTAAGGGTTGGTTCT-1_atac,CD16 Monocytes,test scATAC,CD14 Monocytes,CD14 Monocytes,test scRNA
CTTACTAGTTCCGGGA-1_atac,CD14 Monocytes,test scATAC,B cells,B cells,test scATAC
CTTAGGAGTTACAAAC-1_atac,NK/Effector T cells,test scATAC,Naive CD8 T cells,B cells,test scRNA
CTTAGTTTCGATTTAG-1_atac,Naive CD8 T cells,test scATAC,Memory T cells,B cells,test scRNA
CTTATTGGTCGACTAA-1_atac,CD14 Monocytes,test scATAC,Naive CD8 T cells,Naive CD8 T cells,test scRNA
CTTCAATTCAGCATTA-1_atac,CD14 Monocytes,test scATAC,CD14 Monocytes,B cells,test scRNA
CTTCACTCACACTAAT-1_atac,Naive CD8 T cells,test scATAC,Memory T cells,CD14 Monocytes,test scATAC
CTTCATCCAACAGGTG-1_atac,Memory T cells,test scATAC,CD14 Monocytes,CD14 Monocytes,test scATAC
CTTCGCGTCCGTTATT-1_atac,CD14 Monocytes,test scATAC,CD16 Monocytes,NK/Effector T cells,test scRNA
CTTGAATCATTCCTCG-1_atac,Memory T cells,test scATAC,CD14 Monocytes,Naive CD8 T cells,test scRNA
CTTGACGAGTCACTCC-1_atac,Naive CD8 T cells,test scATAC,Memory T cells,CD14 Monocytes,test scATAC
CTTGCAACACAGACTC-1_atac,Naive CD8 T cells,test scATAC,CD14 Monocytes,Memory T cells,test scRNA
CTTGCGCGTCCGGTTC-1_atac,Memory T cells,test scATAC,Memory T cells,Memory T cells,test scRNA
CTTGCGCGTTAACGGC-1_atac,Memory T cells,test scATAC,Memory T cells,Memory T cells,test scATAC
CTTGGACCAAACTGCC-1_atac,NK/Effector T cells,test scATAC,Memory T cells,Naive CD8 T cells,test scRNA
CTTGGACCACCAACCG-1_atac,CD14 Monocytes,test scATAC,Memory T cells,Naive CD8 T cells,test scRNA
CTTGTCCAGACAAGTG-1_atac,CD14 Monocytes,test scATAC,Memory T cells,CD14 Monocytes,test scRNA
CTTTAGGCAAGGCCAA-1_atac,B cells,test scATAC,Memory T cells,Memory T cells,test scRNA
CTTTAGTTCATGCATA-1_atac,Naive CD8 T cells,test scATAC,CD14 Monocytes,Naive CD8 T cells,test scRNA
CTTTAGTTCATTTGTC-1_atac,Memory T cells,test scATAC,Memory T cells,Memory T cells,test scRNA
CTTTATGGTGCATCGG-1_atac,CD16 Monocytes,test scATAC,Memory T cells,Memory T cells,test scRNA
CTTTATGGTTGTCCAT-1_atac,Memory T cells,test scATAC,Naive CD8 T cells,Memory T cells,test scRNA
CTTTATGGTTTCGCCA-1_atac,NK/Effector T cells,test scATAC,CD14 Monocytes,Memory T cells,test scATAC
CTTTCTTGTACCGTTT-1_atac,CD16 Monocytes,test scATAC,NK/Effector T cells,NK/Effector T cells,test scRNA
CTTTCTTGTCCAAATG-1_atac,CD14 Monocytes,test scATAC,Memory T cells,CD14 Monocytes,test scATAC
CTTTGGTGTACCTTAC-1_atac,CD14 Monocytes,test scATAC,Memory T cells,Memory T cells,test scRNA
CTTTGGTGTCGCATAA-1_atac,Memory T cells,test scATAC,Memory T cells,Memory T cells,test scRNA
GAAACCCGTATTTGGG-1_atac,Naive CD8 T cells,test scATAC,Memory T cells,Memory T cells,test scRNA
GAACCTGTCATGTGGT-1_atac,CD14 Monocytes,test scATAC,Memory T cells,Memory T cells,test scRNA
GAACGAATCATTGCGG-1_atac,Naive CD8 T cells,test scATAC,Memory T cells,B cells,test scRNA
GAAGCTAAGGACCGCT-1_atac,CD14 Monocytes,test scATAC,Memory T cells,CD14 Monocytes,test scRNA
GAAGCTAAGTCTGGGC-1_atac,Memory T cells,test scATAC,Memory T cells,Memory T cells,test scATAC
GAAGGAACAGAAATTG-1_atac,Naive CD8 T cells,test scATAC,CD14 Monocytes,Naive CD8 T cells,test scRNA
GAAGGCTAGGCAATAG-1_atac,Memory T cells,test scATAC,Memory T cells,CD14 Monocytes,test scATAC
GAAGTAAGTCGTAATG-1_atac,Memory T cells,test scATAC,Memory T cells,Memory T cells,test scRNA
GAAGTATAGGAAACTG-1_atac,Naive CD8 T cells,test scATAC,CD14 Monocytes,CD14 Monocytes,test scRNA
GAATTTGTCACAGCCA-1_atac,CD14 Monocytes,test scATAC,NK/Effector T cells,CD14 Monocytes,test scRNA
GACATTATCCATAATG-1_atac,NK/Effector T cells,test scATAC,Memory T cells,CD14 Monocytes,test scRNA
GACCGAACAACTCGCG-1_atac,Naive CD8 T cells,test scATAC,NK/Effector T cells,CD14 Monocytes,test scATAC
GACCGAACATGTTGGC-1_atac,NK/Effector T cells,test scATAC,CD14 Monocytes,NK/Effector T cells,test scATAC
GACCTGATCATCCTCA-1_atac,CD16 Monocytes,test scATAC,Memory T cells,Memory T cells,test scRNA
GACTATTCACGTAATT-1_atac,CD14 Monocytes,test scATAC,B cells,Memory T cells,test scATAC
GACTATTCAGTGAACG-1_atac,NK/Effector T cells,test scATAC,Naive CD8 T cells,Memory T cells,test scRNA
GACTCACCACCACAAC-1_atac,B cells,test scATAC,Memory T cells,CD14 Monocytes,test scRNA
GACTTACAGCTACTGG-1_atac,Naive CD8 T cells,test scATAC,Memory T cells,CD14 Monocytes,test scATAC
GACTTAGGTACTTCAC-1_atac,CD16 Monocytes,test scATAC,B cells,CD14 Monocytes,test scRNA
GACTTAGGTTGTTGTC-1_atac,CD14 Monocytes,test scATAC,NK/Effector T cells,Memory T cells,test scATAC
GACTTAGGTTTAAAGC-1_atac,CD14 Monocytes,test scATAC,Memory T cells,Naive CD8 T cells,test scATAC
GACTTGGTCATTAGGC-1_atac,Naive CD8 T cells,test scATAC,Memory T cells,Memory T cells,test scRNA
GAGATAAGTTCACCCA-1_atac,CD14 Monocytes,test scATAC,Memory T cells,CD14 Monocytes,test scATAC
GAGCAAATCATTGCAA-1_atac,Naive CD8 T cells,test scATAC,CD14 Monocytes,CD14 Monocytes,test scRNA
GAGCAAGGTAGACAAA-1_atac,CD16 Monocytes,test scATAC,CD14 Monocytes,B cells,test scRNA
GAGCCTTCAGCCTGCA-1_atac,Memory T cells,test scATAC,Memory T cells,Naive CD8 T cells,test scRNA
GAGCCTTCATTGTCCT-1_atac,NK/Effector T cells,test scATAC,CD14 Monocytes,Memory T cells,test scATAC
GAGCGATAGTTATGGC-1_atac,CD14 Monocytes,test scATAC,NK/Effector T cells,Memory T cells,test scRNA
GAGCGGTCAAGGGTTG-1_atac,CD14 Monocytes,test scATAC,Memory T cells,CD16 Monocytes,test scATAC
GAGCGGTCACCCTCAC-1_atac,B cells,test scATAC,Memory T cells,NK/Effector T cells,test scRNA
GAGCTAGCACACCAAC-1_atac,B cells,test scATAC,NK/Effector T cells,Memory T cells,test scRNA
GAGCTGCTCATAACTG-1_atac,NK/Effector T cells,test scATAC,Naive CD8 T cells,B cells,test scATAC
GAGCTGCTCATGCCTC-1_atac,CD14 Monocytes,test scATAC,CD14 Monocytes,CD14 Monocytes,test scATAC
GAGCTGCTCCTGTTCA-1_atac,NK/Effector T cells,test scATAC,CD14 Monocytes,Naive CD8 T cells,test scRNA
GAGCTTGTCCTCCTAA-1_atac,CD14 Monocytes,test scATAC,Memory T cells,B cells,test scATAC
GAGCTTGTCCTGAATA-1_atac,Naive CD8 T cells,test scATAC,CD14 Monocytes,CD14 Monocytes,test scRNA
GAGGACTAGCTAAAGG-1_atac,Memory T cells,test scATAC,CD14 Monocytes,Memory T cells,test scRNA
GAGGAGGCATGCTATG-1_atac,CD14 Monocytes,test scATAC,Memory T cells,NK/Effector T cells,test scATAC
GAGGCTTGTATTGAGT-1_atac,Memory T cells,test scATAC,Memory T cells,CD14 Monocytes,test scRNA
GAGGGAGCAGCATGTC-1_atac,Memory T cells,test scATAC,Memory T cells,CD14 Monocytes,test scATAC
GAGGTACAGGACCGCT-1_atac,CD16 Monocytes,test scATAC,Memory T cells,Memory T cells,test scATAC
GAGGTAGGTAGGTTAT-1_atac,Naive CD8 T cells,test scATAC,Memory T cells,B cells,test scRNA
GAGGTGAGTAAGCACC-1_atac,NK/Effector T cells,test scATAC,Memory T cells,Memory T cells,test scRNA
GAGGTGAGTAGCCTAA-1_atac,CD16 Monocytes,test scATAC,Memory T cells,NK/Effector T cells,test scRNA
GAGGTGAGTAGGTTAT-1_atac,CD14 Monocytes,test scATAC,Memory T cells,B cells,test scRNA
GAGGTGAGTGTGTGGT-1_atac,Memory T cells,test scATAC,B cells,Memory T cells,test scRNA
GAGGTGAGTGTTTCAC-1_atac,Naive CD8 T cells,test scATAC,CD14 Monocytes,Memory T cells,test scATAC
GAGTAACCAGATAGAC-1_atac,CD14 Monocytes,test scATAC,NK/Effector T cells,CD14 Monocytes,test scRNA
GAGTAACCATGAGCAG-1_atac,CD14 Monocytes,test scATAC,NK/Effector T cells,Memory T cells,test scRNA
GATAAAGGTTTATGGG-1_atac,CD14 Monocytes,test scATAC,CD14 Monocytes,Memory T cells,test scRNA
GATAACGAGCTTAGCG-1_atac,NK/Effector T cells,test scATAC,Memory T cells,CD14 Monocytes,test scATAC
GATAACGAGTCAATTG-1_atac,CD14 Monocytes,test scATAC,CD14 Monocytes,B cells,test scRNA
GATAACGAGTTAGCTA-1_atac,Memory T cells,test scATAC,CD14 Monocytes,Memory T cells,test scRNA
GATAAGCCAAGACTCC-1_atac,Memory T cells,test scATAC,NK/Effector T cells,CD14 Monocytes,test scRNA
GATAATCGTACAAAGA-1_atac,Naive CD8 T cells,test scATAC,CD14 Monocytes,Memory T cells,test scATAC
GATAGACCACTCAACA-1_atac,CD14 Monocytes,test scATAC,Memory T cells,Naive CD8 T cells,test scRNA
GATCACTAGGACCTCA-1_atac,B cells,test scATAC,Memory T cells,Memory T cells,test scRNA
GATCAGTTCAATCATG-1_atac,CD14 Monocytes,test scATAC,Memory T cells,Naive CD8 T cells,test scATAC
GATCAGTTCGGTCAAT-1_atac,B cells,test scATAC,CD14 Monocytes,CD14 Monocytes,test scATAC
GATCCGTCAGTTAAAG-1_atac,Naive CD8 T cells,test scATAC,CD14 Monocytes,Memory T cells,test scATAC
GATCGCTCATTAGCCA-1_atac,Naive CD8 T cells,test scATAC,Memory T cells,Memory T cells,test scRNA
GATGCAGCAAGGATTA-1_atac,CD14 Monocytes,test scATAC,CD16 Monocytes,Memory T cells,test scRNA
GATGCAGCACGTTACA-1_atac,CD14 Monocytes,test scATAC,CD14 Monocytes,CD14 Monocytes,test scRNA
GATGCTTAGGAGCACG-1_atac,Memory T cells,test scATAC,Memory T cells,CD14 Monocytes,test scATAC
GATGGCTGTACGATTG-1_atac,CD14 Monocytes,test scATAC,Memory T cells,CD14 Monocytes,test scATAC
GATGGCTGTCCGCTGT-1_atac,CD14 Monocytes,test scATAC,Memory T cells,Memory T cells,test scRNA
GATTACGGTTGGATCA-1_atac,Memory T cells,test scATAC,Memory T cells,Memory T cells,test scRNA
GATTACTCAATTGAAG-1_atac,Memory T cells,test scATAC,Memory T cells,CD14 Monocytes,test scRNA
GATTACTCAGGAACTG-1_atac,B cells,test scATAC,Memory T cells,CD14 Monocytes,test scRNA
GATTACTCAGTTAAAG-1_atac,NK/Effector T cells,test scATAC,Memory T cells,Memory T cells,test scRNA
GATTAGCTCTAAGTGC-1_atac,Memory T cells,test scATAC,Memory T cells,Memory T cells,test scATAC
GATTATGTCAAACACC-1_atac,B cells,test scATAC,Naive CD8 T cells,NK/Effector T cells,test scATAC
GATTATGTCCTCACTA-1_atac,Memory T cells,test scATAC,Memory T cells,Memory T cells,test scATAC
GATTCAATCGCTTCTA-1_atac,Naive CD8 T cells,test scATAC,CD14 Monocytes,Naive CD8 T cells,test scATAC
GATTCAATCTGTAATG-1_atac,Memory T cells,test scATAC,CD14 Monocytes,Memory T cells,test scATAC
GATTGCAGTGAGGTGA-1_atac,CD14 Monocytes,test scATAC,CD16 Monocytes,NK/Effector T cells,test scRNA
GATTGGCGTACCAGGT-1_atac,Memory T cells,test scATAC,Memory T cells,B cells,test scATAC
GATTGGCGTGTTAGCA-1_atac,Memory T cells,test scATAC,CD14 Monocytes,NK/Effector T cells,test scRNA
GATTGGTTCCCGAAGC-1_atac,B cells,test scATAC,Naive CD8 T cells,CD14 Monocytes,test scATAC
GCAAACAAGCAAACCT-1_atac,CD14 Monocytes,test scATAC,B cells,CD14 Monocytes,test scATAC
GCAAACTTCACTCAAA-1_atac,CD16 Monocytes,test scATAC,B cells,CD14 Monocytes,test scATAC
GCAAACTTCAGGATGA-1_atac,CD14 Monocytes,test scATAC,Memory T cells,Naive CD8 T cells,test scATAC
GCAAGCCTCTCGCCTG-1_atac,Memory T cells,test scATAC,Memory T cells,NK/Effector T cells,test scRNA
GCAATAGAGATTGAGG-1_atac,CD14 Monocytes,test scATAC,NK/Effector T cells,CD14 Monocytes,test scRNA
GCAATATGTAGGTTGC-1_atac,CD16 Monocytes,test scATAC,Naive CD8 T cells,Naive CD8 T cells,test scATAC
GCAATGAAGTAGCGGG-1_atac,NK/Effector T cells,test scATAC,CD14 Monocytes,Naive CD8 T cells,test scATAC
GCAATGTTCATGACCG-1_atac,CD16 Monocytes,test scATAC,CD14 Monocytes,NK/Effector T cells,test scATAC
GCAATGTTCCTGGTCT-1_atac,CD14 Monocytes,test scATAC,Memory T cells,CD14 Monocytes,test scATAC
GCACCTAAGGTGAAAT-1_atac,CD14 Monocytes,test scATAC,NK/Effector T cells,CD14 Monocytes,test scATAC
GCACGAACAGACAAAC-1_atac,Naive CD8 T cells,test scATAC,Memory T cells,Naive CD8 T cells,test scRNA
GCACGCTAGGAAACTG-1_atac,CD14 Monocytes,test scATAC,Memory T cells,NK/Effector T cells,test scRNA
GCACTAAGTAACCAGC-1_atac,Memory T cells,test scATAC,CD14 Monocytes,Naive CD8 T cells,test scRNA
GCACTAAGTTCATCTA-1_atac,Naive CD8 T cells,test scATAC,CD14 Monocytes,NK/Effector T cells,test scRNA
GCACTTACAGCAGGTA-1_atac,B cells,test scATAC,Memory T cells,Memory T cells,test scATAC
GCAGCTATCTGTTGCC-1_atac,CD14 Monocytes,test scATAC,Memory T cells,CD14 Monocytes,test scATAC
GCAGGAAGTCCCGAAG-1_atac,NK/Effector T cells,test scATAC,CD14 Monocytes,CD16 Monocytes,test scATAC
GCAGGATAGAAAGGAA-1_atac,Naive CD8 T cells,test scATAC,Memory T cells,CD14 Monocytes,test scRNA
GCAGGATAGTTAGGCT-1_atac,NK/Effector T cells,test scATAC,CD14 Monocytes,CD16 Monocytes,test scRNA
GCAGGCAAGCAGGTTT-1_atac,CD14 Monocytes,test scATAC,Memory T cells,Memory T cells,test scRNA
GCAGGCAAGGACCTGC-1_atac,Naive CD8 T cells,test scATAC,CD14 Monocytes,CD14 Monocytes,test scRNA
GCATGAAAGCGAGGTG-1_atac,Memory T cells,test scATAC,CD14 Monocytes,Naive CD8 T cells,test scATAC
GCATGAAAGGCAATAG-1_atac,Memory T cells,test scATAC,Memory T cells,NK/Effector T cells,test scRNA
GCATTAGGTATGGTGC-1_atac,CD16 Monocytes,test scATAC,Memory T cells,Memory T cells,test scRNA
GCATTAGGTATTCGTC-1_atac,Memory T cells,test scATAC,Memory T cells,Memory T cells,test scRNA
GCCAACATCCGGCTAA-1_atac,CD14 Monocytes,test scATAC,Memory T cells,Memory T cells,test scATAC
GCCACACAGGTCCTGA-1_atac,Naive CD8 T cells,test scATAC,CD16 Monocytes,CD16 Monocytes,test scATAC
GCCACTAAGGAACCGG-1_atac,Naive CD8 T cells,test scATAC,Memory T cells,B cells,test scATAC
GCCAGGAAGGAACCGG-1_atac,CD14 Monocytes,test scATAC,B cells,B cells,test scATAC
GCCAGGTTCCAAACAC-1_atac,CD14 Monocytes,test scATAC,Memory T cells,CD16 Monocytes,test scATAC
GCCAGGTTCGTCAAGT-1_atac,CD14 Monocytes,test scATAC,NK/Effector T cells,CD14 Monocytes,test scRNA
GCCATTACAGCCTAAC-1_atac,Memory T cells,test scATAC,NK/Effector T cells,B cells,test scATAC
GCCCATAAGCCGCAGT-1_atac,Memory T cells,test scATAC,CD14 Monocytes,CD14 Monocytes,test scATAC
GCCTATTGTCATTGTC-1_atac,CD14 Monocytes,test scATAC,CD14 Monocytes,NK/Effector T cells,test scRNA
GCCTATTGTTATCCGT-1_atac,Memory T cells,test scATAC,CD14 Monocytes,CD14 Monocytes,test scRNA
GCCTCGACACGAATCC-1_atac,Naive CD8 T cells,test scATAC,Memory T cells,Naive CD8 T cells,test scATAC
GCCTCGACAGTGAACG-1_atac,CD14 Monocytes,test scATAC,Naive CD8 T cells,CD14 Monocytes,test scRNA
GCCTGTGCAGGCGAGT-1_atac,CD14 Monocytes,test scATAC,B cells,NK/Effector T cells,test scATAC
GCCTTAACACAATGTT-1_atac,CD14 Monocytes,test scATAC,Naive CD8 T cells,CD14 Monocytes,test scRNA
GCCTTAACACTTAGGC-1_atac,Memory T cells,test scATAC,Memory T cells,CD14 Monocytes,test scATAC
GCCTTAACAGCATGAG-1_atac,B cells,test scATAC,NK/Effector T cells,CD14 Monocytes,test scATAC
GCCTTAACAGGCGAGT-1_atac,CD16 Monocytes,test scATAC,Naive CD8 T cells,Memory T cells,test scRNA
GCCTTACTCACTAAGC-1_atac,Memory T cells,test scATAC,Memory T cells,B cells,test scATAC
GCCTTACTCTTGCTAT-1_atac,NK/Effector T cells,test scATAC,Memory T cells,CD14 Monocytes,test scRNA
GCCTTAGAGCTGCACA-1_atac,CD16 Monocytes,test scATAC,NK/Effector T cells,CD14 Monocytes,test scRNA
GCCTTAGAGTTATGGC-1_atac,Memory T cells,test scATAC,CD14 Monocytes,Memory T cells,test scRNA
GCCTTGCGTCATAACG-1_atac,CD14 Monocytes,test scATAC,B cells,Memory T cells,test scRNA
GCCTTGCGTTAAGCTG-1_atac,NK/Effector T cells,test scATAC,Memory T cells,Memory T cells,test scATAC
GCGAAGTAGGGTGAAC-1_atac,CD14 Monocytes,test scATAC,NK/Effector T cells,NK/Effector T cells,test scRNA
GCGCAAACATAAGCAA-1_atac,Naive CD8 T cells,test scATAC,Memory T cells,Naive CD8 T cells,test scRNA
GCGCTAGGTTTGCGCC-1_atac,Memory T cells,test scATAC,Memory T cells,NK/Effector T cells,test scRNA
GCGCTTAAGCTCCCTG-1_atac,NK/Effector T cells,test scATAC,Memory T cells,NK/Effector T cells,test scRNA
GCGCTTGCATTAGCCA-1_atac,NK/Effector T cells,test scATAC,B cells,CD14 Monocytes,test scRNA
GCGGAACCAAGCTTTG-1_atac,NK/Effector T cells,test scATAC,NK/Effector T cells,CD14 Monocytes,test scRNA
GCGGAACCACAAAGGT-1_atac,NK/Effector T cells,test scATAC,CD14 Monocytes,Memory T cells,test scRNA
GCGGAACCATCACAGC-1_atac,Memory T cells,test scATAC,Memory T cells,CD14 Monocytes,test scRNA
GCGGGTTTCCCTGTTA-1_atac,CD14 Monocytes,test scATAC,B cells,CD14 Monocytes,test scRNA
GCGTGCTAGCCTGATG-1_atac,Naive CD8 T cells,test scATAC,Memory T cells,Memory T cells,test scRNA
GCTAACAGTAAATTGC-1_atac,Naive CD8 T cells,test scATAC,B cells,CD14 Monocytes,test scRNA
GCTAACAGTGGATTAT-1_atac,Naive CD8 T cells,test scATAC,CD14 Monocytes,CD14 Monocytes,test scATAC
GCTAACAGTTTAACCC-1_atac,CD14 Monocytes,test scATAC,Memory T cells,Memory T cells,test scATAC
GCTAACCCAAGGAATC-1_atac,CD16 Monocytes,test scATAC,CD14 Monocytes,Memory T cells,test scRNA
GCTAAGCGTTAAGCGC-1_atac,Memory T cells,test scATAC,Memory T cells,CD14 Monocytes,test scATAC
GCTAGCTCATCCATCT-1_atac,Naive CD8 T cells,test scATAC,NK/Effector T cells,CD14 Monocytes,test scATAC
GCTAGTGTCAAACACC-1_atac,CD14 Monocytes,test scATAC,CD14 Monocytes,NK/Effector T cells,test scATAC
GCTATCCTCAAATCGC-1_atac,CD16 Monocytes,test scATAC,Memory T cells,NK/Effector T cells,test scRNA
GCTATTGCAACCCTAA-1_atac,CD14 Monocytes,test scATAC,Naive CD8 T cells,B cells,test scATAC
GCTCAACCATTTGCTC-1_atac,Naive CD8 T cells,test scATAC,Memory T cells,Memory T cells,test scRNA
GCTCACAAGCTCGCTT-1_atac,Memory T cells,test scATAC,CD14 Monocytes,CD16 Monocytes,test scATAC
GCTCCTTAGCTTTGTT-1_atac,CD14 Monocytes,test scATAC,Naive CD8 T cells,Memory T cells,test scRNA
GCTCGATCAGTCTAAT-1_atac,B cells,test scATAC,CD14 Monocytes,CD16 Monocytes,test scRNA
GCTCTGGCAGTAGGTG-1_atac,CD14 Monocytes,test scATAC,Memory T cells,NK/Effector T cells,test scRNA
GCTCTGTTCCATAATG-1_atac,B cells,test scATAC,Naive CD8 T cells,Memory T cells,test scATAC
GCTCTGTTCTGTTGCC-1_atac,CD14 Monocytes,test scATAC,CD14 Monocytes,CD16 Monocytes,test scATAC
GCTCTGTTCTTAGCGG-1_atac,CD14 Monocytes,test scATAC,Memory T cells,Memory T cells,test scATAC
GCTGACCAGTCCTGAG-1_atac,CD14 Monocytes,test scATAC,Memory T cells,Memory T cells,test scRNA
GCTGAGGAGCACCACA-1_atac,CD14 Monocytes,test scATAC,NK/Effector T cells,CD14 Monocytes,test scRNA
GCTGCACAGTTTGCGG-1_atac,CD14 Monocytes,test scATAC,CD14 Monocytes,Memory T cells,test scRNA
GCTGGATGTGCATTAG-1_atac,CD14 Monocytes,test scATAC,CD14 Monocytes,NK/Effector T cells,test scRNA
GCTGTGCAGCTAATCA-1_atac,Memory T cells,test scATAC,Naive CD8 T cells,Memory T cells,test scRNA
GCTTAAATCCTTTACG-1_atac,CD14 Monocytes,test scATAC,NK/Effector T cells,NK/Effector T cells,test scATAC
GCTTACCTCGAGGAAC-1_atac,CD14 Monocytes,test scATAC,Memory T cells,Memory T cells,test scRNA
GCTTCGCGTCAGGCAT-1_atac,CD16 Monocytes,test scATAC,Memory T cells,CD14 Monocytes,test scRNA
GCTTCGCGTGCTTACT-1_atac,Memory T cells,test scATAC,Memory T cells,Memory T cells,test scATAC
GCTTGACCAGCATGGA-1_atac,CD14 Monocytes,test scATAC,NK/Effector T cells,CD14 Monocytes,test scATAC
GCTTGTTGTACCGAAC-1_atac,CD14 Monocytes,test scATAC,Memory T cells,Naive CD8 T cells,test scATAC
GCTTTATTCGGCCAGT-1_atac,B cells,test scATAC,CD14 Monocytes,Memory T cells,test scRNA
GCTTTCATCATGCAAC-1_atac,Memory T cells,test scATAC,NK/Effector T cells,Memory T cells,test scRNA
GCTTTGTGTGTAACCA-1_atac,CD14 Monocytes,test scATAC,B cells,Memory T cells,test scRNA
GCTTTGTGTTCACCCA-1_atac,CD14 Monocytes,test scATAC,Memory T cells,Memory T cells,test scATAC
GGAAACTCAAGCCAGA-1_atac,CD14 Monocytes,test scATAC,B cells,CD14 Monocytes,test scATAC
GGAAACTCACCAAAGG-1_atac,Memory T cells,test scATAC,Memory T cells,B cells,test scATAC
GGAACCACAAGGTATA-1_atac,CD14 Monocytes,test scATAC,B cells,Naive CD8 T cells,test scATAC
GGAACCACACTAGCGT-1_atac,Memory T cells,test scATAC,Memory T cells,Memory T cells,test scATAC
GGAACCACAGTAGGTG-1_atac,Naive CD8 T cells,test scATAC,CD14 Monocytes,Memory T cells,test scRNA
GGAAGCTAGGCAAGTA-1_atac,NK/Effector T cells,test scATAC,NK/Effector T cells,B cells,test scRNA
GGAATCTTCCCATAAA-1_atac,NK/Effector T cells,test scATAC,Memory T cells,Memory T cells,test scRNA
GGACAGCCATAATGAG-1_atac,Naive CD8 T cells,test scATAC,Memory T cells,B cells,test scATAC
GGACAGCCATGTTGTG-1_atac,Naive CD8 T cells,test scATAC,NK/Effector T cells,NK/Effector T cells,test scRNA
GGACCTCAGGAGTCTT-1_atac,CD16 Monocytes,test scATAC,NK/Effector T cells,Memory T cells,test scRNA
GGACCTCAGTTAGAGG-1_atac,Memory T cells,test scATAC,CD14 Monocytes,B cells,test scATAC
GGACGAAGTGTGTCCC-1_atac,CD16 Monocytes,test scATAC,NK/Effector T cells,CD14 Monocytes,test scRNA
GGACGAAGTTGAGCCG-1_atac,CD14 Monocytes,test scATAC,CD14 Monocytes,Naive CD8 T cells,test scATAC
GGAGGTTAGACTAAGG-1_atac,Naive CD8 T cells,test scATAC,Memory T cells,Naive CD8 T cells,test scATAC
GGAGGTTAGACTTATG-1_atac,Memory T cells,test scATAC,Memory T cells,CD14 Monocytes,test scRNA
GGAGGTTAGGCTCATG-1_atac,Naive CD8 T cells,test scATAC,Memory T cells,Naive CD8 T cells,test scRNA
GGAGTCTGTTATCCGT-1_atac,NK/Effector T cells,test scATAC,Naive CD8 T cells,Naive CD8 T cells,test scRNA
GGATAACCAAGATTCT-1_atac,Memory T cells,test scATAC,CD14 Monocytes,CD14 Monocytes,test scRNA
GGATAACCAATTAGGA-1_atac,CD14 Monocytes,test scATAC,CD14 Monocytes,Memory T cells,test scATAC
GGATGAATCGTTAACA-1_atac,CD14 Monocytes,test scATAC,CD14 Monocytes,Memory T cells,test scRNA
GGATGGCCACACTAAT-1_atac,CD14 Monocytes,test scATAC,Naive CD8 T cells,CD14 Monocytes,test scATAC
GGATTATGTAAGCTTG-1_atac,B cells,test scATAC,Memory T cells,Naive CD8 T cells,test scATAC
GGATTATGTTGTTCAC-1_atac,Memory T cells,test scATAC,CD14 Monocytes,CD14 Monocytes,test scRNA
GGCAAATCAAGCCAGA-1_atac,CD16 Monocytes,test scATAC,CD14 Monocytes,Memory T cells,test scATAC
GGCAAATCAGGATTAA-1_atac,CD16 Monocytes,test scATAC,CD14 Monocytes,CD16 Monocytes,test scATAC
GGCAAATCATAATCGT-1_atac,Memory T cells,test scATAC,Memory T cells,CD14 Monocytes,test scATAC
GGCAAATCATTAAGTC-1_atac,Memory T cells,test scATAC,B cells,CD16 Monocytes,test scATAC
GGCAAGCCAGTTATCG-1_atac,CD14 Monocytes,test scATAC,Naive CD8 T cells,Memory T cells,test scRNA
GGCATGGAGCACAGAA-1_atac,CD16 Monocytes,test scATAC,CD14 Monocytes,CD16 Monocytes,test scRNA
GGCCTAATCATTGTCT-1_atac,Memory T cells,test scATAC,NK/Effector T cells,CD16 Monocytes,test scATAC
GGCGGTTTCACCTGCT-1_atac,CD14 Monocytes,test scATAC,Naive CD8 T cells,Memory T cells,test scATAC
GGCGTTATCGAGGTGG-1_atac,Memory T cells,test scATAC,NK/Effector T cells,CD16 Monocytes,test scATAC
GGCTAGTGTCCAAGAC-1_atac,CD16 Monocytes,test scATAC,Memory T cells,NK/Effector T cells,test scRNA
GGCTAGTGTTGTTCAC-1_atac,Naive CD8 T cells,test scATAC,CD14 Monocytes,Memory T cells,test scATAC
GGCTAGTGTTTAAAGC-1_atac,CD14 Monocytes,test scATAC,CD14 Monocytes,NK/Effector T cells,test scRNA
GGCTATGTCTCCTCAA-1_atac,CD16 Monocytes,test scATAC,CD14 Monocytes,CD16 Monocytes,test scRNA
GGCTCAATCATGCGTG-1_atac,CD14 Monocytes,test scATAC,NK/Effector T cells,Memory T cells,test scRNA
GGCTCAATCGTTAACA-1_atac,NK/Effector T cells,test scATAC,Naive CD8 T cells,Memory T cells,test scRNA
GGCTCACAGCTACTGG-1_atac,Memory T cells,test scATAC,Naive CD8 T cells,CD14 Monocytes,test scATAC
GGCTCACAGTTGTCCC-1_atac,Naive CD8 T cells,test scATAC,CD14 Monocytes,Memory T cells,test scRNA
GGCTCACAGTTTCCTG-1_atac,NK/Effector T cells,test scATAC,Memory T cells,CD14 Monocytes,test scATAC
GGCTGAGAGACCATAC-1_atac,NK/Effector T cells,test scATAC,CD16 Monocytes,Memory T cells,test scRNA
GGGAGTAGTGCTTACT-1_atac,B cells,test scATAC,B cells,Memory T cells,test scRNA
GGGATAATCCCGTTGT-1_atac,Memory T cells,test scATAC,Memory T cells,CD14 Monocytes,test scATAC
GGGATTAAGGCTTAGT-1_atac,NK/Effector T cells,test scATAC,Naive CD8 T cells,Memory T cells,test scRNA
GGGCCTAGTAAGGTCC-1_atac,CD14 Monocytes,test scATAC,B cells,NK/Effector T cells,test scRNA
GGGCCTAGTAGGTGTC-1_atac,Naive CD8 T cells,test scATAC,CD14 Monocytes,Naive CD8 T cells,test scATAC
GGGCGAATCGAAGCGG-1_atac,Naive CD8 T cells,test scATAC,CD14 Monocytes,Naive CD8 T cells,test scATAC
GGGCGAATCGGGATTT-1_atac,NK/Effector T cells,test scATAC,CD14 Monocytes,CD14 Monocytes,test scRNA
GGGTATTTCAGTTCCC-1_atac,Memory T cells,test scATAC,Memory T cells,CD14 Monocytes,test scRNA
GGGTATTTCGGCTATG-1_atac,CD14 Monocytes,test scATAC,Memory T cells,CD14 Monocytes,test scATAC
GGGTGAAGTACTTAGG-1_atac,NK/Effector T cells,test scATAC,NK/Effector T cells,Memory T cells,test scRNA
GGGTGAAGTCACAAAT-1_atac,B cells,test scATAC,Memory T cells,CD14 Monocytes,test scRNA
GGGTGTTGTTACTTGC-1_atac,B cells,test scATAC,Memory T cells,CD14 Monocytes,test scATAC
GGGTTACGTAACTACG-1_atac,CD14 Monocytes,test scATAC,CD14 Monocytes,Naive CD8 T cells,test scRNA
GGGTTACGTGAGGTGA-1_atac,CD14 Monocytes,test scATAC,CD14 Monocytes,Memory T cells,test scRNA
GGGTTATTCCGGTTAG-1_atac,CD14 Monocytes,test scATAC,Naive CD8 T cells,CD14 Monocytes,test scRNA
GGGTTATTCGACAAAG-1_atac,Naive CD8 T cells,test scATAC,Memory T cells,NK/Effector T cells,test scATAC
GGGTTTCCACAACAAA-1_atac,CD14 Monocytes,test scATAC,Memory T cells,NK/Effector T cells,test scATAC
GGGTTTGTCATCCTCA-1_atac,CD16 Monocytes,test scATAC,NK/Effector T cells,Naive CD8 T cells,test scATAC
GGTAACTTCACCGGTA-1_atac,Memory T cells,test scATAC,CD14 Monocytes,NK/Effector T cells,test scRNA
GGTAACTTCTTGAGCG-1_atac,CD14 Monocytes,test scATAC,Memory T cells,CD14 Monocytes,test scRNA
GGTAATTGTTCCGGGA-1_atac,CD14 Monocytes,test scATAC,CD14 Monocytes,Memory T cells,test scATAC
GGTACTAGTAAGTCGC-1_atac,CD14 Monocytes,test scATAC,Memory T cells,Naive CD8 T cells,test scATAC
GGTACTAGTCGCAATA-1_atac,Naive CD8 T cells,test scATAC,Memory T cells,Memory T cells,test scRNA
GGTACTAGTTCCATTA-1_atac,CD14 Monocytes,test scATAC,CD14 Monocytes,Memory T cells,test scATAC
GGTAGGAGTCACTCGC-1_atac,B cells,test scATAC,CD14 Monocytes,CD14 Monocytes,test scRNA
GGTAGGAGTTCCGGCT-1_atac,Memory T cells,test scATAC,Naive CD8 T cells,NK/Effector T cells,test scATAC
GGTATTGGTGGCTTCC-1_atac,Naive CD8 T cells,test scATAC,Memory T cells,Memory T cells,test scRNA
GGTCAAGCAGGACACA-1_atac,NK/Effector T cells,test scATAC,CD14 Monocytes,NK/Effector T cells,test scATAC
GGTCAATTCCTAAGAC-1_atac,CD14 Monocytes,test scATAC,CD14 Monocytes,Memory T cells,test scATAC
GGTCAATTCGTCCTTA-1_atac,Memory T cells,test scATAC,Memory T cells,Memory T cells,test scRNA
GGTCATTAGTGAGAGC-1_atac,Memory T cells,test scATAC,NK/Effector T cells,Memory T cells,test scATAC
GGTCCATCAACAGCCT-1_atac,CD14 Monocytes,test scATAC,Memory T cells,CD14 Monocytes,test scATAC
GGTCCGTAGGAAGCTA-1_atac,Memory T cells,test scATAC,Naive CD8 T cells,NK/Effector T cells,test scATAC
GGTCCGTAGTGAACAG-1_atac,B cells,test scATAC,Memory T cells,Naive CD8 T cells,test scRNA
GGTCGGTTCACTTTAC-1_atac,Naive CD8 T cells,test scATAC,CD14 Monocytes,CD14 Monocytes,test scATAC
GGTCGGTTCATCAGTA-1_atac,B cells,test scATAC,Memory T cells,Memory T cells,test scRNA
GGTCTTGAGGCCGGAA-1_atac,CD14 Monocytes,test scATAC,CD16 Monocytes,Memory T cells,test scATAC
GGTCTTGAGGGATGCG-1_atac,Memory T cells,test scATAC,CD14 Monocytes,Memory T cells,test scATAC
GGTGAGGTCATTACGA-1_atac,Naive CD8 T cells,test scATAC,CD14 Monocytes,CD14 Monocytes,test scRNA
GGTGAGTAGCGAGTAA-1_atac,Memory T cells,test scATAC,Memory T cells,CD14 Monocytes,test scRNA
GGTGATTTCCTCATGC-1_atac,CD14 Monocytes,test scATAC,NK/Effector T cells,Memory T cells,test scRNA
GGTGCTTCAAACCTAT-1_atac,NK/Effector T cells,test scATAC,Memory T cells,B cells,test scATAC
GGTGCTTCACCGTTCC-1_atac,CD16 Monocytes,test scATAC,Naive CD8 T cells,Memory T cells,test scATAC
GGTGCTTCATTATGCG-1_atac,CD14 Monocytes,test scATAC,Memory T cells,Memory T cells,test scRNA
GGTGTGACACTTCACT-1_atac,Memory T cells,test scATAC,Memory T cells,Memory T cells,test scRNA
GGTGTTGTCCTTGCAC-1_atac,CD16 Monocytes,test scATAC,Memory T cells,NK/Effector T cells,test scRNA
GGTGTTGTCGAAGCGG-1_atac,CD16 Monocytes,test scATAC,CD14 Monocytes,B cells,test scRNA
GGTGTTGTCGAGGAGT-1_atac,Naive CD8 T cells,test scATAC,CD14 Monocytes,CD14 Monocytes,test scATAC
GGTTACCCACAGCCAT-1_atac,CD14 Monocytes,test scATAC,Memory T cells,CD14 Monocytes,test scATAC
GGTTACCCATAGACCC-1_atac,Memory T cells,test scATAC,NK/Effector T cells,CD14 Monocytes,test scRNA
GGTTATATCTAACCTT-1_atac,B cells,test scATAC,CD14 Monocytes,CD16 Monocytes,test scATAC
GGTTATGGTGTCCAAA-1_atac,Naive CD8 T cells,test scATAC,CD14 Monocytes,Memory T cells,test scRNA
GGTTATGGTTCATCTA-1_atac,Memory T cells,test scATAC,CD14 Monocytes,CD14 Monocytes,test scATAC
GGTTCTTGTAGGTTTG-1_atac,Memory T cells,test scATAC,CD14 Monocytes,NK/Effector T cells,test scRNA
GGTTGACGTCCGTGAG-1_atac,Memory T cells,test scATAC,CD14 Monocytes,Memory T cells,test scRNA
GGTTGAGCAATTTGGT-1_atac,CD14 Monocytes,test scATAC,Memory T cells,CD14 Monocytes,test scRNA
GGTTGCATCTTTGAGA-1_atac,Memory T cells,test scATAC,Memory T cells,Memory T cells,test scRNA
GGTTGCTCAAACAACA-1_atac,Memory T cells,test scATAC,B cells,B cells,test scATAC
GGTTGGTGTCTCAGCC-1_atac,CD14 Monocytes,test scATAC,Naive CD8 T cells,B cells,test scATAC
GGTTTAATCCTTAATC-1_atac,Naive CD8 T cells,test scATAC,Memory T cells,Naive CD8 T cells,test scATAC
GGTTTAATCCTTCGTA-1_atac,Memory T cells,test scATAC,Memory T cells,CD14 Monocytes,test scATAC
GGTTTCCTCACATTGA-1_atac,CD14 Monocytes,test scATAC,CD14 Monocytes,Memory T cells,test scATAC
GTAAGCGCAGGACCTT-1_atac,Naive CD8 T cells,test scATAC,CD14 Monocytes,Naive CD8 T cells,test scATAC
GTAAGGTCAAGGGTTG-1_atac,Memory T cells,test scATAC,Memory T cells,CD16 Monocytes,test scATAC
GTAAGGTCAATTAGGA-1_atac,CD14 Monocytes,test scATAC,Memory T cells,NK/Effector T cells,test scRNA
GTAATAGCAAATATCC-1_atac,Memory T cells,test scATAC,NK/Effector T cells,CD14 Monocytes,test scATAC
GTAATAGCAACTGGCT-1_atac,Memory T cells,test scATAC,NK/Effector T cells,NK/Effector T cells,test scRNA
GTAATAGCAGGAAGCC-1_atac,NK/Effector T cells,test scATAC,Memory T cells,Naive CD8 T cells,test scRNA
GTACTGGTCACTAGGT-1_atac,CD14 Monocytes,test scATAC,Memory T cells,CD14 Monocytes,test scATAC
GTACTTCGTAATGGAA-1_atac,Naive CD8 T cells,test scATAC,Memory T cells,CD14 Monocytes,test scATAC
GTAGCCATCCGTTAAA-1_atac,Naive CD8 T cells,test scATAC,NK/Effector T cells,CD14 Monocytes,test scRNA
GTAGGAGGTAATGGCC-1_atac,CD14 Monocytes,test scATAC,Memory T cells,CD14 Monocytes,test scRNA
GTAGGAGGTGCTGGTG-1_atac,Naive CD8 T cells,test scATAC,Memory T cells,CD14 Monocytes,test scRNA
GTAGGAGGTTGGTTCT-1_atac,CD16 Monocytes,test scATAC,NK/Effector T cells,CD14 Monocytes,test scRNA
GTAGGATCAGCTCATA-1_atac,CD14 Monocytes,test scATAC,Memory T cells,NK/Effector T cells,test scATAC
GTAGGATCATGTTGCA-1_atac,CD14 Monocytes,test scATAC,NK/Effector T cells,CD14 Monocytes,test scATAC
GTAGTTTCAAAGCCTC-1_atac,Naive CD8 T cells,test scATAC,Memory T cells,Memory T cells,test scATAC
GTATCGCCAGCCTGCA-1_atac,Naive CD8 T cells,test scATAC,Memory T cells,NK/Effector T cells,test scATAC
GTATTCAAGTTTGGGT-1_atac,Memory T cells,test scATAC,Memory T cells,Memory T cells,test scRNA
GTATTGATCCCGAAGC-1_atac,NK/Effector T cells,test scATAC,NK/Effector T cells,CD14 Monocytes,test scATAC
GTCAAACTCATGCAAC-1_atac,CD14 Monocytes,test scATAC,B cells,NK/Effector T cells,test scRNA
GTCATCCTCACTTCAT-1_atac,CD14 Monocytes,test scATAC,B cells,CD14 Monocytes,test scATAC
GTCATTAAGGCGCTTA-1_atac,CD14 Monocytes,test scATAC,CD14 Monocytes,CD14 Monocytes,test scRNA
GTCATTAAGTTAGACC-1_atac,CD14 Monocytes,test scATAC,NK/Effector T cells,Naive CD8 T cells,test scATAC
GTCCGTAAGTTCCCGT-1_atac,Naive CD8 T cells,test scATAC,Memory T cells,CD14 Monocytes,test scRNA
GTCCTCCCAATAACGA-1_atac,CD14 Monocytes,test scATAC,Memory T cells,CD14 Monocytes,test scATAC
GTCCTCCCACTCAACA-1_atac,Naive CD8 T cells,test scATAC,Naive CD8 T cells,CD14 Monocytes,test scRNA
GTCGAAGCATTTGCTC-1_atac,CD16 Monocytes,test scATAC,Memory T cells,Memory T cells,test scATAC
GTCGAGGAGGCGGGTA-1_atac,CD16 Monocytes,test scATAC,Memory T cells,CD16 Monocytes,test scATAC
GTCGAGGAGTTTCCTG-1_atac,NK/Effector T cells,test scATAC,Memory T cells,CD14 Monocytes,test scRNA
GTCGCAATCATCAGTA-1_atac,Naive CD8 T cells,test scATAC,Memory T cells,Naive CD8 T cells,test scRNA
GTCGCAATCATGCTCC-1_atac,Naive CD8 T cells,test scATAC,Memory T cells,CD14 Monocytes,test scATAC
GTCGGTTCAATTTGGT-1_atac,Memory T cells,test scATAC,CD14 Monocytes,Memory T cells,test scRNA
GTCTAACAGTAACGAG-1_atac,CD14 Monocytes,test scATAC,CD14 Monocytes,Naive CD8 T cells,test scATAC
GTCTAATCATGTTGGC-1_atac,Memory T cells,test scATAC,Naive CD8 T cells,NK/Effector T cells,test scRNA
GTCTAGCCAGCTCAAC-1_atac,Naive CD8 T cells,test scATAC,B cells,CD14 Monocytes,test scATAC
GTCTAGCCAGTTTACG-1_atac,Naive CD8 T cells,test scATAC,Memory T cells,B cells,test scRNA
GTCTATGCATAATGAG-1_atac,CD16 Monocytes,test scATAC,Memory T cells,B cells,test scATAC
GTCTATGCATAGCGAG-1_atac,NK/Effector T cells,test scATAC,Memory T cells,Naive CD8 T cells,test scRNA
GTCTTTAGTCACAGCG-1_atac,Memory T cells,test scATAC,CD14 Monocytes,CD14 Monocytes,test scRNA
GTCTTTGTCCTAATTC-1_atac,NK/Effector T cells,test scATAC,Memory T cells,Memory T cells,test scRNA
GTGAATCTCCGGTATG-1_atac,Naive CD8 T cells,test scATAC,CD14 Monocytes,Memory T cells,test scRNA
GTGATGAAGGAGGACT-1_atac,Naive CD8 T cells,test scATAC,CD14 Monocytes,Memory T cells,test scRNA
GTGATGAAGGATAAAC-1_atac,Memory T cells,test scATAC,CD14 Monocytes,Memory T cells,test scRNA
GTGCAAGCATTCCTGT-1_atac,CD14 Monocytes,test scATAC,CD14 Monocytes,Memory T cells,test scRNA
GTGCCTTTCAATTACG-1_atac,Memory T cells,test scATAC,Memory T cells,Memory T cells,test scRNA
GTGCCTTTCCTGATGG-1_atac,CD14 Monocytes,test scATAC,Naive CD8 T cells,B cells,test scRNA
GTGCGCAGTGGTTAGC-1_atac,B cells,test scATAC,NK/Effector T cells,Memory T cells,test scATAC
GTGCGCAGTTTGCAGA-1_atac,NK/Effector T cells,test scATAC,Memory T cells,CD14 Monocytes,test scATAC
GTGCGGTTCTCACACC-1_atac,CD14 Monocytes,test scATAC,B cells,NK/Effector T cells,test scRNA
GTGCTCCGTCGCAATA-1_atac,Naive CD8 T cells,test scATAC,CD14 Monocytes,NK/Effector T cells,test scATAC
GTGCTCCGTGCAACTA-1_atac,Naive CD8 T cells,test scATAC,Naive CD8 T cells,CD14 Monocytes,test scRNA
GTGCTCCGTTACCTGT-1_atac,NK/Effector T cells,test scATAC,NK/Effector T cells,CD14 Monocytes,test scATAC
GTGCTGATCGTTTCCA-1_atac,Naive CD8 T cells,test scATAC,CD14 Monocytes,B cells,test scRNA
GTGCTGGGTACCTTAC-1_atac,Naive CD8 T cells,test scATAC,Memory T cells,CD14 Monocytes,test scRNA
GTGCTGGGTCGCGCAA-1_atac,CD14 Monocytes,test scATAC,Memory T cells,Naive CD8 T cells,test scATAC
GTGCTTCTCATTACAG-1_atac,B cells,test scATAC,CD14 Monocytes,CD14 Monocytes,test scATAC
GTGCTTCTCTGCAACG-1_atac,Memory T cells,test scATAC,CD14 Monocytes,CD14 Monocytes,test scRNA
GTGGACACAATCCCTT-1_atac,NK/Effector T cells,test scATAC,Memory T cells,Memory T cells,test scATAC
GTGGACACACGGTACT-1_atac,CD14 Monocytes,test scATAC,Memory T cells,Memory T cells,test scRNA
GTGGACACATAATCCG-1_atac,Naive CD8 T cells,test scATAC,B cells,Naive CD8 T cells,test scRNA
GTGGATGCAACCCTAA-1_atac,Memory T cells,test scATAC,CD16 Monocytes,CD14 Monocytes,test scRNA
GTGGATGCAGTTAAAG-1_atac,NK/Effector T cells,test scATAC,CD14 Monocytes,CD14 Monocytes,test scATAC
GTGTAACTCCTGAGTG-1_atac,Naive CD8 T cells,test scATAC,Memory T cells,Memory T cells,test scATAC
GTGTCCAAGGAAACTG-1_atac,B cells,test scATAC,Memory T cells,CD14 Monocytes,test scATAC
GTGTCCAAGTTATCCT-1_atac,CD14 Monocytes,test scATAC,Memory T cells,CD14 Monocytes,test scRNA
GTGTGAGCAGCACGTT-1_atac,Naive CD8 T cells,test scATAC,Naive CD8 T cells,CD14 Monocytes,test scRNA
GTGTGCGGTAACCACA-1_atac,Naive CD8 T cells,test scATAC,Memory T cells,NK/Effector T cells,test scRNA
GTGTGCGGTATTGTCC-1_atac,CD14 Monocytes,test scATAC,CD14 Monocytes,B cells,test scRNA
GTGTTACAGCCTCTGT-1_atac,Memory T cells,test scATAC,Memory T cells,NK/Effector T cells,test scRNA
GTGTTACAGTCGCTAG-1_atac,B cells,test scATAC,CD14 Monocytes,Memory T cells,test scRNA
GTGTTACAGTTACCGG-1_atac,Naive CD8 T cells,test scATAC,NK/Effector T cells,Memory T cells,test scRNA
GTGTTCCTCGTGCTTC-1_atac,CD16 Monocytes,test scATAC,B cells,NK/Effector T cells,test scRNA
GTGTTCCTCTATCGCC-1_atac,B cells,test scATAC,Memory T cells,Memory T cells,test scRNA
GTTAACGGTCCGGTTC-1_atac,CD14 Monocytes,test scATAC,Memory T cells,CD14 Monocytes,test scRNA
GTTAAGCTCTTGCAAA-1_atac,CD14 Monocytes,test scATAC,Memory T cells,CD14 Monocytes,test scATAC
GTTAATGTCATTATGG-1_atac,Memory T cells,test scATAC,Naive CD8 T cells,CD14 Monocytes,test scATAC
GTTACAGGTCATAAGT-1_atac,CD14 Monocytes,test scATAC,B cells,NK/Effector T cells,test scRNA
GTTACAGGTTGGTGAC-1_atac,Memory T cells,test scATAC,CD14 Monocytes,CD14 Monocytes,test scRNA
GTTACTAAGCTTGCTC-1_atac,CD14 Monocytes,test scATAC,CD14 Monocytes,NK/Effector T cells,test scRNA
GTTACTCGTTAGGACC-1_atac,Memory T cells,test scATAC,NK/Effector T cells,CD16 Monocytes,test scATAC
GTTCCCAGTAATCCCT-1_atac,CD14 Monocytes,test scATAC,Memory T cells,Naive CD8 T cells,test scATAC
GTTCCCAGTCCAAGAC-1_atac,B cells,test scATAC,Naive CD8 T cells,Naive CD8 T cells,test scATAC
GTTCCTTCAAGCTAAA-1_atac,Memory T cells,test scATAC,CD14 Monocytes,Memory T cells,test scATAC
GTTCCTTCAATCATGT-1_atac,CD16 Monocytes,test scATAC,Memory T cells,CD14 Monocytes,test scRNA
GTTCCTTCAGGCATCT-1_atac,Naive CD8 T cells,test scATAC,CD14 Monocytes,Memory T cells,test scRNA
GTTCTTAGTGTTGCTT-1_atac,CD14 Monocytes,test scATAC,Memory T cells,CD14 Monocytes,test scRNA
GTTCTTAGTTGTTGCT-1_atac,CD16 Monocytes,test scATAC,Memory T cells,Memory T cells,test scRNA
GTTCTTGTCATTTAGG-1_atac,CD14 Monocytes,test scATAC,NK/Effector T cells,NK/Effector T cells,test scATAC
GTTGCCCGTTTACCGT-1_atac,Memory T cells,test scATAC,Memory T cells,Memory T cells,test scATAC
GTTGCTGAGCTCAAAC-1_atac,Memory T cells,test scATAC,CD14 Monocytes,CD14 Monocytes,test scRNA
GTTGGCCAGGGTGGAT-1_atac,Memory T cells,test scATAC,Memory T cells,Naive CD8 T cells,test scRNA
GTTGGCGGTGCTGTAA-1_atac,CD14 Monocytes,test scATAC,Memory T cells,Naive CD8 T cells,test scRNA
GTTGTTGCACATTAAC-1_atac,B cells,test scATAC,Memory T cells,Naive CD8 T cells,test scATAC
GTTGTTGCACGAACAG-1_atac,Memory T cells,test scATAC,Memory T cells,Memory T cells,test scRNA
GTTTAACCATCATGGC-1_atac,Naive CD8 T cells,test scATAC,NK/Effector T cells,B cells,test scRNA
GTTTACCGTTTAAAGC-1_atac,Naive CD8 T cells,test scATAC,Memory T cells,NK/Effector T cells,test scATAC
GTTTATCTCGCTCCAT-1_atac,Memory T cells,test scATAC,CD14 Monocytes,Memory T cells,test scRNA
GTTTGCTGTATCTGGA-1_atac,CD16 Monocytes,test scATAC,CD14 Monocytes,Naive CD8 T cells,test scRNA
GTTTGCTGTTGCAATG-1_atac,Naive CD8 T cells,test scATAC,NK/Effector T cells,CD14 Monocytes,test scRNA
GTTTGTAAGGCCAATT-1_atac,CD14 Monocytes,test scATAC,Naive CD8 T cells,Naive CD8 T cells,test scATAC
TAAAGCCTCAATGAGG-1_atac,Naive CD8 T cells,test scATAC,NK/Effector T cells,B cells,test scRNA
TAACCGGTCATTAGTG-1_atac,CD14 Monocytes,test scATAC,Memory T cells,Memory T cells,test scRNA
TAACCTAAGTAGCGGG-1_atac,CD16 Monocytes,test scATAC,Memory T cells,CD14 Monocytes,test scATAC
TAAGCCAGTAAGCACC-1_atac,CD14 Monocytes,test scATAC,Memory T cells,Naive CD8 T cells,test scATAC
TAAGCCAGTACAAAGA-1_atac,CD14 Monocytes,test scATAC,CD14 Monocytes,CD14 Monocytes,test scRNA
TAAGCCTAGACAGGCG-1_atac,Memory T cells,test scATAC,Memory T cells,Memory T cells,test scATAC
TAAGCTGGTTAATGCG-1_atac,Naive CD8 T cells,test scATAC,CD14 Monocytes,Memory T cells,test scATAC
TAAGCTGGTTATCGAG-1_atac,CD16 Monocytes,test scATAC,CD14 Monocytes,CD14 Monocytes,test scRNA
TAAGGACCACCTGGTG-1_atac,CD16 Monocytes,test scATAC,Memory T cells,CD14 Monocytes,test scRNA
TAAGGACCATAGCGGA-1_atac,CD14 Monocytes,test scATAC,NK/Effector T cells,NK/Effector T cells,test scRNA
TAAGGCTTCAGGGCCT-1_atac,CD14 Monocytes,test scATAC,Memory T cells,B cells,test scRNA
TAAGGCTTCATAATCG-1_atac,CD14 Monocytes,test scATAC,Memory T cells,Memory T cells,test scATAC
TAAGGCTTCGGCTATG-1_atac,CD14 Monocytes,test scATAC,NK/Effector T cells,CD14 Monocytes,test scRNA
TAATCCGCAAACGCGA-1_atac,CD14 Monocytes,test scATAC,CD14 Monocytes,Naive CD8 T cells,test scATAC
TAATGCATCCGCAACA-1_atac,CD14 Monocytes,test scATAC,NK/Effector T cells,B cells,test scRNA
TAATGCATCCGCCTAT-1_atac,NK/Effector T cells,test scATAC,CD14 Monocytes,CD14 Monocytes,test scRNA
TAATGGACATAGGCGA-1_atac,CD14 Monocytes,test scATAC,Memory T cells,CD14 Monocytes,test scATAC
TAATGGTGTAGCAGCT-1_atac,NK/Effector T cells,test scATAC,B cells,Naive CD8 T cells,test scATAC
TAATTGCCAAATGCCC-1_atac,B cells,test scATAC,NK/Effector T cells,NK/Effector T cells,test scATAC
TAATTGCCACCTGCTC-1_atac,Memory T cells,test scATAC,NK/Effector T cells,NK/Effector T cells,test scRNA
TACAATGTCATCAGTA-1_atac,Memory T cells,test scATAC,Memory T cells,Naive CD8 T cells,test scATAC
TACAATGTCGAAGTAG-1_atac,CD14 Monocytes,test scATAC,CD14 Monocytes,Memory T cells,test scATAC
TACAGCTAGCTCCTTA-1_atac,Memory T cells,test scATAC,Memory T cells,Naive CD8 T cells,test scRNA
TACCGAAGTTGGGTTA-1_atac,Naive CD8 T cells,test scATAC,Memory T cells,CD14 Monocytes,test scATAC
TACCGCAAGACTCGCA-1_atac,Memory T cells,test scATAC,Naive CD8 T cells,Memory T cells,test scRNA
TACCTTAGTTCAAGCA-1_atac,Memory T cells,test scATAC,Memory T cells,Memory T cells,test scRNA
TACCTTAGTTGCGGAT-1_atac,CD14 Monocytes,test scATAC,Naive CD8 T cells,CD14 Monocytes,test scRNA
TACCTTTAGGACAACA-1_atac,NK/Effector T cells,test scATAC,CD14 Monocytes,CD14 Monocytes,test scRNA
TACCTTTAGGCTGTGC-1_atac,B cells,test scATAC,Memory T cells,Memory T cells,test scRNA
TACCTTTAGGTGAAAT-1_atac,Memory T cells,test scATAC,CD14 Monocytes,B cells,test scRNA
TACCTTTAGGTGTCCA-1_atac,CD14 Monocytes,test scATAC,B cells,Memory T cells,test scRNA
TACCTTTAGTCTTGAA-1_atac,Memory T cells,test scATAC,NK/Effector T cells,Naive CD8 T cells,test scATAC
TACGCACCATGTTTGG-1_atac,Memory T cells,test scATAC,B cells,Memory T cells,test scRNA
TACGGTTAGCTTAACA-1_atac,Naive CD8 T cells,test scATAC,NK/Effector T cells,Naive CD8 T cells,test scATAC
TACGTACAGTTAGTGC-1_atac,CD14 Monocytes,test scATAC,NK/Effector T cells,NK/Effector T cells,test scATAC
TACTAAGTCCAATAGC-1_atac,CD14 Monocytes,test scATAC,B cells,NK/Effector T cells,test scRNA
TACTGAGGTTAATGCG-1_atac,Memory T cells,test scATAC,Memory T cells,Memory T cells,test scATAC
TACTGCACAGCAACCT-1_atac,CD14 Monocytes,test scATAC,CD14 Monocytes,NK/Effector T cells,test scRNA
TACTGGCCAGCTTAAT-1_atac,CD14 Monocytes,test scATAC,Memory T cells,Memory T cells,test scRNA
TACTTGTTCCGCCTAT-1_atac,NK/Effector T cells,test scATAC,CD16 Monocytes,CD14 Monocytes,test scATAC
TAGCAGGCAAGGTACG-1_atac,CD14 Monocytes,test scATAC,Naive CD8 T cells,Naive CD8 T cells,test scRNA
TAGCAGGCAAGTTATC-1_atac,CD14 Monocytes,test scATAC,Memory T cells,CD14 Monocytes,test scRNA
TAGCAGGCATAATCAC-1_atac,Memory T cells,test scATAC,NK/Effector T cells,Memory T cells,test scATAC
TAGCATATCCGGTATG-1_atac,CD14 Monocytes,test scATAC,Naive CD8 T cells,Memory T cells,test scATAC
TAGCCTTGTCATAACG-1_atac,CD14 Monocytes,test scATAC,Memory T cells,CD14 Monocytes,test scATAC
TAGCGCGGTACGCGCA-1_atac,Memory T cells,test scATAC,CD14 Monocytes,B cells,test scRNA
TAGCGCGGTTGCCTCA-1_atac,NK/Effector T cells,test scATAC,Naive CD8 T cells,CD14 Monocytes,test scATAC
TAGCGGCTCTCCATGC-1_atac,CD16 Monocytes,test scATAC,Memory T cells,CD14 Monocytes,test scRNA
TAGCTAATCACGTTAA-1_atac,Naive CD8 T cells,test scATAC,NK/Effector T cells,CD14 Monocytes,test scRNA
TAGCTAATCATGCGTG-1_atac,NK/Effector T cells,test scATAC,Memory T cells,Naive CD8 T cells,test scATAC
TAGCTAATCTCCATAT-1_atac,CD14 Monocytes,test scATAC,Naive CD8 T cells,CD14 Monocytes,test scATAC
TAGCTAGGTTGCAATG-1_atac,CD14 Monocytes,test scATAC,Naive CD8 T cells,Memory T cells,test scATAC
TAGCTTAAGGCGCTAC-1_atac,Naive CD8 T cells,test scATAC,Naive CD8 T cells,NK/Effector T cells,test scATAC
TAGCTTGCATCAATCG-1_atac,Memory T cells,test scATAC,CD14 Monocytes,Naive CD8 T cells,test scATAC
TAGGAGGGTTACAACG-1_atac,Memory T cells,test scATAC,B cells,Naive CD8 T cells,test scATAC
TAGGAGGGTTATCGAG-1_atac,Naive CD8 T cells,test scATAC,B cells,Memory T cells,test scRNA
TAGGAGTCATCGCTCC-1_atac,Memory T cells,test scATAC,Memory T cells,NK/Effector T cells,test scRNA
TAGGAGTCATTGTGGC-1_atac,CD14 Monocytes,test scATAC,B cells,CD14 Monocytes,test scRNA
TAGGCTGTCAATGAGG-1_atac,CD16 Monocytes,test scATAC,Memory T cells,Naive CD8 T cells,test scATAC
TAGGCTGTCAATTGGC-1_atac,Memory T cells,test scATAC,CD14 Monocytes,CD14 Monocytes,test scRNA
TAGGCTGTCGAGCTAT-1_atac,CD14 Monocytes,test scATAC,Memory T cells,Memory T cells,test scATAC
TAGGCTTAGGAAACTG-1_atac,NK/Effector T cells,test scATAC,Memory T cells,CD14 Monocytes,test scRNA
TAGGGTTTCGCATCCT-1_atac,Memory T cells,test scATAC,Memory T cells,CD14 Monocytes,test scRNA
TAGGTTATCTTGAGCG-1_atac,Memory T cells,test scATAC,NK/Effector T cells,Memory T cells,test scRNA
TAGTAAGCATCCCGCT-1_atac,NK/Effector T cells,test scATAC,Memory T cells,Naive CD8 T cells,test scATAC
TAGTACGGTGGATTGC-1_atac,Memory T cells,test scATAC,NK/Effector T cells,NK/Effector T cells,test scATAC
TAGTACGGTTAAGCCA-1_atac,Memory T cells,test scATAC,Memory T cells,B cells,test scATAC
TAGTCAATCGTTCACC-1_atac,CD14 Monocytes,test scATAC,Memory T cells,CD14 Monocytes,test scRNA
TAGTGGCGTGTCCAGG-1_atac,NK/Effector T cells,test scATAC,CD14 Monocytes,Naive CD8 T cells,test scATAC
TAGTGTGGTCGACTCC-1_atac,Naive CD8 T cells,test scATAC,NK/Effector T cells,CD14 Monocytes,test scATAC
TATAACCCACTTACAG-1_atac,Memory T cells,test scATAC,Memory T cells,NK/Effector T cells,test scRNA
TATAGCCAGCTTAGTA-1_atac,Naive CD8 T cells,test scATAC,CD14 Monocytes,B cells,test scATAC
TATATCCTCATTAGCA-1_atac,CD14 Monocytes,test scATAC,B cells,Memory T cells,test scRNA
TATCACAAGCAAGGGT-1_atac,CD16 Monocytes,test scATAC,CD14 Monocytes,CD14 Monocytes,test scATAC
TATCACAAGTTTGCGG-1_atac,CD14 Monocytes,test scATAC,Memory T cells,B cells,test scRNA
TATCGAGGTTGTAAAC-1_atac,Naive CD8 T cells,test scATAC,Memory T cells,NK/Effector T cells,test scATAC
TATCGAGGTTTATCTG-1_atac,Memory T cells,test scATAC,B cells,Memory T cells,test scATAC
TATCGCACAAGTGAAC-1_atac,B cells,test scATAC,Memory T cells,CD16 Monocytes,test scATAC
TATGAAGCAATAATCC-1_atac,CD16 Monocytes,test scATAC,B cells,Memory T cells,test scRNA
TATGCATCATGTTTGG-1_atac,Memory T cells,test scATAC,CD14 Monocytes,CD14 Monocytes,test scATAC
TATGGATGTGGACCTG-1_atac,NK/Effector T cells,test scATAC,Naive CD8 T cells,Memory T cells,test scRNA
TATGGCCCAAATTCGT-1_atac,Memory T cells,test scATAC,NK/Effector T cells,CD14 Monocytes,test scRNA
TATGGCCCATAGCGGA-1_atac,CD16 Monocytes,test scATAC,CD16 Monocytes,B cells,test scATAC
TATGGGCGTTACCTGT-1_atac,Memory T cells,test scATAC,Memory T cells,CD14 Monocytes,test scATAC
TATGGGCGTTAGCTGA-1_atac,B cells,test scATAC,NK/Effector T cells,CD14 Monocytes,test scATAC
TATGGGCGTTCCGCAC-1_atac,Memory T cells,test scATAC,CD14 Monocytes,CD14 Monocytes,test scRNA
TATGGTCAGTGAGCAA-1_atac,CD14 Monocytes,test scATAC,CD14 Monocytes,Memory T cells,test scRNA
TATGTGATCCACCTTA-1_atac,B cells,test scATAC,CD14 Monocytes,CD16 Monocytes,test scATAC
TATGTGATCCTAGTCC-1_atac,Memory T cells,test scATAC,B cells,CD14 Monocytes,test scATAC
TATGTGATCGGTAACT-1_atac,B cells,test scATAC,CD16 Monocytes,CD14 Monocytes,test scATAC
TATTAGCCAGCAAATA-1_atac,CD14 Monocytes,test scATAC,NK/Effector T cells,Memory T cells,test scRNA
TATTAGCCATTGTGTG-1_atac,NK/Effector T cells,test scATAC,CD14 Monocytes,Memory T cells,test scRNA
TATTAGGTCCCGTTGT-1_atac,Memory T cells,test scATAC,CD14 Monocytes,Naive CD8 T cells,test scATAC
TATTGACCAGGCATGA-1_atac,CD14 Monocytes,test scATAC,NK/Effector T cells,Naive CD8 T cells,test scATAC
TATTGACCAGGCTAGA-1_atac,CD14 Monocytes,test scATAC,Memory T cells,Naive CD8 T cells,test scATAC
TATTGACCATGAGTTT-1_atac,CD16 Monocytes,test scATAC,Memory T cells,NK/Effector T cells,test scATAC
TATTTGCTCACAGGAA-1_atac,Memory T cells,test scATAC,Memory T cells,CD14 Monocytes,test scRNA
TATTTGCTCTGTGCAG-1_atac,Memory T cells,test scATAC,Memory T cells,Naive CD8 T cells,test scATAC
TATTTGGAGTTTGGTA-1_atac,B cells,test scATAC,Memory T cells,NK/Effector T cells,test scRNA
TCAACAATCATCGTTT-1_atac,NK/Effector T cells,test scATAC,Memory T cells,NK/Effector T cells,test scATAC
TCAACAATCCAAGTTA-1_atac,NK/Effector T cells,test scATAC,Memory T cells,Memory T cells,test scRNA
TCAAGAACATGACTAT-1_atac,Naive CD8 T cells,test scATAC,Memory T cells,NK/Effector T cells,test scATAC
TCAAGGAAGCACTAAC-1_atac,CD14 Monocytes,test scATAC,CD16 Monocytes,NK/Effector T cells,test scRNA
TCAAGGAAGTCACTCC-1_atac,CD14 Monocytes,test scATAC,CD14 Monocytes,Memory T cells,test scATAC
TCAAGGAAGTTATTCC-1_atac,CD14 Monocytes,test scATAC,Memory T cells,CD14 Monocytes,test scATAC
TCAAGGTTCCCTCTAA-1_atac,Memory T cells,test scATAC,NK/Effector T cells,CD14 Monocytes,test scATAC
TCAAGTATCCTGCGAA-1_atac,Memory T cells,test scATAC,Memory T cells,CD14 Monocytes,test scRNA
TCAATCGCATTGCAGC-1_atac,B cells,test scATAC,Naive CD8 T cells,NK/Effector T cells,test scATAC
TCACCGGCAACTAGAA-1_atac,CD14 Monocytes,test scATAC,NK/Effector T cells,CD14 Monocytes,test scRNA
TCACCTGGTGTTTGCT-1_atac,CD14 Monocytes,test scATAC,Memory T cells,CD14 Monocytes,test scATAC
TCAGCAAGTAATCACG-1_atac,CD14 Monocytes,test scATAC,CD14 Monocytes,CD14 Monocytes,test scATAC
TCAGCCTTCACGAATC-1_atac,Naive CD8 T cells,test scATAC,B cells,CD14 Monocytes,test scATAC
TCAGCCTTCCACAATA-1_atac,Naive CD8 T cells,test scATAC,Naive CD8 T cells,CD14 Monocytes,test scATAC
TCAGCCTTCCCTGACT-1_atac,CD16 Monocytes,test scATAC,CD14 Monocytes,NK/Effector T cells,test scRNA
TCAGCCTTCGAGGTGG-1_atac,NK/Effector T cells,test scATAC,CD14 Monocytes,CD14 Monocytes,test scATAC
TCAGCCTTCTTTAAGG-1_atac,B cells,test scATAC,Memory T cells,Naive CD8 T cells,test scATAC
TCAGCGATCCTTGCAC-1_atac,CD14 Monocytes,test scATAC,CD16 Monocytes,Naive CD8 T cells,test scATAC
TCAGGAGCATGGCCCA-1_atac,CD14 Monocytes,test scATAC,Memory T cells,NK/Effector T cells,test scRNA
TCAGGTCCATCTTGAG-1_atac,B cells,test scATAC,Naive CD8 T cells,CD16 Monocytes,test scATAC
TCAGTGAGTTAATGAC-1_atac,CD14 Monocytes,test scATAC,NK/Effector T cells,NK/Effector T cells,test scATAC
TCATAACCAAGCCACT-1_atac,Memory T cells,test scATAC,CD14 Monocytes,Memory T cells,test scRNA
TCATACTTCATTTGTC-1_atac,Naive CD8 T cells,test scATAC,CD14 Monocytes,CD14 Monocytes,test scATAC
TCATACTTCTAACCAA-1_atac,Memory T cells,test scATAC,Memory T cells,CD14 Monocytes,test scATAC
TCATACTTCTCTAGCC-1_atac,Naive CD8 T cells,test scATAC,Memory T cells,Memory T cells,test scRNA
TCATCCATCAGCCAAT-1_atac,NK/Effector T cells,test scATAC,Memory T cells,NK/Effector T cells,test scATAC
TCATCCATCCCGTTGT-1_atac,Naive CD8 T cells,test scATAC,Memory T cells,CD14 Monocytes,test scATAC
TCATTGCGTAATCGTG-1_atac,CD14 Monocytes,test scATAC,NK/Effector T cells,NK/Effector T cells,test scRNA
TCATTGCGTTAGCAGC-1_atac,Memory T cells,test scATAC,Memory T cells,CD14 Monocytes,test scATAC
TCATTTGGTCACAGCG-1_atac,Memory T cells,test scATAC,Memory T cells,NK/Effector T cells,test scATAC
TCCAGCAAGGCTGTCA-1_atac,B cells,test scATAC,Naive CD8 T cells,Memory T cells,test scRNA
TCCAGGTCAAGGTCCT-1_atac,B cells,test scATAC,B cells,B cells,test scRNA
TCCATCATCCAATTAG-1_atac,CD14 Monocytes,test scATAC,Naive CD8 T cells,Memory T cells,test scRNA
TCCATGCTCATGCGTG-1_atac,CD14 Monocytes,test scATAC,CD16 Monocytes,CD14 Monocytes,test scATAC
TCCATGCTCGGGATTT-1_atac,CD14 Monocytes,test scATAC,Memory T cells,CD14 Monocytes,test scATAC
TCCCTCACAAATACCT-1_atac,Memory T cells,test scATAC,Memory T cells,Memory T cells,test scRNA
TCCCTCACAAGTGTTT-1_atac,Naive CD8 T cells,test scATAC,NK/Effector T cells,Naive CD8 T cells,test scATAC
TCCCTCACAATAATGG-1_atac,Memory T cells,test scATAC,NK/Effector T cells,Memory T cells,test scRNA
TCCCTGGTCTAATCAG-1_atac,CD14 Monocytes,test scATAC,Memory T cells,Naive CD8 T cells,test scRNA
TCCGGAATCATGCTAA-1_atac,Memory T cells,test scATAC,B cells,CD16 Monocytes,test scRNA
TCCGGTAAGCTGTACG-1_atac,CD14 Monocytes,test scATAC,Memory T cells,Memory T cells,test scRNA
TCCGGTTTCGAGGTGG-1_atac,CD16 Monocytes,test scATAC,Memory T cells,CD14 Monocytes,test scRNA
TCCTCAATCGACCTGA-1_atac,Memory T cells,test scATAC,CD14 Monocytes,NK/Effector T cells,test scRNA
TCCTCAATCTTCAATC-1_atac,CD14 Monocytes,test scATAC,CD14 Monocytes,Memory T cells,test scATAC
TCCTCACAGACAACGA-1_atac,Memory T cells,test scATAC,CD14 Monocytes,CD14 Monocytes,test scATAC
TCCTCACAGATACTTG-1_atac,Memory T cells,test scATAC,Memory T cells,CD14 Monocytes,test scATAC
TCCTCACAGCCTGGTA-1_atac,Memory T cells,test scATAC,B cells,NK/Effector T cells,test scATAC
TCCTCACAGTTGGATC-1_atac,Memory T cells,test scATAC,Memory T cells,CD14 Monocytes,test scATAC
TCCTGTTCAGCAACCT-1_atac,Naive CD8 T cells,test scATAC,Memory T cells,CD14 Monocytes,test scATAC
TCCTTAGTCCCGAAGC-1_atac,CD14 Monocytes,test scATAC,B cells,Memory T cells,test scRNA
TCCTTAGTCCGGTATG-1_atac,B cells,test scATAC,Naive CD8 T cells,CD14 Monocytes,test scATAC
TCCTTGCAGTACCGCA-1_atac,Memory T cells,test scATAC,B cells,CD14 Monocytes,test scATAC
TCCTTTACAGCACCAT-1_atac,Memory T cells,test scATAC,B cells,Memory T cells,test scATAC
TCCTTTACAGTAAGTA-1_atac,CD14 Monocytes,test scATAC,NK/Effector T cells,Memory T cells,test scRNA
TCGCCCATCGGGACCT-1_atac,CD14 Monocytes,test scATAC,CD14 Monocytes,Memory T cells,test scATAC
TCGCGAGGTACAAAGA-1_atac,CD14 Monocytes,test scATAC,Memory T cells,CD16 Monocytes,test scATAC
TCGCGAGGTATTGGTG-1_atac,Naive CD8 T cells,test scATAC,CD14 Monocytes,Memory T cells,test scRNA
TCGCGCACATAGCTTG-1_atac,CD16 Monocytes,test scATAC,Memory T cells,Naive CD8 T cells,test scRNA
TCGGTAAGTATTGTCC-1_atac,CD14 Monocytes,test scATAC,Memory T cells,Memory T cells,test scATAC
TCGGTAAGTCGCAAAC-1_atac,Naive CD8 T cells,test scATAC,NK/Effector T cells,NK/Effector T cells,test scRNA
TCGGTTACAATGAATG-1_atac,Naive CD8 T cells,test scATAC,CD14 Monocytes,CD14 Monocytes,test scATAC
TCGTAATCAGCCTAAC-1_atac,B cells,test scATAC,Memory T cells,CD14 Monocytes,test scRNA
TCGTCAACAAGGGTTG-1_atac,CD14 Monocytes,test scATAC,Memory T cells,NK/Effector T cells,test scATAC
TCGTCAACAGCAAATA-1_atac,Naive CD8 T cells,test scATAC,NK/Effector T cells,CD16 Monocytes,test scATAC
TCGTGCTTCCCGAACA-1_atac,CD16 Monocytes,test scATAC,Memory T cells,NK/Effector T cells,test scATAC
TCGTTAGCAGGCCTTG-1_atac,CD14 Monocytes,test scATAC,B cells,NK/Effector T cells,test scATAC
TCTAACCGTCACCTAT-1_atac,Memory T cells,test scATAC,CD14 Monocytes,CD14 Monocytes,test scRNA
TCTAGCCTCACCGGTA-1_atac,CD14 Monocytes,test scATAC,CD14 Monocytes,CD14 Monocytes,test scATAC
TCTCAAGCACGTGCTG-1_atac,NK/Effector T cells,test scATAC,CD14 Monocytes,CD14 Monocytes,test scATAC
TCTCAAGCATTAGGTT-1_atac,NK/Effector T cells,test scATAC,B cells,NK/Effector T cells,test scATAC
TCTCACCAGCCATCAG-1_atac,NK/Effector T cells,test scATAC,Memory T cells,CD14 Monocytes,test scRNA
TCTCACCAGTAATCCA-1_atac,Naive CD8 T cells,test scATAC,NK/Effector T cells,Naive CD8 T cells,test scRNA
TCTCACCAGTGAACGA-1_atac,Naive CD8 T cells,test scATAC,CD14 Monocytes,CD14 Monocytes,test scRNA
TCTCGCCCAATTGAGA-1_atac,Naive CD8 T cells,test scATAC,Memory T cells,Memory T cells,test scRNA
TCTGGCTTCGGTTTGG-1_atac,B cells,test scATAC,B cells,Naive CD8 T cells,test scRNA
TCTTCAAGTGTTGTGA-1_atac,CD16 Monocytes,test scATAC,NK/Effector T cells,Memory T cells,test scRNA
TCTTGTCCAATAACGA-1_atac,B cells,test scATAC,NK/Effector T cells,Memory T cells,test scATAC
TCTTTGTAGTCATTTC-1_atac,Memory T cells,test scATAC,B cells,Naive CD8 T cells,test scRNA
TGAAACTGTGACATAT-1_atac,CD14 Monocytes,test scATAC,B cells,B cells,test scRNA
TGAACAACACCAGGTT-1_atac,Naive CD8 T cells,test scATAC,NK/Effector T cells,Memory T cells,test scATAC
TGAAGGATCCGGTTGA-1_atac,Naive CD8 T cells,test scATAC,B cells,Memory T cells,test scRNA
TGAAGTGAGCACAGAA-1_atac,NK/Effector T cells,test scATAC,NK/Effector T cells,Memory T cells,test scRNA
TGACTCCTCTTAGTCT-1_atac,Memory T cells,test scATAC,NK/Effector T cells,Memory T cells,test scRNA
TGACTTAAGAGAGGAG-1_atac,Memory T cells,test scATAC,CD14 Monocytes,Memory T cells,test scRNA
TGAGAACCAAGCCAGA-1_atac,CD14 Monocytes,test scATAC,NK/Effector T cells,Memory T cells,test scATAC
TGAGAACCAGGATAAC-1_atac,CD14 Monocytes,test scATAC,Memory T cells,Naive CD8 T cells,test scATAC
TGAGCACGTTAGAGGG-1_atac,Memory T cells,test scATAC,B cells,Memory T cells,test scATAC
TGAGGAGGTGACATAT-1_atac,Naive CD8 T cells,test scATAC,B cells,Naive CD8 T cells,test scATAC
TGAGGGAGTCAATACG-1_atac,Naive CD8 T cells,test scATAC,Memory T cells,CD16 Monocytes,test scATAC
TGAGGTGCAGGAACAT-1_atac,B cells,test scATAC,B cells,Naive CD8 T cells,test scRNA
TGAGTGAAGTTCCTGC-1_atac,NK/Effector T cells,test scATAC,Memory T cells,CD14 Monocytes,test scATAC
TGATCAATCATCCTGC-1_atac,CD14 Monocytes,test scATAC,Memory T cells,Memory T cells,test scATAC
TGATCACAGGAAACTG-1_atac,Naive CD8 T cells,test scATAC,NK/Effector T cells,Memory T cells,test scATAC
TGATCCTGTGTAACCA-1_atac,Memory T cells,test scATAC,Memory T cells,Memory T cells,test scRNA
TGATCGAGTGGATGTC-1_atac,Naive CD8 T cells,test scATAC,B cells,Memory T cells,test scRNA
TGATGAACAAGGTACG-1_atac,CD14 Monocytes,test scATAC,B cells,CD14 Monocytes,test scATAC
TGATGATGTATTGTGG-1_atac,CD14 Monocytes,test scATAC,CD14 Monocytes,Naive CD8 T cells,test scATAC
TGATGATGTCTTTGAC-1_atac,CD14 Monocytes,test scATAC,Memory T cells,Memory T cells,test scATAC
TGATTAGTCTACCTGC-1_atac,Naive CD8 T cells,test scATAC,Memory T cells,CD16 Monocytes,test scATAC
TGCATCCTCTTTGTAC-1_atac,NK/Effector T cells,test scATAC,CD14 Monocytes,Memory T cells,test scRNA
TGCCATTGTCCGTAGG-1_atac,Naive CD8 T cells,test scATAC,CD16 Monocytes,CD14 Monocytes,test scATAC
TGCCGGTAGGATCCGC-1_atac,Naive CD8 T cells,test scATAC,CD14 Monocytes,CD14 Monocytes,test scRNA
TGCGGTTCATTATGGT-1_atac,NK/Effector T cells,test scATAC,Memory T cells,Memory T cells,test scRNA
TGCTATGCAACTAGAA-1_atac,Memory T cells,test scATAC,CD14 Monocytes,CD16 Monocytes,test scATAC
TGCTATGCATAGGCGA-1_atac,CD14 Monocytes,test scATAC,CD14 Monocytes,B cells,test scATAC
TGCTCAACAGCTCATA-1_atac,CD14 Monocytes,test scATAC,NK/Effector T cells,Naive CD8 T cells,test scATAC
TGCTCACTCGCAGGCT-1_atac,CD14 Monocytes,test scATAC,Memory T cells,B cells,test scATAC
TGCTCTCAGCAATAGG-1_atac,Memory T cells,test scATAC,NK/Effector T cells,B cells,test scATAC
TGCTTCATCGCTAGAT-1_atac,NK/Effector T cells,test scATAC,CD14 Monocytes,B cells,test scRNA
TGCTTTAGTGTTAAAC-1_atac,CD16 Monocytes,test scATAC,Naive CD8 T cells,CD14 Monocytes,test scRNA
TGGAACAAGTTCCTGC-1_atac,NK/Effector T cells,test scATAC,Memory T cells,B cells,test scRNA
TGGACCGGTGTGCAAC-1_atac,Memory T cells,test scATAC,CD14 Monocytes,CD14 Monocytes,test scRNA
TGGACGGAGTTACCGG-1_atac,CD16 Monocytes,test scATAC,Naive CD8 T cells,CD14 Monocytes,test scATAC
TGGATTGGTAGACAAA-1_atac,B cells,test scATAC,Memory T cells,Memory T cells,test scATAC
TGGCCATCACCATATG-1_atac,NK/Effector T cells,test scATAC,Naive CD8 T cells,NK/Effector T cells,test scRNA
TGGCCATCACCGGCTA-1_atac,B cells,test scATAC,NK/Effector T cells,CD16 Monocytes,test scRNA
TGGCCATCATTGCGAC-1_atac,CD16 Monocytes,test scATAC,Memory T cells,NK/Effector T cells,test scRNA
TGGCCTGCAACAGGTG-1_atac,Memory T cells,test scATAC,Memory T cells,Memory T cells,test scRNA
TGGCCTTTCTTGAGGT-1_atac,Naive CD8 T cells,test scATAC,NK/Effector T cells,Memory T cells,test scRNA
TGGCTTTGTCACCTAT-1_atac,CD14 Monocytes,test scATAC,Memory T cells,B cells,test scATAC
TGGCTTTGTTTATGGG-1_atac,B cells,test scATAC,CD14 Monocytes,B cells,test scRNA
TGGGCATGTCTTTGAC-1_atac,CD14 Monocytes,test scATAC,Memory T cells,CD14 Monocytes,test scATAC
TGGTCAGTCGTTAGTA-1_atac,Naive CD8 T cells,test scATAC,CD14 Monocytes,Naive CD8 T cells,test scRNA
TGGTCAGTCGTTTCTG-1_atac,B cells,test scATAC,Memory T cells,CD14 Monocytes,test scATAC
TGGTCATAGCGGGCAA-1_atac,Naive CD8 T cells,test scATAC,B cells,CD14 Monocytes,test scATAC
TGGTGATTCCGTTATT-1_atac,NK/Effector T cells,test scATAC,Naive CD8 T cells,CD14 Monocytes,test scATAC
TGGTGCATCGTCATTT-1_atac,Naive CD8 T cells,test scATAC,Naive CD8 T cells,Naive CD8 T cells,test scRNA
TGGTTAATCAAGCGCC-1_atac,Memory T cells,test scATAC,NK/Effector T cells,CD14 Monocytes,test scATAC
TGGTTAATCAGCACCA-1_atac,CD14 Monocytes,test scATAC,Memory T cells,CD14 Monocytes,test scATAC
TGGTTAATCCTAAGAC-1_atac,B cells,test scATAC,NK/Effector T cells,B cells,test scRNA
TGGTTCTGTTCCTGTG-1_atac,CD14 Monocytes,test scATAC,Memory T cells,B cells,test scRNA
TGTAAAGCAGCTCATA-1_atac,CD16 Monocytes,test scATAC,Memory T cells,Memory T cells,test scATAC
TGTAACTCACCAGGTT-1_atac,NK/Effector T cells,test scATAC,Memory T cells,CD14 Monocytes,test scRNA
TGTAAGTGTCAAGTAT-1_atac,Memory T cells,test scATAC,CD14 Monocytes,CD14 Monocytes,test scATAC
TGTATCCGTTCACCCA-1_atac,Naive CD8 T cells,test scATAC,NK/Effector T cells,CD14 Monocytes,test scATAC
TGTATCGCAGTACCGT-1_atac,B cells,test scATAC,NK/Effector T cells,CD14 Monocytes,test scATAC
TGTCAATCATGTCAAT-1_atac,Memory T cells,test scATAC,CD14 Monocytes,NK/Effector T cells,test scATAC
TGTCATAAGGTCATTA-1_atac,CD16 Monocytes,test scATAC,Memory T cells,Memory T cells,test scRNA
TGTCATAAGGTCCACA-1_atac,CD14 Monocytes,test scATAC,CD16 Monocytes,Naive CD8 T cells,test scATAC
TGTCATAAGGTTTGCG-1_atac,CD14 Monocytes,test scATAC,CD14 Monocytes,Memory T cells,test scRNA
TGTCCTGGTTCGCGCT-1_atac,B cells,test scATAC,CD14 Monocytes,NK/Effector T cells,test scATAC
TGTGCACCAATATACC-1_atac,Memory T cells,test scATAC,Memory T cells,Memory T cells,test scRNA
TGTGCGCAGTAAGTGG-1_atac,Memory T cells,test scATAC,NK/Effector T cells,CD14 Monocytes,test scATAC
TGTGCGGGTGATGAGG-1_atac,CD16 Monocytes,test scATAC,NK/Effector T cells,CD14 Monocytes,test scATAC
TGTTATGAGCTCAATA-1_atac,Memory T cells,test scATAC,Memory T cells,Naive CD8 T cells,test scRNA
TGTTCATTCCAAATCA-1_atac,CD14 Monocytes,test scATAC,Memory T cells,CD14 Monocytes,test scATAC
TGTTGCACAGTTTACG-1_atac,CD14 Monocytes,test scATAC,NK/Effector T cells,CD14 Monocytes,test scATAC
TGTTGCACATTATGGT-1_atac,Naive CD8 T cells,test scATAC,NK/Effector T cells,CD14 Monocytes,test scRNA
TGTTGGCCATCTTGAG-1_atac,Naive CD8 T cells,test scATAC,Memory T cells,Memory T cells,test scRNA
TGTTGTAAGTAACCAC-1_atac,Naive CD8 T cells,test scATAC,Naive CD8 T cells,CD14 Monocytes,test scATAC
TGTTGTTTCATAACGC-1_atac,NK/Effector T cells,test scATAC,Memory T cells,Memory T cells,test scRNA
TGTTGTTTCATTTAGG-1_atac,Memory T cells,test scATAC,CD14 Monocytes,Naive CD8 T cells,test scATAC
TGTTTGTTCTACCTGC-1_atac,CD14 Monocytes,test scATAC,Naive CD8 T cells,Memory T cells,test scRNA
TTAAGCCAGCTATGAC-1_atac,CD14 Monocytes,test scATAC,CD14 Monocytes,Memory T cells,test scRNA
TTAAGGACACCAAAGG-1_atac,NK/Effector T cells,test scATAC,CD14 Monocytes,CD16 Monocytes,test scRNA
TTAAGGACATTGACAT-1_atac,B cells,test scATAC,CD14 Monocytes,CD14 Monocytes,test scATAC
TTAATCGAGCCGCTTT-1_atac,Memory T cells,test scATAC,Memory T cells,CD14 Monocytes,test scRNA
TTACACCGTTAACGGC-1_atac,NK/Effector T cells,test scATAC,CD16 Monocytes,CD14 Monocytes,test scATAC
TTACAGCAGTGAGCAA-1_atac,Naive CD8 T cells,test scATAC,CD14 Monocytes,NK/Effector T cells,test scRNA
TTACCGTGTTCACCAT-1_atac,CD14 Monocytes,test scATAC,Naive CD8 T cells,CD14 Monocytes,test scRNA
TTACCTGTCTTTAGGA-1_atac,CD14 Monocytes,test scATAC,Memory T cells,B cells,test scRNA
TTAGAAGCACTTAGGC-1_atac,CD14 Monocytes,test scATAC,Memory T cells,CD14 Monocytes,test scRNA
TTAGCTGCAAGCTTAT-1_atac,CD14 Monocytes,test scATAC,Memory T cells,CD14 Monocytes,test scATAC
TTAGCTGCACCTCAGG-1_atac,NK/Effector T cells,test scATAC,NK/Effector T cells,CD14 Monocytes,test scRNA
TTAGCTGCATTGCGAC-1_atac,CD14 Monocytes,test scATAC,Memory T cells,CD14 Monocytes,test scRNA
TTAGGATGTAAGTCGC-1_atac,Memory T cells,test scATAC,B cells,B cells,test scRNA
TTAGGCGTCCTAATGA-1_atac,B cells,test scATAC,CD14 Monocytes,Memory T cells,test scRNA
TTAGGCTAGCTATTGA-1_atac,CD14 Monocytes,test scATAC,Naive CD8 T cells,NK/Effector T cells,test scATAC
TTAGTCAAGCCTCTCG-1_atac,B cells,test scATAC,Memory T cells,CD14 Monocytes,test scRNA
TTATAGCCAGCTTACA-1_atac,CD14 Monocytes,test scATAC,B cells,NK/Effector T cells,test scATAC
TTATCCTAGGCATTAC-1_atac,Memory T cells,test scATAC,NK/Effector T cells,CD14 Monocytes,test scRNA
TTATCCTAGGGATTAG-1_atac,CD14 Monocytes,test scATAC,NK/Effector T cells,Memory T cells,test scRNA
TTATGACCATTTAAGC-1_atac,CD14 Monocytes,test scATAC,B cells,Memory T cells,test scATAC
TTATTGCTCAATCATG-1_atac,Memory T cells,test scATAC,NK/Effector T cells,CD14 Monocytes,test scATAC
TTATTGCTCATTTAGG-1_atac,NK/Effector T cells,test scATAC,CD14 Monocytes,CD14 Monocytes,test scRNA
TTATTGCTCTGCAACG-1_atac,Memory T cells,test scATAC,Memory T cells,CD14 Monocytes,test scATAC
TTCAACCGTTACGCAA-1_atac,CD14 Monocytes,test scATAC,Memory T cells,B cells,test scRNA
TTCAGCACAGGTTATT-1_atac,Memory T cells,test scATAC,Naive CD8 T cells,Memory T cells,test scATAC
TTCAGGTAGCTGTCAG-1_atac,CD14 Monocytes,test scATAC,CD14 Monocytes,B cells,test scRNA
TTCCCACAGCGCCTAA-1_atac,Naive CD8 T cells,test scATAC,NK/Effector T cells,CD16 Monocytes,test scATAC
TTCCCACAGGCGAATA-1_atac,CD14 Monocytes,test scATAC,CD14 Monocytes,B cells,test scATAC
TTCCTTCTCAGGAAGC-1_atac,CD14 Monocytes,test scATAC,Memory T cells,CD14 Monocytes,test scATAC
TTCGCAACAACAGCCT-1_atac,Memory T cells,test scATAC,Memory T cells,Memory T cells,test scRNA
TTCGGTACACGAACAG-1_atac,CD14 Monocytes,test scATAC,NK/Effector T cells,Memory T cells,test scRNA
TTCGGTACAGCAACCT-1_atac,Naive CD8 T cells,test scATAC,CD14 Monocytes,Memory T cells,test scATAC
TTCGTGCTCCTGGTGA-1_atac,Memory T cells,test scATAC,Memory T cells,CD16 Monocytes,test scATAC
TTCGTGCTCGCAATCG-1_atac,CD14 Monocytes,test scATAC,CD14 Monocytes,B cells,test scRNA
TTGACATCAACGTGCT-1_atac,CD16 Monocytes,test scATAC,Memory T cells,Memory T cells,test scATAC
TTGACATCATAGCTGC-1_atac,Memory T cells,test scATAC,CD14 Monocytes,CD14 Monocytes,test scRNA
TTGACGTAGCAACAAG-1_atac,NK/Effector T cells,test scATAC,Memory T cells,NK/Effector T cells,test scATAC
TTGACGTAGGTTAGAG-1_atac,B cells,test scATAC,NK/Effector T cells,Naive CD8 T cells,test scATAC
TTGACTAAGTAAAGGT-1_atac,CD16 Monocytes,test scATAC,Memory T cells,NK/Effector T cells,test scRNA
TTGATGTCAATTGAAG-1_atac,Memory T cells,test scATAC,CD14 Monocytes,CD14 Monocytes,test scATAC
TTGCAAGGTGGGAACA-1_atac,CD16 Monocytes,test scATAC,Memory T cells,Naive CD8 T cells,test scATAC
TTGCAAGGTTGGCCGA-1_atac,Memory T cells,test scATAC,Memory T cells,Memory T cells,test scRNA
TTGCAATCATGGCCTG-1_atac,Naive CD8 T cells,test scATAC,Memory T cells,Memory T cells,test scATAC
TTGCAGCCAGCTTAAT-1_atac,Naive CD8 T cells,test scATAC,CD14 Monocytes,Naive CD8 T cells,test scRNA
TTGCATTTCGCCTGTT-1_atac,B cells,test scATAC,CD14 Monocytes,NK/Effector T cells,test scATAC
TTGCGAGTCCCTGTTA-1_atac,CD14 Monocytes,test scATAC,Memory T cells,B cells,test scATAC
TTGCTCTCATTAAAGG-1_atac,Memory T cells,test scATAC,NK/Effector T cells,B cells,test scRNA
TTGCTTTAGCTGTACG-1_atac,NK/Effector T cells,test scATAC,B cells,CD14 Monocytes,test scATAC
TTGGATATCAGGTTTA-1_atac,CD14 Monocytes,test scATAC,NK/Effector T cells,NK/Effector T cells,test scRNA
TTGGATCAGCGATAAG-1_atac,NK/Effector T cells,test scATAC,Memory T cells,CD14 Monocytes,test scATAC
TTGGCTTGTGTCCAGG-1_atac,Memory T cells,test scATAC,CD14 Monocytes,B cells,test scRNA
TTGGGCCAGTAACGAG-1_atac,Memory T cells,test scATAC,Memory T cells,CD14 Monocytes,test scRNA
TTGGGCGGTCCGTGAG-1_atac,CD14 Monocytes,test scATAC,Memory T cells,NK/Effector T cells,test scATAC
TTGGGCGGTCTCAGCC-1_atac,CD14 Monocytes,test scATAC,CD16 Monocytes,CD14 Monocytes,test scRNA
TTGGTGAGTCAAACTG-1_atac,Memory T cells,test scATAC,Memory T cells,Naive CD8 T cells,test scATAC
TTGTCAAAGTTGGATC-1_atac,Naive CD8 T cells,test scATAC,CD14 Monocytes,Naive CD8 T cells,test scATAC
TTGTCAAAGTTTGGTA-1_atac,NK/Effector T cells,test scATAC,CD14 Monocytes,Memory T cells,test scRNA
TTGTCCGGTTAGGCTA-1_atac,CD16 Monocytes,test scATAC,NK/Effector T cells,CD14 Monocytes,test scRNA
TTGTGCCTCATGGTGT-1_atac,NK/Effector T cells,test scATAC,CD14 Monocytes,NK/Effector T cells,test scRNA
TTGTGTGCAGCATGGA-1_atac,CD14 Monocytes,test scATAC,Memory T cells,B cells,test scATAC
TTGTTCCCAGGCTTCG-1_atac,Memory T cells,test scATAC,Memory T cells,Memory T cells,test scRNA
TTGTTGCGTGTGCAAC-1_atac,Naive CD8 T cells,test scATAC,CD14 Monocytes,Memory T cells,test scRNA
TTTACGAAGACAACAG-1_atac,Naive CD8 T cells,test scATAC,Memory T cells,NK/Effector T cells,test scRNA
TTTACGAAGCAGGTTT-1_atac,B cells,test scATAC,Memory T cells,CD14 Monocytes,test scATAC
TTTAGCAAGGTAGCTT-1_atac,Memory T cells,test scATAC,Memory T cells,CD14 Monocytes,test scRNA
TTTAGGATCGAAGCGG-1_atac,CD14 Monocytes,test scATAC,Memory T cells,B cells,test scRNA
TTTATGGAGTTGTCCC-1_atac,CD14 Monocytes,test scATAC,CD14 Monocytes,Memory T cells,test scATAC
TTTCACCCAGTAGGTG-1_atac,CD14 Monocytes,test scATAC,Memory T cells,NK/Effector T cells,test scATAC
TTTCATCAGCCTGGTA-1_atac,NK/Effector T cells,test scATAC,CD14 Monocytes,CD14 Monocytes,test scATAC
TTTCCACCACATAACT-1_atac,Memory T cells,test scATAC,NK/Effector T cells,NK/Effector T cells,test scRNA
TTTCCGGGTTTAGTCC-1_atac,CD14 Monocytes,test scATAC,NK/Effector T cells,CD16 Monocytes,test scATAC
TTTCCTGAGTTGTCCC-1_atac,CD14 Monocytes,test scATAC,Memory T cells,Naive CD8 T cells,test scRNA
TTTCGTCCAAGACTCC-1_atac,CD14 Monocytes,test scATAC,Memory T cells,Naive CD8 T cells,test scATAC
TTTCGTCCAGAGGGAG-1_atac,Naive CD8 T cells,test scATAC,Memory T cells,Memory T cells,test scATAC
TTTCTCACATTCCTGT-1_atac,Memory T cells,test scATAC,CD14 Monocytes,NK/Effector T cells,test scRNA
TTTCTTGCAGCACGTT-1_atac,CD14 Monocytes,test scATAC,NK/Effector T cells,NK/Effector T cells,test scRNA
TTTGACCGTAGTAAGA-1_atac,CD14 Monocytes,test scATAC,Memory T cells,Memory T cells,test scRNA
TTTGCATTCTAAGGTC-1_atac,Naive CD8 T cells,test scATAC,Naive CD8 T cells,NK/Effector T cells,test scATAC
TTTGCGGAGCAGGTTT-1_atac,NK/Effector T cells,test scATAC,Memory T cells,CD16 Monocytes,test scATAC
TTTGGCTGTTTACGTC-1_atac,Memory T cells,test scATAC,CD14 Monocytes,NK/Effector T cells,test scRNA
TTTGTGTTCCGCCTAT-1_atac,Memory T cells,test scATAC,NK/Effector T cells,Memory T cells,test scRNA
TTTGTGTTCCGTGACA-1_atac,NK/Effector T cells,test scATAC,B cells,Memory T cells,test scRNA
TTTGTTGGTAGGTTTG-1_atac,B cells,test scATAC,NK/Effector T cells,Memory T cells,test scRNA
