"","latent_1","latent_2","latent_3","latent_4","latent_5","latent_6","latent_7","latent_8","latent_9","latent_10","latent_11","latent_12","latent_13","latent_14","latent_15"
"01_01_22_rna",-0.149472483127379,0.0826759812186785,0.100523862030356,0.311647513722655,-0.211381134656527,-0.00625742578470588,-0.137820496528989,-0.151542703294292,0.302264633795534,-0.337589037764478,-0.0215713727526497,-0.221106000754511,-0.247457654147334,-0.37445648913754,-0.566371090197219
"01_01_29_rna",-0.0164041006378045,-0.0105071683836096,0.683950503075339,0.0928743642084513,0.0468386311305517,0.021425341523111,-0.620102141650817,0.202437994510334,0.0548990651550355,0.0425808608818097,-0.0148484451932174,0.292974952250053,-0.0638894338320297,-0.003842240071421,0.00820961514167766
"01_01_32_rna",-0.0176606795270224,0.0698985793999688,0.442307482332811,0.0399266840825458,0.363002796472047,-0.166672985543515,0.589119892728862,-0.00424591670416868,0.179621195757685,0.305129985357933,-0.348140105432901,0.124744813344383,0.139724648202399,0.0656141919353023,-0.0705830496460521
"01_01_40_rna",0.471153943695206,-0.0054838226760392,0.521441365458548,-0.0221973712742753,0.309396486524867,-0.253026684895193,-0.133633862562085,-0.302659037158146,-0.187273884777882,0.36913786339481,0.0106054014204367,0.0789637025785079,0.233141313191431,0.0362968422691109,0.0550139376503179
"01_01_49_rna",0.497283735597712,-0.205270875593975,-0.00742144533386883,-0.105667034437629,-0.145253519078679,0.163967169667025,0.279775726966559,0.221844402545911,0.605977776704608,0.337543851427531,0.007186714594371,-0.0646266438678456,-0.137122587866776,0.120003640673846,-0.0728168436028002
"01_02_10_rna",-0.129346922506183,0.0468788800379678,-0.118525557439938,-0.630284797631122,-0.197268786357924,0.0421745036647829,-0.163842910679134,-0.0681662858822426,0.479159919671557,-0.336498336799228,-0.0959788185214702,0.121829567249888,0.0150458074534293,-0.359459002227904,0.0355361598649279
"01_02_14_rna",-0.0670196787085704,-0.0296605864652981,0.230818434469742,0.445336252230204,-0.161639318302437,-0.282525734909309,-0.441977183835133,0.0433538557538464,0.243093111012289,0.0496235244547625,0.237134484284199,-0.332543867497004,0.130474446652458,0.0259193894891357,-0.4402105165255
"01_02_32_rna",-0.162166100225635,-0.0336904830073186,0.314401324637279,0.379696174481828,-0.121915563590511,0.145028167514739,-0.543480012068277,-0.137328172766107,0.0211012196099958,-0.0464730579636963,-0.252916790189805,-0.425662982333784,0.305626612838072,0.195193231958923,-0.0124377135788952
"01_02_39_rna",0.000796057404156699,-0.0811391391914785,0.373791606353895,0.424882886847224,0.186687534140644,0.00770491964003487,-0.111768517792658,0.0269639038616151,0.160388939621518,-0.107041870536282,-0.0156346255891736,-0.303576165837064,0.584048161917229,-0.0668047147932428,0.387141691963617
"01_02_53_rna",0.170258803279459,-0.15077543836404,-0.236351883329995,0.0866266993890948,-0.125548064491494,0.303343309458312,0.146528475885243,-0.142927133823111,-0.560420336012372,-0.0502105335645665,-0.0671442854768671,0.0420806096922494,0.121186109482252,-0.578328249384791,-0.25142245111211
"01_02_72_rna",-0.191142670870726,-0.0842757386241126,0.23828701975181,0.413955499250673,0.0870154948195306,0.0325500218490893,-0.182366972667892,0.19500978575026,-0.236362006304393,-0.244312385442113,-0.336952633976425,0.227478538831788,0.265687743791755,-0.483214600130678,-0.251751982578609
"01_02_74_rna",-0.180372310332876,-0.0242897283764669,0.187096559718126,-0.756849808870089,0.0927514713253135,0.0454217517730071,-0.212557038486856,0.03227851885025,-0.230699397113962,-0.0388860448781192,-0.0462946545114383,-0.275687059190719,0.266003118884163,-0.101888402728516,-0.296885369689521
"01_02_89_rna",0.0445407469189685,-0.013276527375119,0.4257793735513,-0.586011255630027,-0.0629890519244746,0.0375577887674004,-0.280804604051845,-0.40889651054482,-0.0405692664281282,0.0695319247832617,0.244778763060099,0.00148828507166149,0.124198232139142,-0.373780987291197,-0.0134149080845501
"01_03_03_rna",-0.17393757798026,0.120219515554448,0.292083690788327,0.126164333713598,-0.403458275421954,0.176101863101433,0.343051215379351,-0.411585301407337,0.317571801498959,-0.0126725282363,-0.0362175466307033,0.133404826051988,-0.406582038714549,0.180835642010014,-0.234636183515376
"01_03_05_rna",0.326681898207321,0.188309623324441,0.242012297933224,-0.166503072459645,0.406341180634075,-0.528985246514174,-0.411366826062553,-0.283387091825749,-0.0423392475835189,0.0684887628010732,-0.117226637090581,-0.105503147223191,-0.146939841175867,0.155225843398746,-0.00361133403211382
"01_03_22_rna",-0.113078555047636,-0.0117830385145222,0.585450297270195,0.45202699325657,0.341701096212383,0.0225251154758335,-0.213982633142393,0.169260369442134,-0.237297363596096,-0.162722842760399,-0.0457439694757457,0.0344221079888194,0.215890045146271,0.224379059736824,-0.255477315286643
"01_03_27_rna",-0.0869925984876687,-0.0123855100740148,0.196883889451518,0.115439824865019,0.091627305590517,-0.0400565476841125,0.22720011048541,-0.425517123795223,0.328446201783177,0.398005222432295,-0.256080404525962,-0.208899414230622,0.142662922004966,-0.130434977035394,0.533514075654977
"01_03_54_rna",0.197415998948559,0.0370139882048958,-0.268508003446626,-0.14855548196049,-0.148459200208872,-0.500630264071183,-0.352817548049156,-0.529180121499916,-0.0625093079095704,0.229974069569539,-0.0476226484129429,-0.212752299260648,-0.286878030337773,-0.0409797317752979,-0.00192453346529498
"01_03_58_rna",0.318076531047271,-0.249261649869887,-0.261383475791584,0.0101188375093112,0.266050372120629,0.0085678728649155,0.076862905576542,0.600589187930742,0.273852569621369,0.0294142503908358,0.189267921444457,0.10001919331775,-0.0331246493063709,-0.389784415686165,0.236822726760167
"01_03_83_rna",-0.0900859679778749,-0.0424332108393669,0.460299256490575,0.231191940582169,0.13597194727225,-0.140866196287663,-0.353537447758966,-0.0529560727269501,0.0289152439319046,0.0383297283215086,0.585889851732367,-0.00838980648535031,-0.446063557721579,-0.0950940998808539,-0.070540355734973
"01_04_03_rna",0.250446849531181,-0.0985925226454851,-0.444646149375145,-0.0011095123121817,0.0899473616535714,-0.434947976442541,0.074434126678304,-0.140467591776765,-0.0331765612498933,-0.683034102813989,0.00263400023414002,0.0124096409216309,0.0388209196492868,-0.192865801871521,-0.0283040444192683
"01_04_07_rna",0.279294737266276,-0.0465530926415709,0.0976528076007295,0.131401185281999,-0.416739678496191,-0.116995605609776,0.00594427078757272,0.0399582553158068,-0.119715958602479,-0.62534365515215,-0.377775582199641,-0.0350317410088948,0.233134483271705,0.121586983766346,0.29252298372529
"01_04_21_rna",0.397681815275804,-0.221347601501812,0.0462857860168562,0.38002942298741,-0.213333397201943,0.211441786914707,-0.36251302138319,0.0963628405330577,0.32962476694519,-0.0378110930301539,-0.370036653936596,-0.325238025075521,0.101162501227424,-0.0750091995864048,-0.216148388458057
"01_04_22_rna",0.406351181977105,-0.198653636065678,0.0646759204471168,0.140604846002808,0.312074340258881,-0.0785067936915596,0.200164737193494,-0.0288418129714205,-0.153048250428577,0.440121670959017,0.434438581093969,0.00231224844519151,-0.0836663773963336,-0.462639123655122,-0.0101572042290845
"01_04_47_rna",-0.0768426817870122,0.0259174961344266,0.370266927596142,0.0655544241259081,0.291954515133929,0.0729921035442271,-0.222491430497783,0.00348214026874054,-0.268108210328425,-0.28030873066181,0.124358337989778,0.336160489890258,-0.182711159137287,-0.559273776092898,0.29471047657515
"01_04_64_rna",0.278749283029654,-0.120247296505863,-0.097168359419084,0.184545885977649,-0.259715711303132,0.258331066528945,0.0185691903302061,0.282268482543497,-0.469418808571927,0.425414515979805,-0.274370519450218,-0.269108702199918,-0.231292386850296,-0.217517468729242,-0.017112214456372
"01_04_67_rna",0.15941457430216,0.15145684336526,0.373120532578951,-0.00774315284391562,0.167978340960741,0.610951564161754,0.00187645116117024,0.0323723910164306,-0.509555839035614,-0.00566160196961701,-0.35696309150374,0.132687974997604,-0.0710182945369654,0.00883564020736917,-0.00304620475251113
"01_04_70_rna",-0.158321464341694,-0.0394332810197961,-0.0540695061329911,0.347105625767518,-0.21105520966689,-0.345159286230616,-0.2925612072167,0.10082655241689,-0.0161851522061929,-0.28845716564736,-0.170062882605401,0.168461659045638,-0.0133566431494454,-0.333912646958891,-0.581455027853083
"01_04_72_rna",0.498336503996097,0.0579534926953302,-0.0939762059065972,-0.0778992449057586,-0.0734300362100082,-0.420780978918746,-0.287027295120004,0.218440591686491,-0.207992656807025,0.395141841588359,-0.338099106040195,0.277996918474951,0.00863330421126552,-0.0514113057898864,-0.164753665838259
"01_04_73_rna",0.169504518971277,-0.195986253812982,-0.0605305948707828,-0.0833874385879977,-0.395418785691879,0.8110846972958,0.0898567800501338,0.164936197270167,-0.172806480236674,-0.0361128472340255,-0.138990619388955,-0.0766699460106818,-0.0419274280995533,0.03829469293457,-0.114718408279018
"01_04_79_rna",0.300843542093182,0.80909464224222,-0.0327848991320089,-0.00106311720007629,0.258790633125773,0.224010868805592,-0.0238585550676526,-0.109624021414085,0.0962474839241171,-0.152718978543945,-0.0170712193418842,-0.204222721383824,0.191523502006272,-0.0792056999966049,0.0806419222720813
"01_04_83_rna",-0.0698305193188408,0.0350194954061538,0.486201511516632,0.115709976043485,0.252440383158145,0.0357964961292637,-0.333811884054548,-0.00848590537168552,0.144249578384569,-0.263350802850643,0.0640576553557056,0.184619016929446,-0.550324133846466,-0.368746396067111,0.0206638982700501
"01_04_93_rna",0.216070780650705,-0.191197029762389,-0.42748914063643,0.0383388166736719,0.431699196446101,-0.258252972512206,-0.149996296783508,-0.346797721858811,-0.0449025343641467,0.214634970769238,-0.0264625335800762,0.0354898721348185,0.104708806296413,-0.424977781913913,-0.308382370054856
"01_05_01_rna",-0.209722340130091,0.0301202017668669,-0.0353256254507081,-0.230611734923295,-0.249947334361477,-0.157131511604217,0.267479354409316,0.289918442740805,-0.195540822844132,-0.0118638145766665,-0.663125929241578,-0.220010948676227,-0.249206527084249,-0.153024780870909,0.214194993548826
"01_05_62_rna",-0.120748356523355,0.102751664485157,-0.00098450847794888,0.187395083847464,-0.157432643177738,0.03819050019085,0.31009562476189,-0.247620574739365,0.270921548568102,0.022854419252812,0.171283222113725,-0.139178048951272,0.195381450781854,-0.00804625586737221,-0.77146439397632
"01_05_69_rna",0.270670571481764,-0.175989564683417,-0.21890071847966,-0.00904236105594502,0.39271251672243,-0.421737769447482,-0.156656145738172,0.314188236586809,-0.255668774772592,-0.142438870875919,0.0300500425781481,0.294759471675063,0.356048768225011,-0.230897463210328,-0.197227517433751
"01_05_78_rna",-0.438005558538535,0.0623465548209858,-0.0279812137234377,0.265420465131903,-0.259116150056354,0.132211200435735,-0.48782293826755,0.0892061339324603,-0.165345385307638,-0.182895910689299,-0.392644196704588,0.200795326131652,-0.100016549799458,-0.289397703442323,-0.231193754682508
"01_06_06_rna",-0.00465215226703661,0.0516775548094757,0.302483922530639,0.344544567187512,-0.269115115932789,-0.021314609146855,0.0542424022809849,-0.0288880040296574,0.284146950959924,0.0619775184129786,-0.604811669458951,0.341241248120039,0.26914332032509,0.0528332827578218,-0.26152124649507
"01_06_21_rna",0.0160633845263627,0.00332952545024477,0.388853873578346,0.456709567809061,-0.136259727762851,0.219469484314531,-0.0632495064547594,-0.295780946436953,0.332482850981232,-0.175332499482009,0.1677291937721,-0.427795160959066,-0.166130313731142,-0.196118513148774,-0.251454996412212
"01_06_22_rna",-0.297439643535167,-0.000530990134802705,0.225995575456505,-0.265073245687811,0.245080519427221,-0.454519718095646,0.460370160187136,0.0141472266058255,0.0917194609409452,-0.0765787908431796,0.0806174744567292,-0.227070751215107,-0.391766883629193,-0.29030970484782,0.0360554772690645
"01_06_48_rna",0.524344513862228,-0.166827177864617,0.0874661194689686,-0.0620208291056545,0.255423855979985,0.173393242356169,0.0677744696205373,0.142930930319091,0.397862062742681,-0.154779797982586,0.30702136163279,0.35360007257471,-0.087702766199088,0.0568877625172131,0.391064315116366
"01_06_62_rna",0.257921091339092,-0.132503270211434,0.395596532935296,-0.0927146243787779,-0.162370206053615,0.205025636677266,-0.315131146126292,0.220295674531308,-0.19247938324561,-0.524434015535835,-0.0570349791883973,-0.272789208993829,0.0268494083951811,0.0573243854343565,0.375281613831491
"01_06_66_rna",0.402582136688812,-0.108619336903374,0.026765536329748,0.076821418022555,-0.248969007020376,-0.101901292330182,-0.0851460895888113,-0.479538329748852,-0.247569611003961,0.156717634823173,-0.563293618191948,0.01490379172013,-0.316692789001927,0.0695413101814038,-0.0378412932346223
"01_06_67_rna",0.337720158412529,-0.311320432859842,-0.378339421175581,0.0349930339440335,-0.298825863657533,0.44943341301974,-0.0085936211555586,-0.0193288592959194,-0.0224676082792338,-0.355907275655269,-0.0924052818094692,-0.0875047083011588,-0.221155920022549,-0.331387710778459,0.225447022173493
"01_06_77_rna",0.204949182142562,0.586687787198794,0.372178755201673,0.038451374854512,0.381329338945205,0.175972290080064,-0.126657432601613,0.107953016820193,-0.0458790550451066,-0.0219389535186223,-0.0866678428189656,0.285365487345107,0.10311360726125,-0.297098669303252,0.28158915342191
"01_06_89_rna",0.140101896546651,0.712538453440864,-0.110740862081562,-0.0293175621449318,-0.0665997058985926,0.206330742393873,0.0125383371079643,-0.31371998929548,0.0738602709466177,0.197886971406799,0.293707898914527,0.0541096647774147,-0.209006001063566,-0.0573966000227499,-0.364921030286198
"01_07_29_rna",0.156995054288416,0.779059155147424,-0.0799750265217763,0.0984505052487978,0.0686596582555584,0.0327413057406152,-0.13481579027715,0.114575816174743,0.103588100012131,-0.282277423745173,-0.00544423627760673,-0.0219136283136682,-0.199274326456317,0.217469924721447,0.370563775277217
"01_08_19_rna",0.00379207554898812,-0.0837218450040024,0.0555713752113879,-0.240443292988512,-0.0727820902853133,-0.0228693076800654,-0.261174482710752,0.358587877590073,0.52481169574787,-0.311947757934024,-0.444888188291529,0.131315557533785,-0.323066090757652,-0.115446412472309,0.15443424204677
"01_08_69_rna",-0.275913905626935,-0.184445493143668,0.108735237381819,0.576335345020227,-0.311809791380351,0.207630324888335,-0.285610367051697,0.0864027379549549,-0.226418333906357,-0.390054829237983,0.0227648944344156,-0.0568517295574135,-0.0158487409640919,-0.328899676523324,0.030109984138624
"01_09_41_rna",0.324223109059534,-0.0040613083801422,0.139584303195796,-0.333749359710332,-0.00558043107464111,-0.202727401892258,-0.449352372374874,-0.269515697878209,-0.319328865373075,0.149048224635552,-0.482248295559005,-0.219240763862526,0.195282273232299,-0.0670805843729855,-0.0292140752887883
"01_09_52_rna",0.349000668047556,-0.281931661219469,0.0429803306455338,-0.121321299431839,0.43314411297601,-0.360721923012738,-0.523245015373908,0.249337915834767,0.0543779864829227,-0.103545914219541,-0.0579171127527577,0.245843218843371,-0.088939820817064,-0.143834905042911,0.149623732241428
"01_09_93_rna",-0.266766705817997,0.106681509103555,-0.101417691617729,-0.485537237491383,-0.122993498184751,-0.150594385432134,0.0528068629878861,-0.268902667367139,-0.168708751244219,-0.187076130958611,0.083578823586123,-0.395231227359103,-0.407349982209633,-0.238654964546692,-0.33011494943695
"01_10_04_rna",-0.202691483861545,0.0165561312102719,-0.000685341039118814,-0.524941765505576,0.106960320194727,-0.142745901116654,-0.434800700844183,-0.0786699396223843,0.255515336099623,-0.228076972878149,0.0127571845936339,-0.316540830794097,-0.338000959086278,0.122399066757189,0.33034225137597
"01_10_28_rna",0.335099083329074,-0.305290697255323,-0.594436889656586,-0.00579058561277677,-0.11776899232767,-0.2791652873087,-0.0111213675746548,0.189405105956601,0.249387141258237,-0.42865000367603,-0.189629789978494,0.13749894422353,-0.0228994921001168,-0.028582183015781,-0.105712624473954
"01_10_55_rna",-0.160620148708246,0.046360506822188,0.406950407425131,-0.238763315657127,0.12021415350713,0.0604168146918038,-0.370206352283052,-0.00847258573636041,0.226609929776683,-0.359809922400837,0.289000183368722,0.527200196966069,-0.0990440644118247,0.0716808723220219,0.192314548842713
"01_11_01_rna",0.0228179040173723,0.0134898226268025,0.148801039125608,0.0513729667622396,0.441172334742049,-0.0325895149101991,-0.111912112209687,-0.1371480434774,-0.172127305598037,0.0507476353255572,0.425481828115702,-0.461317879734247,-0.390522764659395,0.0865158222873403,0.401798834747144
"01_11_03_rna",-0.139998525678557,-0.064088553581271,-0.0491755702422282,0.189265482445075,0.0735315406503171,0.029001468150215,0.39489792115888,-0.165299715674877,0.354909888526282,-0.0228107036216735,-0.443083266313102,0.00316870256379677,-0.0724030324603215,-0.31464559857393,-0.566991043353705
"01_11_15_rna",-0.221180100754516,-0.000676423847980553,0.25352012676201,-0.529675526742702,0.0738943437816715,-0.130820951277775,-0.230070851351991,-0.403393273534201,-0.0424042709971877,-0.159530225647923,0.294738780629624,-0.384894363177088,-0.182454148541428,-0.2587311005925,-0.0743177544494069
"01_11_19_rna",-0.00589566015941648,0.116854590844054,0.311338561311391,-0.396105557669792,0.119918008866441,-0.183873636506103,-0.220950956719654,-0.137734088256712,-0.288292385672807,0.165824228587255,0.375270170813755,-0.465119574617411,-0.229402169451217,-0.164843258620928,-0.262538256903384
"01_11_29_rna",0.405489784001223,-0.34287225481863,0.0343845012702437,0.0305055800822564,-0.214736021715466,0.235409456091881,-0.00739072355862098,-0.148019634850233,0.0540292965120791,-0.277021299320109,0.169388782203556,0.361294414393804,-0.337792021592029,0.267496779541469,0.409714542069781
"01_11_41_rna",0.259721309475142,0.204795908693147,0.540494465097979,0.10546997978788,-0.0701980529440382,0.26470366804191,-0.0153061382770477,0.0332857163651676,-0.0236727473398657,0.237058240552465,-0.380096449258685,-0.365071842380941,-0.0715595160374865,-0.10684812293505,0.399952776618691
"01_11_49_rna",-0.0635822142997012,0.021159109178491,-0.0668240952657716,-0.321658092959032,-0.450147010926156,0.0966737578233145,0.122996808084923,0.298547448803109,-0.246480843272618,0.228436180708846,-0.306565320462333,-0.221209672791471,0.321864022124167,-0.174551523321745,-0.425942099269649
"01_11_52_rna",0.0376165664766092,0.0236755329551161,0.0794798326462778,0.165436877434553,-0.201109921344372,-0.0973673656288762,0.313763488067443,-0.455436624729658,0.556224630134497,-0.0630037419499243,0.268164095889917,-0.27377028094071,-0.145384658033534,0.181554700904555,-0.306962768068303
"01_11_64_rna",0.0413825464362,0.0444641933031259,-0.0217647770839172,-0.03961569879781,-0.0467174666582878,-0.332221112326952,0.552605683974601,-0.166913471592603,-0.142741732180407,-0.10901993295626,-0.0449096639122226,-0.484869442307277,0.175322776484116,-0.472020968111558,0.159884648887721
"01_11_88_rna",-0.182208554300449,0.0774641839691034,0.611162314404621,0.149114199316376,0.251934793758652,-0.000960897744900751,0.447452652262889,-0.116803273178987,-0.157611379041197,0.235468409267954,-0.0330277009906371,0.0775538445798569,0.309071783398988,0.297037167343196,-0.128714362825061
"01_11_92_rna",0.28883239749543,-0.0456238062708087,0.0535775007949031,0.00101975503745017,-0.00174303659207974,-0.444500752197784,-0.222657000126754,-0.389840738269557,-0.220447526757213,0.429897386405629,-0.213044077406067,-0.306632099150556,-0.147039201337428,0.0825560449319074,-0.333512972524152
"01_12_04_rna",-0.187812375822281,0.0946765182496156,0.153470988168576,0.297388537212061,-0.194561678601492,0.105462633548609,0.316217669829486,-0.233022303192764,0.107025490646047,0.0648185905642606,-0.280327718320355,-0.214739533478594,-0.100654349092911,-0.506716254267027,-0.482964488544318
"01_12_33_rna",-0.126386087167349,0.125463693433546,0.0560942480052302,0.14474386708271,-0.0378431660717754,-0.117977915481705,-0.33661143754582,0.0608442107519621,0.319407335470162,-0.340828765712636,-0.517077264970064,0.167459253663396,-0.449140576538827,0.151698509531035,0.271092985692062
"01_12_50_rna",0.470841024657215,0.025705602747234,0.404054434012125,-0.102588676236504,0.23223827392755,0.237850952510695,0.127415814049929,0.112645918443564,0.308162408635116,0.133220633175206,-0.460700281922595,-0.320309002314943,-0.0557741358445196,0.144669173482024,0.11330316561822
"01_12_61_rna",-0.0306028508366187,-0.0136328304212812,0.342562369490025,0.159769622653333,0.113031406697941,-0.0365915945621649,-0.582300986223412,0.377604251784051,0.274255113825445,0.0650900165061218,-0.121376112563763,0.425625858753618,-0.195146971248387,-0.0233253893804565,0.215079810072701
"01_12_76_rna",-0.0195240109345598,0.0333209285339112,0.242791689808462,-0.00859486693927103,0.0839044694493722,-0.245835651718189,-0.030776309806369,0.162081987321277,0.200928609711771,-0.394463850358301,0.0643553963773576,-0.447564496243975,-0.457106799072298,0.171622409360554,0.453831978708264
"01_13_09_rna",-0.019504156017466,-0.0391162254395642,0.0385644845619355,-0.0757195503930699,-0.158302026559902,-0.220227415305421,0.116507643249779,-0.101938812505216,0.733234826662688,0.03064386644923,-0.202861120424979,0.422127863814539,-0.297924767898165,-0.204048561456461,0.0709347065838089
"01_13_30_rna",0.178580058882267,0.194871700709568,0.277358347874398,0.0998057235672859,-0.0821355936515183,0.208974957691811,0.143705629913032,0.20893030810724,-0.218171253840537,-0.200103096020509,-0.178434383691611,-0.695322129090646,0.280503549758092,-0.21613821306555,0.0132578557290793
"01_13_49_rna",-0.108352846506013,-0.0643601696548782,0.142033908851675,-0.00303207234270836,0.375951708324665,-0.118983372423671,-0.0305616090299294,0.0954868642893495,0.0402350924682194,-0.121434684855598,-0.248682684268522,-0.263660818293122,0.010558945545363,0.112423973534051,-0.798692763407615
"01_13_85_rna",-0.146537746986955,0.130193765121624,0.0466646775262262,-0.0361292335584384,0.017450150650998,-0.0777263147849093,0.515609255960404,-0.101571237181998,-0.0372198158223975,-0.200975471248796,-0.470524963313926,0.268831322129598,0.367429081763347,0.0320462476090079,-0.451781232521299
"01_14_16_rna",-0.0823530824805037,0.0625729666000103,0.0599446253893341,0.0896786551250135,0.336726082348051,-0.136645288610816,0.345967422463405,-0.162649526497879,0.466774586554576,-0.172805598101666,0.139066532609286,-0.200920897547875,0.0767421760566809,0.157405142358157,-0.601121885869405
"01_14_44_rna",0.0540307984742699,0.653825666252357,-0.34388923278901,-0.0233174819842653,-0.0453463710599675,-0.000782717908494055,-0.296927703014195,0.169247272517526,0.361974619473419,-0.0586929032026669,0.208672940459175,0.0365369176940334,-0.00336150179364644,0.217474044597771,0.32444640736536
"01_14_58_rna",0.0225237938044831,-0.0200594180473375,0.527820212484587,0.0380338963146913,0.512824815718725,-0.00765259383062817,0.520872247181284,0.0887321682255692,0.266147810001278,0.0125093504668009,0.0333650835431693,-0.238869950091615,0.0806958921995504,-0.197054483621515,-0.0481131593820054
"01_14_59_rna",0.18017283007396,-0.0878201807541355,-0.0845256855688075,-0.265322081125222,0.248224540242037,-0.398824924107994,-0.116039992094131,-0.516188876343286,-0.156071485396131,0.167726394693331,-0.286815477245631,-0.165441631281497,-0.186698014930683,-0.394532027632334,0.170457671056624
"01_14_73_rna",-0.11816492971144,0.0627364115326752,0.0861584510713767,-0.0419622390222505,-0.00151573392974912,-0.308110038241245,0.631681119394644,0.0575571583964457,-0.295456579268156,-0.055912069420285,-0.530814167267377,-0.231513802328,0.185026911792638,-0.0618444023139333,-0.108657116186143
"01_14_82_rna",-0.265523419318794,0.0183913987588345,0.0848242695127187,0.204605320207494,-0.0634440732631659,-0.0674667252889991,-0.439238884299782,0.266142442300039,0.327658709744275,-0.0733500170466217,-0.389426990054247,0.167895914989003,-0.13265457100204,-0.395361816567254,0.375859009243838
"01_14_95_rna",0.172648084490687,0.772057458692895,-0.174220589384853,0.185120237966854,-0.0402222133243275,0.304262242817645,0.22468793739998,-0.207119220008129,-0.15832237035683,-0.170676832108496,0.0714751509151423,-0.0549037514229078,0.14941651021216,-0.131010257870637,-0.141818791014914
"01_15_25_rna",0.288460712929056,-0.181900987967784,-0.42307254629936,-0.154397443930626,0.306672326020068,-0.0824168422051248,-0.259782865894421,0.160464961989965,-0.0453009522544911,-0.354903628921076,-0.309075708126236,-0.166720496633281,-0.479381247002738,0.0382290053782286,-0.0647826242590038
"01_15_47_rna",-0.166419866127081,0.0103649814233187,0.299209657861151,0.064254593310903,0.0852452370072357,-0.17221108318113,0.578207987983174,-0.0032253645155654,0.0359353380024698,0.214370806400031,-0.137446922964523,0.488007899940781,-0.416477153943259,0.00148180481074089,-0.171868151673318
"01_15_61_rna",-0.189800274133326,-0.082137075983004,0.363529022495947,0.285270453932088,-0.222248735269748,0.291921579140386,-0.173981829675172,0.0132087599123517,-0.0539883427665115,-0.17599897993135,0.256568898914953,-0.436727757346386,0.0948469061435175,0.497011283267736,-0.17937293606565
"01_15_79_rna",-0.0531245607933775,-0.111533956600271,0.38820909591418,0.28046861391277,-0.246682665410593,0.264449310871586,-0.0393986490232439,-0.198587215902418,-0.203902424701529,-0.37296160552685,-0.0857206061846886,-0.413707108775606,0.441039253038781,-0.119641376175865,0.124844971620616
"01_15_94_rna",0.15749971132969,-0.221758091826074,-0.266006983755809,-0.0167580729035821,0.0379428494782926,-0.0106151541839991,0.0572819540415193,0.172371138675394,0.547804120175758,0.533612191792207,-0.21156664361198,0.405349753318948,-0.0898965202004152,-0.127242835600013,0.0475284348890481
"01_16_14_rna",0.21298068287704,-0.132257711592481,-0.286948609147796,-0.0186077150189092,-0.157552028391882,-0.0438294816437051,-0.140841775070411,0.303370497477827,-0.410959475692398,-0.408838003705817,-0.183049211159437,-0.137867297297691,-0.402563643628811,0.126026288569522,-0.386467235028904
"01_16_18_rna",-0.0824537738028805,-0.0119263980054173,0.212641368605075,0.0466632536611662,-0.175049631611854,0.146503243808109,0.404469823369549,-0.0736202458492754,-0.0400931543075351,-0.013203390832615,-0.0695293602292418,-0.405378281503105,-0.341330064562334,-0.390850277357998,0.533222417812204
"01_16_20_rna",0.510799389046292,0.229159980022183,0.344505233140186,0.0776046730192415,-0.0300038625947044,0.0967929629046023,0.334707263661089,0.116092781746937,-0.204272683404348,-0.413025951131001,-0.0920494930807348,-0.0219844674838764,0.0057471363737991,0.210149481290522,-0.400771412987574
"01_16_44_rna",-0.16882538594258,-0.041148609970254,0.138742242104959,0.52711006897017,-0.542618176795009,0.174603396240882,-0.152331381704401,-0.0135524812168418,0.0762443897399876,-0.0157454767333499,-0.0527083638286594,-0.266994193375694,0.0601037438249671,-0.467880771794129,0.147481932737027
"01_16_59_rna",-0.0304419124107703,0.178139770031947,0.243134477919113,-0.472543706877735,0.253584569138385,-0.0679097733810099,0.0791235988323991,-0.304066917091059,0.0735761343124228,-0.234161183795618,-0.233593616836004,0.0261303972713895,-0.581005164760642,-0.183289757426583,0.175036163037045
"01_16_89_rna",0.0497319798190204,0.661448778816856,-0.195486380342494,0.0456438496605932,-0.0822227999978179,-0.310963929458668,-0.186442828289805,0.39006096759444,0.0122674337859185,0.166421699456775,0.259265402878916,0.0210608979554004,-0.228064183693822,-0.253980787104224,0.131597954816988
"01_17_46_rna",-0.190424043606863,0.168994678650431,0.211951725018435,0.309803789459595,-0.363710077711417,-0.265137638155721,-0.0394560928028047,-0.0666349415325899,0.203903701556426,-0.485818343736303,-0.0335790331616199,-0.502008471913757,-0.110852722001323,0.186012384525067,0.0898465407365502
"01_17_59_rna",-0.181105897947226,-0.0818882815417425,0.398299595434587,-0.512387799439558,0.315215557462744,0.202757583215968,0.0517507247947572,-0.14441749370758,-0.0522617521706169,-0.00184435335218904,-0.274758609933104,0.0304513856264869,-0.343165598073042,-0.388089900662896,0.166656627284277
"01_18_11_rna",0.0509093472568098,0.794215285858644,-0.251415923484556,0.0626295220548495,0.0454250108787525,0.092060805808043,-0.320197020653028,-0.0396407384781584,0.196627001291526,-0.0303772939647268,0.287320791407476,0.145151890674544,-0.153122262743063,-0.121142510155585,-0.0594352539586876
"01_18_21_rna",-0.0208285466960936,-0.0251731802506297,0.536404790590508,0.350254197555697,0.015082180555069,0.00966024430584402,-0.145388978509064,-0.159267263929331,-0.155345203082214,-0.176096828789088,0.487292441945205,-0.454737716262994,0.0983498154526981,0.0280357437851546,-0.178489054327088
"01_19_57_rna",-0.070189223185552,-0.0439945680026843,0.215856715407941,-0.0500088626222063,0.313169877238096,-0.240934594323164,0.46359220221024,0.0119496727509972,-0.163911683558272,-0.387090300129739,0.245716081979429,-0.142777019265185,0.166565756277313,-0.510038453788424,0.165851082255364
"01_19_58_rna",-0.0441521194060926,-0.0766836485469046,-0.0484486900461427,0.134860057918656,-0.334354106631946,-0.269655055155063,0.394350947646878,-0.217339994181939,0.0908244532604859,-0.17440264959933,-0.128544593783761,0.0585632396370324,-0.0111389518909662,-0.704675110535374,-0.170499320974399
"01_19_67_rna",0.221485743341272,0.332926899414009,0.565841750994953,-0.117153889461058,0.248790726918607,0.1805425855894,0.174407877711909,0.219994660306159,0.129944054073025,-0.139801605270039,-0.0598086539238632,0.196641343575181,-0.416812746756335,-0.282686454647386,0.0239641015509234
"01_19_73_rna",0.0334319791213836,0.0777552002331387,0.268275138186047,-0.566942163340595,-0.226505248489909,0.254372875653331,-0.264637203091316,-0.357771407728065,0.274985460800588,0.114263896292018,0.0379419292306445,-0.146271260971639,0.416188250381284,0.0223343981505237,-0.013358511655029
"01_19_82_rna",0.269029569812636,0.163915605637527,0.286434504378988,0.0699259255800544,-0.396630342612693,-0.349889865639891,0.201833867199647,0.389826360277393,-0.163260339125357,0.467572273176812,0.262644430664709,-0.0530645051405134,-0.145566323276624,-0.0535585919081529,0.0157026008637535
"01_19_94_rna",0.288565027236924,-0.192956940439782,0.125453246122049,-0.200988996542015,0.552956162041632,0.175741571545939,0.0569137633724944,0.422526715192962,-0.00724667894912291,-0.296033267203617,0.128871631561385,0.116547456550951,-0.347421439060953,0.257604807112701,0.00279682186401652
"01_20_21_rna",-0.209738559885856,-0.000432480966808549,0.48787905229979,0.401143616596128,0.103294015119658,0.191418423986044,-0.545835598311655,-0.0769765461157188,-0.197399716259898,0.117761823211742,-0.215149927497745,0.212717611641084,-0.00626390361815088,0.0355012370605143,-0.24540268967534
"01_20_43_rna",0.344587565469852,-0.0517080367903549,0.23603816222622,0.080071556901351,0.206376632088768,-0.532821791255908,-0.254009841059229,-0.250659322717129,0.244966066591039,0.00604856404578712,-0.169552269484084,-0.407456175355532,-0.141232383661217,0.268271459931,0.126052057638523
"01_20_48_rna",-0.0309413585493812,-0.0209395108111151,0.228567308846521,-0.732709158056719,-0.205218704981072,0.0465374999592672,-0.242267842538848,0.0366175523672983,0.219671860784235,-0.0434572683285825,-0.392435065317754,-0.218688879269277,-0.132573322022167,0.188752238165493,0.00244451953306082
"01_20_65_rna",-0.106035793356621,0.0329038433171755,0.111149531602833,-0.06171311328742,0.412136988004776,-0.197151926844266,0.435008311274923,0.17482461894718,-0.1352265741799,0.0238852001371914,-0.43543225995212,-0.480914069440626,0.0888456077243768,0.308802296653249,-0.000799195519872774
"01_20_86_rna",-0.105518416710778,0.0064661878771033,0.451682750719238,0.392386532229214,0.143958666679288,0.00718074198140406,0.0232635425320173,0.0887879389045482,0.0349242485472347,-0.170510869474709,-0.314176608906118,-0.510182527709221,0.343702893126909,0.106746491602981,-0.287795235855294
"01_21_14_rna",-0.177618594244495,-0.0858252147351287,0.180214035691053,-0.105375309027903,0.164606546431124,-0.168251949370952,0.24122787411523,-0.0638561035075881,0.182248186813018,-0.442682278691653,0.262606879770567,0.0701392174793445,-0.29850216215184,-0.629314435055993,0.107833235628833
"01_21_15_rna",-0.00918833332931513,-0.0250633211625742,0.202977462110857,-0.236075516588249,-0.122496315559067,0.0955479172234728,0.108339801203527,0.363522982222891,-0.18580858360544,0.229990210069387,-0.524430759322251,0.0648407127092799,0.463072966453082,-0.383515288032124,-0.078497564510135
"01_21_32_rna",-0.161360255809685,-0.0200891658795851,0.297470915614185,-0.704210348049129,0.102513948082975,0.0474931721526742,-0.0221408860068025,0.278740209304584,0.32736638570411,0.227684574039428,-0.10560720437155,0.269885311707308,0.22190046631018,0.0770773377475344,0.005136874198455
"01_21_35_rna",-0.0115564989550156,-0.0189520885181006,0.10697036860586,-0.0582179999221828,-0.182203290141531,-0.256153718461618,0.182193706828095,-0.124847696679991,0.500462875186602,0.261198608085022,-0.431109098254412,0.343242476527181,-0.0223588408104935,-0.462552503817859,-0.0163712753785339
"01_21_60_rna",0.386363855716012,-0.261519967697153,-0.191898390740907,0.0514610617281172,0.385441977992289,-0.163615339958694,-0.173293768242428,-0.0824596623228279,0.220063659027976,0.380591727215707,-0.191647477159842,-0.398748968717226,0.0881769742659199,-0.346508375592098,0.117645292330685
"01_21_71_rna",-0.200135868472354,-0.0156902203031599,0.180955587719156,0.0634402771771444,0.208564317065406,-0.0767315806481768,-0.619303925220772,0.283745518985833,0.12451983715437,-0.247590708203324,-0.126461685035152,0.119225545531552,-0.38445546134171,-0.148661883556421,-0.364107376994237
"01_21_75_rna",0.0341568559891433,0.750603409050059,-0.371980790715514,0.140753873892324,-0.136098109383684,0.161368625876392,0.0508098850109178,-0.0891820982457195,0.0387901102169608,0.0421301236723223,-0.0681795513590226,-0.0784927257436635,-0.0523446455121378,-0.31324343987341,0.327411447951896
"01_21_92_rna",-0.120164792495067,0.00706873551492387,-0.0998350559571403,-0.386087931198281,0.12155358265682,-0.44445876820572,0.0897977619226168,0.144983899064442,0.351719072927819,-0.406310349426373,-0.117877271245335,-0.259327253924602,-0.419095034510662,0.150467980980458,-0.129828133367446
"01_22_73_rna",0.291144838552492,-0.169668788331945,-0.296938343869689,-0.1512081170523,0.558115581864424,-0.193133294671779,-0.398750807314792,0.235455863526072,0.168820658323074,-0.0917394152789552,0.185792125216474,-0.0439235341683919,0.33206936219392,-0.168230411006289,0.0154825760166506
"01_22_77_rna",0.249705604271831,0.781314400764294,0.17631951863644,0.030408335758646,0.303265637956145,0.0937566893641199,-0.0387257718937579,-0.0457198876766942,-0.230410717469988,0.138792064182787,0.192777936104282,-0.101751842931123,-0.2101082940682,-0.149231250760348,0.0674296216878291
"01_22_93_rna",-0.00232487521230131,-0.0688734210917536,0.27755632470964,0.384245658324659,0.0432611261747692,-0.31303607845233,0.347504995461054,-0.0442646054829284,0.21528209025595,-0.310224322872392,0.175022844216747,-0.311652743097281,0.475032912310846,-0.210299835533867,-0.0880817410508095
"01_23_72_rna",0.436849081062694,-0.0629389262693525,-0.18762062090625,-0.19985876047117,0.251873510039328,0.0905660019479139,0.058164772630558,0.209305985184682,-0.0551584459117283,-0.165981211651676,-0.0792870182590396,-0.158206673699213,-0.674670184225133,-0.213939644587192,-0.219917984208119
"01_23_81_rna",-0.218685474712176,0.0918475246524207,0.314028764800795,0.368866773660264,-0.0897806461313932,0.0519447463403427,-0.424465782299226,0.00938619866022044,0.113702618002704,-0.0553358260326745,-0.356420362511163,-0.221138206812627,0.110611493564425,-0.415914005210878,0.375364527925302
"01_23_84_rna",0.45873702247558,-0.333250476921212,-0.00502433601603414,0.0206406175078751,0.436908446850608,0.192078638111293,-0.060505124611731,0.512032232039823,-0.0432289383608203,-0.101446221292057,0.117164352022225,-0.311247982512934,-9.39968525956072e-05,-0.231503421302321,-0.0898632408661256
"01_23_89_rna",-0.114044748579756,-0.0497735698033711,0.177152875855813,0.335774468119017,-0.203903563198428,-0.137476424226759,-0.256859117028555,-0.138646152568909,0.405812952934984,-0.16285547888193,-0.5048239445099,0.0907964267090725,0.293782929798269,-0.383383311685542,0.0844068772944514
"01_23_95_rna",-0.0223231427278591,0.0284288877027222,0.402963595149438,-0.14050566161444,0.326084151158522,-0.200840142090443,0.403707652768939,-0.12861829405091,-0.0251033160914618,-0.133856363270763,-0.216048924039833,0.130222391674367,0.326687884566505,-0.502744759556752,0.220730211746083
"01_24_06_rna",-0.148331834475927,-0.0107958309353036,0.272179513551813,0.460931323510975,-0.17170011859996,-0.0235422559874548,-0.607738476958956,0.263973901844362,0.356077843216882,-0.0547889277332493,-0.037554721514147,-0.0908196349323842,-0.264907106186153,0.03480248225162,-0.10695555451119
"01_24_22_rna",0.423423567637997,-0.269235730525149,0.206680371153055,0.0521956321496709,-0.0323065484582189,0.45374849801937,0.260872476177144,0.097716905430854,0.210409522088643,-0.0438649797522795,-0.00727816495881425,-0.370866061124438,-0.199684752853457,0.44104302945987,0.00806995720490161
"01_24_32_rna",0.213456879701302,-0.056352070093888,0.0262282551025675,-0.0735676737374129,0.350132421871447,-0.384586988951399,-0.261653002427489,-0.508505515568314,0.00769231007392161,0.381918559087237,-0.216190969171501,-0.364917172315128,-0.0366715318760884,-0.084601781659061,-0.115300324540393
"01_24_64_rna",0.0605508986959824,-0.145365593222014,0.362004878875977,0.368141965817168,-0.216509237245614,-0.0751354264714281,-0.114501634256455,-0.0813168832868985,0.39920932986956,-0.336371510743581,0.191130952164649,0.0122345913353612,-0.0526513312650396,-0.563397577397515,-0.0836549488868744
"01_24_87_rna",-0.165606939809984,-0.0213926651093481,0.133435892748436,-0.529815707259368,0.110495315268914,-0.213417790077406,-0.372735892808133,0.0562369691489195,0.0568511084771237,0.1624722106001,0.0633907419757811,0.0711873138243921,0.609148025497087,0.252939224993592,-0.00100391834853946
"01_24_93_rna",-0.152275227644183,0.0124983588253352,0.166407966608184,0.435339211980569,0.0843547781521621,-0.381717144508784,-0.425707130077746,0.44617043893899,0.319013272538455,-0.0715498532440689,-0.155917453146273,-0.182193816790352,0.206134080083312,-0.0706588113546913,-0.12020092271659
"01_25_30_rna",0.0211424915177081,0.0553666580940706,0.396503459790038,-0.547550513477204,-0.218019277258571,-0.27398657425471,0.277731431442159,-0.00103524797888329,0.266910719334261,-0.0777766444697053,0.354870077308187,0.116751349054597,-0.343047992190418,-0.0617509042176635,0.0370784977981244
"01_25_38_rna",-0.0882393250476062,0.0110027801207562,0.540701897200531,0.287139523132592,0.151834201833976,0.102100464467511,-0.550725820868936,0.216210808311609,-0.19962921378605,-0.222736121371343,0.299353824401962,0.0555598020243538,0.132188254311193,-0.181319537257566,-0.0353217235640597
"01_25_58_rna",-0.0778208505397347,0.0194880905437277,0.23921462873283,-0.0596601037616749,0.0571018588013476,0.162126791588282,0.422914042712701,-0.499690164070863,-0.0351570035833246,-0.181793727900204,0.123380883967057,-0.201241351407836,-0.201459980540427,-0.574343031170575,-0.119276807813748
"01_25_65_rna",-0.0495384114615182,0.000678658325515479,0.0360516436156971,0.0208996130872683,0.258327686560729,-0.0685767874353672,0.483181314684722,-0.198449810259243,-0.19788149253567,-0.294043531595376,-0.161998625564203,-0.702692049759908,-0.0166461399449839,0.054680111486535,-0.0511969461789502
"01_26_05_rna",-0.133344504079207,0.0510566179616851,0.241178128700304,-0.0817504042745941,0.10008067910275,-0.0500804315675183,0.511472910595973,-0.241424925749772,-0.436375806843779,-0.490764286754648,-0.194377999434859,-0.11647847778954,-0.27666581539734,-0.139262061041791,0.0615333581838515
"01_26_37_rna",0.327450122757205,-0.140392800879503,-0.0269735446056824,-0.0074486520755932,0.0787980934121964,0.782738827202829,0.182728753375498,0.0312719673196645,-0.00958084872143779,0.211623822307848,-0.128878164919432,-0.305668944660131,-0.0888140036934397,-0.23147560832874,0.0513602492053415
"01_26_39_rna",0.400139329515898,-0.17483971488598,0.0468505748189916,-0.142218094424747,0.144663674789217,-0.385966566154346,-0.160534842555569,-0.0573450607479538,-0.109008980998629,-0.512942504109715,0.0349783566087233,0.2800275458293,0.100240699951532,-0.450907523363104,-0.1412207237069
"01_26_47_rna",-0.012706895643656,-0.0964530373001834,-0.0697595798984499,0.246497818103451,-0.328824651028115,-0.293209518942298,-0.18060778329168,0.263534762177743,0.290527772199868,-0.288772044261985,-0.3437370510568,-0.0876603322074514,0.420502740910711,-0.395879938622999,0.039520914733486
"01_26_54_rna",0.0973854050873588,0.497102427531753,0.120291301363159,0.154480289234412,0.174945308174413,-0.1606509251934,-0.29157347228257,-0.119749076762512,0.104284797106915,0.0470256670359437,0.520733932766435,0.0795770017147069,0.0201535367257882,0.0483452547553568,0.505939820360356
"01_26_68_rna",-0.328845762074672,0.087931591547925,0.291682728771647,-0.0170823473519483,0.358665435930452,0.0806439374900846,0.261758223261361,-0.0508694513680943,-0.200131234247918,0.304764969392213,-0.112987608762635,0.16255446273173,-0.386682899213797,0.247730400773947,-0.457700889682323
"01_26_70_rna",0.239459548635082,-0.1985182658627,-0.20530966300842,-0.137512957724802,0.390646330175165,0.0419823221459091,-0.137065403865166,-0.430586442784914,-0.262850908930229,-0.252397865561108,-0.418924340284905,0.00530678754094828,-0.389750398097461,-0.0672065105878653,-0.137426109220903
"01_27_04_rna",-0.129299044852189,0.0471170626845814,0.0585782515549123,0.0468062106807893,-0.0352535565393191,-0.295438819797953,0.211319712696484,-0.122511882189201,0.545031026497206,-0.0589420870266489,-0.505245141281858,0.409587728235773,-0.204681274617259,0.0581886260170536,-0.241659522866783
"01_27_13_rna",0.367117555296952,-0.399195840133553,-0.0364897562335936,0.422183250316157,-0.557573012384417,0.160257180957168,0.114232243306807,0.0971834182904695,0.0612254763093473,0.0811116581993748,0.0925325400754061,-0.282309126081299,-0.237707764238533,0.0996916836369942,-0.0469227622124291
"01_27_18_rna",0.33941635090438,-0.205082709554101,-0.266664210119184,-0.0120771472533504,-0.4401221740467,-0.160102469816134,-0.198132774981833,-0.315519574868978,-0.300319041537931,-0.303873995350975,-0.453648428886718,-0.0534198632912311,-0.0136389164763078,-0.106571368388894,0.102992474341172
"01_27_37_rna",0.295428111926186,-0.113220456788982,-0.0217649230972838,-0.125750458800866,0.533124675474986,0.141294777064453,0.0615510997475969,0.108022354978716,0.421145286398951,0.219890767945816,0.439014791842409,0.0672360623553636,-0.175265423203218,-0.329216548742301,-0.043606034480768
"01_27_42_rna",-0.168603386910798,0.000602246304063795,0.11739924553483,-0.248463129609501,0.0607028073586875,-0.265760607250422,0.138933572829958,0.0600262639549364,0.0183335541804857,0.0280541916953465,-0.492521374125291,0.273708296132575,-0.248762164985069,-0.472991975064106,0.441153135495313
"01_28_10_rna",0.17220083591107,0.525643800639655,0.0495933116050992,0.069508364915426,0.144124514888142,0.26828698867247,0.408147294428968,-0.148379379381762,0.0614271905498806,0.10170710466873,-0.186572931021029,-0.124994471038211,0.469094214173977,-0.110148252670411,0.329653437350002
"01_28_48_rna",-0.175054128703351,-0.0323807247743418,-0.106998814747851,-0.410509210375875,-0.00104035488311961,0.0765236323192963,0.0405772764002256,-0.370184840326412,-0.103099036422338,-0.442955286539407,-0.277459649600261,0.0350570017462758,0.115397575178493,-0.515778222975639,0.281789423420774
"01_28_53_rna",-0.146846145911737,-0.0411261329982793,0.173313427404351,0.0292092704135491,0.167026833771921,-0.219752818674576,0.451330937004689,-0.233334008885239,-0.255412956219625,-0.33270337266343,0.154697101370228,-0.0859096237945624,-0.484848732641851,-0.361523290431461,0.19622470286719
"01_28_61_rna",-0.290479409081812,-0.00641832163750591,0.0649607095068692,0.170505543485575,-0.0801963245550359,-0.110801965635202,-0.442101979283723,0.553589275068804,-0.0829640409583332,0.0257693882779732,-0.0714433159698546,-0.039674560776646,-0.233273851465227,-0.446257770066453,-0.306393070308863
"01_28_62_rna",0.0872693528036233,0.089768881091764,0.258047309937966,-0.562954488894558,-0.0456627163215739,-0.107561602012157,-0.29281400426079,0.219533725101726,-0.312055667989997,-0.122727878393899,0.0508247988098639,-0.537063199372138,0.183634494127698,0.0781677498757314,-0.0996846074909711
"01_28_71_rna",-0.124982638874594,-0.0582326829812447,0.250754147592492,0.260647740980187,0.0384250667361616,-0.298429751394169,0.515846646318008,-0.263825789157804,0.20931707315432,-0.192401861604693,-0.0865964809829161,0.0997032932857894,-0.349141447664872,-0.317453894715889,0.320914722263391
"01_28_80_rna",-0.0800377083566439,0.165409930078146,0.426295556349706,-0.420089683862201,0.306923441953047,0.158880616210846,-0.0756298159013665,-0.22134744450779,-0.255097940828476,0.023146938310636,0.12448364644414,0.465713341919868,0.214147464104955,0.0488171309266007,-0.296028010251716
"01_28_81_rna",0.0992658850915216,0.687700845914957,-0.168085729700372,0.164981204522068,0.0520019379582531,0.240664601918865,-0.141908084309068,0.0775585110899523,0.164987110709528,0.354840850496215,-0.00786959252246063,-0.245845671291985,-0.0121983523177202,-0.315484274154215,-0.248297026782321
"01_29_25_rna",-0.0243244918686873,-0.0392439151609946,0.0691907051508912,-0.462241190843377,-0.315240703930549,0.223484162771448,0.00419101867078237,0.265188994100355,-0.341639885180956,-0.0139864132700445,-0.408338406596284,-0.25114342096151,-0.265459241172355,-0.312249148411618,-0.212260405796284
"01_29_59_rna",0.346364543935354,0.833394702097369,0.0466950044623851,0.021005003945142,0.137363164852802,-0.046734571797095,-0.163691251788497,0.201838892168031,0.0884705903130102,-0.145869744751158,0.145583679292579,0.0565863996301182,-0.0153523810110244,0.137227974551645,0.147335831823274
"01_29_65_rna",0.191481086435372,-0.269171851676478,0.0143434632913837,0.00870288156428847,-0.428148191497451,0.31944325635719,0.0653697715591636,0.086585717911113,-0.3667423270616,-0.244972141263738,-0.041096205353502,0.243623641292354,-0.4404910424362,-0.252481407218183,0.283095373715403
"01_29_96_rna",0.478347532048812,-0.201897978100274,0.0257318681952701,0.0442332836605748,-0.290513101734436,0.175962729802879,0.16461837876305,-0.0760230011957165,0.506924333045724,-0.29566358359608,0.0680489123536702,-0.0272662981650716,-0.226698248121428,0.42100129112308,-0.0341344149751563
"01_30_10_rna",0.0184757842988693,-0.00949381052359215,0.00257415803532624,-0.0260383589412983,0.305028184762874,0.168828541767918,0.162713481998234,0.245690596072373,0.601735688300171,-0.0358865189967715,-0.126704766301742,0.076372182393896,-0.23958202304556,0.357200163617912,0.469304893188315
"01_30_13_rna",0.160637801257548,0.652887024391924,-0.157437018758628,0.0615114164344754,-0.167426185869833,-0.0145934119877429,-0.1117763368943,-0.183142937387565,0.394529851857914,0.141146441223363,0.109304766330696,-0.0819688099909152,-0.46546513625866,-0.143768693329424,0.116251497550255
"01_30_37_rna",0.213060407524181,0.726311884369298,-0.103790329381819,-0.00190476546749462,0.382147925370684,0.184354716871272,0.0350722580042993,-0.0309993344605306,0.0182819520342408,0.182360936290621,0.0162399373317292,0.0260572194446495,0.268085018013363,-0.0930792448495736,-0.344992391856495
"01_30_45_rna",0.236781962112164,-0.127818521703282,0.297466082923712,-0.316667154183481,-0.0779558475557555,0.0109078968581776,-0.211343932870324,-0.0302093834569975,0.555902086059354,0.0467908221101622,-0.168507032335888,0.0102175861232648,-0.477119878498551,0.337256040563852,-0.0771820252410409
"01_30_68_rna",-0.0713432004383704,0.181649328362033,0.851512080799015,0.374460602710481,-0.0211303993188081,0.0140877226029083,-0.0509717641234541,0.0368235599620291,-0.185123878080286,0.119282776831378,-0.0192380830997512,-0.156594639188201,-0.03020295420227,0.0947052791795748,-0.0935335513239781
"01_30_87_rna",0.295288672025038,-0.143152066507127,0.0999869719304678,-0.0881189785577315,0.314959934601625,-0.0118295505963741,-0.210333882468119,0.175583873072089,0.0835888846765969,0.203357130471808,-0.0149861543265569,0.264248647204258,0.344599640549683,-0.614618308180646,0.291962782350886
"01_31_28_rna",0.110505322172473,0.804158388200357,-0.263417290934109,0.00554402115674967,-0.0037711974221055,0.159065159455396,-0.108144272252554,0.170959814510714,0.233258555683524,-0.13915517170056,-0.214854942517467,-0.12779020559652,-0.189684880622085,-0.0260741381412138,-0.180369490896297
"01_31_68_rna",0.136502003647943,0.715046440631578,-0.0018653608296799,0.0871082306821192,-0.00730913611462622,0.238110613224137,0.0097339632226566,-0.162243115122236,0.302539116001546,-0.0336323590467708,-0.0450557800757218,0.0324809822697255,0.155042249893508,-0.34852552886905,-0.371567716482922
"01_31_75_rna",0.202513401595341,-0.203653250159655,-0.16824553685934,0.177009009053347,-0.0883138553810981,0.226406106876654,0.298373650240827,0.386070923779448,0.30362330453918,-0.160963389853137,-0.233899857346785,-0.618642495466514,-0.0596372240948179,0.0219772668832861,-0.0342734172750292
"01_32_04_rna",0.144555166122124,0.623289998913669,-0.461519631001726,0.0753040568720052,-0.237731930350126,-0.172816016256465,-0.136546689274857,0.068798694121069,0.398514486426449,-0.106537460031163,-0.221833631987973,-0.158904099415049,0.0182704600958063,-0.0940582971145359,-0.0915244952518234
"01_32_08_rna",-0.343570525231186,0.111445845602675,-0.0382142867075035,0.168194937674258,0.00936814711867663,-0.333470774029117,0.256108612372559,-0.331882093030781,0.132823843679735,-0.429021450014622,0.0344908815198,0.0565777192426351,-0.500419497220585,-0.0144900565354148,0.30990242403446
"01_32_85_rna",-0.12259656124493,0.000403828611033428,0.016910783749765,0.0512632685006172,0.0731288794435574,-0.332253834894552,0.564010561236667,-0.397580486267774,-0.0867781542084616,-0.265266074519807,0.158943125731289,-0.190294740825178,-0.0215801501762188,-0.480254373392723,0.140199546163147
"01_33_32_rna",-0.118362423810859,0.00903721537087892,0.148889215131704,0.223380889525371,-0.487513829785177,0.502935174732229,-0.00640592869239687,-0.413693119673395,0.232301239624082,-0.0649961953304387,-0.30998363692414,-0.237098122936555,-0.197505962078312,0.0474465935717261,-0.0170750426324113
"01_33_61_rna",0.0348071528287969,-0.11716104660814,-0.439956192943761,-0.0239260628596788,0.170420876281213,0.268311738673983,-0.0192872977397205,-0.000690162511430342,-0.318488368770681,-0.326147745856646,0.317360605082322,-0.483151426926981,-0.250719409029717,-0.275701716121483,-0.0932147853566276
"01_33_78_rna",-0.242212206534911,-0.0562187231175866,-0.0227606789062053,0.0451293103470184,-0.227842924749786,-0.001462345555557,0.49442003171586,-0.161603902979509,0.20161012124204,0.0837366537417377,0.229754401036419,-0.177900345880474,-0.168800794818479,-0.497144221040984,0.453206688072649
"01_33_96_rna",0.194323561989939,0.7637757823723,-0.0121652425650783,-0.0976045050573208,0.0620895374947704,0.254093057216038,0.183304475536031,-0.0699223049415387,0.0843696728164646,-0.0998796559969247,-0.0604403002845359,0.242698136594442,-0.407735726316492,0.0379194611836821,-0.122336880301765
"01_34_16_rna",-0.0641320842372628,-0.00310647181234279,0.0530570560591638,0.206934118616718,-0.274672455056785,-0.130582935298123,0.0371525686528763,-0.174484425146625,0.390378918356887,0.16755425929256,-0.259629009628461,-0.350516122588678,0.487041788910273,0.275205077028872,-0.377136862846177
"01_34_17_rna",-0.167851090321489,-0.0113317127962724,0.0451076107924134,0.230084043126283,-0.0741050686057163,-0.276979804856194,-0.432684755903768,0.226888324687824,0.246149495272106,-0.00790046710895536,-0.0375667590930691,0.315723403795589,-0.508847384830342,-0.410379160574651,0.0820927522315728
"01_34_19_rna",0.210552567487084,0.691247188549807,-0.0816579642743174,0.03690944707463,0.0548646813552133,0.216547911113794,0.176386981931981,-0.331079920804395,0.396525410358558,0.256752385030695,0.0157055652612569,-0.0735456856889736,-0.115790998625472,-0.000164934654165098,-0.192270107666783
"01_34_53_rna",-0.193621805769025,0.0513952391889458,0.20999459203932,0.162186776780436,0.197139248854585,-0.126519190838246,-0.258616795525529,-0.131623856109199,-0.00142886788490222,-0.104681871841079,0.174460326212766,-0.311423333985503,-0.323613724319144,0.0869947378197074,-0.706903960699387
"01_34_94_rna",-0.144517764089499,0.0155618338402304,0.0827037474781297,-0.0319999008138177,0.120616692083135,0.0073570642669643,0.51576741810179,0.0397516939798113,0.0630258886734096,0.0140660727925267,-0.257735140335274,-0.670031299007132,0.1466798567741,-0.112402824065232,0.367588037940448
"01_35_08_rna",0.14468820743076,0.269144953669164,0.119440117925537,-0.291395156776814,-0.0489468521373492,0.232710200000488,-0.185954566445111,0.481167712515097,-0.0157732856749767,-0.219635207882448,-0.606066265783589,-0.0875957058085954,0.218787175004048,0.0636290804622931,-0.0969726889818693
"01_35_25_rna",0.358982087561064,-0.22372512742422,0.103283945923796,-0.0126537107500951,0.0539986221617977,0.347068433254586,0.14830721018097,-0.327034402634436,-0.392959341820048,-0.279725671175026,-0.0626578582954029,-0.181842929357721,-0.133512784989351,-0.230809980026849,0.46602263506782
"01_35_26_rna",0.0775869360307953,0.709497993376537,0.00494163211661677,0.024743338176167,0.0480252488834589,0.131054008358732,0.0145001589175761,-0.2211614456005,0.00412646535481821,-0.298540724964902,0.299832980676997,-0.0194351661639404,-0.398329630413593,-0.109649103563424,0.266910922279214
"01_35_28_rna",0.317452245814427,-0.134510882187665,0.608574863386732,-0.156811205280456,-0.072317192326895,-0.0495397561050194,0.0902100393911818,-0.00660353359867225,0.0161428958516096,-0.221575854459671,0.0842135742093265,-0.219606396579226,-0.574231544497562,-0.130537080395365,-0.137314275401411
"01_35_37_rna",-0.0815282861299934,-0.0379213235593471,0.506238107747804,0.347581518609205,-0.570904808679806,-0.0672243002668866,-0.118204145943286,0.195653183633301,0.131272000514797,0.306069009377473,-0.113879439712087,-0.115791794408066,0.301076753778556,-0.063888814569045,0.0102736121502516
"01_35_43_rna",0.0058231987639838,-0.0733813051517315,0.0231742006891947,0.0958266242648557,0.166305759136356,-0.343534781966537,0.357245959293657,-0.164690890181624,0.615172150942912,-0.128438651467133,-0.024731502156572,-0.0244454457736401,-0.0905626767163941,-0.0264063719235715,-0.528581675651933
"01_35_44_rna",0.435621989837043,-0.155862034620648,-0.426089849099765,0.0565659625928427,-0.0136423236271778,0.0153559742517586,0.0175683152906082,0.381010919279132,-0.190514260283454,-0.195471834862431,-0.407996079099634,-0.144076992082431,0.201773670687208,-0.213691621223246,-0.327395373036213
"01_35_65_rna",0.349989169431079,0.673066197166111,-0.0943314726584317,-0.147044485647742,0.377264276795974,-0.269485389178056,-0.185353373871349,-0.201928983125921,-0.05294063347471,-0.128754526117168,-0.188752963934718,-0.169229257929279,0.0824467888614486,-0.0920181218293623,0.070537943838861
"01_35_76_rna",-0.145658289339709,0.040684228485702,0.204043183754766,0.273564517085525,-0.0562891594879899,0.0197226049071102,-0.171160259385826,-0.342240432232973,0.399417438308848,-0.0728611736330454,0.18510470424703,0.255861371112186,0.0980497416987898,-0.433656237833765,-0.498429708300383
"01_35_79_rna",0.329651684561872,-0.151977905940458,-0.0933230211380999,0.00468373423525663,-0.214459103103358,-0.669772196248153,-0.143742539646366,-0.340704562249851,-0.112737474351328,-0.183089566767342,0.109703463574251,0.0683793622957711,-0.172885110247791,-0.284176727635085,0.233633372087155
"01_36_01_rna",-0.111241542628508,0.124005110541172,0.0385241366026161,-0.622805047797949,-0.358944568579285,0.204801835348651,-0.168119760532109,0.134417120131544,-0.226140745028317,0.0622785530273905,-0.330612545665723,-0.273664711285975,0.20343669076506,-0.245135340905357,0.158327183878716
"01_36_08_rna",0.368793070439115,-0.273895795538337,0.250343914210127,0.0387590621403941,0.0482738682723615,0.575218154285935,0.253555140733433,0.1458983052807,0.227866685075511,0.0603057827591363,0.188562031813047,-0.195676275278459,-0.336725832111302,0.241856787846869,-0.0687877740573929
"01_36_26_rna",-0.063480571892659,-0.0516372571548962,0.277177836263447,0.300452193579495,-0.269966656216046,0.334193753211626,-0.330718883441467,0.00600577125342076,0.242446884590884,0.0996184192799482,-0.639924145747198,0.111702192432047,0.113647576363531,0.0301746314092995,0.166479231167012
"01_36_52_rna",0.0188824365326265,-0.0500950064826509,-0.180183852571623,0.177480977399832,0.0606632488526964,0.0200334856718659,-0.169213443041081,0.275960613010226,-0.116678331414014,-0.428605704418077,0.249020548963898,-0.581332478285351,0.0393762437891781,-0.45796355591158,0.125470841976729
"01_36_73_rna",-0.132266976585332,-0.0614989422807546,0.117108545376679,0.421992305337181,-0.289578078974356,0.0702062466982796,0.0350631847208395,-0.124023993616505,-0.119992602086142,-0.0687821183731725,0.29565411687467,-0.628960853445439,0.0562276434266407,-0.399102089475301,0.130227911609132
"01_36_76_rna",0.401218666041404,-0.20798340193796,-0.0690137526589132,0.0406000379999539,0.165830189869736,0.485812130708974,0.206959721010327,0.161602900480717,-0.00413832368824928,-0.317896421705362,0.146181958930024,-0.532694132707556,0.0725086811046119,-0.160279998454131,-0.14049794333813
"01_36_90_rna",-0.120867167534614,0.0883988599958493,0.14334751284042,-0.627274831459195,-0.217201287489372,0.11689772044011,-0.0674546441583147,-0.123412339963234,-0.0936893120349859,0.189479790911373,0.0343473810238402,-0.42731358215202,0.253783844015181,-0.0761843405190108,-0.429261136241572
"01_36_95_rna",0.039686782889135,0.581840763281519,-0.0595002924806207,0.0776277748223793,0.00146567926770091,-0.0191156065936097,-0.197194407763224,-0.0491579199334257,0.458926913342297,-0.148833681810233,-0.368744875446233,0.0555711280807088,0.152637958157181,-0.372156660334255,0.273906923727153
"01_37_23_rna",0.458331620704187,0.373479877576288,0.276469094539419,0.171794808741318,-0.282769354251059,-0.281400718883203,0.193686271984686,0.108066182216645,-0.372279055160175,-0.329855611069859,0.0430987956824186,0.187613574492473,0.0343499587420272,0.14704082215905,0.170014835651135
"01_37_90_rna",-0.153678660839013,-0.00686501572704551,-0.0457813684788401,0.203594945143811,-0.318449951892714,-0.0162968668142529,-0.0233326239839684,-0.116811447932874,0.469114855761852,0.0998819059961677,-0.592289233933362,0.236769708285024,-0.0817039834309325,-0.166055567004895,0.381787968978683
"01_37_94_rna",-0.204523519626576,0.0678757465179857,-0.0647218131865503,0.17569301282318,0.00399193279962348,0.141310027832069,0.119389146496581,0.0167833629615043,0.124435669075317,-0.128355122894661,-0.75506188122885,0.131423958219205,0.23352996389269,-0.041789032509181,-0.456457680586199
"01_38_25_rna",-0.100260308855023,-0.0124226939626407,-0.0379299576953902,0.236890443263681,0.0659892316953401,-0.246378498428086,0.482984130065978,0.184256722505791,0.196731436218773,-0.294673080475187,-0.205672510154545,-0.610882239833484,-0.0167976335964031,0.240269719291386,0.0305148691214529
"01_38_27_rna",-0.198524089007526,0.0711394212653937,0.305309271471818,0.00852272028589302,0.278219290217195,-0.116827462870533,0.258274837305183,-0.123767312432087,0.336986838741332,0.146928247892948,-0.148181978986103,0.474605581835502,-0.253898467789886,0.273469682129478,-0.409335579161103
"01_38_30_rna",0.270376468051557,-0.276072219380495,-0.402464093643554,-0.0272378081790707,-0.500472586111214,0.309320913872929,0.0817189107306912,-0.402509796096347,-0.127376600966563,-0.0281347556754786,-0.0101366592978674,-0.0680035870654252,-0.0753002511915418,-0.353566269924711,-0.143854993263425
"01_38_39_rna",0.0763635332676774,-0.0532354091732349,-0.043560505586193,-0.0638082255847064,0.254133791940645,-0.619093539259366,-0.373477039216791,-0.336927489836059,0.145896439794179,0.210187090275972,-0.289460615714584,-0.291207629121914,-0.206341173933991,0.0245428837446166,-0.0852456411479573
"01_38_56_rna",0.422670307046129,-0.166052486548601,-0.0855688620468732,-0.0443194112505896,0.381170629446451,-0.265272641079426,-0.288440600154344,0.254070352510809,-0.196474038871834,-0.417097938425726,0.418233065656797,-0.112026467090919,-0.136631537989989,0.0274279912789034,0.0402213821303646
"01_38_90_rna",-0.122172149232751,-0.109483127343709,0.0962867891898188,0.345238515378848,-0.232091056658135,-0.144755480716127,-0.397514888367215,0.298906090634033,0.10948718822521,-0.000838096335527284,0.430578636851769,0.143161946750623,0.111013127739852,-0.472548547767916,-0.262556261410791
"01_39_16_rna",0.368820389141452,0.0198419594732322,0.085910995551419,0.169285266894189,-0.381646386909641,-0.189012334381301,-0.0120757007170859,0.0399665311050986,-0.190944629725995,-0.568667036046668,-0.148977504227325,-0.185220183905831,-0.304713934782571,0.206752719650512,-0.304099837512502
"01_39_31_rna",0.274897404071055,-0.244239309392161,-0.408629751682191,0.0587308469104968,-0.00363087767557143,0.279076544923,0.303889614610386,0.2084226201323,0.157137707043245,0.261232623129322,0.368559351650084,-0.406525723726688,-0.141122844990198,-0.18368036008427,-0.181596169654978
"01_39_33_rna",0.18984272470838,-0.0589517964241178,-0.16094579223176,-0.0308408694063174,0.18549060792259,-0.497631027574295,-0.231038215634151,-0.357031979694936,-0.120677191511826,0.347093754774649,-0.205295508939154,-0.491281289117053,-0.191726997122829,0.0718228718763907,-0.101377733937132
"01_39_39_rna",-0.0555415995876881,0.0553651869547631,0.437746157377079,0.259213028983737,0.0657375313808794,0.156670854787161,0.0224601490173311,-0.351923338937745,0.106799695493148,0.106405926588409,-0.085169676450231,-0.360355027853735,0.364720607322319,0.0494727658138729,0.535264763945015
"01_39_40_rna",0.204400226040513,0.721735536992708,-0.259094303555875,0.0960305428682088,-0.146109057820411,0.106706658010783,0.0916855212878263,-0.204796213966324,0.328240023816449,0.0179627559277658,-0.207711641703544,-0.324926702972986,-0.0713268095399655,-0.0099621799523791,-0.126144069221798
"01_39_47_rna",0.159712337110023,0.848163867366374,-0.272367739044832,0.0571831093561028,-0.108074068508192,-0.0376913152435939,-0.101831450423158,0.102310117695203,0.0976164178501277,-0.143663040929055,0.113932369185864,-0.0831776682799219,-0.0376088749021553,0.0364379889776098,-0.301511174038955
"01_39_48_rna",-0.220859037589706,0.0291968620422895,0.24273971806287,0.205747170015173,0.0907389385008884,0.263277482743415,-0.271101793475127,-0.119794490675037,-0.0146844073747562,-0.717698982769017,0.0269021837104225,-0.190246563853979,-0.328500518154871,-0.0479825205760569,0.145873276588699
"01_39_52_rna",-0.0269148419522828,-0.0385034617224134,0.016184613955558,-0.348953127901412,-0.286089042112222,-0.330589446575368,-0.143579898475383,-0.0430873633659713,0.553822663527592,-0.213975329710453,-0.168368528174099,0.347418656055559,0.398439807683505,0.0175643503133578,0.0392347068297806
"01_39_72_rna",0.0986385094676203,0.147606005279219,0.176286631127666,-0.04827750763051,0.130158604246925,-0.217575158709051,0.622869007063366,0.0287852175640945,0.288490949874983,0.00149775594410294,-0.101352260921216,0.0490103115483317,-0.329920319488538,-0.161768199760626,0.501079521045624
"01_39_75_rna",0.0585073267278536,-0.00711446652239093,0.296077648161422,-0.562120674811506,-0.544051216884677,0.254590355512806,-0.242412582453026,-0.243182708667456,-0.0401406734076149,-0.120149011481691,0.0112952661575286,-0.15203773318671,0.016470454412186,0.0550382688458336,0.267552581329059
"01_39_81_rna",0.0137560944231209,0.0239573444958197,0.128628255103101,-0.394873519757024,-0.244143183814129,-0.145788389347988,0.017882281629605,0.225076024082317,-0.0254664142015823,0.175284020410215,0.499036094045123,-0.203298049303611,0.197418007622623,-0.193694410479651,-0.544697906321963
"01_40_02_rna",-0.155576835802742,0.0289180036421928,0.31459696021055,0.261565737253339,-0.0769802037731671,0.174202002611237,0.0420328545231761,0.0544185407032397,0.0746264599287108,-0.107281084413862,-0.20770412664648,-0.125430426904967,-0.00219078098354516,0.385786505792202,-0.736059184878007
"01_40_11_rna",-0.136118449918964,-0.0748348492493585,0.212955431951838,0.385238131481075,-0.527578868387438,0.125387021589877,-0.350158334817079,0.0309933606387896,0.257684064625997,-0.444534758360223,0.143540181246524,-0.172217217300526,0.118420661709936,-0.0968614627829484,-0.16370670534558
"01_40_24_rna",-0.079104538503779,-0.00141401639302148,0.281804604499875,0.260275390649566,-0.00898394406862209,0.0399338327690954,0.443755828767507,-0.107174762635368,0.285111784517692,0.11059054396888,-0.0385530182217725,-0.275255644942447,-0.136273189947629,-0.481880972610741,0.463628745283577
"01_40_43_rna",-0.19978708411423,-0.00600383705904729,0.312977047051791,0.156194539274021,-0.203588752898645,0.318117927363082,-0.457443899429626,-0.021500131664155,-0.354636036128288,0.141493506690994,0.00308261780321389,0.471195115169047,0.0228716468283201,-0.340667488474323,0.0305649553838911
"01_40_49_rna",-0.146095068556166,-0.0631797713962791,-0.0287437444298965,0.284663822553543,-0.411097251575063,-0.0727073130674439,-0.204191714076646,-0.190738962894431,0.383253365966582,-0.342794310672161,0.175353187281025,-0.138592311604527,-0.303049779522233,0.0997645547729778,-0.473605484225674
"01_40_85_rna",-0.305808503724934,0.0210146557359712,0.232350603503474,-0.716960631391277,-0.116402948542359,0.212592892721171,-0.162372934416582,-0.170373959930685,-0.0858824040119069,-0.166186988829278,0.322221235314997,-0.11471581219936,-0.129134960142013,-0.216939142652356,0.0903547380322517
"01_41_03_rna",-0.149390883491042,-0.113584812421541,0.347414463904092,0.385637316790831,0.297855367026621,0.116904121237469,-0.380656299623273,0.00414422612719942,0.000935621865172243,0.0296928255025124,-0.412005210683945,0.310002799891848,0.202720396168439,-0.36210183797662,0.0955052316302402
"01_41_75_rna",-0.0691649049233059,-0.135929092272152,-0.641610395556441,-0.16556192743469,0.258208395169584,0.159422573724393,-0.0752864257002729,0.0597521549619183,0.35585388532035,0.0293219584865505,0.319253053149529,-0.292169251045705,-0.270350055705878,-0.219241208440084,0.0201578715478796
"01_42_05_rna",0.115416479578666,-0.167915032945772,-0.164526551861795,-0.0540325173535732,0.375334639017108,-0.555684623268509,-0.0330525813902087,0.136048079352882,0.114244121397835,-0.242438930903323,-0.41063237318363,0.216423119725743,-0.240936168145156,-0.334154898657464,0.0472867145301399
"01_42_40_rna",0.307952483651533,0.314059162262513,-0.255662788870256,0.138963409768608,-0.0535131682867202,0.212375391576175,-0.213381804365906,-0.0504232493272069,0.298397528192764,-0.50970705519998,-0.04714246805772,-0.198120782351896,-0.188763971615214,-0.237689617017193,0.378644609423915
"01_42_73_rna",0.463375264419586,0.0666097195176183,0.589561682340352,-0.00968391413727224,0.50015678544569,0.0323939994357492,-0.229212826047946,-0.117119254913338,-0.0546682722341676,-0.038399471416582,0.037666750160537,0.0421548178489751,-0.17430595708175,0.161583247033215,-0.227062698090301
"01_42_85_rna",0.137867243475042,-0.0409301176967608,0.0804757958364914,-0.143902333843707,0.149367842037942,-0.161845554265583,-0.292642088224819,-0.386515057265096,-0.294222267922283,0.435477812872009,-0.441782947716192,-0.252121061504415,-0.363271363356263,0.00244068603546974,-0.0409656551495138
"01_43_06_rna",0.407688620932916,-0.0786044815335598,-0.0185116785304652,0.0715538202333193,-0.253919587741757,0.0587745681132059,0.21305541874627,-0.429020561952591,0.260717414639932,0.220786111999879,-0.33110894026333,0.468092940612008,0.217117441113236,0.0414997936624955,-0.174474658475984
"01_43_34_rna",-0.102848174647253,0.107846540329723,0.189290696815689,-0.558360626300729,-0.401067218748922,0.160529961165421,-0.383824673499946,0.168347152282199,0.036370199462667,0.440748342648133,0.0923414437625518,-0.102629470301209,-0.112239399232952,-0.200982712039825,-0.0165383525644846
"01_43_40_rna",0.00304860940190732,0.124613941368691,0.212061246910204,-0.334140375439495,-0.0153095117648479,-0.0314594931200792,0.33579214408834,0.323319675737772,0.235222221128559,-0.0895154949853149,-0.572907057574583,-0.34149766025993,-0.254037655989748,0.085475021654351,0.171170895085511
"01_43_52_rna",0.129880551580503,0.719645004291042,-0.347075504941678,0.0856509938198854,-0.0331621985421506,0.149012347577335,-0.153539489509791,0.270648558881678,0.113617096650696,-0.29348120625068,-0.270450032188562,0.0457550559345848,-0.127741833180596,-0.0777376351560493,-0.143795893018087
"01_43_69_rna",0.426284749190692,-0.131784713310914,0.442939585606422,0.0451438318189593,0.158053771398154,0.0725261462870295,-0.120378773592685,-0.154936332049011,-0.146515981439177,0.173616546279108,-0.411287078036159,-0.378458751701142,-0.36083148773763,-0.198309585748613,-0.0204823735728463
"01_43_75_rna",-0.0179706402120634,0.456951000013537,-0.292781586250057,-0.0372080322969775,0.137690290514171,-0.264302380658645,0.0247353158145465,0.200575519500206,0.197211502558754,-0.151006850453323,-0.347623699074099,-0.403774229715087,0.435091818242578,-0.123719350301718,0.154686544539467
"01_43_84_rna",-0.0786953238691839,-0.046408921840629,0.396156335890037,0.189730266758608,0.188226019962685,-0.10275737866249,-0.150742740657482,-0.0755555527139019,0.100659091855033,0.262059225849225,0.324315088901172,0.00680653588866026,0.624812156400292,-0.232893039263949,0.309244915153758
"01_43_88_rna",-0.204962175812423,-0.00629485676022035,0.119866901449058,0.237924006134476,0.0972707917254418,0.0230579658439584,-0.267368233492883,0.134047975133142,-0.247280938881882,-0.277658200788502,-0.18073783591252,-0.219517592957545,-0.179915070265536,0.133185795063589,-0.71994659469531
"01_44_22_rna",0.422426190291748,-0.133160415425687,-0.0224965648553149,-0.0548627443111351,0.15029856515807,-0.06748362791981,0.0459879862878403,0.114690941531169,-0.128818150213102,0.449723491881545,-0.16084903786386,0.144848963039799,0.296191380027356,-0.421431762848109,-0.476301124613459
"01_44_29_rna",-0.117975814446737,-0.0828905189975812,0.0536532191753669,0.290975383737899,-0.674267984779164,0.151243828240074,-0.234527752867944,-0.166019305390198,0.137082995883104,0.358623436817433,-0.136682663105991,-0.00759901111065713,-0.0579755913462918,-0.387769534387507,-0.108254543279016
"01_44_32_rna",-0.167204506804729,-0.00387478020762427,0.288881975362129,0.424505008851229,0.15479468068331,0.116750675705945,0.0725847972885657,0.00129481736591745,0.206032612145601,0.0604466832157722,-0.365235224430026,-0.460827536604726,0.522701955624371,0.0159015118403229,0.013258168396751
"01_44_67_rna",0.59883769079797,-0.195614408292637,0.610663256964728,0.0315640629514797,0.106176820863966,0.109776874414352,-0.279835159707884,0.241251161016879,0.00946805342299448,0.109919904647628,-0.11106709711394,-0.0794058828983608,-0.0203337927131032,-0.149279067867159,0.126005055940912
"01_44_73_rna",-0.20215308254651,0.0317232934688304,0.527905000379987,0.405804313025467,0.270887306946341,-0.108028897601412,-0.453220815919253,-0.0129542852970401,0.075618512833977,-0.00531319440289137,0.0586693823155997,-0.108670584206961,-0.251040832723718,0.0584572618689088,-0.369734098683759
"01_44_76_rna",-0.158326219269957,0.0399785204981148,-0.0142030660510345,-0.310231647515206,-0.613366804737696,0.390610303825643,0.206418457106793,-0.0390962769344002,-0.160315980720894,0.0889715499149731,-0.371566711291274,-0.264464319164337,-0.0764431859956399,-0.19570705022434,-0.134876319120598
"01_44_82_rna",-0.159885789689377,-0.0944449369136787,0.291387477765437,-0.0544249758458937,-0.426961524459944,-0.319159519120219,0.0399637475388073,0.328017624478002,0.336861486880603,-0.0570682131236908,-0.123663582085715,0.0660791904220458,-0.155994444980429,-0.277628793876453,-0.49648035768297
"01_45_76_rna",0.124248642585499,-0.14074087579316,0.0731630289752116,-0.307596509818474,-0.121747322003266,0.395951112406901,-0.141090713535116,0.468625961179268,0.415856190666867,0.323065404637153,-0.344481041456993,0.163972704296032,0.158466398738378,-0.0228892446446917,-0.0719158157204809
"01_46_07_rna",0.388477771461787,-0.138127659917538,0.64409297913185,-0.225594684075013,-0.0449506258631955,0.292007359156556,0.0151533652039709,0.125013172764035,-0.328572599770241,-0.324855521569598,-0.0929546759338001,-0.162732888435234,-0.103530736604717,0.0399680677104828,-0.0134380489074899
"01_46_18_rna",0.0192842941614975,-0.154371180792327,-0.390683705009106,-0.184605151516334,-0.199931115011825,0.606546490083266,-0.00552259084309783,-0.0164260989324924,-0.0914491797222638,-0.0609543549933725,-0.205749968004446,0.273644417651161,-0.0809748413614218,-0.432779866137212,-0.240344303278122
"01_47_57_rna",-0.290757373851363,-0.0600392704430789,-0.445291784773482,-0.219493301633106,-0.193296492474094,0.240967992873599,-0.249232348942662,-0.186349962246594,0.16463458145167,0.13014015254095,-0.293397149292577,0.376161339521721,-0.120366939094564,-0.349717967568879,-0.254381741840146
"01_47_74_rna",0.209110582797741,-0.14463570258013,-0.251173715300745,-0.0231027726693342,0.182558887377705,0.0512561613718522,-0.0236678270849946,0.41606112761804,-0.023705538246971,0.0938008441558641,0.221802455305849,-0.358237991265375,-0.403526682961672,0.320430318728861,0.4579395412596
"01_47_91_rna",-0.162036077939651,-0.0986691112729818,-0.0165830968269626,0.305645440640492,-0.0176772931827096,0.145777934756012,-0.233849689914528,0.0181091570494425,0.159738631243069,-0.105724869327337,-0.770894067968397,0.201269277955105,0.334771880938995,-0.0961690829620074,0.03058431093507
"01_48_14_rna",0.403946187098908,-0.104251754559498,-0.0374029318418371,0.0109374381338093,-0.457670855635739,0.427421123985636,0.104632338573773,-0.297574720963289,-0.105609480537714,0.0947395324451298,-0.459812050647016,0.153359236932299,-0.270446279827171,-0.00527987627134275,-0.067425413243808
"01_48_21_rna",-0.113585376610991,0.0386472224801023,0.2095511338286,0.375258516681096,-0.461568389770359,0.202750146366875,-0.100011539964933,-0.257056259188989,0.115630506227029,0.0770198332692463,0.271941436933036,-0.0848855757017103,-0.10789264055861,-0.58461724423896,-0.129470362106379
"01_48_36_rna",-0.00410554561080244,0.0309072519762271,-0.168435770140918,-0.142607658945054,-0.262671482457443,-0.00745188717928423,-0.358550284199031,0.378110653654559,-0.0892158978246087,-0.030343720937994,-0.396824275675208,-0.44956237450006,-0.361896443252577,0.326579600216694,-0.0605243679826004
"01_48_53_rna",0.100234274681452,0.00592972494978976,0.467823087446962,-0.311494507833937,0.0791845168557463,0.397356571534929,-0.234295158536116,-0.342907140488521,-0.0909668790718761,0.132760749680104,-0.147591710261808,0.0915421146204557,0.376033842268151,-0.228473457081019,0.296181473874462
"01_48_60_rna",0.199039594812803,-0.0397488655588059,-0.119445793306144,0.0310756214704872,-0.000583953438681766,-0.440198701328513,-0.28474794590524,-0.41849822478373,-0.120583921947079,0.453660218964482,-0.101013140508594,-0.470303274925259,-0.169272708877766,-0.0780332492913541,-0.0842231658646247
"01_48_64_rna",0.0333668899973444,-0.0442366576529105,0.18133808184543,-0.603322218017402,-0.249204557299441,0.0805430042977094,-0.38486055900962,0.0155760744463553,0.292260496034288,0.0105571855433769,0.0817131438297819,-0.387598912567939,0.320228436357758,0.185768634777856,0.0600364511589129
"01_48_69_rna",0.0905284324413405,-0.21502766603035,0.361847035677363,0.0627153937415672,0.420523246349681,0.332754542873872,-0.164429724909375,0.314184548880517,0.331319997012983,-0.106008574506939,0.0701306363773065,-0.111109824564538,-0.492774792306937,0.0152610752839498,-0.126698075331895
"01_48_74_rna",-0.297600412394205,-0.0744526159965888,0.0133539785999501,0.2956638595752,-0.151929703630894,-0.438667769196604,-0.018257910552319,0.0119176671600623,-0.094216571414186,0.369198783284537,-0.0412366661416061,-0.120840331768439,0.461288656774788,0.00341344987523449,-0.477516176073434
"01_49_01_rna",0.304030108390159,-0.170069067449046,0.0477803213837433,-0.0657843284310029,0.0601650472839752,0.434289936705809,0.330976866169354,0.0783371963839737,0.42153996197953,-0.195868266032507,0.382549485106392,-0.296353594196447,-0.200487385234358,-0.241561058445832,-0.123874408443547
"01_49_51_rna",0.145450425655306,-0.109823070921198,-0.180889280916979,0.0711890591770663,-0.085364106561578,0.593381827245152,0.292488791925133,0.449600489132791,-0.0929385151961236,-0.0414613547063567,-0.364646806313616,-0.163810169585497,0.0212024908027743,-0.00634619224785789,-0.333567743526326
"01_49_55_rna",-0.334527270384122,-0.00751932984706221,-0.0519327489284604,-0.109598753586744,-0.0178607245935182,-0.343524807678909,0.107098083421859,0.0916161799404158,0.164442316960054,0.369247182848887,-0.384043944561363,0.170343446992716,-0.0956313764922263,-0.208383502179008,0.585383465677661
"01_50_02_rna",0.00212362986750367,0.00583752630431353,0.306413248305384,0.0818965156991072,0.422363749089536,-0.234748164048588,0.614456181868814,0.0983929236087495,0.1412170569696,-0.0900852026713549,-0.0925634454252768,-0.239669131272184,-0.409305537391523,0.0133809063340444,0.129818854997846
"01_50_13_rna",-0.166446052881773,0.0353364590831234,0.172021125000628,0.130492663577049,0.267723128004955,-0.406400601116688,0.486739117528023,-0.1593394649102,-0.0143272526452061,0.33370466132547,0.337204217068019,-0.432311057428668,-0.0753772214182614,-0.0033612055937566,0.0861954710237336
"01_50_56_rna",-0.258491155275298,-0.102230989188306,0.136942549489473,0.328962040966924,0.167453129986284,0.055878425117366,-0.473053926535274,0.0101229530498659,0.33206008734083,-0.283900190824041,-0.148821621942652,-0.0148316493654743,-0.244650520351864,-0.486987992595699,-0.174568512439772
"01_50_73_rna",0.373930060685634,0.190782430936128,0.566289641132412,-0.0090092734784674,-0.0397349871598116,0.606794700548847,0.0147842340005529,-0.0653867003054989,0.101374126178344,0.0408181483816676,-0.116249635088867,-0.116979888340927,-0.225473240245642,0.0170656117146018,-0.196137842672775
"01_51_18_rna",0.548556615032661,-0.16046536183735,0.50659818152532,-0.123837658393413,0.173620337931789,0.28071828051648,0.13218998802566,-0.0313152325528973,-0.228858542051127,-0.173079436358755,0.0646040904886029,-0.354261141660914,0.114243656861541,-0.103022122530302,-0.195665208166698
"01_51_24_rna",-0.0973294832675175,-0.0372542040010069,0.331171877412926,0.358466462930375,-0.247328620665975,-0.0714603872535098,-0.240185917250753,0.0542591291413072,-0.254932453676394,-0.300093800144683,0.356144891954471,-0.392093043464112,0.120929782108713,-0.194533109434677,-0.368733766504044
"01_51_36_rna",0.0257693806314547,-0.0319701812813526,0.545964376475028,0.224644512811296,-0.353770923806387,0.257792764921579,-0.436980781811388,0.282914292574341,-0.213853496295939,-0.270297398645738,-0.0351185964926604,0.06563668250705,-0.238048267414098,0.0686021735901612,0.0381992785233518
"01_51_75_rna",-0.277790277490631,0.00116910794455069,0.0562448706975244,0.148079144503261,-0.155449902580783,-0.10077286633667,-0.402177929987731,-0.048614873734446,-0.564439507616788,-0.338019126977679,0.219406948002269,-0.182387830906872,-0.319009028798518,-0.0584214947352434,-0.282624293230581
"01_51_94_rna",0.0636927214679884,-0.0298457560447068,0.174789765841613,-0.417917454628859,-0.308319116870778,0.0678865209563585,-0.203393233611851,-0.220443244864989,0.348119824200682,0.383593484868596,0.0920160030019619,-0.132590627180101,0.258635273313803,-0.379854319342768,-0.307656653309148
"01_52_04_rna",0.326702746342775,0.136027254311594,0.805030636418558,0.133168551902156,0.099105707197744,0.270513923709378,0.204025356340428,0.0362003100275268,-0.145374056166726,0.0207269816933403,0.181801210127225,0.0834954763478454,-0.104739044489947,-0.0592256423725632,0.0833836766204599
"01_52_20_rna",-0.130722841282061,-0.114744209917248,-0.183974216132389,-0.429049080459076,-0.245219604722947,-0.220541302142275,-0.0135459323398755,0.110519078448216,0.569950420366345,-0.365639229330299,-0.0422215124532688,0.248969141797314,-0.0422170134620675,-0.160396489966808,-0.284312279609461
"01_52_26_rna",0.512054731187792,-0.0946188480509711,0.213298689690915,0.0716482922237089,0.221286845773616,0.0517472151133425,-0.0916810382144496,-0.328051807148647,0.317215158799324,-0.421429900157696,-0.287977508177615,-0.00109104587987234,-0.293177113474116,0.25176821325231,0.00688965512143217
"01_52_44_rna",-0.0987531251017414,-0.0315225691679567,0.337286584006638,0.352296513995148,0.239211915600138,-0.252053673398064,0.203361565747126,-0.387509748377218,0.585877117618329,-0.257803873884216,-0.119304927554802,0.0195721240200832,-0.0632074637088801,0.0141802767557134,-0.10284996941801
"01_52_80_rna",0.544253815441958,-0.236675189570659,0.0128993740788804,0.0129454204801967,-0.0593914083210307,0.712912932603269,0.117353859467459,-0.051905799437691,0.140990762688709,0.0919262021205367,0.0760487293008098,-0.235975627028175,0.079946007723597,0.118482733122385,-0.094731632913489
"01_53_04_rna",-0.0494881618162778,0.000313106650995175,0.126643180356258,-0.0425026997656467,0.306150704987948,-0.41161003774967,0.765397589591359,0.027738876541361,0.205548003040341,-0.161311040468067,0.0694132683043395,-0.232476090225129,0.0411594451852951,0.00279377865999959,-0.0333973594800083
"01_53_08_rna",0.324308873131001,-0.177850527542038,0.225731870049079,0.0456683805885892,-0.452676206487676,0.483975509240544,0.047031800375622,-0.170830462774488,0.182966462657925,0.373318814500001,0.173755879608372,-0.132439432716801,-0.129082653295875,-0.105580344344872,0.30203455853444
"01_53_18_rna",0.00767681951813767,-0.000183422788180045,0.362172345261776,0.152937854028508,0.38073740501857,-0.1082647779042,-0.0475054015415362,-0.0402504439565312,0.515390540837087,-0.490115609478488,0.078418676930234,-0.0877378310119469,0.14858745757932,-0.299117673388584,0.231485186561464
"01_53_54_rna",-0.239599152908071,0.013607936513089,0.0844372992424542,0.349067721727852,-0.307857768095204,0.154805854662425,-0.150092598719342,-0.26134732146757,0.52186631814931,-0.0799320302560871,-0.536463046589757,-0.0128853185465204,-0.0909539299822437,0.127440005929852,-0.112480583793081
"01_53_72_rna",-0.0185902533604586,0.00419876252044554,0.400385738916128,-0.55289265978222,-0.254374904886264,0.376208887983098,-0.102231163844119,0.0482765898133689,-0.171163146496486,-0.0204310506420338,0.0215696319895818,-0.373667518055023,0.345528931272065,0.142079996057733,0.0723346309747313
"01_53_78_rna",-0.0892155261008248,0.0165019330052996,0.0140795553594328,-0.636407213592233,-0.0123854137587224,-0.090963809645783,0.248335213196292,-0.275808403139211,0.473358032861714,-0.253247580408421,0.333703581745372,-0.0908154109507862,0.00631080910715289,-0.180149707351292,0.00927400991852318
"01_53_87_rna",-0.0807551534410031,-0.0535166838839696,-0.0815030627826192,0.240542016391342,0.197989074933884,-0.246745309759923,0.0231153009236776,-0.259919934638818,0.60711749111824,-0.274628008786546,-0.327325030595586,-0.339544489881827,0.117133596333757,0.246203447515996,-0.130977109263283
"01_54_45_rna",-0.0704067667145483,-0.041918146380587,-0.0062941754353388,-0.4942510705883,0.0528502897079925,-0.143967944749773,-0.2645442215148,0.105774354427384,0.00154602968502239,-0.247839204601666,0.161348247853988,-0.431356271300496,0.595410719325005,-0.0673814857253083,0.108110575924706
"01_54_55_rna",-0.218673557772261,0.0655439368773477,0.243180108349394,0.438666023042674,0.10212382938431,0.171917132483752,-0.281540389132689,-0.324630725395665,0.080631775833257,-0.296175891358658,0.0280423276643883,-0.0236768137183808,0.133750064877405,-0.313760111942115,-0.509689566110624
"01_54_78_rna",-0.266390292448259,-0.0830862178512518,-0.0108029229462059,-0.211916715465133,0.337706595883836,0.173658321660582,0.247489408339647,-0.119034299331478,-0.179614667989914,-0.468166114245374,-0.48474819725895,-0.277561117848211,0.0298804281268859,-0.144924460774332,0.268563769195071
"01_54_79_rna",-0.00453214199017848,-0.00911326497760607,0.200576419388088,0.0828647376234607,0.291893156891182,-0.339644306486409,0.642240176107245,-0.0767539215972516,0.13971699542913,-0.138768597416696,-0.0300325638146558,-0.111523218244419,-0.448576655321642,-0.268367558215745,-0.0922841131467139
"01_54_88_rna",0.47376145059443,-0.165886838976282,0.0082861760106995,-0.0366238446634569,-0.305993810176543,-0.322390959153075,-0.164339854675346,-0.0339544929710516,-0.111432563091365,-0.455458055025139,-0.122237247835639,0.312867475359707,-0.142934378761114,-0.0435137051669237,0.407286266607052
"01_54_93_rna",-0.0350383305484719,0.174753341301908,0.122669773294547,0.0893299566957702,0.0409586406773864,-0.167908187115165,0.121712399923519,0.184487714928434,-0.0269934191777197,-0.0672910913196318,-0.231055995103178,-0.452438610952998,0.389789343543464,-0.151156486291613,0.654489996072921
"01_54_95_rna",-0.0611395506995539,0.129725908407441,0.202601945807651,0.124925414734657,-0.0707006023734829,-0.0747002450095407,0.343495897044343,0.00657801604712657,0.628698779138391,0.113441027491412,-0.372026083170501,-0.00322688460718531,-0.104254051859958,0.270609362070066,-0.404381821863353
"01_55_04_rna",0.523290461208325,-0.200201219504417,-0.01006177298564,0.0565033265101696,-0.346883313531336,-0.0422081559548882,0.134214143036517,-0.234944313936159,0.472669994784107,0.388653913964572,0.129496778565009,0.148168060809426,0.145325267576473,-0.142184541665325,0.181502108144125
"01_55_23_rna",-0.322475575984346,-0.0901888960184045,0.112396635232846,0.458156865432501,-0.141142673858491,-0.281933392164581,-0.462039068185634,0.265261793909261,0.145944369499499,-0.201337078515966,-0.0381479239876318,0.262417707169401,-0.343600245849409,-0.108589492369471,0.141688514070088
"01_55_36_rna",0.421601505570625,-0.148922006805508,0.021841161994506,-0.0404143735409124,0.337154302300771,0.00965372405829235,-0.180140841405859,0.25357748696377,-0.33986547762463,-0.163420868975356,-0.0807562358270804,0.527264388605623,-0.050535137907906,-0.397615795127789,0.00701546473651509
"01_55_60_rna",0.282079786226957,0.642024661096166,0.115030029082125,-0.0281940244262966,0.247166733495792,0.323178350904646,0.0631906302702325,-0.195798663135864,0.102838806820049,-0.0965672122293499,0.357987371222777,-0.0730112379247764,0.151590789568278,-0.150535613903989,-0.29549166019153
"01_55_85_rna",-0.136392397510088,0.0364409370010076,0.126993772533439,0.300998052671566,-0.220423300242827,-0.199526920504133,-0.504300038634645,0.175571980290378,0.204173071526231,-0.193472440273036,-0.390221885816609,-0.289378486693901,-0.346624723656412,0.240510089957354,-0.0817030848709945
"01_55_96_rna",-0.118619239306302,-0.0768854408328414,0.311672499557152,0.0812131905845172,0.483149241629163,-0.267255883509125,0.231321812290981,-0.00576215029559799,0.458961901680763,-0.133715123712045,-0.240796714226079,0.217359245179592,0.123505284917205,0.406393952630958,-0.0609707707525625
"01_56_28_rna",-0.0556316813830132,0.0322499602659251,0.158623501716161,0.270868796821697,-0.353200026225139,0.437529288522436,0.00695501381282818,-0.31990494912509,0.363883438259108,-0.187794123107529,-0.0347605505303364,-0.456788139058258,0.287451448825286,-0.0661896952905827,0.119218915461737
"01_56_78_rna",0.0386355539068131,0.692183316648222,0.167762913925034,-0.0367559347491299,0.0748446412393847,0.452909670511641,-0.040404338523907,-0.254744280361291,0.151263375137719,-0.157205795832899,-0.130013452305793,0.133059358508011,-0.236198587729496,0.0827357516114769,-0.260385422360873
"01_56_80_rna",-0.136023234009291,0.0311835339471069,0.274473142743277,0.275139033678112,0.363435829020406,-0.224912330551208,0.239859321541323,0.0306880601834678,-0.263473709861022,0.0550101897291982,-0.0164961965601243,-0.461523030792279,0.133704767821261,-0.528053312744981,-0.0768469154098843
"01_56_85_rna",0.505845158219226,-0.0859244159236617,0.00126490336823002,-0.0425654651489665,0.0991610044930751,-0.426610162467268,-0.188428876497487,-0.275089381716757,0.0663745884116046,0.295326162142232,-0.00364654023750786,0.24223044602896,0.405427627107657,-0.338446701816682,-0.0518243361976644
"01_57_67_rna",-0.0358483245895713,-0.00890707369577944,0.11132529563406,-0.516488922835908,0.0292011410764869,0.0186343384505678,0.0164577520199109,-0.320778970060993,0.514039104561748,-0.415971667384309,0.18052540505804,0.228746817668995,0.28612732756675,0.0156747437761561,-0.103989324617316
"01_57_89_rna",-0.0250473508625478,0.0612685715284381,0.571584771385505,0.302246099748375,0.285062194366788,0.109984662273779,-0.282435356708577,0.294158071142833,-0.0535705129068237,0.0660765844764894,-0.272365162104222,-0.159557977852046,0.206381921884397,0.0474694349175909,0.407647966889183
"01_58_38_rna",-0.142715228600449,0.0116436403957611,-0.0203055662073465,-0.255182088068295,-0.242654940972129,-0.00506859228394235,0.113442726561786,0.386495948567565,0.0199259785534372,-0.0500848861144047,-0.574642156825368,0.485496427202139,-0.219554630983693,-0.264430476901918,-0.0765339848224176
"01_58_72_rna",0.205170909480952,-0.0596144989186669,0.448350098146988,-0.247516627057896,0.116768630687084,0.17052749812088,0.22228261590427,0.250893051071385,0.130476935346935,-0.253393098252581,-0.477044461966487,-0.346151485196196,0.29225457064726,-0.0515824309452791,0.142475434947258
"01_58_94_rna",-0.193114239756206,0.0497961270787936,-0.235217808405329,0.362715707849415,-0.307173923432804,0.0469789057458249,-0.302432840732921,-0.286526938749235,0.237754405796831,-0.275917854802779,-0.0937012393210372,-0.456204735118795,-0.0231875067511421,-0.370373581440872,0.126238799289701
"01_59_06_rna",0.557705427099696,-0.219215313276881,-0.236611010489457,0.0136285365458545,0.0523895915403088,0.247485070625242,-0.0673458534527755,0.289848841263839,0.257323178963074,0.333552442219221,-0.0325305149987073,-0.436555488269984,0.0720845054858841,0.147847326489861,-0.189818504639796
"01_59_40_rna",-0.0189591176791545,-0.109114320602196,0.20765908786762,0.148179819696865,0.124527786184069,-0.381130613510625,0.44234658470301,-0.0570514422892051,-0.0377408270789939,-0.355057409862628,0.046858311248725,-0.128915952393064,-0.283238326685217,-0.464319328498461,-0.347621104138104
"01_59_56_rna",-0.172629052224149,-0.0490398046287276,0.220211577534693,0.426803555636751,0.246330896305842,-0.146339021535768,-0.501814442835556,0.218562364568259,0.158199764825313,-0.0790143217427219,-0.254708990581389,-0.175106224465399,0.208410046574909,-0.430361155760541,0.00196766386748202
"01_60_01_rna",-0.0457553389026554,0.0918122725941776,0.454373069145546,0.202942681019899,0.00677772202076878,0.122732931569193,0.126392825456795,-0.184299806189737,-0.0101463033228133,0.175281228163892,0.121973239316901,-0.573088028485381,0.404584015956689,-0.0977345649189079,0.359737926628278
"01_60_19_rna",-0.125705333332052,-0.0217159786054183,0.220550075170367,0.175388307579732,0.257447151532991,-0.0837951369455532,0.210520336900592,-0.260049659781888,0.00538999222649412,-0.234863035573927,0.39421709829585,-0.266821290209684,0.36956802249086,-0.110345806492386,-0.537150587350269
"01_60_22_rna",-0.048584488209753,-0.0677973061349764,0.713533448677693,0.11984547049629,-0.0180929502916169,-0.105177403658228,-0.172826107955585,0.321435862307724,-0.056337090357712,-0.429011637258311,-0.231881222832511,-0.154697688352262,-0.00215923506101626,0.0474280851012998,0.240398462676997
"01_60_85_rna",-0.0223815041053064,0.0842132585856794,0.0342458728412226,0.325791753749428,-0.529665867367681,0.0571755624671195,-0.405937302872733,0.386181821668811,0.397357719429928,-0.169672116131854,-0.0489612308956251,-0.124459820592865,0.155166380089773,0.0905500649471462,-0.224749919816731
"01_61_54_rna",-0.0722645316465056,0.05922617242633,0.292606693863585,-0.700413587340376,0.00592750638988273,0.183941031948864,-0.0922843190477235,-0.0919820497678009,-0.183222067159242,-0.362392625050812,0.266583260923184,-0.0880474398563159,-0.0320812368509055,0.177783186069704,-0.296431950860308
"01_61_63_rna",0.160306086355572,-0.117888275842576,0.474297732874057,-0.12470419232714,-0.36702081532276,0.394338308621279,0.027190608690833,-0.256345709605997,-0.0398201433649868,-0.0187728660200241,-0.119842387200439,-0.286732762333359,-0.391949824911736,-0.221809718082801,-0.248787560332487
"01_61_75_rna",-0.0322235912595895,-0.00607047013485845,0.192752135222439,0.298847400156495,-0.369710471666815,0.457292044013135,-0.112105759142313,-0.585568420026549,0.245393138135162,-0.207988229309246,0.0750963282680806,-0.0538623598148012,-0.112295902875484,-0.166846207895511,-0.136880160036369
"01_61_82_rna",-0.23425694040891,0.126379135380676,0.0833968944581395,0.0670723299088277,-0.468684905707652,-0.243039879566193,-0.440383673145522,-0.245017656540525,-0.264152531615109,-0.0673148340094641,-0.216348087477684,0.0361501327291719,-0.243552553022166,-0.449685821493398,0.032195450839328
"01_62_01_rna",-0.0516927220906494,-0.0342070965048921,0.445906125454413,0.256991227725737,0.237987457297453,-0.0379782607477476,-0.0411596157993272,-0.364706323177097,0.172724783714271,-0.412006347908569,0.339967656001967,-0.390112062638447,-0.125768217471069,0.093208761355028,0.215967013774319
"01_62_31_rna",-0.153599921344213,0.0113306235096865,-0.0482667261651146,-0.359381029263119,0.0347519275641475,0.110060657328695,0.0714034151103938,-0.59029860446762,0.0983069432305126,0.118693758272174,-0.0795524784414145,0.375935452531107,0.402818629894551,-0.300846227491915,-0.231824328697055
"01_62_93_rna",0.00109814642524187,-0.093722305567458,0.309166550337036,-0.162627770864929,-0.145193316449708,0.287376376407887,0.128300245638781,-0.150025712908827,-0.464938849846536,-0.259280558370257,-0.217654373462558,-0.379238245445453,-0.108462410677387,-0.254947454206787,-0.418564586782225
"01_63_38_rna",0.353761564929287,-0.318993782469405,-0.0994934011871939,-0.0319738902510879,-0.0442461401521157,0.254219500398635,-0.0779461701300341,0.401748658486318,0.259297931272325,0.0199101852591946,0.221365450704512,-0.369327827636136,-0.369138330125338,0.240557813925492,0.284504625222043
"01_63_50_rna",0.804010020538697,-0.363728497902036,-0.0874798632181344,0.0365650182438435,0.184603608166207,-0.0635405956508956,-0.137674889836692,0.267609220457431,0.153388414771611,-0.0988450182353227,-0.103174555152796,-0.183566723322296,0.0394543262714948,-0.0373801338368342,0.0547793540020058
"01_63_59_rna",-0.117085715020912,-0.0078065876636225,-0.207768468723609,-0.0953136546177475,-0.176143024450688,-0.47945483037003,0.0320307123866663,0.263333211394744,0.224968104648668,-0.338229079041773,-0.186137429296295,-0.620374742136254,0.0468689596369317,-0.123866254211328,-0.0253544353788513
"01_63_75_rna",-0.116189918195057,0.0632655231226923,0.319412339618117,0.37208809387336,-0.300550301737152,0.284016778776403,-0.125863842256579,-0.285359149672475,0.184714160694628,0.126752839712646,-0.37334913206234,0.0167424089400279,-0.0305226766838929,0.111797419367849,-0.520067529871444
"01_63_85_rna",-0.212407436229939,-0.0119973124618153,0.077538910095145,0.374656905146841,0.15427727202019,-0.236320060418094,-0.0575640369739956,0.267872715854563,0.394582940727512,0.16704013447891,-0.204142437557056,-0.0106215260300487,0.653898318510041,-0.0236437605467886,-0.0106730911651573
"01_63_92_rna",-0.0457312083222322,-0.0409656229284845,0.617763549881885,-0.202436952961777,-0.413438556650188,0.133997282266605,0.0721050047193655,-0.124029402026777,-0.0943012239127578,-0.211847785796473,-0.184926301980036,-0.0327405408682223,0.431185887516042,-0.271467880895253,-0.124462241159325
"01_64_10_rna",0.572374485269523,-0.181200339544012,0.0298306809677529,-0.0111217238766312,0.213841115261379,-0.0476169638925494,-0.0362608403718093,-0.402345317697391,0.102086681386594,0.36629724283041,-0.341938924619007,-0.203484424086553,0.350967828308604,-0.00754776331314631,-0.0344882207821548
"01_64_18_rna",-0.0674623757343578,0.0272601562495311,0.49164005558832,0.433299870864649,0.20639335391443,-0.0360498936650639,-0.385866762048134,0.249663076383186,0.261261431990588,-0.18522283242758,0.115847938701439,-0.313282698188376,-0.122671251240008,0.128619964203407,-0.253773934435902
"01_64_28_rna",0.433154237307873,-0.179213650102739,0.0367964835909239,-0.0385664320651598,0.0468063095977345,-0.0317192888166107,-0.0827339882489931,0.183534858335862,0.417750552016171,0.36376513465086,0.250983843435629,0.404165418658102,0.359643773991171,-0.248500249397304,-0.0970176899938649
"01_64_40_rna",0.277375366526121,-0.132986146999259,-0.286122826823952,0.00400950671463375,-0.257766609197712,0.611781337731077,0.154614898731242,0.398599330893319,-0.271777417747269,-0.280713032258634,0.0204035449147277,0.0428226558858941,-0.0722675382783098,-0.188889645228147,-0.0646008368578908
"01_64_48_rna",0.252849635967089,-0.150434395455946,-0.551030311422202,-0.0475867365458607,0.0266583091383096,-0.275998383872458,-0.163268276986733,-0.425247757262084,0.0710685591932895,-0.103196870788634,-0.366852229561094,-0.186622677147524,0.170936154796574,-0.32766372087633,-0.0383157249679427
"01_64_49_rna",-0.262215485159741,0.0104199686001792,0.408811176986861,0.231083303723232,0.0400045719982309,0.102605521580031,-0.247362661820697,-0.102856588668093,0.24425134886459,-0.435578232520066,-0.165844396466453,0.353038089116774,-0.348372830623056,-0.188412169677653,-0.261385194109909
"01_64_57_rna",-0.329829991885423,0.0991900471189653,0.248648190413032,0.391764098284217,0.021839239147689,-0.0890130437708543,-0.370019398438008,0.148830918137944,-0.0981347520205025,-0.0578896740945675,-0.472096490509603,0.361444024296387,-0.166968300808373,-0.319038934590423,-0.0494007057822977
"01_64_64_rna",-0.0684814479170021,0.0384963961986027,0.0721321653248183,0.19680692865723,0.0401104505378471,-0.330876683947493,0.553040497570186,-0.209509944681187,0.503353253836544,0.0251104206813431,0.0927765671497738,-0.453832396959847,-0.015797588880138,-0.0730564590763219,-0.122076565684397
"01_64_74_rna",0.0331165633120715,-0.0463489262523997,0.350694959339171,0.333226280884265,-0.176900294058117,0.0637828632924814,-0.300633039543696,-0.134415521344002,0.47789869124765,-0.191265241238362,0.0859601847208414,-0.422345006729862,0.262008274465665,0.314906340708422,0.0192428684132411
"01_64_75_rna",-0.00849534339663031,0.0306280347629931,0.0538102434973902,-0.349536635531009,-0.055442941937875,-0.215122423779629,0.165397536829903,-0.0578725940562817,0.363920864525869,0.174243383594897,-0.204295242095292,0.335102939178375,-0.369095995816939,-0.557101694544408,-0.174463064981763
"01_65_25_rna",-0.15870773107582,-0.0223905392868703,0.263560559159105,-0.856864883003194,0.087869677837106,-0.0630180567376719,-0.206388695825102,-0.00103077530026247,0.14081451717166,-0.0309853516009326,-0.163963793089386,0.0367092744004772,0.188146404312021,-0.111020212904276,0.139979063071349
"01_65_76_rna",0.625340939840512,0.31347178718656,0.449685892622717,0.088625769294966,0.323031526758096,0.236883098673722,-0.0296030237348331,0.0632950471747499,0.186759191613827,-0.167648715352616,-0.100630793499758,-0.00994159432672428,-0.101550385762657,0.107612836741971,0.200407495050526
"01_66_72_rna",0.00793235217178201,0.00460482689024025,0.256838011896337,-0.118641414327051,-0.214837131026832,0.0211590876734478,0.394776282305922,0.0975816963880173,0.486794580406595,0.322070584035788,-0.518197047476021,0.10753275818957,-0.294900263602152,-0.0120224823979362,0.000720515752988572
"01_67_23_rna",0.477447847992048,-0.149698861148686,0.0575970455213678,-0.0820598963326559,0.374516801828651,-0.069857917582282,-0.260019401784447,-0.320198063610595,0.429073080676684,0.2392011908987,0.234090220913887,0.0383306497697767,0.082362454205688,-0.0931751190436774,-0.333540311259092
"01_67_48_rna",-0.0525007187113432,-0.0348412882598329,0.103875608615148,0.260706945101771,-0.280057143136202,0.241139043128262,-0.208460145028513,0.106460810550964,-0.0598952077254236,0.0683261956448272,-0.407500842371172,-0.347588826146636,0.363373170476746,0.212334439577154,-0.503631928414965
"01_67_55_rna",0.369637669375838,-0.270223561384967,-0.161235459706913,0.17235071719697,-0.345266866882876,0.393659476963905,0.0886641882449109,0.00301844680296578,-0.337239108485453,0.218776171161537,-0.111154636277528,-0.389458956346937,-0.0643189394175677,-0.337745783568358,0.0936062663808598
"01_67_59_rna",0.291247976939178,-0.263355778656026,-0.0540121205995382,0.0603958274383115,0.362403687592304,-0.092423402720645,0.0934050692614778,0.022329826798475,-0.0427536239084074,-0.232225127597814,0.326203863980561,-0.232971495386337,-0.268982939565816,0.0389481701153399,-0.6323305273651
"01_68_19_rna",0.26833110991915,-0.350034442746774,-0.395468655840871,-0.0808838808825185,0.166191147570912,0.0823916594596491,0.095843820168796,0.307138589356821,0.038100598415658,-0.1775587650436,0.058621748034974,0.0474617596990944,-0.468386871920116,0.0325804875801008,-0.49547246321798
"01_68_47_rna",-0.258617140411758,-0.0119785481449629,0.00373995933679101,-0.493920601312375,0.336993641197762,-0.0882232103779639,0.304951343613934,-0.166423359906534,0.133647412833375,-0.139199393600098,0.244733095811863,-0.0320494394022571,-0.387332825556058,-0.356840289381635,0.267284060233238
"01_68_63_rna",-0.095325481602127,0.070329301939125,0.317298588866995,0.0398206232822551,0.123461396344677,-0.0983277166967239,0.560481542888902,-0.229589703637203,0.20330547244394,0.36652758016333,0.0347172900996562,-0.0907251122126405,-0.386961202687825,-0.221229365460697,0.328857711214657
"01_68_81_rna",-0.204853042326811,-0.0618099787532492,-0.0440539922662126,-0.380445717718813,-0.0510050976036256,-0.375202886381894,0.0392831712460803,0.174106506304655,0.0831105726256382,-0.317116401864784,-0.187036492441714,-0.24489980152159,0.42888573531716,-0.332861775205216,0.367602248284509
"01_68_91_rna",-0.0490283937913301,0.0499120784357736,0.100038921395474,-0.671964054255504,-0.347214641977585,-0.13066886742594,-0.218412878291485,0.049806512979479,0.0594597626501767,0.0189942502562338,-0.0703995714104823,-0.381940539977596,0.190115220311269,-0.0984383954613222,0.381024218417783
"01_69_01_rna",-0.166367391967356,0.0417710643460301,0.126238725310973,0.109669222869782,0.365849295239057,-0.290820166925011,0.589751416687974,-0.119024360606058,0.0362156906899154,-0.142109408079717,-0.11126093846012,-0.163470624217483,-0.525071443134037,-0.0380065427381094,0.156413194546564
"01_69_29_rna",-0.344408487678904,0.128040574786344,0.0553736061541466,0.0292132434153223,0.171978869926786,-0.296130177420508,0.38854704425911,-0.506968239499506,-0.117356026450846,0.0837873351356062,0.0425624430654846,-0.238776054830737,0.346239176846731,0.299880685308577,-0.215371832957108
"01_69_32_rna",0.385112300258123,-0.130357532516166,-0.107393748129553,0.048756250361052,-0.315400698389661,-0.189364333647515,-0.000734193474980435,-0.631002910719527,-0.136327682274924,-0.00769327054627168,0.0641839560075353,0.343609418492997,-0.0227387229972489,-0.0649732105697285,-0.376448101832478
"01_69_43_rna",-0.0548192441197003,0.19229672040491,0.423894699275704,0.162003692823955,0.160669802249018,-0.308136217380388,-0.258281590398764,-0.262142418340302,0.281965771136684,0.193632091430581,-0.124366937291915,0.348057987630285,-0.391122969078837,0.281651153663575,0.109453359539146
"01_69_54_rna",0.199911015181208,-0.00121023623346516,-0.0329256798077897,-0.0193651366422745,0.0960918380006877,-0.374044483582678,-0.359362607955763,-0.371048162093095,-0.191959748009734,0.452949861670887,-0.320932420414343,-0.198144049620029,-0.338823489582686,0.00130563174998909,-0.208662421454754
"01_69_59_rna",0.00504797767113797,-0.0751015428562884,0.248869998174551,0.290746788628497,-0.205814831945932,0.278658512922993,0.112573249405365,-0.280528330290098,0.565938479547771,-0.063034077870659,-0.224765864980896,-0.0249908260929267,-0.0923619448587218,-0.45186565278486,-0.219927084649424
"01_69_61_rna",0.150243661074595,-0.0264589101922418,0.572741484393421,-0.0156488222843948,0.0464615956654012,-0.32834407048276,-0.19408426068437,-0.323774162050532,-0.135974083418424,0.175361468462509,-0.305961166002989,-0.308008114015717,-0.355649660621533,-0.0739911386993902,-0.162169537687903
"01_69_83_rna",0.2509410055903,-0.0966211659590519,-0.307296595767376,0.037584756443325,-0.276449641395606,0.00202759767248852,-0.122720144666007,-0.520236369416422,-0.350643685537922,-0.0324314693068271,-0.13736404148092,-0.405614285991753,-0.142504848307532,-0.276980295787649,-0.255527261984038
"01_70_14_rna",0.273270370365105,-0.221307534400005,-0.26276617747903,-0.160263430138488,0.156448530289677,0.263987398107036,-0.111766974207174,0.303538985293204,0.195363298042475,0.000464566448886872,-0.465217244669666,0.0826895202125165,-0.283149412545969,0.303139258592418,-0.386424523375674
"01_70_51_rna",0.0121838252273893,0.0510928407017648,0.0454990340849426,0.0670632905252077,0.0919704374794182,-0.220195501990087,0.599324496924148,-0.12751040219902,0.164414655199934,0.04444476848488,-0.182514742500493,-0.353144470647232,0.434695371382977,-0.0575476248273989,-0.423058026220964
"01_70_57_rna",-0.0526682079954025,-0.0970501700407966,0.254742166805786,0.436197325558624,-0.153739590418877,-0.20345674411125,-0.461572344733636,0.122948722450254,-0.01325035740648,-0.00616603048552882,0.182816908480784,-0.221745234897867,0.343926494884292,-0.262692003686876,-0.411522337197485
"01_70_62_rna",-0.286406702038019,-0.0508546196532432,0.0857876174227487,0.332679594365931,-0.32835992616992,0.275144148720043,-0.353418368130086,-0.326577806847081,0.0198317143606622,-0.453690672804475,-0.311066077775315,-0.268797189839163,0.0406099214512375,-0.015983905188575,0.0715571232900018
"01_70_95_rna",0.336493883595873,-0.322465188886874,-0.301980316551754,0.0158786386520416,0.0976539128337503,0.504118155073179,0.113907027357878,0.196424365500669,0.130450653262594,0.0320924729026332,-0.166833152819349,-0.384977719075298,0.0871704051174198,-0.395747199834911,-0.133462023719817
"01_71_13_rna",0.541733578929503,-0.263618715589542,-0.0429470989031406,0.0268125191251059,0.246562308760347,-0.224363362662288,-0.0893707294145185,0.331550030432906,0.427687672853476,-0.237747627241116,-0.29209827626871,-0.0329680746493252,-0.160742661495155,0.183504484005875,-0.141636935906456
"01_71_20_rna",-0.239216228262339,-0.0996116860806772,0.157008771611764,0.442543131977813,-0.328288515078269,0.186899701155804,-0.253376143431448,0.0493036069639265,-0.196715763750973,-0.471238351731244,0.0887673151378744,-0.140998402371606,-0.095559271899234,0.439101910398002,-0.112057321243819
"01_71_23_rna",0.40032045899357,0.133369823201692,0.657941100602348,-0.0232025383067729,-0.145186465171088,0.115763341804141,0.326835110493295,-0.121453704366938,-0.127238630747524,-0.263906455726905,-0.203426876476202,-0.014604965320822,-0.283557558010849,-0.144607316912234,-0.0610775537420053
"01_71_25_rna",0.402351930095358,-0.235705839569204,-0.271826089514184,-0.0873868290914097,-0.0233605851530043,-0.310605973093471,0.0611794149952564,-0.590567467373365,-0.0584539197857405,-0.210625657528429,-0.141893694603925,0.0129233231452948,-0.223896105252029,-0.319128655479936,0.177318168868215
"01_71_42_rna",-0.122799396155222,-0.0290080091208564,0.252143706137552,-0.129107401093449,0.5151433554649,-0.158585787340027,0.578723882407536,-0.00267371537505831,-0.178229210986214,-0.272379789459556,0.0637783544567604,-0.203946637372147,0.234511722057459,0.126137838808644,-0.236343503805652
"01_71_57_rna",0.33026150406176,0.170025705056562,0.219826946589387,0.00507122453736158,-0.603170886946876,-0.138579214176382,0.21459788249356,-0.0496848492459387,-0.223921511622908,-0.000455195869744583,-0.0444334650226773,0.294194362688148,0.409059837230388,0.241177008805788,-0.134040424793389
"01_71_88_rna",-0.0757232206772533,-0.151956853598975,0.052710888863619,-0.0322481966179135,-0.208122186020097,-0.587846245803138,0.211576264816413,-0.0496895047956484,0.0917247032178456,-0.52763239662564,0.31384039911722,0.047754319051108,-0.22702625422152,-0.149323579740869,0.264236672204378
"01_72_01_rna",0.534814806635207,-0.15376786887937,-0.461335314819575,-0.018366126638854,-0.266545166054522,0.144280069718735,0.0622023569959097,0.0773962679284369,0.370702997337937,0.0310761197306928,0.0317795839704679,-0.211633688559451,-0.221403008824573,-0.313203751046603,-0.210089311238774
"01_72_02_rna",0.0373139577107381,-0.334750912543948,-0.188551877376461,0.00852750168945119,0.212877283615099,-0.330031931538923,-0.211574885816788,0.188960805441085,0.595606328185136,-0.0592963444383885,-0.0635995698245321,0.275552804727463,-0.227514495470609,-0.349844914452344,-0.0618507592300252
"01_72_05_rna",0.276168814693995,-0.434999988940036,-0.217826513560243,-0.102092707016174,0.0605578866954275,0.470975801164221,-0.267199091330729,0.343384322702168,0.258518091769982,0.141067774670232,-0.127385056824028,0.19326583120372,-0.193327700360011,0.0012686300859074,0.290091899203642
"01_72_39_rna",0.278771039008066,-0.0490577153628955,0.304554140524368,-0.0521283395769939,0.522877865912903,0.284662384783627,0.0126815093520904,0.284897497546776,-0.134721136031855,0.194824698046406,-0.417456562453942,0.196321336674564,-0.0485227652261701,0.339242559529755,0.0478502888425966
"01_72_46_rna",-0.141280090682274,-0.0454079004757407,0.309451831333358,0.30696856834468,0.11476059439592,-0.197153368748189,-0.4146443873957,0.248682436740351,0.0922799753830373,-0.283313303121934,-0.108691653192377,-0.0858294791662298,0.0650167662057996,-0.302480527593984,0.546343580080994
"01_72_53_rna",-0.0610232295310828,0.0618800105021602,0.320794097078228,-0.717564340094727,-0.0444552606764954,-0.0506069984788475,-0.340961103761118,0.238630160468737,0.128352246601169,0.133136137894359,0.119767201510199,-0.165298498263802,-0.254953063493538,-0.0542416007564571,0.230418979812071
"01_72_58_rna",0.16812152586962,0.789323536402725,-0.0802201067173805,0.0582995753818654,0.025517579431999,0.041943060908795,-0.305129037194633,0.0094627244079676,0.234709806800502,0.00900211319083809,0.231642173132467,-0.0802092444080758,-0.0471988567908249,-0.0400030914603047,0.352386764190262
"01_72_67_rna",0.40097010289737,-0.0918109572937362,0.313906718293063,-0.0708744408152203,0.301200688423445,0.00932721481294222,-0.147964723689951,0.0721817235349862,0.442223908669967,0.401029618768359,0.234606945461966,0.333880028310661,-0.288548863465137,-0.0077418123586341,0.0556514445694087
"01_72_74_rna",0.152627778746283,-0.0949973599915042,0.428265030838056,0.0774630292299781,-0.144187153353214,0.24449001872617,0.233535294822525,-0.48444674815135,0.203293961551246,0.479818757382524,0.0640288178456235,-0.142671426603312,-0.153259658053945,-0.221588197376215,0.19969217014203
"01_72_81_rna",0.27119355196877,-0.143256876880305,0.337345339695272,0.0388243439040868,0.462697923506469,0.184782791540219,-0.0941490675671646,0.179393249875597,-0.336599104939546,0.101849186010362,0.452568291400634,-0.101467063293848,-0.318921232249448,0.031523123258821,-0.244646655568254
"01_73_02_rna",-0.0075133061440698,0.145315208388194,0.397934735649203,-0.671438535218982,-0.213017593699639,0.0543457753762725,-0.317591442051065,0.189200174449153,-0.24779291587002,0.130652792645426,-0.142619318821183,-0.199830824456752,0.0134022451591161,0.193733095738504,-0.0905430780399177
"01_73_07_rna",-0.0809483669597434,0.0289414334782354,0.00309826818448976,0.241429239443627,-0.321664110247567,-0.191250075954705,-0.160535322553449,-0.210532538187818,0.516879163783458,-0.121796825350543,0.283053597601108,-0.0953810125812369,0.288175829679338,-0.120103886244984,-0.505456706351876
"01_73_21_rna",-0.00529720842314274,-0.0393018566213314,0.362595873944638,-0.688957910106891,-0.00474244302423385,0.164400721167637,-0.048403457765513,-0.215881331519996,0.0318811260976473,-0.243381024191886,0.0506379526272985,-0.143094690491459,-0.0322469846513765,0.035336374796298,-0.480324112246927
"01_73_56_rna",-0.150864628491064,-0.0191390696294828,-0.0767155462449025,0.17746102208737,-0.0323928468614607,-0.254554449979703,0.00927606096589394,-0.159607835254408,0.384107514635345,-0.152017010372609,0.211448331099405,-0.407071291557548,-0.0474106040211893,-0.495550879564726,-0.468192559302338
"01_73_83_rna",-0.180449797190449,-0.0261030724167686,-0.140709367433171,0.122126594614056,-0.046002673998768,-0.143108256068501,-0.283687840286332,0.498173578298411,-0.249458964541348,-0.371130707461425,-0.450506456622471,-0.347332880270041,0.137509490357803,0.0555742047894192,-0.187694482964672
"01_74_11_rna",-0.187063564489558,-0.0392019360877044,0.280447516118761,0.246614920618842,0.107886240872457,-0.227001572241301,-0.391189390581096,-0.10440625017009,-0.155251824370099,0.230337135321966,-0.204871274245239,-0.00101005676960163,-0.0032967068289418,-0.62946323911943,0.285543905114878
"01_74_15_rna",-0.313396719105092,-0.0777781287536527,0.0626416231869104,0.393740755672364,-0.25572731178017,0.131627797132723,-0.25317021808954,0.362313325746052,-0.271643264412413,-0.375732999484733,-0.327530264452338,-0.0383842682455913,0.00339224539643761,-0.153816239298628,-0.33362125863862
"01_74_19_rna",-0.34019887165803,0.0809984037977637,0.0959791309924409,0.150101809472398,-0.00512178233297662,-0.209856180962616,0.426276243264245,0.0996922470613681,0.115558472173991,0.0239735840153559,-0.282540096803185,-0.229848115735372,-0.640152398426601,0.231717013062427,-0.0130455850569281
"01_74_21_rna",-0.176957585624033,0.133745822312302,0.269670512301989,0.0155250422557407,-0.181820039850481,0.338815636065083,0.219741503113045,0.096919927434768,0.178245632066295,0.20545026754468,-0.454480547913227,-0.243886936359715,0.435192029511467,0.294213710195097,0.237343547086705
"01_74_46_rna",0.315921624413892,-0.0963626063718623,0.161199100097825,-0.0972301918901025,0.243853027652852,-0.302211879848253,-0.219680740901805,-0.388498416162689,-0.168468070867815,0.232643862586345,-0.501359890830258,-0.31865692470798,-0.177434611646943,0.194222733965586,0.0294585002087958
"01_75_15_rna",-0.381344555201031,-0.0135088552769638,-0.0391393533559272,0.295109370421893,-0.224759073162012,0.163041465872316,0.042790453941997,-0.315636002950738,-0.269422830334565,0.087097235233406,-0.504784721282337,0.160174050868251,-0.0101955386474997,0.325989756273529,-0.346705840994893
"01_75_24_rna",0.238923195151094,-0.246703658849357,-0.522558762182169,-0.109957049064073,0.14470286110657,0.269045105102741,0.0839314571224211,0.0382085381162614,0.138979091641412,-0.479811179102607,-0.150325012052343,-0.184191855224208,-0.383969567132644,-0.0783093189401135,-0.188263241986777
"01_75_27_rna",0.0375188296288731,0.0929242394608996,0.500017971799999,0.179791800755651,-0.3984644628768,0.198761853549978,-0.147522946242867,0.172885885336803,0.0104397205351862,-0.224919256573987,-0.145895548649765,-0.173941667029355,-0.192825334726148,-0.372609058267451,0.423584245906456
"01_76_03_rna",-0.188336685792042,-0.0618221612839798,0.563286192573419,0.407772167596797,0.0363927759160972,0.155669954194635,0.0996502575733052,-0.193027665765215,-0.0450389993133799,0.16378127254547,-0.284830588136484,0.399371156368721,0.209986075288703,-0.16081861585833,-0.254862777177433
"01_76_15_rna",-0.104510849264043,-0.0239503404045413,0.310459389941863,-0.542964188574105,-0.378700795598663,0.418735144530355,-0.0649831304787648,-0.179881556626921,0.100831066114983,-0.100647667320301,0.170405239524131,0.222141960511372,0.122169831350663,0.282672639475904,-0.220145368522267
"01_76_50_rna",-0.119696433784823,0.00402101404414464,0.270825389160255,0.419107823861919,-0.199484330685036,0.164872670894839,-0.186719038449442,0.106573343413488,0.259228781531094,0.0520755720277487,0.173831829216912,-0.513678195543259,-0.157731100870253,0.0363827630130572,-0.482973019617775
"01_76_52_rna",-0.0117584138037862,-0.0228433109637353,0.246631481814233,-0.253815648016075,0.173968410194405,-0.207638578829358,0.12694480936577,0.320059735641808,-0.0244773210761887,0.0752492667855276,-0.69283283662513,0.303063252844021,0.0924855109621468,-0.267494018913929,0.154678892094445
"01_76_59_rna",-0.19087742340123,-0.099040991156085,0.278365867433503,-0.325260682385751,0.102712895271678,-0.401322848656524,0.460411416595232,0.329458536968225,0.154403245368618,-0.193624836033237,-0.0662770460765274,-0.323877296843071,-0.0507138219796725,-0.283435305512514,0.157529369071629
"01_76_62_rna",0.254370098637893,0.0443265552555651,0.454675678809598,-0.119123300776972,0.389546236558397,-0.147459680509122,-0.0637565030164383,-0.377876745468551,0.0653765507984473,0.254342990180437,-0.298155811914541,-0.308236776625461,-0.355060569770922,0.0133551153359418,0.113783590604764
"01_76_71_rna",0.364125557499921,-0.248606373977823,-0.154135082036581,0.150880228766816,0.34898077575116,-0.393046004567688,-0.418396673310716,0.199922484835707,-0.10797786307691,-0.104987774578373,-0.378436924384057,-0.280516372390343,0.119872049754312,-0.0934713685073739,-0.00978083995066007
"01_77_71_rna",-0.0255687296158181,-0.120261039492283,0.244423759219504,0.27700561064404,0.0322892440727164,-0.0795644654202533,-0.404238546998014,0.236311776805208,0.279495110243054,0.0392870544356295,-0.367842586845695,-0.0886487878736062,-0.45743936138613,-0.428203035283892,0.0796674809066616
"01_77_80_rna",-0.356775778852445,0.0917952958872923,0.0975118016675643,0.210057004346331,0.0343972651014219,-0.179970943325308,0.226248867884561,0.0688003354521453,-0.17680850538071,-0.486491590308687,-0.290984401817744,0.0624873873306839,-0.243658321592435,0.031766890116653,-0.551604023182343
"01_78_05_rna",-0.0255071681473366,-0.0406985783636733,0.270702631394036,-0.507245752338538,-0.188033515407114,0.186079309480269,-0.235052368480776,-0.192131095981229,-0.180515808728641,-0.284000680274719,0.221825419242484,-0.29925452101758,0.440254429825016,0.0119902105785502,0.242896890016032
"01_78_10_rna",0.0772232478363502,0.0628019447418571,0.339785837668289,-0.520174858951589,-0.119501330374877,0.427396221275444,-0.182560565694619,0.0103772408223912,-0.0969602936772845,0.0198865521847201,-0.110495642484673,-0.258725598089021,0.40571974380533,-0.0297300165043814,0.345303723049817
"01_78_35_rna",-0.0943245895894242,0.0459491093391397,0.18285366879083,0.149855764204289,-0.120381247337299,0.00854171454457668,-0.363176915392593,0.420602639293558,0.0152607937539098,-0.245063505215271,-0.435155454877142,0.0057361360033765,-0.584495512036257,-0.00110736375531475,0.135691793475471
"01_78_53_rna",0.493066184343029,-0.271594720465036,-0.0344851233856231,-0.00445059184394814,-0.203519389998674,0.279306748937109,0.0856518689727141,0.192075615494663,-0.0827501427341183,-0.288742629959673,0.216603621114554,0.390692875142727,-0.075025961187595,-0.0171885799076473,-0.471751037476
"01_78_56_rna",-0.0355012265193325,-0.0531297975890179,0.0114596116345141,-0.464105718955231,0.106289118118616,-0.187595871868014,0.142018804932236,0.121433278769203,0.0860028492392881,-0.284337748004438,-0.13631953330334,-0.257659787488397,0.317525744252318,-0.502905348908647,-0.41476989047977
"01_79_11_rna",-0.12055405307377,0.0301137556263773,0.419335321873926,-0.247608596462552,0.224553080892864,-0.0328650649725437,-0.146726139020375,0.0492619443474222,0.435462610872668,0.0747237685855092,-0.257383719040725,0.20854431732879,0.399834353156196,-0.187774428186611,-0.414575772456358
"01_79_52_rna",0.300063225392601,0.685334327838006,0.168836816207904,-0.00901622156296504,0.398411555404117,-0.0269361258466561,0.166886529327583,-0.108148032927228,-0.149255207927135,-0.0448620886908036,0.251884749738822,0.141454405788595,0.00572395895194864,-0.317217352846525,-0.0654424268118643
"01_79_56_rna",0.0115007886757151,0.568210739772208,-0.375952320046987,-0.0732992164549796,0.249717946599094,-0.0789835781945423,-0.11685322282486,-0.207094342194824,0.178089147033867,-0.465018305629068,-0.230398017036755,0.150047419869201,-0.242923050393781,0.14973832343234,0.0127572337042798
"01_79_57_rna",0.248367194841288,-0.0617514317849147,-0.129208395484002,-0.211192100513395,0.0921815337858139,-0.313935162782059,-0.483698104666457,-0.34784589112433,-0.013296621591903,0.265418025577336,-0.426106331699914,-0.325662910685087,-0.22081459808417,-0.0646843639328325,-0.000789279437198924
"01_79_65_rna",-0.115790692007994,0.00421107168817096,-0.057662644921686,-0.170866695957989,0.0877183015642236,-0.0426236802714311,0.0241917922355959,0.367493970327989,-0.327897979621351,-0.285452268319739,-0.373043058587362,-0.281082314004793,0.477435636034045,-0.38982665291953,0.147742868889036
"01_79_68_rna",0.327576673706878,-0.301560320516756,-0.155856898854871,-0.0380349302807898,-0.0692522073715464,0.10210413309869,-0.102956132809153,0.272081303313173,-0.372403636753357,-0.493493059288347,-0.0813408865825367,-0.17726022760155,0.101036081548024,-0.191558275447363,0.457173145486846
"01_79_88_rna",-0.159832743956599,0.046681319421216,-0.0795588858736625,0.218318466751904,0.0749681695191983,-0.362015397855555,0.474522944651122,0.138941198233021,0.22807905564658,-0.0494425558806315,-0.0737211072450324,-0.510289608417707,0.403907865462968,0.196797182515464,-0.122327919706062
"01_79_91_rna",-0.0244020824765515,0.115315280081847,-0.0705526154492721,0.00170044827536905,0.24357555483508,-0.263321591037555,0.0124405111584759,0.455935327476309,0.309864565811112,0.524456228480156,-0.108865945483994,-0.340678293438823,-0.176213102576866,-0.320942495608738,-0.106715695424908
"01_80_05_rna",0.513527729711871,-0.162294043220216,0.248943649129765,0.0984757023265585,-0.119546089964118,0.43193992520286,0.274885391315485,-0.137496653404864,0.399415299931568,0.396675475991981,0.0479066840640743,0.075485224307658,-0.0815160617973856,0.106351537554731,0.0107811355800744
"01_80_21_rna",0.0494500190522664,-0.0151270580873697,0.527630284632554,0.396764269750192,-0.325968591552807,0.26397043989649,-0.0520476362030648,-0.0811474006993199,-0.169743646721325,-0.14467921018447,0.210034223765035,-0.228241892763024,-0.0665993727622027,-0.412023713697721,-0.236912976632357
"01_80_24_rna",-0.126180509368053,0.0551089499213363,0.200023191911668,0.231695235421638,0.229000245453067,-0.153254149833916,-0.646409732137895,0.390759117474027,0.0205106266682217,-0.451556718340767,-0.0411417975882293,-0.110989433778281,0.0140314921462162,-0.134224677072784,0.0658387607162822
"01_80_26_rna",-0.0764759237779642,-0.0956000875147208,0.38411603489437,0.43060220241267,0.0515119407880665,0.107060143169973,-0.469476779424556,-0.0166681970477987,-0.028235530397461,0.118877356000267,-0.088196415496086,-0.0253183924075501,-0.408324849845062,-0.20038824184806,-0.432450820017738
"01_80_46_rna",0.433272038637125,0.322389596716746,0.0947422812298836,-0.0263165503942204,0.263044221515395,0.383111306354321,-0.214864290061072,0.370023951220285,0.140936193787138,-0.0735407033019735,0.231687795836736,-0.0862801819277546,-0.214796072164505,-0.404438856569064,-0.0593111542861665
"01_80_77_rna",0.524997711333301,-0.248703018683638,0.0155636209182706,0.0124532676053452,0.18400838668055,-0.33277407398702,-0.102966431419106,-0.133404288974182,0.164140734858702,0.0570169741743895,0.364117770317349,0.358828994492748,0.418869861390321,-0.0766790814473425,0.127536990608401
"01_81_18_rna",0.00726878014836886,0.0200204944388436,0.325588353614217,0.0286974929070218,0.23069098139079,-0.241040650252463,0.45890943269323,0.156387183315531,0.55846755228818,0.160504893065538,-0.123104765078672,-0.145157723489525,-0.335713452513231,-0.148020223866847,0.19456206114615
"01_81_86_rna",-0.150351662145002,-0.0431254703899982,0.166663078640107,0.330111604581297,-0.178351244510633,-0.378109632595769,0.0545405957466869,-0.0741721490714539,0.417006175552618,-0.306847622209369,0.0984050916570969,-0.320173750724554,-0.379177931413842,-0.141080053692597,-0.334078107076081
"01_81_96_rna",0.226804172759572,-0.0682075684750215,0.464334432598402,0.186777580007241,0.221831541316213,0.405584605003071,0.157815938803733,-0.0291123811060065,0.0720327607509726,0.118250247560266,0.0615148331491976,-0.53895292736097,-0.0153490994093757,-0.178610922483955,0.329226564174718
"01_82_04_rna",-0.11213176334849,-0.056642681110447,0.130901792173561,0.387873736745329,-0.20778206072918,-0.0587776975842315,-0.272788199926575,-0.0151006714540086,0.450852780316104,0.06131644267938,-0.137698139773305,0.105556506047608,0.386988029022767,-0.552581374708789,-0.0559493080621191
"01_82_37_rna",0.328360377604286,-0.162730066275614,0.300873922280595,0.0557959169559283,-0.0210476398196736,-0.120949058798639,-0.343634122574927,0.0247843573978538,-0.067683259638615,-0.690697192860135,-0.124872675317817,0.205416500217706,0.199478329696475,-0.107181767012678,0.218122532753881
"01_82_90_rna",-0.09937846074966,-0.000323620787329725,0.212017052252969,-0.182874956823916,0.121973543089462,0.00296810839700996,0.162979410261275,0.218472636571301,-0.0568112066018281,-0.20445327385716,-0.425481591658777,0.364607189354862,0.260403864099887,-0.594935742682392,-0.204426144201368
"01_83_17_rna",0.111304328903895,0.840555730009357,-0.382799356138621,0.0814370041043155,-0.0421381705932691,-0.121154623162371,0.115627704046694,-0.00342068823490339,0.187560577826612,-0.0512393935693094,-0.199778184503142,-0.026343340260769,0.0511731969621933,-0.12045351084604,-0.0503692215787588
"01_83_24_rna",-0.0833956401363373,-0.0842649910589377,0.1329881501201,0.43239182051439,-0.56229044332012,0.00751920896522797,0.0269846398197721,0.146209475263164,0.0323810019092709,0.14890542034344,-0.513490765985418,-0.087426603289471,0.0630996820482095,-0.0962352121852779,-0.367672767860471
"01_83_34_rna",-0.0881851093746479,0.0853178667572464,0.262868408385835,0.202040811489809,0.223908017215227,0.185135310488269,-0.173013717919659,-0.307233139768523,0.215407719891317,-0.240098166037911,0.179290840663547,-0.227872246408805,0.683615174092753,0.0319787802403245,0.0990817659827314
"01_83_56_rna",-0.179223835934647,0.0568186512698843,-0.0648398333317822,0.257176479757649,-0.0427278419310946,-0.211122526209229,-0.297610412630702,0.0819356479161206,0.470906287626459,-0.281480836554242,-0.485025018353205,0.190135996814587,-0.412120179311527,-0.0327970193385234,0.0965342874792968
"01_83_57_rna",0.0008893538689225,0.02742543506068,0.282676693154768,-0.0685942993920925,0.0419666963676909,-0.0440396739751661,0.759568976298383,-0.358759283393821,0.139689992155811,-0.342479415994213,-0.188935002217053,-0.0104185073704142,0.0899952656283381,-0.0818239820609816,0.133705189176405
"01_83_87_rna",-0.137888329846861,-0.0977741398746298,0.235745094973938,0.412722780848014,-0.0274392338523878,-0.137266845352958,-0.209559560376501,-0.0181972656950163,0.160821651977749,-0.316956157445381,0.116499037696391,-0.156184206137685,0.387169308367595,0.34684486761474,-0.497169947971656
"01_84_19_rna",-0.0444054902593724,0.09298537995807,0.551521549629382,-0.509081402617082,0.0333517521387748,0.24353606084713,-0.106073187619214,-0.137700859664577,0.0998215717625075,-0.412602789532249,0.254459172394095,-0.0725881872901814,-0.10075296085768,0.229059523614674,-0.150211281920883
"01_84_29_rna",0.31307150085461,-0.186380225980295,0.439681399678241,0.0921757119718026,-0.262926908138031,-0.004913132518584,0.221559554878781,-0.149792650898747,-0.159578538742668,-0.400544379374291,0.125333490964957,-0.0818660415859207,-0.333843502536445,-0.137866179805809,-0.43125534058384
"01_84_33_rna",-0.116881452768286,-0.031170484170562,-0.0722228717595327,-0.525692797668461,0.0777424469732231,0.0551440168854748,-0.115583601127166,-0.0969183705518888,-0.194798512426066,-0.478604056734934,-0.171047460794301,-0.460498453726043,-0.363181910788214,-0.0223158997493988,-0.17674024196501
"01_84_36_rna",0.242826982083242,0.784768781098381,-0.045851788409378,0.0105077510341951,0.269622148045673,0.250676401232285,0.112175723880707,0.100048999725869,0.0113180521562055,-0.110742692650321,-0.0475667391137185,-0.180242246590289,-0.00848915280048124,0.241722292354347,-0.24328712396167
"01_84_40_rna",0.245736968524264,-0.0930523829999079,0.367705932895214,-0.302494209387936,0.164040914352494,-0.0760961254940192,-0.169830268203256,0.466185318482544,0.0212829934115777,-0.09820368798886,-0.17164273332306,-0.122404389665537,-0.312975008004951,0.285692109417106,-0.437331400406416
"01_84_68_rna",0.273758137889575,0.743413863300221,-0.0004657059611988,0.121144170335348,0.0867110478196237,-0.0694704587212627,-0.111694948932068,0.212743758776025,-0.197649209878222,-0.159482396314837,-0.0225605691134917,-0.298849447706537,0.0413849442350015,-0.0457056054827523,0.359880579338575
"01_84_70_rna",-0.0134815502601305,-0.0163003185812124,0.201418732725489,-0.651584767493497,-0.249588896471305,-0.221404304875122,0.198498083885887,0.283303178551802,0.128427497524849,-0.153168881412049,0.176574437546481,-0.394285595570032,0.21395058650138,-0.176232574216385,0.00411140485875406
"01_84_77_rna",0.405294557553253,-0.244765466177496,-0.171338797741523,-0.152609060356275,0.30410028189852,0.369880741567138,-0.244004907977029,-0.16730059038852,-0.129207475551583,-0.0967466977782939,0.0765229094264182,-0.509353337626635,-0.0392709589575227,-0.291321714109207,-0.169119571189103
"01_84_87_rna",-0.284598500547298,-0.0106673091747797,-0.219167516672458,-0.365878611203355,-0.212554607195576,-0.0657271900312588,0.0587038441080309,-0.0543372079000496,-0.191586386906252,0.183417719996197,0.214026236090016,-0.187821209129527,-0.174577853688035,-0.506128647899731,-0.492965587300538
"01_85_11_rna",-0.126865987371039,0.0550918193809861,0.463412181769466,-0.582181364751516,0.0914538292360657,0.250359611689712,-0.0261610902986609,0.305666202641236,-0.389211081909538,0.112783165659859,-0.226804668685704,-0.209138895772724,0.00295120859876093,0.0341285916736039,-0.0382849615040081
"01_85_95_rna",0.0949032693333176,0.599689657015688,0.185556928614152,-0.0674707312923561,0.419896341989878,0.14952770694589,-0.393777092653925,0.0996134119528897,-0.0227048626834099,0.114162691066617,0.0678610741186489,0.0330240283075734,0.345975059007352,-0.266340582513671,-0.137284076656611
"01_86_16_rna",-0.129947689403228,0.0288734672967068,0.173005742595869,0.245700492918761,-0.000973768524386086,-0.180462905302009,-0.471527606658066,0.125602034906994,0.26840154975276,-0.308489440435581,-0.10317279013125,-0.40824498750502,0.494961996355768,0.112815919609308,0.138093111756352
"01_86_44_rna",0.0408358239609661,-0.0563932793654751,0.475802727807962,-0.564634820461278,0.0219329518460951,0.394575913805259,-0.0947775193024168,-0.00440925501551127,0.153047439231057,0.333874485961957,-0.00825677995636258,-0.00937082064573114,0.263996773560114,-0.274145700452104,0.0698301666706892
"01_86_79_rna",-0.151608576195905,0.059117367405929,0.197706121971333,-0.250032550922207,-0.0327103192238197,-0.015781907724718,0.0965291928817816,0.128722221503414,0.233543982232049,-0.0677667516338695,0.0947064056342946,-0.0810595052605953,-0.24578137864792,0.183793090982402,-0.822098657716267
"01_87_10_rna",0.213196439819086,-0.174010214560911,-0.508813156188002,0.0475519744744769,0.372129344747913,-0.185100225921431,-0.197014040871915,-0.0826920669363239,-0.00303389233114957,-0.0568501396546012,0.149013014972227,0.434500204121189,-0.0109127245123322,-0.479562512803604,-0.0196242671270749
"01_87_25_rna",-0.342463284575979,0.00996072576010489,-0.174743437806518,-0.628775778069899,-0.0182541270853089,0.00883995227801515,0.0398000245638491,-0.0734994433074348,-0.197552022793139,-0.101814003232045,-0.465660274338415,-0.206617632937583,0.107427245301749,-0.327580427360993,-0.146816507101958
"01_87_54_rna",0.167454422140446,0.693310037384865,0.0434314761547912,-0.0537546417948309,0.273343436373199,0.150501889342212,-0.0342240699791798,-0.0492192397385922,-0.378960927620512,0.0148538908935478,-0.133935215479922,0.392951234987848,0.178262341737108,-0.178629178307726,0.0753385486651296
"01_87_62_rna",-0.182546668116946,0.0305108637692362,0.102328475254878,-0.0478746198496327,0.140268157075939,-0.145869099670853,0.284792277452718,0.132212885804675,0.0884172416322986,-0.40001069603833,-0.367346665129436,0.0422097499354713,-0.531282365255716,-0.455628569583253,0.137960575866785
"01_87_65_rna",-0.185655571486622,-0.0866157080593694,0.063242342268166,-0.166518564801581,0.100844868479702,0.075211210287681,0.0724005728532237,0.33816293778615,-0.287720058980599,-0.0808767932052277,-0.683361529408535,-0.0818990861916124,-0.0555185377923754,-0.359084556804598,0.309581842705987
"01_87_78_rna",0.0728325574595054,0.0782472559004645,0.138063364573267,-0.667214883234385,-0.251992823559783,-0.0982579289508761,-0.208421867022811,0.170111307802566,0.194777908896421,-0.179074346094652,0.058724154178991,-0.503251440656505,0.00352466749863553,8.16044218102213e-05,-0.228197355545229
"01_87_96_rna",-0.0801723095470306,0.0879496913140602,0.388849450420956,0.0136908007168773,0.226061726011334,0.13398011368782,0.242321932769754,0.0249913992544447,-0.318277843090138,-0.187070355962896,0.0513613572435618,0.286692671767401,-0.259228923572088,-0.0511581002941675,-0.644285099087695
"01_88_26_rna",0.317495351965118,-0.0664340255691375,0.177591463611503,-0.0834938718290981,0.370018867179363,-0.393395929415242,-0.46433894998381,-0.393848155070172,0.0392386541125673,0.0512658428154756,-0.23498563735627,-0.195836521652739,-0.286323972235757,0.118678123799603,-0.00824332061304035
"01_88_35_rna",-0.0381097179385367,0.0398380886777629,0.282958619899884,0.162983282898667,-0.163809601408863,-0.0890314441716887,-0.737225871852538,0.0523107365657016,0.378317331436054,-0.138622704726362,-0.217669583107077,0.237489234515445,0.129667918677446,-0.0314982395887128,-0.159391067731686
"01_88_49_rna",0.139667565822032,0.681548709091302,-0.141951254283169,0.0779768986569594,-0.199336155120596,0.263147137422196,0.0212914893790487,-0.0471403309895658,-0.273508885136541,0.158026299356424,-0.407447694965648,-0.0493737897547837,0.212187326422774,-0.16509972717039,0.193867784039515
"01_88_77_rna",-0.116024038148197,-0.0606032992293823,0.216324651314138,0.281864912980837,-0.255529248412253,-0.0327345088725306,-0.366139179693199,0.0408153866683522,0.340415782267154,-0.0172991676479498,-0.559727738892857,0.442435070613265,0.0287175874733969,0.0121049858260974,0.168325901967523
"01_89_06_rna",-0.147255335538106,0.0454304850595274,0.0894210667825016,-0.434202153701272,-0.133634678446901,-0.0528854431158355,0.160856319772735,0.131380189082907,-0.00235345283262186,-0.219418996339989,0.238880826701055,-0.148672453792561,-0.347327227384783,-0.404928104094319,-0.551373682453772
"01_89_34_rna",0.519075540529992,-0.138479185812286,0.38976338756766,-0.273286957488332,0.361879984091592,0.00645190082148515,-0.0762788412253974,0.344532877628198,-0.0761886667358387,-0.302631598879136,0.23233525921191,-0.252989042593759,0.00763543886082681,0.040874336138905,0.110272328337282
"01_89_43_rna",-0.146182717265803,-0.0380102093874864,0.208796804297976,0.470256519692917,-0.274122991340498,-0.0696053861841127,-0.129255225835018,-0.0607321140204244,0.0924373541700905,0.116225935245074,-0.163043174263232,-0.732800855565947,0.149650613823241,-0.0435815362310334,0.0462271622588576
"01_89_46_rna",0.495103802868782,-0.371162791706803,-0.118880192337846,0.0392110358889979,0.191273423266624,0.163496766331447,-0.097559405421272,-0.0633807612403134,-0.0327193562564713,-0.0232232170947091,0.233414902604861,0.059532292056002,0.465828960832031,-0.496836385406046,0.0333050774844598
"01_89_54_rna",0.438867750512222,-0.135508719826893,-0.102249034939393,-0.0830165420693537,-0.0244614098509302,0.0905872287961712,0.0882332937199032,0.0934000587049459,0.272190483847744,-0.0546210670896303,-0.126783900296015,0.71341719045418,0.0763618328536704,-0.221113234478808,-0.299234396206179
"01_89_60_rna",0.349812642720178,-0.0839637635907562,-0.219827921977012,0.000552800288376811,-0.553940172573422,-0.104568655868982,-0.104881118227266,-0.492153591532841,-0.0628905916681685,0.0733098757218199,0.188302337468633,0.0823889909747672,0.263245889717388,-0.332634198576793,-0.140491516765529
"01_89_85_rna",-0.143083843122965,-0.0103117126873312,0.17961782628124,-0.388151315444098,0.00774468472109364,-0.26813888608965,0.10409783554112,0.388920796522686,-0.045810772154671,0.260361726044666,0.210351689430026,-0.0128082430453368,0.182452541446589,-0.249113962484445,-0.593967214379094
"01_90_38_rna",0.201675426746626,0.692120995168411,-0.0304344722186186,0.103092997809625,0.0501446611705139,-0.129324636294163,0.091593870933928,0.0723420578542722,-0.461496863762249,0.250068190850118,-0.141524915606385,0.207753330347858,0.213910794563605,-0.183577073494591,-0.133102947315769
"01_90_60_rna",-0.205135197070589,0.0241796235197852,0.0301911157592899,0.421957521675841,-0.0115840864306359,-0.134057418423189,-0.417810092877716,0.277052782973226,0.239809483550775,-0.462659881141066,-0.445939189781086,-0.0531483013647376,0.158657677792937,-0.0897909680059089,0.0496206489902821
"01_90_75_rna",-0.181414090920536,-0.0388130038204842,0.218311013481902,0.290878944443738,0.0587621593269158,0.267517011727663,-0.0157483239247727,0.1106402484775,-0.0272565856880219,-0.297140885081916,-0.650735593245886,0.211729627756453,-0.0608897844267007,-0.319908205265221,0.287113047280174
"01_90_77_rna",0.0279789085421386,0.0551913173006092,0.284999050782959,0.365703739728724,-0.149101445325518,-0.213724855609928,-0.46401075173829,0.141572904647445,0.490163614887257,0.157025080310197,-0.152985670133455,-0.251207118964156,0.0592407060860222,-0.167584113666792,-0.308104238057001
"01_90_78_rna",-0.211354636924765,0.0118971882099344,0.31802876853574,0.350491328011828,-0.0551015009705526,-0.0590541998206513,-0.159596053716262,-0.0630031779967094,0.200887506347145,-0.054699697092769,0.0279845580450318,-0.377699502624051,0.439846964282612,0.485887631428887,-0.280886617349493
"01_90_79_rna",0.386298888401395,-0.0772692745119451,0.00283857898394877,-0.156300295613161,0.375709700090812,-0.368695988373496,-0.403239135661041,-0.54423386904114,0.00911261395676107,0.0617798726511691,-0.0604408727597314,-0.021399727121615,-0.0750443505737332,-0.234088900728884,0.126640692336222
"01_90_91_rna",0.359336683825392,0.582557239956405,0.182444820155654,-0.0422644771557035,0.397619203834772,0.229526862924391,-0.164053024301118,0.0118656050487663,0.379949428049069,-0.0417945144049195,-0.0407950853033848,-0.260221692638721,-0.0760660664301473,-0.0516403660831324,0.186154023561299
"01_91_06_rna",0.174819828439209,0.226465331317593,-0.117759585174262,-0.0165369006197893,0.154244346071811,-0.193722379641819,-0.0681891126581627,-0.184042718266323,0.0871387400477282,-0.0365216322461941,-0.384211309855701,-0.540775623298668,-0.486924911309573,0.316665255575249,-0.13346605581757
"01_91_16_rna",-0.111874662316064,0.0085424276880863,0.244513352028886,0.31241958211902,-0.142257241504205,-0.149845252884163,-0.17131907110805,0.342894714679025,0.0637230615625873,-0.099581055717753,0.208585708410293,-0.251131755965031,-0.368741912380171,0.466596583321223,-0.407633952025461
"01_91_56_rna",-0.130624220344115,0.0416298771077643,0.241245377234216,0.260063261702955,0.186744896216314,-0.0874902629333208,-0.584768816302969,-0.00639920170293381,-0.144049281274697,-0.375201227872629,0.0983997086192286,-0.340609631438403,0.112087939836046,-0.175505294330072,-0.374511573226808
"01_92_53_rna",-0.057968648804071,0.011743872792766,0.319195464912756,-0.357155152412487,-0.362645693451608,0.223133717039856,-0.310968869483917,-0.138132668840867,0.419713300314872,0.118694410767154,-0.170510126422347,-0.355362340373151,0.26777624259394,0.150526899708326,-0.173225764347088
"01_92_96_rna",0.359677716966202,0.299437180050674,0.496877252177106,-0.129693753101643,-0.129869637363568,-0.0919727268887766,0.142302247046402,0.0595925673587326,-0.0794560330315609,-0.414224493293124,-0.0356955810908357,0.160746439334433,-0.476202263162531,0.152047950462249,0.115063347854134
"01_93_17_rna",0.624526622207194,-0.135172893176773,0.211712395998027,-0.020210091755232,-0.235860178160807,-0.313521097787057,-0.0218166168467156,-0.0069989674389546,-0.182233313239487,-0.126266414268905,0.157398184591064,0.330342116077867,0.350747712943607,-0.285268938578292,0.0675213485834391
"01_93_26_rna",0.343135298214473,0.191638657609339,0.505726455519987,0.102845593231414,-0.251033357074471,-0.324126962061345,0.134204549412627,0.493284884831573,0.0140274542484632,0.327716959954591,0.089178519265718,-0.0919322654331056,-0.160273943686809,-0.00900685816930946,-0.00332716453153782
"01_93_29_rna",-0.0475122898227337,0.108274268517575,0.255499638774449,-0.65835006871836,-0.0248678042559876,-0.00736042689714423,0.188815773614902,-0.0222047388373606,0.132500773908207,-0.210124447068657,-0.294564416845263,0.0896313823210135,0.0709151801450075,0.31067398145495,-0.438679099221484
"01_93_36_rna",-0.204488382164023,0.0605785948542907,0.212048182689926,-0.137746521387402,0.177795066128887,-0.0232900973862961,0.386243849035042,0.0648841990833489,-0.302885778958855,0.0966207835401884,-0.485316921059915,0.50909058479862,-0.174253634979847,0.0975536384188661,-0.263374761712854
"01_93_41_rna",0.0278964092493379,0.0616388770026151,0.217994403593523,-0.0423719163605402,0.208694287167026,-0.301174749669161,0.743782323654326,-0.0603569136086403,0.22027589665542,-0.13613449575997,0.0885859792131281,-0.247109003708167,0.160436978736179,0.0745478779378612,0.296190893347975
"01_93_55_rna",0.162960756524636,-0.254888120423521,-0.045960772323607,-0.0538734722784262,0.118766369528325,-0.173261531804452,-0.118716424522324,0.175597220240388,0.382872571320905,0.0876416147660521,-0.659528324148041,-0.157698949859988,0.0540851202568485,-0.342351599622589,0.283124118548375
"01_93_79_rna",-0.114838356757071,-0.00883445618504416,0.168051777533842,0.134218996928107,-0.0630833202833001,0.201341140135204,-0.344561467134161,-0.229493853055526,0.139462594159094,-0.0192729906528981,-0.555737075365179,-0.178959918941123,0.156725718859902,0.0437973495869521,0.580859191418723
"01_93_95_rna",0.571263466734931,0.136479672426729,0.635925603541093,0.0410813958577603,0.00260756707982934,0.244120336998809,0.263109868580728,0.252349918100389,-0.0106713905017846,-0.100915289917273,0.0148089335846818,-0.113826367495826,0.0715374312554935,0.162698158005905,-0.0370359063145387
"01_94_42_rna",-0.295653537676233,-0.0696663406062975,-0.158081766670234,0.156365250588842,-0.0878443937796655,-0.265707182774404,-0.263515674632094,0.330118491818466,0.432908224220476,-0.0914157855607072,-0.228964504982092,0.329964363276103,-0.0179504342946572,-0.458941453591008,0.183147203773711
"01_94_44_rna",0.222193114954727,-0.00190273844033052,0.144471623452805,-0.229414721778399,-0.576159392341861,0.0788351699674165,0.181508963951406,-0.39688942392701,-0.236678639193341,-0.013510887694929,-0.251260545551654,0.244880720160639,-0.390473676765644,-0.118170303780802,-0.0524444690837942
"01_94_73_rna",0.279693219466131,-0.143679519054853,-0.146220483168331,0.111079610429725,0.421428913719131,-0.276479666502609,-0.235643835093043,0.192032566710985,0.165364105713699,-0.0591196365422964,-0.437149008227606,0.521661661948168,-0.00192663576014178,0.00620171812887789,-0.163854182666784
"01_94_80_rna",0.0740257300948456,-0.00156678253182002,-0.110587435352099,-0.0505872211115554,-0.087316656496719,-0.323361131862484,-0.306256638452443,-0.445986210514424,-0.350938012409483,0.352814631128328,-0.159710385290447,-0.345013367152125,-0.270519889631444,-0.330814795745969,0.00699407366690424
"01_94_85_rna",0.145024051835357,0.517310051582577,-0.150883031923448,0.172963433258039,0.0243708739267352,-0.2420239131637,-0.106495399118281,0.333611472940004,0.0377973976109939,0.251323052620866,-0.272237698097042,-0.0597976944303565,0.171296685839601,-0.538939797076855,0.121610811124725
"01_95_17_rna",-0.205821223510114,-0.0365061426447848,0.159594458355641,0.320743543861789,-0.0122860710480764,-0.143072027180556,-0.147027534899033,-0.0605253084751363,0.0313083451858699,-0.243717412055857,0.0373967823613581,-0.15465502733915,-0.204884889625086,-0.461910968885433,-0.664095252613809
"01_95_89_rna",0.532434669570994,-0.18588423066541,-0.0333674528576397,-0.13446024369313,0.39087598339089,0.241101589521827,-0.179321417787012,0.0450432628975658,0.0965696375297989,-0.163457052813704,0.166082812695459,0.0454394983236948,0.444178723256845,-0.176548023084962,0.351443110298055
"02_01_26_rna",-0.0683653631794567,-0.0593795734588053,0.230410434161763,-0.738988393480163,-0.0714827949662246,-0.115679994482325,-0.151893948729187,0.0300663530083815,0.0369828784039858,-0.285877868971895,0.0476679657114214,-0.381550985520081,-0.263722037248184,0.222457750751986,0.0124891389403996
"02_01_44_rna",-0.0686147621479396,-0.0257725706176885,-0.0391523950875861,0.1895621536665,-0.0156879533560732,0.0373765555238995,0.570026743376911,0.0373848662328793,0.226114062012454,-0.304307551693347,-0.411597982775516,-0.410821548749977,-0.211092477059941,-0.141872009716962,-0.287374726258044
"02_01_56_rna",-0.188144060520654,0.0975803551084945,-0.184270481300403,-0.235005046136552,-0.322828615850595,-0.128221736992582,-0.0344381949487286,-0.0153491130804072,-0.0478669125786445,-0.462173562495536,0.155394500015391,-0.425167446601444,-0.0772485674887514,-0.29685669547468,-0.478450102837093
"02_01_58_rna",0.138987909362343,0.750868037837339,-0.193759253511758,0.0130856093970955,-0.0621736023742141,0.241503765404954,-0.077164947058401,-0.222285094361179,0.21181576314423,-0.0995830006472806,0.248774727683309,0.236348293484036,0.0186845449785468,-0.192742070749039,-0.227112881592674
"02_01_60_rna",0.00345578875050198,0.0556828477338164,0.468842538868572,-0.663110957951514,-0.296421612174917,-0.0894472401139852,-0.113610588331947,0.292821107256678,0.140639697830345,-0.124734773666495,-0.103973531548178,0.27353051008066,-0.0135262210488328,0.0275597842711805,-0.144670790693051
"02_01_65_rna",0.275834374512175,0.67209807241891,-0.132962123750485,-0.0435776946552524,0.206924185931136,-0.0881405357450805,0.285666848297459,0.0896906053396602,0.120139634829141,0.0398911062469125,0.0608945626302717,-0.433459577008536,0.241201494436339,-0.215091883387157,-0.0179568178493727
"02_01_76_rna",0.115100989944077,0.636837579265935,-0.109250718116591,0.333510009222221,-0.238743344175608,-0.0899285591595667,-0.221153584144889,0.222896783432222,0.0807573352360294,-0.181178778137429,-0.0359067866527407,-0.229780578339984,0.0897536319135265,-0.198811256198344,-0.391573826651322
"02_01_86_rna",-0.158888731456702,0.0668884623604911,0.19705299987181,-0.71265464646174,0.1020194179949,0.113240779707642,0.0234806004799495,-0.119205524787965,-0.0459784052892294,0.220335528223024,-0.227332059781833,-0.0850563391641743,0.448824225723488,-0.130941983608623,-0.239616046012959
"02_02_48_rna",0.242625439191234,0.819194437023946,-0.172950868406429,0.143197035049102,-0.00554844638996935,-0.0593645436095022,-0.14088352337666,0.0334767334095297,0.141814685827729,-0.0147017717896025,-0.00406423757294609,-0.0300346713955198,0.0852257371534817,-0.206611698289126,0.352014512309449
"02_02_78_rna",-0.0370893337678992,-0.0509638938457983,0.120957537243574,0.24777506257011,-0.147847434080261,-0.331313781116793,0.405658799541636,-0.0491039320844563,0.249898368799393,-0.133599914354456,-0.641669498703748,-0.113195675877773,-0.0191541560975642,-0.18595366490014,-0.285673111526919
"02_03_42_rna",-0.0215976694628757,-0.00682513464402779,0.230718894667674,0.370207319699078,-0.170894809940838,-0.143106467975711,-0.287792118576779,0.40068368410243,-0.0888633056229295,-0.161401213490427,0.296498540610471,-0.27935226866635,0.480777974338443,-0.153658422306494,-0.247974978744063
"02_04_28_rna",-0.0306955159777115,-0.0697560178607158,0.188589044455337,-0.665363263395439,-0.00755637853506476,0.0103836525739281,-0.50420212584323,-0.116483293842054,0.101643579643689,-0.130891862696232,0.199658314116956,-0.22580135964153,0.30043203581458,-0.196795557519322,-0.0257493639127216
"02_04_67_rna",-0.00677300860054287,-0.114067653662266,0.101138723539435,0.0496174998956947,-0.231773864186745,0.0796785487119997,-0.0304283753498573,0.0742157759335101,-0.00144512543573923,-0.194486343541767,-0.508509612524126,-0.247353445177523,-0.655337403060622,-0.133505650915687,0.320727994755035
"02_04_71_rna",0.4230727213816,0.152830066565791,0.367642807148902,-0.383391071984724,0.18932588486547,-0.176214987414313,-0.520629748983039,-0.102561385245931,0.0205150914079455,-0.0443854498701028,-0.204602604439054,-0.0685591839682674,-0.171269417837928,0.186529346698877,0.232276504320554
"02_04_80_rna",-0.0535092164854272,0.00386319822552762,0.1807128079736,-0.574339755136158,-0.146518571055452,0.0772286163779047,0.174433384969771,-0.25942107788632,0.321550376915003,0.0268453214606212,0.321870713016145,0.0207368213235151,0.253667395102072,-0.237310573304264,-0.4250067887517
"02_04_85_rna",0.393980842746456,-0.211928749884875,-0.452056982691915,-0.084628211793371,0.166496689121829,-0.172209032371452,-0.263812672171892,-0.0342926410956468,0.473720529327187,-0.255776053809393,-0.106233368872625,0.0546544425256497,0.182041380229009,-0.0977818697543139,-0.33673745947258
"02_04_86_rna",0.00612225212257471,0.0370365788387409,0.408205193103959,0.266647118644761,-0.58601603470371,0.432832669440306,-0.174620832604342,-0.172270091415732,0.132335582340805,0.0354664607346939,-0.227438868389496,-0.0561546457324834,-0.121249156032785,0.149027799129546,0.243654078610551
"02_05_01_rna",-0.13503253690722,-0.0498984472600898,0.486092280271463,0.352959803045686,-0.0466968642139531,0.408606815099415,-0.303780633719421,-0.290984978521007,0.0514939768208771,-0.0378163125246078,-0.192913241216616,-0.0224193222167354,0.00722836407055043,-0.0819219162884366,-0.473023970225899
"02_05_14_rna",-0.178728403234159,-0.0315351726615321,0.0620266361379657,-0.245852051505981,-0.161623752617289,-0.295203569604842,0.623059298081586,-0.301652127152645,0.262557712651281,-0.0162936999424746,-0.142777967651484,0.146207103368796,-0.328370052948425,-0.296689184866775,0.0590881539750663
"02_05_46_rna",-0.0487292780353543,-0.0512693974279497,0.51570690717498,0.239557664757461,0.177941314954227,0.0982126659336763,-0.449082176186283,0.284237923351124,0.143041100164091,-0.225790543349688,0.120727058919789,0.137388934838427,0.0347673489188059,-0.353018452112276,-0.342281924858062
"02_05_79_rna",0.00851330537078159,0.0377774175281596,-0.0210299716085133,-0.0427034712637292,-0.28676805226847,0.0303510776061904,0.512770171570461,-0.313952604490435,0.312786064662842,-0.407759752020118,0.247793976775525,-0.271577110603474,-0.197671810804772,-0.273721479823086,0.195758118381306
"02_05_80_rna",0.216199386868038,0.791619372459121,0.0184245813326946,0.0672702102228464,0.0821205071225675,0.182515117887758,-0.080596652205853,-0.206667238247644,0.140280777974252,0.129779095155691,-0.0733146782287814,-0.302659852509861,-0.0333817178655815,0.0603533615788029,0.306941245697217
"02_05_88_rna",0.17808111944806,0.773621626995882,-0.223002053024996,0.012315612667341,-0.0126770872861397,0.0106992120301196,-0.128261395359245,-0.243901015329488,0.304104309233598,-0.0909005805939866,-0.0336746975398384,0.0969054307502663,-0.0306723142893231,-0.358273792159959,-0.0559762043251574
"02_05_95_rna",0.35726345057349,-0.128936508617892,0.0219216144665191,-0.357560775083484,-0.181930542491289,0.379305775970087,0.00659203997382435,0.40813080164546,-0.118907521144292,0.396355308899368,-0.173860132219712,0.155414146158243,0.136175561363567,-0.322501205207956,-0.188822391681156
"02_06_16_rna",0.34533136920385,-0.21557966252149,0.407303026667048,0.110333255848215,0.43960647302509,0.355460079593339,-0.238287322543522,0.335734236792306,0.0594372484833117,-0.175936394050606,0.0247600068048819,0.274036038971335,-0.149022276522474,-0.110136711733155,0.150218116420651
"02_06_29_rna",0.220864051088489,0.648895750401597,-0.0568623683536486,-0.186915105758732,0.332120577018549,0.100850287641146,0.0701426315454855,0.0361474010729427,0.0616268099245819,0.0641771355051109,-0.431185721049501,-0.174057625492026,0.217545563895761,0.209800267763122,-0.223171083733603
"02_06_37_rna",0.342707693717748,-0.286148928199221,-0.247068983889482,-0.122592134587445,0.227302231348028,0.281022699860526,-0.0778721542454988,-0.113629258338145,0.672633856588275,0.0551615043245865,0.0104688165735468,0.258213210563958,0.043657341270455,-0.0952653031345549,0.204299716293785
"02_06_80_rna",0.379811592529144,-0.108949792402625,0.223342277174047,-0.0145598394076312,0.327977845820742,0.606275310542186,0.217582846545241,0.0514813353984234,0.286954768053368,-0.0211970501755339,-0.127410442931235,0.0567538083671813,0.287616992386967,-0.252098326999785,0.141857753855852
"02_06_84_rna",-0.0593382922204966,-0.040323007093784,0.684429813658561,0.132481266489447,0.32375053303466,0.0693774538803301,-0.0780220135988917,-0.0569006048014188,-0.0905569467012594,0.225785257762179,-0.208168126688849,0.369644315119676,-0.0599706597754329,-0.320280314242594,0.21113602863256
"02_07_42_rna",-0.142513677167582,-0.0755474779924853,0.196771865217282,0.28679731726788,0.0229292574343118,0.0655925234553517,-0.489088225632935,0.15329118193116,-0.345127741835884,-0.513251745866432,0.0928898601369468,-0.236059957562291,-0.0157880740992711,-0.363295063402732,0.0796934406889575
"02_07_46_rna",0.500009126533806,-0.173402748402894,-0.143750669391408,-0.0115691411743301,0.63127859554214,0.166508577502271,0.0157087312299509,-0.171098248023814,0.346400267113722,0.0816294576608221,-0.0346978373684942,0.316221425933262,-0.0127935278160533,-0.0942271558071052,-0.0804129291148028
"02_08_10_rna",-0.0569882652457551,-0.0536779874548357,0.213387903374384,0.397617264030146,-0.495219070006023,0.259590519047162,-0.194115199098664,-0.36702446054628,0.315408713821852,-0.116578453098497,-0.240632702481966,-0.198884709445338,0.0558704365902216,-0.0532676103112141,-0.297874023135558
"02_08_19_rna",0.176581046784052,-0.0673920227469444,-0.055731149577888,-0.0170873462434171,0.50441944897516,-0.306996662441641,-0.143707296341156,0.200777347249891,0.454831104153182,-0.36066829851927,-0.0754666995063415,-0.185186806233429,0.220372347264621,0.142401208000508,-0.324724256914202
"02_08_30_rna",0.483532149675194,-0.0156588352963456,0.208208158814709,0.140585352392145,-0.417707040319432,-0.149038432572821,0.121050447317758,-0.280378291482076,-0.201671742658742,-0.479473543641739,-0.245624285772327,0.141513673727267,0.15559324273119,0.191487460410276,0.0328523093050502
"02_08_39_rna",-0.0930353480068229,0.00584535651833853,-0.284919693468494,-0.341510670490125,0.00249224474794984,-0.451161013234357,0.0451219710606402,0.0306593996464772,0.243414593955661,-0.154651601408285,0.0743863320875239,-0.459855296817746,0.384196900996577,-0.212030180262979,0.306986913367276
"02_08_63_rna",-0.283780606389058,-0.109498112514161,0.177139197016021,0.393689440640196,0.132830777292697,0.291679645749942,-0.221074824820043,-0.325051461762261,0.0699644095695754,-0.271644929443584,-0.180735634209375,-0.364346184189217,0.129834668435995,-0.27314380436622,-0.358177918361198
"02_09_20_rna",0.605359239568037,-0.102485312004152,0.267416065054316,0.0837224484442635,-0.134547489253541,-0.133057254031149,0.0194655605849369,-0.179319793409152,0.304687205117587,-0.0900041680683407,0.0455565617015723,-0.209397566408585,0.0520212887294983,0.540612792331642,0.185332688754072
"02_09_45_rna",-0.350406281626159,-0.00500106039141855,0.209363638173731,0.456870839847874,0.159037126567114,0.110733361894829,-0.190782046273376,-0.259469814320702,-0.0229301245957547,-0.305634268352781,0.234429386114522,-0.363452139925356,0.103705509627842,-0.436707302461241,-0.0298073592608154
"02_09_50_rna",-0.209151874250702,-0.138681052033377,0.106961857594764,-0.578293923162614,0.0194298174627699,-0.141323374927774,0.0557782482453725,0.00461019452859577,-0.427282476480357,0.112881759406814,-0.248058914590437,-0.204673392908858,0.257352699737491,-0.424892191291296,-0.148913606865888
"02_09_58_rna",-0.164630974734285,-0.00779869840495704,0.196853351486205,0.150592342439553,0.283466302917244,0.0519124355915802,0.234149240522256,0.308593057167305,-0.496157995637421,-0.255968143206884,-0.265039678090548,-0.0586786065693182,-0.0135996035472206,0.214801366520634,-0.496585044239209
"02_10_09_rna",-0.00805484195847664,-0.0283138020684547,0.0236876867678212,-0.437931729709251,-0.280567254821724,-0.132203851413493,0.0597073453044506,0.09781181999314,0.106763968086958,-0.0839655158203786,-0.413262899633347,0.0348004803577032,0.342130904578388,-0.624077071876432,0.0220993628378735
"02_10_16_rna",0.461789098814129,-0.100941523710644,-0.17624790815048,-0.076147359590454,0.114315465881048,-0.362233409648371,-0.447189170718079,-0.197072233223465,0.0666383970138383,-0.205578029287383,-0.419568922027934,0.281455291855449,0.0118621542534714,-0.0966523600128592,-0.212515058431473
"02_10_64_rna",-0.0497585076880893,-0.0983950734947334,0.352733961471448,0.34469030286073,0.274256590955551,-0.127971412489147,-0.303795959089815,0.46436572722525,0.195568905811174,-0.332491410722118,0.165025456835853,-0.0929895540708347,-0.00301428287043564,0.0727760500215189,-0.393834154731401
"02_10_79_rna",0.611697143186725,-0.305831382022494,0.0333190665842351,-0.0717621992863295,-0.0975366278767682,0.271280010387012,0.135560691414547,0.16020634863227,0.101681017859574,0.234266977825652,0.0923632711628604,0.280330323845763,0.123903660057179,-0.472963854715907,0.0866126368824959
"02_11_01_rna",0.0243866191455735,0.039926723512593,-0.0707305839955753,0.0281767303241604,-0.117393056063181,0.0292741957095514,0.342734835632906,-0.200284879461837,0.0677284660456073,0.328449945722272,-0.271772550134809,0.0945023513314167,0.492291969322047,-0.388373486006394,-0.480990877465357
"02_11_06_rna",0.0944565291656007,0.660601425519584,-0.269095506217281,0.0645616894573742,-0.243886104120625,-0.0852566627911401,-0.200976565668832,0.128477150687806,-0.0876956780400221,-0.258993262236994,0.22342844364753,-0.232928887764675,-0.393967186440794,-0.134432424909887,-0.047218958913871
"02_11_19_rna",0.438725749699546,-0.150551375876968,-0.0437576898521134,-0.0872508478368798,0.285561100832977,-0.151151538907932,0.0202459827455062,0.270451098636458,0.212262576842801,-0.0861333747235853,0.0218027026950483,0.352232027874058,0.621985149290408,-0.181737743575478,0.0216719832152454
"02_11_60_rna",0.1539783332723,0.00178631532014407,0.336575331005391,-0.141721775357981,-0.0425307304436254,-0.247412789480617,-0.045901594583065,0.342229549525017,0.206980362979422,-0.160775459133836,0.154579205309924,0.15389702951466,-0.0139189768563176,0.545899229951975,0.496186599999319
"02_11_63_rna",0.543745632175262,0.0103623177833894,0.450233205187362,0.0950051539926124,-0.398829587585695,-0.236818038828123,0.0759179204491217,-0.162359123063878,-0.0294395679020634,-0.201241898401578,0.118472802457111,0.155690696566732,0.0573959713062876,0.37916778348577,0.136097976769531
"02_12_19_rna",0.422343649018851,0.137726737903922,0.215440580563306,0.117636495408595,0.0708003826136622,0.450416874862141,-0.0701174006007605,0.186519697403701,-0.269573705683775,-0.0740909534956153,-0.263837680315546,-0.370550643820429,0.219545508364401,-0.378466100284863,0.135261685576929
"02_12_25_rna",0.22160694169536,0.178793675501301,0.235175154233018,0.0835547209956997,-0.397609634668398,-0.253859677914511,0.156061222084582,0.442056927972946,-0.187957034733703,0.568527200799231,0.197856831085996,-0.0168110160769738,-0.0989515219881514,-0.0710336966242972,0.0388419822003505
"02_12_32_rna",0.640192001993445,-0.198164108585854,0.216395213908969,0.107454503367412,0.210781240630512,-0.350428941193472,-0.0986057262964377,-0.154584763453834,0.168518116701171,-0.247345457495437,0.112017965867093,0.0993397695288822,0.208983853666689,-0.0294917604566435,0.36759291976548
"02_12_77_rna",-0.155525446541665,0.0789530655020349,0.371253373652511,0.168625451009628,0.0392524363172094,0.147181520388176,-0.252728306567489,-0.135390893964429,-0.293122985803831,-0.186000465035142,-0.461010837555685,0.19315209521865,-0.522827334287885,-0.222627545036218,-0.0681305116763856
"02_12_79_rna",-0.226871150773128,0.0268991633242356,-0.00102787951978483,-0.533487747711297,-0.298113098664854,0.0531201359604851,0.0602784092798073,-0.177672917077671,0.484895885421253,0.145252867550712,-0.371415720385573,0.204550182258792,-0.160220447525988,0.270225502008738,0.0399514524595972
"02_12_88_rna",-0.1314369194606,0.105624446954377,0.0146033373428137,0.0727868918568794,-0.328893106999489,0.0633855498014474,0.559428264226089,0.0809163232653207,-0.157445649742127,-0.0150600638310091,-0.0929325317553617,-0.339104952628135,-0.275515237755459,-0.0729459525290723,-0.551802921932123
"02_13_37_rna",-0.0239935292691908,0.0363300080409581,0.34913383499163,-0.181101442018122,-0.310222823803375,0.103608415731983,0.190989727644608,-0.185785843921048,0.379432651588502,-0.0184911048990929,-0.106826983441316,-0.0337038726437356,-0.616284776922484,-0.302286023904293,0.193398898541872
"02_14_05_rna",-0.186846929387065,-0.0960654881336787,0.144078079512672,0.275523700263398,-0.331206369073651,0.189834917607938,-0.208648674022494,0.00797768962640056,0.497118789726248,0.0747588674546135,-0.450690427712055,-0.0186676959610039,-0.315995242848589,-0.313581872429372,0.124426962186984
"02_14_11_rna",-0.19493530865641,-0.0755574596472141,0.443546259260225,0.222232712979549,0.172341520551057,0.0759842192801713,0.363484010330245,0.145110192602681,-0.0607878071155831,0.03755407824839,-0.641185394823881,0.0721881205464863,0.065328149610561,0.26786265666934,-0.155126936153247
"02_14_20_rna",-0.105587360975385,0.074542746755251,0.1961884501952,-0.458957327268948,0.157412971026073,0.0802562765618181,-0.0426170739738826,-0.148758067919912,-0.306106037577166,-0.267405708998473,-0.0406203258218437,0.190346233155797,-0.449667273301959,-0.500796161423215,-0.151367070252135
"02_14_65_rna",0.0590668349735085,-0.205282697550059,0.040884684661935,0.1468087590499,-0.153644305862326,-0.0064206926951169,-0.0890881827037527,0.300826531705726,-0.149891472662013,-0.0598644223380888,-0.279555632553519,-0.544055105861862,-0.0961957394551251,-0.399516902218911,-0.489896684446443
"02_14_76_rna",0.494231746963576,-0.0523910416790331,-0.0552170551685839,0.0400669665954593,-0.30925012993317,-0.357965995172558,0.12100619898215,-0.2034544865469,-0.0598798352138146,-0.392557793200584,-0.143940230135573,0.445493026045767,0.225198099316951,0.0980814119253311,0.176975026836716
"02_15_32_rna",0.265817285403323,-0.0421222573758986,0.235171004154925,-0.403727818326733,-0.436289149045982,0.442940918937926,-0.21936010266541,-0.136094399272715,-0.208358106921669,-0.260780432547947,-0.0449046290384229,-0.21799698874484,-0.105994060602036,0.201358397115448,-0.208185786801266
"02_15_41_rna",0.37630097485548,-0.224647206068753,0.255943581680839,0.230537222313034,0.0253361571659856,0.224992252828192,-0.276352365382272,-0.52842008172393,0.242407716813875,-0.0550859950017896,0.0237734483956545,0.00994240011361688,0.458711823630736,-0.0974418330380632,0.00658709263643861
"02_15_68_rna",0.472741850239191,-0.201990193789796,-0.258791440472094,-0.0608116280526857,0.115145911193899,-0.432915956255515,0.000432352976187703,-0.382106601838534,0.447229615285267,0.168495802585553,-0.247705839783479,-0.151019825528253,0.0513755442889956,0.0534896714486612,-0.0171074892635538
"02_15_90_rna",0.06073411316581,-0.10096015372443,0.609492417154723,-0.280215516212196,0.375412168259533,-0.213607490982179,0.166021624793499,0.0696066790929354,0.140923432438748,-0.0759914901955242,-0.317828734699861,0.0618284418232065,-0.00671872977268782,0.0571869143484745,-0.428203784539756
"02_16_17_rna",-0.124002881024403,0.0190291092645531,0.520402790317959,0.342686679609974,0.146816408233934,-0.0751300144002059,-0.447359459257641,0.128050741409163,-0.0852405730815838,-0.0656287823147508,0.148354472255117,-0.000376746296203099,-0.186879468126392,0.208630992730538,-0.490150781407122
"02_16_30_rna",0.241707740078614,0.696353472719838,0.124615559820233,-0.043164014296695,0.316706233425081,0.136257053460854,-0.171644210636843,0.227488177713844,-0.349493422003451,-0.112174554598015,0.0656987428459268,-0.0830360723255796,-0.144916624793419,0.000212422715507512,-0.268802233022874
"02_16_38_rna",-0.0558451054618428,0.103109340284663,0.450067323535243,-0.441172458115777,0.121439881462179,-0.284610425799655,0.186264824369962,0.0761556892281187,0.0514429370080005,-0.112821803902591,-0.34337012813296,0.244611529159941,0.429326740672369,-0.0678174741643845,0.266040224760997
"02_16_66_rna",-0.158247254279777,-0.0112626069119268,0.284149149129779,-0.322758730037802,-0.00670426667932497,-0.244736592918768,-0.172297083501397,0.0374167721720133,0.140804621300602,-0.601180204884898,-0.0777322748406012,0.508530791048892,0.202943018170417,-0.0552485251425465,0.0936058557319338
"02_16_69_rna",-0.12823671625824,-0.0745573765821955,0.0635306228072278,0.301484370793626,-0.387007670182429,-0.0235989593460477,-0.307108423472772,0.0758543480742261,-0.0148575006256344,-0.143683978077469,0.0184864194880624,0.24415819142031,0.0898525311100893,-0.606069838729067,-0.420061108641751
"02_17_02_rna",-0.0164619144748178,0.0611555816658835,0.209968816104783,-0.0328459856261987,0.0727212884587836,-0.132991137405729,0.300363287235498,0.104158280530182,-0.0970596939911946,-0.0322532405583403,0.00523076622816987,-0.582099322400805,-0.361522294706424,0.0199950319307777,0.588519454987291
"02_17_14_rna",-0.0564154663041193,0.00564929055375303,0.374529186248878,0.25046151575436,-0.00785072935138645,0.158658138986878,-0.559217262178355,0.44742749293813,-0.197934711292147,-0.0942905867693002,-0.232297330993789,-0.0178607456655171,0.0285606191538537,-0.26017161879887,0.291166705811943
"02_17_29_rna",-0.0521172582014711,-0.0874712381763745,0.349603850675019,0.461061869630227,-0.0705507504470914,-0.301881959292413,-0.325195707472487,0.238324863246227,0.234249401272608,-0.0415575398086602,-0.0260135901681942,-0.16869630352478,0.387992581632234,-0.398817900099626,0.0290109957013749
"02_17_47_rna",-0.0688663692963615,0.129485736295666,0.295934010549576,-0.426647092448388,0.154946236193474,0.0221806259457844,0.123839547998008,-0.00111976424452153,-0.498101820862325,0.204702677345606,-0.258820100149896,0.187157186843725,-0.0746795136750036,-0.470632991753243,-0.223498710971846
"02_18_11_rna",-0.0596504197106767,0.0056627265957596,0.281214769663621,0.330923421436395,-0.126785306270114,0.0543265924658881,-0.239489501373367,0.436315204592891,-0.113188050883179,-0.118850367033503,-0.535187718650874,-0.124582332713288,0.329781975888165,-0.00611049449002208,0.321540892690789
"02_18_22_rna",0.393130547645342,0.16430483723651,0.081913191223094,0.126781768199179,-0.490959109626852,-0.49842683532728,0.0873024318179825,0.00501260506517763,0.0573991294808022,-0.124942732054855,-0.128574375879613,0.231371493466844,0.0988824443971314,0.359935190005177,-0.26504970047041
"02_19_15_rna",0.501540088764936,-0.188323855608288,-0.0720527833305707,0.0685066368644209,-0.0849575950958515,-0.359501839516903,-0.27244483011678,-0.105005332057882,0.277775573208195,-0.0992135473422709,-0.322191244647725,0.33785324257628,0.394984697671426,0.139975104679379,-0.0288908475637358
"02_19_33_rna",-0.132007688030472,-0.0800447097791318,0.0263137767890558,0.377584758966399,-0.123614734254529,-0.10975306355125,0.121015892563921,0.153124718009045,-0.352487055988334,-0.178975420155662,-0.449609751322643,-0.484579293030923,0.299773155670654,-0.283253462647203,0.0643736929355658
"02_19_48_rna",0.381576805083711,-0.264105928209411,0.132309492527666,0.19322696560751,-0.190349297557434,-0.173001115498004,-0.0629633070037496,0.415746552452586,0.0499527162522948,-0.539993520494782,-0.07347247508764,0.00313236330644316,-0.262717332579429,-0.330814688571781,0.094222482250806
"02_19_51_rna",-0.2058523865994,-0.000753574967155262,0.138279518423731,0.257457384330103,0.0164282367961891,-0.121285787921257,-0.221401814600199,0.378359688365695,0.0428664719152993,-0.192851679516378,-0.726940802007948,0.133924127540009,-0.0354605318996485,0.000139718586926718,0.279997098874595
"02_19_54_rna",0.48616670392325,-0.376076385583723,0.152046777882774,0.0933910164745886,0.470569280872827,-0.00175952649336849,-0.137231414934237,0.373909639418478,-0.276607001708693,-0.257918998225617,0.105327803515898,-0.118607191868986,-0.088994080564892,-0.182711542500609,-0.028111394760589
"02_19_62_rna",-0.0074937791444689,0.0752006877755581,0.394083296211732,-0.613837241505601,0.0616484831307305,0.0132383191807651,-0.23498395360678,0.254710697011927,0.232649663909973,0.310450174273216,-0.296089432702043,-0.0106978107586013,-0.240819125412578,-0.112879014993709,0.170575540160111
"02_19_88_rna",-0.00152116037201062,-0.0512047478133417,0.00333792270253494,-0.126099196055685,0.000946345210922537,-0.0424440973611418,0.465103466968905,-0.22563135092621,0.209280716775876,-0.00842179918318363,-0.263164584208038,-0.056416152401377,0.110943535211295,-0.70345539722702,0.298269647767618
"02_19_92_rna",0.354230178755269,-0.0744082457138775,0.370139293112443,0.0574800555851025,0.22972649637511,-0.621922737760716,0.223174313028566,-0.0620302936206432,0.0181764862792072,-0.253928607817633,-0.114289058665865,-0.057467682815417,0.135281241966933,0.107485164742981,-0.352749107782627
"02_20_08_rna",0.128204692580935,0.0103713293366737,0.122052261413565,-0.466777318414068,-0.529259319920278,0.00223385132602489,-0.0660441243798461,-0.0584854941840505,0.331227229344361,-0.078958641840543,0.18043325346961,-0.480129877596008,0.17744440837507,0.149682955025589,-0.172791977908544
"02_20_26_rna",0.036312977525944,0.0470847284984137,0.265662701641907,0.0685006028812879,-0.10292135929256,0.212014599143929,0.725836777844362,-0.265094421020147,-0.0510209100435786,0.0926675774536173,-0.00964381165589566,-0.482160161672018,-0.149546620915198,-0.0484539631750795,0.00803116655339166
"02_20_40_rna",0.0372270710759978,0.00330138702513394,0.455746813555628,0.0994741441339536,0.111541192460719,-0.24855755980361,-0.24366313871456,0.126300137586457,-0.0977029588744864,-0.141143293820556,0.21819503680612,0.150022475855657,-0.634097958247331,0.109123586444579,-0.343345222549925
"02_21_30_rna",0.298847337122534,-0.097350531285435,0.535963954663464,-0.460786708419828,0.364558724469068,0.058243360676089,-0.0869831203217062,0.21625015613466,0.0785488011642299,-0.212486946034519,0.213948241654592,-0.0764482885084502,0.103268771398098,0.200371603363287,-0.239277704763705
"02_21_60_rna",0.182959472466821,0.603744287978966,-0.184054342681909,0.0213933462937349,-0.068733649460557,0.0180083147585693,-0.0637212720088931,0.172424751847308,0.590024976436139,0.0558949115452459,-0.0489123904065842,-0.0297383647067079,-0.0169808301811912,-0.300059453313798,0.289812266777346
"02_21_67_rna",0.109416323411286,0.641318885724688,-0.0608070557900944,-0.0311961547952204,0.314352961309521,-0.202643641991673,0.376238539133904,-0.143894265532654,-0.110096091547055,-0.268650952701001,0.0421268337196813,0.17341382138259,-0.345494218236208,-0.118189811167111,-0.142995228397334
"02_21_71_rna",0.385114862362357,-0.104192790936929,0.141349668913094,-0.450832353888412,-0.154547829956545,-0.336947164720838,-0.202718790285525,-0.207107118679846,-0.124890381671181,-0.0310821229842255,-0.0222325667564978,0.191218575115255,0.296768966844705,-0.456644672910848,0.214418892620976
"02_21_93_rna",-0.133626277846021,0.123898601921254,0.433076668299497,0.00443106590576451,-0.0723132915995801,-0.0517972393349232,0.571529438590175,-0.274199620544207,-0.193741731151237,-0.271526288629729,0.206235970503985,0.166409678051538,-0.00467575902707314,-0.340284888143204,0.268646820207288
"02_22_17_rna",-0.188327871068674,-0.0608178694273195,0.346538653008543,0.312001364223514,0.00699529933499711,0.23473503076444,-0.237848722010224,0.128800250026028,-0.00200752293565734,-0.0726983568158412,-0.506393712805792,0.287362737253756,0.0134229836807959,-0.352215084259805,-0.382821452046535
"02_22_42_rna",0.0144903513014853,0.0360317862357775,0.461348174867808,-0.370191818254317,-0.276765983061733,0.0973390044889599,-0.390476152564616,0.11258885822075,0.151686313167874,-0.163303944333108,-0.103745853690155,-0.094694683620415,0.435866307509204,0.0310731564065541,0.370180052514343
"02_22_72_rna",-0.162464490178068,0.016751962297893,0.279755914145027,-0.46103953613881,-0.387270203914354,-0.0574254152795181,0.176170787397197,-0.321005984953448,0.156270916127927,-0.492500648259777,-0.110788604559246,0.108377696401919,0.214853686906214,0.126865274300807,-0.204677125244182
"02_22_93_rna",0.282417338459556,-0.192144428176321,-0.557260820177715,0.0118147803215775,-0.126985353832848,0.227185084932408,0.11058707775557,-0.216702331065253,0.210779152243977,-0.516665801901148,0.0355804243490343,0.286498671038271,-0.195763497881793,-0.0873325981468643,-0.0710269186942786
"02_23_02_rna",0.48297674230441,-0.141681784483451,-0.0141795511084319,0.0258714155825168,-0.174244200447237,-0.0807361955634213,-0.206785101885991,-0.261474347320992,0.300311214557284,0.0567836742929578,-0.0178567923536304,0.382989201928432,0.457396839542477,-0.383082298364245,0.0375011995373035
"02_23_32_rna",-0.0529877651651322,-0.0156003423541693,0.203981021552609,0.267963916930072,-0.0458137305025147,-0.000282941954453716,-0.329394794007983,0.162256289983213,0.186108838332387,-0.271344629827439,-0.180658329080306,-0.670387092182084,0.170672604900358,-0.339424033981174,-0.10931829780103
"02_23_49_rna",0.387911345857234,-0.296765234487751,-0.308457498096957,-0.0821996891743513,-0.212036119718065,0.253206387490894,0.0461302897693686,0.155900994736256,-0.327786464113706,-0.108738690399541,-0.405148672775979,0.231331301711838,-0.225186835258043,-0.00474325505008443,-0.369306316632976
"02_23_55_rna",0.308430348875595,-0.21864338688608,-0.184698372376953,-0.00412686702583146,-0.0559640357124091,0.0420141279753448,-0.0418136766325454,0.256942775857427,-0.221851415380727,-0.536459277016966,-0.530294940429029,0.10971060477755,-0.0884494894075483,-0.143971976613083,0.302428745882569
"02_23_62_rna",-0.14645261991712,0.0182776387877819,0.116487071440963,0.0374364988172049,0.0983993350546605,-0.410859854925863,0.649326257026972,-0.134601601697171,0.17823013746323,0.062201617914942,-0.0420038986152417,-0.180773099188799,0.232890259191968,0.171259943390002,-0.437458906542227
"02_23_74_rna",-0.0747318783480042,0.0588616330058138,0.45007557627815,0.331742436125446,-0.324299383851079,0.338434438032008,-0.202910532781438,-0.125556792612025,-0.219018295083848,0.139574741214264,0.25030809427182,0.0450206279653111,-0.234543201843268,-0.339537943788765,-0.315050130555404
"02_23_80_rna",0.462009120986549,-0.30473568613274,-0.0155493786669016,0.360461234312898,-0.00604998094650513,0.127769047463176,-0.524032230472279,0.144607686829252,0.0995615040717533,0.0178734630015186,-0.0245761395537229,-0.400965041855978,-0.225568166654767,-0.168960307049069,0.0242789479888734
"02_24_40_rna",-0.046128283588172,-0.00900861855777677,0.222969536164219,0.157901509925646,0.118054969740515,-0.0874401654874193,0.158764611659959,-0.0628185835884502,-0.00228585038900375,-0.0690728886050166,0.0407028303023517,-0.53468113723116,0.659996650540592,-0.0623792433847898,-0.374971884122766
"02_24_45_rna",0.190975090377039,0.721302445830037,-0.270053746814511,0.144878316548025,-0.253890652245913,0.255945522735487,-0.0652575241948656,0.0333976782151327,0.259207707436921,-0.00717319190469267,-0.0966336712532087,-0.174600015186509,0.301325631825136,-0.0804275329813316,0.0982902537602397
"02_24_56_rna",-0.123790902002728,0.00197711274244593,-0.131045526970008,0.345881376343089,-0.334737323544137,-0.127847348557683,-0.0951830421555455,0.0438305916017905,0.392423096131147,-0.013639511906366,0.285466632845841,-0.180695350393336,-0.177246591773083,-0.460906428158316,-0.443074569106269
"02_24_62_rna",0.49190381395883,0.0971952190411973,0.236778609440033,0.000846678020598207,-0.331412909695012,-0.366186984090415,0.157012811697232,0.0724105829346602,-0.277941312733566,-0.347613762579989,-0.145639356206848,0.15448344415468,-0.0700269962114294,0.399667171244374,-0.104378518126675
"02_24_91_rna",0.143338402619335,0.428339663132739,-0.239068783540299,0.038059759321375,0.030959998532515,-0.0165752885927694,-0.486589089421685,0.0894113985936649,-0.267155910774577,-0.152986013848055,-0.443700156842938,0.258253660942245,0.154834238307253,-0.329768590681894,-0.0178173094243069
"02_24_95_rna",0.475377570935359,0.310912515965359,0.500461399604256,0.0644886984611012,0.263146120162906,0.0966825544450033,0.182495007335305,-0.26793014199403,-0.229927247838078,-0.0730945127908311,-0.00724167119304852,-0.093758334021628,-0.0148678924667232,-0.409292765483061,0.0651977450583889
"02_25_04_rna",0.100346399788069,-0.110536969530851,0.169415039493802,-0.0188080685127542,0.0122432497146445,0.0689677407654694,-0.017575582813139,0.547244452822621,-0.168393212288023,-0.125245460495833,-0.429737378824331,-0.472285043264522,-0.00460290516176687,-0.161326507647963,-0.407612114278925
"02_25_35_rna",0.149038414574279,0.580224784091586,0.145782248323138,0.276813199718783,-0.167040274957994,0.158340684713963,0.226285542428045,0.229797745528173,0.235745937635737,0.0186243639140096,-0.304089628165016,-0.371724261896925,0.176927063061638,-0.115747141213643,-0.234498046390135
"02_25_57_rna",0.197396764818662,-0.200309940422679,-0.228220378960717,0.0140305006655146,0.587444753659068,0.12799128181425,-0.119366406486766,0.372788780919812,0.0895012581403264,-0.0139931614033784,-0.123599099583566,-0.321049974855265,0.106934562144677,0.115524780665035,-0.450110036113232
"02_25_58_rna",0.579044377968249,-0.266082730461248,0.093948810967299,0.0471250995677135,0.138377309340876,0.229433550925613,-0.015805879466027,0.472824375604931,0.0913617822477095,-0.0817164681705207,0.209391111094456,-0.360659871244405,0.299459714111652,-0.0169198701166074,0.0913922635775676
"02_25_64_rna",0.456823654799926,-0.254467530139282,-0.0432805289726465,0.203762978073768,-0.220333537462403,-0.172514691677861,-0.063460610718793,0.259414952154126,0.106747798408482,-0.499837916413145,-0.182964739837341,-0.340373354383954,0.100256455319038,0.247901383226196,-0.226858351891337
"02_25_91_rna",0.0933022142896088,0.666056412059064,-0.0182126041727392,0.0529401396134591,0.117432679421546,0.156308000684162,-0.116672125618117,0.411293967910578,-0.164369208159809,-0.0617768180123858,-0.250241154037555,-0.153285506391637,0.189295528565481,-0.293844104372211,-0.29052299209002
"02_26_22_rna",0.17340936230067,0.780604638146375,0.0178750976974589,-0.0105898943530162,0.308449207830515,0.393512171563381,-0.0587364754061201,-0.0255197259094309,-0.239396946239914,-0.0369642956129763,0.00584097043747806,-0.11313131806058,0.183106568563524,0.0315100275982379,0.00538402136215009
"02_26_38_rna",-0.122699286645526,0.0605857820648046,0.353416128285256,-0.790700003820332,-0.0346376036856811,0.0998262097938955,-0.168489610157778,-0.162234503420688,-0.315804848001804,0.0744722950009604,0.197620225048512,-0.0462744006581307,0.0699796876810322,0.116289905697311,0.0199142313136068
"02_26_59_rna",-0.120270594947624,0.0010306951907091,0.614535915815145,-0.297551580131746,0.389702600527834,-0.392071168572514,-0.165179680411028,0.301052009412429,0.170170854347721,0.146473847325351,-0.136705889109182,-0.0600688981826559,0.0328092120525307,-0.142342583730276,-0.0423165914569633
"02_26_63_rna",0.359956081021681,-0.24034224016811,-0.383931698217357,-0.0751370954280925,0.312006924419333,-0.479460469816102,-0.0751262877345972,0.0252584869348691,0.385336110239602,-0.146826735968905,0.213472516333923,-0.0157773160995487,0.0499995248212923,0.0506931261037393,-0.32430585771538
"02_27_15_rna",-0.270402548487667,-0.0176906152515329,0.272008903420481,0.281403972615122,0.248334363783045,0.127951807281333,0.0761247224482596,-0.226077546910302,-0.115170325573324,-0.151978818513893,-0.303719258400264,0.121976721476305,0.0755477128747458,0.0128634986023465,-0.699347133089971
"02_27_30_rna",0.559950323479065,-0.20427150847708,-0.190188960963897,0.104864401532778,-0.225745384414409,0.0367786222441458,0.122627397354772,-0.274869279677048,0.459562501820729,0.0829005830493117,0.173835545745856,0.338735741935421,0.226278143442158,-0.198805305281113,0.0299985026555127
"02_27_49_rna",-0.238295715484806,0.0536703324980203,-0.279707421825406,-0.461762090847997,0.0581896627654111,-0.255487471250426,0.153889211342774,-0.236984095332929,0.281841783218787,-0.275271165178075,-0.0348820838810965,-0.433422271230658,-0.207320136369733,-0.313523764255553,-0.121702594783525
"02_27_91_rna",-0.127360858509154,0.0415756158302829,0.235545155883538,0.278074681284413,-0.0452292609813099,-0.100509499342638,-0.002411116321567,0.122425092198636,0.282447116389327,0.0674440102213813,0.42153594932136,-0.446376052315611,0.56377827083513,0.0136882266957825,-0.2068805402383
"02_28_07_rna",0.158049401067408,0.01246251289914,0.342177387174859,-0.498073401725319,-0.546647765736618,0.0465581008773708,-0.165036397191113,-0.0935167368164648,0.234192702432734,0.24574312244677,0.219197471076579,-0.274094570610738,0.00110343877340145,-0.146886947251067,-0.112873840514572
"02_28_30_rna",0.121249258861451,0.701962362259999,-0.143621690531629,0.221743094335739,0.0461793036353816,-0.0380334095921423,-0.218671193062815,-0.0183126141504078,0.184816924510096,-0.33232480545776,0.116182985497358,-0.350374318444394,0.157086945716031,-0.169537699446938,-0.191681238979345
"02_28_55_rna",0.523812785679619,-0.342075876580021,0.0860704773767082,0.103845406463612,0.0165104241541612,0.19167389965395,0.0166006576229406,-0.192570573635601,0.00958723732250625,-0.0821524029775048,0.0351173829224649,-0.00622268395159712,-0.128323027642632,-0.249289015788853,0.655222925036412
"02_28_89_rna",0.205727415020587,-0.238975789399094,-0.157672529343828,0.061330017165811,-0.363678859871685,0.296360824091084,0.277594195576853,0.251552818988599,0.341275886841252,0.499174741462482,-0.212789379737524,-0.0197006171503708,-0.269753981471267,-0.139998193690279,-0.0885245914277814
"02_29_16_rna",-0.10363541795318,-0.0413178439960234,0.340950007719029,0.468994020959746,-0.268017763516152,-0.106870095963775,-0.372136694055534,0.47217558976296,0.0667829033433596,-0.103535241492028,-0.0331839171398406,-0.311640744939102,-0.0457174451988553,0.186732893957633,-0.23727642887038
"02_29_17_rna",0.0457840337421526,-0.00950018500535928,0.4022487597032,0.319299638932287,0.133416407714009,0.0113825719027909,0.295292023982354,-0.00674943958214958,0.227817022071262,0.254323746990785,-0.519254981753811,-0.420391734971319,0.147549583989775,0.196309817528883,-0.0751017613004685
"02_29_33_rna",0.0146906452811151,-0.0256866546130841,0.235675600102652,0.193396848449532,-0.122529793011474,-0.0318397302594824,0.258182680834779,0.187433441894245,0.494345543458732,0.105894514573807,-0.396692905223064,0.130009598465771,-0.111420566330343,-0.337927088055607,0.481553693865258
"02_29_70_rna",0.355651067866427,-0.140469804090114,-0.3479282732307,-0.0345584042400598,-0.202487664000408,-0.083716376749686,0.0280559247441348,0.342854505297378,0.563784145936181,0.0193686545031613,0.294465975098084,-0.143843247533734,0.144858346759842,0.0409866754374828,-0.341896923642
"02_30_04_rna",0.626877502746125,-0.329483570310054,-0.327582409537516,-0.0343724679325779,0.000871387525535276,0.127346570680038,0.0223466048486337,-0.0463173960356255,0.480953458880868,0.0673488627074527,0.330441139036358,0.00634323146383857,-0.0647775790078962,-0.138109506288702,0.0525056112471108
"02_30_19_rna",-0.108267742492667,0.00375300042700908,0.0748336940159203,0.421042527176089,-0.211204491218865,-0.0281409183625477,-0.259391775888818,-0.0505991219846752,0.0400122874732441,-0.289632893232693,-0.520663315945228,0.156887524327022,-0.072789769050839,-0.465960961823495,-0.29416552866895
"02_30_37_rna",-0.0343693159374595,0.00884795715058442,0.30875706950994,0.201039080638656,-0.40572376081901,0.298409911780989,-0.0239384366740616,-0.48111562630417,0.390183663055858,-0.045025465563362,-0.0565225648264182,0.0229946837742547,-0.283484552500453,-0.292718564987963,-0.230749852907486
"02_30_60_rna",0.333816133635216,-0.0984336421392401,-0.0415561279714207,-0.0720634749877167,-0.216324896416921,-0.0965150200512378,-0.197479275719461,-0.726959736555463,0.0125572642371148,-0.245318528924791,-0.197757934432713,-0.21488040891985,-0.287392583789126,0.135337862402537,-0.0429642583984285
"02_30_64_rna",-0.191232113862745,0.0136432294428385,0.278611218503253,0.0226819961756316,-0.122594904402001,0.211290610108528,0.28035473519601,-0.200046187987294,0.0633107323078403,0.0121395731704237,-0.217830172610656,-0.405050971049504,0.140226950542193,0.631673914470295,0.269197968641476
"02_30_72_rna",0.159840724442811,0.0847683434614503,-0.184648244960306,0.148133156031885,0.347036900955951,0.208609019827722,0.0730990964591315,-0.180467983568253,-0.134302280916127,-0.0942175201021673,-0.210683120792437,0.0422015456154366,0.600507773121931,-0.406613715501907,-0.332168133468291
"02_30_73_rna",0.537078255957645,0.0851665761872304,0.46636878748036,0.289469432547299,0.0549228055725251,-0.285120602753292,0.0912728452711386,0.133550603228754,0.0410231129294433,-0.196203140510861,0.0843823628859027,-0.0132611149694773,-0.427007413255329,-0.211074649754544,-0.134765674964629
"02_30_75_rna",0.0112945141332868,0.0208374236687458,0.396705673876815,0.045711924809817,0.183158549554089,0.123676052557498,0.426756917654662,-0.191724478289177,-0.192422135408327,-0.0333540213077785,-0.0285044497086279,-0.156016554506438,0.135517889777843,-0.264478074032863,0.648571132118455
"02_31_03_rna",0.3892636114507,-0.275647312982992,-0.317820264984775,-0.0170725274497575,0.106887621919756,0.205490498846898,0.00193644170964126,0.469686027494991,0.309796281245724,-0.440947255162026,0.0980911802559638,-0.168905126718885,-0.237031669673443,-0.0553157537256296,0.0955421390153119
"02_31_19_rna",0.232459463909011,-0.117571095267769,-0.224827252321457,-0.0436878760216148,0.333587979623457,-0.418330184428618,-0.313832866809294,-0.0698166714602608,-0.0526874467878806,-0.0432750036719534,-0.6515316187,-0.129804690840021,1.31026360721569e-05,0.172325947153768,0.119789644319675
"02_31_26_rna",0.306096213274695,-0.269818481394463,-0.331144285871089,0.0268995089616632,-0.142866346765197,0.355115509380772,0.311180957894996,0.00592785212407814,0.274634077248478,0.316164487388331,-0.463064770689807,-0.231152697884168,0.0961591806256351,0.048636441890711,-0.157733715730694
"02_31_93_rna",0.0101076752839028,0.0389505738288871,0.463029826872494,0.109308350921737,-0.0331766583826436,0.192256530920699,0.625480691713481,-0.00105176030192211,-0.00258392658409522,-0.222332566767857,-0.168996431339765,-0.206679309962734,-0.162747533600746,-0.36116334375797,0.255156788725597
"02_32_02_rna",0.178096085149036,-0.116413721912536,-0.0829260678473866,0.142906380444961,-0.131842466567839,0.0409193711368027,0.0710540900695208,0.732974422336435,-0.0487259908431115,-0.0372910823109193,-0.316505984490118,-0.283456795906892,-0.081717051143514,-0.0959346999939032,0.407312977434617
"02_32_16_rna",0.314710247258013,0.726106158414673,0.00635377681983545,-0.077636083923875,0.382034373415578,0.0239566452379842,0.0144632720505772,0.0361918686540032,0.197891192726047,0.146872263889841,0.033185262751187,-0.223524802591948,0.273736141255707,-0.01605560117928,-0.180638067981015
"02_32_27_rna",-0.150234214523247,0.0676993272768857,0.377526590835705,-0.234484029985465,-0.173528183881772,0.27055103726125,-0.0494764155645838,-0.0857562050275208,-0.183806451227936,-0.168122680680385,0.026874297421476,0.575832352128421,-0.269941157289512,0.033339228077171,-0.44033004960473
"02_32_31_rna",0.0798816120576675,0.594530045234273,0.353849758313861,-0.425296307021756,0.0592386302831682,0.272496701572558,-0.225747751112983,-0.135183521532895,-0.229852542371804,0.0474520631177623,-0.129037080314994,0.221372384604981,-0.0815765350579033,0.113689120954925,-0.216208039269915
"02_32_34_rna",-0.0559316610143561,0.0540359937501377,0.298218815422052,0.402563477223259,-0.229473205336969,0.142284263910933,-0.189234025471575,-0.294503708278133,0.342336716454733,0.0305090745287834,-0.0820371564022806,-0.238944986645103,0.525018035397997,-0.00969817368298443,-0.299711872468842
"02_32_37_rna",0.502261155171982,-0.240015514922105,0.0725767056306054,0.0544537258891805,-0.375893050996051,0.453516113243815,-0.145148543374617,-0.0684807077273735,-0.305996825256582,0.102503961716114,-0.300582005901302,-0.157838303240379,0.0496382285521126,0.17186916973474,-0.240326826821117
"02_32_96_rna",-0.191872153390405,0.0479095509002124,-0.0573950091961934,-0.36189846506358,-0.0299088465952005,-0.300764630357815,0.19321498200841,-0.0964397137634817,0.0842580220401368,-0.354078066098363,-0.281112460727452,0.562405498975865,-0.314692924098834,-0.215443628087691,-0.124080903291246
"02_33_15_rna",-0.0919938384476312,0.105506360989884,0.212600627540962,-0.823565468105756,-0.263655965601756,0.0527784536461768,-0.39286437518841,-0.00630673052420482,0.0241020421709504,-0.0177083988153251,-0.0485646096786,0.0036666372647364,0.110289832985871,0.121386849467768,0.00995655720006751
"02_33_29_rna",-0.329646585149015,-0.069425348141303,0.19969804097515,0.478918148730084,-0.120888427293294,-0.0449932802886483,-0.46940335306501,0.137335217534264,0.182174114253525,0.28205368446085,0.0825686830983455,-0.064877190480666,-0.0651744300263282,0.181482760628862,-0.447750429797968
"02_33_45_rna",0.372735431392176,-0.0680477137834983,-0.0942257748513591,0.0730150991407622,-0.248843146223658,0.0243940167318249,0.289913225728021,-0.318623821744842,-0.282474196405448,-0.241481166458971,0.0622323328044339,0.409225183786709,-0.224188834535292,-0.479663234840414,0.0660220849870536
"02_34_06_rna",-0.0856729002917992,-0.0249642830659299,0.327212121086385,0.277801665893511,-0.0678359896798704,0.0661230001201173,-0.30092461423007,0.279207417642512,-0.366622853961763,0.046245095610895,-0.182985680266887,0.0228522226326214,0.520720519286523,-0.209182572048049,0.380584952381077
"02_34_40_rna",-0.0452502776542637,0.0214458979535638,0.128619927319546,0.485407079964806,-0.278449287907084,-0.141496713695235,0.0460004976169716,0.0220814368189345,0.557927530577198,-0.0823850947996455,-0.298457855935726,0.146166331246136,0.125734170187409,-0.294163705796243,-0.338107847517185
"02_34_47_rna",0.481416488040965,-0.019527870277256,0.00496148758551582,0.017711709803057,-0.282393938500415,-0.574048586530122,-0.0947637901028202,-0.151762443176574,-0.468148675269571,-0.221678169723302,0.0213033938737999,-0.072545159955038,-0.214279264193857,-0.0246857154740385,0.0753814267910207
"02_34_79_rna",-0.155753330568525,-0.061481234432241,0.197033028691075,0.247289204103759,0.0860000057917828,-0.448397444885219,-0.0511189897781961,0.323574196740202,-0.0497059209964616,-0.313999802359083,-0.0847601667150706,-0.591357250491372,-0.0936551609053388,0.299136773037399,-0.00299588032059722
"02_35_04_rna",0.0484261930032404,0.0124522066105957,0.271827800589991,-0.776830163800976,-0.0963079586315469,-0.231402146187698,-0.165784580412795,-0.105529469802954,-0.0477547710005983,-0.11593040982975,0.0993525491061868,-0.195718259665523,0.0458472579445409,-0.0945096763469968,-0.379170440989603
"02_35_10_rna",-0.123737687848996,-0.0212497699226775,0.00115059145528696,0.191628217166746,0.096296334471726,-0.264326129374821,0.0511092176111289,0.161821129451354,0.18510376825606,-0.0212503453951869,-0.416302738221191,0.00134602049920298,0.696416540517224,-0.268595037224361,-0.272784093914819
"02_36_12_rna",0.397218998037226,-0.311288320996348,-0.227589004388621,0.156719154965523,-0.047525564117831,0.223914659672827,-0.0388765622229221,0.060203294624549,0.160855861117226,0.151141912217676,-0.145400350755244,0.0452066927425462,0.579879972280493,-0.430112348455985,0.135151452909064
"02_36_14_rna",0.307987015749349,0.861382137245806,-0.0451330224020907,0.130779953100311,0.031901816616981,0.0452677331217367,-0.0961110546812152,-0.0743405046835705,0.0702924629524599,0.0323719532951012,0.227647332172921,-0.138510816356795,0.109638929801,-0.0672224679401242,0.180711383040461
"02_36_20_rna",-0.0518443856477779,0.0363537837578123,0.287500528152513,0.234983368791162,-0.0234043893129557,0.0432423089064813,-0.073024237643556,-0.423560182477489,0.282972974796819,-0.0353533454305201,0.487673175155071,0.156662732165767,0.169465197354942,-0.44909201504041,-0.31123849794466
"02_36_39_rna",0.200031188036606,-0.208109287261498,-0.21423507731472,-0.107133126262544,0.427843920208354,0.503218304910021,0.18044398962287,0.0747872813832937,0.278625644054246,-0.170171481548642,0.0344415464199858,0.355687424754549,0.0720440945500103,-0.376356006401555,-0.0612133804847555
"02_36_52_rna",0.0144172597625047,0.149591795461809,-0.319873832328363,-0.0314202923312094,-0.0272771438446506,-0.346881702333418,-0.127011318102447,-0.172756334421182,0.566142160826367,0.239068127313939,-0.32700256358681,-0.0814597056806293,-0.0535190416060005,0.158621103397281,-0.433357279519067
"02_36_85_rna",0.346900992400705,-0.168604880627462,0.061889605504079,0.0832468379900356,-0.0913379918978125,-0.18787569971193,-0.291458714947466,-0.304933695394544,0.365987053979752,0.278776026614428,-0.26691978130467,-0.044171905814092,-0.408466486639175,-0.289955053945095,0.288306018592918
"02_37_41_rna",-0.121781183805092,-0.0518660622586887,0.398070204938901,0.0951531770297582,0.132058753960743,-0.0935568022505666,0.399980763152507,0.146073069314048,0.127490189582375,0.0937520913968671,0.149150034497506,-0.568273243890774,-0.0213944008744541,-0.148726106101098,-0.463303687513266
"02_37_54_rna",0.492898917219297,-0.151897144021392,0.321550489840352,-0.0181660301461141,0.127310112875815,0.519368100738288,0.209174988364092,0.107089247538259,0.21446274952208,0.121000214917996,-0.308962466174165,-0.0976941949679825,-0.302370185221922,0.0811580829614939,0.159462138939661
"02_37_58_rna",0.413934589149254,-0.201235613232418,0.505104130811921,-0.328628650285373,-0.224915270258062,-0.0932317113895922,0.225369714751966,0.309472275585468,0.049437268885639,-0.0731539987242479,0.365765041704296,-0.164612266330075,-0.101003127675069,-0.0676585060920035,-0.189038785289168
"02_37_63_rna",-0.126339924280336,-0.0921431248462327,0.122408011326067,0.326035588485678,-0.415688499254427,-0.278414650538204,-0.283071673546826,0.20884998401401,0.090289766035633,-0.045364486403753,0.284316948307696,0.155950257234596,-0.204559967369205,-0.486867121046023,-0.293179544881165
"02_37_79_rna",-0.239473505133201,-0.011340031748535,-0.162504588511555,-0.445606317647256,-0.0392031740912413,-0.279673389710899,-0.0269810573300483,0.0733646012358431,0.136820594407123,0.214462590618402,-0.122779465486996,0.257991028038993,-0.250470951230932,-0.607060179527018,0.232552514421759
"02_37_90_rna",0.173213816887807,-0.184291041422376,-0.236185200031911,-0.062464866402323,0.42984046625401,-0.202153260764617,-0.103146127756306,0.213387855579087,0.420500544153831,0.123154709368885,0.182513786616806,0.270147531851243,0.0372583744774858,-0.191079199121575,-0.508299125953678
"02_38_04_rna",0.0708193300565636,0.512715165613837,0.440128095989615,0.0914605439360703,0.188740937615922,0.00246668347069123,-0.191998390404564,0.151373930727322,0.0606198514169128,-0.34341823158102,0.314498137709051,-0.102075707702652,0.0859918909363928,-0.395735397764914,0.1992055404291
"02_38_06_rna",-0.249737226383677,-0.0229090940401426,-0.151570040198344,-0.484467655159363,-0.0570147811757639,-0.222940160452858,-0.0611490272201422,-0.122643849614564,0.165033652506181,0.265795740992476,-0.263889729755232,-0.0993876800545386,0.307515058249999,-0.578431626300706,-0.0338015862354172
"02_38_07_rna",0.120486145302296,0.64247000741746,-0.312561079484507,0.0619542665556154,-0.216148914260789,-0.0668251348312784,-0.0606132384735633,-0.153935080640863,-0.0872793832498355,-0.210503540629655,-0.230169667960873,0.213253962138126,0.0388160933972004,-0.474784085855941,0.123755065476678
"02_38_19_rna",0.342173104535434,-0.183253068084411,-0.251955984773043,-0.0394457363425124,0.177842772422726,-0.162305729829965,-0.212000263507417,-0.138822852605415,0.762197327923462,0.0317897797734195,0.130318428704605,-0.0821001498024794,0.0518420827268006,0.0468746392562232,-0.227040700809635
"02_38_21_rna",-0.173625696647852,0.0966143070933839,-0.0280971338006161,0.279942514672236,-0.358472593382892,-0.137613680990262,-0.483346315971828,0.376109834116746,0.279127066489218,-0.0366816093015355,-0.340869929984374,-0.0964069490574203,-0.347719878941558,0.00686066271569028,0.182043640889788
"02_38_25_rna",0.563750646866952,-0.314362840293536,0.0244133303090482,0.00979242486867335,0.357671657312121,0.226477211682532,-0.0359209546229978,0.339554240442453,-0.0619129815590811,-0.459115234550728,-0.0163986156465519,-0.0796279118986234,-0.126779184028811,-0.20424655383919,0.088554053492517
"02_38_52_rna",-0.027424383118993,0.418530334086045,0.336821791998652,0.0971092109564723,-0.071334309406827,-0.0403142776049105,0.173384851529442,0.152564960383758,0.182814815879332,-0.0912171702227405,-0.37204855257474,-0.585273571241024,0.217024180885174,-0.147783190012199,0.222491509129615
"02_38_62_rna",0.338241330324963,0.473025458650128,0.090384507972306,-0.155165031161653,0.15745265849453,0.147295327912388,0.0632309032842112,0.254040351384144,0.116284323279475,-0.385848643976723,-0.41464304264526,0.212645010694933,0.264349275231995,0.0698978769494537,-0.245475142110528
"02_39_03_rna",-0.271359380982159,0.0325541266393974,0.137676492332925,-0.150144389233587,0.340682841971801,-0.016372102800684,0.251628323908145,-0.11872304690208,0.0373310267320644,0.0252028925344584,0.437988896687434,0.299967459321972,-0.141472674570726,-0.145023198189926,-0.604294261038203
"02_39_07_rna",-0.166674379107811,0.117941823456033,0.55748710996431,0.559830283672134,-0.0238611429507746,-0.250780842122617,-0.00643100177921631,0.149382311718122,-0.00498860866504214,0.165336243655913,0.0572305490164174,0.297215191782747,-0.344152256158164,-0.1028855131718,-0.0170694373110136
"02_39_12_rna",-0.133225913021026,0.0100921262465165,-0.14824028442855,0.186050281062404,0.051412985681127,-0.267893256495168,0.478510121144811,0.0180601414553507,0.212461612066102,-0.188166072229208,-0.338868503529324,-0.473645055701941,-0.324885090114851,0.192890624645711,-0.243671696524028
"02_39_57_rna",-0.0848864309447984,-0.0106057632047038,0.232618463542375,0.314075134307617,0.0350325518361307,0.0617160928842329,-0.192069768711643,-0.158554935882264,0.302742450979221,-0.511914806820096,0.233820290342341,0.0588036745647746,-0.0849584327471958,-0.319611859562798,-0.501648696848511
"02_39_74_rna",0.323098877723868,-0.208106505271294,-0.297177023010605,0.0187503017794694,0.110459499081039,0.213695498079731,0.10333727784568,-0.447211420644011,0.115868714686793,0.00357647031802381,0.367762306910784,-0.460785360577058,0.115567175202658,-0.291538314842221,-0.189019449201321
"02_39_76_rna",-0.00835545374431949,0.0532365600834248,0.37500986584759,-0.557204802016246,-0.253075976740012,0.0551825073867013,-0.214122810353969,0.000241034512371979,0.16112144589884,0.361360598247151,0.2975087321692,0.328961933141203,0.0518447914671879,-0.25541186157639,-0.108872246927857
"02_39_77_rna",0.559277456325872,-0.281968295246075,-0.228001014703887,-0.0430264693167031,0.0160961078902239,-0.180514527509182,-0.270246506573457,-0.212559767132798,-0.0904780098646627,-0.260348279323435,-0.393400821184705,-0.00734402355038318,-0.246362336466282,-0.240596181841586,0.231172875034487
"02_39_90_rna",-0.0514068463263661,-0.029258143204445,0.031184342140865,-0.57939185183323,-0.247543935925099,-0.109351135092117,-0.0275442587009394,0.2802454430824,0.325168947682326,-0.285084191393736,-0.230228759056038,-0.287069421825012,0.102752384669024,0.102046248918844,0.404856253366537
"02_39_95_rna",0.351628731440611,-0.162659080978652,0.412802930867506,-0.296403088202848,0.190054035177845,-0.0288713674584938,-0.113229582384305,0.528575844054185,0.0494387013974061,-0.0264624420008187,-0.276489827172614,-0.404360958722365,0.0639814690651847,0.119416095120529,-0.0319071641162235
"02_40_05_rna",-0.161582952183328,-0.0822026672434136,0.0324519455924787,0.41334097427357,-0.46287815873085,-0.081539439570538,-0.182541996167409,0.116391007211696,0.220167203458262,0.108512699122336,-0.234489783902237,-0.53990870755322,0.178911582827832,0.226425639312496,-0.193502106220496
"02_40_20_rna",0.550504886574858,-0.169067397002619,0.00555142408069398,0.0284670214169844,0.163692563576154,0.0259248804968187,-0.111181625736862,0.391174506281269,0.473969750109716,0.0740795927821461,-0.15970574934029,0.0628188965303332,0.304328666546021,0.0997270337864706,-0.335446752371363
"02_40_29_rna",0.451713359473079,-0.20069772151687,0.0307305214973189,0.00533830797104682,0.082764296644104,0.0528406810891778,0.176666004067474,0.216524698773017,0.758905806034216,0.0159443687445514,0.112975659174303,0.140583888253467,-0.0559695670025831,0.217400897420129,0.0886081105776703
"02_40_59_rna",-0.0755210903568347,0.0660970781189115,0.0671138126499665,-0.645578067199837,0.0970637846072312,-0.391473792988798,-0.153211990441528,0.353022778647432,0.366533111871689,0.00796600187150887,-0.228424302431648,0.194701012277286,0.155217045787851,-0.0497960405229611,0.0825362282699196
"02_40_72_rna",0.0445942333755647,0.0261199900053933,0.36531498203582,-0.652075345956168,-0.386500984569702,-0.0197590898325052,-0.104969664137671,0.115664191935324,0.0580054657152239,-0.362791962008855,0.168330306997199,0.0505463212499445,0.217330943474183,0.160491203531752,0.160120920492278
"02_40_77_rna",-0.160339159640902,-0.0703671088036261,0.517414679883364,0.473002448906957,-0.0793955431678257,-0.273129327331195,-0.384363091112455,0.0805204776388963,0.147668107305741,-0.0530468970150297,0.298735547784764,0.172245499957461,-0.0215700625731409,-0.0928962578566265,-0.300237366285824
"02_40_87_rna",0.62134268086839,-0.368955278690518,-0.260595020708467,-0.0919115996300511,0.208497831109904,0.397348472366278,0.129912773762981,0.0536920256204069,0.216921447105816,-0.0285865973542736,0.0790225470393742,-0.0937435470986434,-0.0874274125448759,-0.113528042185419,-0.311277624748347
"02_41_01_rna",0.480579664078205,-0.168233511100361,-0.401297019885777,-0.0279110649612084,-0.290457788113225,-0.248661115045712,-0.111462169892648,0.397214533903919,0.287462232994348,-0.241083243864311,-0.0502651895431045,-0.165402863694029,0.0759270065119379,0.0147918765105008,0.293081893045221
"02_41_25_rna",0.378716607442924,-0.21584041870681,-0.0684037021783739,0.00760650689868777,-0.0977652708097956,-0.263823302182379,-0.135188700798232,0.0993819185453747,0.131794996072949,0.181498963783546,0.441090556575625,0.239380593044494,0.399614603317332,-0.458652721356628,0.16033182375647
"02_41_26_rna",-0.240458810507143,-0.0425581587605592,-0.0874247905527246,0.369458746719632,-0.264445783048968,-0.137969105208969,-0.210766363232995,0.0918349539702316,0.349632856422562,-0.103578601716039,-0.409476174513744,-0.147724350597469,0.103548748182104,-0.388297428699392,-0.412844063265667
"02_41_32_rna",0.361724553795077,-0.131935975394753,-0.389780302604725,-0.290794859671999,-0.00744688214944703,0.20587232815479,-0.210967569305106,0.508406001786063,0.304057563742372,-0.00368305990012087,-0.280074693684006,-0.0925946109884287,-0.196015164438616,-0.0878466853305442,-0.21027580347001
"02_41_52_rna",0.00764779079302663,-0.0562018746436507,0.597072637246746,0.256153205927511,0.327758809745574,-0.115019460337569,-0.373313718873005,0.153966289064852,0.382954540210601,-0.0594090670544174,0.131418382740209,-0.0201246342484795,0.221246120941228,-0.173442749051326,0.2098974856103
"02_41_78_rna",0.379284320056324,-0.202123441593778,0.0192396848373364,0.0704733956793017,-0.181560453441691,0.478373774965971,0.271553656672049,0.454159000118877,0.329604204254851,0.0060613982395995,0.0917095295839643,-0.0644197013150188,0.011307184875089,-0.207356609109687,0.322156138789897
"02_41_90_rna",0.435868401027422,0.379364383513863,0.298287849884391,0.163691890769946,0.194510927115317,0.426232663965207,0.238723903350802,0.105133285198602,-0.00833883207266829,-0.0766683609721251,0.0297006221992508,-0.160690869988383,-0.339057579205976,-0.199982946686765,-0.27418124187287
"02_41_95_rna",0.514408673343755,-0.135936152265842,-0.433652211644136,-0.0592313476962677,-0.168609117112049,-0.328279722477201,-0.315633753469465,0.0292291268042002,-0.0665078923581708,-0.360638888001167,-0.186769726569199,-0.114494094343347,-0.138556283096411,0.213159093522581,-0.203854577854888
"02_41_96_rna",-0.0712323468718514,0.091147184522225,0.122725248616583,-0.506374044499824,-0.481106424274818,0.246679432663663,-0.34621101215827,-0.122521134904266,0.0266769435591575,0.259838202364461,-0.350002503441833,-0.300203383936757,-0.064101515920926,-0.050221009607431,0.0217215903746345
"02_42_09_rna",0.128985287351828,0.626148029075192,-0.294903916957071,0.0550183379596148,-0.425739459994332,-0.192379374389672,-0.210069036510188,0.179012790233528,0.139372381092811,-0.0220246709099964,0.259269002089708,-0.0257017152632718,-0.273268641423923,-0.182207041742973,-0.105838160086883
"02_42_47_rna",-0.0839169508369611,-0.0842121205820889,-0.05550528441192,-0.367623563313197,-0.0323831113376242,0.0293657297586222,0.10950930302461,-0.197592859487327,0.0628887699401708,0.030667269343014,-0.0556434491558336,-0.168420996918417,0.665842712928472,-0.530050946937845,0.184483810983319
"02_42_57_rna",-0.144864476640583,0.010071218166902,-0.0865329351088758,-0.398911725333334,0.0277069698087528,-0.0282010508783912,0.19165458041377,-0.0778285837228624,-0.167929589587758,-0.575058836395639,0.00225542054458669,-0.124381561869476,0.0301366020606477,-0.55581579108125,0.289368826570896
"02_42_58_rna",-0.125437620206031,-0.0153892247020579,0.134313816171204,-0.44105729043086,-0.334361214270729,0.222838976817254,0.0183086000659102,-0.384966171110049,-0.229536081990585,0.0250816351037327,0.0614910431039032,-0.603540534479537,0.0859462107508797,-0.170730419449477,-0.0597845953873172
"02_42_67_rna",-0.0598381241593673,-0.0513499422094521,-0.0513240314367741,-0.364478387731315,-0.488276106089368,-0.291643651182309,0.0806696126728775,0.437699146946789,0.350267391017373,0.11085420729795,-0.336390260251967,-0.233028319193187,-0.158675189431447,0.0421567315988725,-0.0857596369056118
"02_43_02_rna",-0.0743143178475537,-0.0437216200303469,0.10153085575627,0.272639020228529,0.0423481125128425,-0.189672072280166,-0.0761791894522062,-0.131036943882967,0.473908081828011,-0.137625014040037,0.188787836145111,-0.195255808772586,0.42831919422819,0.0375309951014792,-0.587385175752638
"02_43_06_rna",-0.187734948995016,-0.0645528080839356,0.50560151521718,0.0534758404076236,0.396556986636563,0.000710275770868294,-0.0984433886612877,0.243942252770972,-0.0297239960690018,-0.0718626729574791,-0.540059133643962,0.369402147990121,0.0556510761435038,0.092465001966228,-0.17269250491449
"02_43_08_rna",-0.10813417753514,0.0229961947149036,0.308809179187136,0.144799172912153,0.217142236331963,-0.293870562616131,-0.368551806019373,0.489027145305561,-0.231840692311858,-0.496459751089264,-0.0807664417536568,-0.197006003095979,0.029871234333369,-0.12625986902827,-0.0238496229205389
"02_43_54_rna",-0.239432875679987,-0.029779484014547,0.221695885866656,0.356463586992483,0.397553404619911,-0.137378335308054,-0.0245959228988156,-0.10207204607161,-0.065978917847164,-0.215753223688462,0.449945164076399,-0.2852917035213,0.306477753978972,-0.374264828298059,-0.0942183308770956
"02_43_56_rna",0.296267634907977,0.514768900710354,0.325802162069001,0.00141235007440688,0.339308008042047,0.159078496948221,-0.0165811401653695,0.041665533150539,-0.105749162933619,-0.0482634846578088,-0.284114514759792,-0.33844302076462,-0.0603120108535171,-0.379693594337149,0.205087374071257
"02_43_70_rna",0.470123022641163,0.292836925115069,-0.152687860828133,0.142310861342552,-0.242270760480779,0.381352156128599,0.254347748387633,-0.168555493524514,0.181298181875319,-0.321189847310336,0.0229830943236277,0.11389970104505,-0.356659197093707,-0.15554388922556,-0.226944039931048
"02_43_84_rna",0.619331906605231,-0.195031677911613,-0.178410298156086,0.0897098255107191,0.110070389726074,-0.382269495654458,-0.207739970220427,-0.277759864364936,-0.210278091836837,-0.419676618101758,-0.12391436238231,-0.126699190873809,0.0411925544832878,-0.0496849982576012,0.0635801215125411
"02_44_05_rna",0.0811779022430481,0.0234235848192106,0.145807686335178,-0.214647883719389,-0.27282169637616,0.297681751748162,0.336564027508974,-0.132827196301499,0.100359309793205,-0.13819921424898,-0.130196750368117,-0.0968150669876753,0.671745263296201,-0.349898425158849,0.0489633013718667
"02_44_08_rna",0.294361514209477,0.385040339896055,0.285025303133749,-0.149869246838947,0.334982953803524,0.215794957027266,-0.122138461686817,-0.0222602057538269,0.557585524960617,-0.275697525692571,0.0270108502009863,-0.141073595512597,-0.100058437393482,0.224169065156302,0.139266321359461
"02_44_37_rna",0.0933932915193731,0.709408652225611,-0.131490868092307,0.220160348017704,-0.371358192022119,0.277131105183743,0.0499134398847083,-0.0056321103035032,-0.127609939557899,-0.0180669461215278,-0.166097459554478,-0.0448569864159099,-0.337488359374488,-0.120744741304713,0.17417258637012
"02_44_68_rna",0.0513624637240521,-0.0318570646594922,0.392438727529907,0.383901420593347,0.0245786999648832,0.0713723541874105,0.0155125168903686,-0.238531866212141,0.355076772846022,-0.199456767560901,0.557357704970395,-0.13983738311181,0.281582807580829,-0.169465938316323,0.167481792499686
"02_44_87_rna",0.6499372729109,0.24012572843528,0.134395177199765,0.10679018459024,0.154719317877726,-0.0568163100096394,-0.0396646123353719,-0.158150511835523,0.526194504085004,-0.140284039638351,-0.0161754368019011,0.116792133769027,-0.15767393762271,0.215601125758506,-0.234300471970553
"02_45_13_rna",0.0258986150162653,-0.0378695639698892,0.474986056125291,0.391199931005103,-0.157975573188031,0.164458083406182,-0.243374746625996,0.00739928647511344,0.478791136254451,0.0161651640768923,0.0502460873356319,0.27872357983814,-0.323537773312826,-0.305812174769524,-0.00676119386712856
"02_45_33_rna",0.436359905698086,-0.245816129553144,-0.40290380820499,0.0449890309348854,-0.0973138112614923,-0.10146530486798,-0.174092738699924,0.312450456971471,-0.324744823945638,-0.0631618762459336,-0.101963058574147,0.0945513132779119,0.0217247971229296,-0.359963701075414,-0.422231386265292
"02_45_36_rna",0.540674661876792,-0.159729155477891,0.241998433487582,0.184354513653421,-0.103795172477967,0.185118509128169,-0.0487779614878385,-0.41821623790697,0.179710395337748,-0.254546585322163,-0.353437659802063,-0.177565878886023,0.277726357251213,-0.0471344395080938,0.185445601323001
"02_45_52_rna",0.388150147049512,-0.13713027167436,-0.17782998511008,0.0827991048469626,-0.381331914435577,-0.345334810558187,-0.111090994500298,-0.327969391269102,-0.326987581004515,-0.418106249994881,0.0154422661504212,-0.0327477606568858,0.281881767661102,-0.133593978707902,0.164714873750901
"02_45_56_rna",-0.103402734500976,0.00621661020309053,0.0730438940411104,-0.687485123175484,0.12696938897291,-0.0218343802777973,0.276109340293577,-0.164850614971243,0.11301763210937,-0.294383111235747,0.118909073871189,-0.202816405960503,-0.106687486799514,-0.448622453182004,0.154710617593816
"02_45_58_rna",0.474167016480163,-0.325557285553762,0.133014723978628,-0.233337753979714,0.174964005993736,0.0148298307556567,0.0568633734910263,0.198799101901378,0.227910464209869,0.237781083067145,0.205959324351058,-0.0521847238718068,-0.517397581010864,0.129826277516718,0.29201230388318
"02_45_60_rna",0.235587679222089,-0.286006369068238,-0.150546409623398,0.0571819651743631,0.180039482497992,0.224547975992486,0.182887116536979,0.546311934929145,-0.0982563321195933,0.0986492938100378,-0.00947807948290246,-0.108893168337895,0.255480244697203,-0.567540215797183,0.057608759645828
"02_45_78_rna",0.460505750655743,0.21520240232297,0.294980005100484,-0.137792770721536,0.205794743974471,-0.0775134978895989,-0.382252195276073,-0.167939756530247,0.0658584956871606,0.51408115712205,-0.189624230368069,-0.236353684390667,-0.167675691029831,0.151037845136866,0.0397145880002887
"02_45_88_rna",0.672498367595623,-0.104722635505563,-0.0320149963002987,0.0168091805938931,-0.286326685686683,-0.124289244705454,0.044410012663304,-0.209757413512521,0.0350967852684743,-0.0836629965039269,0.352374623344041,-0.120658403714369,-0.492303509716364,0.0407146737484719,0.0330508759068287
"02_45_94_rna",0.204445919299507,0.179761576776301,0.231141284941534,0.0282688276890132,-0.135258550393932,-0.471914524088848,0.366092438081244,0.507609255202832,-0.221819782718931,0.272010620698779,0.214319214135243,-0.19430112978264,-0.0691214101022937,-0.0778037021993311,0.145816888300397
"02_46_07_rna",0.0929725361680582,-0.0747333306503257,0.588119734166135,0.166916260513675,-0.114569421552472,0.339237696210546,-0.314772693800082,0.300027382704172,0.110495535235408,-0.224005034825427,-0.0176704538133892,0.283041202422736,0.0900200060703903,-0.0325766353180705,0.377811601524825
"02_46_12_rna",0.357797529814047,-0.242039788250478,-0.330720864548585,0.0795416496249574,-0.0241463198292846,0.460114396214113,0.0620709928504195,-0.224152836663242,0.0248789613605199,-0.236086210118455,-0.490856079684565,-0.213546089232685,0.133747173148035,-0.0531238138610048,0.260194483313615
"02_46_21_rna",-0.103247462271086,0.0380606999171814,0.0680690200135618,-0.573163635113405,-0.00820929794701486,-0.215950179785533,-0.111072382800565,0.121441859261961,0.397672092532528,0.204656477019402,0.33693497286966,-0.0521014055333717,0.101085757822908,-0.420180003863289,-0.279137355405153
"02_46_52_rna",0.575218925887813,-0.191088036911425,0.272063561431707,0.0659259245319354,0.26792026853706,-0.331286340534151,-0.462964449081076,0.00489335687631795,-0.0330153597586786,0.020636326206023,-0.235325243480309,0.0247483876632641,-0.122886180083449,0.27400686253411,0.103270062806259
"02_47_08_rna",0.335250450464877,-0.120859504309242,-0.206485036947999,0.0122404332319067,-0.127149592306436,-0.285142227293991,-0.0312278746903773,0.333994165203522,-0.165414247266175,0.121448337584429,0.14378622383333,0.256124850112093,0.304023755043533,-0.34556508731686,-0.529133408245621
"02_47_16_rna",-0.219122212797462,0.0756003997121,-0.157212248502094,-0.602032034481841,-0.209737434386424,-0.0381845963146438,-0.139300118525022,0.286931910165235,-0.389789603040322,-0.215292176511942,0.0100938354326701,-0.201982039006932,0.226443730670094,-0.314247031492111,-0.150719041490134
"02_47_57_rna",0.0735431004050315,-0.0841697988650619,-0.00912840595977203,0.066254123925437,0.0993703666202994,-0.181967338038615,-0.143054590148595,0.208988139991392,0.237147577013889,-0.169214239922119,0.122495605926449,-0.391989484561525,-0.607828018736825,-0.414492568619227,0.284805773744855
"02_47_58_rna",-0.111721036027066,0.0375970105281201,0.154859773198671,-0.696383875084218,-0.0531787655043634,-0.291083668780856,0.0831403751096483,0.235937541458608,0.16464913746789,0.437760099959163,0.0869678352173081,-0.0418578856232246,-0.122984042499184,0.0349175008162973,0.287460011466692
"02_47_68_rna",-0.0237346158244478,0.0800977993860416,0.626455378562123,0.252911410886721,-0.0123520863695653,0.180499431952148,0.31601239567717,0.0152442414397172,0.0325670532453938,0.136917428061127,-0.127316742670637,-0.110693085274771,0.412866195420378,-0.159254213297424,-0.399614489774681
"02_47_72_rna",-0.177679319991864,0.125261262251126,0.0155798364917441,-0.782352599628111,-0.122536975736019,0.0522857098466741,-0.325915454934589,-0.249971217700866,0.172120225037074,-0.0149084006145335,-0.269146244010954,-0.0286848992869586,0.13670462961187,0.166162797630557,0.0675082750038955
"02_47_74_rna",-0.226610350802706,0.154630195925324,0.123415311830951,-0.602560067935628,0.242331194408009,-0.251947848511303,0.166919741759352,0.177863716868493,-0.123112462636243,-0.0401913864446644,-0.12044185650122,0.189097478629475,0.318728516772632,-0.442271823136939,0.0223403774617904
"02_47_79_rna",0.343469472115761,-0.134273561036388,0.239159897364191,-0.0129058815095814,-0.103205683688532,0.571573592448778,0.183715420548441,0.341365128189161,-0.106955158732847,0.0165128283181372,0.478053465598859,0.0965247650500436,-0.251847512552489,-0.0753306987840405,0.0184367445385599
"02_48_03_rna",-0.0876250167045796,0.0696431665148896,0.0462862419055473,-0.481170566840841,-0.0949593523426052,-0.218537823287775,-0.0408429412583807,0.143272518342121,0.257373981459019,0.373548656734969,-0.576562585654915,-0.258871199300299,0.185734023633779,0.0806895589070765,0.169134045412437
"02_48_26_rna",-0.00127876033237455,-0.0485977608306979,0.25246517726678,-0.165538840489706,0.374707525409863,-0.103071331776843,0.150331384740474,-0.173698121156651,-0.0503794509753838,-0.451266038736346,0.293477547505975,0.0339808095525851,0.0441467770642357,-0.57306973138802,0.280845347732903
"02_48_34_rna",0.524810847133754,-0.20500785430102,0.0313909765058025,-0.141953786446176,0.294831620407564,-0.107231074980515,-0.171740470579158,0.492902154573385,0.144087032645071,0.0239369169910804,0.275068023031685,0.25278362465827,0.316627988062266,-0.117125875722282,0.125179038629809
"02_48_36_rna",0.0158574345855577,-0.0799021504211904,-0.0488493651843656,0.018046636192943,-0.254428901942269,0.221382369216914,0.0915506463829776,-0.140583636830284,0.452600403851957,-0.264007018583049,-0.403463456819812,0.483187636607376,-0.348407899714782,-0.190865577141017,-0.141933539095267
"02_48_92_rna",-0.286189226391858,0.0276732476903326,0.0654527836835316,-0.362787814298334,-0.0943363928392205,-0.394289211993432,0.0738305940664451,0.160289259501308,0.237748054665393,-0.215716373411846,-0.334336180799124,-0.226826412946558,-0.314100511913932,-0.416881463964777,-0.217223457954064
"02_49_81_rna",-0.0985752312501059,-0.127774647668485,0.160921637886739,-0.488676290822314,-0.325985500775841,-0.149770838149788,-0.247624800645924,0.200100076446584,0.489916352816612,-0.170283043641318,-0.0158082866120978,0.0653563555570959,-0.352011502195137,0.283237155869913,-0.0391056554860896
"02_49_86_rna",0.215385693652428,0.784418931745596,-0.21809389910725,0.0474044733286364,-0.291010416797551,0.0633473528290607,-0.168508043392643,0.115291744274411,0.14569631103605,0.282519831178498,-0.00885419537087361,-0.0726271402218009,-0.0131284578875229,-0.218976132986725,-0.0597983380469575
"02_50_05_rna",-0.104332998878679,-0.0279018684365295,-0.144035406846192,-0.646807049525425,-0.343305081005036,0.0221801174432169,0.0131922915927525,0.129043700068619,-0.0456454460629548,-0.14468457039141,-0.397959559107898,-0.137942060938899,0.300499414288288,-0.305175050735628,-0.173796547453933
"02_50_22_rna",-0.150951352732988,0.0107595273740419,0.322580913585214,0.280887315993323,-0.108846374692563,0.467353128120951,-0.0699853133891679,-0.171502651269919,-0.268586158975482,-0.184890960650347,-0.452635265726414,-0.285404521451837,0.310388797759065,-0.158688532381591,-0.124029575508808
"02_50_54_rna",-0.161568049400037,0.120257963006661,-0.188790988198775,-0.264356623302866,-0.210762843933075,-0.222028400963588,0.514208701473533,0.133706981423159,-0.16088395114462,0.0245046499926536,-0.35825967709057,0.124217173576602,-0.115158442528708,-0.539814037542141,-0.0545610246150701
"02_50_67_rna",-0.0246548154542781,-0.00849934385697779,0.329528168776054,0.330236298555129,-0.2581227402179,-0.0458570337691754,0.346150062140915,-0.0102997462840474,0.449420828124573,0.231590490638233,0.139573411014214,-0.458967505941196,-0.0651291112203656,0.257955640300729,-0.191025781772179
"02_50_89_rna",0.0421516297488407,0.0241790521467941,0.311943095509404,-0.115693667926087,0.514406316970077,-0.146093586390895,0.414225905099502,-0.093237790588498,-0.191938039604649,-0.211714666707023,0.312799458547612,-0.127855234059561,0.465568206827479,0.0307723791269648,-0.0845993210616102
"02_50_90_rna",-0.255511715398187,0.00623525191613085,-0.057681395797459,-0.524418592084654,0.0225821298070219,-0.0887964184820094,-0.0319574469053891,-0.0808688660229188,0.1341068814959,0.361623226826393,0.178720570152214,-0.320700517642895,0.351314492236021,-0.316758856020015,-0.364791926962789
"02_51_03_rna",0.597361394539037,-0.0607625053640543,0.115402859204562,0.0479199571397395,-0.259214769048196,-0.260440912907387,-0.0348396718426238,-0.45889289875878,0.125561085961302,-0.117575985656296,0.219223152036711,0.230727236330235,0.280923465900547,-0.250838292439266,0.0656771638057241
"02_51_05_rna",0.312145663402092,0.103859709408671,-0.00424897075709536,0.00722517063848898,-0.447955984947794,-0.488126095602057,0.135054560797763,-0.0277833540962632,-0.433554435105669,-0.424077592319983,0.104603229349943,-0.040985491873226,-0.00935578811509359,0.196884318455678,-0.120336302315405
"02_51_23_rna",0.62288824870227,-0.23255684605051,-0.106703784247527,0.0898878451098668,-0.183520881926477,-0.0973013034044079,-0.059994309064121,0.168012685240074,-0.0568585109578238,-0.221871347681933,0.0592282376326019,0.00464851476108889,0.601130112385894,-0.207924984043977,-0.0539202598624958
"02_51_32_rna",-0.0152457327459235,0.0910987566872947,-0.296892002610737,0.0999355384854799,0.0548404347869589,0.0495323385498005,-0.175558518946256,0.176479152049884,0.28978145742496,-0.0702132042133247,-0.338875946012557,-0.154986026744857,-0.523780624940976,-0.101726479813091,-0.559870358582919
"02_51_49_rna",-0.177891666262318,-0.0192951418610566,0.149581783830717,0.369283470622405,0.0111231844765654,-0.265814521165079,-0.369037734012162,0.508212700576043,-0.0264214729049801,-0.127948211559598,-0.0207412499962699,-0.0229586556016156,0.110266054504264,-0.487038775488061,0.276759223521578
"02_51_62_rna",-0.26899901296043,-0.0127054602124752,0.278559954509009,0.406903343476292,-0.128339510229392,-0.336438087595776,-0.211456240886166,0.380065422840511,-0.210111177048012,-0.068735823548946,-0.371368620137087,0.118818988233369,-0.0967947305602759,-0.234615091525994,0.316495898577572
"02_52_06_rna",0.03069399369722,0.131663551361011,0.60725278613151,0.144420805102625,-0.0137321397290169,0.346530795406019,0.00936970163614111,-0.121432943394107,-0.111158368706545,0.253626232221038,-0.0400828763499424,-0.148245755089011,-0.0997980031660814,-0.35168516719644,-0.472329726104674
"02_52_07_rna",-0.0749621435616405,-0.0421536806295876,0.0560476393289482,-0.0147170595903701,0.118056260624719,-0.427166866005667,0.532859476898022,0.0623235328316095,0.402167010117508,0.276065450309616,-0.287715921879426,-0.165322515539579,0.0519115459853901,0.0277531375694254,0.391773007740373
"02_52_11_rna",0.238287267568192,0.680755565530585,-0.148999926312014,-0.0110533304239195,0.0357777231460439,-0.143073044766725,0.0907760206070393,0.22446260415794,0.260048092823705,-0.286686369244187,0.228170804169834,0.0453207647399005,-0.320071361084423,-0.151453036921973,-0.21858756758224
"02_52_17_rna",0.131110943358062,0.639984504016313,-0.330884917721229,-0.00218397809653494,0.150842401167167,-0.169882190479506,-0.251569387804992,0.0519097437034793,0.051163133852521,-0.48775557691919,-0.152532443348629,0.0384577942219914,-0.022620023403723,0.273314691637849,-0.0752601235418099
"02_52_18_rna",-0.116744333001027,0.0796524076919292,0.0856930214590073,0.230318658223368,-0.172413078170739,-0.18967331174424,-0.321336481627054,0.261939875606659,0.598906349450287,0.0831908814327063,-0.43490538722764,0.202011444152491,-0.0538642378002358,-0.0282689182516348,0.287755214396331
"02_52_73_rna",-0.00806278388930267,0.0822456172220642,0.605442813851402,0.333026663412287,0.229394535126778,0.0451938215048954,-0.411274953312922,0.0330875275942789,0.0103436217920387,0.0164709404875994,0.0983736196683811,0.259987421371892,-0.297041007168925,-0.197997048094165,-0.292765064374623
"02_52_83_rna",0.496464772776243,-0.123701720151176,-0.100628131006706,-0.0382907149145499,0.134360311052732,-0.0948655023198891,0.021022208079568,-0.432782740886925,-0.0230883625991312,-0.0746038774299314,-0.435116263357546,0.31082505599421,-0.0257217532129851,0.444954071738772,-0.145432114177661
"02_52_94_rna",0.167871358395738,-0.089691778491581,-0.512936288579503,0.0296870308244191,-0.0125280944820902,0.0825202557996393,-0.131656378815978,-0.0384699113248282,-0.261933860209981,-0.612805198683306,-0.0733973281077281,0.183535366991526,-0.0866645295001939,-0.220011063735755,-0.367263104360009
"02_53_77_rna",0.0759439300242608,0.140241455625047,0.359934102137947,-0.702730469212138,-0.255056028985665,-0.111400269530748,0.0302832945519371,0.24921704365253,0.159954274982014,0.058516876265946,0.050877876131334,-0.2192068683761,-0.153238791341919,0.0217746676525115,-0.327240439107461
"02_54_43_rna",-0.0591505041943296,0.000956013643410096,0.339649310363036,0.290458854135212,-0.0498850554540284,-0.0322484223321327,-0.38665541572901,0.116792668049268,0.138571139162246,-0.0779391260404481,-0.493538149490043,0.465347250101122,-0.374899846984306,-0.0527374766809992,0.0369501518495142
"02_54_45_rna",0.245916997837644,-0.112289779231762,-0.103527240782827,0.0213890639419943,0.0473357763136855,0.606537081612226,0.107783543150162,0.319005808044793,-0.0692501551612033,0.280591980338395,0.24066192244643,-0.0514072531896683,-0.375336137612252,-0.270986264626085,-0.271719464437312
"02_54_51_rna",-0.000387541489457576,0.0233993753817695,0.148050548516695,-0.565038686914042,-0.329426019422025,0.195945302270885,-0.004913160429919,-0.256994290902019,0.0689150926341455,-0.367834581533471,0.0406936577411428,-0.0987291920412226,0.171524674493838,-0.457828695879363,-0.234084477752858
"02_54_95_rna",-0.126750629495931,0.0134224463543255,0.146990547980016,0.0769256337675589,0.0616988310352886,-0.231808869645297,0.2170023276476,0.0598708176950195,0.421556093712808,0.0321421453880347,-0.484792820745942,0.373458121881564,0.0140436001256822,0.372698953375253,-0.394555801709705
"02_55_10_rna",-0.20110149197786,-0.0353153998501061,0.0504350823203277,-0.575073691432829,0.105615620173837,-0.0616973084121661,0.0286597255284485,0.396366378573757,-0.321116034497,-0.124727115533227,-0.228776871309412,-0.32154614574734,-0.339485388047911,-0.0827018604396268,-0.235956761420793
"02_55_19_rna",0.0298012697121285,0.160105259533431,0.160297705070836,-0.746711539875833,-0.0859079039887823,-0.299714196123011,-0.213508536773743,-0.330749297158432,0.223178033562266,0.136504161285492,-0.0687483475302698,0.24348043300597,-0.00522283729595176,0.0279879851414447,-0.068945408748531
"02_56_03_rna",0.24673274445543,0.801459257768955,-0.0488280958026578,-0.0484814274157613,0.112054246756124,0.222503552595193,0.041767906302716,-0.265821372838396,0.24048435901855,0.0118516758428669,-0.202318974460987,0.134369766555202,0.0534189935835185,0.0877940698730079,0.173375475467387
"02_56_14_rna",0.475535347092464,-0.284994535974148,-0.23747010194176,0.150159398444771,-0.238660881866847,0.0350264036624246,0.162415606966342,0.40608665146031,0.069534358684343,-0.0687225503460003,-0.147687057976458,0.403884868286568,0.178620536654502,-0.368254527654561,-0.0471627751982334
"02_56_39_rna",0.349826314336708,-0.0401387953464724,0.170872292080391,-0.0896485762283068,0.129965247118746,-0.262911244404265,-0.256752140461085,-0.656501092825891,-0.314748069951198,0.189876517743096,-0.212740971644696,-0.125106076669538,-0.222884609304878,0.0980544092270491,-0.0229276662857331
"02_56_71_rna",-0.23845558152654,-0.0413229694369655,0.0518830081673727,0.313042630370203,-0.248091932907891,0.188711156766656,-0.406488077510473,-0.205330826494615,0.161672408865723,0.299985790246153,-0.434556986430579,-0.146233068642366,0.408202224819432,-0.180926352911232,0.102334114826472
"02_56_93_rna",-0.142510902466357,0.0207807566053698,0.356302838311463,0.323558596007846,-0.125121517920377,0.0302714480545121,-0.158475505692529,-0.224758133322873,0.101161555702531,0.149629099490154,0.259732255536076,0.0829685029233634,0.0119684101619064,-0.335456931201921,-0.66013083978682
"02_57_01_rna",-0.208182838416716,0.0398693531236268,-0.0402508953940741,-0.0531936946785731,0.00651415697727735,-0.264008843676731,0.0760429182286694,0.236545228012198,-0.0434555838939572,-0.379221068294557,-0.306172607944902,0.231762980411972,-0.613375116698474,-0.274506045581793,0.272774647734874
"02_57_20_rna",-0.208114168615685,0.0283733656571811,-0.0731966229227973,0.282881222475022,-0.290052634985499,-0.29509803816137,-0.389834633974193,0.308340352037375,0.0273726379815467,-0.459970820112441,-0.254825236421163,-0.0842006908529146,-0.245691978449463,-0.284857022180145,-0.162448669109454
"02_57_38_rna",0.0672722142133325,0.479147757403495,0.220438884206769,0.0979705392391119,0.278777131979077,0.175032063474694,-0.0568751113298627,-0.413816376285044,-0.0478649401813913,0.202189429396964,0.208722166041034,0.285529633417764,0.193326573000492,-0.397785453134222,-0.246974696767617
"02_57_49_rna",-0.0193948583908436,-0.000454016197848525,0.157431795124122,0.10887763791169,0.130531904255222,-0.0873178068449073,0.267939419066742,0.328309932616828,0.279853581847135,-0.0153609618418637,0.108160295280185,-0.701361021385968,0.4091352223991,-0.0943090942244871,0.0172292757138172
"02_57_62_rna",0.0469461431467645,-0.0119045077291498,0.0804545845734877,-0.468027756851075,-0.443134464419038,0.142140743816301,-0.246092815291819,-0.12072895173482,0.0859201078674579,-0.201699435351116,-0.151852198520186,-0.332636336149711,0.519243958363833,0.169274587554283,0.0195703621616902
"02_57_65_rna",0.0171329001796713,0.0473839323620078,0.362563950221695,-0.498405485719333,-0.335586703692257,-0.135313819548871,-0.437201793054918,-0.0406023992757797,0.0448007343553468,-0.32285333414445,-0.0163679168604595,-0.177562125700613,0.196277994117605,-0.0198090591263678,-0.341940498048415
"02_57_70_rna",0.0544952037496431,0.68270803193821,0.0109009684716391,0.157688368114687,0.0137967544395088,0.0697092044179128,-0.27582993608134,-0.0532440772959872,0.17183024359462,-0.326781834985912,0.222888081892803,0.048743769796205,0.180992453663109,-0.277374667229129,-0.352032282022346
"02_58_03_rna",-0.104820502564327,-0.0758149480491107,-0.0865859446432759,0.175312527563522,-0.328073822724685,-0.0515030136023808,-0.432966002486574,0.285971309866099,0.673435747237075,0.200755301993099,0.107247456188783,-0.221537234044056,0.0891802387864958,0.0538276141309149,-0.0161033513886443
"02_58_20_rna",-0.0192670478991677,-0.0169520184005488,0.222753547202231,0.0557929220613174,0.265956791659255,-0.0126347730718721,0.463825630978002,-0.186873254795997,0.00879462263822989,-0.0932698608013055,-0.0826127096741613,0.113228384533969,-0.283135475854696,-0.607638859898273,0.384510226434314
"02_58_64_rna",-0.158599022481737,0.0188393098050672,0.457365940105672,0.505200314405725,-0.0777857821776644,-0.233605592507566,-0.193212737062492,0.173305851065007,0.181564996765597,-0.176708752729015,0.062327698914595,-0.0678026601878906,0.0053252381596591,0.120905627890208,-0.542928987947879
"02_58_92_rna",0.641200154765133,-0.0496349459407636,0.189040756349288,-0.0707327748310274,0.0430910200494496,-0.449294185701845,-0.00209890713594249,-0.176165750275877,-0.0258779199075675,-0.0590046746387593,0.259421854198849,0.182337850417669,0.0711929550333301,-0.303570738199299,0.330116167344599
"02_58_95_rna",0.191012875991155,-0.130065436110431,0.129395604588753,0.218312013326351,0.387501246672968,-0.331345313895776,0.0885483454771751,0.189813998297548,0.434248071409588,-0.553380076498049,0.0546326509492244,-0.211607095408138,0.111711958999568,0.0512064897881393,-0.143915797918677
"02_59_62_rna",0.400215620366427,-0.217062121387072,-0.386042894789904,0.0248849296600186,0.185806097479432,0.0035607219259143,-0.117848565316814,0.479653173322693,0.191365332770006,0.228591391298985,-0.332485185419844,-0.0905507275088256,-0.0912503266656915,-0.0119351649794999,-0.385332924737644
"02_59_72_rna",0.0708605087453582,-0.123392564469182,-0.00416165941494652,-0.115044416079196,-0.0117711157066034,-0.118973586855322,0.0748657954674026,-0.108913932430621,0.0201454182377073,-0.473878634121551,0.380942772959922,-0.047684714125847,0.438549542531316,0.465121709088564,-0.392069112793752
"02_59_83_rna",-0.109952744927836,0.138751892648471,0.140928620254171,-0.632576463975577,-0.262640065624648,0.165356074631521,-0.289127919285583,0.202847162411371,0.220284412424192,0.0847580195373307,0.00127620627040102,0.283968979984966,-0.331642079736659,-0.170926032059756,-0.228098125534243
"02_60_20_rna",-0.224460002885543,0.00389113989782048,0.621652924836801,0.362988624267178,-0.202001815493316,0.282157713619184,0.02319299540307,-0.174293569048148,0.103720768289372,0.150966258409458,-0.0262417959910677,0.213018998252632,-0.31016684585523,-0.151304715284431,-0.285209519833255
"02_60_82_rna",-0.347290721926995,0.0427134456542992,-0.159730241100101,-0.425739442615124,-0.096595987147702,-0.341090855686897,-0.0168024380913543,0.0635132025396179,0.100577560470306,-0.220508408665154,0.134919687286329,-0.00275250518663133,0.418380156965317,-0.462704734407293,-0.273346956202246
"02_60_95_rna",-0.0224725595481339,0.0173483204551777,0.408705691936482,0.236031643024419,-0.14297950716105,0.0699385941005631,-0.0675481520692171,-0.135343442191513,0.128638485546341,-0.052107227466569,-0.124538220701969,0.550935681098084,0.147827577520796,-0.515846044926217,-0.319334531686509
"02_61_38_rna",-0.211403251651206,0.0366643489212758,0.215805892780145,-0.476334770903042,-0.0433172993723534,-0.0949744179663902,0.269308996058278,0.183396234025506,0.169667910842066,-0.327372658133374,0.0951557118996741,-0.16530318349016,-0.611192100207041,0.0353532257078122,-0.127647591863627
"02_61_86_rna",-0.106849050769993,-0.00324451001966843,0.187791118329069,0.437869959358738,0.0868996881115647,-0.131435950971023,-0.20552767593539,-0.0173996182465425,0.283620292167446,0.0666588857991322,-0.290600361611966,-0.362313116442257,0.538605628727608,0.00430662094302302,-0.321695506339242
"02_61_92_rna",-0.111704152687826,-0.0504131314422209,0.236584837306019,0.282985413515321,-0.145073036261424,-0.12488749407514,-0.318558822173939,0.270268316888666,0.193681390200316,-0.11185398831619,0.489607059153844,-0.0849697893201491,-0.284119767264682,-0.334872200178518,-0.384626630557849
"02_61_93_rna",0.0222224905638143,-0.00406095849963713,-0.00671445737384574,0.152520756502233,-0.471452385948827,-0.392666956924601,-0.0603030083114196,0.217567271991095,0.17095794945615,0.412032504143565,-0.363730362799792,0.0955311605236258,0.0440503754297025,-0.102555805818592,-0.442576354099401
"02_62_18_rna",-0.0490965661590679,-0.00715212396247049,0.20681105326904,-0.707295055760354,-0.328098550015749,0.296499664389823,-0.293929801700131,-0.0243117235412866,0.109337214127694,0.054395883325151,-0.297563666007924,-0.18456820478403,0.019555677217354,0.180961172483797,0.0360874272127705
"02_62_42_rna",-0.067768660395187,-0.0171553575814967,0.204614492948192,0.178414679077876,0.0519932287264189,-0.346050369639252,0.417970384042844,0.00407778691300866,0.114916155188616,-0.365931537280005,0.2158007685317,-0.0633472003898442,-0.437591877691888,-0.484812054227654,-0.00451197892281015
"02_62_48_rna",-0.0751387001512393,-0.0235174287740794,0.374579422316481,0.202220133013474,0.213224802194686,0.0562000124277794,-0.441766380032347,-0.0240184232634003,-0.145548280682653,-0.455624281737708,-0.159302704785202,0.283063308978736,-0.272560334381262,-0.274527626719528,-0.290355253341282
"02_62_50_rna",0.582092894851231,0.0295125851996849,0.383974929394229,0.0416701766885135,-0.161915178338455,-0.407741645971635,0.113941419343313,-0.239658556749285,-0.321906852545604,-0.156310241102426,0.0932988149494209,0.0838813830237112,-0.00722548107700331,0.292928440077439,-0.136301600458654
"02_62_52_rna",-0.0338286669823455,-0.0434664144408676,0.4991481628579,0.362970074406315,0.225886206599619,-0.222234197138372,-0.246939295868083,0.14613999316637,0.100035266831055,0.443901129573071,-0.124382678339783,-0.0557921551685809,0.34564571437101,-0.258171674233618,0.146829638069221
"02_62_67_rna",0.320148560618112,0.62391474698614,0.270931185322691,-0.0764440161073268,0.190850870307504,0.417515987179785,0.181817827490465,-0.222794576764693,0.0643719312172622,0.069639938106678,0.0547879662184295,0.156286011503866,-0.0541375679192877,0.0881243202457481,-0.297374873770755
"02_62_95_rna",0.11646731580926,0.62817927939771,-0.0601350989603049,-0.0842066246146046,0.105432955354113,-0.141384243912016,-0.146866715271334,0.241818101600932,0.327250690715504,-0.119545188536334,-0.194913326507227,0.200622246130313,0.150493145480869,0.116986360223431,0.483744953696021
"02_63_18_rna",0.0254221196967868,-0.0951556329713909,0.449482300430885,0.422624190508477,-0.113301777296037,0.0185199698652523,-0.289568320504077,-0.0584354192462314,0.538012837046576,-0.165155440964003,-0.149113234145731,-0.15392732843931,0.361475826248361,-0.120126196310642,0.0380945732261675
"02_63_37_rna",0.0185779531034031,-0.0525609600630845,0.354967861687164,-0.0107992861624057,0.233749008846164,0.264604245996601,-0.0735169580612995,-0.0175296831490666,-0.363910581611728,-0.422667688659027,0.122278342225602,-0.170615116695618,-0.319427411418662,-0.187177401072687,-0.498194450558884
"02_63_48_rna",-0.123578695400169,0.00607950300836964,0.172529350149929,-0.0358755130873807,0.0642351824315778,0.00101373007526037,0.594426481221389,0.0675535427586026,-0.494855063166004,-0.126761867547269,-0.166624329096459,-0.118294915076627,-0.314052287677768,0.0516894494465197,-0.433123897276637
"02_63_65_rna",-0.239978025170472,-0.0889683990576098,-0.0511412019266306,-0.252815968303903,-0.214657293623395,-0.405859275185883,-0.159176548132947,0.0429483071456752,0.174492450617564,-0.256025419917229,-0.256090619624849,0.218007916393955,0.134932348497297,-0.586650211576866,-0.241890268649583
"02_63_85_rna",0.456442510212771,-0.343086355153293,-0.392111046893277,0.0803535738219217,0.0429693454375085,-0.3004808948732,-0.22188996886049,0.355291610109548,0.0591749008307009,-0.382026141051379,-0.0525620301480429,-0.0822695361495349,0.133183786210597,-0.257376822130094,0.0564301703406432
"02_63_92_rna",0.263881159909288,-0.0974705845041213,0.282039334359272,-0.253742784596775,0.492018341882502,-0.470140800223334,-0.0233795684001415,-0.137098220802538,-0.111849173426429,0.0988410943856465,-0.00605423890752823,0.286404755672408,-0.122642269841606,-0.418341036544115,0.00912129193760535
"02_64_27_rna",0.107420584021303,-0.162822484205827,0.181739480521148,0.184756234247717,-0.127631576289316,-0.247242179265813,-0.126197145693788,0.353129387194502,0.323577381982904,-0.059319805050503,0.144386089408104,-0.280722481631051,0.108406810222396,-0.519475876257587,-0.432735618259303
"02_64_49_rna",0.00279369448347414,0.842750442723473,-0.22261205067859,0.039255314209411,-0.0793675646494254,0.0249690550531348,-0.288023449976039,0.164881040342447,-0.15402213763822,-0.140320498361718,0.0320825960839991,-0.070815633176738,-0.135754012370978,-0.203464108554337,-0.110983103078407
"02_64_54_rna",0.108404783300066,0.781022398829855,-0.345045962368926,0.0542299246832962,-0.0997139527351268,-0.0849174212356991,0.0911213995394611,0.166946419363009,0.076423636048659,-0.132077940907055,-0.0896159503142663,0.0857318230729065,-0.371799923620734,-0.137407476594502,-0.0845259778186312
"02_64_58_rna",-0.231641066651458,0.035892053625282,0.401571021018092,-0.23403466747431,0.398129353669998,-0.220967852804213,0.351515733973834,0.0384046515259535,-0.150292419083558,-0.0431296869586722,-0.267931154958379,-0.105699974785386,0.440902504114019,0.262787931690373,-0.160594454247348
"02_64_77_rna",0.159492658416436,-0.201191071329017,-0.0884589737395812,0.0547169400031621,0.281084948124548,0.60684741999718,0.0721122790882975,0.150575817392367,-0.172887578676905,0.221331188382494,-0.187152546539837,-0.196978649161326,-0.359522477871668,-0.362210013733276,-0.186983246616613
"02_64_93_rna",-0.26208336656282,0.0365196376088178,-0.0289844905834915,-0.518022086967179,-0.0908092150192734,-0.0278624680509279,0.161485386133813,0.149772048844179,0.150581278489894,0.131257923728642,-0.0314743321222615,-0.0198723453959431,-0.350804524444582,0.127652012077636,-0.650086191459399
"02_64_96_rna",0.345072387703949,-0.211433925429234,-0.242472211911108,-0.0661237926275088,0.135700427103888,0.251270441628326,0.0807251326728568,0.560973772695358,0.0876796689574874,-0.230312090840268,-0.520654989978014,-0.151182083941937,0.075870820540094,-0.0991926161201692,0.00560984313952463
"02_65_52_rna",-0.0775938786796629,0.0460878031922603,-0.0680425976484167,-0.359586954233306,-0.248640215291535,-0.111118608419246,0.338201662755293,0.335848339218664,0.0709259958978651,-0.0689300708954987,-0.611237831790119,-0.2680965565581,0.231820735855027,-0.216061001610134,-0.0297698839181092
"02_65_59_rna",-0.22280345302877,0.0112959543041799,0.217636364845528,0.309972420714398,-0.351423561462652,-0.181889936746345,-0.646476556303727,0.341788208297546,0.0145145955252644,-0.157378225545803,0.16049337536146,-0.17068983494609,-0.166474938688417,0.0344997374712651,0.081688972700697
"02_65_61_rna",-0.0291920066783447,0.00433052227489707,-0.0291884808761698,0.0134369553503696,-0.0843579188871597,-0.406508016937781,0.583392136580439,0.0588418717209986,0.333714645884265,0.084316212207232,-0.486601381071708,0.216113758700514,-0.226415890948418,-0.0519049062494489,0.161256791134107
"02_65_82_rna",0.418087662709591,0.05677458439252,0.246218492056072,0.0516788655930815,-0.352356819566492,-0.347660979446419,0.294090517807699,-0.174206392394634,-0.229048084044063,-0.327630241834088,0.0606886099526015,0.366192385155926,0.294900305719382,0.110481941517905,0.00821565151941584
"02_66_17_rna",-0.145907955876963,-0.0384921380311163,0.0691388744022103,-0.159210494395319,0.148683631680505,-0.4132026392996,0.088606119312064,0.499945147121861,-0.16392755995744,0.0883552040940069,-0.609827978163664,-0.114473595899531,-0.147083249155158,-0.219665910117084,0.0830769036209231
"02_66_29_rna",0.512461350479578,-0.157533935187011,-0.0794554575380501,-0.128141820204779,-0.0423079285957385,-0.293957042340479,-0.258988359075673,-0.0474415980159182,0.56429598915776,0.3294250560632,0.0505547738822688,0.142074521784772,0.056263994377465,0.255500707095481,0.119031569570825
"02_66_37_rna",-0.21923026604842,-0.0201370890783795,0.55503880208719,0.369616364361455,0.23528242839017,-0.156529761093391,0.0149540655794343,0.392702739965685,-0.0958161446795838,-0.132601500512293,-0.0944066648663145,-0.20264281127204,0.355125175734617,-0.00879879486588114,-0.263852000394471
"02_66_43_rna",0.0220515627747464,-0.11556105733875,0.43575479022063,0.313770995006991,-0.0469233293758424,-0.0187205663488535,-0.37467274473193,0.200966154029921,0.436028936407284,-0.423331508056245,0.189277962428966,-0.0364837440843208,-0.216245984175892,-0.247382397029175,-0.00756248437709249
"02_66_47_rna",-0.00731029503506934,0.113515376667633,0.317406398209918,-0.167188621946131,-0.349320293045908,-0.127946470568152,0.483094330832407,-0.0810521305058335,0.406842308789247,0.476482646476088,-0.0746013208238556,-0.0660627385348848,0.1780583600388,-0.104406640300481,0.186884643252032
"02_66_52_rna",0.332833260253676,0.0274522009920006,0.0419649352701222,0.0681091547641772,-0.158631380001439,-0.564788917162693,0.0416587835351987,-0.124577447995093,-0.157920715713076,-0.563679886059435,0.345434488463617,-0.0355475486013886,-0.160142774419052,0.160211926321242,-0.0780186153679106
"02_66_87_rna",0.199351322531256,-0.197125889480544,-0.460249014053424,4.89472310397934e-05,-0.0872141180874914,0.142524286919548,0.221880964766522,-0.183804299623235,0.4565781785375,0.126806820513709,-0.157893370389926,-0.150646153641236,0.461006656632241,-0.238995912528338,0.238374185257656
"02_67_13_rna",0.341249813661868,-0.0751588019963469,0.0209315334444544,0.00545781486462431,-0.013498841417063,0.520716296903732,0.200697432185299,0.245270395308913,0.0825854087247103,0.0468489185801758,-0.044000978366034,-0.336396880841341,-0.474488302260058,0.21647980629805,-0.330983869216456
"02_67_32_rna",-0.0153674141093801,0.00661062393512999,-0.048914564360557,0.0506663103646475,0.0924446576771678,-0.188855286802294,0.527517622438341,0.0579006472793393,-0.170048491815919,-0.16185184606572,-0.195226532905261,0.166563370905115,0.268912950106963,-0.629681185028256,0.281316435287
"02_67_56_rna",-0.0203644551196225,0.0277342800521827,0.626558725042832,0.258408498632387,-0.0114725177951764,0.195847302255233,-0.176782024072876,-0.0371401146584665,0.101117809462,0.175487063118376,0.173011509903391,-0.316622959852536,-0.0115648333757745,0.537382962308151,-0.0907108507309498
"02_67_72_rna",-0.207920026721347,0.177616836646376,0.080938270999687,0.14647864807374,0.248162465366753,-0.17057740590322,0.346113456674469,-0.391100227450262,-0.0403227826802201,-0.118373642356738,-0.272799328684926,-0.156794662855767,-0.120488598666328,0.440470951326433,-0.458917098112242
"02_67_79_rna",-0.153854042935561,0.0215772719115161,-0.0204829902917751,0.145359199654394,-0.0156167000467926,-0.0631704574437592,0.402146240381539,-0.22491513038899,0.137831341663608,0.18890977066091,0.00618923435321014,-0.501481175871171,-0.149582689409902,0.101225062256561,0.631620259078165
"02_67_90_rna",0.338354387662968,0.39785799177055,0.451020689800209,0.0200074647599856,-0.121609060680518,-0.163457355058962,-0.178056693520155,0.0742666403363983,-0.0524213831002242,-0.136530347098934,-0.287593615449768,0.387024779212199,0.199861609249642,-0.108399351115295,-0.372956684203406
"02_68_04_rna",-0.147682897104928,0.038072609522134,0.399056879410685,0.351091143303187,-0.299318696044297,0.106717228990032,-0.580295567462627,0.23367702884465,-0.142551635990515,0.273139265183711,-0.252881144067732,0.0794108052897645,0.00699411234064469,-0.132724513387187,-0.138039907319549
"02_68_25_rna",0.498432294599635,-0.159217844782921,0.183468326559067,-0.107300999028105,0.0413362095680777,0.156826357945609,0.118801340749562,0.482456582725641,0.35093500985564,0.168471525880529,0.00935216519991485,-0.0120750986428801,-0.428525810524492,0.265155994805866,0.0463261672239131
"02_68_53_rna",0.362607967351135,0.0823899629583387,0.145120594883007,0.0081739145546628,-0.151873699568513,-0.378916844107892,0.201245658847163,0.086265257248951,-0.152268347577607,-0.539361708681606,-0.330251462203189,0.215144879394788,0.0943562463348014,0.368322036443864,-0.109549884805241
"02_68_59_rna",0.296930702431175,-0.141972719631726,0.341131295266431,0.0825668168670905,0.0937544471677985,0.4703890361246,-0.0324151137830615,-0.232098433590245,-0.338446735734717,0.319306390606797,-0.130518025821863,0.0822079599861175,-0.182225802397596,-0.412416051041869,0.199806883895526
"02_68_75_rna",0.0981669344524354,-0.00729027692455004,-0.156145240830896,-0.150578647818182,0.213950965813951,-0.338327383467273,-0.310532028623463,-0.665413501069577,-0.0839159416992741,0.240437885896524,-0.0825523336003865,-0.197666180979326,-0.280096985862718,-0.231469191836005,-0.0322142772136047
"02_69_11_rna",0.512217905028949,-0.198122386533189,-0.0132677549911367,-0.121598674168581,0.165938316185924,0.0999995022905428,-0.0296425912176109,-0.492472844839511,-0.314540283505297,-0.345724510089744,-0.00563617937798036,-0.00324812041794915,0.274822926209598,-0.26993267980138,0.18862613673857
"02_69_13_rna",0.434105490810572,-0.211039089761593,0.286768242477377,-0.0180529012499571,-0.329939420928905,0.413723494621153,0.11591211075794,0.33064871001864,0.264016242145119,-0.0370562712920442,0.157321268537627,-0.0320045088647926,-0.425987015588888,-0.0100181829197567,-0.0569591085078419
"02_69_95_rna",-0.00876434439659243,-4.35024028517007e-05,0.230872705773518,-0.660240819289822,-0.423096050800963,0.237506155429672,-0.356112802208432,-0.215689869013719,0.165471618016721,0.0652984398512117,-0.00357035948450861,-0.16741990273213,0.0795381988901007,0.185155772735826,-0.0406109580170814
"02_70_10_rna",-0.0519806569861573,0.0414024225610639,0.256295256431613,0.385819575308227,-0.116249592319716,0.0100181762083538,-0.130820173414344,-0.051699512730506,0.14341474372181,0.0823261453847027,0.0237737048073722,-0.108042845936196,0.344292101023582,-0.509885565999079,-0.574051033286095
"02_70_27_rna",-0.0687554445014602,-0.0309993263593692,0.158001517120203,0.490303968652268,-0.155491281596577,0.11005114286624,-0.217504229369282,-0.371892601408851,0.471317576386419,-0.215292811798382,-0.140776261502648,-0.324212554277299,-0.242816018617191,-0.0729121677419118,-0.222147446924153
"02_70_53_rna",-0.159815238206867,0.000470381478102617,0.0525373688167184,0.238484596463034,-0.107640962008726,0.156089375582217,-0.540373535824278,0.114159528095701,-0.0429533176813273,-0.478279415726029,-0.368925712698764,0.10257961410936,-0.0418730677383073,-0.44142412098668,0.00195203506392453
"02_70_82_rna",0.467548559153945,-0.304004059884345,-0.488578214729531,0.105800608460532,-0.385743173646925,0.251850922065225,0.220546608973677,-0.167392497680317,0.0980667814731329,-0.244608027645731,0.0180094746683966,-0.209001792500959,-0.0904662148432776,-0.0570736357731598,0.159034243438718
"02_71_25_rna",0.385541012729433,0.164348683339077,0.537820242976192,0.0449960651421274,-0.130481992850342,-0.166369912056226,0.347838737636879,-0.156903465934587,-0.26834860986574,-0.201657360976042,0.0155953511032639,0.0923933683197871,0.402869335261177,0.242209689327343,-0.0182138134418624
"02_71_40_rna",0.317096617090409,-0.12387129922822,-0.10854506391507,-0.141410452112576,0.462060130119819,0.167773832612601,-0.217213644343482,0.560121474441771,0.0476259477156814,0.176596745907385,-0.0126104214694606,0.154412169332138,-0.0459861172256281,-0.123410657309843,-0.418281649096791
"02_71_42_rna",-0.133831571833247,-0.113267277813437,0.358356327321646,0.492823125944934,-0.146045626035877,-0.169679760015453,-0.194868620419309,0.112408522061325,0.0328278276596346,0.109314518558945,-0.326287906625765,-0.305172912786518,0.451826031558735,-0.13019631560138,0.252024332406193
"02_71_70_rna",-0.265514591057068,0.0589945652758991,0.142054234036992,0.45595659875947,-0.227225198164097,-0.110415014061641,-0.595130895237645,0.11956601174804,-0.109575454676739,0.138759122939966,-0.180084261789526,-0.172061089145831,-0.0845086523203197,-0.0308860164433631,-0.405283043888068
"02_71_78_rna",0.283677372827206,-0.0394442989619119,0.195850563216128,-0.263891616420265,0.0587771186604061,0.0785253053162894,0.15924426554038,0.402491137506561,0.040275636677375,-0.40140202308447,-0.00279188641663442,-0.551204158910301,-0.223234754040981,-0.064989957651769,-0.303906665740094
"02_71_92_rna",-0.104075107384806,-0.0629295973033334,-0.0162008403449611,0.14399543385107,0.386533279363602,-0.376048025857668,0.422205974523402,0.00343385536825593,-0.223562477211761,-0.456371182815267,-0.235634914785209,-0.263450213911451,0.0755290039956134,-0.323979202125239,-0.035629982653687
"02_72_39_rna",-0.0995312472928625,-0.0451359661257885,0.5210359177862,0.262415715890518,0.155161985148672,-0.157420238019684,0.213136021023256,0.262478244981319,0.139189299219798,0.249269120737278,-0.236072500374332,-0.0500997167412494,0.00783268760012559,0.0540805455736428,0.584638910148364
"02_72_51_rna",-0.00997375646637178,0.00945868496183595,0.350726107661371,0.184353645961422,0.148379469849362,-0.120034820005218,-0.395240591281795,-0.162097184505225,-0.075501955756232,-0.553067928191878,0.0793429099696693,0.140356912130958,0.27677223826734,-0.389721262957524,-0.240489017293568
"02_72_60_rna",0.694858303059508,-0.156954646065945,-0.145366179182397,0.0827339051910286,-0.069603356995916,-0.364591047561385,-0.0601605493324282,-0.0369346631746744,-0.055116181141054,-0.408296468630041,-0.182720622833836,0.0213721179583066,0.343646722857865,0.00225657941426125,0.0109853032168659
"02_72_85_rna",-0.191684181028385,0.0567586286013259,0.430932387427085,0.310934953760848,-0.0410229644056171,-0.0657118771206473,-0.0281418618082047,0.0685596491351708,-0.0110429924545917,-0.0456922722359839,0.253871670311016,-0.214971064940354,-0.224008686542352,0.480681902618744,-0.521585028749727
"02_72_86_rna",-0.0527161542729867,-0.000127935696632452,0.0933029064623695,-0.200963634091068,-0.242370753749541,0.0754467167490936,0.191078152753788,-0.164052326526545,0.417715368669059,-0.226681389528598,-0.603040712924165,0.248481274399318,-0.206688147947836,-0.114957530610477,0.336247690537045
"02_73_29_rna",-0.33495930770777,0.0824405811899546,0.282247145368253,0.0546472873646565,0.126412696374009,-0.228362646582334,0.362518560514296,-0.310356715765657,0.231224831529649,0.468002558289961,-0.137971710719652,0.165911207503913,-0.0608353763216941,-0.381782991460361,-0.184315314541443
"02_73_45_rna",-0.0892466727690962,0.0615161819780862,0.558043184859866,0.230500460359172,0.112216721204666,0.174582398216907,-0.341565253045286,-0.089776838163947,-0.215478590630267,-0.0898420780517194,0.275296705909965,-0.191906136644464,0.439478070800482,0.216192928572232,0.221157416022985
"02_73_58_rna",0.0906921775499655,0.554251703226538,0.0050583712193025,0.0674355222495473,0.247603189057962,0.0657650027977463,-0.152364010205197,0.265806316373066,-0.0904888251323425,0.0522755028824479,-0.482524831217072,-0.0140451016296873,-0.230522445186874,-0.324682940774143,0.343509292896131
"02_73_72_rna",0.494656682583779,0.229671935979207,0.682272961194971,-0.102449796185673,0.110879680972973,0.169926254412444,0.322677203515364,-0.0472925413604682,0.0854730827795244,0.10708318986641,-0.0583153066059093,-0.16341963499038,0.000486994683960113,-0.110371094364038,0.134110741563552
"02_73_73_rna",0.654465480093245,-0.191503579543339,0.369179636394497,-0.00667619705173463,0.141832232060272,0.126476723179541,0.253052511407907,-0.0928929986459467,0.32760411757499,0.193106423692802,0.0710730814432759,0.11782151041895,-0.263518264998276,0.131634578942576,-0.198917908345111
"02_74_32_rna",-0.115982696927349,-0.0244086302276096,0.137624556756505,0.30633743659726,-0.44515919843808,0.245213643124646,0.0670267401876719,-0.188119678128077,0.261695345071792,-0.23936573101965,0.305117468504991,-0.377603039154746,-0.0565052601731963,0.457717397205408,-0.0288419391932831
"02_75_20_rna",0.00707940189979036,0.00137937047241128,0.101616235728743,-0.483351004222495,-0.236843874397833,-0.0605422824544167,-0.248127000457387,0.226531936671931,0.377195177885129,0.14869915232455,0.0403594226678016,-0.279375873460864,0.521653175401909,0.144894531129175,0.214862628012443
"02_75_51_rna",0.0289602396429072,-0.118404418075511,-0.264127984980471,0.162791442242326,-0.104888343786914,-0.536524734028441,-0.54398875075672,-0.0911542886400878,0.186111823559211,-0.287750452143729,-0.22007628834802,-0.0627628366357742,0.0908489167308669,-0.203728746961452,-0.257321246822206
"02_76_08_rna",0.288291293005626,-0.133205745383281,-0.0307065533154272,-0.0595040473822721,0.579029603005045,-0.275625600110972,0.0493916858863263,0.505625356403533,-0.0113946233836654,-0.237430945315825,-0.106569825592009,0.0793155824384459,-0.273599745601508,0.225519206398087,-0.159537862620515
"02_76_12_rna",0.0971317291182148,0.662089118231499,-0.351179631812285,0.201535406237412,-0.252786695689335,-0.189823383073674,-0.0383458124657412,0.0731822326380959,-0.12853539928946,-0.482973112811455,0.123078328087945,0.00357746761461147,0.077393627722703,0.10151153859763,-0.0161209923685301
"02_76_26_rna",0.204269489930635,0.0735575833743941,0.305081835247074,-0.0870874248387734,0.396979486063069,0.122364754552182,0.0835356195256795,-0.419966188737838,0.522300710754043,0.244624991194135,-0.112842117056302,0.159742701436104,-0.321906421106222,0.146643677316376,0.0164274728348554
"02_76_32_rna",0.0650935195460439,0.022582167663215,0.304205396462635,-0.555264433898972,-0.163188299950812,0.117118865666663,-0.39084782488603,-0.112715913938327,0.0153014705760405,-0.281847187094915,-0.159149526932764,-0.129943848539849,0.163130113493839,0.446762776710924,-0.20120848655881
"02_76_78_rna",0.426170656640213,-0.102240893456872,-0.236529318124357,-0.126467386622903,0.208285167182507,0.297271831387519,0.078112333528743,0.237959484709601,0.0502588787944745,0.10049815866517,0.0188365347442246,0.491217917508001,0.123765380629242,-0.307716200235606,-0.420978533479459
"02_77_04_rna",0.0272030343866194,-0.0309565592603204,-0.0660152768184875,-0.378318099708249,-0.392552083649078,-0.267702184219163,0.0124772362058512,0.377028118112458,0.227716141869938,0.0953420696893024,0.00944408739924909,-0.623412442427228,-0.16347042328098,-0.0792572426529046,0.00838441731297995
"02_77_32_rna",-0.140088839201847,0.0317196755673345,0.14116448616177,0.301784950885906,0.214403142403282,-0.158035963783514,-0.230359542760041,-0.0368562558286943,0.0633470645934067,-0.145717126153939,0.143070409478512,-0.217279141226742,0.201629346944412,-0.29072065582337,-0.724500409056753
"02_77_96_rna",-0.15710730496318,-0.0431807452392918,0.420141975799274,0.340296643431313,-0.19784108140195,-0.046727454047441,-0.394115291519258,0.453686809267941,0.020093718794744,0.271133160811352,0.0608615209598455,0.128113287894289,-0.36202213105912,-0.210976317444193,-0.0950967015699238
"02_78_10_rna",-0.188153844687333,-0.0089077998896605,0.357747170876432,0.0850271647112997,0.0917531837738987,0.133568021973095,0.0888588246510415,-0.102054735034942,-0.337393131830281,-0.46067996227652,-0.0406872648919943,0.212921630652296,-0.0183607078196478,-0.610408015627102,-0.196849468952493
"02_78_11_rna",0.0183316622514524,-0.00853019552008857,0.547155317966974,0.141679410876387,0.0292628863402974,0.116954696456757,-0.306343379260494,0.179274895947533,0.277801562479928,-0.0784477421035985,-0.467587827922467,0.242115460475518,0.0341230676776822,-0.105195229181017,0.408414332796397
"02_78_15_rna",-0.157922499897223,0.0966033065940389,0.602871952496918,0.280765926575609,0.148151382662904,-0.0153637631940832,-0.011378736153311,-0.0464950629051163,-0.118381649745829,0.278553742048973,-0.0204818713978197,0.272486206544288,0.263895904042025,-0.461399304341893,-0.223971061515475
"02_78_26_rna",0.549619779219168,-0.198187755903355,0.300838099097834,-0.0276337468374893,-0.0157316829215206,-0.0334016636396106,0.454704787098833,-0.181733121019524,0.162119355682878,0.238351832398573,-0.284952914215979,0.0747766169093852,-0.056308578998311,-0.273345389375689,0.280095792519849
"02_78_31_rna",0.00627026542090863,-0.102848273961492,0.369973888164104,0.283528320167349,-0.065133021584549,-0.309497669301899,-0.228035438503886,0.125300798397403,0.387219154647528,-0.50450609084581,0.281189408837356,0.162805275006426,-0.0447236323645872,-0.247479167809463,0.176346558025804
"02_78_87_rna",-0.0480331152685862,-0.0679514600556138,0.320480528072299,0.185239319451107,-0.46403057112988,0.106953924013784,0.215211102617349,-0.235237600659296,0.372264657159276,-0.019767659211464,-0.446495376882425,0.258790465844055,-0.0930444310278452,-0.321816664220716,-0.100560383281338
"02_78_88_rna",-0.111466949902876,-0.0688805165679953,-0.151214750574257,-0.515059404068136,-0.0846087399297773,-0.197277997416842,-0.274616583743655,0.0330025854466976,0.149534670792286,-0.359524516804703,0.302709121188928,-0.385696032222789,0.202993317304108,0.0639380440903847,-0.367138556307687
"02_78_91_rna",0.714072808687766,-0.153952938555562,0.151895136942111,0.0252418952318697,0.124851092162658,-0.110032396870185,0.0384697868316705,0.178016120061747,0.0704160281508815,-0.301637041754021,0.12123152916787,-0.0492398034171077,0.0507982267933714,0.457562501860573,-0.238360602423175
"02_79_80_rna",-0.216093695896683,-0.0625315763120123,-0.0356318309499469,0.229047990944931,-0.0508935862951688,-0.330022053728265,0.298769528144807,0.253658145551147,0.179727620865997,0.0248329691313448,-0.350915554092467,-0.0736063283522275,0.151806026689886,-0.373344183318113,0.553751792328639
"02_79_91_rna",0.0419934077522092,0.0389054300187218,0.117441851036999,0.0219712489981945,-0.125908373807516,0.681318074426837,0.213621746345076,-0.350407867152349,0.147247092466369,0.118309232230604,0.075817943890455,-0.455269256149467,-0.266132520532431,-0.036850118202467,-0.114449768351069
"02_80_06_rna",0.313770928220459,0.337127362943378,0.468453226646387,-0.0044753234997717,0.400672379794994,0.157072393614401,0.0136400707018626,0.303832628492715,0.116346210574494,-0.248026733932969,-0.143227055128277,0.291597768912728,-0.106729166732478,-0.195591296728633,-0.245906610824709
"02_80_26_rna",-0.143519002997078,-0.0121514529916079,-0.0932121286724962,-0.102202241478655,-0.518739892525677,-0.162525368139788,0.314707959696853,-0.010159701119469,-0.0113935906063744,-0.424518972027222,-0.173933363904181,-0.192806769291183,0.0448286421767928,-0.554408416520786,0.0912097128276232
"02_80_32_rna",0.173520756388686,0.64711761313231,-0.324367923837011,0.0632369250851679,-0.429021817780594,-0.140705567363336,-0.0666430853876808,0.110089613353845,0.361321998571741,-0.1100995722463,0.154122174161279,-0.10456587775237,-0.194875330358082,-0.0783136930485983,0.00494811382120046
"02_80_43_rna",-0.00381850259912286,-0.046519511580778,0.280968529607023,0.306813765096622,0.0151565765213364,0.0211997256165393,-0.279957170286472,0.00556348780853537,0.563948064858721,-0.117826530586085,-0.267312627051289,0.363945441979876,-0.062662166177692,-0.452642523414272,0.0318213084058754
"02_80_46_rna",0.0083956422686901,-0.0189540684353042,0.0709183415773209,-0.556406927095281,-0.0317970295877369,-0.210870916064485,0.109387191933316,0.108173260735162,0.0799925297290089,-0.623204485656987,-0.010272247318414,0.264333133510548,0.330077315346129,-0.167403428357563,0.118627434160306
"02_80_51_rna",0.0285922016804183,0.030667146992065,0.290457929391378,0.278473122377329,0.159224568408381,0.217533068009434,0.0430553270894565,-0.00901818083745164,0.0521951154996227,-0.27396396590343,-0.246901385570217,0.236004848350274,0.217512164525283,-0.612802692957765,-0.380056425122709
"02_80_71_rna",-0.115886248757896,0.0437618262299333,0.274747026176496,0.360303498608386,-0.126712903891648,-0.00359489641853537,-0.635402123721467,-0.0215904991473744,-0.131980088260977,0.0101271723657676,0.14802446062069,-0.331855064942438,0.330222245585164,-0.314832584807937,-0.0367835875333375
"02_80_83_rna",-0.17847021356728,-0.11347346343664,0.489171081496107,0.512403510053095,-0.190562006945429,0.034931632749006,-0.453052552716609,0.228244622672012,0.0138377030259147,0.200398919232931,-0.0471747149392794,0.0478821736706973,-0.0304692830839459,-0.271827145973246,-0.197110099891991
"02_80_89_rna",0.362500830755735,-0.219068967484966,0.102480032678724,0.307004491742928,-0.281663532195924,0.26484555830099,0.200577269418498,0.152720642228851,0.478557162514673,0.226815008894875,0.0182930964111976,-0.237511040422433,-0.0135999504798076,0.261733715512274,-0.311316615691229
"02_81_32_rna",-0.190606592032888,0.0652630269579852,0.435024038764666,0.435074507851659,-0.0985363718482485,-0.0693367420027315,-0.0537320590842488,0.379495093188772,-0.133118141036331,-0.0312224787504175,-0.304218163933954,-0.527609011689254,0.0264330357590504,0.0399992935566871,-0.165950505887232
"02_81_35_rna",0.0208438953221606,0.0361991182151685,0.559810816603542,-0.655066971172256,-0.0703295416941989,0.389506963060058,-0.164284405764842,-0.161469114203207,-0.110895747783973,-0.0185717466621747,0.05890915636901,0.0425497962412671,0.150965103846849,0.0357983944692853,-0.0635229965749618
"02_81_45_rna",-0.187699712422841,-0.0433849618079249,0.42888941912706,0.31446900896355,0.0881077144208874,0.084453508544103,0.470670949372219,0.0673131871937182,0.293452692798671,0.212768910091505,-0.384814120082203,-0.253921888369625,0.168991413321098,0.0598980980292654,0.251003775000893
"02_81_63_rna",0.469292324779786,-0.0658136429313877,-0.304122765253578,-0.0272958329003532,0.116802124387938,-0.602599227389064,-0.198904906806627,0.0121037985896421,-0.0324761107403692,-0.00266180846916633,-0.210878553574462,-0.304670632575583,0.145636830320305,0.0449435798858485,-0.322697345884161
"02_81_78_rna",0.152887874441212,0.00324258113016157,0.0503548690689413,0.06196038149379,-0.163768193199433,0.130072549172056,0.0554006733486326,0.132644635800129,0.290591161217446,-0.502276632317356,0.278683398367081,-0.178600227442351,-0.426279779411192,0.225349559887741,-0.476500753454384
"02_81_83_rna",-0.0858944905456971,-0.113849302075457,0.357758553941081,0.00309473363027729,0.192905939285142,0.197198318791576,-0.152873345502598,0.228963545041129,0.0259327066742147,-0.266952523308287,-0.0106904358477521,-0.287463805260574,-0.301963490591043,-0.65242993166863,0.168025665989543
"02_82_42_rna",-0.0888944502540742,-0.0103231983604499,0.227161763576281,0.392622542450106,-0.43476120761766,0.232118344929173,-0.00762449925685308,-0.00566755735221138,0.626874774446061,0.149369897642467,-0.26705691895381,0.0542804405380103,-0.159461349932267,0.0242041392713073,0.166393860754456
"02_82_53_rna",-0.235768793242295,0.0324366080686822,0.320267106825802,0.354116110857585,0.136617828274252,-0.1506111544782,-0.482080528325359,-0.00224547916983163,0.18398957406237,-0.105152254934041,-0.197247217293969,0.287406304881419,-0.158397874752708,-0.499408844007268,0.0268288089148241
"02_82_55_rna",0.445738306089793,-0.128495946511144,-0.328383647677498,0.0314451351738386,-0.195968751266135,-0.369605050325869,0.0485827432510875,0.266283310386268,-0.340808414937779,-0.5000491579864,-0.0813422299899097,-0.183912411474939,-0.100785744417262,-0.0522144369943567,0.0904368581780301
"02_82_73_rna",-0.0512665561787063,-0.0504492867847271,0.570032154030517,0.377742411969247,0.05422550958912,0.0975586825819636,-0.122892989072869,-0.159723165620015,0.351213310559944,-0.109077112780183,0.173175526036849,-0.146270477893405,0.457072972153788,0.157423323305602,0.231942057964661
"02_82_75_rna",0.45046393984863,-0.364257797897223,-0.330101565016768,0.0568179623768719,-0.0504691941539351,0.132339314163892,-0.0085465974591744,0.48467514332071,0.118467901239869,0.128190163823378,0.236069917336852,-0.2995997752443,0.0633171303018568,-0.172462004916706,-0.295720651842715
"02_82_79_rna",-0.0821126497456694,-0.0137053857470796,0.286371647165077,0.183485114348119,0.0485661132055392,-0.0521509468143159,-0.414631050328318,0.269329446938861,-0.068957491840503,-0.300478282008456,-0.421382422642388,0.0577154383773091,0.0902992029097874,-0.256017233788048,0.527468670685038
"02_82_88_rna",0.314919747254496,-0.188129522510026,-0.172896808672725,-0.0540505492502225,0.406513818991809,0.251840108578333,-0.067124962494132,0.1783287785695,0.13465851989462,0.0530414579067151,0.202832911056857,0.212596442755113,-0.255810204962797,-0.626394804754082,0.0504000510599965
"02_83_10_rna",-0.211066659514552,-0.051111459925578,0.328181877840057,0.0870585937052839,0.430650105681845,-0.326275046698148,0.346889510525664,-0.264806923861677,-0.022078565933823,-0.238894310196161,-0.269870822092695,0.420673286406841,0.0463793390112636,0.192444990102737,-0.0929819059372186
"02_83_27_rna",0.36625371361175,0.405280694448872,0.372077860275179,-0.0132667624670969,0.236494866070928,0.150396136996162,0.146853015320695,0.43192416835843,0.0631456511060823,0.109807212103546,-0.286303674350788,-0.21443369256832,-0.291116623299733,-0.0395216150895597,-0.21449306258622
"02_83_32_rna",0.139144778709817,0.759570050925007,-0.380189301297312,0.147801568413618,0.157045013384518,-0.16482538967502,-0.0968196735173756,0.0579291486853829,-0.00457349310945452,0.0224107743839139,-0.112969616638506,-0.282606681942791,0.257254339161893,-0.0367203974996397,0.109829257810467
"02_83_75_rna",0.424492796852076,-0.235501009271273,-0.0420833415271587,0.0926079621375518,0.0688027221025409,-0.146368100025125,-0.170642269115337,-0.223201971477466,0.12176655842079,-0.491940468971176,0.444597365653685,0.0577081841306153,0.0186641489176842,-0.189019421913302,0.393695687397353
"02_84_30_rna",-0.119518317397468,-0.0178655805523692,0.347645947816109,0.269595244898768,-0.325646444565359,0.00125254075195384,-0.101473743295103,-0.550961539447221,0.478304476873578,-0.0807602664705296,0.15962545872362,0.0886983410053945,0.298206956306505,-0.0862576521843402,-0.0833146453558545
"02_84_47_rna",0.365766051563436,-0.318671533726885,-0.500833346471235,0.0720339885037088,-0.193588164965914,-0.0163081371717236,0.00308661507487677,0.0844088806253356,0.305659848764687,-0.238139388272268,-0.0327916003916108,-0.220016852940042,0.288431913787965,-0.32107617804798,0.279034220797173
"02_84_62_rna",-0.0294524027295917,0.0183202805595294,0.40524818506294,0.119076469790598,-0.0466486726253452,-0.16522758326731,-0.360108205099452,0.390233658954949,0.108502813966834,0.0896936008959579,0.373962256197165,0.26081010492551,-0.44364048989355,-0.290021196533409,-0.0183979336965791
"02_84_63_rna",-0.0432131977867306,0.035187479287218,0.516522621075458,0.259096739303673,0.209077985748132,0.0555904195043769,-0.0821038099650874,-0.257338728023275,0.501475496796232,-0.073251961067041,0.256686737395311,-0.310924307837625,0.19425559861176,-0.0944030551975075,0.27775324039986
"02_84_80_rna",0.478133779506477,-0.184546401241901,-0.357799578596992,0.0203155323411319,0.331409194416071,0.0906799561409049,-0.0779096293068184,0.256251374138297,-0.0383857800910465,-0.0909381957534877,0.141914576018569,0.170059263715602,0.307976377531326,-0.361381804466731,-0.367230837989186
"02_85_17_rna",0.0630742800174976,0.0189945523796326,0.444435187854074,0.36623666078048,0.196498427803397,0.158649104309888,-0.522504932641612,0.0855604294877925,0.0534781140199381,0.106855543143061,-0.010297385889402,-0.126083787678275,0.527442198664664,-0.0968718657162098,-0.0451126076681958
"02_85_41_rna",0.172441457900136,-0.166313871685436,-0.418388804421289,0.0327424371369849,-0.351036476758501,0.282508775782117,-0.0020547085139274,0.370719303248045,-0.0828138736186431,-0.0371707302388708,-0.0070108362613325,-0.381306484379107,-0.521392844115523,-0.0126728987186391,-0.017687646229661
"02_85_73_rna",0.380576829657933,-0.328691325763181,-0.24569331168697,0.0855724055959972,-0.0127900818279627,0.00504606907992154,0.0215466027221745,0.0735489297412607,-0.257206090792185,-0.562411841278468,-0.132317416179864,-0.383040755703751,-0.137767892129449,-0.13406485835181,0.299548241648908
"02_85_83_rna",0.383947745276338,-0.214675297038569,-0.159764332230641,0.144648896622629,-0.0468724010643738,0.320957548073802,-0.102230462164802,0.0307661010644172,-0.499503614620381,-0.0484514489514713,0.016157728723413,-0.300157166785106,0.291256622106922,-0.409381773088964,-0.22093359550387
"02_86_58_rna",0.340648945186049,-0.0387975073175819,-0.0475019181192512,0.00989503847002587,0.218115162075706,-0.529552537729396,-0.107664520853042,0.170892116699391,0.0431177239228006,-0.457615768199044,-0.0850824573686451,0.488591036825919,0.182896756040106,0.0998030881568318,-0.103244330594678
"02_86_60_rna",0.603387655562613,-0.21482290092539,0.437629121725142,-0.267076318115696,0.0295166133956485,0.0726865809616733,0.129116195265175,0.295834509069071,-0.0302262232615702,-0.122688907064138,-0.11311192994273,0.00437831501353034,0.350050045051961,0.196665970007439,-0.163063250585577
"02_86_83_rna",0.337849734016568,-0.182656949014979,-0.270477221160773,-0.0642341837230996,-0.193023073148787,-0.0486770223345489,-0.178954390872933,-0.175833223655973,-0.426594881006041,-0.509268803590827,-0.296931113790771,0.0678313611419926,0.0369996607742762,-0.353816921086256,-0.109444998075602
"02_87_44_rna",-0.0788219371103652,-0.045531411131739,0.303454575261572,0.395957605243868,-0.0375114655462956,0.178025524788021,-0.00864724223575894,0.0375400041820361,0.0813587321327742,-0.289006079181577,-0.357383705006312,-0.596577575106228,0.291470433177592,-0.21662039503486,0.0511036438379077
"02_87_46_rna",-0.175021477484515,-0.0804641576882504,0.141352246799861,0.45216026071315,0.201266767625745,-0.20840408611411,-0.421982679124569,0.221516028897648,-0.0267409622509775,-0.188840159336391,0.198249890689014,-0.210531307954984,-0.0320844163038826,-0.27502405884326,-0.480327551743468
"02_87_52_rna",-0.159027290836741,0.0866646928028402,0.104794121764333,-0.311682438639938,0.0615526585299804,0.126919834634838,0.13223867508239,0.305281417451579,-0.144095346269421,-0.0358719740925066,-0.775248130250778,0.0597301228645249,-0.303764543327806,-0.0477291155265319,0.0855104170516821
"02_87_73_rna",-0.14347770344494,0.0255656558476983,0.0720614639976714,-0.54980071054458,-0.147924029347954,-0.295290913490439,0.111004371517093,0.348085485578431,0.0534279531068432,-0.139645071279037,-0.514048090563341,0.190579557264758,-0.115862022950429,-0.29994621391233,-0.0490929054378753
"02_87_81_rna",0.111932159401608,0.593553251143109,0.384608299431913,0.225876028162158,0.00596645437543495,0.283987191704957,0.0942951358016274,-0.0103550467866564,0.166878473250283,0.233886607881784,-0.291028373987171,-0.134300499627411,0.143022024426362,-0.352785224441306,0.127831371334021
"02_88_14_rna",-0.113342605903245,-0.00874006520732767,0.425655610814669,-0.0400227563500054,0.358708499790887,0.0889284859199636,0.267042185848114,0.253789743853068,-0.259257929078935,-0.0961426291625986,-0.528364819934605,0.227193828315777,-0.0703362639995366,0.344325449429826,-0.0352138567216993
"02_88_16_rna",0.444199331910586,-0.179080307160187,0.0760598592907615,0.350616060183305,-0.321772789856561,0.144107537516705,-0.0490537959133308,-0.262368689006105,0.0307434528513571,-0.394193521630853,-0.258838973555467,-0.321750799684894,0.30887794785233,-0.120257279517644,0.0981319268831074
"02_88_30_rna",-0.0308433045954131,-0.0431185878300844,0.33325647650103,0.265809821783918,0.0136428688067091,-0.0339195877294407,0.140995517622655,-0.372787139398703,0.446772692842617,-0.225563812128004,-0.0570731681583927,0.370917646020191,-0.326004615088035,-0.103438596946903,-0.383389374403276
"02_88_42_rna",-0.109821291713248,0.0904821977335939,0.0217618825405558,-0.399058243644281,-0.163862664272064,-0.189088886574995,0.207491995249835,-0.264975220647025,-0.144212993083563,-0.0789876021489195,-0.0550105054077113,0.357436826582238,0.0160801154720616,-0.697144068698304,0.00829017519648491
"02_88_55_rna",-0.112313319473782,-0.0715435220477789,0.233109845018115,-0.364662312706381,-0.0823023493494486,-0.0929579023284085,0.339888064341653,0.236908550059349,-0.18226301722646,0.0364881575869677,0.218571700405667,-0.540824486023878,0.321913707405874,-0.300979295374661,-0.197106970014625
"02_88_57_rna",0.181465903570102,-0.228005639915518,-0.324651028455031,-0.161102694928419,0.423081274972682,0.0331591486811288,-0.0327307026465419,0.10949789328086,0.158850146604353,0.0721251500218623,-0.565417482265213,0.419061852015737,-0.0165645146195028,0.0021474188354431,-0.254064239033195
"02_88_63_rna",-0.277209379559013,-0.0223012846381035,0.119928147713958,0.379323274260734,0.0805111688558906,-0.501268225258957,-0.272484555133684,0.179731768882053,0.301542946933385,0.242986298622414,-0.0962359348609708,0.137983821336849,-0.181447522598163,-0.347748858226121,0.260694514621952
"02_88_80_rna",-0.0286415164826908,0.581614296490912,-0.0997731177570901,0.0679146557474764,0.0960293973265007,-0.163146401849259,0.33836229520337,0.361044032835942,-0.038548377257443,-0.00354791793532636,-0.104826663179064,-0.513374110848622,0.221275019986588,-0.0916754069809881,-0.179582797842047
"02_88_84_rna",-0.0392382553624565,0.0651532772862906,0.344158356891318,-0.472067685669813,-0.00298812817054234,-0.265250433735293,0.171647459525003,0.138888419902994,0.0842158718884125,-0.0321724931911606,-0.454299042710493,-0.0108390342471053,-0.189461715325928,-0.445869801172864,0.290645594861861
"02_89_05_rna",0.425472332280916,-0.164501810177983,0.11727500195674,0.0639168600114507,-0.257592364639601,0.409749811353278,0.0128675469231362,-0.491157638802347,-0.048344449469337,0.231054711529372,0.208581940456971,-0.0813123018623964,-0.321273780242912,-0.194339759508597,-0.227150077835653
"02_89_09_rna",-0.0354100734764331,0.00214571090134323,0.0803163498677339,0.101705286243264,-0.206955022772626,0.0407813975734905,0.70579723017509,-0.372938499970893,0.0536482145535198,-0.0701425428009976,-0.494522030146221,-0.128388609482147,-0.012820517443859,0.0347305321721776,-0.173251627641493
"02_89_10_rna",0.263609490152598,-0.164138930476107,-0.150600309507595,-0.0457693846662783,0.34360414952701,-0.110296298702941,-0.172966102430618,0.414325803279617,0.177899232585312,0.322539709603453,0.339445945772895,0.3241048534739,0.257427361604203,-0.264925499219847,-0.233621607438491
"02_89_17_rna",0.0713924996295738,-0.0821437617751923,-0.51870800886681,-0.0532585107123674,0.129699198488886,0.0100275847433795,-0.0656097721357078,0.0929536943818145,-0.140084470613802,0.043531072559284,-0.33529003283711,-0.207505429131876,0.11504620165712,-0.398089833415133,-0.581107488783422
"02_89_34_rna",0.0105266349558678,0.00817983325221951,0.20694091437057,0.288837295216919,0.0143144848071461,0.00450414544168008,-0.393827959115634,0.056771211483296,0.766668408539425,-0.110936960123524,-0.22907517498464,0.00723545872416652,-0.122811465447569,-0.216486386006662,0.0213980068505971
"02_89_44_rna",0.348326709411241,-0.26097929449533,-0.182600032204295,-0.067960398015489,0.644367516496562,0.0427118812031811,0.174483507262175,0.353743508574411,0.23732606012895,0.198931213062226,-0.227673576308209,-0.0967823141433476,-0.133877120763605,0.00649665893974688,-0.157859141487386
"02_89_52_rna",0.307820013837043,-0.317072192292502,-0.168796689504779,-0.147957376661681,0.709357690108874,-0.0259725597997717,-0.119791882477504,0.292626465126512,0.110265771675389,-0.124303129363769,0.0513321914989524,0.0450179725828833,0.109624502490402,-0.227139030335507,-0.233675022029192
"02_89_53_rna",0.598300615640095,-0.265251403713507,0.42206596211181,0.0131555539137179,0.0579332809119605,0.165428139313742,0.3171248915505,0.142590819260951,0.250554555404163,-0.132345217834962,0.111762205601773,0.157216369114973,0.0118817011278951,-0.119091672559386,0.331538274950544
"02_89_57_rna",-0.129341587463758,-0.0579661597485994,0.374621892910533,0.189778653127555,0.0967846121186814,0.14526530286504,-0.251799020150975,-0.0852595992318202,0.288055543790733,0.0735040858841361,-0.18569112902535,0.606761220364111,0.16709305677854,-0.32645245636894,-0.277311100204041
"02_89_58_rna",-0.0568615884324428,0.0682376065936211,0.267427124251329,-0.308026409520924,-0.197166746399342,0.304683332150125,0.491865577626272,0.253348178402656,0.106096517886502,-0.0338721276518515,0.0578600093634781,-0.419023820126987,-0.293856302195378,0.0245240758962745,0.331064430338088
"02_89_85_rna",-0.332533889148997,-0.0419047918037838,0.0998012083014108,0.302062203922618,0.256799257261279,-0.211415788512933,-0.433743252086964,0.231024638556396,0.292214059581286,0.318143089872556,0.0618442563100926,0.24014438020211,-0.0357383810012097,-0.215516859404124,-0.372145659742114
"02_90_09_rna",-0.0300281496880538,-0.0165197114410434,0.648229538470475,0.428074118630701,-0.131956696237579,0.16808851482876,0.103364130217189,0.043999478731122,0.31835338949567,-0.254036065645114,0.116750097936539,-0.00909166615705639,0.268386072250472,0.259167669596926,-0.135257517254343
"02_90_54_rna",0.465155445944136,-0.0286954719969464,0.0683197862064341,-0.0396724208823784,-0.0441593069839838,0.577406846107122,0.17087219378649,-0.307738743338657,-0.159429653057254,-0.0885144223509543,-0.0703568361224761,-0.188136458332405,-0.13768912039071,0.473836908775386,-0.0154465909117267
"02_90_56_rna",-0.0148243299950731,0.0871053413809804,0.445824542428849,0.0823959500711639,0.423008856932283,0.311068847171102,-0.566921435041253,-0.0960415579480309,0.171566149876304,-0.131971343904207,0.00534919765546209,-0.0622506141258483,0.136148876624252,0.158482816861422,0.293106834313026
"02_90_82_rna",-0.0478521897341505,-0.031668336617429,0.224049086230587,0.0831540226498049,-0.0220549024034271,-0.0332778045613696,0.430436589717959,-0.0560694725666203,-0.0160453945280514,0.256461939624612,-0.456816190903371,0.0909239055168202,0.292769204355664,-0.610002337145184,-0.0937357828283342
"02_90_85_rna",0.526391284634465,-0.150855754201425,0.25217852080633,0.0324059308086129,-0.119586058492644,-0.0647917132894533,0.00421186465563881,-0.358723270265191,-0.301617728723966,-0.324793612167349,-0.105555946964071,-0.0784538320975793,-0.38552816824326,-0.0778917103059057,0.346195604692144
"02_91_02_rna",-0.209120261126276,-0.0469848414907781,0.394490880866958,0.414457298406745,-0.269968376709839,0.0883492418408341,-0.465349053482084,0.0239597496659583,-0.1028726561427,-0.291557046493892,0.350887762876727,0.00636014962377469,-0.0344517221936617,-0.080611755145314,-0.320023069507734
"02_91_69_rna",-0.220772544574856,0.036400958029478,0.33217113857054,-0.336673013627185,-0.023152749313256,0.141458691685295,0.10170832862526,0.266671147253662,0.293923087476211,-0.130119723384014,-0.53015586513009,-0.477215852576448,0.0637619738827135,-0.0131019824231177,0.0887918237508198
"02_92_49_rna",0.315233288402462,-0.0945413304466676,-0.267753146787096,0.136212670670795,0.0566043755236894,-0.21369866553059,0.0407277015481898,0.45473534531108,0.0494941101006164,0.36171101994189,-0.337151280262283,-0.367439233984375,-0.310755026307826,-0.00892961575031552,-0.255958173886895
"02_92_53_rna",0.114068251414454,0.0136966439221304,0.428664318069099,-0.501850599638617,-0.356527862262876,0.153379231237005,-0.162074571407411,0.304461071205669,-0.0448346639492881,-0.284185027937507,0.241131712537259,0.0748261443136403,-0.0661060999075595,0.128405130571119,0.33796312289773
"02_92_56_rna",-0.0570881836729276,0.102019961612129,0.162113221151874,0.00480773503643397,-0.0708806708073099,-0.161359615380393,0.657118013213798,-0.217163963706907,0.254831769611937,0.474524785444312,-0.0331062549283169,-0.298723885171567,0.119083167238606,-0.221746602747994,-0.0787810097337676
"02_93_04_rna",0.0753076067489007,0.813381563244517,-0.0903223671360249,0.0180532253470868,-0.129127758036452,0.0786284349736004,-0.172571565399637,-0.0263350483704661,-0.230436036493486,0.1507901731128,-0.221335872698532,0.22165368669775,0.0453325185128012,-0.223073077540452,0.212483541950604
"02_93_08_rna",0.0246157045403134,0.139319509886924,0.312182451186198,-0.558106971033032,-0.201947564811656,-0.0578846009516705,-0.04512049586711,0.0192343549561376,-0.12756420459696,-0.442322759367325,0.125720382748444,-0.202672619438693,0.280878230181347,0.0440549188997075,-0.418170217334517
"02_93_18_rna",-0.0597685918158112,-0.00864535921528804,0.124921611252111,0.116833187874634,-0.150237059360698,-0.00385188334017489,-0.106338116749068,0.179969755632149,0.228083715115866,-0.673069625593225,0.0800299986469408,-0.323413526735988,-0.413618983392196,0.000892300101170057,0.337175295424513
"02_93_34_rna",-0.0651041887869862,0.0279896402258704,0.284018089106946,-0.523894796754307,-0.420697478543429,0.141000529171475,0.0140866651857198,-0.0770882679058789,0.293350414287418,0.402824822602468,-0.00726489823157799,0.35516370224013,-0.100345123159593,0.044167387036344,0.224279289168499
"02_93_48_rna",-0.245547584754436,0.123636808863066,0.0380685643517194,0.0688129997558283,-0.0600073366858409,0.0443732887358427,0.522194579181821,-0.20136722422898,0.0962199643596553,-0.0314201544673423,-0.0852207093734879,-0.0597401016150975,-0.125251964125699,0.0259541212369232,-0.749660886158898
"02_93_63_rna",0.440735667701735,0.0998976893303822,0.169539608074956,0.0590578433132788,-0.380624391311748,-0.35675990404553,0.235719361081854,-0.196045476968827,-0.305540918488185,-0.313574935323964,0.235662126032873,0.241734891279644,0.264842600949264,0.128366964924376,-0.0715153374481958
"02_93_72_rna",-0.15654744065282,-0.0308822414699232,0.30164981895326,0.192794531403687,-0.124623352930839,-0.266061636565644,0.14784954874429,-0.0481455650153044,-0.0758454439291262,-0.134640976701635,-0.336036080404507,-0.640727098714691,-0.0580739858163588,-0.425294908948241,0.0655671304241646
"02_93_88_rna",-0.223355928739999,0.0949538819861107,0.00167092903236519,-0.163225218230421,0.0535794548711027,-0.0371692175965307,0.545431537902138,-0.163590313076324,-0.14570815311932,-0.261272399215538,-0.457015905409242,-0.0886707857759616,-0.472018324084034,0.132503474574271,-0.198399385484784
"02_93_91_rna",0.512880989031864,-0.0822817042071231,-0.105862595956793,-0.270179510546667,0.410722647822196,-0.108330599329134,-0.229151109697022,0.0118779354870973,-0.0323813745691754,-0.558368729211538,0.129412680874171,0.0331539033918905,-0.0411995711756583,-0.18460714199221,0.215524500898569
"02_93_95_rna",-0.0705502431074399,-0.128277177945911,-0.200721434702855,0.387465581378796,0.0603001056571794,-0.0673108396817031,-0.261008318842404,0.397513507293272,0.0944526339126531,0.00951574958903718,-0.102331726094911,-0.386077011313671,-0.0798859624063718,-0.592270172233114,0.167734792355374
"02_94_25_rna",0.00545624245514183,-0.0745763472025329,-0.0354352045764303,0.0287849336953152,0.123078606926272,0.311930254799842,0.00536814636066807,0.391848130815407,-0.271141219697587,-0.0742346665881749,-0.0730085108667813,0.654743539155531,-0.0549708022027142,-0.427356516380133,-0.166128555970597
"02_94_48_rna",0.0223585341144416,-0.0539509095747569,0.383389997302571,0.281594362168832,-0.207466209696435,-0.175888098814419,-0.372990983515671,0.476435799473433,0.218590395912228,0.0435501650582033,-0.000596868473411505,0.160228505682777,-0.477965029832331,0.162515915973787,-0.000152193129349159
"02_95_05_rna",-0.13062314297587,0.128457284740735,0.40879452863955,0.287601922852904,-0.421098941668539,0.287270264436373,0.177607066029634,-0.26932175570252,0.113134564804733,-0.0797297116175776,0.272611971134455,-0.300139406281621,0.0292480324955179,-0.247035173233432,-0.32747893893099
"02_95_29_rna",0.5204444251096,-0.129719945023271,-0.060305727543492,0.0851356301161906,-0.284116674559734,-0.236414333861997,-0.0843876967229292,-0.358818997708811,-0.142471956372912,0.0847820416067037,-0.300561600412249,0.0715616057364451,0.39553616552056,-0.0702803621693679,-0.380271379308743
"02_95_50_rna",-0.133833882505067,-0.0413822308445344,0.233421113755735,0.338086627216421,-0.249838405209064,0.0305824398460601,-0.398513830364741,0.273497847928007,-0.118075663114064,-0.503396751730652,0.21459794216205,-0.300435753157079,0.322354736650376,0.055929883494348,0.0625648489182306
"02_95_83_rna",0.368536738798206,0.402834667772395,0.655781321690191,-0.0808042777562568,-0.0612526554588024,-0.091185652322934,0.185680492541674,0.324434723310537,-0.0919401285297725,0.179547130915144,0.145054775528632,-0.20280937761742,-0.00504812745171991,0.07239324161365,0.0734549344534863
"03_01_17_rna",-0.216317421211137,-0.0131240464009356,0.505714213624977,0.286398043217522,-0.379246766642252,-0.0893788019090222,-0.123084929795096,-0.185062319550534,-0.518495347510931,0.00837004877344662,0.170140649819593,0.0541098538842692,-0.299588801867593,-0.130466386729736,0.0805670961370536
"03_01_18_rna",-0.0563989908726491,-0.02400808393113,0.394626265479574,0.516682715964784,-0.189596802067113,-0.0638373319453093,-0.123230252282742,0.211043296024346,0.204797480996582,0.105706423183602,-0.146711125935852,0.234791191192306,0.29011599021165,-0.324926913292111,0.392801510123413
"03_01_33_rna",0.582454758152788,-0.202016466544764,-0.122946343436656,-0.0145759963137294,-0.150945376380699,-0.171144577362292,-0.297836013497104,-0.43899005591775,-0.416788145764973,-0.137508810771282,0.0095741343381856,-0.0144886911486711,-0.0935865661537063,-0.0514197161173112,0.258435592548178
"03_01_51_rna",-0.0368881823558851,0.0663072298150061,0.218837975069303,-0.0533741778030871,0.0119633070051736,-0.154635487850826,0.448916624678157,-0.288414527352019,0.602370739948042,0.22432974665764,0.0638890037677194,0.0594365270745918,0.0210196466323483,-0.13352679879208,0.442356575735354
"03_01_66_rna",0.185688124898416,0.827210323355637,0.0378696746512349,0.000640640255041353,0.242302130964444,0.162925432592364,-0.0241165905499038,0.0979019058229436,-0.185189447097224,-0.162457055864588,-0.118641019178944,0.116620411927935,-0.0309708099006011,-0.16025679311541,0.263405005906589
"03_02_52_rna",0.191248695847385,-0.128500577279733,0.147677562938424,-0.239973437119699,0.237790643444786,-0.349422333164067,0.198443056743679,0.486551632871682,-0.226168059906366,-0.0583579317132364,-0.243394520777458,-0.0430450567818209,0.00673370948008812,0.0979796860114533,-0.536158893170332
"03_02_59_rna",-0.139781157407936,-0.0396540784218476,0.228467365276363,0.119549239358969,0.0877102948937014,0.0848256124935195,-0.528942819272791,-0.22322676442911,0.269446846355236,-0.486885114820135,0.0590879878848106,0.125471580416409,-0.469477748290057,-0.127692891445496,-0.0478768542588541
"03_02_73_rna",0.185772077909659,-0.192073128214284,-0.0329060979865109,-0.0345227694020907,0.336944956235915,0.0223118374237027,0.00868462424869572,0.229987799549623,0.404449923559856,-0.126438027875142,-0.507125206556103,-0.196604359243463,-0.237223095651967,0.119830906025103,-0.46183619977761
"03_02_93_rna",-0.100307545805549,-0.00396639009169999,0.362200341454896,0.152552873184672,-0.393599181696393,0.279264038536588,0.12684153854585,-0.338131271452244,-0.319150758283567,0.0303873184440673,-0.223612459414472,0.366474449338178,-0.269126327147206,-0.155034746753184,-0.297623156907968
"03_03_06_rna",0.0888638650369636,0.62974668164503,-0.254973655183664,-0.385557325714494,-0.161243064901114,-0.176925643882282,-0.180429015832394,-0.0349632819754111,0.0668779053069853,-0.427997476310699,0.176569001904584,0.25395051755905,0.0822658908016429,0.0259610322439533,0.00369055308921286
"03_03_25_rna",-0.174591861972011,0.0359229678615937,0.13444579795239,0.316594326928671,-0.115678448756675,-0.0860155373659078,-0.655009943748082,0.294372373726424,0.0990033499445867,-0.385267489573259,-0.24188108830879,-0.203709597724192,-0.0485440512734239,-0.222141545277278,0.0592125892395826
"03_03_33_rna",0.492263020608421,-0.198811705461945,0.0910098267813996,-0.0620600745791458,0.132893655032965,0.501749250745283,0.204352549858572,-0.385215383635835,0.0456253574855318,-0.205157488551272,0.00706757924752749,0.0211761157163024,-0.229220599234982,-0.0305769599358916,0.385105455414742
"03_03_57_rna",-0.162052929066224,-0.0338401984774962,0.0600999931541259,0.218014297255721,-0.0472559037035533,-0.112731807825952,-0.359389835663815,0.064806261372352,-0.0284037953893775,-0.435629800172592,-0.0669205694252615,-0.375886111587282,0.323825674743776,-0.0967398715617368,0.567959910099799
"03_04_24_rna",0.227169191365224,0.411456545116767,0.432601283052846,-0.60812826475512,-0.095068772891099,0.283345595900355,-0.118412212993434,0.0584002476799773,0.0981786540869733,-0.29384733344057,0.0599974223663551,0.0223368744948543,-0.112743826107534,-0.0495304556419992,0.0114283668576131
"03_04_43_rna",0.166330231913736,-0.122965515635524,0.439085831562845,-0.234088578114789,-0.0277131437371907,0.152997829606779,0.223460785042825,-0.0424182666068865,0.143310054861323,-0.304647947168228,-0.0961911660824873,0.156729256776486,-0.653934394451682,-0.118143516949398,-0.212029463270207
"03_04_86_rna",0.344151199826864,0.0282255882039251,0.0197415749875962,0.14858931264895,-0.619147634841868,-0.231348252839339,0.213898270367792,0.0573028393649578,-0.299449464996714,-0.358178157222573,-0.292314640599177,0.163789708404133,0.0746524990955986,0.161420160695972,-0.102600706322309
"03_04_89_rna",0.331948366572388,-0.104522011042769,-0.44151790686737,0.0157137732817379,0.0434426868364868,-0.171730580597538,0.00653673450888801,-0.0075133710557114,0.512911301419975,0.43987101268168,-0.277602797220847,-0.0158357586675895,0.200029268794935,-0.188824487515314,-0.206585615976018
"03_04_91_rna",-0.157761669199036,0.0700044652177751,0.636327027921035,0.0601694763299046,0.571257538353169,-0.17939638628831,-0.0484551093766551,0.0618194599479134,0.153199801382929,0.0287322519563292,-0.153170879858809,0.233443426370429,-0.164525626818115,0.256710703537736,-0.0420530148220159
"03_05_08_rna",0.156540903574624,-0.16795458191901,-0.177988630873837,-0.140732278342091,0.198919519753613,0.313186189795301,0.132427445073323,0.00949552396182868,0.147498588936803,-0.477977989694503,-0.274753427390556,-0.236206131357027,-0.250492382656125,0.482052318849765,-0.252777515673079
"03_05_56_rna",-0.102132326073288,-0.0187926672345341,-0.154636710450798,-0.0695180652208082,-0.438309174267157,-0.0336649642373501,0.0182029261053099,-0.357259833849345,0.427871761919753,-0.205848627677018,-0.210031743054554,0.197227177773801,-0.119974483950043,-0.546758930499818,-0.132126275830756
"03_05_57_rna",0.483222636379147,0.313592969929531,0.139553263514889,0.0250839820428015,-0.359143017650976,-0.287880297332647,0.0247673921402798,0.131982943564694,0.0274054564657069,-0.505339380986737,0.118708234403586,0.272023878489011,-0.230811494523961,0.11326402614946,-0.0885948617924673
"03_05_58_rna",-0.212087047335048,0.00868827032987473,0.109363572875923,0.190546805927017,0.0784575270637479,-0.279576282721936,-0.326209116604529,0.0931956311521213,0.198645786941129,-0.231864502046995,0.406238126203716,0.330405209437601,-0.542304079995918,-0.186440707254822,0.104817274668858
"03_05_59_rna",0.233936114132335,-0.228154940933026,-0.21003865240877,0.0969821689066312,0.0829544966851185,0.224995234534796,0.031451707204298,-0.357468970263151,-0.172403559050636,-0.278076214784722,0.56427800009607,-0.248320728084113,-0.0496185819761727,-0.396641197595769,-0.0806932777359476
"03_05_60_rna",-0.0818912261059457,-0.00791899236982376,0.0555730869859698,0.0484377132352263,0.294609734078122,-0.118471953332425,0.0854089089218298,0.20730583291413,0.483788286501538,-0.247575688507961,-0.38321963012699,-0.0282816554117599,0.239756791890987,0.34700887420674,-0.464537624614857
"03_05_68_rna",0.329993311061805,-0.0249000059476846,-0.0752847767259267,-0.16684799320228,0.306793818650966,-0.298248486473833,-0.329839797176499,-0.526592409266771,0.117260903087131,0.332702047811623,-0.150899168882067,-0.234185248355126,0.0771070778065262,-0.282381106710313,0.00844021141149683
"03_06_10_rna",0.24133328311586,0.556097094590866,0.11314067257822,0.225891578521067,0.109987968810274,0.126565035228798,-0.0991193650361554,0.209584631366243,-0.332141504865871,-0.110302419421635,0.237560248970392,-0.122221027195916,0.23143329454994,-0.239177324535542,0.426843538537958
"03_06_26_rna",0.48811841315192,-0.0877905116706596,-0.256410177425133,-0.104484912022551,-0.120213239713621,-0.268844690227946,-0.171912497868309,-0.270239732036722,0.418603858922636,-0.301069955202668,0.211991479279623,0.119341604301116,-0.241018231902343,0.323603555588061,-0.0139172907115316
"03_06_62_rna",0.402958990100406,0.117490823735849,0.480494196821389,-0.00453981212715235,-0.216110457622619,-0.178670138941494,0.222263320392503,0.313853707255683,-0.213523839639863,0.455323259885209,0.203577454477836,-0.0447869104099214,-0.122098978797947,0.0791286942644433,0.22104735846963
"03_06_77_rna",-0.17042397275198,-0.0459946261178,-0.0300497205861128,-0.657211576860297,-0.216811128484341,-0.0557013619861401,0.0620395351189592,0.0825128146447024,0.186524782180836,-0.339171631016608,-0.0628077843375934,-0.439501847506509,0.134064323288698,0.106086828578434,-0.314769608423827
"03_07_08_rna",-0.00731249478685582,0.00549325699675984,0.0397416658240032,0.018082929594133,0.177122530135916,-0.136290075460107,0.589791811081772,0.123764170327236,0.333032527292706,-0.143982147947766,-0.487033756828151,-0.155358717483221,0.139998600714786,0.412381925245609,0.0474598625539957
"03_07_20_rna",0.0641864178987728,-0.0448015039765271,0.416753800235791,-0.079102474538079,-0.23828727780711,0.152016032583221,0.0112243061081669,-0.0498500099356251,0.00140328116762679,-0.242717121064026,-0.335473799586322,-0.048058001909669,-0.493526307258091,-0.372244812195888,-0.418964270636351
"03_07_24_rna",0.327357885926715,0.00272325563171766,0.0920876155889372,0.0149548194831177,-0.0899041300893677,-0.362241245467548,-0.106800749422706,-0.617150577966166,0.0238536102134501,0.215656272385396,-0.212836825962188,-0.241575267872467,-0.253862253820607,-0.0339085810101795,-0.369069548310076
"03_07_36_rna",0.357023084574234,-0.302423576576459,-0.103606579016136,-0.0962751462301618,0.301067095033019,0.452473400989264,-0.271972681965026,0.0907217565559478,-0.155266085001822,0.0643445696746023,-0.0595894026173913,-0.0485409555702269,-0.255871515608824,-0.0181793562211884,0.532487084997875
"03_07_60_rna",-0.103649119347531,0.0921742505502661,0.255361260401866,0.0901052963402961,0.137320152582699,-0.154292699652707,0.182141206351296,0.194816665003035,0.556780845277176,0.0830718791369168,-0.551981765216558,-0.146271103189005,0.0537579410356278,0.269515572345792,0.274092876364964
"03_07_62_rna",0.0558477795020934,-0.067776764867048,0.108533097809162,0.187218059474611,-0.24371078589457,0.0470048666631181,0.241790003716275,-0.36393363897575,0.323705552603204,-0.334622146195065,-0.111539689782276,-0.201502584293272,-0.0248960686224098,-0.590193126025609,0.272384648620426
"03_07_64_rna",0.244035379646255,-0.169426991151379,-0.265090999692547,-0.0552854916420197,-0.0157142002492666,0.135716789070746,-0.227493258989392,0.565003817645878,-0.0161941997915976,-0.0683391634331555,0.168901955807248,-0.34685596795446,-0.381990452482631,-0.110243960978317,-0.370031297884625
"03_08_06_rna",-0.00577897065860625,-0.0275245519802139,0.338956687899854,0.469979286234982,-0.385650312620432,0.0101763190018954,-0.241051320693936,0.177974314748917,0.237580770354657,-0.112744513096661,0.0449914880584635,-0.288819231930587,-0.255419326723505,0.328205072476619,0.311884894301496
"03_08_11_rna",0.398969397602649,-0.174701011095091,0.631465404493469,0.0909348590485248,0.0345996806543547,0.455636008835759,-0.0305293733751118,-0.00508783496768431,0.199440440601885,-0.058270454102137,0.122931253485149,-0.176281020026753,-0.166622657388458,0.0598470497452424,-0.269855935810038
"03_08_19_rna",-0.0439290286970931,-0.021105955887369,-0.157008786313922,0.0642899964791976,-0.140158615533675,0.209370986702943,-0.31092439270772,0.14472497817035,-0.123136105641582,-0.182209437025184,-0.548518585293701,0.0672718025974597,-0.554598377846377,-0.234228163668246,-0.267463576795488
"03_08_70_rna",-0.0237370387638841,-0.00805747746312279,0.196403646227862,0.218172070974144,-0.0199705481533094,-0.0380130480070334,-0.517894543075781,0.397804572540429,0.193996102608686,0.0227912522493912,-0.59284113685904,0.0101262139057437,-0.119518453727185,-0.0881177012417765,0.270415720934493
"03_08_85_rna",0.523357474662496,-0.162580498748606,0.0343534526810216,0.00757944015544013,-0.0858496980328139,-0.154484529499417,0.00575392548461203,-0.233941233396876,0.460636597915362,0.302342712869898,-0.438621873153301,0.307826816150671,0.0456628025818696,0.110412528934716,0.0860811992756191
"03_08_94_rna",0.529015846826038,0.267297488022618,0.556622927516111,0.00830362375721791,-0.0263923282142779,-0.221499114965286,-0.12192552168948,-0.209403626778448,-0.0614430792022268,0.112447841867584,-0.180139643770529,-0.338692644891681,0.0885836690964048,0.123811257595072,-0.208717671536332
"03_08_96_rna",-0.173817189500996,-0.0111854804942498,0.311116523541873,0.355395650594395,-0.289071761554016,0.233894664068994,-0.235982450369641,-0.286770606548765,0.0938208958336589,-0.139612762920879,-0.330625725628874,0.297387115521473,0.0671599463734476,-0.45000716986125,-0.193145418771835
"03_09_14_rna",-0.108594521801036,-0.0324383259079414,0.292965279422801,0.113821008608635,-0.0924547893237383,-0.169280063011072,-0.31016791478551,-0.0340400493920548,-0.203251076916088,-0.398961446816067,0.0256435068169541,0.128421629761048,0.0963893164448883,-0.395742723449471,0.608498541936463
"03_09_34_rna",0.429549691946363,-0.209867540036047,-0.551606954159027,0.100144386274087,0.223891163983325,0.143610797912607,0.155535487011083,0.233700613192779,0.135336056877338,-0.340592874523341,0.198100988758819,-0.00520386416442595,-0.0446854284961127,0.0143656256812862,-0.363030816540543
"03_09_69_rna",-0.211692254848588,0.0358970981477805,0.0658010013759759,0.170092291472275,0.0507230218628444,0.282855633398393,-0.457132354055796,0.155025936726003,-0.14563185142598,-0.212414020023835,-0.655006993593651,0.275997229483818,0.122894138377793,0.0187761457355237,-0.13439109501289
"03_09_71_rna",-0.120520465009132,-0.055928238843069,0.0275688707553351,0.252368424386574,-0.0773504448348077,-0.108509513925914,-0.170494300150024,-0.0760852637930544,0.299796589321511,-0.424191183540655,-0.156509617008561,-0.328570811990959,0.309545901858627,-0.388792243553369,-0.464794618941951
"03_09_88_rna",0.155661552657385,0.664245323315584,-0.317705505345875,0.194789305708576,-0.193314790625373,0.0414397707033275,-0.017776181056243,-0.0748461399855183,0.0221177262798345,0.00758853967199835,-0.104236130662866,0.0833629454749718,0.472951193041121,-0.284391234771547,-0.166552192420667
"03_10_10_rna",-0.213160447011509,0.0600223471804958,-0.0889182471140011,-0.450921335256148,-0.143802253279948,0.0719017376877329,0.0249342973719268,0.0794083402426755,-0.382420806459619,-0.522872212142859,-0.312009005494668,-0.246970721298959,0.0184886105318436,-0.303939232729832,0.190370740263467
"03_10_31_rna",0.422165149485298,-0.176916159466907,-0.376171679159303,0.0327714331980763,-0.387104258573808,-0.0592051579359111,-0.109653302498988,0.0641330606264177,0.315109651903557,0.414865447137442,-0.211140977059623,0.00601719215827429,0.315765600212246,-0.217331111878858,0.124263546075732
"03_10_44_rna",-0.302803511522111,0.135024549888359,-0.0555083444146356,-0.00328170105995987,0.214679028220769,0.108833413368086,-0.149778757440804,-0.399440212402757,-0.190667560233902,-0.494927518083532,-0.158814502559248,-0.161271244166763,-0.29101273001606,-0.380121700771875,0.292146809769638
"03_10_47_rna",-0.165469476555752,-0.0852637609028951,-0.0960916090155067,0.178579159466568,-0.00120018145494777,-0.377621009171871,0.434487876745292,-0.0565758360120247,0.110199560163095,-0.182096989386679,-0.447690910290299,-0.300707787045142,-0.444317440453264,0.0747513008950225,-0.224688443844077
"03_11_01_rna",0.253135998861283,0.0792076235537113,0.250704884282926,-0.163736840138431,-0.0713810939546616,-0.0269594320693613,0.180949719271358,0.0587701748249476,0.260853547782876,-0.315174461672694,0.410515576921698,-0.495260146816248,0.362139902724205,-0.273509047355784,0.104063182695316
"03_11_08_rna",-0.0493534270663361,-0.0704957858930367,0.173053073175761,-0.536715525930748,0.103872478808199,-0.38400527356992,-0.0496315999310035,0.404575375691743,-0.188871998601641,-0.312544748117922,0.022099395246492,-0.122817599368321,-0.253452295158104,-0.366101924132268,-0.0546946706302373
"03_11_14_rna",0.320480606711735,-0.171435674320982,-0.0548031810337637,-0.132768993935179,0.364497690462999,0.114378808950949,-0.227835014393096,0.379661303835714,0.183680166138661,-0.235418089585771,-0.117867096073398,-0.296774105167815,-0.463683739119026,0.308514841509627,-0.0629825266180245
"03_11_34_rna",0.3762560951003,-0.078150619734275,-0.0358485955741561,0.0135063545338471,-0.238015430863049,-0.145939200329126,0.155972578709965,-0.111414408199307,-0.346920112192903,-0.448173026296129,-0.215024286314732,0.0453686170087537,0.369506144844795,0.319944825103744,0.357435608026932
"03_11_50_rna",-0.0247204388141974,-0.0166199473201053,0.114019561792593,0.250243354255938,-0.11911099140632,0.0259516362946565,0.467331245493737,-0.173680727101263,0.315312743378108,0.337570891180454,-0.0699159051563784,-0.408959411785927,0.508124789391013,-0.0440864151483798,0.120080790172853
"03_11_55_rna",0.554126971769171,-0.274457287955461,0.129920418518191,-0.0334882746654007,0.496117301822102,0.269757782944312,-0.0202079218771931,-0.0169245076329487,0.0691829374847218,0.290115427343479,0.0642912564873878,-0.384440928888032,-0.0165623966434883,-0.0863687826353976,-0.177211641218479
"03_11_75_rna",-0.0355525147706304,-0.0428342620893412,0.145927459815696,0.276576518920627,-0.264585739324386,0.0552908940128248,-0.0926532270113417,-0.22895727307229,0.664635043838916,-0.21498747629632,0.130262271026308,-0.155913408277097,-0.250874189708073,-0.107155792935055,-0.401729101432289
"03_11_87_rna",-0.233449980583654,-0.00678159332874556,-0.175230144575702,0.0203259065908248,-0.0701764778220192,-0.229037626171994,0.297881440439092,-0.230642937071726,-0.324992042904773,-0.293172166643893,-0.198365711469173,0.220373790318221,-0.403373805214681,-0.520846121111245,0.0393632123628736
"03_11_88_rna",0.266584751256258,-0.0364122219101273,-0.188528542563945,-0.147639805853703,0.634981459064502,-0.00155560937737747,-0.0465883709707478,0.0408150318244598,0.232796382984742,-0.149231097208762,0.190478039324627,0.244998330181238,-0.13727352983321,-0.007348455215096,-0.521112096484305
"03_11_96_rna",0.00144381711577589,0.00225503800776599,0.1462460201277,0.0940211257023428,0.159848900429347,-0.355662639675587,0.394665134215605,0.0597659802505139,0.676424844187067,-0.106213261506032,-0.293464940185732,0.0157760182213006,0.225084900878812,0.212496962825934,0.0858153977310427
"03_12_13_rna",-0.116640446180613,0.000762413546922802,0.286614458506902,0.0548259972602826,-0.156415867793726,0.229902155832903,-0.48899063425139,-0.250072872124461,0.173890928347317,-0.00416523101484049,0.155879561265044,0.185631619707468,-0.465157269525045,-0.464582968288716,0.0324024805361945
"03_12_50_rna",-0.0295292519872242,0.0570084444675733,0.361264019827954,-0.433402948478529,0.237471517839867,-0.165020393301492,-0.0930152100531845,0.153817512234894,0.100661130868347,0.0732874209628133,-0.0352199704069616,0.540151858060823,-0.479895312526936,-0.131005963019346,-0.0749792347877409
"03_12_54_rna",0.278989019112157,-0.187767566681889,-0.0865372702229073,-0.0153166708588202,-0.509387763320101,0.331578114204076,0.28744195432923,0.362977600429913,0.233006730712983,0.352227752387005,-0.155988830871304,-0.037459599537625,-0.0846158840496357,0.131590592627333,-0.258498392348451
"03_12_75_rna",-0.191940811339809,-0.0456364428046532,0.155558390524283,0.433636841226935,0.222201066341339,-0.00414592757534845,-0.253486863009505,-0.08546141242594,0.298192804683895,-0.0851263035900102,-0.395704911496526,-0.0743197517609305,0.51888174813613,-0.0165001949892957,-0.316394070696232
"03_12_83_rna",-0.102963139658266,0.0206580643356492,0.0188390096045963,-0.218565706117278,0.180470915729647,0.202459148069951,0.275059387709945,0.223502610779129,-0.374770127094606,-0.367867159193537,-0.217104561275806,-0.288511445697516,0.336911393096472,-0.422333894263484,0.208921213330286
"03_13_14_rna",-0.155700817085014,-0.043384843193945,0.333365722849173,-0.211696664650552,0.359315052328335,-0.204915267819625,0.0435676396399723,-0.125654665906302,-0.335340684086842,-0.310391537802737,0.0539595022499271,0.17937569327201,-0.21750943481111,-0.334400840165058,0.475525178454151
"03_13_18_rna",-0.0458388207716723,-0.0222482603799198,0.267260249682389,-0.716746118204136,-0.0753083361089057,-0.00134178193265823,-0.232124440980017,-0.0549783377848208,0.502190131359154,-0.106878041521025,-0.0542666767433713,0.1513947144209,0.0876594507126644,0.145040625488942,-0.177395662045346
"03_13_40_rna",-0.144438451696469,0.083752605520994,0.0534262398052047,0.334621379659322,0.2610338199109,-0.0768395339641531,0.151948498808922,-0.015844682473856,0.398101934916314,-0.182455019033334,-0.344197886763066,-0.638137839348856,-0.014889980750332,-0.0337314545030754,-0.20270234379469
"03_13_41_rna",0.755874503293939,-0.225156723442967,-0.0397920266407456,0.0543821925917585,-0.132140432849925,0.0452672918238205,-0.133796820236534,0.0292683632114668,0.0298065733690814,0.171177149204097,-0.400696519777671,-0.34052267551701,0.0920208609776992,0.131493273771519,0.0518377022919822
"03_13_42_rna",-0.0737346146665458,-0.0420008821268622,0.275496075196877,0.374501455097433,0.119644464532898,-0.134008598938765,-0.426570199815984,0.100539578704545,0.401573495744124,-0.00571446489435881,-0.196684402367379,-0.0345726863795283,0.509345984732399,-0.121194346348061,-0.27750838963982
"03_13_63_rna",0.496958999202531,-0.385257222560025,0.0663445245080785,0.0912062616757292,0.0611060694402904,0.324049552073283,-0.00638338327336879,0.410433886192073,-0.0146218459644284,-0.11658909362443,-0.367581882805198,0.321697481516117,0.211481601688064,0.0617779566583668,0.117030559873812
"03_13_74_rna",-0.130908637611852,0.038637317199271,0.28138722853266,0.14942944335321,0.121119162910534,0.145302272400311,-0.314448592674152,-0.0978429601983958,-0.160054571101342,-0.107080152845395,-0.682136736829683,0.354139386163613,0.316625740747162,-0.0793176351470736,-0.0357265550298206
"03_13_90_rna",-0.19115128692157,0.0321520464499971,0.329763136222085,-0.286743251507999,0.107674754895878,-0.0410602932923162,0.307840059281856,-0.055616869997636,0.362509484732,-0.121708612540861,-0.647049540278485,0.0344800251282971,0.0846951750002667,0.187138803891917,0.228125353877249
"03_14_11_rna",0.0963367307433137,0.688756892840844,-0.315714744741995,0.190014180586238,0.00358789174722058,-0.511761867041991,-0.102081183470795,0.237880374592039,-0.0251250809444004,-0.187950823755961,0.00342854676220666,0.0940044602449338,0.0487138141124972,-0.0271393528130869,0.0609615482403762
"03_14_21_rna",0.592448478753181,-0.131499698625186,0.165228434578748,0.106869948286541,-0.10929232867268,-0.392371630961583,0.0795728695473693,0.0705585100894469,-0.169590845849314,-0.186931611261884,-0.37293654324072,0.435442844542203,-0.0288604773069946,0.0966415454511819,0.114940067645911
"03_14_26_rna",0.343886255720232,-0.278315101707526,-0.233563846691714,-0.00507848538027586,-0.0286632335340213,0.460781509139107,0.230465378577475,0.297560280388824,0.240681845627946,-0.194628346080776,0.188619711980219,-0.321856944777292,0.0783185206468693,0.168035818320996,-0.354345078993599
"03_14_41_rna",0.330313967968902,-0.230826155133691,-0.425428454184907,0.167548333673168,-0.297201401261125,-0.0722822685093511,-0.104261839396092,-0.425608906725296,0.0423153361212518,0.404547356966313,0.0557834688499737,0.231557956798254,0.213408021946828,-0.197641736252447,0.190257743180899
"03_14_42_rna",-0.17014888745921,-0.033074387120355,0.338014679936334,0.316260589411331,-0.273977131045975,-0.0502131279802106,-0.342497197147486,0.524379383847713,0.206883231039137,0.339956181240725,0.0913154640576951,0.125929191215904,0.0544850644374886,0.307305996203875,0.0764507210866141
"03_15_29_rna",-0.119281312459013,0.00750581942563545,0.242090123977087,0.245830881019925,0.00320936892719221,-0.229829834932449,-0.0730847052209463,-0.00730812207954963,0.247649777342726,0.174454658645877,-0.0549544046220852,0.461075856552323,-0.31770465628591,-0.627379094921698,-0.0808195244262668
"03_15_35_rna",-0.205315809265323,-0.0421115854560242,0.172964886941778,0.0619234871788249,0.538633145799357,-0.343479545049049,0.42465515847038,0.210661967585003,0.269542652669,0.0127951023899308,-0.0236920131585901,-0.0182203072403237,0.235586966602003,-0.248373608805747,-0.314014991542543
"03_15_38_rna",0.39508750334739,-0.231203615364691,0.384622076435542,0.431476880619932,-0.152266823553906,0.0795245516872472,-0.196886164134579,-0.39487739787663,0.0473648075901435,0.233595559720584,0.1811394517165,0.0170508898729342,-0.0759902599857467,-0.115649005824995,-0.350828869106263
"03_15_42_rna",0.197128361315854,0.874368299838134,-0.0117219654091806,0.072818574100604,0.188329041648584,-0.0141717065629366,-0.0982723957658933,0.0773834589399116,-0.0604949712208973,-0.135909960248783,0.0650799637639511,0.185038272886222,-0.157421118933626,-0.180991342713567,-0.147381171579321
"03_15_70_rna",0.605546401045031,-0.213227730780472,-0.000116922594731905,0.167397748848722,-0.334204233276947,0.0665304141723988,0.0347963256900646,0.000750155215887358,0.363448050761674,-0.276211472513998,0.352541268706274,-0.0946811851135262,0.287193451150102,-0.126059406527545,-0.0498715348532796
"03_15_72_rna",-0.159058500792636,-0.138631844898995,-0.0295091597692069,-0.488465638249129,-0.16346604454631,-0.244719669650322,-0.111954998706737,-0.23140580826651,0.567905328084226,-0.153087104379488,-0.0251486282816413,0.425062122654154,0.0990960623997817,0.00885595447141803,-0.161740094134424
"03_16_02_rna",-0.193031127979811,-0.0230383680610255,0.366703427588885,0.284830766134157,-0.181131972534534,0.0836549294560871,-0.544692551498757,0.393489070801275,-0.032609106417521,-0.183002611725732,-0.43936727142837,-0.0866695434235489,-0.0598880169177483,0.124627703678124,-0.0324118360667643
"03_16_19_rna",-0.239116660949819,0.0517158169283571,-0.0781540921906678,-0.682109634984055,0.057830640855168,-0.199058074825449,-0.191951198359386,-0.194073901430421,0.0363450350496681,0.0707998945864228,-0.399284976770546,-0.280350230873958,0.320395252735247,-0.0645542232253942,0.0104853013779857
"03_16_57_rna",0.0929062877326021,0.809189817739865,-0.217254173583335,0.0990005111249884,0.00543373543741325,-0.0666366096189804,-0.090886834092451,-0.0944097722666873,-0.0256278914971559,0.252749047797417,-0.0364190072690739,0.0803423700587063,-0.0335646701697911,-0.398924136407182,0.159213800583816
"03_16_71_rna",0.0517022492698364,0.732905644665294,-0.161817710371061,-0.240941179434276,-0.205522491866371,0.181025279408664,0.19425283401415,-0.161927139728757,0.240474553511345,0.237084287822504,0.0533120361580202,0.0194576523383312,0.0952662059772234,-0.0275450412158275,-0.331484899204429
"03_16_75_rna",0.0603500683858098,0.76903504228255,-0.156308561687528,-0.00733790183147649,-0.0972765486515041,0.29190550433382,-0.368329131842654,0.163895647149957,-0.0341264779285642,-0.0790715762804414,0.011248196401792,-0.217326505083769,-0.204896519846123,-0.0483182229973733,-0.155452828557147
"03_16_87_rna",0.364438493492665,0.44199001233204,0.521787131590959,-0.00853122624308289,0.106582343635699,-0.0866588518946306,0.275474053682467,-0.153287905404238,0.0649696782931361,-0.0494518176532565,-0.277663607590408,0.0418643250662984,-0.386610062662657,-0.141946408534187,0.161585168423549
"03_17_06_rna",0.229766549345378,0.680734029133408,-0.0283464905169811,-0.0583109858448026,0.201409530000984,0.351043625620975,0.247080319352057,-0.0793562910350157,0.128177946707919,0.147305029247424,-0.295290383256207,-0.185088158484908,0.284635416480749,0.0881204328293248,-0.00981647944199322
"03_17_22_rna",-0.0964730051668086,0.0255227345558155,0.236778075838182,-0.465826660937511,-0.182066885430727,0.275898338941702,0.176098185497619,0.0583642486577024,-0.230174473777861,-0.0545926853310112,-0.483302460159665,0.042358306779629,0.476855225258744,-0.0621671388938388,0.225180395602917
"03_17_26_rna",0.0406622577936378,0.0945742702320954,0.352774435426853,-0.487562358596366,-0.19376156071284,0.321381484490226,-0.32925771366219,0.0601159301291552,-0.195674584690768,0.237307307183323,-0.0250355672577112,-0.433819764883936,0.171047110024002,0.0709944890816625,0.238021561733675
"03_17_31_rna",0.134218292746475,-0.112744643203521,0.191107606835828,-0.60791802401861,-0.202565485074782,-0.21860757555068,-0.107866183976711,0.0163787825021505,0.405768549292903,-0.0572533725504926,0.104515914518857,-0.218807861614412,0.039007671458308,-0.47386043287119,-0.0983381857729584
"03_17_46_rna",0.130461627201526,0.63088404282667,-0.050639500235863,-0.00623933796254692,0.234492781961148,0.412380970506494,0.095365861439402,0.0402790711344318,-0.117466942358468,0.164169681364973,-0.527593203674015,-0.0343059569197977,0.146097465716385,-0.012575467074763,-0.0693941881885787
"03_17_63_rna",0.456805219209358,-0.185900543439252,0.148511230848346,0.0519601296160293,-0.0406497051684247,0.417817840151346,0.116094308224487,-0.300596887541788,0.276326886504812,0.454348518168186,-0.239921955064033,-0.189293452487146,0.250550637846458,0.0713593359913286,0.0888963374477105
"03_17_74_rna",0.2759893277251,-0.288854573878721,-0.295327999990693,-0.124276384223306,0.150624451170218,0.422514365068684,-0.0120018845072946,0.255769370995079,-0.0617971997473162,-0.179451579653002,-0.216680866043454,-0.00404797816272627,0.323771137557005,-0.477540884258382,-0.234733371509148
"03_18_12_rna",-0.125006032990037,-0.0589272282250784,-0.226312163089992,-0.489032924795018,-0.073618326305733,-0.135436579482842,0.212597765311649,0.418088781657797,0.384401178651793,-0.164204157919057,-0.267265020326512,-0.242857596519916,0.310715895996977,-0.212275819824461,0.00537084615101542
"03_18_15_rna",0.0617126243294228,-0.0384490166572944,0.0858934998380767,-0.68931761512465,-0.157375987451641,-0.342833013585022,0.0160705261336818,-0.0522383288234455,0.324984046068602,-0.425039171057515,-0.0844033859408409,-0.0185183483613933,0.156410011976278,-0.181838167260189,-0.124975905704226
"03_18_20_rna",0.334251454039814,-0.0847675291223015,-0.0805103115022778,0.154365827138589,-0.392261173857933,0.106126477723766,0.0353361270276132,-0.44549262760879,-0.00892428711243929,0.322848041405202,0.232232765763911,-0.357844212084891,-0.366693481725089,-0.209547366740487,0.145830329186525
"03_18_33_rna",-0.195409109079695,0.0543827648255332,0.400271854718481,0.0675602080205278,0.152423906889873,0.0929153486008823,0.116655030506253,0.176884179383182,-0.261782699357832,0.084628772677984,-0.533169947327607,0.347636973386389,-0.0816134889015383,0.160291979731707,-0.451824067477342
"03_18_34_rna",-0.0296118495808221,-0.0846711952209859,0.529789139412063,0.39817022317057,-0.0450052237530263,0.0612806476848576,-0.329880519593177,0.0838333473702137,0.115900803415952,0.0523811796615331,0.123290816134454,-0.566207362235596,0.230130547232518,0.0533077284426942,-0.152767547706097
"03_18_49_rna",0.466467542625126,-0.326029581828501,0.00371817351470379,-0.0981353402142702,0.128308122271654,0.242656879248231,0.0161587283865253,0.376515697883143,0.511170312715293,-0.0294369869861238,-0.294820630929551,0.284858279171694,0.0760439921104408,0.114177994735254,0.00731378406841321
"03_18_51_rna",-0.0553917458114274,0.0206116387383984,0.441018826134401,-0.748690191498352,-0.0358573656718252,0.192483694647884,-0.232242057330205,-0.000405511092393251,-0.0380624592991137,-0.0740351572014213,-0.0254869171561887,-0.342855390144714,0.0157961865539709,-0.148843268409413,0.0408270880133555
"03_18_84_rna",-0.161412332778497,-0.0466327834270704,-0.0135016362539523,-0.467524688957707,-0.247053192685889,-0.302065721186918,-0.336646040894552,-0.00532419890218259,0.243014336267584,-0.0320693003080269,0.303090173840591,0.0123536808097406,0.435967006767569,-0.376350443174084,0.0597023271290959
"03_18_96_rna",0.372074913250923,0.240856681060885,0.429016212709831,0.0817303940621325,0.490304420079793,0.00768109067657227,-0.0240470644660628,-0.0236771780846222,-0.018179385180991,-0.134736855060761,-0.41763350179677,-0.0626753566377121,-0.190433202056648,0.00630494225217988,-0.371594197221504
"03_19_22_rna",-0.00449046686875146,-0.0152469425731644,0.566117385667963,0.461289608371399,-0.0294220350214278,-0.191352588613498,-0.44943724520808,-0.0632616912170787,0.22394018461174,0.177015192525821,0.15145736888414,-0.0902540848065108,0.300701936848555,0.140800994015066,-0.0133314369135047
"03_19_32_rna",-0.247228100164054,-0.00710099218948787,0.258168169644847,0.22903038713379,0.424096892268178,0.0644988946223082,-0.29314841681163,-0.0330095143375259,0.0169868927644765,-0.27680019882115,0.102766442402254,-0.184490432609653,0.617311214115387,-0.0342895731079725,-0.211954572249597
"03_19_37_rna",-0.0199380476306696,0.00133169753487002,-0.00763131252152738,0.173467594041627,-0.556242555143532,0.038395737097678,0.236520382054868,-0.106706475663678,0.646129289264863,-0.0492811779554081,-0.106378753419712,0.0569814880271078,-0.29177812504585,-0.00331115016073709,-0.267624404333713
"03_19_43_rna",0.151205270937655,0.566457842769137,-0.26168133804168,0.17310821105824,0.0190173540243779,0.064875255613115,0.0356375786468249,0.251127881675863,-0.0419579178835198,-0.262281669496381,-0.0651472057150265,-0.470907251636564,0.320143424886478,-0.0450552279768186,0.296380615644432
"03_19_44_rna",0.502122226124893,0.435191236930867,0.404476330787367,-0.0162545570247761,0.302423202642321,0.19799745599977,-0.11210419814043,0.236350919521747,0.0688986432586376,0.0377295036459129,-0.217392477478244,-0.14637940314098,0.343549218507663,-0.027723736181454,0.0432784190908891
"03_19_49_rna",-0.197962862357718,0.0739366493305048,0.380855197731012,0.0366919130351448,0.325237553405338,0.0483159553232376,0.337465917767465,-0.0183908823289604,0.00560622763804897,0.306895641690119,-0.372293524687147,0.503955854400779,-0.0912105451190485,-0.242745819047771,0.180489607482101
"03_19_69_rna",-0.195465479189398,0.0447843665355321,0.658926125239575,-0.122385911728333,0.00844582806861512,-0.223901806834991,-0.0411022787432403,0.258504811478517,0.251971270643558,0.0370757719236413,-0.376495967370564,-0.107243642791503,0.0403363711764377,-0.400015250299004,-0.110247001251172
"03_19_73_rna",-0.0396844931892392,-0.0188735084379056,0.410121094880178,0.281576104557505,0.161028363000211,-0.0173566017111177,-0.259007506674133,-0.365752986827805,0.0266508150312612,-0.224720790692791,0.388880618959623,-0.419921430981772,-0.209346530455892,-0.0114502634532728,-0.317433573046194
"03_19_83_rna",0.24277437271353,-0.279008838978944,-0.724713488516339,0.0587933891590329,-0.0471540233147466,0.118298827990356,0.093558488392367,-0.0595718245260493,0.255150202921137,-0.163841497136551,-0.00963739257892486,-0.299548415596571,-0.0132914832428415,-0.345976496925185,-0.0662122815221052
"03_20_06_rna",-0.097929670383277,-0.0831297851050375,0.0644566170029687,-0.614429197496082,-0.281203287210637,-0.100914176987398,-0.149290115352249,0.0476000552977286,0.484454586089522,0.263000673021262,0.0451956841968693,-0.192234946045862,0.171823385373326,-0.0760662147479193,-0.331416945075545
"03_20_19_rna",0.373425008863398,-0.125715558726977,0.193611237259067,0.105079344212409,0.0166500276470569,0.0058891537258483,-0.0973716869635857,-0.632542533247531,0.0806944605475298,0.387202016305042,-0.213327662546813,0.129455491351303,-0.105989842358058,0.0420108122434578,0.393212417992824
"03_20_45_rna",0.393785555047211,-0.213699170718752,-0.303536103503459,0.087466633968813,-0.0493277945129011,0.0840317914145022,0.0339578568272814,0.0401946318627938,0.230944852136619,0.0703294280143786,0.544421371776799,-0.526427538451747,-0.153822361904241,-0.173290675002212,0.0415257944680507
"03_20_57_rna",0.157532966094673,-0.0973143163354711,-0.309740154168,0.0987086965041092,0.134166397267145,0.242852361523128,0.0542251004954959,0.201993640736169,-0.386007866489978,-0.0668642052921501,-0.138107014123001,-0.497606649899386,0.238105335898747,-0.384377417135318,-0.338691990431991
"03_20_71_rna",-0.0516892776574157,-0.00352268527337237,0.416562474492227,0.287471601594473,0.428735943242037,-0.136053689877851,0.118734887419623,0.0436302674941353,0.237225663036377,-0.18983808802198,-0.274503631063883,0.0414553538113792,0.250935395598763,-0.233485239224995,-0.485752682650471
"03_20_85_rna",0.288315697573776,-0.202836960216127,0.018184363760116,-0.0866713245191432,-0.429124667071236,0.281460511260399,-0.0414081952027035,-0.388196517792245,-0.466704224633569,0.0595942801036862,-0.347092975885398,0.239256272345525,-0.0168111631736075,-0.0716824912045718,0.218190417180803
"03_21_03_rna",-0.259480306965692,-0.0917428108150006,0.167115825418833,0.412592371413366,-0.217228055796576,0.396646682453597,-0.403626059931696,-0.221770707919759,-0.199044070930204,-0.0869273180250301,-0.448443041578082,-0.0952731498413039,-0.110178046766424,-0.198571892340286,-0.0236043852740341
"03_21_16_rna",-0.170803606806218,-0.0230548017620214,-0.12639731569123,-0.327040452191854,-0.112439555339384,-0.360012562374901,0.44174850865842,0.0592913046054904,0.206479950099902,-0.136431402594749,-0.585849090052967,-0.228602702407164,-0.107038155534579,-0.00738697631611717,-0.195490100586103
"03_21_20_rna",0.0667370027028335,-0.0508304569694369,0.20362690781505,-0.0181748481043226,0.2300037245752,-0.19820881388726,0.380871659943907,0.0978515531149842,0.499111327683283,-0.177847134742654,-0.143721419970384,-0.299332684623558,0.43357593224808,0.266510573960535,-0.233083678000689
"03_21_40_rna",-0.045347817846335,0.0110039626536193,0.723227234084811,-0.228764286447015,-0.0238353344869828,-0.115286760206958,0.24270598593309,0.173603676595211,0.0191196071540609,-0.0784553762424808,-0.517807363900636,-0.0238101150514414,-0.0693798122142212,-0.183435820608741,-0.0765095628651624
"03_21_67_rna",0.40633541487178,-0.239783077672791,-0.29148651016805,0.101565703637575,0.139268938246547,0.032687400848291,0.0529664378524577,0.217479481991605,0.281343790442719,0.181633969035939,0.00230496133725733,-0.678893948166035,0.0448170588108361,-0.0550931651606662,0.182913088971822
"03_22_28_rna",-0.0934338737314538,0.0728001109267204,0.206538607858559,0.33732090607325,-0.472108680171302,0.27030227097827,0.00789091444971874,-0.387452092847306,0.0795783352517613,-0.176229231419951,-0.325054231380089,-0.451420682979849,0.140400973848835,0.0218680260151666,0.127962364305878
"03_22_30_rna",0.212208688078751,-0.189516391640006,0.316100862869345,-0.147926308158811,0.196458777408091,-0.00256674900742168,0.282258654165208,0.336173073607516,-0.573454042971288,-0.159374750005398,0.121642338464032,-0.39472095383102,-0.0969678084362691,-0.077106555291427,-0.160513619917032
"03_22_59_rna",-0.0480065850005813,0.0614399039742274,0.166622364573082,-0.438566052921973,0.0608825116192068,-0.376152516053156,-0.227367381076379,0.403111868925928,-0.305625068848803,-0.104685770344322,0.202035776719687,-0.00222058887805682,-0.330554324483031,-0.399832254895898,0.0101802575303453
"03_22_61_rna",0.0289015670725327,0.0841279981651845,0.207216145589316,-0.0454186236859777,-0.503373648146467,0.036426728113502,0.34261224598305,-0.383246702195161,0.152926597210645,-0.193611722682525,0.0954558490418324,0.12830977162396,-0.134041312457428,-0.566597352378299,-0.0516312104475186
"03_22_74_rna",-0.0656510689015352,-0.0601363488030381,0.121311420314203,-0.551520297542344,-0.270523171802312,0.0170479974609939,0.0146052506648554,-0.0992063374159012,0.450354447474036,0.227281588292233,-0.316151567221884,0.312051865814627,0.285051752625139,-0.154352119501682,-0.181026291886438
"03_22_88_rna",0.280439753044572,-0.104346647170233,0.232346643936572,-0.141308266193314,0.569586763255743,-0.156613039806484,-0.125125649903407,-0.230920355734977,0.110747437205806,0.429881375599047,-0.319220967819179,0.123730461793641,-0.144987023366092,-0.0629215209843672,-0.281638720473894
"03_23_72_rna",-0.128558798846306,-0.109548105846055,0.221748714473184,-0.0967919167058837,0.0652743272188833,-0.217532118163501,0.391366115845792,-0.0149567826756902,0.147094910128123,-0.279703585702305,0.0804874424921508,-0.484038283063934,-0.203561544644454,-0.476477696198501,0.314400992817163
"03_24_03_rna",0.190013309720767,0.71719608918826,-0.279210395092719,-0.000423445018867644,0.210495920991611,0.139760623605953,-0.219398575680273,0.0891604632869414,0.24095520212391,-0.13558085559997,0.00993344310600049,0.0410089916557917,0.300402050251037,-0.0236833335688547,-0.287428111449251
"03_24_05_rna",-0.0942296245130887,-0.138053573597127,0.0926512233149728,0.301102913361837,0.023054629135178,0.0671492876620506,-0.395786692245086,-0.270407028507361,-0.0829006214057875,-0.354715811188209,-0.233169175388612,-0.0922878203845078,0.606005949464096,-0.256605177359264,-0.0966282141473533
"03_24_16_rna",0.340779134377992,-0.225696686797424,-0.232333729919046,-0.0384309699140355,-0.163268777202375,0.177208186909449,-0.141388638471506,0.191984945187272,-0.513865731999069,0.0698902145025844,-0.475250663019389,-0.0315489784572699,0.042024013792232,-0.198922026639272,-0.35415975277357
"03_24_21_rna",0.307993254862459,-0.066335406380323,0.362761037156474,-0.363712993608694,0.296439543784247,0.162460105269048,0.243498940615842,0.213265971488537,-0.117865610904802,-0.101385819538464,0.326622727979415,-0.0302650023532193,-0.21353153168754,0.224308584045905,-0.436042933760895
"03_24_26_rna",0.519852144927241,-0.319842774693199,0.14326180023882,-0.146084519035516,0.126547598226268,0.0744793338909416,0.153242289912499,0.038776956952468,0.104683673508613,-0.253152938429378,0.267242745324514,0.29469850291468,-0.293054525579942,-0.356510550902951,-0.304548349245842
"03_24_54_rna",0.418105014892505,0.144498684555024,0.0567536346750779,-0.0526930005371194,-0.306882853846599,-0.621352832328641,0.0455840221499246,-0.116822605984086,-0.222634024096519,-0.259972954370296,-0.0347331545658034,0.290283993626781,0.198964350798171,0.157749764144752,-0.18770751479186
"03_24_58_rna",-0.103190102305469,-0.0476569537100816,0.0999904192280324,-0.523215841703406,-0.378280157625716,0.16367736243751,-0.00701482748705132,-0.0513776164310029,0.015315880128128,-0.18025968204362,-0.310109933232271,-0.633417936776376,-0.0156459028913727,0.0178842007209098,0.00857154088697525
"03_24_60_rna",0.692996423027137,-0.323552751358055,-0.327677975758169,0.0565505736211383,-0.178865044387254,-0.107966305669906,0.0712173801473062,-0.138524820902485,0.0842239612535093,-0.319874197410317,-0.0873455742444774,-0.0596494179832659,-0.220073990977568,-0.245445226186312,0.0855095450531113
"03_24_78_rna",0.59367199537364,-0.189052478524852,-0.16250080916036,0.0902701578047878,-0.298451239447934,0.00207924003840044,0.328341950348094,-0.285822001494094,-0.0466702550575706,-0.360564795862651,0.157890628444364,-0.327993176460761,0.0833451429473429,-0.164313670105693,0.00615916607076628
"03_25_29_rna",0.60422756187548,0.336738277889278,0.407558237333205,0.0167982579685744,0.393278493190607,-0.122340027139312,0.0137386926750546,-0.00184550706432243,0.125812980461538,0.0908296557280851,-0.129340719781828,0.273876883513846,0.0925782849176127,0.215340626254032,-0.120600367672664
"03_25_35_rna",0.507831435756087,-0.222925550026164,0.174525762844332,0.00478517643134819,-0.0599397423383198,0.371030881126718,0.0429680187444644,0.169603164834466,0.502899155707274,0.0382033202407513,0.152024837021882,-0.0470716995676224,-0.401363199837682,0.0974626255349969,0.199437680881235
"03_25_36_rna",-0.0300045344852642,0.0273177170440862,-0.0505066261646623,0.0442199155653578,0.038215359241051,-0.238800310740443,0.381080964818384,0.145624730370894,0.414505781815918,0.0687260706932813,-0.315879369905598,-0.248217299910066,0.603839987711207,0.205599303372249,-0.155268024808479
"03_25_55_rna",0.18727186404647,0.72459918644608,-0.385749196656068,0.0356998282391959,-0.373046821003037,0.074101723647036,-0.117301347861657,0.108813937932108,0.206742738035786,-0.0752945887572075,-0.162912698399762,-0.0404555687946427,-0.134115674968471,-0.148104179194773,0.0551577259728414
"03_25_84_rna",0.111106175373569,-0.223854673295674,-0.285098350207825,0.0873393116408944,-0.0463113273634207,0.663639883923097,-0.0116211260825009,0.137653225050462,-0.238076852073915,0.180097273540608,-0.10298338346982,-0.411201939836261,-0.048287914786447,-0.332678830547164,-0.071930715551433
"03_26_02_rna",-0.165852689081376,0.00762113388789142,0.119046785850499,-0.487860611433045,0.0889159602446089,0.0397370659405115,0.0140394608350883,0.0233759148033939,-0.0782521359488832,-0.470267297797865,0.0584663650144724,-0.652419923608239,-0.230981321766679,-0.00948558784530858,0.0154570399771629
"03_26_27_rna",-0.119967625155251,-0.0375203032732443,-0.0623452289236918,-0.534472082181353,-0.0164091917362397,-0.220975287671506,-0.269145842854296,0.29572370150127,0.00591278995450495,-0.379782736921013,-0.330200379599845,0.199051581609106,-0.191400626104698,-0.393387079511935,-0.036742682105992
"03_26_44_rna",0.0453316187185309,-0.0280193692374733,0.18689104402107,0.339241739438153,-0.502194185018502,0.249539425234484,-0.17279823268554,-0.372104202464801,0.419868730587427,0.014039763574155,0.0660200654186884,-0.240178325418624,0.214966640242116,-0.241422041519107,-0.146050151599656
"03_26_77_rna",0.390808949308266,0.199786664155487,0.0352490550721386,0.269696318461325,0.0500217929254832,0.22712873679564,0.0140934395175458,0.545519147900584,0.266602325698629,-0.12343069478342,-0.38739561533468,-0.175332300072045,0.0154633174852448,-0.3375216587739,-0.0143856261867339
"03_27_20_rna",0.0556013043399624,0.064020193996775,0.12284506148095,0.0790162977866905,-0.126725511606318,-0.0188054307098936,-0.211717060193101,0.349842021961845,0.495620311165598,-0.315863218293483,-0.297408273229674,-0.258604642889454,-0.279511374999689,-0.0189078031799625,0.45675775883017
"03_27_37_rna",-0.118612098892716,-0.0625115797696595,-0.214938123582025,-0.310672729062079,-0.18492241230994,-0.231309614073797,0.109581778259427,0.462458111720549,0.130312434556443,-0.380505189712405,-0.245322711381799,-0.444838222314229,-0.320563705381839,-0.0556579723898913,0.00653587261219242
"03_27_40_rna",-0.0404601251595449,0.0792982632937594,0.174994670417261,0.0620686513604966,0.063439717859409,-0.0213488823817211,0.840357186111686,-0.22726479790109,0.11746355053515,0.0911817748613536,-0.0402184283627554,-0.207558845489139,0.0690147200214591,0.037597468230128,-0.34968936367869
"03_27_51_rna",-0.211392296170317,-0.0243350550417703,0.109186784287882,0.295337154479694,-0.243310476494366,-0.00189533733431022,-0.248975038463405,-0.0555978485936208,0.212909156200396,-0.2292341869787,-0.479706389046666,0.336543710922009,-0.416366281582621,0.159898475664296,0.301836262614753
"03_27_61_rna",0.131269299229508,0.680055392814566,0.00283346575633087,0.234181799701393,-0.114051643732896,0.0342918884168424,-0.249735898486965,0.202489547291797,-0.309179377196413,0.131925533604118,-0.329839889614459,-0.0399951282389171,-0.0541802733300299,0.1166219206599,0.328578410700716
"03_27_74_rna",0.517860908360592,-0.117671334044584,0.547529895085249,0.0905249862054066,0.437441670343835,-0.121160288454408,0.0301699487915155,0.0303703145135239,-0.176640940694111,-0.354458180980746,-0.0315222310215961,-0.177471058155894,0.0297614050015368,0.025298079077079,-0.106132840221948
"03_27_93_rna",-0.0879453602848448,-0.0133508274994154,0.0442075773628624,-0.413818971805705,0.247642029887517,-0.130541847022314,0.146838703151175,0.0451438434691612,0.24932234190842,-0.589103146509649,0.269082476079192,0.0372873014734856,-0.383043130816771,-0.244574076233228,-0.165472685154162
"03_28_16_rna",-0.0533864114292658,-0.015659297342386,0.175430712422973,-0.483167499933287,-0.535284318155271,0.365621005416196,-0.0974247373923746,0.0649076766358103,-0.101446722877108,-0.342881858029252,0.0651384980502205,-0.307096835888425,0.249475942369615,0.0522542259387025,0.0859398404875171
"03_28_41_rna",-0.0993805546400144,-0.100599095214409,0.243932991429109,-0.250632370583354,0.00319091169863847,0.224894812264815,-0.0535112073909384,0.00568416397408595,-0.00931739805386556,-0.160488233475667,-0.0603474497412672,0.0601847526237004,-0.185847792094073,-0.727039122309069,0.456034238899468
"03_28_44_rna",-0.0928308715672069,-0.0340350991339866,-0.0934098847641978,-0.406203154256501,0.114096743695831,-0.323544614343698,0.262952519755618,0.179711220805797,0.484324889272108,-0.474199128924525,-0.212568572378384,0.00813015428205354,0.253008541411943,0.155627469581621,0.0666194893454523
"03_28_88_rna",-0.105476588067177,-0.110821629893718,0.287097633866597,-0.276260134735043,0.024199970914473,-0.327635876380097,0.19611559345848,0.195187027369558,0.129306793767466,-0.029017199986807,-0.0492144909428901,0.411228971885105,-0.13046908522609,-0.634747876494161,0.156005472364622
"03_29_13_rna",0.537729651290209,-0.147063165175653,0.157789129342815,-0.0335411380928655,-0.340915389669055,0.164476254275542,0.0262634200121397,0.201334953553867,0.0899012700908697,-0.465921252217157,-0.145093522959031,0.247102261456616,-0.321673913629216,-0.0714480290350409,-0.25067931942183
"03_29_16_rna",-0.0150653457835927,0.0981117495254525,-0.0200768548955539,0.063700093454194,-0.343843909326325,0.0759167243789177,0.503108007157539,-0.1695464565718,0.369481552580999,-0.13752521675045,-0.174199329008549,0.19661011597412,-0.323348107163829,-0.482630874147111,0.133840880051064
"03_29_28_rna",-0.0690959812459043,0.0703141514736335,0.260832535615091,-0.400173638014434,-0.263426021959849,0.0787317517058276,0.0923783281192353,-0.0326240357769449,-0.354723383315221,-0.349784534628279,0.319520643595616,-0.415799617904617,-0.0356287015654395,-0.219299543853506,0.323104804535104
"03_29_39_rna",0.390950324620089,-0.112519013228329,0.290454590629675,0.0330111852679728,0.0580944973001603,-0.290188494740239,0.0399956165226401,0.362098107634839,-0.0782376619263337,-0.260574711186513,-0.230290495457512,0.243850677693307,0.583808834021467,-0.0368256584033851,0.00621488692308424
"03_29_53_rna",-0.0227779920608943,-0.0376054633714606,0.134445125296135,0.0293831192652096,0.296592354625023,-0.172827130857831,0.502633469520944,0.267129899032789,-0.167219099767171,-0.0789155026482061,-0.0544397315156379,-0.436402617424041,0.236269246793482,-0.134190449256274,-0.485656315481411
"03_29_61_rna",0.115242282931127,0.768627200683805,-0.115899181786136,0.0185756073657264,0.251392133777729,0.239589888197027,-0.0142884585284185,-0.0142121920954141,-0.197995923894987,-0.356762930841872,-0.209891605894611,-0.0228098145751115,-0.193239905859438,0.105806961202806,-0.0394027960914259
"03_29_67_rna",-0.225718427399921,-0.0842182418750377,0.281898959705232,0.339678070767091,-0.423538058268888,0.206453300754576,0.0281747840458261,-0.173014755817565,0.134033410693576,-0.265535239272963,-0.225516934642528,0.382365703832486,0.0303877646576237,-0.144456790237355,-0.432490889384986
"03_29_90_rna",-0.160000074867338,-0.00272271392623769,0.548651897057386,-0.0596270180347278,-0.0464223430007963,0.317057227359617,0.361814335498026,-0.389509703407374,0.255150213756045,-0.209072540918691,0.182356028225439,0.0671146840742645,0.154362023706895,-0.0994660250371612,-0.322828670321936
"03_30_38_rna",0.50342247339259,-0.136695515154425,0.0616151318142879,0.131439965937186,0.0314970317966283,-0.550581220078651,0.00195480687863859,-0.129397162911769,-0.199199459688525,0.0405130944865137,0.193294868306556,0.0945557845249576,0.341184846365306,-0.272935553834976,0.327722010778458
"03_30_40_rna",-0.0236786924682792,-0.121187990714158,-0.222905751504565,-0.0199122349219268,0.161679621860617,-0.0642535839644104,-0.0177142984308051,-0.182747760091763,0.412360520532658,-0.251484877490839,0.65770930581007,-0.320289669251495,0.109424093208006,-0.179691583356093,0.240778763451397
"03_30_62_rna",-0.0730014009587221,0.0529349095785055,0.00781899518422892,-0.103676114051845,-0.259610154070256,-0.37516653044274,0.120546782492473,0.226396409263043,0.307589616914986,-0.247850855424104,-0.241734117343878,0.375790706221132,-0.180712336966313,-0.37515702892758,0.421935298966465
"03_30_68_rna",0.173730364086607,1.65207144383851e-05,-0.111240513188632,-0.0428244921742823,-0.0884911906782411,-0.347151078848921,-0.371315719740124,-0.283802279169069,-0.327207429254542,0.341907746387152,-0.257951835793841,-0.445294743446405,-0.312482389092886,-0.106009948171251,-0.105689129629541
"03_30_89_rna",0.235861860343204,-0.198661004518046,-0.00470172102633151,-0.082951184637918,-0.00834525122935796,0.456148745079638,-0.0187924129815948,0.277087287191309,0.198550315247913,-0.0545824891398468,-0.102386997760229,-0.536112857849714,-0.246977254970766,0.45644292373401,-0.0555757678644801
"03_30_92_rna",0.12307376500351,0.782077862012141,-0.27543671086701,-0.0287340946148139,0.217720213794791,-0.130614550758192,-0.0430431207128679,-0.0225901148735598,0.105621155292696,-0.19552579240848,-0.00283178251466685,-0.191901780188963,-0.0201190112658251,0.25474934727062,-0.279585907393666
"03_31_02_rna",-0.122206841321091,0.0694911380107612,0.236947358922895,0.106285246913792,0.38556891755234,0.0542556422867943,0.331238205689712,-0.113862667216029,-0.00636709783144191,0.179357740439606,-0.359077303556848,0.199379629088416,0.354922658850255,0.0338651007853494,-0.557216223769267
"03_31_20_rna",-0.0288756191921168,-0.0723873604749733,0.211679471099968,0.304352774704384,-0.428981920173987,-0.0773269655806997,-0.281796044006608,-0.056812493879995,0.0804517773651688,-0.288482430658133,0.0757955588531123,0.0358919244714459,-0.642779597427326,-0.271520500378577,0.0151344020421336
"03_31_23_rna",0.386365018371847,-0.0421747280548228,0.102606393959144,0.116458747888793,-0.533531964856393,0.323231153298733,-0.0657113367021852,-0.101742615156708,-0.583839127113741,-0.0122610879076584,0.135708923740214,-0.0611336027323552,-0.211069820856968,-0.0788779532411237,-0.084282184232216
"03_31_90_rna",-0.0166848782397451,0.119582315188391,0.459241380535898,-0.556588279455993,0.276341253426175,-0.259144791453791,-0.242742346811586,0.0392679769336885,-0.0382669634765266,-0.227757493339508,0.399066917876529,0.0246079072400466,-0.171374820760883,-0.131297033590556,0.0305967898389471
"03_32_03_rna",0.437667591449084,-0.333991569926047,-0.0991650968741199,0.272170057428729,-0.406257144202086,0.23647485896307,0.164249590971505,0.171233772249934,0.139971247540447,-0.156995555721306,0.354324632519309,-0.135612235063194,0.0656049391070102,-0.317765188629791,0.205590354057245
"03_32_12_rna",0.327248639124621,0.173518509105545,0.615818924501587,-0.113063063449964,0.245444773601611,-0.20518453194907,0.091420797191412,-0.0142180124563058,0.173963576732293,-0.105678195771492,0.0781134651278508,0.0145497409481909,-0.538792813300485,-0.14767125276631,0.00553154375312986
"03_32_34_rna",-0.325062175651955,-0.00822899436694117,0.0711148959461084,0.113444418062587,0.128352041463727,0.264675294644217,0.465143040121255,-0.228805531766424,-0.0503596128742319,-0.142620979143136,-0.387718777149073,-0.390038541334559,0.268781229776226,0.21981562658537,-0.274240071036276
"03_32_46_rna",0.346028747032938,-0.186224677164872,0.254625305773247,0.141301582636575,-0.127679355625352,0.503880136826101,0.313839207932651,0.10082982398679,0.00974453879142124,0.414242378467559,-0.124113340795867,-0.153998479877094,-0.374388908958137,0.143321645782872,-0.10200918409966
"03_32_67_rna",-0.100917232383746,0.0388320520822419,0.181323738574219,0.291346465736905,-0.307017740858762,0.393995029334292,0.25032813054905,-0.159026519093357,0.010950435249791,-0.127996036930969,0.139148018112521,-0.586780369983007,-0.0183725160366715,-0.390275719836432,0.0164979309701614
"03_32_87_rna",-0.250212121567393,-0.00606851794434714,-0.0691763417839529,0.0994453118276803,-0.243637170884148,-0.160936707292469,0.347404296692037,-0.478496613686112,0.342035984962072,0.133587589017517,0.0428134327773402,0.119426184971251,-0.309160686804004,-0.459225299957491,0.174286581601177
"03_33_24_rna",0.24869362832407,-0.138218038714213,-0.0622827328234921,0.317569799399208,0.140768061472161,-0.274235948753131,-0.346827771822842,0.350158325673293,0.305038232618506,-0.0715229288916077,0.0762940454201098,-0.259611991070566,-0.337487782499793,-0.165180948200367,-0.404759692491809
"03_33_35_rna",-0.0393106952524754,-0.0443414468696082,0.137924040475468,0.453871794080547,-0.398091469696631,-0.00348135644988679,-0.0271446390604334,-0.0291247712678199,0.530608435112659,-0.501211230307695,-0.0614752007228335,-0.26014338166815,-0.0328384272147144,-0.0779847122390742,0.00448010405750939
"03_33_36_rna",-0.0858940263353491,0.132264315216919,0.474852762887531,-0.31068177097074,0.149466482872276,0.0866686821014664,0.260636909825795,0.110237004584341,0.271326402375856,-0.206828313191999,0.169231662618979,0.0669646547754496,-0.274973184870877,-0.54363483447176,-0.15005298393155
"03_33_40_rna",0.453502747238674,-0.197533645688704,-0.135162715750312,0.101465142209095,-0.416985282948522,0.344996571580849,0.0414359808497179,0.11966178920738,-0.222524784803407,-0.241468160050635,-0.402661123027418,-0.0010487952290019,0.173692878376481,-0.101454713616773,0.327708453200344
"03_34_05_rna",-0.208868926834891,-0.0792530916769674,0.286458529531942,0.310513325251533,-0.00507312261191443,0.286149124263498,-0.429701361201835,0.126184718756511,-0.288073629902975,-0.0453182044826315,-0.311936377788348,-0.196950439455623,-0.0786278181047116,-0.296059378377528,-0.41734323884336
"03_34_32_rna",0.259422135424623,0.63195668422263,-0.00433879590412384,0.195165581226917,-0.160763427231401,0.0231900608262837,-0.205331749865119,0.267498131613982,0.295996976587716,-0.154143549417756,0.135418673782496,0.0807075869494359,0.174688076542165,-0.0179719339782054,0.433656717950122
"03_34_68_rna",-0.173612234396812,0.0379330757289366,-0.0707755415100991,0.10882711375738,0.112925485151987,-0.404693173386073,0.136307167546257,0.124771066019196,0.0854788674054045,-0.313842190358842,0.232043191927817,-0.0854752286490528,-0.309047536042144,-0.655341872624019,-0.221255957758539
"03_34_82_rna",-0.0860935392060825,-0.0102434725534531,0.338554216723459,0.38714609093057,0.169633119987463,-0.24798267520637,-0.467593255352499,-0.270497724628348,0.315423032198937,0.0375652229444346,0.132292252658699,-0.406472233085778,0.0474191239233265,0.24492206806365,0.00628505971266199
"03_35_55_rna",0.524718921151306,-0.147456258850743,0.416542145444771,-0.0897611289524877,0.195272967920632,-0.105037061566255,-0.130248069928181,-0.0314287172325999,0.0414940394954711,0.0630741585859651,0.258687443182264,0.00592725644170938,-0.57524492746821,0.168396699652413,0.149422356303439
"03_35_63_rna",0.132755289196218,0.689360492850429,-0.0545445366573117,0.171569355624486,-0.0417895021470915,0.257260789349108,-0.0291431884717786,0.192685393154353,0.391971189567002,-0.0901949295270688,-0.0252268038343362,-0.0270679580542569,-0.322565036800882,0.275705631213439,0.160103493485496
"03_35_82_rna",0.463700574704587,-0.178333701941697,0.104299612065356,-0.134328653707573,0.662792952575652,0.047849410271058,-0.220256081411596,-0.305810063336103,0.176273323494598,-0.09171599509694,0.0704793465684129,-0.225072548510558,0.0588736124284906,0.196194475369369,-0.0597678682807802
"03_35_83_rna",-0.253285382313038,-4.19304875510946e-05,0.154236733794151,0.379307835098396,0.262832015130557,-0.0733288668338922,-0.00751316282648326,0.282679705419938,-0.169812401760397,0.0326426610893452,-0.268416348819163,-0.168867398890322,0.355847561621761,-0.00932200402808246,-0.59714431962624
"03_35_86_rna",0.322863687279338,-0.113612748122263,-0.0292396356277992,0.0465035945482137,0.206261987897296,-0.225293331302389,-0.0531753274671671,0.281276955245951,0.283996901655459,0.343404947118444,0.317057995456508,0.201142754246533,0.464312290697184,-0.347588689812006,0.169171599320941
"03_36_15_rna",0.0226870297203477,0.0348745014431377,0.230643749687966,-0.582113132127721,-0.615929937948056,-0.0858275548055268,-0.114824221610198,-0.0506606568952784,0.159686447335168,0.00615591221594579,0.104608551682759,0.129464415137053,0.364600207731248,0.116690393840701,-0.0627540296220145
"03_36_21_rna",-0.0806982615417432,-0.0225851191289722,0.0404650134026998,-0.326529033045852,-0.316230673057506,0.0582105855871159,0.537384254281955,-0.253587539071048,0.078924860697943,-0.345443316140172,-0.144218762115064,-0.141385298478867,-0.378896691411422,-0.343849742230392,0.00979124093012487
"03_36_35_rna",-0.0608219640345419,-0.0875169718294442,0.535017560360016,0.456351157910095,-0.0316310125722996,-0.161469018421774,-0.164157049419086,-0.129688118945122,0.0916501151493254,0.046239929524525,0.218602362731141,-0.0350795673688688,0.396491423033478,-0.396043988191559,0.222913113853453
"03_36_52_rna",0.512372371906867,-0.151558016172314,0.107798258867025,0.283254055543667,-0.096430463536327,0.293495849113018,-0.092647186312427,-0.44354512956053,0.44486389347951,0.184447199882944,0.137677421398764,0.258672089736485,0.0336044440073087,0.0225029804610083,0.0497025792704887
"03_36_56_rna",-0.113023526889977,0.0474922648226327,0.344060891138276,-0.346226932055464,0.255200599150585,-0.153554446262325,0.201383157551472,-0.142219684655876,0.204974905689398,-0.169235427389052,0.483085454658162,-0.506646707024268,0.0986823904198469,-0.161299274119888,0.027528151769981
"03_36_84_rna",-0.279617849625631,0.111613895653014,0.0163389900171331,-0.439981545260099,0.0934149051885227,-0.325575728255708,-0.0319803997607811,0.0104373324456835,-0.139665357903416,-0.230143947315133,0.340610552060436,-0.293617449132696,0.401195130587592,0.0359219475086533,-0.403361584774008
"03_37_03_rna",-0.207705839679836,-0.00910477748907535,0.104947103358585,0.335259963444871,-0.174399337550549,0.149782666380655,0.486809856813792,-0.182445513330732,0.238799632377131,-0.0603293893630707,-0.422808142597788,-0.383748430016977,-0.225483517587846,-0.129161363561279,0.236689911726185
"03_37_24_rna",0.292772081837039,-0.179583374736497,-0.162190000829706,0.026481431479085,-0.116835780291302,-0.01270819931964,-0.0648660758740553,0.463683783065584,-0.232072051714722,-0.38582743421182,0.0223742879615283,-0.341287964113462,-0.448481154569827,-0.0673253477253958,-0.310867693449345
"03_37_31_rna",-0.155980622947316,-0.0478620573085026,0.162672188695206,0.351340205749205,-0.124050566719527,-0.124650129639997,-0.517321731332122,0.0333880529280883,-0.187654794850174,0.184582337052809,-0.187490170477918,0.313853292756662,-0.0855529772721796,-0.559672163403646,-0.0179080117170739
"03_37_42_rna",-0.205558953651458,-0.04240564411322,0.477223838229142,0.319140788526202,-0.11247795555911,0.0401936638512283,-0.279021419308282,-0.362495593283039,-0.14232719421872,-0.379429020928748,-0.0484691115006042,-0.367488868912691,-0.222948050568008,-0.204824692777556,-0.0977307058083803
"03_37_62_rna",0.0701640409783447,0.679492444661773,-0.0853300781626729,-0.0422820271238377,0.108036316083044,-0.00708885903345143,-0.28785048499886,0.375840316950824,0.0970919323963703,-0.143583619669698,0.383450971852853,0.00677964453196226,0.0232339527828934,0.209662666770283,0.258534579701257
"03_37_64_rna",0.325031872987307,-0.216918396141967,-0.184758011332832,-0.149453977984501,0.199548745014549,0.0892696068884245,-0.0543461441296271,0.319840457809033,-0.093456919122012,0.244905095601252,-0.205253282817655,-0.125486877513338,-0.392307753462662,-0.292497608383789,-0.521286579561083
"03_38_16_rna",-0.137379112639988,0.100867340560374,0.119022263636865,-0.714941845746631,-0.0438767331402109,-0.128376286042207,-0.234881056905343,-0.114383751339611,0.319143482387757,0.332956632111735,-0.116815360558705,-0.160220106321863,0.00390448981410916,-0.100512712897531,-0.311189945757234
"03_38_18_rna",0.341940300236097,-0.0495896843466375,0.268208769572891,-0.0672721793916071,0.482540364440563,0.384460318785908,0.368930597240462,-0.40931418364069,-0.0323371671866796,0.0861410469347309,-0.119934222971157,-0.135518457218588,-0.207214043299992,0.0252114710761613,-0.187255592947386
"03_38_38_rna",0.165709764899481,0.813499213677639,-0.327952736154444,0.0725299001004652,0.0226564287361765,0.227859662742427,-0.0706931374871577,-0.0517719565368685,-0.00194589092797381,-0.0616083367533611,-0.112232965176452,-0.308102696206397,0.0346004851934464,-0.158572639622946,-0.01300636843511
"03_38_63_rna",0.22778806069445,-0.0764235342415858,-0.239455860335269,-0.117868754752149,0.0251191535593843,0.652883837332274,0.0319028851454239,0.0936510824578238,-0.136135139696637,0.297361712734802,-0.282281869171231,-0.346684497770607,-0.32149203723177,0.0381744173849169,-0.150727963257683
"03_40_29_rna",-0.0277567418590939,0.0880042160229318,0.41673607856488,-0.172303625112513,0.482537236544302,0.123969270124145,0.264058430237847,-0.0376540010306236,-0.230753297735155,-0.153589747263509,-0.18272967339155,0.321047523271404,-0.211183282234027,0.17466658265649,-0.42469606246133
"03_40_47_rna",-0.201909960696879,0.0185576709923259,-0.118196540960068,0.0288141448886234,0.124806478035393,0.0112720012860025,0.647558554678886,-0.300203436325724,0.29193450302634,-0.214105664159785,-0.418202237281235,0.0286092106282449,0.102100307906394,0.00293138597111466,-0.318932202678459
"03_40_72_rna",0.523087935766271,-0.264891359575455,-0.28537804381278,-0.124143077595255,-0.11501822053487,0.336821066215634,-0.0644543426861879,0.319389157607761,0.218277607786257,0.0937979879794538,0.0315415701304518,0.245914794729602,0.368691007133046,-0.22018211770297,-0.155539937837986
"03_40_78_rna",0.0162336552159474,-0.021006520453144,0.492904280001667,0.252104997454781,0.0351512487622373,-0.106944244364958,-0.171669585765116,0.347971606018412,0.325766392642285,0.392826262062017,-0.354537489671684,0.170493146753502,0.183814918408245,0.196864638722548,-0.204479091754696
"03_40_94_rna",-0.138845941954912,0.0632768995114864,0.153767156584701,-0.056188899928557,0.285212342253348,-0.0958602748475769,0.512141348720153,-0.190775783076024,-0.123676683134144,0.0925186332254029,-0.00965539337630721,-0.0905043625160806,0.0380811952582102,-0.248573979376151,-0.682142058643972
"03_41_08_rna",0.552088857559666,-0.178883667651085,0.38355706054198,-0.0944415360160886,0.205789429493953,0.177353116005212,0.0704686803761364,-0.395641602096321,0.0371225553286579,-0.228731426696141,0.158641460754819,0.421568468568894,0.012438989129438,-0.116592995436597,0.0391137271045263
"03_41_39_rna",-0.0646339078702777,-0.0081189088604756,0.247965542220497,0.0870307708842813,0.256411057703577,0.0447958408443288,0.531134243160772,-0.222174825883768,-0.26294224443176,-0.264723019449775,0.014247063996593,-0.156928865245341,0.302824875607582,-0.483340834578794,0.195215072439718
"03_41_53_rna",-0.182510784654881,0.0746095152095154,0.343060388772867,0.277668006531832,0.148952448870255,-0.255292503334144,-0.351909584035779,0.437529127466318,0.16055490137795,0.302814400763998,-0.445917107039722,0.165821993201863,-0.0624890152828056,0.0461279702074466,-0.117702975385703
"03_42_04_rna",0.222018925807187,0.732587364668285,0.145474026240764,0.151150153385157,0.296137805646282,-0.15084120392325,0.249546576587915,0.0837922958851789,0.249812811180007,-0.189118549601233,0.0945577600758217,0.0885527307180524,-0.0087225453040117,-0.135698063428751,0.238377656893991
"03_42_07_rna",-0.12905525462566,0.0201913987702397,0.229803967147958,0.168032805755114,-0.0560923664932318,0.24604607401858,-0.200606181427943,-0.302475971781475,0.584913159622363,-0.243534996984756,-0.0703469684710214,0.308412765796822,-0.406953399043501,-0.16409893954249,0.111504366748565
"03_42_13_rna",0.275663056698393,-0.0506366958452948,-0.063623303065568,-0.0657446168877522,0.14023871294628,-0.405253906035957,-0.254734040965181,-0.421522040577574,0.125287795965087,0.119445631382335,-0.487989651971911,-0.351175226048385,-0.208944843486665,0.216418249929487,0.0684879592292962
"03_42_16_rna",0.309866241309187,-0.119142650399174,-0.17684182876091,-0.0345284418754914,-0.0120285387269846,0.106634486632644,0.0733062190905675,-0.240729921257995,-0.337635025900257,0.184742822471525,0.0276030193621639,0.0722289934495956,0.171886098040467,-0.610640749855224,-0.475341106995793
"03_43_12_rna",-0.227898642736461,-0.088921375567821,0.103328863326068,0.424069832012487,0.111220992301392,-0.173447754589868,-0.465050945627134,0.158732806578201,0.428872572520778,-0.223265396642097,-0.140414187010408,0.101265643476996,0.08701335433118,-0.292372305060381,-0.330026542438272
"03_43_63_rna",-0.0290661078927034,0.0199363691371481,0.351669318977338,0.147782534746375,0.115874312394535,0.328094184134842,-0.550181373906312,0.255474341110375,0.173682750543032,-0.104726831123106,-0.30293775163137,-0.0944066045627299,-0.291550587068201,-0.356757177157913,-0.100561714190882
"03_43_69_rna",-0.0672558891021733,-0.0132088688466062,0.039722184676701,-0.436844233562338,-0.293426466865286,-0.13825288936615,-0.238911034023435,0.226078540130713,-0.336561449041662,0.16328659955893,0.0344398488777103,-0.128348367805366,-0.351259374460618,-0.474302394825879,-0.289045073097961
"03_43_73_rna",0.0418478153043717,0.0835327121345108,0.498183606348561,-0.446188772311858,-0.248545817175222,0.0364405854445815,-0.403976637581516,0.294907189967254,0.127924162238774,0.0389923506901591,-0.20610889082997,-0.189270112400291,0.232600035765884,-0.261379628543033,0.110083034104215
"03_44_01_rna",-0.177673965537467,0.0939230788204315,0.102225438860989,0.00726151624294323,0.397484342961659,-0.0112589774013068,0.550777408230597,0.0697674979637618,-0.528636417774669,-0.149534494516309,-0.281152366493631,0.0368632024717704,0.208884414349595,-0.121461353615065,-0.205318502566106
"03_44_29_rna",-0.130362338260022,0.0974983048117269,0.457025105226371,-0.573086700748996,0.313311247787537,-0.118103820760458,-0.299845270196641,0.0289779720112843,0.187051466522304,0.323582564368574,0.120245745344411,0.13448318245712,0.112148787950004,0.219330624794487,0.0204475477742303
"03_44_61_rna",0.0663199740090227,-0.016660573371099,0.0560127616438361,0.161964819459444,0.136599007346672,-0.449590326835619,-0.46795039506957,-0.184491059000582,-0.292937762946104,0.320156309612113,-0.364405127067366,-0.372368771859997,-0.157950698408572,-0.00267700930831722,0.0862032267568816
"03_44_80_rna",0.243968798352845,-0.0743120458150806,-0.00349384794492562,-0.0652517553123664,0.364065046866276,-0.237101660500094,-0.388428848493439,-0.208198764664361,-0.344079371007205,0.363404117938196,-0.0506413765065885,-0.356658287466447,-0.151970665070227,-0.369090078785628,-0.0903176405852568
"03_45_23_rna",-0.0990408950534781,-0.0584837804759774,0.036078735495317,0.0800559494320562,-0.040705083075113,-0.086239758021334,0.431057376249653,-0.248953140729281,0.196846325656817,-0.243337766561003,0.267310083472807,-0.534683823319847,0.501989634598784,0.0815199963376375,0.0907483968493864
"03_45_69_rna",0.0243372539281679,-0.0436282514790806,0.238163325466609,0.341359014574916,-0.215982471096836,0.108143102211229,0.138766922817378,-0.176552358139058,0.0445962093313194,0.0292218789964492,-0.14346635428233,0.0207638445888704,-0.311255207750183,-0.53495234340298,-0.555496074414286
"03_45_70_rna",-0.0289358756129013,-0.048697036795088,0.302035091104382,0.223541399253336,0.0172765878688059,0.0945498989199036,-0.283733594067463,0.0130790855442626,-0.025191289406865,-0.0254204534355094,0.113353776395053,-0.552354099687406,0.479948633700271,0.154283646947033,0.438522879939768
"03_45_82_rna",-0.0575356583151283,-0.00810429890267803,0.113608531055562,-0.428264282079873,-0.0168162574840753,0.0955119193047101,0.131049774761395,0.16565188735233,-0.0417465448621746,-0.0761927848665752,-0.153880497275562,0.0295526551677253,0.621149848754149,-0.559526542117365,-0.123649112209105
"03_46_16_rna",0.295891873865042,-0.020361155036194,0.534890589398821,-0.284350810302266,-0.0485878078130264,0.0251688973894028,-0.33188642417366,-0.204742906029173,-0.14211063117557,0.345710553809599,-0.234439082880046,-0.39348474785974,0.148643166718305,0.00852884425815914,-0.135413849847661
"03_46_27_rna",-0.18570988607022,-0.0533479399907424,0.0617134003802024,0.290238083826457,0.0443820640403296,-0.323674663117603,0.000606875878431132,-0.181099358876256,0.438476676679643,0.0338470877448899,0.259150259663073,-0.0810488277097086,0.184262048770976,-0.0825570716499213,-0.65359267253712
"03_46_45_rna",0.211993846108177,0.300823798518923,0.445818956151358,0.0384463322151497,-0.189632994225038,0.0932317004913087,0.428965345360347,-0.112238228699143,-0.169504200380499,-0.37657881611362,-0.387939784571913,-0.212849122951739,0.227197896730637,-0.0220001247728159,-0.0679800360347697
"03_46_90_rna",0.170067999914598,-0.258725440998592,-0.127434739260086,0.131200163112032,-0.275743963179012,0.231584980858263,-0.0526432564968504,0.0876519547843877,0.77147715248884,-0.253777989616435,-0.154081729166659,0.121726648863638,0.0919848746023225,0.00965489367772257,-0.154502933736462
"03_47_18_rna",0.131652304435097,-0.0166643904852956,0.141664739802963,-0.431071223148256,-0.296643694479548,0.0215723934845932,0.00755892935357123,-0.235995457328774,0.671252760155721,-0.0717510072359011,0.185609781492077,0.0242006045133961,0.352720838377325,0.110343215177817,-0.0702287527086839
"03_47_60_rna",0.615688773190879,-0.190930727313708,-0.0609979777901606,0.095077293461592,-0.246520250488769,0.142247002397141,0.108544039351302,0.228230606977405,-0.272940230212885,-0.206442601123848,0.489640552459193,-0.143002941390274,-0.140538907625155,0.0234847641411047,-0.170937232592017
"03_47_61_rna",-0.160569327104743,0.0504768504368662,0.196482076856877,-0.0152185016336999,0.223578965136698,-0.185404990474188,0.659711378806244,-0.122692537792005,0.439611044431493,0.172208959477603,-0.278359192514774,0.00276814991458158,-0.16734257191784,0.0252757317056222,-0.26296377190264
"03_47_75_rna",-0.10743272417521,0.0430311517984606,0.192899170931061,-0.592434038374407,-0.228135488148828,0.132099622197741,-0.214431563333228,0.0540094176689498,0.215654755000989,0.187884457074399,-0.230624423364832,0.195423838886294,-0.204560287767706,-0.101735340607172,-0.504622325319016
"03_48_07_rna",0.32634636697946,-0.213837903975616,-0.473076085560346,-0.105807540172065,0.0454573248329131,0.329959208873505,0.141205409881105,0.217067743018856,0.222060532429295,-0.307289994275373,-0.334531604586448,-0.00937782007896078,0.160061827605408,-0.389906511922421,-0.0373379865395109
"03_48_17_rna",-0.0469183000428728,0.0709245077971292,-0.0144579955265595,-0.524158105729653,-0.676432025659538,-0.0433310106087952,-0.335710285183252,-0.204354712863587,0.18785955116956,-0.0668130437454291,0.0708901760792934,0.0725802609547703,-0.0347488443004027,0.0180013028546917,-0.228773891873177
"03_48_52_rna",0.0228259901310383,0.00596204138493812,0.384239020598223,0.209590588277894,0.282605348723907,-0.114248406060725,-0.486330496089733,0.323307155388392,0.355084689591257,-0.0187939206905559,-0.144934399376929,-0.201052275300442,0.0858547832458937,-0.0329068773020167,0.42141664286293
"03_48_68_rna",-0.116517382357982,0.0334304373499224,0.154221232127402,-0.180187760150585,0.218016348582847,0.0506298034040931,0.203681985234507,0.0709986251185915,0.125565945704755,-0.303031372420907,-0.239645767398935,-0.127581666949738,0.441201730845354,-0.105712103370567,0.667305489213323
"03_48_78_rna",-0.386447180984538,-0.0287045383160458,0.159675676268253,0.46958534702599,0.103389519273454,0.0543981979575653,-0.317366283508732,-0.183685602022708,0.0958416310037376,-0.0731624228391915,-0.0180573910788849,-0.321794982080045,-0.209607676342295,-0.0585911853793275,-0.538454127963846
"03_48_80_rna",-0.304012802228077,-0.0336445135410264,0.114665712358455,0.484203413221854,-0.124315374554205,-0.11314795068965,-0.168233406545003,-0.0986068987417195,-0.0997288171671093,0.0716530405616431,-0.393907397805391,0.137896467640744,0.124576768213375,-0.555703896581957,-0.281026440547666
"03_48_81_rna",-0.109099872467337,0.0329599275320139,0.277617970324269,0.250759940665094,-0.0378981267822652,0.0857110351136809,-0.0111412160510831,-0.261586433667313,0.191933114961722,-0.200376903868721,0.280002542315294,-0.0621997206234026,-0.574244866127527,-0.529284835018016,0.0237756422031459
"03_49_33_rna",-0.064496908762512,-0.0460348126370364,-0.0691272904570992,0.218870109525278,-0.445343349260033,0.0454522463948115,0.476124960682512,0.0847426210849728,0.116461181294164,0.0278897802731217,-0.332420923747394,-0.436678340458415,-0.0226231051205039,-0.395170405725718,-0.18590642162343
"03_49_49_rna",-0.0561921967963129,-0.102138211798243,0.481735726602366,-0.617620595516792,-0.0404643750075214,0.124091811184792,-0.102612311565238,-0.154388990010532,-0.042268680202725,0.280396706776954,0.0670589141200551,0.0621223964506087,-0.0145417181812794,-0.456344337152526,0.155748715015952
"03_50_52_rna",0.0784507759680366,-0.0505742343238699,0.165124391763263,0.405258127684915,-0.33413321423555,0.0871968438900408,-0.110640910051165,0.311209539502099,0.483948365755044,-0.170759928903925,-0.371319260517637,-0.158661049848202,0.346290761180214,-0.158458817773565,-0.00190804962130487
"03_51_04_rna",-0.333252381286006,-0.0905556338121093,0.0314991754028215,-0.287729087055376,-0.260607572858487,0.0974363459384126,0.0137695573081981,-0.102203682437513,-0.297381239692956,-0.105857831814917,0.231646794558124,-0.416471478514829,0.104530325379864,-0.609260368922921,0.00647779458396743
"03_51_20_rna",0.00555264925854238,-0.105239500716602,0.355552083685647,0.327194067162352,-0.131015322035739,0.125039665436359,-0.285956011489221,-0.0726234954116049,0.280463507624521,-0.157992847572158,-0.388916375284425,0.0367503152116644,0.566550204716043,-0.241589037505052,0.00178311820930319
"03_51_32_rna",-0.0615419055249864,0.0334417718138515,0.206987342219999,-0.513413418933559,0.120598467219411,0.00999872201085691,-0.144788884863902,0.284854399854321,-0.0127038331185811,0.468566552153092,0.0258860807603384,-0.0417875676206582,0.0493118933432279,-0.487276086139008,-0.33151981847632
"03_51_60_rna",-0.0661635589298183,0.0205988418562396,0.237244096473466,-0.610599822508636,0.0884376723988674,-0.0560849070413485,-0.243765450123362,0.0866159551423294,-0.249648274374392,-0.0992891605469555,0.0782120116358572,-0.537612457384641,-0.203846771227383,-0.185289904639578,0.212079662551411
"03_51_72_rna",0.434863055240365,-0.304936612120769,-0.234229405970816,0.0817975121856579,-0.266353645947661,0.615904552976276,0.247275747708937,0.0225272327366861,0.17083840374731,-0.177958102203885,-0.0665626713949908,-0.173288533056519,0.106581314356409,-0.0804081681584847,0.176857801988535
"03_51_77_rna",0.129659579325481,-0.0210904047679859,0.459988688245988,0.0697683198126484,0.109165256794153,-0.206093598950011,0.555926214431355,0.110190548932456,0.33798517423115,-0.0561099578888202,0.11335078504513,-0.122195927231417,-0.000686087241935985,-0.284183941428189,0.405925245592092
"03_52_01_rna",0.301965751352159,-0.154328839171099,-0.071491848168619,-0.105004636047157,0.697476952618004,0.340068271370596,-0.104808774293332,0.00522774092858278,-0.158161205033533,-0.345586804094722,-0.0347426093211749,-0.0515992285302248,0.196427945954823,-0.181204656565504,-0.189725324223263
"03_52_06_rna",-0.0730257740479303,0.088339929336993,0.32138821849849,0.0998351176117404,-0.126787317133611,-0.188636518007612,0.473043261177623,0.254787946870585,-0.278765803694123,-0.26889299092216,-0.0012044759479514,-0.131894732863571,-0.218928056639563,-0.467584397128588,-0.315093832636171
"03_52_18_rna",-0.112202348458095,0.00502441383100135,0.00874848136166177,0.356166185540618,-0.522283805678529,-0.231253383480399,-0.190110835509103,0.0377895734393867,0.0667436475075327,0.0783542573985156,0.28342537249259,-0.40069697354963,-0.194873048746951,-0.241010684864473,-0.386111450318845
"03_52_19_rna",0.239879289192205,0.115021430701255,0.349694790385407,0.0968242737679205,-0.0365163634572462,-0.342337521735115,-0.0482385874224393,0.360109135359446,-0.140669147460912,0.346274970072287,0.314418272609459,-0.450787790308676,-0.0121736429587935,-0.259529143588715,0.194335834230746
"03_52_30_rna",0.255774406554158,-0.0570335564026611,-0.0169639198590038,-0.0902654380566443,0.0970248588189073,-0.365596562333961,-0.321162177339987,-0.53267692769183,-0.0948308277474093,0.353559072629128,-0.165533387966485,-0.0865401341859709,-0.384346548351062,-0.267624510270253,0.0685122662754699
"03_52_73_rna",0.512585006967838,-0.277889426025415,-0.129819625902677,-0.074892333792331,-0.143541894126458,0.367170673708444,0.271996654106239,0.298605124735511,0.168764904515367,-0.0355657928412771,-0.321871631684218,-0.0133182722549273,0.201100124129249,-0.133650800944584,-0.356619212111596
"03_52_80_rna",-0.0583336477720234,-0.00980278357252913,-0.0394669571539279,-0.513438600946814,-0.369573674296195,-0.0165920353963107,-0.0646675451794952,-0.156187084842508,0.576562348448245,0.27644024900153,-0.127425115967757,0.103089675949948,-0.151078458907159,-0.323037177446501,0.0547927635613698
"03_52_81_rna",0.447788779156376,-0.195559352426559,-0.359353163238566,-0.0498926907658995,-0.0401877032550604,0.105403412001047,0.0626126524357935,-0.142888554899743,0.031326174822046,-0.295339911405293,0.223655375455638,-0.287173474008694,0.301924208699561,-0.49109840098583,0.198801829483468
"03_53_06_rna",0.527745961009953,-0.2740564806233,-0.230439373570206,-0.135191209674463,0.33505861657691,-0.211459550860225,-0.0474071183461139,-0.435011228539543,0.065922517509337,-0.21422627113533,-0.102973105581953,0.223321948407387,0.272796194637186,-0.1989455754275,0.0427167826490257
"03_53_17_rna",-0.146295629733026,-0.01341266219264,0.185904703078212,0.382800029330196,-0.0750471371625632,0.0389896427895223,-0.16360855682446,-0.126838609769889,-0.0364948064363402,0.231802536669908,0.123729912553257,-0.293902649331636,0.330873448827523,-0.673365248776257,0.166322179669107
"03_53_19_rna",0.560184787336025,0.519750409771497,-0.0932185428010957,0.0885496406512791,0.0395552301483423,0.513074781421361,-0.0222972373668938,-0.158418818717534,0.0411487670892524,-0.144757330882848,0.0299558506584487,0.00374633689780565,-0.249282367390053,-0.12807181411523,-0.0837517841543212
"03_53_29_rna",0.111716690380989,-0.0559231704517211,-0.128397192178728,-0.0704756242475929,-0.217938434225407,0.334384020961142,0.0721558958009034,-0.370561802824008,0.0394329947408539,-0.0515736491234667,0.676908265954922,0.0994717571591801,-0.274803408665337,-0.153713442880978,-0.299412759650812
"03_53_62_rna",0.308127577312608,-0.0990963168844144,-0.00907610986182392,-0.110849734223794,0.513863550106134,0.13215740810671,0.0362418737300011,-0.00154424209094647,0.164954174182543,0.418719582618403,-0.0375941946570557,0.350188831971412,-0.174218635845885,-0.354610558739569,-0.342560649503206
"03_53_68_rna",0.277740121641973,-0.00253165068712851,0.682255717794205,0.312811641966278,-0.144970712280577,0.0202641745771404,0.0582843256939844,-0.134959340820833,-0.121260043347185,-0.0882160393089396,0.150317140227557,-0.024679853086323,0.2353061991897,-0.354544695975317,-0.299550401361682
"03_53_79_rna",-0.147355339901623,0.0415185213655647,0.0839784804775547,0.315245159382414,-0.461550658902906,-0.130861045237408,-0.0863083404871276,-0.307398792483671,0.389918503163289,0.192192292077764,-0.31551428297895,0.0927296284031652,0.221646264073471,-0.240069341628058,-0.366266612153178
"03_53_83_rna",0.379117607325494,0.322746450499412,0.0289361958932493,0.106096274849069,0.215848577275793,0.234958976021224,0.0526854210151899,0.668709297264349,0.357786890990232,0.106014545677728,0.0782372773203897,-0.0317110199294138,-0.162909098997395,0.120590723974003,-0.0284242523920882
"03_53_96_rna",0.148630856943085,-0.0641710098995783,-0.0537493250276592,-0.0423281398376278,0.0336108404734663,-0.190446869050673,-0.230250730698667,-0.50215866388416,-0.216021802157049,0.441150195422798,-0.0493132750714794,-0.525288627074204,-0.22397060639904,-0.0670985982949215,-0.228534369571914
"03_54_26_rna",-0.181695807299989,-0.102068423117226,-0.0130446619471981,0.363969751911395,0.0177530218133993,-0.197071544686058,-0.327063236338495,0.163050385639038,0.103425521817805,-0.546538306739466,-0.213127118119816,-0.220631142832446,0.0392654299358931,-0.495741199342617,-0.0203232648523832
"03_54_39_rna",0.525405417669901,-0.159021362429584,0.220896762010095,-0.0449856884476032,-0.266077216679549,-0.119755498829666,0.125833947125259,-0.434979200884849,-0.171144498993096,-0.175098233665564,0.120549023783489,0.16703632972102,-0.494787420102719,-0.0336309523637919,-0.0966128560599715
"03_54_58_rna",-0.127384335550948,-0.0684673672297745,0.185170118412457,-0.752900175488209,-0.152842665784287,0.141713632716924,-0.276900007389809,0.0817181321858927,0.0828485997982955,-0.0584403605956163,0.121222128649824,-0.336431366115412,-0.135788939105419,-0.305110348688372,-0.0381143883544041
"03_54_67_rna",0.0286752023631387,0.783732350011795,-0.186105168064193,0.0385561106733436,0.177582730180002,0.107238763033424,-0.109880151082982,-0.0148438450039005,-0.246445943464735,-0.251347835433519,-0.385024551073288,0.134258557079951,0.0547313167159154,-0.0115148634932727,0.013459262828312
"03_54_75_rna",-0.0996519186433134,-0.105991649326215,0.4063974092124,0.256361843295925,-0.00170119722460055,-0.402623760254066,0.602444006922729,-0.104960880643212,0.293577041712259,-0.0741041861339735,0.162055038013084,0.00513482439852368,0.241284943316281,-0.0849898453286472,0.168765674428458
"03_55_07_rna",0.0600606635607584,-0.0791003260312254,0.133835371578886,-0.541771540771652,-0.0169066004690775,-0.173540963901658,0.101330239740141,0.0294571109090605,0.0256108596965365,-0.209298185715269,-0.0513307868580578,-0.251814297903945,0.445879332092753,-0.179431339266749,-0.543745148570031
"03_55_51_rna",-0.170948664331105,-0.0085716080001259,-0.175122278682744,-0.365321552306734,-0.106794204970257,-0.225221091606306,0.243944184057371,-0.00857294381739613,0.408626203824395,-0.346028425587047,-0.116853369014023,-0.0367466637311036,-0.588912625790762,-0.136439883374607,-0.133092578702416
"03_55_66_rna",-0.15377163314593,-0.053542229176368,0.220491974212677,0.524619608373933,-0.2808873434645,-0.0544022671606041,-0.231699646361813,0.134521606695908,0.47180236353612,-0.201814035178047,0.20662054228138,-0.292557868161329,0.0247530327961377,-0.219615661074463,-0.235700433173535
"03_55_67_rna",0.0130570543058903,0.0322441660038341,0.139539626474744,-0.201847430796507,0.0869954712271302,-0.114928964518587,0.213068600860282,0.495531435350031,0.126786892471921,0.283398031288283,-0.653538122294637,-0.132357602198609,-0.031700965544871,-0.282029376977535,0.0726920238816009
"03_55_68_rna",0.254179922548439,0.669828620481264,0.0241689008671996,0.0295645128860709,0.248514813773215,0.0891675436149956,-0.155006841160125,0.159304419342534,0.326111877160589,-0.301415293601182,0.202628818612756,-0.0322051351188453,-0.278092238477767,-0.114936219474546,0.190544313710897
"03_55_78_rna",0.468537146465261,-0.0986950250925293,-0.205873953204104,0.0107866974397655,-0.41288618859322,-0.352657354508523,-0.0684419627082829,-0.131477675267505,0.184501430856678,0.133996365412928,-0.520817068758984,0.177725938043255,0.230260307616106,0.0562442150588841,0.0200735670569957
"03_55_86_rna",-0.260831089981675,-0.058287812992491,-0.10179022363114,0.32741060328941,-0.375483863960425,-0.232469500153568,-0.482681907347588,-0.0211739678203469,0.149515135255992,-0.0711385364119326,0.236509549411637,-0.146831675414119,-0.340029960811733,-0.342655954441546,0.211199211946706
"03_56_30_rna",0.294334430450512,-0.282435703466156,-0.237148768143947,0.0623498029428491,0.522157782120261,0.222674800423481,0.0300620055246365,0.218204743713914,-0.4236426448803,-0.270651035552842,0.0473102230540495,0.011305980454148,0.207435875229819,-0.309181083180037,0.0949035786298081
"03_56_74_rna",0.190471961205081,-0.194676049645188,-0.349188491854023,0.123817195771694,0.297522858019415,0.0958027122248763,0.149789545040404,0.0892445040305333,-0.00910424573135922,0.102287529456235,0.181979419202201,0.032825302924801,0.398128065058404,-0.65247506220066,-0.17745300330413
"03_56_80_rna",0.636580969126318,-0.199459450191846,0.133431605939361,0.0199206188433782,-0.0156498243704412,-0.304120920958274,-0.0956944261591631,0.124731139585024,-0.0460496363133561,-0.116160549047185,-0.52984700618483,0.187230482653419,-0.0854089814044447,-0.106792347852445,0.263104153497587
"03_56_86_rna",0.221978725752817,0.712309244595925,-0.0540983702951522,-0.00500974552893892,-0.0178231728245214,-0.0400780487405039,-0.216220966942864,0.020624295479728,0.276634214334239,-0.244704810308286,0.43436205644048,-0.0492766035786428,-0.0619136540932194,-0.0749685424602108,-0.233086625917902
"03_56_89_rna",0.49747424769432,-0.184654692393705,0.456255076469987,0.121882384215053,0.117974945103883,0.42698683594229,-0.0638216439783475,-0.249618325537695,0.373264049728333,0.123002097760251,-0.132575886274699,0.0451242902328209,0.174109149382116,0.157549722401256,-0.0597963682503395
"03_57_05_rna",-0.139207859208193,-0.0461924753820857,-0.1103543958479,0.113798199460654,-0.124007922602167,-0.32886217508127,0.317492597220708,0.153623290661463,0.0981350462943266,-0.0162090757871674,-0.111812932664295,-0.630965105732296,-0.013591738782323,-0.0184870445318307,0.533282777040417
"03_57_42_rna",-0.125878351695656,-0.0366385174680759,-0.0160483006275252,0.295919333851819,-0.330069159937677,-0.0635787145770393,-0.0343454577584249,-0.309684948010936,0.312766551243222,-0.152221511747715,0.0181852848733467,-0.0467299225814572,-0.0596454977926545,-0.425399216244301,-0.613908303963593
"03_57_51_rna",-0.0619335923150249,0.0492718662210487,0.289818903555429,0.151384157050958,0.455421781743753,-0.0970359155699793,0.42565101871105,-0.0453322628645579,0.178664363487905,0.316701029426905,0.0976544760982764,-0.436055740979976,0.383755244629903,-0.0500315588378662,0.0713640951017254
"03_57_81_rna",-0.120289453916348,0.0667550615289863,-0.0485156264805167,-0.684105550923214,-0.0384439110409013,-0.229405601644647,0.0115214264038328,0.0729567299528953,0.0109306572865993,-0.0528426031346848,-0.303843438804777,-0.390322354615414,-0.209471595510899,-0.372984837974019,0.143455608707948
"03_57_91_rna",0.0780519598951411,0.0152668123567863,-0.00290960171946455,-0.303367879346538,-0.164735377906479,-0.321887037937509,0.466929548342416,0.0196744153542147,0.582363476362935,0.0946011273266816,-0.0963645593576712,-0.215687451563641,0.271419560511671,-0.265422232690297,-0.0667356572214784
"03_58_02_rna",0.172538576600421,0.523256565338278,0.379909497041373,0.0435904337961324,0.170864798762754,0.406896022153454,0.0284878263013868,-0.326377079742593,-0.111930379061703,0.119036969185666,0.328972256423221,0.0770249947770223,0.022632132963466,-0.29706734204651,-0.135992365835947
"03_58_20_rna",0.290738361569064,-0.0616760015574918,-0.112877684367663,-0.165796371194388,0.186194559641885,-0.285151412584512,-0.187346999586809,-0.278140663888807,-0.101838468439993,0.52375211211968,-0.351671499661344,-0.405678619772061,0.0352407311081647,-0.171421844980308,-0.198579720588423
"03_58_70_rna",-0.0711314238736581,-0.0642051790993481,0.0290569754700597,-0.278419999194188,0.177507736558859,-0.0215582836830619,-0.137082903641911,-0.115831460671893,-0.504124736737974,-0.348429725038671,-0.000366531396577297,-0.36846043122254,0.410966738171694,-0.310074956656341,-0.26818877683703
"03_58_82_rna",-0.0576227654335924,-0.0244795145273552,0.0246339022865885,0.149011134777714,-0.0300246248780275,-0.367984777939157,0.394868857777004,-0.351987512617513,0.095732220064946,-0.479222676129591,-0.0131089149062077,-0.325173046125062,-0.187180977330276,-0.404233069977,0.118189872996454
"03_58_95_rna",-0.25805009009059,-0.00817794154253301,-0.036954264876261,-0.723939141857107,0.0252837727163564,0.00552611789518757,-0.119164410871949,0.030298832251327,0.46364372016833,-0.102717167377621,-0.0909279407439321,-0.00752110088517449,-0.107405343230497,-0.0584639549270952,0.378559209903488
"03_59_12_rna",-0.078824385570563,-0.062747411637096,0.350730862521818,-0.578637945475931,0.380307204450719,0.0252137400032115,0.0491964016732731,-0.289175749347181,0.0807283814550979,-0.275743715993008,0.235019805774898,-0.121764830020765,-0.0655991016886396,-0.376004578656059,-0.049070659064914
"03_59_53_rna",0.00563867648801784,0.0768998235668015,0.319197169085089,-0.694279618302179,-0.00138313880183583,0.0629727552612546,-0.321780736046395,-0.0779691407834674,0.294812165726848,0.387005735692984,-0.0802580240270146,-0.0156066932960307,0.168642577719387,0.0541997574074078,-0.147660376536333
"03_59_54_rna",0.250017229034549,-0.162037682474196,-0.17352540970952,0.0696229017035463,-0.290235378219746,0.277428157041659,0.209579578642544,0.000393960536411192,-0.0869206084148142,0.40588860872295,0.029267495275473,0.00758336319718911,0.399261074676418,-0.576486274287705,0.0786725338335938
"03_59_83_rna",0.150294492793811,0.606101924215328,0.0404239909552037,0.203837882104018,-0.385060395151427,0.113293024721541,-0.0892907706005805,0.492119333824497,-0.0369736559898194,-0.0441279750231444,-0.129512191697103,0.143988642878011,-0.317385502989551,-0.117754550808848,-0.0136669540436054
"03_60_12_rna",-0.0866761243882808,0.0868755423004837,0.0972889038736589,-0.13203027175235,-0.29353098121747,-0.26381310782388,0.382456472213879,0.151808871366516,0.0357716590189167,0.505947489987268,-0.226067280070612,-0.0341765519577446,-0.40221625104229,-0.355206300110653,0.18836064477645
"03_60_31_rna",0.228410353485236,0.657883416259156,-0.250519801287161,-0.044435868988306,0.176301230055246,0.121711006396818,0.120599434827414,-0.163033660473844,0.0904665417527141,-0.250390019829589,-0.100907479935041,0.210236963797138,0.255537797481402,-0.143293569972643,-0.390089274422315
"03_60_41_rna",0.180617529539886,0.156772387312046,0.0536007025188319,0.0918038840452346,-0.331398615955457,-0.458566249674208,0.192712172656649,0.446736757102299,-0.193505027670301,0.498663823064146,0.223075001318388,-0.0657951147898628,-0.00870089893898827,-0.129977366840127,-0.132317419436059
"03_60_72_rna",-0.0279217121567875,-0.0122697765044233,0.0426096223634903,-0.773016657703552,-0.37119562617335,0.0172373947757022,0.00814961316315095,-0.0294980708461657,0.341231765984107,-0.101690439135843,0.068745408811138,0.0436955754211908,0.250092928964108,-0.17292698335879,-0.186585400711611
"03_60_76_rna",0.368588990692945,0.102462743859313,0.102852082823621,0.018309678588362,-0.344770045505873,-0.414545575822544,0.238096502500243,-0.0386968380251071,-0.213031830067716,-0.14345055730283,-0.274900514668505,0.401877390711469,0.320598546005721,0.26407779382009,-0.135170545123651
"03_61_02_rna",-0.0976422632267336,0.0182200112443623,0.275445991341789,-0.377962062615337,0.260969516795341,-0.161089896475163,0.0110146985709788,0.199042641227394,0.0776531965574838,-0.171690527164901,0.0250387202927842,0.145505902738088,-0.582026832474477,-0.401339533126377,0.283687590098161
"03_61_18_rna",-0.0151621535886139,-0.128048315100283,0.515459559829515,0.389522457418867,0.337150408309603,-0.0281521782069587,-0.134039370331096,-0.327067432863635,0.0574725419423068,-0.217525593321649,0.361253906312762,-0.220332867454626,0.187732699135094,-0.234909779392257,-0.0802946395000964
"03_61_28_rna",-0.0495210706642171,0.0379384317745403,0.342366271834521,0.237339062449087,-0.357054445593275,0.12066897454547,-0.150050409616273,-0.326572291417722,0.297231821749204,-0.0779406382400113,0.113651990604226,-0.00786275296869382,-0.626877197456212,-0.196879750524784,-0.11051527115133
"03_61_36_rna",0.375645074267827,0.302959674762504,0.199488180349582,0.00763374399432143,-0.314484767168373,-0.255206661516392,0.226338559211776,0.57730514358202,-0.21104583673598,0.324930633290041,0.143174243377679,-0.0221789681662175,-0.0272832063218419,-0.0796218056077674,0.0227131441893079
"03_61_54_rna",0.0205385953368362,-0.0218597138630295,0.100093078050863,-0.532486013014168,-0.0919144994706396,-0.189756967267675,-0.0797989025958671,0.235007109498019,-0.0165095856555933,-0.252922662635917,0.188169338011481,-0.0883717433649089,-0.256022398821081,-0.328505722352385,-0.564415600129511
"03_61_56_rna",-0.0294812880594998,0.586818207694599,-0.150653363524338,0.0678155588560896,0.114395223329696,0.186266359469888,0.0242714928315708,-0.031543699064607,-0.1166238614188,-0.159826052540739,-0.410747910602824,-0.0493271759710097,0.0834542770886752,-0.598903675539025,0.0466002927794321
"03_61_64_rna",0.442571710011082,0.012539717025283,-0.02638969816433,0.000740578137333798,-0.367309863580717,-0.451374321610514,-0.0141375874526374,-0.254682397931767,0.276295416237519,-0.330459312601169,0.100712968372539,0.193477505988721,0.386019827089795,0.0857797070942212,-0.100345086501473
"03_61_75_rna",-0.279544941443371,0.0539890021693517,0.285869266493971,0.367878461775784,-0.439198237112064,0.244488141469091,-0.212188215354323,0.177495063510228,-0.557442051199181,0.0980062222840728,-0.170856655671799,-0.0443532772624322,0.117408458341103,0.0200713139843182,-0.0836209322409644
"03_61_79_rna",0.397258821074265,0.224964666527396,0.330474324297934,-0.195799987133255,0.471924686821298,0.465362790717901,0.117758186888549,0.0109053907302504,0.0484375175122767,-0.240541869213908,0.0340671255168429,0.147459916045911,-0.288863036970877,0.145642629502426,-0.0547617501876382
"03_61_95_rna",0.136304729893771,0.0264215510434012,-0.0131205601656609,-0.156154885412023,0.357037466260735,-0.24424789238011,-0.414780934244162,-0.304992221425269,-0.274428250796525,0.133025612058247,-0.422612856386872,-0.337867563388543,-0.323227225356667,0.117100855092203,-0.00434931904596556
"03_62_06_rna",-0.0463061772364282,-0.00995013803474564,0.308442442950721,-0.570211193473385,-0.190124309830183,0.0731322612363912,-0.0532839411323497,0.289441953894098,-0.111992064863247,-0.17571829168018,0.155559973488047,-0.155862678798604,-0.477379228174014,-0.0520774580668371,-0.356165092759767
"03_62_44_rna",0.262689647965769,-0.0661617791781316,0.0657439634295383,0.0186881296131257,0.113098002017615,-0.131473829956273,-0.187657844039428,-0.723465337859837,-0.125302717290672,0.395088248993187,-0.273865208776068,-0.248167347854051,-0.0792754449541723,0.0248210382947027,0.134036579661338
"03_62_52_rna",-0.152569254438487,0.100475699856341,0.19234889675792,0.172933409260037,0.123613515324574,-0.0258318790527754,0.669973371835865,-0.287753612019297,0.144287007704514,-0.0649784604192265,-0.341222511267985,-0.0205989965655443,-0.314676069419041,0.0704029504693624,-0.325934780292755
"03_62_53_rna",-0.0387554767076483,0.0874495117315457,0.0590628068695091,-0.571109957014975,-0.386426857059219,0.00596271849613405,-0.492609952580429,0.137483766418286,0.0855957365435784,-0.138095244525285,0.23131785778537,-0.308147630349616,-0.00820583564153553,-0.23453083183124,0.142604661825211
"03_62_76_rna",-0.11839164512673,-0.0776723062242507,0.0813830611020038,0.433523569160101,0.0791838834547674,-0.220031051736232,-0.195694718883398,0.425970195070355,0.344971076571435,0.00343464103050816,0.0548424379857714,-0.291110738426383,0.300343091259607,-0.295330883397588,-0.356030144407846
"03_62_81_rna",0.103060559198185,0.703292497360422,-0.138400333290187,0.0225885413815714,-0.0930016524464494,0.238177061138921,-0.0306840710166191,-0.298885289087344,0.237065565279523,0.0438903800794193,-0.337562370352171,-0.0256082584947569,0.0914834995169983,0.0434663760665799,0.369394911662615
"03_62_87_rna",0.344807691165911,-0.112596475948216,-0.175792366723387,0.069162257426498,-0.401225650823528,-0.140402675947361,0.0633910197932469,-0.104334211465768,-0.196006271458231,0.503211285304611,-0.22840640571347,0.16071330269891,0.0711373975983897,-0.422936110999077,-0.289085698424314
"03_62_93_rna",-0.0163540021127772,-0.0286313950129458,0.304729596868251,0.407322918536158,-0.46426783710345,0.226116241119207,0.0730218481829662,-0.314367677202785,-0.321379047387444,-0.0128138352235229,-0.167895023357,-0.21077058187859,0.238352765773549,-0.158020645939163,-0.333862348569687
"03_63_66_rna",-0.148079829035432,-0.0492580898321525,0.396693615740035,-0.148194552366199,-0.120270320226163,-0.164961742710925,-0.340269923614757,-0.125773021129817,0.181577007379448,-0.496242862581573,0.235978603484256,0.073232270306997,0.00880931615470351,0.490724061639856,0.204633796672017
"03_63_78_rna",0.0165898007425679,-0.0154422063982006,0.346206936366694,0.1675847571303,0.258660382475634,-0.329558256364532,0.50419484672641,0.013132825709339,-0.419816064519677,0.015343695497479,-0.171747569011423,-0.0169847360770616,-0.129713301547294,-0.371189288128044,-0.246515672573646
"03_63_90_rna",-0.199732559006305,-0.0272241682454023,-0.0112778368780569,-0.171177767016725,-0.136676627692533,-0.13514262837354,-0.105448598361761,0.198856575076788,0.230300679491125,-0.155879752701918,0.0355753978122351,-0.647133351347048,0.0812678304781494,-0.375248569449603,-0.444442712085114
"03_64_14_rna",-0.132167760650629,-0.0757000108961266,0.187396083350336,0.447047687041508,0.0458873330940879,-0.00887769769240567,-0.208259193478255,0.121498399200138,0.253288679147858,0.0268865865012222,0.202483628555012,-0.63807529009517,0.403411054678208,0.0106914282120752,-0.0751100956244179
"03_64_35_rna",-0.199499871570676,0.0559225086510986,0.424929905459728,0.21369229992999,0.338734362355521,-0.115301719938809,0.553612056103343,-0.407791098072898,0.232586465616513,-0.142640584743453,-0.1220584245011,0.00759823460371263,-0.114980638458415,0.0987639085466744,-0.13286706912516
"03_64_87_rna",-0.162600821599291,-0.0958101454680923,-0.14120513952524,-0.0674443731889326,0.0951441569950347,-0.203710730318784,0.574865448792077,0.187641613208986,-0.236601571157949,-0.081613097047185,-0.390508243123416,-0.503391068561453,0.212552364740612,0.0542505458145427,0.0836763768378445
"03_65_15_rna",0.173432475676933,0.654293200977322,-0.231229572402217,-0.014564805548357,0.127063941279273,-0.0170248209284598,0.0517762122387863,-0.252408202152588,-0.0852710495197065,0.152067417587509,-0.120044046249384,0.0973348462595782,0.364400256535375,-0.331915675457793,-0.328756306647954
"03_66_04_rna",-0.130750408957143,0.0304972764321716,0.336550311085273,-0.209152276679709,0.487738017952905,-0.454525684392059,0.204714355795349,-0.296776121417713,-0.155789682976272,-0.412079178396941,0.110577111301226,-0.0795242949203071,-0.118088516767348,-0.110568457286521,0.108148449638642
"03_66_23_rna",0.242005132966915,-0.208906865664694,-0.250927988021986,-0.0545570399290691,-0.557006468275532,0.357280294342406,0.0769866764002138,-0.0186418325974357,-0.137903743728968,-0.327411126595838,-0.299478873034151,0.0541221279048516,-0.375860787239711,-0.0633985203670067,-0.153451094424771
"03_66_31_rna",-0.0693055751368741,0.0422036417612617,0.0344958633066927,-0.488827368573136,-0.22087070643902,-0.323607108654656,-0.0831771175303883,0.364334528222132,0.505389034485514,0.101290089585702,-0.15153185699831,-0.142373015522984,0.187349508494356,-0.322225595610286,-0.110774579642595
"03_66_34_rna",0.0973939272763935,0.788363598867609,-0.32434029469689,-0.0108615842415866,0.12438714196989,0.0554242149981802,-0.0294935316768072,0.0178606597260959,0.0904674012646618,0.410898978195424,-0.0207993540980373,-0.201376286121222,-0.144182647694676,0.0421839540192261,-0.0580888739108088
"03_66_40_rna",-0.189434842683144,0.104280604469309,0.0152203021509883,0.00213199155906423,-0.0248037376820261,0.135910964810677,0.424306273857577,-0.261897951555014,0.208030846192054,-0.0219711976114334,0.190023677495678,-0.285673641758133,0.145379825608639,-0.59565140258469,0.384547194645684
"03_66_42_rna",-0.0884376162109115,0.072435334151644,0.236930532988254,-0.667594214566554,-0.487089391755683,0.207443385533947,-0.0536831923817568,0.0294402528303622,-0.0859615005594562,0.0153038894205897,0.0257844901097906,-0.0584609388155501,0.374826289185386,0.113982782583778,-0.189429191333973
"03_66_53_rna",-0.237180089803559,-0.0799773537291131,0.215247197176395,0.353159828449742,0.120098307154604,-0.115859574062593,-0.233391376570576,0.272560579231159,-0.119120418067981,-0.441751928411683,-0.310403958209946,0.351689948651083,0.149128360169621,-0.334758169425408,-0.214511029930758
"03_66_55_rna",-0.252781227915813,-0.0915467310191218,0.0885617684739664,0.428027493049701,-0.148415040511019,0.0483828432419128,-0.38479112564148,0.110741192666176,-0.190810274493189,-0.13363510649335,-0.442568066759778,0.138909956127018,-0.390589538709966,-0.35318331860809,0.0724317807096781
"03_66_63_rna",0.101203267716399,0.670556124111845,-0.347376665195777,0.0117349928546861,-0.152596706403031,0.0333248672921675,0.0200693569335568,0.146748551320077,0.0800390037426261,-0.0729558229311254,-0.455234278655338,-0.206324253549723,-0.138004820091853,-0.158705647212427,-0.259230311386143
"03_66_66_rna",-0.069096295032325,-0.0601777300053268,0.439556908142379,0.273655594275106,0.506224030667072,-0.189760896527775,-0.318532322254461,-0.111755790102333,0.0443256419549705,0.310793795339927,-0.0740039066005093,0.260640029594353,0.241739292650773,-0.0526242438838283,-0.290013746917565
"03_66_85_rna",-0.00570081058472057,-0.0528102973699648,0.38882814849375,0.0609725542160051,0.650510547634997,-0.12123441123133,0.112463786209228,-0.239639558783126,-0.16458951650304,-0.0424601653617111,-0.350857468318766,-0.0242935933887137,-0.354387250078768,-0.235289779803567,0.0283071649932094
"03_67_10_rna",0.143703291709914,-0.195389684569858,0.043978738538464,-0.00872003650445637,0.108613937829318,0.146290558318923,-0.0572139346716833,0.531852884788731,-0.309910816159675,-0.0899423937668883,0.271744290253762,-0.361584840095451,-0.162498575140245,-0.258944890712018,0.466521252380289
"03_67_13_rna",-0.564671524170444,0.00842988322639981,-0.123529907801188,0.207804341410098,-0.0533148677544055,-0.0694914383948498,-0.302657420638976,-0.172048018499605,-0.340505649119099,0.0433444131429565,0.0476380580224102,0.0533251365079177,-0.0900827949070243,-0.573021789632702,0.185349623786081
"03_67_26_rna",-0.0552542733313724,0.0242951978531744,0.101122359324347,-0.609287468134843,0.0232907817597177,0.0302535581164618,-0.540573462489225,-0.157457020383848,-0.155274501998474,-0.367535654061199,-0.0234367869638015,-0.28864108753605,-0.0844523717756963,-0.206520498531274,0.0599260424404908
"03_67_32_rna",0.108988488349963,0.704230986140043,-0.167691641803714,0.0827013101281255,-0.254920638724984,0.219241713188817,0.0512656415814103,-0.0985342203121831,0.433622845070632,0.146646210450334,0.200164468272375,-0.184936379057065,-0.0758036215498939,-0.165519222451364,0.122014963038943
"03_67_41_rna",-0.047422650067859,0.0520719663461022,0.464443587573515,-0.30495582343142,-0.430357560059762,0.0896574960685249,-0.439945849120033,-0.179339899713129,0.42259925672103,-0.154965570004764,0.0140433200265325,0.055295895875724,-0.244484700905045,-0.0271376838307237,-0.0316847430651955
"03_67_76_rna",-0.125113885407107,-0.0578674349116452,-0.200425443117266,-0.0421324642438269,-0.220710019965133,-0.243450590447385,0.496290304963859,-0.233491274768782,0.557836116037375,-0.243850297875865,-0.20720942217819,-0.168472399281243,0.203782250261916,-0.047501854309267,-0.210956398322434
"03_67_83_rna",0.209225283549386,-0.342754571255417,-0.319394000153005,0.0361112925404652,-0.13204839334816,0.241174596525268,-0.000804467822485316,-0.0531986876175724,-0.0436389881708935,-0.410506536668665,0.265721868092689,0.307392060354111,0.0858588708177601,-0.560444308176927,-0.00269887812578116
"03_68_05_rna",-0.172316790125,0.122917449348651,0.208639198711238,-0.384209824689692,-0.461448499534445,-0.172552929918952,-0.0238331187855946,0.231148136162599,0.212413251399543,0.167185707480975,0.0223311008084994,-0.205990893969648,0.272026740148239,-0.480853687108981,-0.214764563490436
"03_68_48_rna",-0.0683462988753631,0.00142343275825402,0.387660896584367,-0.276077875014109,0.0809241883113326,0.00860870804505691,0.0190943114627631,0.569018318634972,-0.126831630094288,0.0621046885817821,-0.574530278575382,-0.0853220664822729,-0.255086180968406,-0.0346705955380654,0.120326052851926
"03_68_69_rna",-0.0715328245151377,-0.0247304570287159,0.226572951408316,0.402102271656945,-0.149206473815798,-0.142997417120351,-0.335734483121754,0.121344243914335,0.317001157649919,0.0639694395239463,0.0104044023452517,-0.225829518161063,0.267644139029502,-0.618675165126361,-0.0318689096814966
"03_68_78_rna",-0.24602934685954,0.0443916619733529,-0.209613993382958,-0.201423530761214,-0.187625695993301,-0.147414930799177,0.375697884221055,0.018054678842066,0.0866424988546311,-0.147582124051188,-0.104196048087029,-0.244811295754165,-0.327870039277462,-0.303407354286207,0.595775513432115
"03_68_93_rna",0.50898606383048,-0.267401335915619,-0.0313859774054881,-0.0408338488578009,-0.0755681792385606,0.183388523803541,0.0543336699479457,0.0825262878472535,0.486584390836308,-0.252544670910563,0.346203770591896,0.374739818859919,0.1341028026111,0.156847548890584,0.119405675121881
"03_69_10_rna",-0.18305318861112,-0.0185408453731037,-0.0687043268539909,0.227238984739769,-0.0665346540406942,-0.205134735609732,-0.254503087547983,0.033323252854094,0.169113406510486,0.0339436325362134,-0.254800332839295,-0.0596235691587001,0.116512302029732,-0.738620854050261,0.374212465260221
"03_69_37_rna",-0.03373872937829,0.0637647807245908,-0.0549863177548199,-0.612592028876815,0.0505260603477758,-0.0108193000720208,-0.212814074904559,0.0766081872542645,0.131604088281413,-0.212316652636634,-0.0272060993793256,-0.57689937427544,0.130376239853249,-0.100941182517363,-0.373545892584752
"03_69_61_rna",0.228620304519449,-0.130825176154675,-0.374438322794257,0.0832459258495046,0.120497127934185,0.120629683851053,0.114628383969956,0.240422867468504,0.389724643715986,0.344415472255142,0.167601124333193,0.262594518705168,0.0205998184952931,-0.558874506403261,0.0561363323411746
"03_69_67_rna",0.42320346468381,-0.174867463407998,0.0780723103479773,-0.0949416801698845,0.268643418798891,0.620417706075846,0.0481827611085208,-0.366931055741512,-0.0788791049702637,-0.23850571326852,0.181888817842582,0.0853232648337084,0.235362154995284,-0.14045219875967,-0.0507044440970145
"03_69_71_rna",0.524504236737623,0.0995749390466152,0.559292219398529,-0.0541907278312372,0.250592550329033,0.24375805670606,0.181218458552725,0.0652847728125257,0.410013993199046,-0.0464007050398806,-0.0153892291648658,-0.0465594530887624,0.200344271038786,-0.0183186541414181,0.163634826988475
"03_69_87_rna",-0.0103421972709663,0.00399104298732335,0.0715461409280485,-0.578936373914688,-0.411810110465326,-0.0575487091828775,0.162041273538274,0.181372125240275,0.276959554238164,-0.0689799250437007,0.240458135249372,0.0295724480398074,0.0808782486597453,0.00768521040433338,-0.529885335950527
"03_70_42_rna",-0.0158536422584704,0.0498074292671273,0.176972529472088,0.0593094936396055,0.0581126083256595,-0.0795843345760647,0.634505083087088,-0.0238715768760082,0.307917646865116,-0.0976604302707058,-0.107298697010375,-0.550819813821445,0.00382866905214898,-0.0549182867681009,0.356730576335839
"03_70_66_rna",-0.317837369840783,0.165977947224748,0.0831758995521329,0.0588790861188892,0.183589865937519,-0.376290169624193,-0.0728158142275837,0.107137796289512,0.420236408684048,-0.200863940458862,0.0662317365034012,-0.512737385428596,0.0893092235990164,-0.33176286430728,-0.258247173930569
"03_70_67_rna",0.045271541496115,-0.0125031104871835,0.650729868843523,0.255086683674839,0.0414958997209467,0.328292260439356,-0.221287396892602,-0.331799259293023,-0.22624219840773,-0.0430236374395963,0.2438418217441,-0.210068439086488,-0.28059952110641,-0.0713022836635038,0.0165754989382479
"03_70_84_rna",-0.0622769305446801,0.0316912595962351,0.307023420479302,-0.262385602914853,0.380127711220318,-0.186244685123678,0.134335457189449,0.397316280094403,-0.279144203948505,0.119551955345084,-0.410166143054893,-0.313472785339991,-0.199560918479101,-0.256149058028127,0.112981205478753
"03_71_45_rna",-0.158851024446042,-0.0270682539888553,0.124246596019965,0.408013727541389,-0.19079305849422,0.00582676754216533,-0.364224248595766,0.294286797194601,-0.0281424654074251,0.0771001280628607,-0.505061569636153,-0.315589191865829,-0.102544223527239,-0.261529350425346,0.309980974175526
"03_71_46_rna",0.484473586287815,-0.243370870353966,-0.0826585854006078,0.00423854655680508,0.193929001412839,0.378068748828228,0.0318361077964753,-0.309240187010974,0.0267759641891023,0.21628999701243,0.385051135334686,-0.132923896514403,-0.192783748839919,-0.41111009762709,-0.0490871555783712
"03_71_56_rna",0.333386413169964,-0.11775896018899,0.0862204138542366,0.0350282475500826,-0.0805724786602569,0.310215955478833,-0.0549286221006737,-0.139723540140584,0.0643539867878117,0.464237423026463,0.158608303262204,0.301028372143373,-0.0304848831370737,-0.625389312905883,0.116559376805704
"03_71_57_rna",0.468916326708333,-0.107890107577301,0.647969629224242,-0.140439089627706,0.0331276357783065,-0.180282943911861,0.287731785723894,0.0216861798931493,-0.121588326100367,0.00912749919121145,-0.134200380167875,-0.273150799450953,-0.181313230950082,-0.0461266932606092,0.263704153924182
"03_71_75_rna",-0.0693835803019756,0.0463883685720639,0.00891927627447851,-0.540613198791543,0.209291469003774,-0.203330607030691,-0.144841226859851,-0.172167479989028,-0.159187077608659,-0.297191131981142,0.461021864108701,-0.431393969538426,0.086722962349773,-0.212356059583617,0.00199948612176622
"03_71_84_rna",0.0737640523273584,0.107226724433564,0.300902256356465,-0.680688429441465,-0.197536418838586,0.0141881115780965,-0.179164102165146,0.0430743138097554,0.21056709024483,0.0422936698949792,-0.310827950016167,-0.100686310061272,-0.112056949065408,-0.208526382497332,0.383518269994282
"03_71_88_rna",-0.186961628221249,0.0137417710782175,-0.0155818715732538,-0.189549177207962,-0.160254806365292,0.301042238314859,0.497570180721134,-0.177280595261879,0.0788033822225469,0.150991308000088,-0.445112714664168,0.0442987582063442,-0.442959248207827,-0.215612633307865,-0.248142180001855
"03_71_91_rna",-0.101986523395456,0.07138240785523,0.179071577894032,0.375705160744501,-0.117033022927907,0.176502356196452,-0.431949984868873,-0.0213459477964986,0.306724486322415,0.0468545911025379,-0.571037418561933,-0.101263334073447,-0.11422588201677,-0.361454471219349,-0.0555509462677657
"03_71_94_rna",-0.075633456600588,0.0243717521372957,0.330582468946224,0.0301493898969401,0.142686887073939,-0.35574737694646,0.495498202144146,0.0683897753923156,0.217594859748679,0.0981913481927447,0.400743463168129,0.0556847776578336,0.164354326156131,-0.432574992925988,0.227072277450017
"03_72_01_rna",0.475642297187628,-0.259549866690028,0.12215962460558,-0.0590994785456823,0.298729015795583,-0.0300243926665123,0.125465115729432,-0.363542342091022,0.421332448397959,0.0295766849220744,0.0519169446712516,0.401921307073016,-0.259499607346612,-0.0788053948218911,0.183726088878373
"03_72_17_rna",0.649745889721611,-0.151983988604585,-0.0738645389595012,0.0801769720579693,-0.0442747777626332,0.452688978349092,0.00410913115655869,0.206827573664569,0.0702708364149569,0.152570961917087,-0.249953214443245,0.164583269117009,0.403217650247517,0.00161566697916836,-0.113126023428241
"03_72_20_rna",-0.162066270603191,-0.167974562237162,0.215499003590817,0.132999760057798,-0.147867294639263,-0.0860925864042746,0.25511227944664,0.108028093139125,0.184149712160118,-0.390798119102096,0.364647063019621,0.108673873947636,-0.366976145456315,-0.489302420505545,0.264312639659779
"03_72_25_rna",-0.1689350846094,-0.111424441181891,0.28720841762417,0.345218904064792,-0.233383602384885,0.161448078156358,-0.0665541506160467,-0.357770530251872,-0.14390719714147,-0.352255462454842,0.0936704724218744,-0.113682962948664,-0.1301002518659,-0.471023530546165,-0.37301174456487
"03_72_48_rna",-0.249249199267134,-0.0202477878798882,0.0273264219110663,-0.404785749834639,-0.630281841205316,0.106440425137282,0.0475807330865201,0.211349012719522,0.340273529975033,-0.115766403496956,-0.0654858360845518,-0.33246867134552,-0.258695398694666,0.041016859131153,-0.068790208451946
"03_72_88_rna",0.164382222264584,0.675209618333175,-0.235964989197981,-0.0811087059325201,-0.0874948893759474,0.169701429330737,-0.078320151052644,-0.148123887552001,0.368956273439157,-0.228962975112495,0.0308259402721368,-0.30513247849397,-0.134086135791463,0.00778468970296255,0.299391312811469
"03_73_23_rna",0.216619408634147,0.678991467412832,0.142601142576495,0.00282327778008725,0.301907031492357,0.00403897148735542,-0.106403319349545,-0.0889330283547558,0.20334101181927,-0.0105672085639655,0.371229785174708,-0.0528763719838836,-0.218443344048529,-0.316311436155582,0.177402161949614
"03_73_35_rna",-0.219040974970873,-0.00840362674268975,-0.00515836244552856,-0.296306248740645,0.139920176980059,-0.538798051071614,0.401571688106269,0.131825919971145,0.49972880522025,-0.126254616195732,-0.00709553590688267,-0.0238916552806428,0.185696852083593,-0.137173578150177,0.236679874197882
"03_73_81_rna",0.0624663366612114,0.0703233065751099,0.120180881175933,0.236537983285782,-0.271433514324642,-0.296437290785144,-0.205291248006013,0.379212577793421,0.469254666802824,-0.334466088479222,0.161580358125547,-0.0945004589397799,-0.237468377099229,-0.129801616158065,0.364575488284755
"03_73_93_rna",0.0453390776602196,0.562704422827701,-0.180067539715763,0.0217577718541751,-0.229702036144061,0.296795365225152,0.0174725309769354,-0.200160114900795,0.182434645252624,-0.183084679811187,-0.00866430348503154,0.0426504134210315,-0.62938031668414,0.0472044692093443,0.0120885596898748
"03_74_31_rna",-0.0748801383417722,0.0177771836313748,0.0177224781861746,-0.336638407846565,-0.0193597520482854,-0.223560373007078,0.272195882081784,-0.0712465009418126,-0.0191466441936534,-0.209305903425283,-0.150102002457482,-0.0562194413051128,-0.208121372487065,-0.672221509868406,-0.431107497413048
"03_74_35_rna",-0.238935995559325,0.0410586766065535,0.39368289553548,-0.344572692574037,0.0882017970679531,-0.283948842080751,-0.516945489600439,0.189260893070191,-0.106877871266561,-0.141210516996758,-0.0300448079857567,0.301851620647598,-0.0969650668814757,-0.141433429148397,-0.351087404616062
"03_74_50_rna",-0.256046887136625,0.0161265684438418,0.270932567480349,0.195511253507941,-0.000238715858510061,0.111829359758269,-0.124020172974622,-0.229175289117693,0.349621757039033,-0.165448094329646,-0.356825453440191,0.412808083225956,-0.43711727394453,0.31448361264325,-0.0694825399534768
"03_74_66_rna",0.231963401926636,-0.226295833534248,-0.623764017913728,0.0699319187312704,-0.178106215370657,0.0800820637270411,-0.0219699423710884,-0.161947334606451,-0.213050201646434,-0.20519293435282,-0.156145367911973,0.0335759425395667,-0.184010514734415,-0.500433775155293,-0.197153475077892
"03_75_05_rna",-0.208115639513642,-0.105553274027444,0.0747278355343565,0.399421843043285,-0.29407522530258,-0.170208928926962,-0.0770966103368814,-0.292973081009966,0.484154051994666,-0.251091204068766,0.0878368976144405,-0.342665808143167,0.303040294846049,-0.0727579776447368,-0.231260975080551
"03_75_17_rna",-0.150700128159009,-0.0143549577339092,0.314310874344466,0.0130051334099745,0.172076091570781,-0.0939072142174772,0.318705384535034,0.0811162612943911,-0.244965543946062,0.319722522226451,-0.00026864946760586,0.330363199035866,0.286096712748329,-0.239736292729215,-0.566432597665801
"03_75_59_rna",-0.0992097153256505,0.00254999288821798,0.22127185676614,-0.516491292146103,-0.324880334612069,0.354722123199831,-0.122403750544815,0.10403133895475,0.0739402325066856,0.222063398433875,-0.27761430105285,-0.269357316324287,-0.241186283740994,-0.189619511626218,-0.344554014280489
"03_75_66_rna",-0.0734369243607146,0.029876489404268,0.247668605613108,0.308835538040377,0.232264459505109,-0.176568174768129,0.439956342660133,0.202490031806558,0.298476593839682,0.165727474701379,-0.32450399063881,-0.441711027323453,-0.23957251630622,-0.174002215520882,0.112566796721224
"03_75_74_rna",-0.329444931425677,-0.00637834725038333,0.329048186040512,-0.032661597953159,0.298029647040343,0.162958403399072,0.233904163261261,-0.0627580298211823,-0.255843103065187,0.076155132040909,-0.30121593649865,-0.0468394219854754,0.257696896548951,-0.0338701647221805,-0.613452424847578
"03_75_87_rna",0.170652383557635,0.731418879178888,-0.286902932439833,0.158399334406465,-0.140410497267918,0.146171389405068,-0.212827554317215,0.145270192919952,0.207025944043979,-0.159508777362101,-0.223629093826177,-0.164242386734528,0.225567474266973,0.0770153756847108,0.137549945201255
"03_76_19_rna",0.169241800769765,0.0100946906067113,0.543887306391975,-0.693175077443185,-0.305091124598019,0.00890257247403208,-0.124630456807823,0.016597129767007,0.181372442810478,0.0119257668170982,-0.121963140434462,-0.0456997223673445,0.0371850500498285,-0.0394076447898949,-0.181782300777355
"03_76_26_rna",0.31616487891776,-0.182028587782856,0.0244816902719729,-0.00685705889573102,-0.359545086703965,0.0155696931701142,0.0968765135434376,0.10711052642938,0.167917268792252,-0.111569693481609,0.228232842185436,0.107945670689346,0.00956339637979495,-0.705713639960178,-0.336714237560184
"03_76_37_rna",0.582239412322925,-0.317064089712552,-0.10868330014741,0.00729024625780012,0.158101999210137,-0.110961498358562,-0.0945444510048149,-0.14193682324147,-0.169379796182379,0.209838280253469,-0.228962979819223,-0.103741928108542,0.473522950109027,-0.32842511647166,-0.119222131552829
"03_76_66_rna",0.374720207951076,-0.142355012481886,0.454344913563275,0.342907536892772,-0.0168757140820065,0.158856434997008,-0.364550607746343,0.283455206597019,-0.314177008405189,0.10625235240006,0.173654982919004,-0.188999092635218,-0.0974618644619783,-0.104133467047253,-0.283416162772295
"03_76_73_rna",0.507888433775437,-0.0807669336720823,0.104730157371296,0.171076882645503,-0.124347351858709,0.00343013350360691,0.102904457529893,-0.369346103488512,-0.245936919501768,0.320523060472062,-0.420415594274981,-0.331486370350013,0.105865222454372,0.262818735245807,0.0517379466591156
"03_77_12_rna",0.0746085600109884,-0.0128017914994275,0.177527154161787,-0.53645784925044,-0.176787306597971,0.0817274961774847,-0.181286725111284,0.0812848956535135,0.310317904971363,-0.394922219299284,0.195135289169279,-0.108625354868409,0.457558038914583,0.150235136416218,-0.251979266251821
"03_77_37_rna",-0.206023752298627,0.0597577398311248,0.0299470000737855,0.151639854385791,-0.313971242951112,-0.161972912665509,0.437136731786003,-0.238410783947866,0.376450802001781,-0.347204753383614,-0.0887501388303925,-0.010895056674895,-0.00662547794376499,0.100203420510044,-0.526311798089771
"03_77_59_rna",0.405983594371878,-0.176596955500869,-0.117125873848993,-0.0235304252233759,-0.382767488214891,0.412566946684681,-0.0556911082566854,0.0200494234394169,-0.425262181582806,-0.106883382172244,-0.360719765591912,-0.0506983961929446,-0.171983307466281,-0.0547263256180551,-0.33460197970933
"03_77_60_rna",-0.249798457791011,0.0358746384378667,-0.0261776380272942,0.101790593948466,-0.43426739111027,-0.351736928908448,-0.570716656452489,-0.157479183708877,0.102059238365429,-0.341942052314393,-0.328362565572339,0.0179918241412295,-0.0978908256526906,-0.0738549647902098,0.109176978372318
"03_77_78_rna",-0.00575862636866797,0.0727301140012329,0.234119753399708,0.114314985917531,0.144501486218521,-0.219162927175716,-0.125564171976337,0.311398653896123,0.385993290319872,-0.315952110346297,-0.450890029391457,-0.0887007910958093,-0.103092416818404,0.138505511809656,0.505322287600134
"03_77_83_rna",0.185765026296044,0.600150463651346,-0.101239202115469,0.0272334285003571,0.0836997820439171,0.331302746329318,-0.0695038830300193,-0.311888460273267,0.0661061403330595,0.0920775642690061,-0.441252339490049,-0.395671942457345,0.106018346094102,-0.00636099360678197,-0.00766882852619544
"03_77_86_rna",0.0323033577215825,0.00287602156009066,0.354842409826901,-0.433573291438597,0.369393344155721,-0.139037082966753,0.341028290954286,0.259612875026524,0.0181512385690168,-0.0958701848690862,0.350489860237962,-0.0759357560486136,0.0603141486700514,-0.448131003991312,-0.0545734295172014
"03_77_92_rna",0.590331933017307,-0.256833069810398,0.551822029012435,-0.125261894286386,0.116707894533863,0.280127747139712,-0.00747510008438499,-0.0726120529281803,-0.0571504485188184,-0.17776603716684,-0.360996170266477,0.000131013123913196,0.0279327467059075,0.0302590039590512,-0.0323292286615666
"03_78_28_rna",0.445514295253509,0.131595606470948,0.318625800771873,0.0846664608202819,-0.318166365414051,-0.297518201548893,0.218248208119177,-0.31284932434305,-0.397984092019675,-0.30551318839469,-0.0810884693150595,0.0900415487056652,0.166289196507134,0.182830771144003,-0.112974546996508
"03_78_37_rna",0.392050589558001,-0.338859793604527,-0.318214235210843,0.255595695709389,0.212158908833003,-0.206805808469939,-0.0459473504465603,0.00502486990387615,0.051523830658764,-0.500010120331513,-0.0892068254999321,-0.313224746417938,-0.100599659306989,0.0158363641584048,0.32536280684541
"03_78_38_rna",-0.0684748662504188,0.0108007148913853,0.654855308652274,0.328829379691607,-0.181363628232002,0.14084154623971,-0.0575728453010505,-0.32346473709757,0.186003502594832,0.0950188844615068,-0.139245370171658,0.177966728597173,-0.16458623622399,0.0564226738801917,0.41544874209849
"03_78_43_rna",0.347543628741742,0.149378594221363,0.349062694652359,0.0564997855093967,-0.434496836819277,-0.244669596946589,0.143476738348529,-0.080095557667432,-0.331998220899957,-0.164553326281893,-0.0540203903784982,0.412114681160761,0.204057273182127,0.208935147749411,-0.246698783718321
"03_78_56_rna",-0.202702807283028,-0.060285203986739,0.0845856249709294,0.421482403269942,-0.0162249055625679,-0.095740656226976,-0.281801890615071,0.168493752543463,0.42124603606142,-0.143371196916966,-0.0240765456222297,-0.292061476772004,0.120459203116768,0.0932509605721304,-0.588348434464543
"03_78_66_rna",0.383365998081102,-0.119635798581915,-0.154861838624218,-0.170532683034722,-0.0124888747900316,0.0996316296724329,-0.0649439509146404,0.25307474619173,-0.0929576985738149,-0.130154748903118,-0.197487859339426,-0.150841494490584,-0.68769763862216,0.280063291553657,-0.26193077663302
"03_78_67_rna",0.255362125053893,-0.109059097659273,0.0521153590934946,-0.0188881923968197,0.350852580920733,0.180167846511097,-0.0719202415646291,0.0543886977467484,0.215652428972036,-0.282755776207969,0.517531420545512,0.0633955124653682,-0.318743413966145,-0.506184386237716,0.000572385356269563
"03_78_83_rna",-0.109682178774591,-0.0151311336192688,0.507481620618549,0.201121137470804,0.19732351440999,0.0752157232023245,-0.310264721682685,-0.296544021113179,0.169663062601814,0.0550601152805033,-0.208337036595355,0.288959817133436,-0.540131501293555,-0.0676855381437568,0.0769050993889097
"03_78_88_rna",0.574325180571342,0.258459012473638,-0.17837771595305,0.105118348099707,0.160932073004326,0.148415091711151,-0.284439897214329,0.145655927587608,0.488305008743712,0.0268617932340168,-0.0477673853731501,-0.238359796279113,0.152233543142179,0.0927465793946446,-0.283541426434701
"03_79_12_rna",0.654165258489425,-0.0450719597177426,0.372800677094177,-0.147310318933596,0.00674719692977012,0.213696744201244,-0.0393873711537559,0.382601643512165,0.257307862943429,-0.162788760883735,-0.057740484176922,-0.129436360061213,-0.259584719929892,-0.105357881958624,-0.156296802334186
"03_79_23_rna",0.242368956990729,0.622281378747278,0.405225793291112,0.0604871668258129,0.239093954665261,0.0873524032788437,-0.263752189106443,0.204417656174942,0.0397417237119666,-0.120280925576763,-0.0900066201016379,-0.0547574858976509,0.352402043727357,-0.23732487297837,0.0484933106671072
"03_79_36_rna",-0.138429773089481,0.0761463639256947,0.367510308696017,-0.0953481933603561,0.331051235967717,-0.0195791950230543,0.402452596126718,-0.308544555685384,-0.131606848895407,-0.194661821820424,0.111934813704832,0.254381611616743,-0.225693272428793,-0.460944387738282,-0.260533198109388
"03_79_70_rna",-0.00563362547996122,-0.0381872206326951,-0.0176035272787232,-0.0321820316127167,-0.382526251599407,-0.208227802242704,0.250623826804505,0.461798061490684,0.460741092440466,-0.326993670985209,-0.294628095694418,0.0666698417399254,-0.155538995096318,0.238586423335626,0.199589253396308
"03_79_91_rna",-0.0340156996466995,-0.00311438723502772,0.273784274190251,0.208370883881827,0.109523238887646,0.0849732966102172,-0.184738773636879,0.0422298915536309,-0.0114358766722963,-0.55855372150247,0.00413329361025972,-0.33770392320667,-0.346332490185139,-0.493296424433377,0.189387909978489
"03_79_96_rna",-0.0189841720679375,-0.0442615711902759,0.118542768945055,-0.115227922865912,-0.09609188403236,-0.399985182758955,-0.123659322687084,0.231831831862474,0.414977220614836,0.253127672711467,-0.0368752539616783,-0.0277394536462098,0.191530991731204,-0.580712773820159,0.346079194487997
"03_80_14_rna",0.105835302902028,0.0610769740945459,0.120893903818707,-0.0276621580797268,-0.113641478302553,-0.177876545628974,0.54515988743292,0.0422021460325761,0.3126516983753,-0.0180385433268307,0.193727964392429,-0.0341400668820674,0.0966307308198884,0.138444792704173,-0.678878623312941
"03_80_30_rna",0.252181827256451,-0.2153834288362,-0.257609424222431,-0.061321807051092,0.31818566639213,0.566160389256619,0.204719286704268,-0.200586587284458,0.227821717729755,-0.135197515261762,-0.0841198002645372,-0.301029444636024,0.238445997359088,-0.300430434444053,0.0312369168592799
"03_80_35_rna",0.520422415259405,-0.210331898486829,0.609910698304,-0.0563909775301427,0.279518900038943,0.0527359009323021,0.0429742221399214,-0.046719929107923,0.131874721493916,-0.242883550806774,0.307127755332857,0.0614156391605122,-0.0603631695146611,-0.163284008168334,-0.141493794363011
"03_80_39_rna",0.311331488151775,-0.232099963653852,-0.0232399424584092,0.0662495978828224,-0.274879218490572,0.328451354121753,-0.0253711799277444,-0.017936909357033,-0.0779319755962321,0.0791159149488499,0.0312059715275668,0.126765737406525,-0.54847881737314,-0.464971373421808,-0.336846291466659
"03_80_58_rna",0.530880831197441,-0.253338712733253,0.223950279002661,0.223098854655186,0.218009088013772,0.0600798859733911,-0.0134452941432894,0.164781413878934,0.104653990799336,0.0449798022832608,-0.458354500799685,-0.383242140597478,-0.321237128640385,-0.0463093444026046,0.0176094435284718
"03_80_66_rna",-0.0556335043023457,0.0886857330335295,0.232491962495174,0.142131029546572,-0.0984595811681947,-0.114506668714188,0.597635747039371,-0.306847344286021,0.35934077030374,-0.00266466084163204,0.21108122462347,-0.330432307511253,-0.209880329972904,0.223738176690794,-0.252336995222451
"03_80_91_rna",0.227249711657961,0.503100036014933,-0.200355142430699,-0.0569769777050901,-0.164469910685084,-0.230388229113332,-0.18451414095256,-0.000433891618481967,0.382653854633462,-0.386679900664013,0.295645591397772,0.330268269981124,-0.194952399014212,0.0133689595950289,-0.084087384568023
"03_80_96_rna",-0.104017007731067,0.0604523501420039,0.290881003793758,-0.0740339074935676,0.387154200913349,-0.0782098251805761,0.523598496466832,-0.536232699068281,0.0831168055282575,-0.256718531521891,0.118729396756889,-0.135851159628616,-0.249152624084599,0.018608904300363,0.0996936112495087
"03_81_31_rna",0.0920156312932132,-0.0926353134860794,0.540009102227369,-0.102485652595651,0.367164142774251,0.267764881048145,0.176950083539024,0.470161473799532,0.0390696115310931,0.00799897704641377,0.0363542619523577,-0.256897320243674,-0.389599710599394,0.0279625264875235,-0.0221332096368762
"03_81_37_rna",8.54913464707552e-05,-0.00441870098788126,0.135752054203343,-0.54509992677413,0.232980531582196,-0.0167351125269668,-0.273956213863711,0.106018235852229,0.191116041030171,-0.223074342117528,-0.33847343685117,-0.0843274995024637,0.457600124861647,0.0364233814729595,-0.353381687386507
"03_81_61_rna",-0.0585740893133116,-0.139988711906714,0.420764966229009,0.524044032264612,0.172934509136963,-0.137433027033167,-0.362155085169753,-0.09241376480988,0.319505873807121,-0.150383698454599,0.241452806715675,-0.339640098905335,0.178028499128619,-0.0740815140435253,0.0357744181359566
"03_81_91_rna",-0.153533940232734,-0.0373245472657049,0.192358162882237,0.228822592027845,0.131839214620741,-0.128738190529112,0.187389852622356,-0.0180594974755145,0.0813320047183888,-0.0874715423686505,-0.0621911241231168,0.0426154490066864,-0.0829051250873399,0.0400905645529533,-0.887606935602301
"03_81_92_rna",-0.12760849403733,-0.0381544209276562,-0.0149449402001716,0.31846726178989,0.171546394741894,-0.161208470030049,0.271100853222396,-0.233375893261553,0.579959681057096,-0.117968840166531,-0.237655430459523,-0.157772557636315,0.137072959337368,-0.0485999461537546,-0.494414941513715
"03_82_05_rna",0.197866799366719,0.781331463092934,-0.153724197026197,-0.000719944970572059,0.241805693490697,0.175650706060586,0.120151078110501,-0.055552783509562,-0.206384728704906,-0.107751712676163,0.0511396867710024,-0.109807091572107,0.309905028137232,-0.0131723021493817,-0.234094172050442
"03_82_06_rna",-0.143349231893214,0.0770368368271429,0.263536017340159,-0.390140277089586,-0.113954803907739,0.2443941639654,0.284670424595426,0.239213279968148,-0.307283172833403,0.249072205229324,-0.358300925558529,0.161521814810052,-0.164562001294921,-0.450010731450326,0.019029825200046
"03_82_07_rna",0.0320243286067918,0.0790258533193966,0.412100514026722,-0.693362849025193,-0.0250147958750217,-0.00252658952440424,-0.295919850119667,-0.0180262152778982,0.330789767889629,0.0414554962521565,0.189634867670424,0.18022297212549,0.179805945949083,-0.197442120932124,0.0522413272293807
"03_82_20_rna",0.469243598994604,0.216617210329417,0.183206077217467,-0.0927035706754959,0.290340107749685,0.0796385152376644,-0.223697353054212,0.0206723333104882,0.235076578967526,-0.342844174519823,-0.40575013922299,0.248665307927316,-0.375808698333566,0.0874459046270516,0.0383638766868619
"03_82_39_rna",-0.141308316090724,-0.0471268741670667,0.0474856313610257,-0.147951594713662,-0.192003676664091,-0.194145309377374,0.114348716928055,0.260661736878555,0.183464053272962,-0.251656110341354,-0.306399830860579,-0.424253404094245,-0.217065809014965,-0.24959979459812,0.563745676675394
"03_82_43_rna",0.399804755740421,-0.176106316030717,0.0991980615714688,-0.157003515470273,0.166302911654641,0.493373083988199,0.139171661537733,0.148470014139133,0.173330959863795,-0.148133593497774,0.117966629950188,0.427144370496194,0.30065268581244,-0.350895855707544,-0.0170601087968083
"03_82_49_rna",-0.146015274196444,-0.00046861820246334,0.229325913075897,0.130083864215615,0.481793118839657,-0.457000367675226,0.0351184858645316,0.0273096829423646,-0.0467138501274424,-0.349613101558837,0.26098501587194,0.157429053383687,-0.14690322325157,0.0696140839992339,-0.471676577842868
"03_82_72_rna",-0.129632293239034,-0.0150841271625861,0.111490048847229,0.217424677834661,-0.252701644493457,-0.0523926153262175,-0.201159099265553,0.0659391736761165,0.190390225249598,0.212607652909775,-0.0803625947208968,0.298346524206369,-0.474358510437711,-0.312109131785247,0.559017886449007
"03_82_87_rna",0.110651690381623,0.602647463342049,0.102145420232103,-0.261539817052752,0.181239916307947,0.379478902992849,-0.260025770266269,0.0732107704217264,-0.29634997237782,-0.313877058421931,-0.209843101218647,0.028726199077936,0.220997291202611,-0.094046494758586,0.0838100883348458
"03_83_16_rna",-0.154509333298726,-0.0315714066637928,0.201615131708503,-0.325796598970026,-0.315684904962616,-0.210651377631824,0.112595835583442,0.0869751347617986,0.171694565833129,-0.215556326157852,0.00943705051053094,-0.682715205013692,-0.19251721030819,-0.285632779268256,-0.0572969892201395
"03_83_70_rna",-0.199138837245113,0.0924866403238701,0.401853332838092,-0.484177853721162,-0.205193679296809,0.201095149186848,0.0688414136435204,-0.246132086143733,0.431301635413768,-0.0883441642922697,-0.284867422962691,-0.362530276806117,-0.00113246781171298,-0.0153254826391086,0.0370432903550236
"03_83_87_rna",-0.368654866183447,0.117197028125808,0.178770187535537,-0.153022843200384,-0.0635246513147717,-0.608982066179962,-0.198602755765716,0.073106458109853,0.0503395635695859,-0.0457539134621604,0.185039450187635,-0.445695554698139,-0.331963933704575,-0.152279390041245,-0.0663388642025657
"03_83_96_rna",-0.0645447611637499,-0.0580368457516997,0.249780480039054,-0.247289752618218,-0.128538428111627,-0.494091361511033,0.0862871772574426,0.152137697657222,0.469003603761678,0.183025135031276,-0.46993807528028,0.0608874616819636,0.156842554727759,-0.239769419375871,0.132600195814413
"03_84_29_rna",0.210951788774908,-0.187166584495625,0.272223861556538,-0.134124153375726,0.0347911776159159,0.197870917178145,-0.00543614663720589,-0.462838521201336,-0.0824738038721647,-0.341568856716621,0.0948219163690145,0.177883417364896,0.144451676788265,-0.618897415871116,-0.0758637089683859
"03_84_40_rna",-0.0960874699495104,0.00384265107771886,0.103734313212646,0.062239601471313,0.0760608763421823,-0.108101301715181,0.309817745212375,0.406845759846255,-0.449779416874768,0.0283954068184281,-0.423648111078455,-0.110215174819864,0.497201675346165,-0.23188831512969,-0.037703767880003
"03_84_57_rna",0.330874646819976,0.396545376638971,0.250222840276852,-0.177968960317574,0.339461299442925,0.322501614337754,0.0883436094926091,0.288418853448913,0.0947620011995978,0.0405504996232567,0.0964585212840459,0.362991109621505,-0.12431759598028,-0.288997712697979,-0.279450360160423
"03_84_67_rna",-0.077639973587711,0.0713464598358434,0.444385603529936,0.0691673693348559,0.468072525768202,0.190761292281516,0.187784350177637,-0.17920139089649,-0.0973212912583743,-0.326347550742432,0.0673448482692869,-0.0216960783134075,0.208042896222089,-0.502008273798963,0.217914678809262
"03_84_82_rna",-0.137691707374414,-0.0671663469240782,0.426605010568149,0.466812311750456,0.112215526845388,0.204197766891677,-0.263198230511192,0.00816858411506735,-0.127165934503509,-0.103757878082058,0.00220876603392122,-0.292769936347569,-0.0818523231293688,-0.33006241839611,0.474023237890694
"03_85_07_rna",-0.140907643351637,-0.110953990755872,0.282473664170487,0.445317496677997,-0.0683762775691745,-0.0900037033621155,-0.483606669674798,0.250891803114735,0.0156037404166653,-0.0821484466127435,-0.355052749799293,0.0137292412553763,0.410454252133744,0.223203137956252,-0.169121226687239
"03_85_23_rna",-0.21780660368131,0.146290281802063,0.0817712146073181,-0.303401742316967,-0.00261408869472894,0.0902273562773466,0.450905447658434,-0.240709959956708,-0.040322284532778,0.0765143686349269,-0.414642017155775,0.443896921386354,-0.123351410066745,-0.297345223267675,0.287980736547513
"03_85_40_rna",-0.0757143484208149,0.0118084644329135,0.196555045430106,-0.260002682640934,-0.0531465852289109,0.16178835475812,0.130492734580854,0.460700997729621,-0.364279098665501,0.175511253415687,-0.380968107313913,0.0351121954666794,0.179452525205376,-0.471293539688017,-0.255783084247115
"03_85_50_rna",0.370989912828568,-0.0336415955057457,0.31249136606255,-0.243368431626668,0.159460298496326,0.113432037754916,-0.250633281387042,0.408673922629874,-0.294910419791553,-0.0120475106069254,0.123325306309908,-0.22823696968294,0.382414977777011,0.259859892621845,-0.260850391510834
"03_85_60_rna",-0.137376179321126,0.0293795503809633,0.233181548033771,0.223101466704808,0.247879566924018,-0.0717971755152989,-0.622712281300945,0.313824895007474,0.125336548070624,-0.200789279683522,-0.145412264637828,0.0963486709824959,-0.211011711304309,-0.161616002488261,-0.407629625606684
"03_85_95_rna",-0.15412908294203,0.0453060517293971,0.0241070241961879,-0.457527898146845,0.0967047062564928,-0.104206394709823,-0.10539699729677,0.244671943707544,-0.405703536808434,-0.273156391547479,0.197474463513598,-0.167120576417847,-0.0418197020080306,-0.573060340561026,-0.191866451101311
"03_86_18_rna",0.489543669871256,-0.07534411970829,0.38192342715302,0.0854039487211856,-0.31063217888246,0.154433407153199,0.178484847045629,-0.286022003358436,-0.0553338158378383,-0.395777426292307,0.160960334073588,0.0584976976957609,-0.26631282611207,0.25198276817765,0.209890010452637
"03_86_60_rna",-0.112018386183614,0.0478835882480935,0.188178119750153,0.251006738041102,-0.575144514521358,0.238249072659311,-0.294967537196163,-0.304408387178742,0.338589778828265,0.000485430977785682,0.423679457750484,-0.0403699117305132,0.0267611732693267,0.0506386372065192,-0.143044712629441
"03_86_68_rna",-0.0522197496010856,-0.00419862141728721,0.172238945924501,0.0503003556719317,-0.0565216820445708,-0.10760624744698,0.452790309300994,0.115153752776314,-0.00521503882796889,-0.199414023062623,-0.0219225238205731,0.316955124706522,-0.0953164329857504,-0.611996325468051,0.455682796376876
"03_87_48_rna",-0.0151025434976163,-0.0490517598385589,0.0832848228875718,-0.33184265846689,-0.0812263770251524,-0.054495535002827,0.019818368966316,-0.13227302503091,0.630518660288121,0.115173396483291,0.0273194391592763,0.326891862237564,-0.127019123896025,-0.505919304864772,0.249683766639634
"03_87_54_rna",-0.110672741636937,0.00143441529165197,0.090201173822929,0.279458002777925,0.0323131833953667,-0.251576513137462,0.161408170285771,0.0288959396905203,0.00203060754150351,-0.242469934621437,-0.086549899158708,-0.132744996394284,0.204203999763839,-0.258641809385813,-0.785996967125319
"03_87_81_rna",0.311142975135364,-0.184634134690139,0.196953864595481,-0.0781201641869451,0.281548731564487,0.21884081930208,0.0593539223296993,-0.323592020014797,0.154777727491892,0.274464232067565,0.377857921849295,0.361823950827059,-0.125589932585433,-0.432835468561795,0.112746221345146
"03_88_01_rna",-0.206816688037455,-0.0515121621176841,0.134398260347575,-0.467748422921615,0.0388139705193775,-0.331338745602726,-0.206159869347793,-0.000497099232309127,0.367013942642275,-0.232360646672905,0.30895903589874,-0.119459218372249,-0.0735093653536322,-0.149607080824011,-0.487570556258079
"03_88_04_rna",0.57484750704971,0.344582397229668,-0.0278805239775275,0.0977018320155489,0.105146621007634,-0.0439567383609644,0.136627969312434,0.489458928624511,0.409200425598073,0.0147191550584133,-0.0895757125328845,0.186163571606002,-0.167454212603618,-0.1131350269275,-0.134470512959699
"03_88_19_rna",0.364067456879963,-0.0900178727284308,-0.0882727914174379,0.0916936540603712,-0.248711517109948,-0.196502204391304,0.216853589860601,-0.0460479298078126,-0.592000986032887,-0.479914492459433,-0.254999453519419,-0.096522695375349,-0.0346152493033797,-0.0687437873745814,0.180241692848461
"03_88_26_rna",0.0459490942392359,-0.091816271092637,0.271936806878009,0.240659035544843,-0.291714287731698,0.114538374106469,-0.0297346344860583,-0.00623950519277837,0.0695618228774234,-0.318821117240965,-0.448063540113845,-0.0569926133304572,0.332333970887797,-0.488724501497513,0.314102463424887
"03_88_45_rna",-0.111519686095039,0.000283236827030894,0.207427753305782,0.078384295911962,0.152591832443689,-0.0756785301979693,0.571332844595468,-0.171520636715188,-0.103391758605605,-0.147326097421262,-0.128404522518743,-0.0386735500612259,0.228620569528168,-0.00125999256286047,-0.671486188472778
"03_88_62_rna",-0.112767139668183,0.0315798572429169,0.167746682004801,-0.610675443879131,-0.290459751804031,-0.207915517473315,-0.074341172015763,-0.0338955047077147,-0.156822120038591,0.342150685140799,0.24370910549027,-0.0561336419884825,0.0396561513975789,-0.319977957857502,-0.377872606086834
"03_88_78_rna",0.00103958162870722,0.0340203697286706,0.441158684374906,0.339560151088683,-0.0659657625171106,-0.0454165267335142,-0.276886590557833,0.114972421456486,0.348142154101426,-0.22227620777668,0.354725585295346,-0.133141986409225,-0.0398706482264174,-0.318018004428335,-0.419200008481426
"03_88_85_rna",-0.0884550429874101,-0.00512945454340036,0.44712213199474,-0.399936350797632,-0.11422102106769,-0.0494361542541793,0.10885747415799,-0.0598967100398901,0.0423702216909165,-0.28720330689166,0.217879154677007,-0.0523893687627877,-0.100810285002478,-0.236111613679674,-0.633202821415076
"03_89_45_rna",-0.0745781631210271,-0.0498736857493736,0.338824906782593,-0.538051635334388,0.022749710650401,-0.135374771692865,0.395727581153235,-0.103330892612699,0.163525511781566,0.136776760502469,0.233606746637765,0.145876334176771,0.276318037642681,-0.330512571823836,-0.307630708950048
"03_89_63_rna",0.364515693111736,-0.114323884666786,-0.0790743027715971,0.0397580900301148,0.142756858351984,0.419738225165039,0.279846958559469,-0.0248987917438852,-0.0418435421921635,0.321766574115611,0.102736745874069,-0.481358199750994,-0.0750973776241388,-0.174480446257823,-0.432553732567235
"03_90_29_rna",0.0154300109795036,0.829751331715363,-0.340981914117577,0.0596787368007568,0.150879049355067,0.0226501711543409,-0.321867766211672,-0.0128476219034293,0.0790120292843461,0.0356077895943239,0.114960324257428,0.0559507892435693,-0.0864909495751548,-0.155760379781439,-0.093828695526546
"03_90_30_rna",0.0232964451595,0.487974740930692,-0.0165308791923952,0.148790936463947,-0.228046659887126,-0.00102677027707362,0.169876117659434,0.0648690208221427,0.114378008671771,0.00128966245871921,0.265692246436113,-0.132708262552268,-0.304049071525667,-0.641589463665021,0.220188496327677
"03_90_41_rna",0.347339507144012,-0.0860824769973003,-0.125740131511782,0.122550947265823,-0.219981091620851,-0.365564506028307,-0.258299997964724,-0.163589361723758,0.395482570232571,0.0178705489236301,-0.461989526865351,0.119100274560031,0.0597882608645927,0.159631750842657,-0.390133760910263
"03_90_64_rna",-0.0462530931604772,0.0421687574014578,0.573203165913271,0.161738767492388,0.0806618187932646,-0.0257310891943088,-0.260334886358587,-0.337059134310477,0.284233176449165,-0.16211153821993,-0.116325393581549,0.51549750720938,-0.108391503978991,-0.148855828874056,0.180457516983114
"03_90_66_rna",-0.0417070789831273,-0.0522399354741083,0.576047426873045,0.165030839169021,-0.25973331896724,0.263783524146639,0.00210395723583943,-0.581574851464875,0.204545673325753,0.0905431578022031,0.1436984741352,-0.0687769706331792,-0.239372219404244,0.0824824473619655,-0.147206933024207
"03_90_68_rna",-0.095489296755758,-0.0791129630948465,0.306938524798525,0.251783836580613,-0.339482165493489,0.105756653464385,-0.400129859575218,0.316202466671275,-0.00888492185703455,-0.536199375519874,-0.0525797586839878,0.0683245243259481,-0.272293959256014,-0.174177803741394,0.20246621609159
"03_90_69_rna",0.517327394713622,0.0382903220462578,0.510722252898337,0.00625002701181594,-0.155529702473843,-0.0106086865089152,0.0394161165070641,0.164539760104465,0.064297152698687,-0.173215460802835,-0.200424071423881,-0.268328505903829,-0.240697203694429,0.341007224501722,-0.310760605249025
"03_90_90_rna",0.421487781926197,0.134575970783059,0.186138654579172,-0.0120310959280119,-0.114546027248016,-0.41007908692522,0.113104434466338,-0.0350682511036109,-0.481177088429746,-0.4607595385338,0.0965300388838802,0.319594067201453,0.0519974272909814,0.0630146819652807,-0.110332338817105
"03_91_06_rna",0.183352945890099,0.0367136576378535,0.371312164729774,-0.547538079650381,0.14774486581908,0.12215855790496,-0.146629552862404,0.104283552801361,0.387518230005328,0.0867176633135101,0.173996899826037,0.213724816462168,-0.131909948434193,-0.311475042003844,-0.331927856777388
"03_91_07_rna",0.2680854687164,0.250311048358493,0.116658420988722,0.0614780760113408,0.383765915191571,0.00436409505410862,-0.373429553945756,0.150090826877288,-0.280503182140998,-0.341594015255697,-0.0526499340467092,-0.407280461889778,-0.302565658399819,-0.260896470399928,-0.123218366738801
"03_91_40_rna",0.430920293616561,-0.0527194508816689,-0.0274832240646427,0.070514627991322,-0.211529727613209,-0.194339760819726,-0.0702600603014514,-0.198207943311048,-0.0935663048550586,0.290343560853,-0.358481740825018,0.504264240201919,0.338133086305864,-0.124922333241176,0.270702593146302
"03_91_48_rna",0.0167560263729499,0.0896359260324685,0.451289038570129,-0.503366110133357,-0.13929612099085,-0.0988969774388754,-0.387619017883932,0.295344153815639,-0.137217343657969,-0.138148225214931,0.204928983116904,-0.126443940933004,0.162721078450387,0.242926774696908,0.294271385637218
"03_92_08_rna",0.477517129044456,-0.0098397593096024,0.0116488353509707,0.0318707900680042,0.195187842184571,-0.460002897498519,-0.0286219904441422,-0.469090711381935,0.241295700693052,-0.306149835193399,-0.17015711283556,0.0368930462098261,0.250643352135946,0.181680779921881,0.148549595299829
"03_92_10_rna",-0.0205080082762192,-0.0727136438275656,0.187637994579557,0.04910760125256,0.0627547400959454,-0.494375794070407,0.621362269733374,0.144948825210182,0.0319046513906484,0.133927327808015,-0.300434496417188,-0.363062329363443,-0.213236648243478,-0.113936936662707,-0.0417694565126008
"03_92_64_rna",-0.0846937673759845,-0.00781815433595761,0.316974535551713,0.197890714129028,0.252387510282312,-0.0343404202147438,-0.159664079748962,0.081395494739648,-0.0601989065803509,-0.667649667257388,0.137638625161627,-0.331544111335316,-0.0328303864858814,-0.366525989710452,0.206084147184541
"03_92_68_rna",0.557680228091063,-0.235190569951765,0.0175129355378997,-0.0300800706100599,0.427026421184322,0.141237086825919,0.0363208320516159,0.28279767659919,0.423843567834451,-0.331698317654324,0.00599188016443406,-0.157472191703767,0.0438590664824394,0.0869296050959377,-0.157773654187047
"03_92_72_rna",0.506297765165303,-0.263080827522803,-0.221436893686468,0.00703343046926916,0.184297200737292,-0.30078162046095,-0.175100791145205,0.379708473963882,0.290715617367591,0.0291192024066386,0.173426207258401,-0.167933800393824,0.159918108224408,-0.39586275362686,0.0130537590910433
"03_92_73_rna",-0.10237411637476,-0.0235293712115597,0.145140859116724,0.229402227944253,0.179856805364438,-0.0558333359241899,0.0808319559147807,0.31969899578881,-0.031486260636577,-0.107369442153187,-0.406910744062369,-0.178186104004859,0.626440296186717,-0.379072385485832,-0.158423583594228
"03_93_26_rna",-0.0484375831935098,0.052162933304035,0.329279851362839,0.068641902240902,-0.0943215443658207,0.0967705314660938,-0.0264071349571377,-0.459961694337721,0.48691692917878,-0.0353994862132313,-0.00933042106667908,0.284773598666348,0.0935356352097864,-0.0390007176585255,-0.56699070654514
"03_93_29_rna",-0.0395918114687028,-0.00835636474167288,0.0971194948569425,-0.499709654776817,-0.469573358469668,0.371623577120403,-0.164738498500883,0.231010818453948,0.0466833947843475,0.179344221371322,-0.187551874434735,-0.198509586057639,0.214536212861463,-0.234274492513799,-0.30046123904256
"03_93_63_rna",-0.348987531710012,0.0425681104136906,0.00536514126252117,-0.658546771350302,-0.0808508699352318,0.0513502612425189,-0.188352406720051,0.0481207721246206,0.0296920219586699,0.507068611337163,0.0910704565143227,-0.0407804420603379,0.0699218001456263,-0.0201962360577885,-0.349947227738354
"03_93_69_rna",-0.0719926193295017,-0.0575992494478891,0.00504453495001276,-0.282698849482068,0.149728384646951,-0.322484759420287,-0.18967394381194,0.0798995908621019,0.214404464666522,0.0791356536477339,0.696041119385604,-0.218772029052835,0.0598896507662075,-0.151799005199329,-0.362745459817574
"03_94_32_rna",0.21020604898055,0.137325951249795,0.173476261543832,0.0755629783608038,-0.33106016939071,-0.41951182588033,0.157382415488007,0.452797101630305,-0.192836705108509,0.501658823954134,0.205340163951496,-0.0844329240025646,-0.157414684223298,-0.143243891097384,-0.0482338893933172
"03_94_38_rna",-0.106315712489446,-0.0452469549117903,-0.0672269639547724,0.157256597124625,0.0866931716863621,-0.529586101274669,0.381639196105973,0.0893879440589467,0.519468538100294,-0.233090657420994,-0.144592475562115,-0.113683585142694,-0.283290413141944,0.0641108030704379,0.270945278013624
"03_94_54_rna",0.0494783901118805,-0.0125045986372015,0.0670130143600241,0.136235176380742,0.16910538386897,-0.352921907931321,0.0520623449677779,-0.240265696406085,0.572079704608045,-0.0608805567196065,0.33759598663528,-0.561038608318242,-0.0261783271516113,-0.0104950164032232,-0.0156111804407758
"03_95_25_rna",0.0508921914797782,-0.175177294399036,0.0768783451859726,0.282356956476636,-0.229128720273484,0.18644168157848,-0.217115170759996,0.27692898427949,0.46139900580218,-0.600337082977913,-0.0494613501096478,-0.273710575008937,-0.113068610320205,-0.0470280764615776,0.0659115191485363
"03_95_32_rna",0.00929426641046055,0.0328556886036321,0.0751001109186359,0.00265217466260651,0.16911538541534,-0.276676346504642,0.520280385205378,0.315315283884579,0.223985548237592,0.0767674692453043,-0.259079539811293,-0.450636177292283,0.286475927577766,0.0666934745083839,0.324264427369449
"03_95_48_rna",0.699188094836349,-0.189302484395712,0.102857512643431,0.00267558389693653,-0.221912676788315,0.299869033659151,0.191227425197745,-0.325327283495288,0.187350914798786,0.0481867130363509,-0.184242555639232,-0.161848888178189,-0.150858553258764,0.247571034227189,0.0391009104920386
"AAACAGCCAGGCTTCG-1_atac",0.287564903646309,-0.247889702680973,-0.0897742681775061,-0.0415251157607352,0.296214877778334,0.561705643985297,-0.186732244002993,0.369608666372635,0.0229640956325913,-0.417201552598247,-0.047010722356639,-0.0137325341405977,-0.189905447069866,0.140837853545502,-0.1960992861089
"AAACCAACACCTGCTC-1_atac",0.102199236082997,0.741177792813382,-0.326731898244829,0.122449731431119,-0.0559684860762081,0.0367527339168839,-0.120873423832506,0.0144870861025181,-0.152693071310912,0.0069556325387007,-0.00934913310956993,0.0699917323240874,-0.18814250909074,-0.0801805365076077,0.478522000010182
"AAACCAACATAACGGG-1_atac",-0.192366496885294,0.00589135418009214,0.0157012194733569,-0.167167981241655,0.261570996508952,-0.182492926663047,0.678667055875844,-0.0719706376208408,0.164188522107534,0.0111821693738896,-0.0777002026044315,-0.500504645202911,-0.102651965392164,0.262871977874903,0.0633460721766983
"AAACGCGCATACCCGG-1_atac",0.280199724585014,-0.15349618063703,-0.0678904917745677,0.0577611978747088,0.0869538640358247,-0.0582651484043177,-0.376844581347555,-0.168806227552499,0.0537985632960413,-0.131922448390372,-0.363393354269305,0.155368134112074,-0.31367805473328,-0.614181327064377,-0.237516209374745
"AAACGGATCCTAGTAA-1_atac",-0.287068009470891,0.0810756090118869,-0.234623926248069,-0.0330039605276825,0.149458965188667,0.257115633611715,-0.00604317663851717,0.0712671171713316,-0.190909760802363,0.397533069811398,0.461309943316864,0.302508159611536,0.305903924415336,0.291816174002282,0.289461712332895
"AAAGCACCACCCACCT-1_atac",-0.312202195942807,-0.0300651248285784,-0.100453246568853,-0.773280169302793,-0.00469098198557229,-0.145854639983246,0.0680622054984774,-0.160219665532743,0.227254386456238,0.0358769923638477,0.210971740347002,-0.141857808046605,-0.0233122483099366,-0.347782696728584,-0.0539789129049731
"AAAGCTTGTGTGTGGT-1_atac",0.314545965235124,-0.224543829691456,-0.111577425394478,0.0286453865619585,0.224957093225221,0.31056910742972,0.0320923021500365,0.369892983396826,0.264774967807329,0.153641889681672,0.397152565084212,0.0106699971115626,0.110441716849289,-0.47739674819738,-0.246577724710927
"AAAGGACGTATTGTGG-1_atac",-0.211070628243298,0.0173863352002361,0.104901352766704,-0.758730466921777,-0.346637077489461,0.103065212797654,-0.443735850216453,0.0237903902671255,0.112656231221469,-0.0758236714545904,0.0241789793514147,0.0941754353619139,-0.0413663238705912,0.0692092558074169,-0.0763420977172986
"AAAGGACGTTAAGCCA-1_atac",-0.211749681300384,0.0169135591759019,-0.158498731067118,-0.183413803232695,0.316452245746751,-0.0109655884979508,-0.227348559855985,-0.207960288330169,-0.530465009995023,0.204993964867249,0.160257524237363,0.508992033025558,0.302382546678059,-0.0241241635548984,-0.0269855486671698
"AAAGGACGTTCACCAT-1_atac",-0.276624055537226,0.580635420836305,-0.316248981250035,-0.103595420993542,0.0471597447761599,0.130594018276292,-0.17479663122166,0.102326434558339,-0.250821126774022,0.135367727229741,0.173513577364342,0.16202810815942,0.184969521182665,0.355593975377528,0.342105659521645
"AAAGGAGCACAAACTT-1_atac",-0.0672933946040798,0.00352258225961104,0.151183095759139,-0.0111299235828135,0.143586812003291,-0.126869740772777,0.703107036930125,-0.0265733403072229,0.0823752800148507,-0.242964254968876,-0.260380311602083,-0.0726770143086159,-0.102824572354549,-0.486846173158687,0.232832504787824
"AAAGGAGCATAGCTGC-1_atac",0.450893290573541,-0.22181866361197,-0.00390158418509212,-0.0372860603923264,0.10900774358679,0.361014284724762,-0.0639136770151066,0.237888463505207,0.425460528013702,0.0401761004033434,-0.0304461038786213,0.474686681608847,0.239951219530625,-0.272478966253442,0.0498979110830621
"AAAGGCTCACTTCACT-1_atac",0.117344860179209,0.779290456470378,-0.270350438157604,0.0870524520078232,0.0829202422537811,0.169961606582425,0.0975404236528304,0.0569988444963438,0.42153325775656,0.0647379952309443,0.0367224127397172,0.0675586994165241,0.108062570331295,0.0245003972744382,0.222871185137206
"AAAGGTTAGCAAGGGT-1_atac",0.227491613119267,-0.147430619598847,-0.168336010405335,-0.0194485524553894,0.174031765378705,-0.25745851828361,-0.250107495057397,-0.55666158456061,-0.0782412237411972,0.539935367888319,-0.152053486730801,-0.168490148770945,-0.152142148146247,-0.223926360306531,-0.0796703535483151
"AAAGGTTAGGGTGGAT-1_atac",-0.220179041029163,0.0264032955064423,0.305077992505778,0.463943419614461,-0.117746959398955,-0.0390904257908552,-0.12223824423332,0.0432526786614908,0.336935481280367,-0.237557702842345,-0.167976025852252,-0.476359465875173,-0.209331241632252,-0.190777741494617,0.324026858876955
"AACAAAGGTAATGGAA-1_atac",0.15947217335805,0.170965546241014,0.0425559098469257,0.0955806059496813,-0.482318593373177,-0.544169844272659,0.02586306993776,0.430653922281237,-0.206449640761211,0.356283623148498,0.190837018006321,0.0141694244100011,0.00258822613869795,0.093225513518893,0.0680609765211927
"AACAAGCCAGGTTCAC-1_atac",0.166878811309261,-0.18624173602489,0.100762329740322,-0.15302294968499,0.166762463359446,-0.0753024140771527,0.475758619587861,0.0267634744908607,0.0632716033843372,-0.454141263824908,0.007930720485312,-0.297866693340701,-0.0310853476960749,-0.585050587043006,0.0326826034722197
"AACAGATAGAGGCTAA-1_atac",-0.466652986857045,-0.0554789991389507,0.240017827334374,0.218079354648949,0.00198855218399159,0.0977823915252026,0.410380079777606,-0.183294028444763,-0.23555815034712,0.0770705127490547,0.0515588943098631,-0.438594843999668,0.12927149374,0.302450726906251,0.312693496542166
"AACAGATAGGGTCCAC-1_atac",-0.294812777995626,0.133758124765788,0.160633216308852,-0.0409029944571908,0.0964335679030319,-0.204559316863353,0.567895985531407,-0.0191874849382388,0.0520321443383012,0.410990114827165,-0.271261404218092,-0.00694907214815234,0.2411416782325,-0.239996905395721,-0.364281576016147
"AACAGCAAGGAAGCTA-1_atac",-0.305179886526596,-0.0192298820228466,0.0505140982177032,-0.773814679298317,-0.275585627207855,0.069261470331733,-0.356280985641571,0.0225098894273819,-0.0985316029873505,0.0625923259532114,0.0722757091136945,-0.122016897379716,-0.0594285014101589,-0.109899996871371,0.218218372075176
"AACATAGCATAAAGCA-1_atac",-0.11893357777043,0.0928787606939278,0.172215540014948,-0.0188944696003938,0.176102792021961,-0.166601564597419,0.682703446979233,-0.114920148078169,0.148967609260606,-0.114231428312455,-0.328611250444309,-0.346296052220882,-0.211813861089909,-0.247598819341332,0.199593262501995
"AACATCATCCGTTATT-1_atac",0.335156863406629,-0.137593429107474,0.0521138100584088,0.00841556965749946,0.0457518799277376,0.0757071950908733,0.283222043939889,0.0666457706958056,0.262372087213507,-0.0926581676227704,0.211125171310476,0.504285511425702,-0.063613228808752,-0.491389624906378,0.389432004103399
"AACATCATCGAGGAAC-1_atac",-0.275950817750673,-0.0492362472124675,0.226410456755426,0.386400768530682,-0.119442282252788,0.0281125492199404,-0.4497182193748,0.048759454835656,-0.0311390791548115,-0.24701292526018,0.0113254307272984,-0.272655608117197,-0.0189369594521756,-0.304936465452223,-0.520941190439044
"AACATCATCGGCTATG-1_atac",0.156308399226208,0.700235177230685,-0.214363264311811,-0.03610974704827,0.133163689169505,0.125486227246418,0.190668705341598,0.0125634553074473,-0.0998360140935893,-0.168731895312803,-0.0393864130574495,-0.256985922437328,0.0801919794166939,0.0415229945900696,-0.503791080033315
"AACCCGCAGTCACTAA-1_atac",-0.255558594486475,0.0119614322555692,0.187354030846925,0.127427500181192,0.30893894600247,-0.132536225139599,0.52294053230982,-0.294023255581194,-0.144855851063852,0.0358499317682857,-0.0967535429227698,-0.207305420307324,0.0290982631722553,-0.233211791051984,-0.529567900086115
"AACCGGCTCCGTAAAC-1_atac",0.272564196849106,-0.303964378566969,-0.107307853663062,0.000990934873932136,0.147164842158223,-0.0481600976160121,0.12365596075799,0.28635409685402,0.257373379936739,-0.0658868400181449,0.344766157112688,0.339340653002082,0.200873341736232,-0.253846815610076,0.539579361252239
"AACCGGCTCGATCAGT-1_atac",0.434296793133422,-0.243744974923838,-0.125499077068,-0.0597173254960126,0.0371316523783077,-0.166326707575803,0.00445787781508884,-0.294924382554841,0.473531681857418,-0.151172363761402,0.368861426783309,0.0369023986617707,0.341542150202508,0.213810480013171,0.264089132284573
"AACCGGCTCGTTAGCG-1_atac",-0.351591846207857,-0.0505869347336735,0.158286843898807,0.252756941688796,-0.0152710329975123,0.0360427487364904,-0.586497099423093,0.18065469930883,0.124806181663168,0.182252665830686,-0.487608819950856,0.254591428728918,0.108450280868195,-0.0218681662653103,-0.20766471249516
"AACCTTAAGGTCTTGG-1_atac",-0.419770061233839,0.0178048315120889,0.15569975573901,0.260675808376447,0.043858834653445,-0.0363147771718169,-0.565073677259654,-0.0955656004872681,-0.231713713001104,-0.00714174210412941,-0.226340740490648,0.00567783359347703,-0.472461354437939,-0.0879204299837298,0.252277696578912
"AACCTTGCAATAATCC-1_atac",-0.389973043750622,0.0102515774341491,0.253460133951952,0.388511521402798,-0.0555284430906476,-0.08455525766841,0.126130259136172,-0.107315354986926,0.358473373752335,0.310022247450664,0.477010701419227,0.171167458856067,0.188329855707451,0.161041658586127,0.228292025858877
"AACCTTGCAGCCTGCA-1_atac",0.297756255610705,-0.21123030351183,-0.193856619719881,0.0227035696582566,0.257645363519883,0.190520098338782,0.043718282795612,0.130897879174529,-0.645375855126795,-0.388875816318486,-0.294630324388076,-0.082672309003746,-0.0252578693978322,0.208743742581634,0.0362560635576853
"AACCTTGCAGGACCTT-1_atac",0.267119198738942,0.0101339454489975,-0.0372922289400079,-0.311466457900472,-0.412157459575155,-0.500793487204046,-0.104467734750051,-0.248652710689863,0.0129955303335404,-0.492591471841574,0.0376315807910494,-0.183579453477649,-0.0847347613229146,0.203173193153225,-0.101690146461937
"AACGCCCAGTTTGAGC-1_atac",0.211109090633763,0.866110776313219,-0.333904826587237,0.00337632931303416,0.0203049066686595,0.126498594041271,0.0173844936483905,0.0180000102760955,-0.0449349508589909,0.0173012119860535,-0.0381140518548426,-0.108751514869048,-0.184026973158246,-0.116324772763441,-0.117240792308733
"AACGGTAAGCTGCACA-1_atac",-0.220308447482147,0.0113345758661547,0.389032183811576,0.578995751293119,-0.0854878683823049,0.00837760036695654,-0.265013177181358,-0.0323181428586785,-0.0337164511881732,0.222229438079038,-0.074788606488019,-0.163164914648918,0.18416195620822,-0.459451736261581,-0.241554171366434
"AACTAGTGTAACCAGC-1_atac",0.310982214283849,-0.330758790068138,-0.193846004273347,-0.0277859689937715,0.0563408148648232,-0.079656389212868,0.0564566960044549,-0.063479345001853,0.533726604057357,0.143905245679608,0.343070042718315,0.302531690712751,0.0686350260712131,0.216587064291002,0.415196253942016
"AACTAGTGTCGTAATG-1_atac",-0.0949062089569151,-0.0160332879682721,0.385024487680769,0.444613274293534,-0.182051318789637,-0.17215560109939,0.0966828823196557,-0.148350445694595,0.36711886105659,-0.0976976553002148,-0.0106028584623733,0.0196997670288071,0.206134497608822,-0.176422260215805,-0.576400399743819
"AACTCACAGCTAATTG-1_atac",-0.278564094252202,-0.0962889971051174,0.424205077880437,0.493526706505914,-0.14766229930853,-0.173453589089488,0.210962669943827,0.260326768248078,0.351417378794833,0.0281504997086847,-0.174587022536444,0.0564251604079066,-0.0308928076744079,-0.0956909232579131,-0.396716737025749
"AACTCACAGGAAGCAC-1_atac",0.143410153774766,-0.0507076817603702,-0.136265113298509,-0.227072620258779,0.144243967392622,-0.216956404337888,-0.350678719121806,-0.512437645979692,-0.155692681073429,0.240449034079597,-0.250112179238905,-0.360419186469636,-0.324685715929079,0.266107754503813,0.0503944641075258
"AACTCACAGGGCTAAA-1_atac",0.381637905701933,-0.390692782494599,-0.299441572488919,0.0566531179318175,0.0740855406657791,0.182916790736793,-0.0979057690080345,0.389744286438662,-0.309233971643183,-0.169033846470105,0.202024631327047,0.0614918429714071,-0.195083373526821,0.379674168318901,-0.239583333822312
"AACTGTTCAAGACTCC-1_atac",0.436764853840099,-0.304213449302823,-0.171224283914369,0.0282326652467512,0.251209382627609,0.319620224903412,-0.0142802116548241,0.40783793937034,-0.329778483272611,-0.0643111938896893,0.23508236628951,-0.257156233756905,-0.194420128448384,0.271227995018036,-0.0955521469428413
"AACTTAGTCACTTCAT-1_atac",-0.173968343182284,-0.0166265977076718,0.0585905235597433,-0.860354929739909,-0.221704352454819,0.00540229878358089,-0.19176106254379,0.127641150253406,0.0551148105098235,-0.0737570456530278,-0.109733260045011,-0.0779024065558569,-0.228547949067327,-0.122949377473612,-0.172133414224228
"AACTTAGTCCATAATG-1_atac",0.15983983643998,0.873883500620913,-0.33987922118605,0.0870005903698838,0.103219573119701,0.112978696826565,-0.0293686582882837,-0.0490995307989115,-0.00461227520672318,-0.0751290496381587,-0.0914295433218029,0.0429873868548294,0.123370112897175,-0.0193813139086624,0.171846949338131
"AAGAACAGTATTCGTC-1_atac",0.114497113517852,0.824264080134985,-0.327803611653746,0.0594370996224195,0.021360456195781,0.224079878162308,-0.0258644391951266,0.0994208008212974,-0.0568875040517723,0.0942869270927753,0.0549502478400004,0.229842955108049,-0.101888022498146,-0.0119248178439722,0.238270304352171
"AAGAATCAGGCTACAT-1_atac",-0.103262646440316,-0.0617496676149233,0.260088876226388,0.486822432818527,-0.159536554147981,-0.214139437864659,-0.304857962979458,0.335686635017171,0.107829690782255,-0.277013634716538,-0.227252539441973,-0.132547766953846,-0.248356467317018,-0.424922784999263,0.0642904579073287
"AAGACATAGTAAGGGC-1_atac",0.277530143567852,-0.236384575252999,-0.0659868359506032,0.0150619638352127,0.0566495109429638,-0.0960749373368729,0.110089360953119,-0.15427383831215,-0.185953137753691,-0.360410992849257,0.0813693848787031,0.167326637177393,-0.395780269937515,-0.514304836971546,0.440355834011003
"AAGACCAAGAGAGGAG-1_atac",-0.210447785269958,-0.0320561468712011,0.0397708887941031,-0.855075086202366,-0.0958039184226037,-0.0153878981688522,-0.139239468936112,0.0754883648825519,0.0212063365069083,-0.119414279959453,-0.134790579182497,-0.182600963894878,-0.169943012059358,-0.124755323294858,-0.277095824742401
"AAGCAAGTCGTTTCGC-1_atac",0.426656517071812,-0.302267379629023,-0.137105421495026,-0.106394457307459,0.070485195793738,0.27974742175435,-0.0633672327342136,0.298016441493709,0.11226881869342,0.339760616576423,-0.534121638920993,-0.20265374590058,-0.156571051556564,0.0593174137549074,-0.194925376068723
"AAGCCTCCACAATGCC-1_atac",-0.270357212199714,-0.00203564791671989,0.168129188889418,0.509570164406108,-0.237907131876276,-0.129447877167587,-0.420092934116249,0.180343910084164,0.174939084984496,-0.437762355334429,-0.097594029567654,0.207953043908558,0.166910932617995,0.181799407422061,-0.143861709959164
"AAGCCTCCACACTAAT-1_atac",-0.0444321834784611,-0.00757519429911511,0.170868580848127,-0.000236200785518618,0.0854290223549988,-0.373129751339027,0.514132371709597,-0.00830875182818539,0.186990297926936,-0.244697114678715,-0.0914502491273966,-0.20106115473501,-0.170153267637979,-0.606783244669538,0.130684289950881
"AAGCCTCCAGACAAAC-1_atac",-0.207789318937899,-0.0391905514628957,0.128643704207607,0.032884740921119,0.145956635783068,-0.235612119330411,0.329441416677151,-0.100611381729883,0.111012380950461,0.025578515978987,0.127121055499232,-0.239419637397633,0.120398305544032,-0.800388422481814,-0.0246874418622101
"AAGCGAATCATGCCTC-1_atac",0.327051267039215,-0.180940200443925,-0.0962502182593455,-0.0972717609820296,0.185790309927335,-0.09743171765726,-0.226191294184571,-0.395960889876616,0.221220626751536,0.484053606543926,-0.0912701241451631,0.0655279883425484,-0.391851124988711,-0.368371722280532,-0.0670676031289661
"AAGCGAGGTCGACTCC-1_atac",-0.410682144340369,-0.037895535605634,0.104965489518112,0.0334548120967492,0.263406078156589,-0.188160916380267,0.413069015103408,-0.357756173177236,0.0650685326694134,-0.317548700424432,0.10975658903739,-0.259226200592252,-0.194318134356021,-0.422625686045279,0.116946621459005
"AAGCGTTTCATTGTCT-1_atac",0.202151276815441,0.801570731368999,-0.224830094342737,0.0272868679352555,0.0601748320217176,0.224090257595624,-0.0367707269032672,0.0905778703841999,0.0388382675789016,-0.222609572131911,0.10116421198548,-0.0209659213578185,0.0535321195511957,-0.218858417214161,-0.299048981948926
"AAGCGTTTCCTGATTT-1_atac",0.231355549471651,0.772351598556411,-0.296148529357372,0.103694053228912,0.207002151639366,-0.00446542467404791,0.178770561177297,0.0810605891719512,0.266849829126142,-0.17635688883216,0.0445847349538148,-0.0726456779866522,-0.0344324080704608,-0.20780881766586,-0.127066023269757
"AAGCTAGAGATGGACA-1_atac",-0.0666184156823024,0.0360249639141789,0.410837424090625,0.0973643545763754,0.181565239689075,-0.357218072823331,0.374652208129328,0.0918880054814451,0.231152282412702,-0.268667819591619,-0.375087160779903,-0.311503186444415,0.302211862472394,-0.109717149475356,-0.19977577597212
"AAGCTATGTTTAACCC-1_atac",0.162606501274466,0.802599030425387,-0.306195578088695,-0.128237532410141,0.0543888292796255,0.112279983209883,-0.022092415050846,0.131520647259363,0.240891319243668,0.0126123582341071,-0.237639218487518,0.160414304933431,-0.0449669352282396,-0.0132004508726916,0.207974774144837
"AAGCTCCCAGCAATAA-1_atac",0.206147037339006,0.431318137140041,0.0766355220556225,0.00850544476415907,0.000251212943880803,0.457056060547594,-0.00648833173679511,-0.00300838398329261,0.124974436162097,-0.328702078878516,0.121904687176015,-0.031305703701503,0.369489092986543,-0.496196922827975,0.185292258532526
"AAGCTTGGTCGCAATA-1_atac",-0.454574560402929,-0.0348374426104323,0.0480133824808032,0.34908457938065,-0.153712153075666,0.183840468114278,-0.399272463502472,-0.00687444603613109,0.106910269199496,0.0370032369011271,-0.115707733663365,0.469504647541999,0.136558544514474,0.409894605332219,-0.133449349470421
"AAGGATCCAGTCTAGC-1_atac",-0.184086571137238,0.00533294545474626,0.42237784082313,0.59236930890008,0.0153616481397601,-0.193257771639145,-0.267229236575818,-0.250720268022378,0.31645529432553,-0.134239304658816,-0.181556890513317,-0.127364136354162,0.137176841897669,-0.131460102470052,-0.247940869614991
"AAGGATTAGTAGCGCC-1_atac",0.549036836174825,-0.342411501447607,-0.235373974893497,0.0606064316990718,0.163319289209879,0.0676455664548938,-0.00149507864465689,0.15143193770696,-0.0499733604853355,-0.243494511884679,0.229539505819399,0.00329769994902219,0.123221129274632,-0.530671805224542,-0.238272330494543
"AAGGCCCTCTTGATGA-1_atac",0.257399619781387,-0.21713783733396,-0.126792292912604,-0.0884831258605865,0.297335950351652,-0.0390405794507316,-0.0413811310717892,-0.173251313439389,0.183765082674029,-0.174665038967694,0.300067388336287,-0.189687688280041,-0.737832600332681,0.0140535706874603,-0.0783326838496587
"AAGGTCAAGGTCCGTA-1_atac",0.467501714999175,-0.236842987217108,-0.146932944972155,-0.0919735343479173,0.217958121353887,0.152732635419348,-0.248337790122683,0.129919684738154,0.117155171461929,0.0567315554061074,0.180696088894416,-0.397484146931757,-0.496891774576482,-0.219225151852032,-0.20824435512001
"AAGTGAAGTATGTGGC-1_atac",-0.499740071850038,-0.13117925531574,-0.168223686859562,-0.00856199630029954,0.0358971018757219,0.292661845406577,0.216008459586585,0.146087312373978,-0.0274819861605464,0.227625732645715,0.380178420922266,0.27655861459964,0.0893072616745505,0.345515419686829,0.385736836239627
"AAGTGTTGTGAGACTC-1_atac",0.191011389895928,-0.088469318528451,-0.00743572216019842,-0.0271413621892093,-0.0426211736168852,-0.191274905070336,0.101782395268596,0.171751953938152,0.599351195901362,0.223125967524037,-0.449300516350508,0.40217809356941,0.14339856599271,0.259827569607327,0.12623826946125
"AAGTGTTGTGCTCCGT-1_atac",-0.189516489547811,0.0444387999689518,0.17860677219992,-0.0236439475228846,0.0802171776938369,-0.170424446618399,0.555203353857186,-0.143418155875269,-0.152183302376178,-0.0713842629328573,-0.437733085691041,-0.339253813725778,-0.154475570944776,-0.17195446092757,-0.420666786353635
"AAGTGTTGTTGAGGTC-1_atac",0.36018490815762,0.00673850395882831,-0.0061609747085064,0.0493843874372649,-0.343277688629428,-0.457364746913921,0.0953288290963206,-0.301614398413643,-0.184074597571314,-0.491594821221248,-0.0300980619285067,-0.0355253680664361,-0.0365609690280886,0.296462909993804,0.271514092933142
"AAGTGTTGTTTGCAGA-1_atac",0.33526122055808,-0.343495811729342,-0.199228492023855,0.0540436786790062,0.275263512642892,0.25021207739287,0.163190014689704,0.275492709039304,-0.400359642582487,-0.481305228013227,-0.0138020529692037,0.0167823893827812,-0.274392849717011,0.0620816314633669,-0.120558099101105
"AAGTTACGTAGCTAGC-1_atac",-0.365082337901398,-0.0823443746571194,0.234087743380568,0.413254961002596,0.0449606806889608,-0.152048230117244,0.469897935645867,-0.0893373728809476,-0.149951703400722,0.190828516886194,-0.138189687987006,-0.358073489660405,0.197858403651576,-0.163524151700108,0.329135301593611
"AAGTTAGCACCTCAGG-1_atac",-0.158007452747592,0.0324355951773691,-0.30315093580835,-0.255696179253026,0.165787627252228,0.50995183494159,0.279907230184174,-0.0114177139758695,-0.1380626579647,-0.255887122040983,0.0823728123508681,0.347628107156253,0.369903984914987,0.214698096195089,0.235778263729923
"AAGTTAGCACTAAGAA-1_atac",-0.241589691941653,0.0322329237583758,0.296737153049994,0.487962289466756,-0.106540028646306,-0.126962786758984,-0.344583555367782,-0.114829211324847,0.157373608953613,-0.168945756866596,-0.252584908239812,0.0673946776423064,-0.0543765658968485,-0.00727852975714031,-0.574788079369451
"AAGTTTGTCCAATTAG-1_atac",-0.20197320171111,-0.0189667318985901,0.293667903401012,0.384802586485344,-0.0970878795655772,0.00537204389793186,-0.189586903174266,0.306176216094838,-0.167732603708414,-0.0935928380629211,-0.186014764253649,-0.33872948946694,0.057199045879082,-0.546285036679333,-0.312184495224829
"AATACCGGTTCCATTA-1_atac",-0.526417593845465,0.0235724753066006,-0.127360571752014,-0.470690497810315,0.0527210995958652,-0.0664563540538984,0.216857994174425,-0.0588374235087111,-0.081501563403009,0.0498424370231149,0.256938864166927,0.335441606467083,-0.213098622286658,0.0398298177331417,0.438418225120082
"AATAGAGGTGAGGTAG-1_atac",0.186305594500562,-0.283629288568687,-0.147067545246405,-0.0338275569110504,0.588717244810864,0.252730609685931,0.29736058967106,0.180633537334693,0.332901563951616,0.0229996278818743,0.339947571365111,0.26265083937806,0.0988048415095265,-0.127335254295988,0.093166638790057
"AATCAGGAGCGAAGTA-1_atac",-0.207343362271135,0.0383280716444107,0.227610604084718,0.495909346256792,-0.0750164132351125,-0.0867868797270794,-0.485796087466671,0.0300394308945932,0.301134981974484,-0.334500622102411,-0.274122471109005,0.0130296193785996,0.0597773717833434,-0.342920917895927,-0.0932387134403527
"AATCATCCAATCCTGA-1_atac",0.125657394096777,-0.169861757993714,0.108400802397794,-0.152488689217908,0.0271359522137046,0.107602723997995,-0.235369771429545,0.540847933622691,0.0336472063997575,-0.11269878032194,0.330077781725588,-0.440105563423285,-0.40944965121563,-0.121164051906127,-0.247621490534772
"AATCATGTCATTACTC-1_atac",-0.166442910354402,0.00278529635783998,0.238455654594871,0.371976435204391,-0.279574897727719,-0.044300569217717,-0.622392153425014,0.252420174142434,0.221973192073741,-0.20166364527147,-0.130596274552527,-0.0854801868419573,-0.0725420302756333,-0.127418493359627,-0.33173549648787
"AATCCATCACCTCAGG-1_atac",0.0993062695492512,0.773396059588102,-0.301975761887657,0.0103341502125524,-0.103555881568808,0.0660322884632054,-0.067153990217176,0.0259935981570014,0.308678367644935,-0.0881112520084095,0.214800759174336,0.158616207211406,-0.140005831085903,0.0874783600120245,0.280771694115101
"AATCCCTGTGCAATAT-1_atac",-0.444858023007252,-0.0666225907267066,0.0347630391547886,0.236421249044616,-0.091671932152877,0.0324459504173895,-0.527250260291494,-0.0523621600369253,0.102644915084666,0.149285634391501,0.0564267932633132,0.405983207546319,-0.328458620517918,-0.0647971498727379,0.370750475650921
"AATCCTAAGATGGAGC-1_atac",0.221493656085901,-0.211606624344306,-0.180020372850759,0.0154571871302697,0.436140741214532,0.52875742878287,-0.0509863354901897,0.352813147385879,-0.112105608954957,0.0937230560358695,-0.348160178387107,0.272787149789831,-0.0499986040359997,-0.14666896439191,-0.18879985788795
"AATGAAGGTAGGTTAT-1_atac",0.25575347887266,-0.220044343282714,0.0488213556931092,0.0190833328121047,0.0106021151517991,0.386382147616982,0.0966214771419088,0.0690860142547324,0.0714571096696077,0.299389612172685,0.195296909939214,-0.566781075286847,-0.317567662076032,0.251187717286524,0.319130651255831
"AATGCAACAAGGTATA-1_atac",-0.524612899981486,-0.0204526373251082,0.219922088671605,0.477941131072516,0.00531232769167907,-0.0397481704491236,-0.30590885487668,0.139558962769673,-0.0158409377629677,0.0256091056312846,-0.12021554655912,0.196805444234944,-0.316796095077727,-0.0274417025070839,0.42154565645205
"AATGCATGTGTTTCAC-1_atac",0.319077601771534,-0.173793781821995,-0.125535374592995,-0.0559579120193901,0.290916948775424,-0.279637918867666,-0.180948520720022,-0.458988537293626,0.258767391074406,0.396466860827412,-0.222169157169446,-0.1024096213806,-0.22949009994299,-0.10774996256353,-0.30754308025711
"AATGCGCGTACCGGAT-1_atac",0.154331241902913,-0.335310900635847,-0.133888850399114,-0.0722538733361306,0.172239662538768,0.32398327095204,0.0582447351025089,0.242808038029099,0.342070880622879,-0.0716608055746416,0.460196271675343,0.296871623396305,-0.140704872379801,0.427168429062155,0.138888127429418
"AATGGCGCAAGCCACT-1_atac",-0.648785627441105,-0.0372546133011029,-0.0827504265542027,-0.26471945521297,-0.02966435786849,0.174705558230659,-0.0419517564296438,0.00734602775609626,-0.25772980977626,0.223480132286417,0.144148684489132,0.341505092027701,0.157729170119751,0.370187354851336,0.227727020490256
"AATGGCGCAGTCTATG-1_atac",0.23421641237605,-0.257624878151068,-0.198068958357193,-0.0223336372255445,0.196240249601787,0.468934625830578,-0.129323143206185,0.509532783733281,-0.0549815810886212,-0.0534291555699547,0.149864321482782,-0.225705675186879,-0.404519442860305,0.122149538604428,-0.215516667008133
"AATTCGTCAGGCTAAG-1_atac",-0.141757394710125,0.0250172299325786,0.136470214185997,-0.0606477504260126,0.154003592301416,-0.179419719938423,0.629440696566476,-0.156619427062308,0.499384925757663,-0.224567130516185,0.0392388973365482,-0.358570758497906,-0.136846990487067,-0.145857071491756,-0.102044932662626
"AATTGCCAGTACTGGT-1_atac",-0.628878491016223,-0.0106027390756701,-0.0883379461084417,-0.075990296326582,0.0661566799970961,0.0985003092551073,0.208595756407114,-0.142635524135013,-0.240554271994575,0.269389933729306,0.17521241492316,0.336147301825877,0.175736525659508,0.42660444702559,0.160868997399899
"AATTGGACATCGCTCC-1_atac",-0.190102895355792,0.00268570098549058,-0.000371770935533512,-0.720446968375812,-0.134071846223037,-0.0950773276726278,-0.0682480235465187,0.0695558791834888,0.0941471806756341,0.0854662658444833,0.109216188631343,0.0495330037156407,0.0615969300556159,-0.47163805647279,-0.38924597088408
"ACAAAGGTCCCTGTTA-1_atac",-0.117618953529716,0.01782153749428,0.121315996011896,-0.0480614414202265,0.107220785571294,-0.145864219084797,0.701660350042293,-0.0780714790415211,0.210632876225618,-0.0513432718324371,0.0306615882426796,-0.354279589581109,-0.423797529459057,-0.189332672687652,0.220721371832705
"ACAACACTCCTGAATA-1_atac",0.117303287375606,0.785762230955131,-0.271108856313267,0.0277256255826008,0.175027551219794,0.275073411778297,-0.0678953850205496,0.0371543567681502,0.0499731016361923,-0.185995680039714,-0.235610740306881,0.0472643980226661,-0.0353943566055461,0.0231285572895086,0.292631062964563
"ACACCTTGTACGTTTC-1_atac",0.429062557637039,-0.28960397859434,-0.21556396331124,-0.159472672968412,0.0993224353400139,0.448070296699737,-0.159128649174891,0.437062970311999,0.0476984513082793,0.221813075252359,-0.0199368753887295,-0.1980766269606,-0.277193328559599,0.18533879660015,0.17567861247148
"ACACCTTGTCATCAAG-1_atac",-0.15854009204309,0.0361833088921783,0.220993473216691,0.181909993564506,0.134135449658199,-0.307513729637718,0.593317184510235,-0.0823012837888927,0.0513783575750274,-0.231483232394421,-0.186574022629157,-0.339127933759574,0.17778345772271,0.111899825932245,-0.412432149721573
"ACACGGACATGGTTAT-1_atac",-0.187921770277911,-0.0178103703614042,0.288604746685798,0.485733106423268,-0.0253837836211715,0.0133810747418799,-0.372411877058525,0.178407466123772,0.101605599946454,0.296404592230335,-0.382487040123403,-0.226135786300701,0.116012723067441,-0.277685846179923,-0.295996854167084
"ACACTAATCGTTAGCG-1_atac",-0.107618456325757,0.0214117512680778,0.0754579159647276,-0.739647103272654,-0.325181949616867,-0.0494844081550141,-0.382748533969435,0.0708038393935349,0.18187139938124,-0.0868723752442422,-0.316042010381666,0.0372097309619549,0.0913976019806922,-0.103330068036483,-0.12068422789484
"ACACTTGCACTATGGC-1_atac",0.160729947208031,0.836628768368826,-0.330716724135553,0.059775888336171,0.0659088813688239,0.0706113680488884,-0.0602847691652403,-0.0370775813000343,0.192352970466774,0.0300212244847965,0.0709973057197675,0.244534189280824,-0.051826958883814,-0.0170249964041892,0.203022468475983
"ACAGGAATCAATGACC-1_atac",0.470382153865744,-0.218523757176396,-0.169611416401491,0.00888595611814159,0.0627189273302758,0.0805435326270753,-0.0529064248868237,-0.25124053220557,-0.546745782867865,-0.338578011045205,-0.366585326726753,-0.0618853153333157,-0.151554992566295,-0.182014685751981,-0.133866756515507
"ACAGGAATCAATGTCA-1_atac",-0.106095117835255,-0.0171990914690316,0.478472214048488,0.343561041993982,0.0221431290502588,-0.0957226265509906,0.0283924417745101,-0.149946937361297,0.370533348592588,-0.0440159089268304,0.0264001137776366,-0.433886301151362,-0.136993328763494,-0.491074996054569,-0.142920743742574
"ACAGGAATCCAGGTCA-1_atac",0.249383461211647,-0.180003678019769,-0.10902061333909,-0.0352289024192739,0.162641425424182,0.165037321970676,-0.0158179883907486,-0.0439579656048095,-0.601848269994746,-0.534008211180271,0.0477279872496484,0.202022208200116,0.328154438652588,-0.195240676309438,0.0112531196169619
"ACAGGATCAAGCCAGA-1_atac",-0.276903136145823,-0.0103867684777898,0.0811711640305661,-0.270393578664892,0.138544378918141,-0.0837793102871712,0.655702147886932,0.0404055928197083,-0.00368362539309868,0.00331659767932627,0.137992757576065,-0.154002691803772,-0.27752115903187,-0.459432603591825,0.234188335420966
"ACAGGATCACCTGCCT-1_atac",-0.208934298639066,-0.0292655435090571,0.0147772542792731,-0.856341396919806,-0.0909711453512948,-0.113633871570495,-0.143778326106094,-0.0357869382071757,0.167520850109725,-0.130490968859565,-0.0938978062876571,0.00314605655933333,0.0210310300768085,-0.352683265382964,-0.00800622593969508
"ACATAGCTCATGACCG-1_atac",-0.135891397525242,0.0176954696127007,0.387979742830819,0.487969361556075,-0.202417774760028,0.0210627421514551,-0.348114847068088,-0.0356094090508916,0.0707389384836955,-0.337505759165336,-0.195831181094976,-0.124478277787422,0.0758889013167813,-0.16870480858585,-0.470882344711261
"ACATAGCTCTAGCGTG-1_atac",-0.510657292509502,-0.0289562027158795,-0.146293803242116,-0.0779260081900451,0.047143997688388,0.349606797202048,-0.0683977504348971,-0.112713818633893,-0.532010610021091,0.0829267363924292,0.113921173691433,0.419617459038579,0.0159264998052923,0.294387014697831,0.0565672663337121
"ACATCAATCACAGCCA-1_atac",0.254195509251226,0.0166191603857135,-0.0149033823115717,-0.0159480061297869,-0.32869544380418,-0.33234758006103,0.105242859918931,-0.115584386022607,-0.304452699824039,-0.490358912326785,-0.287352406889824,0.256446608246681,0.242593901353548,0.389061681436298,-0.000455393811682219
"ACATCAATCTCAATTC-1_atac",0.298918171694441,-0.286199478230491,-0.134370352310738,-0.0737517288409723,0.296040642299023,0.142920528404414,0.0800773792097874,0.193327758291968,0.161192255524411,-0.335692771110738,0.143621442339667,0.64246226834173,0.243545578990913,-0.146654100577228,0.0225696491569192
"ACATCATCACTATGGC-1_atac",0.309770880045525,-0.170763604191621,-0.0888288403048905,-0.0495639338767681,0.0730976066443109,0.311603179529995,-0.0645876020754159,0.0524366127544829,-0.356220741111123,-0.123055097045437,0.264114549484754,0.418089627791375,-0.127174288343589,-0.465140132166043,-0.368854769616288
"ACCAATATCTATGACA-1_atac",-0.320342765160697,-0.0459792659924185,0.146555594272598,-0.0111043700144483,0.277658568618355,-0.312435240191112,0.628531383033944,-0.25197087400267,0.0458669972024857,0.0160495032565409,-0.34803516679362,-0.298354306112298,0.0321167375330439,-0.132500500604113,0.096542659167886
"ACCACACCAAGTAAGC-1_atac",-0.276903608423196,0.00150653593856662,-0.254497502644564,0.0166110477772554,0.248990160156928,0.00790659099449334,0.0389072692617396,-0.232844744161003,-0.54368057131162,0.0460914547550232,0.0437580670793418,0.355189515918848,0.210838769320332,0.512591790330111,0.0865879614696864
"ACCACATAGCTGCACA-1_atac",-0.397852236138207,-0.0352852403200769,0.252615653433829,0.377529192171177,-0.113012329513506,-0.0301887035964749,-0.113136814726616,-0.119163998941921,0.18540922481149,-0.0587751155028218,-0.088810972687753,0.310720581556531,-0.0174753847070526,0.0339382200365245,-0.670611283387696
"ACCACATAGTTATCCT-1_atac",0.27979298919755,-0.302188573930208,-0.169995977853913,-0.152753699239949,0.100836058203747,0.228258951673603,-0.124133796650717,-0.0777626043545243,0.500695069892603,0.00494976141309285,0.213655832758034,0.493432177388984,0.236568993991713,0.0703969140105835,0.306062977140614
"ACCAGCTCATGTCAGC-1_atac",0.361278178520327,-0.14949400538393,-0.118249647951848,0.017561905001078,0.0490406387941755,-0.118142679040659,-0.109724078622169,0.248731374849901,0.103279926598519,0.0664154430058752,0.499390361724737,-0.468509434431424,-0.502301318594798,-0.0752250693712089,0.0251767677868934
"ACCAGGCTCCAGCACA-1_atac",-0.250995312200192,-0.00616646572159242,0.126741915128192,-0.762243797470189,-0.153786731565785,-0.0262603446460121,0.0984507298280288,0.202741279520385,0.16736257292571,-0.239735542448925,-0.256727528153186,0.091714893082907,0.152661670359084,-0.284865572807679,-0.0221288130663891
"ACCAGGCTCCGGAACC-1_atac",0.175343025368153,-0.160049355360691,-0.185724399584451,-0.0507480151415325,0.0491952091448662,0.506859135256293,-0.149796920507688,0.549920693106831,-0.319297250837024,0.30797540932656,-0.0641619152302381,0.15167434653865,0.0284913541505452,-0.113050984516932,-0.291338544820026
"ACCAGGGAGCGCTCAA-1_atac",-0.165564508788377,0.0416002019797768,0.236829242899336,0.450765795536819,-0.220081361068049,-0.286228120836075,-0.325981817607757,-0.0226557084248175,-0.0832599490786826,-0.250393203102701,-0.398219613792658,-0.0186627006910125,0.0582931105813066,-0.338373357684964,0.357756070955583
"ACCAGGGAGGCCAATT-1_atac",-0.302402590098666,-0.0139697350342665,0.130433356642157,-0.128735463395806,0.277447520201574,-0.0996939232193988,0.730951449841148,-0.0524160248348194,0.183707913879583,0.211833636449227,-0.320539269115892,0.00583296887905253,0.170721049714149,-0.0548773630413567,-0.19302755749457
"ACCATAATCGCAGGCT-1_atac",-0.372512564014692,-0.0815923661989077,-0.0724738252059775,-0.861993041770903,-0.0500851176111109,0.0922511718912702,0.18902732786959,-0.0374622655120832,0.0927638922189901,0.0226183784603877,-0.137794116833602,-0.0312418867743858,0.0412262184250435,-0.136358262341396,-0.0936263030681614
"ACCATAATCTGGTCCT-1_atac",-0.150637125156258,0.0620328912832011,0.339841326503716,0.450357721080272,0.0388696439608477,0.0920794894089313,0.195708204996166,0.0450137782137628,0.412391545049229,-0.358476436131812,-0.405676474289637,-0.302158559922601,-0.00261862003694832,0.202055891310907,0.097723949281445
"ACCATTAAGCAAGACA-1_atac",-0.271663374229311,-0.0740721623332298,0.262444697605756,0.615664924004481,-0.0182895593277571,-0.00763298915468089,-0.527389706036257,-0.0410127074105181,0.0801960716166005,-0.000394911197948218,-0.102323380239957,-0.296893155296596,0.0957072948058711,-0.15381178727105,-0.233905868603065
"ACCATTAAGGAGCAAC-1_atac",-0.156774588151762,0.0296392681549472,0.0825844581748025,-0.121847273671365,-0.0011800455488729,0.0878843044616881,0.24550766187057,-0.165876617737739,-0.0816301262802346,0.0395127427769737,-0.293545830726591,0.0504000640409968,0.180921457655094,0.195621161397543,0.830317960455681
"ACCCAACCACCTGCTC-1_atac",0.220532732519917,-0.190904236507005,-0.204852703197429,0.0334349182446163,0.107105689495601,0.413669658598404,0.0444666490324821,0.288591480455689,-0.582967323338592,0.0289788878844599,-0.390110508267608,0.100908906264577,0.0175395435817307,-0.0493828382004685,-0.313330543715305
"ACCCAACCACTAGGTC-1_atac",0.400188208987083,-0.329479967765529,-0.039724510458227,0.0361315178664247,0.126976876053212,0.259384295889979,-0.173646083757032,0.132172430117292,0.33184369213791,-0.265168307627457,0.526543848371833,0.294683455284209,0.107317648673141,0.0353805660395392,0.200232061849298
"ACCCAGGGTGAATCGC-1_atac",0.355125484179286,-0.140180578343441,-0.170022999276578,-0.0347989555579007,-0.00862534225881749,-0.112741999048481,-0.0424912858565417,-0.541752788983432,-0.323965101098085,0.33357621437738,-0.180124962685364,0.186598930945339,0.272554233983524,-0.159178675689409,-0.364575722903269
"ACCCAGGGTGCTCCAC-1_atac",-0.135745867638892,-0.00255192174398019,0.274241485545355,0.473028047494272,-0.162552483064371,-0.0249838266814525,-0.338791066089593,0.29716381482636,0.074812822221702,-0.303077487343282,-0.279533961975028,0.118193506609303,-0.0159775947319057,-0.508826581253229,-0.0612189874571025
"ACCCGTAAGCAGCTAT-1_atac",-0.396430008084798,0.0729679856787969,0.013911252525132,0.0654773235827982,0.291262264473509,0.0964232482431026,0.621373864980744,-0.242307309981131,0.172318200142781,-0.116243396790423,0.176755777776256,-0.0859857588676365,0.176749730671694,0.42270204547638,0.0482589390735653
"ACCGAAGCAAAGGCCA-1_atac",-0.0813476738180704,-0.0722060191709203,0.117263294200328,-0.0865358084605515,0.0515984575233672,-0.22837655836721,0.538245006772109,0.000308340842507125,0.32314642549993,0.113451225542242,-0.144794994566464,-0.245071418327531,-0.355441919158635,-0.38321243757075,0.388448929977341
"ACCGAAGCACCTCGCT-1_atac",-0.694966849027463,-0.0380237975422917,-0.133589423170003,-0.312288678742197,-0.0807848597837318,0.0931854435245695,0.248072089307353,-0.110904664334433,-0.0717311076796879,0.0970036663873966,0.0704678622103584,0.417734911532375,-0.207942996252009,-0.125181392420691,0.241291691698259
"ACCGAAGCAGCCAGTT-1_atac",0.27218650391178,-0.180089501071429,-0.167672523000964,-0.00152257879832161,0.397201582821401,-0.0984847676706205,-0.234770185936566,-0.41720713918956,-0.554514090374778,0.154209119390311,-0.14688058558654,-0.268047640553177,-0.200245696439344,-0.0273426760972765,0.0564177949562033
"ACCGAAGCAGGCCAAA-1_atac",-0.0838477638226988,0.0258552519393085,0.222552523733378,0.433151616646149,-0.121423749111936,0.154993018433181,-0.465920857665873,0.197456243431803,0.155868560577135,-0.31949750391761,-0.291842179594238,-0.3030148049247,0.106236237170977,-0.379848957649933,0.0371277745126366
"ACCGAAGCAGTACCGT-1_atac",-0.278484989542867,-0.0233177299698989,0.144707215807526,0.229878416289069,0.210459768995937,-0.150732387807462,0.340476025016494,-0.256910214085798,0.0235136351318766,-0.231829446249438,0.262728876797386,-0.261384126685061,-0.228974925839104,-0.575478948138513,-0.154681403821604
"ACCGCAATCATGTTTC-1_atac",0.3510445966847,-0.274463339683744,-0.134705099957195,0.000750004508336444,0.204656380896819,0.281000393216621,-0.0784017567910411,0.167038344878193,0.445626599415779,0.0430371225436526,0.277762978275493,0.0640472150102552,-0.137687448289656,0.347903287469212,-0.454657378436204
"ACCGGCTAGCCGCTAA-1_atac",-0.0979924586245745,0.605392307765068,-0.291010559904965,0.0641031959396482,0.0176768678770059,-0.00045308597464743,-0.236270601495591,0.0198460829794355,-0.063843210117017,-0.0204443971568806,0.133844993234416,0.0877989390740026,-0.126830812236737,0.299319006795364,0.585470697327349
"ACCTAAATCAATCATG-1_atac",-0.186130217236958,-0.0101174926412124,0.107033383916894,-0.753578150648597,-0.370824741870986,0.119590778325072,-0.302280931780712,0.0650540210228634,0.19496043736555,-0.0625295432109512,-0.297074228504872,0.0577785598189953,0.0543257699623686,0.0416124570557546,0.0174474170036315
"ACCTAAATCCTAAGGT-1_atac",-0.130661916678888,-0.0124856486508731,0.295506325840678,0.551141126115584,-0.0827358905506469,-0.0614889013085073,-0.219518115735753,-0.103182812985228,0.294135374840331,-0.459604840178454,-0.365670777806347,0.21445523001606,-0.00342668404483824,-0.211554996935097,-0.00209376127654865
"ACCTAAGGTTCACCAT-1_atac",0.534845692306666,-0.424539621762265,-0.139684505890834,-0.0897317755267865,0.114037227839964,-0.162772494120695,0.233880157511547,-0.0444675046092654,0.491298580269039,-0.158117000257363,0.276417288616492,0.168604026383912,0.0219771642423542,-0.12398879438638,-0.151329601351022
"ACCTCACTCTAGCTTT-1_atac",-0.291953968065532,-0.0508330835965435,0.00217845708594482,-0.337843212012682,0.153817312038303,-0.0108075680584147,0.582851390472785,-0.173434212655317,-0.0676259524727872,-0.0557762240186603,-0.233306265229213,-0.27594154337073,-0.349180044362253,-0.1905518412791,0.328584608733801
"ACCTGTTGTAGGTTAT-1_atac",0.148658099397829,0.185998583705302,0.0217246432073052,0.036195019642219,-0.522585801208662,-0.453464166090425,0.0716010559748864,0.384361696154661,-0.194333104816593,0.321580566907771,0.388748270852438,-0.0395874586124621,-0.0833871921071554,-0.00186349331936264,-0.0954372281013543
"ACCTGTTGTTAGGCGT-1_atac",-0.0632300346040308,-0.0870109774612754,0.147327783545161,0.0821693900278037,0.293525263362333,-0.228983085925689,0.695671418122263,-0.00619471668403958,0.233785481007604,-0.0807840397071333,-0.397232165872315,-0.128809210420184,-0.195678825231571,-0.238512136963488,-0.0814934173254627
"ACCTTGCTCAGCTAAC-1_atac",-0.541546554010267,-0.0152931668666,0.0395180264456911,0.261982995928419,0.182704389103569,-0.0437615235990401,0.231202253196525,0.016287951688295,-0.215958497709488,0.266718588371219,-0.31005218288784,0.298748936407554,0.0499350734125149,0.275354184624029,0.407194475082514
"ACCTTGCTCCCTGGTT-1_atac",0.180161093511664,0.77870989924922,-0.336531498019511,0.0831068854444746,0.11898681298695,0.01814421282027,0.276219008207645,0.000644134724656111,0.0879270767326925,-0.197166414784839,-0.123112616119174,-0.0269949395084999,-0.0409765121822454,0.171704270959833,-0.237814213063241
"ACGAACAAGGCCTGGT-1_atac",-0.218675113368769,0.00355811778854905,0.331191197529559,0.356684743656258,-0.194347584229866,-0.129168096171167,-0.238880701848623,0.0600697775142321,0.295583566116387,-0.394123123257846,-0.210864164365557,-0.372100612351179,-0.0716973474155523,-0.381695956821771,-0.153855825405398
"ACGAACAAGGTGCGGA-1_atac",0.1890890821776,-0.0757527904391853,-0.0537427974674094,-0.0343256546109616,0.234803666082158,-0.22710263878005,-0.317335433482324,-0.54710498887468,-0.157926989331138,0.366377248611747,-0.244728172811881,-0.35162378619484,-0.308336919950832,0.0963701620600816,-0.0253579646414065
"ACGAACAAGGTTAGCT-1_atac",-0.151285939280604,0.0268647238786093,0.276955572516101,0.466249152425311,0.147329358590163,0.000665449678748599,0.30483723243212,-0.0536241915512546,0.216502193291465,-0.0823319178824748,-0.25718822156234,-0.151609541153216,0.0707744638496298,-0.163851234518774,-0.624620912643635
"ACGACTTAGCCAGTAT-1_atac",0.295315812629696,-0.0864077470961085,0.04518373307289,0.279569393822561,-0.146873763865476,0.234191434304076,-0.443381662186742,0.10640362298558,-0.168768367187591,-0.137248089537355,-0.321161675196157,-0.129701829875819,-0.520749446683122,-0.246860364909508,-0.203440125043667
"ACGAGTAAGGATAAAC-1_atac",0.165821361175143,-0.158908650147779,-0.0932976817249205,-0.0983968398938685,0.073868209082182,0.129161866753798,-0.142714700928497,0.22855562517422,0.374281876428172,0.106182203402594,0.68164827974686,-0.125753341982322,-0.1690683692856,0.157505221918928,0.38588675761866
"ACGATTCAGAACCTGT-1_atac",0.449259322396079,-0.326487567456222,-0.207638406507807,0.155450860419736,0.0175235343491558,0.367648196236833,0.198858476104529,0.252988738270791,-0.101235853895719,-0.190961871341895,0.0894470442499138,-0.0144072693568214,-0.502494323282034,-0.27886672084163,0.00907279076466094
"ACGATTCAGCATTTCT-1_atac",0.309763864576502,-0.0994012342410039,-0.0698053964030513,0.0570164734027384,-0.0579018824739135,-0.134774544357624,0.255031970010988,-0.187694494299517,-0.12495599631812,-0.278448110127093,0.446102267637385,-0.468915368971132,-0.450934613875837,0.171278779578222,-0.139785845799742
"ACGCAAGCATAATCGT-1_atac",0.268021462391516,-0.319556374608737,-0.262299377093796,0.0493115773666645,0.328471975383017,0.518095927365203,0.0144457220322233,0.349003511992918,-0.0997122278439719,-0.148413706014004,0.299514384915875,0.179637222032705,-0.104807015530389,-0.290819546403237,0.0835355704190992
"ACGCACGGTACGGGTT-1_atac",-0.188241180494428,-0.018848494246656,0.0780728777897706,-0.755985965969122,-0.371443564769162,0.167327973880609,-0.395918423709376,0.0495198659082312,0.0914661213876167,0.0377721365929798,-0.133619531896234,-0.07082940847746,0.0786278536998417,-0.0144136829982389,-0.149577356339825
"ACGCACGGTTAATGAC-1_atac",0.386229471318603,-0.187771827804244,-0.0945841004386051,-0.0115231459003677,-0.129723685435193,0.169351910500752,0.139454836554566,0.514072129138728,0.137146683744887,-0.489934295220022,0.00348474901926297,0.193921796452135,-0.356765242865023,0.108688371095947,0.204221100853991
"ACGCACGGTTACGCAA-1_atac",-0.0930936214940888,0.0129578235763184,0.125024878233189,-0.148925424358126,0.0743201180663276,-0.239171170322118,0.251143698957926,-0.249544427641962,0.289544226910737,-0.328932677677125,-0.0629502973721189,-0.240257502543968,-0.428190113961909,-0.504306970494689,0.271831740711814
"ACGCCTAAGGCGGGTA-1_atac",-0.170733635129651,-0.0320575012288835,0.0419241966263618,-0.696071690398842,-0.445613121912575,0.0262443637862393,-0.378952844160879,0.139723529123847,-0.0250622768719238,-0.207417502847582,-0.0340458280181445,-0.0286928953227995,-0.133809400062507,0.168161538103717,-0.17130488893717
"ACGCCTAAGTGAGGGT-1_atac",-0.152907102408586,-0.0110926456987449,0.287231307373708,0.327389447744106,-0.0423465415396303,-0.125668450260891,-0.582654778268328,0.113213346804789,0.432729252618329,-0.126208642138499,-0.147160943588696,-0.381270169359567,-0.0291865878528877,-0.111238926844039,-0.182998870953503
"ACGCCTTTCATTTGCT-1_atac",-0.153937320367203,0.0079088183257937,0.111565392570909,-0.563308704022719,-0.30474815664065,-0.0889997406699879,-0.0296795177366461,0.0177514088408621,0.377064426234178,-0.374655097930419,-0.203218745108448,-0.111534089322263,-0.372550037641624,-0.220350755696661,-0.144426862375593
"ACGCTTGAGCTCATAA-1_atac",0.259112813152232,-0.183156233323608,-0.10766833671212,0.00552693912198594,0.0416002194290574,0.331821446827488,0.115628526757233,0.285724416436362,-0.0249275180549001,-0.00125004703354754,-0.334979033237475,-0.390044160338885,-0.275242688770248,0.502751599784007,-0.295568646824143
"ACGCTTGAGGTCATTA-1_atac",-0.322828690932923,-0.080890986949251,-0.0514414473621327,-0.627129338032244,-0.128626292230167,-0.142263661483692,-0.0149699065900107,-0.0529139057047333,0.00837242595899336,-0.0970003808070597,0.00383215087585828,-0.216668840524138,-0.386570783434082,-0.126115699910207,0.481364539476399
"ACGGGAAGTTTGAGGC-1_atac",-0.163225925665701,-0.0422828535621185,0.22981545947853,0.425979311429736,-0.217997464893401,-0.186037614937621,-0.551765029804899,0.178171455979622,0.072018497533894,-0.269789222963763,-0.148946424410924,0.243656346798229,-0.134182571918157,-0.372052099730491,0.0549478350427475
"ACGGTTAGTGTGCAAC-1_atac",-0.159953924382474,-0.043508669837819,0.219919312093035,0.439375589316917,-0.153690433856039,0.147480255766151,-0.623737924900653,-0.0486631325626409,0.0241008715042034,-0.15114439070298,-0.468818112093891,-0.0301072706766435,-0.128511560675169,-0.153507355557974,-0.100578190548222
"ACGGTTTAGCCGCAGT-1_atac",-0.324385794710061,-0.000864430401655882,0.0635531662913581,-0.0291255084996249,0.294763689602342,-0.14037225539231,0.72675868409458,-0.367625304216284,-0.027405510580025,-0.15948766735154,-0.117543745546809,-0.0873297603910624,-0.060957381056564,-0.129151206357525,0.227910120742966
"ACGTACCCAATGAAGC-1_atac",-0.135816031605522,-0.0407523856590394,0.29193225644336,0.121944505584377,0.245393712464623,-0.18899028988777,0.217396293960792,-0.237429761915411,0.272364684991284,-0.0226595179843363,-0.0720522019549635,-0.598619734219875,0.00518860324796782,-0.284457056239776,-0.40131419079019
"ACGTCCAAGCAGCTAT-1_atac",0.00101030756277459,-0.220795515875619,-0.196339228192092,-0.0612666935523768,0.00587087511844427,0.313420510266015,-0.0568192004915863,0.0380933042469462,-0.322238734846589,0.0316287122893425,0.0668792090033783,0.682312576485489,0.422792378917354,-0.105223459647521,0.203254480748485
"ACGTCCTTCAAAGGCA-1_atac",0.482527678989101,-0.225845034999602,-0.124626554746684,0.0249374383749574,0.19920331680307,-0.188964281134977,0.000449936601769248,-0.0698186446642962,0.0150144937316999,-0.365621146911663,0.0246878090618388,0.17599450772717,0.383190764493294,-0.553845474076621,-0.0259868184517825
"ACGTCCTTCCTAATTC-1_atac",-0.128195237583002,0.0112986698399981,0.199013702090347,0.369869373231269,-0.0643128078300824,0.111126599795169,-0.621973302433394,0.140983522782952,0.343229509809181,-0.207891232086892,-0.239612096607216,0.122786984032711,-0.171747245184742,-0.345186164092975,-0.0406158589332697
"ACGTTGTAGGCGCTAC-1_atac",-0.166417639922659,-0.150683148893782,-0.198213388003871,-0.143111016175649,0.139484334286114,0.309023428816461,0.0873696620021662,0.277510852011771,-0.08072019834844,0.0480953567517975,0.159662457225441,0.207999909121725,-0.241189665598418,0.683932033344196,0.294470542678929
"ACTAACCAGCACAGAA-1_atac",0.316061109376105,-0.178647779824261,-0.0698730129491669,-0.0189939446203076,-0.0536280610259911,0.393876416130073,0.058881312043106,0.364859267827982,-0.248751875602931,0.276140291330608,-0.484779294805651,-0.256097877802308,-0.158274501653377,-0.209233061096225,0.246548389091567
"ACTAACGGTTACGCGG-1_atac",-0.0942384221332573,-0.027701570209508,0.155009645500078,0.0400932336681483,0.347155013253956,-0.1513322441365,0.535343709111964,-0.139469509952644,0.145402251518388,-0.219438225239605,-0.295814738371157,-0.378183569076065,-0.000988671377532277,-0.364356488392577,0.287528874860088
"ACTAACTCAAGGTGCA-1_atac",-0.113960625746817,0.0140370179818445,0.330854257916967,0.421807535483583,-0.0779925077632608,0.0820805934429748,-0.107164672898528,0.0207064402943297,0.495143285197793,-0.337528997035943,0.0532700224438503,-0.394706355033167,0.346685252661789,0.00747506041266206,-0.191642068466597
"ACTAATCCAGGTATTT-1_atac",-0.13535942578237,-0.0398230103573348,0.0976426200920948,-0.0296630411422083,0.168251351560794,-0.260058626784635,0.809487037765451,0.0142398008537194,0.000263800104609772,0.0943395152339593,-0.140136167953606,-0.346612012674682,-0.207197846627196,-0.140001194318389,0.0840095520890371
"ACTAGGCGTACTGAAT-1_atac",-0.261394367789869,-0.00778782105343927,0.0275129210718556,-0.14561087025385,0.254063228352545,-0.0302784772050388,0.795977555925447,-0.112331214927546,-0.260258173429869,-0.0911247591572832,-0.295701297039712,-0.125304064751599,0.0280642325931786,-0.0331039890237161,-0.130105675813828
"ACTATCCGTAGGATTT-1_atac",0.415055086250219,-0.112602165930967,-0.149826232868187,-0.00577420353892882,0.230896769531372,-0.373574095841928,-0.0475390653401441,-0.244886692381717,0.304109859697249,0.15101833224337,-0.10182393599475,0.0842221557694768,0.52647026669606,-0.314267158881106,-0.169654915199927
"ACTATCCGTTCACTGT-1_atac",-0.109657937283035,-0.00235615880552684,0.320011616812076,0.239941384082509,-0.0925483314188205,-0.205261972325092,0.394667521815683,-0.302265107386238,0.216776010064712,-0.130811111938347,-0.479040162971089,-0.108541280618951,-0.262022764609772,-0.309222367544449,-0.246023350758477
"ACTATGTCACCGGTAT-1_atac",-0.398861351143672,-0.0977305611188756,0.326222174565164,0.476695111027291,0.113871333240707,-0.135031836167771,0.211262759594464,-0.00600434602584458,-0.177600638206835,0.0880360585322986,0.209020887107292,0.117928011151794,-0.014865738384664,-0.185632125963935,-0.538759299812114
"ACTATGTCAGTTTGTG-1_atac",0.36825594926753,-0.127962795830533,-0.0752483975842008,-0.0203746881079048,-0.14175467566868,-0.41865018132931,-0.253474955411835,-0.264580431012402,-0.0377840399315634,-0.44673419757333,0.0681428288884472,0.369834445630809,0.293362108092615,0.14891290217202,-0.248323360568918
"ACTCAGTAGCTTAACA-1_atac",-0.33609962651917,-0.013080266280849,0.280868785869091,0.574172897471827,0.0381225654775898,-0.278536032038056,-0.241631297676452,-0.20072054656871,0.0935444377740768,-0.0963735174632952,-0.0872968292153479,-0.0283475369490089,0.307728419415737,-0.221529359228469,-0.361053057848914
"ACTCAGTAGGAAGCAC-1_atac",-0.138366237783768,0.0456629844458062,0.0900104305940289,-0.685776456727112,-0.446109218433977,0.103574302325814,-0.418682708834422,0.211702128743143,0.0290076586550689,0.0487568118853412,0.0560924715969498,0.00386690849545586,-0.0719945129837978,-0.235330483168802,-0.059839297167645
"ACTCAGTAGGCATGTT-1_atac",0.525276237905292,-0.0726471028247056,-0.123073068063267,0.151541320821963,-0.131180121301313,-0.223220550819193,-0.105542491820014,-0.0882859345288439,0.0154272062089806,-0.595390529227852,0.234849392919288,0.170444152933495,0.0623171098831991,-0.29720546241746,-0.252147618097073
"ACTCGCGCAAGGAATC-1_atac",0.166201048910216,0.841939691002886,-0.341203355514977,0.0856144501230675,0.184486849516454,0.114979899484832,0.0454776529219799,0.104956553767774,-0.0140081546230423,0.0644587430591103,-0.0473468168374638,-0.256847940202196,-0.0518950015815181,-0.0225864575885273,0.0604843077781787
"ACTCGCTTCATGAAGG-1_atac",-0.258704154086329,-0.114755142192177,0.069210289344613,-0.102485985167428,0.100963471204146,-0.117637626413799,0.634530216781111,-0.0998011040375444,0.0522656716517497,0.198380436176227,0.0586022921600738,-0.0585240814302779,-0.427743216187455,-0.477075478196803,-0.0920750841179124
"ACTGAAACATAAAGCA-1_atac",-0.24641450046942,-0.0291360033604973,0.394078067537301,0.539381613235641,-0.0439656857928718,-0.0738146602856329,-0.2899007364674,0.00899003809037227,0.442658206927963,0.0640526736309892,0.184641909132709,0.0296035669836151,0.202643730761511,-0.158010307506453,-0.315668050370844
"ACTTACTTCAGGGCCT-1_atac",0.272468811737399,-0.226148923715652,-0.257932180036753,0.0121433333425245,0.106227346796231,0.0262386779151948,0.18959525662817,-0.0836767382157262,-0.098354220994746,-0.0442275248933756,0.321018556852882,0.225292482728568,0.688502842255078,-0.316376391580213,0.115976882622487
"ACTTACTTCATAGCCG-1_atac",-0.218122817481154,-0.0618493099971466,0.102990659157534,-0.0129078023982142,0.194767121988293,-0.319391752703722,0.790708084154665,-0.265992457950041,-0.0249526854673664,-0.0416588443843063,-0.233422093332792,-0.116742524500692,-0.0869574555798887,-0.123417211306889,-0.0929550049006359
"ACTTAGGGTAGGTTTG-1_atac",-0.178064059658868,0.000346421218708981,0.196920064295353,0.361468892401049,-0.329652838786113,0.0384069998257278,-0.506188812386102,0.162605345491917,0.245523205374529,-0.293195240920806,-0.139824136884575,-0.258865465488793,-0.346876039832477,0.0389060863230396,-0.22671173792855
"ACTTAGGGTAGTAAGA-1_atac",-0.266382224287246,0.023739661305299,0.0651280902054265,0.0597674283780011,0.272605706145547,0.0203918762239085,0.54854578244676,-0.0946376298649406,-0.302445999456789,-0.111957525560184,-0.0535495965002641,-0.0336407953702575,0.485817990163724,0.226285244723684,-0.375290827637315
"ACTTAGGGTAGTTGGC-1_atac",-0.0897456791731174,-0.00841921037940177,0.0919838568146115,-0.0982357215882955,0.156927804173875,-0.267222778306423,0.647828201096997,0.086364760812514,0.231230253799985,-0.212194921972725,-0.243425335708323,-0.284483283457876,-0.230069963370525,-0.326256002740976,0.229200848287113
"ACTTCGCTCGTAACGT-1_atac",0.366450705265284,-0.190739192080646,-0.16021671262395,0.054982916964744,0.159935321769138,-0.343572890346807,-0.153799499237219,-0.0012430248986463,0.230241958856379,0.126475349994635,0.125852590320523,0.544926874953181,0.329077427869486,-0.0580242822652857,0.374048309272124
"ACTTCGCTCTAAGGTC-1_atac",-0.546991070160852,-0.0390918155875615,0.0969306730445568,0.318470403973235,0.114574611345152,-0.108915384136205,-0.152255485175608,-0.327791737051944,-0.310610101831802,0.159386360002649,-0.0275910821681833,-0.230245640601524,0.182382088584788,-0.333187466022345,-0.336006701905741
"ACTTGAATCCAAGTTA-1_atac",0.439292036528604,-0.322157278198489,-0.0998024862947943,-0.174764507133611,0.223289081688343,-0.232836640849145,-0.222011619783397,-0.566922748629164,0.153466191929449,-0.00461973329746787,0.0659649355317445,0.186185157801729,0.246250303447003,0.200827426135415,0.156243979802233
"ACTTGCACAACCTAAT-1_atac",-0.288205079907978,-0.0548469426766157,0.207059419798403,0.632398070081496,-0.205630867291619,-0.0812864541415672,-0.445936155388836,-0.196741960537326,0.0811055709254613,-0.139641348423456,-0.107310650955867,-0.165210496903828,-0.0501447778547326,0.314752722138544,-0.134903849963524
"ACTTGTCGTACCGTAA-1_atac",-0.581887710503205,-0.0464153164434247,-0.116357362607174,-0.324823362020038,0.0366276121183379,-0.0591533279876436,0.333999548613016,0.024290587214298,-0.170945243748449,0.136898163241395,-0.0400646257472129,0.195038833800729,0.0897083987780345,0.165609586777027,0.547844679362685
"AGAAACCCATAATGTC-1_atac",-0.205814347393857,-0.0183065524018679,0.0109095173477489,-0.493649216937908,0.0216717541161242,-0.149565010292175,0.318357719084928,0.0872917008053571,0.199316097406964,-0.189593559515821,-0.414389450267955,0.0262883077954835,-0.240562510003318,-0.356351754946099,0.385676952183299
"AGAAAGGCATCCATCT-1_atac",0.334954617947616,-0.135110445593861,-0.181700396344265,-0.107340722773623,0.0470223994067884,-0.0147950508020728,0.00214687305600666,-0.148514190267774,0.277436998026677,-0.0858858956755405,0.0128998036716623,-0.330841052229989,-0.200403620970981,0.0139546355826537,0.752460104180127
"AGAACAAGTCCTTCAG-1_atac",-0.166827576342771,0.0138800441248137,0.366701605673047,0.501685934006257,-0.184957635661817,-0.0757590901456087,-0.174093631548851,-0.187991757338398,0.187522266339974,0.0423581594626944,-0.0560188394459726,-0.0279734596351981,0.259631401647318,-0.100409163659266,-0.601538773754557
"AGAACCAAGCCGGTAC-1_atac",0.286015881827413,-0.269341558565446,-0.197734833874813,0.0244793896235644,-0.0210801578575309,0.582629562138262,-0.195163626172538,0.107221451557199,0.182513841002459,0.0574181156032521,0.246675738812612,-0.468417801317929,-0.274242160339138,0.020152224548419,-0.154847348093906
"AGAACCAAGGACACTT-1_atac",-0.296552994909353,0.0253141882840215,0.328317234062173,-0.111025211041291,-0.115306875559022,0.036051111629706,-0.018475963654707,-0.0994726243295704,-0.144162112689319,-0.0987957383615889,0.529168224997177,0.338956052391073,0.384960820192052,-0.286415048511552,0.332841171489403
"AGAACCGCACCTAATG-1_atac",-0.119480151036734,-0.0151241057733775,0.148209051337948,-0.131121926594808,-0.041093150046828,-0.101477568988717,0.236500368408745,0.0738186163908019,0.0420548444136104,-0.135180127394739,0.0577001922545639,-0.418138288673295,-0.286100788119317,-0.740915594408189,-0.209638068123899
"AGAAGGTGTAACGGGA-1_atac",0.407912693699542,-0.155142671688555,-0.078987190979155,-0.00414377723505275,0.144394173310519,-0.282255864758256,-0.00819290159840374,-0.162394944072828,0.326296814549011,-0.177526984967756,0.279945674789615,0.490450416391815,0.278913173512667,-0.37332039359278,-0.0476155285387776
"AGAATCTGTACTAAAC-1_atac",-0.596872692440753,0.0304823241546399,-0.085205798521104,-0.0708789398420229,0.0755394633230441,0.140138642230913,0.0399639604061644,-0.0519570398494914,-0.219418167368884,0.278698314821958,0.261744239223155,0.288344016988942,0.140610213642225,0.465950574571503,0.294172893297824
"AGACAATAGGCCTTAG-1_atac",-0.194239007388238,-0.0502665240170772,-0.00326300000711274,-0.812057860691073,-0.206254462000316,-0.185353545242884,-0.0474001829264994,0.0555199070658715,0.22485599842044,-0.145046451745692,-0.285606624743918,-0.0489124607044102,-0.0812841639403648,-0.23641110456404,-0.00319363014984521
"AGACCCGGTAAGCACC-1_atac",0.275621166842203,-0.150570559793986,0.0993763599077544,0.0133668312109874,-0.0902996592191762,0.401099410677697,0.0544353045043258,0.0154510326072325,-0.618511542135796,0.11962917179393,-0.0338728553367772,-0.163986651465586,-0.170189740139443,-0.0107535868219739,0.514862697595576
"AGACTATGTATGGTGC-1_atac",-0.619314859515099,-0.0326375586338346,-0.0522513638501277,-0.0218888307427931,0.0634207735762611,0.112045114976601,-0.0487377860069796,-0.0518242011811067,-0.297023356233819,0.278518247313569,0.371662557719749,0.341261573248997,0.0883948534952416,0.341439456980816,0.213903687113353
"AGAGAAGCATAGCTGC-1_atac",-0.464881350708464,0.0605079266035569,0.0119540234106754,-0.463977480504704,0.0488751072250668,-0.127469741325891,0.333221531757735,-0.000454619671574551,-0.189397470220026,0.0575323075908674,0.10031625416889,0.0767477309936348,0.00770454049354398,0.132502365550279,-0.60198076588724
"AGAGATTAGTCATGCG-1_atac",0.459880602923352,-0.260365788690159,-0.164733557938005,-0.000788360475817733,0.330574362988348,-0.175622390020577,-0.0578759848091946,0.062847661524811,0.0684877727629354,-0.344887181246499,0.56116425779914,-0.0715694482564961,-0.215436861326723,0.0128056290543863,0.236468498278351
"AGAGGAACACGAATCC-1_atac",-0.133377298654402,-0.0273223027192339,0.0806111030705515,-0.085962902670681,0.0877134494579958,-0.196909312112864,0.656050720279784,0.0102438474056788,0.249167116978788,-0.105413844676445,-0.109359289250501,-0.52352278024346,-0.227457040607705,-0.0581577082333274,0.276135648261685
"AGAGGAACACTTACAG-1_atac",0.324943123013813,-0.149151031467571,-0.0504379110797167,0.0292960589552205,0.0550107669784011,-0.0666410662001799,0.0882006675729076,-0.0159605976266527,-0.0979527030293574,0.104632154864148,-0.672949976923222,0.396204712338032,-0.344747550589255,-0.121052692249128,-0.298956998126633
"AGAGGAACAGCTTAAT-1_atac",-0.272781962058631,0.0577945085541295,-0.0372043912859072,-0.205189066932871,0.340462644280292,-0.129926190747241,0.782219051410692,0.0889142802885818,0.00538217968957377,-0.118551493644751,-0.139881389260115,0.062546575567385,0.116694108337178,0.262526463332631,-0.0780710872505904
"AGAGGATGTTAACAGT-1_atac",0.337054623767035,-0.109736561230901,-0.0756386856286988,-0.0533436880299157,-0.102565593564982,-0.167575702038112,-0.308975499130455,-0.00531496122196612,0.134658442220066,-0.266629922340119,0.465405692022265,-0.567494044183149,-0.100145388855932,0.281882579250921,-0.119693925681473
"AGATGAAGTAATAACC-1_atac",-0.514942237632784,-0.0579142584691673,0.0115985810475306,-0.152057804472141,0.161752042447647,-0.000905911043160413,0.573989633234107,-0.149675633029467,0.255379563326417,0.160200976356747,0.137105522040472,0.117022808838677,0.301983403227665,0.339950861625294,-0.0075491186923983
"AGATGAAGTACGTTTC-1_atac",0.29864728558733,-0.223328690403555,-0.162573643005528,0.0245567448063414,0.0111361689545242,-0.269075437337357,-0.110537651720474,-0.151816702686642,0.135292753104046,0.259249812297805,0.298514974377079,0.546547798996907,0.103742094204371,0.272410516717795,0.409631774128413
"AGATGAAGTGTAACCA-1_atac",0.204698182582841,-0.207631565607915,0.0479680932235585,-0.224601938987891,-0.177292540916695,0.503298579780222,0.0609938883092411,-0.0461682586826906,-0.295185425692551,0.215692862014439,-0.228415078947128,-0.227906329620013,0.531609704673711,-0.186596530375112,0.128246704299345
"AGATGAAGTGTCCAAA-1_atac",-0.296259723697053,-0.0305424573672954,0.196892517701081,0.0939682268594491,0.360154193218619,-0.200286231276913,0.696099272416075,-0.21385016637344,0.0283462355060952,0.13762323564358,-0.32411712073909,0.0543271531432239,-0.165477735154883,-0.015286533574133,0.0906937961329805
"AGATGAAGTGTCCAGG-1_atac",-0.315769000161355,-0.0441219759630153,-0.0873157197728399,-0.628579564975381,-0.0208987288424818,-0.259104859230434,0.126581436655962,0.186419165935968,0.245758483762519,0.0108301041434411,-0.226189280863155,0.158115548173948,-0.171273454180115,-0.433737871975037,0.152052807704937
"AGATGAAGTTGGTTCT-1_atac",-0.0817727590254757,-0.0407322396018534,0.0973925335137903,0.0325690838284022,0.23852667837353,-0.256839182695994,0.753469269635348,-0.156749065985945,0.179926823659064,-0.0395195353935824,-0.322263220194873,-0.105137583529714,-0.115768676575801,-0.0730738813364199,0.313648479952149
"AGATGCTTCGTTCACC-1_atac",0.469485904863628,-0.223677542809656,-0.162662566447506,0.0735835631089808,-0.122687837752032,0.23636739967722,-0.0320568302609767,0.390724033754203,-0.284674197629936,-0.25756185566547,-0.498971806838709,-0.258321514237777,0.0687376997521055,-0.0171566415195493,-0.0704508897631752
"AGCAAATAGCCAGTAT-1_atac",-0.218508381096931,-0.0385260494164757,0.234399122676926,0.409027944120589,0.0746382973051929,0.0289002444900173,-0.23056419331218,-0.123387448260254,-0.148513290253461,-0.0980357227983548,-0.173039635795131,-0.313267643520473,-0.108235042363224,-0.68161963978572,0.132913219225877
"AGCAAATAGGTGTTAC-1_atac",-0.228208178075718,-0.0122180683277834,0.230102533942491,0.348278295309296,-0.00197996413014451,-0.0315059644129407,-0.535258394269993,0.0787656761635838,0.369855224412423,0.281210436107781,-0.120301772400515,-0.166213768821158,0.007785525244752,-0.00062175949415251,-0.470947918509165
"AGCAATTGTGGGTACT-1_atac",-0.225340344751387,-0.0234447030390935,0.0359979631094382,-0.0865207957186501,0.31706088665921,-0.231403313687691,0.655157747849397,-0.0496675935621202,-0.26000110225232,-0.126048930063265,-0.0304520748241095,0.116774826548806,-0.38584445213943,-0.255973954881762,0.204121355793813
"AGCACAGCAAGGGTTG-1_atac",-0.209616382385009,-0.0258468111582295,0.324654188036157,0.511668691849093,-0.0372918782738745,0.319479562408096,-0.241932976906873,0.25886063178101,0.233429144874453,-0.427123257304303,0.0395268417023636,-0.152726624613918,0.0610044717559565,-0.300311513799843,-0.0589038962640877
"AGCACAGCATACTCCT-1_atac",-0.51460851484032,-0.0182343186110578,0.0616556038408719,0.370202803701951,-0.281479902456164,0.134117406850238,-0.222459325817774,0.163831885924285,-0.0818735905674587,0.239118948637723,0.281863738045657,0.439514204756226,0.0316195758378553,0.28483574125628,0.0425951572168257
"AGCACAGCATTCCTGT-1_atac",-0.277940418640766,0.0070578264353985,0.210151609113378,0.492263975871956,-0.0304936018447912,0.121129351504754,-0.258870618195295,-0.159802478635451,0.253174330578163,-0.295759882118863,-0.113708140344549,-0.0242821050866074,0.128189468575814,0.287987196711093,-0.513419228953626
"AGCACTTAGTTAGCCG-1_atac",-0.180022218539514,-0.0495789166054555,0.0899027523928556,0.018849696242942,0.260496488192602,-0.242972416605896,0.760576645265925,0.0176382870664248,0.164269226720023,-0.0482598847166614,-0.0901568008220831,0.148245976720631,0.0322983884105609,-0.345096639877006,-0.267321468312553
"AGCCAGTGTAATGACT-1_atac",0.285684059916134,-0.0132636555267151,0.0183211532682382,-0.00327293485169733,-0.303924780707595,-0.37831313651918,0.0639299243719444,-0.0533719976300738,-0.139091410012415,-0.309933699008216,-0.482827562693871,0.101153038619843,0.19152407427411,0.520375573310957,0.095935867513483
"AGCCGGTTCCTTCTAG-1_atac",0.122481203068725,0.745075739802196,-0.22490042546205,0.0284714190533602,0.0105134863940657,0.208700492999678,-0.268092338632598,-0.184911902607541,0.108410727180681,0.0188774735606296,0.0541059036031848,0.017457773643941,-0.273467901304951,-0.13935955890688,0.345239168836866
"AGCCGGTTCTGCAACG-1_atac",-0.152912778772612,-0.0030566279680414,0.291398920627859,0.602603288360063,0.00999830242287428,0.218031033131702,-0.345870571070787,0.0323843363197837,0.224588118613881,-0.214863244589453,0.0946538638344377,-0.0803444449148574,0.199822763520747,0.0577472073528719,-0.452732915694143
"AGCCTAAGTGCTTACT-1_atac",-0.204849977675418,-0.140424457543467,-0.246240167452807,-0.0567971721138595,0.192775458044377,-0.0290569509402597,-0.147337633599008,-0.177838367265453,-0.159049308725888,0.28646512837325,0.0154945045853267,0.130720597014313,0.398055878292269,0.669318142685055,0.228021068911875
"AGCCTAGTCTTTGACT-1_atac",-0.622069173261395,-0.060166962119076,-0.144370481679507,-0.472469107566716,-0.0867051011129018,0.0317579735677181,-0.0497715120351353,-0.0489241318293914,-0.0927693783889352,0.118115004177897,0.199020414352387,0.364361170834646,0.0469166620635821,0.388371185379539,-0.0631190819042396
"AGCCTGGGTAACCAGC-1_atac",-0.42486162167701,0.0718518131783435,-0.0620810879170318,-0.0159948577448275,0.236776110043916,-0.000504042375601189,0.0601526289767528,-0.199623825654867,0.0912244944219337,-0.00628259369971758,0.0894339450634005,0.477899114184405,0.305765222867772,0.507417988231245,-0.339081217409022
"AGCCTGGGTAGCTGGT-1_atac",0.476188525801207,-0.233834412144699,-0.203173333146769,0.0229067469889914,0.143908630065776,-0.0180872431181257,0.0524314380271491,-0.0799579158915309,0.386229935366343,-0.0543883981296268,0.496644189465021,-0.336250998497375,0.299260210900151,-0.0508692628014337,-0.206364884571686
"AGCCTGGGTTAGTTGG-1_atac",-0.355926302287687,-0.0896106554685243,0.234186041856046,0.473056354272361,-0.153878470864713,-0.0336569231116239,-0.444010007151156,0.305573630609501,0.268573242367723,-0.185754893584351,-0.1683554113836,-0.00158824518376549,-0.267527177116872,0.146149674729211,0.208366088446474
"AGCGATTTCGTTCACC-1_atac",0.336279051789983,-0.0930403865430227,-0.0342888097139657,-0.00562734905959344,-0.0885162767363537,0.144716050333796,0.0507784204002535,0.0725368977755016,0.437779463501164,0.000466681483211112,-0.345988540005024,-0.666659489131386,0.0359480965089684,0.101130070023291,-0.270408954839075
"AGCGATTTCTGCAACG-1_atac",-0.599923857922856,-0.0400004279126084,-0.140921326425924,-0.4978931769198,-0.0506185132116517,0.212899104347277,0.0882248957001075,-0.0727380240043403,-0.331867826833081,0.0254755558267267,0.200263977573956,0.091614360746756,0.118760895878855,0.351812796080319,0.112301716868794
"AGCGCTCAGGTCCTAG-1_atac",-0.180455690772017,0.0180007981691592,0.057421413338466,-0.692750792250143,-0.188027854204914,0.130066321783929,-0.204695956152939,0.171989578385557,0.231384712099584,-0.0617031216496865,-0.284922101249775,-0.0978764909206443,-0.32679482076719,-0.297018318024407,0.130525694442932
"AGCGGATAGTTACTTC-1_atac",-0.382325523172699,-0.116469184341512,-0.197676794222847,-0.0450955192156736,0.0462212342136007,0.0617270049187182,-0.0348937984129918,-0.295413832061591,0.0120677625610437,0.510882371637232,0.374997555095321,0.2662210581343,0.0881144191544386,0.386501902455961,0.273729336211887
"AGCTACGTCCGCTAGA-1_atac",-0.111885938591446,0.0457351382070747,0.157699400639791,0.276247125788273,-0.0576100028639959,-0.129306098564809,-0.0476987293414982,-0.0544526517673497,0.567152235464558,-0.0655321609277688,0.129636688300113,-0.314789908539036,0.130762325868688,0.314190584532613,-0.548871596763442
"AGCTAGTTCCGTTATT-1_atac",-0.0371395578032895,-0.18917062754499,-0.213398253285368,-0.0478386062520914,0.161009614640005,-0.315220555085964,-0.250030407614223,-0.510406651340366,0.111124759841734,0.406880245405967,0.295521014529164,0.117305543868036,0.0243356245958631,0.416207175297325,0.117793840892049
"AGCTATATCGCACAAT-1_atac",0.243336928885293,-0.207816448100388,-0.134628646269138,0.00578753941803904,0.176937245341547,-0.148340250172047,0.0198388614646893,-0.0966171646466903,0.234585790407813,-0.00673822274186198,0.243583950924997,0.311009837574084,0.447539307777246,-0.623122809417658,0.129195181205556
"AGCTATATCGGCCAGT-1_atac",0.262972402776631,-0.191571041690072,-0.0154814758681345,-0.0675037319532324,-0.14853203871271,0.157068415939498,-0.0315454081262486,0.349141563463541,0.0225067820264284,0.0967495902621545,-0.335993933078083,-0.472408812708638,-0.542627905762229,-0.225099283940385,0.169347701295179
"AGCTGCTCATGAAATG-1_atac",-0.385073013991295,-0.142906487203679,-0.166019754168124,0.00609254774535884,0.0853422474637794,0.417275328032193,0.038300019239974,0.135021617473119,-0.245048884451104,0.245614441315707,0.465423955467975,0.264607713856124,0.223961836098623,0.311574911830858,0.21987988728635
"AGCTTCCTCAATGAGG-1_atac",0.281685482125076,-0.24160362786217,0.00392313052355676,-0.126992077936629,0.292723487172735,0.64833185867592,-0.0381070297875572,0.347903991952229,-0.18171560414679,-0.048495147142465,-0.256315976380856,0.00514395521799688,-0.232709465402465,0.160232921532119,-0.191580428434092
"AGGAAACGTCAAACTG-1_atac",-0.626793671661918,-0.0443952388353915,-0.121152130899794,-0.260195217848963,0.0374320691252178,0.116048632132337,0.00404996709994748,-0.00587452740950036,-0.177786306484692,0.262625438271149,0.206989690952502,0.317254034506675,0.17035172948868,0.445337511300596,0.190892251578117
"AGGAAACGTGGTTATG-1_atac",0.211147751372236,-0.173089561930386,-0.0835537294450081,-0.0238383126038825,0.385352057269788,0.303481845828187,-0.0233385991129517,0.193342235735804,0.16190141760104,0.223302659286693,0.258649020474991,-0.374644672865561,-0.332355152670613,-0.0659751261695403,-0.491158866892643
"AGGAACGGTTGGTTCT-1_atac",0.393347205020563,-0.141759770346425,-0.0503541353373681,0.0387474664851625,-0.0451689106282956,0.205209433924767,0.19047219435435,0.428138821433218,0.204000163104878,0.259523507632485,-0.124325197006693,-0.458452485521341,0.365626050481269,0.0640154666151991,-0.291594318876695
"AGGACTAAGGCGGATG-1_atac",0.408132576859121,-0.242300908316926,0.0135706882341435,-0.00724235231326481,-0.250190487717346,0.271356571360407,0.0662884475616164,0.137353751621639,-0.333582531509,-0.355700468962276,-0.0991431206620951,-0.349244466841323,-0.399127623453722,0.0835290302655088,0.281265764565854
"AGGACTAAGTTGCCTC-1_atac",0.144221569515093,-0.152572182527024,-0.207854668669697,-0.0534793295150456,0.340917044652021,-0.215907312295558,-0.332638355075671,-0.592206996775334,-0.284968698072097,0.245430187481694,-0.00893066322110036,-0.295921799019305,-0.0618184094646854,0.229034393484907,0.0170174046777985
"AGGAGCTAGAACCTGT-1_atac",-0.533399681786828,-0.00722872468659709,-0.208015399020743,-0.104590106208869,0.160701199421449,0.342331407871411,0.130975120664074,0.0114741271370255,-0.356657670275042,0.492454664921519,0.131674573042268,0.154558695265961,0.145250342542119,0.220871042374281,0.141762719782264
"AGGAGCTAGATGGAGC-1_atac",-0.121557127380859,-0.0568452416250314,0.259622333828314,0.533000319168705,-0.319066902519084,-0.00235341902644841,-0.351638126329777,0.256227105325336,0.250603698415723,-0.189410752081755,-0.104351343237265,0.105192048473717,-0.0607100963469612,-0.463594073094765,0.0122499635250565
"AGGATGCAGGCTAATC-1_atac",0.387294636875344,-0.16399787315911,-0.155288838116091,0.118074143199567,-0.164035699632668,0.392219116491705,-0.103284981762734,0.491277039857746,0.176752615790741,0.447922007512005,0.117623037421714,-0.225984085919911,-0.0875857491220744,0.056696508647117,0.211238292694832
"AGGATGTCAGCAAATA-1_atac",0.383152335434967,-0.328788773843168,-0.250674991167313,-0.00684674847657144,0.0687596315882019,0.353230550380101,-0.146382661379013,-0.0685234142041315,-0.462731778984537,-0.193351395128199,0.340705621418163,-0.13606383778109,-0.218802698842915,-0.297889546308347,0.0622285935951272
"AGGATTGAGGCTATGT-1_atac",-0.0818238289154132,-0.0636682989778539,0.241836705617087,0.305304402098268,-0.155960379604756,-0.0450452056237336,-0.441003966210959,0.131747308773719,0.28278637164166,-0.21713154516159,-0.413887299703189,0.265824147010853,0.130940106961949,-0.422244931407087,0.186669142798646
"AGGCAATCATGAGTTT-1_atac",-0.145492099382363,-0.000296027251339867,0.063190590571926,-0.0807130847547591,0.305302194353786,-0.157994221738787,0.759396037339681,-0.131541383129057,-0.00311789523453107,-0.0806095697619627,-0.131101293931956,-0.196962151956261,-0.268030836873925,-0.323731379263985,0.130519843693015
"AGGCGGATCGCTAGTG-1_atac",-0.195847167079193,-0.0327555730814625,0.337566286610537,0.473995532894172,-0.27690867247772,0.0403375012378639,-0.217243776438858,-0.164819113643375,0.0998703122585559,-0.0476530182828842,0.250055545231768,-0.60004184629894,0.049321249007552,-0.00965545167106015,-0.178700238423692
"AGGCTAAAGTATTGTG-1_atac",-0.35670281054285,0.0898010516966305,0.243207033015992,0.215524200300071,0.147418662908087,-0.0535711994550102,0.444246765557618,-0.320368476645962,0.305587166668404,-0.192516944618158,-0.211763037898885,-0.329085775133287,-0.0261579050426816,0.246346266301953,-0.299244395419795
"AGGCTAAAGTCTATGA-1_atac",-0.542967146635404,-0.0266047337522491,-0.0436118161081619,-0.144806204397329,0.150016779304415,-0.0116022836458727,0.523208210539501,0.00739053603678582,-0.233197764079496,0.266864419398327,0.240956828013285,-0.00416094156786267,-0.104217442378515,0.215256028607478,0.379862060176611
"AGGCTAGCACAATACT-1_atac",0.13177312531554,0.803829731331091,-0.326695541979153,0.0667719261076758,0.0717250106332927,0.155459291327331,0.0636173756375161,-0.0154135637537945,0.324388620849225,0.0167408954840098,-0.031377488281794,2.94517003038886e-05,-0.0689215494327092,0.0650436139689871,0.276106298580716
"AGGCTAGCACCTGTAA-1_atac",-0.331949191767968,-0.034335331979575,0.190898895700078,0.469027733393449,-0.200457565172319,-0.0762334185317008,-0.390046168771151,0.149661682889372,0.277652910237567,-0.171898111060869,0.263446488518606,0.260705534191955,0.0453872446353641,0.372099644852357,-0.164749320669133
"AGGGCCTTCACGCATG-1_atac",-0.311649076828646,-0.0138621396227899,0.353415885086744,0.559743915632811,-0.0188626454346581,0.154413890706727,-0.114086250134492,0.289426166687606,0.151523670221765,-0.139887796856811,-0.306032649581402,-0.0487157238832196,-0.183885438668602,0.0753313076755416,-0.406740881185383
"AGGGCCTTCAGGAAGC-1_atac",-0.226471821569763,-0.0484689382187095,0.300920541700708,0.60225245199019,-0.135958069353241,0.255036682056374,-0.238817286730886,0.157482846031711,0.168957531773608,-0.195967901489191,0.31887995071296,-0.283734989659419,0.11520979836753,0.105187170056843,-0.232936830491774
"AGGGCTACAGAATGAC-1_atac",0.34346195832225,-0.259127043947129,-0.0733592337452676,-0.054021741830299,-0.0455263394875034,0.478410434566251,-0.0744527060418818,0.291985133710788,0.0927353603066895,-0.218091369653452,0.0323595064778119,-0.484966111278411,-0.314951371537722,-0.1437720325035,0.269391340247468
"AGGTAACCAGGCTAGA-1_atac",-0.163821599726298,0.0791041115063979,0.261819933249725,0.0561812801524397,-0.0484202322323482,-0.221539029463338,0.622250126377474,-0.170662480199546,-0.129235297498932,-0.177770874410418,-0.416981700032854,-0.0985965183886222,-0.352380858882683,-0.0932647713640524,0.250368133228638
"AGGTACGCAGCCAGAA-1_atac",0.29511251742662,-0.00413405867892348,-0.0579348275468044,0.0504656844876238,-0.179470651382326,-0.253456859336022,0.0392714532759839,-0.138505890794729,-0.224271248473873,-0.619656350087024,-0.261866371320428,0.0954649720919884,0.338157093902088,0.327160417385108,-0.237631558728626
"AGGTATTGTGCTAGCG-1_atac",-0.240624972902439,-0.051251904946777,0.0526692122429637,-0.761883439826731,-0.303005820958257,0.0593464538020173,-0.435254763076881,-0.0149375565577644,-0.0618430703270563,0.0994304650947539,-0.166322972912299,-0.0941119458110741,-0.12288859460098,0.00783332521273862,-0.0763788864671992
"AGGTCAAAGGCAAGTA-1_atac",0.268198824145823,-0.10846313964213,-0.112078920616445,-0.0669445432043841,-0.142524422679816,-0.226800877116434,-0.0879316685390149,-0.323507217747518,-0.283645152279839,-0.409480602415639,-0.144138545254551,0.174566231445009,0.0243916695469938,-0.411882667097785,0.495480195378354
"AGGTCATTCAAGCTAC-1_atac",0.0989984850203703,0.700209950072478,-0.262457106339255,0.0797979846460466,-0.145767818643702,0.15583540185143,-0.0570771670614905,0.133813059079565,0.151235898647635,0.00201420731804572,0.111029079759303,0.321605554516876,-0.0818918685983756,-0.0818545312495764,0.453780587742009
"AGGTCATTCTTGCAAA-1_atac",-0.213044835710164,-0.0324712113377264,0.256098710678393,0.433242749410263,-0.105470936244477,-0.124194503220485,-0.381791097213852,0.226036443299735,0.173970475679973,-0.286874577574401,-0.308296216011656,0.397114278791858,-0.267229892207982,-0.183471577486932,0.080521353196814
"AGGTCCGGTTAGCGTA-1_atac",-0.297469814534239,-0.031089962813189,0.243871298809891,0.337379609312059,0.0193971757211085,-0.0407146077306818,0.471590725872973,0.174320989906016,0.27210111434168,0.28929014347106,-0.368188546834579,-0.00394908552846494,0.217834715316106,0.133578178883048,-0.351889278932889
"AGGTCTTAGCAGCTCA-1_atac",-0.221503129523054,0.0417062236588192,0.0375416036550352,-0.840216467016249,-0.0669314318415177,0.00632423842688552,0.00811401950328082,-0.0536036934355838,0.189387737740371,0.0292337427290149,-0.0772801396843849,-0.163441864183856,-0.0770650304153141,-0.127078133759918,-0.377980428562342
"AGGTCTTAGTGGACAA-1_atac",0.00149917172844195,-0.252261029288713,-0.349823109911534,-0.0966338676191762,0.173385924746117,-0.055084550519594,-0.190830865003747,-0.339955719832558,-0.465803747923034,0.0484351623076,0.01444432467481,0.284724979006881,0.427521812602146,0.2240113893497,-0.293278816784389
"AGGTGAATCTAATCTC-1_atac",0.278924380193264,-0.134567992702088,-0.00938826564243344,-0.00355430633708129,0.211520145468682,0.348690506486185,-0.00690583895789071,0.444816080129926,0.142028269703671,0.345272003485246,-0.491410430065625,0.0194147199154062,0.105814910501618,0.177511154303856,-0.340299959951379
"AGGTTAACAGCAAGTG-1_atac",0.116306753576229,0.751985244383402,-0.260512251006368,0.0154981844895784,0.048364285973072,0.228063494747583,-0.234587691810012,0.0104457342137474,0.0881752916173706,-0.0861587839340948,0.0977395535866724,0.00184747600313319,-0.0718509409656587,-0.0465952103443769,0.459677301376449
"AGGTTAACAGGTCCTG-1_atac",-0.265364955220517,0.0150145251792031,0.165898676906299,0.386814624055379,-0.119988690983526,0.0973963159253667,-0.478494833396477,0.265020305987497,-0.0594565937026534,0.0240345159111387,-0.320115209072688,0.339265640843326,-0.200487567027483,-0.354137161513359,0.204537584262306
"AGGTTAACATGAGCAG-1_atac",-0.336757999023708,-0.0292933242361046,0.2219621261903,0.329073056689348,-0.041164612788375,0.0367206194832435,-0.680296087889502,0.0491058472065652,0.145496178487689,-0.0183791218842744,-0.346592903269635,0.336609569302116,0.059864387364402,-0.0348977203487491,-0.0134699628666323
"AGGTTTATCACTCAAA-1_atac",0.278351938326912,-0.0729808200680811,0.00202667693321068,-0.0311665297845011,-0.239225341999046,-0.1741169039375,0.0352376567344972,-0.0546656002326912,0.398828457456358,0.112770962868856,0.0310713194931012,-0.394935646865546,-0.498979950997582,0.15114031707937,0.473178243364405
"AGGTTTATCTTAGTCT-1_atac",0.646147146539851,-0.393981665792598,-0.304311714214011,-0.0232335085836666,0.206991541038787,0.0132426420486908,0.0307149340919635,0.232534653675156,0.196742860909416,-0.365635704508053,-0.0390753719471392,0.0340159425460517,-0.121572295013127,0.171747090020772,-0.129352936291349
"AGTAAACAGCAATAGG-1_atac",0.162258656266861,-0.176471726916845,-0.141011292359856,-0.103668771496445,0.248110494097782,-0.201981272910969,-0.475321387934993,-0.476437065259512,0.00135789800027212,0.462240519218821,0.113418559613461,-0.194193056552857,-0.299729471293347,-0.0502957470435191,-0.00319936460909348
"AGTAAACAGCAGGTTT-1_atac",0.55337527383157,-0.408060021541398,-0.147681239551989,0.110622624624009,0.214322397643548,0.0185512315223865,-0.029723812313811,0.118553388331873,0.325338073727275,0.400158730845442,0.127994747525653,0.231122943672507,-0.291096264690395,0.0907669788345462,0.0570178916935793
"AGTAACACAGCTTAAT-1_atac",0.313679483422892,-0.195993592756492,-0.0473429580858703,-0.117645596968709,0.104674145431398,0.143866927843307,0.019069584455178,0.0274115483759294,0.565319292306859,0.108628082085224,0.153763070729588,-0.400306871199429,-0.257393149423575,0.419258421448081,0.238824091289276
"AGTAACACATCGCTTT-1_atac",-0.108702379602558,-0.051815373968742,0.0782677939730741,0.0787551360068328,0.337679161023889,-0.31129432811128,0.694689415174134,-0.126123699378592,0.158549226501738,-0.186733337093991,-0.161673852664517,-0.363602788690843,-0.199932282898121,-0.0735550184895401,0.00170809508751538
"AGTAACGAGACACCGC-1_atac",0.468455902246999,-0.257476922280194,-0.141335904109968,-0.0471284484943019,0.148443782971494,0.191445693328992,-0.0347173897486329,-0.00480546487343282,-0.0983288819448106,0.0843618686330809,-0.530981452857104,0.406207117055311,-0.132926795430038,-0.382748605912777,0.0651561697340228
"AGTAACGAGAGAGCCG-1_atac",0.144731838399395,-0.345407623172087,-0.244989245388405,-0.155008644675629,0.211001954456977,-0.355996675596602,-0.246570563694058,-0.133862990815668,-0.140659336696358,0.232833583061813,-0.109351935319543,0.47383149958438,0.256967607345578,-0.358393575304924,0.144146069368665
"AGTAATGCAACCTGGT-1_atac",-0.129379315966937,-0.0460852169621726,0.137850941610943,-0.122158966113506,0.234549662987991,-0.147823118813046,0.59663644197048,-0.0367704061766588,0.0903785963640112,-0.279727813891698,-0.168347674345134,-0.190567933511024,-0.378476640428577,-0.350596461881347,0.309489355281066
"AGTACGCGTTAACGAT-1_atac",-0.152833190747177,-0.0718386542153,0.286194859503402,0.429508828436804,0.036952975010041,0.156079968406036,-0.250179325112838,0.014805433696908,0.189559092110103,0.00446421547134187,-0.210949550918301,-0.394017327072726,0.206898951641376,-0.274648333223285,-0.512464329445938
"AGTAGCTTCATAGACC-1_atac",-0.488985821447584,-0.0202023369573171,0.013203637001738,-0.0262366714312264,-0.193767337255215,0.218893330730374,-0.00354093154686225,-0.0272221070419935,-0.190181043113292,0.347044832019051,0.11941414990792,0.161363729934431,0.0262238670977087,0.537278841176781,0.432602818997282
"AGTAGCTTCTCCATAT-1_atac",-0.212881074729894,-0.0684185869339699,0.141503378574731,0.312781538451999,-0.114627206145606,-0.126213242000338,-0.588245818235085,0.0115042075854519,0.0390332616606031,-0.0401318864688869,-0.438190498733326,-0.0672946449798521,-0.1939693431181,-0.261786532773572,0.388690672218033
"AGTAGCTTCTGTGAGT-1_atac",0.139998207816753,-0.24136624189079,-0.135707115668923,-0.109357896659597,0.521790699570732,0.127919803809346,-0.0957596894247735,0.264939570625149,0.153963929040362,-0.345960105957949,0.524420670562189,-0.0162172893227786,-0.0900741822169847,0.214590928919709,0.225697612059108
"AGTCAAGAGTCATTAG-1_atac",0.131724630310558,0.769829215843104,-0.176069389541169,0.0177217204618873,-0.110166829250273,0.0636771604316135,-0.36716568454001,0.0880839385841355,-0.179734842244346,0.19662196858428,0.147865962723626,0.105994655594086,0.0805416943261755,-0.0704369763957741,0.290557783520812
"AGTCGCATCATGCTAA-1_atac",0.304240458860772,-0.172448845391928,-0.137540431081323,0.0717558876179215,-0.0128606162925258,0.160249899906876,-0.0677558049693888,-0.0344229921397786,-0.238112354975326,-0.328818948076497,0.128442349555317,0.36292550021236,-0.594278823792879,-0.394020397428764,-0.0236748788916281
"AGTCTTGCAATTATGC-1_atac",-0.18438871479624,0.0334232146767392,0.0179418372877459,-0.581971058404,-0.0205677505059431,-0.0660411804519673,0.241346599596681,0.0297629504629771,-0.0299496227680998,-0.422822549476906,-0.0802733996025524,-0.259892519105433,-0.0558693745077794,-0.456548939781464,-0.311015810134364
"AGTCTTGCACAAAGAC-1_atac",0.148946214565142,-0.0804527303973868,-0.0811341745922746,-0.0194675207991205,0.218141460085424,-0.283360195717427,-0.364152103760238,-0.568144735528925,-0.0258216921591729,0.326403903017699,-0.344563360193322,-0.269799474965775,-0.167717750704965,0.0832431659263975,0.217545742850495
"AGTCTTGCATTGTGGC-1_atac",-0.265157394457994,-0.0479468073503799,0.167797895588463,0.539817405395589,-0.0319777081871119,0.0857627421783713,-0.400765401738774,0.341161536243414,-0.303555178285869,-0.148906992124199,0.0352657815206795,-0.0506573409570629,0.194557786345967,-0.395952106216936,0.0984484095114459
"AGTGAGTCAGCACGTT-1_atac",-0.189146874305266,-0.036140445479722,0.255509154092948,0.206056912396,-0.273417052210108,-0.167819902015742,-0.189317256596415,0.175227416938606,0.0936115462675075,-0.480172476610746,-0.299502822416045,0.309544786699643,-0.167797061650026,-0.360721354902956,0.320284997536567
"AGTGAGTCATTAAAGG-1_atac",0.270967536803851,-0.311701251253842,-0.17409073193594,-0.00419798493255134,0.39448787575461,0.101332690168901,-0.0902349394978914,-0.559160638042509,-0.286793399790827,0.0356174642275901,-0.284819195646444,0.186078985684148,-0.30224223743775,0.0686693404038044,-0.13065024622567
"AGTGGACAGCTTACTT-1_atac",-0.192192336563979,-0.0356850304374641,0.228006609637778,0.510835319980986,-0.142348191868131,0.162459244450568,-0.427959802325248,0.289290757926159,0.285476207459355,-0.424702861647309,-0.189474739585774,0.0178312972496095,-0.192988625016024,-0.00431521126872074,-0.00177456289593651
"AGTGGACAGGCGAATA-1_atac",-0.415885353584106,-0.0128573353460203,0.140815043013711,-0.0130983692174195,-0.0767978875085074,0.0523630748922594,0.791393904091426,0.235819497537073,0.128495832468486,0.233172193215152,0.0770402330337995,-0.0993377199973664,0.154797093056069,0.0752773556502739,0.0024925758259121
"AGTGTTTCAACAGGTG-1_atac",-0.234053331152302,0.08819817279887,-0.139361173297988,-0.766182210458367,-0.138073440186284,-0.0240342101725693,-0.0864540179603351,0.126833388730544,-0.0480879855081302,-0.411189394158227,-0.0895923072705167,0.209922263457001,-0.13731191177062,-0.191800325902185,-0.093033562857957
"AGTTACTCAATGCCTA-1_atac",-0.1851672461403,-0.0401295592754278,0.284384271647287,0.472863712880424,-0.0335185789538475,0.221630826123366,-0.0830820261008604,-0.144155870333619,0.154126137370943,-0.101401313508383,0.0382222699521817,-0.348571818367562,0.327431752320597,-0.157130667023332,-0.541109048385322
"AGTTGCAGTAGCCTAA-1_atac",-0.588523733760768,-0.0919888929642495,0.0893214213830217,0.254563198900892,-0.0927972042181791,0.105292041505371,-0.403238891743934,-0.0522346580975304,-0.172319467603327,0.131545123819916,0.296804200696738,0.418010096219169,0.0604476504958666,0.271641649244238,0.0101451820859503
"AGTTGCAGTAGGTTTG-1_atac",0.403794048639864,-0.29586896646411,-0.156515948865546,0.0647193984621345,0.426881223530673,0.30614315468205,-0.152387618156372,0.31279336909523,-0.246933384955035,0.0281442019353188,-0.379724548870014,-0.276593224347531,-0.188381215103341,0.0583435343290206,-0.0485695627077862
"AGTTGCAGTGAGGTAG-1_atac",-0.44495431487625,-0.00995750761463093,0.165739047337206,0.281567074845415,-0.120444642115635,0.158313019719101,-0.536651864197576,0.264485124928301,-0.163096701080581,-0.0617093776570996,-0.00395737147441351,0.247198196488127,0.102452668047141,-0.130549981976889,-0.422585482795539
"AGTTGCGTCCAACTGG-1_atac",-0.11783410334428,0.00612226381362646,0.157116894989872,-0.103373992426226,0.177240124555722,-0.283618496516448,0.573785124759586,-0.0499958283898272,0.169591433988233,-0.175872926532677,-0.0312480570637914,-0.345474200606767,-0.0279421104071578,-0.449225443179566,0.352870528585952
"AGTTGGCGTACAAAGA-1_atac",0.218218733544814,-0.122458212275536,-0.0552421504688888,-0.0946253857196053,0.0806307345801903,-0.312395765841105,-0.278075179359628,-0.407796288386583,0.22026731192167,0.342345016529375,0.104288974214375,-0.58692782260125,0.202030374982738,-0.125226424207818,0.00930998538360738
"AGTTGGCGTTAGTTGG-1_atac",-0.374324542606999,0.00351984631513765,0.328732809799654,0.234281153859739,-0.147083513221258,-0.0328799752776106,-0.0837914243460654,0.239716077140878,-0.148307706506594,0.474745280566802,-0.496278002000463,-0.13386457176142,0.277106045433659,0.139258737313993,-0.0441110271420678
"AGTTGTCAGATGGACA-1_atac",-0.146476432803636,0.0330719667701491,0.114738056777747,-0.0575672506969418,-0.0838832113615456,-0.199334497926093,0.636577640474494,0.0669047344383775,0.203044000509466,-0.199290173961619,-0.437139400527057,-0.307980193786709,-0.261925149993386,-0.244127570748155,0.0969792180313616
"AGTTGTCAGTAAACCC-1_atac",0.197776703833071,-0.144771266271362,-0.125523130649588,-0.0954335041571238,0.111911596236482,-0.244751548134085,-0.221304561252841,-0.471541508433304,0.0468522344618332,0.514578800541057,0.0893401940972094,-0.371900069801321,-0.0361720924981117,-0.369428170792007,-0.142281472637586
"ATAACGACACATTAAC-1_atac",-0.16109859570631,-0.0645080489138121,0.222890875351894,0.367056609564298,-0.0889876378631576,0.0986222769370645,-0.509161484012293,0.119587476993257,0.106884494132156,-0.502998486607719,-0.225302256838149,-0.296069983566231,-0.0783321261696694,-0.288761299517102,0.0437492592052444
"ATAAGCCTCTAGCTTT-1_atac",-0.0584588181720928,0.114645759116703,0.399068108561959,0.285575333518055,-0.134327286666756,-0.214938103084717,0.018581906027599,-0.127057810330949,0.169047784679721,-0.543479652097773,-0.347572214341585,0.00191880436205859,0.00991885599605697,-0.267777592150736,-0.381232833458031
"ATAAGTCGTGAGGTAG-1_atac",0.122020497498839,-0.197400280920871,-0.110436174699902,0.114719679798775,-0.00930748168709803,0.540550251434237,0.207421828082585,0.362284221878681,-0.381904256108862,0.0238187766944047,0.391088073398079,0.17885913800315,-0.0615921771225102,0.106917155038475,-0.328099003740848
"ATACCTGCAATCCTGA-1_atac",-0.287218851438956,0.0542400679173218,0.352818986674135,0.4998716158964,-0.0411274145567076,-0.314628466682488,-0.231699381046578,0.00891253026211918,0.38641125286331,0.263153870665121,-0.222939293980155,0.00991344098935182,-0.306140038137505,-0.0676857852106291,-0.13819187551074
"ATAGATGCACTTACAG-1_atac",-0.127291068508183,-0.0217045716221509,0.125507770743143,-0.132701071003189,0.106344457887475,-0.168516731994998,0.56715683215174,0.1175834878233,0.284412675282316,-0.165118040448722,-0.306611296129828,-0.229806245001003,-0.229488496822927,-0.516251347191786,-0.0246572744959462
"ATATAGGCAGAAACGT-1_atac",0.241993134072024,0.83211426130848,-0.271156070604529,0.114156736424199,-0.0235662335407985,0.0321023250039101,0.100556978825762,0.0260006377190196,0.05124656571667,-0.210536744012578,0.183973505494482,-0.0411585205465019,-0.0406370404959546,-0.117875890697564,-0.228157485135429
"ATATGCATCAGCTAAC-1_atac",-0.160294501713732,0.0407369172915806,0.300467151464715,0.44968230493077,-0.136245595662275,0.0333836019753632,-0.575620942757392,0.113472919963997,0.113982575417259,-0.378824664937711,-0.224420075692822,-0.264168963012954,-0.0947772453030513,0.0639962541400783,-0.162882101103974
"ATATGCATCCGCATGA-1_atac",-0.144492333612854,0.0233589128693346,0.445532728542504,0.527774836560558,-0.00187994949040011,-0.0511233182780124,-0.0255432013809516,0.140611102420445,0.37779148145603,-0.227417349990883,0.0363379042214571,-0.0758224029478745,0.316340002010749,0.0173111289439811,-0.420243220763891
"ATATGCTCAAGGACCA-1_atac",-0.157327182017355,-0.05602515595917,0.289525209654547,0.669221964439913,-0.0496079448985263,0.030766272868581,-0.37882885778157,0.0422739676409586,0.420669936593152,-0.0736654811692894,-0.00249656463082032,-0.111281190390175,0.00629613525208324,0.0168290593558833,-0.310834615214763
"ATATGCTCAATAGCAA-1_atac",-0.505695738943244,-0.110927660866508,-0.0912511514402142,-0.672268993484651,-0.167769654486849,0.175545682055405,-0.0800962824387598,0.0439614248436779,-0.0397890288283893,0.335869378345703,0.204335265858349,0.10773862450175,0.0259337916237266,-0.184552265346393,-0.0435834629043651
"ATCAAGACACTGACCG-1_atac",0.286274687091299,0.0674293198744996,0.0340038617747678,0.0514324308812732,-0.311377014228919,-0.408277694212242,0.0740697414360153,-0.291502923066997,-0.504096976685239,-0.298124063915863,-0.213048421839787,0.149242538520112,0.314865253771362,0.118550584455898,-0.178165309774675
"ATCAAGCTCCTTCTAG-1_atac",-0.122565531768237,-0.0149082886509059,0.017588819827005,-0.765929130795262,-0.0963107489805091,-0.150890355532507,0.0318245342001949,-0.0837457587569461,0.184356139829925,-0.1708244696082,0.115173657561326,-0.365035278935335,0.00110543670864471,-0.308881797425454,-0.229424762776316
"ATCAATCCAAACCTTG-1_atac",0.291811345206331,-0.116915118186127,-0.172622034394696,-0.0901366719121072,0.141273045171692,-0.384938824241433,-0.236932472783636,-0.528545355554302,0.0659494240216918,0.486925735033702,-0.164713213618389,-0.205895701919964,0.186540896616983,-0.0603718521098648,0.101040085680043
"ATCAATCCAAGCTTTG-1_atac",-0.258026267345865,-0.0193162149526311,0.0783319072501363,-0.0778816359754995,0.166623504324712,-0.291779708273245,0.529688540910107,-0.106577245622789,-0.00436667399663195,-0.144853794330566,-0.284605227683779,-0.251057415101794,-0.3051609592123,0.0298130266846677,0.506928756148788
"ATCACAATCTCCATAT-1_atac",-0.162248617218319,0.0232498462685455,-0.00469298659397958,-0.265593797438269,-0.00244703933624436,-0.100258514548988,0.383533677354009,0.101169597371333,0.111646942108272,-0.266205361922448,-0.368613782828459,-0.168087987608384,-0.333201488039087,-0.45347976494483,0.413587305108268
"ATCACTAAGATGGACA-1_atac",0.150047302157636,0.801657820460125,-0.262327227770996,0.116631929899271,0.111947354948316,-0.00410290995438847,-0.0955221789655445,-0.00911642205808069,0.101279783240872,-0.0382996101049651,-0.208933442530773,0.126425259285227,-0.188542785191036,0.149040169458411,0.318642411415079
"ATCAGGTTCCCTGTTA-1_atac",0.22317062527568,-0.0312666109728142,-0.0499946382575947,-0.0550708125759111,-0.0186625635916126,-0.217113509850164,-0.230487191633448,-0.408718116003727,0.174187083239693,0.691842443982472,-0.010344306999038,-0.275222545814531,-0.238365894750703,-0.185308222855446,-0.00496009987995342
"ATCATCAAGCCAGTAT-1_atac",-0.184785456520035,0.00466300630948468,0.0143099683235115,-0.805838137762283,-0.244741085302806,0.0187716084707585,-0.313606648846239,0.0876992973821009,0.356530021799296,-0.0813563120196842,-0.0781757457863732,-0.0943298660470982,-0.0243093511476911,-0.024178377943624,-0.00665038066601095
"ATCATCAAGGGCCACT-1_atac",0.379766316015396,-0.243772364251835,-0.0880320089867744,0.102711358784144,0.22215720296142,0.376871373790891,0.106006639216972,0.463956771702517,0.0253767396579527,0.274176048242155,0.0264831810062712,-0.389749642823901,-0.0329858947619191,-0.327959774694836,-0.152006127067974
"ATCCAACAGCGGCTGT-1_atac",-0.179974082932715,0.0854726540271641,0.159852024990057,0.486822313445522,-0.103636879897994,-0.325590695495666,-0.41466199659938,0.102597856272883,-0.0617772777820149,-0.099256159991528,-0.0402958332861717,0.0945615745301667,-0.412296924521429,-0.431901867096526,0.133313484106917
"ATCCACCTCAGAAACG-1_atac",-0.64123868243849,-0.0472027506523999,-0.059682641802261,-0.0116077042890237,0.100806169642387,0.106063332156223,0.0586571821832366,-0.066124165161013,-0.290615368078906,0.319376650775553,0.235837592796809,0.299904509379733,0.203855430373074,0.37800356557359,0.192870830382386
"ATCCACCTCGTCAAGT-1_atac",0.199323893705217,0.79458391835633,-0.251308624837536,0.00543744250478304,0.105906380549619,0.132453390706829,-0.249088913541181,0.0125340470032235,0.187776193361841,0.161508046015802,0.0101350727551391,-0.248599440158713,-0.159271992147928,-0.131016705049292,0.0947430551633079
"ATCCGTGAGACTCGCA-1_atac",-0.171354122426559,0.0706907461760995,0.14999548036512,0.0329417969357077,0.0358681004427399,-0.133032538153046,0.712653477079817,-0.126111499899362,0.151864231821417,0.371184976718196,0.117584213301904,-0.278598746545926,-0.195348525943587,-0.0327278248824136,-0.328294096241297
"ATCCGTGAGGTCATTA-1_atac",0.0884019025409176,0.526051163153672,-0.268098739405702,-0.0833903567813167,0.068148411297997,0.0791451705729413,-0.14785287618039,-0.0416539421757251,-0.0286174852018019,0.0316755936966775,-0.315461938120163,-0.134526880620095,0.220590782790039,0.256178245507034,-0.6069572449403
"ATCCTCATCTGGTCCT-1_atac",0.150349449833952,-0.149817747734571,-0.124566477002405,0.0192273309536278,0.0418088304205586,0.556366507326812,0.28234946682817,0.213424855680917,-0.193776920088544,-0.405590822096789,0.511522912837092,-0.17265201937582,-0.0937980851890544,0.00405525055572954,0.0129531081593951
"ATCCTCATCTGTGAGT-1_atac",-0.0024201886958304,0.844168189278098,-0.39002186350254,-0.00216173747254917,0.135704150893906,0.183172321530847,-0.0316367125193787,-0.094417056185208,-0.126085427308373,0.029302716026368,-0.0889126272510172,-0.0145361407011885,0.0374656670100186,-0.0836746122896045,0.200227995027239
"ATCCTGACAATGCGCT-1_atac",-0.212591697641946,0.0104583517649365,0.357774079343157,0.418787709058856,0.0329259048240957,0.0150771028597069,0.592562063548615,0.0245252287898606,-0.195243862316222,-0.213602549967528,-0.199773399998958,-0.188219029284586,-0.0419669239734331,-0.061783449395609,-0.365522624246953
"ATCCTGACATGTCAAT-1_atac",-0.158807592685757,0.0588907259426345,0.20665857095044,0.272012889752756,0.12917493143956,-0.0155782093402076,0.587599769820612,-0.0619633704536404,0.00499000460938749,-0.39321468911673,-0.101982690181195,-0.501339465571446,-0.265512270366256,0.0306362223509169,-0.0274170917550536
"ATCGAGGCAACAGGAT-1_atac",-0.087234212895853,-0.02326761440297,0.166517742137602,0.379941255914743,-0.229134576965308,0.0733553381078076,-0.440894283077975,0.299433736251318,0.171822980984613,-0.326857440101881,-0.314660677281688,-0.287477162041323,-0.146237227709956,-0.361732343265315,0.0870879106530071
"ATCTATGAGCAAACCT-1_atac",-0.0713234233862132,-0.0122863268762059,0.281883940283393,0.294084733608483,-0.197106669814006,-0.160261863762452,-0.427064587752076,-0.0913728056843042,0.403475568132266,-0.361865927353756,-0.356434616018882,-0.0239145266755189,-0.162046314486537,-0.130553212634481,0.32998393932902
"ATCTTTGGTTGTTGGA-1_atac",-0.624050678395435,-0.0522024085936327,-0.0426885072457668,-0.135494368759491,0.0141141494377263,0.200845357209313,0.031129303303664,-0.0656379838399648,-0.202019574710303,0.260503026508832,0.190415230136471,0.389420638421892,0.105811229309334,0.365374641714678,0.31711891713026
"ATGAAGCCAGCACCAT-1_atac",-0.549660596238714,0.0278110192301644,0.0202106710989735,-0.675215274930826,-0.0374036388175077,0.0519142112843775,0.0239333378814832,0.0119343668527652,-0.0735580807249509,-0.231825436731909,-0.141795276719076,0.285868594402068,-0.233647337373766,0.140911615258327,0.0232066030174874
"ATGAAGTAGTAACCAC-1_atac",-0.333682469285361,-0.0209052583083984,0.290230351734923,0.526671009120864,-0.269381595007179,0.345580999333149,-0.264337937124741,0.0279171642949689,-0.0281202178270728,-0.266214131256026,-0.298279211528604,0.0315475884617592,-0.0764408498057261,0.0758535221631758,-0.301219152799534
"ATGACTCAGCACGTTG-1_atac",0.236080457873237,-0.0895059042147584,-0.0385597945160132,-0.0101965074466058,0.230571825111634,-0.452401016872795,-0.37119989118094,-0.468293629998269,0.0373681139038772,0.456932741537305,-0.0482006880460256,-0.251654179001893,-0.0666009748339529,-0.123499301606073,0.1556301660428
"ATGATGGAGCTTCTCA-1_atac",0.344724296888638,-0.131211873949491,-0.0997978497133677,0.0636197705789729,-0.0637359648315326,-0.388385175056827,0.23479215034951,-0.0282728158802702,0.247519213705808,-0.398815467275909,0.315594897907461,-0.280681397485211,-0.301952957555338,0.36411009212058,0.129058209815969
"ATGCATTCACCGGCTA-1_atac",0.202204846212085,-0.207820354045727,-0.209304815802115,0.0735421845382621,-0.056063033612212,0.179696078252857,0.145654579967915,-0.266806157746305,0.294194064158399,0.408167865534032,0.0677656508135099,0.123575776306993,0.386478993107877,-0.394822162680821,-0.400758721696065
"ATGCTTAAGCAACATC-1_atac",-0.145387652576488,-0.0501750336068,0.0534640833078172,-0.586423894979997,-0.0766785872680509,-0.249541317748367,0.128438379035428,0.017649572575172,0.103478362686282,-0.303610478379913,0.0119122432891141,-0.32389200671869,-0.302969972933974,-0.481988108381729,0.112235178261031
"ATGCTTAAGGACCAGG-1_atac",-0.547289204939814,-0.0879582011148429,-0.0679912571424225,-0.0319329922132794,0.0417903568172515,0.0509854639166097,0.384774157145826,0.0159510946984756,-0.126004724799099,0.322255607906472,-0.0284235356904764,0.378327046523542,0.118253324812681,0.259496361223061,0.435265991965739
"ATGCTTAAGGTCTTGG-1_atac",0.261294674476176,-0.0790486700757727,-0.106379734916939,-0.00645919568812518,0.0712107175819576,-0.383254448703644,-0.261545780179243,-0.608793728675339,0.0227472251408097,0.319108733093556,0.200059760660237,-0.0478285505299459,0.127773129177707,-0.251690069038652,0.314315020996595
"ATGGCTAGTGTGAGAG-1_atac",-0.327152558662827,-0.0210957343442748,0.486990617528127,0.344686815293936,-0.151697328793549,0.195219393594007,-0.40529771107876,0.0044807102909227,0.0156518287894316,-0.304821721828428,-0.0898801310566856,-0.282592628023338,-0.216505968017959,-0.257093779567199,-0.130682706169906
"ATGGCTAGTTTGCGCC-1_atac",-0.382253369919831,0.0933850666654291,0.194345261063289,-0.093661434961975,-0.0372635680609444,-0.134865934154707,-0.288627877963687,0.204525754407701,0.354391595269814,0.0166957950691824,0.316520874917538,0.456262864021264,-0.149784459957582,0.112362393595946,0.429663480068178
"ATGGCTTAGCCGCAAC-1_atac",0.369808467119571,-0.0933285459245791,-0.164455993348069,-0.0928901466480455,0.204166963642235,-0.1870024161477,-0.331247199857365,-0.394478103253011,-0.140029034624157,0.418329677702369,-0.216275027387552,0.262678177713598,0.176870372579289,-0.128987315955087,-0.344328294431458
"ATGGTGCGTTGGTTAG-1_atac",0.369974524599182,-0.154249992232825,-0.15766597539055,-0.0451504970679159,-0.03660131430556,-0.0971978463450994,0.0130058416571145,0.0576972919150835,0.607109685993352,-0.151569382753838,0.620571617600062,0.11119770032907,-0.0904647168477128,0.0302433792529148,0.00392685374755761
"ATGGTTATCTCCATGC-1_atac",0.267033274966468,-0.1095193321483,-0.0816904010684914,-0.0249929048383802,0.155321420387951,-0.122246550536454,-0.0579010646935031,-0.447024728997523,-0.265527919379731,0.316948857252357,-0.183584651699911,-0.654990726773448,-0.0122937827273279,0.00370853226472254,-0.18249781851338
"ATGTAACGTTTAGCTC-1_atac",-0.198564744957392,-0.112517128160353,0.224170216246891,0.453280227014872,-0.328118682149522,-0.0219135511402716,-0.457940417930254,0.111098870979371,0.156302927184354,-0.283050449525561,-0.121918750720762,0.359507089987629,-0.0555478905144436,-0.00376310128225448,0.332031336542214
"ATGTAAGCATTAGCGC-1_atac",-0.247225497197925,-0.0457886503472697,0.158574358255552,0.443514393028479,-0.319968637764154,-0.0253742720074102,-0.43879539685702,0.210096801925935,0.0939622606525295,-0.225721907270777,0.0788012300420713,-0.0643276187133064,-0.50160601172431,0.191713911322492,0.129369558912317
"ATGTAAGCATTGTGAT-1_atac",0.233241731846725,0.0680724973915191,-0.0526531912176728,0.0885235692867125,-0.502722256198368,-0.361401686480763,0.196638727034449,-0.292697906090628,-0.3257583212484,-0.288251487426134,0.380946442339418,0.122246915143792,-0.231215040061752,0.138100987954798,0.0295257177294186
"ATGTCATCAAGGTCCT-1_atac",-0.194955623740618,-0.00215988533731045,0.291548104167087,0.469706663776337,-0.141178768104521,-0.0962340192259013,-0.222027772990582,0.0265009368859693,0.422370696349788,-0.161820028654121,-0.204259999749793,0.00305694933021785,-0.206345178013059,0.248182469924596,-0.476114313857829
"ATGTCCACATAAGTTC-1_atac",-0.199616260935928,-0.0231642931757868,0.25609701907594,0.515716468333371,-0.103110983966882,-0.0400829694809351,-0.0827386245940651,-0.147512832148403,0.201206381408005,0.153616393511711,-0.153047721592479,-0.0146488985542606,0.24868515801548,0.086426155158762,-0.655888239104458
"ATGTTCAAGACTTATG-1_atac",0.326578019674182,-0.138872393457511,-0.195039513661838,0.127067363356105,0.0360013551551276,0.141020406282962,0.0384251671599282,0.0598473163197606,-0.618865327337843,-0.348879977674924,-0.281273321971243,0.141282228641003,0.153098523443463,-0.263657071119892,0.311275746501656
"ATGTTTGAGCCGCTAA-1_atac",0.305167528859809,-0.124229257761427,-0.1337159904062,-0.0739429464222066,0.185952258282429,-0.228150174677624,-0.224392893682715,-0.698156698865419,0.0180703102860873,0.304608939542079,-0.152999456714199,0.101172386766269,-0.0678862474485346,-0.27928944143709,-0.185250348192692
"ATTAACCCACAACAGG-1_atac",0.555350149632871,-0.285003494191343,-0.227913933629804,0.0316830715563785,0.0348891242443814,0.145627014203251,0.137767534447259,0.0499959557017169,0.35806965187092,0.0822891925126133,0.259486485730322,0.498179592838151,-0.0108601075279038,-0.16479129733183,-0.189026534224414
"ATTAACCCATTGTCAG-1_atac",0.150285407528579,0.193102808750682,0.016539515353654,0.0762545113173766,-0.452040336278609,-0.420021731845561,0.07100337173792,0.451321021984827,-0.262009283039908,0.391951275768412,0.266517142415833,0.0209631547215387,-0.0845281749652839,-0.183215498910352,-0.100438993953009
"ATTACCCGTGGAGCAA-1_atac",-0.168304824031516,0.0415216074872197,0.276343098077706,0.515194717320325,-0.0720856109803262,-0.059104409709468,-0.258616849046075,0.131738395383012,-0.0606942991839673,-0.125910516285713,0.276758068730608,-0.119520476359425,0.509519523687999,-0.318095312986786,-0.253019346332383
"ATTACCCGTTTACCGT-1_atac",0.200585529740371,0.812111270761614,-0.293650047342578,0.0653580946087238,0.0758451994363499,0.0826522638885963,0.0213159239579641,-0.0732850967351023,0.118181733971325,-0.176965735358272,0.168833234290242,0.0819768809672073,0.0505765161518508,-0.294021993060665,-0.147696151492324
"ATTACGTCATTAAAGG-1_atac",-0.580250912116752,0.0201429772769354,0.0382775735835157,0.262615843180863,0.0468920671655312,-0.0530745713926445,0.103939435527718,-0.0954393499828239,-0.0870577515877888,0.231951543597079,0.127087623162782,0.202787679592541,0.32484420851714,0.51588636122403,-0.277895409645693
"ATTAGCTCAGCAGGTA-1_atac",0.483065186257259,-0.337172290724562,-0.216472834986923,-0.0500453104458509,0.0219516104333876,-0.0405822442817654,0.086293933104683,0.167479122310478,0.43573392197926,-0.0261182794250597,0.345910891356675,0.126234416480181,0.328873286459984,-0.322778095349661,0.165813553201798
"ATTAGGTGTCTCAGCC-1_atac",-0.345010705014586,-0.00394362511296951,0.0516314317609279,-0.0487303803234901,0.146968902467705,0.0416030513619918,0.535316132700993,-0.308004537498989,-0.275413134317974,0.462568181591903,0.340164921342294,0.094285601821723,0.110059530515939,-0.160889258277112,-0.136852687309807
"ATTCAACCACTAGCGT-1_atac",0.351312255610757,-0.211691253227996,-0.153773633874519,-0.0879096666096017,0.0789463753717451,0.195263533021312,0.0827024347930021,0.124522304318381,0.0203064334337046,-0.43379740535911,0.401284204521758,0.22701061451334,0.201246499123404,-0.520200698882074,0.146362240137282
"ATTCAACCAGGAACAT-1_atac",-0.202782621488087,-0.0512008684156429,-0.00467069087785687,-0.811287344852121,-0.23273594717324,-0.0833764246154186,-0.15545818193443,0.0676988009485077,0.283176285806383,0.0161072087090949,-0.061443953422563,0.0077244022012266,-0.0537803270718759,-0.130427640699914,-0.322480565463039
"ATTCCGGAGCTACTGG-1_atac",-0.134294387902806,-0.0439729175832831,0.0791267339670839,-0.229398075235915,0.167459584842045,-0.408249787168154,0.623290170796045,0.0346178736388031,0.18579327976078,0.0680814952729837,-0.178653417949457,-0.360486736388769,-0.186484315737174,-0.194312317929625,0.251379408279534
"ATTCCTAGTATTGTGG-1_atac",0.210796800277932,-0.156964695167973,-0.048340589344632,0.00881134405078866,-0.127373456614765,-0.193011726010303,0.138234641312333,0.0161648935004162,0.304162457693701,0.306853154775896,0.358098920314936,0.455911282200016,0.442207325540201,0.127391508625969,0.348030442587354
"ATTCCTAGTCATAACG-1_atac",-0.288000669484334,-0.0132768336738959,0.166426834844419,0.0445809515997104,0.251172352473865,0.141770756588817,0.680638027314991,0.0931223980682408,0.0291282353988178,-0.190813096415208,-0.330303778567358,-0.197555679127511,-0.344995849253753,-0.0208560774430942,-0.164995599398939
"ATTCCTAGTTGTTGGA-1_atac",-0.339588348738316,-0.0911900628255319,-0.0667216102859109,-0.7325396152739,-0.0992331168807092,0.038474417180648,0.281993644464155,0.0739115920201945,0.0990309986825683,-0.136460231420994,0.0135791838938382,0.120100744346982,-0.114478095122829,-0.363210805489974,-0.225660792843608
"ATTCCTCCAAGGTGGC-1_atac",0.228827161310153,-0.114479715031292,0.00631972737415854,0.242119211118482,-0.135084575084689,0.00261962266953066,-0.261064859616787,0.0265063387729472,-0.0526020548807545,-0.344825203279257,-0.146921928736312,0.154606044481945,0.0899576886957318,-0.782453866027758,-0.0356623699475763
"ATTCGTTTCCAGGAAA-1_atac",-0.47123425788426,-0.0791564095373935,-0.0335678142414265,-0.620674756506751,-0.0783429420351821,-0.121668528419608,0.372232932103456,0.186812730320076,0.185340923198741,0.351151537873513,-0.139136728771137,-0.00317324114930218,-0.0622111244756928,0.0844330861221544,-0.053707141284916
"ATTGACTCAATCCTGA-1_atac",-0.159732531633716,0.0103130061760855,0.11112770386187,-0.111916231846349,0.15768073180181,-0.144454423630091,0.661799808736889,-0.138056182850993,0.211620172463485,-0.13321705908281,-0.382014053538881,-0.173940458876344,-0.00515075049512144,-0.434596334576831,0.138258286377433
"ATTGACTCACTTAGGC-1_atac",-0.416819919446976,-0.0521749235000416,0.0364531464072792,-0.0343646338992173,0.282409819337564,-0.165761452487058,0.581868330686395,-0.301198405035703,-0.0475529146386414,0.373815285498795,-0.235414492387391,-0.10166899508294,-0.0213169260505802,0.191579474361893,0.198979777967152
"ATTGACTCATCAGTAT-1_atac",-0.202304103451053,-0.0284532016957361,0.18862452875467,0.519781230276473,-0.0351940647023818,-0.129565655679953,-0.317022742470109,0.0548927586031651,0.600708810851755,0.157118771123768,-0.0475312309271181,-0.218622269186946,-0.094842292117442,0.209154947119346,-0.206485008853527
"ATTGCACAGCCTGTTC-1_atac",0.364437761036327,-0.253022192935088,-0.136466654132117,0.0130303237313313,0.237251317523036,0.447892643420803,0.0193621611565194,0.327458472497486,-0.0861603221906419,0.0533538180912833,-0.395254377919966,0.0974945695430085,0.0933786997814074,-0.463484185998175,0.142595166016296
"ATTGCAGGTGGGTACT-1_atac",0.323174894583132,-0.0981442438599997,-0.0956344749825255,-0.0476899472227178,0.0891184018342361,-0.202168341420423,-0.374043053873214,-0.62083432582187,-0.321245847360407,-0.170531257758533,-0.216245036512936,-0.225904675017599,-0.0795130985108151,0.145894052812287,0.20655693437473
"ATTGCTCGTAAGGTCC-1_atac",0.282547897273967,-0.213293375680822,-0.0713400377248155,-0.0859383144061824,0.243766728456332,0.275087524952315,0.118767442141895,0.424223682582317,0.132008490889371,0.459941451744481,0.00271930629931355,0.141072803562644,0.469227245201491,-0.153411605511724,-0.201097948103188
"ATTGCTCGTACGCGCA-1_atac",-0.206619322163591,-0.0145671213668478,0.0910215564295442,-0.0795681073465804,0.189173262674679,-0.195833976024164,0.788797999556479,-0.0249249020212595,-0.131279443173671,-0.0321439909538834,-0.277246482718196,-0.0574523652645908,-0.0367018931220642,-0.363259088699876,0.117393073178666
"ATTGGCTAGTAAGTCC-1_atac",-0.111607283161672,-0.0402969213624599,0.242744145657312,0.414562119939802,-0.040374696032289,-0.318878028913952,-0.521036219538067,0.135785471414453,0.421782369961928,-0.329238196145444,-0.197203279652781,-0.0235229890091881,-0.15085266633442,-0.0980578482998458,0.0615732143844895
"ATTTGCAAGAGAAGGG-1_atac",-0.127228673138726,-0.0491412206089092,0.14209034214552,0.165110662464214,0.0467493499562527,-0.194517124562608,0.687026811527458,-0.211437371655709,0.161910575901342,0.0600010230422783,-0.356978847879108,-0.0889794492617042,0.111725122443076,-0.177802242880588,-0.409817344046347
"ATTTGCGCAGTTTGGC-1_atac",-0.46393367933998,-0.0643687213719494,-0.0512929863366245,0.0399268843423553,0.227065505433544,-0.129351997938253,0.659386289225012,-0.120808801805936,0.00638085316326229,0.147675517452305,-0.173906095686707,-0.0426932949046552,0.0946905691132486,0.189127496833492,0.400088763871302
"CAAACACTCCACCCTG-1_atac",-0.193726100172632,0.0170696615812202,0.12754556368117,0.434488288978328,0.0359539943300941,0.0270291437197776,-0.460488459355665,0.175075590964841,0.207077621228346,-0.458107369625109,-0.109178057092176,-0.154531133496431,-0.121895818428034,-0.441941688773611,-0.1170139440688
"CAAACACTCGTAACGT-1_atac",0.236118798578537,-0.0334561793583463,0.00241481271288432,0.0123574577987962,-0.309880882617083,-0.115521637265981,0.0923491201901209,-0.0302131455892151,-0.258913625590817,-0.486313309565908,-0.293145626148743,-0.162657046235572,0.0643940715592225,0.423789433394434,0.473798270338702
"CAAACATGTACTTAGG-1_atac",0.267129581034117,-0.0531926924520903,-0.0716154447908974,0.0437934026445194,-0.264383324361077,-0.226863418544209,0.08663137887534,-0.189803545903024,0.338408640122355,-0.451357934669315,0.0668031406490501,-0.304274464257836,-0.194782440144636,0.548049861516693,0.016760186333136
"CAAACCGTCAAGTGTC-1_atac",-0.240227365405473,-0.0593906214349916,0.306068125431344,0.211888685594058,-0.199806598168424,-0.181689891922789,-0.331763168444916,0.382284242805321,0.295088205170194,-0.0569839484158974,-0.116520897658499,0.287865392734721,-0.290191405243218,-0.361295812039254,0.263692207257721
"CAAACGCGTTTGGCTT-1_atac",0.25505375781258,-0.231553694832431,0.0266968646117674,-0.00248096512321841,0.267936496950271,0.591185473338544,-0.0130650684684083,0.329128582433348,-0.437585946510995,0.147456867341082,-0.196766767210451,-0.0969025164649122,-0.185495698517738,0.14180428792077,-0.187017866170499
"CAAACTGGTCCCGGAA-1_atac",-0.248713176166913,-0.00289464647111728,0.201274723479918,0.366566874242379,-0.0142229857500059,0.0887192471469757,0.0910915676288662,-0.169685839330603,0.0840186445637102,0.490059489657435,-0.0184276647048978,0.138004848494797,0.13362887306575,-0.140625151232808,-0.643313120937535
"CAAAGCGCAGCCAGTT-1_atac",0.315487797347936,-0.218306111234781,-0.117297747123428,-0.00968652233141327,0.0611061636981701,0.102003349689864,-0.0401317067187827,0.191679865292913,0.634973144472918,-0.137661541215099,0.494691422834177,-0.245825557678184,0.111408681504248,0.200447849915724,-0.0811436533492886
"CAAAGTGAGTAGGATG-1_atac",0.115994551524036,0.830847029526772,-0.326640601727698,0.0224107750134626,0.110492609994945,0.21422294787979,0.0943786648091235,-0.0858438996236015,0.219597739728229,0.0293182012566184,-0.0724731001902866,0.215750428443498,0.108682038401656,0.0102507513079241,0.0431899416191697
"CAAATCATCAGCAAGA-1_atac",-0.564747176972861,-0.0386331337294641,-0.137303598990088,-0.573255349715764,0.0444633479420344,0.00782119235391569,0.0794139381276607,-0.179446830126619,-0.0565579697629846,0.0543073223441819,0.0957037049099421,0.36981421970639,0.149814232914723,0.340099137262989,0.0369683790456995
"CAAATCATCTATGACA-1_atac",-0.176977999666843,-0.198811493639943,-0.237492054290288,0.000902472315315977,0.0673763640254017,0.304507619211947,0.164206491249401,0.0594746581415644,0.0182225120536508,0.182632562834346,0.52646985963945,0.363821865417811,-0.380539961387767,0.295940251002271,0.263380230488575
"CAACAATGTCATGCAA-1_atac",0.301505836706644,-0.316287602657765,-0.15439359924153,0.0298021150428751,0.226156962356218,0.381095953887522,0.290118380703528,0.468589500557205,0.0706703403814464,0.240244758430687,0.00779244003674772,0.0154450793908277,-0.211672101224357,-0.251186765697265,-0.336591677678723
"CAACAGGCAGCATGGA-1_atac",0.198768524611562,0.855089501069779,-0.315031948427802,-0.0122119683935178,0.133806983621011,0.0558314978959537,0.0583180981962285,-0.0774268511231363,0.155134792647576,-0.0913682770665748,-0.182444791743086,-0.156239904002859,0.0683486690713119,-0.014689406252276,-0.0670975439625306
"CAACCCGCACGCAACT-1_atac",-0.426020595534207,0.416032416400651,-0.184661181493468,-0.211543947900578,-0.0185396707124196,0.214516191319412,0.191786096920721,0.0279219507103678,-0.179933481505764,0.141367175595354,0.107285189424082,0.32204876209585,-0.029097949731543,0.277141809421388,0.487247270347365
"CAACTAATCCTTCGTA-1_atac",0.398943169496021,-0.127772506407793,-0.209724534722287,-0.0927756059944588,0.0948291355342753,0.282718953325236,-0.231898058499379,0.19649844442563,-0.00629819245278624,0.305592243518503,-0.623692524624238,-0.186068238723486,-0.16344690329307,0.205011160312608,-0.0695083704612286
"CAAGACAAGGTATTGC-1_atac",-0.464211584255701,-0.0272150580767523,0.0239544515653367,-0.100831399636797,0.12335656830394,-0.0263712377065521,0.734984954134046,-0.0352315852298996,-0.0369394503483936,0.111714620866106,0.0447248558992262,0.127929156421948,-0.25735330552561,0.232838923807318,0.25102624687669
"CAAGGCTGTACCGGAT-1_atac",-0.184094535476271,-0.067123046403757,-0.0163574951354638,-0.745183860570079,-0.131647217832014,-0.0601959195956102,-0.234586080652429,0.0554435849502824,0.109838598272236,-0.35103105070736,-0.042267712373727,-0.0243844425673538,0.230892237758773,-0.278898117134696,-0.241276032632457
"CAAGGCTGTGAACAAA-1_atac",-0.239832216099596,-0.0611362205530375,-0.0411127061196596,-0.137808436927141,0.183454941715075,-0.1742986479963,0.765199819859389,0.0527260133140957,0.0364674495912535,0.0688320564752318,-0.292932539951255,-0.164875021117537,0.128206499864765,-0.316748372600282,0.172880042390674
"CAAGGGAGTGATCAGC-1_atac",0.172670212223627,0.813854551122749,-0.327808130028966,0.0240280028921666,-0.0368410451706146,0.000437911221479503,-0.0602040508048864,-0.148678249483439,0.183240287803922,-0.0718247850850582,-0.18050963673353,0.155879997190478,0.249908303196891,-0.10548191008751,-0.0591975484785638
"CAAGGTAAGTCATTGA-1_atac",-0.636848510301054,-0.0710872066981424,-0.0140602001244839,0.247501653950464,-0.000412856145609906,0.149567567753637,-0.171663942852679,-0.0141444053918806,-0.106468866279444,0.0653193179017752,0.0905565587812162,0.501691404406124,-0.197649945203017,0.372347549411262,0.150570375636372
"CAAGGTTTCAGTTCCC-1_atac",0.261513026613777,0.801216345747201,-0.25602800083925,0.149113376627852,-0.119094499707354,-0.0180948359935081,-0.237211322225399,0.0820875801732296,0.155049899964964,-0.0222811980877746,0.137055360188189,0.0784454853521901,0.0296536713693163,0.247937791401047,0.111948134993713
"CAAGGTTTCCCTGACT-1_atac",-0.393187252482581,-0.0947418572426786,0.110406155329364,0.290752519351335,-0.0529335883456711,0.150415999823631,-0.066523928063354,0.0440045335074447,-0.113436431821676,0.101744485519994,0.160773184141419,0.162146292283649,0.618712337918595,0.211316399006894,-0.452872686033246
"CAAGGTTTCCGCCTAT-1_atac",0.328429355089725,-0.172593929393143,-0.118797496856926,0.00115656340195243,0.0849590547822348,0.349403373102825,0.152815550466493,0.570747406783899,0.279544061849883,0.160296666385802,-0.202868630282373,-0.174279377576146,-0.172017977385081,0.281843711859905,-0.292284809020297
"CAAGTATGTCGTTATC-1_atac",0.237530508983037,-0.236673573576289,-0.0984410453331874,0.038448299832749,0.182561708677493,0.547865537596461,0.261945214874728,0.349082127844167,-0.412379204470261,0.0724082904179192,0.117164378545922,-0.0732742169042579,0.310474131558021,0.245382892777785,0.0378654416457562
"CAAGTATGTGTTAAAC-1_atac",-0.139055209377633,0.0273828862383981,0.236153946988265,0.36887135344747,-0.272824331212216,0.0466734845564958,-0.0605149215588162,-0.0757036395745133,0.39302640709276,0.127981817275083,0.249773034586064,-0.271990867563681,0.140524828844781,-0.108614569113614,-0.602756486784269
"CAAGTGAAGCGCAATT-1_atac",-0.293186915773396,-0.0486572365015009,0.245929164166129,0.378123067881033,-0.0731159854601005,-0.0287955142349189,-0.393743101600646,0.0468293739448456,0.446481885938926,0.232638943215309,0.113571695164315,0.0478558878787074,0.011632227143813,-0.510567109566342,0.12387169900248
"CAAGTGAAGTTCCTGC-1_atac",0.403792125770062,-0.0211504480259786,-0.0250181354441331,0.145057437929345,-0.152148984798487,-0.213752724927846,-0.00394537174370912,0.270235123417259,-0.50314536999256,-0.509493677240933,-0.0517693426206675,-0.341300723890601,-0.0937229843281022,0.088745844100676,0.156172146509136
"CAAGTTATCACCTGCT-1_atac",-0.0727101560366545,0.152094501475795,-0.0467008728938994,0.046793754730189,-0.274504390596096,-0.42651212070895,0.158255888431953,0.454914784231769,-0.40582830603477,0.488887981710065,0.230256234752453,-0.0341976681555232,0.0546109302944001,0.100861981162203,0.083073776693498
"CAATAAGCAATGCCCG-1_atac",0.38418750005944,-0.25557750204922,-0.233547411449645,-0.0142068060289808,0.13429243120123,-0.175779048070227,-0.286091419520816,-0.441946609681303,0.0917863677982039,0.21199659139425,0.113418188836497,-0.422404178617881,-0.06574212044941,-0.306217300209236,0.251969665760692
"CAATAAGCACTAGCGT-1_atac",-0.158819696678153,-0.00729086642067273,0.295151655514063,0.426263326670841,-0.0209600753910113,0.0782033151249822,0.273816932078662,-0.0341163787803556,0.46738058050516,-0.261296666394472,-0.0951678522267274,-0.189856683779634,0.205006428261903,-0.104692787232523,-0.488264528962581
"CAATAAGCAGCCTTGG-1_atac",-0.621833466751095,-0.0431085086422546,-0.0811755624218663,-0.126085203171705,0.107628808095508,0.0888525337316009,0.147022771462098,-0.0193116746764848,-0.149897300150412,0.310471962155414,0.132834141566348,0.22232948157225,0.131416922385088,0.456943046001665,0.368111089659752
"CAATAAGCAGGTATTT-1_atac",-0.27513220922467,-0.0322757304815447,0.321748845020332,0.571326950875024,0.0636608942422064,0.174192744923048,-0.284703855198868,-0.0630771312838874,0.102439182056261,0.0677428280199283,0.0868302621671505,-0.202913222387043,-0.22562748042433,-0.29877047351497,-0.412219851926524
"CAATCCCTCACATTGA-1_atac",0.337485551087035,-0.161694522300446,-0.100996943796069,0.028779568173912,0.129770886188109,-0.166303767200792,-0.0935521692497309,-0.432754361346421,-0.412362076577448,0.020155108542143,-0.479462181768363,0.336800279400328,0.264535802194271,0.135293376141744,-0.0797079401437486
"CAATCCCTCCCGCCTA-1_atac",0.352331231866617,-0.243677631408814,-0.123848105518,0.00239549242527226,0.195734695719985,0.630350814149626,0.099368849993611,0.330662303211484,-0.0565441016244965,-0.020782881549028,-0.20946313017082,0.106189767954581,-0.308800550993289,-0.247394246077579,0.175874812457206
"CAATCGCCATTGTCCT-1_atac",0.300939799627554,-0.204749338216016,-0.183453968213759,0.00933384606849288,0.0910787543538064,0.11325142952655,0.0252693496918943,-0.249112715516425,-0.493722632479798,-0.341392794137008,-0.326092336545952,0.202602814378003,-0.0562279789990267,-0.161462238259149,-0.46154818323643
"CAATCTAAGCTTCCCG-1_atac",-0.312868713397614,0.0295936112226347,0.215152020149145,0.162666647242425,0.184071001473713,-0.233413643446137,0.575251607191689,-0.0523101817771722,0.272763482012519,0.0433014869525335,0.125504162896627,-0.486543123859645,-0.163965208942383,-0.223984357715707,-0.0258399460456457
"CAATGAACAAGCTAAA-1_atac",0.131771469881089,-0.0932127645540791,-0.00629551054752571,-0.602722329472098,-0.152940510910274,-0.204524998522871,-0.101902328170277,0.138069870014336,0.38931862250312,-0.391863713263653,0.0686861913921756,0.0232022315449993,0.0161932760875529,0.0940491423179247,-0.443255470990874
"CAATGAACATAATCCG-1_atac",-0.205251658412926,0.0589043299439563,0.0762857725587282,0.0128231104319879,0.0696954072659669,-0.0352908439903738,0.697371891855892,-0.187172746675696,0.28404667027276,-0.022061547599438,-0.015405956314637,0.0503837352340051,0.117760828341769,-0.206488841235757,-0.529625960443787
"CAATGACTCAAATCGC-1_atac",-0.204961703602015,0.00735525972922007,0.239059755858848,0.243903197178505,-0.152026819986307,0.100200315273185,-0.556627466655458,0.19389074943271,0.266395592571174,-0.444209567659836,-0.394257102957481,0.0741883583364783,-0.0521783754974665,0.0187496055247958,0.168560936029015
"CAATGACTCGAGCAAA-1_atac",-0.331994142298014,0.128139830573447,0.11874075834472,0.186308713752252,-0.0417519305860444,-0.0906436139343906,0.00289095979353868,-0.0506664904784356,-0.09738082775246,0.629660744504354,-0.0201751312633992,0.178900917959035,0.106750354481721,0.120919607874423,-0.58960104013252
"CAATGTCAGGAACACA-1_atac",-0.569737745998736,-0.0399595027789071,-0.109193871564133,-0.0585967339991669,0.0585958621874788,0.0459862721875657,0.0387397137061536,-0.102033149525296,-0.332708638431365,0.34782925983707,0.220308677593556,0.174177356292727,0.113632651077602,0.499145724574866,0.261481907745118
"CAATGTCAGGCAACAA-1_atac",-0.507931869769093,-0.0467883315811944,0.190406568638117,0.357111151201242,-0.130410680177364,0.104913013667042,-0.138324657461699,0.0807871513765066,-0.055462537645078,0.172231518827476,0.221220126294609,0.281410310138765,0.284127287820081,0.495035230711324,-0.188947029503491
"CAATGTCAGGGCCATC-1_atac",0.257144324474546,-0.323766124157252,-0.0690292029696291,-0.0746827517987704,0.0653915137884005,0.231244559942062,-0.0340493165733298,0.165087232111402,0.387456926201531,0.0349854045843025,0.58500036008239,0.16769185604335,-0.356097102973412,0.244559884663642,0.155688760699688
"CAATGTCAGTAGGATG-1_atac",0.313217058280691,-0.251249049276554,-0.153557624149176,-0.0456424622617549,0.0237997722349101,0.346152355031226,-0.0919935756744717,0.0164745867688384,-0.0124233029311784,-0.102582732294565,0.236223280620489,0.246056263057237,-0.346122855008764,-0.502298791155438,0.429948734902335
"CACAAGCGTGATTACG-1_atac",-0.0835489028513429,-0.0323306419678663,0.182972706493205,0.110269303795265,0.0244029258560974,-0.281279663754958,0.492654778760166,-0.406597899802968,0.18786301300362,-0.0704119448471883,-0.244591421879056,-0.448437707290529,-0.27690402378957,-0.28153466722968,0.0385012038479404
"CACAATATCAATTACG-1_atac",-0.163104845394775,-0.0325501043914569,0.320074713479902,0.59112207058509,0.0486870764973924,-0.0924717124957187,-0.10699608122341,0.106839596033764,0.11379864839538,-0.266680845538603,-0.371245439743997,-0.247053418517909,0.40408317459812,0.0415056469255267,0.196841462241389
"CACAGGCTCTTAGCGG-1_atac",-0.455913077337859,-0.0589133763003682,0.291729879588591,0.482598469277741,0.138161019496777,0.0390585660789612,0.00517572443607659,-0.225996935255416,0.0840842955485317,0.184185428704298,0.387760827377541,-0.419758452578221,0.0472473546889722,0.0189398268305451,-0.169730211867765
"CACAGGGAGGAACGGT-1_atac",0.252251649822888,-0.21458923862916,-0.114901554068288,0.0869545436632013,0.093416273560221,-0.200310401032234,-0.15114423655721,0.0720609479771026,-0.333731542916764,0.185529188167177,0.366022704019348,0.24201191078816,0.286384109440691,-0.600543260673177,0.107984319876338
"CACAGGGAGTTATGTG-1_atac",0.339756739778357,-0.0924816129634058,-0.0214516291380463,0.057246802451173,-0.0581029187763081,0.200200954747366,0.154568015547532,-0.0264801569868023,-0.15894258997481,-0.264913341316307,0.294970508225176,-0.465007897610791,-0.534796635112282,0.144910340347574,-0.313907757332487
"CACCAACCAATTGCGC-1_atac",-0.403836737132721,-0.063644212456585,-0.144287265664353,-0.149523171324259,0.0412213154453897,0.099022410823003,-0.0929134007588755,-0.217870498986095,-0.221831149718858,0.0934700485474727,0.278662070393109,0.23922308444278,0.07604888322034,0.566566241306658,0.449975043875967
"CACCGGTAGTGAACGA-1_atac",-0.1089499459249,0.0361116694959866,0.361661951303594,0.682019941319959,0.0397694546796697,-0.107627760580614,0.170226402204199,-0.245199548283625,0.299547863252109,-0.0832373565469694,-0.0842159123390956,-0.312591068314221,0.197064616237646,-0.202813085952304,-0.084732589835455
"CACCTCAGTTTGGGCG-1_atac",-0.133807861544362,0.0502563676957782,0.298276835068083,0.0855052978971755,-0.0838047242786432,-0.0921970962889081,0.727858119280464,0.0799566087576948,-0.215994427417178,0.0735885083754625,-0.0585635853789257,-0.299553460328417,0.119199852048047,-0.250450920225697,-0.330802647191109
"CACCTGTTCCAACTGG-1_atac",-0.166897857579804,0.0253877739544779,0.157092341772617,0.108831180654251,0.0840949454546383,-0.0100254710612394,0.587394036342989,-0.0973313117663856,0.0253225526219888,0.0846547071563094,-0.443200299532553,-0.166966599524515,-0.121114288431594,0.290635690771559,-0.491986738286839
"CACTAGCCAATAATCC-1_atac",0.171189036965477,-0.179220938579753,0.25349457274269,0.333853714856914,0.216387986621166,0.45233570483123,-0.123071215279827,0.0672381365805928,-0.132715323494948,-0.413668432793799,0.102076308707273,0.0237309874530179,-0.253966118671901,-0.0919424762881264,-0.468068003049499
"CACTAGCCATAAAGCA-1_atac",-0.212405332665006,-0.00622154996602647,0.241423600540685,0.316326203047807,-0.0836737994012566,0.0297859733277831,-0.00464067181160127,-0.0568323487451041,-0.214256726987639,0.404115553609796,-0.137696279589234,-0.0465689877638632,0.514466884174319,0.010155269751068,-0.538733810474265
"CACTTTGTCAGCTAAC-1_atac",0.244536603210323,-0.0856244784856424,-0.0747747691752563,-0.000953582182854649,0.0266958871541819,-0.425853000505935,-0.281003729252123,-0.673744246387765,0.0441250706549013,0.233038974792839,0.0177019338533463,-0.293100675685004,0.029319546505418,0.239080192953289,-0.108746238892822
"CAGAACCGTGCTTAGA-1_atac",0.413347069335952,-0.178995852338363,-0.174984121914013,-0.0218219038266144,-0.00518977998941163,-0.0886273461451799,0.0331271876295142,-0.0236817546072497,0.465537134468302,-0.0216373209145746,0.143378463404612,0.366013008037411,0.59331604552597,-0.123537789055304,-0.13216524541794
"CAGATTCAGGAGTAAT-1_atac",-0.29152980333237,-0.146237803192686,-0.0958826667510135,-0.0675629959626116,0.115741478519798,0.285894876415581,-0.0715229646109382,0.00507648863496985,-0.597319369737086,0.358571692467182,-0.266902669262515,0.113229643694674,0.0310850122821058,0.380831292510797,0.253322980696222
"CAGCAAGCACTTAGGC-1_atac",-0.186404173548986,-0.313166373537784,-0.274857507579844,-0.0607136884790828,0.0235981139860427,0.40641247593133,0.167344601811514,-0.0580191142734973,-0.151154289291989,0.000174098686397957,0.491495917060172,0.174576244238132,0.176269711932876,0.290045287020249,0.425157699313701
"CAGCATTAGTCGCTAG-1_atac",-0.275540047613869,-0.0494396401579497,0.320806807892286,0.520916741746845,-0.0277518450787123,-0.227617869125105,-0.102731878139057,0.409138081189579,0.350460955844419,-0.0504637518153184,-0.177580677325603,-0.17172835638044,-0.192073083080777,-0.0276842262808951,0.304599399230993
"CAGCCAATCCTGCGAA-1_atac",-0.543460381038099,0.0121463792313769,0.284504471041996,0.461958840673433,-0.187742001949207,-0.0280209435765052,-0.0962524970396508,-0.110438249705636,0.384975293956868,-0.0278862689765818,-0.0890341324275403,-0.186999880870921,-0.237618581731137,0.307856657303168,0.0976891368974391
"CAGCCTAAGCCTGTGA-1_atac",-0.341910166420451,-0.0584953514903114,0.0876969015556631,-0.126099066668426,0.134371091017949,-0.109679872335348,0.541434696174854,-0.0270846621989881,-0.249685647799103,0.199817225497805,-0.128458058415539,-0.086327093209591,-0.331934011102606,-0.448777063651443,0.307097558517369
"CAGCCTAAGGTCCACA-1_atac",-0.203167980302026,-0.06070377107267,0.254588269258562,0.542176564565667,-0.119565390329497,-0.0926280354884608,-0.388207534653606,0.110143147331258,-0.056897177435948,-0.347351921386604,-0.309022829974698,-0.16099882390545,-0.182731853142318,-0.231185853793256,0.280018866467415
"CAGCTAAGTTGAAGCC-1_atac",0.418759228083222,-0.0975871936739198,-0.0683171747195273,0.121323057237819,-0.0591827676056988,-0.148241800440805,0.129797177489818,0.157623329853923,-0.19794319972631,-0.536516781381443,0.0694873024453178,-0.285473031773265,-0.560038317076923,0.0318782778123822,0.0233672823722438
"CAGCTCAAGAGGAGGA-1_atac",-0.23757967765737,-0.0121599620150528,0.0651824189801447,-0.707990383722416,-0.123439717681836,-0.220082852822895,0.0894920969123048,0.108274831677601,0.183856713670875,-0.229192865202435,-0.286838186062887,0.0944658952445056,-0.207634517726591,-0.365001392876926,-0.0251411929805723
"CAGGAAGGTCCTTCTC-1_atac",0.419125509573181,-0.166700523900742,-0.0596250032347755,0.0372958500866606,0.0573306547970324,0.195410651960795,0.163251092194668,0.553263353276402,0.281454084228435,-0.26104542141187,-0.140266795409586,-0.403221447748275,0.164347110129249,0.229418965275446,-0.0900487613888026
"CAGGACCTCCGTCCAT-1_atac",0.133065275298494,-0.254472449956978,-0.119918408477757,0.119964007234548,-0.00725164737431016,0.0921310265894069,0.0765680211643167,0.158072505963035,-0.00990912821247728,-0.319053955912716,-0.0592987564283923,0.302178498796505,-0.00507299773914033,0.807565080358436,-0.0215968971792658
"CAGGCTATCCGCAAGC-1_atac",-0.215832374549262,-0.0877682990674605,0.126542172606132,0.0877597260341314,0.234680407742912,-0.271990010852366,0.756243884233321,-0.177628223309475,0.187024693088193,-0.258285943978508,-0.203405601125778,-0.0813631468061162,0.0431806926573479,-0.0062451842371391,-0.194682108633221
"CAGGGTGAGCATGTCG-1_atac",-0.0268057333421788,0.053232271860186,0.175069078908063,-0.633369665446319,-0.409637939773389,-0.0418936366123715,-0.396824541853164,0.39966356880563,0.0153486527791983,-0.0506824706804933,-0.107438103720415,-0.0488102445886821,0.0991723871303806,-0.147130971940956,-0.172250089404273
"CAGGTCCAGAGAGCCG-1_atac",0.076644478215418,0.660260618856067,-0.0774746839572002,0.00441528143159309,0.232834031749055,-0.0325760499272259,0.149606842272458,-0.148019054896152,0.322820641425335,-0.0356869441140059,-0.330656865829348,-0.223187467001585,-0.111350893352425,-0.102673025491821,0.406227621014223
"CAGGTCCAGGTCGAGG-1_atac",0.277927680620874,-0.265721060247171,-0.272697610660502,-0.128505431121296,0.323472243841701,0.246680010780801,0.00640419824720943,0.144809441535703,-0.21355095514344,0.0952157188034744,-0.618727570269694,0.201472241257131,0.0614352530580403,-0.274878686660857,0.131747049199133
"CAGGTGGAGCAGCTCA-1_atac",-0.231481930324982,0.0171655496181776,0.285039483036873,0.52668912871047,-0.107178278237263,-0.165228991696692,-0.190197255333017,0.0419793026000074,0.628107593189272,0.149373646992266,0.0773205792962813,-0.128539410322113,0.0609278323365519,-0.212732969913695,-0.14982472951288
"CAGGTGGAGGAGGCAT-1_atac",0.331739365279435,-0.230251747884352,-0.0807384721115783,0.0925614577420285,0.0429978027602787,0.508485348021697,0.0120680763946699,0.305494202573901,-0.494757622424308,0.150371804683345,-0.0905474364697896,-0.120806642670918,0.236603022702544,-0.265784360298259,-0.226177167340967
"CAGGTTTAGTATTGTG-1_atac",-0.287906040312815,-0.0488380211794475,0.139884322815427,0.463871212820428,-0.344729120285128,-0.0275083588647016,-0.533034037351791,0.218083481127987,-0.0310611871063762,0.0292414954327042,-0.342081065157019,0.0152670007337014,-0.273621197341737,0.0336517236626489,0.183376309536025
"CATAGACTCCATTACT-1_atac",-0.304285447611314,0.0188787694162827,-0.0378765954400218,-0.911871351496952,-0.21777311588261,0.0220321737728767,0.0484943574697977,-0.0883996716027229,0.0362262532478092,-0.0513294773980512,0.0240185595699932,0.0430601663097046,-0.0699264889293729,-0.0627124638677137,0.0288533562507278
"CATAGACTCCTACCTA-1_atac",-0.242966932656741,0.0118579132956857,0.37058395318704,0.470438309793578,0.0752963073229734,-0.0879809956187087,-0.220370848227149,0.180684734709774,0.14195878826196,0.0542832561503761,0.0123670680860942,-0.426515391627574,0.172333940669666,-0.391496451237134,-0.31531819593084
"CATAGGCGTCATCCTG-1_atac",0.400972327254683,-0.0432787867204685,0.0967005772457456,-0.00373605944353486,0.118650959165866,0.564873432987259,0.116479268689066,0.0464206917594687,0.344292170761136,-0.1569428130872,-0.120369956248297,-0.367286834702343,0.431276853482002,0.00628330294814737,0.0224708381527195
"CATAGGCGTCCGTGAG-1_atac",0.335276350357821,-0.293034455108452,-0.115287837799572,-0.152554256618615,-0.021457060135755,0.376828631959102,0.0176427564836701,0.13552662353791,-0.0248378495857351,0.300307840872187,0.146755525857063,-0.54918485170491,-0.36364659715515,0.025069374805549,-0.239180495581394
"CATAGGCGTTACTTCA-1_atac",-0.10321403978438,-0.0494466438217891,0.179082707325188,0.0198911895806564,0.186228832861532,-0.250130677851659,0.685515486266673,0.0184164047460938,0.108955704798356,-0.111363567196604,-0.223042976842269,-0.49188750831322,-0.136761942710365,-0.227039026945932,-0.026328825705252
"CATAGGTTCTGTTGCC-1_atac",-0.208428266820368,0.0217347770247166,0.323715194109231,0.497372926585478,-0.0339853726485494,0.173306317914712,-0.33237114868729,0.0129007681629653,0.110121790244486,-0.153273020985044,-0.08230502939698,-0.143193798229175,0.269653904779293,0.139036706448047,-0.554206065387177
"CATAGTCAGCTCAAAC-1_atac",0.197465240151803,-0.0640347211477919,-0.118305087404913,-0.0152483782153718,0.180375902748206,-0.342789046602803,-0.323100366759851,-0.498168929079096,-0.208180703039729,0.320158632994723,-0.0721018036169441,-0.454013052526699,-0.170714522852007,-0.206265997575125,-0.105906154661269
"CATATCGCAAATTCGT-1_atac",0.200039383789438,-0.196556957431947,-0.00691412706439186,0.200342629303886,0.281954056692338,0.336660239873569,-0.256743681040026,0.346142445626165,0.0633562677702682,0.15436164966582,0.0507669721289832,-0.0370967390847744,-0.052436965141226,-0.682916548319767,-0.0409252878833303
"CATATCGCACTAAGTT-1_atac",0.296949448619891,-0.143082975387356,-0.0217154060147167,-0.205160798503478,-0.150199853385521,-0.0984097799490785,0.030121109498212,0.0206694176393146,0.66280500006962,-0.323665038005758,0.390905322023235,0.00393232174860495,-0.30551011818545,-0.155898871322031,0.0259603337789385
"CATATCGCACTTCATC-1_atac",-0.157366563141958,-0.0107007811757002,0.0645924374174087,-0.773331227234186,-0.294496322257161,0.0664632559672095,-0.409548657296914,-0.0190413264356637,0.174015840409,0.183413631844189,-0.183148947771912,-0.0914285468139591,-0.0673161505499704,-0.0570827359117514,-0.00742111252693856
"CATCACACATGCTCCC-1_atac",-0.441021722535963,-0.0322155148614644,-0.032000945852222,-0.707034781769042,-0.329914162670855,0.0335436928828136,-0.236282801040418,0.0107135252036584,-0.197441546755319,0.018883276885591,0.123760719009601,0.051805297535769,-0.0625951255583063,0.065511384552243,0.2684711227133
"CATCATAAGTACTGGT-1_atac",0.136522232902986,0.762175652163423,-0.325389252301827,0.00712264708116603,0.194390409797135,0.236255821018716,0.0123772765292619,-0.253722501876538,0.079659462265279,-0.125551650053828,-0.233343134238839,0.0599738638305678,0.0343184109249021,-0.183791339379588,-0.145864900096642
"CATCATGCACTGACCG-1_atac",0.246646978243519,-0.126555876576757,-0.182408599197468,-0.125418146308082,0.15254285808023,0.0384765283214438,-0.274711869211279,-0.313338332619897,-0.601444377511313,-0.19681937493129,-0.28323641257841,-0.200663086650051,-0.392313868302135,-0.00719150939467872,0.0287288491429282
"CATCCTCAGACTTATG-1_atac",-0.147409111055847,0.0179401278867166,0.201304912566673,0.0130664979258244,0.152112839323541,-0.356000321096308,0.698258879597805,-0.0568598013003128,0.314799235544315,0.0304681773428405,-0.263232180679255,-0.297773535141181,-0.151736728044332,-0.0783671864900383,0.0971014000274959
"CATCCTGGTACGGGTT-1_atac",0.369241172771279,-0.261301666755246,-0.307367255357908,0.107642264150665,0.177349476323933,0.159539354011399,-0.123353149222926,0.107551972885096,-0.566216609259035,0.0290940869181769,-0.157086422949867,0.431519870208639,-0.0596797519799226,-0.26407358695555,0.00143205440763665
"CATCCTGGTTACTTGC-1_atac",-0.229554247657788,-0.0836432476554898,0.303911223922945,0.556244088943814,-0.219971883962213,0.0155923438069182,-0.256376899807682,0.149316460052024,-0.135403790248784,-0.305708663671363,-0.200061545063217,-0.0765022033025801,-0.0184214041650608,-0.461467561531555,-0.175849436217178
"CATCCTTCACCCACAG-1_atac",-0.396972870935559,-0.154096147351555,-0.14204793448332,-0.0374160945305469,0.136991974435973,0.184678716459185,0.0930726141745696,-0.177971783974688,-0.474654044427194,0.193161452543276,0.274085382048206,0.127898425880978,-0.115234832682011,0.412232845945578,0.40813752822264
"CATGCGCAGGAGTCGG-1_atac",0.243498678889682,-0.0970298281734061,-0.129462305137668,-0.0625101365106413,0.0881280135982266,-0.437103732920258,-0.269657602561248,-0.491937595225442,0.17993177863279,0.28264570260726,0.122767144398543,-0.393372008828529,-0.0344621056330685,0.0294343572407663,-0.336080636942831
"CATGGATTCAAGCTTA-1_atac",0.161055441861333,0.822543492793812,-0.327910630221351,-0.0824258972828932,0.213568320149661,0.209180572542032,0.100503058492832,0.0235832075830412,0.034124567683505,-0.136091564086557,-0.158912441908652,-0.128081109798328,-0.0946491516899437,-0.060772867853311,-0.0956233612098976
"CATGGATTCATAACCA-1_atac",-0.439856811177355,-0.0740799821227589,0.0962143868400864,0.349336272724004,-0.175152520746222,0.0114850105085049,-0.318349305614481,0.206895242138794,-0.405538549512599,-0.393389084164454,-0.0704583339851486,0.199700356619295,-0.00997831423222344,-0.252949642745482,0.258144698137474
"CATTATCTCAGTTCCC-1_atac",-0.178530121435612,0.0222083968968592,0.286491034742025,0.298196717268638,-0.118597872759199,-0.0556838099889306,-0.336879459355473,-0.00506748491681919,0.218383968505081,-0.0881622567446704,-0.0339591786292113,-0.0806178110976045,0.228983173311624,-0.045845560218716,-0.740475582627739
"CATTCATTCGCATTAA-1_atac",0.268647144713626,-0.088580910851385,-0.00380491550801861,0.067916209425502,0.136595778063525,-0.157289215267279,0.490614447483225,0.00351995546703377,0.363876980594246,-0.315495918750692,0.385787234402782,-0.178156129030506,-0.050331776010781,-0.457220600803557,-0.0845122548846727
"CATTGCGAGCATGTCG-1_atac",0.299288747790853,-0.0898761809028861,-0.124430287901392,0.00583803506049206,-0.106624403190154,-0.0334103089184019,0.246561868340794,-0.250822156908547,0.451115908983457,-0.0828518166275656,0.16644757631503,0.202421719992396,0.557245356990504,-0.39891680191069,-0.043996351683441
"CATTGCGAGTAACGGA-1_atac",0.3242390671426,-0.125075926409917,0.0459550855363263,-0.118882534203104,-0.237490685560323,0.375954018171932,-0.106552799847659,0.0306024552124163,-0.148124595865375,0.0155873200328056,-0.460172707695534,-0.213633723394729,0.551215770320421,0.177872725100584,-0.194646277405949
"CATTGTAAGGACCGCT-1_atac",-0.219895165220871,-0.0477204780355045,0.0177148767153822,-0.102644250571083,0.15770349565407,-0.224560343691458,0.689740380973516,-0.0784593743097557,-0.237118304674064,0.0196147881645198,-0.168723877026741,0.0249633544957717,-0.0393400198930303,-0.512545544741023,0.177122803504761
"CATTGTAAGGCAGGTG-1_atac",0.378699842652489,-0.136581389178822,-0.101160294869067,0.0412859385390733,-0.129333564145303,-0.285393789581664,0.191179361285305,-0.0671775545427991,0.323881585581701,-0.493027194363385,0.022493036273104,0.429008901772526,0.220850306763352,0.171252641858406,0.275903725384863
"CATTTGTTCTAAGTGC-1_atac",-0.161092432067418,0.000586080428713136,0.0451696314086133,-0.800832361609888,-0.373838132558921,-0.0666111367640802,-0.31166685720512,-0.0437184670126481,0.133514594711823,-0.0477093732212351,-0.00341435497139018,-0.0304846360681766,0.166534866300988,-0.166090968041413,-0.105229355190228
"CCAAACCCAAACGCGA-1_atac",-0.156696776026225,-0.0210824789252442,0.0607914981321363,-0.145239137122195,0.254931907752513,-0.111924713364685,0.505880239759544,0.102127579052646,0.108279677996587,-0.145112723909018,-0.167332860669221,-0.268059208755278,-0.177175575487827,-0.456993858866298,0.48319413208071
"CCAAACCCACCTGTAA-1_atac",-0.172701118239042,-0.0163244817091003,0.277617730024285,0.343400474104758,0.149711961316997,-0.17651241740971,0.456386334570617,-0.00287174194183895,0.372941737394626,-0.193266928211599,-0.2619436712606,-0.402948140632533,-0.1891538065856,0.10427658845657,-0.242843986627195
"CCAAACCCATAGACTT-1_atac",-0.202828135171819,0.0200062148724973,0.162502326654953,0.108008940607057,0.191527880883851,-0.234535835099663,0.574686556618685,-0.136683844989198,0.186594045584051,-0.261878577241003,-0.252050652390277,-0.358256197171043,0.04056896464193,0.0812024460952548,-0.419804744134522
"CCAAATCAGGTCCGTA-1_atac",-0.20450804614009,0.0114725039540497,-0.0151575885474785,-0.705753968458973,-0.229726244969008,0.00793887953783966,0.0957648068692773,-0.0870958070585774,0.0204061514947105,-0.245189332850752,-0.188942251797467,-0.0585949407946245,-0.326517016967867,-0.340321388014514,0.260833091995029
"CCAACATAGGCCCAGT-1_atac",-0.204074428098992,-0.101250118113319,0.365820943318676,0.569050958351339,-0.119747802305826,0.0323906526422037,-0.16720812808504,-0.297042667192081,0.0667483052651026,0.050356866584104,-0.414800032766313,0.209286634366314,0.272393989181584,-0.222964984070595,0.110061385607806
"CCAACCAAGCGCTAAT-1_atac",-0.265703351552992,-0.0816471282542793,-0.138015449870638,0.0286379507162336,0.0610934743149178,0.0453940507121184,-0.0719065571951812,-0.275219324000994,-0.447899714021923,0.23876464764088,0.18700077506747,0.141453514535379,0.522434223459322,0.470921773489074,0.0940844570590085
"CCAACCCGTGCAATGC-1_atac",-0.252901991114569,0.0452963683900394,0.268747133209209,0.484467221391643,-0.0479354263080055,-0.0800701578051789,-0.199200476293261,0.216547495864269,0.131240259668873,-0.245321529027651,-0.172870698113951,-0.243241308767002,0.0768019322329428,0.297247759105685,-0.520634795893876
"CCAACCCGTGTGAGGA-1_atac",-0.265101485126369,0.0274940076732764,0.21027824106811,0.354647538150087,0.0177286018160835,-0.110355538050298,-0.647563518150213,-0.0714677139422325,0.0627279411245805,-0.163487908862519,0.22417918159881,0.081982512851637,-0.195754907250959,-0.44217768255286,0.0235172147353291
"CCAAGTTAGTAACCAC-1_atac",0.384242977577251,-0.19937434148951,-0.0849520991789329,0.0137270845430919,-0.0311185639080979,0.024852086348577,0.0967874855161683,0.0686177145073748,-0.0865131654322439,-0.445519017933299,0.152006178665853,0.349563345143677,-0.205000524034421,-0.621664209360034,0.0988735405114995
"CCACAGGGTTAGCGTA-1_atac",0.131897327280894,0.73758235386738,-0.0544821382817885,0.185397055088274,0.0466177516894762,0.0632822426719947,-0.261602692582559,-0.00452317269170506,0.022061534164254,-0.183439515775367,-0.297098286716289,-0.126984824311027,0.0138240156530971,-0.147265388075443,-0.407668011104872
"CCACATTGTATGTGGC-1_atac",-0.486356005267557,-0.125089476113202,-0.175854398516018,-0.185727731751131,0.114425719903283,0.173793720708317,0.0111834980140876,0.0888213337946462,-0.282334062720275,0.33596208494755,0.306601263487512,0.261242538543913,0.000442685280328681,0.517418983938469,0.0923117081822203
"CCACTTGGTGGTTCTT-1_atac",-0.167409706999295,-0.0526409232231255,0.199952908853888,0.100048064862231,0.126362790733072,-0.281887422791252,0.729551745030381,0.0341328465568936,0.31410242598181,0.0667811001606538,-0.286097541421308,-0.215686164372098,-0.133899689168425,-0.20011575030308,0.030090761508617
"CCAGACTCAGTTATCG-1_atac",-0.087749303972623,-0.000743637413272089,0.25763675106972,0.322830131005685,-0.0365408864784391,-0.122964630198924,0.0101337532777366,-0.109709055064324,0.361686118860627,-0.117849952118127,0.0835465360253758,-0.210998482863617,0.468496207583271,-0.295090996150547,-0.538828335848529
"CCAGACTCATAGCGGA-1_atac",-0.390078588234999,-0.00837083500017699,0.315301021935318,0.414863374365085,0.0128497538363165,0.0877370954072276,0.123881786955752,-0.0808340857350321,-0.170470648179437,0.134792537739747,-0.109210449266962,-0.0539946035238719,-0.0702825646219832,0.359020207042024,-0.592107888939726
"CCAGACTCATTGCGAC-1_atac",0.333286551272165,-0.189280788246915,-0.19495761280856,-0.00950526246366518,0.346301612312331,0.174471557177555,-0.0395773491564615,0.136857085067998,-0.379716235923444,-0.0794918818450816,-0.0881199321813217,0.0354422012232612,-0.115115459775317,-0.686381680902383,-0.0208960700989466
"CCAGCCTGTTCACCCA-1_atac",-0.194990108166942,0.0393220164704488,0.187437083051331,0.35358021313389,-0.133103544252526,-0.037041559172074,-0.443473755424852,0.346060637667289,0.29223130265787,-0.379919612343593,-0.189387192663556,-0.192719054848484,-0.138582860920914,-0.352996575121658,0.134935028408509
"CCAGCCTGTTTAGCGA-1_atac",0.308113290853344,0.0860960801330835,0.0869561412748917,-0.00682608245865429,-0.408100256499712,-0.341174154582257,0.134756120696475,0.0422749229405922,-0.329831163583322,-0.341612024538568,-0.47843694395322,0.220115444278086,-0.0101484069598292,0.278081647656858,-0.0829530706891903
"CCAGCTAAGCCGCTTT-1_atac",-0.207786611239758,0.730804402372845,-0.347620802318767,-0.0671566699724891,0.0284943441642099,0.297762088508041,-0.0995659801455544,0.0754953634214915,-0.281793540106103,0.098867358384928,-0.0948586985155817,-0.0553481190962224,-0.0111973737775264,0.268917421964831,-0.136478511297913
"CCAGCTGCACCAACCG-1_atac",-0.703567402115676,-0.0449363132598288,0.00327502226037298,0.0882202028175119,0.0627638002258575,0.0641445925263337,-0.102535501109375,0.0463251080791143,-0.221796206992455,0.171753908123478,0.14228134448084,0.316381879254796,0.194140646151693,0.470773479800341,0.126941103697239
"CCAGGAACAAACTAAG-1_atac",0.410255408840732,-0.18353291502113,-0.0875068665743324,-0.00598181863703577,0.25543712203467,0.0948324253860418,-0.00273707444840433,0.506731766872614,0.305509433364011,0.0661005492000853,0.079947355231142,-0.0688025134487706,-0.032897233583422,-0.329854204432383,-0.490479725690203
"CCAGGAACATAATCAC-1_atac",-0.301458740000574,0.00810677820397129,0.255257886555304,0.360994862692833,-0.210205772959472,0.133609477585511,0.019235050954682,-0.10485942597824,-0.0612936779735077,0.00946394421690752,-0.424233037563024,-0.105233126836853,-0.0624309252320232,0.316542236411059,-0.584113698346759
"CCAGGATGTGGTGAGA-1_atac",-0.208537786258946,-0.0121892625776127,0.31350172632264,0.445965036965005,0.166199448654798,0.153166109226201,0.071578400720209,-0.092524139399154,0.0724995804357848,0.171887694481808,-0.211900535876358,-0.204970739023064,0.126160368350124,0.193771408803999,-0.647494218010926
"CCAGGATGTTGGTTAG-1_atac",0.278157754240404,-0.209456094451551,-0.258348213019672,0.00829461864359731,0.180848532306296,-0.043966338792736,-0.232548282280355,-0.168441593295149,-0.721725247502657,-0.133367327542723,-0.113433912751799,0.148409707050017,-0.126936762123854,-0.313537041791328,0.0828734882537727
"CCAGTTTGTAGTCAAT-1_atac",-0.254638260790079,-0.107219202413171,-0.164189388391353,-0.0971077829746397,0.15340290637704,0.0863420848820007,0.00357825749285439,-0.116910597697727,-0.196422136974739,0.206361988919029,0.269506144578362,0.574840449615875,0.177625905870906,0.543345523672932,0.177734834901335
"CCATAAGGTTTGTCTA-1_atac",-0.190139045764183,-0.026586622029212,0.0683081528638742,-0.646003551571724,-0.0249133481999265,-0.154934042020453,0.0849103865095961,0.0140703865332636,0.20508876423091,-0.164270651803731,-0.0461665548759596,-0.155054174111845,0.13390414001023,-0.324857169367435,-0.538923765895111
"CCATAATCAGCGCTTG-1_atac",0.094477651679909,0.0152645060628563,0.401560926770729,0.0519341618716432,-0.0516221254333218,-0.0470032648317852,0.217128223245035,-0.202946856875941,0.158753681140911,0.0580748290375096,0.0222353956370694,-0.47689784687946,0.00769820811322543,-0.0346424224579488,-0.689873643692903
"CCATAGCCAATAAGCA-1_atac",-0.206155507737155,-0.0343158248877111,-0.00532776208663862,-0.754565134846093,-0.1295479702679,-0.0313515018887576,-0.070322172816882,0.140189263730605,0.162803792521271,-0.0431383841970994,0.202701443927754,-0.0489813948059862,-0.180254986653211,-0.372270672378281,-0.318796503913106
"CCATAGCCAATTGACT-1_atac",0.295426328964286,-0.156859049716833,-0.010561416840228,0.0824516213109234,-0.120807155595236,0.524917737932875,0.131679365462538,0.332411580859936,-0.230152779367364,0.428923822415369,-0.306925713689792,-0.340453049110603,-0.0520374069450214,-0.1155951602993,-0.0105376473340691
"CCATCACTCGGTTTGG-1_atac",-0.198811325517709,-0.0373427289987786,0.0311033651208068,-0.0978934462786684,0.099861198927132,-0.182773563588661,0.726925320954165,0.128237870913035,0.0246313015420686,-0.0224585392488615,-0.228790134720794,-0.0474705491464312,-0.310545134374393,0.0228095969318741,0.455650303339633
"CCATCATGTGCTTAGA-1_atac",0.310537279966045,-0.227616514656242,-0.25166087114226,0.146853181078599,0.0458148139754283,-0.346875270066055,0.202775681940828,0.0109875674326802,0.302194287167788,0.0321707097841218,0.206954930672473,0.549618056002085,0.277836039121292,-0.207769406052305,-0.213472321059279
"CCCAAACCAGAAATGC-1_atac",0.380551433566245,-0.194080941833023,-0.0442213256352886,0.0476441568612732,0.0848007386793398,-0.0704873280253177,-0.198777426897027,0.17100027167929,0.0688187006179901,-0.124390109265647,0.646584788146718,0.181599529143623,0.195492885966032,-0.430157648301917,-0.194582257956015
"CCCAAACCAGGATTAA-1_atac",0.131477542793492,-0.178198926560521,-0.233646887659138,-0.263286420679258,0.231613570071754,-0.164637036251604,-0.336545847173171,-0.314909343025205,-0.0729818675957702,0.410668862546146,0.10471141571544,-0.399786318390096,-0.314430346344457,0.27216509813591,0.127113562628944
"CCCAAATAGTGAGCGG-1_atac",-0.118153540078221,0.0314500086862504,0.227135042967214,0.350561035996498,-0.136008652688996,-0.296693366484786,-0.374210981196461,0.188084246878959,0.342698714657609,-0.27652759292831,-0.203540707917867,0.110898617367721,-0.479338685296686,-0.0659394477893643,0.216521575678651
"CCCAACCGTCCTAAGA-1_atac",-0.284496823268321,-0.00962361854691862,0.400156370826276,0.446912349126134,0.178577042820157,0.125339602365127,0.191139719535363,0.0368917467697263,0.288589562301965,-0.222840677756434,-0.147929805987558,0.0662657471575965,0.0119982147991809,0.135277633753974,-0.544019971934746
"CCCAGTTTCTGTTGCC-1_atac",-0.216571383733367,-0.0118111094029541,0.0230364439408579,-0.508051697176941,-0.0295481295695741,-0.116303577535228,0.386649480828836,-0.0403034997547787,0.197963940200743,-0.210918019930287,-0.0350434542375964,-0.16427333362246,-0.186228317808354,-0.364179682055946,-0.499590421956703
"CCCAGTTTCTTGGACG-1_atac",-0.224984574316513,0.0598537112640558,0.00113999805564868,-0.175832334247238,0.346825049274385,-0.132624890712399,0.617893931381407,0.0888938073211961,-0.0794659274972012,-0.250597139643968,-0.16940986833144,0.225987989422782,0.262688849201292,0.399779115893594,-0.0979610201301184
"CCCATAACAGGAACCA-1_atac",-0.657778413009016,-0.0217326675030602,-0.120035790002436,-0.195119519688289,0.0821479469370112,0.0360478644516872,0.0663146474776062,-0.034260189012581,-0.25062919608671,0.206632023864234,0.212865597050997,0.318877061946319,0.15157779753682,0.354026154040694,0.316131980741021
"CCCGTAAAGTTAGAGG-1_atac",-0.159830252292706,-0.0165613858709148,0.207219542585937,0.000291603423636334,0.178457634932088,-0.10449559204936,0.628537990342415,0.0177048875354712,0.0382834378859627,0.161876854853172,-0.247549666921251,-0.497728332043488,-0.118591992015665,-0.316372725937035,-0.205572936852506
"CCCGTTGTCAACAAGG-1_atac",0.37555648355768,-0.202017803499387,-0.262774823704604,-0.0710372387410994,0.0896149612074616,-0.010521651974886,-0.0134610302490007,-0.135774506903963,-0.449832163248757,-0.0707466744188668,-0.292922963703633,0.169607796510237,0.28348323756117,-0.560071021907466,0.0363970476584735
"CCCTCACCAACACCTA-1_atac",-0.107109343306869,-0.0407455942793973,0.0903774682579045,0.0925888207149105,0.158517315287542,-0.25976281398656,0.750795580042166,0.1527524134989,0.0317526478524795,-0.138014635502551,-0.157529782590098,-0.394113904772152,-0.141384603791769,-0.23583707869013,0.121195876768534
"CCCTCACCACTAAGTT-1_atac",-0.0377474300643624,0.017421414797281,0.265073995573666,0.345657733720422,0.0964921945168405,0.044783306868972,-0.222133492294246,-0.161606049187309,0.217488024457339,-0.132554058253309,-0.126190938408328,-0.160764674931317,0.467015716508284,-0.0759180446414483,-0.625494812415303
"CCCTCACCAGGCTAGA-1_atac",-0.244909011294349,-0.0342623049223371,0.0173939616057549,-0.767989843201245,-0.126801238908817,-0.0940978424086606,-0.060618346760825,0.125612549225496,0.0979665240142238,0.0846296422598749,0.0765721632852222,-0.234445065325801,0.0289607607516703,-0.45014232981388,-0.152625106355582
"CCCTCAGTCATTTGTC-1_atac",-0.279323856164379,-0.111011016410066,0.179435055653981,0.16523469551576,0.21349170815157,-0.0196871112974405,0.660611491733148,-0.251838055312364,0.0427009119437463,-0.0789404634343376,-0.263157319532131,0.0349680325455432,0.380636368546917,-0.0754730271675456,-0.274316108235183
"CCCTCATAGCTATTAG-1_atac",0.405273383050548,-0.219116792262046,-0.0364015632457795,0.106859583451985,0.0533681255735175,0.405069387569553,0.0625037696852226,0.537225761549751,0.275628104036513,-0.187051210811318,0.148351261990063,-0.14408468923079,-0.0706548340034649,0.339680317261573,-0.203586200362425
"CCCTGTTAGCTGTCAG-1_atac",-0.275603224846947,0.0611634959593378,0.23783009261391,0.339502620465787,-0.159820375508515,-0.0342471918265028,-0.301074102140377,-0.251862535993035,0.0926680404102082,-0.358874532226315,-0.0472726725230811,0.327000348176324,-0.0994369865545106,-0.510325724168277,0.225429910295868
"CCCTTAATCGATCAGT-1_atac",-0.127156377269311,0.0349220794157167,0.042906796975609,-0.782370379001937,-0.298569361063114,0.0296297126298853,-0.361839767338481,0.0479100181578251,0.177890595684283,-0.0661931890666816,-0.110971662905286,-0.149332437321781,0.0855249098295917,-0.221564698545388,-0.135555950293775
"CCGCAAATCTCGCCCA-1_atac",-0.375344724328882,0.170559795549956,-0.258118583837855,-0.107498167459812,0.0912295966567742,0.289028603096035,0.0173094220821613,-0.125520978515514,-0.132585128845099,0.330177332636837,0.142016381851262,0.159995367479493,0.179303662944771,0.653134906230042,0.113274281670792
"CCGCAAGGTTCAAGCA-1_atac",-0.247263728628138,0.015629093163357,0.328842275667712,0.55573238229765,-0.147753657585015,0.160113723819125,-0.426833575637369,0.0939927741856138,0.397569805070525,0.00301947382844213,0.0602703206749294,-0.185506082543409,0.205939276278408,0.104449743881092,-0.183616301901594
"CCGCACACATGAGCAG-1_atac",0.16891914175782,-0.374791652723086,-0.257975726958218,-0.0402436716880063,0.13714440000704,0.497860110146997,0.125296218161083,0.0383457604305961,0.0580851022976726,-0.156438094020506,0.519257916403892,-0.0918691410222692,-0.402645113008772,0.10449801377349,-0.00502944595076791
"CCGCCAACAACCCTCC-1_atac",-0.16013067123327,0.00663539142151569,0.107452859154671,-0.00826231710136472,0.166732728320298,-0.158527537835392,0.589401390701094,-0.147853987183176,0.127302457027799,-0.0426078225355651,-0.0994436179477311,-0.161520064241724,0.109762912095795,-0.526389867146791,0.444275677410719
"CCGCTAAAGCTGGAAA-1_atac",0.156768783190123,0.778283911683607,-0.262929757539454,0.0548921965206524,0.135376713444347,0.169118104037473,-0.000823691897878206,-0.0295837851186829,0.314731929895894,-0.179832499994572,-0.215869200686622,0.177703063923005,0.115417078296075,0.0248096406909843,-0.161982707749334
"CCGCTAGCATGCTATG-1_atac",-0.243018842653855,0.0890943811163666,0.181004497284389,0.459966108210281,-0.25129389655883,0.221113894779128,-0.466188968744082,0.161225400930199,0.101253075218924,-0.336848159567072,-0.0406228156597952,0.0572156325263861,-0.333433187196753,-0.293332114831572,-0.0862710479547611
"CCGCTTAGTATCTGGA-1_atac",-0.0563538154713519,0.0501821905145503,0.155090002348904,0.0302579525939507,0.0780331381266927,-0.168829138187117,0.631764020536048,-0.0365562070064333,0.143122051571525,-0.0772705028837942,-0.1509006057749,-0.473242247099605,-0.0784301819168587,-0.342449793936686,-0.37104708046808
"CCGGTAGGTACTAAAC-1_atac",-0.605458128762139,-0.0219665756421621,-0.0826201300535588,-0.0589950856537206,0.0529626900630021,0.102943016944014,0.0370659924684074,-0.0456254968933036,-0.253883510452065,0.280650950577788,0.230190757296392,0.301902271938446,0.163879646691728,0.468004262493542,0.269322195539995
"CCGGTTAAGGAAGTAT-1_atac",-0.168425420464941,0.00443924485095333,0.135164662505716,0.137972209921223,0.123744189315666,-0.0816353388511651,0.721898205956699,0.0294329071336063,0.230829514559679,0.0415155286824419,-0.496418480461403,-0.255639767603264,0.0622147312578893,-0.138756753754252,0.0203512526776837
"CCGGTTAAGGCCTAAT-1_atac",0.269150678142107,-0.254998399000857,0.0292186861303003,0.266061160733764,-0.12098172343133,0.1950243493927,-0.406333834554504,-0.091523376618321,0.109053250653993,-0.171945166205778,0.174513346876836,-0.170399850739048,-0.219174840443368,-0.629768900367677,-0.138352523204851
"CCGGTTAAGTCAGGCC-1_atac",-0.140946358193341,-0.0402443175301959,0.104746695755719,-0.0987222918328271,0.095092205615777,-0.341164603423245,0.592276079339446,0.00134588153797925,0.294708130887228,-0.0334898497718682,-0.109933560062526,-0.132459790312713,-0.0695618669379288,-0.353922551133254,0.483593337868097
"CCGGTTAAGTTTGGTA-1_atac",-0.300220907837465,0.018521458693314,0.22196946889852,0.512790479172444,-0.043035619474188,0.155094376885365,-0.233591439720881,0.344434996857247,-0.0732806855041591,0.323613188496432,0.0548785100047111,-0.250289296351629,0.181554615886219,0.0810217778831722,-0.427685093205214
"CCGTTACTCTAGCGAT-1_atac",-0.233559826967677,0.0725414196834734,0.24152798528097,0.534544521551261,0.0115250458123813,-0.0738241392183273,-0.272705048248146,-0.101281654237836,0.0747130180538518,0.345095805707368,0.0715117976703317,-0.275767230348239,0.360816107259936,-0.171746604309382,-0.374680233468183
"CCGTTATGTGCTTAGA-1_atac",0.235217537247083,0.0339478018028109,0.157515476825155,-0.0551465835179342,-0.185443208891427,0.178242001270449,-0.186650617643002,0.0277800529326706,-0.498776428573417,0.0511383620921755,-0.301924360909637,-0.202855197928103,-0.174700489827368,-0.508638871822159,0.375450442499687
"CCGTTTGGTCCTTAGT-1_atac",0.317132216191502,-0.137472958195394,-0.0999563669097645,0.0595869513052615,0.251426530571889,-0.148311125154965,-0.195331674626293,-0.512161127521525,-0.51374486175076,0.216012377609112,-0.265827116258654,-0.11005510317099,-0.126757316863296,-0.0579691827373482,-0.261748608662207
"CCTAAGCCAGTAGGTG-1_atac",-0.255825115801922,-0.0155507929675257,0.322655631290384,0.356279695456613,-0.150765516074853,-0.342144911016401,-0.639669367229001,0.0574912155345434,0.0801683310388089,-0.0599244038595777,0.120566001744383,0.0664430264852845,-0.18681007696406,-0.079761033970223,-0.284193113108838
"CCTAAGCCATAAGTTC-1_atac",-0.17663257582698,-0.120405658729531,0.333830049178007,0.465223424757298,-0.150493710215879,-0.0825097794443237,-0.551429553916096,0.248659665263079,-0.0309655211782803,-0.330190276345098,-0.125745724160957,-0.0680228319423713,-0.16458042608263,-0.226708366041293,-0.14885797411835
"CCTAAGCCATTGTGCA-1_atac",-0.635132908622539,-0.114271651000072,0.0189492560683391,0.147797815854894,0.0159561402528549,0.0582290777332267,-0.16709822602211,0.259262335987165,-0.31330303675709,0.0791467237716506,0.0173639779748924,0.428491332615119,0.114636356883237,0.196538737786243,0.349946586247412
"CCTAAGGTCCTGGCTT-1_atac",-0.348490074087554,0.0454041955007847,0.352862736517593,0.249305453265767,-0.00987630792834644,0.0319804315697378,0.231282375414879,-0.0280270851454275,0.644279069044622,0.148929712641287,-0.159509304890019,0.284102904671889,0.0419507645296793,-0.0175470373668485,-0.29821039758996
"CCTAATCGTGTAACCA-1_atac",0.32668711972609,-0.0656001041174473,-0.186098294479168,-0.100627934351164,-0.136112564029727,-0.389757837749087,-0.131301946528382,-0.608593868451177,0.176978945048877,0.424852133937086,-0.0290369531530731,-0.0543400400304084,0.19413757677239,0.149810618200917,0.101978470138003
"CCTAATCGTTAGGCTA-1_atac",-0.351395007731389,0.0154526929452328,0.253662132060824,0.396949561438047,-0.142530205716772,0.0340950758313328,-0.645227153723624,0.0914387452911439,0.0204621720509886,0.036044593839833,-0.21227167789811,0.100319622601196,0.0101937867023058,-0.387841066928733,0.0291043268944799
"CCTACTGGTCAAGTGC-1_atac",-0.174209459970729,-0.0015002700851325,0.29621860716535,0.58688347746367,0.0161529023379991,0.0522268941625361,-0.423911926803424,0.294241946734027,0.274636717568162,-0.240789505514424,-0.226766937679563,-0.0299556106915921,0.0564373460785242,-0.2774724888985,-0.0479715842644154
"CCTACTTCATAAGCAA-1_atac",-0.133073238500622,0.0377571795452266,0.21989962991187,0.239186372688221,-0.0775390557544251,-0.147485074154949,0.257630506134887,-0.0961653139098757,0.218260555692729,-0.0365271865161374,0.0566704276802836,-0.267661137836362,0.226170497203745,-0.190291244441832,-0.748815573951372
"CCTATAGCAATTAGCT-1_atac",0.434900949889114,-0.180436154134537,-0.0754289261075363,0.0196707188184694,0.331752782075317,-0.298729822495164,-0.30956490269,-0.388755947354715,-0.392023603190512,-0.0263091428626625,-0.00365137770052626,0.293950511785944,-0.185960369350645,-0.217608231871799,0.0568942282477539
"CCTATATTCCTCACAC-1_atac",0.165826927233496,0.268450344544227,0.0935556364280375,0.0147454039238367,-0.0768505979651253,0.0902846543131926,0.0118372875487186,-0.0377593407918792,0.174805580136262,0.0755542417228841,-0.159435125458429,-0.267769981777864,0.229803714751005,-0.396202385019002,0.729842929951362
"CCTATATTCTAACCAA-1_atac",-0.234899658983518,-0.0461386698167901,0.0891365727362321,0.0291406870127074,0.367097852352225,-0.209109770166655,0.632621077305375,-0.0797956672853097,-0.0249860126301664,-0.065035375172729,-0.354398281299139,-0.160684760940114,-0.306026511132572,-0.237319959375636,0.206372809007719
"CCTATTGTCCCTCAAC-1_atac",-0.32630818625007,0.00573129574715273,0.315953384316481,0.405978666428331,-0.116265894849688,0.108520487175034,-0.602954792304696,-0.013563089753439,0.110326342848231,-0.387883076801784,0.0991028529726192,-0.15307120593283,-0.0448607191424911,0.203574519913694,-0.021899446155581
"CCTCAAACATCGTTCT-1_atac",-0.234192382429668,0.0290267562992262,0.0321783138333582,-0.760364025504432,-0.0598681749456794,-0.123419183179757,0.142037400764843,0.158864925816701,0.0323293640826436,-0.0697450092257747,-0.433106505614691,0.0372677974822517,-0.0760631627547198,-0.315478872094706,0.0264780617511629
"CCTCAATGTTGGATAT-1_atac",-0.0708598763044771,0.0167572992401114,0.299298362273668,0.314841588837694,0.0637996982801869,-0.179143705310779,0.336999346488006,0.100466787728155,0.101812015552014,0.0759845371901374,-0.199630000866483,-0.202005457929859,-0.0294698179308948,-0.128796501987902,-0.729324100611317
"CCTCCTCTCGTGCTAG-1_atac",-0.0721507805377049,-0.00787608546015012,0.294902212235164,0.515522988089416,-0.0150587633652252,-0.12399958865689,-0.0529125822337666,-0.22070946637011,0.284920286040479,-0.344717718117106,0.0821676847977713,-0.338159882308521,0.383651388331334,-0.122225643961439,-0.302729065421639
"CCTCCTGAGTTCCTCA-1_atac",-0.0952120448831487,0.0351302866812201,0.0569539285388015,-0.790232146045282,-0.331663983534951,-0.00367280112112781,-0.402159389208808,0.0636977087704434,0.124334751392145,-0.0468055896205161,-0.0183910772308969,-0.0954370729442996,-0.0890503529445721,-0.18064125892795,-0.136118642917824
"CCTGAGTCAGGCCAAA-1_atac",-0.283677879995303,0.0667746026928655,-0.00949808204692921,-0.622912182127476,-0.0241916405546074,-0.0376315829018225,0.327352103602412,-0.0385567445860425,-0.0849217863776428,-0.389724333844967,-0.310899969470952,-0.234071926056505,-0.16405195310421,-0.169420428832312,-0.22394032696331
"CCTGATGAGGGACGCA-1_atac",0.338436872683523,-0.196552233105195,-0.112489381032349,-0.0478600428035691,-0.0410447369289809,0.315922485769425,0.318039716645664,0.0360027143131811,-0.0358538908721847,-0.457862686074352,0.474728734663453,0.293805379814393,0.0470208560627207,-0.125938588765398,-0.295401272040347
"CCTGGATCAGTTTACG-1_atac",-0.621773814112191,-0.00904764746138073,0.218209657958949,0.342363197260923,-0.0438236913901235,-0.135177422958394,-0.330304486712781,0.276776752549684,-0.142646950544041,0.0463375087585576,0.0789627397023334,0.0120749050808665,-0.168380926841924,0.223676603208936,0.36786951495949
"CCTGTAACAGGTTAAA-1_atac",-0.087025026223843,-0.0215359904227483,0.0961556020628315,-0.109117743143473,0.208232388472146,-0.26588923311223,0.6340777118408,-0.0437461162003652,0.305566738052927,-0.0572967559149563,-0.206485620013926,-0.201182904197417,-0.21964089401937,-0.469755135155611,0.0640886404406767
"CCTGTTGGTCACAGCG-1_atac",0.171925349301398,0.742135707714876,-0.350873066427886,0.0558707647766472,0.154502434535998,0.0850096814378938,0.0814565841071939,0.103724816674899,-0.0704436301190536,-0.0326354978175693,-0.0635087451133743,-0.103886081515632,0.266348134099849,0.117905455283038,-0.37316895542348
"CCTTAACGTTACAACG-1_atac",0.156360022777156,0.0371369840175421,0.186028667087162,-0.100382795332742,-0.36964779402847,-0.323964924976016,-0.183557580820797,0.150291232485764,0.0450941574876529,-0.133703556621493,0.128756206643487,-0.0132927125989847,-0.368746814232836,-0.0302434184974335,0.67680244858819
"CCTTAGTGTCACTCGC-1_atac",-0.175456415573885,0.13040568142202,-0.0916668199053787,0.0371282797827367,-0.236786334370956,-0.339313802519965,0.0313488829282066,0.377912437792817,-0.431293421077114,0.540312530507906,0.21112293627756,-0.0591817009929994,-0.0228204084606013,0.205099928337133,0.242512136482976
"CCTTAGTGTCCTAGTT-1_atac",-0.528359913373228,-0.0422196202780903,0.0246466874654992,0.0840042808609285,0.167021732437533,0.010088854004587,0.488821641089659,0.0266195393903626,0.0330484330118643,-0.0680224509570285,0.477889024734182,-0.273485048210824,0.238001754084219,-0.0194245853985379,0.278966830754565
"CCTTAGTGTCTATCGT-1_atac",-0.216531295739761,-0.0636270293730604,0.343645259701689,0.533615200917526,0.0317402123227015,-0.104797680308828,0.0665349896334151,0.0418346973796901,0.565947025606815,-0.100118689667902,-0.207334088437619,-0.111790298439576,0.256689532523373,0.0985730601679065,-0.25816867188049
"CCTTAGTGTGTGTCCC-1_atac",-0.145870225303931,-0.0213237416018684,0.131782684451967,-0.087424375384588,0.273307935669758,-0.0740001548449634,0.787056101218471,0.0702680423764009,-0.141377710906381,-0.124474805833696,-0.308251020525062,-0.219349400929043,-0.147032593185927,-0.17567156571529,-0.132648991659845
"CCTTATGTCACACAGT-1_atac",-0.102832903509408,-0.0196940062176931,0.0448129283526405,-0.668071303159179,-0.186809377131313,-0.178265208661583,-0.0581944545380398,0.240929383383831,0.246124295976357,-0.178552649127491,-0.031527801898257,0.080958165339178,0.0137404866590696,-0.520229036774,-0.204369246752501
"CCTTCGGTCACAGACT-1_atac",-0.246861727523501,-0.170022648787538,-0.168776126065343,0.0284534241445762,0.015042802924262,0.130856904770301,0.102099630517374,0.0600929912524531,-0.139300170524018,0.089586727320007,0.528404375659332,0.482275940020568,0.362233136978269,0.421309127094868,0.0390573790177397
"CCTTGCGTCACAGGAA-1_atac",-0.269480580368105,-0.0188572537333004,0.187944882159479,0.393409009367162,-0.149603545142665,0.0562532662257382,-0.561578303666259,-0.0957356026772202,0.323049824010497,0.0583360871756581,-0.064250071219441,0.310528653406426,-0.111117507536679,-0.388243448955656,-0.124294270662479
"CCTTTAGTCGATTATG-1_atac",-0.104713833414588,-0.000471685280223095,-0.00628733038883907,-0.749443118769035,-0.304461037950611,0.049585872717617,-0.467304132696374,-0.0290555037493452,0.162752671053605,-0.170799465636389,-0.085588100842231,-0.14847760031158,-0.0959649634485649,0.0869698040738573,-0.105606739592788
"CCTTTAGTCTAGCTAA-1_atac",-0.09769932116261,0.092261800211912,0.209174128714083,0.181168028579882,-0.0874248980013839,-0.173502054268422,0.660776442997505,-0.115634911265047,0.0933668202188922,-0.0559874155368656,-0.433357363468738,-0.121604005635647,-0.0732472405359784,0.000585111622333205,-0.44476996654039
"CGAAATGAGGGCCATC-1_atac",-0.145211080058769,0.024795480174504,0.0695812566371978,-0.793732154600084,-0.264412587953301,-0.13889129059299,-0.213760410299672,0.00515651563073611,0.060236931563221,-0.344662939937355,-0.0890918525588047,0.0483625658682643,-0.0149769655021726,-0.274035622355503,-0.0224627259819198
"CGAAATGAGGTTAGCT-1_atac",0.414961981374103,-0.26359933788308,0.0519303878845787,-0.173297408852648,0.316483207622671,-0.157970251248143,0.167001568599825,0.378016058687572,0.126457587202282,0.13538478469013,0.511030793604981,-0.0715057194483937,0.0571982145854584,-0.026763500681425,-0.353719208582596
"CGAAATGAGTGAACCT-1_atac",0.278126078071044,-0.200186838609955,-0.120894715092374,0.0852579230383181,-0.015668516102483,0.117379854412559,0.0857994268959615,0.156740688584324,-0.502513276777653,0.180257989772654,-0.0899104191457848,0.678952586143534,0.184990545106002,0.132281391804085,-0.0945571188270262
"CGAACAAAGGAACACA-1_atac",-0.329830875746634,-0.00628918936112543,0.244956217377075,0.45674644066954,-0.265091505482572,0.00198641643746381,-0.265469170816479,0.0767135240697044,-0.0552085913334846,-0.0356565467504488,0.509139018520114,0.049728978166626,-0.122943107612422,-0.320111595753152,0.303831452732603
"CGAACAAAGTCATTTC-1_atac",0.409558074698507,-0.182322923776441,-0.154417124363419,-0.043176976676126,-0.0728493100535238,-0.159430380478226,0.096818050898865,-0.0107423348873951,0.273203927566708,0.122486941017171,-0.173848794478229,0.340583551844978,0.4570496523045,-0.493303430175012,-0.21211030052621
"CGAAGGCCAACCTAAT-1_atac",0.168977524514291,-0.118979214980744,-0.090212129175305,-0.0807974909795167,0.265098765632631,-0.182708814619443,-0.323683136935198,-0.294641040135138,-0.180516546536318,0.56800496130324,-0.324327318174421,-0.145058216299936,-0.374769565308857,-0.0204300558549865,0.158317808006854
"CGAATATGTGTGAGGA-1_atac",0.178095082359043,-0.379861837460041,-0.0917950677954186,-0.0589109875961181,-0.029750961689843,0.0546059290567613,-0.0268139904815165,0.344839492000386,-0.540961810480181,-0.248652195291426,0.259589662896726,0.018048760928748,-0.241736077803584,-0.0126268014433992,0.455866407744582
"CGAATATGTTCATTTG-1_atac",0.331733837651717,-0.0692636835607936,-0.0287918566686192,0.0160987823483073,-0.281906433576243,-0.316936264436809,0.113432282019488,-0.245332632634059,-0.403249236803328,-0.431519268939879,-0.0794205254924651,0.183546841075366,0.275055547856432,-0.385762326742862,-0.133447475506283
"CGAGGCAAGTCACCAG-1_atac",-0.081867566368923,-0.0031411076401792,0.434882815705659,0.552108633386357,-0.227742685903261,-0.232752718919087,-0.158986148403313,0.00445998966627244,0.26676275096694,-0.20756081053574,0.229048879749794,-0.310540104058469,-0.25933876696124,-0.0170824338986631,-0.193165669857056
"CGAGGTGAGGTCAAAG-1_atac",0.293321345203667,0.0427869541125241,-0.029497814774221,0.0408986260628689,-0.527191166138113,-0.465812310233591,0.149406570572304,-0.0495506690337727,-0.319293091305686,-0.232894082546192,-0.190763797956718,0.0194894789811428,0.137743302697769,0.301354407288777,-0.295218098516077
"CGAGTCGGTATTCGCT-1_atac",0.406462301003027,-0.11939393008867,-0.102442578830688,0.0609300839557681,-0.165924733504757,-0.221945779455748,0.0701384465981227,0.114768636909662,0.391092876486046,-0.229691379537957,0.291207826251159,0.456388209413488,-0.0791567536017784,-0.102801091432899,-0.442500308070515
"CGAGTCGGTGGCTTCC-1_atac",-0.083436206724085,-0.0203642795490162,0.163827945720634,0.349135773096334,-0.297699620674303,-0.0661455468984033,-0.267904392804261,0.0541869577686101,0.201275001437887,-0.399626913837665,-0.00589110546876879,-0.337913035572124,-0.509895002967428,-0.302223084660941,0.102049477791909
"CGATGTCCAAAGCGCA-1_atac",-0.163516707844641,-0.0323637770998556,0.00745144788996463,-0.667904968645011,-0.247619570043353,0.0107493895153933,-0.234014280091679,0.171630219967704,-0.10634414558945,-0.202184081127434,-0.23168456373474,-0.0970028874170367,-0.327084288542408,-0.372936738828001,-0.138097662011644
"CGATGTCCAACTAGCC-1_atac",-0.322669524517095,-0.0217167761261907,-0.0244857030270691,-0.698777066768596,-0.0164250211186017,-0.105768211534069,-0.0875105822771073,-0.115011846350794,0.407783124538567,-0.329890965242836,0.121071108809268,-0.187650824788887,0.160687866557128,-0.0365787916524378,-0.148447056858028
"CGATGTCCAAGCTACC-1_atac",-0.148315110220521,-0.00545756952351326,0.228412094595711,0.423789621320163,-0.025006527727877,-0.183687467526126,-0.530414450168661,0.117141576283361,0.239767096023508,-0.317999531009066,-0.207520426548906,0.0719864761307256,-0.26887539600539,-0.1585696088098,-0.335377434047676
"CGATGTCCAATTAGCT-1_atac",0.289935735446483,-0.270174163657668,-0.203322298969947,-0.015005440066147,0.234585226761369,0.502247742857144,0.00616396575315378,0.313606378921004,-0.00677151439267729,0.309404844757501,0.0546215540797062,0.192575601889332,-0.0205008512555287,-0.0477688959087266,-0.50710930835591
"CGATGTCCAGGCTTGT-1_atac",-0.112689378215753,-0.0106554256110812,0.120261639110513,-0.217525228361094,0.041300079439184,-0.326476454194309,0.419741128970693,0.190655920937318,0.254337192027921,-0.078038045694154,-0.234981429818395,-0.600178229435239,-0.320856295107391,-0.0965873879371998,0.0780845887085367
"CGATGTCCAGGTTAAA-1_atac",-0.0877793408639559,0.151657387705584,0.154135035419538,0.0930209557812219,0.0658223797033965,-0.207787544155776,0.659779202259533,-0.0424825618758202,0.281336376672587,-0.153258868246787,-0.448183092355517,-0.137285461435683,-0.00633072633516356,0.122012373448323,-0.339089643956841
"CGATTCCTCAGCACCA-1_atac",0.251053125167048,-0.353993219921544,-0.143230374218876,-0.0411312089737117,-0.075306871032271,-0.0968106744008104,0.107776210573915,0.0391773815832694,0.427774696925598,-0.0943454805214868,0.641642532007307,0.0141096151886354,0.322102465358734,-0.220374406922942,0.0717568344059449
"CGATTCCTCTTGATGA-1_atac",0.319170432344727,-0.0737710516565226,-0.0849555540427094,0.0344896297042946,-0.0718104803002897,-0.393860410935469,0.158815063141613,-0.167233117560512,-0.255553829135952,-0.61698054814781,0.164224350613802,0.0183115247762384,0.323602660608843,-0.19455536438691,-0.234437626339735
"CGCAATCCAATATACC-1_atac",-0.161785489762591,-0.0198266417463501,0.0579359485982239,-0.146013497962662,0.106530856325109,-0.143608819371595,0.672996363215919,0.0862108074947108,0.136650599631026,-0.141574250471853,-0.343665504894377,-0.214481240389076,-0.229118607798399,-0.150257043822364,0.422527829975284
"CGCAATGTCCCATAGG-1_atac",-0.357799356802196,0.0500402569082248,0.168468969690209,0.17623828768574,-0.165054611176392,0.125575778177641,-0.354905316690253,-0.218577434069028,0.0072188273367661,-0.691176936218545,-0.146389533043945,-0.254071196920098,0.0333564037090495,0.0765616741623691,0.15017859099798
"CGCAATTAGCTTAGCG-1_atac",-0.313040701543592,-0.0146954380116229,0.25998880353842,0.396602040913193,-0.0972240942448736,-0.0738419503957705,-0.58929382446632,0.100200978527981,-0.0337916580724136,-0.125001481309496,-0.230940903287016,0.204706177534126,0.0292181596581184,-0.242393514321876,-0.364795446256082
"CGCATGATCCCTGGTT-1_atac",-0.185851744029358,0.0134490754406202,0.0264591297146824,-0.751409373210699,-0.115291209915879,-0.00827069726358137,-0.161623592455163,-0.166068187578506,0.157170573444162,-0.27164315914499,-0.144844060559611,0.266367941212075,0.0464081522936916,-0.0185849584558862,-0.37413557636765
"CGCATGATCGTTATCT-1_atac",0.463145936281869,-0.145351264741461,-0.0484429652321078,0.180166612817363,-0.19631303798208,-0.377640918141789,-0.055144239254312,-0.26943177943207,-0.418473501786775,-0.409030645956282,-0.239053002182081,0.0511184179784775,-0.115570210442182,-0.222391981813573,0.0881818621196344
"CGCATTACAGGTCCTG-1_atac",-0.571744435385948,-0.0459539721991055,-0.0760815939171149,-0.0480522961652539,0.0341567637557561,0.154974208415963,0.0249111306539643,-0.0055338101683656,-0.200857961412065,0.274762454533649,0.358550649570376,0.327614149181215,0.0710518646630658,0.478612615543333,0.226313707738577
"CGCATTACAGTTGCGT-1_atac",0.410865294908737,-0.235492250071247,-0.0797599453132918,-0.0716649870010609,0.182639446829475,0.435190802852548,0.04987530850859,0.233920247555799,0.362969964318495,-0.0272974816936353,0.269359861062341,-0.159886846492298,0.28374216869818,-0.289179307910211,0.299225638872652
"CGCCACACAACTAGAA-1_atac",-0.188945002476066,0.0179120669631877,0.241135387812217,0.373063982829004,-0.0969954059726353,0.188839060984119,-0.506773456555131,0.0832432125219343,0.0817728150504231,-0.152979526113018,-0.420319185734402,-0.0865188909289034,0.0304156448801495,-0.291535076414796,-0.397086624825342
"CGCCACACACAATGTT-1_atac",-0.67210769104748,-0.0498920771740225,-0.0370151862418498,0.0330811652293118,0.0169643660969876,0.0921116953622514,-0.0253918162247083,-0.0763787926533338,-0.177094236821033,0.342619572848375,0.299935955383531,0.345452571789138,0.19577387188551,0.354994397311703,0.0752907576622577
"CGCCTGTGTGCTAGAC-1_atac",-0.503493104021252,0.0501679760994962,-0.164707868885996,-0.606221753371316,-0.254753733597669,0.120888742231449,-0.268321110913969,0.0860966234203825,-0.0494087790993906,0.291317457439824,0.094899067099295,0.208283400945503,-0.0989453768043888,0.0139923356227316,-0.201844253281176
"CGCCTGTGTGGTTCTT-1_atac",0.62272508600875,-0.246659766836208,-0.152530011639429,-0.144207352890204,0.286771159844703,-0.147592435588529,0.00248234005006921,-0.172496934870104,0.085818406404405,0.237251853428756,-0.246960169984465,-0.0117729743791016,0.0266511408069317,-0.493834091977891,0.0645377320987179
"CGCTAACCAATTGCGC-1_atac",0.333005479733629,-0.280909295251841,-0.146595052702579,0.0411557602736198,0.481003301586928,0.184934300663418,-0.00209992571959311,0.412526754960308,-0.372968574732804,0.414188535777778,-0.017386684398529,-0.0603299000947594,0.084615321232681,-0.106236902766239,-0.134981778910953
"CGCTAACCATAATGTC-1_atac",0.262571337992416,-0.225439348135598,-0.180187156563309,-0.0975662261850104,0.0173138749286164,0.144179501053403,-0.0310597612662327,0.0855072965421662,0.117916032104481,-0.396986835480926,0.494606670060813,-0.308283825861234,-0.483325241442786,0.00452716904443195,0.25314404944577
"CGCTAATAGCGCTAAT-1_atac",-0.320144703710545,0.492710963402682,-0.317886934157066,0.0222154814053266,0.113064407470205,0.197218713779282,-0.0716495888874979,0.0842452996632339,-0.117609785949989,0.122554115221429,0.259326490330569,0.119111099712511,-0.0205026246295432,0.384337239121853,0.480482260587514
"CGCTAATAGTGAGGTA-1_atac",-0.182067466905181,0.0359719682035832,0.0284468418438378,-0.0313186604943107,0.0939333424896479,-0.0508464565888168,0.547127391655823,-0.480540820650089,0.333063904700251,-0.0369973326288169,-0.106349160279222,-0.410143613560212,-0.331724863951346,0.0611829836122077,-0.128365252240564
"CGCTACTTCGTTACAA-1_atac",-0.234194110436404,-0.0240156304278488,0.0195449834641977,-0.710467225521514,-0.13433263769536,-0.0394190370036633,0.0104230509016247,0.209696861820559,0.0550573903279558,0.0106269591811198,0.0168872752300095,-0.0842101125308727,0.196802973410542,-0.310489290642187,-0.479681529540366
"CGCTCAGCACAAAGCG-1_atac",-0.205580765200348,0.018087824224027,0.224654913410591,0.38657164934672,-0.252038030622678,0.0734878296102662,-0.604553564564777,0.255592017246126,-0.00412493543162834,0.0122266436250496,0.119625222189183,-0.145247295012301,-0.0666403442063239,-0.464832383346539,0.0410174502498151
"CGCTCCATCACCGGTA-1_atac",-0.164173583012449,-0.0296368438146361,0.0856986215294627,-0.717384947590711,-0.326356095855263,0.0505080408977681,-0.491920633605527,0.145692974900476,0.0740360096412609,-0.0536659378743168,-0.252576331942326,0.0486532235544677,-0.0191077451697227,-0.0280603629694042,0.047283887759915
"CGCTGTGCAATCGCAC-1_atac",0.274833152609505,-0.177463011573846,-0.0157815969776597,-0.0958249548480542,-0.0899268778856153,0.0322700699629461,0.0650088160501902,0.239668483468546,0.0895820296488694,-0.621726018697392,0.398073419379548,0.112377298742431,-0.480751715260363,0.124226273001254,0.023089880488677
"CGCTTAACACTTGTTC-1_atac",0.0290854147342711,-0.123004659370631,-0.087780515245145,-0.0241017981291786,0.12592087995123,-0.0242715653464921,-0.324552463711469,-0.540566177054238,-0.332877869136668,0.209396523766886,-0.156649897366619,-0.390735502410735,-0.308220509624053,0.366607191784909,0.0218537820002599
"CGCTTACTCCTGAGTG-1_atac",-0.162936168320201,-0.0265357669583784,0.313510340634887,0.44125822343488,-0.103877476798716,-0.0270781537567611,-0.382143735697867,0.183242175057855,0.254457870491276,-0.183432191903976,-0.133462212539455,-0.0816341983623576,0.0718827177285324,-0.406111939755408,-0.442321494527874
"CGCTTCTAGTCATTGA-1_atac",0.236189796365808,-0.357418512057452,-0.227559918289494,-0.130755891860741,0.232805589223656,0.552941843750455,0.02257689731772,0.265019000029071,-0.090007792130858,0.11330936105035,0.212975643244746,-0.141848036059407,-0.308506265238279,-0.0929265370976026,0.355902367464321
"CGGAATCGTGAGCAAG-1_atac",-0.179571350936321,-0.0236810106034251,0.0324208642733463,-0.824894760801794,-0.213358856888926,-0.0142826799163683,-0.178156032584315,0.126017927164557,0.0689166174002255,-0.226124819458305,-0.216801534036573,-0.00750155082672401,0.200457542484728,-0.0489832852263585,-0.216381776091951
"CGGACAACACCCTCAC-1_atac",0.263625059185275,0.731241830729205,-0.186645289987191,0.0246428042592859,0.0465206822790523,0.0435417094760016,0.0361245046066219,-0.150687025924849,0.0672052582502807,-0.122376224989537,-0.077858337183335,-0.0845144950223514,0.0425729892334598,-0.316521902810729,-0.444495427465835
"CGGACCTAGGATGATG-1_atac",0.168851997101388,0.174655020727618,0.0228176127044366,0.078747875734481,-0.476233588747124,-0.519428849405662,0.0527238257105147,0.416513028589922,-0.237594469030367,0.24072621607756,0.221721338645189,-0.177637570510747,-0.242917642150336,-0.0833766359968857,0.0178534145831271
"CGGAGCAAGAGAGCCG-1_atac",-0.143080261982357,-0.00956319662281073,0.311530464681203,0.320708011189504,-0.0481253761949343,-0.0430884619115102,-0.375060874017596,0.141125762862654,0.217606930767506,-0.112717419373911,-0.151299758988248,-0.220013276952447,0.0718372917939655,-0.339478503407752,-0.602503290171684
"CGGATAAAGCCATCAG-1_atac",-0.169491396813464,0.00461353796404207,0.373413326818011,0.508019696129507,-0.19604714052637,-0.143859025302582,-0.355215729338282,-0.177883218238369,0.178195074872597,0.209037707301483,0.0366370757848689,-0.220253315925269,0.17825719932099,-0.135827536812196,-0.425735255829298
"CGGATTAGTTTCCTCC-1_atac",0.365682514320882,-0.217138508486226,-0.0336438176365563,0.0860204122365798,-0.0375075863606287,0.058640613887148,0.14818008675451,0.263906104867224,0.302013596088559,-0.0687435066694884,0.410158152167581,-0.448002506553804,-0.424341350897244,0.152121408449201,0.214630136625668
"CGGCAATGTGTGCAAC-1_atac",-0.29648988037803,-0.0197552760546374,0.246677982787569,0.197849241789315,0.0347890684744042,-0.0163110401268572,0.367174481627185,-0.393605182693382,0.215612459657555,0.29721564795631,0.0655778018451659,-0.292893490384249,0.276481606928313,0.0435855078168037,-0.466085793283557
"CGGCTCACATGAATCT-1_atac",0.215110713761008,0.852957274798425,-0.255276537475058,-0.0415681900648548,0.0892552225180439,0.0543778475171531,0.0319380458722208,0.0873979388244744,0.016990689873536,-0.154448127017887,-0.073122673361071,0.00663656421162647,-0.118799527052106,-0.170805213727742,-0.258638230276972
"CGGGACAAGACAGGTA-1_atac",-0.163764232069192,-0.000667192085455124,0.230468857120063,0.267118645079451,-0.0372761968939706,-0.0341331205340045,-0.49176938895954,0.0700813897092604,0.211309959223449,-0.399961881323966,-0.315204497469552,0.13891190618135,-0.110021686866598,-0.416922944767857,0.300346694482636
"CGGGACAAGCCTAACG-1_atac",0.161318732989381,0.700264981611879,-0.257109488764773,0.099505763195458,0.0526612545434571,0.152269564621811,-0.145031527170736,0.124934365972284,0.0130837273137611,-0.176866335802787,-0.0418365439661297,-0.138959600513676,-0.0324398174832323,0.169575736967645,0.51251862805668
"CGGGACAAGCTCGCTT-1_atac",0.327270018116694,-0.228060809441097,-0.0519029521920092,0.0169261829699084,0.184413330530087,0.315814698376382,-0.0536504894994348,0.456826293543081,0.318275550476612,0.10296488725338,0.603457923385013,0.125702338766689,-0.0142488155108235,-0.00994061507268252,0.0205151349458862
"CGGGCTTAGCTCATAA-1_atac",-0.20117207476216,-0.0212531786993397,0.374831998672883,0.521778497997186,-0.111798536938466,0.228051454273794,-0.160678187297136,-0.299147895910584,0.47800284033781,-0.0586778741841656,-0.105226110356314,-0.0958974976861775,0.0711898022746539,0.0693988107005074,-0.323156452578982
"CGGGCTTAGTAGCGGG-1_atac",-0.153990285060883,0.00633480638961985,0.163709576784628,-0.0715572566797732,0.0901377486604866,-0.0657335414087236,0.386675995417978,-0.080080204770895,0.030947275819816,0.120440642766659,-0.147181272013143,0.0860118320256232,0.307979075364638,0.209207158401041,-0.769938912260428
"CGGGTATGTTACTTCA-1_atac",-0.635496530118879,-0.01776014292685,-0.0778011087380946,-0.252239782918843,0.0178855034558751,0.104797235583919,-0.0148960291542826,-0.0015023867587329,-0.213007984738915,0.296661171812804,0.234631949700869,0.150043931534021,0.242763876129458,0.470989741877321,0.151370717479505
"CGGGTCTAGCAACATC-1_atac",-0.415550755504619,0.0495792049133075,0.191029708058549,0.109478216713811,0.0379494891284055,0.248750703550346,-0.0366523526540817,0.259231096199235,-0.0833215311641537,0.29432144301551,-0.330024215325758,0.164740409619751,0.454115620909026,0.218917574690106,-0.400938316965557
"CGGGTCTAGGTCTTGG-1_atac",-0.202544028174312,-0.0399202994005946,0.0118879702911756,-0.79718055874237,-0.282794876408348,-0.0500583783039523,-0.0933975591301953,0.0853089583231236,0.0862836075434461,-0.0852082486228078,0.0461501926663852,-0.0811920052898127,-0.104811198273934,-0.12042957648402,-0.417550781035574
"CGGTGAACAAGTTATC-1_atac",-0.156983831205091,-0.0161151778493656,0.0976509143352859,-0.0302057854823844,0.0996610294914154,-0.0612368310186391,0.655416608386803,0.247230396197788,-0.104146865518637,-0.360133708720178,-0.0705103481875534,-0.291689969896737,-0.346728134592324,-0.216704862176965,-0.249986430646254
"CGGTGAGAGCGAAGTA-1_atac",0.341024233645676,-0.139976411427544,-0.0536506717034245,0.0171833105002676,0.0866970174863426,0.110024293837855,0.147339376875748,0.412930073990275,0.575209429823207,-0.087658530032128,0.360826752014769,-0.155313096017593,-0.250290875344349,0.217481565850414,-0.215132045364137
"CGGTTCCGTGCTTACT-1_atac",-0.644922906316673,-0.0579469985191665,0.0123480832415237,0.0523386034655114,0.116294561476308,0.230480179321268,0.11310489246852,-0.116490790956927,-0.0826294233747996,0.382932727396122,0.123229178923534,0.241556360227367,0.164072545650309,0.445896179484019,0.179089984069001
"CGGTTTGAGCATCCAG-1_atac",-0.331195348708736,0.0531318500603696,0.395574095642229,0.385868300428922,-0.023872224789779,-0.00733447298579282,0.261507381664465,-0.315464877179906,0.289440822791433,-0.215667126618487,-0.017379102814928,-0.0975269634958496,0.515117695221428,-0.089585596296077,-0.0105782727734657
"CGTAACCCAAGGTGCA-1_atac",0.195567140750159,0.639398338061915,-0.267402553767499,-0.0199667363548753,0.137884386921552,0.0700454675240147,0.11566757999695,-0.0798960884371398,0.132111758912306,-0.147247598047029,-0.249922258671662,0.0164686380137321,0.202107068056322,0.124983729563897,-0.528208002332423
"CGTAATGGTGGTTAGC-1_atac",-0.17032314104338,0.0248210628150027,0.391911528011337,0.385164883890806,-0.120262781143718,0.035274648875111,-0.140510767572527,-0.148533016484911,0.456409954762321,-0.0185800731230909,-0.256245033411336,-0.439804531870103,-0.227688117892258,0.0456062967326747,-0.29874389712192
"CGTACGGGTAGTAAGA-1_atac",-0.180800386835986,0.0068152189567298,0.192611738348798,0.315264579382157,0.113128830113868,-0.0509494881989563,0.00707327263178907,0.334890456884378,0.0614065761688841,-0.46716363940786,0.0367672245088546,-0.583764556029911,-0.0963287361936832,-0.218212762153377,-0.286594748834329
"CGTACGGGTTCCGCAC-1_atac",-0.25193317455186,0.000825927084206004,0.147412331511362,0.00359301655123309,0.218000512819374,-0.104017596365276,0.698081443227525,-0.386154862709749,0.115661883654137,0.0610920505277018,0.130293267713777,-0.352643732328301,0.154605321886017,0.132816013958579,-0.141498332815609
"CGTAGCGGTAATGGAA-1_atac",-0.0768654052300371,0.827415873853031,-0.334150336578651,0.0427186604249555,0.197295899866663,0.108428150576168,-0.0877655053109512,-0.00616546028413337,-0.151461970647591,0.192464957922612,0.0116237666868319,0.145321113287467,-0.029494741847753,0.164031096069692,0.168988905706736
"CGTCAATAGTCCTTCA-1_atac",0.440269447406518,-0.198205886341716,-0.149959140021175,0.0251265648076995,0.0401262980069214,-0.311403390929691,-0.192341635701157,-0.56014731525758,0.400241046240332,-0.00748957086448222,0.0318913948990672,0.19414980854512,0.172285216763251,-0.0555275110761301,-0.250379597173435
"CGTGCTGCAACACCTA-1_atac",0.313201967002022,-0.226751413363773,-0.102823400716239,0.00352784595170339,0.151044919304578,0.382983004053277,-0.258697811149152,0.502078016395784,-0.262622139387376,0.15550851616391,-0.36022068730254,-0.0664034520212049,0.00195821133182514,-0.321563898623299,-0.143794859792041
"CGTGCTGCAAGCCACT-1_atac",-0.346487890083787,-0.0359178163362592,0.112387745092852,0.464529793447368,-0.0692931888703591,0.0160923292352115,-0.381958257485899,0.0555128999615628,-0.0453037196376085,0.152636849180034,-0.510606808652112,-0.376092838120955,-0.0814465531613062,-0.248764014982891,0.013044914684224
"CGTGCTGCATGTGGGA-1_atac",-0.40428301636281,0.0915418723221047,0.309472558625882,0.58540331939879,-0.350236846998317,0.0387706654657971,-0.410014125443057,0.0573500177207592,0.179648292885155,0.0288622735789968,0.0493189614199912,0.0861315503963344,-0.181682753307178,0.014816229169195,0.133976523680073
"CGTGCTTTCCACAATA-1_atac",-0.648424961568274,-0.0460990546798429,-0.0715317362601273,-0.0290853793384577,0.105551061301039,0.109782219409738,0.11917022735982,-0.104187651190936,-0.209123587413035,0.281945830286042,0.262962929564712,0.173005192561508,0.0306309655091068,0.483786962977479,0.256735114850895
"CGTGCTTTCGGTAACT-1_atac",-0.151486151228303,0.0623110620468904,0.364943765435292,0.413817564296038,0.0101226268220072,-0.0825320535019074,-0.261406926792268,0.0569925041191848,0.227053181010237,-0.0149254501255232,-0.301634307304527,-0.392983771989285,0.11706200125591,-0.225107952933116,-0.478196712329513
"CGTTAAATCCACCTGT-1_atac",-0.171957001823807,-0.0139755136566838,0.314781427555987,0.435000631869898,-0.244937845836795,0.13779987492442,-0.546778358483107,0.0909186874190256,0.163253181405883,-0.372858619436634,-0.138600019762948,-0.188589091590691,-0.272775595398997,-0.00508033292416888,-0.0286905088843856
"CGTTAACAGCTTAGCG-1_atac",-0.234933141142223,0.0383048442704245,0.263239703821204,0.384749453359208,-0.032698706127386,-0.0638081194491151,-0.303915841472228,-0.175106688911721,0.162917148410655,-0.132199120803972,-0.184512105383124,0.484185436791431,-0.0170369274875332,-0.533108988479488,0.02914948307746
"CGTTAGTAGGCCCAGT-1_atac",-0.376111822749807,0.000204823107493939,0.0491382116899169,0.0679716278582201,0.0375259067664497,-0.00336955377155147,0.458083313470066,-0.324634093535083,0.0459029339225307,0.167660672224868,0.0576949162182203,0.0960270709888115,-0.130518608719539,-0.63943122213532,0.257261554298243
"CGTTTCTCAGCTAACC-1_atac",0.289330762956842,-0.151301019941732,-0.0933545718329542,0.0384985199695567,-0.198022758332617,-0.0433222156031069,0.100413019848533,-0.10491178489268,-0.185632552829213,-0.520688104547134,0.12532096452119,-0.344015677585232,-0.345444312977981,0.509020130096944,-0.0543918268684492
"CGTTTCTCATACTCCT-1_atac",-0.623573196170974,-0.025619474837873,-0.0612578382211781,-0.488096597431759,-0.0318642307664611,0.0939273671594013,-0.00544376493228623,0.0230014241922141,-0.189314707201931,0.203609055987076,0.184677980600896,0.188869273190124,0.168479047733319,0.284356735787389,-0.319052837525284
"CGTTTGGAGTCATCCC-1_atac",0.0118151519877897,0.1625449186298,-0.344249412688425,-0.022988347608043,0.505429928494706,0.128009875007398,0.178982570787578,-0.174187824143684,-0.312168768589118,-0.0244233457010258,-0.121229954220196,0.119107854371131,0.139470331792268,0.609250597566045,-0.0511257581871973
"CGTTTGTGTCAATGTG-1_atac",-0.618480345984139,-0.0488308653217966,-0.121709004005346,-0.0992134778277005,0.00116332689849396,0.0699119208823444,0.0535948318525088,-0.144758343692558,-0.243079499687032,0.282552272766898,0.299925052458861,0.353660375303934,0.189273225144745,0.40605331351165,0.0840655872928366
"CGTTTGTGTTTGCAGA-1_atac",-0.58359059920052,0.0884831403401315,-0.13987545119423,-0.0364965327919928,0.0399020717714927,0.079927064979043,0.0428896945647318,-0.0138473105117665,-0.16415522031507,0.363143094947543,0.260278264423997,0.188397555358014,0.110797720218113,0.510337229145033,0.293096132477793
"CTAAAGCTCAATGAGG-1_atac",-0.125930565336227,-0.0423084330559226,0.0567243897481688,-0.756738159726181,-0.335061469271318,-0.0361064525611043,-0.323510170050319,0.0399867286495298,0.0440213824299552,-0.178926942264926,-0.320894156787272,-0.106247622553158,0.10879074914241,-0.110569014249207,0.119909439906797
"CTAAAGCTCCTCCCTC-1_atac",-0.235784779353032,-0.02848563351327,0.0557716926341875,-0.145374573821834,0.0282143861456126,-0.314246700290527,0.725504660678883,-0.3482619089199,0.229266143340682,-0.0415414219495182,-0.19479971695226,0.125700376229832,-0.101304363378359,-0.0323186332751794,0.229817778620552
"CTAAATGTCAATCATG-1_atac",-0.397632089353102,-0.0794857711386522,0.169926350949826,0.279241894036594,-0.00187129867497519,0.240911539305323,-0.210913600345708,0.0553622763916033,-0.31546332054805,-0.166035587981756,-0.0134053027215063,0.0180030285027445,-0.436382041875458,-0.225032499146108,0.504450876871434
"CTAACCACAGCTTAAT-1_atac",-0.122594751337746,-0.0102991472171046,0.29394118463057,0.505143258221305,-0.186931857580815,-0.0309988498796576,-0.611275961034234,0.0380754070233205,0.233428193500311,-0.131013646811573,-0.0690976719021685,-0.062252345994992,0.321624436727289,-0.16191837526848,-0.149391630843861
"CTAACCTGTTCCGCAC-1_atac",0.26982656865625,-0.285449209889688,-0.116482178558557,-0.0499504058862766,0.262489491004116,0.222214514421262,-0.174885500776525,0.0789594037236039,0.355445093956232,-0.0448330380402644,0.254317427720966,0.611866614707102,-0.190201070233379,0.0317615957771193,0.264490285053783
"CTAACCTGTTGGTGAC-1_atac",-0.0752633646631357,0.0249555189253153,0.331731642642487,0.45030814898519,0.0574652551212773,-0.252969733402985,-0.167186431745654,0.0268189711513439,0.222572348718585,0.069014636727171,-0.16096817617727,-0.365602748364136,-0.101763708310038,-0.106852413406692,-0.590992343499159
"CTAAGGTTCGGCCATA-1_atac",-0.385753444068545,0.0254158390767739,-0.0187723268593373,-0.701468562890707,0.0854979731455923,0.0550129278695639,0.0665767466145326,-0.028156033909162,-0.0421498466911105,-0.19224553028644,0.267656742025879,-0.0142489303101584,0.0788768914146685,-0.260485030099609,-0.397396637492354
"CTAAGTCAGGTCATTA-1_atac",-0.290574132441012,0.000948582261339202,0.266900268153887,0.528551044126099,-0.0392275435155928,-0.0693533682618512,-0.383601509366057,0.195095982946999,-0.037368326915831,-0.0290915234675,-0.480625956386387,-0.159015259329725,0.151236897672563,-0.204311392016233,0.224180615976329
"CTAAGTCAGTCTATGA-1_atac",-0.713877367941813,-0.0253608692720794,0.017760737008536,0.0648252866501202,0.0265452557130695,0.133129350602709,-0.000531988464622578,-0.0754485016551791,-0.332253832705096,0.338245367025702,0.213632610827203,0.317673182760546,-0.00619570091985582,0.199664263346309,0.223238545937332
"CTAATCCGTCATAGAT-1_atac",-0.0808458089755043,0.0302147341523023,0.212367222122223,0.501163887288602,-0.273902701727179,0.0228555714128074,-0.369442168228095,0.318156867870736,0.0667506998283957,-0.255609531176374,-0.269499271501788,-0.293595114929407,-0.0449159780248891,-0.390344964511125,-0.00480593937818562
"CTAATGTCAAGGTAAC-1_atac",0.148178143134254,-0.188921550213724,-0.232382384193195,-0.0457648984575105,0.175834503909276,0.296784271061552,-0.156013136839197,0.0975296010501562,-0.405262242163345,0.367196136734013,-0.290548079034628,0.423031582300475,0.0505315486689805,-0.362006486053137,0.193283631279508
"CTAATGTCAGTGAACG-1_atac",0.499903297543639,-0.285885916868503,-0.00514765679135377,0.00476608228456636,-0.0855621047842727,0.341789466209068,0.062908707298408,0.509075063314034,-0.0161993711165652,-0.10024029598852,-0.222741564319202,-0.449916423820213,-0.127955540324625,-0.0428992714259847,0.0223335162951978
"CTAATTGAGCTTTGGG-1_atac",-0.264982482760308,-0.0159410536584276,0.222478379081108,0.398875911661931,0.0606145568841803,0.137015917356177,-0.664301627594649,-0.00692816413384828,0.0583106583414228,-0.267393087584632,-0.360142380281915,-0.139509835888253,0.0280172272004769,-0.176477382822393,-0.0338445026640108
"CTACCTCAGGTAAGGC-1_atac",0.173158758416434,0.103596719991959,0.115856580801941,0.0160103314934607,-0.404497997188172,-0.35049957818304,-0.25962882165683,0.115423193634273,-0.20749610143256,-0.194620661237168,-0.0722899695591511,-0.0890994464141389,-0.316366912762596,-0.164100008276619,0.59774011251878
"CTACTTAGTTTATGGG-1_atac",-0.00540795198262908,0.176443911295443,-0.0235869499370209,-0.00848477339339631,-0.437634369503214,-0.4198661311312,0.206768039816747,0.451413539959375,-0.154212143055761,0.482914178097034,0.24567800806639,0.142538368602841,0.0291372752552715,0.0458579281016125,-0.115139306155164
"CTAGCTTGTATTTGGG-1_atac",-0.28516951195531,-0.0697147939304948,0.211108685830513,0.117712036175663,0.00865130127297085,-0.267471768262004,0.405449647344216,0.248107518355034,-0.00136028574670119,-0.384514217301904,-0.513732565198306,-0.122941406821987,-0.268243505015829,-0.12769150895769,0.206601006903769
"CTAGCTTGTCTTGCTG-1_atac",-0.0736860525399233,-0.285750650873034,-0.326609905551765,0.170831215685188,0.0953521501527383,0.0311591667737893,0.159194504722174,-0.0907184399275737,-0.0906215967848056,0.452672208160833,0.385122060683211,0.136396596194302,0.415699662115665,0.414141133039214,0.0951704920597881
"CTAGCTTGTTGAGGTC-1_atac",-0.283082595952841,-0.0360191060331124,0.331647841157281,0.375808795851,-0.306884789026835,-0.0555517668913413,0.0201460080755371,-0.0575390065285969,0.127877686817928,0.187726756292322,-0.380748958900826,-0.136181129852871,-0.134997616763092,0.238063183049287,0.525695645340684
"CTAGGCGGTTACCGGG-1_atac",0.415444059821025,-0.177728272265621,-0.203316823247723,-0.0331171632372948,-0.11145904338248,0.0802209930984554,-0.0692712412548304,-0.261371561026397,-0.27722108369748,-0.275209736635593,-0.284662554008016,0.313878709208343,-0.0902346618803257,-0.564144370906284,-0.0535405066530687
"CTAGTAATCAATACGC-1_atac",-0.015923353845406,-0.180106254606082,-0.143160875203476,-0.0912102901317905,-0.0423821958168807,0.369932088888052,0.128758059849042,0.216035795595028,-0.367125609091791,0.115441189429559,-0.0888359572431043,0.564246362422521,0.295762155980816,0.346463224084508,-0.233906054529591
"CTAGTAATCGGTTAGT-1_atac",0.177063290223129,-0.12536123637462,-0.01832645802182,-0.13478094476894,0.0656908747022179,0.171333930464444,-0.1030455798226,0.450001564463305,0.447976018461355,0.339454378085429,0.58279368327918,0.0179253265874157,-0.171067170230467,0.0482918874491498,0.0127795774704712
"CTAGTAATCGTTTCGC-1_atac",-0.615039063599224,0.0159735469843612,-0.0895876615837247,-0.0858878955734181,0.076598634159019,0.0342069332799199,0.0548427107875276,-0.219389942147787,-0.0668463113954851,-0.0194092249884599,0.559697065141333,0.153717940513048,0.179590110458661,0.229183833586233,0.348394872193915
"CTAGTAGGTCAGGAAG-1_atac",-0.650841554874877,-0.0741725272650331,0.0486895963575621,0.276744601099475,-0.0477816582001562,0.0939467496625967,-0.301470640866697,0.111035030346243,-0.0124931787562066,0.287282451918844,0.0829393389769478,0.166792159936121,-0.0878329488734168,0.242972927995579,0.439871271858411
"CTAGTCGAGCAAGATG-1_atac",-0.0803577342656721,0.0390663787960449,0.260133731754725,0.07490951594327,0.132220096336394,-0.363829315281224,0.48692518420004,-0.0185601209299097,-0.159431490472718,0.0782402226267939,-0.303609587695905,-0.379900564958387,0.196368733083999,-0.206478740096759,-0.42685315736561
"CTAGTGAGTCCACAAA-1_atac",0.455982991603573,-0.326239241792266,-0.223722635029996,0.111666679625783,-0.122289831673337,-0.218341597330007,0.0128348182496803,-0.101571183244767,0.18620129998259,-0.436746564185377,0.185981014746217,0.411561764464113,0.271845294705707,-0.205465670853668,-0.0671594701313941
"CTAGTTGCAAACTGTT-1_atac",-0.216767556147613,-0.0347794266813899,0.162649386638656,0.131280164477946,0.289478679627888,-0.128646776859276,0.675162956605052,-0.145492650366868,-0.314931475267047,-0.019276921200238,-0.204477631610646,-0.160113917177069,-0.00404626026299802,-0.137792231370181,-0.380457371762683
"CTATGATCAGTAGGTG-1_atac",0.230559768952824,-0.161234087026052,-0.256546821933206,-0.110495993673074,-0.0598862995425301,0.14528947667266,-0.0943479287139364,0.0821215777787103,-0.201936106926452,0.38332054161258,-0.0591683054995994,0.539130101955547,0.0729853429697027,-0.306536561845409,-0.470438871072326
"CTATGGCCAGATTCAT-1_atac",0.135281762027845,0.213604805237186,-0.235773732836409,-0.126591898535298,0.0515633817583879,0.0920103036013658,-0.310184662159914,-0.0968686069229071,0.0977871630435151,-0.070451617154998,0.689757905778371,0.322218424019111,0.196631389550947,0.272649088659769,0.201535283108199
"CTATTGAAGTCACTAA-1_atac",-0.131803465187139,-0.00992783470456671,0.00474001547410591,-0.530193900535751,0.0567096844435208,-0.144834518384562,0.329283440614221,-0.150564070230484,0.272189188395161,-0.27194291133194,0.036494750758362,-0.227327413278404,0.00299431505758901,-0.0259325056010158,-0.586839086534944
"CTCACTCAGTAGGCGG-1_atac",0.264580586450638,-0.198771542907473,-0.0599175853737368,0.02426494678634,0.0139852568252211,-0.0317232731198149,0.120790968985892,-0.0442930999455404,0.633510176984452,0.06815435147553,0.275466886677862,-0.161854470454338,-0.0529269111308659,-0.267256568970661,0.535039648210321
"CTCAGGATCAGGTCCA-1_atac",-0.658415647770748,-0.0413510377528611,-0.111961233895677,-0.473523578647707,0.136020028191154,0.148348552845573,0.0550517945754145,-0.158150594126833,-0.0953339813190223,0.17080502404278,0.407123951711718,0.198945236301462,0.0610920856057297,0.0388762219157119,-0.103113192252857
"CTCAGGATCGAGGTGG-1_atac",0.512485340935657,-0.242334119097451,-0.0645980708019466,-0.0781805306351748,0.231718313902177,0.295600735732739,-0.112618488239299,-0.0906678125117949,0.497805452398646,0.172050683275363,0.357255373397803,-0.0760636603102581,0.232874550934973,0.147870995731898,-0.139448627445973
"CTCATTAGTCGACTAA-1_atac",-0.629055638715103,-0.0211048368630621,-0.0550015743647021,0.0382846521314903,0.166550382314592,0.092352163924254,0.204597767401304,0.0014581858335099,-0.348812624973109,0.246252435568981,0.373624459853444,0.242897420213,0.240833848867311,0.235663010805779,0.163644358884317
"CTCATTAGTGGGTACT-1_atac",-0.609281316511772,-0.0197556725024073,-0.0200652966339173,0.0598466531734182,0.0469408866409635,0.0856630959522374,0.0804304513403689,-0.164910178435956,-0.0855513854592224,0.310468402775551,0.32617339801019,0.330542755719643,-0.0864067214987482,0.495352236802647,0.0948603594629727
"CTCCCTGAGCGAAGTA-1_atac",-0.127878675099469,0.0230572250796216,0.0484052446629049,-0.761754178220231,-0.34174797231614,0.0404161734698911,-0.411855206384022,0.0678616967350711,0.142895460500309,-0.0741592326919695,-0.0371399827087029,-0.156305617611034,-0.0919529177970109,0.165506480423583,-0.142374806475847
"CTCCCTGAGGCGGATG-1_atac",-0.17734824169172,-7.29564061598755e-05,-0.0124899389999855,-0.78716316536425,-0.109899242866167,0.116106512602547,-0.154416759268147,0.109463717101824,0.0747765797396641,-0.232858455326853,-0.149799599111259,-0.00531266823481138,0.0515359142174133,-0.0249668206848065,-0.449241925454485
"CTCCGGACACAACCTA-1_atac",-0.148078623807984,0.0202595187750538,0.16937024152326,0.271669112118518,-0.164678879498761,-0.031972355468816,-0.569319440898642,0.107451789157517,0.0690550080110866,-0.431136713915075,-0.33474223443726,0.0671809958959065,-0.155467018816058,-0.301201419491347,0.298755102460307
"CTCCGTCCAATTAGCT-1_atac",0.244946417858978,-0.189439133276012,-0.107778337849789,-0.0450076347668148,0.165850852959824,0.205198403342706,-0.0453611551725104,0.121372846218182,-0.507543147686856,-0.156179284065872,-0.352741501898932,0.0859511352713161,0.102655907579384,-0.544816591177016,0.287924962048961
"CTCCGTCCAGTGAACG-1_atac",0.442378672094417,-0.226063423494001,-0.115875423997343,0.066067841616292,-0.15835777138265,0.110477656387648,-0.0474032919111361,0.274835480640098,0.209287450485425,-0.324207570274311,-0.056739597281656,-0.412265988674717,-0.519624876048766,-0.0523586389463421,0.159669671128812
"CTCCTAATCGAGGAGT-1_atac",0.440207055527038,-0.221826585462081,-0.240718980987595,0.0546002908604613,-0.0787466970690178,-0.0234164569077688,0.0564728112305638,-0.150861333883631,0.385575270324853,-0.182181145050693,0.0031069482489099,-0.395087282510647,-0.532692353186891,0.147534773030187,0.141055579222809
"CTCCTCACACATACTG-1_atac",-0.318015630970326,-0.137534778707575,-0.22558024407581,-0.0904468431790175,0.16862573059649,-0.123999056206643,-0.0623373372112543,-0.279120163908846,-0.204877544513914,0.518151776763242,0.315465365674019,-0.0168195018103639,-0.0256136483162547,0.448138459444189,0.289028113291071
"CTCCTGAGTGTTCCCA-1_atac",-0.335956217790603,-0.0218407353852492,0.186760112377607,0.020392507140865,0.100654262501458,-0.34292486638465,0.658657919686336,-0.010581328273406,-0.115265570131357,-0.183737729188748,-0.332511014575669,0.0378016890559134,-0.0283093145156466,0.116611939397532,-0.340957819783488
"CTCGACAAGACTCGCA-1_atac",-0.305637608365834,-0.0489940407708709,-0.016059631502736,-0.608809293296786,-0.192560465986097,-0.207797062179831,-0.0024859284701005,0.142046483969958,-0.13769562821741,0.098971131191514,0.00810139712184262,0.171187613650097,0.0552928980262494,-0.402633414662016,-0.457754147634175
"CTCGCTAGTACAATGT-1_atac",-0.387907997293089,-0.00899346351834167,0.225543485453207,0.213760939937425,0.109154264632489,-0.229203399178397,0.350642963603094,0.0981638573891103,0.114893414586504,0.480885805723436,-0.110270527941846,-0.170498582487655,-0.0858422872818994,0.46587056588823,-0.213920836294948
"CTCGCTCCACCAGCAT-1_atac",-0.280133034751446,-0.0900563327988147,0.00328942438214276,-0.0569618433898215,0.110889714108786,-0.213199397256252,0.802445656421896,-0.162539436736211,-0.00239399952807923,-0.0469114512403529,-0.116428706823296,-0.186651596846332,-0.228636133688558,-0.0323137285064673,0.279556290594763
"CTCGCTCCATCGCTTT-1_atac",-0.176776747665744,-0.0394397161719341,0.384523208284618,0.47124743121921,-0.155169973948851,0.0827727063130622,-0.389777292516283,-0.0443060050922158,-0.130427006517273,-0.255950800651309,0.0268041411537145,-0.208357683974019,0.228260699530228,-0.347835265662367,-0.335705418087079
"CTCTATGTCGCAACAT-1_atac",-0.127239410879849,-0.0798272269418214,0.119538330713686,-0.0591387088974059,0.00194376297319644,-0.169495121602732,0.628852475089219,0.0233943511688723,0.12886873579908,-0.291339849326611,-0.314376600505753,-0.266878379254101,-0.0547696365261627,-0.202834962315353,0.468221455136516
"CTCTATGTCGTGCTTC-1_atac",0.165436785223555,0.794390476810117,-0.320935884647304,0.0840940832833005,0.183003882245899,0.129287361826079,0.00620606275364984,0.028978935511693,-0.15906814423336,-0.12913104089712,-0.0348488864646618,-0.0119761008087042,0.314325552418468,-0.182843075441407,-0.0696515006004851
"CTCTCACAGTTAGAGG-1_atac",0.373582522674883,-0.168427523085052,0.136041104209983,0.0759637102609496,-0.234230047892272,0.276868642792066,-0.0157153036619737,0.0355187787359192,-0.104451516329155,0.286149235573561,-0.349555047781601,0.0527484354155608,0.481164713934734,-0.399766371997344,0.256255377566627
"CTCTGTTCAGGCTTGT-1_atac",-0.257105660672223,-0.0112186774016909,0.149009441505401,0.146851569643422,0.149415082434086,0.116641100162192,0.312265875831434,-0.0154438686723984,0.150712896363635,0.382226570245529,-0.204892782447708,-0.00740221610240231,0.169643619373375,0.215428824828652,-0.68577489788813
"CTCTGTTCATTCCTCG-1_atac",0.312932441124368,-0.222095661267072,-0.156510901206827,0.0256140048577873,0.13657145377067,0.273135744067682,-0.0572949090114235,0.341951641771461,0.188808193469388,0.113467874566861,0.431068740809211,-0.0112561050714793,-0.173536715599699,-0.451644803289147,-0.381520726608994
"CTCTTGATCCCGTTGT-1_atac",-0.209711607136735,0.0181183967632382,0.246118737287864,0.540566040951274,0.117371488684117,0.0737747306031553,-0.243472778749213,-0.179494009964497,0.192465690023915,0.161498138644176,-0.0241696724872524,-0.23351216111287,0.219322592164399,0.188504639690622,-0.53881130790305
"CTGAATATCTATCGCC-1_atac",-0.443055165054394,0.0140579185345375,0.246120447381122,0.537372845330301,0.0757404987738638,0.101045224258783,-0.054791092573016,-0.0249791631968982,-0.278674228506426,0.0601359503666253,-0.26427912139763,0.066915719283303,0.286617505591586,-0.0901915770701877,-0.43440294942397
"CTGACCAAGGTGCGGA-1_atac",0.34615031679322,-0.300122991697889,-0.130414176656223,0.0317690589667194,0.461179185357508,0.47106017527321,0.199309369494273,0.254191847134179,-0.170993049370728,0.0468098232046406,0.1880866175778,0.0379106790625756,0.12338150171341,-0.268718076347303,-0.278372754599538
"CTGACCAAGTGCTGTG-1_atac",-0.190877016028067,0.0150022488526514,0.0166165399808752,-0.750063312592947,-0.317222731696269,0.129486118707975,-0.444831412138487,0.0361040653081987,0.044904204665093,0.0713689024646818,-0.0955163502320742,-0.064173509063329,-0.20672289024022,-0.144074258528632,-0.00715151734424384
"CTGCAATAGGCATGAA-1_atac",0.322070557498583,-0.239891891438693,-0.099382561084458,-0.0386107296568299,0.102811548173792,0.604623932520815,-0.0393906784023492,0.128163833056865,-0.411855406580093,-0.191692592602133,-0.243404527475882,0.00797358094263541,-0.359000752359958,0.189508718156066,-0.0525498261630688
"CTGCTACTCAGAAACG-1_atac",-0.180549216681344,-0.00530496760617294,0.305133881907602,0.512053900856808,-0.229539072460859,0.0754422932925489,-0.425155410847581,-0.197778909891642,0.318993321663801,0.0739033790783297,0.107077132556519,-0.308894989902147,-0.0838012656120773,0.243925705931311,-0.23063419193323
"CTGGACCAGACAGGCG-1_atac",0.486926746998435,-0.288111834947857,-0.149919056776676,0.065502951139446,0.127345674480974,0.0532038915482567,0.176785844818834,0.233213874358268,-0.502822968683346,0.0474379903258395,-0.132336132275698,0.173614244605939,0.294150659489172,-0.108328256775229,-0.383982228924693
"CTGGACCAGCATGGTT-1_atac",0.306334737139447,-0.140784442520823,-0.104277325639879,-0.0338837264470664,0.196944022871916,-0.282566847457333,-0.221764689889513,-0.586187005321984,-0.174013228693111,0.0838767249042917,0.0591073734842909,-0.382851021467222,0.0253209634273575,0.138381819360397,-0.394608633446106
"CTGGCTAAGAAAGGAA-1_atac",-0.608744815615368,-0.0667091722543239,-0.0322463996731163,0.00713757116441688,0.0758871162018203,0.197264131489597,0.0812861370066176,-0.130211541629557,-0.375773966391798,0.320737132800001,0.107660089070199,0.285752195596197,0.166861525311589,0.436279795951376,-0.0121722527843813
"CTGGCTAAGCTATATG-1_atac",0.372869129261401,-0.186519256669471,-0.145007660016992,-0.00297658888027194,0.0922500205658095,-0.0464501866583064,-0.0615742391519586,-0.0214474468981059,-0.312329571907559,-0.36930489410266,0.165783220658769,-0.278979740802652,-0.589653611363733,0.267171089374056,-0.17861304832435
"CTGGTAAGTGCTTACT-1_atac",-0.615645355932761,-0.0392065795001605,-0.0065959071432494,0.11942973491798,0.00754731150417553,0.176624500903888,0.0122908757924288,0.0190097080434979,-0.196721843019083,0.368082143572157,0.265750480136469,0.259875874926351,0.00790667702836836,0.509602080372376,-0.0356585130099897
"CTGGTCAAGAGGAAGG-1_atac",-0.14772473431414,-0.00691930755911119,0.349518690772159,0.4930650498545,-0.262633773581764,-0.0166455268381245,-0.137421870429912,-0.0719421094847899,-0.0766264212960943,-0.0743086967567298,0.109033355668432,-0.117984399465607,-0.0324462827343166,-0.586899990546484,-0.369909063287012
"CTGGTCAAGGCACAGG-1_atac",-0.277197670392145,0.0308453372796735,0.221327747386848,0.189146664961006,0.0607350558878435,-0.125377845700643,0.646041865355918,0.00581309765139471,0.209047136756101,0.330112402986712,-0.145380679610188,-0.376648639268872,0.0699696021073148,0.0292582142083562,-0.281440788068566
"CTGGTTACAACTAGCC-1_atac",-0.125704686726146,0.0133718646339959,0.327663572908556,0.249331809996937,-0.183020915260243,-0.0382698916649237,-0.0230312727476383,-0.0695742870026975,0.426253465506985,0.0225561277293041,-0.142531430401858,-0.185968628955494,0.0764191679903155,-0.358596419309806,-0.634528075797834
"CTGGTTACAAGGTGGC-1_atac",-0.161701543007857,0.00944512552263676,0.154054428922718,0.415244164464241,-0.206967774433963,-0.0134422041715368,-0.461674749927473,0.181516209995507,-0.138368215086245,-0.208328110100344,-0.310478630057603,-0.0641629933862624,0.133591714256699,-0.526700743859183,0.173707231095422
"CTGTACCTCTCGCCCA-1_atac",-0.29686281016225,0.0322475787925732,-0.0574464597459239,-0.766435187130408,-0.239857899349277,0.0816513162233141,-0.471640198696717,0.0880006786794644,0.0342910784778302,0.0118476512586561,-0.0433558372827832,-0.0103433269718731,0.0102611069717897,0.14909122045571,0.00926216624423508
"CTGTATTTCACAAGCT-1_atac",-0.400480045689262,-0.0205165743025704,0.298779594353732,0.262524782349934,0.152159496449565,-0.0802325079679029,0.315242768294157,-0.00189230342604377,0.159955131550017,-0.246895928786683,-0.370489526064058,-0.354958295926693,0.244130984492458,0.336073665621556,-0.172303144255664
"CTGTGTGAGCGCCTAA-1_atac",-0.117094577083602,0.127247651060646,0.235616245195567,0.00499236876930716,0.15205325433444,0.0395352398859934,0.619991808772995,-0.209403525207606,0.175270242303386,0.284143052287022,-0.311334065300709,-0.107425343943582,0.0679728752496952,-0.0848676756696584,-0.479463428248953
"CTGTTCATCAGTTCCC-1_atac",0.311988887337404,-0.297152227640683,-0.245314451385569,-0.011005001094844,0.279831167230205,0.566636715465297,0.0970175118918216,0.351240679515379,0.303330877303042,-0.0681542368997058,0.0829640323631433,0.282415505769014,-0.0488967314615069,-0.176882885124304,-0.0701678028483961
"CTGTTGGAGCATGTTA-1_atac",0.171620397981632,0.813543699169467,-0.302361957954235,0.0300420437135808,0.0636624250350549,0.13530186972981,0.000652105047072526,0.00956932455214871,0.201596151212096,0.227276517969505,-0.114218784571513,-0.271884234887247,-0.0545153363569091,-0.0218400181345175,0.105852789190757
"CTGTTGGAGCCGCAGT-1_atac",0.154217607708362,0.828909289236167,-0.281210846090574,0.0511748437919025,-0.0928705757331028,0.155150514524288,-0.00247854741425456,0.147780990002523,-0.123459338024204,-0.137890949227945,-0.121577834224458,0.294859517485363,-0.066176051870478,0.0685676026720134,0.088463054824711
"CTGTTGGAGGCTACAT-1_atac",0.159438002368725,0.826799866738535,-0.292430150819548,0.0350332764074409,0.123837777375029,0.182954283698476,0.115532104409222,0.103685610330011,0.0266530202087004,0.114196982939818,0.167226754552397,-0.113612872774188,-0.0260757146785429,0.0659235086062707,-0.267735846778491
"CTTAACAAGGAACACA-1_atac",-0.504065846878878,0.116807041405718,0.310186854578547,0.40534172850061,0.322006076822808,0.0496322098789062,-0.156859616909235,0.0613595382775776,-0.118862723114427,0.433403675127194,-0.0600871900744829,-0.331623382953873,0.0760081544242115,0.0348758847775907,0.121200393471106
"CTTAAGGGTTCCTGTG-1_atac",0.308356071075076,0.0629585850625491,-0.0123687227022395,0.0958938165437287,-0.298098420324455,-0.383474607939897,0.107357129083483,-0.173856559050501,-0.331557587976408,-0.404611152224807,-0.303982216263664,0.373254911215445,0.128714231033207,0.15342991301598,-0.261656099760617
"CTTAAGGGTTGGTTCT-1_atac",0.244676139062695,-0.0668783172921538,-0.0995138603903971,-0.119315252726786,-0.0485284523235854,-0.232987345774255,-0.154509415609395,-0.419270446238166,0.320130702483124,-0.0246992959263743,-0.224026605244024,-0.254154911209214,-0.273141060811102,0.578040109493053,-0.169144882292216
"CTTAATGAGAGGAAGG-1_atac",0.371538956976592,-0.219979410873122,0.128101596113617,0.220824519967681,0.10274066585382,-0.11829782020029,0.307211263987129,0.0462009340848589,0.27184187117047,0.0310153775104226,-0.155655199777528,-0.343787181548471,-0.142817583461076,-0.33028697373776,0.529685376270506
"CTTACTAGTTCCGGGA-1_atac",0.294645688754988,-0.349095355519317,-0.133900437174903,-0.0522968685468126,0.425408811237896,0.560574434487987,-0.0719492221101717,0.0981704690922665,0.0552506272834192,-0.0767383533637339,0.121180527034087,-0.244329237033424,-0.227064255531232,0.347730158692427,0.0694567072001773
"CTTAGGAGTTACAAAC-1_atac",-0.385589623850693,-0.0121333130691307,-0.01493738737943,-0.552504104332887,-0.128464557185851,0.0592048066703581,-0.302182471024057,0.161819464590162,0.0767503664408942,0.246463020938052,-0.0722283929218667,0.319533198600473,0.310286788791892,0.363454154884426,-0.0764952165417722
"CTTAGTTTCGATTTAG-1_atac",-0.703356354949693,-0.0581120165317457,-0.00381100776197143,0.134493952451651,0.00699583137642115,0.0639775515847528,-0.129785967309151,-0.0725652325802914,-0.10084260667496,-0.132583271251361,0.02585482320541,0.35980180697363,-0.201233694120137,0.254175690702918,0.44111660214994
"CTTATTGGTCGACTAA-1_atac",0.179004209274226,-0.212421313849813,-0.121690358981661,-0.140798573885277,0.324801106780331,0.447099114486602,-0.0598822335273437,0.438293519802563,-0.419389595383982,-0.242420550389401,-0.00871416074600706,-0.164521488940045,-0.0662137549095175,0.202771463284326,-0.28252838357227
"CTTCAATTCAGCATTA-1_atac",0.345421768669411,-0.130175324324747,-0.164066098986131,0.0037047330799639,0.0327418779588781,-0.40186551912208,-0.0411513813457622,-0.157849218245995,0.222629347477973,-0.207135265783761,0.393251034478202,0.489661312830913,0.0556614184449645,-0.386878081961593,-0.0892903856337338
"CTTCACTCACACTAAT-1_atac",-0.178093974699099,-0.0933824614637384,0.219594678562073,0.352761355459285,-0.207240451980803,0.019400349950848,-0.537875591555372,0.317823576782846,-0.087370745115008,-0.393191297252357,-0.0121786007291752,0.0720569154655255,-0.416825526451982,-0.109111808611898,-0.00551650645707892
"CTTCATCCAACAGGTG-1_atac",-0.164113397803197,0.02754591733859,0.21155183136422,0.112062861172231,0.129151893074498,-0.293124408020583,0.506518809047681,-0.00117975375763753,0.0201695867230504,-0.0962192984502589,-0.60707332321328,-0.316377880004212,-0.223260081329658,-0.164997375969149,0.021535569730223
"CTTCGCGTCAGCAAGA-1_atac",-0.533251036228928,-0.0194688820040908,0.316794009580232,0.571768375274879,-0.0545304943990781,-0.0237153358145492,-0.202906637178754,-0.0196606210060973,0.231816586315308,-0.24217063783119,-0.0546329732793093,0.184048944495653,0.0382009716504309,-0.176887550552014,-0.246779855517165
"CTTCGCGTCATGCGTG-1_atac",-0.31347376653662,0.0010361310409558,0.314757451209492,0.382508903565772,-7.48868834021831e-05,0.139225326284164,-0.0131395996673159,-0.00317926630271544,0.0880285213630794,0.102595398880897,-0.123537092347406,-0.167408044367404,0.0400115198575909,0.163323008501774,-0.739556844366511
"CTTCGCGTCCGTTATT-1_atac",0.0131939580486616,-0.350606760144062,-0.195741743103528,-0.00773495797620948,0.0612490044185835,0.497490626011014,-0.167132764528978,-0.221577013088892,-0.39511111099998,-0.0889602794147491,-0.040660636378209,0.123435169773038,-0.397534121055624,0.0624719301712549,0.409140187619162
"CTTCTCAAGGAGGACT-1_atac",-0.466604084148898,-0.098871383475578,0.231357517032183,0.499274368234323,-0.154853453479987,0.0616140567551624,-0.160970060922968,0.051695898308402,0.235434079693928,0.0825624612933979,-0.125689459247969,0.0992520263231152,0.257561559620106,0.131628593916541,-0.491716948803192
"CTTGAACAGCTAAGTC-1_atac",-0.209345220705778,-0.0166684336770412,0.298282580686478,0.45018820885266,-0.03179422631764,0.0214081787638279,-0.282652617056104,0.193257796659459,-0.176927706706017,-0.319188648007976,0.155949859600466,0.0297446549727793,0.330853859491726,-0.487410820763626,-0.200302435201596
"CTTGAATCATTCCTCG-1_atac",-0.146553526524382,-0.0315169506135687,0.149638714423625,0.0399992187404795,0.26536325504645,-0.146893953698951,0.694501301211152,-0.1512187843817,0.0831059148985657,-0.317652406869359,-0.115338976905108,-0.0999321754322905,-0.192376118955275,-0.138688250913432,-0.411096373603774
"CTTGACGAGTCACTCC-1_atac",-0.218767163346634,0.0107851268412537,0.187788390470705,0.367665856894974,-0.153970882727034,-0.0326016080504844,-0.586999326834882,-0.0319375856958125,0.0189889851897972,-0.346796115930695,-0.138433023554347,0.0707172550257031,-0.352048604093446,-0.344605049056701,0.154078588606763
"CTTGCAACACAGACTC-1_atac",-0.111387081704423,0.019698846119184,0.224866887947046,0.34880654341431,-0.0837710835702711,-0.069669585233086,-0.509648630013294,0.0166041584425921,0.270034849442698,-0.192205832376212,-0.212060550970662,-0.0259383114136172,0.167824268461255,-0.489267229512814,-0.346457933401115
"CTTGCGCGTCCGGTTC-1_atac",-0.332398086075222,0.0793340506822098,0.104977916179058,-0.201079907393125,0.232548408454893,-0.112998377759836,0.614471106419667,0.255168259782218,0.0586485079931586,0.0569513852005939,-0.273983687861443,0.136950011332989,0.266887480189503,0.0277671381256564,-0.386944099362245
"CTTGCGCGTTAACGGC-1_atac",-0.230096360537972,-0.0573938373840803,0.186386453240878,-0.213937347299043,-0.169747738986471,-0.191901787046915,-0.127301678534192,0.139397734495859,0.23826743512478,-0.403545130443499,-0.265863833999967,0.230696152067434,-0.554874155109041,-0.330140591754481,0.0396484954061101
"CTTGGACCAAACTGCC-1_atac",-0.597827021140881,-0.0294390869499298,-0.104489635813875,-0.1290473863632,0.00589490393035695,0.172210888514447,0.0648428556272626,-0.0782735576788506,-0.235221119937118,0.255878487627526,0.214370167576248,0.317244891561738,0.179180415568144,0.464542626570325,0.242559387311771
"CTTGGACCACCAACCG-1_atac",0.418630619380145,-0.133119315186215,0.0212691494471777,-0.0404477257478785,0.0298594179399384,0.367393578672555,0.00746687612667909,0.221458087833608,0.281660358737603,0.174981078707633,-0.297648289885006,-0.612919290297967,0.123676395041914,0.0935978921233568,0.147303357832081
"CTTGTAAAGAGAGGAG-1_atac",0.335222677248362,-0.0114295441804894,-0.0185615991361221,-0.00154093532335208,-0.329049925048574,-0.46629798871284,-0.0438345389960943,-0.0652400104638347,-0.330960852422367,-0.56742392379292,-0.150799193206429,0.115675510370538,-0.0174631337126201,0.288667217489017,0.0632683373882122
"CTTGTCCAGACAAGTG-1_atac",0.225979242427833,-0.295282520505901,-0.158929018632584,-0.00742713371636915,0.050993784358834,0.261752100362218,0.0549860357479914,0.148375270342028,-0.180369703611162,0.00803957478494822,0.623954057881041,-0.381521568949684,-0.286289445587601,-0.273686722139573,-0.12622796654919
"CTTTAGGCAAGGCCAA-1_atac",0.186797002949428,0.809133806413023,-0.296895213484959,0.0597423061132477,0.164188332581471,0.0909492617501423,0.0920312216403207,-0.178883556867734,-0.00573114850241424,-0.225795807530887,-0.0657152677911018,-0.00186628274475996,-0.0378507564420437,-0.29078713390348,-0.0408214825156691
"CTTTAGTTCATGCATA-1_atac",-0.0619741578184681,-0.0182221015647531,0.308530059141845,0.431730226143035,-0.177553004823419,-0.114497615668238,-0.412334706984916,0.0814815323545687,0.273227130866863,-0.364081155734656,-0.215699749454351,0.00629961115594165,-0.0539590438465292,-0.428542000188153,0.229384839618154
"CTTTAGTTCATTTGTC-1_atac",-0.368372187422201,-0.0522210200910051,-0.00752962027869331,-0.629294934104225,0.182226123051719,-0.0576566025577886,0.214730010114966,-0.317784125558897,0.133321130195925,-0.133827727513203,-0.238550213304432,0.0840251009615394,0.0352286731051462,-0.376890150375669,-0.197336425312928
"CTTTATCAGGGATTAG-1_atac",-0.597160362462224,-0.0641850630015658,0.0317285647792938,0.169213146070916,-0.0367297051907917,0.0550393054628267,0.102592585660686,-0.175047662358523,-0.287282356041958,0.505312065713904,0.184480091258591,0.304705326964332,0.184027235846715,0.24643069267888,0.0689266524536986
"CTTTATGGTGCATCGG-1_atac",-0.124605487637416,-0.0751306540061673,-0.100951837799019,-0.0681535899479657,-0.0544301731688471,-0.0966641042866149,-0.061294626561162,-0.216485337948181,-0.16366215383756,0.156652711769739,-0.0646364768879343,0.701274484905331,0.522540370094475,0.26421517929688,0.104479169810443
"CTTTATGGTTGTCCAT-1_atac",-0.65374983970303,-0.0371299614474088,-0.0726838846336633,-0.0678696652563196,0.0871377953207914,0.0911115413509448,0.0712344978852704,-0.0846389215228355,-0.315719179929639,0.227114563384798,0.283778309485349,0.340567714747361,0.116390875220062,0.349178213078313,0.223522890046934
"CTTTATGGTTTCGCCA-1_atac",-0.491168920010752,-0.0215123681381209,-0.0631310965680537,-0.720819814403897,-0.0685487781223208,0.0064375958194606,-0.211109589384158,-0.0607925658668085,-0.0900687518314682,0.389523513707182,0.00239417165071118,-0.11512587764029,-0.00548052435321167,0.0905299888246899,0.0198452728224911
"CTTTCTTGTACCGTTT-1_atac",0.209796842333208,-0.150597736191281,-0.10260972146067,-0.026794134502606,0.195174167709393,-0.197430289625168,-0.312576807431165,-0.527578894061972,-0.111936985621281,0.544509806743453,-0.273453905723559,-0.24865101037117,-0.0916408772875982,0.0974777095235231,-0.073609544661099
"CTTTCTTGTCCAAATG-1_atac",-0.00202277259452384,-0.372792911417933,-0.326488154235397,0.0358103056666786,0.289593400224234,0.216771823277297,-0.0110431894895345,-0.330011782581596,-0.596551233497469,0.167560243469621,0.171714966519716,-0.238483650578974,0.0769538415948396,-0.0966027757695705,0.166421424463714
"CTTTGGTGTACCTTAC-1_atac",0.229725413095938,-0.242358488195328,-0.0860204629710905,0.0272063417261645,0.190709607590434,0.482134848077637,-0.0239412895949038,0.38287724574277,-0.508200737592705,-0.0290491577729034,-0.387192764717528,-0.0929247094304165,-0.0567307927703158,0.0675252673199308,-0.197264871125407
"CTTTGGTGTCGCATAA-1_atac",-0.487537149382004,-0.0233098360733382,-0.0214487737422011,-0.00708479660192583,0.296853924963673,-0.0134637957293062,0.751509131294062,0.01429258114967,-0.108983629558688,0.130059873635986,-0.0641886974138025,-0.0611011824701631,0.158833894682205,-0.158897918444195,0.144419029971718
"CTTTGGTGTCGTTATC-1_atac",0.116597261731487,0.177566634214794,0.00359591311543185,0.0795562268811384,-0.448434355018638,-0.406402962327382,0.116315510859731,0.393912895841693,-0.247898084992976,0.49966863641114,0.296668181579374,-0.0974554772984123,-0.0128659540567534,-0.0275367490034447,-0.0634353759707703
"GAAACCCGTATTTGGG-1_atac",-0.624644382285964,-0.0212640492939776,-0.0813313876297308,-0.0217962521572766,0.0533897596384613,0.11983788896053,0.0203998920911666,0.00090054450954239,-0.195063709990697,0.331853986156693,0.27292901274124,0.248316097432879,0.206512880537141,0.45093709203789,0.233085675009973
"GAAACCCGTGACCTGG-1_atac",-0.277523000350501,-0.0460920117294991,0.305859676020844,0.516496275349578,-0.356006585734088,0.0363164410905628,-0.326205999698655,-0.170736196220455,0.147812541279792,0.0186166451133484,0.0853653620142766,-0.0307070106348889,-0.312946625667493,-0.346091274532163,-0.22085546801941
"GAAACTGAGCTAGAAG-1_atac",-0.243786029237284,-0.116649531360771,-0.0601000820331174,0.207779708206143,-0.030206978379362,-0.121304393566826,-0.306351941744414,0.0445714500111183,-0.559212171941308,0.0722152966139109,-0.0975387599790906,0.270380074455835,0.0408159944779602,0.368854102372275,0.480041349318875
"GAACACAAGGATCACT-1_atac",-0.413262744495787,0.116027616165556,-0.278930265218245,-0.0471295240827761,0.116790780181655,0.132863885967027,-0.157199037183773,-0.118940933765592,-0.195469705977996,0.397176904371515,0.320472582605511,0.444954545421165,0.301480277784794,0.166677374692336,0.224187425418851
"GAACCTGTCATGTGGT-1_atac",0.23956120163852,-0.207589126248992,0.0132768612593734,0.14491571501289,0.040138801949577,0.381721941889253,0.206236682740255,-0.0525439387703205,-0.462629132762471,0.284534704739912,-0.415421788428878,-0.165916705217483,0.231456994155343,0.323280762266379,-0.180419032340335
"GAACGAATCATTGCGG-1_atac",-0.357823997715195,-0.0249763899816097,0.233346848205756,0.434106615746333,-0.235335243668573,-0.0387133612049332,-0.530748240378107,-0.0686939033025434,-0.126950679007387,-0.220555619521711,-0.217514786602099,0.0273683552501823,0.0222615586946712,-0.393123863112308,0.131453408970708
"GAAGCTAAGGACCGCT-1_atac",0.297997314412353,0.0248725074460356,0.135732831668444,-0.194696813112546,-0.0715792879444365,0.428650958653345,0.158979792229783,0.35505450767685,0.354016942193691,-0.0968835427124743,-0.539537161828453,-0.170023545575748,-0.022929905234824,0.190300881169084,0.150273798750039
"GAAGCTAAGTCTGGGC-1_atac",-0.409415113938327,-0.0390167833157856,0.0865405226641183,-0.16630634858676,0.211302448985869,-0.112122991066221,0.739827355403677,-0.118928261410003,-0.201366129391084,-0.0613118058108493,0.1771244080557,-0.0739908247049018,-0.285955282727354,-0.0976398470410175,0.0673946370229039
"GAAGGAACAGAAATTG-1_atac",-0.206079279750778,0.0748004527511381,0.172425629672125,0.512511847207695,-0.149899063792021,0.131629462198688,-0.612051695075064,0.233982600055322,0.193911685319693,0.0956459608394605,-0.210404391819299,0.0822077256711122,0.0179342556055754,-0.291848628719885,-0.0843254577047018
"GAAGGCTAGGCAATAG-1_atac",-0.0913472179793711,-0.0137760907457972,0.193480554263398,0.0782385814789111,0.232716615318737,-0.304392902134256,0.620255341261948,-0.0111089595178018,0.0767708474357698,-0.0596394644645544,-0.435451185633067,-0.379836038856248,0.0788203804764105,0.0934544251730979,-0.240764580320419
"GAAGTAAGTCGTAATG-1_atac",-0.58302224673714,-0.014687354994983,0.0634156922332328,0.110156671906371,0.168331515554317,0.0134519456631617,0.220163563767948,-0.163987853154402,-0.295541556729286,0.232316520817867,0.226110818213816,0.182417475636407,0.169615349896144,0.407710436443937,0.345134252467535
"GAAGTAAGTCTTTGAC-1_atac",-0.53863752033367,-0.0422374259637477,-0.13241845232102,0.0149453622410561,0.145693984709899,0.110099840056212,0.0147733016904974,-0.0129003305048292,-0.222459291634637,0.222885840774194,0.336374808180396,0.287485992505469,0.157683652385805,0.536603463317998,0.220962388758954
"GAAGTATAGGAAACTG-1_atac",-0.269691651596182,-0.0587007929581247,0.204296732072738,0.340742656859212,-0.0544287957436235,-0.121225705484047,-0.447811928733473,-0.217312726245923,-0.017137952770208,-0.170069291801997,-0.028103408963518,-0.388754368696567,-0.278038393577029,-0.298845743746485,0.390906953087551
"GAATTTGTCACAGCCA-1_atac",0.380714245152623,-0.298948572938793,-0.0380257873526002,-0.0418320853983066,0.160239955721447,0.411849622803192,0.0125072718081433,0.474524112509456,-0.0979220461087136,0.00169931878025084,0.0975776490384882,-0.267367631810998,0.0990614459620396,-0.428631034810184,-0.240266129490582
"GACAATACAGCAAGAT-1_atac",0.33614361433264,0.0364832844744698,0.0947960914616374,0.105048718073683,-0.149882793691246,-0.532497366454997,-0.0447319220388418,-0.189773194155559,-0.435944917904198,-0.328516147514691,-0.104772651511845,-0.204242982121344,-0.174051979968518,0.369221149803502,0.0658795651800263
"GACATTATCCATAATG-1_atac",-0.22498492235394,-0.0413671708222101,0.0133680219662037,-0.716593321955721,-0.201631485478389,-0.198768836079441,0.0969306646853995,-0.107670039276661,0.202649767376336,-0.17264857212671,-0.0354209705325294,-0.264239025419876,-0.298487625455454,-0.249785868961836,-0.198479075208201
"GACCGAACAACTCGCG-1_atac",-0.183446151195021,0.0509400616260636,0.219657556121731,0.509946659348548,-0.239647048973626,-0.0617891963780329,-0.445339367387854,0.0534544797239877,0.100335302915191,-0.0722127545836995,-0.00986112808772161,-0.0163117990339273,0.489033300732309,-0.339762073453788,0.150955054963641
"GACCGAACAGAAACGT-1_atac",-0.250715946073159,-0.0498589340642469,0.223484187839745,0.499162516608248,-0.167944311837981,0.149303317013264,-0.380985953658744,-0.416230339529611,-0.051163969678231,0.0587548814024739,0.136020411366227,-0.168394328483744,0.204980623189688,0.0939564253924549,-0.403583300306282
"GACCGAACATGTTGGC-1_atac",-0.277800263520404,0.0236695749135645,0.048435434122066,-0.644605072722214,-0.381787506523995,-0.197993157124791,-0.382157822037686,0.22309202133828,-0.0804597794749357,-0.0910346829779516,-0.0828894747480917,0.160698067771516,-0.0313025653711627,0.0287133319028735,0.272704057107365
"GACCTAGTCCTGATGG-1_atac",-0.148231586541725,-0.0528373535969193,0.475924467221691,0.484282378710432,-0.188530400830984,-0.21200378556039,-0.22477436282581,-0.0458758963218602,0.258958558688376,0.0617101807837603,-0.277783632306497,-0.422629006510899,0.0945143984210083,-0.189433676441516,-0.0980809180160029
"GACCTGATCATCCTCA-1_atac",0.308599631600771,-0.116290350670171,0.0467999933084524,0.046851615985058,0.170777754114363,-0.376689430922939,-0.0593506167461086,-0.675371402886712,-0.21624402649904,0.254352752236261,-0.188546883183374,-0.279482272703201,-0.0950494647784145,-0.110732745149415,-0.0986676295697526
"GACGCAACAATTAACC-1_atac",-0.240267494359968,-0.0654526594233766,0.41748086589016,0.473727151389482,-0.327512322490609,-0.216210096421193,-0.115454453324538,0.29569906175773,0.255235817809005,0.193390636998378,-0.215865441043001,-0.265484300357341,-0.050431464319521,0.190671886636691,-0.161173309188222
"GACTATTCACGTAATT-1_atac",0.284227252353433,-0.224954604146043,-0.0857277104848135,-0.0135082011441034,0.0462888598103093,0.062256308813891,-0.0239556656619632,-0.116248602869753,0.469963005479911,-0.0338471786403803,0.672231819991029,0.00589487285630113,-0.150661404866262,0.375146562194391,-0.0599786273203947
"GACTATTCAGTGAACG-1_atac",-0.164198687912404,0.0280592944230438,0.0473825009273084,-0.769342026216825,-0.325598861078733,-0.0663005804808691,-0.460556643534188,0.0664873967627544,-0.00589395546480927,-0.173512351528244,-0.10908207036424,0.0566036106965495,0.0422026944131583,0.0294405926404885,-0.0573050911672388
"GACTCACCACCACAAC-1_atac",-0.414492589945223,0.326667545589851,-0.208726761949217,-0.030663421338814,0.0926495744743803,0.200131049777758,0.0640635554262671,-0.0272928776856068,-0.321034749750106,0.0377972384018959,0.271599834688729,0.318174729566384,0.0685991553766975,0.211589165019961,0.54269907918422
"GACTTACAGCTACTGG-1_atac",-0.613872617081934,-0.0430996687598792,0.023650580707043,0.105505035146142,-0.0484033768454734,0.440802931066568,-0.171649724154391,0.127933709518018,-0.195023028302518,0.0742695122996465,-0.093652810934466,0.40920241062637,0.258734762694969,0.265064509901884,-0.100802369319058
"GACTTACAGTGGCGGA-1_atac",0.266497902338933,0.00975674124368197,-0.0361980708571807,0.130463454137465,-0.363819772550785,-0.421014084770493,0.33222632993445,-0.0119684108366922,-0.212702881562404,-0.294194454534352,-0.163164585943719,0.259785769701144,0.0183224594818609,0.423956013102559,-0.290583486282143
"GACTTAGGTACTTCAC-1_atac",0.453582588749957,-0.247834319402669,-0.137911814003701,-0.0365262715123096,0.121249733699195,-0.33202515904588,-0.157279911502126,-0.288270248119283,-0.0753728425147633,-0.180882851680805,0.468831822106043,0.410034166369408,-0.093268457304316,-0.135723012063145,0.162041754249947
"GACTTAGGTTGTTGTC-1_atac",0.326018482527397,-0.168207594279738,-0.157491125555349,-0.0107692819931507,0.0324592606867445,-0.099495537994325,0.169360326158321,0.0820500164874331,0.0625202917352513,-0.0708382679750739,0.0424550956450505,0.369207952729676,0.426206468693812,-0.656472364939624,-0.18568499338222
"GACTTAGGTTTAAAGC-1_atac",0.287492094599828,-0.205028638574183,-0.173493539544386,0.0370353445681138,0.25751234288219,0.288935103015301,-0.0344628243377944,0.199168970718724,-0.372853651535899,0.0872878289963702,-0.520744938583426,0.360277658641204,0.299713971185673,-0.0834201960663886,0.0937346023623779
"GACTTGGTCATTAGGC-1_atac",-0.420326727826354,-0.0048010616185986,0.124938272770133,0.323734003159966,-0.140671091423346,0.112130753900271,-0.459699058303809,0.0292182522791218,0.198409178026693,-0.376350086019061,0.435486085805959,0.235444310954846,-0.00567595129982477,-0.0996621776065668,-0.149325191248526
"GAGAAACGTAGCCTAA-1_atac",-0.457561171928283,-0.0419180165786006,0.181955905197604,0.471688931346473,-0.0121872248395151,0.282760035388466,-0.0942824336993662,0.151119923353343,0.332212768472316,0.0637196123519265,-0.279610258410438,0.164157405368704,0.392468063059488,0.216890627723581,-0.0287452959952044
"GAGATAAGTTCACCCA-1_atac",0.277271797440287,-0.166070266203784,-0.0619522178620057,0.0401418271956215,-0.0923797879980946,-0.0372032911129175,0.0847736530918358,0.1364503934111,0.347245321450236,0.034579206564019,0.423074917911665,0.164716032129736,0.156469658285201,-0.688490734881996,0.16723379752128
"GAGCAAATCATTGCAA-1_atac",-0.0678942366645982,0.0405640159051566,0.238172529130248,0.402246502071672,-0.105599255833015,-0.0436839042408514,-0.456075820449436,-0.0676347308680567,0.317214359324356,-0.592372979738463,-0.224377773062137,-0.014178314022197,-0.0330740830131661,-0.202262902442244,-0.0741360293622881
"GAGCAAGGTAGACAAA-1_atac",0.413689092208063,-0.111374080422382,-0.12133873890749,0.104547161774259,-0.14895845105434,-0.338617615045019,0.0375911752735163,-0.367151131452457,0.181018080513987,-0.207128682772794,0.0579435615061987,0.102710900583389,0.634493066999821,-0.152030143211052,0.049688558284876
"GAGCAAGGTTGTTCAC-1_atac",-0.614399106330968,-0.0688026689814362,-0.0318416519190519,0.0507017550049701,0.00768928342748441,0.0537516732067358,0.0891594810015942,-0.0304754900580193,-0.077271689299222,0.35352176107047,0.114874376951755,0.48855243728312,0.347558671304418,0.313296539103339,-0.0242678540139664
"GAGCCTTCAGCCTGCA-1_atac",-0.171209622250055,-0.0374737625822106,0.0759730170453832,0.0702023993577173,0.260522141534315,-0.130163414389304,0.801554092773103,-0.133706045855839,0.149899355764838,-0.176421084757567,-0.0825537175217611,-0.0758216165776489,-0.181296839094898,-0.102828848894469,0.322182509307876
"GAGCCTTCATTGTCCT-1_atac",-0.228527570719117,-0.014851243900545,0.0322645544216234,-0.792104154151999,-0.142005011753969,-0.0381463725389151,-0.189073361917452,0.0317153513993153,0.104978838371807,-0.0497427045588306,0.107743207685468,-0.193190446420975,0.198767899241025,-0.33290243786988,-0.218976430729116
"GAGCGATAGTTATGGC-1_atac",0.111620845062838,-0.158498728141783,-0.0322936751820074,0.0407393856402419,-0.00474724704087728,0.0764382292049973,0.0503267501265306,0.167143316502359,-0.0778057027791279,0.225259614820175,0.35368651309015,-0.414950722242045,-0.642218699884616,0.38792297708504,0.0798647878646327
"GAGCGGTCAAGGGTTG-1_atac",0.195570510692322,-0.253418678907087,-0.269467445852562,0.032164169246502,0.376559732442592,0.273141862275467,0.0947455389200545,0.324974873571755,-0.401173693033301,-0.197833422131302,-0.424693529036204,0.224558702130173,-0.106666774277847,0.15376318984745,0.164329842875411
"GAGCGGTCACCCTCAC-1_atac",0.0747237991887216,0.65666571902401,-0.231742389075895,0.100347725704569,0.0131511148233669,0.12851591642866,-0.106616246056911,0.100337137977542,0.322655883516476,0.326875273768641,0.188846984769367,-0.0810692383331174,-0.139109060204926,0.217102191904576,0.376343018238719
"GAGCTAGCACACCAAC-1_atac",0.0770292491290616,0.726595565252033,-0.219483886749721,-0.0900953697596288,0.0564569765396053,0.0897483630877942,-0.0424970828306116,0.239066579302497,0.192542042595133,-0.0189206389375411,0.387709274401037,0.206253509248743,-0.152288364799491,0.29343634364829,-0.00692695956899645
"GAGCTGCTCATAACTG-1_atac",-0.21700347992589,0.00582617300245422,0.0171206788033343,-0.539643219044116,0.0698875676094012,-0.179405125078291,0.234681514048937,0.0995441291224585,-0.108070842394772,-0.0404909259994608,-0.245745313335558,-0.165051197857574,0.176067223742509,-0.120285032503142,-0.642567561342737
"GAGCTGCTCATGCCTC-1_atac",0.338808240850797,-0.256119936398472,-0.072834568395873,-0.0594330150386158,0.0859886297541109,0.364074315349136,-0.320471262696606,0.488196882684309,-0.166387492190939,0.0172458570656336,-0.331068286572713,0.126994102708167,0.140694038301958,-0.228228409698294,0.322789822349442
"GAGCTGCTCCATAAGC-1_atac",-0.307088206534821,0.138778192791983,0.292404537276105,0.593642790115494,-0.0846140750669566,0.00693703869215934,-0.238960960522739,-0.0619437154103561,0.43155239819051,0.235780014187876,-0.192864057981634,-0.0447466354187821,0.293925236624574,0.00373200931455109,-0.113770716195423
"GAGCTGCTCCTGTTCA-1_atac",-0.313821233939434,-0.0423501315189175,-0.0402610209390525,-0.810709706729398,-0.284519225182038,0.0406412431955416,-0.256514930058085,0.243939996228464,-0.0264960952223449,-0.0399735881137465,-0.0230525372512448,0.101850271165818,-0.120171236771115,-0.0699710853182167,0.020002072410825
"GAGCTTGTCACGCGGT-1_atac",-0.285142627307166,0.000787786953571076,0.235556518132791,0.459497047259732,-0.125005785249632,-0.00605231363390285,-0.209866551327075,0.184796378598027,0.572915318974363,-0.166382649541535,-0.100775571010505,0.0975479405633322,-0.0915339698715677,0.30292848419553,-0.287195586093715
"GAGCTTGTCCTCCTAA-1_atac",0.392949551658554,-0.211742884820649,-0.122335678962913,-0.0573212214930898,0.23956363687704,0.179227459700917,0.247630352982867,0.145928164987335,-0.390593256893804,0.0882633198921078,-0.176947706860442,-0.110641812672256,-0.485834475560266,-0.134172751460818,-0.390425086024788
"GAGCTTGTCCTGAATA-1_atac",-0.150400829673851,-0.0510615422882455,0.214106711547148,0.395186134742869,-0.190377327304754,-0.0407265179091805,-0.459744478005489,0.0550658726528933,0.236757335511888,-0.591803913335307,0.0366566326055635,-0.114150552336059,-0.122615967273624,-0.271911445200195,0.104060839791747
"GAGGACTAGCTAAAGG-1_atac",-0.24565498710323,0.0698180689239986,0.289257576719167,0.183090294806303,-0.0567638613757542,-0.164560691471389,0.525306597976542,-0.0726327443257367,0.296295741551481,0.113369430176265,-0.258627342618789,-0.471576885048464,0.214270170975713,0.000967043608106642,-0.265014852214219
"GAGGAGGCATGCTATG-1_atac",0.0457049452599583,-0.000153455409241896,0.0632467844403595,-0.0845453227011408,-0.105703208475339,0.0893785072766568,-0.0386716488131441,0.0265406988336797,-0.107568016271428,-0.0940837686794984,0.0909735116822629,-0.545900394527893,0.741601571290778,0.0798597072329081,0.286957938605553
"GAGGCTTGTATTGAGT-1_atac",-0.12950656548401,-0.0363777989439246,0.179253681648984,0.0248459085680116,0.219917964288576,-0.299704526333632,0.597735725609329,-0.0290947800368842,0.0519483851519016,-0.150111680663343,-0.0657282893247334,-0.40052876074214,-0.012123251251416,-0.511803834432042,-0.0277218310279446
"GAGGGAGCAAGGGTTG-1_atac",-0.259284613499113,-0.0446676796886804,0.284873490216948,0.464208213603545,-0.120135405675978,0.292401695628446,-0.222816909299806,-0.246784258547102,0.0228640243806499,0.0809338779861933,-0.113263394417465,0.0975477574438249,0.0170245157145236,-0.0547042016778288,-0.625262666739356
"GAGGGAGCAGCATGTC-1_atac",-0.15302537701527,-0.0247868455663167,0.0669050036656268,0.0474339253333052,0.0798415121624223,-0.198165987640784,0.680418785763795,-0.0220405788064181,-0.00798702776005276,-0.161399454671482,-0.073136240682479,-0.0962331279481276,-0.489816363277286,-0.17289786247563,0.386788845305018
"GAGGTACAGGACCGCT-1_atac",-0.0955390535332068,0.136696519437769,-0.247173648975784,0.0323966677457643,0.488657164579619,0.215594100513727,0.108113388955169,-0.394470503751282,-0.45201645301852,0.0934100223995881,0.430108166680017,-0.0053399563899097,-0.126135228690082,0.178077581570954,-0.108592324240626
"GAGGTAGGTAGGTTAT-1_atac",-0.229936399668196,-0.0513981492567844,0.186790198933262,0.423246563671667,-0.168759067970105,-0.127251413660627,-0.507281932862933,0.409937250854689,0.102534878126686,-0.248731062704213,-0.295049324616153,-0.145333290909434,-0.225729389022936,0.0999601760343956,0.137480870975027
"GAGGTGAGTAAGCACC-1_atac",-0.1789729438819,0.018456781679277,0.0104191902036116,-0.764674664207156,-0.163282606625007,-0.00995859569629439,-0.171406138940847,0.0141002732760311,-0.207948679380393,-0.228685584369162,-0.346245702700238,0.0656869415657125,0.059001061687893,-0.159858835603222,-0.27870465057158
"GAGGTGAGTAGCCTAA-1_atac",0.174746182904812,-0.0602611041589963,-0.127227913319105,-0.0766431056249122,0.218434925597231,-0.277053645413501,-0.190895491557987,-0.514325869803301,0.0822649603760567,0.60415620317699,-0.0336443848029839,-0.275612289941687,-0.0901294613881552,-0.0160430760419373,-0.247142700634912
"GAGGTGAGTAGGTTAT-1_atac",0.366822336643638,-0.218649591803685,-0.157445510715035,-0.0580697274066427,0.0331212693968558,0.0424266734822572,-0.252162816003783,0.116672618027646,0.222526423378139,0.134647134174175,-0.0807031580613097,0.390008558805374,0.485325233232964,-0.454751502661462,-0.201915511750795
"GAGGTGAGTGTGTGGT-1_atac",-0.165020764113217,-0.012538927206236,0.204978130255598,0.206557754185968,0.128528751980667,-0.362247733952914,0.614983067475125,-0.209546055702034,0.150564363366777,-0.243032387459956,-0.138861700780501,-0.0302970803029058,0.112591818195006,-0.447267525321699,-0.0584122317373222
"GAGGTGAGTGTTTCAC-1_atac",-0.239298669156197,0.00465550704876784,0.147214952743299,0.382158757664347,0.00805597526320362,0.00712653118950277,-0.493832706051879,0.0966155649615052,0.0959132056335525,-0.267349881491057,-0.0887883834102641,0.173137613567965,-0.517463566048756,-0.353759443218327,0.101125275856205
"GAGTAACCAGATAGAC-1_atac",0.493203238605935,-0.321783945822255,-0.177524279358603,0.0429974299561404,-0.00996242548514139,0.235826232468938,0.17150119722323,0.349900575888112,-0.0899902992366661,0.0813652788286297,0.0179999195868746,-0.280388765811141,-0.0734381338892082,-0.183975362272699,0.528568974033554
"GAGTAACCATGAGCAG-1_atac",0.436997152689921,-0.170223403440628,-0.154493374099253,-0.045369459988872,-0.0493904203310415,0.171589846520393,0.0786942709598643,0.0898119989274137,0.279278383341929,-0.214361319271128,0.376461974530927,0.263850492057705,0.214955491186611,-0.494951632827011,-0.285514527443294
"GAGTGATCAATAACGA-1_atac",-0.540843224050865,-0.0540529019889019,0.110337840776169,0.267960594748873,0.0945349837654929,0.0122653535042596,0.336513826048365,-0.0844970395323898,-0.160124327426156,-0.0824353927321248,0.348398142176958,0.02292735913075,0.206948957842102,0.447753817430686,0.305724203854756
"GATAAAGGTTTATGGG-1_atac",0.0411516508288274,-0.309636513829395,-0.24360845121665,-0.0476426580418523,0.161641709582938,0.111415084316718,-0.276341981646493,-0.0912757436098321,-0.57661189272667,-0.207925714300114,0.241853923228255,0.427847511895209,-0.0683849469218146,0.113936013699174,0.287506952587441
"GATAACGAGCTTAGCG-1_atac",-0.162403367734388,0.0118932439606617,0.0898952022589459,-0.798724820439561,-0.230391333710509,-0.026671079488456,-0.350065362740954,0.112149941991482,-0.0361134044386007,-0.217624216986171,0.102183126973101,-0.0912106183013516,-0.0730289405010133,-0.125287583461489,-0.223765232025383
"GATAACGAGTCAATTG-1_atac",0.394242584922473,-0.312446630900652,-0.20185503681919,-0.0205662173733909,0.201581095502863,0.302846033084988,-0.243963212804172,0.193581240435093,0.0638088753870025,-0.0165537678034572,0.668343788857564,0.120137501053061,-0.0938631362389384,-0.0215080221749593,0.041281179533661
"GATAACGAGTTAGCTA-1_atac",-0.193846858851112,0.122091385275564,0.153031132916923,-0.0819879077362715,-0.0179618684690728,-0.18075720950687,0.601689322116895,-0.0933021943877877,-0.0511765349764575,-0.136360233638502,-0.0684691899081493,-0.0165718800156186,-0.461469556904819,-0.522695548308158,0.036122161734822
"GATAAGCCAAGACTCC-1_atac",-0.188262786735368,0.019971517500225,0.135139592509145,0.190399159596322,-0.00976284070734554,-0.312988608008688,0.00652549843953656,0.119779885226549,0.415919538089864,-0.369920941505735,-0.341854489206636,-0.218292969850762,-0.282036910666013,-0.418029861495042,0.261832132593045
"GATAATCGTACAAAGA-1_atac",-0.0796324300816404,-0.0753589608445564,0.207805624887713,0.293473265741912,-0.174227693702003,-0.176849567526011,-0.508264340744008,0.241456734209746,0.194893014932686,-0.378284812332564,-0.0959431058244884,-0.105947495758448,-0.303308298776911,-0.317943998252011,0.292929968166972
"GATAGACCACTCAACA-1_atac",0.341972532802984,-0.117274263557512,-0.0837376454797147,-0.0388884073930126,0.0146110352655061,-0.431628517805347,-0.149370110563965,-0.640863214499551,0.241611745529579,0.0577407339557408,0.177989431983959,0.0686391364968765,0.272438038740749,-0.147246172420712,-0.217342508300336
"GATCACTAGGACCTCA-1_atac",0.128940926491579,0.727082839341459,-0.279638441604097,0.00931916109203332,-0.102955690973661,0.160246787073917,-0.170107133755971,-0.0496235807717682,-0.0984856504895502,-0.260154986009819,0.18909622976983,0.130878318397984,-0.216297760065688,-0.111864955418623,0.345249744288904
"GATCAGTTCAATCATG-1_atac",0.280303784360048,-0.0266107250800842,0.239138063910729,-0.0484701802760519,-0.254559577507272,0.280414006344592,0.324988599522741,0.301518026184844,-0.0775574884751419,0.279077433453575,-0.528898582115499,0.122709621672408,-0.166543152936459,0.176412965533296,0.28926300647244
"GATCAGTTCGGTCAAT-1_atac",0.215143524719437,0.745424651390348,-0.248023041644416,0.0668803964700221,-0.019259659650376,0.219149835936532,-0.0246710271682925,-0.0801352038273845,-0.0214318718260492,0.0308689445612295,-0.111406824599467,-1.08358306857093e-05,-0.0697407254451662,-0.130340227065538,-0.490879821919102
"GATCCGTCAGTTAAAG-1_atac",-0.241421312025722,-0.030757789800035,0.172468436821969,0.315825940333721,-0.180947638421258,-0.038582860983917,-0.592576144304408,0.257445864229923,0.114407328859139,-0.133513304071022,-0.177477494330349,-0.0186530363029439,-0.0877912741168053,-0.347558508647887,0.410313924449147
"GATCGCTCATTAGCCA-1_atac",-0.385254778351686,-0.0331900465446191,0.16764490015596,0.255347589108217,-0.157837569688406,0.00341298478294236,-0.515814551199357,0.0468984848960744,0.243446370118903,-0.216557717275216,-0.00996230269485467,0.195743116785898,-0.281459466652737,-0.387430075825955,0.300136662986303
"GATGCAGCAAGGATTA-1_atac",0.305932697704497,-0.313891116495241,-0.165692461644873,0.0419848101011534,0.165380418164304,0.51554024023427,0.166012526909862,0.0883185059450717,-0.182401085419794,0.146393796763518,0.171855504844896,0.106797905158792,0.205429406232698,-0.374113684673195,-0.415167916570204
"GATGCAGCACGTTACA-1_atac",0.437493503112344,-0.256674303914288,-0.0933989039889687,0.0400675065734423,0.120636492084482,0.53772219574222,0.184398911498139,0.320579821227597,0.222637437369099,-0.0644128023769878,0.0503751098685178,-0.298737148165711,0.121214185966131,0.0463609143786975,-0.359966785218731
"GATGCTTAGGAGCACG-1_atac",-0.152823196830007,-0.0243270532308534,0.283267897387304,0.353695193150554,-0.00404931140160573,-0.17766608574762,0.329526720922808,-0.18672951422499,0.466849888594724,-0.0781206059482559,0.386899233451802,-0.442305079754094,0.113645817269576,-0.0858385929977654,-0.0775550359678829
"GATGGCTGTACGATTG-1_atac",-0.529314123444769,-0.0769959030034244,-0.0907008487354726,-0.0481245833203416,0.147261887836685,0.268849825908499,0.0543689029087974,-0.0136842777358301,-0.315235564130869,0.282167882579264,0.22014209220313,0.279765175763766,0.243717525402265,0.449655149860748,0.197318994103988
"GATGGCTGTCCGCTGT-1_atac",0.267319121968684,-0.256864352958405,-0.160602314828498,0.0732116056352399,0.147073138625759,0.373819022139904,0.155315021821382,0.447909496890379,0.257591187798258,-0.0217533903983461,0.476190154632245,-0.0510690386486595,-0.339947239727949,0.169069576541182,0.0703641815241939
"GATTACGGTTGGATCA-1_atac",-0.466360253264121,-0.0350360017768387,0.146887389247255,0.0322584572148327,0.112204816666487,-0.0934243526020854,0.495036635532718,-0.320147225459648,-0.0743305998105635,0.231000649582348,-0.163326110216578,0.330160796171311,-0.000660680532138906,0.160535950315317,-0.411643531367609
"GATTACTCAATTGAAG-1_atac",-0.178198509756353,0.0239076925364374,0.0997346781355969,-0.028792051011483,0.21731407351147,0.0311263261137184,0.667184533136303,-0.150227623691614,0.0786584951758983,-0.190128955090668,-0.205440268515232,-0.372767299277199,-0.167246726248313,-0.255999435145857,0.352129820141817
"GATTACTCAGGAACTG-1_atac",0.193059928276633,0.825938258898539,-0.392968702556668,0.0199099874174718,0.184006252597653,0.0319183825341782,-0.0193254697385441,-0.142661205532109,0.193294599689874,0.0751671047791343,-0.0487367634259466,0.108304334808587,0.0187068423544454,-0.0712440969555857,-0.0871011254273636
"GATTACTCAGTTAAAG-1_atac",-0.173913155603968,0.00503728859062555,0.104125144197991,-0.777114614505245,-0.284360845788198,-0.108869189346243,-0.346034548157783,0.04898418488423,0.0239801906529558,-0.214358121336519,-0.0105780248743123,0.130245223765127,0.0562802257778939,-0.0101086485769275,-0.270660128511035
"GATTAGCTCCTTAATC-1_atac",0.15789920089064,-0.121618953083044,-0.0223554282729696,0.166221438495293,-0.226705099993714,-0.430625892983457,0.131903765915641,-0.174899629221362,0.147327760843026,-0.461882868168566,-0.142496199656659,-0.0960995560366086,-0.214915616030568,0.580104793958247,0.00575815839546231
"GATTAGCTCTAAGTGC-1_atac",-0.100348171301131,-0.0734289365357136,0.165962684549188,0.0701473599438442,0.080569351514798,-0.251509583271712,0.562171093914726,-0.170507367597867,0.0217665615110245,-0.510639918294689,-0.276735865734807,-0.139756628999616,-0.106148047826968,-0.38991661226378,-0.128734774790426
"GATTATGTCAAACACC-1_atac",0.086397396593302,0.820738553417779,-0.362634135884992,-0.0523763482296015,0.182231010872606,0.0446920299015171,0.231242461238546,-0.00431416471570818,-0.163657176942987,0.00921815115565244,0.0673111471745998,-0.0166654291165712,0.0746069566225815,-0.154451512687631,-0.186764747718047
"GATTATGTCCTCACTA-1_atac",-0.325040226928523,-0.00821821921830147,0.204915001036099,0.151654639357598,0.0856152172115662,-0.108371831760088,0.426418129841188,-0.412687980902837,0.379820386475825,0.448693602459501,-0.0534917682803143,-0.0693714301682475,-0.269924671359614,-0.17867780768561,-0.00504850974901409
"GATTCAATCGCTTCTA-1_atac",-0.273220683548175,-0.0299030463026555,0.166136850495834,0.53438056354615,-0.264393500443703,-0.0955496177559528,-0.389784571346277,0.014463636874873,0.406616442854974,-0.302370780217666,0.145561590205198,-0.131362845121674,-0.136746180659956,0.222482192360083,0.129267656201577
"GATTCAATCTGTAATG-1_atac",-0.453365853733006,-0.0367032224705362,-0.0726468000731403,0.0115934435970456,0.153500756634966,-0.0753677889908809,0.721435964229249,0.106155005946829,-0.261672063156032,0.234030989588954,0.150505469594263,-0.116065380683322,-0.0863064942436675,0.230944076459066,0.0810491817518264
"GATTGCAGTGAGGTGA-1_atac",0.27438253006464,-0.301832972681325,-0.344331000609289,0.0597640129445442,0.353228707543557,0.289909251124236,-0.0534799469297928,-0.0542697826694974,-0.540206079230106,-0.127391478334435,-0.318665092141335,0.245430683302815,-0.0670798314427003,0.149847249384085,-0.00797125079594737
"GATTGGCGTACCAGGT-1_atac",-0.146782231082541,-0.00400210591758492,0.223488969864686,0.173275887382678,0.185729900640886,-0.115795121860334,0.641105570880383,0.110671248249291,0.0757922573350256,0.107425548896147,-0.105814244092746,-0.341743213508987,0.239945785060238,-0.47017983732221,0.0581865129830175
"GATTGGCGTGTTAGCA-1_atac",-0.671911770865547,-0.0298222037379139,-0.0570526267365219,-0.0462545233574245,0.276158238857648,0.0188764468072052,0.429643280042035,-0.0911441511957976,-0.246956037120535,0.0972163011883659,0.0886835844796343,0.125210810015406,0.0531305611314617,0.406460237333639,-0.103522113700972
"GATTGGTTCATGCTCC-1_atac",-0.322192827974733,0.0519825601537046,0.400657335858098,0.478169114797662,-0.181423008256943,0.0777674384298152,-0.261610875537986,-0.00650599861554763,0.436033912205277,-0.299860284468407,0.198945650118949,-0.0270212351899582,-0.217460375153493,0.0818842614241238,0.150091980524355
"GATTGGTTCCCGAAGC-1_atac",0.0497852083850932,0.842870263231845,-0.412851416462719,0.0889912876077523,0.179772855807122,-0.0423217295293701,0.174423350388874,-0.0866220019473878,-0.0112175978480849,0.0699756571252288,0.08058243867595,-0.123137686614307,-0.0466344310455823,-0.069161717879569,0.0552464154877216
"GCAAACAAGCAAACCT-1_atac",0.301177594673033,-0.263749979901847,-0.14953861322518,0.0605019868485091,0.17652175517899,0.524846894207818,0.128505053553555,0.213754296180645,-0.174643795862617,-0.208846087057893,0.463651571799481,-0.115355147372641,-0.172307945450425,-0.299231641875678,-0.15248193283178
"GCAAACTTCACTCAAA-1_atac",0.607928324367179,-0.220374139208942,-0.213447835296384,-0.0466186662204165,0.155853548709327,-0.215028192113066,-0.0307959304139756,-0.0542491168742211,0.153504198832047,0.123831224887129,0.249008181531077,0.346111409950196,0.0463270475356805,-0.387365795475919,-0.294638687183885
"GCAAACTTCAGGATGA-1_atac",-0.17407227780446,-0.185451296812899,-0.127058566034116,-0.0878248337919588,0.16352886221235,0.39989726420177,-0.000424417607249591,0.458506633635201,-0.17755282259888,0.414645526061346,0.162422368990428,0.0641826935306487,0.256255666162446,0.44890699109126,0.115847916610684
"GCAAGCCTCTCGCCTG-1_atac",-0.30085251967619,-0.0623192819357004,0.0434628950557684,-0.221000256216905,0.243040003028916,0.119797316029666,0.60334620528426,0.0130555063726596,-0.0220880999903503,-0.121780912776744,-0.431549307795077,-0.129716280003078,0.349862373558621,0.266580151156606,-0.0735442157769836
"GCAAGTGCAAAGGCCA-1_atac",-0.267511906755927,-0.0543600787689632,0.360234333546301,0.614225987705831,-0.101426540403405,-0.178432417927293,-0.222030651254957,-0.0991233094445155,0.255857018502058,-0.214790215256979,-0.226270871855373,-0.206964560749723,0.00226075761999837,0.32126598027292,0.0913459504007572
"GCAATAGAGATTGAGG-1_atac",0.323068794564075,-0.230830781032281,-0.0584851483001674,0.0184633456487316,0.0630609991091896,0.512815023519961,0.274179694083256,0.281402750017688,-0.0958514875018562,0.276004283068666,-0.385433731755394,-0.125478910948405,-0.395416724890899,0.0743598806772865,-0.075568364459836
"GCAATATGTAGGTTGC-1_atac",0.154013252041613,-0.105030671507723,-0.174134290979579,0.0683785904560503,0.056776567911466,0.106782479598942,0.15923470461161,-0.230270002658402,-0.524459652422159,-0.0826396562364906,0.166594095941282,0.53966905755463,0.435227254645237,0.0553176760821938,0.209470090134888
"GCAATCTAGGAAACTG-1_atac",-0.252297714708545,0.0335737286813387,0.300722958821024,0.437155588419533,-0.170344648968888,-0.156590344523956,-0.0302970339753931,0.139057233585824,0.494052876928031,-0.115925545846869,-0.287733332534327,0.262220135726594,0.146993111717618,-0.380519024220739,0.0663939096392977
"GCAATGAAGTAGCGGG-1_atac",-0.131269131557892,0.00488931309520008,0.0790802331652929,-0.689424023049503,-0.26470698971114,0.0275587749093703,-0.289437045654282,0.255317774090807,0.15781982912218,-0.198655199388433,-0.242656372212189,-0.0109342287557922,0.109597263270044,0.320408892438702,-0.208204274043781
"GCAATGTTCATGACCG-1_atac",0.349361135394051,-0.229478037574152,-0.0625133725783261,-0.087871786378063,-0.10583699262387,-0.182787613937619,-0.00936334753104641,-0.110613992851859,0.434315927460178,0.0306423660899629,0.594677154519187,0.091953535748085,0.288256003385071,-0.326656784135265,0.123529420984201
"GCAATGTTCCTGGTCT-1_atac",0.174197430329473,-0.307443092827952,-0.258266126476596,-0.0209908588342613,0.0208271414436368,0.590504793371238,-0.041205798789764,0.185773895686257,-0.375673725297586,0.0923669632431283,0.214450346864996,-0.104852283804145,-0.172428602657817,-0.389066160172225,-0.186823435999935
"GCACCTAAGGTGAAAT-1_atac",0.387414218020157,-0.343342308232319,-0.221427018256482,0.0684662815362649,0.097831812835053,0.31346139282916,-0.0280866051137171,0.384422614064663,-0.149614502793031,0.41900481428411,-0.433202988565294,0.144685504730828,0.0584919883817871,0.0260879567794839,-0.106112498462217
"GCACGAACAGACAAAC-1_atac",-0.266032820990066,-0.0628304366335779,0.238345775916665,0.411281084776727,-0.125631207792707,-0.272443308637404,-0.514039146133791,-0.0129720893163772,0.286164067803609,-0.108880150306965,-0.176113562355097,0.0538479844604405,-0.162495604883592,-0.163792135298667,0.404983852571077
"GCACGAACAGGAACCA-1_atac",-0.282660848791279,0.0686176938559897,0.414530852469698,0.432798951255757,-0.127757854867516,-0.0441721339046837,-0.179286041860169,-0.0149627800276146,0.0164694192996389,0.233408089440088,0.054912875301228,-0.308820188113093,-0.174174459312907,-0.323568158839153,-0.466298267386189
"GCACGCTAGGAAACTG-1_atac",0.330739613952509,-0.371228717261174,-0.150842397317047,-0.00658481830939557,0.0883728615145982,0.241872241176085,0.199402960523861,0.274414539415856,0.281427370828394,-0.115109674980389,0.601448629695556,0.203663077124075,-0.00915014811899818,0.202045182221843,0.109773623557257
"GCACGGTTCCTTAAGA-1_atac",-0.146383281823872,0.00508840561393449,0.346105365163494,0.448740313324243,-0.296696945284805,0.107775525404944,-0.00133889370085002,-0.0582932938462246,0.458880103451847,0.102827860044742,0.0780515867119665,-0.410805218399919,-0.171850232029679,0.166067048297168,-0.3181767524428
"GCACTAAGTAACCAGC-1_atac",-0.57531158867568,-0.0685205808540642,0.0169331271679449,0.105951051930853,0.217510215392245,0.0107535821520302,0.496521912606976,-0.0316871453704063,-0.211969338923669,0.286821352195457,0.37346354032566,0.212944684076526,0.0805844693152393,0.152434265820723,-0.12687287450489
"GCACTAAGTTCATCTA-1_atac",-0.240234621085871,-0.0821493623416269,0.19674092555109,0.320348724846463,-0.020906438391289,-0.00427905826748008,-0.608843612438678,0.168613356255244,0.134546372405117,-0.289854630884261,-0.243070367485992,-0.0273152451476803,-0.180045463463523,-0.447366422400248,0.0114572961715689
"GCACTTACAGCAGGTA-1_atac",0.0857266204164908,0.761597329441264,-0.251244228895174,-0.0297801665975516,0.0195857911473395,0.115800849946866,-0.241299797835221,-0.0154556979024855,-0.131591833158469,0.0488523543556657,-0.17534697961395,-0.190787754723516,-0.249984838236798,0.0508646307836567,0.352736301878088
"GCAGCTATCTGTTGCC-1_atac",0.558025443931986,-0.220193963525308,-0.113316901855034,0.0705801375698539,-0.198513435042735,0.29549805350554,0.428871973836878,0.201728472314275,0.00472469215144628,0.215215231494838,-0.0746089941423834,-0.0455504373994256,0.304448455420507,0.292991944284202,-0.196044158092538
"GCAGGAAGTCCCGAAG-1_atac",-0.1733912192793,-0.0193316531178548,0.0344295407392545,-0.733821816716242,-0.332919708896417,0.0691111373483983,-0.356536107026821,-0.0196998328467612,-0.0275019554296224,-0.178035531093905,0.165990855601376,0.046024170319064,-0.0270134933425583,-0.108172316248316,-0.334975796571575
"GCAGGATAGAAAGGAA-1_atac",-0.166674671619663,0.000766374918761531,0.165023878866626,0.390263398077173,-0.0772147013830733,-0.123666223955227,-0.590991241439112,0.186390374976643,0.31183642908206,-0.285064936031888,-0.110430364927602,0.0505892130716902,-0.273929897931972,-0.172652074600591,0.298845551341584
"GCAGGATAGTTAGGCT-1_atac",-0.252952334555038,-0.0448250513548311,-0.0431144540303783,-0.815347777482194,-0.148795297904147,0.0326295878623415,-0.212201319547443,0.0769984863977307,0.155986437546878,-0.286651426876063,0.133856539043962,0.0500241996119682,-0.0649545457841379,-0.141831219219288,-0.204783028182236
"GCAGGCAAGCAGGTTT-1_atac",0.319137965877843,-0.139575987537657,-0.0636506913126276,0.01835628677275,-0.102681955559073,-0.0933541298252634,0.0164003030132006,-0.203766686580636,-0.107276637115947,-0.685214663533306,0.117427398609359,0.0210921509690267,-0.306386020075239,0.45380651781798,0.134753459834923
"GCAGGCAAGGACCTGC-1_atac",-0.224905649686206,0.000120751788946157,0.21485353436799,0.263025595892625,-0.0700546399524369,-0.188987993984982,-0.320519728912302,0.0479966901407521,0.338216383375214,-0.407780707622622,-0.0211804596642183,0.176535601082501,-0.29954732486639,-0.365064901232201,0.391308568443469
"GCAGGTGAGGAATAAC-1_atac",-0.222466645643807,0.0578329176977766,0.251785454383214,0.530698122807791,-0.193657796273274,0.102994889741075,-0.174798126918882,0.0713699232027884,0.0474902605428612,0.0620145870650442,0.195927459873746,0.0783321016752517,0.112064859141494,-0.225770307609876,-0.63577732433611
"GCAGGTTGTGACATGC-1_atac",0.299746037846795,0.0158446635233222,0.0269207617423244,0.00649617306085029,-0.511174947618585,-0.213351865238838,0.318821443303055,-0.133380570626463,-0.386528439809412,-0.390220188976174,-0.192875888130605,0.2884514197206,0.0484338474972358,-0.234156351769058,-0.0601797463208303
"GCATGAAAGCGAGGTG-1_atac",-0.320960298947481,0.0238212289021918,0.115687918778501,0.199644431153074,0.307173161155011,0.0323281817962005,0.499092424136707,-0.352930813900592,-0.303010774282116,-0.26209793281861,-0.0865417046260834,-0.038603681933745,0.0686892149623571,-0.442101611820722,0.066775463788029
"GCATGAAAGCGCCTTT-1_atac",-0.252597033097326,0.0434354591189762,0.234986100490567,0.386459860974997,0.110445357247539,-0.0984016481905465,-0.274095397901692,-0.0870694528893539,0.424106627096384,-0.26898283966798,0.13761229968079,0.211151870009932,0.281674807484433,-0.479435723247439,0.0144292688396893
"GCATGAAAGGCAATAG-1_atac",-0.20265819451456,-0.0617294596198198,0.0357433680073204,-0.0137274814900476,0.164631398237104,-0.164825890074553,0.628333110979018,0.0576541943119793,0.133205083342782,-0.0646934570100438,-0.129421897873308,-0.215695479912749,-0.351852916444861,-0.216262967090024,0.495461371905366
"GCATTAGGTATGGTGC-1_atac",0.206086955263059,-0.131246500518499,-0.0800603866989901,-0.0168531838818761,0.204001298784674,-0.232768061986143,-0.317963965192275,-0.47883213448907,-0.0939890654766728,0.413111784408646,-0.263560764706861,-0.354152361542557,-0.318936592269259,0.172082168681022,0.0413974091958474
"GCATTAGGTATTCGTC-1_atac",-0.332244518993468,-0.0150439697914268,0.142814141947787,0.112963225110555,-0.0598993540039726,0.0952286212206409,0.0186809691093608,0.00575684826715788,-0.165124791929714,0.290922475273245,-0.0742146250233142,0.0457994447832943,0.319604878641626,0.156975995630552,-0.772590396970514
"GCATTAGGTTAGCCAA-1_atac",-0.299856358838981,-0.0575294458173242,0.23008467841274,0.27683739063872,-0.03267342213429,0.0715756035923091,-0.13261328494311,0.321326905612054,0.350400281015447,0.277615179412062,-0.446919730033163,-0.298062182656675,-0.383349027812599,0.0421336177200738,-0.114062133107018
"GCCAACATCCGGCTAA-1_atac",0.414820879909297,-0.198815997105784,0.0125635032810952,-0.0152240639423295,0.255512855680532,0.0932528231050636,0.18589264089723,0.175463895355488,-0.27251729329736,-0.646526004557305,0.0856284509104058,-0.0994193412909879,0.0590927270758286,-0.363469675440035,-0.0599960006966994
"GCCAATTAGGCAAGTA-1_atac",-0.227631757602959,-0.032297041512022,0.403454070840272,0.443873019947422,-0.18632028988447,-0.0203322265286533,0.207018412550922,-0.224739112680123,0.262161855049394,0.272659787060787,-0.367710587690225,-0.285703115868148,-0.0184366528230003,-0.313989107606925,-0.00326846468352062
"GCCACACAGGTCCTGA-1_atac",-0.0426540628284986,0.0479973904164027,0.266925316293097,0.411021587560965,-0.107066564065073,0.0679919989475679,-0.423527648908681,0.00821454399585146,0.182774443931877,-0.368086534775562,-0.476444910813926,-0.0556716724703683,-0.000613348750021721,-0.379273321139902,-0.13159707980941
"GCCACTAAGGAACCGG-1_atac",-0.142594314576647,-0.0469537086386979,0.257583924400299,0.361651825254936,-0.163299344620276,-0.0806353922532286,-0.606429380302929,0.0519793943917584,0.240705989876582,-0.0236087472089196,-0.170681590994331,-0.0594693183922122,0.084872458963737,-0.498419760676772,0.17292296763981
"GCCAGGAAGGAACCGG-1_atac",0.435524914729235,-0.275916563468715,-0.222600402899011,-0.0122091535473968,0.217490815755,0.169522416523457,0.0613012925501735,0.154391432126331,-0.225158377302526,-0.223668870935735,-0.228679339517551,0.145411166390245,0.140341508704028,-0.621963911304464,0.0124850338283135
"GCCAGGTTCCAAACAC-1_atac",0.305588634421314,-0.104949231050386,-0.00841171061746578,-0.0181633241846904,-0.122256498645582,0.0972483537230023,0.095505853135565,0.195114314077072,-0.36322639082087,-0.390139759756759,0.479124768278203,0.032166467142736,-0.329441241187348,-0.403946604498238,-0.19277880041916
"GCCAGGTTCGTCAAGT-1_atac",0.474624499297395,-0.246370825426453,-0.0401450113236068,0.00173697581633353,0.203415663455341,0.105131366151082,0.0433884193192388,0.274924004135176,0.661105169140317,0.104530500601678,0.311240599983047,0.0873130902527934,-0.166900979984721,-0.023664515523753,0.0403132647586188
"GCCATTACAGCCTAAC-1_atac",-0.194619052285311,0.0527242505943872,0.281817678517532,0.164399616403139,0.0744971244012652,-0.177641862099581,0.182487028972615,-0.118285546477738,0.52844859039277,-0.25378951973556,0.107128198783092,-0.254306545992813,-0.489185414643438,-0.313070726545001,0.106605572466735
"GCCCAAATCCTTGTTG-1_atac",-0.211565068605792,0.0271954852901543,0.249018832994119,0.436245340592971,0.0362188866171095,0.0117424082172656,-0.263037795159777,-0.120056067648241,0.396144515339038,0.179645315525973,-0.0179496775137338,-0.205776295286402,0.372506143444369,-0.169438239477018,-0.466678779292019
"GCCCATAAGCCGCAGT-1_atac",-0.342097548094058,0.0348092500849816,0.277440058456544,0.0954238982668448,-0.0601945689489696,-0.233859938532284,-0.296457071041319,0.028576314449323,0.391652476470861,-0.230072242502814,-0.475766674291107,-0.319496975435725,-0.188319218741896,-0.256209274425018,-0.11312450829499
"GCCTATTGTCATTGTC-1_atac",0.097284440945914,-0.258941735309145,-0.164909089419126,-0.00280894013757838,0.187388291467096,0.460290943086363,0.147055104563315,0.171912776252708,-0.627100860097488,0.00994809983412106,-0.0770948162377372,-0.146202783012659,0.149438000547443,-0.393820989414726,-0.00454766708856086
"GCCTATTGTTATCCGT-1_atac",-0.046100241633814,-0.0131997315566249,0.181643634876422,0.0805495371391279,0.134091242201099,-0.348248322993017,0.69211534855819,0.0254144597553742,0.293194605783098,-0.121427922595238,-0.207685224460904,-0.153228652781856,-0.0880495276370011,-0.372793125205232,0.158882243660276
"GCCTCGACACGAATCC-1_atac",-0.0855319744150555,-0.035889955827523,0.328047429228254,0.293372819119752,-0.129578834412945,-0.00998373818963477,-0.349129081334559,0.298376067410311,0.250440098230832,-0.329755199557809,-0.220353158851069,-0.255281004769174,-0.0680684406475653,-0.523128304549832,-0.0801532727139466
"GCCTCGACAGTGAACG-1_atac",0.300904889016823,-0.167973888967213,-0.236588497870643,-0.0298830758054063,-0.00591782032551745,0.238545680658565,-0.0290968737538015,0.0918436079754721,-0.480111419619231,-0.190294078083602,0.451553640459253,0.420424744973972,-0.033108804909912,0.23049460837314,0.237807781301833
"GCCTGTGCAGGCGAGT-1_atac",0.272436856984042,-0.148231087297091,-0.0716438192008581,0.0170159022673322,0.216457438948639,0.344960089539779,0.0837340052897423,0.428873774664692,-0.103850860524204,0.198215033139912,-0.0107526529670695,-0.152638280167674,-0.326128983493109,-0.169251224539071,-0.577142604450883
"GCCTTAACACAATGTT-1_atac",0.304615049077317,-0.264118170030493,-0.135109260641659,-0.0062284661496744,0.335747802032833,0.0694860896251234,0.163383609835475,0.123559075705384,0.599031365758917,-0.0481085851236935,0.462235416023766,0.128298363038332,-0.17715292367863,0.191872534079942,0.0129890356694906
"GCCTTAACACTTAGGC-1_atac",-0.415845954392443,0.0223507769179317,0.0917377458444471,-0.0192407396302226,0.070617090005085,0.0881037555179347,0.579134250024528,0.00803524829798537,-0.41523653320692,0.173952099260496,-0.22128120860355,0.121186358033975,-0.162901885503565,0.39746523474991,-0.136852547918528
"GCCTTAACAGCATGAG-1_atac",0.0977051403170231,0.779579351432143,-0.320582001055749,0.0468613883191349,-0.0487828455400117,0.117758135047961,-0.0321344708050854,0.242713742767735,-0.170439133402715,0.13874046098172,-0.0436205278845565,0.142008630775144,-0.141526067920553,-0.271962514757629,0.192849031676521
"GCCTTAACAGGCGAGT-1_atac",0.323519984299613,-0.148471733181283,-0.164663655026372,-0.103120289946953,0.0107855806940839,-0.49342129886109,-0.162751638578036,-0.510657781791692,0.243812152823259,0.305579551172007,0.213480642282333,0.190877722196799,-0.00278128745402047,-0.234445433778609,-0.122060490888576
"GCCTTACTCACTAAGC-1_atac",-0.243015862374913,0.108858244925261,0.155681916465077,0.137946626630641,0.0623584557044618,-0.0409676983902757,0.672013845438795,0.148524136802037,0.138906150489809,0.261279592756126,-0.223647268716795,-0.0948800873492702,0.0982131273937467,-0.190909205669311,-0.462518827760716
"GCCTTACTCTTGCTAT-1_atac",-0.181212348385897,0.00902268290963524,0.066241809423,-0.839073093831958,-0.306593646103627,0.0639872463661637,-0.275647779496336,0.0540202945550385,0.0618429563893481,-0.0817839414570612,-0.0824611768828716,0.00519856597234376,-0.0140084049324,-0.245183553908461,-0.0632761736458684
"GCCTTAGAGCTGCACA-1_atac",0.437071045049575,-0.175163853340032,-0.142721144840038,0.0556159103464888,0.186378318651678,-0.503634319361664,-0.0613846044843899,-0.517039545496926,-0.0693887394099288,-0.0904487810537482,0.1673363292646,-0.111045965922425,0.32625120938102,-0.188126948372627,-0.0134785644473298
"GCCTTAGAGTTATGGC-1_atac",-0.0891445419980304,-0.00320886981272771,0.290919799984654,0.327033237613691,0.0161575746537275,-0.284921086814732,0.601889627371205,0.288732144716197,0.0115853288677598,-0.134052285249188,-0.027280870423382,-0.31407936817024,-0.216776597580331,0.0654770878517054,-0.323428113621278
"GCCTTGCGTACAAAGA-1_atac",-0.5604159615793,6.77115335889879e-05,0.231295183712471,0.287476314419405,0.07299370270155,0.0630947577501367,0.00246411058846158,-0.145528195480994,-0.203473118133304,0.268785477293399,0.0740839398608226,0.16657126697077,0.383641979559247,0.231020294229373,-0.414568921764194
"GCCTTGCGTCATAACG-1_atac",0.307854795103576,-0.104940850992787,0.0191771384513072,0.0369307052890077,-0.0572165286496483,0.205480883289852,0.236170127393095,0.585091556834739,0.160541834131756,0.295839737116781,-0.162269120468645,-0.121710776798478,-0.0451698481374144,-0.200508790282366,0.502188130505223
"GCCTTGCGTCATTGTC-1_atac",-0.29652305202952,-0.041805390788647,0.270249485597721,0.477075737767186,0.0243844568780648,0.129655172200659,-0.348508380464732,-0.224776657776599,0.211051463066588,0.228263152733866,0.432518376807474,-0.0242332979652379,0.284466835807322,0.0304278909173725,-0.232699847761606
"GCCTTGCGTTAAGCTG-1_atac",-0.604013858742448,-0.014628772701841,-0.0877330172531296,-0.156568544898437,-0.000919270751517443,0.130608038989401,1.27703652650633e-06,0.0142375296191326,-0.307149903573501,0.202415208479491,0.347702903218351,0.32623454190588,0.081416915469788,0.388001664059525,0.25625608902833
"GCGAAGTAGGGTGAAC-1_atac",0.296788457149938,-0.178006938824163,-0.124162921403908,-0.0197432638900854,0.190084171317542,0.188699741965789,-0.122069289020264,-0.0374328043979075,-0.705168805608635,-0.177975433870892,-0.310613803610958,0.049807196715034,0.164426231628321,-0.274586266104499,-0.214589395026797
"GCGAGTGAGGGATTAG-1_atac",-0.591937220811888,-0.109149333592104,0.043351423932527,0.30815221707011,0.0330709538538921,0.104395539922298,-0.146788337428701,-0.134207753700296,-0.125356483004573,0.136012862841203,0.38104126652627,-0.0928513095860134,0.32863146849946,0.392353042876741,-0.198347798900801
"GCGCAAACATAAGCAA-1_atac",-0.274116654208971,-0.0923427967787012,0.20481483283208,0.424291815344935,-0.0330081367721394,0.186756426801725,-0.369658801151484,-0.122088931524088,-0.0544175520922769,-0.346166663885944,-0.265312600304854,-0.110083681001316,-0.155123718001377,-0.464597490312339,0.248240514785994
"GCGCAAACATAGCTGC-1_atac",-0.267920857942513,-0.0368239662453588,0.360614002067231,0.38157360078364,0.0444647998680749,-0.051071823447575,-0.350971743827225,0.0617640787713925,0.286977264929227,0.322815495415499,-0.12967520515034,0.0896154011230477,-0.0459191314640855,-0.359038062281832,-0.42096419289632
"GCGCGATTCAATCTCT-1_atac",-0.176848145307364,-0.0172204293538817,0.319278685459925,0.375060313355889,-0.0765995450678229,-0.184998642962586,-0.282103382180207,0.355000067954776,0.226578745306192,0.143207198660094,-0.240245747809278,-0.182160971563799,0.387914301766966,-0.203579605429164,-0.354190186547316
"GCGCGATTCATAGACC-1_atac",0.246034188626327,-0.0900739194946411,-0.0489005781357595,0.0133223189698679,-0.034882786343401,-0.345345148219952,0.0577149352623498,-0.225283933159541,0.142534915335571,-0.741257361422953,0.080185564126713,0.121110911254029,-0.382468810384776,0.00701694561445228,0.130434995071732
"GCGCTAGGTTTGCGCC-1_atac",-0.402328179638865,-0.0689297530834238,0.242597206897231,0.212776078857972,0.231078785351825,0.110696403262942,0.312119272409762,-0.356826140828371,0.350041108749563,0.298961468069242,0.159398187904977,0.0497501897135123,0.321736487939405,-0.209020900250536,-0.227740030418327
"GCGCTTAAGCTCCCTG-1_atac",-0.25531056753842,-0.0321618773638201,0.0300806713632768,-0.847948098053983,-0.234747232763414,0.117855977275143,-0.0641746543526634,-0.0100215882509437,0.0467353524202688,-0.00900482744867117,0.136480371027502,-0.117217616436752,0.158404208164316,-0.24195371818155,-0.149601318625574
"GCGCTTGCATTAGCCA-1_atac",-0.344772274478629,-0.00264420044943962,-0.0399974534916161,-0.792106764968162,-0.117677265122289,0.0186118408046654,-0.0128094665080342,-0.00533894023898187,-0.214520997065503,-0.0610050380587192,-0.371966877888976,-0.0365890783322273,0.0727309391042678,-0.0530229510468941,0.200412132641393
"GCGGAACCAAGCTTTG-1_atac",-0.0919496305645681,0.0217590645929836,0.134432750563529,-0.750763443459357,-0.312778073956568,-0.0145468085317816,-0.381775665065389,0.218576069822001,0.193474838876405,-0.0147442300855118,0.0866336842592656,-0.151207648220504,-0.15948278755331,0.135201382704974,0.0777867535495048
"GCGGAACCACAAAGGT-1_atac",0.0458616198515849,0.0234593179780486,0.154678115793146,-0.295961306008069,-0.379668876960391,-0.213258244760155,-0.39633212018855,0.328919090494733,0.169354026499498,-0.339023517919342,-0.0338425163962175,-0.0549992568923669,-0.280925239011586,-0.0453616039329267,0.449631931913058
"GCGGAACCATCACAGC-1_atac",-0.161114795176628,-0.0355521983383156,0.0717260098664691,0.0133495480306385,0.206269281051005,-0.182827893702712,0.540127037829305,-0.0940339651777884,-0.0430011060442979,-0.177866092709597,-0.322664357716731,-0.329517463107722,-0.373567123296159,-0.20968986289211,0.4014982589304
"GCGGGTTTCCCTGTTA-1_atac",0.330934223574448,-0.280774729483616,-0.0674384826538707,0.0998208592734578,0.289964507457533,0.5174699330148,0.0164143883858648,0.166471957386214,-0.315791940915825,0.136604784727263,-0.163884285903081,-0.210543981442572,-0.474158795879883,0.0421382337936777,0.0335351644903015
"GCGTGCTAGCCTGATG-1_atac",-0.292687155526828,-0.0462637546008805,0.207751671786521,0.467395562069593,-0.00445511472354788,0.174804239801256,-0.375389127146758,0.0160214098710309,-0.228243467265279,-0.463453871117279,-0.349687960873603,0.0589973024685739,-0.0772802664576,-0.245010396365071,0.142039488105743
"GCTAACAGTAAATTGC-1_atac",-0.135240552784369,0.0221914764840737,0.224517473104192,0.348100286915372,-0.122736618531351,-0.158538250142014,-0.555765815986457,0.172665760224479,0.45883552905009,-0.140624715620933,-0.292415501740063,-0.0146333293903503,-0.0718840591491507,-0.329509278394848,0.0312708915391236
"GCTAACAGTGGATTAT-1_atac",-0.545381216333464,-0.0892865908018335,0.159582132548217,0.30443697288801,-0.194199869522745,-0.170359621561287,-0.1682688222696,0.10446279065017,-0.131493377446964,-0.249118342400571,0.0610207833755708,0.0853288541164995,0.240671386244231,-0.412977864327952,0.389419575986074
"GCTAACAGTTTAACCC-1_atac",-0.378318435397643,-0.127375969466144,-0.230210344774039,-0.0937897706860966,0.0309890143154715,0.165610470903932,0.190908226462986,-0.181872121193692,-0.411965616999529,-0.0964973506740532,0.3560184139478,0.407811393887678,0.111226829560921,0.37107242621581,0.242474386258035
"GCTAACCCAAGGAATC-1_atac",0.259253355947852,-0.197705671445031,-0.119467891333747,-0.0947793909749132,0.426656221549369,-0.140382756217334,-0.314813944061282,-0.429626043506278,-0.229962629564267,0.40533843780657,-0.025829331891746,-0.282698103248501,-0.249521415220603,-0.0814967239494448,0.135444320060524
"GCTAACCCAGTGAACG-1_atac",-0.345851311830819,-0.021795859941986,0.313826322693491,0.401303387571969,0.1404152928916,0.123177715957143,0.0310402138067192,-0.17622505046961,0.210198085928318,0.0578750943614847,0.162117202876623,-0.0146344544723445,0.591458180579514,0.311791908576624,-0.180018285737843
"GCTAAGCGTTAAGCGC-1_atac",-0.480164621420522,-0.0256413218188615,0.166170630730063,0.0993417649968038,0.154558220719824,-0.0048614830132038,0.294452486071567,-0.192033490498898,0.137302744046757,0.00488991742337282,-0.247775605934046,0.408648584243301,0.0181945671807314,0.459330669910359,-0.353884035829635
"GCTAGCTCATAAACCT-1_atac",-0.161141372779003,0.00376203896016037,0.294594610613151,0.467134994193567,-0.150591040321719,-0.297458712174824,-0.382130622605757,-0.0568112172550322,-0.0288736045827773,-0.122832196989165,0.205163963100712,0.160101226244633,-0.0538574012540095,-0.554768890843318,-0.119550464866952
"GCTAGCTCATCCATCT-1_atac",-0.127842964387986,-0.00807398513364113,0.174394194678876,0.314611598303478,-0.0317045991220584,-0.0647449195822233,-0.527251421131754,-0.0598792924178162,0.569042259080103,-0.16983360997379,-0.0738097592405872,0.0931853585513627,-0.153386341958925,-0.404535249085782,-0.11601913797744
"GCTAGTGTCAAACACC-1_atac",0.262009986031143,-0.215613986533845,-0.184399090382484,-0.192323716436068,0.199801758599295,-0.125788739065134,-0.314102349870141,-0.420456322701437,0.151559288805449,-0.0311367051596283,0.0598518022529528,0.213528608343331,0.224131073802971,-0.346793879489413,0.488943180895266
"GCTATAGGTGACCTGG-1_atac",-0.279560886577323,-0.104308179541964,0.330307447741514,0.46433875885207,-0.05745818472815,0.166927431300651,-0.155753363768065,-0.141352436329912,0.372623251234659,0.0635392284854729,-0.381263333313099,-0.177130175643891,-0.178949628529457,-0.218521515573021,-0.333840407661451
"GCTATCCTCAAATCGC-1_atac",0.226112768895579,-0.0931133038026149,-0.126914669007607,-0.0656452812514278,0.308558898363572,-0.365248268787981,-0.274664651803576,-0.454026988769616,-0.096595801947709,0.407505234304158,-0.00523281758450508,-0.255827456912897,-0.361602522998142,-0.173754670468314,0.088186268580369
"GCTATTGCAACCCTAA-1_atac",0.328638197846224,-0.295027527340103,-0.318176984069424,0.121289404003883,0.242114924632307,0.610723447485924,0.0722471776373505,0.207368615186559,-0.166182263483082,0.161054236073495,-0.228925314656168,-0.0934541021118217,0.115420861429407,-0.267573892617577,0.0978293065697887
"GCTCAACCATTTGCTC-1_atac",-0.334532412777777,-0.0951198010615916,0.252815686553804,0.530075663025191,0.0317887186278543,0.0400365579572037,-0.313271920017014,-0.183208586762324,-0.293213866668213,0.0319876313511644,-0.147266476918185,-0.44785470292545,-0.143816097543982,-0.251607382304581,0.081104886060552
"GCTCACAAGCTCGCTT-1_atac",-0.132835757570757,0.00867322031291625,0.127643630422303,-0.0247958936601777,0.124045078890873,-0.110399674613187,0.642271149939898,-0.120740382422453,0.222716336600751,-0.260985864090657,-0.310338767132924,-0.343119451629648,-0.388934412624635,0.00243889319810476,0.166351262231202
"GCTCATTGTAGTTAAC-1_atac",-0.11802406224679,0.0132456559425263,0.236084995823621,0.507585944229869,-0.0623990750471471,0.0437498390335652,-0.507135608423129,0.057613127371771,0.269346543202414,-0.376034931931361,0.314217669243746,-0.276601570963136,0.111342054782862,0.0111549590998677,-0.0670020684042447
"GCTCCTTAGCTTTGTT-1_atac",0.355148088538383,-0.127873531793371,-0.0279833419547883,0.0556010550983471,0.118127115341522,0.172753312537497,-0.118987186201622,0.24112688458191,-0.558571223614062,-0.0611855412665324,-0.195642845545224,0.193776516918633,0.502382525669434,-0.0586270388507044,-0.300249108882825
"GCTCGATCAGTCTAAT-1_atac",-0.00509375402073429,0.783620395558777,-0.316104239625173,-0.0383438435501361,0.0118587562578751,0.286630043925946,-0.233064094429185,-0.117988730570226,-0.144640090258961,-0.0150750134854996,-0.0270403877570946,0.265609324465026,0.17869357610187,-0.0233893165429896,-0.0952754009672993
"GCTCTGGCAGTAGGTG-1_atac",0.286686354090647,-0.201901759093669,-0.0385276027436476,-0.0844794757156943,0.0801784436344706,0.365446979107023,-0.0445857933936969,0.123001887478803,-0.0153240887010411,0.427736543376827,-0.319927987772063,-0.587032653714749,-0.0814911808023667,0.0839149072709058,0.259790040363656
"GCTCTGTTCCATAATG-1_atac",0.145519693805269,0.77701092450893,-0.278507688682082,0.0130790822920154,-0.167807040132478,0.134305825524093,-0.0140754868874127,-0.0100783880754714,0.195152855335068,-0.0623798561178893,0.290104704851319,0.130853459071324,-0.241994172402356,0.0055482392358136,0.221342004095639
"GCTCTGTTCTGTTGCC-1_atac",0.358702359595772,-0.304364549192189,-0.252610424762514,-0.00310547768143565,0.402619086754442,0.307008816763075,-0.090527346175696,0.455279813576971,-0.174496435212297,-0.131147043609344,-0.260922959396983,-0.100030017929812,-0.102060227864866,-0.064680761858463,0.320478512284965
"GCTCTGTTCTTAGCGG-1_atac",0.221505400019299,-0.291737249122574,-0.17381485305785,-0.0432139033013455,-0.072228981404798,0.453121018630091,0.165409287609468,0.1371477596338,-0.303693918882111,-0.101605239165883,-0.238259113852829,0.147139607659915,-0.370769581631697,0.482365902553645,-0.161003819512209
"GCTGACCAGTCCTGAG-1_atac",0.348368219986623,-0.256580607364878,-0.111490576196719,-0.0237493133749017,0.130297398170716,0.0171365382787971,-0.0124431933069767,0.240164727802864,-0.263285314155699,-0.603084789353423,-0.0236390045417047,0.453793466424731,0.0175073915312829,-0.0170708883518855,0.290845556634879
"GCTGAGGAGCACCACA-1_atac",0.385516154662751,-0.249590836142201,-0.153943478916532,0.0364477633319618,-0.0911225190624083,0.113505891015424,0.150624156738046,0.211098190448038,-0.042746938660702,0.203356315334887,-0.058413347828754,0.13973736536342,0.128317257150797,-0.672603457097643,-0.375016293324658
"GCTGAGGAGGCTTAGT-1_atac",-0.172717105186489,-0.0320170569006896,0.361917763745218,0.414472095776386,-0.288466430605178,-0.249663421512568,-0.265320072525082,0.177911651375587,0.0541646766056252,-0.107233533195461,-0.216645056743238,-0.437197898287894,-0.140569061675416,0.084007347461923,-0.37343446587661
"GCTGCACAGTTTGCGG-1_atac",0.37195810532236,-0.19479872280906,-0.0953043767367101,0.0718345767576425,0.0274207061783036,-0.038316819820003,0.0352734302547535,-0.0257964400252232,-0.362261850995153,-0.386686578473456,0.131987297965253,-0.0104588272554446,-0.694481552177455,-0.155486030602465,-0.0236013823430078
"GCTGGATGTGCATTAG-1_atac",0.273169264233011,-0.190518588271912,-0.0660180718922856,0.0907766394140502,0.112865728466877,0.337473764746296,0.108985329309683,0.406625854988323,0.0724059026154577,0.38259086642068,0.328089829746682,-0.11931207941316,-0.0673779173825277,-0.124355143747395,-0.528329588430405
"GCTGTACCAGTAAAGC-1_atac",-0.26476531405565,0.0153828041761854,0.277621207560837,0.48112988817449,-0.134220122071992,0.269007159792391,-0.187292887199874,-0.06628810545105,0.511453092165918,0.303676266741402,0.199265410456117,-0.148947837255882,0.0613642331136835,0.180467878659089,-0.198042003345112
"GCTGTGCAGCTAATCA-1_atac",-0.184921040299551,-0.00402468927087731,0.186478046149512,-0.0216724365967471,0.0557946291497096,-0.428289903919624,0.348488774597075,-0.146880649546549,0.257253158210363,-0.455029066940313,-0.122839770036721,-0.0750854906476017,-0.197523595056618,-0.516199292877649,0.0393098092654347
"GCTGTGCAGCTGTCAG-1_atac",-0.336002639368957,-0.0533126502195948,0.218320327055299,0.453042915995244,-0.0392004401663608,-0.0562155606151968,-0.370277511427747,0.147032630704647,0.209586906817741,-0.120368449592521,-0.171505921022702,0.201731217742716,-0.0809150693058088,-0.0135992439737179,0.576775742205858
"GCTTAAATCCTTTACG-1_atac",0.329069931910579,-0.311660552320763,-0.103130817248097,0.0776575031310402,0.358707252709405,0.108782583673773,0.156593427265804,0.228156135853861,0.107544838104128,0.573764232481761,0.0632958222672742,0.111779046489002,-0.144222767337509,-0.234445651456748,-0.357485085281628
"GCTTACCTCGAGGAAC-1_atac",0.390145130178191,-0.224273566127535,-0.0567218750925977,0.0588322687163381,0.0141897761693227,0.200500189040868,0.0382404459565689,0.193473177169338,-0.376192099204623,-0.223091946281698,0.249759660587265,-0.338939554522934,-0.423601664455949,-0.402207146684741,0.0418841232866943
"GCTTAGTAGTCACCTC-1_atac",-0.433696517708317,-0.0111947551356386,0.0500106563942758,0.197531647858949,-0.0750327322763395,0.0970616934252357,-0.174973145177399,0.0767590673799274,0.0152520041724432,0.378727970824499,0.218848600672875,0.374939951345573,0.282631182962046,0.497509700234142,-0.243239156114579
"GCTTCGCGTCAGGCAT-1_atac",0.270975132811682,-0.147350975126563,0.0637068893928488,-0.0294619816233533,0.227213428586944,-0.325833771802536,-0.00346097936336861,-0.56617702575276,-0.423260169433513,0.217882794898766,-0.358974000511421,0.0922913681290242,0.0944494883051793,-0.188542729801015,-0.114457065076582
"GCTTCGCGTGCTTACT-1_atac",-0.659388355880867,0.00696494701275279,-0.123072345232452,-0.223496238715768,-0.0518060835323587,0.00592446024426956,0.360523988849682,-0.00288399176065697,-0.251989315407825,0.397141423994393,0.321665842331219,-0.0424827616570449,0.055905404684743,0.0601191523626874,0.184723928199851
"GCTTGACCAGCATGGA-1_atac",0.260230852762167,-0.089143614230325,-0.163121810939998,-0.0252302953486678,0.00628422212800774,-0.126862934045512,0.200585042262831,-0.220642338302039,-0.420541411470648,-0.23712826314868,-0.193047033193062,0.49445416619942,0.200819589882583,-0.476794127183997,0.0976668385458546
"GCTTGTTGTACCGAAC-1_atac",0.277778859703356,-0.218164699954919,-0.0931586216736992,-0.19796265110048,0.0421623733782086,0.433220126430322,-0.113708136127923,0.190820311558685,-0.374702447729169,-0.189714936197139,-0.507479288198712,-0.069379066628202,-0.35238506483842,0.125977277275781,0.098935236776379
"GCTTTACGTCTAACCT-1_atac",0.450238112501123,0.45286245147273,-0.219673330996865,0.0240248491927734,0.0361284861868267,0.100891672670478,0.0887492233504738,0.13488062120634,0.179910227443487,-0.583503947248144,0.243799365588309,-0.0461256255235327,-0.197497958663873,-0.070474920373098,-0.16562507103304
"GCTTTACGTGGTTATG-1_atac",-0.160773248615524,-0.0257645877505285,0.267083807655051,0.632390631088233,0.0244429335590983,-0.0246028544375238,-0.34572072855806,-0.0710613787698983,0.0150797737666561,0.0168906923839607,-0.377568638313815,-0.294897450258675,0.13497725775288,-0.0193685396635808,-0.357535872998295
"GCTTTATTCGGCCAGT-1_atac",0.134530388132876,0.806661755153249,-0.28274106742348,-0.0438959357545539,0.185362263408117,0.0961915377319532,-0.257505492592452,-0.188706053264533,0.176661721747996,0.0261223725836626,-0.114314505063033,-0.162664511363194,-0.144006941217644,-0.100389122823336,-0.0395312847259783
"GCTTTCATCATGCAAC-1_atac",-0.208004340581141,-0.0576439954694923,0.0606563979173531,-0.412958309251106,-0.0577874800506919,-0.234947125034386,0.372334238675108,0.219336615062832,-0.0966427249065584,0.0914012195050877,-0.206721187231831,0.0706950436614574,-0.270653243562595,-0.432595136698426,0.456179297742733
"GCTTTGTGTGTAACCA-1_atac",0.476224364901613,-0.242508558080562,-0.176178902829855,-0.0554323207720042,-0.0476127757126905,0.143126142781619,0.121372798700826,0.122161263925557,-0.0901593598554082,-0.380863128291041,-0.0175930127988676,0.176307517592852,0.256556572493716,-0.610279845921204,0.0709884002402183
"GCTTTGTGTTCACCCA-1_atac",0.336195542600103,-0.149837498362638,-0.194861200050531,-0.0815392380168565,0.0779473821042595,0.120975646072307,-0.196170599347996,0.199191995585775,-0.206721370949742,0.169064385987781,-0.28579217708442,0.451100127363762,0.548802237715514,-0.218574055592596,-0.124847871501518
"GGAAACTCAAGCCAGA-1_atac",0.365559115653157,-0.185480171633857,-0.0489798361211165,-0.0247159066947522,-0.0943036044240209,0.0622039156256499,0.139274720367472,0.197305467963595,-0.417579334807859,-0.139152269533696,-0.41655971218354,-0.00896515594180453,-0.101553644698862,-0.615582689756271,0.0356501425723769
"GGAAACTCACCAAAGG-1_atac",-0.252039432915264,-0.0248085751520447,0.0362676275741297,-0.218776640096904,0.155881283940657,-0.172560567779037,0.781884571261416,-0.0634488907056559,-0.004262648389429,0.0878143790612417,-0.173714698459383,-0.102169897759704,0.0584317504547407,-0.307080245947291,0.266794235932063
"GGAAACTCAGGTTCAC-1_atac",0.150599513426491,0.145291904403674,0.0549402798301504,0.0566120053830852,-0.411021658644488,-0.464301635910324,0.115560210793608,0.56613326173444,-0.172883407492093,0.393120875347075,0.1661056804538,0.0570303343212849,-0.116426994576128,-0.0463938829901001,0.0250391982312924
"GGAACCACAAGGTATA-1_atac",-0.0264003024478877,-0.169316522949828,-0.281210438765907,-0.176591920772113,0.201934598654136,0.192339143855672,0.105002132274447,0.166032631711463,-0.118757889700455,-0.0825203903521223,0.0793313204684692,-0.465962678026152,-0.422064144422996,0.527468591229061,0.208129111646486
"GGAACCACACTAGCGT-1_atac",-0.612304179385749,-0.0613044577351939,-0.0693502265995859,-0.0333621050154426,0.0968275048556443,-0.00139230324729754,0.177808663121177,-0.190046542889225,-0.383283343235956,0.449906845167231,0.0895437882996535,0.246616453984798,-0.115488958686277,0.32663915732347,-0.0100430788654163
"GGAACCACAGTAGGTG-1_atac",-0.578010052240479,-0.0319688338995222,-0.00553499190342632,0.187436657749559,0.0721386000355746,0.0782792512680878,-0.167355553977812,-0.109762977663106,-0.119211247283394,0.122379529828642,0.331213711177193,0.246036621732788,0.497468910475103,0.361194213649297,0.0311550234966265
"GGAAGCTAGGCAAGTA-1_atac",-0.135979172297593,-0.0299063868166513,0.0971114150487839,-0.770505885089218,-0.182763081166836,-0.0789394863269751,-0.105006751879263,0.0755918045213379,0.2318132296328,-0.385903341957456,-0.117758186043463,0.123568278862316,-0.18613245254041,-0.233652623053214,-0.00986361051699063
"GGAATCTTCCCATAAA-1_atac",-0.178253158120157,0.0111257612322976,0.061703132304858,-0.798345872331574,-0.252320075003713,0.0954779751347002,-0.414328288125034,-0.0127348492299042,0.171280645290914,-0.040879495300844,-0.0371498311846246,0.00222127399967534,-0.192503675955775,-0.113279932671565,0.00661852972773603
"GGACAGCCATAATGAG-1_atac",-0.377812706944338,-0.051528328040943,0.0912615464519349,0.394839671427393,0.0164264345712445,0.236476827498473,-0.590987682765198,-0.082003553319031,-0.180379737648572,-0.256287311004113,-0.0196691057562273,-0.0350845511538946,-0.393810096481889,-0.138579277389224,0.0637555413577065
"GGACAGCCATGTTGTG-1_atac",-0.268449464470977,0.0782449791522926,0.196411319252896,0.369243964432022,-0.0625908207457281,-0.0394232512889783,-0.583494563839679,0.192203458169798,0.347847227543663,-0.196796643193092,0.1782527859415,0.0916830916636052,0.0374679296891738,-0.400245535408958,-0.050074203648955
"GGACCTCAGGAGTCTT-1_atac",0.35515488627819,-0.0890902463744258,0.00761096588241644,0.0101087529531649,0.00585856328402171,-0.0499222225655556,-0.0252013786746237,-0.0250140989695047,0.31364179489056,-0.270185294669495,0.0813342290313664,0.221268222088343,0.794350799566832,-0.0404319202917287,0.0490547707641504
"GGACCTCAGTAGAGGC-1_atac",0.304239198216961,0.0221304602731943,0.039397014933573,0.0636190247975915,-0.34840424371119,-0.364360105405377,0.213370315555891,-0.101463604111908,-0.286911234690984,-0.212029165720817,-0.419689176602985,-0.0466744284326635,0.281948152322496,0.354169794572214,-0.284360255673979
"GGACCTCAGTTAGAGG-1_atac",-0.0762269868147875,-0.0593540104628176,0.174150355050648,-0.00579095752626845,0.167021165478354,-0.308860424964751,0.375699962983292,-0.108689152099407,0.176858989231036,-0.146313024389012,-0.0908508933369095,-0.107395101022104,-0.176577661592957,-0.695445854565413,0.311048610100881
"GGACCTCAGTTCCCAC-1_atac",-0.265379696181138,0.0348222119993168,0.318868514244122,0.499197758916056,-0.360647299116442,-0.0264419074800214,-0.215784859161807,0.0796710482252967,0.240224774597621,0.174106840937252,0.145959761485637,-0.145261984867515,-0.187579206193781,-0.268088360742386,-0.395380209354489
"GGACGAAGTGCGCATG-1_atac",-0.204726965765932,-0.0642124466891411,0.329427418937774,0.437492182731778,-0.0205308586490972,0.0880845327812701,-0.276227841593898,0.0653778407212241,0.386804959134471,-0.00810888397187389,-0.238070171623808,-0.191240846093046,0.0781123062218269,-0.252740855204065,-0.502365945067593
"GGACGAAGTGTGTCCC-1_atac",0.297983212371693,0.392600674415269,-0.15037394468911,-0.131124569797608,0.210779906140593,-0.134761089201958,-0.405521630793984,-0.405587373997532,0.176769322415832,0.376335916840146,-0.0921725499610252,-0.0660809627303203,-0.180864252106734,-0.135323626110885,0.298268601828811
"GGACGAAGTTGAGCCG-1_atac",0.301958917365147,-0.199438375961229,-0.118708475981798,-0.00199542586646782,0.0416790416791057,0.188200236210916,0.256357626936226,0.248924179948307,0.565966179269007,-0.150556625848825,0.388213214208034,0.0214211027107369,0.00627209440491386,-0.186428383623241,-0.401450186658129
"GGACGGATCCTCAGTC-1_atac",-0.529243031615267,-0.0965947027292375,0.152879150155504,0.542054750815278,-0.129334683088115,0.00445464332425382,-0.277473899689276,-0.24806516653928,-0.0769949414107199,0.143470746789333,-0.143073640302307,0.178269434950876,0.363062248484253,-0.0741124622515346,-0.148430138423608
"GGAGGTTAGACTAAGG-1_atac",-0.189377450614726,0.0503503535089274,0.274147183846157,0.407556930833238,-0.108254957696404,-0.032214091655801,-0.548315860475241,0.372157192115814,-0.175168496369897,-0.187588736621329,-0.100220344890099,-0.122614395226921,-0.149024389018451,-0.371243485453971,-0.13210455355948
"GGAGGTTAGACTTATG-1_atac",-0.167209295466796,-0.0317727511486495,0.24429307392014,0.252055816781882,0.0287261080281725,-0.120240288818253,0.45955055904895,-0.223203772724198,0.308623997446923,-0.166627848627052,-0.257163418158616,-0.301545242436957,-0.111145551267713,-0.162179481976941,-0.502791268502599
"GGAGGTTAGGCTCATG-1_atac",-0.601069556511393,-0.0482333445984401,0.0877082952587671,0.244020256051932,-0.0760099110620645,-0.111882844967363,-0.428453897765872,-0.111101580133929,-0.421347407407889,0.348152813404598,0.122654973515716,0.120690397044504,0.0797954241626965,0.0123436296444168,0.141649611713649
"GGAGTCTGTTATCCGT-1_atac",-0.204458948309949,-0.0231160403700045,0.0098672736055434,-0.748702784393156,-0.0395623098268287,-0.153927935093788,0.273062778514254,-0.0651510832381281,0.181426455194647,-0.0541690448944605,0.00331317902477075,-0.106564899266239,-0.000557090069556184,-0.18777537638668,-0.45876489966254
"GGATAACCAAGATTCT-1_atac",-0.129798005725191,-0.0611244302276866,0.167577548508924,-0.0013118554219656,0.312557177190293,-0.253293612846732,0.583531893997108,-0.229662461330178,0.0948768973910518,-0.0792343877181745,-0.439003061537462,-0.225700550509307,-0.305065065662276,-0.199195547425241,-0.0673844524747945
"GGATAACCAATTAGGA-1_atac",0.211721534365876,-0.0746538549200272,-0.0288803210124592,0.0816097823261171,-0.102482708315831,0.116530075980637,0.132691199663524,-0.079460652036769,0.450261629819413,-0.232887904276699,0.630200284195572,-0.32423049344491,0.158373538538788,0.308844106715202,0.119944438088814
"GGATGAATCGTTAACA-1_atac",0.357554759267719,-0.270356288813934,-0.0922439711908207,0.00184049787199913,0.0830270127157739,0.16592224643462,0.0418715076735379,0.28301803764415,0.0619179926179326,-0.253554201864941,0.3081079245589,0.065061874133205,-0.423817702579297,-0.435035240697931,0.371630739683161
"GGATGGCCACACTAAT-1_atac",0.413842897263974,-0.159639846361068,-0.0410059002918488,0.0287899591418982,0.0625209367219549,0.300541388626474,0.0468437579814222,0.474747380859937,0.146059317142248,-0.40492661415583,0.372499405208342,-0.141073687025682,-0.0974738863154347,-0.254278649305443,0.246597149409999
"GGATTATGTAAGCTTG-1_atac",0.174065119261132,0.89449954333947,-0.309837874652698,0.0776842574830627,0.217306115455692,0.00568781707283822,0.0669620613520678,0.0304579044990112,-0.0229466967571506,-0.0425818425707047,0.01720954360612,-0.0325778601627288,-0.0212760814550117,-0.00703250776389086,-0.103306682878617
"GGATTATGTTGTTCAC-1_atac",-0.117163093613959,-0.00684930607247024,0.235421974604146,0.132278051544213,0.141491774042786,-0.0836956071382432,0.60034296570203,0.0406110748439499,0.265676221542942,-0.0414066227611726,-0.0652712483730314,-0.167074696047509,0.191657300018583,-0.202987519856559,-0.584645181214288
"GGATTTATCACCGGTA-1_atac",-0.309951008767594,0.00910276934241065,0.161621936388377,0.453252537273009,-0.0544411744099222,0.0535545490812587,-0.188820656326456,-0.0480469329995029,0.222523060220305,0.151707667672034,0.17977554769783,0.072979670002229,0.598741925765741,0.236139462982125,-0.322588858257873
"GGCAAATCAAGCCAGA-1_atac",0.0866848246599209,-0.156131873702374,-0.129006945898301,-0.0487273852469947,0.168807477208329,-0.167133498919063,-0.323376457787652,-0.553779202757672,-0.118320396029941,0.255800331706214,0.12001467975238,-0.317174042881731,0.0562040125247478,0.487826634936514,-0.214121413957604
"GGCAAATCAGGATTAA-1_atac",0.142072381673626,-0.10274189558579,-0.13521522978549,-0.0356207437826822,0.144319679540092,-0.245973560382162,-0.218344173714911,-0.27462611712153,-0.335180360460038,0.666510446606958,-0.118706633037241,-0.233003000017992,-0.334977930576912,0.00971547664975695,-0.0895230926322785
"GGCAAATCAGGCTACT-1_atac",-0.247613450999397,-0.0155027341895914,0.236135131438932,0.255064557207526,0.157203571364584,-0.0384190328287644,0.408474540663947,0.0623573655711679,0.221309480445361,-0.0228679574140259,0.160522646543832,-0.434099456112634,0.202491220660288,0.27575073330392,-0.489845680091841
"GGCAAATCATAATCGT-1_atac",-0.18430712015306,-0.0502632717549605,0.0197111489857191,-0.175792494368497,0.169429099820607,-0.164261675277877,0.492585199331954,0.162194225044326,0.0266167928089797,-0.0696666919775266,-0.0612481044322388,0.00324421111197768,-0.299076929057394,-0.49700921914252,0.51165297340397
"GGCAAATCATTAAGTC-1_atac",-0.102596477835135,-0.0585585561009688,0.120628716413147,0.102986463026012,0.0960662721287968,-0.265010937429123,0.485256712907484,-0.227340408125222,0.136167445120563,-0.414154710954284,-0.0820172055617941,-0.0978695322743562,-0.484117422740212,-0.370120505845167,0.128608951271816
"GGCAAGCCAGTTATCG-1_atac",-0.267732406257513,-0.138915670658024,-0.243355700415977,-0.0620214535613447,0.117404190203094,0.294877693452196,0.0248529217083234,-0.0866153074226248,-0.491633434357244,0.470110915529516,0.249730346014344,0.262083773035803,-0.156881208381627,0.288522622027869,0.188358134509641
"GGCATGGAGCACAGAA-1_atac",0.453951981729685,-0.241047436713371,-0.118338579630305,-0.160726405089543,0.30838148236459,-0.455203203363534,-0.162278507387289,-0.385574082447419,-0.293047313846037,0.0637859330922863,-0.0985639239461537,0.167175789498341,-0.163833498677129,-0.250246734945433,-0.0400392811165807
"GGCCGTTAGCACTAGT-1_atac",-0.632142295264353,-0.0554670103753455,-0.0285450149090994,0.0434806953302278,0.0418521904358921,0.307730327385717,-0.000319915411827068,-0.0442225631327312,-0.267364124454341,0.305204945315697,0.0666461864904687,0.225740479348943,0.146272559210028,0.449905617103302,0.228831827162468
"GGCCTAATCACGCCAA-1_atac",-0.154636883774685,-0.022084606308533,0.293347568928923,0.584741878112495,0.139939464833066,0.0258864444537513,-0.269836634645737,0.107008188399368,0.180443664775518,-0.0419762319117417,-0.134724875083535,-0.306287755719326,0.25279950643126,0.0295940407646682,-0.481705118663158
"GGCCTAATCATTGTCT-1_atac",-0.256007827502499,0.0442184572494234,0.135164077544305,0.0666483867673701,0.086936911694292,-0.128649026885358,0.63025555477373,-0.000818517905195338,0.174854127751948,0.210537441203731,-0.264715309519545,-0.0416556801713241,0.00203382876698604,0.360155878557412,-0.460473981574046
"GGCCTCTGTCACGAAC-1_atac",0.158448197805669,0.133498572179869,0.0283862021804115,0.0877555558039953,-0.49578639630104,-0.406390673876955,0.161308626467256,0.444247101199133,-0.263362455447929,0.399534292741656,0.238993291727565,-0.0713743774415506,0.0687111687223842,-0.0988775325680298,-0.0923822218039416
"GGCGGTAAGGTCCTAG-1_atac",-0.10304565536964,0.0218231630974878,0.21899099177815,0.513774353859139,-0.0931519696577186,-0.0925139730235942,-0.278408061018913,-0.105533726747236,0.658672362895812,-0.161867354570681,-0.000779787385095679,-0.275850487619053,-0.118269452938187,0.130257038044227,-0.0632509253407636
"GGCGGTTTCACCTGCT-1_atac",-0.292109228259786,-0.191433440238781,-0.195261585299468,-0.041252659446778,-0.239220457392941,0.188459754988803,0.182129820111388,0.116304929773819,-0.439423621672761,0.111328809505921,0.0678600560312602,0.358182589956962,0.0532249488040108,0.350140838810898,0.484702458553961
"GGCGGTTTCCTTTACG-1_atac",-0.258134196823541,-0.0177330800568765,0.331008302624071,0.454308447439172,-0.0448175994455997,0.182613629469099,0.266015932092166,-0.179395339286432,0.195845823961554,-0.256052705407874,-0.31182439648035,-0.367302360872734,0.332882591808015,0.0476468333400832,-0.172165617356518
"GGCGTTATCCAGGAAA-1_atac",0.182471479792249,0.13839885206095,-0.0440786013058915,0.123841286607303,-0.394171975765094,-0.453053022198717,0.076798640040362,0.487996372081746,-0.0919038314331029,0.435561108879395,0.237126975423335,-0.0588056166720086,-0.0230554154209234,-0.0233650456756111,-0.258222147393436
"GGCGTTATCGAGGTGG-1_atac",-0.204908137335455,-0.0243608463075269,0.162065910076913,0.18302537813666,0.32694265881099,-0.0992517018175623,0.616846053306094,0.0338408227271441,0.318504293138786,0.135614380823498,-0.0210357159994142,-0.226864685349743,0.400352005150656,-0.105734717468633,-0.236772060422649
"GGCTAGACAAACGGGC-1_atac",-0.172606599825027,0.0138071873332796,0.265194945950072,0.318155111147875,-0.141689752136239,-0.0948242463138171,-0.248231633721629,0.341267175089843,0.408953902420079,0.0624359805771522,-0.52806699017966,-0.0373961145840612,0.19939778534079,-0.316134743324187,-0.0148331598249967
"GGCTAGTGTCCAAGAC-1_atac",0.383616740562583,-0.200778640273741,-0.0995710886218175,-0.0699483042812543,0.140402635162261,-0.241422459540153,-0.0891005873737744,-0.353644813505359,0.271252436423936,0.339383016143953,0.451405021183162,-0.0712967031758457,0.179634260513177,-0.331169218541684,-0.217181367715248
"GGCTAGTGTTGTTCAC-1_atac",-0.0606490698843554,0.00849373645971282,0.272618650002495,0.433170684463585,-0.117902526256473,0.163493875157769,-0.487750099403838,0.0244859525252803,0.0844347370339182,-0.339942936065066,-0.247845479667702,-0.234077726193132,-0.0860931808009102,-0.423496994641946,-0.171723247589929
"GGCTAGTGTTTAAAGC-1_atac",0.280762866566935,-0.168624565439026,-0.108910953659043,0.0461817934722872,0.239427684619206,-0.0312237179476148,-0.0203208481986207,0.0419527982114232,-0.509144066306936,0.245113355708472,-0.467145727429005,0.168698686177751,0.0660538166001253,-0.455725316562856,-0.200571230038734
"GGCTATGTCTCCTCAA-1_atac",0.378288715043889,-0.156822529075634,-0.265323761208906,0.0774557847771661,0.00791374932626661,-0.397792385426491,-0.275258275002043,-0.374536605560414,-0.210404889951599,-0.0153058414542713,-0.124481492978349,0.16029642497266,0.445315931890071,-0.0183774462051235,-0.311805976880362
"GGCTATTAGGACTTAC-1_atac",-0.348009356546334,-0.0790938058443348,0.370942555391762,0.584898363541179,0.0418295857263026,0.227085624363716,-0.068467162538851,-0.297844795029131,0.0150169350740901,-0.0593960991581036,0.268434111034857,-0.0372858449256248,-0.0484153072178687,-0.0818390841829542,-0.399962653815041
"GGCTCAATCATGCGTG-1_atac",0.315594795181977,-0.148383591451185,-0.0113513475867378,0.126850110711355,-0.202217919760506,-0.0526189848898721,-0.00479781224838577,-0.157127566500581,0.0388608097530625,-0.233183671458689,0.122437254631465,-0.56111740715348,-0.386617403973333,0.470778693025533,-0.192238101319284
"GGCTCAATCGTTAACA-1_atac",-0.174226829804859,0.0841934221191696,0.0479339976847397,-0.671960330296173,-0.0817416391080695,-0.117132705698172,0.123276213459376,-0.060350486900606,0.0946626001758871,-0.04887038321385,0.0488912023474083,-0.0060244819030683,-0.0326887610402638,-0.251240118847436,-0.62571641719427
"GGCTCACAGCTACTGG-1_atac",-0.225541890802889,-0.0571209979095691,0.318109415129809,0.150417621822298,0.0981631516070912,-0.149585304017369,0.525032591548421,0.0939068122387423,0.106583066791095,-0.0117080133243062,-0.371545221095567,-0.437336291706888,-0.0695832308628432,-0.193627622319857,-0.349885858316156
"GGCTCACAGTTGTCCC-1_atac",-0.104231576513597,0.0758675127412836,0.341865425829578,0.317123289557856,-0.158530172014056,0.0117169243746516,-0.274417107222013,0.0693924389150022,-0.242709111856319,-0.319458413963975,-0.350473440500914,-0.276913351744819,-0.0832191041602929,-0.459332452087585,-0.286645842112587
"GGCTCACAGTTTCCTG-1_atac",-0.632089397940993,-0.0477178762853913,-0.092161020132642,-0.335544358188045,-0.00389102268875724,0.0832900212274814,0.00656426556228377,-0.115488298485107,-0.149317803792607,0.255947720200463,0.303206494892918,0.228685701634892,0.0688585363707429,0.321104939786556,0.341881663616943
"GGCTGAGAGACCATAC-1_atac",-0.198086429234605,-0.00656237252261604,0.0604836283586647,-0.789391875348792,-0.286368486619251,-0.050004574173379,-0.317510234948832,0.0546616286427131,0.137846834560464,-0.180453611932127,-0.201768460251625,0.0563100959605815,-0.184753249278995,0.125190183626456,-0.0189723385797319
"GGCTGAGAGGTCAAAG-1_atac",-0.126639125659021,0.0275277111690773,0.414410574626634,0.494806016858111,0.0374593906200518,-0.136124273423801,-0.200166017597025,0.17500497775995,0.134595425147972,0.078356497261728,0.0921812931711622,-0.139153368485855,0.129856380901422,-0.385333957741217,-0.508475937613241
"GGGAGTAGTGCTTACT-1_atac",-0.422330099425328,0.292422572646886,-0.204721184439399,-0.0345882178425531,0.00266795517184353,0.233246003370877,0.00966190690143095,-0.105804028379711,-0.164853378920497,0.265735447256995,0.205776679495194,0.400182927460052,0.249629372476368,0.439324163253354,0.267801477345425
"GGGATAATCCCGTTGT-1_atac",-0.580632616247883,-0.0397343275196297,-0.00851118814683958,-0.0588431726666797,-0.0525625858988711,0.0591232654822258,0.143503387432517,0.0507891406989961,-0.26942531198426,0.236233810427692,0.149465959775456,0.0156087618800061,-0.00266408573659337,0.690851141052886,-0.0076373388315697
"GGGATTAAGGCTTAGT-1_atac",-0.130368650279676,0.0196674195647901,0.0829107217590937,-0.739714390899076,-0.342927054243846,-0.0025631255050362,-0.475473221142393,0.199002792353757,0.0851782472092866,-0.126367121233283,-0.100654474676372,0.024544352975255,0.0152664392804799,0.0307091670778774,-0.100744039230993
"GGGCAATAGACTCGCA-1_atac",-0.191613377577604,-0.0143974565045474,0.397715332519712,0.332960803733547,-0.146589662643233,-0.267590383448403,-0.39093853049528,0.0332937634397822,0.183183435873,0.0960702794186365,-0.246721814706433,-0.0245580841015728,-0.205474322260596,0.103115306055888,-0.538413601103832
"GGGCAATAGGGACTAA-1_atac",-0.133836917455885,0.00662687742733323,0.20526854950883,0.339206050790528,-0.129718879452683,-0.0287495268774682,-0.150895782885054,0.132898485821425,0.116665082968892,0.0629601607630593,-0.394072961436944,-0.455644369644893,0.102928795700972,0.276206910960437,-0.547172884291485
"GGGCCTAGTAAGGTCC-1_atac",0.34669829174112,-0.270373381734986,-0.217751099575807,0.0340377477804306,0.190232877431574,0.160353345170408,-0.100340274572559,0.469923205090228,-0.115960714451318,-0.414939483776592,-0.052243354074273,0.13949099240264,-0.259646181220896,-0.43506453698205,-0.0286466176796842
"GGGCCTAGTAGGTGTC-1_atac",-0.200970706966122,-0.0266810793855306,0.25836577718523,0.562952395391898,-0.13643226847269,0.0671528320463644,-0.406699444423571,0.140876752249047,0.106958612359811,-0.395055651235228,-0.190769679142041,-0.10759628703536,0.0729537437165787,-0.261921187695117,0.278302992105295
"GGGCGAATCGAAGCGG-1_atac",-0.627918210671581,-0.00847361680313256,-0.087963341556394,-0.00599258719034194,0.0218553921432292,0.130882023355565,0.00134185315424952,-0.0365163345698474,-0.187094645264689,0.263986505234155,0.27193244464952,0.286159349250171,0.148088580967816,0.466633880320685,0.280580358502834
"GGGCGAATCGGGATTT-1_atac",-0.138280713618779,-0.0190076630123728,0.0107547153945398,-0.782702060921312,-0.239286657230052,0.0209602449978712,-0.350035010944301,0.0216009072393382,0.159074041425321,0.12222900771,-0.110050573625773,-0.0944653586233539,0.00432985018432461,-0.222462480841094,-0.276229636234439
"GGGTATTTCAGTTCCC-1_atac",-0.216142267267667,-0.0232028452961569,0.029553523341522,-0.152329491753437,0.198956246085591,-0.130540780065852,0.649640760086949,-0.00261544085761599,0.0950548799373535,-0.339074508005183,0.0647860342229422,-0.175891704027295,-0.0716801561923305,-0.164051660360103,0.508732696652583
"GGGTATTTCGGCTATG-1_atac",0.283358503174823,-0.228916246191367,-0.126965174322028,-0.0358045210964567,0.426297862728731,0.10147833865905,0.0702601629838901,0.107220081044685,-0.502372484406066,0.393884506700057,0.182198437602448,0.123227089692684,0.230379009724427,0.36242510955765,-0.033347897320774
"GGGTGAAGTACTTAGG-1_atac",-0.222777785491236,0.000629527200146731,-0.00351586067182867,-0.849437261335714,-0.0972516086417226,-0.174110830916129,0.00596262484349254,-0.071769221123051,0.0783365340583624,-0.187320813279704,-0.00786620700345578,-0.0182367886582867,0.0296033587071781,-0.209054556941062,-0.312497175971557
"GGGTGAAGTCACAAAT-1_atac",0.161682481486409,0.810145212072197,-0.331215870958114,0.0974601569200705,0.168124592030022,0.141051571867453,-0.11898361324474,-0.130627147840881,-0.0114586378460907,-0.121351902446436,-0.0325607596877783,0.111996767009094,0.0615750829822422,-0.234998137343572,-0.177376492045299
"GGGTGTTGTTACTTGC-1_atac",0.194499233431504,0.868452550692145,-0.30292675068594,0.0775039648605646,-0.0551012487803339,0.0733376206467489,0.0210528775580115,0.11575767675987,0.0965630496888258,0.188547297668116,0.0294701095411184,0.0146620221381228,0.0657124886018689,-0.0415824614302174,-0.189541331665351
"GGGTGTTGTTTCCACG-1_atac",-0.0165217444892546,-0.309201054812116,-0.0243157686000056,0.0432863661757692,0.190916815007683,0.0173656118742918,-0.520268843375959,0.453374498376473,-0.0387187583259753,-0.102236100024137,0.136117344412303,0.113942694994918,0.305596567098843,0.394807051699966,-0.309764058901031
"GGGTTACGTAACTACG-1_atac",0.463065138865324,-0.174912828675705,-0.221689103902042,0.0612462543279909,-0.371498550389306,0.162659960450946,-0.00994418281422117,-0.0208849816394477,-0.295025220243958,-0.523482180073256,0.197732240103123,0.0935177994526997,-0.242443051072387,0.236003040318253,-0.116967316338177
"GGGTTACGTGAGGTGA-1_atac",0.459495338662212,-0.300993418749381,-0.164468287412306,0.0786455556092545,0.0966517313486291,0.064673418034634,-0.291940512594539,-0.309417755422547,-0.539831146283456,-0.195851936812086,-0.123961706601975,-0.128565853180657,0.0340691305570609,-0.256184866369807,0.205125604998119
"GGGTTACGTGATGAGG-1_atac",-0.217585555359608,-0.018984803539547,0.295234496488664,0.569027825308843,-0.266754987266263,0.03629478010685,-0.312659703139139,0.0976710190526227,0.0469233642667992,0.0753491354463227,-0.118414696533662,-0.323787338933902,-0.101744207458388,0.336587157329998,-0.333446252715524
"GGGTTATTCCGGTTAG-1_atac",-0.548381685209142,-0.0660167658244622,-0.128343103365736,-0.0506727688850058,0.0630540328264381,0.178250452199977,-0.032636595655967,-0.0736455568573683,-0.431803611307862,0.207365878954749,0.321115370380111,0.254231306378579,0.159100897093419,0.366592979118751,0.277010233669496
"GGGTTATTCGACAAAG-1_atac",-0.336554659020729,0.128734977569582,0.204211366909654,0.494576704742077,-0.130391455585111,0.133453922651189,-0.27442526404396,0.227088499879439,-0.0112680273067055,-0.278933499812008,-0.350399784720425,-0.276227551738219,-0.220995415876502,0.166088247449961,-0.262150260922388
"GGGTTTCCACAACAAA-1_atac",0.266080105362801,-0.287874892783522,-0.127180193248202,-0.064439885709754,0.150966014020034,0.407127185152449,-0.0433912421772006,0.06250308826704,0.104430168824222,0.0774131897900537,0.306043161352427,-0.426447825696329,0.0889003753165019,-0.526578279214921,0.232514122908708
"GGGTTTGTCATCCTCA-1_atac",0.196192899297385,-0.0763126185850485,-0.028489242943385,0.110023711443756,0.140757218081509,-0.205844049262977,-0.400507729312664,-0.332512173819873,-0.0877167152174581,0.190685091513458,-0.479525202860933,-0.525954602013639,-0.173388120167189,-0.13146209388056,-0.107885635166373
"GGTAAACCATTGTCCT-1_atac",-0.113756344115268,-0.0244014050891851,0.323533249242091,0.412054845834212,-0.146169707058106,-0.0326101235519841,-0.332537245188279,-0.0313612889632656,0.22913255495001,0.0428924634213492,-0.173081911683576,-0.37068925227792,0.110180567230657,0.210166191414261,-0.54771215660117
"GGTAACTTCACCGGTA-1_atac",-0.105012609438002,0.0619218205563073,0.082551617120477,-0.0368750727421078,0.168023943236781,-0.269525764781103,0.735595333869024,0.0316312282878906,0.389631612336276,-0.065493459760809,-0.148849914226057,-0.335770678749383,-0.207203097675195,0.0028033320363577,-0.00669863356807706
"GGTAACTTCTTGAGCG-1_atac",0.273225317560507,-0.0787151066664176,-0.00661860648952007,-0.109573769123384,-0.381960546100454,0.307536840586454,-0.0105033147270903,0.145441081280954,-0.409225289340783,-0.293458973006782,-0.491052899998491,-0.0446210611632759,0.132590349641815,-0.317129035307876,0.174662315142825
"GGTAATTGTTCCGGGA-1_atac",0.226140083473299,-0.236689286698423,-0.0931951932953039,-0.00402526139046642,0.112101138951987,0.435121670287676,0.0783183876219094,0.483249480667948,-0.272088987773054,0.263499972288421,-0.367601322308585,0.267182767764674,0.120427877882556,0.00709615999622705,-0.279357635008783
"GGTACTAGTAAGTCGC-1_atac",0.533330182244573,-0.239757576503326,-0.212252347047546,0.136647180251042,0.042240246798954,-0.0826195739067106,-0.0522933452562243,-0.277680264233245,0.515033812241551,0.164443767206352,0.118168582232309,0.201564685103186,-0.241415887056571,-0.317359235974962,-0.00288502322879312
"GGTACTAGTATTCGCT-1_atac",-0.361934317627008,0.0394230676869738,0.309071964051652,0.576484472341919,-0.20005726653398,0.279327676948284,-0.0521132034654019,-0.403655703656789,0.23831502003234,0.0667797047725101,0.0845966169899646,0.0415869433341619,0.280650787173494,-0.0629355175971361,0.0549871680541254
"GGTACTAGTATTTGCC-1_atac",-0.176402559078825,0.0744878932317619,0.348209925179684,0.459675715526859,-0.130729202564675,-0.158812109875177,-0.387623770818256,0.0333832542691418,0.218590444579185,0.0121598289736686,-0.353275992699428,-0.338178568639641,-0.0946635080446724,-0.0675900638386461,-0.369426344169508
"GGTACTAGTCGCAATA-1_atac",-0.180011193264382,-0.0318507281094938,0.254093532134487,0.44366649237731,-0.0131568577087585,0.0426780346856707,-0.537097331900045,-0.0515920010172898,0.213657313419024,-0.180415651595249,-0.0585162273187245,-0.289262955210365,0.0435405514985689,0.198581476814385,-0.4532343568638
"GGTACTAGTTCCATTA-1_atac",0.436631091120898,-0.191061718829939,-0.190342258379795,0.0589664970795095,-0.0658093844935065,-0.241657589760782,0.0936407186533368,-0.139029135119267,-0.382733416692662,-0.47229185935676,-0.29052068369644,0.253388506064786,-0.158325779593472,-0.314340414678049,0.0168853862882002
"GGTAGGAGTCACTCGC-1_atac",-0.470637935193592,0.323035856570504,-0.24865937312463,-0.0308196939860692,0.0378601185283755,0.172389163567028,-0.0538507313363125,-0.179840419608075,-0.277085025478295,0.410468934326153,0.127913393948856,0.193279704011249,0.120368227170434,0.311117976820905,0.367028471003443
"GGTAGGAGTTAACAGT-1_atac",-0.392835397278413,0.0208708478212481,0.442960575233735,0.530468466517583,0.224841817107247,-0.23419300855024,0.0595284687306377,0.0976620812078371,0.0780164389430034,0.0665669179768932,-0.168404803885067,-0.0564561080368296,0.397263986451759,0.0551647601010054,-0.215000347435035
"GGTAGGAGTTCCGGCT-1_atac",-0.148965320581881,0.084307356059069,0.236123545659893,0.409749635558882,0.125995485433691,-0.164408170071109,0.602404768634238,-0.0683135224944646,0.19253997311434,0.0293385064038018,-0.108234815567514,-0.261835425335262,0.206376263512478,-0.259588935173804,-0.329251920397753
"GGTATTGGTGGCTTCC-1_atac",-0.553172732651406,-0.134854761802161,0.227444023137183,0.480359568904693,-0.174294973873789,-0.0936787382858429,-0.4293125412826,-0.0960356587822975,0.119043889965888,-0.0671625206704426,0.334346812390072,-0.0481790723792528,0.0368738814518894,-0.156114449212419,-0.0461389413445202
"GGTATTTCAGGCGATA-1_atac",-0.28597145923558,0.0430387119195608,0.404928050890401,0.476916233360882,-0.156066953937012,-0.0193391766462232,-0.351123075667606,-0.015262709826442,0.122989216768254,-0.130786353082518,-0.349594275256358,-0.312198153724037,-0.155988843550413,0.124485091800393,-0.291473140835542
"GGTCAAGCAGGACACA-1_atac",-0.351974998616967,-0.0504687640606404,-0.0529773036362613,-0.822598360096179,-0.0217127486713215,0.0382489697359141,-0.0480670192616599,0.105151040133757,-0.0805560174702106,-0.181707848971315,-0.0722021568336311,0.136238331662376,-0.0394109711660461,-0.0862875347750095,-0.326359355077855
"GGTCAATTCCTAAGAC-1_atac",0.350002315283582,-0.282163994371837,-0.138629798712872,0.0124779935498568,0.0377491773980358,0.462436296501792,0.120343438318327,0.509023947553308,0.116583741370936,-0.0378922143938902,0.0137190718140109,-0.145235346895267,-0.450007023937857,-0.199063598160034,-0.105858121217684
"GGTCAATTCGTCCTTA-1_atac",-0.173191474207024,-0.0471843325131231,0.20240249474659,0.211616137314136,0.226734517911888,-0.135946682044107,0.533453587593228,-0.203031050214778,-0.182687013176696,-0.337247540089028,-0.223282572346137,-0.452240400111973,0.0780332455558988,0.178605706082139,-0.216494094130524
"GGTCATTAGGTGCGGA-1_atac",-0.185438395264826,0.0209144578557647,0.354128073357556,0.582151154084277,-0.216043090485869,-0.0398741340587143,-0.530398906764801,-0.13110561285441,-0.00304077736641923,-0.258814496115772,0.00301196945181895,0.0828576015496397,-0.118399788012085,-0.246855839809693,-0.0725763299507812
"GGTCATTAGTGAGAGC-1_atac",-0.194738701111575,0.0638588554800918,0.254208299218015,0.191751844511253,-0.0750591353036396,-0.0281915835065651,0.301797031420601,0.0374695437125525,0.351385248397074,-0.21143222658182,0.0976694974628144,-0.219627828435131,-0.236696270965553,0.246305007332213,-0.644245316037148
"GGTCCATCAACAGCCT-1_atac",0.0402568754702877,-0.190616313351665,-0.132188291201902,-0.0823751365730816,0.0380223410400782,0.458998137190987,0.0364086948908649,0.382736580750204,0.0109862633389199,0.449834557246929,0.336340745493242,-0.340355110033054,-0.240018277891805,0.293427477416604,0.0519667473373575
"GGTCCGTAGGAAGCTA-1_atac",-0.159847755126154,-0.00510290307205992,0.240818630959047,0.177192125485959,0.21367341682785,-0.17067578236308,0.401629446846926,-0.41455600310221,0.225272437271342,-0.251967992143019,-0.0616275372108085,-0.380947102396057,0.0595098490102111,-0.408005783212083,-0.209566742815411
"GGTCCGTAGTGAACAG-1_atac",0.21122316588088,0.858544629336564,-0.198873265966595,0.0791882975689068,0.169376271000575,0.148553934601469,-0.123817306098933,-0.0885237767949608,-0.0348256173298352,-0.00292384465695792,0.0256163355641185,-0.0864171251920589,-0.00769670791689783,-0.239926061955257,-0.177683738847842
"GGTCGGTTCACTTTAC-1_atac",-0.06931882623795,0.0480084303362829,0.164348774824784,0.348594068918657,-0.160623347055514,-0.0145695249080703,-0.466448631741781,0.0256163046470309,0.222882803175105,-0.579570654635215,-0.35930752948821,-0.236886992536802,-0.147119005145865,-0.00180831719622536,-0.0876104283137977
"GGTCGGTTCATCAGTA-1_atac",0.145359230797991,0.833657911517179,-0.322724484145101,0.00834336572303388,0.105901064932564,0.0996900456899436,-0.118317300068242,0.0431844094238816,0.0493074722764421,0.201291876261811,-0.147250075601528,0.14522447044307,0.00542528029924486,0.0534481910879413,-0.232462767005307
"GGTCTTGAGGCCGGAA-1_atac",0.452396531406355,-0.252845862858188,-0.192288398867033,-0.0876940937929263,0.277455729413061,-0.239026613269566,-0.0985043089002175,-0.170196637421296,-0.2824412709227,0.289891628924235,-0.0470780960287266,0.113903323244492,-0.0242679829181824,-0.572361561785876,0.0822717027161796
"GGTCTTGAGGGATGCG-1_atac",-0.163998493011415,-0.025038289953668,0.1091969818348,0.072835262848474,0.0979887472670538,-0.00222286018945105,0.673982064973159,-0.0277799188258922,0.0162825392504653,-0.562915036626919,-0.236502591164985,-0.135275956362132,-0.100643404756089,-0.298241956890699,-0.0130176481300788
"GGTCTTTGTTGGTGAC-1_atac",-0.269327438762165,-0.0204939123204889,0.328573386375284,0.586203417916866,0.0155056902155799,0.0572586668550536,-0.4055806157983,-0.00147097241264555,0.206910811506586,-0.175791412495582,0.102784974706092,-0.00626817802468941,0.0743843998155892,-1.86565413124156e-05,-0.466453906463703
"GGTGAGGTCATTACGA-1_atac",-0.187412052899171,-0.0156892614818509,0.270705420322626,0.442693985589598,-0.213348208470595,0.110751834320813,-0.575788485231803,0.0477197934462004,0.0529251157207133,-0.278032477354873,-0.437080989867717,-0.0940079528579609,-0.0813146948382816,-0.0670386434922026,-0.112656656250557
"GGTGAGTAGCGAGTAA-1_atac",-0.303211699793733,0.0185339979803181,0.2407798315552,0.120955448460172,0.0148228501548065,0.112170686084331,0.303389095339684,-0.0993622163461722,0.342596669237665,0.115199353591958,-0.251334745908942,0.243485219857332,0.265784658878686,0.286912077228664,-0.560657323802831
"GGTGATTTCCTCATGC-1_atac",0.343833998434429,-0.210208200904448,-0.175016586798033,0.0853056541672786,-0.220314951709822,-0.124560333941216,0.121117308203504,-0.0626347035487336,0.368957964084491,-0.506708666360952,0.464658597625143,0.147881521962954,-0.235878224585164,-0.0057542013860079,0.175227035452489
"GGTGCTTCAAACCTAT-1_atac",-0.204034668521206,0.0281296760896787,0.00967525180290241,-0.742737986925436,-0.184242543406292,-0.0988755278275671,-0.123225635532087,-0.0737495348786855,0.183253032027118,0.0598617325456888,0.0638828030000647,-0.245298963610714,-0.126965212496036,-0.109172117789692,-0.460460204978602
"GGTGCTTCAAATATCC-1_atac",-0.466122940443049,0.0562011681534804,0.247341239711852,0.189827030050637,0.0608532479611379,0.188022156179669,0.105187727809039,-0.112045702208399,-0.301139246288104,0.133321663973433,-0.40664593783759,-0.0662333349178173,0.0783145985568985,0.496232235305799,0.298492551944795
"GGTGCTTCACCGTTCC-1_atac",0.207420718372846,-0.174584047549799,-0.191595378446849,-0.136583806607804,0.251746585320347,-0.234680998603015,-0.275340149133943,-0.505813087588701,-0.109613841830093,0.459761564753836,0.306735013866112,-0.0530248310817146,0.294993991689597,-0.0922224104078579,-0.0721264080038558
"GGTGCTTCATTATGCG-1_atac",0.145493524670482,-0.219908606758964,-0.115676471644901,-0.0197060055196157,0.163200851340034,0.633788958300856,-0.0216408873155261,0.0678342881082846,-0.381695911548008,0.0452745613381851,0.214880542299463,-0.107517557589482,-0.522643272702505,-0.0471252855553834,0.049574948631042
"GGTGTGACACTTCACT-1_atac",-0.163931338497741,0.0413326654236133,0.197130375315841,0.277847835067099,0.372871073714254,-0.270877848629111,0.59618285394761,-0.0994923571425681,0.00892266681806155,-0.0675141447913249,-0.0493309227508511,-0.506498323527833,0.00324629958377829,-0.10366235178279,-0.057005830385058
"GGTGTTGTCCTTGCAC-1_atac",0.18083948303268,-0.0529487841625406,-0.0796938958694777,0.027734179427454,0.196387317749296,-0.143156602954124,-0.302783856133443,-0.595768015482086,-0.281336101600699,0.16253139451955,-0.187474595156084,-0.31420858960774,0.0141633319258458,0.369208572960406,0.275205440238583
"GGTGTTGTCGAAGCGG-1_atac",0.0162308737858544,-0.145233524950706,-0.176811596752624,-0.0572101483608781,-0.0217033432358502,-0.0196247188537772,-0.0572532033494558,-0.121545984571858,0.11757289775584,0.103642379377559,0.101613571255593,0.874156929858476,0.343590696148495,-0.0347803886232074,-0.0830415131279906
"GGTGTTGTCGAGGAGT-1_atac",-0.113806875247305,0.000564044383632886,0.148869004281106,0.330312450816637,-0.0675672900460136,-0.131088904844973,-0.554923644825431,0.161600721838703,0.157102926492893,-0.212919391018042,-0.185615061168289,0.220647191431467,-0.143352764415958,-0.422147686153651,0.384788100470482
"GGTTACCCACAGCCAT-1_atac",0.470894559945456,-0.188408220694051,-0.161490678476525,0.126415715263093,0.143660381295091,-0.151044127113578,0.351814676343652,0.115279863853883,-0.130570284175691,-0.392090133821075,0.0765346545798441,-0.0167501832506393,0.327311254045688,-0.424478612816414,-0.23653475980167
"GGTTACCCATAGACCC-1_atac",-0.615719098680139,-0.0368503864054744,-0.0551670821428147,-0.128793569132284,0.0888073109253044,0.0737780104907232,0.193425926752462,-0.0480422012204502,-0.241223769325559,0.320733314777265,0.0912704619435315,0.306824593944247,0.151591225170091,0.450785519889175,0.239021746579655
"GGTTATATCTAACCTT-1_atac",0.215401459622017,0.758270883724908,-0.157836157665523,0.0744043887200476,0.053044022350495,-0.0481593515655069,-0.0523426435505763,-0.000322317982655451,0.0275485728859628,-0.175473629225396,-0.231931903637334,-0.252039262336464,-0.26843154003765,-0.305446127086564,-0.161516006459297
"GGTTATGGTGTCCAAA-1_atac",-0.15583868644308,-0.0653770659939058,0.313558073608329,0.353018414157225,-0.367584385978275,-0.226113078168969,-0.281354655374482,0.208866370306919,0.154378116744433,-0.152751385908129,-0.421789111652376,0.0160564026404636,-0.291065307653644,-0.328887053696893,-0.14578515048154
"GGTTATGGTTCATCTA-1_atac",-0.184833322102017,0.0486427534668791,0.0743620963427668,-0.0391326646824114,0.103110952529335,-0.0775019619077377,0.69437688213361,0.00796548104884051,0.127967150270769,-0.0120051263224537,0.00542198736742009,-0.020156824040704,-0.170679966377482,-0.387852065807846,-0.510912934671236
"GGTTCTTGTAGGTTTG-1_atac",-0.148158185510773,0.0713456771162587,0.254486344426145,0.345394864297613,-0.0466899988813052,-0.116492298920213,0.183020113218187,0.324417382235783,-0.101807780656213,-0.179576741356414,-0.124992425637952,-0.266814998135822,0.124189015734604,0.321476999641922,-0.621456571559709
"GGTTGACGTCCGTGAG-1_atac",-0.622685531649717,-0.0665012352812212,-0.0954837807432483,-0.334142334925152,0.198627934572543,0.102725937186078,0.361176423829213,-0.329816987078871,-0.176495073736314,0.156958356216889,0.112425734486176,0.076209412446127,-0.00822138740630004,0.271809775809903,-0.222837902858599
"GGTTGAGCAATTTGGT-1_atac",0.377864047128347,-0.0150890733867267,0.0364782756524643,0.176042045059082,-0.139030765813172,0.104680583907615,3.13448047086455e-05,-0.0798638583873206,-0.651947985740333,0.0420460120019425,-0.507694228867836,0.267496089738693,0.140782577420638,0.0322068787850564,0.10504833052694
"GGTTGCATCTTTGAGA-1_atac",-0.260731955870373,0.0380858979816419,0.138971192300853,-0.058867280341416,0.270174983344715,-0.0224605532560474,0.580939309946554,-0.0360736772654511,-0.13278845014621,0.0957620500040634,-0.631946276400432,0.0121928617607464,0.186730027976887,-0.026870989012975,-0.183306067062241
"GGTTGCTCAAACAACA-1_atac",-0.196298498324664,0.00596901205952388,0.118519797368232,0.237567712613928,0.0337235026518996,0.0809314434576705,0.281501184812607,0.233721781401372,-0.0120774577620916,-0.565741698494341,-0.584802567442288,0.00339893594578226,-0.196765056082277,-0.135540308207016,0.173456496517951
"GGTTGGTGTCTCAGCC-1_atac",0.2786999673011,-0.262155724825309,-0.1128303491942,0.121672710411602,0.0848814843778482,0.193368579329943,0.185212556131578,-0.0843724712860008,0.262868747703467,-0.00618429319816067,0.270520815293791,0.00609000794677828,-0.494183349369053,0.172338520696726,0.569010120360275
"GGTTTAATCCTTAATC-1_atac",-0.105783880136335,-0.0483307998448958,0.215360506522524,0.484195742222692,-0.173163526273899,-0.0360487708158725,-0.513822489137474,0.0819056285915528,0.131186291746217,-0.397568930903745,0.0787765136660638,-0.275875201792941,-0.323243703239149,-0.199928386997262,0.039992764886262
"GGTTTAATCCTTCGTA-1_atac",-0.217270464067542,0.0274968133104251,0.107932621238212,-0.068456675855793,0.0554392575202062,-0.281567685151667,0.297184734088385,0.164628012490361,0.132282774393188,0.0993484372147029,-0.244346391430841,-0.32846369193112,-0.147783203211896,-0.412036538651802,0.592748089495963
"GGTTTCCTCACATTGA-1_atac",0.364291914296037,-0.192324279385922,-0.275911780790643,-0.0127112956245025,0.400096003440675,-0.19265341420842,0.0180769120872298,-0.289168180015075,-0.181321184669715,0.182745234542346,-0.141155700637842,0.314823770420346,0.170863442397018,-0.202096168010568,-0.466398344538198
"GTAAGCGCAGGACCTT-1_atac",-0.133238128992737,-0.0260111495100233,0.174675011507546,0.309659165094699,-0.244682160997594,-0.204080114239019,-0.552078203673259,0.136732639618293,0.113131501413063,-0.123217871872117,-0.250589100052427,0.0497785299605343,-0.11622419037152,-0.426132967414705,0.376583462527328
"GTAAGCTTCATTGCGG-1_atac",-0.533182231265545,-0.0733950079032124,0.10371121807654,0.356706875619437,-0.00639434584144723,0.141768769303768,-0.228853071451781,-0.108664229418119,-0.0101684663691938,0.128615099210105,0.24170488474928,0.0944845657835561,0.0405999537360295,0.229386863064776,0.591398883500576
"GTAAGGTCAAGGGTTG-1_atac",-0.175001305210527,-0.00582046873404294,0.0656867107214866,-0.224625595532089,0.344282198737014,-0.308336992689426,0.604704435348059,-0.232641740830147,0.0297162652771543,-0.206990491702845,-0.206780791604247,-0.389555842778165,-0.125818991653232,-0.157392405909088,-0.0483191210158642
"GTAAGGTCAATTAGGA-1_atac",0.362147124371178,-0.217871814103768,-0.140934294817451,0.00932035989228601,0.0442424733768174,0.250223552311054,-0.231974329430731,0.127648443108916,-0.356145456103116,-0.0268735157149767,-0.561289108221884,0.21511004759844,-0.0225084916666673,0.167752093469292,-0.386302455135141
"GTAATAGCAAATATCC-1_atac",-0.296039163019727,-0.0828092569248692,0.111627435259237,-0.283681103059708,0.0306648395281431,-0.279924684130705,0.600903775092803,-0.0696236913926919,0.143978734146754,-0.239977769438299,-0.350976260559171,-0.0562157684121462,-0.316175971674409,-0.134613066361071,0.211151948588636
"GTAATAGCAACTGGCT-1_atac",-0.168581462204668,-0.0250368481454987,0.203239796871273,-0.162208721489074,-0.0710396746726801,-0.0977129116064518,0.178573354652151,-0.10205312910575,0.268221801839923,0.089246987571839,-0.791466976267106,-0.0603147899551791,-0.0759804757461116,-0.160010128888452,0.324184434587982
"GTAATAGCAGGAAGCC-1_atac",-0.123760220094738,0.00638421243352656,0.0441353897119211,-0.712014531803411,-0.160006214689687,-0.069148315150642,-0.274147440520511,0.0184376046313786,0.125642816625196,0.00634065867005312,-0.169984627688765,-0.0329465251224325,-0.0240588965666787,-0.111598490272506,-0.557682848013406
"GTACTAGGTGCTTTAC-1_atac",-0.100656475959341,-0.035555589637375,0.279878362844918,0.442932482974666,-0.0649794762299291,0.121725238532358,-0.105706803627384,-0.0288511326467561,0.292783438466375,-0.0276701266005299,-0.599842377428351,-0.229456133234325,0.0355040035950565,-0.328423262850114,0.273799493751752
"GTACTGGTCACTAGGT-1_atac",0.380130715005087,-0.218276963444731,0.0080991242705588,-0.170639752650584,0.191868429229641,0.502833594968839,-0.139106425284864,0.074923982972095,0.00747441965319184,0.032012801119653,-0.136356391478476,-0.364274711100963,-0.43416386274037,0.265290890656346,-0.229794763195157
"GTACTTAAGAGGAGTC-1_atac",-0.0135177068471538,0.0606034155838397,0.342784329418352,0.475715618987473,-0.136534182490424,-0.178491597681435,-0.189951196999146,-0.15521850852201,0.178593698333598,-0.223264007201343,0.017656408416045,-0.37891595663139,-0.433053090502921,-0.197590616229733,-0.299089229423347
"GTACTTCGTAATGGAA-1_atac",-0.193028840124871,-0.00875084842646195,0.282382296156045,0.284962191705678,-0.118324348375983,0.0480758564673807,-0.548256713970399,0.290686486752054,0.526712144436007,-0.142470141612248,-0.140368914430004,-0.0251164118506378,0.023639324070387,-0.0842226331218377,-0.273155853054398
"GTAGCCATCCGTTAAA-1_atac",-0.379077594735092,-0.0589424187931606,0.169458240300654,0.358895792487584,-0.0891487834564571,-0.094193269627038,-0.728541974869059,-0.0692523875379787,0.114680234333028,-0.105856514838083,-0.137063610839279,0.196983850925882,0.139216128297059,-0.200481384330819,-0.037341113286921
"GTAGCCATCTAATCAG-1_atac",-0.649762915805302,-0.0856659365647432,0.00440766779613454,0.138830085330421,0.10305834131755,0.1495516039456,-0.0244666362793075,-0.0198758713136779,-0.195446627691582,0.298641761583176,0.216912367846502,0.243613215729512,0.361634492963864,0.368898770428467,0.128629080514733
"GTAGCGCTCACAGCCA-1_atac",0.1828917675575,0.145734169511151,0.0208829294345909,0.125067536700742,-0.436219609765586,-0.446724538931408,0.0636401743447583,0.447213062656862,-0.199744951644521,0.486171314643841,0.0742356535949604,-0.185259802756531,-0.0455310331031249,-0.0747239316597312,-0.107632477808363
"GTAGGAGGTAATGGCC-1_atac",0.382879923331011,-0.265896147227417,-0.130769136441712,-0.0375989112649241,0.0468650611577377,0.132086080904722,0.132110877207292,-0.232464508484081,-0.398476639209852,-0.321814533809626,-0.514011617944836,-0.0545837868310253,-0.250048924685941,0.147460840315273,-0.243407346275894
"GTAGGAGGTGCTGGTG-1_atac",-0.145346501255118,-0.0026883467674641,0.372246126840753,0.394232917761491,-0.130581634475543,-0.167773862927985,-0.0982749300471529,0.0267005600596673,0.396019076478626,0.185845940702646,-0.403291324481432,-0.206987555913211,0.148080533776396,0.182651225655374,-0.420907356564432
"GTAGGAGGTTGGTTCT-1_atac",0.29479335001045,-0.130827389168114,-0.136871210125901,-0.109319708892149,0.0139839801607923,-0.124505054551903,-0.279737044487017,-0.545904313147903,-0.116986355625937,0.114392388502528,-0.473407715656072,-0.177686834263617,-0.354348796587354,0.0107036872962884,-0.255340192311421
"GTAGGATCAGCTCATA-1_atac",0.290507859919634,-0.282861992474953,-0.0329729046182763,-0.222813528316746,0.331762417159318,0.63549685301155,-0.0643249902607568,0.361121566857392,0.132920457564979,0.0416008010600363,0.0504498107597175,-0.164591928313283,-0.0586065610704174,-0.023936449926359,-0.288704537640572
"GTAGGATCATGTTGCA-1_atac",0.331952009362531,-0.129127676155677,0.00851394971882363,0.035113219710297,-0.137216894098777,0.159340209995024,-0.0282666641237059,0.187232386548266,0.0355801128055436,0.202294965968752,-0.241573247325629,-0.328681564363871,-0.628058224016633,0.0992458166379688,-0.4229308036041
"GTAGGATCATTAGGCC-1_atac",-0.212649428856324,0.0264685755025474,0.272839383391612,0.562968325515582,-0.0963753520681166,0.0392239747572401,-0.248647137049185,-0.0571050300675225,0.474933473603692,-0.276162359519,-0.0960654978018727,-0.341906410098689,-0.0508265434627279,0.225703905315548,-0.0728714049330076
"GTAGTTTCAAAGCCTC-1_atac",-0.65117290314377,-0.00468556380023363,0.038353929721192,0.0778966808132237,-0.034619556093467,0.129168968713497,-0.23228772660293,-0.154228916444388,-0.347057172986705,0.232789773864805,0.398885661567832,0.277691216090407,0.104249959662911,0.197776018952736,0.109271889146247
"GTATCGCCAGCCTGCA-1_atac",-0.178084817525156,0.0468087868158167,0.277150735590185,0.400253878465434,-0.0651258516431539,-0.1444319513307,-0.611711093731706,0.16109699518005,0.136782860269995,-0.0155842529665366,0.0144036537196999,0.0551417254082525,0.0445410233681997,-0.495143368989401,-0.185696028682996
"GTATTCAAGTTTGGGT-1_atac",-0.520231317126982,-0.0825672286916341,-0.081060717312782,-0.196214062430439,0.274200893527284,0.0491147245450143,0.529008661875094,-0.279295291550966,0.0884035667875446,0.0209185306385099,0.0927733232078044,-0.00438643977722463,0.458573201340972,0.0423116152687526,0.114272749015454
"GTATTGATCCCGAAGC-1_atac",-0.452988251277734,-0.0308583175237824,-0.0779065813958029,-0.691507457506675,-0.136294143744227,0.0608713560369569,-0.0629935612225788,-0.0248556906463751,-0.1191489050044,-0.0405590178680486,-0.0303087684252288,0.280446122201178,0.288762991833765,-0.162163497126463,-0.278637380596507
"GTCAAACTCATGCAAC-1_atac",0.25773752974337,-0.245406973692539,-0.149242846303477,-0.0862208585306436,0.19429701867081,-0.0969671300046977,0.00415679480527835,0.0344300585099548,0.3451457271405,0.125018612910259,0.162285242925194,0.457554642851026,0.622623378141313,-0.192220481205479,-0.0150364078965338
"GTCAAACTCCGGTTGA-1_atac",-0.400515842839144,-0.0686519562907702,0.293888694879323,0.391468060915002,0.0638460985092141,0.309457681722264,-0.0664073308630431,0.192438653235436,-0.154131433350543,0.508572864613971,-0.259496144560635,-0.0696113565319134,0.0401562242367811,-0.312646466929812,-0.00510175632897871
"GTCAATATCTAGCGAT-1_atac",-0.382216378399841,-0.143038216145672,0.407595368710158,0.508172964212312,-0.102518044348422,0.113676408214704,-0.0785103949767509,0.0139834244052179,-0.247253252340269,0.0614242681646373,-0.360483270687779,-0.210072010946338,0.0523878918142791,-0.14333166050086,-0.342069091447147
"GTCAGGCTCGCAGGCT-1_atac",-0.253240292134205,-0.00538590686534522,0.352110000802603,0.512650996507686,-0.0230042011848591,0.17788530911588,-0.354944620673947,0.0304978433655688,0.316118123451304,-0.254776933274328,0.231161761502658,-0.145725230523408,0.0120528404858249,0.0204681677048247,-0.387145834985516
"GTCATCACACATAGCC-1_atac",-0.187219465613286,0.0139585790369249,0.316890595868473,0.464523252572616,-0.0733743421389633,0.0781761342894404,-0.44405293450586,0.156337051149085,0.229059693903711,-0.0757310685724774,-0.117852379266995,-0.120724872254591,0.290881706284998,0.176666827111693,-0.461456815447609
"GTCATCCTCACTTCAT-1_atac",0.179029680709238,0.00627919432740795,0.234104543007912,-0.0301176627756093,-0.270185839199111,0.323911638889991,0.481265971029207,-0.0497357662070832,-0.2489206959807,0.0181198157329327,-0.273484004503778,-0.455288617782638,0.288272493628675,-0.18191663817051,0.199051387875104
"GTCATTAAGGCGCTTA-1_atac",0.547235383637352,-0.11095411741207,0.0209765293375249,0.015850558986808,-0.0385592848318746,-0.324110372984174,-0.00657986845511639,-0.045820135400717,-0.0101619283211,-0.241002362390871,-0.247374064151552,0.146025254429251,0.18313182103831,0.610223076516896,-0.179560738804208
"GTCATTAAGTTAGACC-1_atac",0.424285964729109,-0.260606059336385,-0.205660922463478,-0.103928143096992,0.166202645185298,-0.278403575569754,-0.175556850130954,-0.0460962123578933,0.25813987454591,0.143812812117628,0.0488552378968795,0.246115085784327,0.383163735792152,-0.488393067494608,-0.158970007087302
"GTCCGTAAGTTCCCGT-1_atac",-0.123646852422405,-0.0382854420279961,0.240972439351898,0.44485988458257,-0.188052981751268,-0.129878311733534,-0.38336428794722,-0.040760814544822,0.20205936044161,-0.530231169459101,-0.12893722403991,0.0634714307987958,-0.120185676144594,-0.377139619623316,0.16465214355739
"GTCCTCCCAATAACGA-1_atac",0.288363198776785,-0.261193486898424,-0.0705897227083526,0.0303644880907377,0.141196424243384,0.516207350640488,0.0409176412521979,0.298833956792823,0.190341567836577,0.177173671400636,0.568743802836205,-0.0488250856317685,-0.150857455885113,-0.0901938153870945,0.202411832326341
"GTCCTCCCAATGCCCG-1_atac",-0.112915731438728,0.0108061663626897,0.330012394431961,0.414710431533617,-0.0912297331121946,-0.0425593107755894,-0.210762926944837,0.00722157967312438,0.257734830973257,0.140221182630569,-0.410848806624664,0.198369215795206,0.486500692282788,-0.0692011193411728,-0.340477592201002
"GTCCTCCCACTCAACA-1_atac",-0.178353447679347,0.0268870860571667,0.221981851255624,0.302394102305861,-0.0134976459899427,-0.00886063032864721,-0.448344795386803,0.191951541187382,0.276999108458967,-0.574335430314163,-0.280143675489399,-0.0883959158830325,-0.269343538283491,-0.137928207407136,-0.0646197222210335
"GTCGAAGCATTTGCTC-1_atac",0.114241088781881,-0.144734120436613,-0.146417601257961,0.0127160295312875,0.0864412075712225,0.0384044675936653,-0.0307954186208639,-0.468228267907234,-0.27964666456727,0.553458201942469,-0.0368359531986088,-0.268018524122482,-0.227565452175066,0.448690699268499,-0.066706137811286
"GTCGAGGAGGCGGGTA-1_atac",0.282576917889774,-0.0989527536026411,-0.0640135285011269,-0.0767466862277786,-0.0257877828225763,-0.286511869361662,-0.227566829691424,-0.244520678449597,0.32698580804849,0.111482166269644,-0.0133864609514248,0.281480525141503,0.499492985495446,-0.398778050971674,-0.314267585396631
"GTCGAGGAGTTTCCTG-1_atac",-0.128807870077832,-0.0409905885221205,0.0493573195152277,-0.829759460366036,-0.157516707500943,-0.00940499155723474,0.0953800352683265,0.193832953082535,0.269941800277723,-0.133491567945917,-0.102625890075928,-0.100163385956685,-0.10840274691059,-0.310184248615301,0.00202244617353648
"GTCGCAATCATCAGTA-1_atac",-0.124776452911049,-0.0134625485019691,0.223249360543281,0.392883043338557,-0.0391347672313235,0.00877616985976031,-0.423414170911803,0.170332699123932,0.361898784517783,-0.493257927467474,-0.0764261708008776,-0.25707095257687,-0.0276148040057346,-0.311288537483867,0.162133326991235
"GTCGCAATCATGCTCC-1_atac",-0.205930253908833,-0.00256825091745462,0.246356191091501,0.439626391209131,-0.224947693965714,-0.160313213557255,-0.436116621450706,-0.175999208365543,0.047918306427962,-0.0730839571841371,-0.352983078905934,-0.0326634249594417,-0.220070533734306,-0.471623721538928,-0.0445737682300739
"GTCGGTTCAATTTGGT-1_atac",-0.28667256520052,-0.111918249225853,0.296743520770167,0.372261951874741,-0.0477393485220081,0.0374817277437646,0.150146754469143,-0.384840070874727,0.186896390942663,0.37747430785982,0.251917523799678,-0.126271063239337,0.161188539904374,-0.429374015774739,-0.192769005571006
"GTCTAACAGTAACGAG-1_atac",0.287824265334216,-0.14833969627126,-0.00117738752675028,-0.151391384963579,-0.116308898709457,0.246403914056469,-0.0840724854444994,0.337913771451727,0.222527491467443,0.136668446693259,-0.703280417059943,0.0921684212970184,0.201869200646509,0.0173347902176204,0.253748812370044
"GTCTAATCATGTTGGC-1_atac",-0.206444840534003,0.0182952191500203,0.137314930844683,-0.00630762811651858,0.285515346385862,-0.258241518415915,0.567818965998798,-0.249864113279641,-0.0147374030846317,0.288225311981088,-0.15567544487835,-0.213445116769666,0.323830904654271,-0.0526032293262384,-0.37996611715695
"GTCTAGCCAGCTCAAC-1_atac",-0.236511600385517,-0.0828706251750556,0.239705405016872,0.314368697382887,0.0284142049732057,-0.048156894824048,-0.607983834199298,0.162452510620764,0.0874322292125596,-0.200593386464621,-0.322814410379335,0.00117778089160392,-0.204950257023673,-0.340179072940216,0.268193413834671
"GTCTAGCCAGTTTACG-1_atac",-0.216807298205394,-0.00746797785958996,0.299186245181472,0.493932978394451,-0.20189420685019,-0.235380673454913,-0.565737485982538,0.183640554336241,0.287281815639018,-0.0138961385874867,0.00422006763478178,0.112391709425496,-0.200294450365482,-0.163471768721438,-0.0854049428464126
"GTCTATGCATAATGAG-1_atac",0.128208293064786,-0.121771518193584,-0.114787862905728,-0.0721317090574371,0.201488070387068,-0.0908844966925713,-0.407114408128148,-0.362800683410887,0.0609314212676539,0.499750695961893,-0.134134967651781,-0.366190699741351,-0.345747550192825,0.25077422525047,0.127086142979934
"GTCTATGCATAGCGAG-1_atac",-0.302698250453859,-0.0222021072734564,0.0240456918024984,-0.631312813177064,-0.187981179884677,0.0813670431011669,-0.0266196527199029,0.0175613587581512,0.0497462169688337,-0.413920024125672,-0.188953496099988,-0.100905969635649,0.0776976132060362,-0.158509488907508,-0.463594820138996
"GTCTTTAGTCACAGCG-1_atac",-0.17608949314432,-0.000329300729668331,0.0717119355352622,-0.0599238772370677,0.239800374335448,-0.332420425075846,0.538394908056147,-0.224983752808671,0.382131362711872,-0.459519113867619,0.0216952636942277,-0.244643591733389,0.0256161663427422,-0.106432759172568,0.149255145949169
"GTCTTTGTCCTAATTC-1_atac",-0.162903590847713,0.0012583624648909,0.0548279554910409,-0.808860918599674,-0.253014702231973,-0.0012878261036732,-0.333177722239836,0.00664222889985605,0.0437995056460642,-0.278883551404991,0.00300724193794999,-0.0119640298409077,-0.0917685271946934,-0.133791816501308,-0.186978095585794
"GTGAATCTCCGGTATG-1_atac",-0.221892209023829,0.0259318480376895,0.286232821733508,0.446919029543783,-0.0521372992358881,-0.171108042495214,-0.429683989461129,0.00815647503160507,0.0892186265981045,-0.0377763941924645,-0.0424781787185897,-0.428075747047766,-0.0758348816211935,-0.381052959842622,0.326101016435632
"GTGATGAAGGAGGACT-1_atac",-0.125572985067624,0.0152498635005934,0.269140226947821,0.438086484525833,-0.0481097794144476,-0.127530553966864,-0.361401824991401,-0.0844342097899566,0.0391738424444682,-0.334019020215987,-0.176259750970559,0.0451183145238489,0.0190645514267796,-0.644402804392842,-0.0387135647062814
"GTGATGAAGGATAAAC-1_atac",-0.199840540093905,0.0594480687723644,0.258853099127962,0.23736396343287,0.10575337949357,-0.0506018711262776,0.576434223189762,-0.220741593746339,-0.0425424246763621,-0.128835665375705,-0.0808264285554294,-0.384138637815968,0.0755875193659869,-0.144120269029929,-0.489333730560454
"GTGCAAGCACTAAGTT-1_atac",-0.18509255396318,-0.0397745993122338,0.26058682306493,0.329342657010559,-0.255817971508699,-0.0552586443213458,-0.284163774307328,0.0508420664962156,0.536856658318033,-0.137624789015113,-0.0146988383270516,0.0554425067080266,0.173724464511633,0.068240172940374,-0.539141761189913
"GTGCAAGCATTCCTGT-1_atac",0.509781886476266,-0.283542790228732,-0.0742400499038324,0.0367009887460619,-0.280269799671079,-0.0713034026265793,0.120557575013174,-0.0556681538047079,0.363114881617165,-0.276830141786891,0.508376689088164,0.0446647895631351,-0.200967269569538,0.146403021604539,0.144388795994462
"GTGCCTTTCAATTACG-1_atac",-0.0941684970135623,-0.0166291830445925,0.112569074098775,-0.046020640762275,0.125112032729338,-0.210686522940709,0.745408714924687,-0.123578030718493,0.284019657406401,-0.232106703228179,-0.0500850334404635,-0.221286349096742,-0.331383980550122,0.00839341059025083,0.221846606290975
"GTGCCTTTCCTGATGG-1_atac",0.431658986102799,-0.273306239282999,0.143988294976635,0.0625563890851783,0.140078692621587,0.186436375154821,0.293226926106349,0.138388460303787,0.262775963970598,-0.22167488095595,0.0196375467198241,0.123973328893499,-0.23687624742134,0.603486996445936,-0.0236947052352682
"GTGCGCAGTGGTTAGC-1_atac",0.221686848556393,0.753159218352675,-0.229349508497784,0.0850813131324911,0.0552199884126608,0.106158304152355,0.0590536672876352,0.0143971472254778,0.109249375288537,-0.264843043546996,-0.122113334078117,-0.0737052305194705,0.126497304789688,-0.11305697378031,-0.417789206950895
"GTGCGCAGTTTGCAGA-1_atac",-0.121224318339424,0.0216696733861392,0.0600313838182511,-0.732295951172711,-0.330103885773901,0.0194176015183361,-0.456592016637604,0.226048643868515,0.224474358957956,-0.105327920383133,-0.0126521393183443,-0.0348455456203483,-0.0967972628855591,0.0465091260363636,-0.0407955735359194
"GTGCGGTTCAATCTCT-1_atac",-0.570254755942677,-0.0621681042259364,0.026139538843867,0.159859370383547,0.0183862287404497,0.0969232408191694,-0.112259508705351,-0.106988796247331,-0.195565552306334,0.472150769634775,0.377855811065105,0.28239047410595,0.197344393335631,0.178436423817611,0.237590789495386
"GTGCGGTTCTCACACC-1_atac",-0.365242735929249,-0.173486604505403,-0.150133786477287,-0.132422900529968,0.114433322649516,0.118496315413068,-0.188338044131099,-0.0929349505256723,-0.484457022114637,0.360529489163763,0.129628232876895,0.358047603080863,0.0905199363386467,0.126260875388335,0.437449798598333
"GTGCTCCGTCGCAATA-1_atac",-0.154364187279041,0.0168334312439916,0.204161017671231,0.326254427586422,-0.073850596544674,-0.0424256519663552,-0.590871661319488,0.190231021675504,0.0705364844418959,-0.372086597709736,-0.339389787998155,-0.0443823860936895,0.0276948516727422,-0.385851137873253,0.158007881690492
"GTGCTCCGTGCAACTA-1_atac",-0.243796135427853,-0.0206529799962301,0.217544158949187,0.464192740499721,-0.0367951869354945,-0.149440855010947,-0.472431681883186,-0.0866074966841675,0.294967238009832,-0.417742713656871,-0.179007243893081,0.0207556968051733,0.0588132352425155,-0.352957599307083,-0.0305029131123835
"GTGCTCCGTTACCTGT-1_atac",-0.141306971853762,-0.0446208721668341,0.0311652383676645,-0.688752706074249,-0.108580724687758,-0.0664967261155111,0.0675940824860678,-0.123222009910658,0.100031745943295,-0.323444601229176,-0.0343988118544308,-0.108812038769037,-0.150117684395104,-0.319152869678656,-0.463341743751862
"GTGCTGATCGTTTCCA-1_atac",-0.098894969418605,0.0767591735044537,0.264029815921353,0.3645566459104,-0.407257652488129,-0.0911930556701094,-0.57875952425963,0.180271959295007,0.175610500478184,-0.245410444792297,-0.143194962211688,0.0316205193242654,-0.245456251265428,-0.241659179134804,0.094133248695323
"GTGCTGGGTACCTTAC-1_atac",-0.144618723067982,-0.00651220075732017,0.141983952550685,0.30154269181324,-0.0585997317518386,0.117482354167913,-0.480244227630625,0.152597595047924,0.0100397755754431,-0.244134708308121,-0.169942240172726,0.0745330584128796,-0.156354989589661,-0.660210317909445,0.205758015137083
"GTGCTGGGTCGCGCAA-1_atac",0.32458233124305,-0.291106842729762,-0.314111690169237,0.0204986414762833,0.311930302729676,0.0332616154561653,-0.124855973557608,0.228120182388596,-0.435703649618562,0.276349927614783,-0.405829314191932,0.0836276114925531,0.0261679390155046,-0.144371547688765,0.292157868845153
"GTGCTTCTCATTACAG-1_atac",0.140373886786047,0.765348813659514,-0.23454124753184,0.0874276018894852,-0.108058067064029,0.0564096730381077,-0.00539070146113651,0.0734594815551602,0.188709691161343,0.082319690816731,0.128448136993374,-0.0954822929589108,-0.105783375697791,0.0156097752032191,0.481831684257159
"GTGCTTCTCTGCAACG-1_atac",-0.218358323317716,0.0101759885776322,0.163365261634628,0.191381299890407,0.0859589445596171,0.0546489616325942,0.775331638271635,-0.335485879574474,0.0486548246434771,-0.148365190363004,-0.305144424758089,-0.181062513527549,-0.100788935113238,0.00670355622795801,0.0660006426918098
"GTGGACACAATCCCTT-1_atac",-0.171634345963479,-0.0260357433147845,0.0624143510423288,-0.759352126695204,-0.120512353619489,-0.0879622703185936,0.0689217875935064,-0.082254067397326,0.090941700705092,-0.0165848721756091,-0.262526520102648,-0.320569366038518,-0.0273580675668902,-0.200362996262961,-0.366676857458918
"GTGGACACAATCGCAC-1_atac",-0.0894686528309034,0.0101954941234737,0.351892964264822,0.511195107381687,-0.137525668844737,0.0366942917336512,-0.218651803605288,-0.227128989327341,0.387114202598743,-0.367777986081034,-0.139305953012852,-0.235874063564062,0.210950700997628,0.0197038073129117,-0.286421250468384
"GTGGACACACGGTACT-1_atac",0.40073989256795,-0.260654869278679,-0.108286570005787,0.0565959728643081,0.218601822730304,0.247631650541341,-0.092101622992732,0.0762830496834775,0.0555433702303815,0.167577493425891,0.493176806362585,0.163647334384054,0.547645377055171,-0.132099174244751,-0.120792147301116
"GTGGACACATAATCCG-1_atac",-0.0899000704160058,0.04546896623828,0.201888424133362,0.410945859553554,-0.0438179366976711,0.166172655812749,-0.459806823829969,0.0276783224873655,0.393981156378519,-0.189697212899189,-0.0924139226160757,-0.254243186520381,0.28230873545669,-0.414266429162617,0.150971307465468
"GTGGATGCAACCCTAA-1_atac",-0.180769300281919,-0.00525910814459117,0.0226936918939762,-0.0815197018810926,0.189593869331532,-0.154403568044,0.788289249396104,0.129906688222466,0.383912263830104,0.0345495397040635,-0.0456296543524555,-0.189190212053997,0.202434084152978,0.155194647041098,-0.102713754366108
"GTGGATGCAGTTAAAG-1_atac",-0.154462427322281,-0.0390676255323529,0.0162387421250003,-0.782021689868144,-0.238704108000827,-0.00748818174293379,-0.380857360940486,0.189622210868755,0.109123687501583,-0.143537264432418,0.0493021989972206,-0.193073227989539,-0.0798963010580547,-0.212496143083491,0.0314942746588135
"GTGTAACTCCTGAGTG-1_atac",-0.456230084993994,0.02765792270731,0.151945145425832,0.381642755183612,0.0404785827383014,-0.106111116421792,-0.271504071711479,-0.344163459900404,-0.454836087652629,-0.231937499468664,-0.190989088380104,0.114702354863457,-0.185918670816437,-0.180914819949683,0.199221835304207
"GTGTCCAAGGAAACTG-1_atac",0.0938617921962145,0.824110006320696,-0.272288998980981,0.0721774660742396,0.00033712108951106,0.0408136296866665,-0.284322326767563,0.0783710061734822,0.0602563833855263,0.0509184024831099,0.0113874796055067,-0.103458285148193,-0.185564677951681,-0.0765836524503327,0.294412291375904
"GTGTCCAAGTTATCCT-1_atac",0.450073819922139,-0.0866371106029698,0.123639394618312,0.0499385901859922,-0.185631516366032,0.0569991964237099,-0.032602008042208,0.169998665957109,0.176850865712586,0.285811422776043,-0.434562330067384,-0.38576060644364,0.405624173955511,-0.269459379294862,-0.129295048249557
"GTGTGAGCAAACAACA-1_atac",-0.192490206851428,0.0074227317525317,0.337960001285561,0.54724882872413,0.0890533268620012,-0.0186004625377504,-0.0868671565547763,-0.119080971240498,0.325539442838497,0.0709069640216935,-0.279087172029202,-0.497379676651272,0.0912724828221086,0.161684932462211,-0.220088448688881
"GTGTGAGCAGCACGTT-1_atac",-0.610688028750483,-0.0297209955764804,-0.0744355984669752,-0.0262537220967882,0.0320236566933392,0.107379673382951,0.0436580231734483,-0.0620659642923336,-0.27360163929742,0.343180004810977,0.216554995628119,0.335438318643765,0.157540148812917,0.435088384707871,0.188325931551866
"GTGTGCGGTAACCACA-1_atac",-0.121725820371187,-0.0101497549632103,0.33197888389248,0.475863374066598,-0.0522824972472203,-0.110853340278544,-0.465084570534261,0.0977589000442555,0.227677305387886,-0.172249076147435,-0.232665290113753,-0.186730788132928,0.181377321624171,-0.447965988785551,-0.0588388490150742
"GTGTGCGGTATTGTCC-1_atac",0.31600329767117,-0.212571639711699,-0.200304795281827,0.0423944832270231,0.119172883292148,0.331975573470265,0.0376420248049266,-0.109602778877989,-0.141890407674242,-0.193061607653652,-0.157817188210185,0.477928093161706,0.314451292592715,-0.51381511897657,-0.0397928485825413
"GTGTGCGGTCGCAAAC-1_atac",-0.403354863736019,0.0581663685126246,-0.170199461853221,-0.0522948813852021,0.144042148427748,0.164971235594114,-0.0185181014573603,0.134923276919237,-0.422380464197121,0.488455105770876,0.206144888161656,0.280298865590087,-0.0361066507186361,0.0155915996527802,0.442836823385158
"GTGTGTTAGGTGTCCA-1_atac",0.358382426199562,-0.181777139585622,-0.0109424974285869,0.141824174375599,-0.0466531673723525,-0.182861988820298,0.0887560101356792,0.245866633109602,-0.0779915020438383,0.401330160307316,-0.477978909117657,-0.214314547820952,0.335471045234555,-0.39846685674491,-0.0385022699039746
"GTGTTACAGCCTCTGT-1_atac",-0.214877645317209,0.0362477694040721,0.125033395596492,-0.0810538208149002,0.121989905645476,-0.0236270411092151,0.63006453316128,-0.200659364120148,-0.453577633026573,0.0335846253441586,-0.212931093035591,-0.282437021712029,0.0667347763279854,-0.325257671430881,-0.188171074590893
"GTGTTACAGTCGCTAG-1_atac",0.167939085564715,0.689050850734747,-0.248497839799942,-0.149526420949128,0.148945119189968,-0.0504452846834956,0.317755001795752,0.0333126701169412,-0.0183699387144691,-0.104344021447299,-0.387562021904331,-0.28541442374006,0.0110731643589034,0.0623130602980876,-0.197970541359618
"GTGTTACAGTTACCGG-1_atac",-0.106522548475279,-0.000555304198040027,0.238932418199683,0.50066776774718,0.0410589918725442,-0.120414552558399,-0.404545625872738,0.028401257277891,0.149077196945626,-0.38549650065178,-0.0598066433082358,-0.282225208632447,0.00498126562093427,-0.491329803752933,-0.0689722362134731
"GTGTTCCTCGTGCTTC-1_atac",0.22391524713531,-0.108764276876133,-0.0375535062415737,-0.101427511033356,0.313953356769217,-0.301390457964542,-0.342716568678253,-0.407459165489417,0.0562895822861854,0.56033102527032,-0.217946534591741,-0.116306458771252,0.00670548224016323,0.164250337418586,0.219689680920003
"GTGTTCCTCTATCGCC-1_atac",0.206454020254835,0.831010241374334,-0.256663485959038,0.0350535884657158,0.0941431335749512,0.23041174650275,-0.0191467587062186,0.00725184513277619,0.168528356328548,-0.0666809811713558,0.0217271391088298,-0.223231576607782,-0.0847776924405761,-0.212180109793181,-0.0442934010576391
"GTTAACGGTCCGGTTC-1_atac",0.253782212840113,-0.181511891344051,-0.0890581793917584,0.00417963422321645,0.056946820965747,0.308851054216191,0.122407416175182,0.267082714118412,0.261209808684457,0.138445571301555,0.71047265486599,-0.224959501609788,-0.0113380230963752,-0.0885042738115729,-0.242926036007427
"GTTAAGCTCTTGCAAA-1_atac",0.492681617165934,-0.380952099809488,-0.222458547268716,0.0760808245697605,0.112087131912477,-0.0565777778263442,0.00603944649384193,0.0988015709036862,-0.103733267903517,-0.087940825204856,0.0548995433241712,-0.252694030523561,0.437392725194704,-0.47571740071405,-0.168284209906273
"GTTAATGTCATTATGG-1_atac",-0.301548518461451,0.0333863875761417,0.307642302537205,0.27532934548764,-0.0864554245940443,-0.0675538423882963,0.558497079285916,0.298103410767819,0.0533140699013941,0.228983521808876,-0.0427839907728634,-0.0274457424267886,-0.236791000108449,-0.12333991420852,-0.442197713781096
"GTTACAGGTCATAAGT-1_atac",0.0749840826453279,-0.217145672818613,-0.134086888800044,-0.0297526496711973,0.0415349830827302,0.291335181483705,0.00291270432948865,0.174887144766751,0.505288450025289,0.266488348362591,0.493630403860148,0.0974779924945029,-0.299099297273392,0.328848614982,0.18454835895116
"GTTACAGGTTGGTGAC-1_atac",-0.130712443193425,-0.0275706613481106,0.125784706465302,0.14779610838244,0.136183491106253,-0.165948287713799,0.707714810544665,-0.262510568288423,0.0680520294344372,-0.161789493069402,-0.244748267939156,-0.378038655987205,-0.263695607816095,-0.159362632140259,-0.00883877024623376
"GTTACTAAGCTTGCTC-1_atac",0.368069334356846,-0.193055709152609,-0.0875315822823052,-0.0733353291281677,0.0379627737837233,-0.0151517350650561,0.0842155592189818,-0.232989156450106,0.310483604457195,0.112513994447488,0.619550373389132,0.436620043003375,0.0611997038539983,-0.148891679492242,-0.204240849224137
"GTTACTCGTCAGTAAT-1_atac",-0.309023557572807,-0.0581305557536177,0.437958167990603,0.543172431328802,-0.205269136679405,0.136062427562372,0.0726657997623215,-0.0571130803885333,-0.281689048505085,-0.189129700057408,-0.066661695173345,-0.220714359679754,-0.211380217652027,-0.350404138608132,-0.0966901069479027
"GTTACTCGTTAGGACC-1_atac",-0.213716737854294,-0.000323725832019133,0.0525626965195481,-0.141011347113772,0.167895229660987,-0.309668470727615,0.693732507023139,0.301164412785157,0.0545679913622844,0.21469734146376,0.0113877764787403,-0.244126670974704,-0.288945843648022,-0.197533891634903,0.0657296234173457
"GTTCCCAGTAATCCCT-1_atac",-0.32410303112641,-0.183099584390356,-0.11259173563647,-0.109411299132689,-0.0113471769896325,0.40766622817992,0.136363297368891,-0.140606172323901,-0.186679680053428,0.250322863802434,-0.0259598011531096,0.40593496438238,0.12762925557126,0.366777925872843,0.467242185653062
"GTTCCCAGTCCAAGAC-1_atac",0.198742457942808,0.654603269840644,-0.343036302244089,-0.0318787773724176,0.0956808231147601,0.0790134574181934,-0.0337096030777871,0.0259789432780708,0.157839391719502,-0.137842682981085,-0.121596764773456,0.0748019141846469,0.232382391589714,-0.03784942416704,-0.525706677713468
"GTTCCTTCAAGCTAAA-1_atac",-0.363116401987032,0.101822369319631,0.172692725231803,0.0336733562847768,0.287205707977193,-0.140179675639865,0.500757313400071,-0.179409894014052,0.160013224882471,0.108840896171927,-0.257228239180522,-0.305094558472942,0.305750243584476,0.256616815622321,-0.292751982608279
"GTTCCTTCAATCATGT-1_atac",0.283239423603895,-0.127356583974137,-0.12658717932584,-0.00918256069383842,0.0479252873251839,-0.270263633961553,0.0295188046481931,-0.275626858329581,0.227303725354404,-0.197562419197577,0.371461554714434,0.215672589084849,0.289896466520165,-0.393537396114719,-0.470274831755175
"GTTCCTTCAGGCATCT-1_atac",-0.253347377077608,-0.0900419102402515,0.25137534015,0.341048127968159,-0.00442545507542671,-0.0618603493526845,-0.717994010327445,0.12374042495335,0.237186043990068,-0.171390385497157,-0.162786513583229,0.0776296515934713,0.0418929116948007,-0.305604814325076,0.0149592944059609
"GTTCTTAGTGTTGCTT-1_atac",0.337510843586894,-0.260160356640801,-0.267970595510065,0.0280248363054333,0.164791972638386,0.0702395180382468,0.185152997170229,-0.261848038311626,-0.105186909270826,-0.607920564759992,0.298972877203988,0.252009173652506,0.0999310990749737,-0.252751935262346,0.0589788684773403
"GTTCTTAGTTGTTGCT-1_atac",0.326290105357044,-0.115792493829264,-0.0301537784241811,-0.0527886992811349,0.25642790578524,-0.318157461340585,-0.0809781096713411,-0.594607210502005,-0.00129259719681594,0.492010570995386,-0.309034179910564,-0.0582274220831428,-0.0175676626557005,-0.0412294986658783,-0.0797446810091094
"GTTCTTGTCATTTAGG-1_atac",-0.31852439134683,-0.131745576348929,-0.160764882923836,0.0366892381867216,-0.0796270401853673,0.17957347743298,0.176427217048986,0.182002762304818,-0.20908006368144,0.166663569645566,0.520057321233895,0.309422297268209,0.0952346397769914,0.551199412139846,0.0239118646822211
"GTTGCCCGTTTACCGT-1_atac",-0.147280606238026,-0.0325665309321483,0.122841289766679,0.0656674795668198,0.104652923160086,-0.168304665794501,0.353383068369641,-0.25173004461442,0.203966873983301,-0.00432533404242839,-0.237987957485489,-0.219230612918421,-0.0412607805485952,-0.537498912606662,0.541655133556687
"GTTGCTGAGCTCAAAC-1_atac",-0.129536074184336,-0.0302034339130941,0.122443132518427,-0.0150743322621014,0.211030410908052,-0.165988797592188,0.779420863669379,-0.0863017222395333,0.212010791939556,-0.193412477742049,-0.15290851704494,-0.0396587786238474,-0.254964031668772,-0.277904324465319,0.17466925853924
"GTTGGCCAGGGTGGAT-1_atac",-0.287013699597052,-0.0419036255670484,0.109370494200265,-0.232684467185313,-0.0191937561973869,-0.433851018668398,0.583585259713307,-0.047294442625694,0.278975133465805,0.267449352541035,0.0458481488263932,-0.0543629649593407,-0.127622120982729,-0.353717107412908,-0.150142485609462
"GTTGGCGGTGCTGTAA-1_atac",0.467839607865917,-0.169377978790846,-0.10424430540276,0.0436792702690101,0.101113708698046,0.222123538061546,-0.0314766696809042,0.342364109443172,-0.532960867847869,-0.0900575118784514,-0.239613175999396,0.0102260719133449,-0.0606301273810205,-0.259799206993005,-0.375562652926471
"GTTGTTGCACATTAAC-1_atac",0.224199997686483,0.658781070315336,-0.230963301823167,0.0982476722737251,-0.0593663723391713,0.121558048594699,-0.0136319279451794,0.10933775160488,-0.0839103830508632,-0.0911226144092469,-0.198587370116022,-0.117471588831634,0.0503158275352049,-0.143589027043329,-0.574955319678296
"GTTGTTGCACGAACAG-1_atac",-0.142408916362338,-0.0641710281366721,0.357987078015139,0.368650786980139,0.0435959737440171,-0.155958839767083,0.456555128773164,-0.0940429942400912,0.16982096404378,-0.225129776419277,-0.159055892922537,-0.420136450961783,-0.182844701188576,-0.164225888957253,-0.355379898140774
"GTTTAACCAGTCTATG-1_atac",0.126540061556844,0.157601794575946,0.0239673909672914,0.0793454263898365,-0.381929815144297,-0.427226573617749,0.105409387574715,0.504333839866276,-0.349638405693981,0.410598895467733,0.13369285052964,-0.0356500272145288,-0.0405860913726157,-0.16185019020084,-0.143515084310909
"GTTTAACCATCATGGC-1_atac",-0.147910247033644,-0.0365961288113081,0.242298502853135,0.373207280235013,-0.0706716639119959,0.0766100328113555,-0.452338694287051,0.102089877285055,0.0523444295602261,-0.293050664536449,-0.306708733292167,-0.0938889741408687,-0.102060356401213,-0.571459939079143,0.156230691341735
"GTTTACCGTTTAAAGC-1_atac",-0.130813725544411,-0.032502840175781,0.308703852094093,0.390013379350559,-0.198548360678366,-0.126672303563173,-0.495518250921089,0.0562371397137295,0.234382268860971,-0.11722498860953,-0.125054453881079,-0.134655485004144,-0.230424591306747,-0.519985106330562,0.0657806069428898
"GTTTATCTCGCTCCAT-1_atac",-0.174620605273319,-0.00200996138814881,0.156473486839883,0.185701070325439,0.0677526252348176,-0.141663904427433,0.691279398070114,-0.221047402762596,0.189424178289867,-0.0585787613477079,-0.140460644470954,-0.323308912964811,-0.0801413533650255,-0.210404055760846,0.380635238132194
"GTTTGCTGTATCTGGA-1_atac",0.246100707087397,-0.0736230241723218,-0.101792412201357,-0.0707869914298279,0.0275945826915758,-0.264532450241911,-0.249627416347206,-0.524112200829657,0.205060353738022,0.332746141880337,0.153547414271058,-0.0612173063366666,-0.046197840365657,-0.499298346050486,-0.281723419705726
"GTTTGCTGTTGCAATG-1_atac",-0.240118865929846,-0.0311439079670588,0.381137860387468,0.42947491539196,-0.107361708790237,0.115762042298773,-0.350418153663009,-0.0447323040092584,0.328301129717116,-0.0370808264123139,-0.368065677820615,-0.148232572590925,-0.096251424681955,-0.239392246614392,-0.358834397096357
"GTTTGTAAGGCCAATT-1_atac",0.382773109303224,-0.2432093047549,-0.0644813624589877,-0.0232560356483538,0.307340098665669,0.222838163581763,0.0265731535582177,0.242379601975895,0.541573358488279,-0.107514286762379,0.45149695924727,0.0280402300024672,-0.120622993641075,-0.214081882214545,-0.127235066542689
"GTTTGTCGTTGAGGTC-1_atac",0.199002240659631,0.14156867451618,0.0277217181680005,0.0689548241781362,-0.470711636238067,-0.476349076769627,0.0935205249408693,0.479935950105839,-0.232369920798541,0.341795486033085,0.211606064583901,-0.00867371939937764,-0.0812802254116501,-0.150066722618419,-0.0497179477887974
"TAAAGCCTCAATGAGG-1_atac",-0.23586842259832,-0.0504536096783063,0.192231401878315,0.317255158146059,0.0531903828130266,-0.0715567207440938,-0.256303261392053,0.139803726317164,0.324476890585929,-0.209840920666636,0.0207983587059123,0.150171311092812,-0.171683242885805,-0.484195294571097,0.524221394422154
"TAACCGGTCATTAGTG-1_atac",0.266166804784264,-0.323482879007403,-0.258757032686415,-0.0202310112578838,0.513829398058112,0.527052051839183,-0.0171635225954519,0.237770096825103,-0.0593481125034137,0.17371002721681,-0.292976847462737,0.140918474367942,-0.101905239421263,-0.0300716961927105,0.0885213862062619
"TAACCTAAGGATCACT-1_atac",0.324576339354164,0.0752574886049376,-0.0290452054398499,-0.0364278882584194,-0.344687275210844,-0.607896154236112,-0.115299960810747,-0.147533206958939,0.0778384895964238,0.0125334998921837,-0.0453412045734313,0.0568560592482454,0.569708946993768,-0.0526873444020653,0.156716684689082
"TAACCTAAGTAGCGGG-1_atac",0.523733648293978,-0.363347721506675,-0.307657266820087,0.186137916481251,0.0681103826938577,-0.260257495396567,0.120956653350556,-0.218180344102978,-0.276630035773792,-0.0627909038775436,-0.111912870724785,0.384529140804199,0.200428479765265,-0.122830484736772,0.183472313750085
"TAAGCCAGTAAGCACC-1_atac",0.377245323091224,-0.355948549820036,-0.307543556720424,-0.171692071049051,0.247108753138689,0.208662845508767,-0.00627465373114074,0.287618835168968,0.0886287121547372,-0.172088160795049,0.119702274168481,0.179777943125244,0.0364244363873982,0.437074708532158,-0.378258294772749
"TAAGCCAGTACAAAGA-1_atac",0.383305492331891,-0.254993762843156,-0.142534683550567,-0.0791539174865801,0.143542472585611,0.324991717536624,-0.110594670243832,0.581188483337072,0.0431549133966551,-0.260887082268713,0.209190568932134,0.0919204502188961,-0.304394676843722,0.0973859681822827,-0.246908250174906
"TAAGCCTAGACAGGCG-1_atac",-0.176984748285783,-0.0120964296806363,0.0401804450626924,-0.232326076057378,0.154865945391434,-0.157440410415935,0.625274110193982,-0.0976587975858605,0.121819163984566,-0.0859960738810186,-0.0991246294299032,-0.306781408092273,-0.185632004329576,-0.461887206285124,0.299482075714054
"TAAGCTGGTTAATGCG-1_atac",-0.21123221473609,-0.0497671027129982,0.201671654554169,0.342808366500469,-0.149373517531895,-0.0234345380998584,-0.408944373725687,0.0360037651723522,-0.12067838712131,-0.232630831053994,-0.0694165310834676,0.209678734065755,0.0507127082274382,-0.615813600306682,-0.322582369708927
"TAAGCTGGTTATCGAG-1_atac",-0.00116364957223192,-0.143189438476107,-0.23345417871759,-0.106578002044976,0.293379827085046,-0.106993762025917,-0.337918066189233,-0.5358591602204,-0.213594109632631,0.377377678220139,-0.0161118453979786,-0.152930022088122,-0.153995830805757,0.413813995424524,0.0902351473901935
"TAAGGACCACCTGGTG-1_atac",0.33448162907444,-0.146161384104549,-0.117402403541399,-0.0732312229446482,0.168268591144529,-0.258134307156866,-0.151421211076596,-0.49107237415674,0.427075654803532,0.0859134020687889,0.431203613480697,0.0619836104510663,0.287664318109552,-0.0645613330932507,-0.148702645059376
"TAAGGACCATAGCGGA-1_atac",0.314161333812561,-0.214026078187283,-0.212585177073607,0.0204438395557002,0.182640688930945,0.0514323013964106,-0.0503131093616637,-0.501351586529004,0.0114158013217136,0.211114980343564,0.052232236932939,0.0910232115117708,0.522444131764003,0.0471705081982382,-0.434869113900101
"TAAGGCTTCACGCATG-1_atac",0.369736981784011,-0.0683118469989873,-0.0758439498022129,0.0644666709711921,-0.175884780562722,-0.500942020379092,0.0625988553255383,-0.256094627271645,0.0348451336058221,-0.627097551899364,0.00956351646647427,0.0730554382447552,-0.073207028601793,0.297060249380471,0.0619695023004274
"TAAGGCTTCAGGGCCT-1_atac",0.11689366886709,-0.00529033961582405,0.105209351166308,0.0663388023333354,-0.680135295197173,0.470676005426217,0.238808006791098,-0.427393019358061,0.0742228191488786,0.146477354260972,0.00369165120811361,0.0756605819889787,-0.103233724980392,-0.0604465679703534,-0.00320555069292198
"TAAGGCTTCATAATCG-1_atac",0.445423937724439,-0.271213529233142,-0.160785716839126,0.0861664492808502,0.129332299461404,0.129430907436365,0.216053798258649,0.532475108833654,-0.0137966662582228,-0.233670647837314,0.224866469887139,0.225441121668928,-0.0409669549366636,-0.364886630705597,-0.200185793314053
"TAAGGCTTCGGCTATG-1_atac",0.649291530757885,-0.238957632003348,-0.243346444540688,0.05213288017748,0.0730347246453376,-0.175733969528497,0.054096518436095,-0.13728160565842,0.193155038833469,-0.314227838141365,0.0316085393874312,0.222631754646687,0.0526435923222167,-0.376874606127674,-0.264532492394443
"TAATCCGCAAACGCGA-1_atac",0.264489514324829,-0.149838688568092,-0.178682917434553,-0.0810212665655688,0.183007850148922,0.176992355684809,-0.0560734053152029,0.0764594724104695,-0.553950425962895,-0.231915086641454,-0.105115423127598,0.196631097060291,-0.0442145039949564,-0.223153888394847,-0.577219097131762
"TAATGCATCCGCAACA-1_atac",0.355674273459231,-0.205659675906468,-0.192680029878374,0.0558157094666289,0.253273817663554,0.410157332636435,0.454453053916442,-0.108894033669812,-0.217743197031262,-0.482346761619799,-0.00304756487261252,0.117216707198852,0.119975106439858,0.172437177242784,-0.0474196151241303
"TAATGCATCCGCCTAT-1_atac",-0.26632742529835,0.00473425049773029,0.0175862872194514,-0.777217601970687,-0.177675894108433,-0.117675161642518,0.12125785101716,0.0163689036863135,-0.148153349463847,-0.148836738512617,-0.0962095086375373,-0.366856443678227,-0.122491258385901,-0.180013452586278,-0.170095783713163
"TAATGGACATAGGCGA-1_atac",0.36432491603467,-0.0895416064289538,-0.0345293505542255,-0.0249231898922415,-0.081244299138118,-0.277507352788613,-0.0341250599591324,0.102980748914659,0.307199129512037,-0.327609107101891,0.635631022002566,0.13910157215082,-0.0565815537152402,-0.36198209756056,-0.0524223860659213
"TAATGGTGTAGCAGCT-1_atac",-0.353539069959354,0.0272233064147524,0.00679412738093865,-0.530905782783942,-0.277302591928415,-0.0312238319631141,-0.137410772231552,0.0353747201606486,0.21800864180341,-0.333646849208492,0.228089651050003,0.154692354876107,-0.235566331837453,0.448042496161725,-0.0576279827193412
"TAATGGTGTGTGTCCC-1_atac",0.328733842422416,-0.00770652360955322,0.0105539365937319,0.0232603839689175,-0.304316635592916,-0.411665950957638,-0.144075668385301,-0.0790222882586967,-0.376663305379805,-0.636868080994568,-0.137398957623527,0.0654546020889619,0.0512709448084975,0.122177900422377,0.118098786310902
"TAATTGCCAAATGCCC-1_atac",0.0952510938925117,0.35916671672611,-0.0207113424202233,0.00618602624245549,-0.11489893063249,0.254421939572922,-0.115652123326959,0.00405964999277581,0.255773683459343,0.306087893292085,-0.157079447413725,-0.131264097818244,-0.153961009617577,-0.239451437211951,0.698627164578355
"TAATTGCCACCTGCTC-1_atac",-0.256295159867302,-0.00692915257201179,0.181778839026856,0.0638054413503646,0.155888522236863,-0.273220108706924,0.530408006475875,-0.218273540190319,0.0327182624916949,0.278833374020233,0.0494963634743604,-0.357245956246914,0.0548943307314207,0.103049906585129,-0.496686900519658
"TACAATGTCATCAGTA-1_atac",-0.0567173692880417,-0.000441528659663081,0.235378091380017,0.0179477183882254,0.0362124701070651,-0.282200979266217,0.560193996978585,-0.0228644990931848,0.349513550243855,-0.255741512329633,-0.14217628248891,-0.284319689572593,0.0962724459551753,-0.287472521830697,-0.406503486510419
"TACAATGTCGAAGTAG-1_atac",0.379088985739178,-0.151581588935308,-0.0818149576812661,0.0462635140500054,0.150406626408092,0.18136126077316,-0.0983139679764246,0.149040545007466,-0.197027726151857,0.114709120739362,-0.68090721471067,-0.23287404402653,0.100942027364893,0.283362491047796,-0.277057981876234
"TACAGCTAGCTCCTTA-1_atac",-0.163067708654482,-0.0190113618800722,0.09003837045048,-0.0313195580727188,0.258137096626744,-0.164699409505863,0.709019807671692,-0.109264933051735,0.11444425438204,-0.0956397279897064,-0.280632424662804,-0.177404293520078,-0.261563782929242,-0.254593564150666,0.299743751762472
"TACATCAAGGGCTTAT-1_atac",-0.18667757755034,-0.0261552061885676,0.230362129790861,0.381700646334118,-0.0471884102333828,0.0965520494864297,-0.315229966487648,0.138774171440197,0.0397451213139637,0.1604410503232,-0.199372347695198,0.0353742789451357,0.404882253565011,0.0350955052973603,-0.634070212631842
"TACCGAAGTTGCCTCA-1_atac",-0.0930271746474651,7.92879304066024e-05,-0.0834270738306163,0.027022604226351,0.0792323257359357,-0.0279068291343188,-0.0589967721432297,0.473840536481995,-0.374953273370782,0.381346758699412,0.169214141708161,0.345341778106087,0.135641686162993,0.372417496181567,-0.396976673727683
"TACCGAAGTTGGGTTA-1_atac",-0.350352648628767,0.0493199212239644,0.204709878168761,0.416234690998754,-0.387772133311806,-0.154723647388933,-0.528940691384238,0.25882308932023,0.0941635716628466,-0.0763280262552753,-0.0188126898905027,-0.182454407960485,0.268904717793188,-0.00429422023964046,-0.13388193333078
"TACCGCAAGACTCGCA-1_atac",-0.0782416688234743,-0.0460083061141896,0.125781228595698,-0.125116503550281,0.107532638459765,-0.336554561154917,0.596262338698938,-0.186783696700528,0.173923055069399,-0.0909228553099596,-0.382800990494191,-0.212374971314046,-0.232178227927461,-0.279166247565659,0.28816802122824
"TACCGCAAGGCGAAAC-1_atac",-0.266724338157868,0.0637790754720586,0.254982386022349,0.358448335827634,-0.0321442915764572,0.145357468785394,-0.25913721985501,-0.101912402957981,-0.0754471656856376,-0.0738508720103815,0.0547155017189794,-0.312188417352835,0.0578916567582636,0.0925774333328299,-0.712786924174676
"TACCTCATCCGCAACA-1_atac",-0.218548904504264,-0.0469884492739034,0.377441468369319,0.568513318871804,-0.109347134635706,0.0632368860735706,-0.334556176150762,0.135698508517818,0.234792812745107,-0.139306818208108,-0.402647004465443,-0.0311368217696085,0.21246320662045,-0.0357167333964208,-0.23241540560946
"TACCTTAGTTCAAGCA-1_atac",-0.306050927083476,-0.00866818926890386,0.18753042235213,0.437074377860065,0.103219628807547,0.0930287623045309,0.047704843290664,-0.316443343427653,0.190024265503148,-0.0688906326862823,-0.0904629033140862,-0.0194109159277201,0.152029230588096,-0.106932262076192,-0.6887469640337
"TACCTTAGTTGCGGAT-1_atac",0.30553048518868,-0.126067028899187,-0.0410720914600001,-0.0713800621007602,0.0720983850276584,0.171815596643164,-0.0736689675980351,-0.130868882571093,-0.529165306588478,-0.258679849521889,-0.576927619908243,0.126225826282419,0.0425365990414117,-0.263396131128274,0.244554965327056
"TACCTTTAGGACAACA-1_atac",-0.22911948337029,0.0184886876134506,0.0158234866910026,-0.767593952978599,-0.32424790863518,0.16615558569689,-0.326442590902379,0.074544640830966,-0.0265421123435058,-0.236125324120284,0.106161997724232,0.0485608787639067,-0.0882624163390224,0.0177413915245486,0.186151351348664
"TACCTTTAGGCTGTGC-1_atac",0.170476872711085,0.525138449900706,-0.236940159965969,-0.0971784684347109,0.0819651295643272,0.0728857925854915,0.074507790943719,-0.0299618138246961,0.136512283708793,-0.42976569952125,-0.189482688152523,-0.0866083147194776,-0.0191922384427419,0.091419776558142,-0.596354291349873
"TACCTTTAGGTGAAAT-1_atac",-0.346316680903746,0.020240630182371,0.18443924410404,-0.0408667653632453,0.178607483552397,-0.138479574623613,0.682690593213021,-0.286497918949368,-0.04187820269788,-0.0323714920677933,0.150865558025584,-0.228215534296005,0.166651949511632,0.325383959469158,-0.18289444863049
"TACCTTTAGGTGTCCA-1_atac",0.201544925207247,-0.238972917904111,-0.245087368703811,-0.0509644180809009,0.0455449824918443,0.0282844642123266,0.179701159577999,-0.0584204721915639,-0.369009341585673,-0.695794638496066,0.12490410948824,0.304290006937941,-0.139406759607203,-0.149675024305107,0.175209038581841
"TACCTTTAGTCTTGAA-1_atac",-0.311972330653838,0.0824965416133946,0.294505164243707,0.225998633165288,0.107452396119259,0.144455135313606,0.67627972798706,-0.127905481281815,-0.0922628900824751,0.150220931045286,-0.0480592211428841,0.0740433021959767,-0.297735083616174,0.0254653716714735,-0.351803911111429
"TACGCACCATGTTTGG-1_atac",-0.108439831582028,0.0245564155854342,0.310573386909701,0.346722189124678,0.107410724375325,-0.236205589620442,0.650716021819422,-0.0116882757674354,0.206002176185652,-0.0428390987332814,-0.266271914420877,0.139155533064054,0.179980577178778,-0.21291613648194,-0.260392415537005
"TACGGTTAGCTTAACA-1_atac",-0.187653211971397,-0.0760626652456521,0.288850299022635,0.431740090161431,-0.0568251854499464,0.145377510981903,-0.408475800455849,0.122217739926463,0.0239649795825339,-0.3843888061544,-0.429793489348579,0.0807337480753847,-0.103527682418451,-0.350434665036866,-0.0996065900863372
"TACGTACAGTTAGTGC-1_atac",0.251886124676475,-0.169034668644859,-0.110944355125696,-0.00506218518302396,0.194124797779683,0.252241849202809,0.0433536652725337,-0.245032842378051,0.396384596064611,0.0549111420550981,0.543386425609017,-0.395128246390807,-0.091126943306781,0.28945667529443,0.169690768104106
"TACTAAGTCCAATAGC-1_atac",-0.369881291005501,-0.140566773103919,-0.189525657921986,-0.0459350073545285,0.0720675445398447,0.217790147775178,-0.0198361767130557,-0.129008633970145,-0.566520743792018,0.00461009943773774,0.125103152278902,0.336237762533046,0.278738143857596,-0.000582301666778298,0.456472235978509
"TACTCGCTCCTCCATA-1_atac",-0.601233040459158,-0.0422520334305507,-0.0436135897606506,0.0297150540688112,0.0480475889989598,-0.00143696729907853,-0.0140193680906406,0.0859818657598729,-0.304077250216068,0.310153189628175,0.0830420567727621,0.364449364441936,0.160539143857793,0.515154619529056,0.0671863912772477
"TACTGAGGTTAATGCG-1_atac",-0.0633532099391494,-0.0436005414760326,0.0795669852702241,0.0488180256921569,0.202104917546287,-0.152029660687534,0.554229407768345,-0.0424134170162472,-0.121243099945416,-0.422846956665361,-0.312334419932786,-0.369001755261741,-0.125865129212012,-0.380844411494991,0.156024642821186
"TACTGCACAGCAACCT-1_atac",0.291363466644572,-0.130368224350533,-0.057592670553545,0.0376072856514092,-0.28422633251169,0.340611997233392,0.0131090892240924,-0.00115070759416151,0.188069917107754,-0.00438934111138023,0.331528499982377,-0.398997359917628,0.42117187243063,-0.355656961955268,0.296696308329386
"TACTGGCCAGCTTAAT-1_atac",0.39222422652825,-0.196612132419335,-0.0446589664711494,0.0382911725354652,0.118654150226949,0.0475615013924307,0.165067337607352,0.345842942403985,-0.592872648918686,-0.00416097161033297,0.170569472225983,0.222013588586089,0.28674029985533,-0.358619827140116,-0.0109666732039074
"TACTTGTTCCGCCTAT-1_atac",-0.442207174270312,0.0328732033754127,-0.0308136221839591,-0.803126934185425,0.0299631867625025,0.00948347552630401,-0.096276313016034,0.07759304773289,-0.121849233941692,-0.0797656318176481,0.0176479427988162,0.00764121961449829,0.189392303149698,-0.1599873778602,-0.241012949659275
"TAGCAGGCAAGGTACG-1_atac",0.41413143456342,-0.309858822617328,-0.254664753374697,0.0659638053664017,0.255887177615233,0.0300803691740219,-0.182633420190678,0.00246927675243955,-0.450972322126395,-0.346370355377657,0.0931069744556384,0.0183600814054983,-0.00839655768516184,-0.388441829098807,0.283233381652784
"TAGCAGGCAAGTTATC-1_atac",0.267914210419767,-0.237880386094033,-0.108890974610852,-0.0611491219300652,0.252463578687772,0.413191733671277,0.110807054833678,0.322227998437128,-0.111875663437522,-0.20907537003103,0.129934430148226,-0.0919495228072359,-0.622467045313758,-0.0643867378385686,0.179685460652248
"TAGCAGGCATAATCAC-1_atac",-0.236043417517121,-0.00513327358988125,0.0853286769089805,0.0865456393821938,-0.0159895780708896,-0.229318299822795,0.249033638505067,0.329100602803689,0.446843445602435,-0.431763769574073,-0.493290329377715,-0.0264571969948133,0.0649461110775084,-0.26544629480841,0.0389157029999686
"TAGCATATCCGGTATG-1_atac",0.269704331673382,-0.15972329208253,-0.0421076200766905,-0.075210818870831,0.0480525103787113,0.29363211830095,0.030285366555875,0.439367743919312,0.0862509383481626,0.0576033458794336,-0.422629145281673,-0.0433009974483671,-0.247991383023942,0.360040943949671,-0.479010745187556
"TAGCCTCTCGTAACGT-1_atac",-0.154154393892519,0.00427545798976478,0.223229240876578,0.427438408000156,-0.00997726817350593,-0.0289304753422764,0.177116376997243,-0.0705823423921681,-0.102632547991347,-0.183643856070651,0.0192716027854663,-0.375701865864624,0.332248178537523,-0.342456542231228,-0.541246277048065
"TAGCCTTGTCATAACG-1_atac",0.443467220609613,-0.271755843601374,-0.220408309563452,0.101355650202732,0.328942080149597,0.20769240821179,0.0191015257850773,0.00585915946647079,-0.416351556300268,-0.281332029391533,0.22747560968475,0.300894759436235,-0.246203826725318,-0.0436330459762632,-0.248183929684249
"TAGCGCGGTACGCGCA-1_atac",-0.241538977163175,0.000569801594366899,0.0789736200557557,0.0454236954871015,0.244378509481509,-0.062469668551081,0.722807839368429,-0.177296622212976,0.128138241640699,0.0679719284195897,-0.154589803225759,0.00210433269352845,0.152979295461898,-0.153859892985712,-0.473109198561934
"TAGCGCGGTTGCCTCA-1_atac",-0.241113866598474,0.0014591827021429,0.00187262173766441,-0.613394635345172,0.0273913105861103,0.0919735653120114,0.102616341626987,-0.0719243458804153,0.180500240153057,-0.31280212556012,0.0160914862325809,0.0720581517498089,0.451636252401031,0.24887088510573,-0.372698271363226
"TAGCGGACAGGACCTT-1_atac",0.328380744288066,-0.232470356408262,-0.13416402716849,0.0231333529751923,0.210695952641779,-0.361102122437873,0.11043218968621,-0.403112178088912,0.349910345689337,0.140675709136995,0.198581516210509,0.205683740010562,0.312110904500002,-0.343332384817483,0.175637667417766
"TAGCGGCTCCGCCAAA-1_atac",0.360612137899033,-0.161666382479478,-0.0517548935733955,0.0323499033053983,-0.171631913859575,-0.222756634660137,0.0643957882307455,-0.144675418077083,0.375900184239894,-0.546302075507304,0.478043952153401,0.113629769831084,-0.220443395166591,-0.0752199141891335,0.0224494606772913
"TAGCGGCTCTCCATGC-1_atac",0.497119560885444,-0.185824229313265,-0.320491483295987,0.016334363204376,0.157208927575827,-0.116319018298006,-0.170902842014355,0.14052527023617,0.213019919706921,-0.177604683244626,-0.0772027462867435,0.355527973847815,0.422963337834856,-0.369468915631648,0.0589357539394434
"TAGCTAATCACGTTAA-1_atac",-0.400483567977524,-0.039510529702688,0.221688902911127,0.458457348830845,-0.324198807596703,-0.104981180196378,-0.379995492668613,-0.0390387366753244,0.1346153027284,-0.35999103634721,-0.251465047197181,0.204237380576481,-0.0118100130762759,0.0934314431458739,-0.234829496564298
"TAGCTAATCATGCGTG-1_atac",-0.261145741422002,-0.0423860880388625,0.0399217659208346,-0.786102817450318,-0.337648250355248,0.103637303270734,-0.273733670512854,0.073242131734119,0.0597619810702353,-0.110894705224102,-0.0474105158203387,0.0195286266290458,0.210688289611076,0.1114908448431,-0.173480120734755
"TAGCTAATCTCCATAT-1_atac",0.261949267090982,-0.0958924598145976,-0.0752605177058725,0.0231424376309977,-0.0845422269161367,-0.364724224601394,0.0163890037318751,-0.0272981223683385,0.504989567778767,-0.234764049017099,0.35052343345303,-0.152382233435811,0.129133441691079,0.391940721059958,0.385089528907625
"TAGCTAGGTTGCAATG-1_atac",0.230661708268064,-0.176265112340392,-0.191018715047839,-0.0557226089159478,0.212469780000058,-0.10314066802785,-0.37644632442606,-0.715747405901511,-0.227808828207888,0.214362945753633,0.0989448174249507,-0.000392488069502816,-0.066312790888451,0.0937851282815651,-0.213338783718411
"TAGCTTAAGGCGCTAC-1_atac",-0.312858829463193,-0.0830034010040867,0.19243886201609,0.372122985130037,-0.168245619962649,0.222482233842891,-0.590691006493299,-0.0581758655746643,0.237571225701011,0.0886114488642436,-0.4564829825693,0.0847490111400944,-0.044723820887986,-0.0880329818314095,-0.00388800878771344
"TAGCTTGCATCAATCG-1_atac",-0.53212246547161,0.0171844701122181,-0.0140011106223715,-0.00657364560942446,0.0662700633878348,-0.0552528923447185,0.537063597012408,-0.0451383991817974,-0.34125033578658,0.458321315088514,0.124206811863649,0.207542891633039,0.0643512301560291,0.157808437674292,0.0658449598540673
"TAGGAGGGTTACAACG-1_atac",-0.534731131251155,-0.00910342973690969,0.0664894614306188,0.222851137732225,0.0191694706576604,0.0796633200566822,0.181841296594019,-0.192351204823747,-0.145288919961547,0.599949739176575,0.219564891564723,0.288469203356115,0.192535685473515,0.170077246519179,-0.0681855395039168
"TAGGAGGGTTATCGAG-1_atac",-0.114067156359156,-0.052449537535146,0.273023206256979,0.293676600883877,-0.141292058845581,0.0118373976696818,-0.46981575989927,-0.139256495117081,0.375913553923176,-0.32142229582694,-0.200810296507176,-0.0154156834024881,-0.259402454259879,-0.419179050856133,-0.187192154012728
"TAGGAGTCATCGCTCC-1_atac",-0.34593965405978,0.0340488181937284,0.0203751885864482,0.067106160165557,0.191412422140007,0.043817577749673,0.524548471551721,-0.116702004007893,-0.137736318536305,0.369200895709037,0.188748812436001,-0.177536993153057,0.212965684347558,0.181744473804434,-0.496092095313218
"TAGGAGTCATTGTGGC-1_atac",-0.303430895822154,-0.134653021447009,-0.148781980512782,-0.0600916354569972,0.0159940062758879,0.0793709234596322,-0.198700819904041,0.177037640581183,-0.33607306666128,0.294645835687435,0.221471441129595,0.024686513405197,0.472597217443024,0.55920543203304,0.0345273254762128
"TAGGCTGTCAATGAGG-1_atac",0.114070669794815,-0.140399146445049,-0.131305676473504,-0.0516886466079663,0.173788524217097,-0.0893430344838989,-0.401467064040814,-0.443127372215056,-0.244449675784521,0.435739597157805,-0.434508149682588,-0.0654847985546497,-0.265269634542819,0.0838225124414537,0.177584741811917
"TAGGCTGTCAATTGGC-1_atac",-0.335090197513282,-0.0609467392842259,-0.0654011940854449,-0.39795626488186,0.141455264592711,-0.0443453284867662,0.344728497054834,0.128558932867213,-0.30372702512952,0.0350398899672968,0.056061433930511,-0.114386802463029,-0.059321844407776,-0.655935556391127,0.143306153448782
"TAGGCTGTCGAGCTAT-1_atac",0.137374555012523,-0.104975880437101,-0.130662415019205,0.0078560572119878,0.058821163004234,-0.0378622874190267,0.164848051164243,0.0105019875353534,-0.163682670551973,-0.237796244113947,0.448990751987089,0.187502383611981,-0.27827229076071,0.646816635744064,0.323881336947763
"TAGGCTTAGGAAACTG-1_atac",-0.254424565451181,-0.0318263125966028,0.0272657857891509,-0.724152932618582,-0.20710498110304,-0.0160367132688304,-0.242115157867889,0.00157346957659739,0.223333473441546,0.0676699473700715,0.0486770645337509,-0.0863805407445162,-0.0200334411248633,-0.0646842972054961,-0.48833282190007
"TAGGGTTTCGCATCCT-1_atac",-0.625273790816175,-0.00972683992974359,-0.0154126757743219,-0.0886703702560231,-0.0433918851283659,0.142419144527343,-0.063968180851762,-0.0201570873862526,-0.180227197336808,0.28339374825388,0.216635024657693,0.346239568298743,0.00655838214429306,0.454617448176521,0.296390480405372
"TAGGTTATCTTGAGCG-1_atac",-0.163165928037854,0.0326584457946867,0.0928583658340758,0.0691599585351321,-0.0219313818698664,-0.0242698554225289,0.0840167830763664,-0.1556158219749,-0.190041125463656,-0.461710457501818,-0.0113086922441253,-0.195624639232586,-0.303723917762986,-0.73886007815674,0.0266067538648209
"TAGTAACGTTGTTGTC-1_atac",-0.249522839944551,0.00911430458144525,0.257318899039708,0.570436153565946,-0.157152506461565,0.227134961708539,-0.198533177412785,-0.0257961627089256,0.102071701138584,-0.0879692222190357,0.204647297970665,-0.216647778922191,0.207927909397045,-0.0118565752061295,-0.528515097463324
"TAGTAAGCATCCCGCT-1_atac",-0.119853474404981,0.00570347556818694,0.0747978108072677,-0.367430047960595,-0.0368444031888948,-0.211948777673715,0.171215120721832,0.156378694994422,0.235190583854275,0.0747510551173144,-0.321419328843188,0.0702128836512614,-0.40876320956282,-0.496240561596149,0.40307534376724
"TAGTACGGTGGATTGC-1_atac",-0.495317727380416,0.0416739598562466,0.0548898104178685,0.0742018460582986,0.210772019497802,-0.0213005601691022,0.371339362782263,-0.102016091997079,-0.221317714310245,0.296635717973585,0.164098127027222,-0.442101388574367,0.209573738543251,0.255634674744425,-0.287401652021547
"TAGTACGGTTAAGCCA-1_atac",-0.070555216508276,0.0630426433889438,0.041838242460532,-0.190638829966897,0.135219431968442,-0.284053135286974,0.649409232733016,0.0281434165851732,-0.0380339083864161,0.122180591040257,-0.235849425955415,-0.246749342239344,-0.130435986586121,-0.516097157965542,0.123306183626484
"TAGTCAATCGTTCACC-1_atac",0.452247341198577,-0.166171436116218,0.00766931277283237,0.0633347821068043,-0.0554240348590927,0.142134215437556,-0.0551485557839002,0.560767309975381,0.245439685812357,-0.0385032062134211,-0.194405581419324,-0.485489290607093,0.210811421388478,0.189313331761491,0.0866976044811451
"TAGTGGCGTGTCCAGG-1_atac",-0.11968904485483,0.000234376869124259,0.0671562733040776,-0.76285193529922,-0.250837939620464,0.0917789223907518,-0.448933848963752,0.0514987064436806,0.123617950611282,-0.109203037570373,-0.269039263745246,0.0327788564848795,0.0485421433400775,-0.143539544366102,-0.00783944146538191
"TAGTGTGGTCGACTCC-1_atac",-0.271419509045148,-0.0263662245230007,0.162384916601248,0.181449380339176,-0.192435821634047,-0.058495196931841,-0.456778684087806,0.199950325269295,0.0353385338117535,-0.0299198664815535,0.03190359069371,0.097457784119822,-0.366205926463345,-0.512587873229036,0.409573465570462
"TAGTTGTCACCGGTAT-1_atac",0.206607644044259,-0.108208778422399,-0.0705233874668738,-0.0327435933512102,-0.345581548843954,-0.116266621357292,0.100559108730957,-0.224527487499302,-0.114443109564054,-0.807268859519897,-0.00321268359227599,0.143905951394704,-0.00199161060920552,0.243043311994934,-0.0389318686491149
"TAGTTTGAGCACAGAA-1_atac",-0.293435406844167,-0.0446543105571812,0.280974431519161,0.456717732277083,-0.178502698434119,0.160084436873395,-0.433872013598539,0.106062096457141,0.0550281228958115,0.458584786446072,0.153289215332228,-0.159846460973538,-0.286728909302826,-0.0146803535171024,-0.150246624412062
"TATAACCCACTTACAG-1_atac",-0.278424215487636,-0.00170977000713259,-0.0199022051075301,-0.619444742928849,0.0707279388206435,-0.253654236366397,0.36921661702947,0.117056001470341,0.212010320220485,-0.183168625303523,-0.237860026013289,-0.20077599382767,0.25229929376701,-0.230057216620214,-0.164421548090451
"TATAGCCAGCTTAGTA-1_atac",-0.175475804653436,0.0130546003934367,0.231347560628498,0.42919727992602,-0.219953988522427,0.039298850209388,-0.223855347313821,0.0694165217605662,0.517497457408473,-0.254378814610982,-0.216319970379284,0.116538799238558,-0.0728945871491479,-0.39609234832415,0.267135178289099
"TATATCCTCATTAGCA-1_atac",0.271015818281045,-0.232026306945234,-0.104334469894634,-0.054918790726586,0.0143962495239803,0.28870775317788,-0.1792762451237,0.114500945334139,0.111579204671029,-0.082430660852311,-0.160198338351286,-0.280609720887886,-0.534722153632019,0.26496155795981,-0.500220093596902
"TATCACAAGCAAGGGT-1_atac",0.411803909415448,-0.0818634371996467,-0.229361923109627,0.0798053191159904,-0.0805437115475665,-0.0373353956216472,0.0372088034688623,0.0159315514608542,-0.401363099321485,-0.158808073064307,-0.0613430544370109,0.217724810366878,0.220064610792984,-0.299927833025474,-0.615918877445332
"TATCACAAGTTTGCGG-1_atac",0.39612741391308,-0.249041227254554,-0.163022053183173,0.0814346023178213,-0.0479505675594001,0.00116070352538339,-0.00431962008834187,-0.0195323949421589,0.232401906767821,-0.190058515067742,0.386486869857748,-0.00267473157986914,-0.0720052643083608,-0.289448397187524,-0.64550422474253
"TATCACGCAAGGTACG-1_atac",-0.19574764519995,-0.0106301459625549,0.307195482649081,0.585234542440727,-0.0266755954690642,-0.0737377174644958,-0.294382624373194,0.130572078289286,0.486237659235193,-0.0771503123420122,-0.210243443171182,-0.0765432927535659,-0.0362808375749133,-0.259728905128762,0.231573904592033
"TATCCAGCACAAAGCG-1_atac",-0.434580718054977,-0.078991161639249,0.0217908048321855,0.0496142688621694,0.416352873479368,-0.1706424326034,0.707628532750415,-0.0682345959242095,-0.15490174842553,0.0873144914149785,0.139229670472179,-0.115363466316436,0.17167569472026,-0.0166728669156417,0.00619631337281611
"TATCGAGGTTGTAAAC-1_atac",-0.34352571000278,0.0407668355776157,0.233214565336948,0.476550242790739,-0.214537052987153,0.109819528058767,-0.450652025414212,0.0113477976601879,-0.200897197863981,0.0221032591809565,-0.280685205568957,0.215051787009504,0.0767168162881567,-0.395659807736809,-0.0960449929393523
"TATCGAGGTTTATCTG-1_atac",-0.102535578636686,-0.0343864124171802,0.147959554611759,-0.149881829194047,0.0615447168927514,-0.223524385260242,0.582265171620654,-0.0546400288975582,0.150628830020769,-0.356483959603122,-0.337033654231787,-0.117444919445559,0.0542294795877359,-0.517343515494724,-0.0209349194068412
"TATCGCACAAGTGAAC-1_atac",0.014080088282826,0.816895229924155,-0.329472130293232,0.0856301046529238,0.0704401367764915,0.190135122101992,0.150212530798814,0.0349203406685715,-0.130662342460141,0.215462693383384,0.248943468895521,-0.0669173134624513,0.000609720534679232,0.138113339867473,0.0517673537919032
"TATCGCGAGGATCACT-1_atac",-0.216726417554655,-0.0706796392134608,0.311683967900686,0.465385558984122,0.0120725941025381,0.0797056936044056,-0.23630109582031,0.0832920818679333,0.169406639689976,0.203535851047669,-0.32167254166232,-0.133441671593648,0.386422425301772,-0.306284799696599,-0.361235221091411
"TATGAAGCAATAATCC-1_atac",0.269330511235616,-0.289686721706639,-0.145455434729037,-0.0781915522560416,-0.196276375973635,0.130609045800928,-0.0759856057212259,0.115439411529956,-0.413598606937467,0.256769029767093,-0.0628328721618879,0.475813539503057,0.0136322737034246,-0.352391492626776,-0.387146004186642
"TATGACTCACTTAACG-1_atac",-0.136976336723218,0.0148751276039661,0.182465342412919,0.498616330899103,-0.115287110934869,-0.0410163472286969,-0.316955786666572,-0.0266065791604219,0.464907222590756,-0.131480904397996,-0.228374074166901,-0.28117147997851,-0.145495672538223,0.278533264460048,-0.345795004027509
"TATGACTCAGTTTGTG-1_atac",-0.218468250538685,0.00652901978949063,0.221322953798696,0.314166107869884,-0.0989420034661536,0.110454345490328,-0.159752213541168,-0.270793490247007,0.554496206464933,0.0693015790301918,-0.111881225847767,0.0954950288331788,0.152572916020233,0.0821417026146011,-0.565485650158642
"TATGCATCATGTTTGG-1_atac",-0.141712095763301,0.0936152849310903,0.424532654442,0.434796883479557,0.0920553112778065,-0.0862653476465475,0.342891902968377,0.121506402736245,0.284533021724832,-0.317556933140521,-0.0489953147461113,-0.180271875955109,0.259272450130553,-0.118438166131852,-0.394554512388375
"TATGGATGTGGACCTG-1_atac",-0.051398282844289,0.00635169598985768,0.115113097662329,-0.682202964656973,-0.367847838263439,0.0218015861180285,-0.380434380900679,0.102428535159246,0.27233583756113,-0.100558863378304,0.0231383266542067,-0.115422852986229,-0.196597865665851,0.180548761061561,-0.241394721356751
"TATGGCCCAAATTCGT-1_atac",-0.218238208717235,-0.000804185906693865,0.183739537934595,-0.15883628666538,-0.127185446476285,-0.0456525199172404,0.0358303787488806,-0.0309203383033973,0.158715722375189,0.271209249059077,-0.2734775755027,-0.380777380179266,-0.278700983688842,-0.643722626512046,0.249604661396021
"TATGGCCCATAGCGGA-1_atac",0.148893952790193,-0.119889862995681,-0.149142064955016,-0.126252411152812,0.24984227178511,-0.116260458598518,-0.187492950803303,-0.460358490010955,0.420279063626948,0.590546980455369,0.00703821596493605,-0.198795084674219,-0.169074088138139,-0.0931759650513976,0.00597715788348616
"TATGGGCGTTACCTGT-1_atac",-0.154571314404439,0.0355550922227254,0.189930920403954,0.120035284799544,0.0997946408725626,-0.249725971362751,0.274767911331236,0.190496247630716,0.411993073774058,0.107614583151351,-0.166992062392354,-0.0144551303389557,0.12472677683725,-0.705759785843341,-0.131091297444186
"TATGGGCGTTAGCTGA-1_atac",0.209226206502576,0.812433436602283,-0.320383010198477,0.076935615900472,0.0763074349391623,0.00887613973944961,-0.0132562117434139,-0.168098128663933,-0.111666367456777,-0.281132567096489,-0.207425138565519,0.0166313941059503,-0.0209587504778011,-0.12688434075347,0.0439548684383476
"TATGGGCGTTCCGCAC-1_atac",-0.0920717457419267,-0.062486889615731,0.113083249771848,0.0393616061857728,0.0807103180511106,-0.0691603878460411,0.500534405466192,0.163944317702618,0.207538750218582,-0.281898505039378,-0.435013424668028,-0.0256832098914949,-0.0987239715263658,-0.280060349276379,0.532874892544388
"TATGGTCAGTGAGCAA-1_atac",0.376571225908812,-0.295523017466242,-0.163114003957108,0.022029513153966,0.248194257703357,0.332575801796062,-0.307406994364013,-0.0622559270264936,0.0609010693263642,-0.546791360995085,0.0805244728078579,0.248647850466479,-0.158180703468148,0.274056926095852,0.0453746122857373
"TATGTGATCCACCTTA-1_atac",0.208843256013452,0.789905940920657,-0.217364852775146,0.0696176488084741,0.264015309838911,0.131875367494181,0.177710884937989,-0.00379395084535921,0.00893514475704589,-0.020818080223433,-0.104811817904444,0.0259102829969186,-0.121524845143865,-0.353308838240303,-0.0994119772435
"TATGTGATCCTAGTCC-1_atac",-0.219857676476439,0.0410555276171789,0.051318190218241,-0.11336200916339,0.133062320196499,-0.34818216911139,0.525024198145234,-0.189278976770092,-0.074932748088207,-0.153658909061146,-0.193122183245279,-0.417872653873462,-0.338632336297509,0.0314973400888062,0.356756988920593
"TATGTGATCGGTAACT-1_atac",0.161277355148743,0.814846739933339,-0.35022004212204,0.000753365994891173,0.0361120720296703,0.12289849869903,0.27024676317261,0.019998177173317,-0.12827559958477,-0.0674059683544645,-0.115040398460933,-0.137149482219227,0.0687570253202077,-0.136679378810852,-0.145145265010534
"TATTAGCCAGCAAATA-1_atac",0.327672644129815,-0.160837346135193,-0.230855861271644,-0.0190932393234313,0.179543394663993,0.0623868540647556,-0.0203299928660013,-0.217217288495416,-0.0873574631706826,-0.341345942432024,-0.505853867090108,0.430913587763628,0.225112887580321,0.118017052972936,0.314724524058898
"TATTAGCCATGTTGTG-1_atac",-0.134726843674712,0.0638904667929734,-0.298806526377357,0.0327964513617716,0.253677090655714,-0.0422861981051616,0.0689457110640978,-0.472116435811169,0.116476880901631,0.142660183422499,0.153245976119675,0.392828376943431,0.393312426442957,0.475613463406615,0.0315915098121101
"TATTAGCCATTGTGTG-1_atac",-0.180915021767257,-0.0432845923608909,0.0153657318688298,-0.756691518651148,-0.262787920212332,-0.0601294379646306,-0.0354965869166843,0.0700059992471203,0.0869551212141296,0.162279814245997,0.0362415134519681,-0.0438037119852354,-0.0863571767217839,-0.400598201179322,-0.329665779932271
"TATTAGGTCCCGTTGT-1_atac",-0.277296822746313,0.0575482463998198,0.161843842539479,-0.242490860014193,0.168651557192269,-0.248834218581838,0.705241650139619,0.0606000028452386,-0.00801681027309154,0.340308544734559,-0.326906528371736,-0.116418595215414,-0.0688624902646212,0.0315272815875889,-0.0369879552771679
"TATTGACCAGGCATGA-1_atac",0.101475633091107,-0.26055429408583,-0.34147788828037,-0.0885363352744977,0.312875271146896,0.491592395021423,0.103598461216658,0.24074749620941,-0.541716413455513,-0.2179516091321,0.0470208942619789,0.130756797528444,0.0446668812580311,0.162189473849036,0.0235344811291951
"TATTGACCAGGCTAGA-1_atac",0.282143507575145,-0.10365264855271,-0.0554696635326036,-0.0451466331854439,-0.0883538690051796,-0.390339323523402,-0.0668249409327308,-0.275645118284182,0.273455247394544,-0.346220059993901,0.462026669164316,0.274515329362937,0.377179363521454,-0.106997582709856,0.163501998712671
"TATTGACCATGAGTTT-1_atac",0.291509661611694,-0.108650448901952,-0.174447327262306,-0.090304478365829,0.147344361872182,-0.203134518156868,-0.292309734358372,-0.483463406049025,-0.277916510710879,0.205616499583638,-0.328500052899659,-0.175939005888433,-0.160613314438942,0.150393095244532,0.419138782338146
"TATTTGCTCACAGGAA-1_atac",-0.205136517158565,-0.0296532155059035,0.112773090779911,-0.0667964801338628,0.0267593736136313,-0.154247504057185,0.204538952099047,-0.227975410966509,0.0966357312272505,-0.119851711924029,0.428773338287182,-0.113464070717545,-0.139607997528317,-0.69806114317006,0.307147371651237
"TATTTGCTCGTTCACC-1_atac",-0.233156816257436,-0.0151158413960116,0.271853785723861,0.421465625027259,-0.0513272441467866,0.314967390256417,0.100233827517997,-0.437112334447729,0.172311527418082,-0.125153145981404,0.119239093822139,-0.175565120802445,0.230894809897035,0.217571180255683,-0.447072055908604
"TATTTGCTCTGTGCAG-1_atac",-0.0731981518710513,-0.0528000013939307,0.144362068718064,-0.179609081627026,-0.114226273183838,-0.149417891095516,0.240282150577724,0.029106498818508,0.315105292955689,-0.545713294936586,-0.124078309014598,-0.282225002221604,-0.293955239002364,-0.461813934734529,0.230164715117902
"TATTTGGAGTTTGGTA-1_atac",0.171363470734728,0.789229113723187,-0.307304916028533,-0.0626185836469024,0.176426931596496,-0.0564800844605239,0.050269129574778,-0.0617093505329465,0.188523029154403,-0.379667949334622,-0.00378100844302196,0.0258738895560668,-0.150374993171332,0.00676485708149855,-0.075579340628645
"TCAACAATCATCGTTT-1_atac",-0.630791024833357,-0.0125114510262299,-0.0823728645256913,-0.197597266608066,0.0401700914096546,0.0909374458073306,-0.00179039178705009,-0.014284755600344,-0.199347983743152,0.311851352918344,0.128653797273651,0.322335153537643,0.126353433803418,0.457763602716945,0.251138051791802
"TCAACAATCCAAGTTA-1_atac",-0.178237474914845,-0.0364830300908396,0.0699202769335129,-0.47621605903706,0.0983067976268716,-0.284953883548212,0.377731085328747,-0.0185937138778609,0.389184552931865,-0.422159780049836,-0.00736198360805435,-0.0793006721086462,-0.229268162178079,-0.335758784401044,0.00402824885635276
"TCAAGAACATGACTAT-1_atac",-0.242427211634548,0.0295384352192881,0.322134739011704,0.400937192335919,0.00452060915414178,0.0797298281603304,-0.530995956103645,0.193036369752523,0.162785350730019,-0.397658748913713,-0.195620016514038,-0.080420538277433,-0.303341318868424,0.0155689662037111,0.169155329496594
"TCAAGACTCTCCATAT-1_atac",-0.289191297082869,-0.0405417176063904,0.230781667422325,0.453650475229716,-0.19196936241364,0.244096156133924,0.0104995588024573,0.0388357777524544,0.110014942056211,0.0949349146760949,0.43769601108891,0.255923964438155,0.14350825521012,-0.338308629605469,-0.379965861415309
"TCAAGGAAGCACTAAC-1_atac",0.372380746276706,-0.228275330570415,-0.331628708552988,-0.0613752106420771,0.207592712630725,-0.0378331038533299,0.420798404335919,-0.216587205312547,-0.0539969129490209,-0.00615978065169651,-0.265261914584741,0.321739345085375,-0.392876984846292,-0.230683993084707,-0.206324780038477
"TCAAGGAAGTCACTCC-1_atac",0.282009064774223,-0.203182063612817,-0.0142115888763233,-0.0924442628694238,0.0837684260589304,-0.084359329575814,0.150660150145051,0.0381869855271881,0.458044652106423,-0.0422052302412559,0.417671625739305,-0.427473103779341,-0.252601092940206,0.193432957595865,0.402687230483847
"TCAAGGAAGTTATTCC-1_atac",0.37052727742236,-0.208236074116736,-0.218154605939801,-0.0888896741614184,0.254905069384365,0.113796517353433,-0.0943103869685547,-0.0220288329455917,-0.354333222225108,-0.631152205997969,0.0695860276429564,-0.0247262391489421,-0.107692104455608,-0.319110941177781,-0.183739989471194
"TCAAGGTTCCCTCTAA-1_atac",0.0108535359704122,-0.000906603577121626,0.268814455748078,0.159800089427268,0.0462397276390836,-0.0693890250715816,0.313261483533962,-0.116757265038679,0.166287001275395,-0.165969281354607,-0.0483500379923757,-0.533337235390758,0.0674065034409385,-0.158803467072475,-0.641576537580701
"TCAAGTATCCTGCGAA-1_atac",-0.342885817154067,-0.0862641834599129,-0.0516907463035365,-0.401373569417138,0.0674723921257661,-0.0774376883995462,0.704436761743238,0.0215528501179409,0.0423544618326422,-0.161249250123951,-0.216544325438104,-0.0962373666079684,-0.0743153762676165,0.00297989482426443,0.33836427707791
"TCAATCGCAATATACC-1_atac",-0.174049325772842,-0.00665516817669996,0.234494569930357,0.575952595394929,0.108082065787023,0.116585933684983,-0.316705401746631,-0.125261642426355,0.118249143276453,-0.336997141126465,-0.268025360641915,-0.382931832999046,0.153537100044931,-0.156076879396903,-0.218468974849981
"TCAATCGCATACCCGG-1_atac",0.282313390065397,-0.0744258771666126,0.0493614971712467,0.227398281694128,-0.236684437842895,-0.174317294208009,-0.308201913906343,0.174559339928294,0.291219664320686,-0.549734440792276,0.192919174377368,-0.08437900590114,-0.27302632659253,-0.209994540518474,0.314248982160412
"TCAATCGCATTGCAGC-1_atac",0.169564505362009,0.626248490977557,-0.225651705296064,-0.205989659801954,-0.0742861864525803,-0.0844400684859262,-0.347521690032402,-0.0162613569386509,0.388796581576088,-0.128263860813048,-0.0206773446928754,-0.0450305848457764,-0.293894340078907,0.227590406832363,0.209248589437842
"TCACATAAGTTCCCGT-1_atac",0.361851576313974,-0.0588649213473602,-0.0934122271307899,0.066586964253603,-0.324248474409743,-0.1983760316282,0.143954190648348,0.0043674126048876,-0.259586280609597,-0.554772016156199,-0.0750058989102176,0.176958927618876,-0.136698357789164,0.461462549613192,-0.208507035239304
"TCACCGGCAACTAGAA-1_atac",0.410915259799221,-0.228070748346252,-0.188379645912378,0.0138055130972726,-0.115846047202618,-0.056995936382121,0.0184752316213159,-0.108882652909753,-0.162291144077074,-0.231010745444902,-0.183579911331128,0.111523998518231,0.520850031178285,-0.550738331426316,-0.1189464559999
"TCACCGGCACGGTTTA-1_atac",-0.649663960937011,-0.0630911151764401,-0.0193422525038426,0.0723434201602833,0.0567056698216765,0.0507993158168922,0.0444264902693451,-0.0349325134288355,-0.30915201128978,0.434936602767418,0.131806104836328,0.231488100704389,0.14859298622787,0.393235662649745,0.16413376367034
"TCACCTGGTGTTTGCT-1_atac",0.469141712904342,-0.287787847746747,-0.271688022004563,-0.0651952907410955,0.0065838205857967,0.0286652650073911,-0.0419540114758358,0.198953512964154,-0.273349929748705,-0.0505041280541266,-0.643725697132187,0.181491610097673,0.220662451167913,-0.0137313387467085,0.0577790741381321
"TCAGCAAGTAATCACG-1_atac",0.199132139886028,-0.273425250481172,-0.250963714848482,-0.0828314409382137,0.0860844814837339,0.426911336583961,-0.0721990856218572,0.510657877222419,-0.0752036592531522,0.178407889095986,-0.3541634150228,0.10264155779736,-0.0973086894960944,0.416423891150699,0.0613463066380886
"TCAGCCTTCACGAATC-1_atac",-0.198827700247626,-0.0858549862008123,0.209099117951596,0.498298353773096,-0.157593809328773,-0.0329252092975962,-0.542227708193677,0.0659257546589982,0.319363241533375,-0.446623204419972,-0.0665205376253681,-0.078323080447436,-0.00794498724800618,-0.0213473133767951,-0.155731568458762
"TCAGCCTTCCACAATA-1_atac",-0.309104071307108,-0.100145183920967,0.327315769350488,0.5318317743872,-0.202491251444217,0.0473761698874944,-0.494538393061628,0.0441296272549019,-0.0865442594954276,-0.252330952615721,-0.00604427563719532,-0.165518186208978,-0.252238239326882,-0.221408848144698,0.058672671476876
"TCAGCCTTCCCTGACT-1_atac",0.0541155408596985,-0.0791914015762105,-0.0987984933617769,-0.146490534102354,0.145487024593005,-0.0657344402079854,-0.272732074649432,-0.600728614452047,-0.212544881499915,0.361498475273829,-0.208398130914097,-0.263697564520791,-0.128108611557921,0.436672621769132,-0.0540093679414671
"TCAGCCTTCGAGGTGG-1_atac",-0.174788434765462,-0.00119696457986183,0.0665656333316169,-0.746612628910132,-0.0501908758439883,-0.209604474734113,0.296359615207836,0.0247604052928802,0.167976362708971,-0.283909760234175,-0.176232115818704,0.0184318478911012,0.114598279263593,-0.223794695967709,-0.263164922652898
"TCAGCCTTCTTTAAGG-1_atac",0.0522248194024057,0.715113325423615,-0.278401030190141,-0.0313286431943366,0.182774768517908,0.23715027053414,-0.256850462990175,-0.0346474540490295,0.0444926153610238,-0.0291099820790036,-0.411047346849682,0.257472503083025,-0.0909858762365228,-0.0546078213989119,0.0351848036278371
"TCAGCGATCCTTGCAC-1_atac",-0.0609124419940273,-0.123273157629603,-0.1431226924414,-0.0604112765486074,-0.121734287062344,0.0742667925055892,0.117575291449983,0.0740260260774866,-0.666078121731156,-0.146745200457429,-0.16003730086629,0.476043831883349,0.212474988761622,0.381284207756302,-0.0968195599963043
"TCAGGAGCATGGCCCA-1_atac",0.314000380767165,-0.226887054350802,-0.0400764754568109,0.0230880673030033,0.152238090256514,0.430681740788336,0.132198889461414,0.553022421286592,0.0458545774076708,-0.0942804708347196,0.151092696020166,-0.0715092687028396,-0.327623250278221,0.193704721324888,-0.363346609971523
"TCAGGTCCATCTTGAG-1_atac",0.173509874701446,0.772472660214177,-0.250392449148372,-0.0249533434632418,0.143222866095324,0.19960086482351,0.136040173334731,0.0558706691071084,-0.0288761611293175,-0.00712159171174578,-0.0692013915718762,-0.152616255232625,0.221148700316433,-0.0704254472185492,-0.380851565113713
"TCAGTGAGTTAATGAC-1_atac",0.293944942073244,-0.290687770067811,-0.217068306192818,0.0317214532511986,-0.00757198833526714,0.430423695139892,0.0663117253960007,0.0881460865599288,-0.301368093560541,-0.052718146444819,0.11413693774493,0.196698252044802,0.168278411057535,-0.630381320256391,-0.111649519095773
"TCATAACCAAGCCACT-1_atac",-0.52845930728251,-0.0908065622597693,-0.0212333421762,-0.333189565033462,0.108880168709873,-0.0874015298651627,0.598960280479589,-0.0586671149673822,-0.121254372930579,0.118472246188017,-0.0130833865358859,0.276973919697806,0.266161566807302,-0.0136241694501196,-0.206586544314694
"TCATACTTCATTTGTC-1_atac",-0.12884619313904,-0.0814612812701243,0.246722759132358,0.439902451797258,-0.0838841989730376,-0.187552399355372,-0.660432111307419,0.210534771241488,0.227591443073989,-0.0964396522895498,-0.279343129370508,0.0686657538889991,0.0738418963791556,-0.223497289840063,0.0204646256426114
"TCATACTTCTAACCAA-1_atac",-0.0583506080417124,0.00650914173702543,0.130056327997041,-0.114086306653416,0.170166561010616,-0.236523297210322,0.702067941992718,-0.0451050257005199,-0.082654674205961,0.000598340858771943,-0.406989567963654,-0.386910138559411,-0.114370958485981,-0.0594370005295297,0.219096158255299
"TCATACTTCTCTAGCC-1_atac",-0.26816492574484,-0.0193924110971872,0.186978590686001,0.321989085161866,-0.0203751031835336,0.00941312420260318,-0.362347576359966,-0.0914625184927158,0.307819629070276,-0.240415480101772,-0.038306949362235,0.0187061980629711,0.213469515476754,-0.628032427607682,0.233548275609606
"TCATCCATCAGCCAAT-1_atac",-0.205789218761032,0.000259131984574008,0.0311418169483536,-0.697128113602602,-0.222388583446433,-0.0954290107072396,0.0758183615826148,-0.0226730492621669,0.0570513711312839,0.0475608511985801,-0.0555777127453294,-0.281600194946338,-0.110191490898963,-0.55061336675323,0.05143687131044
"TCATCCATCCCGTTGT-1_atac",-0.181328118731606,-0.0272185668958497,0.211262342888752,0.400409242950091,-0.129519169712558,0.166001506266607,-0.556665568663479,0.0291618269170293,0.154220765982975,-0.275836067983204,-0.132816583766057,-0.0757078337549838,-0.0663705419947462,-0.416008683285655,-0.325040713189267
"TCATTACTCCCTCAGT-1_atac",-0.222461064863386,-0.0412709372810563,0.323381147091836,0.434987636053926,-0.012980182763476,-0.020774951232831,-0.438585883164693,0.275591880843962,0.300292253791156,-0.0471898462992544,-0.0164182757436243,-0.134945264390439,0.10895831930119,-0.450334615873238,-0.246077922741263
"TCATTACTCTGCAAGT-1_atac",0.382756699653974,-0.0204125042551953,-0.0248476579547751,0.131104370611804,-0.206302036596164,-0.335351730354689,-0.04620451910987,-0.227055752340457,0.325922005797372,-0.0675934014596567,0.389281572977906,-0.0694228768935353,-0.520211965682684,0.194806788757864,0.225478415734655
"TCATTGCGTAATCGTG-1_atac",0.40006018740724,-0.255437879370145,-0.111216959095003,0.034502873205491,0.178025776887808,0.422517865220352,0.0503096125004516,0.203942697969756,-0.39541933885222,-0.447254151749044,0.192057012815449,-0.12422899139674,0.146274455086518,-0.262545650814846,-0.0881338068508133
"TCATTGCGTTAGCAGC-1_atac",-0.174451307549163,-0.0451646628543206,0.245407183687966,0.229478316024673,0.14798380805117,-0.15387229361701,0.412464112639218,-0.020802619988537,0.0768848876384646,-0.0804677326296369,0.503567581849941,-0.0837448123066195,0.11084703173626,-0.424214644405526,-0.416271130151354
"TCATTTGGTCACAGCG-1_atac",-0.134630033807758,0.00387127160803588,0.177510532063549,0.0320457760201585,0.179906705520962,-0.294791756047492,0.648916185448935,-0.077863883773227,-0.0818265431909186,-0.113928105520887,-0.364059909572522,-0.263886043662674,-0.0959403538023046,-0.412382166017728,-0.0422490675257358
"TCCACAACAGTTTACG-1_atac",-0.324566700562968,0.0053658853047952,0.351505494705911,0.581205833520807,0.0471323230393207,0.0539367813172061,-0.0957822077288236,-0.117732137987683,0.40898879931899,-0.275551295495534,0.143023086195995,0.0250782819861196,0.35306461812874,0.0559324936431707,-0.114182591919286
"TCCAGCAAGGCTGTCA-1_atac",0.119015427879663,0.763358399452853,-0.132621967905338,0.175620379481381,0.0695418713811765,0.198687788445713,-0.1090112816712,-0.032187297524556,0.45118190761254,-0.174474018368408,-0.0545552551272553,0.103859367502256,-0.160252640503957,-0.0752826517880597,0.135418092121191
"TCCAGGTCAAGGTCCT-1_atac",0.124304841422059,0.830989674913115,-0.283043451496322,0.0545047706267325,0.15179550374308,0.146407462537842,-0.159158173651236,0.0375964571817153,0.0860114098791193,-0.214415139294283,-0.037959464246846,0.0345557127030637,-0.149167212018006,0.0921795897664947,0.230094538287549
"TCCATCATCCAATTAG-1_atac",0.298326500021647,-0.132502996177384,-0.229941642546279,-0.0207162591117089,0.105340090380596,0.0270996340267067,-0.200396570334999,-0.229084209717021,-0.372702462707439,0.267178957257125,-0.237336779706826,0.253259587833847,0.164046024688288,-0.614634449123809,0.0150052212439735
"TCCATGCTCATGCGTG-1_atac",0.195411883707004,-0.163353852941633,-0.00188762984544331,-0.00779454736374947,0.114034030395971,0.483714227885368,-0.0324128207326321,0.37414053882396,-0.34641951116296,0.324198382421067,-0.0413629944597943,-0.191852385472779,-0.41166487898524,-0.0405915097547494,-0.335120129175419
"TCCATGCTCGGGATTT-1_atac",0.51594800900836,-0.322468981288256,-0.200810017062416,-0.0179830388123399,0.277988459562465,0.0449128950243534,-0.158623775457015,-0.068557437265699,0.463169697485495,-0.33982914819842,0.266622254538197,0.0228225095309523,0.138497514525215,-0.234682676389195,-0.064273999551788
"TCCCGGACAGCTACGT-1_atac",-0.439170417609116,-0.0598462758055946,0.229689582605905,0.565822450293559,0.21004259090622,0.169960916706682,-0.378273425395556,0.0101008384440366,0.341197419337263,0.0608242841177583,0.163599159287176,0.138992052819906,0.160507828101507,0.149224199350142,-0.0144440553259339
"TCCCTCACAAATACCT-1_atac",-0.22219680390116,-0.079832703794224,0.197111797456596,0.320491788702361,0.227242789460698,-0.252733772240579,0.551228284546569,-0.167450936568947,-0.140282604803771,0.0290884007891775,-0.177819603041284,-0.287052283595691,-0.00278483206588575,-0.438095187449654,-0.16971114286798
"TCCCTCACAAGTGTTT-1_atac",-0.279690211056135,-0.0168089295765053,0.189331559294279,0.381249212063145,-0.0668289494596423,-0.00688734315112197,-0.707124562429549,-0.0906567317530751,0.386087051592514,-0.184683840150347,-0.0494879020487659,-0.144526456200615,-0.0763204355219607,-0.123032636137426,0.00812350004871736
"TCCCTCACAATAATGG-1_atac",-0.244014209025222,-0.0301001685223087,0.0701753180264434,-0.20872710997459,0.320063284888826,-0.0954622691713102,0.765961209115407,-0.015897991776657,0.0766841021506871,-0.111724169890752,-0.0207274200677155,-0.145926671279649,-0.074350629495111,0.0270651417738539,-0.382372977300467
"TCCCTGGTCTAATCAG-1_atac",0.419766041981976,-0.281851161556081,-0.20229601157977,0.128478853969383,0.1335471591745,-0.0629211321089343,0.264216806522036,0.155701410629184,0.648444182518001,-0.0506919597610993,0.31630487561561,0.176408689579976,0.0651647707107697,-0.0189778455131979,0.110695976053038
"TCCGGAATCATGCTAA-1_atac",-0.435098341410867,0.000927372758683298,0.283892148161644,0.229361186752733,0.0690696700207603,0.203261523142378,0.52137201704353,-0.250125367620227,-0.0532271561320276,0.0186705002072802,-0.356941507506534,-0.259213405582268,0.00668429605753619,0.188571094203824,-0.252241228170962
"TCCGGTAAGCTGTACG-1_atac",0.498604989764665,-0.255819909284946,-0.0258180730637683,-0.0578935802401471,0.0604394280595384,-0.0397635426024937,0.138027872523817,0.531338783797068,0.353579899236136,0.0300866681055681,0.221346302101352,-0.301825364846303,0.287606605640034,0.0811838294277285,-0.141418793985091
"TCCGGTTTCGAGGTGG-1_atac",0.284206073052672,-0.151185009684506,-0.115185537198134,-0.0022027547505098,0.104998123398982,-0.248415702694851,-0.309369521044889,-0.386265772921825,0.181110840020289,0.427638230004988,-0.25980499729075,-0.438171024207903,-0.253910021876853,-0.0584059690276425,0.149673290865715
"TCCTCAATCGACCTGA-1_atac",-0.582003503186722,-0.00886860216840673,0.153867615025009,0.392507165866994,0.122971361956755,0.0585579086390782,0.143688008671816,-0.312364894390805,0.0492860548576408,0.0542387235849057,0.158778694460273,0.0815288446159151,0.150937994831667,0.438641873933988,-0.307033457205263
"TCCTCAATCTTCAATC-1_atac",0.372768336971318,-0.205087306608597,-0.237396547963249,0.0634170732139604,0.144626138436257,-0.268028225899239,0.117146266014126,-0.00114606339399596,-0.0428016799681812,-0.386058764703394,0.0951628978298273,0.362099536594939,0.474091097815938,-0.287016857009502,0.232243958340711
"TCCTCACAGACAACGA-1_atac",-0.161058394796991,0.00938283080953452,0.0939155924547822,-0.0323420389192839,0.249750608909254,-0.236227735830779,0.766572026386378,-0.0519969822898355,-0.0494585628690182,-0.118905208682034,-0.216534748424702,-0.431834841340275,-0.00586793571087826,-0.0418291823292917,-0.0620757892001402
"TCCTCACAGATACTTG-1_atac",-0.518167575338029,0.0340520013890807,0.030860893383921,-0.100899345860621,0.0867114310938022,0.0852481024784112,0.408998596394063,0.0230963685073229,-0.349863897292017,-0.079985883719562,-0.0433252805845405,0.534863522775061,0.304299368294281,0.0820738839813965,-0.143239529645911
"TCCTCACAGCCTGGTA-1_atac",-0.132340751012503,0.00870444888996392,0.0962092127728279,0.0285914916021453,0.0162274405496323,-0.169743564708097,0.566912738447332,-0.166790227870292,-0.0159189052809059,0.0241214721986394,-0.154641799214529,-0.144828639678181,-0.274681755421271,-0.302540179865611,0.617532125777232
"TCCTCACAGTGCTGTG-1_atac",-0.222879886729036,-0.00604303494304241,0.203812302802532,0.334958635228292,-0.132624375125268,-0.0172328491593767,-0.157852621692217,-0.0172513498672639,0.426531468526649,-0.126890166198075,0.140634576022108,0.00366645986678061,-0.0212883457235447,0.354674202601009,-0.639829135036329
"TCCTCACAGTTGGATC-1_atac",-0.289894792825504,0.0386788585310388,0.0249750498199511,0.19557157321671,0.0807586978104442,0.0748406498130366,0.499639102091867,-0.195262114241939,-0.105879711036281,0.0356187669903211,-0.0917115531108259,-0.532904675627423,0.00660139427841858,0.15412274676182,-0.497019450696969
"TCCTCTAAGGGTGGAT-1_atac",-0.150483157472478,-0.00728842768695592,0.377874720606334,0.475640960256217,-0.361694495410787,-0.160460483869023,-0.094881016465781,0.107783352848404,-0.184014760593078,0.24839921445576,-0.21611276579913,0.0773465291603909,-0.201670954250883,-0.429495036087106,-0.240208164883345
"TCCTGTTCAGCAACCT-1_atac",-0.12202492931549,0.00680990815423641,0.174501889445541,0.230730112793657,-0.19042056253622,-0.101857631321183,-0.733739835511814,0.141772357071092,0.240547873993039,-0.161329269699831,-0.187772147773554,0.0141026740408109,-0.197594903444514,-0.323516858183683,0.182244755836592
"TCCTTAGTCCCGAAGC-1_atac",0.299636345517216,-0.101288675416622,0.0982219436148516,-0.00337017773202428,-0.0672598700574603,-0.0185315038070838,0.196069777179811,0.226389864266044,-0.375057333136399,-0.512574309834845,0.288692773421064,-0.31261496319572,-0.059865203290704,0.380498085551589,-0.25080276493262
"TCCTTAGTCCGGTATG-1_atac",0.166909969259823,0.784380500653628,-0.289336052206703,0.0882974215096397,0.0742961752084239,0.197473963162966,-0.0567542782705555,0.0136634333502585,0.124569311722846,-0.196550945508209,-0.15135045807523,-0.0789138236346391,-0.111109711478598,0.0168954449595679,0.348622886432726
"TCCTTCAAGGCCTTAG-1_atac",-0.287285064831248,-0.058556707761831,0.316751065508562,0.476269923679034,-0.0968043211161701,-0.0568785928024465,-0.202463697234186,0.0854737728078144,-0.1161730164341,-0.0461087962108449,-0.225764643787874,0.166911327083201,0.273057645540543,-0.236661156662878,-0.54858939396179
"TCCTTGCAGTACCGCA-1_atac",-0.110200203772167,-0.0552011987366013,0.136954182705803,-0.000744919439589403,0.123637346465536,-0.306263772962729,0.439204225332656,-0.0360906540286905,0.108398234322695,-0.180853161843227,-0.451958891718944,-0.205361776990776,-0.225212186901263,-0.294964602643981,0.483882395014512
"TCCTTTACAGCACCAT-1_atac",-0.205902950934472,-0.0138327394447848,0.202932094215164,0.0628305671992064,0.136681640511616,-0.324535503206059,0.554658589499328,-0.168819730351146,0.0886046555496244,0.0840096160123703,-0.430203157410999,-0.00212459759382175,0.27877669528259,0.0147134945546204,-0.417386505819004
"TCCTTTACAGTAAGTA-1_atac",0.441815974973196,-0.222877617311385,-0.255176587117275,-0.0621321376662913,0.010607583491807,0.292279717373441,-0.14516959545803,0.448439914127091,0.138569166660202,-0.116684551234356,-0.508779590244456,0.108596323116974,0.165717551748886,-0.203031798244529,0.0792808137415725
"TCGACAAGTAATAACC-1_atac",-0.614164926919212,-0.0273289011852784,0.0769064175416079,0.157234100649245,-0.0776122807511897,0.157450757379228,-0.109198691479424,-0.0454370426557719,-0.20704582030162,0.130446658470255,0.227823455064736,0.448464873269535,0.2235846675363,0.402597671084359,0.147073342529706
"TCGCCCATCCCATAGG-1_atac",-0.418061166989218,0.0305015399031769,0.246506235094061,0.462006362924907,0.0309574862472538,0.340711056802017,-0.20622633474268,-0.0797906784936819,-0.452171709324651,0.067164113306808,-0.293393219222514,-0.0204452433039577,0.215319264539971,-0.115186866057946,-0.17041950596795
"TCGCCCATCGGGACCT-1_atac",0.425692843542387,-0.275613154436782,-0.278644952886533,-0.205793654914722,0.298566513064309,-0.0804049830841767,-0.269316138848975,-0.429376843814791,0.270648502974285,0.143915742057452,-0.0742858304804239,-0.00102769144618909,0.0293655267728342,0.245616820729697,-0.331141393798529
"TCGCGAGGTACAAAGA-1_atac",0.478665989771462,-0.152453033529345,-0.147868070738241,0.104793035974371,0.0492582435152279,-0.14550596843702,0.347911050711676,-0.338225870009512,0.266287549940803,-0.0215192284377802,0.315946910479902,0.0975594843959335,0.310011154917149,-0.384447038103303,-0.176449186318161
"TCGCGAGGTATTGGTG-1_atac",-0.539893292769313,-0.0782601693056676,0.158286268184091,0.352249336692742,-0.0195504096340304,0.0138466693941541,-0.33712716568472,0.183834221434873,-0.231124631894444,-0.185909789222249,-0.0722274115304836,0.033393094807308,0.40077542887739,0.321413260050634,0.216777244564662
"TCGCGCACACTCAACA-1_atac",-0.196373355603617,0.00824140244081102,0.346751901898761,0.536463182837273,0.0759944855445067,-0.0695149977398358,-0.380611814750334,0.175149680233296,-0.000663728036916869,-0.193849711438511,0.0704229781412398,-0.468019467746699,-0.132287839571286,-0.250978078328665,-0.158492454796098
"TCGCGCACAGCAAGTG-1_atac",0.185547170417589,0.181075481834201,0.00591932319172627,0.0896890591378335,-0.483388047431577,-0.447435306371825,0.105109991779467,0.397256145173183,-0.188551383447562,0.472814260362143,0.0733329733269438,0.067493359264833,-0.0324096496931312,-0.177050334828334,-0.143340868894025
"TCGCGCACATAGCTTG-1_atac",0.209339853680004,-0.128870137703716,-0.139782791402165,-0.141107402432107,0.197388064109715,-0.34177995828904,-0.45253779218096,-0.426609933202477,0.153760842015101,0.365620257818828,0.158817668128712,-0.399963583370065,0.096878009774514,0.0561688884053961,-0.0500192690543392
"TCGCGCACATGTTGGC-1_atac",-0.459898022809734,0.0106579469874502,-0.164537809930327,-0.151227636743301,-0.0989454802123199,0.0371677567686556,0.113922292347114,-0.232788198140337,-0.329408614283926,0.368062203959644,0.136986363627705,0.465727761699571,0.316917876075269,0.266792417255834,0.0939940243759138
"TCGGTAAGTATTGTCC-1_atac",0.270480346189241,-0.212504343405865,-0.0864732132424718,0.0790307681180343,0.187587005556155,0.447212660846981,0.0456710845870022,0.0418587768480397,-0.281526128206934,0.0447228061405126,0.00295423028799482,-0.467702423143839,-0.374953731064629,-0.0586892385234354,0.429984478903633
"TCGGTAAGTCGCAAAC-1_atac",-0.138671999614828,-0.0195455089453693,0.185588782705556,0.384553295641112,-0.146301394177834,0.0248992891274679,-0.467502117351531,-0.0576696003702492,0.430962218467286,-0.322964052602664,-0.20934438725656,-0.0644052555451633,-0.19109525907794,-0.0839274327513281,0.415435911577374
"TCGGTTACAATGAATG-1_atac",-0.158930146907992,0.0428738210172502,0.215828609623012,0.202211553628088,-0.199704292844207,-0.0177525263986521,-0.0914361343450855,-0.134439419195592,0.297649771646439,-0.424214022509987,-0.367190697582818,0.106014893481165,-0.272176100953549,-0.343970385024494,0.460199431399585
"TCGTAATCAGCCTAAC-1_atac",0.154741220435353,0.731702438720902,-0.289631486028663,0.0292286745363337,0.121164205484766,0.103855188428823,-0.115991976433222,0.00436585290654194,0.236779774801905,-0.15731845341317,-0.112626133409581,0.0250104700058532,-0.361649527458703,0.0233957453781502,0.302530081052695
"TCGTCAACAAAGCTAA-1_atac",-0.59669506993894,-0.010993624521545,-0.0531184073359721,0.0919965568192405,0.0573662077286889,0.184454522502434,-0.0972687639673099,-0.0457004914014491,-0.232101435270044,0.261065522233159,0.300433959363872,0.31719165050627,0.168958893673663,0.472447483646293,0.137963688152822
"TCGTCAACAAGGGTTG-1_atac",0.293160761147883,-0.156579634051337,-0.155178052537082,0.00911791267275414,0.109201329051746,0.0811720723747456,0.175553516450117,0.170127468434637,-0.0396198764838536,-0.173237621090588,0.0775847892458475,0.483495660734436,-0.382184930444146,0.595385824671051,-0.123214978901419
"TCGTCAACAGCAAATA-1_atac",-0.660130477576516,0.0093149886516377,0.0107169701325627,0.00450201335702247,0.089420179234131,0.174839816091069,-0.0788042930656453,0.043458001206448,-0.50049533543625,0.228879425568813,0.16997894921567,0.243112403511057,0.340916131702432,0.0999472591394175,-0.0158460766279888
"TCGTGCTTCCCGAACA-1_atac",0.435594789585202,-0.118006596798729,-0.175896653108878,0.0346353049864811,-0.113568763423669,0.0412662590194269,-0.109791944466382,-0.416434152960462,-0.373470627193114,0.293194793725418,-0.319099639135829,0.0361169381145187,0.168811291675597,-0.275334697640977,-0.362271976848644
"TCGTTAGCAGGCCTTG-1_atac",0.161379217106501,-0.0438205502395249,0.0931455463648998,-0.0233011984886062,-0.314478874348017,0.396039190595903,0.124848564590104,-0.16232126131895,-0.0987607125054069,0.269582935661989,-0.332533387268542,0.23265592854219,0.502342862515698,-0.379513042923738,0.147050115981621
"TCGTTATTCACCGGTA-1_atac",-0.192958242501128,0.00235262126782798,0.379709613289679,0.516124482371047,-0.225363883897993,0.000502683479348956,-0.309271099570213,0.082225117752852,0.159923127149762,-0.0691949310686488,-0.00204423919413321,-0.526683120633552,0.151023583748066,-0.0476123348343716,-0.257218396285991
"TCGTTTCCAGCTTAAT-1_atac",-0.241124005544315,-0.02831384162722,0.327542947043063,0.584553454022082,-0.0876228690460898,0.0897689506513119,-0.307387498741257,-0.0958968982350816,0.448711122289665,-0.020705200954579,0.245074583471411,-0.0482759184631978,0.119709550348416,0.0557492895376481,-0.301744998786404
"TCTAACCGTCACCTAT-1_atac",-0.231888614365393,0.0746503150212674,0.079497863729578,0.037867586968819,0.151839337693109,0.0305724356257416,0.67697073438235,-0.312233823440808,0.0391550954335474,-0.258907583879401,-0.0366998729902831,-0.428346262625674,-0.264218929022089,-0.0983125010680182,-0.142342166350332
"TCTACCTCAATGCGCT-1_atac",-0.152319307292405,0.00255437570633864,0.392821391440746,0.391420319723007,-0.194099477471482,-0.126133297834088,0.00355445058253971,-0.356434909782363,0.192778152601021,-0.165353115473186,0.00566138287336641,-0.412957141331072,-0.270905881096843,0.187503562056171,-0.380805453705127
"TCTAGCACACAAAGGT-1_atac",-0.222223825442068,0.0472763684769121,-0.387465048243071,0.0124389174882031,0.292447049776033,-0.0658143095948926,0.17225337118392,-0.316105700070472,-0.294857970542814,-0.127252934684731,0.26606316642837,0.424560937407994,-0.0580862428789353,0.219845237491556,0.415649753998676
"TCTAGCACATTATGGT-1_atac",0.332825853581417,-0.0225347052246209,-0.0261866174941708,0.0471626573033877,-0.15744432138007,-0.377122422010514,0.351122745231626,-0.113385420786351,-0.299672922860415,-0.567690287041056,-0.284097915490156,0.173067385593774,0.0469427721030937,0.236820578596098,-0.0403476535482559
"TCTAGCCTCACCGGTA-1_atac",0.44122571392796,-0.267521145541578,-0.299819312892198,0.107741346729912,0.25926447750281,0.0107554118675535,-0.0973585257138052,0.120359076998437,0.116643367197215,-0.507436405624544,0.319719620634549,0.00736616172614918,-0.368078301331305,-0.0642774000139068,0.167237115106689
"TCTAGCGAGATAGACG-1_atac",-0.21202098566897,0.0131693402870919,0.326313842302132,0.377864699004062,0.127091147235105,-0.162189706339498,0.115760350053763,-0.0894655434770223,0.587439700113014,0.0729443251249558,-0.238825190032101,-0.447964220980744,0.0613319930695371,-0.0895274431764584,-0.147839595689253
"TCTCAAGCAAGGTCGA-1_atac",0.147185637496057,-0.0130748200881833,-0.139515651267592,0.0323862128108806,-0.0615751639046026,-0.238637673473734,0.0866474946740808,-0.380962679403978,-0.455488453065117,-0.405902904429408,0.0503179231618322,0.518935980806982,0.140603613549467,-0.0649879811445779,0.276090571949093
"TCTCAAGCACGTGCTG-1_atac",-0.279860874352875,0.0483206712565806,-0.0261737661196193,-0.813208533262072,-0.0791405309090547,0.171866546235037,-0.0146871472011245,0.0426043952993094,0.118976517611917,-0.137389606178229,-0.125392304310111,0.240513212838362,-0.220210012749799,-0.0871360042658366,-0.238393277757546
"TCTCAAGCATTAGGTT-1_atac",-0.308778124564469,-0.078036377818139,0.0241334368422504,-0.608144392728753,0.0178490766333363,-0.0237675970270117,0.237151143658802,0.208700912908876,0.119633575986328,-0.0477143690900892,-0.0339491617609115,0.0153553791686455,0.254226598367055,-0.571776154503852,-0.133894821417162
"TCTCACCAGCCATCAG-1_atac",-0.345754163758308,-0.0638361705384168,-0.0453048823064722,-0.814501644831425,-0.13112691338669,-0.0551911106142036,-0.0388189699300657,-0.0227510292645031,0.15465171742822,-0.178282882031471,-0.0798963977927581,0.212358868380761,0.00825462010082651,-0.100529178845473,-0.267007067837524
"TCTCACCAGTAATCCA-1_atac",-0.208254770724524,-0.0217666861765413,0.293118023187477,0.47268891853149,-0.118427047016526,0.0869388891358435,-0.569867963402831,0.0842087717164918,0.298561735927373,-0.226797473085079,-0.0697023637701806,-0.283102896179866,0.00150122834094779,-0.21994000198199,-0.139361014314453
"TCTCACCAGTGAACGA-1_atac",-0.0933029614079857,-0.0300570960582054,0.264591373617685,0.433491430112116,-0.22661675420368,-0.116548611413224,-0.442439874405715,0.216516276394736,0.142577198655456,-0.387558802538955,-0.0589355470832617,-0.272558478772232,-0.143262737152243,-0.39287279705371,0.0416147605507639
"TCTCCTCGTGATGAGG-1_atac",-0.383407003878305,-0.0495145514918456,0.352785390328291,0.490585970848094,-0.102196288242218,0.167185769255466,-0.226072777342116,0.0344442797335972,-0.247071719116089,0.182212341274703,-0.23519356681546,0.217822616492438,0.300148677937106,-0.205957898464217,-0.2553593892498
"TCTCGCCCAATTGAGA-1_atac",-0.101601910843055,-0.0620338533999242,0.271583946930161,0.456926198324863,-0.0712474718886319,-0.18717126389008,-0.56297568554047,0.179311728228363,0.250185834530942,-0.283312998423708,-0.180631859409413,0.0134978127403,0.193702014706261,-0.306745103252279,0.0824837184183558
"TCTGGCTTCGGTTTGG-1_atac",0.143292258917283,0.736199198355263,-0.231510434757611,0.0753933167660772,0.186252202931632,0.0858100565245322,-0.163244550293897,-0.0694865428897385,0.347912391096301,-0.147324773134856,0.0292989571469116,0.0847989600071732,-0.117350452380148,0.0678691717279628,0.368092593254886
"TCTTCAAGTGTTGTGA-1_atac",0.378559870716329,-0.200635998642698,-0.184689863625358,0.0624319228374529,-0.0724904988086765,0.229486646622358,-0.150718482414202,-0.29845697451926,-0.67591414831195,-0.256482631286057,0.0222767819050844,-0.0988369839816536,-0.110311239206384,-0.25220257902105,-0.00590921537696966
"TCTTGTCCAATAACGA-1_atac",0.0559365445100471,0.795415467923033,-0.284574185990447,-0.0506565233300152,0.0494121191440911,0.297444694563897,0.0023516118868665,-0.128127541852623,0.186491487357712,0.0912226079077932,-0.0944130636810775,0.152117932976302,-0.122648634015216,0.0975727568758662,0.27126043445311
"TCTTTGTAGTCATTTC-1_atac",-0.195399633861919,0.0937620209455614,0.159910396043757,0.17614324281118,0.151009194690126,-0.10717307136472,0.309289261080797,0.0560784606423155,0.0957244716370244,0.324277804582598,-0.33964770675013,-0.225972778562088,0.249194950862264,0.251949252538465,-0.597507594204936
"TGAAACTGTGACATAT-1_atac",0.355385779832607,0.214607880035871,0.834827024439506,-0.176887835371786,0.240879587211943,0.0448799206005266,-0.0164567259178788,-0.0301081403973164,-0.080913957010624,0.047258218411523,0.09952447818936,0.120384096101447,-0.030106359934826,0.060909607964837,0.0202533522431775
"TGAACAACACCAGGTT-1_atac",-0.129741525516281,-0.0253152173780683,0.295939997711557,0.470511786199898,-0.2086308845133,0.00560234542611704,-0.581763125274677,0.189813861826265,0.234296407749633,-0.194049593796385,-0.265340817345072,-0.0561705099175654,-0.221672711485566,-0.192300981933199,-0.0574386548321685
"TGAAGGATCCGGTTGA-1_atac",-0.164364728236481,0.0225433450881907,0.183365452986571,0.441358030522834,-0.132341704973049,-0.206720286393345,-0.482212746274637,0.0674752156432927,0.171754449820966,-0.199351913383738,-0.198874794195686,0.0982846172451404,0.186039670292697,-0.485987649180518,-0.239749894547169
"TGAAGTGAGCACAGAA-1_atac",-0.184544314135536,0.0270210852093529,0.0114323184034363,-0.787515785426146,-0.302307052520734,-0.0244404002288006,-0.355466347823262,-0.0427102741183833,0.124112798535391,0.0292644367828562,-0.0585206410855787,-0.0554358216571073,0.0197316260499364,-0.314359766977471,0.0525783018045281
"TGACTCCTCTTAGTCT-1_atac",-0.243780560635826,0.0803343242976012,0.149739922925083,0.25432157277179,0.0853954342629544,-0.00738965135533846,0.404467611039095,0.142591024286164,-0.141309161088433,-0.213395558923166,-0.213309075548643,0.079035818406016,0.274966750841143,0.205773893213127,-0.648490336782165
"TGACTTAAGAGAGGAG-1_atac",-0.261208679933786,-0.0296918741092388,0.0951658977409896,-0.155824073146708,0.242679509462568,-0.0771208840720206,0.685060401293547,-0.14463929447973,0.256822730193876,0.0882546710967115,-0.402611459997965,0.0809146235538178,0.116680375185751,0.0631495076894431,-0.287209572015032
"TGAGAACCAAGCCAGA-1_atac",0.301666489099659,-0.123467830326699,-0.188924392081617,0.0602708344181037,0.0448446182684946,0.136807643389812,0.0716605050632026,0.102366476119605,-0.415467354806002,-0.16984605005579,-0.540571554154763,0.104796117080826,0.377756877575275,-0.0658183968317266,-0.407913686292547
"TGAGAACCAGGATAAC-1_atac",0.148164388623542,-0.181962473990593,-0.0342983679847331,-0.100907619333694,0.0750963107858664,0.336204368835202,0.176862383540859,0.382418070235173,0.367617911681029,0.0216628034851887,0.208900795917392,0.408657988932015,0.213815890792252,0.384112721178333,0.312839593757901
"TGAGCACGTTAGAGGG-1_atac",-0.2820475589028,0.0091878214736962,0.259198958141747,0.105014951437843,0.0805042874018923,-0.148906900227712,0.428158195059862,-0.0702664124167745,0.0930118256543971,0.0477435595351178,-0.242271957344309,-0.175420644865115,0.142670820111927,0.0939727607659423,-0.704029055340444
"TGAGGAGGTGACATAT-1_atac",-0.162426245396186,0.00851835694886881,0.188798081424057,0.405106004000945,-0.0824588150507107,0.0452020934945219,-0.413536867958547,-0.0625293493299816,0.291632583440714,-0.307306255779122,-0.142008785350769,0.0849476650757025,-0.390038846468272,-0.467778902081868,-0.110487618214894
"TGAGGGAGTCAATACG-1_atac",-0.129132179511823,-0.00346171654167555,0.239741946119666,0.476515506448714,-0.173149696779816,-0.285076946391752,-0.379586765594491,0.270136682395059,0.110051360977494,-0.302252349647349,-0.221957916244842,0.0552152802655604,-0.227436464480842,-0.316010646807963,0.251173530688401
"TGAGGTGCACAGGATG-1_atac",-0.154243934901118,-0.0167942929041327,0.275354396898134,0.343724038330316,-0.0488548149286246,-0.12331090745742,-0.268602656811322,0.342590659128862,0.135620935283002,-0.0258212021309205,0.024626060062621,-0.444429120640456,0.00951381263481005,-0.345038290925031,-0.48839224864591
"TGAGGTGCAGGAACAT-1_atac",0.020083521872398,0.735044973048112,-0.224070728448252,6.94616226769433e-05,0.104718959881618,0.267407279116884,-0.138076984694111,-0.0531069130753462,0.0526272516526695,-0.108886695237448,0.0474284473833829,0.230668834088472,-0.0642205013315648,-0.21944335268483,0.427055459730519
"TGAGTGAAGTTCCTGC-1_atac",-0.135134956819912,-0.0254858791202926,0.0702805900704558,-0.717492161444211,-0.299633816165822,0.0545886604999912,-0.481256634726946,0.116787537324835,0.067193086642578,-0.123198792303546,-0.220950427623935,0.0502381398231715,0.126607855452373,0.068738155621031,-0.177642136807956
"TGAGTTTCAAATACCT-1_atac",-0.37609029507289,0.0528952227936804,0.177664780266786,0.411648412871966,-0.0990530208950858,0.519770399164026,-0.0333570618981206,-0.265101202882905,-0.0868947246462772,-0.0600212869491285,0.0875340614218947,-0.409233351773669,-0.228588728443851,0.248055751334363,0.0574719630201577
"TGATCAATCATCCTGC-1_atac",0.0185178458368246,-0.0895450042414691,-0.136334390441046,-0.0426364341307852,-0.116888537898676,0.199225949861507,-0.0178103348593106,0.00909189953324217,-0.0731331881095538,0.423716339665641,-0.263559283891332,0.547601073959002,0.422651609171953,-0.0951381558813859,0.419022656361409
"TGATCAATCCCGTTAC-1_atac",-0.238453697123423,-0.0140950396793959,0.347684121077775,0.423300614945152,-0.0912316688965645,0.30048533954092,-0.218646367975934,-0.163081592485137,-0.380829838652987,-0.00707517894596147,-0.25783449053905,-0.433539001050638,-0.0510501994785105,-0.00745951602784756,-0.260152123653736
"TGATCAATCGAGCTAT-1_atac",-0.238198241200861,0.0791055254034127,-0.0863302073375068,-0.02197093234714,0.00928083292418271,0.299998489442519,0.0082237483768326,-0.327514318401673,-0.523763327363987,0.198103317285047,0.188459223625207,0.505535013561172,0.103699164594675,0.335822621354743,-0.0588555416391645
"TGATCAATCTTAGTCT-1_atac",-0.243553216711071,0.0424574768223464,0.303120109882898,0.482227856247945,0.12852615478317,-0.301502873341508,-0.176131893476174,0.135356596902643,0.395457463226305,0.138711152390309,0.220622438943122,0.0383211772187167,-0.0259387018996038,-0.479497690366827,0.036412444064251
"TGATCACAGGAAACTG-1_atac",-0.137924436834666,0.0157449887127516,0.330451818364127,0.423771783458037,-0.231977875144988,-0.0515289367462191,-0.334095991867951,0.121073284980611,0.491244674117161,-0.235594166717598,-0.196225927848064,-0.137757106119449,0.00404110060142065,-0.12686807108281,-0.372532903380747
"TGATCACAGTAATCCA-1_atac",-0.108305378132354,0.0034310202329195,0.332047443049607,0.448492155368839,-0.0877890708120011,0.0346022982135971,-0.0323361881674707,-0.170263942170228,0.095343265633619,0.196868337041905,-0.114747072331001,-0.0154773315348413,0.399416788272784,-0.313843148010604,-0.564475477856832
"TGATCCTGTGTAACCA-1_atac",-0.60010432799098,-0.0315936060699259,-0.10087185082167,-0.0287010586460612,0.0793401747536092,0.146419386665139,0.039732746196552,-0.0310047592819377,-0.260739469672004,0.346124436457533,0.241264479698305,0.27973588398728,0.133115482808452,0.462256005964723,0.204831674456643
"TGATCGAGTGGATGTC-1_atac",-0.246996482705104,-0.0546448967705031,0.1839041042995,0.327513841410417,-0.155880096446076,-0.0693954410849622,-0.561751010128507,-0.0979052588247158,0.157030882704931,-0.189911386028768,-0.164790121835504,0.448113885684337,-0.142230472109286,-0.3486725122456,-0.100835354122798
"TGATGAACAAGGTACG-1_atac",0.477441801391074,-0.171343204466944,-0.111479615394051,0.0841223675225977,0.212467515295439,0.195895254613902,0.00890700460443836,0.540310446549853,0.373632773337337,-0.0363718937193959,0.290344424506133,-0.137797841370656,0.171668700338312,-0.167019376791568,-0.214653994118584
"TGATGATGTATTGTGG-1_atac",0.358025566145285,-0.109893329608703,-0.0180394204514714,0.0714050020465846,-0.0938230384902914,-0.322306055173253,0.185871899563863,-0.174095307780596,-0.0250961931425583,-0.498929398628489,0.152647142082822,0.271688183297931,-0.449342962885695,0.316918700135056,0.166592366718177
"TGATGATGTCTTTGAC-1_atac",0.370348046432048,-0.173273789265137,-0.206019805786705,0.0378146976924904,0.237481522072542,-0.0717901730148066,-0.161247891029498,-0.00239400971894931,0.101058865490604,0.141674409802343,0.187414632254559,0.551407637950778,0.393361855447805,-0.39449876277206,0.146848586638189
"TGATTAGTCAGCACGC-1_atac",-0.3812123459762,-0.0395478130905969,0.203573217013203,0.495632006703974,0.144462189790282,0.397727144670446,0.106422819698896,-0.151107903218481,0.0902118806176805,0.348472843153022,-0.0964175984485835,-0.239373622073885,0.227715816325481,0.156425134089196,-0.283396278224335
"TGATTAGTCTACCTGC-1_atac",-0.176109336638762,-0.0436528886142676,0.190737808645842,0.378541816608327,-0.11571984405064,-0.053704968130924,-0.485651780630661,0.0304100080620096,0.353457895903969,-0.544658840130166,-0.226868347695316,0.110928621218345,-0.106218783376471,-0.118305347385975,0.153976147843512
"TGATTCAAGGGATGAC-1_atac",-0.511937407102811,-0.00359508598063645,-0.110249689200819,-0.0486084352130294,0.0412665884022355,0.143558169186854,0.0973823909114477,-0.151369978958119,-0.286821557050133,0.190556215946622,0.155058471355788,0.137971490271062,0.0201966402164937,0.565856583852189,0.431766367748324
"TGCACTTGTTAGAGGG-1_atac",-0.215755413417087,0.0183389139888087,0.343002693274686,0.42476958802386,-0.16564452699815,0.0422535441039148,-0.338897876971993,0.15622237801471,0.147747735102673,-0.314238915258262,-0.330006400213186,-0.0388697247755926,0.158411051338426,0.229027027524775,-0.421917707958997
"TGCATCCTCTTTGTAC-1_atac",-0.409149832880453,-0.0109765040719341,0.0878979820827678,-0.711506962587898,-0.292309986963242,-0.0890310412709936,-0.0320192789008321,0.182166930264075,-0.0171721423549471,0.0451048477126003,-0.129703170939945,-0.197517874333796,0.153348184990561,0.262073199099112,0.201401235190274
"TGCCATTGTCCGTAGG-1_atac",-0.0632841110499547,-0.00300687038520373,0.212418333981712,0.403276839347328,-0.0605076827744895,0.0337541181255203,-0.59132401555558,0.142594983671881,0.314850681909491,-0.31169700346533,-0.212595478092009,-0.136169433775918,-0.123223018561044,-0.26430216919773,0.26147639765982
"TGCCATTGTTGCATCT-1_atac",0.291937898911091,-0.0022506709333682,0.0111483905954479,0.0267174812015906,-0.265825599909096,-0.255953409771186,0.005970258466838,-0.0859958710680923,-0.482138732062516,-0.550415491799347,-0.334287882512157,0.155626225175041,0.156658104330117,0.239383055202242,-0.130743512967666
"TGCCGGTAGGATCCGC-1_atac",-0.077589812348311,0.0642868364013045,0.362001546351463,0.474693755104535,-0.294423089812245,-0.119263446454639,-0.299551657191246,0.198099332171713,0.225758485408821,-0.0758109163145527,-0.11913050470023,0.139232928973781,0.259115944870878,-0.020609044083872,-0.495708177025331
"TGCGGTTCATTATGGT-1_atac",-0.426650086974167,-0.033065350675164,-0.054468657642252,-0.731856699283412,-0.0822546659326872,-0.150173834086301,0.238613300819147,0.0915482801874782,0.00769619162529505,-0.00876568467346629,0.176875093042846,0.0183999822618866,-0.145557001999784,-0.157826717233097,-0.325275848304346
"TGCTATGCAACTAGAA-1_atac",-0.197876837551754,-0.0283546332468033,0.252064067733087,0.331499531005126,-0.0666808770692177,-0.0475696889173287,0.589553012609381,-0.0123889016151278,0.561315639749011,0.106291399703741,-0.0739241383825885,-0.165383014159412,-0.224905167505868,-0.103555301866898,0.108081547006328
"TGCTATGCATAGGCGA-1_atac",0.40910503007579,-0.286670529629879,-0.285824650150899,0.0292938992778557,0.498551759061708,0.159045146775874,-0.233092828621622,0.00355603405738834,0.52325982504115,0.100085910871226,0.129087808078844,-0.060905787869065,-0.00817055774227825,0.16532356577395,0.0900846305897668
"TGCTCAACAGCTCATA-1_atac",0.548688610428159,-0.279119276557289,-0.10449445733395,0.054769887660633,0.0581349908466416,-0.0620143910561713,-0.0682992057861491,-0.135170775134835,0.308247021170445,-0.0481814987026695,0.250988831804066,0.264615720749793,0.0386083240651469,-0.502627440107338,-0.304094593408586
"TGCTCACTCCCTGGAA-1_atac",-0.361265990010873,-0.0133963280856524,0.324235522537038,0.577118162440937,-0.11868249183366,-0.239436585374205,-0.0397321964495661,0.202396662877414,0.310736113911214,0.206444371109791,-0.139121147270975,-0.181464699283218,-0.0643440536463478,-0.0920127512582918,-0.336285684069103
"TGCTCACTCGCAGGCT-1_atac",0.0652990279142673,-0.18426357357469,-0.226390730334645,-0.030102498480357,0.192153790469145,0.314726340267301,0.0714414789891306,0.412261281746222,-0.32525054145423,0.0884366773284046,-0.0109781234342995,0.500370313842992,0.270609173216038,-0.179459894973341,0.359235218344026
"TGCTCTCAGCAATAGG-1_atac",-0.299438729964251,-0.0155206375469387,0.0840748080833647,-0.654204420974894,-0.0511566742640708,-0.118190301562878,0.191359802564513,0.0552814599691798,-0.00189996952639593,0.0525073777624253,0.110031914627897,0.0327529644466389,0.145324049229306,-0.213408232547106,-0.579810681125617
"TGCTTCATCGCTAGAT-1_atac",-0.43617157881838,0.0736542529367367,-0.0169598713076339,-0.638062751594283,0.0988347978385326,-0.210730291714982,0.22868307228898,-0.0605767540211634,-0.183606689528654,0.0811583705010018,-0.0332266138975728,0.0507346383839744,-0.385155536947266,-0.19698468907944,-0.235908381668138
"TGCTTTAGTGTTAAAC-1_atac",0.289255085677778,-0.164056648928662,-0.0831004256074073,-0.00755533959443555,0.0298247478526101,-0.282000296582659,-0.349216709604344,-0.535570580909661,-0.185564661894458,0.557175591991108,-0.171296973819109,-0.0696038399604543,0.068661042360464,-0.0510152792343999,-0.0828805038261911
"TGCTTTAGTTTCCGGC-1_atac",-0.233395577612143,-0.0463153356937991,0.44601089540343,0.663544569462893,-0.110878665298703,-0.0312096319838336,-0.220500524577251,-0.0746459090926266,0.0178500481302392,0.123073873920195,-0.151919827296848,-0.321344817210468,-0.0741461821548633,-0.288182281649244,-0.0796809575726081
"TGGAACAAGTTCCTGC-1_atac",-0.200154087342152,-0.0751245947541054,-0.0259070247588048,-0.75122435475976,-0.0810696186839754,-0.123192066990738,0.110323995949362,0.0926577901513735,0.140331010113651,-0.102530533777994,0.0525658042934107,-0.383775171278044,-0.287268247742252,-0.284103492805333,-0.0573613411130474
"TGGACCGGTGTGCAAC-1_atac",-0.236836271515582,-0.0491937013078515,0.0987314381841088,-0.103813717854251,0.114367160016677,-0.205604571863688,0.579132811259431,0.166487344092415,0.159950553251946,-0.0116330935602206,-0.282566078517615,-0.240381492839639,-0.294078646641071,0.0428824120420932,0.50082924077081
"TGGACGGAGTTACCGG-1_atac",0.388358611828478,-0.249614929778878,-0.164200392427687,-0.014862062250948,0.0304743049892174,-0.270566992543195,-0.11583065673031,-0.403994341916821,0.148972409844938,0.185648398295842,0.185360852044207,0.125436708668841,0.421900428349283,-0.352216953176009,0.316411286210866
"TGGATTGGTAGACAAA-1_atac",0.180226967365015,0.838196118470593,-0.326340235699454,0.0115005603113981,0.111531662874047,0.130298773699978,-0.0369247082457234,-0.0799138876862861,0.240896436191537,0.0954614534971676,-0.161353745968867,-0.108381110812364,-0.0822792122098627,0.0464347551084035,-0.0854225689119571
"TGGCCATCACCATATG-1_atac",-0.265789691413751,-0.0121555125207325,-0.020300657641599,-0.781906467102069,-0.0383519261652827,-0.174311413842418,0.197857946311164,0.204300756678621,0.17954696964044,0.108530525398281,-0.108485243408981,-0.0289188243716847,-0.018758453564765,-0.350219190022623,-0.158270786285658
"TGGCCATCACCGGCTA-1_atac",0.0100252303865301,0.677448234091419,-0.280376305912476,0.145682535782905,-0.057670852023249,0.266074399009653,-0.0641274894474072,-0.0106712536497438,0.034321969794127,0.0878935476595306,0.131702939557733,0.0229834795857378,-0.248436572591655,0.0441939789290293,0.521852824910166
"TGGCCATCATTGCGAC-1_atac",0.10172010029628,-0.238538495670522,-0.200831150000595,-0.0571061740124205,0.320417132995609,-0.082203676555689,-0.154356936615317,-0.521305208222056,-0.147558143249254,0.568906623175985,-0.0330519808410154,0.132285408337409,-0.131176742829164,-0.152451720608274,-0.28227556500003
"TGGCCTGCAACAGGTG-1_atac",-0.245016952496909,-0.00155855895206926,0.0416178101669166,-0.409562761312249,0.123911035486205,-0.344963913647106,0.29212931381366,-0.0532346500864777,-0.0304479535472185,-0.15803602305553,-0.388497050965423,0.0466175929597156,-0.0358345452962981,-0.0423597970374328,-0.604879300216994
"TGGCCTTTCTTGAGGT-1_atac",-0.177951081119669,0.041000936177744,0.204884088092469,0.326653698077426,-0.117727272566988,-0.0386378561449259,-0.425109401327959,0.0418103258784224,-0.0129021620197379,-0.375598287596292,-0.0707317729798515,-0.00514023472907125,-0.104404743069454,-0.353876853874954,0.581166399254901
"TGGCTTTGTCACCTAT-1_atac",0.388583551211321,-0.13802550921219,-0.0297004701863811,0.0564880138373749,-0.132462400086698,-0.100634016047973,-0.0122041302501553,0.319220722272171,0.0757234098511621,-0.113728803610602,-0.143984981259331,-0.00269689059305026,0.190898878853821,0.442499526064749,-0.651535900637753
"TGGCTTTGTTTATGGG-1_atac",0.173206445321939,0.750401460183841,-0.329967609246402,0.0313233183575126,0.280816531920674,0.145202747876375,-0.0540400102397715,-0.0994352747166033,0.0035589863845937,0.104411577063272,-0.0728484980859489,-0.208301540263699,0.0734020947232075,-0.106218485753289,-0.328643925683542
"TGGGCATGTCTTTGAC-1_atac",0.395898010084492,-0.339522732045484,-0.126276922940612,0.119081835251346,-0.0484835958793768,0.344833606824494,0.184099421982135,0.383055925064209,0.46435339111262,0.30486330990268,-0.127725593078594,0.191119357594921,-0.0912814368880285,-0.0735248991389028,-0.144336633826216
"TGGTCAGTCGTTAGTA-1_atac",-0.205234247859229,-0.107736497678112,0.236890994818007,0.269804547436935,-0.239939235210636,-0.0578530506718765,-0.493013356722291,0.0515524334946244,-0.0762595195847277,-0.259368003819201,-0.307664193855273,-0.208684835686385,-0.296506293522009,-0.449512881408193,-0.0972140563412246
"TGGTCAGTCGTTTCTG-1_atac",-0.124695572749425,0.7094657764238,-0.293322479056274,-0.0207560380280596,0.14779441698575,0.161000133109684,0.172425105119522,-0.00209103565182531,-0.140886796566147,0.017444164067449,0.0713770818976429,0.157920325829179,-0.130248898740127,0.150546828360629,0.476786520297395
"TGGTCATAGCGGGCAA-1_atac",-0.088027856305205,0.00483517989513704,0.320946540721257,0.433382029340339,-0.261926581013658,-0.0604891353254543,-0.448357000352833,0.195042807731049,0.119422236195089,-0.348802253534782,-0.276586093843976,-0.154601205896498,-0.327934282169688,-0.201899778294265,-0.0737589967932996
"TGGTGATTCCGTTATT-1_atac",-0.421970130339727,-0.0585453248660341,-0.0705121568225166,-0.72876542212797,-0.271447474234181,0.117948647119944,-0.252877879102155,0.0234613452875734,-0.151969046148881,-0.0353070551792419,-0.00474054755011788,0.122280880819615,-0.0455212023939991,0.293341269068816,0.0539613978378038
"TGGTGCATCGTCATTT-1_atac",-0.420696877507904,-0.0374098531425399,0.126162137533666,0.308669205894215,-0.148187308677087,-0.0704041814801786,-0.7013986548848,0.292391889158648,0.144100076167399,-0.0484105908039442,-0.00178925735209746,0.132228111734998,-0.0148549733478825,0.189797570475091,-0.170915415237994
"TGGTTAATCAAGCGCC-1_atac",-0.1132496508992,-0.00358743767735873,0.336945920330747,0.274226365508841,0.000599231390107535,-0.25359077997122,0.352133818823303,-0.154608496304398,0.101242139752165,0.00712848544837022,-0.120967340923501,-0.125656093219482,0.0688242183073734,-0.450135593096134,-0.581494776540459
"TGGTTAATCAGCACCA-1_atac",0.0956300723178005,-0.147797835838596,-0.223036330491906,-0.0708235155203008,0.278839373141863,0.150104867735228,-0.12859075727697,-0.0636177361413162,0.0292227787276901,-0.500907895818882,0.4076293504295,-0.053456274945986,0.438406498797112,0.411198544324415,0.1063832448471
"TGGTTAATCCGGTTGA-1_atac",-0.0951593013500407,0.0184352245336937,0.268425249216073,0.497579820146301,-0.0190431418078854,-0.0390486263033964,-0.0344698223755427,0.131744542326572,0.462019041348392,-0.228780937133454,0.239652038966456,-0.256980992323673,0.205128531706226,-0.0787160859122029,-0.461504333472628
"TGGTTAATCCGTCCAT-1_atac",-0.249943736323854,-0.000257344645551368,-0.235861394275384,-0.199950668775104,0.292578242251289,0.254668466230576,-0.218241534859819,-0.277456685341997,-0.354574571377436,-0.0423094553685731,0.179550391942495,0.205597520840762,0.0383949585678857,0.384034255118445,0.464617237553217
"TGGTTAATCCTAAGAC-1_atac",0.137140817907227,0.683713143853922,-0.224827600082988,0.0605503791492385,-0.0652992542318087,0.140666458189785,-0.230231086726879,0.00131921733479658,0.183272726580352,0.0639962721077839,0.0249954873277327,-0.231669489463198,-0.239402669737884,0.129809697965648,0.46509317159886
"TGGTTCTGTTCCTGTG-1_atac",0.436105703234981,-0.309218345747246,-0.237390475975105,-0.149089329624062,0.163928766117283,0.352949568326936,-0.229398487305633,0.36007981020579,-0.0827896483583883,0.0111150292594808,0.163409409230911,-0.415670067058951,-0.199172182859098,-0.0618715384946392,-0.227875481356989
"TGTAAAGCAGCTCATA-1_atac",0.240834308959246,-0.0937986761312863,-0.0761327219893254,0.00695738219509141,0.158779275240882,-0.261090046815768,-0.221491186716489,-0.550142338130924,-0.33254202071975,0.324983989411008,-0.471758860423802,0.0168821308156957,-0.177466819410574,0.0435371201187219,-0.0991567859657692
"TGTAACTCACCAGGTT-1_atac",-0.11568460432443,-0.0357606508926489,0.0628079449285952,-0.660203285042469,-0.383765741978167,0.118930607050274,-0.4106226251437,0.084789011717365,0.126717213277739,0.00814479908070072,-0.201874890393626,-0.335310244854857,-0.0794921116553475,0.158412460100399,-0.0870675424381004
"TGTAAGCTCCAAGTGT-1_atac",-0.377550821976362,0.0845716578755069,-0.227125173665042,-0.1995373228044,0.115967493449541,0.324166638330861,-0.15277559424443,-0.130400185068295,-0.408398350048849,0.161468597368615,0.166250054153774,0.344256782740339,0.128585598424455,0.494228598950447,-0.0146856061565588
"TGTAAGTGTCAAGTAT-1_atac",-0.128086382436426,0.0120605927945926,0.198212665718842,-0.0683968188512602,0.00778880488328156,-0.111249113580465,0.628243094622059,-0.103233377369656,0.38473564025583,-0.00401333448236389,-0.364296253230246,-0.149126356347659,-0.106517715718295,-0.0981669437084823,-0.444665790844419
"TGTATCCGTTCACCCA-1_atac",-0.200359140723909,-0.0297957382305748,0.266578291484167,0.408577920326546,-0.124828607537493,0.0708240950762026,-0.639500781287885,-0.0641639703483555,0.366501914976756,-0.361278489240369,0.0471391698028921,-0.00484023652463553,0.0486257831190958,-0.10626071381511,-0.080900509316693
"TGTATCGCAGTACCGT-1_atac",0.172814109323047,0.773662027125379,-0.237388376758638,-0.0370149542375764,0.0445103850475937,0.133075182727245,0.0161815588412761,-0.0899724952306299,0.369709634784276,0.0143250223110783,0.0372325600490111,-0.00683121208879821,-0.184621275915094,-0.204851222929919,0.267281767816186
"TGTCAATCATGTCAAT-1_atac",-0.249740168150949,0.0522602889208622,0.208331551170419,0.027495048211792,0.236447436688062,-0.191962240120452,0.54032638696992,-0.121374682056357,-0.173968385166578,0.201517332115674,0.0550500779993748,-0.364494743383856,-0.20800741551625,-0.296148755309646,-0.391876325480435
"TGTCATAAGGTCATTA-1_atac",0.223735305439423,-0.129853970119355,-0.194985616483586,-0.00378184549203446,0.1941887737125,-0.0496669066222325,-0.388192076894428,-0.529441254020556,-0.258991017083779,0.181123622959962,-0.0559371128932292,-0.420375761177922,-0.322453375355794,0.167427272991739,-0.110157292780508
"TGTCATAAGGTCCACA-1_atac",-0.0192398297661724,-0.219188498684707,-0.152201767772294,-0.106901670533357,0.306879260364081,0.400745918538383,-0.169030180294559,0.169901382381284,-0.0990770645909891,-0.042932964920451,0.370021919296927,-0.0870266268273847,-0.0850391669712877,0.511183318129322,0.42437439728615
"TGTCATAAGGTTTGCG-1_atac",0.637087376540382,-0.351849258959442,-0.0785842748392265,0.117832536735025,0.0780887048696668,0.221522548877833,0.125914487508335,0.0401152516523881,0.232707939750722,-0.0187017596943286,0.232793474333138,-0.147443846400019,-0.194804361680603,0.288949691165753,-0.354615436298825
"TGTCCTGGTTCGCGCT-1_atac",0.261771282931897,0.822727063463547,-0.297014185249124,0.0410254018110562,0.122907627527437,0.0559046053222291,0.110092576997799,0.103087481628317,0.126631270393954,-0.132338063640824,-0.158692494891465,-0.111854868092544,0.0909198994748191,-0.145908509181647,-0.151383843629188
"TGTGCACCAATATACC-1_atac",-0.655512853405914,-0.0953300361824465,-0.0534060827336094,-0.209871031737659,0.159490127676992,-0.0649674275753864,0.271008193669862,-0.23980553382449,-0.132548122705595,0.267989430544248,0.312281668419566,-0.135442759021436,-0.0143938448688345,0.37547374257978,-0.0852489634473399
"TGTGCACCATTGTGTG-1_atac",-0.570016921231286,-0.0589514449086363,-0.121990888662685,-0.0591239708024345,0.124633180125727,0.128736794921685,0.0155271939097006,-0.0191997824577665,-0.31101834109016,0.372798526160964,0.258037839428107,0.222876231732845,0.13628415068222,0.447641688855537,0.222680839503321
"TGTGCGCAGTAAGTGG-1_atac",-0.150470729737344,-0.0439567957972213,0.0659297109951273,-0.0392714675991339,0.282217723254063,-0.286720886270642,0.71344797676865,-0.174621849921064,0.145735757657394,-0.200128270421858,0.0230678918666628,-0.352768326208719,-0.103249394391063,-0.00800821527422754,0.266811627222851
"TGTGCGGGTGATGAGG-1_atac",0.382703380530213,-0.240558841493103,-0.272409156703623,-0.0199131608246646,0.190153043797485,-0.134800585820651,-0.218383376640182,-0.370936937588004,0.452486073041099,0.297872372006162,0.126928679727813,0.187027043808407,0.151771603797207,-0.102368080353299,-0.321521305777666
"TGTGGCCAGCGAGTAA-1_atac",0.124123044879784,0.220771925360536,0.158877477681521,-0.511269356241906,-0.172196263410443,0.0663564836429212,-0.267139961065052,0.44154762020477,0.23725834396546,-0.335144064825437,-0.105236480795767,-0.18122283533424,-0.0738023107862663,-0.358864763057088,0.0455173071302708
"TGTTATGAGCTCAATA-1_atac",-0.108957101251156,-0.0636500985007914,0.0223571540425461,-0.094861347827069,0.270277789190648,-0.271768936076656,0.680349321965707,0.0247728594293569,-0.0383245655755413,-0.266890306549869,-0.381766648653494,-0.230850056720912,0.203251160734773,-0.187717161533256,-0.126078020077526
"TGTTCATTCCAAATCA-1_atac",0.190879395206536,-0.244303793833231,-0.387437520256557,-0.015374053639657,0.119595184624129,0.27907318109585,-0.215947498999129,-0.173698588492864,-0.367403939704829,0.257606969732115,0.0158466958613956,0.364043079988081,0.319073554334306,-0.348678794309643,0.164428787981017
"TGTTGCACAGTTTACG-1_atac",0.239614837932632,-0.100643420043206,-0.0157369760637146,-0.00482258512588801,-0.0271606311164111,-0.0185114264557086,-0.0555108783174683,0.341903164337702,-0.05942481262766,0.131517942604077,-0.751887820430533,-0.171299228749015,-0.0846096823319425,0.167170106733392,0.400641331766744
"TGTTGCACATTATGGT-1_atac",-0.118330640764869,-0.118711768318108,0.320137296481701,0.442672689140698,-0.288518978722461,-0.222443246219976,-0.453548419582867,0.219540935588564,-0.0621928326446719,-0.301818702540527,-0.190870278204015,-0.115521993168931,-0.308650126127524,-0.215779667015065,0.016271150342191
"TGTTGGCCATCTTGAG-1_atac",-0.2156138680041,-0.0355859026457332,0.249795917600255,0.255593906505016,-0.0612688151917926,0.0431999283518725,-0.512678638846165,0.0703233600436553,0.00491004769484692,-0.337976972557405,-0.512600359117535,0.0711783216412947,-0.257461013640255,-0.319061527366758,-0.0308016033112463
"TGTTGTAAGTAACCAC-1_atac",-0.172249681174528,0.0426647493382794,0.228946286849182,0.52717404021621,-0.208845312385913,0.0557647274407468,-0.522070397137892,0.165964485594472,0.117448239521619,-0.0808864071748202,-0.276684321046991,0.104196273077253,-0.111086872864945,-0.368275028060612,0.188781752020797
"TGTTGTGCATTGTGTG-1_atac",-0.233499897385375,0.00181918959715655,0.323257001991725,0.540787847271507,-0.337446230327167,0.0517887772602058,-0.306133473398242,0.274293741658675,0.198064551400713,0.200297562486103,-0.142059921086347,0.156944134254202,0.213620359800017,-0.302657881086711,-0.0403050083315193
"TGTTGTTTCATAACGC-1_atac",-0.506106272268591,0.0333922393355969,-0.0453192071566524,-0.512176096116951,-0.234005901030913,0.102000268343033,-0.264026055696073,0.168662282886717,-0.261622397598325,0.23471821895386,0.21078333369566,0.120055295853317,0.00222855438021032,0.35439258273044,0.0840404493567432
"TGTTGTTTCATTTAGG-1_atac",-0.643599771637038,-0.0387743910332254,-0.0475847290833487,0.00830379384400584,0.127461614379535,0.197062143688036,0.180004944823929,-0.132334923252622,-0.210246504350836,0.290371510875159,0.122404461414529,0.23721327336875,0.17046344155639,0.388987381829088,0.311138543321855
"TGTTTGTTCTACCTGC-1_atac",-0.309905575613663,-0.194653541779305,-0.248585028484574,0.0137051292991346,0.352055058731439,0.0360558571738877,-0.00710632670714328,-0.0192825050201533,-0.395283697040119,0.0576659116268126,0.0825519241289012,0.227202016437203,-0.235624964841343,0.546661840534844,0.325657266022262
"TTAAGCCAGCTATGAC-1_atac",0.268647908747248,-0.160265114681218,-0.0225401825222424,0.0773342451135061,0.17536762384756,0.062674218120499,0.0713785166739566,0.0821268324502718,0.255561930129375,-0.233210774620165,0.424050797072871,-0.376369579888303,-0.547577202704596,0.291028985242229,-0.153043165864912
"TTAAGGACACCAAAGG-1_atac",-0.197052813062054,-0.0420323957060561,0.0785373095090349,-0.577757045656832,0.0914913797549692,-0.234945732966264,0.133345841042163,0.168562991997395,0.31168229842483,-0.390663120498229,-0.124455640932995,0.121196722904736,0.15669181287716,-0.447319776509236,0.0712650014448958
"TTAAGGACATTGACAT-1_atac",0.243160511587282,0.799952688185929,-0.296199043861844,-0.0295242070518885,0.0791921650389795,0.146293195303527,-0.0751473365006721,-0.0583277453487497,0.275190231664742,-0.236302590763926,-0.0458368602953796,-0.121235232887562,-0.112280280138558,-0.109405948992539,-0.051736480188391
"TTAAGGTGTGCTAGCG-1_atac",-0.20721043246041,-0.0316426661243396,0.29333279351494,0.417190798625389,0.0137065177632363,0.0200412576093881,-0.096890837475,-0.0446488741902624,0.380046260160058,0.234962020543879,0.0585527727857679,-0.390254478107422,0.28041248943893,-0.108933188693832,-0.487988228840071
"TTAATCGAGCCGCTTT-1_atac",-0.145893590117997,-0.0234166450166693,0.0351592742782139,-0.0172036528254171,0.186572396696861,-0.15012417060337,0.537568881639706,-0.0636212122813884,0.0534718508136348,-0.250177514757193,-0.0822885288810651,-0.399492137664383,-0.347208308311895,-0.265823847269774,0.450811234324919
"TTACACCGTTAACGGC-1_atac",-0.100559571232653,0.0146998961445923,0.111037386469509,-0.465980543881394,0.0718747642827442,-0.271104577849659,0.301894473985524,0.192665891928718,0.378979127493894,-0.146444154122665,-0.440588739510923,-0.109173328162065,-0.18053974511637,-0.327722516202495,0.205366634335077
"TTACAGCAGTGAGCAA-1_atac",-0.265116918087349,-0.00649981644852182,0.270037978226031,0.345313038242875,0.0465431757161185,-0.0454261982003838,-0.484961438193726,0.127651172109376,0.239625432601724,-0.436373816496817,0.0189053669740767,-0.216868055845863,-0.0368588215024603,-0.402381163655097,-0.152630754742407
"TTACCGTGTTCACCAT-1_atac",0.163797205260336,-0.357769485356508,-0.273357551023572,-0.106305155483002,0.308546155752541,0.553274035524347,0.154668485483026,0.0560883851202813,-0.317234329292471,-0.0746276944735942,0.0873894561877843,0.161676072979421,-0.398426829809558,0.178832670125754,-0.00755998964007172
"TTACCTGTCTTTAGGA-1_atac",0.0917458221431922,-0.167358134990653,-0.240292305089217,0.0173137821896062,0.0466313328228108,0.255834265920624,0.0230950785653117,0.103231258682706,-0.484925198493181,0.150773255128005,0.46202761685969,0.479346096376994,-0.199738451548752,-0.23822512487777,0.170129923855906
"TTAGAAGCACTTAGGC-1_atac",0.256068086393439,-0.233014381133292,-0.174186443806047,-0.0700973476193816,0.224494290547835,0.456052132773535,0.0904762890001792,-0.028215110296232,0.00355438611537778,-0.242803238393895,-0.165680461542124,0.176771710532281,0.359578447685971,0.116529737486812,-0.563005731209839
"TTAGCGGTCAGCACCA-1_atac",-0.588517548931498,-0.0961300300551461,-0.000996791786584737,0.260533519048736,0.104587111760526,0.0789897451221923,0.0263048504812219,-0.0377870029466637,-0.358703180054204,0.151267207355688,0.32825282863527,0.0568827078385039,0.244694183262155,0.467644462094168,0.126995549678348
"TTAGCTGCAAGCTTAT-1_atac",0.078889352396868,-0.131394917240373,-0.108736205537914,-0.098642288553308,0.0982330227533567,0.381248942909083,-0.0149340719918177,-0.0541876888138661,-0.143443699998345,0.44689932107794,0.592082415852209,0.0581626085763356,0.165118686493278,-0.231933023029758,-0.376166830959699
"TTAGCTGCACCTCAGG-1_atac",-0.249143657124511,-0.0393767080184442,-0.0264151134142035,-0.60778985187695,-0.0747197829805483,-0.0940686693678175,-0.0536542575077373,-0.065884640987309,-0.284429893916248,0.262043643469835,-0.182252425296141,-0.30166719373255,-0.0174235546412474,-0.478390260121774,-0.204137271839986
"TTAGCTGCATTGCGAC-1_atac",0.168936962174858,-0.235916643139887,-0.118634047900634,0.0339380074151156,0.384300658810683,0.0752638288082793,-0.0859931117584451,-0.165489095313072,-0.401466321951112,0.0518291084815693,0.10633433350559,-0.168209212690923,0.200045052360302,0.373309684548063,0.574111296693556
"TTAGGATGTAAGTCGC-1_atac",-0.615172243872207,-0.0438691293123028,-0.132961006479197,-0.312774764418032,0.0428298538680209,0.0039358023075061,0.4091645436691,0.0829343364394456,0.160599414683727,0.2335399361061,0.449798196563095,0.111147130958681,-0.024268485644591,0.172501194393944,0.0513567416739875
"TTAGGATGTCCGTAGG-1_atac",-0.204331730364821,0.034026459199857,0.368713317345769,0.473569425854103,0.0445667157194951,0.232956159404,-0.185435166243164,-0.184754177577325,0.039887496898285,0.0410120979746487,-0.317914228052507,-0.164571488295129,-0.0486872074999865,-0.106731913204733,-0.571760246925988
"TTAGGATGTTGCATCT-1_atac",-0.250934012775024,0.0310140358434643,0.281999638506214,0.454611136455798,0.143876952906318,0.0313796752210978,0.163404407874982,-0.140192642717139,-0.0235810277827655,0.216045705693112,0.0250201472168939,-0.122904763946921,0.463337618391378,-0.410359436482403,-0.368503614381732
"TTAGGCCCACTTACAG-1_atac",-0.186635844799731,0.0662570690530146,0.377551603902372,0.571378273403602,-0.20616574616809,-0.244827235462488,-0.179793717659033,-0.00181291921167746,0.438026181527818,0.0251838283751975,0.0195889187881671,-0.393003954377252,-0.0920936882006179,0.00554281878461418,0.0337045182296824
"TTAGGCGTCCTAATGA-1_atac",0.225330524163233,0.814839252215309,-0.234205955345787,-0.00606587114460665,0.0810903863498605,0.115428708475914,-0.0325781377214491,0.0554993866614237,-0.0803757043449452,0.188956673924683,-0.0451303145906789,-0.177037993797703,0.0470916018353077,-0.340675654292633,0.111854252210815
"TTAGGCTAGCTATTGA-1_atac",0.187001681741842,-0.195802762611853,-0.114469836815708,-0.115370237261051,0.22634562313267,0.21026924836349,0.153550105247657,0.134209213262886,0.276449712435307,-0.149894052051449,0.185215896781569,-0.532453517607121,-0.259993962431043,0.52727973833739,0.0302925434327478
"TTAGTCAAGCCTCTCG-1_atac",0.199941542871484,0.705294666713512,-0.289859646277252,-0.142289034322834,0.142111629331311,-0.146641202014647,0.163208311460817,0.0167148366382641,-0.161095552127194,-0.242760636548765,-0.12420894336532,-0.126077855108566,0.16133453611185,-0.298811574078217,-0.24119940426741
"TTATAGCCAGCTTACA-1_atac",0.175543540057186,-0.111515473083535,0.0192169739615122,-0.0191805688674569,0.0286252298870339,0.530456544028647,0.132554179276139,0.117879451297761,-0.494469082664102,0.121983285766617,-0.231200123347854,-0.482129730194152,0.218275287732292,0.165633506345087,-0.148260328399291
"TTATAGCCAGGCGATA-1_atac",-0.276665500166392,0.0424981812286921,0.306953334331336,0.453163955625734,-0.048762709689549,0.216371647193403,-0.288017347624622,-0.232259028361055,-0.205633733466063,-0.238813856236765,0.099791922032636,-0.304777092785867,0.222715829014171,-0.0766866821175587,-0.422293101001593
"TTATCCTAGGCATTAC-1_atac",-0.178699556209689,0.0149374165279857,0.0567521518206615,0.044613411129694,0.239750309976479,-0.221917191805324,0.753520049092306,0.0661674179444438,-0.0219447222536116,0.01337713084737,-0.0818158454270853,-0.354911400338765,0.200785279739788,-0.294512628567129,0.152857012306832
"TTATCCTAGGGATTAG-1_atac",-0.275495999730405,-0.154296055565355,-0.265632176980789,0.0345988632924072,-0.0635223089637278,0.290578455639431,0.0758368026334846,-0.0738783437892066,-0.508195298033228,0.402840804069807,-0.142103005105512,0.282910108370857,0.053829758088637,0.27783473454073,0.357760594853506
"TTATGACCATTTAAGC-1_atac",0.288250306993939,-0.106799441073086,0.00524203634203922,0.0465714644167698,-0.026163306833567,0.127912013235278,0.195483309963672,-0.131103684730216,-0.56807793935028,-0.147441147925668,-0.477137761388417,0.20384787595749,0.079363556914049,-0.435421674254772,-0.145962020925899
"TTATTGCTCAATCATG-1_atac",-0.218404819168134,-0.0167902980561424,0.0503162946691667,-0.0831905145839136,0.145610888582083,-0.250673005661142,0.770482619448048,0.0837364614806456,0.101223387274512,0.182854951319611,-0.0835212036239985,-0.193528223110638,-0.220649188329824,-0.293472936307442,0.186940580216183
"TTATTGCTCATTTAGG-1_atac",-0.311826964994156,0.0131153431471327,-0.0618084616165179,-0.831157450410601,-0.202395130731653,-0.0480547516246865,-0.199259716169115,-0.0187991829141161,0.270966938414672,-0.0172901072911599,-0.140437218572812,-0.0283032488487796,0.0378267485964695,-0.0329141489517786,-0.166907539141171
"TTATTGCTCTGCAACG-1_atac",-0.255384054352287,-0.00660619410237451,0.149359831417293,0.0271713425833733,0.165374183538062,-0.145068747443181,0.721226540765841,0.0771200444756239,-0.201181870836487,0.24074271331833,-0.156656089464086,-0.235788886218877,0.296461641308073,-0.248382231057639,-0.0950155228411716
"TTCAACCGTTACGCAA-1_atac",0.501306708740951,-0.150561242855253,-0.15798255429916,0.0910659517457632,0.0568622265519167,-0.101078590158256,-0.0796270794577536,-0.0565574939958123,0.0528611872082715,-0.371141603421733,0.521277599851398,0.140646166295801,0.112346216993987,0.162220104474364,0.445861946023061
"TTCAGCACAGGTTATT-1_atac",-0.191855804831638,0.0852614977793317,0.363837198853168,0.273591242095015,-0.0556584695945991,-0.0900860601793194,0.18045672274495,0.0870002081206165,0.566641572704444,0.335140511748567,-0.103234660466791,0.115906856178951,0.134587602057402,-0.191715631781986,-0.430096255034995
"TTCAGGTAGCTGTCAG-1_atac",0.458826188336501,-0.164412769230965,-0.00246040584192737,-0.0453241848983072,-0.0410022492554496,0.459544283683878,0.0142031197640037,0.271803653016177,-0.0289131375669811,-0.0912240055487642,-0.212457967981788,0.332674922471136,0.102472332525079,0.0769716330290194,-0.540417944951459
"TTCCACGGTTAAATGC-1_atac",-0.222126028546845,-0.0346636739906651,0.285070092515655,0.340415884206653,-0.087275221281196,0.0250270069962231,0.0967828866190773,-0.129597162548378,0.0783450566288766,0.2129620308764,-0.137523979041973,-0.288665627436932,0.207475704247528,0.216015395970366,-0.688813890213526
"TTCCACGGTTGAGCCG-1_atac",-0.168572733738977,-0.0893730090888183,0.379488489452843,0.436809831783215,-0.0682185136850893,0.0634791632934806,-0.195152486359309,-0.00978357225193032,0.166938172961578,-0.0542111681578895,-0.256170712309941,-0.130853119392977,0.277492880300198,-0.308345959265243,-0.544320740610602
"TTCCCACAGCGCCTAA-1_atac",-0.163618132224115,-0.0519320879834163,0.184462477504419,0.393078298216331,-0.10606417137801,0.0135944137306433,-0.452463471083738,0.34898528520295,-0.0257269223575666,-0.0490444353133826,-0.103685141563288,-0.394622751321034,0.0108857879938478,-0.381739391497895,-0.358689912611901
"TTCCCACAGGCGAATA-1_atac",0.295485833346511,-0.161039778290766,-0.221025304640229,-0.14068936577384,0.205775432532545,-0.0417226129240478,-0.465795719932236,-0.485663476491389,-0.127134006970021,0.233359896189344,-0.081395373674028,0.286476269865778,0.0286354076555586,-0.381523527418871,-0.124481779884177
"TTCCTTCTCAGGAAGC-1_atac",0.447738424211274,-0.318856410269295,-0.222959521343267,-0.0615485162538919,0.287527150747839,0.127012942552642,-0.162673181754239,0.165991537278617,-0.295608541731914,-0.3306423464883,-0.0997905691107375,0.289266099764248,-0.329035739472634,-0.13498130772076,0.273341442017781
"TTCCTTCTCATTGCGG-1_atac",-0.277337688775476,-0.0602286160048685,0.333974037468725,0.477039120693345,0.041816089490792,0.0812530278807637,-0.0759097536510038,0.0733546341684319,-0.228263090221276,0.0503881950266109,-0.304519273785554,-0.0555766345894151,0.500686213260639,-0.243615654429988,-0.316794060365938
"TTCGCAACAACAGCCT-1_atac",-0.611264680713209,-0.0572972297374831,0.0197716716910333,-0.00288485494569946,0.114067263714433,0.118956519432532,0.189790039534523,-0.0585979740438822,-0.17081947698236,0.235304529440319,0.225438693086851,0.147141162604637,0.232319677232752,0.585757607906269,-0.0441842883556478
"TTCGGTACACCGGTAT-1_atac",0.163109390155912,0.0917433472012277,0.0154351316447847,0.0870423522597,-0.371168504136924,-0.56308018763162,0.134715362263967,0.432494175753772,-0.187823529597844,0.3580993430417,0.137049498244182,-0.311030778199042,-0.0344306987670916,-0.127022740898838,-0.02798742963409
"TTCGGTACACGAACAG-1_atac",0.506419436854979,-0.203773944640345,0.0213151860189272,0.0390053870327851,0.137829706277101,-0.147445425484875,-0.136343959737335,0.0395937025488099,0.232774293949121,-0.0882639213336472,0.403337170477934,0.444985192224267,0.138317483292082,-0.429015257095625,-0.115292475450809
"TTCGGTACAGCAACCT-1_atac",-0.0782010972775262,-0.035734801939594,0.11210570456683,0.265580900631839,-0.103003084557567,-0.182264236601305,-0.30098798646824,0.109530360210202,0.374825075902603,-0.42215771901006,-0.380734056601843,-0.15346680467906,-0.44658437379848,0.108981570804081,0.254067133694823
"TTCGTGCTCCTGGTGA-1_atac",-0.624817348859838,-0.0319173315002387,-0.0699462868502767,-0.0497143680132904,0.0867271664747126,0.107001195414781,0.0838694482527059,-0.0380273657150515,-0.245810191321546,0.339380358548345,0.248472240297857,0.310315651171371,0.140290282829574,0.428962483263795,0.190901623810462
"TTCGTGCTCGCAATCG-1_atac",-0.566907856387986,-0.0492989270426931,-0.100620961403654,-0.0368717009540484,0.09750454941953,0.120229900728514,-0.0374021976657078,-0.0623121634751495,-0.229319581120517,0.375675838839853,0.287123160162534,0.363346422488368,0.12068450616438,0.388444181830423,0.248642577252824
"TTCGTTAGTGCACGCA-1_atac",-0.222291524118968,-0.0575114430546787,0.244702298758825,0.514888892048373,-0.260532697787985,0.148969245466799,-0.353884534851843,-0.0196019508064124,0.444183715303853,-0.2523138926819,-0.310459847693087,-0.15837399604865,0.119936198259117,0.0659966417038173,-0.073703062698451
"TTGACATCAACGTGCT-1_atac",0.255342519034671,-0.170906445221803,-0.229053698880502,-0.107985222817224,0.276117403607459,-0.406007079460534,-0.0987517981700746,-0.509138066731679,-0.125286615665382,0.239120594720741,-0.0679173214255584,-0.119270052180167,-0.232181400418776,-0.151349481284754,0.403584378892571
"TTGACATCATAGCTGC-1_atac",-0.0975579145476741,0.0140104633450937,0.172594669478429,-0.0675348170868985,-0.147986177353508,-0.363219427504271,0.119538439133474,-0.063134138700547,-0.00408697936022601,-0.519150969102793,-0.181854094164773,-0.0476671508753576,-0.310868688780481,-0.618207303963962,0.0116428679569737
"TTGACGTAGCAACAAG-1_atac",-0.170133904839665,0.0138730842049436,0.0549467336747517,-0.474099879620473,-0.397064793281685,-0.179811601340835,-0.425447968475991,0.264627922656976,0.150187684948379,-0.233811564122776,0.173050055054112,0.190048010615471,-0.206085517275595,0.153579229286786,0.304465109610952
"TTGACGTAGGTTAGAG-1_atac",0.186107978296747,0.725963397971112,-0.369671040886129,-0.115853351476551,0.0549520996097228,0.0244068721536096,-0.115890495504498,-0.196877301266489,0.222645117061612,-0.12160815455562,-0.210364337276291,-0.0898790715548962,0.0529199601302406,0.148848731770579,-0.30134418843458
"TTGACTAAGTAAAGGT-1_atac",0.183933512580875,-0.149039216138294,-0.120783534595833,0.0464579888218883,0.367033346581039,-0.17741332201663,-0.266982886516863,-0.46920961281715,-0.220188163943935,0.270145636744765,-0.0877645566606816,-0.402905704687893,-0.371633858642843,-0.0359400307503998,0.196676774668793
"TTGACTAAGTTTAACG-1_atac",-0.307552145958607,-0.0171309148190937,0.324643491830942,0.499288277744962,-0.162304857572854,-0.00663203762169754,0.0394148308709657,-0.248287089903643,-0.131345648610848,0.158570366285818,-0.285974789293694,-0.00702637459767726,0.162963214971255,0.0345659631923673,-0.555760887254641
"TTGATGTCAATTGAAG-1_atac",-0.199077782508373,-0.0542699051569871,0.199976070434606,0.134819768791308,0.00938281143062525,0.000458803427907175,0.25080902162838,-0.303817667934512,0.105583528349944,-0.173574625388241,-0.152759760912119,-0.201284890259694,-0.1487377364164,-0.1100837699323,-0.777553144484063
"TTGCAAGGTGGGAACA-1_atac",0.326088615933673,-0.110020528637599,-0.0497458193257959,-0.0549076895987521,0.0256150521011421,-0.123070442495607,0.0219412156872307,-0.41503270971795,-0.489070384668501,-0.353697902636251,-0.329272395203154,0.134497064779522,0.217195609911655,-0.0617362824469496,-0.381770933186325
"TTGCAAGGTTAAGTGT-1_atac",-0.660751443841266,-0.0705656740612798,-0.00269918566437777,0.126125932161887,-0.0245604815121397,0.27680254047727,-0.0261986353584427,-0.0204694319406554,-0.167677486842784,0.2641218974067,0.16467891864706,0.264187309957202,0.281914320129071,0.395455574824991,0.183122243615546
"TTGCAAGGTTGGCCGA-1_atac",-0.157904524796525,-0.0540141685139728,0.256311777454675,0.4620268681582,-0.0046865050248515,-0.144141254734874,0.344191169458861,-0.0186223927461559,0.291441676308064,0.12710172692046,-0.0250388324096221,-0.546675864515097,0.125390627739264,0.0666082791057659,-0.364193686351197
"TTGCAATCAGACAAAC-1_atac",-0.209586160221496,0.0342655205321818,0.371155070028209,0.577351895680978,-0.247699557766968,-0.19065822571729,-0.119291452322284,0.206738197744389,0.365960350950428,-0.104212151210159,-0.112481578808128,-0.105627911296225,0.139729635848825,-0.0947180305011677,-0.363371802093646
"TTGCAATCATGGCCTG-1_atac",-0.11252807146439,-0.00884614023800958,0.193890663522618,0.336857513434336,-0.251194032436555,-0.0730002393504334,-0.648902066196225,0.207628684599396,0.183355496371912,-0.261114730870421,0.00284848039971956,-0.179666640618691,-0.0849940594734821,-0.150241028999456,-0.373760421738462
"TTGCAGCCAATTAACC-1_atac",0.323580028702488,-0.0119821336969741,-0.0922144062379237,0.0618413823209886,-0.323115925755832,-0.289258769652311,0.0750602840253432,-0.30042440919818,-0.462837093355119,-0.290896071827267,-0.496883859309667,0.0245867879072052,-0.0628170136593773,-0.217522265461171,0.035530810368881
"TTGCAGCCAGCTTAAT-1_atac",-0.069103525007298,-0.0240803863999465,0.278140702182772,0.393681073827577,-0.0966357778524865,-0.21146371284516,-0.504070570704947,0.0369708028327927,0.189758798106028,-0.268584495734918,-0.26715042395368,0.0270793705451102,-0.0599463319697135,-0.518162088719205,-0.0213133000556381
"TTGCATTTCGCCTGTT-1_atac",0.186273738734367,0.8622516512145,-0.326601585858866,0.00699235805884487,-0.00768398404502168,0.0379959243776122,0.152968936575613,0.0750367961518029,-0.0832031883724257,0.00938266163214151,0.0482389169794324,-0.0260216594873766,0.0722938280923889,-0.158949763186979,-0.209922832248451
"TTGCGAGTCCCTGTTA-1_atac",0.414014118512571,-0.194527045395813,-0.187552627311024,0.00484364843503163,-0.0310740284544839,-0.0487752611553552,-0.127311470879003,-0.0880084146757809,0.466714644295467,-0.429785448728386,0.262217965623177,0.219243728201309,0.14164240686576,-0.213891489951173,-0.378255826707522
"TTGCGTCTCCGTAAAC-1_atac",-0.549727489939888,-0.0294705085913435,0.0310157731461026,0.243986716758183,-0.0585898395975522,0.354223958130853,-0.0150556397743754,0.0672556151492214,-0.213723490662605,0.318941668942902,0.174644635559154,0.31297070985969,0.194460849555202,0.434808570740235,0.00747396185041983
"TTGCTCTCATTAAAGG-1_atac",-0.478848676939643,-0.0668478148345638,0.163365430524677,-0.0334962175113574,0.202507914232491,-0.104741703914166,0.764799318088712,0.157077692630304,-0.0151119605356709,0.0670649213248678,0.0835723000379461,-0.131373757000268,0.215149721574842,0.00676065750329868,-0.0393547692295414
"TTGCTTAGTCCTTTAA-1_atac",-0.120000184552132,-0.135398288151031,-0.148444976070882,-0.207891695877692,0.0976869984016394,0.443739689020637,0.114807168298294,0.306436334853329,-0.0380110418134279,0.106775826195339,0.0434616653975328,0.063643281974287,-0.476315205094506,0.544674653320216,0.214822866625099
"TTGCTTTAGCTGTACG-1_atac",-0.245069885312969,-0.0554409180322355,-0.0492985312209999,-0.752458627490022,-0.0887093116177271,-0.107579240847929,-0.0131270083740573,-0.0393788621349959,0.0820165831881557,-0.075893405778353,-0.126530365003723,-0.05476497566342,0.145201710687635,-0.429464060466979,-0.331750652884692
"TTGGATATCAGGTTTA-1_atac",0.287292948698969,-0.243707166063044,-0.17953148254465,-0.00805746026911209,0.0424869387370472,0.224781601548398,-0.0272551460910463,0.203300973824545,-0.294356623544867,-0.433072545604094,0.324261092925897,0.355709596554765,-0.247779053575761,0.340580200914644,-0.219329678677982
"TTGGATCAGCGATAAG-1_atac",-0.184376699703628,0.0329986021323342,0.0372156501548129,-0.751487388778418,-0.345287604209771,0.0211300875198135,-0.35920552706435,0.00902771521353339,0.170384570350905,-0.0330468248922358,-0.143321342554519,-0.256438008469812,-0.0602867439977036,-0.172390916776319,0.0155026017703123
"TTGGCTTGTGTCCAGG-1_atac",-0.131695246751186,-0.0189943205997703,0.254383996351948,0.100293706121683,0.166954643530012,-0.173094654881188,0.617341173581775,-0.0719202552489556,-0.00657477379807083,-0.0818656004853692,-0.124735504984275,-0.0617325695170821,-0.3252561239129,-0.536138455412555,0.209895741667677
"TTGGCTTGTGTGTGGT-1_atac",0.34936344492114,0.00794842176160128,0.0852334085929902,0.0616704866803764,-0.235184257655124,-0.29322315823359,0.107279829975431,-0.297687531028067,0.129611554194837,-0.53349848524932,-0.0301920573864821,-0.00460580773717623,0.0252879083181088,0.56488007513667,0.0575690830426131
"TTGGGCCAGTAACGAG-1_atac",-0.163042173966545,-0.00144753493887411,0.375569103678705,0.388036600138474,-0.100723195611004,-0.100168472693103,0.140415895837586,0.156596598210219,0.360770746493731,-0.125418186736892,-0.00477174122518983,-0.224512023666712,0.178440996226742,-0.247242830943147,-0.572790291531496
"TTGGGCGGTCCGTGAG-1_atac",0.43351042290623,-0.440866882407911,-0.15863935682612,0.0395080527089988,0.239056629435643,0.0673367612349313,0.112569392819436,0.213865397991885,-0.0490210980022677,-0.284037506850258,0.2360450260438,0.0934605623575137,-0.141170089796154,-0.185005926957401,0.518841491854828
"TTGGGCGGTCTCAGCC-1_atac",0.202333235030212,-0.231187261511559,-0.122606144944845,0.0243591633316756,0.206701986551013,0.466933381922922,-0.0148985259975282,0.373726179116392,-0.0551346958962388,-0.0015777441784582,-0.075603919215355,-0.414576470372881,-0.542214121852505,0.0993293685704804,0.0696272598618863
"TTGGTGAGTCAAACTG-1_atac",-0.565448247467097,0.00612101541625779,-0.11129290927663,-0.117344184736205,0.00467627787586377,0.113662974386166,0.195245294094389,-0.0920224070185987,-0.0620672917804292,0.206053311696785,0.458702998103346,0.308952931935165,0.043253336453318,0.306128929656638,0.383130020230539
"TTGTCAAAGCGATAGA-1_atac",0.264855107250757,-0.00644940109298849,0.0110942604121301,0.0576326248841365,-0.158219420077058,-0.166108678015961,-0.017439237543916,0.0835638180108733,-0.315793564032204,-0.59039731499671,-0.232671795089892,-0.233886287171283,-0.259546244573589,0.490840212882665,-0.0321117888577814
"TTGTCAAAGTTGGATC-1_atac",-0.218852031901103,-0.0498290115539592,0.222656131979399,0.426796620872644,0.0414597738322288,0.0301763631838923,-0.402737994863559,0.153366807678557,0.11114084204456,-0.459204689785907,-0.23505055624365,-0.0217298027603323,-0.0816920253422268,-0.424041021486594,0.253208206779352
"TTGTCAAAGTTTGGTA-1_atac",-0.274204399417727,-0.0283071194121382,-0.0333160136887145,-0.872068737884947,-0.0248807777622404,0.183207102251869,0.0269011585512636,-0.0231327538364468,0.130573566949755,-0.247513793454322,0.0258320593524457,-0.126321691179373,-0.0329596756266733,-0.150987943068106,-0.0901854947254316
"TTGTCCGGTTAGGCTA-1_atac",0.248843733356125,-0.126415793081806,-0.117130697346902,-0.101324911725011,0.112389644433641,-0.00521529786132844,-0.134922817402801,-0.365163379418195,-0.503922309244406,-0.236675197047184,-0.420453994301239,0.0188020448619504,-0.117823723577654,-0.441669405706072,0.194576974894895
"TTGTGCCTCATGGTGT-1_atac",-0.248502204978453,-0.0269598261856704,-0.00574305031266316,-0.746276207160066,-0.124251706671382,0.0210666529534841,0.114571764031152,0.0814145046180671,0.00493452184597837,-0.142113448519798,-0.184857116935298,0.219573529693996,-0.235509120128215,-0.324173816290227,-0.285942094711963
"TTGTGTGCAGCATGGA-1_atac",0.341012238240005,-0.223163800157451,-0.207240090292402,0.0202137540245718,0.164451573206157,-0.2246458844376,-0.0786977557592341,0.106366033443506,-0.302710349743901,-0.0246612014725248,-0.355841723783122,0.32469315019118,0.494213704116232,-0.339822408056356,-0.10731821102318
"TTGTTCCCAGGCTTCG-1_atac",-0.153046311405634,-0.0787020855616693,0.0276440753666077,-0.193043539008159,0.260592054839597,-0.336509143967432,0.709348188153323,-0.0283399371547261,-0.0224272271354917,-0.130815350455282,-0.352991607450835,0.07476622898121,0.0240328252763855,-0.308218289720026,-0.0619950576814615
"TTGTTGCGTGTGCAAC-1_atac",-0.275869466049123,0.0326000474481468,0.163175001999135,0.469012231705739,-0.233590858452538,-0.128134524867037,-0.504490143252418,0.062803519245015,-0.0231974533563504,-0.192415356836336,-0.39543989956176,0.261910125366767,0.0614100089320828,-0.282416023381613,0.0271213711635076
"TTTACGAAGACAACAG-1_atac",-0.123336362044597,0.0133001044345079,0.201974020283376,0.426269190986716,-0.0738799679623275,-0.0338479526598272,-0.453106029914622,0.247632825091951,0.0880795278573532,-0.336259047156501,-0.080083452503082,0.00373486728781255,0.141602036085957,-0.583754872312974,-0.0283716548491648
"TTTACGAAGCAGGTTT-1_atac",0.142655913122777,0.807882118776313,-0.246572358976855,0.0293108359009655,-0.0818188768027987,-0.116114937040958,-0.246238035649389,0.0884425018675261,-0.200912316978974,0.108871736192536,-0.002081057189378,0.0625133342146656,-0.106342083573253,0.01255047736004,0.330286619056632
"TTTAGCAAGGTAGCTT-1_atac",-0.224702579991781,-0.0518272474563243,0.341088755000525,0.416243809515216,0.206290607719856,-0.240985503509868,0.350662607986931,-0.175787022591161,0.321047563529342,-0.0946894148577515,-0.450410342245648,-0.0114588989434633,0.192000845904756,-0.181526093225355,-0.133688503921341
"TTTAGGATCGAAGCGG-1_atac",0.138411396695338,-0.294974356752719,-0.18971468192969,-0.0756626257089042,0.157575350179666,0.340562541050776,-0.105071654792577,0.470935142546509,-0.263595981238754,-0.191439093461854,-0.177462677801141,0.261004529725627,-0.199759817286731,0.397812922741693,-0.273085854071347
"TTTATGGAGTTGTCCC-1_atac",0.264407150762371,-0.277348637303249,-0.170348739358287,-0.0977643820148989,0.303215004038807,0.632379130392433,-0.127654731406288,0.0338041245438422,-0.273419917913679,-0.227094286494157,0.0536893701481149,0.0792838470334839,0.14508367539683,-0.379351432593898,0.0696659636269754
"TTTCACCCAGTAGGTG-1_atac",0.280380163935649,-0.12205838407965,-0.0972330698616544,0.0244572008370849,-0.0491566176186412,-0.0960102819394523,-0.087739578522954,0.134825613408972,0.444425468511276,-0.334341407970181,0.336081812273765,-0.20911261278159,-0.536158653916957,0.323004246293381,0.0339215894582806
"TTTCATCAGCCTGGTA-1_atac",-0.233808179888873,0.0421053681979068,-0.0197946510652917,-0.638756686039905,0.0983216790579645,-0.0378974549087604,0.422656854147604,-0.00165790087517636,0.158397987501834,-0.170422586469959,-0.0183380367576571,-0.220153465174778,0.143087587075984,0.246856376221842,-0.401328127420638
"TTTCCACCACATAACT-1_atac",-0.134641173231386,0.00991302028510695,0.191139219184146,0.211892097126441,0.0381628132501603,-0.133274087711538,0.125504938965174,-0.104516132224592,0.112768224871689,-0.370919526814529,-0.0865679424056914,-0.21149648918233,-0.0934526788657362,-0.721537570654375,0.350107011697217
"TTTCCGGGTTTAGTCC-1_atac",0.306792717253213,-0.177988734167514,-0.0724334521586268,0.0202282251797212,0.193977869278075,0.0559917569281122,-0.122282399723501,-0.184479769013013,-0.541451668690567,-0.167946294217516,-0.439627692654253,0.325702671932412,0.320501558620561,-0.222326444412251,-0.076897913552285
"TTTCCTGAGTTGTCCC-1_atac",0.0974864688023188,-0.312208177178391,-0.214204581966897,-0.13916858721541,0.146630809035917,0.282695053496869,-0.0732356627134686,0.102290886586481,0.173141215213008,-0.293314585607106,0.411338173333539,0.279965296044214,-0.362201462461195,0.121504093964811,0.448311095193237
"TTTCGTCCAAGACTCC-1_atac",0.268319026017899,-0.285203318957835,-0.135987812368552,-0.068582541627221,0.156994147929495,0.234281381265035,-0.207719095829711,0.387607717746387,-0.146730704873498,0.0540507839090788,-0.166309299659434,-0.0268444893415766,-0.554756340810533,0.341181967426629,-0.271210792486753
"TTTCGTCCAGAGGGAG-1_atac",-0.12097957536496,-0.0132401333649652,0.28763162634431,0.42644138109194,-0.184868138939018,-0.0560346228137702,-0.611999886245765,0.0932824518447017,0.0779902972906039,-0.142808192686208,-0.199895030463036,-0.140922940428855,-0.311681411440017,-0.325212840699053,0.104116253249779
"TTTCTCACATTCCTGT-1_atac",-0.159225784690075,-0.0494908861369124,0.12951214726764,-0.0213941505060362,0.212394352844372,-0.292929753004837,0.680336513391483,-0.0219146774307314,0.200970379568425,-0.134661586101999,-0.282454351312191,-0.0697643298094039,-0.262131590082197,-0.38574473111566,0.00520991654386466
"TTTCTTGCAGCACGTT-1_atac",0.372104765542836,-0.362861419420596,-0.20657273548477,-0.0536471741769571,0.142994236788089,0.283611289031096,0.275959761906729,-0.0707912317824746,0.176771606081697,-0.130906938382728,0.179287823215532,0.466348458207677,-0.393272696474977,-0.0982110147006742,0.199881873223768
"TTTGACCGTAGTAAGA-1_atac",0.289819968499774,-0.198783843425813,-0.0982050222720715,0.0717602158591907,-0.0292114600808299,0.318415401236785,0.134501598286768,0.362104916509468,-0.0494886740568064,-0.322475744449245,0.560343512128929,-0.074055946641257,-0.134568255914114,0.0288732227843629,-0.406684323395359
"TTTGCATTCTAAGGTC-1_atac",-0.397416765814755,0.0475576232552995,0.10986576980078,0.315206763057727,0.142952625600764,-0.226555143404713,-0.33250896029565,-0.0807610376600819,-0.302444884494074,-0.192791670423965,-0.0088137475053285,-0.368049214357539,-0.0552953313658937,-0.357222788057325,0.380368267819742
"TTTGCGGAGCAGGTTT-1_atac",-0.222056223780325,0.0141942097493687,-0.0492801911300123,-0.779267061989128,-0.301137698029411,0.107152820294274,-0.188847340370379,-0.00756235761446875,0.0849552393976121,-0.0736589327359973,-0.0189888340894696,-0.213814537415396,-0.168696469124772,-0.209823398839587,-0.267793014776338
"TTTGGCTGTTTACGTC-1_atac",-0.14388100121941,0.0264013791996052,0.180087793793224,0.300285286920462,0.183096787828627,0.119168055714353,0.465357257393174,-0.236274681834492,0.0296718245636309,0.0344559669415899,-0.279580564101067,-0.363921864336272,0.361327490315678,0.0253128619145574,-0.438200244086937
"TTTGTGGCATTAGCCA-1_atac",-0.308599316264774,0.0103499471589063,0.213234171520391,0.624806173798095,-0.00948427836140212,-0.13957552848842,-0.437204123927224,0.298847464946205,0.103517379340568,0.013672739393803,0.246694880542221,0.167931865417604,-0.0420187193020286,0.0571904175470412,-0.252548326334746
"TTTGTGTTCCGCCTAT-1_atac",-0.147126211240166,-0.0379124240248536,0.171955694583144,0.206547732210451,0.210053662245495,-0.121486280706051,0.499052728175036,-0.126371708053478,0.307714655864081,-0.101523927207756,-0.499866541999481,-0.154946929306493,0.259860388921964,-0.139955323770878,0.338814795497829
"TTTGTGTTCCGTGACA-1_atac",-0.151254014844367,-0.000426496478024749,0.0333664773300092,-0.788408071089452,-0.29264431082394,0.0937682422545408,-0.398049164914232,0.0351849058688998,0.141755440622474,-0.153301674156032,-0.0450994348314842,-0.118296492198828,0.075099754152695,0.00620973368164279,-0.187095110365803
"TTTGTTGGTAGGTTTG-1_atac",0.215744930680345,0.802367408735261,-0.176831629859582,0.0381637364841893,0.164939565409768,0.093972250585908,0.214866785898689,-0.026495538779103,0.194376746161503,0.05751587392982,-0.0125390606195396,-0.170598878694587,0.0733118655409659,-0.146395128550962,-0.311241727377175
