,cell_type,modality,random_atac,random_celltype,random_modality
TAGTTGTCACCCTCAC-1_rna,Naive CD20+ B,test_scRNA,,Erythroblast,test_scRNA
CTATGGCCATAACGGG-1_rna,CD14+ Mono,test_scRNA,,CD4+ T naive,test_scRNA
CCGCACACAGGTTAAA-1_rna,CD8+ T,test_scRNA,,CD14+ Mono,test_scATAC
TCATTTGGTAATGGAA-1_rna,CD8+ T,test_scRNA,,CD4+ T naive,test_scRNA
TGGATTGGTTTGCGAA-1_rna,B1 B,test_scRNA,,CD8+ T,test_scRNA
GACTTAGGTTGCGCGA-1_rna,CD4+ T naive,test_scRNA,,Normoblast,test_scATAC
GCCTTACTCGTTACAA-1_rna,CD4+ T activated,test_scRNA,,B1 B,test_scRNA
GTAAGGTCAATAACCT-1_rna,B1 B,test_scRNA,,CD4+ T activated,test_scRNA
AGCGCCTAGATGGACA-1_rna,Erythroblast,test_scRNA,,CD4+ T naive,test_scRNA
TGCCGGTAGTCGCAAT-1_rna,CD14+ Mono,test_scRNA,,Plasma cell,test_scRNA
CCTGAATAGCTTGCTC-1_rna,Erythroblast,test_scRNA,,CD14+ Mono,test_scRNA
CATCCCAGTCTTTATG-1_rna,CD14+ Mono,test_scRNA,,Erythroblast,test_scRNA
GGCTGAGAGTATTGCA-1_rna,Erythroblast,test_scRNA,,NK,test_scRNA
TAGTGAGAGCTGCACA-1_rna,CD14+ Mono,test_scRNA,,CD14+ Mono,test_scATAC
TTACCTGTCTATGACA-1_rna,NK,test_scRNA,,Erythroblast,test_scRNA
GGCAATCGTTAGGACC-1_rna,Normoblast,test_scRNA,,CD4+ T activated,test_scRNA
TTTAGCTTCTGGCTTC-1_rna,CD14+ Mono,test_scRNA,,Plasma cell,test_scRNA
AACGACAAGTTGTCAA-1_rna,B1 B,test_scRNA,,Normoblast,test_scRNA
AGCAATACAATATGGA-1_rna,Naive CD20+ B,test_scRNA,,B1 B,test_scRNA
AATTTGCCATAATGAG-1_rna,NK,test_scRNA,,Naive CD20+ B,test_scRNA
AGTTATGTCTCACTCA-1_rna,Normoblast,test_scRNA,,cDC2,test_scRNA
TGTCCTGGTCAATGTG-1_rna,CD4+ T activated,test_scRNA,,CD14+ Mono,test_scRNA
TGTATCGCAGCTCATA-1_rna,NK,test_scRNA,,CD8+ T,test_scRNA
GTTTGTCGTGAATCGC-1_rna,Erythroblast,test_scRNA,,B1 B,test_scATAC
CCAGGAACAATGCGCT-1_rna,ILC,test_scRNA,,MK/E prog,test_scATAC
AGAATCGAGAAAGGAA-1_rna,CD4+ T activated,test_scRNA,,CD8+ T,test_scRNA
ATATGTCCAATATAGG-1_rna,NK,test_scRNA,,G/M prog,test_scATAC
TGTGAAACAGGATTAA-1_rna,CD14+ Mono,test_scRNA,,CD4+ T naive,test_scATAC
CGCAAATTCTACTAAG-1_rna,Erythroblast,test_scRNA,,CD14+ Mono,test_scRNA
GGGAGTAGTGATTTGG-1_rna,B1 B,test_scRNA,,Erythroblast,test_scRNA
ATGTGAGAGGCGAAAC-1_rna,CD8+ T,test_scRNA,,Transitional B,test_scRNA
GGTTTCCTCTTGGACG-1_rna,Erythroblast,test_scRNA,,Normoblast,test_scATAC
CGCTTCTAGTGACCTG-1_rna,CD8+ T,test_scRNA,,Plasma cell,test_scRNA
GAGCTGCTCTTGTCCA-1_rna,CD8+ T,test_scRNA,,CD14+ Mono,test_scRNA
AACGGTAAGTTCCCAC-1_rna,NK,test_scRNA,,CD14+ Mono,test_scRNA
ACCAGGCTCTTGGATA-1_rna,CD14+ Mono,test_scRNA,,CD8+ T,test_scRNA
AATCAGGAGCTGAGGG-1_rna,Normoblast,test_scRNA,,pDC,test_scRNA
TAGTCAATCGTGCTTC-1_rna,CD4+ T activated,test_scRNA,,NK,test_scRNA
GTTACTAAGGTGAAGC-1_rna,CD8+ T,test_scRNA,,CD4+ T naive,test_scRNA
TGAGTGAAGTTAGTGC-1_rna,Normoblast,test_scRNA,,Erythroblast,test_scATAC
CTTAGTTTCCTTGCGT-1_rna,Erythroblast,test_scRNA,,CD4+ T naive,test_scRNA
AGGAACGGTTTGTCTA-1_rna,CD4+ T naive,test_scRNA,,Naive CD20+ B,test_scATAC
CTAGTAATCGTGCTAG-1_rna,CD4+ T activated,test_scRNA,,CD8+ T,test_scRNA
GCCTTAGAGCTAAGTC-1_rna,CD8+ T,test_scRNA,,CD14+ Mono,test_scRNA
TAGCGCGGTTGCAATG-1_rna,CD4+ T naive,test_scRNA,,CD4+ T activated,test_scATAC
AGCAAATAGAATGACG-1_rna,CD4+ T activated,test_scRNA,,CD8+ T,test_scATAC
CACAGGGAGACAGGTA-1_rna,CD14+ Mono,test_scRNA,,NK,test_scRNA
GCATCCTTCGCTATGG-1_rna,CD14+ Mono,test_scRNA,,CD4+ T activated,test_scRNA
TGCTATGCAGAGGGAG-1_rna,CD14+ Mono,test_scRNA,,CD14+ Mono,test_scATAC
GCCTATTGTTAGGTGC-1_rna,Normoblast,test_scRNA,,CD4+ T activated,test_scRNA
ATTAACCCATTAGCCA-1_rna,Erythroblast,test_scRNA,,Naive CD20+ B,test_scRNA
AAGCCTCCAGGAATCG-1_rna,CD4+ T naive,test_scRNA,,Normoblast,test_scATAC
GTCAATATCTGGCAAT-1_rna,CD4+ T activated,test_scRNA,,Erythroblast,test_scATAC
CCGGTTAAGGTAACGA-1_rna,CD4+ T naive,test_scRNA,,CD4+ T activated,test_scRNA
GTTAACCAGTTATTCC-1_rna,Normoblast,test_scRNA,,CD4+ T activated,test_scATAC
CCCGCAACAAAGCGCA-1_rna,CD14+ Mono,test_scRNA,,Erythroblast,test_scRNA
TGTTGCACAGTCTATG-1_rna,CD4+ T naive,test_scRNA,,Erythroblast,test_scATAC
CCATAATCATGTCAGC-1_rna,Naive CD20+ B,test_scRNA,,CD4+ T activated,test_scRNA
GTTTCAGCAGCACGTT-1_rna,Normoblast,test_scRNA,,NK,test_scRNA
AATCTTGAGAAGCTAG-1_rna,CD14+ Mono,test_scRNA,,CD4+ T activated,test_scRNA
GTATGTTCAGCATGAG-1_rna,CD4+ T activated,test_scRNA,,CD4+ T activated,test_scATAC
TTGTCCATCATTAGGC-1_rna,CD14+ Mono,test_scRNA,,CD4+ T activated,test_scRNA
AAAGCCGCATGAGCAG-1_rna,NK,test_scRNA,,Naive CD20+ B,test_scATAC
CATGGATTCGGTACGC-1_rna,NK,test_scRNA,,CD4+ T activated,test_scATAC
GTTTAGCAGCTTCCCG-1_rna,CD4+ T activated,test_scRNA,,CD8+ T,test_scATAC
CTTGTAAAGATAAAGC-1_rna,CD8+ T,test_scRNA,,CD14+ Mono,test_scATAC
TAGTCAATCAGCACGC-1_rna,CD4+ T activated,test_scRNA,,CD4+ T naive,test_scATAC
AATAACCGTCATTGAG-1_rna,Erythroblast,test_scRNA,,Transitional B,test_scRNA
TCCAGGATCCTAACGG-1_rna,CD14+ Mono,test_scRNA,,CD14+ Mono,test_scATAC
TAGGCTAGTGTAACCA-1_rna,Erythroblast,test_scRNA,,CD8+ T,test_scATAC
GAAGTATAGCTAGAAG-1_rna,ILC,test_scRNA,,CD8+ T,test_scRNA
ATCAGGTTCATGACCG-1_rna,Naive CD20+ B,test_scRNA,,CD4+ T activated,test_scRNA
AGCACTTAGCGCTCAA-1_rna,NK,test_scRNA,,Normoblast,test_scATAC
GGTGAGCCAATATACC-1_rna,CD4+ T activated,test_scRNA,,Erythroblast,test_scATAC
CCGCTAGCATCTTGAG-1_rna,CD4+ T activated,test_scRNA,,Normoblast,test_scRNA
ACGCTTGAGTCATCCC-1_rna,CD8+ T,test_scRNA,,CD8+ T,test_scATAC
CTCGTTATCTGCAAAC-1_rna,NK,test_scRNA,,ILC,test_scATAC
CTTCGCGTCGAGCAAA-1_rna,Erythroblast,test_scRNA,,CD14+ Mono,test_scRNA
GGTATGTTCTAACCAA-1_rna,CD14+ Mono,test_scRNA,,pDC,test_scRNA
TCAGGTCCAAACTCAT-1_rna,Normoblast,test_scRNA,,Transitional B,test_scRNA
ATTTGCAAGGCATTAC-1_rna,Erythroblast,test_scRNA,,CD8+ T,test_scRNA
TCTTGTCCAATCGCAC-1_rna,CD4+ T activated,test_scRNA,,CD14+ Mono,test_scATAC
CTGGATGTCATAACTG-1_rna,Erythroblast,test_scRNA,,CD14+ Mono,test_scATAC
TAGCGCGGTCAATACG-1_rna,CD8+ T,test_scRNA,,Erythroblast,test_scATAC
CAGCTATAGACAAACG-1_rna,CD4+ T activated,test_scRNA,,CD14+ Mono,test_scATAC
TCCAGCAAGGCTACAT-1_rna,CD4+ T activated,test_scRNA,,ID2-hi myeloid prog,test_scRNA
TTGGATTCAGTACCGT-1_rna,CD4+ T naive,test_scRNA,,Transitional B,test_scATAC
TCATCCATCCTCATCA-1_rna,Erythroblast,test_scRNA,,CD8+ T,test_scRNA
AGGTCCGGTCCGGTTC-1_rna,CD4+ T activated,test_scRNA,,NK,test_scRNA
TGGATTCAGTTTCCGC-1_rna,G/M prog,test_scRNA,,Proerythroblast,test_scRNA
TGCTTAAAGCCGCTAA-1_rna,Normoblast,test_scRNA,,CD8+ T,test_scATAC
TGCTTGCTCAATCTCT-1_rna,CD14+ Mono,test_scRNA,,CD4+ T naive,test_scRNA
CTAAAGCTCGCTAAAC-1_rna,CD8+ T,test_scRNA,,G/M prog,test_scATAC
CAGCCTTTCCTGTTCA-1_rna,Normoblast,test_scRNA,,NK,test_scRNA
GCTGTACCAAGGTGCA-1_rna,CD4+ T activated,test_scRNA,,Plasma cell,test_scATAC
ACGCCTAAGCGCCTTT-1_rna,CD14+ Mono,test_scRNA,,CD4+ T activated,test_scATAC
ACGACTTAGCTACTGG-1_rna,Erythroblast,test_scRNA,,Erythroblast,test_scRNA
TCAGTGAGTGCTCCGT-1_rna,Naive CD20+ B,test_scRNA,,Proerythroblast,test_scATAC
AGGATATAGACTAAGG-1_rna,NK,test_scRNA,,ID2-hi myeloid prog,test_scRNA
GTGTGTTAGTAGCTTA-1_rna,CD8+ T,test_scRNA,,ID2-hi myeloid prog,test_scRNA
GACATAGAGGGTCCAC-1_rna,CD4+ T activated,test_scRNA,,CD14+ Mono,test_scATAC
CCAGCCTGTTAGGACC-1_rna,Erythroblast,test_scRNA,,G/M prog,test_scATAC
GTAGGCGAGCTTTGGG-1_rna,CD4+ T activated,test_scRNA,,CD4+ T activated,test_scATAC
CTCTGTTCAAACTGTT-1_rna,Erythroblast,test_scRNA,,Erythroblast,test_scRNA
CTTGCGCGTTAGGCTA-1_rna,CD8+ T,test_scRNA,,NK,test_scATAC
CCATTGTGTTACATCC-1_rna,CD8+ T,test_scRNA,,NK,test_scRNA
TCACCGGCATCCATCT-1_rna,ILC,test_scRNA,,CD8+ T,test_scATAC
CAAACAACAATAACGA-1_rna,B1 B,test_scRNA,,NK,test_scRNA
GAGTAATAGCTTAACA-1_rna,CD14+ Mono,test_scRNA,,G/M prog,test_scRNA
CAAACATGTTAGTGAT-1_rna,ILC,test_scRNA,,CD4+ T activated,test_scRNA
ATAACGACAGCAACAG-1_rna,CD4+ T naive,test_scRNA,,CD8+ T,test_scATAC
ATTGGCTAGGGACCTC-1_rna,G/M prog,test_scRNA,,Erythroblast,test_scATAC
GTTTCTAGTCATCATC-1_rna,Erythroblast,test_scRNA,,CD4+ T naive,test_scRNA
CCTGTAACATTGTGCA-1_rna,CD14+ Mono,test_scRNA,,CD8+ T,test_scRNA
GACCGAACACAATGTT-1_rna,CD8+ T,test_scRNA,,CD14+ Mono,test_scRNA
TCATAACCATAATCCG-1_rna,CD8+ T,test_scRNA,,NK,test_scRNA
TGATGATGTGCAACTA-1_rna,Normoblast,test_scRNA,,B1 B,test_scATAC
GCGCTTGCAATCCCTT-1_rna,Erythroblast,test_scRNA,,CD4+ T naive,test_scRNA
AGATGAAGTGAGGTGA-1_rna,CD14+ Mono,test_scRNA,,Proerythroblast,test_scATAC
TAAGTGCTCATGGCCA-1_rna,CD4+ T naive,test_scRNA,,CD14+ Mono,test_scATAC
TACGGATTCTGCAACG-1_rna,CD8+ T,test_scRNA,,Erythroblast,test_scRNA
ACGCAAGCAATAAGCA-1_rna,Naive CD20+ B,test_scRNA,,B1 B,test_scATAC
CAGCAAGCAATGAATG-1_rna,Erythroblast,test_scRNA,,Erythroblast,test_scATAC
ATGTAAGCAATTAAGG-1_rna,Normoblast,test_scRNA,,CD14+ Mono,test_scATAC
GTTAACGGTAGCTGGT-1_rna,CD14+ Mono,test_scRNA,,ILC,test_scATAC
CATAATCCAGCAGGTA-1_rna,B1 B,test_scRNA,,CD14+ Mono,test_scATAC
AAGTCTATCGAGGAGT-1_rna,Naive CD20+ B,test_scRNA,,NK,test_scATAC
GCAGCTATCCAGGTTG-1_rna,NK,test_scRNA,,NK,test_scRNA
GAACACAAGTAACCAC-1_rna,CD14+ Mono,test_scRNA,,Erythroblast,test_scRNA
CAACTAGGTTGTTGTC-1_rna,CD4+ T naive,test_scRNA,,CD8+ T,test_scRNA
TTTGTCCCAGGCGATA-1_rna,ILC,test_scRNA,,CD4+ T naive,test_scATAC
GGGCTAACACGAATTT-1_rna,CD8+ T,test_scRNA,,pDC,test_scATAC
GGTGCTGGTACTTCAC-1_rna,CD14+ Mono,test_scRNA,,Normoblast,test_scRNA
CCCAGCACAATGCGCT-1_rna,CD4+ T activated,test_scRNA,,CD4+ T activated,test_scRNA
TAAGTGCTCTGTGAGT-1_rna,Erythroblast,test_scRNA,,CD14+ Mono,test_scATAC
CTACTAAAGTGCACGC-1_rna,NK,test_scRNA,,CD14+ Mono,test_scATAC
ACACCTTGTGAGACTC-1_rna,CD4+ T activated,test_scRNA,,Naive CD20+ B,test_scATAC
CTACCGGCACCTCACC-1_rna,CD4+ T naive,test_scRNA,,CD4+ T activated,test_scATAC
TCCAGGATCAACAAGG-1_rna,CD14+ Mono,test_scRNA,,CD14+ Mono,test_scRNA
CGTCCTAGTTGAAGCC-1_rna,CD8+ T,test_scRNA,,Erythroblast,test_scATAC
CTAAGTCAGGCTGTGC-1_rna,Erythroblast,test_scRNA,,CD4+ T activated,test_scRNA
CTAATGTCATCTAGCA-1_rna,NK,test_scRNA,,CD14+ Mono,test_scRNA
GGGCTAACACATAACT-1_rna,CD4+ T naive,test_scRNA,,CD8+ T,test_scATAC
CCATTGTGTAGGTTAT-1_rna,CD8+ T,test_scRNA,,CD4+ T naive,test_scRNA
CCTGTTGGTAACAGGG-1_rna,Naive CD20+ B,test_scRNA,,CD14+ Mono,test_scRNA
TTCACTGTCCTCAGTC-1_rna,CD4+ T naive,test_scRNA,,CD8+ T,test_scRNA
CGCTACTTCGCTAAGT-1_rna,CD4+ T naive,test_scRNA,,CD14+ Mono,test_scATAC
GATCCGTCATTAAGTC-1_rna,CD4+ T activated,test_scRNA,,Naive CD20+ B,test_scRNA
CTAGGCGGTGGGAACA-1_rna,B1 B,test_scRNA,,Normoblast,test_scRNA
TCCTCAATCTCCATGC-1_rna,CD14+ Mono,test_scRNA,,ID2-hi myeloid prog,test_scRNA
GCAGGACCAAAGCGGC-1_rna,CD14+ Mono,test_scRNA,,B1 B,test_scRNA
GCTTATCGTGATGGCT-1_rna,CD4+ T naive,test_scRNA,,Erythroblast,test_scATAC
AGGCAGGTCCCTCATA-1_rna,CD14+ Mono,test_scRNA,,CD8+ T,test_scRNA
GGAACCACAGGAACTG-1_rna,Naive CD20+ B,test_scRNA,,NK,test_scATAC
TGATTCAAGTAAACCC-1_rna,Normoblast,test_scRNA,,pDC,test_scRNA
CGCCACACAGTTGCGT-1_rna,CD4+ T naive,test_scRNA,,G/M prog,test_scRNA
GGAGCAAGTAAAGCGG-1_rna,CD4+ T naive,test_scRNA,,pDC,test_scRNA
GACCTAGTCATGAGCT-1_rna,NK,test_scRNA,,CD14+ Mono,test_scATAC
CTAATAGTCCTAATAG-1_rna,CD14+ Mono,test_scRNA,,CD4+ T activated,test_scATAC
GCTTGTTGTCAAAGGG-1_rna,NK,test_scRNA,,CD4+ T activated,test_scATAC
TTGACGTAGCCAGTAT-1_rna,CD4+ T naive,test_scRNA,,Naive CD20+ B,test_scRNA
CGAGCGAAGCTGTACG-1_rna,CD14+ Mono,test_scRNA,,CD14+ Mono,test_scATAC
TGCATGAGTATTGTCC-1_rna,CD8+ T,test_scRNA,,NK,test_scRNA
TTACCGTGTTAGGACC-1_rna,CD14+ Mono,test_scRNA,,Erythroblast,test_scATAC
AGCATCCCATGTTGCA-1_rna,Erythroblast,test_scRNA,,CD8+ T,test_scATAC
TGGTTGAGTGAACAAA-1_rna,CD8+ T,test_scRNA,,NK,test_scATAC
ATGCAAACAAAGGCCA-1_rna,CD8+ T,test_scRNA,,NK,test_scRNA
CGTACGGGTTCCTGTG-1_rna,CD8+ T,test_scRNA,,Normoblast,test_scATAC
GGCTTAAGTGGTTATG-1_rna,Erythroblast,test_scRNA,,CD8+ T,test_scRNA
TGCAGGCTCCTCCTAA-1_rna,NK,test_scRNA,,Plasma cell,test_scRNA
GGCTTAAGTACTGAAT-1_rna,CD14+ Mono,test_scRNA,,CD8+ T,test_scATAC
ACCAAGCGTGTTTGTC-1_rna,CD14+ Mono,test_scRNA,,ILC,test_scRNA
CCTTACTCATAATGTC-1_rna,CD4+ T naive,test_scRNA,,CD8+ T,test_scRNA
GCTAAGAAGGATCACT-1_rna,CD14+ Mono,test_scRNA,,Erythroblast,test_scRNA
GCTAAGAAGGCGTAAA-1_rna,CD4+ T activated,test_scRNA,,NK,test_scRNA
CCAACCAAGGCGAATA-1_rna,Erythroblast,test_scRNA,,CD14+ Mono,test_scATAC
GGTCAAGCAGCGCTTG-1_rna,NK,test_scRNA,,HSC,test_scRNA
AGGTATTGTACGTTTC-1_rna,CD4+ T activated,test_scRNA,,CD14+ Mono,test_scRNA
CTGCTATGTATTTGGG-1_rna,NK,test_scRNA,,B1 B,test_scRNA
CTCATGCTCCATTACT-1_rna,NK,test_scRNA,,Erythroblast,test_scATAC
CTCACTCAGTAACCAC-1_rna,CD14+ Mono,test_scRNA,,CD4+ T activated,test_scRNA
TGTGGCGGTAACAGGG-1_rna,CD14+ Mono,test_scRNA,,Naive CD20+ B,test_scRNA
ACTCCTCAGGCTTAAC-1_rna,CD4+ T activated,test_scRNA,,Erythroblast,test_scRNA
TAGCCTGAGGTTTGCG-1_rna,Naive CD20+ B,test_scRNA,,ID2-hi myeloid prog,test_scRNA
TATAACCCATGCTATG-1_rna,NK,test_scRNA,,CD4+ T naive,test_scRNA
TAAAGCCTCTAATCTC-1_rna,CD14+ Mono,test_scRNA,,Transitional B,test_scRNA
ATGAATGCAGCAACCT-1_rna,CD14+ Mono,test_scRNA,,CD14+ Mono,test_scRNA
TTTACGAAGCCGCTTT-1_rna,NK,test_scRNA,,Naive CD20+ B,test_scRNA
AGGTCTTAGTCACCAG-1_rna,CD4+ T activated,test_scRNA,,NK,test_scATAC
AATTGACGTTAGACCA-1_rna,G/M prog,test_scRNA,,B1 B,test_scATAC
CCATAATCAAACTAAG-1_rna,Naive CD20+ B,test_scRNA,,Normoblast,test_scRNA
ATGGCCCAGGACCTCA-1_rna,NK,test_scRNA,,CD8+ T,test_scRNA
CTGTTAAAGGTCCAAT-1_rna,Erythroblast,test_scRNA,,CD14+ Mono,test_scRNA
TTAGTCAAGGCTACAT-1_rna,NK,test_scRNA,,Normoblast,test_scATAC
AACTTAGTCGGTTTGG-1_rna,CD8+ T,test_scRNA,,NK,test_scATAC
ATGTGAGAGGGCCACT-1_rna,G/M prog,test_scRNA,,NK,test_scRNA
AGTTGCGTCAGTATTG-1_rna,Erythroblast,test_scRNA,,Normoblast,test_scRNA
TAGTCAATCGGCTAGC-1_rna,Erythroblast,test_scRNA,,Erythroblast,test_scATAC
CCATAAGGTAACGAGG-1_rna,CD14+ Mono,test_scRNA,,CD8+ T,test_scATAC
CCCAACCGTCTTACTA-1_rna,CD8+ T,test_scRNA,,B1 B,test_scATAC
GCAGCAACAGTTATCG-1_rna,Normoblast,test_scRNA,,CD4+ T naive,test_scRNA
CTGTTTAGTGAATCGC-1_rna,CD8+ T,test_scRNA,,CD4+ T activated,test_scRNA
AGCTATATCCTAATGA-1_rna,Normoblast,test_scRNA,,Erythroblast,test_scATAC
AATGCGCGTGGTTAGC-1_rna,Erythroblast,test_scRNA,,Transitional B,test_scATAC
CAGGAAGGTTACGCAA-1_rna,CD4+ T activated,test_scRNA,,CD14+ Mono,test_scATAC
AGAAACTAGTTAGTTG-1_rna,CD14+ Mono,test_scRNA,,CD4+ T activated,test_scATAC
CCGCACACAACTAGCC-1_rna,CD14+ Mono,test_scRNA,,CD14+ Mono,test_scRNA
TCCTCACAGTTAGTGC-1_rna,CD8+ T,test_scRNA,,Lymph prog,test_scRNA
ATCAAGACATAAGTTC-1_rna,CD14+ Mono,test_scRNA,,CD8+ T,test_scRNA
TGTAAGTGTTTGCGCC-1_rna,CD8+ T,test_scRNA,,Normoblast,test_scATAC
AACATCATCTTTGAGA-1_rna,CD4+ T naive,test_scRNA,,Normoblast,test_scRNA
TCTGTGACAAATTCGT-1_rna,Naive CD20+ B,test_scRNA,,NK,test_scATAC
TCACTGACAACACCTA-1_rna,CD8+ T,test_scRNA,,pDC,test_scRNA
AAGTTAGCATCGCTCC-1_rna,CD14+ Mono,test_scRNA,,CD8+ T,test_scRNA
CGAATCTAGCTTATGA-1_rna,CD14+ Mono,test_scRNA,,CD4+ T activated,test_scATAC
GTTCCCAGTTTAGCTC-1_rna,CD8+ T,test_scRNA,,pDC,test_scRNA
CATCCCAGTTAAGGTT-1_rna,CD4+ T activated,test_scRNA,,ID2-hi myeloid prog,test_scRNA
TGATTCAAGCTGTCAG-1_rna,CD4+ T activated,test_scRNA,,CD4+ T naive,test_scRNA
GGTAACCGTTTCAGGA-1_rna,NK,test_scRNA,,CD4+ T activated,test_scRNA
CTGGACCAGCACCACA-1_rna,Normoblast,test_scRNA,,CD4+ T activated,test_scATAC
ATTAGGTGTTAATGCG-1_rna,CD4+ T naive,test_scRNA,,NK,test_scATAC
ATCACCCTCTGTGCAG-1_rna,Erythroblast,test_scRNA,,CD14+ Mono,test_scRNA
ATGTCATCACATGCTA-1_rna,CD4+ T activated,test_scRNA,,B1 B,test_scATAC
GGTCCGTAGTTGCGTG-1_rna,G/M prog,test_scRNA,,CD14+ Mono,test_scATAC
CGCTATGAGGCTCATG-1_rna,Erythroblast,test_scRNA,,CD14+ Mono,test_scATAC
GGTTCTTGTCCTTAGT-1_rna,CD14+ Mono,test_scRNA,,CD4+ T naive,test_scATAC
GCGCTAGGTCACAAAT-1_rna,CD4+ T activated,test_scRNA,,Naive CD20+ B,test_scRNA
ACCAGGCTCACAGGAA-1_rna,CD4+ T naive,test_scRNA,,NK,test_scATAC
TTAGGCCCAATCATGT-1_rna,CD14+ Mono,test_scRNA,,CD4+ T naive,test_scATAC
AATACCGGTCCGCTGT-1_rna,CD8+ T,test_scRNA,,CD8+ T,test_scRNA
AGGTCATTCGCTTGCT-1_rna,CD4+ T activated,test_scRNA,,NK,test_scATAC
CGATTTGCACAGGATG-1_rna,CD14+ Mono,test_scRNA,,CD14+ Mono,test_scRNA
CTTTAGGCAAACAACA-1_rna,NK,test_scRNA,,Naive CD20+ B,test_scRNA
CAGTACCCAGGCATGA-1_rna,CD4+ T naive,test_scRNA,,CD4+ T naive,test_scRNA
ATGTTCAAGCGGATTT-1_rna,CD4+ T activated,test_scRNA,,Naive CD20+ B,test_scRNA
TTTGCGGAGCATGTTA-1_rna,CD14+ Mono,test_scRNA,,CD16+ Mono,test_scRNA
AAAGGAGCATGCATAT-1_rna,CD4+ T activated,test_scRNA,,CD14+ Mono,test_scATAC
CATGCGCAGGTCCACA-1_rna,CD14+ Mono,test_scRNA,,Naive CD20+ B,test_scATAC
TGAGGGCCAGCAAATA-1_rna,NK,test_scRNA,,CD8+ T,test_scATAC
GTTAAGCTCACAGCGC-1_rna,CD4+ T activated,test_scRNA,,Erythroblast,test_scATAC
TTTCCTGAGTGAACCT-1_rna,Erythroblast,test_scRNA,,CD8+ T,test_scATAC
GGAACAATCCTCAGCT-1_rna,NK,test_scRNA,,NK,test_scATAC
TTATTGCTCTGCAAGT-1_rna,CD4+ T activated,test_scRNA,,CD4+ T activated,test_scATAC
GTGGATGCAAGGTCGA-1_rna,CD4+ T activated,test_scRNA,,CD4+ T activated,test_scRNA
CTACGAAGTTACGCGG-1_rna,Erythroblast,test_scRNA,,Proerythroblast,test_scRNA
CCAGCTAAGTTTAACG-1_rna,CD14+ Mono,test_scRNA,,NK,test_scATAC
ATCATCAAGGTTACAC-1_rna,CD4+ T naive,test_scRNA,,CD4+ T activated,test_scATAC
GTCAGGCTCGTGCTTC-1_rna,Naive CD20+ B,test_scRNA,,CD8+ T,test_scRNA
TGTGCAAGTTTGAGCA-1_rna,Erythroblast,test_scRNA,,NK,test_scATAC
GGAACTAAGGCATTAC-1_rna,CD8+ T,test_scRNA,,CD14+ Mono,test_scRNA
GTATGTGGTGATCAGC-1_rna,CD4+ T activated,test_scRNA,,CD8+ T,test_scATAC
CCTCAAACAGCATGTC-1_rna,CD14+ Mono,test_scRNA,,CD14+ Mono,test_scATAC
CCAGTTTGTGCTAGAC-1_rna,CD8+ T,test_scRNA,,CD8+ T,test_scRNA
ACATCAATCGTTTCTG-1_rna,B1 B,test_scRNA,,CD14+ Mono,test_scATAC
CATCCTGGTCCGCTGT-1_rna,CD14+ Mono,test_scRNA,,cDC2,test_scATAC
ACCACATAGGCAGGTG-1_rna,CD4+ T activated,test_scRNA,,CD14+ Mono,test_scRNA
CCGCAAATCTCGACCT-1_rna,CD4+ T activated,test_scRNA,,CD14+ Mono,test_scATAC
TGAGGAGGTTAGTGAT-1_rna,CD4+ T activated,test_scRNA,,Erythroblast,test_scATAC
CGGGTATGTGACATAT-1_rna,CD8+ T,test_scRNA,,MK/E prog,test_scRNA
CTATTACTCCTAAGTA-1_rna,Naive CD20+ B,test_scRNA,,Erythroblast,test_scRNA
ACCCGTAAGTTAGTGC-1_rna,CD4+ T activated,test_scRNA,,CD8+ T,test_scRNA
ACCAATATCTCGACCT-1_rna,Erythroblast,test_scRNA,,Erythroblast,test_scATAC
CCTAAAGGTACAATGT-1_rna,CD8+ T,test_scRNA,,CD4+ T activated,test_scATAC
ATTACCGCAGCGCTTG-1_rna,CD4+ T activated,test_scRNA,,CD14+ Mono,test_scRNA
CCGCTAGCAAACAACA-1_rna,CD4+ T activated,test_scRNA,,CD8+ T,test_scRNA
TAGCGGCTCCCGAAGC-1_rna,Erythroblast,test_scRNA,,Transitional B,test_scATAC
GCATGAAAGTCAGTAC-1_rna,CD14+ Mono,test_scRNA,,Normoblast,test_scRNA
GGATTCAGTGATCATG-1_rna,CD14+ Mono,test_scRNA,,CD14+ Mono,test_scATAC
CCCAATTGTATTGGAT-1_rna,Naive CD20+ B,test_scRNA,,CD14+ Mono,test_scRNA
ATTGTCCGTCAAGACC-1_rna,CD4+ T naive,test_scRNA,,Transitional B,test_scRNA
GACTTGGTCGCGCTAA-1_rna,CD14+ Mono,test_scRNA,,CD8+ T,test_scRNA
CGCAATAGTCACACCC-1_rna,B1 B,test_scRNA,,CD8+ T,test_scRNA
GTAGTTTCATAATCAC-1_rna,CD4+ T activated,test_scRNA,,Normoblast,test_scATAC
AGCAAGGGTTTACCGT-1_rna,CD14+ Mono,test_scRNA,,Plasma cell,test_scRNA
GTCTTGCTCAAAGGCA-1_rna,CD4+ T activated,test_scRNA,,Normoblast,test_scRNA
TCATGTTTCTAGCTAA-1_rna,Naive CD20+ B,test_scRNA,,CD8+ T,test_scATAC
CACAAGCGTGAGAAAC-1_rna,Erythroblast,test_scRNA,,CD4+ T activated,test_scRNA
ATATGCATCCCTGGAA-1_rna,NK,test_scRNA,,CD8+ T,test_scATAC
GGGTTTCCAGGAACAT-1_rna,Naive CD20+ B,test_scRNA,,CD4+ T naive,test_scATAC
TGATTCAAGGAAGTAT-1_rna,Erythroblast,test_scRNA,,Transitional B,test_scRNA
AAGCTCCCAAGCTTTG-1_rna,Erythroblast,test_scRNA,,CD14+ Mono,test_scATAC
AGTAATGCAGCTAACC-1_rna,G/M prog,test_scRNA,,Naive CD20+ B,test_scRNA
CTAGCTTGTATTGCAG-1_rna,Normoblast,test_scRNA,,CD14+ Mono,test_scRNA
AGCTAACTCTGTGCAG-1_rna,Erythroblast,test_scRNA,,Normoblast,test_scATAC
GTAGGATCACACAATT-1_rna,CD14+ Mono,test_scRNA,,Erythroblast,test_scATAC
TATGAAGCACCCACAG-1_rna,CD8+ T,test_scRNA,,CD4+ T naive,test_scRNA
GTGCTTCTCCGTCCAT-1_rna,CD14+ Mono,test_scRNA,,NK,test_scATAC
GCTCTGGCAAGGTGGC-1_rna,Naive CD20+ B,test_scRNA,,Normoblast,test_scATAC
CGCAATTAGGTCCACA-1_rna,B1 B,test_scRNA,,Naive CD20+ B,test_scRNA
TTGAGGCGTGAGACTC-1_rna,NK,test_scRNA,,NK,test_scATAC
AGGTCCGGTTGGCCGA-1_rna,CD8+ T,test_scRNA,,CD4+ T naive,test_scRNA
CGTTAAATCGATAACC-1_rna,Naive CD20+ B,test_scRNA,,Naive CD20+ B,test_scRNA
GCACATTAGTTTGGTA-1_rna,CD8+ T,test_scRNA,,CD4+ T naive,test_scATAC
GCAATAGAGCTGGAAA-1_rna,ILC,test_scRNA,,Naive CD20+ B,test_scRNA
TTGTTGTTCCCGTTAC-1_rna,CD4+ T activated,test_scRNA,,Normoblast,test_scRNA
ACATAGCTCTTTAAGG-1_rna,Erythroblast,test_scRNA,,CD4+ T activated,test_scRNA
TAGTCAATCAGCACCA-1_rna,NK,test_scRNA,,Erythroblast,test_scRNA
CTCGTTATCACGCATG-1_rna,CD8+ T,test_scRNA,,CD4+ T naive,test_scRNA
AGGGCCTTCATAGCCG-1_rna,CD8+ T,test_scRNA,,Naive CD20+ B,test_scATAC
GAAACCCGTTTCGCCA-1_rna,Erythroblast,test_scRNA,,Erythroblast,test_scRNA
AGTTGCAGTACCGAAC-1_rna,Erythroblast,test_scRNA,,Proerythroblast,test_scRNA
GTAGCGCTCTTAGGAC-1_rna,G/M prog,test_scRNA,,CD14+ Mono,test_scRNA
CGTGCTTTCCTCACTA-1_rna,CD4+ T naive,test_scRNA,,Erythroblast,test_scRNA
GATCGATTCTGTGAGT-1_rna,CD8+ T,test_scRNA,,CD8+ T,test_scRNA
GTAAGCTTCAAATCGC-1_rna,CD4+ T naive,test_scRNA,,CD4+ T naive,test_scATAC
AGCTACGTCGCTCCAT-1_rna,Erythroblast,test_scRNA,,CD4+ T naive,test_scATAC
AGCTAACTCTGTGAGT-1_rna,CD4+ T activated,test_scRNA,,CD4+ T naive,test_scATAC
TGCAGGCTCCCTGGAA-1_rna,CD4+ T activated,test_scRNA,,CD8+ T,test_scATAC
CGTGACATCGCTAAAC-1_rna,Normoblast,test_scRNA,,Naive CD20+ B,test_scATAC
AGAACCGCAAGTGTCC-1_rna,CD8+ T,test_scRNA,,HSC,test_scATAC
CACGCAATCACGCGGT-1_rna,CD14+ Mono,test_scRNA,,Erythroblast,test_scATAC
CAGGATGCACCTCACC-1_rna,CD14+ Mono,test_scRNA,,Naive CD20+ B,test_scATAC
TGTTGTTTCCTCACAC-1_rna,Normoblast,test_scRNA,,CD4+ T naive,test_scRNA
AGCTACTAGTTTGAGC-1_rna,Erythroblast,test_scRNA,,HSC,test_scRNA
CTAAAGCTCATTACTC-1_rna,CD14+ Mono,test_scRNA,,CD4+ T activated,test_scRNA
TATAACCCAGCAACAG-1_rna,CD4+ T activated,test_scRNA,,CD4+ T activated,test_scATAC
GTACCGGGTTGCTTCG-1_rna,CD4+ T activated,test_scRNA,,Proerythroblast,test_scATAC
GAGGTGAGTCATAGAT-1_rna,CD14+ Mono,test_scRNA,,CD4+ T naive,test_scATAC
GTAGGCGAGTCACCTC-1_rna,Erythroblast,test_scRNA,,NK,test_scRNA
TTTCAGTTCCCGAACA-1_rna,Normoblast,test_scRNA,,Normoblast,test_scRNA
ACTTATGAGCATCCAG-1_rna,CD4+ T activated,test_scRNA,,ILC,test_scATAC
AGCCGGTTCGGCCAGT-1_rna,CD8+ T,test_scRNA,,NK,test_scRNA
TGGCCAATCTAATCCT-1_rna,ILC,test_scRNA,,Plasma cell,test_scRNA
GCTAAGAAGCGGATTT-1_rna,CD4+ T activated,test_scRNA,,Naive CD20+ B,test_scRNA
CTAACCCTCAGGAAGC-1_rna,CD4+ T activated,test_scRNA,,CD8+ T,test_scATAC
CATTATCTCCGTAAAC-1_rna,CD4+ T activated,test_scRNA,,CD4+ T activated,test_scRNA
GGAGCATAGTAACTCA-1_rna,CD14+ Mono,test_scRNA,,CD4+ T naive,test_scATAC
CCTTCGTAGGAATAAC-1_rna,CD8+ T,test_scRNA,,NK,test_scATAC
AACGCTAGTTAGCATG-1_rna,CD14+ Mono,test_scRNA,,CD4+ T activated,test_scRNA
TGCTTCATCAACAAGG-1_rna,CD4+ T activated,test_scRNA,,CD4+ T activated,test_scRNA
AGAGGATGTGCGCAAT-1_rna,Erythroblast,test_scRNA,,G/M prog,test_scATAC
GAAAGGCTCAAGCGCC-1_rna,CD4+ T activated,test_scRNA,,CD4+ T naive,test_scRNA
ACAGCCGGTGGAAACG-1_rna,CD4+ T activated,test_scRNA,,CD4+ T activated,test_scRNA
AGGACTAAGGTAACGA-1_rna,CD4+ T activated,test_scRNA,,CD4+ T naive,test_scATAC
ACACTAATCGCATTAA-1_rna,CD14+ Mono,test_scRNA,,G/M prog,test_scRNA
GCAAGCCTCCAATTAG-1_rna,Normoblast,test_scRNA,,CD4+ T naive,test_scRNA
AACCTAATCCAGGAAA-1_rna,Erythroblast,test_scRNA,,CD8+ T,test_scRNA
CCTGTATGTCCCGAAG-1_rna,CD14+ Mono,test_scRNA,,Lymph prog,test_scATAC
CCAATATCAGTAAAGC-1_rna,CD4+ T naive,test_scRNA,,G/M prog,test_scATAC
TAACCTAAGTTTGGTA-1_rna,CD14+ Mono,test_scRNA,,CD8+ T,test_scATAC
GCTTAGTAGCAGGTTT-1_rna,Naive CD20+ B,test_scRNA,,CD14+ Mono,test_scRNA
ACCGGCTAGGAGCACG-1_rna,CD4+ T activated,test_scRNA,,B1 B,test_scRNA
CCTCAATGTTGCAATG-1_rna,CD4+ T naive,test_scRNA,,CD14+ Mono,test_scRNA
CAGCATGTCTTGACCC-1_rna,NK,test_scRNA,,CD14+ Mono,test_scRNA
GTAAGGTCAGATTCAT-1_rna,Naive CD20+ B,test_scRNA,,CD14+ Mono,test_scRNA
AAGCAAGTCTAACTGA-1_rna,Erythroblast,test_scRNA,,NK,test_scRNA
TACGTAATCTCACATT-1_rna,Erythroblast,test_scRNA,,CD14+ Mono,test_scATAC
TCCAGCAAGGCAAGTA-1_rna,CD14+ Mono,test_scRNA,,CD4+ T activated,test_scATAC
GAAGCCTGTTGCATCT-1_rna,CD8+ T,test_scRNA,,NK,test_scATAC
ACCAGCTCATTGTGCA-1_rna,Erythroblast,test_scRNA,,CD4+ T activated,test_scATAC
GTGTTACAGTACTGGT-1_rna,CD14+ Mono,test_scRNA,,CD4+ T activated,test_scATAC
ATTGTCCGTGGGTACT-1_rna,CD4+ T activated,test_scRNA,,CD14+ Mono,test_scRNA
TTGTTCCCAGCACCAT-1_rna,B1 B,test_scRNA,,Erythroblast,test_scRNA
TACAGGTTCTTGACCC-1_rna,CD14+ Mono,test_scRNA,,CD8+ T,test_scATAC
TCAGCCTTCCTTAGTT-1_rna,Erythroblast,test_scRNA,,CD14+ Mono,test_scRNA
GCCCTCATCCGGAACC-1_rna,CD14+ Mono,test_scRNA,,NK,test_scATAC
TACCTCATCCTTTACG-1_rna,Erythroblast,test_scRNA,,Proerythroblast,test_scATAC
TGTATCGCAAGGTCGA-1_rna,CD4+ T activated,test_scRNA,,CD14+ Mono,test_scRNA
CCCGCTTCAGCCTTGG-1_rna,CD14+ Mono,test_scRNA,,CD4+ T activated,test_scRNA
CCAGCCTGTTCCTCCT-1_rna,CD4+ T activated,test_scRNA,,Normoblast,test_scATAC
AAGAATCAGGCGCACT-1_rna,NK,test_scRNA,,Normoblast,test_scATAC
TGTGTTAAGCCGCAAC-1_rna,CD8+ T,test_scRNA,,CD4+ T naive,test_scATAC
ACCCGTAAGCTGCACA-1_rna,NK,test_scRNA,,CD4+ T naive,test_scRNA
TCCATCATCGCAAACT-1_rna,Naive CD20+ B,test_scRNA,,CD8+ T,test_scATAC
GACTCACCAGGCAAGC-1_rna,CD4+ T activated,test_scRNA,,ILC,test_scRNA
CTCAATAAGGCGAATA-1_rna,Normoblast,test_scRNA,,B1 B,test_scATAC
TGTTGTAAGTAAGGGC-1_rna,CD4+ T activated,test_scRNA,,Erythroblast,test_scRNA
GCTGCACAGCATGAAG-1_rna,CD4+ T naive,test_scRNA,,ILC,test_scATAC
TTACCGTGTGCAACTA-1_rna,CD4+ T activated,test_scRNA,,CD14+ Mono,test_scRNA
CATAACGGTACAATGT-1_rna,B1 B,test_scRNA,,CD4+ T activated,test_scATAC
CACGCTAAGCAGGTGG-1_rna,Erythroblast,test_scRNA,,CD14+ Mono,test_scATAC
ATTAGTCCAGGATGGC-1_rna,CD8+ T,test_scRNA,,CD8+ T,test_scRNA
TTAACTGAGCGGCTGT-1_rna,NK,test_scRNA,,Erythroblast,test_scRNA
ATCCACCTCCTAATTC-1_rna,NK,test_scRNA,,G/M prog,test_scATAC
AAGTTAGCAGGAATCG-1_rna,CD14+ Mono,test_scRNA,,CD8+ T,test_scATAC
AAACGTACAGCAAATA-1_rna,CD14+ Mono,test_scRNA,,B1 B,test_scATAC
GTTTGTTTCTTGGACG-1_rna,CD8+ T,test_scRNA,,CD14+ Mono,test_scRNA
TCGCCCATCCCTTGCG-1_rna,CD4+ T activated,test_scRNA,,Erythroblast,test_scATAC
ATCAAGACAAACTCAT-1_rna,CD14+ Mono,test_scRNA,,CD8+ T,test_scRNA
CTTACCGGTTAATGCG-1_rna,CD14+ Mono,test_scRNA,,MK/E prog,test_scRNA
TCGCGCACATTGTGGC-1_rna,G/M prog,test_scRNA,,CD8+ T,test_scRNA
ACCTTCATCACTAGGT-1_rna,CD8+ T,test_scRNA,,Normoblast,test_scATAC
AAACCAACAATTAACC-1_rna,CD4+ T naive,test_scRNA,,HSC,test_scATAC
AATAACCGTAGCCTCC-1_rna,B1 B,test_scRNA,,NK,test_scATAC
TCCGCCATCATGCTTT-1_rna,CD4+ T naive,test_scRNA,,CD4+ T activated,test_scATAC
CACCTCAGTTAGGTGC-1_rna,CD4+ T activated,test_scRNA,,CD14+ Mono,test_scRNA
TAGGAACCAATTAGCT-1_rna,CD14+ Mono,test_scRNA,,Lymph prog,test_scRNA
CTCGCTCCAAGCTACC-1_rna,NK,test_scRNA,,ID2-hi myeloid prog,test_scRNA
GTTCTTGTCTATTGTC-1_rna,CD8+ T,test_scRNA,,Normoblast,test_scATAC
GAGTGTTTCATAGACC-1_rna,CD4+ T activated,test_scRNA,,CD4+ T naive,test_scATAC
GCACTTACAGTAGGAT-1_rna,CD14+ Mono,test_scRNA,,CD8+ T,test_scATAC
CACCTCAGTGCTCCGT-1_rna,CD14+ Mono,test_scRNA,,Erythroblast,test_scATAC
TAATCACCAAGGGTTG-1_rna,Erythroblast,test_scRNA,,NK,test_scATAC
AGCTGCTCACAAACTT-1_rna,CD4+ T naive,test_scRNA,,CD8+ T,test_scRNA
CGTAACCCATCGCTTT-1_rna,Normoblast,test_scRNA,,CD14+ Mono,test_scATAC
GAGCGGTCATCGCTTT-1_rna,CD4+ T activated,test_scRNA,,CD8+ T,test_scRNA
GATAATCGTGCTGTAA-1_rna,CD14+ Mono,test_scRNA,,Normoblast,test_scATAC
GAGGTTAAGCACCACA-1_rna,CD4+ T naive,test_scRNA,,Erythroblast,test_scATAC
AAATGCCTCTGTAATG-1_rna,ILC,test_scRNA,,G/M prog,test_scRNA
TACTGACAGGTCCAAT-1_rna,Normoblast,test_scRNA,,CD14+ Mono,test_scRNA
TGGACAAAGAAGGTGC-1_rna,Erythroblast,test_scRNA,,Erythroblast,test_scRNA
TTAATCGAGGAAGCTA-1_rna,CD8+ T,test_scRNA,,CD4+ T activated,test_scATAC
GTGCTGGGTTAGGCTA-1_rna,Normoblast,test_scRNA,,B1 B,test_scATAC
GAGCGGTCATGAGCAG-1_rna,B1 B,test_scRNA,,CD4+ T naive,test_scATAC
CCTAAAGGTCATCATC-1_rna,Naive CD20+ B,test_scRNA,,Naive CD20+ B,test_scATAC
GTGCTGATCACCGGTA-1_rna,B1 B,test_scRNA,,Normoblast,test_scRNA
ATGTCAATCCTAAGTA-1_rna,CD8+ T,test_scRNA,,CD4+ T naive,test_scRNA
CTTACCTCATGTCAGC-1_rna,Erythroblast,test_scRNA,,CD14+ Mono,test_scATAC
GGCTTAAGTCGTTACT-1_rna,CD14+ Mono,test_scRNA,,Plasma cell,test_scRNA
GCCTTGCGTTCGCTTG-1_rna,CD4+ T activated,test_scRNA,,Erythroblast,test_scRNA
GCGATTAGTCATGAGC-1_rna,B1 B,test_scRNA,,CD14+ Mono,test_scRNA
TTTCCTGAGTTAGTGC-1_rna,Naive CD20+ B,test_scRNA,,CD4+ T naive,test_scATAC
GCTAAGCGTTCGGGAT-1_rna,CD4+ T naive,test_scRNA,,Naive CD20+ B,test_scATAC
TCAGTGAGTTAGGTTG-1_rna,Normoblast,test_scRNA,,Transitional B,test_scATAC
GGCCTAATCTAATCAG-1_rna,CD8+ T,test_scRNA,,Erythroblast,test_scRNA
CGACCTGCAGGCGAGT-1_rna,CD14+ Mono,test_scRNA,,Naive CD20+ B,test_scATAC
GCGAAGCCAATCATGT-1_rna,Erythroblast,test_scRNA,,CD8+ T,test_scRNA
GCCCAAATCATGAGCT-1_rna,Naive CD20+ B,test_scRNA,,Erythroblast,test_scRNA
AGCGCTCAGCGATACT-1_rna,CD8+ T,test_scRNA,,CD8+ T,test_scATAC
GTCTAGCCAGGAACAT-1_rna,CD8+ T,test_scRNA,,CD4+ T activated,test_scRNA
AATTGCCAGCCAGTAT-1_rna,NK,test_scRNA,,Naive CD20+ B,test_scRNA
GCCATGATCTCACATT-1_rna,CD4+ T naive,test_scRNA,,pDC,test_scATAC
CGCTACTTCATGGCTG-1_rna,Erythroblast,test_scRNA,,Normoblast,test_scRNA
GCTGGATGTGCTTTAC-1_rna,CD4+ T naive,test_scRNA,,CD4+ T activated,test_scRNA
AATATCCCATGTTGCA-1_rna,CD14+ Mono,test_scRNA,,CD4+ T activated,test_scRNA
ACCAGGGAGGAGCACG-1_rna,CD4+ T activated,test_scRNA,,CD4+ T activated,test_scRNA
TAGGCTTAGTATTGTG-1_rna,CD4+ T naive,test_scRNA,,CD8+ T,test_scRNA
AACCTAATCCTGCGAA-1_rna,CD14+ Mono,test_scRNA,,CD4+ T activated,test_scATAC
GATGCGACAGCTTAGC-1_rna,CD14+ Mono,test_scRNA,,Erythroblast,test_scATAC
ACCCAACCATGCAACC-1_rna,CD14+ Mono,test_scRNA,,G/M prog,test_scRNA
ACCACATAGTTAGTTG-1_rna,Erythroblast,test_scRNA,,NK,test_scATAC
CCCATAACACAGACTC-1_rna,NK,test_scRNA,,CD4+ T activated,test_scATAC
GTTGCCCGTAAGTCGC-1_rna,CD14+ Mono,test_scRNA,,CD4+ T activated,test_scATAC
CAGCTCAAGGCGCTTA-1_rna,Normoblast,test_scRNA,,G/M prog,test_scATAC
ACGTCCTTCTGTAATG-1_rna,Naive CD20+ B,test_scRNA,,G/M prog,test_scATAC
CCAGGAACACTATGGC-1_rna,CD4+ T activated,test_scRNA,,NK,test_scATAC
GGCAAGCCATGAGTTT-1_rna,CD4+ T naive,test_scRNA,,CD4+ T naive,test_scATAC
TATAGCTCAGCTCATA-1_rna,NK,test_scRNA,,CD4+ T activated,test_scRNA
CTATGGCCAAAGCTCC-1_rna,CD14+ Mono,test_scRNA,,NK,test_scRNA
GATTCATCAGAAATGC-1_rna,CD8+ T,test_scRNA,,CD8+ T,test_scATAC
CCGCTAGCATGAAATG-1_rna,NK,test_scRNA,,CD4+ T activated,test_scRNA
TGCTGGATCAATACGC-1_rna,Normoblast,test_scRNA,,CD14+ Mono,test_scATAC
ATGCGATTCCCTCAAC-1_rna,CD14+ Mono,test_scRNA,,NK,test_scATAC
ATGGCTGTCCTCACAC-1_rna,Erythroblast,test_scRNA,,Normoblast,test_scRNA
ATCCCGCGTTGGTTAG-1_rna,CD14+ Mono,test_scRNA,,CD4+ T activated,test_scRNA
TTGAGCTAGGTTACAC-1_rna,CD8+ T,test_scRNA,,NK,test_scATAC
CTTAACAAGTTGTCCC-1_rna,CD8+ T,test_scRNA,,NK,test_scATAC
TCCATGCTCCGGAACC-1_rna,CD14+ Mono,test_scRNA,,Erythroblast,test_scRNA
TCGTTATTCACGAATC-1_rna,CD4+ T naive,test_scRNA,,B1 B,test_scRNA
GCCTGACAGCCGGTAC-1_rna,Erythroblast,test_scRNA,,Naive CD20+ B,test_scRNA
ATGGACAAGTTGTCAA-1_rna,CD14+ Mono,test_scRNA,,CD8+ T,test_scRNA
TAAGTAGCAAGGTGCA-1_rna,CD14+ Mono,test_scRNA,,CD4+ T activated,test_scATAC
CCTCAATGTTCCTGTG-1_rna,Naive CD20+ B,test_scRNA,,NK,test_scATAC
GCCTCGACAGGACACA-1_rna,CD8+ T,test_scRNA,,Plasma cell,test_scATAC
TGAAGTGAGTCATGCG-1_rna,CD8+ T,test_scRNA,,CD4+ T activated,test_scATAC
GAAACCCGTAATAGCT-1_rna,CD4+ T naive,test_scRNA,,CD8+ T,test_scRNA
CCGATGCAGGTTACGT-1_rna,Erythroblast,test_scRNA,,CD8+ T,test_scATAC
TCGTTTCCACAAGCCT-1_rna,Normoblast,test_scRNA,,Plasma cell,test_scRNA
CGGTTGGGTCTCACTG-1_rna,CD4+ T activated,test_scRNA,,Erythroblast,test_scATAC
AGTCTTGCATGAAGTA-1_rna,Erythroblast,test_scRNA,,CD4+ T activated,test_scRNA
GTGCTTCTCACTAATG-1_rna,Naive CD20+ B,test_scRNA,,Erythroblast,test_scATAC
CTCACACTCGCTCCAT-1_rna,NK,test_scRNA,,CD4+ T naive,test_scATAC
ATATGCATCAACAAGG-1_rna,CD14+ Mono,test_scRNA,,Proerythroblast,test_scATAC
GATGCGACAATCCTAG-1_rna,Erythroblast,test_scRNA,,NK,test_scRNA
GGTTAATGTTTGCAGA-1_rna,CD14+ Mono,test_scRNA,,Erythroblast,test_scATAC
CTGTATTTCATCCACC-1_rna,B1 B,test_scRNA,,CD4+ T naive,test_scATAC
GCCTTTATCCCAGTAG-1_rna,CD8+ T,test_scRNA,,pDC,test_scATAC
TGGGCATGTTAGGCGT-1_rna,CD14+ Mono,test_scRNA,,Normoblast,test_scRNA
TATAGCCAGGGATGAC-1_rna,NK,test_scRNA,,cDC2,test_scATAC
TGGTCATAGGGACTAA-1_rna,Naive CD20+ B,test_scRNA,,CD16+ Mono,test_scATAC
GCTGGTTCATGGTTAT-1_rna,CD8+ T,test_scRNA,,pDC,test_scRNA
ACGACAAAGTTAACCA-1_rna,Erythroblast,test_scRNA,,B1 B,test_scRNA
GTTCTTAGTAACCTAG-1_rna,CD4+ T activated,test_scRNA,,Normoblast,test_scATAC
ACCTGGTCAGGAAGCC-1_rna,CD4+ T naive,test_scRNA,,Normoblast,test_scRNA
GTCTATGCAGCATGTC-1_rna,ILC,test_scRNA,,CD8+ T,test_scATAC
TAGGCTAGTGAGGTGA-1_rna,CD8+ T,test_scRNA,,CD4+ T activated,test_scRNA
GGCTGAGAGTTATGTG-1_rna,Naive CD20+ B,test_scRNA,,CD8+ T,test_scRNA
CCTTGTTCAGCATGTC-1_rna,CD8+ T,test_scRNA,,CD4+ T activated,test_scATAC
CGCACCACAACCGCCA-1_rna,NK,test_scRNA,,Erythroblast,test_scATAC
TGATGACTCCCTGTTA-1_rna,CD4+ T naive,test_scRNA,,CD4+ T activated,test_scATAC
TGTTGGCCAATAGCAA-1_rna,CD4+ T activated,test_scRNA,,Naive CD20+ B,test_scRNA
GATGGCTGTTAGGTTG-1_rna,B1 B,test_scRNA,,NK,test_scATAC
GGCCTTAAGTGCTGTG-1_rna,Erythroblast,test_scRNA,,Erythroblast,test_scATAC
CGGTTTCTCAGCATTA-1_rna,NK,test_scRNA,,CD14+ Mono,test_scATAC
AGGTCCGGTTAACACG-1_rna,CD14+ Mono,test_scRNA,,CD8+ T,test_scRNA
AACTTAGTCCGTTATT-1_rna,CD4+ T activated,test_scRNA,,Transitional B,test_scATAC
TGCAAGCGTAAGCTCA-1_rna,CD4+ T naive,test_scRNA,,CD14+ Mono,test_scRNA
AGCTTTAAGTCAGTAC-1_rna,Normoblast,test_scRNA,,CD4+ T activated,test_scRNA
ATGGCTAGTATTGGAT-1_rna,NK,test_scRNA,,NK,test_scRNA
GTTAAGTGTGAGACTC-1_rna,CD4+ T naive,test_scRNA,,CD14+ Mono,test_scATAC
TCAAGTATCATAACCA-1_rna,CD4+ T activated,test_scRNA,,NK,test_scRNA
TGACTTAAGCACGTTG-1_rna,CD8+ T,test_scRNA,,NK,test_scRNA
TACCAAATCAAGGACA-1_rna,Erythroblast,test_scRNA,,Naive CD20+ B,test_scATAC
GGACCGAAGCCATCAG-1_rna,CD4+ T activated,test_scRNA,,G/M prog,test_scATAC
CACATTAAGTATTGTG-1_rna,CD14+ Mono,test_scRNA,,Naive CD20+ B,test_scRNA
ATATGCATCCGGTATG-1_rna,CD4+ T naive,test_scRNA,,B1 B,test_scRNA
GGCTGAGAGGCGCACT-1_rna,CD4+ T naive,test_scRNA,,Normoblast,test_scRNA
ACGTTACAGCAGGTTT-1_rna,Naive CD20+ B,test_scRNA,,Transitional B,test_scATAC
TGTTACTTCCCGAACA-1_rna,Naive CD20+ B,test_scRNA,,CD4+ T naive,test_scATAC
GTGCTTACATACTCCT-1_rna,CD14+ Mono,test_scRNA,,Normoblast,test_scRNA
AAATCCGGTTAGGTTG-1_rna,CD8+ T,test_scRNA,,Erythroblast,test_scRNA
AAACATGCAATATAGG-1_rna,CD4+ T activated,test_scRNA,,Normoblast,test_scATAC
TTGGTGAGTAGGTGTC-1_rna,NK,test_scRNA,,CD4+ T activated,test_scRNA
CACTTTGTCGAGCTAT-1_rna,CD4+ T activated,test_scRNA,,Normoblast,test_scATAC
CTAAATGTCCAGGTCA-1_rna,CD4+ T activated,test_scRNA,,CD16+ Mono,test_scATAC
CTTCACTCATCAGTAT-1_rna,CD8+ T,test_scRNA,,CD14+ Mono,test_scRNA
TGTTGTTTCTAACCTT-1_rna,NK,test_scRNA,,G/M prog,test_scRNA
CAATAGCTCATTACGA-1_rna,Normoblast,test_scRNA,,ILC,test_scATAC
GTAGGAGGTTGCATCT-1_rna,Erythroblast,test_scRNA,,Erythroblast,test_scRNA
ACCAAGCGTAAAGCGG-1_rna,NK,test_scRNA,,Normoblast,test_scRNA
TCCTTCAAGGCGCACT-1_rna,CD14+ Mono,test_scRNA,,CD14+ Mono,test_scRNA
AGTTTGCAGTAACAGG-1_rna,NK,test_scRNA,,CD4+ T naive,test_scRNA
ATAACGACACTAGCGT-1_rna,CD4+ T activated,test_scRNA,,CD8+ T,test_scATAC
CCTAAGCCAATAATGG-1_rna,Erythroblast,test_scRNA,,CD8+ T,test_scRNA
TGCGGTTCAAGATTCT-1_rna,CD8+ T,test_scRNA,,CD4+ T activated,test_scATAC
CGCACCACAAGGTCCT-1_rna,CD14+ Mono,test_scRNA,,Erythroblast,test_scATAC
CGGTTATAGCTGGAAA-1_rna,CD8+ T,test_scRNA,,CD4+ T naive,test_scATAC
CATCACACATAATCGT-1_rna,CD4+ T activated,test_scRNA,,CD4+ T activated,test_scATAC
TAACCTAAGAATCGCT-1_rna,ILC,test_scRNA,,NK,test_scRNA
GGTAAGGGTCATGCAA-1_rna,CD4+ T activated,test_scRNA,,CD14+ Mono,test_scATAC
GGTCTTGAGGTGCTGC-1_rna,Normoblast,test_scRNA,,Naive CD20+ B,test_scRNA
TTGACTAAGGATAAAC-1_rna,CD4+ T activated,test_scRNA,,CD16+ Mono,test_scRNA
CCTTGTTCAATGAGGT-1_rna,CD4+ T activated,test_scRNA,,CD14+ Mono,test_scRNA
AGACCCGGTAGGATCC-1_rna,CD4+ T activated,test_scRNA,,NK,test_scRNA
CGGTTTCTCCAGGTTG-1_rna,Erythroblast,test_scRNA,,CD4+ T naive,test_scATAC
TAGTGGCGTTGGTTCT-1_rna,CD8+ T,test_scRNA,,NK,test_scRNA
TTGTCCCAGTTAGTGC-1_rna,Erythroblast,test_scRNA,,NK,test_scRNA
CCGATGCAGACTAAGG-1_rna,Normoblast,test_scRNA,,Erythroblast,test_scATAC
GCCTCCATCTCAATTC-1_rna,Erythroblast,test_scRNA,,CD4+ T activated,test_scATAC
TACTTCGTCCACCTGT-1_rna,Naive CD20+ B,test_scRNA,,NK,test_scATAC
GCGAAGTAGCAAACCT-1_rna,CD8+ T,test_scRNA,,CD14+ Mono,test_scRNA
CAACTAGGTTGTGACA-1_rna,Normoblast,test_scRNA,,CD14+ Mono,test_scRNA
CAATAAGCATTATGCG-1_rna,CD4+ T activated,test_scRNA,,CD14+ Mono,test_scATAC
ACTTACTTCGGTTCCT-1_rna,CD8+ T,test_scRNA,,CD14+ Mono,test_scRNA
ACACTTAAGCACGTTG-1_rna,Naive CD20+ B,test_scRNA,,Erythroblast,test_scATAC
GCTAGCGGTGCATTAG-1_rna,CD8+ T,test_scRNA,,NK,test_scATAC
GATGCGACATGAATAG-1_rna,CD4+ T activated,test_scRNA,,Erythroblast,test_scATAC
CTAGCTTGTCAAAGGG-1_rna,Erythroblast,test_scRNA,,CD8+ T,test_scRNA
GCAGGTGAGCCTGATG-1_rna,ILC,test_scRNA,,Naive CD20+ B,test_scATAC
TTGACATCACTAGGTC-1_rna,CD14+ Mono,test_scRNA,,CD4+ T naive,test_scRNA
TCGTTAAAGCGAGTAA-1_rna,CD4+ T naive,test_scRNA,,CD8+ T,test_scATAC
TGTTCATTCATAGCCG-1_rna,CD8+ T,test_scRNA,,CD4+ T naive,test_scATAC
TCGACAAGTTGTTGGA-1_rna,Normoblast,test_scRNA,,CD4+ T activated,test_scATAC
CTTCTAAGTGATCAGC-1_rna,CD14+ Mono,test_scRNA,,B1 B,test_scRNA
GCCAGGAAGCATTATG-1_rna,Erythroblast,test_scRNA,,NK,test_scRNA
CGTAACTAGAGAGGAG-1_rna,CD14+ Mono,test_scRNA,,MK/E prog,test_scATAC
AGACAATAGTGACCTG-1_rna,CD14+ Mono,test_scRNA,,pDC,test_scATAC
GGGAGTAGTAGGATCC-1_rna,Normoblast,test_scRNA,,Erythroblast,test_scRNA
TCTCCTCGTAGCTGGT-1_rna,CD4+ T activated,test_scRNA,,Normoblast,test_scATAC
CTTGCAACAGGCGATA-1_rna,CD4+ T activated,test_scRNA,,Erythroblast,test_scATAC
GTGAACAAGTAGCGGG-1_rna,NK,test_scRNA,,CD4+ T activated,test_scRNA
TGATGATGTCAGGCCA-1_rna,CD8+ T,test_scRNA,,CD4+ T activated,test_scATAC
TAGCATATCCACCCTG-1_rna,NK,test_scRNA,,CD14+ Mono,test_scRNA
TGTGCGGGTAATGACT-1_rna,Normoblast,test_scRNA,,CD4+ T activated,test_scRNA
ACAACAACATGAGCAG-1_rna,Erythroblast,test_scRNA,,Erythroblast,test_scATAC
ATTACGTCAAGTGTTT-1_rna,CD4+ T naive,test_scRNA,,Erythroblast,test_scATAC
GGTTATGGTGCTGGTG-1_rna,NK,test_scRNA,,CD14+ Mono,test_scATAC
AGTAACCTCGCTCACT-1_rna,Naive CD20+ B,test_scRNA,,CD14+ Mono,test_scATAC
GCCTGCTGTGCTTACT-1_rna,Erythroblast,test_scRNA,,Erythroblast,test_scATAC
GTGCAAGCAAATGCCC-1_rna,CD8+ T,test_scRNA,,CD14+ Mono,test_scATAC
CGATTTGCAAAGCTCC-1_rna,CD4+ T activated,test_scRNA,,CD8+ T,test_scRNA
GTTAAGTGTCCACAAA-1_rna,NK,test_scRNA,,CD14+ Mono,test_scATAC
CAATATGTCAGGGCCT-1_rna,CD4+ T activated,test_scRNA,,CD14+ Mono,test_scATAC
CAAGTTATCGCTTCTA-1_rna,Erythroblast,test_scRNA,,CD8+ T,test_scATAC
TTAGGAACATTAGCCA-1_rna,G/M prog,test_scRNA,,MK/E prog,test_scATAC
CGTAGTTAGTCAGGCC-1_rna,CD14+ Mono,test_scRNA,,Normoblast,test_scRNA
GGATACTTCATTTGTC-1_rna,CD4+ T activated,test_scRNA,,NK,test_scATAC
AAGGATTAGCTTATGA-1_rna,Naive CD20+ B,test_scRNA,,CD14+ Mono,test_scRNA
TTGGATCAGTCCTGAG-1_rna,CD14+ Mono,test_scRNA,,CD14+ Mono,test_scRNA
TAGGGTTTCCTGAGTG-1_rna,CD4+ T naive,test_scRNA,,Naive CD20+ B,test_scRNA
TCACGGATCGCAAACT-1_rna,CD4+ T activated,test_scRNA,,CD8+ T,test_scRNA
CACTGACCATCCATCT-1_rna,NK,test_scRNA,,CD4+ T activated,test_scATAC
GACTATTCAGCCAGTT-1_rna,CD8+ T,test_scRNA,,CD4+ T activated,test_scATAC
CCAGGAACAGTAGGAT-1_rna,CD8+ T,test_scRNA,,Normoblast,test_scRNA
GCCTTAGAGCCTGTGA-1_rna,CD8+ T,test_scRNA,,Erythroblast,test_scATAC
CGTATTGCACTGACTA-1_rna,CD14+ Mono,test_scRNA,,pDC,test_scATAC
TCCGCCATCGATTTAG-1_rna,NK,test_scRNA,,CD8+ T,test_scATAC
GAGTAATAGGATGATG-1_rna,CD8+ T,test_scRNA,,NK,test_scRNA
GCCAACATCCCGAACA-1_rna,CD8+ T,test_scRNA,,CD14+ Mono,test_scRNA
TACTCGCTCCGCCTAT-1_rna,CD14+ Mono,test_scRNA,,CD4+ T naive,test_scATAC
CTCTCACAGCTGTACG-1_rna,CD4+ T naive,test_scRNA,,CD4+ T activated,test_scRNA
GTGTAACTCCGTAAAC-1_rna,Normoblast,test_scRNA,,Erythroblast,test_scRNA
TCAATCGCACCTACTT-1_rna,ILC,test_scRNA,,CD4+ T activated,test_scATAC
ATCAGGTTCTTCAATC-1_rna,CD8+ T,test_scRNA,,Erythroblast,test_scATAC
GTGGACACATAATGAG-1_rna,Erythroblast,test_scRNA,,CD8+ T,test_scATAC
GAGTTGCGTGTTGTGA-1_rna,Normoblast,test_scRNA,,B1 B,test_scRNA
TATCCAGCACCGGTAT-1_rna,G/M prog,test_scRNA,,CD4+ T activated,test_scATAC
ATCACAATCGATTCTT-1_rna,CD4+ T activated,test_scRNA,,CD16+ Mono,test_scATAC
AAATCCGGTAGCTAAT-1_rna,CD4+ T naive,test_scRNA,,CD4+ T activated,test_scRNA
AATGCATGTTGTTGGA-1_rna,CD14+ Mono,test_scRNA,,Naive CD20+ B,test_scRNA
CTAGTAGGTCGTTACT-1_rna,CD14+ Mono,test_scRNA,,CD14+ Mono,test_scRNA
AGAACAAGTATTACCC-1_rna,CD4+ T naive,test_scRNA,,CD4+ T activated,test_scATAC
GGTGCTGGTCCTAAGA-1_rna,Erythroblast,test_scRNA,,Erythroblast,test_scATAC
CATCGCTTCATTATGG-1_rna,NK,test_scRNA,,CD16+ Mono,test_scRNA
GAATTTGTCTTGAGCG-1_rna,CD14+ Mono,test_scRNA,,ID2-hi myeloid prog,test_scATAC
ACACTTGCATGAGTTT-1_rna,CD14+ Mono,test_scRNA,,Naive CD20+ B,test_scATAC
GATTAGTGTAACCACA-1_rna,Normoblast,test_scRNA,,Erythroblast,test_scRNA
CCTAAGTAGAGCCGGA-1_rna,Normoblast,test_scRNA,,Lymph prog,test_scATAC
CAGTACCCAGGGAGGA-1_rna,CD8+ T,test_scRNA,,Naive CD20+ B,test_scATAC
GATAACGAGATGCCTG-1_rna,CD14+ Mono,test_scRNA,,CD4+ T activated,test_scATAC
GGAGTCTGTCACGAAC-1_rna,CD4+ T activated,test_scRNA,,G/M prog,test_scRNA
GGGCATTGTGATTACG-1_rna,CD4+ T activated,test_scRNA,,CD14+ Mono,test_scATAC
CGGTAACGTAACGAGG-1_rna,Erythroblast,test_scRNA,,CD8+ T,test_scRNA
GTTAGGCGTTCGGTAA-1_rna,CD4+ T activated,test_scRNA,,MK/E prog,test_scATAC
GTTGGAGCAAACGGGC-1_rna,CD4+ T naive,test_scRNA,,B1 B,test_scATAC
GCTAGCTCAACAGGTG-1_rna,G/M prog,test_scRNA,,CD8+ T,test_scATAC
TAGCCGGGTGATGGCT-1_rna,CD4+ T activated,test_scRNA,,CD8+ T,test_scATAC
CCCTCACCATAAACCT-1_rna,CD4+ T activated,test_scRNA,,Normoblast,test_scRNA
CTCTAGCTCGATTATG-1_rna,NK,test_scRNA,,CD14+ Mono,test_scRNA
CCCGTTGTCCGGAACC-1_rna,Normoblast,test_scRNA,,Erythroblast,test_scRNA
CATAGCTAGTGCTGTG-1_rna,Erythroblast,test_scRNA,,CD4+ T naive,test_scRNA
TTTAGGATCGTGCCTT-1_rna,CD14+ Mono,test_scRNA,,CD4+ T activated,test_scATAC
ACTTACTTCGCAAACT-1_rna,Erythroblast,test_scRNA,,CD14+ Mono,test_scRNA
GTGTGTTAGGCAGGTG-1_rna,CD14+ Mono,test_scRNA,,CD14+ Mono,test_scATAC
AATTTGCCATAGCTTG-1_rna,NK,test_scRNA,,Erythroblast,test_scATAC
GACCTTTGTACCGTTT-1_rna,CD8+ T,test_scRNA,,NK,test_scATAC
TCCATCATCAGCACGC-1_rna,Normoblast,test_scRNA,,CD8+ T,test_scRNA
GTTGCATAGATAGACG-1_rna,Erythroblast,test_scRNA,,Erythroblast,test_scATAC
CCGCTTAGTTCCGGCT-1_rna,CD4+ T activated,test_scRNA,,ID2-hi myeloid prog,test_scATAC
CACATTAAGTAACCAC-1_rna,Naive CD20+ B,test_scRNA,,Naive CD20+ B,test_scATAC
GGTGAGCCAATTAGGA-1_rna,CD8+ T,test_scRNA,,Erythroblast,test_scRNA
GTGCTGATCTAGCGTG-1_rna,CD4+ T activated,test_scRNA,,Erythroblast,test_scATAC
CAGGCTGGTTAAGCCA-1_rna,CD4+ T activated,test_scRNA,,Erythroblast,test_scRNA
TATTGACCAGGCCAAA-1_rna,G/M prog,test_scRNA,,Erythroblast,test_scRNA
TCGGTTACACCAGGTT-1_rna,Erythroblast,test_scRNA,,CD14+ Mono,test_scRNA
ATTACCCGTATCTGGA-1_rna,Normoblast,test_scRNA,,CD8+ T,test_scATAC
ACTGAATGTTAGCGTA-1_rna,G/M prog,test_scRNA,,pDC,test_scRNA
GCTGTACCAGGTTACC-1_rna,Normoblast,test_scRNA,,Proerythroblast,test_scRNA
GGCTGGTTCGGGCCAT-1_rna,ILC,test_scRNA,,Naive CD20+ B,test_scATAC
GAGAACCAGACAGGCG-1_rna,Erythroblast,test_scRNA,,CD4+ T activated,test_scRNA
GAGAGGCGTAATGGAA-1_rna,CD14+ Mono,test_scRNA,,CD14+ Mono,test_scATAC
CGTATTGCAAAGCTCC-1_rna,Naive CD20+ B,test_scRNA,,CD8+ T,test_scATAC
ACGGTACGTCAGGCAT-1_rna,CD8+ T,test_scRNA,,Naive CD20+ B,test_scATAC
ACGTTGTAGCGAGTAA-1_rna,Erythroblast,test_scRNA,,Plasma cell,test_scRNA
GATAAAGGTGATTACG-1_rna,NK,test_scRNA,,CD4+ T activated,test_scATAC
CACTAAGGTTCAAGCA-1_rna,CD4+ T activated,test_scRNA,,Erythroblast,test_scRNA
ACTGAATGTGCCGCAA-1_rna,CD4+ T activated,test_scRNA,,CD14+ Mono,test_scRNA
GGAGCGATCACTAAGC-1_rna,CD4+ T activated,test_scRNA,,Normoblast,test_scRNA
TGTTGCACAGTAAGTA-1_rna,B1 B,test_scRNA,,CD14+ Mono,test_scATAC
CTGTTAAAGATGCCTG-1_rna,B1 B,test_scRNA,,CD4+ T naive,test_scATAC
AATCCCTGTAGCTGGT-1_rna,NK,test_scRNA,,CD4+ T activated,test_scATAC
AGGCGGATCGTAATCA-1_rna,CD4+ T naive,test_scRNA,,CD4+ T activated,test_scRNA
GCAGGACCATCATGGC-1_rna,Normoblast,test_scRNA,,CD14+ Mono,test_scRNA
TGGACGGAGGCATGTT-1_rna,Erythroblast,test_scRNA,,CD8+ T,test_scRNA
AACCTAATCGAAGCGG-1_rna,Erythroblast,test_scRNA,,Erythroblast,test_scATAC
TGAGGGAGTTATGTGG-1_rna,CD14+ Mono,test_scRNA,,CD4+ T naive,test_scATAC
CTTGAATCAGGATAAC-1_rna,G/M prog,test_scRNA,,ILC,test_scATAC
GCTCAACCACTAAATC-1_rna,Erythroblast,test_scRNA,,CD14+ Mono,test_scRNA
CAAGGTTTCAAACACC-1_rna,NK,test_scRNA,,CD4+ T naive,test_scRNA
GCCATTACAATAACCT-1_rna,ILC,test_scRNA,,B1 B,test_scATAC
GCTTCGCGTTATAGCG-1_rna,Normoblast,test_scRNA,,CD4+ T naive,test_scATAC
TTAATCGAGGTCCGTA-1_rna,CD14+ Mono,test_scRNA,,Erythroblast,test_scATAC
TGAGCAAAGACAAACG-1_rna,CD4+ T activated,test_scRNA,,CD4+ T naive,test_scRNA
TTATGACCAATGAGGT-1_rna,Erythroblast,test_scRNA,,CD14+ Mono,test_scATAC
GTAAGGTCAAGCTTAT-1_rna,Erythroblast,test_scRNA,,Plasma cell,test_scATAC
GTGCATTAGGGCTTAT-1_rna,CD8+ T,test_scRNA,,CD14+ Mono,test_scRNA
GACGCAACAGTTTCTC-1_rna,CD4+ T naive,test_scRNA,,CD14+ Mono,test_scRNA
ATCCATAAGGTAAGCA-1_rna,Normoblast,test_scRNA,,NK,test_scATAC
AATACCGGTGTGCAAC-1_rna,Naive CD20+ B,test_scRNA,,CD4+ T activated,test_scATAC
CCAAGTTAGTAGCGCC-1_rna,Naive CD20+ B,test_scRNA,,NK,test_scRNA
CAATCGCCATCTTGAG-1_rna,CD14+ Mono,test_scRNA,,Proerythroblast,test_scATAC
AGCAATACAAGGGTTG-1_rna,NK,test_scRNA,,CD4+ T activated,test_scRNA
CTAGCGGGTAAGCTTG-1_rna,CD4+ T activated,test_scRNA,,CD8+ T,test_scRNA
GCACGGTTCATTATGG-1_rna,CD4+ T naive,test_scRNA,,CD14+ Mono,test_scATAC
GACATAGAGCTATTGA-1_rna,NK,test_scRNA,,ILC,test_scRNA
TACCTGCTCCCTCAAC-1_rna,Normoblast,test_scRNA,,HSC,test_scRNA
GTAAGGTCATCGCTCC-1_rna,CD4+ T activated,test_scRNA,,Plasma cell,test_scRNA
AGCCTAAGTTAGGATT-1_rna,CD4+ T activated,test_scRNA,,CD14+ Mono,test_scATAC
CCTACTTCAAGCTTTG-1_rna,CD4+ T naive,test_scRNA,,CD8+ T,test_scATAC
CGCTTCTAGGGTGAAC-1_rna,CD14+ Mono,test_scRNA,,Normoblast,test_scRNA
ATTAACCCAAAGCTCC-1_rna,Normoblast,test_scRNA,,CD4+ T activated,test_scRNA
GTAGCTGTCACGCATG-1_rna,Erythroblast,test_scRNA,,Normoblast,test_scRNA
TGATTAGTCACGAATC-1_rna,G/M prog,test_scRNA,,CD14+ Mono,test_scRNA
TGTAACTCAATATACC-1_rna,NK,test_scRNA,,CD4+ T naive,test_scRNA
CAAGTGAAGCAAGACA-1_rna,Erythroblast,test_scRNA,,G/M prog,test_scATAC
TCCAGGTCATCAGTAT-1_rna,CD14+ Mono,test_scRNA,,ID2-hi myeloid prog,test_scATAC
ATCACACAGCATTTCT-1_rna,Erythroblast,test_scRNA,,CD8+ T,test_scRNA
GGAGGTTAGCACAGAA-1_rna,CD14+ Mono,test_scRNA,,Normoblast,test_scATAC
TCATACTTCCATAAGC-1_rna,Erythroblast,test_scRNA,,NK,test_scATAC
TTTGGCTGTTGCAATG-1_rna,Normoblast,test_scRNA,,Normoblast,test_scATAC
CGCACCACAGTAGCCT-1_rna,NK,test_scRNA,,CD14+ Mono,test_scATAC
ATTACTGAGTGACCTG-1_rna,CD4+ T activated,test_scRNA,,CD4+ T naive,test_scRNA
GCCTACTTCCTAATGA-1_rna,Erythroblast,test_scRNA,,Erythroblast,test_scRNA
TGGCTATAGTGAGGTA-1_rna,CD4+ T activated,test_scRNA,,CD8+ T,test_scATAC
CCTTCAATCGCTTCTA-1_rna,Naive CD20+ B,test_scRNA,,CD14+ Mono,test_scATAC
CATGGCGGTACTGATG-1_rna,CD8+ T,test_scRNA,,Erythroblast,test_scATAC
CCCTCAGTCTTTGACT-1_rna,Naive CD20+ B,test_scRNA,,ILC,test_scATAC
TGCGCGAGTGCTGGTG-1_rna,CD4+ T naive,test_scRNA,,CD4+ T activated,test_scRNA
AAGGATGTCTCTAGCC-1_rna,CD4+ T naive,test_scRNA,,CD4+ T naive,test_scRNA
CGTGCTTTCGCATTAA-1_rna,Erythroblast,test_scRNA,,CD14+ Mono,test_scRNA
TGAGTTTCATAATCGT-1_rna,Erythroblast,test_scRNA,,Erythroblast,test_scATAC
TGATTCAAGTTCCCGT-1_rna,CD14+ Mono,test_scRNA,,pDC,test_scATAC
GCCTTAACAAACATAG-1_rna,CD4+ T naive,test_scRNA,,CD4+ T naive,test_scATAC
GACACCGGTGTCCTGC-1_rna,Naive CD20+ B,test_scRNA,,B1 B,test_scRNA
TAAGCTGGTAGCTAAT-1_rna,Erythroblast,test_scRNA,,CD8+ T,test_scRNA
TTTAAGGTCGTTACAA-1_rna,CD4+ T activated,test_scRNA,,CD4+ T activated,test_scATAC
TGGCCATCAAGGATTA-1_rna,CD8+ T,test_scRNA,,Naive CD20+ B,test_scRNA
GTCATTAAGTGGACAA-1_rna,Erythroblast,test_scRNA,,Erythroblast,test_scATAC
TGGCTAAGTTAGTGAT-1_rna,CD4+ T activated,test_scRNA,,Normoblast,test_scATAC
CCAAATCAGTTTGCGG-1_rna,CD4+ T activated,test_scRNA,,CD4+ T naive,test_scATAC
ACTCACCTCTCACATT-1_rna,CD14+ Mono,test_scRNA,,CD14+ Mono,test_scRNA
TCGGTTCTCCGTTAAA-1_rna,Erythroblast,test_scRNA,,CD8+ T,test_scRNA
AGTTACATCTAAGTCA-1_rna,CD14+ Mono,test_scRNA,,CD4+ T activated,test_scRNA
CGGTTATAGTCAATCA-1_rna,NK,test_scRNA,,Erythroblast,test_scATAC
TCACCTCAGCGCTCAA-1_rna,CD8+ T,test_scRNA,,NK,test_scRNA
GAGGTGAGTTTATTCG-1_rna,CD4+ T activated,test_scRNA,,pDC,test_scATAC
CTATTCAGTGGTTATG-1_rna,CD4+ T activated,test_scRNA,,CD4+ T naive,test_scATAC
GTCGAGGAGGCCCAGT-1_rna,NK,test_scRNA,,CD4+ T naive,test_scRNA
AATCTTGAGCAGCTCA-1_rna,Normoblast,test_scRNA,,B1 B,test_scRNA
CGTATTGCACAAACTT-1_rna,NK,test_scRNA,,Transitional B,test_scATAC
GTAGTTTCATTGACAT-1_rna,CD14+ Mono,test_scRNA,,G/M prog,test_scRNA
ACCTACCTCACGTTAA-1_rna,ILC,test_scRNA,,CD14+ Mono,test_scATAC
CAACAGGCACAGAAAC-1_rna,Naive CD20+ B,test_scRNA,,CD4+ T activated,test_scRNA
TTGGCTACAGTTTACG-1_rna,NK,test_scRNA,,Normoblast,test_scRNA
AGGACGTAGCTCAAAC-1_rna,Normoblast,test_scRNA,,CD14+ Mono,test_scRNA
ATCATGTCATGGAGGC-1_rna,CD4+ T naive,test_scRNA,,CD14+ Mono,test_scATAC
TATCCGGAGGCCTGGT-1_rna,CD4+ T activated,test_scRNA,,HSC,test_scATAC
ATCGCTTGTCACCTAT-1_rna,ILC,test_scRNA,,B1 B,test_scRNA
TGTGCAAGTGTGTGGT-1_rna,Normoblast,test_scRNA,,CD14+ Mono,test_scATAC
GAAGTGATCGAGGAGT-1_rna,Erythroblast,test_scRNA,,CD4+ T activated,test_scRNA
CCATAAATCTAAGGAG-1_rna,Erythroblast,test_scRNA,,Erythroblast,test_scRNA
AACAGGATCGCCTAAG-1_rna,Naive CD20+ B,test_scRNA,,Normoblast,test_scATAC
CCCATAACACCTATAG-1_rna,CD4+ T activated,test_scRNA,,NK,test_scATAC
GAACACAAGCCGCAGT-1_rna,CD8+ T,test_scRNA,,Erythroblast,test_scRNA
AGTGATGAGGTAAGGC-1_rna,CD14+ Mono,test_scRNA,,Transitional B,test_scATAC
CTCTAGCTCATTGCAA-1_rna,CD8+ T,test_scRNA,,CD4+ T naive,test_scATAC
TCTCCTCGTCACCTAT-1_rna,CD4+ T naive,test_scRNA,,NK,test_scATAC
GCTCTGTTCGAAGTGA-1_rna,Erythroblast,test_scRNA,,NK,test_scRNA
CTCCGTCCAGGCAAGC-1_rna,Normoblast,test_scRNA,,G/M prog,test_scATAC
GACCTTTGTTAGTGAT-1_rna,Normoblast,test_scRNA,,NK,test_scATAC
GTCAGGCTCATTTGTC-1_rna,CD8+ T,test_scRNA,,NK,test_scATAC
GAGTTGCGTTAGGACC-1_rna,Erythroblast,test_scRNA,,CD4+ T activated,test_scRNA
GACGCAACACCCACAG-1_rna,NK,test_scRNA,,CD14+ Mono,test_scATAC
GATGGCTGTATTGCAG-1_rna,NK,test_scRNA,,CD4+ T naive,test_scATAC
AGTTGCAGTTTGAGGC-1_rna,ILC,test_scRNA,,ID2-hi myeloid prog,test_scATAC
GGTTTCTGTGTTGTGA-1_rna,B1 B,test_scRNA,,Normoblast,test_scATAC
AGAGGAACACTCGCTC-1_rna,CD4+ T naive,test_scRNA,,CD8+ T,test_scRNA
CATCCTCAGGCGTAAA-1_rna,CD4+ T activated,test_scRNA,,MK/E prog,test_scRNA
ATACCTGCAGAGGGAG-1_rna,CD14+ Mono,test_scRNA,,CD4+ T activated,test_scRNA
GGATATTGTCACGAAC-1_rna,Erythroblast,test_scRNA,,Erythroblast,test_scRNA
CTAGTAATCAATGTCA-1_rna,CD14+ Mono,test_scRNA,,CD8+ T,test_scRNA
TTACACCGTTGTAAAC-1_rna,Erythroblast,test_scRNA,,NK,test_scATAC
TCATGAGGTGCCGCAA-1_rna,NK,test_scRNA,,CD16+ Mono,test_scRNA
GCGCGATTCATGCGTG-1_rna,CD4+ T naive,test_scRNA,,NK,test_scATAC
CGCTATGAGCAAGGAC-1_rna,B1 B,test_scRNA,,HSC,test_scATAC
CAATATGTCTAATTGG-1_rna,ILC,test_scRNA,,NK,test_scRNA
GTTTCCTCATGAGCAG-1_rna,Erythroblast,test_scRNA,,Plasma cell,test_scATAC
TCAGCAAGTAGTTAAC-1_rna,CD4+ T naive,test_scRNA,,CD4+ T naive,test_scRNA
ACGTCCAAGTCACCTC-1_rna,CD4+ T naive,test_scRNA,,CD8+ T,test_scRNA
AGTGCCGGTACCCACC-1_rna,Erythroblast,test_scRNA,,CD4+ T activated,test_scRNA
AAGCGAGGTTAGCAGC-1_rna,CD14+ Mono,test_scRNA,,Lymph prog,test_scATAC
GTGAGGAGTGCTAGCG-1_rna,Naive CD20+ B,test_scRNA,,CD4+ T naive,test_scRNA
CGAAGAATCTGCAACG-1_rna,Erythroblast,test_scRNA,,Normoblast,test_scATAC
CTGTTGGAGCCATCAG-1_rna,B1 B,test_scRNA,,G/M prog,test_scATAC
CCATATTTCGTTAGCG-1_rna,CD4+ T naive,test_scRNA,,NK,test_scATAC
TGTTAGCAGACACCGC-1_rna,CD4+ T activated,test_scRNA,,NK,test_scATAC
AGCGGATAGTTTCCTG-1_rna,CD4+ T activated,test_scRNA,,CD4+ T activated,test_scRNA
TCAGCGATCCCTGGAA-1_rna,Naive CD20+ B,test_scRNA,,CD4+ T activated,test_scATAC
TGCGCAGGTTACTTCA-1_rna,CD8+ T,test_scRNA,,CD8+ T,test_scRNA
CGTTGCGCATTAAGTC-1_rna,CD14+ Mono,test_scRNA,,CD8+ T,test_scATAC
GGCTCACAGTACCGCA-1_rna,Normoblast,test_scRNA,,Proerythroblast,test_scATAC
AATCCGTAGGTCCAAT-1_rna,Erythroblast,test_scRNA,,Naive CD20+ B,test_scRNA
GGGTATTTCGATTTGA-1_rna,CD4+ T activated,test_scRNA,,CD4+ T activated,test_scRNA
TATGACATCCTCAGTC-1_rna,CD4+ T activated,test_scRNA,,G/M prog,test_scATAC
GGATAACCATTGCGTA-1_rna,Erythroblast,test_scRNA,,CD4+ T activated,test_scATAC
GGTTCCCGTTGAGGTC-1_rna,Erythroblast,test_scRNA,,Erythroblast,test_scRNA
CTATGAGGTATTCGTC-1_rna,CD4+ T naive,test_scRNA,,Plasma cell,test_scATAC
ACCCTCCCATAAAGCA-1_rna,CD8+ T,test_scRNA,,CD8+ T,test_scRNA
AAAGCTTGTTACGCAA-1_rna,CD4+ T naive,test_scRNA,,Erythroblast,test_scRNA
ATGCGATTCGCTAAGT-1_rna,Normoblast,test_scRNA,,NK,test_scRNA
CAGGGCTTCGAAGCGG-1_rna,CD4+ T activated,test_scRNA,,cDC2,test_scATAC
TTCCTTGAGAAAGCAT-1_rna,Erythroblast,test_scRNA,,CD14+ Mono,test_scATAC
CCCGCTTCAAGGGTTG-1_rna,NK,test_scRNA,,Normoblast,test_scATAC
CAAGCTAGTTAGCTGA-1_rna,CD4+ T naive,test_scRNA,,Erythroblast,test_scATAC
AAGTGAAGTTGTTGGA-1_rna,Erythroblast,test_scRNA,,CD8+ T,test_scRNA
ATCACCCTCCGCAACA-1_rna,Normoblast,test_scRNA,,CD8+ T,test_scATAC
AAGCCTTAGTCATTAG-1_rna,CD14+ Mono,test_scRNA,,CD4+ T activated,test_scRNA
TTGCTCTCAGCTAACC-1_rna,Normoblast,test_scRNA,,CD4+ T activated,test_scATAC
TACCCGGCACGAATCC-1_rna,CD14+ Mono,test_scRNA,,Normoblast,test_scATAC
CAGCATTAGCTTCTCA-1_rna,CD14+ Mono,test_scRNA,,ILC,test_scRNA
GGTGTGACATTTAAGC-1_rna,Erythroblast,test_scRNA,,CD8+ T,test_scRNA
CTGTGTGAGAATGACG-1_rna,Normoblast,test_scRNA,,CD14+ Mono,test_scATAC
GAAGGCTAGTAGCGCC-1_rna,CD4+ T activated,test_scRNA,,ID2-hi myeloid prog,test_scATAC
GTGGACACATAATCAC-1_rna,Erythroblast,test_scRNA,,NK,test_scRNA
CGATTATCATAGCTGC-1_rna,CD14+ Mono,test_scRNA,,pDC,test_scATAC
TTTCAGTTCTAGCGTG-1_rna,CD8+ T,test_scRNA,,HSC,test_scRNA
TCATAACCAAGCTACC-1_rna,Erythroblast,test_scRNA,,CD4+ T naive,test_scATAC
TCGTCAACATCTAGCA-1_rna,NK,test_scRNA,,CD8+ T,test_scRNA
GTAGCGCTCCTTGTTG-1_rna,NK,test_scRNA,,CD8+ T,test_scRNA
TATCACAAGCATTATG-1_rna,NK,test_scRNA,,CD14+ Mono,test_scATAC
ATATGTCCATAGCTTG-1_rna,NK,test_scRNA,,Erythroblast,test_scATAC
GTTGCATAGACAGGCG-1_rna,B1 B,test_scRNA,,Naive CD20+ B,test_scATAC
AACTAGTGTATTGGAT-1_rna,CD4+ T naive,test_scRNA,,Naive CD20+ B,test_scRNA
GCTGAGGAGGAGCAAC-1_rna,CD4+ T naive,test_scRNA,,Erythroblast,test_scATAC
GTTGGAGCACGGTACT-1_rna,Erythroblast,test_scRNA,,NK,test_scRNA
GTCATCCTCTCCATAT-1_rna,CD8+ T,test_scRNA,,CD14+ Mono,test_scATAC
GGTGAGGTCGCTAGAT-1_rna,NK,test_scRNA,,Erythroblast,test_scRNA
GTACTAATCGGGACCT-1_rna,CD14+ Mono,test_scRNA,,B1 B,test_scATAC
GGCGGTTTCGCAATCG-1_rna,CD14+ Mono,test_scRNA,,Erythroblast,test_scRNA
ACTAATCCAGCATGGA-1_rna,CD14+ Mono,test_scRNA,,Erythroblast,test_scRNA
TGAGGTGCAGCAATAA-1_rna,CD14+ Mono,test_scRNA,,Naive CD20+ B,test_scATAC
CGGTTCCGTATACTGG-1_rna,CD8+ T,test_scRNA,,CD8+ T,test_scRNA
CGTCATTGTTGTCATC-1_rna,NK,test_scRNA,,CD14+ Mono,test_scRNA
CGATCCTTCAGGATGA-1_rna,CD14+ Mono,test_scRNA,,Erythroblast,test_scRNA
AACGACAAGCACCACA-1_rna,B1 B,test_scRNA,,NK,test_scATAC
AACTCACAGTGACCTG-1_rna,Erythroblast,test_scRNA,,CD4+ T activated,test_scRNA
CGCAAATTCTTTGACT-1_rna,Erythroblast,test_scRNA,,ID2-hi myeloid prog,test_scATAC
GCACCTAAGGTCCGTA-1_rna,CD8+ T,test_scRNA,,CD8+ T,test_scRNA
GGTTGCATCACTTCAT-1_rna,CD14+ Mono,test_scRNA,,HSC,test_scATAC
TTTCAGTTCCAAGTGT-1_rna,Erythroblast,test_scRNA,,CD4+ T naive,test_scRNA
TGGTTGAGTAGGTTTG-1_rna,NK,test_scRNA,,Erythroblast,test_scATAC
GATGACTTCGGGACCT-1_rna,Normoblast,test_scRNA,,G/M prog,test_scATAC
CGATTTGCAGCAACAG-1_rna,CD4+ T activated,test_scRNA,,Naive CD20+ B,test_scRNA
AAACATGCAGTATGTT-1_rna,Naive CD20+ B,test_scRNA,,pDC,test_scATAC
GTGGCTTCAAAGCTAA-1_rna,CD14+ Mono,test_scRNA,,CD4+ T activated,test_scATAC
CAGCCTAAGAACCTGT-1_rna,CD4+ T activated,test_scRNA,,CD4+ T activated,test_scRNA
CTTGTTCCAGGAACTG-1_rna,CD8+ T,test_scRNA,,Erythroblast,test_scATAC
ACGAAGTCATCATGTG-1_rna,NK,test_scRNA,,Normoblast,test_scATAC
ACACGGACAACAGGTG-1_rna,CD4+ T activated,test_scRNA,,CD4+ T naive,test_scATAC
GCTGACATCATGCTCC-1_rna,Naive CD20+ B,test_scRNA,,NK,test_scRNA
GTTGCGGGTTAGGCTA-1_rna,CD4+ T activated,test_scRNA,,pDC,test_scRNA
GATTGTTCATGTGGGA-1_rna,CD4+ T naive,test_scRNA,,NK,test_scATAC
CTGGTTTGTACCTTAC-1_rna,Naive CD20+ B,test_scRNA,,NK,test_scRNA
TCCATGCTCGTTAGCG-1_rna,NK,test_scRNA,,CD14+ Mono,test_scATAC
ATTGCTCGTCAGGCCA-1_rna,CD14+ Mono,test_scRNA,,CD8+ T,test_scRNA
GAAGTATAGTTAGGCT-1_rna,CD14+ Mono,test_scRNA,,CD4+ T activated,test_scRNA
GCTGTGATCGAGGTGG-1_rna,CD4+ T naive,test_scRNA,,NK,test_scRNA
TAGCCTCTCATGCCTC-1_rna,CD14+ Mono,test_scRNA,,CD14+ Mono,test_scATAC
CGCGATTCACAAAGGT-1_rna,CD8+ T,test_scRNA,,CD14+ Mono,test_scRNA
ATCCTGACAAACTAAG-1_rna,CD4+ T activated,test_scRNA,,NK,test_scRNA
CATGCGCAGCACTTGG-1_rna,Erythroblast,test_scRNA,,CD8+ T,test_scATAC
TAAGTGCTCGGTTTGG-1_rna,Naive CD20+ B,test_scRNA,,NK,test_scRNA
CATGGCGGTCCCGAAG-1_rna,NK,test_scRNA,,ILC,test_scATAC
TGATGACTCGATTATG-1_rna,Erythroblast,test_scRNA,,CD14+ Mono,test_scATAC
GTTCGCTTCTGGCTTC-1_rna,CD4+ T activated,test_scRNA,,Normoblast,test_scRNA
TCAGCAAGTAAGGTCC-1_rna,Naive CD20+ B,test_scRNA,,Proerythroblast,test_scRNA
ATTCCTCCACGTAATT-1_rna,CD4+ T activated,test_scRNA,,Naive CD20+ B,test_scRNA
CCGATGCAGCGCTAAT-1_rna,CD14+ Mono,test_scRNA,,CD4+ T activated,test_scRNA
CACTTAAAGGTCAAAG-1_rna,CD8+ T,test_scRNA,,Naive CD20+ B,test_scATAC
TAATTGCCAAAGCTAA-1_rna,G/M prog,test_scRNA,,CD8+ T,test_scRNA
GCCTGACAGTTAGAGG-1_rna,NK,test_scRNA,,CD14+ Mono,test_scRNA
TCACCTGGTTAGCGTA-1_rna,CD8+ T,test_scRNA,,CD14+ Mono,test_scATAC
TCCGCCATCAAGCTTA-1_rna,CD8+ T,test_scRNA,,CD14+ Mono,test_scRNA
GCTAATATCAGTTCCC-1_rna,NK,test_scRNA,,Normoblast,test_scATAC
GGGTGAAGTCGCGCAA-1_rna,G/M prog,test_scRNA,,CD8+ T,test_scRNA
TATAGCCAGTAACAGG-1_rna,Erythroblast,test_scRNA,,ILC,test_scRNA
CCGCAAGGTCAGGAAG-1_rna,CD14+ Mono,test_scRNA,,CD8+ T,test_scRNA
GCATTGCCAGTTTCTC-1_rna,CD4+ T activated,test_scRNA,,ID2-hi myeloid prog,test_scATAC
CTCCAACTCAAGGACA-1_rna,CD4+ T activated,test_scRNA,,NK,test_scRNA
GAAAGGCTCCTCCATA-1_rna,Normoblast,test_scRNA,,Erythroblast,test_scRNA
CCGTTACTCAACAAGG-1_rna,Normoblast,test_scRNA,,NK,test_scATAC
ATGTCCACAGTAGGAT-1_rna,CD8+ T,test_scRNA,,CD4+ T naive,test_scATAC
CTAAGTCAGGAACGCG-1_rna,Erythroblast,test_scRNA,,CD14+ Mono,test_scRNA
CGCAATTAGCTGTCAG-1_rna,Erythroblast,test_scRNA,,NK,test_scRNA
CACTAAGGTTGGCCGA-1_rna,NK,test_scRNA,,CD14+ Mono,test_scRNA
GTTGGCCAGGTGCGGA-1_rna,CD4+ T naive,test_scRNA,,CD14+ Mono,test_scRNA
TGCTAGCCAGCGCTTG-1_rna,CD4+ T naive,test_scRNA,,MK/E prog,test_scATAC
ATCCTTAGTAGCTAAT-1_rna,CD4+ T naive,test_scRNA,,CD4+ T naive,test_scRNA
GTATTGCAGGCATGAA-1_rna,CD4+ T naive,test_scRNA,,NK,test_scRNA
GTAGGAGGTTATAGCG-1_rna,NK,test_scRNA,,Erythroblast,test_scRNA
CTCATTTAGGAGCATA-1_rna,Erythroblast,test_scRNA,,Normoblast,test_scRNA
ACACCTTGTTGGTTGA-1_rna,Erythroblast,test_scRNA,,CD8+ T,test_scATAC
ACTAGGCGTGTCCTGC-1_rna,CD4+ T activated,test_scRNA,,CD14+ Mono,test_scRNA
CCTAAATCAATTATGC-1_rna,NK,test_scRNA,,CD4+ T activated,test_scATAC
TTTGCGGAGAACCTAC-1_rna,CD14+ Mono,test_scRNA,,Erythroblast,test_scATAC
CGCACACAGCTTTGTT-1_rna,Erythroblast,test_scRNA,,CD14+ Mono,test_scRNA
GTTGTGAGTGGAAACG-1_rna,CD4+ T naive,test_scRNA,,CD4+ T activated,test_scATAC
CTGGTAAGTTTAAAGC-1_rna,CD8+ T,test_scRNA,,CD4+ T naive,test_scATAC
AAAGCACCAGAGGGAG-1_rna,Erythroblast,test_scRNA,,Normoblast,test_scATAC
TTGTGCGAGCAGCTCA-1_rna,B1 B,test_scRNA,,Normoblast,test_scATAC
TTACGTTTCAAGTGAG-1_rna,Normoblast,test_scRNA,,CD8+ T,test_scRNA
CTACTAAAGGCGCTTA-1_rna,Normoblast,test_scRNA,,Erythroblast,test_scATAC
GAGCTGCTCCGTGACA-1_rna,Erythroblast,test_scRNA,,pDC,test_scRNA
ACGGTACGTCTATCGT-1_rna,CD4+ T naive,test_scRNA,,CD8+ T,test_scATAC
ACGCTTGAGGATGATG-1_rna,Erythroblast,test_scRNA,,CD14+ Mono,test_scRNA
GCAGGTGAGGGACTAA-1_rna,Naive CD20+ B,test_scRNA,,CD4+ T naive,test_scATAC
TGCTTAAAGGGTTATC-1_rna,Naive CD20+ B,test_scRNA,,NK,test_scATAC
CCCTTAATCGCCTAAG-1_rna,CD8+ T,test_scRNA,,NK,test_scRNA
TTGACTAAGCCACAAT-1_rna,CD14+ Mono,test_scRNA,,Naive CD20+ B,test_scATAC
AAACCGGCATGACTAT-1_rna,NK,test_scRNA,,CD14+ Mono,test_scATAC
CCCAACCGTCCTAATC-1_rna,CD4+ T naive,test_scRNA,,Naive CD20+ B,test_scRNA
CGTTATTTCGCTAGTG-1_rna,Erythroblast,test_scRNA,,Erythroblast,test_scRNA
CTCCTCACATTGCGTA-1_rna,CD4+ T activated,test_scRNA,,CD4+ T activated,test_scATAC
AACCTTAAGATAAAGC-1_rna,Naive CD20+ B,test_scRNA,,B1 B,test_scRNA
TCACGGATCACACAGT-1_rna,Erythroblast,test_scRNA,,CD4+ T activated,test_scATAC
TCTAATCTCCGGAACC-1_rna,CD4+ T naive,test_scRNA,,ID2-hi myeloid prog,test_scATAC
AGGCAATCAGTAATAG-1_rna,CD14+ Mono,test_scRNA,,CD8+ T,test_scRNA
CTTCATCCATAGTCAT-1_rna,CD4+ T activated,test_scRNA,,CD14+ Mono,test_scATAC
TAAGGACCACAAGCCT-1_rna,CD4+ T naive,test_scRNA,,CD16+ Mono,test_scATAC
GCAGCTATCAAAGGCA-1_rna,CD8+ T,test_scRNA,,CD4+ T naive,test_scATAC
AAACAGCCAATTAAGG-1_rna,CD4+ T naive,test_scRNA,,CD8+ T,test_scATAC
CTTAAGATCAGGTCCA-1_rna,NK,test_scRNA,,CD8+ T,test_scRNA
CGTTAGGTCCTGATTT-1_rna,CD4+ T activated,test_scRNA,,CD4+ T activated,test_scRNA
ATAACGACATAGTCAT-1_rna,Erythroblast,test_scRNA,,Erythroblast,test_scATAC
AACTGTTCATTATGGT-1_rna,CD8+ T,test_scRNA,,Erythroblast,test_scATAC
ACGAACAAGCTATATG-1_rna,Erythroblast,test_scRNA,,CD14+ Mono,test_scATAC
CATTATGAGGACCAGG-1_rna,G/M prog,test_scRNA,,CD4+ T activated,test_scATAC
CAAACTGGTTTACCGT-1_rna,NK,test_scRNA,,CD14+ Mono,test_scRNA
CATGGATTCCTGATGG-1_rna,CD8+ T,test_scRNA,,NK,test_scATAC
AAGGTGCAGCTTCTCA-1_rna,Naive CD20+ B,test_scRNA,,CD14+ Mono,test_scRNA
CGATTGAGTCGCAATA-1_rna,CD8+ T,test_scRNA,,Naive CD20+ B,test_scRNA
TGGCGGTTCCGCCTCA-1_rna,ILC,test_scRNA,,CD4+ T activated,test_scATAC
CCCATAACAATATACC-1_rna,Erythroblast,test_scRNA,,CD4+ T activated,test_scRNA
TGAGCAAAGCCTTAAA-1_rna,CD4+ T naive,test_scRNA,,CD4+ T naive,test_scRNA
GTTCCTTCACCTACTT-1_rna,G/M prog,test_scRNA,,CD8+ T,test_scATAC
GCTCGATCACCATATG-1_rna,Naive CD20+ B,test_scRNA,,NK,test_scATAC
CTAGCTGAGGATTGCT-1_rna,Erythroblast,test_scRNA,,cDC2,test_scATAC
CGAACCGGTGTCCAGG-1_rna,CD4+ T activated,test_scRNA,,Erythroblast,test_scATAC
CGAAGAATCATAACTG-1_rna,CD8+ T,test_scRNA,,CD14+ Mono,test_scATAC
CGCTTCTAGTAACGAG-1_rna,CD14+ Mono,test_scRNA,,Erythroblast,test_scATAC
TTTGGTGCACGAACAG-1_rna,CD4+ T activated,test_scRNA,,CD14+ Mono,test_scRNA
TGCGATTAGCAAGGTA-1_rna,NK,test_scRNA,,Proerythroblast,test_scRNA
GATAACGAGGCAAGTA-1_rna,Erythroblast,test_scRNA,,CD14+ Mono,test_scRNA
TCTTTGTAGCACAGAA-1_rna,CD14+ Mono,test_scRNA,,B1 B,test_scATAC
GATTGGTTCTAGCGAT-1_rna,NK,test_scRNA,,Naive CD20+ B,test_scRNA
CCTGGTAAGCAAGACA-1_rna,NK,test_scRNA,,B1 B,test_scATAC
TAAGTAGCACGGTTTA-1_rna,CD14+ Mono,test_scRNA,,CD4+ T activated,test_scATAC
GCCACAATCAGGAACA-1_rna,CD14+ Mono,test_scRNA,,CD14+ Mono,test_scRNA
AGGCGGATCAAACTCA-1_rna,CD4+ T activated,test_scRNA,,Erythroblast,test_scRNA
CGTCAATAGGTGCGGA-1_rna,Naive CD20+ B,test_scRNA,,CD4+ T activated,test_scATAC
CAGTACCCAATCATGT-1_rna,CD8+ T,test_scRNA,,CD4+ T activated,test_scRNA
CCGCTAGCAGCTAATT-1_rna,CD8+ T,test_scRNA,,B1 B,test_scRNA
CAAAGGATCAGGCTAT-1_rna,Erythroblast,test_scRNA,,CD4+ T naive,test_scATAC
TCAGTGAGTTAGTACG-1_rna,CD14+ Mono,test_scRNA,,CD4+ T naive,test_scRNA
GGTTTAATCTCCATAT-1_rna,CD14+ Mono,test_scRNA,,CD14+ Mono,test_scATAC
GCTGAGGAGTAACAGG-1_rna,CD4+ T activated,test_scRNA,,CD4+ T naive,test_scATAC
ATGTTGTCAGGAACCA-1_rna,CD8+ T,test_scRNA,,B1 B,test_scRNA
TACCTGCTCAATCTCT-1_rna,CD4+ T naive,test_scRNA,,NK,test_scRNA
TATGAAGCAGGCTAAG-1_rna,NK,test_scRNA,,NK,test_scATAC
ACCAGGACATTCAGCA-1_rna,CD8+ T,test_scRNA,,NK,test_scATAC
ACCAATATCCTTGCGT-1_rna,CD4+ T activated,test_scRNA,,B1 B,test_scATAC
CGCATATAGGACCTTG-1_rna,CD4+ T activated,test_scRNA,,Erythroblast,test_scRNA
TAGCCTGAGTTTCCGC-1_rna,Normoblast,test_scRNA,,CD4+ T naive,test_scATAC
CCTTCAGGTCCTAGTT-1_rna,Naive CD20+ B,test_scRNA,,Normoblast,test_scATAC
CTCAATAAGCATGACT-1_rna,Naive CD20+ B,test_scRNA,,CD8+ T,test_scATAC
ATCAGGTTCAATGAGG-1_rna,CD14+ Mono,test_scRNA,,CD4+ T activated,test_scATAC
ACCAGGACACAAAGCG-1_rna,CD14+ Mono,test_scRNA,,Naive CD20+ B,test_scRNA
TTTGTGGCACTGACCG-1_rna,CD4+ T activated,test_scRNA,,CD4+ T activated,test_scATAC
ATTTGCAAGCGCCTTT-1_rna,Erythroblast,test_scRNA,,CD14+ Mono,test_scRNA
ATGAAGCCATGCTCCC-1_rna,Erythroblast,test_scRNA,,Normoblast,test_scRNA
CAAGGTTTCCGTTAAA-1_rna,B1 B,test_scRNA,,CD14+ Mono,test_scATAC
GGATGGCCAGGGAGGA-1_rna,Erythroblast,test_scRNA,,Normoblast,test_scATAC
CTCATGCTCGGTAACT-1_rna,CD4+ T naive,test_scRNA,,CD8+ T,test_scRNA
AGGTCTTAGTAAGTCC-1_rna,CD4+ T activated,test_scRNA,,CD14+ Mono,test_scRNA
ACTTTGTTCGAAGCGG-1_rna,CD14+ Mono,test_scRNA,,CD4+ T activated,test_scRNA
GTTCTTGTCATGCTAA-1_rna,CD4+ T naive,test_scRNA,,CD14+ Mono,test_scATAC
TAAGCCTAGTTCCTCA-1_rna,CD8+ T,test_scRNA,,NK,test_scRNA
ATTACCCGTTTCCTCC-1_rna,CD4+ T naive,test_scRNA,,CD4+ T naive,test_scATAC
GGGTCACTCGTTTCCA-1_rna,CD4+ T activated,test_scRNA,,Erythroblast,test_scATAC
CAAACATGTGCGCGTA-1_rna,CD14+ Mono,test_scRNA,,Plasma cell,test_scRNA
ATCCAACAGGGACGCA-1_rna,CD8+ T,test_scRNA,,NK,test_scRNA
ATCCGTGAGGACCTGC-1_rna,CD4+ T activated,test_scRNA,,NK,test_scRNA
CAAGACAAGTTGGATC-1_rna,CD4+ T activated,test_scRNA,,Naive CD20+ B,test_scATAC
CTAGTAGGTACCTTAC-1_rna,CD4+ T activated,test_scRNA,,Erythroblast,test_scRNA
TCAACAATCGTAACGT-1_rna,CD4+ T naive,test_scRNA,,CD14+ Mono,test_scRNA
CTGCAATAGTTAGACC-1_rna,CD8+ T,test_scRNA,,CD4+ T naive,test_scRNA
GTGATCAGTTTGCGAA-1_rna,Naive CD20+ B,test_scRNA,,NK,test_scATAC
TTTCCACCAAATACCT-1_rna,CD14+ Mono,test_scRNA,,CD14+ Mono,test_scRNA
GGTCGGTTCAGCTAAC-1_rna,CD8+ T,test_scRNA,,NK,test_scRNA
AGGCTAAAGGTGTCCA-1_rna,CD4+ T naive,test_scRNA,,CD8+ T,test_scATAC
AATTGTGTCCCGCCTA-1_rna,CD4+ T naive,test_scRNA,,CD8+ T,test_scRNA
AAACGCGCATGCTCCC-1_rna,CD14+ Mono,test_scRNA,,CD4+ T activated,test_scATAC
ACCTTGCTCTGGCAAT-1_rna,CD14+ Mono,test_scRNA,,Lymph prog,test_scATAC
TGGTCAAGTTTGCGCC-1_rna,Normoblast,test_scRNA,,CD4+ T naive,test_scRNA
GCCTGACAGCCAAATC-1_rna,Normoblast,test_scRNA,,CD8+ T,test_scATAC
ACTCCTCAGGGCCACT-1_rna,CD14+ Mono,test_scRNA,,Normoblast,test_scRNA
CCAACATAGGATTGAG-1_rna,CD8+ T,test_scRNA,,NK,test_scRNA
CAGGTGGAGGATCCGC-1_rna,NK,test_scRNA,,CD4+ T activated,test_scRNA
TCAGCGATCCTGGCTT-1_rna,CD4+ T naive,test_scRNA,,pDC,test_scATAC
TCTGGCTTCCGTCCAT-1_rna,B1 B,test_scRNA,,CD4+ T naive,test_scRNA
TCAGTGAGTTGCGGAT-1_rna,CD4+ T activated,test_scRNA,,CD4+ T activated,test_scATAC
GGCCTAATCCTGCGAA-1_rna,Naive CD20+ B,test_scRNA,,NK,test_scRNA
CATGCGCAGGAACACA-1_rna,Naive CD20+ B,test_scRNA,,G/M prog,test_scRNA
AAAGGAGCATTGTGAT-1_rna,CD14+ Mono,test_scRNA,,CD16+ Mono,test_scRNA
CTCTATGTCATAAGCC-1_rna,Normoblast,test_scRNA,,CD14+ Mono,test_scRNA
TTGATGTCATTGTGGC-1_rna,NK,test_scRNA,,Naive CD20+ B,test_scATAC
GCTGCACAGAGGCTAA-1_rna,ILC,test_scRNA,,Normoblast,test_scATAC
AAGGATCCAGCATGTC-1_rna,ILC,test_scRNA,,Erythroblast,test_scATAC
TTCAGTTTCGATCAGT-1_rna,CD8+ T,test_scRNA,,Normoblast,test_scRNA
ACTAATCCACAGGAAT-1_rna,CD14+ Mono,test_scRNA,,CD4+ T activated,test_scATAC
CTATAACCACCTGCTC-1_rna,CD8+ T,test_scRNA,,CD14+ Mono,test_scRNA
GCGCAAACATTGTTGG-1_rna,CD8+ T,test_scRNA,,CD4+ T activated,test_scRNA
GAGATAAGTCACGAAC-1_rna,CD4+ T activated,test_scRNA,,NK,test_scRNA
TTGTGCGAGCATGTTA-1_rna,CD4+ T naive,test_scRNA,,NK,test_scRNA
ATTGCACAGACAACGA-1_rna,CD8+ T,test_scRNA,,CD4+ T activated,test_scRNA
TGGTCATAGGGTGGAT-1_rna,CD4+ T activated,test_scRNA,,Erythroblast,test_scATAC
CCGCACACATGCTCCC-1_rna,CD14+ Mono,test_scRNA,,CD4+ T activated,test_scRNA
AAACCGCGTAAACAAG-1_rna,CD8+ T,test_scRNA,,CD8+ T,test_scRNA
CCCTAATGTTTATCGC-1_rna,CD4+ T activated,test_scRNA,,CD14+ Mono,test_scRNA
CCAAACCCATTCAGCA-1_rna,B1 B,test_scRNA,,Erythroblast,test_scRNA
TGTCAGTAGCTTATGA-1_rna,CD4+ T activated,test_scRNA,,CD14+ Mono,test_scATAC
CGTTAGGTCTTGTCTG-1_rna,CD4+ T naive,test_scRNA,,NK,test_scRNA
GCAATGTTCGTTAAGC-1_rna,CD14+ Mono,test_scRNA,,CD4+ T activated,test_scRNA
GACCTGCAGCCTTAAA-1_rna,Erythroblast,test_scRNA,,Naive CD20+ B,test_scATAC
CAGGACCTCATGCTAA-1_rna,CD4+ T activated,test_scRNA,,CD14+ Mono,test_scATAC
TGGTTAATCAAGACTC-1_rna,NK,test_scRNA,,CD8+ T,test_scRNA
CTTATTGGTTAACGGC-1_rna,Erythroblast,test_scRNA,,Erythroblast,test_scRNA
GGCTATTAGGAACCGG-1_rna,B1 B,test_scRNA,,CD14+ Mono,test_scRNA
TCCTCTAAGCTCAATA-1_rna,CD8+ T,test_scRNA,,Naive CD20+ B,test_scRNA
AGGTGAGGTTCATTTG-1_rna,Erythroblast,test_scRNA,,CD4+ T naive,test_scRNA
CGCCTCATCGATTCTT-1_rna,CD14+ Mono,test_scRNA,,Proerythroblast,test_scATAC
AGAGGAACAAGACTCC-1_rna,CD14+ Mono,test_scRNA,,CD8+ T,test_scATAC
GCGCTTAAGCATGTTA-1_rna,CD8+ T,test_scRNA,,CD8+ T,test_scATAC
GTGTGCGGTTAGGACC-1_rna,CD8+ T,test_scRNA,,Naive CD20+ B,test_scRNA
CTAATCCGTCTTGCAT-1_rna,CD14+ Mono,test_scRNA,,CD4+ T activated,test_scATAC
GGTTGGTGTCGCAATA-1_rna,CD8+ T,test_scRNA,,Erythroblast,test_scRNA
CGCGGATTCTTTAAGG-1_rna,Erythroblast,test_scRNA,,CD8+ T,test_scATAC
CAGGATGCAGCTTAGC-1_rna,Erythroblast,test_scRNA,,CD8+ T,test_scRNA
CGGTTGGGTACCAGGT-1_rna,Erythroblast,test_scRNA,,CD8+ T,test_scRNA
TGTTGTTTCAGCATTA-1_rna,CD14+ Mono,test_scRNA,,CD14+ Mono,test_scATAC
TTGGATCAGGTGAAAT-1_rna,B1 B,test_scRNA,,CD14+ Mono,test_scRNA
TCAAGGTTCGACCTGA-1_rna,CD14+ Mono,test_scRNA,,CD4+ T naive,test_scATAC
TACTGCACATTGTCCT-1_rna,B1 B,test_scRNA,,NK,test_scRNA
TTAGGATGTTGTAAAC-1_rna,NK,test_scRNA,,Normoblast,test_scRNA
GACCTAAGTCTAACCT-1_rna,CD4+ T naive,test_scRNA,,CD4+ T naive,test_scRNA
GTTTACCGTGGGAACA-1_rna,CD8+ T,test_scRNA,,CD8+ T,test_scATAC
CCCTTAATCAACCAAC-1_rna,NK,test_scRNA,,Normoblast,test_scRNA
CGTTATCGTATTGTCC-1_rna,B1 B,test_scRNA,,Erythroblast,test_scATAC
CTGCAATAGTTTAACG-1_rna,CD4+ T naive,test_scRNA,,CD4+ T activated,test_scRNA
GACGCAACAGTAGCCT-1_rna,CD14+ Mono,test_scRNA,,Erythroblast,test_scATAC
AGTCAAGAGGTAAGCA-1_rna,CD4+ T naive,test_scRNA,,CD14+ Mono,test_scATAC
AGTCAATGTAATCCCT-1_rna,CD4+ T activated,test_scRNA,,Naive CD20+ B,test_scRNA
AGTGCGGAGCTATATG-1_rna,CD4+ T naive,test_scRNA,,CD4+ T naive,test_scRNA
CGGGACAAGGCTGGCT-1_rna,CD8+ T,test_scRNA,,G/M prog,test_scATAC
GTGCTGGGTAACGGGA-1_rna,CD14+ Mono,test_scRNA,,Erythroblast,test_scATAC
CTGCTATGTATTGAGT-1_rna,Erythroblast,test_scRNA,,Erythroblast,test_scRNA
CGACTAAGTTAGGCTA-1_rna,Normoblast,test_scRNA,,CD14+ Mono,test_scATAC
TCATTACTCAGGATGA-1_rna,CD4+ T activated,test_scRNA,,B1 B,test_scRNA
GCATGAGCACAGAACG-1_rna,Naive CD20+ B,test_scRNA,,CD8+ T,test_scATAC
CAAGTTATCATGGTTA-1_rna,CD4+ T activated,test_scRNA,,Erythroblast,test_scATAC
CTTACTAGTCCTTCTC-1_rna,CD8+ T,test_scRNA,,CD4+ T activated,test_scRNA
GCTGCAATCCGTGACA-1_rna,CD14+ Mono,test_scRNA,,MK/E prog,test_scRNA
CTCCCTGAGGCTACTG-1_rna,CD14+ Mono,test_scRNA,,Erythroblast,test_scRNA
AACATAGCAATGCGCT-1_rna,CD8+ T,test_scRNA,,CD4+ T naive,test_scATAC
CGAATATGTTCCGCAC-1_rna,CD4+ T naive,test_scRNA,,CD8+ T,test_scRNA
CACAGGGAGTTATCTC-1_rna,CD4+ T activated,test_scRNA,,CD4+ T naive,test_scRNA
TGTATCGCATGTTGGC-1_rna,CD4+ T naive,test_scRNA,,Normoblast,test_scATAC
CTGCTACTCTCACACC-1_rna,CD14+ Mono,test_scRNA,,Erythroblast,test_scRNA
TGTAAGTGTGCGCGTA-1_rna,CD8+ T,test_scRNA,,Erythroblast,test_scRNA
CGAAATGAGTCAGTAC-1_rna,CD8+ T,test_scRNA,,NK,test_scRNA
TGACTCCTCGGCTATG-1_rna,CD14+ Mono,test_scRNA,,Erythroblast,test_scATAC
ATTGCTCGTCTCACTG-1_rna,CD4+ T activated,test_scRNA,,CD14+ Mono,test_scATAC
TATAACCCAAACCTTG-1_rna,NK,test_scRNA,,CD4+ T activated,test_scRNA
CTGCTATGTACGGTAC-1_rna,CD4+ T naive,test_scRNA,,Naive CD20+ B,test_scATAC
GGCTCACAGCATGTCG-1_rna,CD4+ T activated,test_scRNA,,Normoblast,test_scATAC
ATGGTGCGTTAACAGT-1_rna,G/M prog,test_scRNA,,CD8+ T,test_scRNA
GCCTTTGGTTGGTGAC-1_rna,CD14+ Mono,test_scRNA,,pDC,test_scATAC
TGACTTAAGTCAATTG-1_rna,ILC,test_scRNA,,Normoblast,test_scATAC
TGAGGGAGTGAACAAA-1_rna,Erythroblast,test_scRNA,,NK,test_scRNA
ACTCCTCAGGGACTAA-1_rna,CD4+ T naive,test_scRNA,,CD4+ T naive,test_scATAC
TGTTCATTCTCACTAT-1_rna,CD4+ T naive,test_scRNA,,CD4+ T activated,test_scRNA
GAGATAAGTTAGACCA-1_rna,Erythroblast,test_scRNA,,CD14+ Mono,test_scRNA
CGCATTACAGGCTAAG-1_rna,CD8+ T,test_scRNA,,Naive CD20+ B,test_scATAC
CTGTAACAGGAGGACT-1_rna,NK,test_scRNA,,CD8+ T,test_scATAC
GCTCTGGCAATTAGCT-1_rna,CD8+ T,test_scRNA,,CD14+ Mono,test_scRNA
CCTAAATCATCCTGAA-1_rna,Normoblast,test_scRNA,,NK,test_scRNA
TCTAGCACACTCGCTC-1_rna,NK,test_scRNA,,Transitional B,test_scRNA
GTGTTACAGGCCTTAG-1_rna,NK,test_scRNA,,Normoblast,test_scRNA
CGTTAAATCTTCAATC-1_rna,CD4+ T activated,test_scRNA,,CD4+ T naive,test_scATAC
ACTTTGTTCCTCCTAA-1_rna,CD14+ Mono,test_scRNA,,CD14+ Mono,test_scATAC
CCTGAGTCACCACAAC-1_rna,CD4+ T activated,test_scRNA,,CD4+ T naive,test_scATAC
TAACAAGCACAGAACG-1_rna,CD8+ T,test_scRNA,,CD14+ Mono,test_scRNA
GGGCAATAGGTTTGAC-1_rna,CD4+ T naive,test_scRNA,,CD4+ T naive,test_scATAC
GTCAATATCCGCATGA-1_rna,B1 B,test_scRNA,,MK/E prog,test_scRNA
TATGGCCCAGGTATTT-1_rna,NK,test_scRNA,,Erythroblast,test_scATAC
AAGCCTCCAGGAACTG-1_rna,CD14+ Mono,test_scRNA,,CD14+ Mono,test_scRNA
AGAGAAGCACAAAGCG-1_rna,Naive CD20+ B,test_scRNA,,Erythroblast,test_scATAC
TGGTTAATCGAAGCGG-1_rna,CD14+ Mono,test_scRNA,,CD16+ Mono,test_scRNA
TATAACCCACAAAGGT-1_rna,CD4+ T activated,test_scRNA,,Normoblast,test_scRNA
CCATAGCCATCAGTAT-1_rna,CD14+ Mono,test_scRNA,,Normoblast,test_scATAC
GAGGCAAGTTACGCAA-1_rna,NK,test_scRNA,,CD14+ Mono,test_scRNA
GACTATTCAAGGGTTG-1_rna,CD4+ T activated,test_scRNA,,CD8+ T,test_scATAC
GCTATCCTCCTTGCAC-1_rna,Erythroblast,test_scRNA,,Naive CD20+ B,test_scRNA
AAAGGACGTTGCATCT-1_rna,Normoblast,test_scRNA,,CD8+ T,test_scATAC
GCCTTGCGTGAGGTAG-1_rna,NK,test_scRNA,,G/M prog,test_scATAC
CAAGGCTGTCAGGCCA-1_rna,G/M prog,test_scRNA,,CD14+ Mono,test_scATAC
GGCAAATCATGCTTAG-1_rna,CD4+ T naive,test_scRNA,,CD14+ Mono,test_scATAC
AGCTGCTCAGGTCCTG-1_rna,Naive CD20+ B,test_scRNA,,CD4+ T naive,test_scRNA
GCCTGACAGGAGGACT-1_rna,CD4+ T naive,test_scRNA,,Transitional B,test_scATAC
ACTTGTAAGCTGTCAG-1_rna,NK,test_scRNA,,CD8+ T,test_scATAC
TGGCCATCATCCCGCT-1_rna,CD8+ T,test_scRNA,,CD4+ T naive,test_scRNA
GCTTATCGTTTGAGCA-1_rna,Naive CD20+ B,test_scRNA,,CD14+ Mono,test_scRNA
CGGTTGGGTTTCCTCC-1_rna,CD4+ T activated,test_scRNA,,Naive CD20+ B,test_scRNA
TACTGGCCATGTTGGC-1_rna,CD4+ T activated,test_scRNA,,Normoblast,test_scRNA
TAGCCTCTCCCTGGAA-1_rna,CD4+ T naive,test_scRNA,,CD4+ T naive,test_scATAC
CCTAAGTAGCACAGAA-1_rna,B1 B,test_scRNA,,CD14+ Mono,test_scATAC
TGAAGGATCTGGCAAT-1_rna,ILC,test_scRNA,,CD8+ T,test_scATAC
CGAAGTAAGGACAACA-1_rna,Naive CD20+ B,test_scRNA,,CD4+ T activated,test_scRNA
GCCTGCTGTCAAGTAT-1_rna,CD14+ Mono,test_scRNA,,B1 B,test_scRNA
TATTCGTTCGCCTGTT-1_rna,Erythroblast,test_scRNA,,CD14+ Mono,test_scRNA
TGAAGCAAGATAGACG-1_rna,CD4+ T activated,test_scRNA,,CD4+ T activated,test_scATAC
TATAGGTGTTAAATGC-1_rna,NK,test_scRNA,,CD14+ Mono,test_scRNA
TGATGATGTTGCGGAT-1_rna,CD4+ T naive,test_scRNA,,B1 B,test_scATAC
GCACTAAGTCATCAAG-1_rna,CD14+ Mono,test_scRNA,,CD8+ T,test_scATAC
TATATCCTCAATTGGC-1_rna,ILC,test_scRNA,,CD8+ T,test_scATAC
GAGGTAGGTGAAACAA-1_rna,CD8+ T,test_scRNA,,Transitional B,test_scATAC
CTAGTTGCAATTAGGA-1_rna,CD14+ Mono,test_scRNA,,CD4+ T activated,test_scRNA
CAAACCGTCTTGAGGT-1_rna,Erythroblast,test_scRNA,,CD14+ Mono,test_scRNA
TTTGAGTCAACTAACT-1_rna,CD14+ Mono,test_scRNA,,CD4+ T activated,test_scATAC
ATGAAGCCAATATACC-1_rna,CD8+ T,test_scRNA,,CD8+ T,test_scATAC
CGTTGCGCACCCACAG-1_rna,Normoblast,test_scRNA,,CD14+ Mono,test_scATAC
GTGAACAAGCAAGATG-1_rna,Erythroblast,test_scRNA,,CD14+ Mono,test_scRNA
TGCACACCATAAAGCA-1_rna,Erythroblast,test_scRNA,,pDC,test_scRNA
CAGGTTTAGTAGGATG-1_rna,CD8+ T,test_scRNA,,CD4+ T activated,test_scATAC
CGTAGCGGTTGGCGTG-1_rna,CD4+ T activated,test_scRNA,,Erythroblast,test_scATAC
ACTTAGGGTACGGTAC-1_rna,NK,test_scRNA,,CD4+ T activated,test_scRNA
CAAACTGGTCGTAAAT-1_rna,NK,test_scRNA,,CD4+ T activated,test_scRNA
GACGCAACAATAACCT-1_rna,CD14+ Mono,test_scRNA,,CD14+ Mono,test_scRNA
ATTAGTCCACTGGCCA-1_rna,Erythroblast,test_scRNA,,CD4+ T activated,test_scATAC
ACGAGTAAGGTCTTGG-1_rna,NK,test_scRNA,,Proerythroblast,test_scATAC
CCTAAGTAGCATGGTT-1_rna,NK,test_scRNA,,CD14+ Mono,test_scATAC
GTCTTGCTCGCCTGTT-1_rna,Erythroblast,test_scRNA,,CD8+ T,test_scRNA
TCTAGCGAGTTACCGG-1_rna,Erythroblast,test_scRNA,,CD8+ T,test_scATAC
AGCCGCTAGGGCCATC-1_rna,Erythroblast,test_scRNA,,CD14+ Mono,test_scRNA
CGAGGAAGTTCCTGAT-1_rna,CD4+ T naive,test_scRNA,,Erythroblast,test_scATAC
AGTGTGGCAACTAACT-1_rna,CD14+ Mono,test_scRNA,,CD4+ T activated,test_scATAC
CCGCCAACATAGCGAG-1_rna,NK,test_scRNA,,CD14+ Mono,test_scRNA
CAGGCTATCGATTTAG-1_rna,B1 B,test_scRNA,,CD4+ T naive,test_scRNA
CTTCAGGAGAGGGACT-1_rna,CD8+ T,test_scRNA,,CD8+ T,test_scRNA
CTATTACTCCTTAATC-1_rna,CD4+ T activated,test_scRNA,,CD4+ T activated,test_scATAC
TAATGGTGTACCGAAC-1_rna,CD8+ T,test_scRNA,,CD8+ T,test_scRNA
ACGCACGGTTTGCAGA-1_rna,CD4+ T activated,test_scRNA,,CD4+ T activated,test_scATAC
GGAACTAAGGACAATG-1_rna,CD14+ Mono,test_scRNA,,CD4+ T naive,test_scRNA
TTGACGTAGCCTTAAA-1_rna,Normoblast,test_scRNA,,CD4+ T naive,test_scRNA
CTTTATGGTGGAAGGC-1_rna,CD4+ T naive,test_scRNA,,CD14+ Mono,test_scATAC
CAAAGCGCAATAATGG-1_rna,G/M prog,test_scRNA,,CD4+ T naive,test_scATAC
GGAACAATCTCACTCA-1_rna,CD4+ T activated,test_scRNA,,CD14+ Mono,test_scATAC
GTTAGACTCTTAGTCT-1_rna,CD8+ T,test_scRNA,,CD4+ T activated,test_scRNA
GAAGCCTGTTTATCGC-1_rna,Normoblast,test_scRNA,,CD14+ Mono,test_scRNA
AGTAAGTAGGATTTGC-1_rna,Normoblast,test_scRNA,,Erythroblast,test_scATAC
AAAGCCGCAACCTGGT-1_rna,CD4+ T naive,test_scRNA,,cDC2,test_scATAC
AAACGCGCAGTAAAGC-1_rna,CD14+ Mono,test_scRNA,,ID2-hi myeloid prog,test_scRNA
GTAGGATCAGTTTGTG-1_rna,CD8+ T,test_scRNA,,Erythroblast,test_scRNA
AGGATTGAGGGACCTC-1_rna,CD8+ T,test_scRNA,,Naive CD20+ B,test_scATAC
CGCACACAGTTGCGTG-1_rna,Erythroblast,test_scRNA,,Normoblast,test_scRNA
CCGTTGCGTCTCAGCC-1_rna,G/M prog,test_scRNA,,NK,test_scATAC
AGGATGCAGGCCTTAG-1_rna,NK,test_scRNA,,CD4+ T naive,test_scATAC
CTACTAAAGCTAATTG-1_rna,CD4+ T activated,test_scRNA,,ILC,test_scATAC
GTCAAACTCTTAATGG-1_rna,CD4+ T naive,test_scRNA,,CD8+ T,test_scATAC
GTTTAACCAGACAAAC-1_rna,Erythroblast,test_scRNA,,CD8+ T,test_scATAC
GGCCAACTCACAGCCA-1_rna,Naive CD20+ B,test_scRNA,,NK,test_scRNA
TCATTTGGTTACTAGG-1_rna,CD4+ T activated,test_scRNA,,CD4+ T activated,test_scRNA
ATGGCCGGTTAGGCTA-1_rna,CD4+ T naive,test_scRNA,,Erythroblast,test_scRNA
AATCAGGAGGGACGCA-1_rna,CD4+ T activated,test_scRNA,,CD16+ Mono,test_scATAC
GTGCTCAAGCCGCTAA-1_rna,Erythroblast,test_scRNA,,CD14+ Mono,test_scATAC
TACTAAGTCGCTTCTA-1_rna,B1 B,test_scRNA,,CD14+ Mono,test_scATAC
AGATGAAGTTGTTGCT-1_rna,Naive CD20+ B,test_scRNA,,CD4+ T naive,test_scATAC
GAGTGATCAGCAAGTG-1_rna,CD4+ T activated,test_scRNA,,CD4+ T activated,test_scATAC
TCATTTGGTTGTTCAC-1_rna,CD4+ T activated,test_scRNA,,CD8+ T,test_scATAC
TTGCATTTCTCGCCCA-1_rna,CD4+ T naive,test_scRNA,,G/M prog,test_scRNA
ATGTGAGAGGATTGAG-1_rna,Erythroblast,test_scRNA,,CD8+ T,test_scRNA
TACCGTTGTTGTTGGA-1_rna,CD14+ Mono,test_scRNA,,Proerythroblast,test_scRNA
GTCGCAATCTATGACA-1_rna,Naive CD20+ B,test_scRNA,,CD8+ T,test_scATAC
CCCGCTTCAAACGCGA-1_rna,CD8+ T,test_scRNA,,CD14+ Mono,test_scRNA
ACAACATGTGAGCGAA-1_rna,Erythroblast,test_scRNA,,Naive CD20+ B,test_scATAC
ACCAGCTCATACTCCT-1_rna,Naive CD20+ B,test_scRNA,,Naive CD20+ B,test_scRNA
ATGATGGAGGTAGCTT-1_rna,CD4+ T activated,test_scRNA,,CD8+ T,test_scATAC
ATTGGCTAGCTTAGTA-1_rna,CD14+ Mono,test_scRNA,,CD4+ T activated,test_scATAC
GAGGGAGCATGTCAAT-1_rna,CD14+ Mono,test_scRNA,,B1 B,test_scATAC
GTACTTCGTTACTAGG-1_rna,CD4+ T naive,test_scRNA,,NK,test_scATAC
ATTATGGTCGCACAAT-1_rna,CD8+ T,test_scRNA,,Naive CD20+ B,test_scATAC
GCAGCCAGTTGCAATG-1_rna,Normoblast,test_scRNA,,Transitional B,test_scRNA
GAGGCCTTCATGTGGT-1_rna,CD14+ Mono,test_scRNA,,CD4+ T activated,test_scRNA
ATTTGCAAGGAGGCAT-1_rna,CD14+ Mono,test_scRNA,,CD8+ T,test_scATAC
TCATAACCACATGCTA-1_rna,CD4+ T naive,test_scRNA,,CD8+ T,test_scRNA
AGCTGCTCAAGGTACG-1_rna,NK,test_scRNA,,CD4+ T activated,test_scATAC
GAGCCACTCATTATGG-1_rna,NK,test_scRNA,,CD4+ T activated,test_scRNA
CTCATTAGTGAGCAAG-1_rna,Erythroblast,test_scRNA,,CD14+ Mono,test_scRNA
AATTTGGTCCACCTTA-1_rna,CD4+ T activated,test_scRNA,,CD8+ T,test_scRNA
CGCTAATAGTAAGAAC-1_rna,CD4+ T activated,test_scRNA,,Normoblast,test_scRNA
GGAACCACACAAAGGT-1_rna,Erythroblast,test_scRNA,,CD8+ T,test_scRNA
AGACAATAGGCGCACT-1_rna,Naive CD20+ B,test_scRNA,,CD14+ Mono,test_scATAC
ACCAGGACACATTAAC-1_rna,CD4+ T naive,test_scRNA,,CD4+ T activated,test_scATAC
GGCGATACAAAGCGGC-1_rna,CD14+ Mono,test_scRNA,,CD8+ T,test_scRNA
ACCTAAATCTTGCTAT-1_rna,Erythroblast,test_scRNA,,CD14+ Mono,test_scATAC
TAGCTTAAGCCTGTTC-1_rna,Erythroblast,test_scRNA,,Erythroblast,test_scATAC
AAGCGCTGTTTCGCCA-1_rna,CD14+ Mono,test_scRNA,,Normoblast,test_scATAC
GCCAATAGTTGACTTC-1_rna,CD14+ Mono,test_scRNA,,Erythroblast,test_scRNA
CGTATTGCAACAGCCT-1_rna,CD14+ Mono,test_scRNA,,Erythroblast,test_scRNA
CAACCCGCAAACTGTT-1_rna,CD4+ T naive,test_scRNA,,B1 B,test_scATAC
TTGACGTAGCTGTAAC-1_rna,CD8+ T,test_scRNA,,Erythroblast,test_scRNA
TGACTTCGTGGATTAT-1_rna,CD4+ T naive,test_scRNA,,Erythroblast,test_scRNA
ATGTAAGCATTCCTGT-1_rna,CD14+ Mono,test_scRNA,,Erythroblast,test_scATAC
TTGGCTACAGCTCAAC-1_rna,CD4+ T activated,test_scRNA,,CD8+ T,test_scRNA
AGGCTAAAGTTGCGTG-1_rna,Naive CD20+ B,test_scRNA,,CD14+ Mono,test_scATAC
CAGAATCTCAATCTCT-1_rna,CD14+ Mono,test_scRNA,,CD14+ Mono,test_scATAC
GACTTGGTCCTCCCTC-1_rna,Naive CD20+ B,test_scRNA,,Normoblast,test_scRNA
GCTAAGAAGCACGATT-1_rna,B1 B,test_scRNA,,CD14+ Mono,test_scATAC
AGCTGCTCATGTCGCG-1_rna,CD14+ Mono,test_scRNA,,CD14+ Mono,test_scRNA
GCGTGCTAGGGATGAC-1_rna,CD8+ T,test_scRNA,,CD4+ T activated,test_scATAC
ACCTGGTCATGTGGGA-1_rna,CD8+ T,test_scRNA,,HSC,test_scRNA
AGTTTGATCGAGGAAC-1_rna,CD14+ Mono,test_scRNA,,CD8+ T,test_scATAC
GACATAGAGTGTTGTA-1_rna,CD8+ T,test_scRNA,,NK,test_scRNA
ACGTCCAAGCAAGGGT-1_rna,CD4+ T activated,test_scRNA,,Erythroblast,test_scRNA
CGAAATGAGTCATTTC-1_rna,NK,test_scRNA,,CD4+ T naive,test_scATAC
CCTTAACGTTACATCC-1_rna,NK,test_scRNA,,CD14+ Mono,test_scATAC
CTGGTTTGTTCAAGCA-1_rna,CD4+ T activated,test_scRNA,,CD14+ Mono,test_scRNA
AAACGGATCCCGAAGC-1_rna,CD8+ T,test_scRNA,,Erythroblast,test_scATAC
GTACGTAGTGTTAAAC-1_rna,CD14+ Mono,test_scRNA,,Plasma cell,test_scATAC
TCCGGAATCCTCAGCT-1_rna,NK,test_scRNA,,Normoblast,test_scATAC
AGAAGGTGTGGACCTG-1_rna,Erythroblast,test_scRNA,,NK,test_scATAC
GTTTAGCAGCTTATGA-1_rna,NK,test_scRNA,,CD4+ T naive,test_scRNA
CAGGTTAGTGGACATC-1_rna,Naive CD20+ B,test_scRNA,,cDC2,test_scRNA
GAAAGGCTCCTAAGTA-1_rna,NK,test_scRNA,,CD4+ T activated,test_scATAC
AGAAACTAGTAACTCA-1_rna,Normoblast,test_scRNA,,MK/E prog,test_scRNA
CGTTATTTCGATTCTT-1_rna,G/M prog,test_scRNA,,CD4+ T activated,test_scATAC
AGCAATACAATATACC-1_rna,Erythroblast,test_scRNA,,CD8+ T,test_scATAC
ATGACCAGTGCGCGTA-1_rna,CD8+ T,test_scRNA,,CD14+ Mono,test_scRNA
CTTAAGGGTATTTGGG-1_rna,Naive CD20+ B,test_scRNA,,CD14+ Mono,test_scATAC
CATTGTAAGGAACCAA-1_rna,CD14+ Mono,test_scRNA,,CD4+ T activated,test_scRNA
TTTAAGGTCATGCTCC-1_rna,CD14+ Mono,test_scRNA,,Erythroblast,test_scATAC
CGTATTGCAGAATGAC-1_rna,CD4+ T activated,test_scRNA,,NK,test_scATAC
GATCAGTTCACGCCAA-1_rna,NK,test_scRNA,,MK/E prog,test_scRNA
TGTGCTGAGGAAACTG-1_rna,NK,test_scRNA,,Naive CD20+ B,test_scATAC
GCTTGACCAATGAGGT-1_rna,Naive CD20+ B,test_scRNA,,Erythroblast,test_scATAC
TGTGCGCAGGCTGTCA-1_rna,CD8+ T,test_scRNA,,Erythroblast,test_scATAC
GAGTCAAAGATAACCC-1_rna,CD14+ Mono,test_scRNA,,B1 B,test_scRNA
TGTCATAAGGCATTGT-1_rna,Erythroblast,test_scRNA,,Erythroblast,test_scATAC
GCTGGTTCATAGCGGA-1_rna,Erythroblast,test_scRNA,,CD4+ T activated,test_scATAC
TATCACGCAAGTGTTT-1_rna,Normoblast,test_scRNA,,CD8+ T,test_scRNA
CATCGCTTCAATCATG-1_rna,Erythroblast,test_scRNA,,Erythroblast,test_scATAC
CCGATGCAGGAACGGT-1_rna,NK,test_scRNA,,Erythroblast,test_scRNA
AATCCCTGTCATGAGC-1_rna,CD4+ T activated,test_scRNA,,CD14+ Mono,test_scATAC
ATGACCAGTTAGCATG-1_rna,CD4+ T naive,test_scRNA,,NK,test_scATAC
TCTAGCACAGGAACTG-1_rna,Naive CD20+ B,test_scRNA,,Normoblast,test_scATAC
CTTTCTTGTAGGATTT-1_rna,CD4+ T activated,test_scRNA,,CD4+ T activated,test_scATAC
CGAACAAAGTCATTTC-1_rna,CD8+ T,test_scRNA,,Erythroblast,test_scRNA
ACCATAATCGGGCCAT-1_rna,CD8+ T,test_scRNA,,B1 B,test_scATAC
ATGGCCCAGTTTGCGG-1_rna,NK,test_scRNA,,CD14+ Mono,test_scATAC
ACCTTCATCTAATCCT-1_rna,Normoblast,test_scRNA,,CD14+ Mono,test_scATAC
CTGAAACTCTATCGCC-1_rna,Naive CD20+ B,test_scRNA,,CD14+ Mono,test_scRNA
CATAGGTTCCGTGACA-1_rna,B1 B,test_scRNA,,NK,test_scATAC
GGCTATGTCCGTAAAC-1_rna,ILC,test_scRNA,,Transitional B,test_scATAC
TCAATCGCATCCATCT-1_rna,CD4+ T activated,test_scRNA,,CD4+ T naive,test_scRNA
GGAAGCTAGGATCACT-1_rna,Erythroblast,test_scRNA,,Erythroblast,test_scATAC
GCCTTTGGTGTTTGAG-1_rna,Erythroblast,test_scRNA,,CD14+ Mono,test_scRNA
GCCTTTATCAATTGGC-1_rna,CD14+ Mono,test_scRNA,,CD4+ T activated,test_scRNA
TCAAGGTTCCTTGTTG-1_rna,Erythroblast,test_scRNA,,Naive CD20+ B,test_scATAC
TGTGGAGCATTGTCCT-1_rna,CD8+ T,test_scRNA,,CD14+ Mono,test_scRNA
TCATGAGGTATTACCC-1_rna,CD8+ T,test_scRNA,,CD4+ T activated,test_scATAC
GCTGTGCAGTGACCTG-1_rna,CD4+ T activated,test_scRNA,,Erythroblast,test_scRNA
AGGTCCGGTCCGTGAG-1_rna,CD4+ T naive,test_scRNA,,HSC,test_scRNA
AGCTATATCATAAGCC-1_rna,Normoblast,test_scRNA,,CD14+ Mono,test_scATAC
TACTGAGGTGTTTGAG-1_rna,NK,test_scRNA,,Naive CD20+ B,test_scRNA
GTATTGATCTCACACC-1_rna,CD4+ T naive,test_scRNA,,CD14+ Mono,test_scRNA
AAGGCCCTCCGCCTCA-1_rna,CD4+ T activated,test_scRNA,,ILC,test_scRNA
GCTGTACCAACTCGCG-1_rna,Erythroblast,test_scRNA,,Erythroblast,test_scATAC
CCCTGGACAATGAATG-1_rna,Erythroblast,test_scRNA,,B1 B,test_scRNA
CGGTGAGAGCACAGAA-1_rna,B1 B,test_scRNA,,CD4+ T activated,test_scRNA
GCAAGTGCAGTAAGTA-1_rna,Normoblast,test_scRNA,,Erythroblast,test_scATAC
GTGTTACAGCTGAGGG-1_rna,CD14+ Mono,test_scRNA,,CD4+ T naive,test_scATAC
TACATCAAGCAGGCCT-1_rna,Naive CD20+ B,test_scRNA,,Naive CD20+ B,test_scATAC
AGCAGGTAGCGGATAA-1_rna,Naive CD20+ B,test_scRNA,,Normoblast,test_scATAC
GCTATAGGTTAGGCTA-1_rna,CD14+ Mono,test_scRNA,,Naive CD20+ B,test_scRNA
TGTAAGTGTCAGGAAG-1_rna,Normoblast,test_scRNA,,Erythroblast,test_scRNA
GCAGGTGAGTTATTCC-1_rna,CD8+ T,test_scRNA,,CD4+ T naive,test_scATAC
GCGAAGCCAATATAGG-1_rna,CD14+ Mono,test_scRNA,,CD14+ Mono,test_scRNA
TGTAAGCTCCCGTTGT-1_rna,CD8+ T,test_scRNA,,NK,test_scATAC
TTATCCGTCCCTCAGT-1_rna,CD8+ T,test_scRNA,,CD4+ T naive,test_scRNA
AAGCCTCCAGTTTACG-1_rna,Normoblast,test_scRNA,,Erythroblast,test_scRNA
GGAGCATAGTGAGGTA-1_rna,CD8+ T,test_scRNA,,CD14+ Mono,test_scATAC
TTGCAATCACAGCCAT-1_rna,CD8+ T,test_scRNA,,Erythroblast,test_scATAC
GCAGGACCAAGACTCC-1_rna,Erythroblast,test_scRNA,,NK,test_scRNA
TAGTTTGAGTTTCCTG-1_rna,Erythroblast,test_scRNA,,CD14+ Mono,test_scRNA
GGGTCAACAAACGCGA-1_rna,CD8+ T,test_scRNA,,CD4+ T naive,test_scRNA
AGTTGCAGTCCGTGAG-1_rna,NK,test_scRNA,,Erythroblast,test_scATAC
GCCACAATCCTAGTTT-1_rna,CD14+ Mono,test_scRNA,,CD8+ T,test_scATAC
GCCTGACAGGCGGGTA-1_rna,CD14+ Mono,test_scRNA,,B1 B,test_scRNA
ACATCATCATCCCTCA-1_rna,CD8+ T,test_scRNA,,HSC,test_scATAC
GTCGAAGCATTTGCTC-1_rna,Erythroblast,test_scRNA,,Erythroblast,test_scRNA
CACAGGGAGGCTACAT-1_rna,Naive CD20+ B,test_scRNA,,CD4+ T activated,test_scRNA
TGGTGATTCCTCACAC-1_rna,Erythroblast,test_scRNA,,CD4+ T naive,test_scATAC
AGTCAAGAGGTAAGGC-1_rna,NK,test_scRNA,,Normoblast,test_scRNA
GAGCGGTCATGTCAGC-1_rna,Naive CD20+ B,test_scRNA,,CD4+ T naive,test_scATAC
AAGCGAATCCCATAGG-1_rna,B1 B,test_scRNA,,Normoblast,test_scATAC
TGTAAGCTCCGCCTCA-1_rna,CD14+ Mono,test_scRNA,,ID2-hi myeloid prog,test_scATAC
ACAGGAATCGACCTGA-1_rna,CD8+ T,test_scRNA,,CD16+ Mono,test_scRNA
TCAAGGTTCGATTCTT-1_rna,CD14+ Mono,test_scRNA,,CD4+ T activated,test_scATAC
GTTGCCCGTGTTTGCT-1_rna,Erythroblast,test_scRNA,,CD16+ Mono,test_scATAC
TTTAACCTCTCAATTC-1_rna,Naive CD20+ B,test_scRNA,,Erythroblast,test_scATAC
CGCACACAGTCAGTAC-1_rna,Erythroblast,test_scRNA,,Naive CD20+ B,test_scATAC
GTCGAGGAGGTGCGGA-1_rna,B1 B,test_scRNA,,Erythroblast,test_scATAC
TTCCACGGTTGTCATC-1_rna,CD4+ T naive,test_scRNA,,CD8+ T,test_scATAC
GCCTGCTGTATTGTGG-1_rna,CD4+ T activated,test_scRNA,,CD14+ Mono,test_scATAC
CCGATGCAGAGAGCCG-1_rna,G/M prog,test_scRNA,,B1 B,test_scATAC
CGGCCATAGCGAAGTA-1_rna,CD14+ Mono,test_scRNA,,Erythroblast,test_scATAC
ACGCTTGAGTTTGAGC-1_rna,CD4+ T activated,test_scRNA,,CD4+ T activated,test_scATAC
AAGACATAGACAAACG-1_rna,CD14+ Mono,test_scRNA,,G/M prog,test_scRNA
TCGTTTCCAATGAATG-1_rna,Naive CD20+ B,test_scRNA,,NK,test_scATAC
CATTCCTCAAGGGTTG-1_rna,CD8+ T,test_scRNA,,CD14+ Mono,test_scRNA
ATCTATGAGCATGTCG-1_rna,CD4+ T activated,test_scRNA,,Naive CD20+ B,test_scRNA
CCTAAGGTCGCTATGG-1_rna,Normoblast,test_scRNA,,CD14+ Mono,test_scRNA
GCCAGGTTCAGGAACA-1_rna,Normoblast,test_scRNA,,Naive CD20+ B,test_scATAC
TCCGGAATCTTGACCC-1_rna,CD14+ Mono,test_scRNA,,CD14+ Mono,test_scRNA
CTTTATGGTTCAAGCA-1_rna,NK,test_scRNA,,CD14+ Mono,test_scRNA
GGCATGGAGGGCTAAA-1_rna,Erythroblast,test_scRNA,,Proerythroblast,test_scRNA
GCTGATCCAGCGCTTG-1_rna,B1 B,test_scRNA,,CD14+ Mono,test_scATAC
TCGGTTTGTGGTTCTT-1_rna,Erythroblast,test_scRNA,,Erythroblast,test_scRNA
AGGTTTGGTAACCAGC-1_rna,CD14+ Mono,test_scRNA,,Normoblast,test_scATAC
GGTACAAAGAGAGGCT-1_rna,CD4+ T naive,test_scRNA,,NK,test_scATAC
GGTCCGTAGTTAGGCT-1_rna,Normoblast,test_scRNA,,CD4+ T naive,test_scRNA
TTGACGTAGTGGACAA-1_rna,CD4+ T activated,test_scRNA,,CD4+ T naive,test_scRNA
ACCTGGTCAGTTAGCC-1_rna,CD8+ T,test_scRNA,,MK/E prog,test_scATAC
CGAGGAAGTCATGAGC-1_rna,ILC,test_scRNA,,CD8+ T,test_scATAC
GTACTAGGTAGCTGCG-1_rna,Erythroblast,test_scRNA,,G/M prog,test_scATAC
CGGTTGGGTTCCTGTG-1_rna,Normoblast,test_scRNA,,Naive CD20+ B,test_scATAC
GCTCATTGTGTGTCCC-1_rna,CD8+ T,test_scRNA,,Erythroblast,test_scRNA
GTCAAACTCAAGGACA-1_rna,CD8+ T,test_scRNA,,Erythroblast,test_scRNA
CAAGACAAGGCTAAGA-1_rna,CD4+ T activated,test_scRNA,,CD14+ Mono,test_scATAC
TAGTTTGAGTCATTGA-1_rna,CD14+ Mono,test_scRNA,,CD8+ T,test_scRNA
AAGTTTGTCCTCCATA-1_rna,CD4+ T activated,test_scRNA,,Transitional B,test_scATAC
TGTTACTTCGCCTGTT-1_rna,CD8+ T,test_scRNA,,Proerythroblast,test_scRNA
GTGCACGGTTTGCGAA-1_rna,NK,test_scRNA,,CD16+ Mono,test_scATAC
GTACGTAGTCTCAGCC-1_rna,Naive CD20+ B,test_scRNA,,Erythroblast,test_scRNA
GAACACAAGTTAACCA-1_rna,Erythroblast,test_scRNA,,NK,test_scRNA
AACAGCAAGCTTAACA-1_rna,CD14+ Mono,test_scRNA,,Normoblast,test_scRNA
CAGTATGGTTAGCAGC-1_rna,NK,test_scRNA,,B1 B,test_scATAC
ATTGCAGGTTACTTCA-1_rna,NK,test_scRNA,,CD4+ T activated,test_scATAC
AACCTTAAGGCGCATC-1_rna,CD14+ Mono,test_scRNA,,Normoblast,test_scRNA
CCATATTTCTTAGCGG-1_rna,CD8+ T,test_scRNA,,CD4+ T naive,test_scATAC
ACTCGCGCAGCTTAAT-1_rna,Erythroblast,test_scRNA,,CD14+ Mono,test_scRNA
ATCCAACAGGATAAAC-1_rna,NK,test_scRNA,,CD8+ T,test_scATAC
TGGACCGGTGCAACTA-1_rna,CD14+ Mono,test_scRNA,,CD8+ T,test_scRNA
TGTTCCTCAGCTTACA-1_rna,Naive CD20+ B,test_scRNA,,CD16+ Mono,test_scATAC
TTAGCAATCTATGACA-1_rna,NK,test_scRNA,,CD4+ T activated,test_scATAC
CCTATAGCACGAACAG-1_rna,B1 B,test_scRNA,,CD8+ T,test_scRNA
GTGCTTACATAATCCG-1_rna,CD4+ T activated,test_scRNA,,CD14+ Mono,test_scATAC
CAACTAATCATAACCA-1_rna,CD8+ T,test_scRNA,,CD4+ T activated,test_scRNA
GACTCACCAGCTTACA-1_rna,Naive CD20+ B,test_scRNA,,CD4+ T naive,test_scRNA
GGAGGTTAGTGGCGGA-1_rna,NK,test_scRNA,,NK,test_scRNA
GAGAACCAGATGCCTG-1_rna,Normoblast,test_scRNA,,Normoblast,test_scATAC
AGCACTAGTTTCCACG-1_rna,Erythroblast,test_scRNA,,CD14+ Mono,test_scATAC
TACTGGCCACTTGTTC-1_rna,Erythroblast,test_scRNA,,CD4+ T activated,test_scRNA
TCGGTTCTCACTCGCT-1_rna,Erythroblast,test_scRNA,,CD4+ T naive,test_scRNA
ACGTCAAGTCCTAACT-1_rna,NK,test_scRNA,,CD8+ T,test_scRNA
ACTTATGAGACTCGCA-1_rna,CD4+ T naive,test_scRNA,,CD14+ Mono,test_scATAC
GTACGTAGTTTGTTGC-1_rna,CD4+ T naive,test_scRNA,,Normoblast,test_scRNA
GTCCTCAGTTGCATCT-1_rna,CD8+ T,test_scRNA,,Transitional B,test_scATAC
TTGCGAGTCGTTAGTA-1_rna,CD4+ T naive,test_scRNA,,CD4+ T naive,test_scRNA
CTTTGGGAGATGCCTG-1_rna,NK,test_scRNA,,CD4+ T activated,test_scRNA
GTGTGCGGTGATGAGG-1_rna,CD4+ T activated,test_scRNA,,Naive CD20+ B,test_scATAC
CTATGGCCACCAGCAT-1_rna,CD4+ T activated,test_scRNA,,Normoblast,test_scATAC
TTGCAAGGTGCTTTAC-1_rna,ILC,test_scRNA,,CD4+ T activated,test_scRNA
CTCAATAAGTTATTCC-1_rna,CD4+ T activated,test_scRNA,,B1 B,test_scATAC
TAACCTAAGTAAACCC-1_rna,CD4+ T naive,test_scRNA,,CD4+ T naive,test_scRNA
CCTATTGTCTCACATT-1_rna,CD14+ Mono,test_scRNA,,CD8+ T,test_scATAC
ATACCTGCACTAAATC-1_rna,CD8+ T,test_scRNA,,Normoblast,test_scRNA
ATCTATGAGGCTACTG-1_rna,CD14+ Mono,test_scRNA,,Naive CD20+ B,test_scRNA
CGTAGCGGTCATTGTC-1_rna,CD8+ T,test_scRNA,,CD4+ T activated,test_scRNA
AATGAAGGTTCCTCCT-1_rna,Erythroblast,test_scRNA,,CD8+ T,test_scRNA
CTTGCGCGTGCACGCA-1_rna,CD4+ T naive,test_scRNA,,Naive CD20+ B,test_scATAC
AGCTACGTCCTTAGTT-1_rna,B1 B,test_scRNA,,CD14+ Mono,test_scRNA
TGGGCATGTCCGGTTC-1_rna,CD8+ T,test_scRNA,,CD4+ T naive,test_scATAC
ACCATTAAGGCCTTAG-1_rna,Erythroblast,test_scRNA,,Erythroblast,test_scRNA
CGTGCTTTCGCAGGCT-1_rna,CD4+ T activated,test_scRNA,,CD8+ T,test_scATAC
GAACCAAAGTCACTAA-1_rna,NK,test_scRNA,,CD8+ T,test_scRNA
CTGTTCATCCTTGAGG-1_rna,G/M prog,test_scRNA,,CD14+ Mono,test_scATAC
ATATAGGCAGTTTGTG-1_rna,CD4+ T activated,test_scRNA,,CD4+ T activated,test_scRNA
TACGTTAAGGCTGGCT-1_rna,CD4+ T naive,test_scRNA,,CD4+ T activated,test_scATAC
CAATAGCTCCTCCTAA-1_rna,CD14+ Mono,test_scRNA,,CD4+ T activated,test_scRNA
GTGATCAGTTAGTTGG-1_rna,Normoblast,test_scRNA,,MK/E prog,test_scATAC
TGCTTGTGTGGATTCA-1_rna,CD4+ T activated,test_scRNA,,CD14+ Mono,test_scATAC
CCAAATCAGGCTAGAA-1_rna,CD14+ Mono,test_scRNA,,HSC,test_scRNA
GTGTAACTCAAGCGCC-1_rna,CD4+ T activated,test_scRNA,,Naive CD20+ B,test_scRNA
TCACCTCAGGGCCATC-1_rna,CD8+ T,test_scRNA,,NK,test_scATAC
GAGCAAGGTAATGGCC-1_rna,Normoblast,test_scRNA,,CD14+ Mono,test_scATAC
AACAGCAAGGCACAGG-1_rna,G/M prog,test_scRNA,,Normoblast,test_scATAC
ACCGGCTAGCGGTTAT-1_rna,CD4+ T naive,test_scRNA,,NK,test_scATAC
GAACCAGCAATTATGC-1_rna,CD4+ T naive,test_scRNA,,CD4+ T naive,test_scRNA
TTTGTCTAGCCGCAGT-1_rna,CD14+ Mono,test_scRNA,,CD8+ T,test_scRNA
GGAAGCTAGTCATGCG-1_rna,CD14+ Mono,test_scRNA,,Proerythroblast,test_scRNA
TGTGTTAAGGCGGATG-1_rna,Erythroblast,test_scRNA,,CD8+ T,test_scRNA
ACCGGCTAGCCTCTCG-1_rna,CD4+ T activated,test_scRNA,,NK,test_scATAC
CCTGGATCAGCTTAGC-1_rna,Naive CD20+ B,test_scRNA,,B1 B,test_scRNA
GGCGGTTTCCGCCTCA-1_rna,NK,test_scRNA,,CD14+ Mono,test_scRNA
ACTTGAATCATGGCCA-1_rna,CD4+ T naive,test_scRNA,,CD4+ T activated,test_scATAC
CAAGTAACAGGCATCT-1_rna,CD8+ T,test_scRNA,,CD8+ T,test_scRNA
ATTAGCTCATTATGCG-1_rna,CD8+ T,test_scRNA,,CD8+ T,test_scRNA
TCAAGCTAGCCTGTGA-1_rna,Erythroblast,test_scRNA,,Naive CD20+ B,test_scRNA
TGTGGCGGTTTAGTCC-1_rna,CD4+ T naive,test_scRNA,,Erythroblast,test_scATAC
AGAATCTGTGGTTAGC-1_rna,CD4+ T activated,test_scRNA,,Normoblast,test_scRNA
TCAATCGCAATACTGT-1_rna,CD4+ T naive,test_scRNA,,CD14+ Mono,test_scATAC
CCAAACTAGGCGGATG-1_rna,Erythroblast,test_scRNA,,pDC,test_scATAC
CGCTCAGCAAGTTATC-1_rna,CD4+ T activated,test_scRNA,,CD14+ Mono,test_scATAC
TTCGTTAGTGTCACGG-1_rna,Erythroblast,test_scRNA,,CD4+ T activated,test_scATAC
AGAGGATGTTGCACGG-1_rna,Erythroblast,test_scRNA,,Normoblast,test_scRNA
ACGTACCCAAGCTTTG-1_rna,NK,test_scRNA,,CD14+ Mono,test_scATAC
GGCATGGAGCTTAGTA-1_rna,B1 B,test_scRNA,,NK,test_scRNA
CCATAATCACAATGCC-1_rna,NK,test_scRNA,,CD14+ Mono,test_scATAC
AAGAATCAGGCATGTT-1_rna,CD14+ Mono,test_scRNA,,CD4+ T naive,test_scATAC
GTACGTAGTGAAGCCT-1_rna,CD4+ T activated,test_scRNA,,Proerythroblast,test_scATAC
ACGTTACAGGGTTATC-1_rna,Erythroblast,test_scRNA,,Erythroblast,test_scATAC
GAGAACCAGCTTAACA-1_rna,NK,test_scRNA,,pDC,test_scATAC
CAAGGGAGTAGTTGGC-1_rna,Erythroblast,test_scRNA,,CD14+ Mono,test_scATAC
TATGAAGCACAGAAAC-1_rna,CD14+ Mono,test_scRNA,,CD4+ T activated,test_scRNA
CAAACATGTCTAACCT-1_rna,NK,test_scRNA,,CD8+ T,test_scRNA
CTGGTTTGTTTATGGG-1_rna,CD14+ Mono,test_scRNA,,Erythroblast,test_scATAC
ATATGGTGTAAACAAG-1_rna,Erythroblast,test_scRNA,,NK,test_scRNA
TTGTCAAAGCCACAAT-1_rna,Normoblast,test_scRNA,,CD4+ T naive,test_scRNA
GACCTTTGTATGGTGC-1_rna,Normoblast,test_scRNA,,CD14+ Mono,test_scATAC
GATTGGTTCATGAGCT-1_rna,ILC,test_scRNA,,Erythroblast,test_scRNA
TCTAGCCTCGGGACTC-1_rna,B1 B,test_scRNA,,CD4+ T activated,test_scATAC
AAGCCTTAGTCACTAA-1_rna,NK,test_scRNA,,CD4+ T naive,test_scATAC
ATTGACTCACTGGCTG-1_rna,Erythroblast,test_scRNA,,CD4+ T naive,test_scATAC
TCGCCCATCGATTTGA-1_rna,NK,test_scRNA,,CD4+ T naive,test_scRNA
TCTACCTCAGAGGGAG-1_rna,B1 B,test_scRNA,,CD14+ Mono,test_scATAC
TGCTTGCTCAATCTAG-1_rna,CD14+ Mono,test_scRNA,,CD4+ T activated,test_scATAC
GGCTATTAGGTCCGTA-1_rna,CD14+ Mono,test_scRNA,,CD14+ Mono,test_scATAC
CGGGTCTAGTTGCGTG-1_rna,CD8+ T,test_scRNA,,CD4+ T naive,test_scRNA
ACAGTATGTGAGACTC-1_rna,G/M prog,test_scRNA,,CD14+ Mono,test_scATAC
TGTGAAACACCTGCTC-1_rna,Erythroblast,test_scRNA,,Normoblast,test_scATAC
CTAGGACGTGTTGTGA-1_rna,CD4+ T naive,test_scRNA,,Erythroblast,test_scRNA
ACGGTACGTTTGAGGC-1_rna,Erythroblast,test_scRNA,,Naive CD20+ B,test_scATAC
TGTGCTGAGGCAAGTA-1_rna,CD14+ Mono,test_scRNA,,CD14+ Mono,test_scATAC
TGTGATCAGTAAGTCC-1_rna,Normoblast,test_scRNA,,CD4+ T activated,test_scRNA
GCTAAGAAGGAGTCTT-1_rna,CD14+ Mono,test_scRNA,,CD14+ Mono,test_scATAC
TCATGCCTCAATCTCT-1_rna,CD4+ T activated,test_scRNA,,CD14+ Mono,test_scRNA
TTAAGGACAACCGCCA-1_rna,CD14+ Mono,test_scRNA,,Naive CD20+ B,test_scATAC
CTTCACTCAATTGCGC-1_rna,B1 B,test_scRNA,,CD4+ T naive,test_scATAC
CCATAAATCACGTTAA-1_rna,CD8+ T,test_scRNA,,Erythroblast,test_scRNA
AGTCTTGCATCCTGAA-1_rna,Naive CD20+ B,test_scRNA,,HSC,test_scRNA
ACCTGGATCATGCGTG-1_rna,NK,test_scRNA,,CD14+ Mono,test_scRNA
GGGCATGAGCTCGCTT-1_rna,CD14+ Mono,test_scRNA,,Erythroblast,test_scATAC
TGCTCTCAGCACTAAC-1_rna,Normoblast,test_scRNA,,B1 B,test_scATAC
AGACCCGGTTTCAGGA-1_rna,ILC,test_scRNA,,CD8+ T,test_scRNA
TAAGTGCTCGTTTCGC-1_rna,Erythroblast,test_scRNA,,CD4+ T naive,test_scATAC
ATCCTCATCGCTAAGT-1_rna,ILC,test_scRNA,,CD8+ T,test_scATAC
GAGTGATCATTGTGCA-1_rna,CD4+ T activated,test_scRNA,,CD8+ T,test_scRNA
GGCCTAATCCCTGGTT-1_rna,CD4+ T activated,test_scRNA,,CD8+ T,test_scRNA
GCAGGATAGAAAGGAA-1_rna,CD8+ T,test_scRNA,,G/M prog,test_scRNA
CTCCGGACAGGACACA-1_rna,B1 B,test_scRNA,,CD4+ T naive,test_scRNA
TGCCATTGTGGGTGAA-1_rna,CD14+ Mono,test_scRNA,,CD4+ T naive,test_scATAC
CGGAGTCTCAAAGGCA-1_rna,Normoblast,test_scRNA,,CD4+ T activated,test_scRNA
CAGCATTAGTGTTGCG-1_rna,CD4+ T activated,test_scRNA,,CD14+ Mono,test_scRNA
CTCTAGCTCTAATCCT-1_rna,CD8+ T,test_scRNA,,Normoblast,test_scATAC
ACAGGAATCGCAAACT-1_rna,CD4+ T activated,test_scRNA,,HSC,test_scATAC
CAGCTAAGTGTCCTGC-1_rna,CD4+ T activated,test_scRNA,,Normoblast,test_scRNA
CCATTGTGTCTTGCAT-1_rna,Naive CD20+ B,test_scRNA,,CD4+ T activated,test_scRNA
CAATGTCAGATAACCC-1_rna,Naive CD20+ B,test_scRNA,,G/M prog,test_scATAC
TCGATTAAGGCCGGAA-1_rna,CD8+ T,test_scRNA,,Naive CD20+ B,test_scRNA
CGGTTCCGTGCTCCGT-1_rna,Normoblast,test_scRNA,,CD8+ T,test_scRNA
ATTGGCTAGGATTGCT-1_rna,CD4+ T activated,test_scRNA,,CD14+ Mono,test_scATAC
TAACCAGGTAGCTAAT-1_rna,CD8+ T,test_scRNA,,Erythroblast,test_scRNA
CATATCGCAGTTGCGT-1_rna,B1 B,test_scRNA,,CD4+ T naive,test_scATAC
TATTTGGAGCTTTGGG-1_rna,CD14+ Mono,test_scRNA,,CD4+ T naive,test_scATAC
CTCCGGACAGTTTCTC-1_rna,CD14+ Mono,test_scRNA,,Transitional B,test_scRNA
GCGCTTGCAACACTTG-1_rna,CD14+ Mono,test_scRNA,,Erythroblast,test_scRNA
GGAAGTATCACACAGT-1_rna,Normoblast,test_scRNA,,Erythroblast,test_scATAC
GCGTGCTAGTGAGGGT-1_rna,Erythroblast,test_scRNA,,Erythroblast,test_scATAC
TGCGCAGGTACCGGAT-1_rna,CD4+ T activated,test_scRNA,,Erythroblast,test_scRNA
AACATTGTCTAAGGAG-1_rna,Naive CD20+ B,test_scRNA,,CD4+ T activated,test_scRNA
ATTGTGATCTTTGTAC-1_rna,Erythroblast,test_scRNA,,NK,test_scRNA
TCATGAGGTTTGTCTA-1_rna,CD8+ T,test_scRNA,,Naive CD20+ B,test_scATAC
CTCGTTATCATCACTT-1_rna,Naive CD20+ B,test_scRNA,,ID2-hi myeloid prog,test_scATAC
TAGAGCCGTTCCTGTG-1_rna,CD4+ T activated,test_scRNA,,CD14+ Mono,test_scATAC
GACTTACAGCTATATG-1_rna,CD4+ T naive,test_scRNA,,HSC,test_scRNA
TGGAACAAGTAACTCA-1_rna,CD8+ T,test_scRNA,,CD8+ T,test_scATAC
GCGTTTCTCTTAGGGT-1_rna,CD8+ T,test_scRNA,,Erythroblast,test_scATAC
AGCAAGGGTTTGAGGC-1_rna,CD14+ Mono,test_scRNA,,Normoblast,test_scATAC
CTCACAACATTAGGCC-1_rna,NK,test_scRNA,,CD8+ T,test_scATAC
CCGCCAACACCTCAGG-1_rna,Erythroblast,test_scRNA,,CD8+ T,test_scATAC
GGAGCAAGTCCTCCAA-1_rna,NK,test_scRNA,,NK,test_scATAC
GGGTTTCCAAGCTTTG-1_rna,CD14+ Mono,test_scRNA,,B1 B,test_scRNA
TAGGAGGGTTCACTGT-1_rna,CD4+ T activated,test_scRNA,,Naive CD20+ B,test_scRNA
GCGAGTGAGGAGGCAT-1_rna,CD4+ T naive,test_scRNA,,CD4+ T naive,test_scRNA
AGGTTAGAGTATTGGC-1_rna,Erythroblast,test_scRNA,,CD14+ Mono,test_scATAC
ATGGTCTAGCGGCTGT-1_rna,CD8+ T,test_scRNA,,Plasma cell,test_scATAC
GGCAATCGTGTGAGAG-1_rna,Normoblast,test_scRNA,,CD4+ T activated,test_scRNA
CCTATTTAGTCGCTAG-1_rna,Naive CD20+ B,test_scRNA,,CD8+ T,test_scATAC
ATTCCGGAGACACCGC-1_rna,CD4+ T naive,test_scRNA,,cDC2,test_scRNA
GGTTCCCGTGTTCCCA-1_rna,CD4+ T naive,test_scRNA,,CD4+ T activated,test_scRNA
GTCTAGCCATACCCGG-1_rna,Naive CD20+ B,test_scRNA,,Normoblast,test_scRNA
CTCCAAACAATCCTGA-1_rna,CD4+ T naive,test_scRNA,,CD14+ Mono,test_scRNA
CGTCATTGTCGCAAAC-1_rna,CD8+ T,test_scRNA,,B1 B,test_scRNA
TGCATCCTCACAGACT-1_rna,Erythroblast,test_scRNA,,CD8+ T,test_scATAC
AAGCCTGTCTCACTCA-1_rna,CD4+ T activated,test_scRNA,,NK,test_scRNA
CATGCATAGGTCATTA-1_rna,Normoblast,test_scRNA,,Normoblast,test_scRNA
CGTCAATAGTGTTGCG-1_rna,CD4+ T activated,test_scRNA,,cDC2,test_scATAC
ACGTCCTTCCTTGCAC-1_rna,CD4+ T activated,test_scRNA,,CD4+ T activated,test_scATAC
CGTATTGCATGAATCT-1_rna,CD8+ T,test_scRNA,,Erythroblast,test_scRNA
TTAGGCGTCCGCCTAT-1_rna,CD14+ Mono,test_scRNA,,CD14+ Mono,test_scRNA
GTTTCAGCATTCAGCA-1_rna,Naive CD20+ B,test_scRNA,,Erythroblast,test_scRNA
CGCATTACACAATACT-1_rna,Erythroblast,test_scRNA,,Proerythroblast,test_scRNA
TGCCATTGTCATCATC-1_rna,CD4+ T activated,test_scRNA,,B1 B,test_scATAC
AGGATGCAGTTTGCGG-1_rna,Erythroblast,test_scRNA,,Erythroblast,test_scRNA
GTGTGAGCAACCTAAT-1_rna,Erythroblast,test_scRNA,,CD4+ T activated,test_scRNA
CGAGCGAAGGAGGGTT-1_rna,CD8+ T,test_scRNA,,CD14+ Mono,test_scRNA
TTGTCAAAGAGCAAGC-1_rna,Normoblast,test_scRNA,,ID2-hi myeloid prog,test_scRNA
CTTTATGGTTCCGGGA-1_rna,B1 B,test_scRNA,,CD14+ Mono,test_scRNA
CCTGAGTCAGTAAGTA-1_rna,CD4+ T activated,test_scRNA,,cDC2,test_scATAC
TCCATTGTCTAATCCT-1_rna,CD14+ Mono,test_scRNA,,Erythroblast,test_scRNA
TCCTAGTGTCCTAGTT-1_rna,CD4+ T activated,test_scRNA,,CD14+ Mono,test_scATAC
CCTGCTCCACTGACTA-1_rna,CD4+ T naive,test_scRNA,,CD4+ T naive,test_scRNA
CTGGACCAGCCGCTAA-1_rna,Naive CD20+ B,test_scRNA,,Naive CD20+ B,test_scRNA
AAGTTAGCAGGTTTGC-1_rna,CD4+ T naive,test_scRNA,,CD4+ T activated,test_scATAC
TAACCTAAGGATTGAG-1_rna,CD4+ T naive,test_scRNA,,G/M prog,test_scRNA
CACCTGTTCGGTTTGG-1_rna,CD4+ T activated,test_scRNA,,CD8+ T,test_scATAC
CCTTGCGTCCGCAACA-1_rna,CD4+ T naive,test_scRNA,,NK,test_scATAC
AGATGAAGTGCATTTC-1_rna,CD14+ Mono,test_scRNA,,NK,test_scATAC
GTCTATCGTTCAAGCA-1_rna,Naive CD20+ B,test_scRNA,,CD4+ T activated,test_scATAC
TGCTTCCAGGCAACAA-1_rna,CD4+ T naive,test_scRNA,,NK,test_scATAC
CCTACTGGTAAAGCGG-1_rna,NK,test_scRNA,,NK,test_scRNA
GACACCGGTTGCTGGG-1_rna,Naive CD20+ B,test_scRNA,,CD4+ T activated,test_scRNA
ATTGCGCCATAAGGAC-1_rna,CD4+ T activated,test_scRNA,,CD8+ T,test_scRNA
CTCCAACTCATTACGA-1_rna,CD4+ T activated,test_scRNA,,Erythroblast,test_scATAC
GCACGCTAGAACCTAC-1_rna,Normoblast,test_scRNA,,CD4+ T activated,test_scRNA
CCAGCCTGTCAGGAAG-1_rna,Erythroblast,test_scRNA,,Transitional B,test_scRNA
GAACTTATCTCAATAG-1_rna,CD8+ T,test_scRNA,,Erythroblast,test_scATAC
ATGGTGCGTGCTAGAC-1_rna,CD4+ T naive,test_scRNA,,Naive CD20+ B,test_scATAC
TTAGAAGCACAAACTT-1_rna,CD8+ T,test_scRNA,,Transitional B,test_scRNA
GGATTGCGTACCGTTT-1_rna,CD14+ Mono,test_scRNA,,Lymph prog,test_scATAC
CCTGTATGTTAAGCCA-1_rna,Erythroblast,test_scRNA,,Erythroblast,test_scRNA
TCTTAGTTCCAACTGG-1_rna,CD8+ T,test_scRNA,,Erythroblast,test_scRNA
GAGAACCAGGAGGGTT-1_rna,Erythroblast,test_scRNA,,CD4+ T naive,test_scATAC
GGGTTTCCAGCTTAGC-1_rna,NK,test_scRNA,,B1 B,test_scATAC
ATCCCGCGTACAAAGA-1_rna,Naive CD20+ B,test_scRNA,,Normoblast,test_scATAC
AGTCCTTGTATTCGCT-1_rna,Erythroblast,test_scRNA,,CD14+ Mono,test_scATAC
CATAGCTAGCCTAACG-1_rna,Erythroblast,test_scRNA,,Plasma cell,test_scATAC
ATTACGTCATAATCCG-1_rna,Erythroblast,test_scRNA,,CD4+ T activated,test_scRNA
ACCCAACCAATGCCTA-1_rna,Normoblast,test_scRNA,,CD4+ T activated,test_scRNA
CCCAATTGTGATGATT-1_rna,B1 B,test_scRNA,,B1 B,test_scRNA
TTATCCGTCCTTGCAC-1_rna,NK,test_scRNA,,Normoblast,test_scRNA
TATATCCTCACTAAGC-1_rna,CD14+ Mono,test_scRNA,,CD8+ T,test_scRNA
GCTCACAAGGATTGAG-1_rna,CD14+ Mono,test_scRNA,,Erythroblast,test_scRNA
CGCTTGCGTGCTGTAA-1_rna,NK,test_scRNA,,CD4+ T naive,test_scRNA
CTCGCTAGTATTTGGG-1_rna,Erythroblast,test_scRNA,,CD14+ Mono,test_scRNA
CAACAATGTTGGTGAC-1_rna,Erythroblast,test_scRNA,,Naive CD20+ B,test_scRNA
GTCAGGCTCTACTAAG-1_rna,Naive CD20+ B,test_scRNA,,CD14+ Mono,test_scRNA
GAGTGATCAATGCCCG-1_rna,Normoblast,test_scRNA,,NK,test_scRNA
TTGCAACAGCATGTTA-1_rna,CD4+ T activated,test_scRNA,,MK/E prog,test_scRNA
CAAAGCGCAAGTTATC-1_rna,CD4+ T activated,test_scRNA,,B1 B,test_scRNA
GAACCAGCATGGCCTG-1_rna,CD4+ T naive,test_scRNA,,CD4+ T activated,test_scATAC
TTTGGTGCACATAGCC-1_rna,Normoblast,test_scRNA,,CD8+ T,test_scATAC
ATCCACCTCAAAGGCA-1_rna,CD8+ T,test_scRNA,,CD8+ T,test_scRNA
TTGCTCTCAGGAACAT-1_rna,NK,test_scRNA,,CD4+ T naive,test_scATAC
AGGTTACTCTAATCCT-1_rna,B1 B,test_scRNA,,CD4+ T activated,test_scRNA
CGTGAGGAGGAATAAC-1_rna,CD4+ T naive,test_scRNA,,CD8+ T,test_scRNA
CGGAATCGTCGCGCAA-1_rna,Naive CD20+ B,test_scRNA,,CD14+ Mono,test_scATAC
GCGCAATGTTCCGCAC-1_rna,CD4+ T activated,test_scRNA,,CD14+ Mono,test_scRNA
CGACCTGCAAGGACCA-1_rna,CD4+ T naive,test_scRNA,,CD4+ T activated,test_scRNA
AGGTCCGGTTCACTGT-1_rna,ILC,test_scRNA,,CD14+ Mono,test_scRNA
TGGCCAATCAGCAAAG-1_rna,CD14+ Mono,test_scRNA,,CD14+ Mono,test_scRNA
CAGCTAAGTATTGCAG-1_rna,Naive CD20+ B,test_scRNA,,B1 B,test_scRNA
GAAGGAACACAGAACG-1_rna,Erythroblast,test_scRNA,,CD4+ T naive,test_scATAC
GTCATCCTCGTTAGTA-1_rna,CD8+ T,test_scRNA,,NK,test_scRNA
TCAAACCAGGAAACTG-1_rna,CD14+ Mono,test_scRNA,,Erythroblast,test_scATAC
TCATTGCGTCAAAGGG-1_rna,CD4+ T activated,test_scRNA,,CD14+ Mono,test_scATAC
ATCCTTAGTGAATCGC-1_rna,CD8+ T,test_scRNA,,CD4+ T naive,test_scRNA
TAACCTAAGCACCACA-1_rna,Naive CD20+ B,test_scRNA,,CD4+ T naive,test_scRNA
CTAGATTCAGTCTAAT-1_rna,CD14+ Mono,test_scRNA,,CD14+ Mono,test_scATAC
AGGCTAAAGGAACCGG-1_rna,CD4+ T naive,test_scRNA,,Erythroblast,test_scRNA
TCCTTAGTCGGTTAGT-1_rna,Erythroblast,test_scRNA,,CD14+ Mono,test_scRNA
TAGGAACCAAGGAATC-1_rna,CD4+ T activated,test_scRNA,,Proerythroblast,test_scATAC
TGGATTCAGGGTGAAC-1_rna,CD8+ T,test_scRNA,,CD4+ T naive,test_scATAC
GTAGGATCAAGCCACT-1_rna,CD14+ Mono,test_scRNA,,ID2-hi myeloid prog,test_scRNA
TACGCTTGTTAGGATT-1_rna,CD4+ T activated,test_scRNA,,CD14+ Mono,test_scATAC
TGATCCTGTAACAGGG-1_rna,CD14+ Mono,test_scRNA,,CD14+ Mono,test_scATAC
GTTTCAGCAGGATGGC-1_rna,Erythroblast,test_scRNA,,NK,test_scATAC
CCAGCTAAGCTCATAA-1_rna,CD8+ T,test_scRNA,,Erythroblast,test_scRNA
CCCAAATAGCTATATG-1_rna,CD8+ T,test_scRNA,,CD14+ Mono,test_scATAC
CTATGACAGCTGAGGG-1_rna,CD14+ Mono,test_scRNA,,CD4+ T naive,test_scRNA
AATTGTGTCATGCCTC-1_rna,G/M prog,test_scRNA,,CD4+ T naive,test_scATAC
ACTTGTAAGCAAGGAC-1_rna,B1 B,test_scRNA,,B1 B,test_scRNA
GGTAAGGGTGAATCGC-1_rna,Naive CD20+ B,test_scRNA,,CD8+ T,test_scRNA
AGGAAACGTTTCAGGA-1_rna,CD4+ T activated,test_scRNA,,Transitional B,test_scATAC
ACAGTATGTTTAAAGC-1_rna,CD8+ T,test_scRNA,,CD14+ Mono,test_scRNA
AATCCTAAGGGTGAAC-1_rna,NK,test_scRNA,,CD8+ T,test_scRNA
GGCCTTCGTTAGTTGG-1_rna,CD4+ T activated,test_scRNA,,Naive CD20+ B,test_scATAC
ATAATGGCAATAAGCA-1_rna,Erythroblast,test_scRNA,,CD14+ Mono,test_scATAC
GAGAAACGTAGGTTAT-1_rna,ILC,test_scRNA,,Erythroblast,test_scRNA
GAACTTATCATGCATA-1_rna,CD8+ T,test_scRNA,,CD4+ T activated,test_scATAC
GCGTAACGTTAGTGAT-1_rna,NK,test_scRNA,,Erythroblast,test_scATAC
TTAGCAGGTTTCCGGC-1_rna,Normoblast,test_scRNA,,Naive CD20+ B,test_scRNA
GCAATCTAGGCAGGTG-1_rna,CD14+ Mono,test_scRNA,,CD14+ Mono,test_scATAC
CCAAACCCACTTCACT-1_rna,CD4+ T activated,test_scRNA,,CD14+ Mono,test_scATAC
GAGTTACTCCGCAAGC-1_rna,Erythroblast,test_scRNA,,Erythroblast,test_scATAC
AGTTTGCAGCTACTGG-1_rna,CD8+ T,test_scRNA,,Normoblast,test_scATAC
GATGGACAGTCATCCC-1_rna,NK,test_scRNA,,CD16+ Mono,test_scATAC
CAACAGGCAATTGAGA-1_rna,CD4+ T activated,test_scRNA,,CD14+ Mono,test_scATAC
CGGTTTGAGTTAGAGG-1_rna,CD14+ Mono,test_scRNA,,NK,test_scRNA
GTGAGCGAGTTTGCGG-1_rna,CD4+ T naive,test_scRNA,,CD4+ T naive,test_scRNA
CAGGTGGAGGAACCGG-1_rna,CD4+ T naive,test_scRNA,,Naive CD20+ B,test_scRNA
GCTATCCTCCTGGTGA-1_rna,Naive CD20+ B,test_scRNA,,CD8+ T,test_scRNA
ACTCACTGTGTTGTGA-1_rna,CD4+ T activated,test_scRNA,,G/M prog,test_scRNA
AGGAGCTAGGCGGATG-1_rna,CD8+ T,test_scRNA,,CD4+ T activated,test_scRNA
CAGATTCAGCAAACCT-1_rna,B1 B,test_scRNA,,CD8+ T,test_scATAC
GAAGGAACACCATATG-1_rna,CD14+ Mono,test_scRNA,,pDC,test_scATAC
TTAGACTCACTTCATC-1_rna,CD14+ Mono,test_scRNA,,Naive CD20+ B,test_scRNA
AAAGCACCAGCTTAAT-1_rna,CD4+ T activated,test_scRNA,,G/M prog,test_scRNA
AACCCGCAGAGAGGCT-1_rna,CD4+ T activated,test_scRNA,,G/M prog,test_scATAC
GGTACTTAGTCATCCC-1_rna,Normoblast,test_scRNA,,pDC,test_scRNA
AATGTCATCTCCATAT-1_rna,Naive CD20+ B,test_scRNA,,Erythroblast,test_scRNA
CCAACCAAGAGAGGAG-1_rna,CD4+ T naive,test_scRNA,,CD8+ T,test_scATAC
GTTTAGCAGCTTCTCA-1_rna,Erythroblast,test_scRNA,,CD4+ T activated,test_scRNA
AAATCCGGTCATTAGG-1_rna,G/M prog,test_scRNA,,CD4+ T activated,test_scRNA
TAAGCTGGTAATCGCA-1_rna,NK,test_scRNA,,MK/E prog,test_scATAC
CATCATAAGTTCCTGC-1_rna,CD8+ T,test_scRNA,,pDC,test_scRNA
ACGTCCAAGTTGGGCC-1_rna,Erythroblast,test_scRNA,,CD8+ T,test_scATAC
ATTCCGGAGTCATTTC-1_rna,CD14+ Mono,test_scRNA,,ILC,test_scRNA
GTTCCTGGTTTCAGGA-1_rna,CD8+ T,test_scRNA,,CD4+ T activated,test_scATAC
CTCCAACTCTATCGCC-1_rna,CD4+ T naive,test_scRNA,,CD14+ Mono,test_scATAC
GATTCCTGTACGGGTT-1_rna,CD14+ Mono,test_scRNA,,NK,test_scATAC
GCTCACAAGGTCTTGG-1_rna,G/M prog,test_scRNA,,NK,test_scRNA
AAAGCCCGTAGTAAGA-1_rna,Erythroblast,test_scRNA,,CD14+ Mono,test_scATAC
TGGACCGGTACTTCAC-1_rna,B1 B,test_scRNA,,B1 B,test_scATAC
CGATTGAGTGCTTACT-1_rna,G/M prog,test_scRNA,,CD4+ T naive,test_scRNA
CCTTCAGGTGCAACTA-1_rna,CD14+ Mono,test_scRNA,,CD14+ Mono,test_scRNA
TTTGTGGCAAGGCCAA-1_rna,NK,test_scRNA,,CD8+ T,test_scRNA
GGTAACTTCCCTCATA-1_rna,CD8+ T,test_scRNA,,Erythroblast,test_scATAC
GAGCAAATCCAGCACA-1_rna,Erythroblast,test_scRNA,,Naive CD20+ B,test_scRNA
TACATCAAGTTTGCGG-1_rna,Normoblast,test_scRNA,,CD4+ T activated,test_scATAC
GCGTGCTAGACTTATG-1_rna,CD4+ T activated,test_scRNA,,CD4+ T activated,test_scATAC
TGCTCTCAGTTTGGGT-1_rna,NK,test_scRNA,,Naive CD20+ B,test_scRNA
ATGCAAACATGTTGGC-1_rna,NK,test_scRNA,,CD14+ Mono,test_scRNA
GTGGTTAGTCAGGCAT-1_rna,Normoblast,test_scRNA,,CD8+ T,test_scATAC
TGGCTATAGTGAACAG-1_rna,CD14+ Mono,test_scRNA,,Normoblast,test_scRNA
TGTAAAGCATAGCGAG-1_rna,CD4+ T activated,test_scRNA,,Transitional B,test_scRNA
CTTCAAGCACTCGCTC-1_rna,CD4+ T activated,test_scRNA,,CD4+ T activated,test_scATAC
TTGGATTCACCCACCT-1_rna,CD14+ Mono,test_scRNA,,CD14+ Mono,test_scATAC
ATGTGAGAGGATTGCT-1_rna,Erythroblast,test_scRNA,,CD4+ T naive,test_scRNA
GGGAATATCTCACACC-1_rna,NK,test_scRNA,,Naive CD20+ B,test_scRNA
GGCGGTTTCGATCAGT-1_rna,CD14+ Mono,test_scRNA,,Erythroblast,test_scATAC
CGCTAACCAAATTCGT-1_rna,CD14+ Mono,test_scRNA,,CD14+ Mono,test_scATAC
GGATATTGTTTGCAGA-1_rna,CD4+ T naive,test_scRNA,,NK,test_scRNA
TGTAAGTGTCTATCGT-1_rna,Erythroblast,test_scRNA,,CD14+ Mono,test_scATAC
TAGCAGGCATGCTCCC-1_rna,CD4+ T activated,test_scRNA,,NK,test_scRNA
GTGGTTAGTTGCATCT-1_rna,CD14+ Mono,test_scRNA,,Erythroblast,test_scRNA
GATGGACAGTTTCCTG-1_rna,CD8+ T,test_scRNA,,CD4+ T activated,test_scATAC
TACAGGTTCATGCATA-1_rna,Normoblast,test_scRNA,,CD14+ Mono,test_scATAC
GAACGAATCTTACTCG-1_rna,CD8+ T,test_scRNA,,CD8+ T,test_scRNA
TCTCAAGCATGAATAG-1_rna,CD14+ Mono,test_scRNA,,Erythroblast,test_scATAC
CCTACTGGTCTCACTG-1_rna,Normoblast,test_scRNA,,CD8+ T,test_scRNA
TGAGCACGTATTGGTG-1_rna,CD14+ Mono,test_scRNA,,CD14+ Mono,test_scATAC
AAGTCTATCATAACTG-1_rna,Erythroblast,test_scRNA,,Erythroblast,test_scATAC
GACCGTTCAGTAGGTG-1_rna,Naive CD20+ B,test_scRNA,,Naive CD20+ B,test_scRNA
ATTCAACCACTTCACT-1_rna,Erythroblast,test_scRNA,,Normoblast,test_scRNA
GCAATCTAGATGGACA-1_rna,CD14+ Mono,test_scRNA,,Transitional B,test_scRNA
GGTGATTTCTTGGATA-1_rna,CD4+ T activated,test_scRNA,,Erythroblast,test_scATAC
GATCAAGAGTAACGAG-1_rna,Erythroblast,test_scRNA,,CD4+ T naive,test_scATAC
GGTGAGCCATGGTTAT-1_rna,CD4+ T naive,test_scRNA,,Erythroblast,test_scATAC
CTAGGCGGTAGCCTAA-1_rna,Erythroblast,test_scRNA,,ID2-hi myeloid prog,test_scRNA
AAACGCGCAACTGGGA-1_rna,CD4+ T activated,test_scRNA,,Erythroblast,test_scATAC
GCGATTTAGTCATTGA-1_rna,CD4+ T naive,test_scRNA,,CD4+ T activated,test_scATAC
CAAGGCTGTGTGTCCC-1_rna,CD8+ T,test_scRNA,,Erythroblast,test_scATAC
CAATGTGGTATTGGAT-1_rna,CD4+ T activated,test_scRNA,,CD4+ T activated,test_scATAC
GTCGAGGAGGCGGATG-1_rna,CD14+ Mono,test_scRNA,,B1 B,test_scRNA
GATTCGCCAATTGAAG-1_rna,Normoblast,test_scRNA,,Erythroblast,test_scATAC
AGTAACCTCCAGGAAA-1_rna,NK,test_scRNA,,Naive CD20+ B,test_scATAC
TGCTATGCACTTAACG-1_rna,CD4+ T activated,test_scRNA,,CD8+ T,test_scATAC
TTGACGTAGACTTACA-1_rna,CD14+ Mono,test_scRNA,,Erythroblast,test_scATAC
TAGTAACGTGTGCACG-1_rna,CD8+ T,test_scRNA,,CD4+ T naive,test_scATAC
GTTTCAGCATCCAGGT-1_rna,Naive CD20+ B,test_scRNA,,CD8+ T,test_scATAC
GAGGTTAAGCACAGGG-1_rna,CD8+ T,test_scRNA,,CD8+ T,test_scATAC
CGCACACAGGCGCACT-1_rna,Erythroblast,test_scRNA,,CD8+ T,test_scRNA
TTAGGCGTCTTGCAGG-1_rna,Erythroblast,test_scRNA,,Erythroblast,test_scRNA
TGCACCTTCCTTAATC-1_rna,Normoblast,test_scRNA,,NK,test_scRNA
CTTGAACAGCATGACT-1_rna,NK,test_scRNA,,Normoblast,test_scATAC
TCCTTAGTCAAACCGT-1_rna,CD8+ T,test_scRNA,,CD14+ Mono,test_scRNA
TTTAGCAAGTTATGTG-1_rna,B1 B,test_scRNA,,Plasma cell,test_scRNA
CAATCGCCACAAAGAC-1_rna,Erythroblast,test_scRNA,,NK,test_scATAC
TGCGCAGGTGAACAAA-1_rna,CD8+ T,test_scRNA,,Erythroblast,test_scATAC
CCACAATAGTTAGACC-1_rna,Normoblast,test_scRNA,,CD4+ T naive,test_scATAC
AGAAACTAGGTCCTGA-1_rna,CD8+ T,test_scRNA,,Proerythroblast,test_scATAC
ACACTTGCAGTTTACG-1_rna,NK,test_scRNA,,G/M prog,test_scATAC
GCTATCCTCACGAATC-1_rna,Erythroblast,test_scRNA,,CD4+ T naive,test_scRNA
TTTAAGCCATAGACTT-1_rna,NK,test_scRNA,,NK,test_scATAC
ACCTGTTGTTTGACCT-1_rna,NK,test_scRNA,,CD8+ T,test_scATAC
GTTCTCATCTTAGCGG-1_rna,CD8+ T,test_scRNA,,CD4+ T activated,test_scATAC
GGGTTACGTGTTAAAC-1_rna,Erythroblast,test_scRNA,,CD4+ T naive,test_scRNA
ACACAATGTGGAGCAA-1_rna,NK,test_scRNA,,CD4+ T naive,test_scATAC
CTTACTAGTAAGCTTG-1_rna,CD4+ T naive,test_scRNA,,CD14+ Mono,test_scATAC
CTTGTCCAGGATAAAC-1_rna,CD4+ T naive,test_scRNA,,Erythroblast,test_scRNA
TCATACTTCGTTATAG-1_rna,CD8+ T,test_scRNA,,Erythroblast,test_scATAC
AGCAAGGGTTAGTACG-1_rna,Naive CD20+ B,test_scRNA,,MK/E prog,test_scRNA
GCCAATAGTTAATGAC-1_rna,CD14+ Mono,test_scRNA,,CD4+ T activated,test_scRNA
TGGCTATAGTACCGCA-1_rna,NK,test_scRNA,,NK,test_scATAC
GCCTCGACATTGTTGG-1_rna,Normoblast,test_scRNA,,Normoblast,test_scATAC
CCCGCAACATCATGGC-1_rna,NK,test_scRNA,,Normoblast,test_scATAC
CCTTGCGTCACAAGCT-1_rna,B1 B,test_scRNA,,CD14+ Mono,test_scATAC
ATTGCACAGATTCCTT-1_rna,Naive CD20+ B,test_scRNA,,CD14+ Mono,test_scATAC
TTGGGCCAGTCCTTTG-1_rna,CD14+ Mono,test_scRNA,,Erythroblast,test_scATAC
GTTAGGCGTCTTGCAT-1_rna,CD14+ Mono,test_scRNA,,CD14+ Mono,test_scATAC
CGTAATGGTTTAAAGC-1_rna,CD4+ T naive,test_scRNA,,CD8+ T,test_scRNA
CATCATGCAGGTTCAC-1_rna,CD4+ T naive,test_scRNA,,Erythroblast,test_scATAC
CGAGCGAAGCAGCTAT-1_rna,CD4+ T activated,test_scRNA,,Erythroblast,test_scATAC
TCAATCGCACATAGCC-1_rna,CD4+ T activated,test_scRNA,,CD8+ T,test_scATAC
AGGCGGATCGCATTAA-1_rna,CD14+ Mono,test_scRNA,,CD8+ T,test_scRNA
TAACCTAAGGCATTAC-1_rna,CD14+ Mono,test_scRNA,,ILC,test_scATAC
AGGTTTATCTTGTCCA-1_rna,CD4+ T naive,test_scRNA,,Proerythroblast,test_scRNA
TCTCAAGCACGGTACT-1_rna,CD4+ T activated,test_scRNA,,CD4+ T naive,test_scRNA
CCTATAGCAGAGAGCC-1_rna,CD8+ T,test_scRNA,,CD4+ T activated,test_scRNA
GGTAATTGTTCAAGAT-1_rna,ILC,test_scRNA,,CD8+ T,test_scATAC
GTAAGCGCAGTTTACG-1_rna,CD4+ T activated,test_scRNA,,CD14+ Mono,test_scRNA
CAGAACCGTTACTTGC-1_rna,CD4+ T activated,test_scRNA,,Naive CD20+ B,test_scRNA
ACACTAATCGCTAGCA-1_rna,CD4+ T naive,test_scRNA,,CD4+ T activated,test_scRNA
CGTAATGGTCGCGCAA-1_rna,CD14+ Mono,test_scRNA,,CD4+ T activated,test_scRNA
GCCACAATCCTTGAGG-1_rna,CD8+ T,test_scRNA,,CD4+ T activated,test_scRNA
GACCTGCAGAAGCTAG-1_rna,NK,test_scRNA,,MK/E prog,test_scATAC
CATAGTCAGACAGGTA-1_rna,Erythroblast,test_scRNA,,CD4+ T naive,test_scATAC
AATCCATCAACAGGTG-1_rna,CD8+ T,test_scRNA,,CD14+ Mono,test_scRNA
GACGCCTAGTTTGCGG-1_rna,CD14+ Mono,test_scRNA,,CD4+ T naive,test_scATAC
ACAGGCTGTCCGCTGT-1_rna,CD14+ Mono,test_scRNA,,Transitional B,test_scRNA
GAGGCTTGTTGCTGGG-1_rna,NK,test_scRNA,,CD4+ T activated,test_scATAC
CAGCTAAGTCCTTAGT-1_rna,NK,test_scRNA,,Erythroblast,test_scRNA
ACAGGCTGTGTTGTGA-1_rna,Normoblast,test_scRNA,,CD14+ Mono,test_scRNA
GGTCATTAGAAAGGAA-1_rna,CD8+ T,test_scRNA,,CD4+ T naive,test_scATAC
GATTCATCACCTATAG-1_rna,Normoblast,test_scRNA,,CD14+ Mono,test_scRNA
GGTTACTAGTTATGTG-1_rna,Normoblast,test_scRNA,,ILC,test_scRNA
CTAATCTTCCCTCACG-1_rna,NK,test_scRNA,,CD8+ T,test_scRNA
GGTCGGTTCTAGCTAA-1_rna,Naive CD20+ B,test_scRNA,,Normoblast,test_scRNA
TGATGATGTCGCATAA-1_rna,CD14+ Mono,test_scRNA,,CD4+ T naive,test_scATAC
TCACCTCAGGCCTAAT-1_rna,CD4+ T naive,test_scRNA,,CD4+ T naive,test_scRNA
TGCTATGCACCATATG-1_rna,CD4+ T naive,test_scRNA,,NK,test_scATAC
CGTGACATCTTGTCTG-1_rna,CD4+ T activated,test_scRNA,,CD14+ Mono,test_scRNA
GGTGCTTCAGCAAATA-1_rna,ILC,test_scRNA,,Normoblast,test_scRNA
GTTACTCGTTAGCAGC-1_rna,CD14+ Mono,test_scRNA,,Erythroblast,test_scATAC
GAAGTAAGTTCAAGAT-1_rna,G/M prog,test_scRNA,,CD4+ T naive,test_scRNA
TCCGGAATCGGTCAAT-1_rna,CD14+ Mono,test_scRNA,,CD4+ T activated,test_scRNA
AGCTACGTCTTAATGG-1_rna,CD14+ Mono,test_scRNA,,CD4+ T activated,test_scRNA
CGACCTGCAGCTCATA-1_rna,CD14+ Mono,test_scRNA,,Erythroblast,test_scRNA
TGTTGGCCATATAACC-1_rna,CD8+ T,test_scRNA,,NK,test_scATAC
CCGTTTGGTCCAAATG-1_rna,CD4+ T activated,test_scRNA,,CD8+ T,test_scATAC
GGCTAGTGTCCTCCAA-1_rna,CD14+ Mono,test_scRNA,,CD14+ Mono,test_scRNA
GGCTCACAGGTGTTAC-1_rna,CD4+ T naive,test_scRNA,,CD4+ T activated,test_scRNA
CGGAGCAAGTCATTAG-1_rna,Normoblast,test_scRNA,,CD4+ T activated,test_scRNA
TTGCGAGTCGTTCACC-1_rna,Naive CD20+ B,test_scRNA,,G/M prog,test_scRNA
AGTACGCGTTAGCAGC-1_rna,Normoblast,test_scRNA,,CD14+ Mono,test_scRNA
ATGACGAAGCATGGTT-1_rna,CD4+ T naive,test_scRNA,,Erythroblast,test_scATAC
TTCACTGTCGCTTCTA-1_rna,CD4+ T activated,test_scRNA,,NK,test_scATAC
CAGCATGTCATGCGTG-1_rna,B1 B,test_scRNA,,Normoblast,test_scRNA
TGATTAGTCAATGTGC-1_rna,CD4+ T activated,test_scRNA,,CD4+ T activated,test_scRNA
AGGTTGCGTTGGTTCT-1_rna,Erythroblast,test_scRNA,,CD4+ T activated,test_scATAC
GTAGGATCAAATTCGT-1_rna,B1 B,test_scRNA,,CD8+ T,test_scRNA
CTCTCACAGGCAGGTG-1_rna,CD8+ T,test_scRNA,,CD4+ T naive,test_scATAC
GGTGTCCAGTTGTCAA-1_rna,Normoblast,test_scRNA,,NK,test_scATAC
CGTAGCGGTGCCTCAC-1_rna,CD14+ Mono,test_scRNA,,CD8+ T,test_scATAC
GCAAACTTCCCGAACA-1_rna,Erythroblast,test_scRNA,,B1 B,test_scRNA
GACCTAAGTTCCGCAC-1_rna,CD4+ T activated,test_scRNA,,CD8+ T,test_scATAC
TTGGATTCATGAGTTT-1_rna,CD4+ T naive,test_scRNA,,ID2-hi myeloid prog,test_scRNA
GTTAAGCTCTTAATGG-1_rna,CD14+ Mono,test_scRNA,,CD8+ T,test_scRNA
AGTTGTCAGGACAACA-1_rna,Normoblast,test_scRNA,,Plasma cell,test_scATAC
AATGGCGCAGGCGAGT-1_rna,CD4+ T naive,test_scRNA,,CD14+ Mono,test_scATAC
TACGGTTAGAATCGCT-1_rna,NK,test_scRNA,,CD8+ T,test_scATAC
GAGGCAAGTTACAAAC-1_rna,CD4+ T activated,test_scRNA,,Erythroblast,test_scATAC
AAGTTAGCAGGTTAAA-1_rna,CD14+ Mono,test_scRNA,,CD8+ T,test_scRNA
AATTGCTCATAATTGC-1_rna,NK,test_scRNA,,CD4+ T naive,test_scRNA
ATCACTAAGCTATTAG-1_rna,Naive CD20+ B,test_scRNA,,CD4+ T naive,test_scRNA
GTGCTGATCTAAGTGC-1_rna,CD8+ T,test_scRNA,,CD14+ Mono,test_scRNA
GTGAATCTCGCTCCAT-1_rna,CD8+ T,test_scRNA,,MK/E prog,test_scRNA
CGAAGCCTCTTTGTAC-1_rna,CD4+ T activated,test_scRNA,,CD4+ T activated,test_scATAC
CGCAATTAGGGACTAA-1_rna,Erythroblast,test_scRNA,,CD4+ T activated,test_scATAC
TGTAATGTCCTTGCGT-1_rna,CD4+ T activated,test_scRNA,,CD4+ T activated,test_scATAC
TTGCAGCCAGCATGTC-1_rna,CD4+ T activated,test_scRNA,,NK,test_scRNA
AATCTCAAGATAACCC-1_rna,CD4+ T naive,test_scRNA,,Normoblast,test_scATAC
TAGCAGGCACAGGAAT-1_rna,CD4+ T naive,test_scRNA,,CD4+ T naive,test_scATAC
TCATACTTCGGTTACG-1_rna,CD4+ T activated,test_scRNA,,NK,test_scATAC
CCCAGTTTCCGTGACA-1_rna,NK,test_scRNA,,CD14+ Mono,test_scRNA
ATTAGCTCATAGCGGA-1_rna,NK,test_scRNA,,CD4+ T activated,test_scATAC
TCCGGTTTCGCAGGCT-1_rna,CD8+ T,test_scRNA,,CD4+ T activated,test_scRNA
TGCTTGTGTGATTACG-1_rna,Erythroblast,test_scRNA,,Naive CD20+ B,test_scRNA
ACCAAGTTCCCATAGG-1_rna,Normoblast,test_scRNA,,Normoblast,test_scATAC
GTACTTCGTTGCTTCG-1_rna,CD4+ T activated,test_scRNA,,CD4+ T activated,test_scRNA
ATTACCCGTGTGTGGT-1_rna,CD8+ T,test_scRNA,,Erythroblast,test_scRNA
TTCAGTTTCAGGATGA-1_rna,CD8+ T,test_scRNA,,CD14+ Mono,test_scATAC
GGTCGGTTCCAAGTTA-1_rna,NK,test_scRNA,,pDC,test_scATAC
ATCATCAAGGACAACA-1_rna,CD4+ T naive,test_scRNA,,Naive CD20+ B,test_scATAC
TGGCTTTGTTAATGAC-1_rna,CD4+ T naive,test_scRNA,,CD8+ T,test_scATAC
CGTCCTAGTGCATTTC-1_rna,CD14+ Mono,test_scRNA,,CD14+ Mono,test_scRNA
CAGGTGGAGCTCCTAC-1_rna,CD8+ T,test_scRNA,,Erythroblast,test_scATAC
AATTGTGTCGAGGAAC-1_rna,CD14+ Mono,test_scRNA,,NK,test_scRNA
GGCAATCGTGCCTCAC-1_rna,B1 B,test_scRNA,,CD14+ Mono,test_scRNA
ATGACTCAGGCGAATA-1_rna,B1 B,test_scRNA,,CD4+ T activated,test_scATAC
ATCAATCCATAGCTGC-1_rna,CD8+ T,test_scRNA,,CD8+ T,test_scATAC
ACTGAATGTTAATGCG-1_rna,CD4+ T activated,test_scRNA,,Normoblast,test_scRNA
TACCTCATCGATCAGT-1_rna,CD4+ T activated,test_scRNA,,CD14+ Mono,test_scATAC
ACTTGCACATTGCAGC-1_rna,NK,test_scRNA,,B1 B,test_scATAC
GGATGAATCATGAGCT-1_rna,Erythroblast,test_scRNA,,Erythroblast,test_scRNA
GGTTCCCGTTCCTCCT-1_rna,Naive CD20+ B,test_scRNA,,CD4+ T naive,test_scATAC
GACTATTCAGGCGATA-1_rna,CD4+ T activated,test_scRNA,,CD14+ Mono,test_scRNA
CTACCTCAGCACTAGT-1_rna,CD8+ T,test_scRNA,,CD4+ T naive,test_scATAC
ACTTAGGGTACTTAGG-1_rna,NK,test_scRNA,,CD4+ T activated,test_scRNA
CCCAAATAGGGTCCAC-1_rna,CD4+ T naive,test_scRNA,,Erythroblast,test_scRNA
ACCTAAATCGTGCTTC-1_rna,Naive CD20+ B,test_scRNA,,Erythroblast,test_scATAC
TTCATTCAGTCACCAG-1_rna,CD8+ T,test_scRNA,,CD4+ T activated,test_scATAC
TGCTTAAAGGCTAAGA-1_rna,CD4+ T activated,test_scRNA,,CD4+ T naive,test_scRNA
AGGTTTGGTTTCCGGC-1_rna,CD8+ T,test_scRNA,,B1 B,test_scATAC
GAGTGATCATTAAGCT-1_rna,CD8+ T,test_scRNA,,CD4+ T activated,test_scRNA
GAGGACTAGGACCTTG-1_rna,CD4+ T naive,test_scRNA,,CD8+ T,test_scATAC
CTTCGCGTCCTAGTTT-1_rna,CD14+ Mono,test_scRNA,,MK/E prog,test_scRNA
TGAACAGAGAGCCGCT-1_rna,CD14+ Mono,test_scRNA,,CD4+ T activated,test_scATAC
ATGCATTCAATTGAAG-1_rna,CD4+ T activated,test_scRNA,,CD4+ T activated,test_scATAC
TGATGATGTCCTAACT-1_rna,Erythroblast,test_scRNA,,CD8+ T,test_scRNA
AAGTGAAGTGAGAAAC-1_rna,CD14+ Mono,test_scRNA,,G/M prog,test_scATAC
CATGAGGCAGCATGTC-1_rna,G/M prog,test_scRNA,,NK,test_scRNA
TAGGTGCGTGTCCAAA-1_rna,ILC,test_scRNA,,Naive CD20+ B,test_scATAC
TTATAGCCAAGCCACT-1_rna,CD4+ T naive,test_scRNA,,Plasma cell,test_scATAC
GCTGCAATCATGCTTT-1_rna,CD4+ T naive,test_scRNA,,CD14+ Mono,test_scATAC
AGTTTGCAGGGCTAAA-1_rna,Normoblast,test_scRNA,,Normoblast,test_scRNA
CCACACAAGCTGGCTA-1_rna,Erythroblast,test_scRNA,,CD4+ T naive,test_scATAC
GGAACCTGTCCGCTGT-1_rna,CD4+ T naive,test_scRNA,,Erythroblast,test_scRNA
CAGGGTGAGTGACCTG-1_rna,NK,test_scRNA,,CD4+ T activated,test_scATAC
CTGTTTAGTTCCGGCT-1_rna,Erythroblast,test_scRNA,,CD8+ T,test_scATAC
CTGGATGTCGACCTGA-1_rna,CD14+ Mono,test_scRNA,,Erythroblast,test_scRNA
GATCGAGCAAGCCACT-1_rna,CD14+ Mono,test_scRNA,,B1 B,test_scRNA
GTTAAACGTCCGGTTC-1_rna,CD8+ T,test_scRNA,,Naive CD20+ B,test_scATAC
CCTCAAACAACAGCCT-1_rna,Naive CD20+ B,test_scRNA,,Erythroblast,test_scATAC
ACGCTTGAGGGACGCA-1_rna,Normoblast,test_scRNA,,CD4+ T naive,test_scRNA
GCTGCACAGCGGATAA-1_rna,B1 B,test_scRNA,,CD4+ T activated,test_scRNA
CAGGACCTCGGTACGC-1_rna,ILC,test_scRNA,,CD4+ T activated,test_scRNA
CGAGGAAGTGGCTTCC-1_rna,CD4+ T activated,test_scRNA,,CD4+ T naive,test_scATAC
CTGTTTAGTTAAGCGC-1_rna,CD14+ Mono,test_scRNA,,B1 B,test_scATAC
ACTTATGAGGGTTAGA-1_rna,CD4+ T activated,test_scRNA,,Erythroblast,test_scATAC
AGTAATCGTAGGTGTC-1_rna,CD4+ T activated,test_scRNA,,B1 B,test_scATAC
GTGAACAAGGCTACAT-1_rna,Erythroblast,test_scRNA,,CD4+ T activated,test_scATAC
GCGCAATGTACCTTAC-1_rna,CD4+ T activated,test_scRNA,,CD8+ T,test_scATAC
AAGACAAGTCAGGCAT-1_rna,CD4+ T activated,test_scRNA,,Normoblast,test_scRNA
AGTTGCAGTCATGCAA-1_rna,Erythroblast,test_scRNA,,Erythroblast,test_scRNA
CATCCTCAGCTTAACA-1_rna,Naive CD20+ B,test_scRNA,,Normoblast,test_scATAC
ATTTAGGTCAGGTTTA-1_rna,Erythroblast,test_scRNA,,Normoblast,test_scRNA
ATGATGGAGCCGCTAA-1_rna,CD4+ T activated,test_scRNA,,CD8+ T,test_scRNA
CTCGCTCCAGGATTAA-1_rna,CD4+ T activated,test_scRNA,,NK,test_scRNA
TTAGCAGGTCCCGAAG-1_rna,CD14+ Mono,test_scRNA,,CD4+ T naive,test_scRNA
TTTAACGAGGAACACA-1_rna,CD4+ T naive,test_scRNA,,CD8+ T,test_scATAC
GGAATCTTCACATTGA-1_rna,Erythroblast,test_scRNA,,CD14+ Mono,test_scATAC
AACATAGCACAGAAAC-1_rna,CD8+ T,test_scRNA,,CD14+ Mono,test_scATAC
TTAGGCTAGCTTATGA-1_rna,Normoblast,test_scRNA,,NK,test_scRNA
GCGCTTAAGTTGTCTT-1_rna,Erythroblast,test_scRNA,,CD4+ T activated,test_scATAC
ATTTAGCCACCCACCT-1_rna,CD8+ T,test_scRNA,,Normoblast,test_scRNA
TTACGTTTCAGCACGC-1_rna,NK,test_scRNA,,CD14+ Mono,test_scATAC
TGTATCCGTTAACGGC-1_rna,CD4+ T activated,test_scRNA,,CD14+ Mono,test_scRNA
GTTGCCCGTTGGTGAC-1_rna,CD4+ T naive,test_scRNA,,Naive CD20+ B,test_scRNA
AGATGAAGTCATAAGT-1_rna,NK,test_scRNA,,CD8+ T,test_scATAC
CGGTGAGAGGTTAGCT-1_rna,ILC,test_scRNA,,ILC,test_scRNA
ATGAATGCACCATATG-1_rna,CD4+ T naive,test_scRNA,,CD14+ Mono,test_scATAC
CTTACTAGTTAGCAGC-1_rna,CD8+ T,test_scRNA,,CD4+ T naive,test_scRNA
CTAATCTTCCTCATCA-1_rna,CD4+ T naive,test_scRNA,,CD4+ T naive,test_scRNA
GAGCCTTCAAACATAG-1_rna,CD14+ Mono,test_scRNA,,NK,test_scRNA
GGGCATTGTGAGACTC-1_rna,CD14+ Mono,test_scRNA,,Erythroblast,test_scRNA
CAGAATCTCTTGCTAT-1_rna,CD4+ T activated,test_scRNA,,CD4+ T activated,test_scATAC
ACTATGTCACGGTTTA-1_rna,CD14+ Mono,test_scRNA,,NK,test_scRNA
CTACAACAGGCGCATC-1_rna,CD4+ T activated,test_scRNA,,CD14+ Mono,test_scATAC
GCATGAGCACACAATT-1_rna,CD14+ Mono,test_scRNA,,Naive CD20+ B,test_scRNA
GTACACCCACTCGCTC-1_rna,Normoblast,test_scRNA,,NK,test_scATAC
GCGGAACCAGGCTACT-1_rna,Naive CD20+ B,test_scRNA,,NK,test_scATAC
CTTGCGCGTCATAAGT-1_rna,CD14+ Mono,test_scRNA,,CD4+ T activated,test_scRNA
GTGATCAGTAGCTAAT-1_rna,CD4+ T naive,test_scRNA,,CD8+ T,test_scRNA
CAAAGCGCAAGGTCGA-1_rna,Erythroblast,test_scRNA,,CD8+ T,test_scRNA
AGGTACGCACCATATG-1_rna,CD4+ T activated,test_scRNA,,CD4+ T activated,test_scATAC
GTTTCCTCAAACCTAT-1_rna,Naive CD20+ B,test_scRNA,,Erythroblast,test_scRNA
GTTAATGTCCCTCAAC-1_rna,NK,test_scRNA,,ID2-hi myeloid prog,test_scATAC
TATGGTCAGAAGGTGC-1_rna,Normoblast,test_scRNA,,CD8+ T,test_scATAC
CGTTTCTCACAAGCCT-1_rna,CD14+ Mono,test_scRNA,,cDC2,test_scRNA
CCTCAGTTCTTTGAGA-1_rna,CD8+ T,test_scRNA,,Erythroblast,test_scRNA
ACGCCACAGTCATTAG-1_rna,Normoblast,test_scRNA,,NK,test_scRNA
TTAGCAGGTATTGTCC-1_rna,Naive CD20+ B,test_scRNA,,B1 B,test_scRNA
TGCATTAAGGCATTAC-1_rna,CD14+ Mono,test_scRNA,,CD14+ Mono,test_scATAC
CTAACCACAACCCTAA-1_rna,Erythroblast,test_scRNA,,CD14+ Mono,test_scATAC
ACTAAAGCAGTTAAAG-1_rna,CD8+ T,test_scRNA,,ID2-hi myeloid prog,test_scATAC
CTAATCCGTCAAGTGC-1_rna,Erythroblast,test_scRNA,,CD4+ T activated,test_scRNA
GGCGGTTTCAGTATTG-1_rna,CD8+ T,test_scRNA,,CD14+ Mono,test_scRNA
TATAACCCATATTGAC-1_rna,NK,test_scRNA,,CD4+ T naive,test_scRNA
AGGTTGCGTTATCGAG-1_rna,CD14+ Mono,test_scRNA,,Erythroblast,test_scRNA
CTGGTTACAGTTTACG-1_rna,CD14+ Mono,test_scRNA,,CD4+ T naive,test_scATAC
GTAGGAGGTTTATGGG-1_rna,CD4+ T naive,test_scRNA,,CD4+ T activated,test_scRNA
CACATACAGGCAATAG-1_rna,CD4+ T activated,test_scRNA,,Naive CD20+ B,test_scRNA
GCTTTACGTTTAGCGA-1_rna,CD4+ T naive,test_scRNA,,Erythroblast,test_scRNA
AATGTCATCATCCTAT-1_rna,CD4+ T naive,test_scRNA,,ILC,test_scRNA
ACTAAAGCATCAATCG-1_rna,Erythroblast,test_scRNA,,CD4+ T naive,test_scRNA
GCCTGTGCATTGTGGC-1_rna,Normoblast,test_scRNA,,NK,test_scATAC
CGGTTCCGTCTTTGAC-1_rna,ILC,test_scRNA,,NK,test_scATAC
TATTAGCCATTGTGAT-1_rna,CD14+ Mono,test_scRNA,,pDC,test_scRNA
ATTGCTCGTTGCAGTA-1_rna,G/M prog,test_scRNA,,Erythroblast,test_scATAC
ATTAGTCCACCCACCT-1_rna,CD4+ T activated,test_scRNA,,CD4+ T activated,test_scRNA
TAGGTGCGTCCTTCAG-1_rna,CD4+ T naive,test_scRNA,,Erythroblast,test_scRNA
AAGAATCAGTAACCAC-1_rna,CD8+ T,test_scRNA,,HSC,test_scATAC
GCCAGGTTCCTTGCGT-1_rna,Normoblast,test_scRNA,,CD4+ T activated,test_scRNA
GCTAGCCAGGTGAAGC-1_rna,CD8+ T,test_scRNA,,Normoblast,test_scATAC
CTCTATGTCCCGCCTA-1_rna,Erythroblast,test_scRNA,,pDC,test_scATAC
TCCGGTTTCCTGATTT-1_rna,CD8+ T,test_scRNA,,CD4+ T activated,test_scRNA
GCATCCTTCAGAAACG-1_rna,CD4+ T naive,test_scRNA,,NK,test_scATAC
TATAGCCAGGCACAGG-1_rna,Naive CD20+ B,test_scRNA,,CD8+ T,test_scATAC
GCTGCACAGAACAAGT-1_rna,CD4+ T activated,test_scRNA,,CD4+ T activated,test_scRNA
CGGTTTGAGCTCAAAC-1_rna,Erythroblast,test_scRNA,,CD4+ T activated,test_scATAC
GCCCTCATCATGCTTT-1_rna,CD14+ Mono,test_scRNA,,B1 B,test_scRNA
ATGATGACAAGGTCCT-1_rna,CD4+ T activated,test_scRNA,,pDC,test_scATAC
CGTAACCCAAGGTACG-1_rna,CD14+ Mono,test_scRNA,,CD14+ Mono,test_scATAC
CATCCTCAGTAAAGGT-1_rna,CD4+ T activated,test_scRNA,,ID2-hi myeloid prog,test_scATAC
CATGGATTCTTTGTAC-1_rna,NK,test_scRNA,,CD14+ Mono,test_scATAC
CCTATATTCCAAGTGT-1_rna,Normoblast,test_scRNA,,CD14+ Mono,test_scATAC
CCGTTTGGTGGTGAGA-1_rna,CD4+ T activated,test_scRNA,,CD4+ T activated,test_scRNA
GTATTGTCACACTAAT-1_rna,CD4+ T activated,test_scRNA,,CD4+ T activated,test_scATAC
TATGACTCACAATTAC-1_rna,Erythroblast,test_scRNA,,CD4+ T naive,test_scATAC
CCCAGTTTCGAGGAAC-1_rna,CD14+ Mono,test_scRNA,,CD14+ Mono,test_scATAC
CTAGATTCAGTTAGCC-1_rna,G/M prog,test_scRNA,,CD14+ Mono,test_scATAC
TGTTGTGCAAGTGTCC-1_rna,NK,test_scRNA,,ILC,test_scRNA
AGCAAATAGTTAGGCT-1_rna,NK,test_scRNA,,CD8+ T,test_scRNA
CAAACTGGTGGAAGGC-1_rna,CD8+ T,test_scRNA,,CD14+ Mono,test_scRNA
ACTAAAGCAACAGCCT-1_rna,CD14+ Mono,test_scRNA,,NK,test_scRNA
CTGGATGTCCCTCAAC-1_rna,Erythroblast,test_scRNA,,CD8+ T,test_scATAC
CTATTCAGTTGCACAA-1_rna,CD8+ T,test_scRNA,,Normoblast,test_scATAC
GCTCTGGCACATACTG-1_rna,Naive CD20+ B,test_scRNA,,CD14+ Mono,test_scRNA
GTATTGTCAGTAAGTA-1_rna,Normoblast,test_scRNA,,Naive CD20+ B,test_scATAC
TGTGCTGAGGGTTATC-1_rna,CD8+ T,test_scRNA,,CD4+ T naive,test_scATAC
ACCTCACTCTTACTCG-1_rna,CD4+ T naive,test_scRNA,,Naive CD20+ B,test_scRNA
GGGAGTAGTTGGATCA-1_rna,Normoblast,test_scRNA,,CD4+ T activated,test_scATAC
AGCCGCTAGGCAATAG-1_rna,Naive CD20+ B,test_scRNA,,CD14+ Mono,test_scATAC
CGTACGGGTGTCCAAA-1_rna,CD8+ T,test_scRNA,,CD4+ T naive,test_scATAC
CCATCACTCCCGCAAA-1_rna,Normoblast,test_scRNA,,Erythroblast,test_scRNA
GACGCAACAAGTGTTT-1_rna,CD8+ T,test_scRNA,,Erythroblast,test_scATAC
CGCTGTGCATTAAGTC-1_rna,Erythroblast,test_scRNA,,CD4+ T naive,test_scRNA
TGTTGTGCAATCCCTT-1_rna,CD8+ T,test_scRNA,,Erythroblast,test_scRNA
CGGTTGGGTGAACAAA-1_rna,Erythroblast,test_scRNA,,NK,test_scATAC
GCGGTTATCACTAAGC-1_rna,CD4+ T naive,test_scRNA,,CD8+ T,test_scRNA
TATGGATGTGTCCTGC-1_rna,CD8+ T,test_scRNA,,B1 B,test_scATAC
CCTAAGGTCACGCGGT-1_rna,CD8+ T,test_scRNA,,CD8+ T,test_scRNA
GAAGGATGTAGGATTT-1_rna,ILC,test_scRNA,,CD4+ T activated,test_scRNA
GAAGGCTAGGACAATG-1_rna,CD4+ T activated,test_scRNA,,Normoblast,test_scRNA
GCCTGCTGTGAAACAA-1_rna,NK,test_scRNA,,Normoblast,test_scATAC
TGCTCACTCTTGAGGT-1_rna,NK,test_scRNA,,CD4+ T naive,test_scATAC
GTTGGAGCAAGCGATG-1_rna,Erythroblast,test_scRNA,,Erythroblast,test_scATAC
TATGGATGTTTGCTGT-1_rna,CD14+ Mono,test_scRNA,,CD14+ Mono,test_scRNA
TAATCCGCAAAGCTCC-1_rna,CD4+ T activated,test_scRNA,,CD4+ T naive,test_scATAC
GCCAACATCCCGCAAA-1_rna,B1 B,test_scRNA,,CD14+ Mono,test_scATAC
TGTCAATCATCCTGAA-1_rna,Naive CD20+ B,test_scRNA,,CD14+ Mono,test_scRNA
AGTGCACGTAGCTGCG-1_rna,NK,test_scRNA,,CD14+ Mono,test_scRNA
TTTGTGGCAACCCTCC-1_rna,CD8+ T,test_scRNA,,CD4+ T naive,test_scATAC
TTGGAGGCACTATGGC-1_rna,CD8+ T,test_scRNA,,Erythroblast,test_scRNA
CAACAATGTCAAGTGC-1_rna,Naive CD20+ B,test_scRNA,,CD14+ Mono,test_scATAC
GGCGGTTTCTTGCAGG-1_rna,CD14+ Mono,test_scRNA,,Plasma cell,test_scRNA
TTTAGGATCCCTGATC-1_rna,CD4+ T activated,test_scRNA,,NK,test_scATAC
AATCGCCCAAATACCT-1_rna,CD14+ Mono,test_scRNA,,Normoblast,test_scATAC
GCCTCGACAGTTGCGT-1_rna,Erythroblast,test_scRNA,,CD8+ T,test_scRNA
CGCTGTGCAATGAAGC-1_rna,NK,test_scRNA,,NK,test_scATAC
GTCAAACTCTACCTGC-1_rna,Naive CD20+ B,test_scRNA,,B1 B,test_scATAC
ACACTTGCATGACTAT-1_rna,CD14+ Mono,test_scRNA,,Normoblast,test_scRNA
GTCATTAAGCGGCTGT-1_rna,Erythroblast,test_scRNA,,Erythroblast,test_scATAC
CGCACACAGCCGCAGT-1_rna,Erythroblast,test_scRNA,,CD8+ T,test_scRNA
TCGTTAGCACTAGCGT-1_rna,B1 B,test_scRNA,,CD4+ T naive,test_scATAC
CCCAAACCAGTATGTT-1_rna,CD4+ T naive,test_scRNA,,CD14+ Mono,test_scRNA
GCCAGGAAGGCTGTCA-1_rna,CD14+ Mono,test_scRNA,,CD4+ T activated,test_scATAC
GCTTTCATCCGCCAAA-1_rna,Normoblast,test_scRNA,,CD4+ T activated,test_scATAC
GAGTTACTCTAATCTC-1_rna,CD4+ T naive,test_scRNA,,CD8+ T,test_scATAC
AACATCATCTACCTCA-1_rna,CD14+ Mono,test_scRNA,,CD14+ Mono,test_scRNA
CGTGAGGAGGGTGGAT-1_rna,CD14+ Mono,test_scRNA,,Normoblast,test_scATAC
GAAGCTAAGTCAATTG-1_rna,CD14+ Mono,test_scRNA,,G/M prog,test_scRNA
GCTGACATCGGTCAGC-1_rna,G/M prog,test_scRNA,,Erythroblast,test_scRNA
GTGTCCAAGAGAGCCG-1_rna,CD8+ T,test_scRNA,,NK,test_scATAC
CCATTATTCTGGCAAT-1_rna,CD14+ Mono,test_scRNA,,CD4+ T naive,test_scRNA
AGTCAGGCAAACGGGC-1_rna,CD14+ Mono,test_scRNA,,CD4+ T activated,test_scRNA
GTGCATTAGTATCGCG-1_rna,Erythroblast,test_scRNA,,CD4+ T activated,test_scRNA
TTAAGTGTCTGGTCCT-1_rna,CD14+ Mono,test_scRNA,,CD14+ Mono,test_scATAC
GCTGCAATCTCCATGC-1_rna,Erythroblast,test_scRNA,,Transitional B,test_scRNA
ACTCACCTCATTACAG-1_rna,Naive CD20+ B,test_scRNA,,CD4+ T naive,test_scRNA
TGTTAGCAGGGTCCAC-1_rna,NK,test_scRNA,,Transitional B,test_scRNA
GGCCTTCGTTAAGTGT-1_rna,CD14+ Mono,test_scRNA,,Plasma cell,test_scRNA
ATGATGGAGTTTGCGG-1_rna,CD4+ T activated,test_scRNA,,CD14+ Mono,test_scATAC
TGTATCGCATAATGTC-1_rna,Erythroblast,test_scRNA,,CD4+ T naive,test_scRNA
TCCATTGTCCGGTATG-1_rna,CD4+ T activated,test_scRNA,,Erythroblast,test_scRNA
CGTTGCGCACTAAGCC-1_rna,NK,test_scRNA,,Plasma cell,test_scATAC
GAAGTCAAGCTGTCAG-1_rna,Erythroblast,test_scRNA,,CD8+ T,test_scATAC
TGGGCATGTTCGCTCA-1_rna,CD14+ Mono,test_scRNA,,CD8+ T,test_scRNA
TCTAATCTCTTAGCGG-1_rna,CD8+ T,test_scRNA,,CD4+ T activated,test_scATAC
TGAGGCACAGCCTGCA-1_rna,CD14+ Mono,test_scRNA,,CD8+ T,test_scATAC
GGCGTTATCGAGGAGT-1_rna,Erythroblast,test_scRNA,,CD14+ Mono,test_scRNA
GATTGCGTCGGGCCAT-1_rna,NK,test_scRNA,,CD8+ T,test_scATAC
TTAACCAAGGCTTAAC-1_rna,CD4+ T activated,test_scRNA,,CD4+ T activated,test_scATAC
CCAATATCATTGTGCA-1_rna,NK,test_scRNA,,Erythroblast,test_scRNA
ACAGCCGGTACTGAAT-1_rna,Erythroblast,test_scRNA,,Naive CD20+ B,test_scATAC
GTAAAGCCATAGCGGA-1_rna,Naive CD20+ B,test_scRNA,,Naive CD20+ B,test_scRNA
GGCAATCGTCCACAAA-1_rna,Erythroblast,test_scRNA,,CD4+ T activated,test_scRNA
TCTGTGACATAATCAC-1_rna,CD8+ T,test_scRNA,,NK,test_scATAC
GCTGTGCAGCTAAGTC-1_rna,Normoblast,test_scRNA,,Proerythroblast,test_scATAC
TGATGATGTTCGCGCT-1_rna,CD4+ T naive,test_scRNA,,Transitional B,test_scRNA
GCCCGTTGTAATAACC-1_rna,Erythroblast,test_scRNA,,CD8+ T,test_scRNA
AGGGCTACAATTAACC-1_rna,CD4+ T activated,test_scRNA,,NK,test_scATAC
CCCTGTTAGTAAGTGG-1_rna,ILC,test_scRNA,,Erythroblast,test_scRNA
GTGCGCAGTTCGCGCT-1_rna,CD4+ T naive,test_scRNA,,CD8+ T,test_scATAC
TTGTGCGAGTTATGGC-1_rna,Naive CD20+ B,test_scRNA,,NK,test_scRNA
CTGGTTACAGTACCGT-1_rna,B1 B,test_scRNA,,Erythroblast,test_scRNA
AGTTTGATCCCGAAGC-1_rna,CD4+ T naive,test_scRNA,,CD14+ Mono,test_scRNA
CGCTTACTCAATACGC-1_rna,CD4+ T naive,test_scRNA,,CD4+ T activated,test_scATAC
CCCTAATGTCAGTAAT-1_rna,CD4+ T activated,test_scRNA,,CD8+ T,test_scATAC
GATGCAGCAATATGGA-1_rna,CD4+ T activated,test_scRNA,,CD14+ Mono,test_scRNA
GGTATGTTCGTTAAGC-1_rna,CD4+ T activated,test_scRNA,,CD8+ T,test_scATAC
GCCCTCATCAATAGCC-1_rna,NK,test_scRNA,,B1 B,test_scRNA
CTTGTCCAGCATCCAG-1_rna,CD4+ T naive,test_scRNA,,CD4+ T naive,test_scATAC
CGTAGCGGTGGAAACG-1_rna,NK,test_scRNA,,Plasma cell,test_scRNA
ATCCTCATCGCAGGCT-1_rna,CD4+ T activated,test_scRNA,,CD14+ Mono,test_scATAC
AATCATGTCAACAAGG-1_rna,CD14+ Mono,test_scRNA,,CD8+ T,test_scATAC
TAGCTAGGTAAAGCGG-1_rna,Erythroblast,test_scRNA,,Naive CD20+ B,test_scATAC
CCAAGGCTCGCTTGCT-1_rna,CD4+ T naive,test_scRNA,,Lymph prog,test_scRNA
CCTAAGCCAATCCCTT-1_rna,CD4+ T activated,test_scRNA,,CD4+ T naive,test_scATAC
TCGTCAACAAAGCCTC-1_rna,Erythroblast,test_scRNA,,Erythroblast,test_scATAC
ATCAATCCAGCATGTC-1_rna,Erythroblast,test_scRNA,,CD4+ T activated,test_scATAC
CATCCTGGTAGCCTAA-1_rna,CD4+ T activated,test_scRNA,,NK,test_scRNA
CCCAATTGTGTGTGGT-1_rna,NK,test_scRNA,,CD4+ T naive,test_scRNA
AAACCGAAGCGGATAA-1_rna,CD4+ T naive,test_scRNA,,Normoblast,test_scATAC
TATGGGCGTATACTGG-1_rna,CD8+ T,test_scRNA,,CD14+ Mono,test_scRNA
TATTAGGTCAAGTGAG-1_rna,Normoblast,test_scRNA,,CD14+ Mono,test_scATAC
TTATGCGCAGGGAGGA-1_rna,CD8+ T,test_scRNA,,CD4+ T activated,test_scRNA
TATCGAGGTGTCCAAA-1_rna,NK,test_scRNA,,Erythroblast,test_scRNA
GCCAATAGTCGTAATG-1_rna,Erythroblast,test_scRNA,,G/M prog,test_scRNA
GGTTCCCGTTGCGGAT-1_rna,CD8+ T,test_scRNA,,Lymph prog,test_scRNA
GGTCTTGAGCTGTACG-1_rna,CD8+ T,test_scRNA,,Erythroblast,test_scRNA
TCAGTGAGTAATTAGC-1_rna,CD4+ T naive,test_scRNA,,CD4+ T naive,test_scATAC
AGTTACTCACCCTCAC-1_rna,CD14+ Mono,test_scRNA,,Erythroblast,test_scATAC
AAACCGGCATTGGGAG-1_rna,Erythroblast,test_scRNA,,CD14+ Mono,test_scRNA
CAGTACCCATAAGTTC-1_rna,Erythroblast,test_scRNA,,CD4+ T activated,test_scRNA
AGTTATGTCATGCTTT-1_rna,B1 B,test_scRNA,,NK,test_scATAC
CAAACATGTCCTAAGA-1_rna,Normoblast,test_scRNA,,Transitional B,test_scATAC
AGTGAACCATAAGTTC-1_rna,B1 B,test_scRNA,,NK,test_scRNA
CCATAAATCTTGTCCA-1_rna,CD4+ T naive,test_scRNA,,NK,test_scRNA
ACATAGCTCCGTAAAC-1_rna,Naive CD20+ B,test_scRNA,,NK,test_scRNA
GGAGTCTGTAGGTGTC-1_rna,CD8+ T,test_scRNA,,CD4+ T activated,test_scRNA
GGTATGTTCGATTCTT-1_rna,Normoblast,test_scRNA,,pDC,test_scRNA
TGCAATATCCGTAAAC-1_rna,CD14+ Mono,test_scRNA,,ID2-hi myeloid prog,test_scATAC
ATGTCAATCTTAGCGG-1_rna,CD8+ T,test_scRNA,,CD4+ T activated,test_scATAC
AAGACCAAGCAAGATG-1_rna,NK,test_scRNA,,CD14+ Mono,test_scATAC
TCAGGTTAGGGACGCA-1_rna,CD4+ T naive,test_scRNA,,CD8+ T,test_scRNA
AGCTTCCTCCAATTAG-1_rna,ILC,test_scRNA,,CD14+ Mono,test_scATAC
TTAGGCCCAGTTTGGC-1_rna,CD4+ T naive,test_scRNA,,CD8+ T,test_scRNA
ACATCAATCCCGCCTA-1_rna,CD4+ T naive,test_scRNA,,CD4+ T activated,test_scATAC
GCAGGACCAGGCTGTT-1_rna,Normoblast,test_scRNA,,Erythroblast,test_scATAC
TCTCGCCCATGGCCCA-1_rna,CD8+ T,test_scRNA,,CD4+ T activated,test_scRNA
GGGCGAATCTCAATGA-1_rna,Erythroblast,test_scRNA,,CD4+ T naive,test_scATAC
AATTGACGTCATAACG-1_rna,Erythroblast,test_scRNA,,CD14+ Mono,test_scATAC
CCTCAAACACGTAAGG-1_rna,CD4+ T activated,test_scRNA,,CD14+ Mono,test_scATAC
AGGTTTGGTTGCCTCA-1_rna,CD8+ T,test_scRNA,,Naive CD20+ B,test_scRNA
AGGACGTAGAATCTCA-1_rna,Erythroblast,test_scRNA,,NK,test_scRNA
GAGCGGTCAAGGTGCA-1_rna,CD14+ Mono,test_scRNA,,NK,test_scRNA
GAAGGCCCATTCCTCG-1_rna,NK,test_scRNA,,CD8+ T,test_scRNA
ACGCCTAAGCGATAGA-1_rna,CD8+ T,test_scRNA,,Erythroblast,test_scRNA
CCATCATGTGATTACG-1_rna,CD4+ T naive,test_scRNA,,CD4+ T naive,test_scRNA
AAAGGTTAGTTTAACG-1_rna,CD14+ Mono,test_scRNA,,CD8+ T,test_scRNA
CATCCTGGTTTAACGG-1_rna,Normoblast,test_scRNA,,CD4+ T activated,test_scRNA
GATTCAGGTACGCGCA-1_rna,CD14+ Mono,test_scRNA,,MK/E prog,test_scRNA
CAGATTCAGTTAGCCG-1_rna,CD14+ Mono,test_scRNA,,NK,test_scRNA
TTCAGCACATAATGTC-1_rna,NK,test_scRNA,,Naive CD20+ B,test_scATAC
GCTTTCATCCATTACT-1_rna,CD4+ T naive,test_scRNA,,B1 B,test_scATAC
GGTGAGTAGACAGGCG-1_rna,CD4+ T activated,test_scRNA,,CD4+ T naive,test_scATAC
GTACTTCGTAAGTCGC-1_rna,Naive CD20+ B,test_scRNA,,CD14+ Mono,test_scRNA
AAATGGCCAAGACTCC-1_rna,NK,test_scRNA,,CD16+ Mono,test_scATAC
GGCTATTAGCTTAGCG-1_rna,Naive CD20+ B,test_scRNA,,CD4+ T naive,test_scRNA
TGGTGCATCAAAGGCA-1_rna,CD14+ Mono,test_scRNA,,Erythroblast,test_scATAC
AGTTGGCGTACTTAGG-1_rna,NK,test_scRNA,,Normoblast,test_scRNA
AGCATTTCATAGCGGA-1_rna,CD14+ Mono,test_scRNA,,Proerythroblast,test_scATAC
ACAAACTGTAAGCTTG-1_rna,CD14+ Mono,test_scRNA,,NK,test_scRNA
CTATTGAAGCTGTACG-1_rna,Naive CD20+ B,test_scRNA,,pDC,test_scATAC
CCCAATTGTAAGGTCC-1_rna,Erythroblast,test_scRNA,,CD14+ Mono,test_scRNA
ACAGCCGGTCATAAGT-1_rna,B1 B,test_scRNA,,Plasma cell,test_scRNA
CCTGTAACAGTTTGGC-1_rna,CD14+ Mono,test_scRNA,,Erythroblast,test_scATAC
TAATGGACAGGTTATT-1_rna,CD4+ T naive,test_scRNA,,CD8+ T,test_scRNA
ATCAAGACAAGTCGCT-1_rna,CD14+ Mono,test_scRNA,,CD8+ T,test_scATAC
GATGCGACAGTACCGT-1_rna,B1 B,test_scRNA,,CD8+ T,test_scRNA
ACCACATAGTACCGCA-1_rna,NK,test_scRNA,,Erythroblast,test_scRNA
GTCCTCAGTTGGCGTG-1_rna,CD8+ T,test_scRNA,,MK/E prog,test_scATAC
AACATTGTCGCTAAGT-1_rna,Erythroblast,test_scRNA,,Naive CD20+ B,test_scRNA
TCCGGTAAGCCAGTAT-1_rna,CD4+ T activated,test_scRNA,,NK,test_scATAC
CTACAACAGCTCAATA-1_rna,CD14+ Mono,test_scRNA,,CD8+ T,test_scATAC
ACGTCCAAGGCCGGAA-1_rna,NK,test_scRNA,,CD14+ Mono,test_scRNA
GCATGAGCAGGATGGC-1_rna,CD8+ T,test_scRNA,,CD8+ T,test_scRNA
GGCATGGAGCTAATCA-1_rna,ILC,test_scRNA,,CD16+ Mono,test_scRNA
CGAAGTAAGGGACCTC-1_rna,Erythroblast,test_scRNA,,Naive CD20+ B,test_scRNA
TTGCTTTAGGTGCGGA-1_rna,CD4+ T naive,test_scRNA,,Normoblast,test_scRNA
GCCTCGACACCTGCCT-1_rna,CD14+ Mono,test_scRNA,,NK,test_scATAC
ATCCACCTCGCTTGCT-1_rna,CD4+ T activated,test_scRNA,,CD4+ T naive,test_scRNA
GTGGACACAATCATGT-1_rna,Naive CD20+ B,test_scRNA,,CD4+ T activated,test_scRNA
AATCGCCCACCTGTAA-1_rna,CD4+ T activated,test_scRNA,,CD14+ Mono,test_scRNA
TTGGCGGGTTGCAATG-1_rna,CD4+ T activated,test_scRNA,,CD14+ Mono,test_scATAC
AGTTGCGTCATTACTC-1_rna,CD4+ T activated,test_scRNA,,CD16+ Mono,test_scATAC
CAGGACACAATTAGGA-1_rna,CD8+ T,test_scRNA,,CD14+ Mono,test_scATAC
TTGTCAAAGAAAGCAT-1_rna,NK,test_scRNA,,CD4+ T naive,test_scRNA
GTCATGAGTTGCGGAT-1_rna,Erythroblast,test_scRNA,,Erythroblast,test_scRNA
CAGCCAATCCTTAATC-1_rna,Naive CD20+ B,test_scRNA,,NK,test_scATAC
GTGCTTCTCCAGGTCA-1_rna,CD4+ T activated,test_scRNA,,G/M prog,test_scATAC
CGGCAATGTAAAGCGG-1_rna,CD4+ T activated,test_scRNA,,CD8+ T,test_scATAC
GCTTGTTGTGACATAT-1_rna,Naive CD20+ B,test_scRNA,,Proerythroblast,test_scATAC
CGAAATGAGTAGCGGG-1_rna,CD8+ T,test_scRNA,,CD8+ T,test_scATAC
GCACTTACATGTTGTG-1_rna,NK,test_scRNA,,Erythroblast,test_scRNA
TCAAGCTAGTGGCGGA-1_rna,Erythroblast,test_scRNA,,CD4+ T activated,test_scATAC
ACGACAAAGTTATCCT-1_rna,CD4+ T activated,test_scRNA,,CD14+ Mono,test_scATAC
GAGGCCTTCGCAAACT-1_rna,CD4+ T activated,test_scRNA,,CD14+ Mono,test_scATAC
ACCTTGTGTGATCAGC-1_rna,Normoblast,test_scRNA,,CD14+ Mono,test_scRNA
CATTATCTCAGTGAAG-1_rna,CD4+ T activated,test_scRNA,,G/M prog,test_scRNA
TTAGGCCCACTGACTA-1_rna,NK,test_scRNA,,B1 B,test_scATAC
CTTGTTTAGGACCTGC-1_rna,Naive CD20+ B,test_scRNA,,B1 B,test_scRNA
GAACCTTAGTAACGAG-1_rna,NK,test_scRNA,,Erythroblast,test_scATAC
CAAGGCTGTTGTGATG-1_rna,CD14+ Mono,test_scRNA,,CD4+ T activated,test_scRNA
TCTGGCTTCGTTAAGC-1_rna,NK,test_scRNA,,CD4+ T naive,test_scRNA
GCAAACTTCTGTTCAT-1_rna,NK,test_scRNA,,CD4+ T activated,test_scATAC
CTTGAACAGCTATTAG-1_rna,CD4+ T activated,test_scRNA,,CD4+ T activated,test_scRNA
ACCAGGCTCGTTTCGC-1_rna,Naive CD20+ B,test_scRNA,,MK/E prog,test_scRNA
ATGATGACATGAGCAG-1_rna,B1 B,test_scRNA,,NK,test_scRNA
CTTGTTCCAACTGGGA-1_rna,G/M prog,test_scRNA,,NK,test_scRNA
GATTGGCGTTGTTCAC-1_rna,CD4+ T naive,test_scRNA,,CD14+ Mono,test_scRNA
AACTACTCAAGCTTAT-1_rna,Erythroblast,test_scRNA,,Erythroblast,test_scATAC
TCCATCATCATGCTCC-1_rna,CD4+ T activated,test_scRNA,,Naive CD20+ B,test_scRNA
TCCTGTTCAAATATCC-1_rna,CD14+ Mono,test_scRNA,,CD14+ Mono,test_scATAC
CCTTGCGTCATGCCTC-1_rna,CD4+ T naive,test_scRNA,,CD4+ T activated,test_scATAC
AGTGAACCATTCCTGT-1_rna,Erythroblast,test_scRNA,,Erythroblast,test_scATAC
ATTGACTCACCTGCTC-1_rna,CD4+ T activated,test_scRNA,,CD4+ T activated,test_scATAC
CCTTAGTGTGATGAGG-1_rna,CD8+ T,test_scRNA,,CD4+ T activated,test_scRNA
CTCGCTCCATGCTTAG-1_rna,CD8+ T,test_scRNA,,CD4+ T activated,test_scRNA
ACTATGTCAGGCAAGC-1_rna,B1 B,test_scRNA,,CD14+ Mono,test_scATAC
GAACCAGCATGAATCT-1_rna,Naive CD20+ B,test_scRNA,,CD14+ Mono,test_scATAC
ATGGTGCGTAGTAAGA-1_rna,CD4+ T activated,test_scRNA,,Erythroblast,test_scRNA
AAGCAAGTCAAGCTTA-1_rna,CD8+ T,test_scRNA,,CD14+ Mono,test_scATAC
ACCCAACCAGCAACAG-1_rna,Naive CD20+ B,test_scRNA,,Erythroblast,test_scATAC
GTGCGGTTCATAGACC-1_rna,CD14+ Mono,test_scRNA,,CD8+ T,test_scRNA
CCGCAAGGTGACATGC-1_rna,NK,test_scRNA,,NK,test_scATAC
GCTTAACAGGTGCTGC-1_rna,G/M prog,test_scRNA,,CD4+ T activated,test_scATAC
CTAAGTCAGGAGGTTA-1_rna,G/M prog,test_scRNA,,Naive CD20+ B,test_scATAC
GTGGATGCATAGGCGA-1_rna,Erythroblast,test_scRNA,,CD8+ T,test_scATAC
TGATGAACAGTAATAG-1_rna,Erythroblast,test_scRNA,,CD4+ T activated,test_scATAC
TAGCCGGGTTTGACCT-1_rna,Erythroblast,test_scRNA,,CD4+ T activated,test_scRNA
CTTTATGGTCACGAAC-1_rna,CD14+ Mono,test_scRNA,,CD4+ T naive,test_scATAC
GGGAATATCCTCAGCT-1_rna,Naive CD20+ B,test_scRNA,,ILC,test_scATAC
CCACAATAGTATCGCG-1_rna,CD14+ Mono,test_scRNA,,NK,test_scATAC
TCGCATTGTTCGGTAA-1_rna,CD4+ T activated,test_scRNA,,NK,test_scRNA
GCTAAGTTCGATTATG-1_rna,Naive CD20+ B,test_scRNA,,Erythroblast,test_scRNA
CCCTCACCAGTCTAGC-1_rna,Normoblast,test_scRNA,,CD4+ T activated,test_scRNA
CACATTAAGCCTCTGT-1_rna,NK,test_scRNA,,pDC,test_scRNA
GGTACCGGTACCAGGT-1_rna,CD4+ T activated,test_scRNA,,NK,test_scATAC
CCGCACACATGTCAGC-1_rna,NK,test_scRNA,,Transitional B,test_scATAC
GATGACTTCCAGGTCA-1_rna,Erythroblast,test_scRNA,,G/M prog,test_scATAC
ACCTGTTGTTCACCAT-1_rna,CD8+ T,test_scRNA,,CD14+ Mono,test_scATAC
AGAGATTAGTAAGAAC-1_rna,Naive CD20+ B,test_scRNA,,B1 B,test_scATAC
GGTGCTGGTCAAACTG-1_rna,CD14+ Mono,test_scRNA,,CD4+ T naive,test_scATAC
GTAGTTATCCGTTATT-1_rna,Erythroblast,test_scRNA,,CD14+ Mono,test_scATAC
AGTTGCAGTGGTTCTT-1_rna,Naive CD20+ B,test_scRNA,,ILC,test_scATAC
GCAGCAACAGGGAGGA-1_rna,Erythroblast,test_scRNA,,NK,test_scRNA
TAGTTGTCAAAGGCCA-1_rna,CD4+ T activated,test_scRNA,,Erythroblast,test_scATAC
GGCTAGTGTTCCATTA-1_rna,CD14+ Mono,test_scRNA,,Normoblast,test_scRNA
ACACTAATCGAAGCGG-1_rna,NK,test_scRNA,,CD14+ Mono,test_scRNA
GAGGGAGCATTAAAGG-1_rna,Naive CD20+ B,test_scRNA,,CD14+ Mono,test_scRNA
CTCACACTCAAGTGTC-1_rna,CD4+ T activated,test_scRNA,,Erythroblast,test_scATAC
GCGCGATTCGCAATCG-1_rna,CD4+ T naive,test_scRNA,,NK,test_scRNA
AGTCCTGAGGTTTACA-1_rna,CD4+ T activated,test_scRNA,,Erythroblast,test_scRNA
CGCATATAGGAAACTG-1_rna,Naive CD20+ B,test_scRNA,,CD14+ Mono,test_scRNA
GCGAGTGAGTAGCGGG-1_rna,Erythroblast,test_scRNA,,B1 B,test_scRNA
GCTATCCTCATCCACC-1_rna,CD4+ T naive,test_scRNA,,CD14+ Mono,test_scATAC
GCCTATTGTACTTAGG-1_rna,CD8+ T,test_scRNA,,CD4+ T naive,test_scATAC
AGGTTAGAGCCTGATG-1_rna,Naive CD20+ B,test_scRNA,,CD14+ Mono,test_scRNA
TACAATGTCCTTAGTT-1_rna,CD14+ Mono,test_scRNA,,CD14+ Mono,test_scATAC
GGTTGACGTCCTCCAA-1_rna,CD4+ T naive,test_scRNA,,CD4+ T activated,test_scATAC
TTGCTTAGTGACCTGG-1_rna,CD14+ Mono,test_scRNA,,MK/E prog,test_scRNA
CCCAACCGTTAGGCTA-1_rna,NK,test_scRNA,,Normoblast,test_scRNA
TTTGTGTTCGCCTAAG-1_rna,CD4+ T activated,test_scRNA,,Plasma cell,test_scATAC
GTTGTGAGTCCTTAGT-1_rna,Normoblast,test_scRNA,,G/M prog,test_scRNA
GACGCCTAGTCACCAG-1_rna,NK,test_scRNA,,CD8+ T,test_scRNA
CATAATCCATGGTTAT-1_rna,CD14+ Mono,test_scRNA,,CD4+ T activated,test_scATAC
TCCTCACAGGTGCGGA-1_rna,Erythroblast,test_scRNA,,Lymph prog,test_scATAC
ATTACTGAGGAACACA-1_rna,CD14+ Mono,test_scRNA,,Plasma cell,test_scRNA
CATATCGCACAATGTT-1_rna,NK,test_scRNA,,CD4+ T activated,test_scATAC
CTACTTAGTGAGGTGA-1_rna,CD4+ T activated,test_scRNA,,Transitional B,test_scRNA
ATCAAGACATAAGTCT-1_rna,CD8+ T,test_scRNA,,Erythroblast,test_scRNA
GCGCTTGCAGCATGGA-1_rna,B1 B,test_scRNA,,CD4+ T naive,test_scRNA
TGTTGGCCATTGTGCA-1_rna,CD4+ T naive,test_scRNA,,NK,test_scATAC
CGCTCCATCATGCTTT-1_rna,CD8+ T,test_scRNA,,CD4+ T activated,test_scRNA
GCGCAATGTTAGGATT-1_rna,CD4+ T activated,test_scRNA,,NK,test_scATAC
AACCCGCAGAGGGACT-1_rna,CD4+ T activated,test_scRNA,,Lymph prog,test_scATAC
AGCTTAATCCTGATGG-1_rna,CD4+ T naive,test_scRNA,,Normoblast,test_scATAC
ACGTCCAAGTTTGCGG-1_rna,Naive CD20+ B,test_scRNA,,CD4+ T naive,test_scATAC
TCCTCTAAGTAACGGA-1_rna,CD14+ Mono,test_scRNA,,Normoblast,test_scRNA
TCAGCGATCGCCTAAG-1_rna,B1 B,test_scRNA,,Erythroblast,test_scRNA
ATCACACAGGTCCAAT-1_rna,Naive CD20+ B,test_scRNA,,CD14+ Mono,test_scATAC
AGTGTGGCAGCTCATA-1_rna,Erythroblast,test_scRNA,,CD4+ T activated,test_scATAC
GGATTGCGTCGTTATC-1_rna,CD14+ Mono,test_scRNA,,CD14+ Mono,test_scRNA
CGAACCGGTCACAGCG-1_rna,CD4+ T activated,test_scRNA,,CD4+ T activated,test_scRNA
TGAGGAGGTGTAACCA-1_rna,Erythroblast,test_scRNA,,CD14+ Mono,test_scRNA
CATAGACTCAGGGCCT-1_rna,CD8+ T,test_scRNA,,CD4+ T activated,test_scATAC
CCCTCATAGCTTATGA-1_rna,Erythroblast,test_scRNA,,B1 B,test_scATAC
CCAGCTGCAAGCTAAA-1_rna,CD4+ T activated,test_scRNA,,Normoblast,test_scRNA
GAGCTGCTCACAGGAA-1_rna,Normoblast,test_scRNA,,CD8+ T,test_scRNA
CTTCAAGCATCGCTCC-1_rna,CD4+ T activated,test_scRNA,,CD14+ Mono,test_scATAC
TTCAGCACATATTGAC-1_rna,ILC,test_scRNA,,NK,test_scATAC
TACTGGCCAACTGGCT-1_rna,CD14+ Mono,test_scRNA,,CD8+ T,test_scRNA
GTTCCTGGTACGTTTC-1_rna,CD4+ T naive,test_scRNA,,CD14+ Mono,test_scRNA
GAGGTAGGTAGCCTAA-1_rna,CD4+ T activated,test_scRNA,,CD4+ T naive,test_scRNA
CGACAAGCAGTTTCTC-1_rna,CD8+ T,test_scRNA,,B1 B,test_scRNA
TTCGTTAGTTAAGCGC-1_rna,ILC,test_scRNA,,CD8+ T,test_scATAC
TTACAGCAGCATGTTA-1_rna,B1 B,test_scRNA,,CD8+ T,test_scRNA
CAGAACCGTTTACTTG-1_rna,CD8+ T,test_scRNA,,CD8+ T,test_scATAC
ATTACGTCAATACTGT-1_rna,CD4+ T activated,test_scRNA,,G/M prog,test_scATAC
AATGAAGGTTGAGGTC-1_rna,CD4+ T naive,test_scRNA,,CD14+ Mono,test_scATAC
GGAAGCTAGGCGAATA-1_rna,NK,test_scRNA,,CD8+ T,test_scATAC
GACCTCAAGGCTATGT-1_rna,CD4+ T naive,test_scRNA,,Normoblast,test_scATAC
AGTAGCTTCGTTATCT-1_rna,Normoblast,test_scRNA,,Lymph prog,test_scATAC
AGCTAGTTCACAGACT-1_rna,NK,test_scRNA,,NK,test_scRNA
CCAATATCAAAGCTAA-1_rna,NK,test_scRNA,,CD4+ T naive,test_scRNA
GACCTAAGTTGGATAT-1_rna,Erythroblast,test_scRNA,,Erythroblast,test_scRNA
TCCCGTTAGATAGACG-1_rna,NK,test_scRNA,,NK,test_scATAC
CCGTTAACAAACCTTG-1_rna,ILC,test_scRNA,,CD14+ Mono,test_scATAC
TCGCGCACAGCTTACA-1_rna,Normoblast,test_scRNA,,CD14+ Mono,test_scRNA
AGGCAGGTCAGGATGA-1_rna,Erythroblast,test_scRNA,,NK,test_scATAC
CATCCCAGTGAAGCCT-1_rna,CD4+ T activated,test_scRNA,,CD14+ Mono,test_scATAC
ACTAACCAGGAAGCTA-1_rna,CD4+ T activated,test_scRNA,,CD4+ T activated,test_scATAC
TGATGAACAACACTTG-1_rna,Erythroblast,test_scRNA,,NK,test_scRNA
AGCTTGGTCTGTAAGC-1_rna,CD8+ T,test_scRNA,,CD4+ T naive,test_scRNA
CGCTCCATCGGTTACG-1_rna,CD14+ Mono,test_scRNA,,Erythroblast,test_scATAC
GTGATCAGTTAGACCA-1_rna,CD14+ Mono,test_scRNA,,Normoblast,test_scRNA
TAGGCTGTCAGAAACG-1_rna,CD4+ T activated,test_scRNA,,Naive CD20+ B,test_scATAC
TTTGTGAAGTATCGCG-1_rna,NK,test_scRNA,,cDC2,test_scRNA
GGTGTGACAAGATTCT-1_rna,NK,test_scRNA,,G/M prog,test_scRNA
GCTTGTTGTTATTGCC-1_rna,NK,test_scRNA,,CD4+ T activated,test_scATAC
ATAGATGCACTTACAG-1_rna,Normoblast,test_scRNA,,Erythroblast,test_scATAC
GTTTCCTCAACTGGGA-1_rna,CD4+ T activated,test_scRNA,,pDC,test_scATAC
GGTGAGTAGTAACAGG-1_rna,CD4+ T naive,test_scRNA,,CD14+ Mono,test_scATAC
GCTTTACGTACCAGGT-1_rna,Erythroblast,test_scRNA,,NK,test_scRNA
ACCAGGACATAAAGCA-1_rna,NK,test_scRNA,,CD4+ T naive,test_scRNA
ATTTAGGTCTAAGTCA-1_rna,CD4+ T naive,test_scRNA,,Erythroblast,test_scATAC
ACGAGTAAGAGCCGGA-1_rna,CD14+ Mono,test_scRNA,,Naive CD20+ B,test_scATAC
TGTTCATTCCAACTGG-1_rna,CD14+ Mono,test_scRNA,,Erythroblast,test_scRNA
GGAACCTGTTCCTGAT-1_rna,B1 B,test_scRNA,,CD14+ Mono,test_scATAC
TGCGGTTCAAATGCCC-1_rna,CD4+ T activated,test_scRNA,,MK/E prog,test_scRNA
AATTTGGTCAGCAAGA-1_rna,Naive CD20+ B,test_scRNA,,CD8+ T,test_scRNA
TTTGACTTCTCCATGC-1_rna,Erythroblast,test_scRNA,,Erythroblast,test_scRNA
GAGGACTAGCTGCACA-1_rna,NK,test_scRNA,,Normoblast,test_scRNA
GGATTATGTGAGCAAG-1_rna,G/M prog,test_scRNA,,CD14+ Mono,test_scATAC
CTAAGTCAGCTATATG-1_rna,CD4+ T activated,test_scRNA,,NK,test_scATAC
TCGCTAACATTATGCG-1_rna,CD4+ T activated,test_scRNA,,CD4+ T naive,test_scRNA
ATTAGCTCAGAGGCTA-1_rna,NK,test_scRNA,,Normoblast,test_scATAC
GTGAGGAGTTTCCTCC-1_rna,NK,test_scRNA,,CD8+ T,test_scATAC
CAAACGCGTCAAAGGG-1_rna,CD8+ T,test_scRNA,,CD4+ T activated,test_scRNA
CTAAAGCTCTTAATGG-1_rna,NK,test_scRNA,,Naive CD20+ B,test_scRNA
AGGTTTATCATGAGCT-1_rna,CD14+ Mono,test_scRNA,,MK/E prog,test_scATAC
GTCATCCTCCGCCTAT-1_rna,Normoblast,test_scRNA,,CD4+ T activated,test_scATAC
TAGTAGGAGTTGGATC-1_rna,Normoblast,test_scRNA,,CD4+ T activated,test_scRNA
ATCATGTCAGTTAGCC-1_rna,NK,test_scRNA,,Erythroblast,test_scRNA
GATAAAGGTCACACCC-1_rna,B1 B,test_scRNA,,CD4+ T activated,test_scATAC
GAACTTATCACCGGTA-1_rna,Erythroblast,test_scRNA,,CD14+ Mono,test_scATAC
GGAGGTTAGCGCTCAA-1_rna,Normoblast,test_scRNA,,NK,test_scATAC
CCAACCAAGCACGTTG-1_rna,CD4+ T activated,test_scRNA,,CD14+ Mono,test_scATAC
GCCCGTTGTCCACAAA-1_rna,CD14+ Mono,test_scRNA,,ILC,test_scRNA
TTAGGCCCATTTAAGC-1_rna,CD4+ T naive,test_scRNA,,CD14+ Mono,test_scATAC
TATTAGCCATGTGGGA-1_rna,CD4+ T activated,test_scRNA,,pDC,test_scRNA
GGTGAGGTCATGGTGT-1_rna,Erythroblast,test_scRNA,,CD4+ T activated,test_scRNA
CCTATTGTCCTAAGGT-1_rna,Normoblast,test_scRNA,,CD14+ Mono,test_scRNA
ATTCACTTCATGTTTC-1_rna,NK,test_scRNA,,CD4+ T naive,test_scRNA
GAGGTGAGTTGCTGGG-1_rna,CD14+ Mono,test_scRNA,,ILC,test_scRNA
CGCAAATTCAAATCGC-1_rna,CD14+ Mono,test_scRNA,,CD8+ T,test_scATAC
GACCTGCAGCCTGGTA-1_rna,Erythroblast,test_scRNA,,G/M prog,test_scRNA
GCTTAAATCGATTTGA-1_rna,Erythroblast,test_scRNA,,Erythroblast,test_scATAC
GTGGCTTCAAGTTATC-1_rna,Erythroblast,test_scRNA,,CD14+ Mono,test_scRNA
CGGTGAGAGCAGGTGG-1_rna,CD14+ Mono,test_scRNA,,B1 B,test_scRNA
CTAACCTGTGAGAAAC-1_rna,Erythroblast,test_scRNA,,Erythroblast,test_scATAC
CTTTGTCCAAGGTGCA-1_rna,CD8+ T,test_scRNA,,CD8+ T,test_scRNA
CATCCTCAGCGATACT-1_rna,CD14+ Mono,test_scRNA,,CD16+ Mono,test_scRNA
CGTCCTAGTCAAGTAT-1_rna,Erythroblast,test_scRNA,,CD4+ T naive,test_scRNA
TGGATTGGTGTCCAAA-1_rna,CD4+ T naive,test_scRNA,,NK,test_scRNA
ATTAGTCCAGTCTAAT-1_rna,Naive CD20+ B,test_scRNA,,CD4+ T naive,test_scRNA
TATCGCGAGAGGCTAA-1_rna,B1 B,test_scRNA,,CD14+ Mono,test_scATAC
TGCACACCATTCAGCA-1_rna,Naive CD20+ B,test_scRNA,,CD4+ T activated,test_scATAC
AATTAGGCACAACAAA-1_rna,CD14+ Mono,test_scRNA,,CD4+ T activated,test_scRNA
CGTTGCGCATGTTGGC-1_rna,NK,test_scRNA,,Naive CD20+ B,test_scATAC
AACCGGCTCACACAGT-1_rna,Naive CD20+ B,test_scRNA,,CD4+ T naive,test_scRNA
TCATTTGGTCAGGCCA-1_rna,CD4+ T naive,test_scRNA,,CD4+ T naive,test_scATAC
GCGTTTCTCTTGAGCG-1_rna,CD14+ Mono,test_scRNA,,Erythroblast,test_scATAC
GAAGTATAGGCACAGG-1_rna,CD14+ Mono,test_scRNA,,Normoblast,test_scRNA
GCAATATGTTACCGGG-1_rna,Naive CD20+ B,test_scRNA,,Plasma cell,test_scRNA
TGGTCCTTCCTTCTAG-1_rna,CD4+ T activated,test_scRNA,,CD14+ Mono,test_scATAC
TTTGTGAAGTAACGAG-1_rna,NK,test_scRNA,,NK,test_scATAC
AGCCTCCGTCTTGCAT-1_rna,CD4+ T activated,test_scRNA,,CD8+ T,test_scATAC
GAGGTTAAGTTTCCGC-1_rna,CD14+ Mono,test_scRNA,,CD8+ T,test_scRNA
TATTTGGAGCCAGGTC-1_rna,CD4+ T activated,test_scRNA,,Erythroblast,test_scRNA
TATTACCTCGGGACCT-1_rna,Naive CD20+ B,test_scRNA,,Normoblast,test_scRNA
AGCATTTCACAATGTT-1_rna,Erythroblast,test_scRNA,,HSC,test_scRNA
AAGCAAGTCCCTCAAC-1_rna,Normoblast,test_scRNA,,NK,test_scATAC
GTAGGTGCATAAGCAA-1_rna,CD14+ Mono,test_scRNA,,Erythroblast,test_scRNA
GCGATTAGTAGCTGGT-1_rna,CD8+ T,test_scRNA,,CD4+ T activated,test_scATAC
GGTTTCCTCCAAACAC-1_rna,CD14+ Mono,test_scRNA,,MK/E prog,test_scATAC
CTTCTAAGTGCTGGTG-1_rna,NK,test_scRNA,,CD14+ Mono,test_scATAC
GCAGGTTGTTTGTTGC-1_rna,Naive CD20+ B,test_scRNA,,Naive CD20+ B,test_scRNA
TGCTTCATCCTTGAGG-1_rna,ILC,test_scRNA,,B1 B,test_scATAC
GCAGCAACACCAGCAT-1_rna,Normoblast,test_scRNA,,CD14+ Mono,test_scRNA
TACCCGGCAGCAACCT-1_rna,CD4+ T naive,test_scRNA,,Erythroblast,test_scATAC
TGAAGGATCATAATCG-1_rna,CD14+ Mono,test_scRNA,,Erythroblast,test_scATAC
GGTAACCGTTGGTTGA-1_rna,CD4+ T activated,test_scRNA,,NK,test_scRNA
AGCACAGCAGGAACCA-1_rna,CD4+ T naive,test_scRNA,,Normoblast,test_scRNA
TTCGCAACATAGCAGG-1_rna,Erythroblast,test_scRNA,,B1 B,test_scATAC
GACATTATCATGCTCC-1_rna,CD4+ T activated,test_scRNA,,CD8+ T,test_scRNA
GCGATTAGTTATCCGT-1_rna,NK,test_scRNA,,Proerythroblast,test_scATAC
TCCATGCTCTAACTGA-1_rna,CD4+ T naive,test_scRNA,,NK,test_scRNA
CTCTAAGCAGAAATGC-1_rna,Erythroblast,test_scRNA,,NK,test_scATAC
CCAGCTGCAAGTGAAC-1_rna,Erythroblast,test_scRNA,,Naive CD20+ B,test_scRNA
ATTGTCCGTTGCGCGA-1_rna,CD14+ Mono,test_scRNA,,CD4+ T activated,test_scRNA
ACTGAAACATGCTATG-1_rna,CD4+ T activated,test_scRNA,,Erythroblast,test_scATAC
TGCTAGCCATGAATCT-1_rna,CD8+ T,test_scRNA,,CD4+ T naive,test_scRNA
GATGACTTCGCAACAT-1_rna,CD4+ T activated,test_scRNA,,Erythroblast,test_scATAC
AGGAACGGTTGCACAA-1_rna,CD14+ Mono,test_scRNA,,ID2-hi myeloid prog,test_scATAC
GAGCCACTCTTAGTGA-1_rna,Naive CD20+ B,test_scRNA,,Naive CD20+ B,test_scRNA
GAGTGATCACCATATG-1_rna,CD14+ Mono,test_scRNA,,NK,test_scATAC
TGAGAACCAGGAACAT-1_rna,Normoblast,test_scRNA,,pDC,test_scATAC
TGGACAAAGCTTAGCG-1_rna,CD14+ Mono,test_scRNA,,CD4+ T activated,test_scATAC
CTTGTTTAGTGCACGC-1_rna,CD14+ Mono,test_scRNA,,pDC,test_scATAC
TCAAGCTAGTAAAGGT-1_rna,CD8+ T,test_scRNA,,pDC,test_scATAC
TCCATCATCCTGTTCA-1_rna,Erythroblast,test_scRNA,,B1 B,test_scRNA
GTGATCAGTTGCAATG-1_rna,CD14+ Mono,test_scRNA,,NK,test_scATAC
GCCCATAAGCTTTGGG-1_rna,CD4+ T activated,test_scRNA,,Plasma cell,test_scATAC
ACGTTGTAGCTAAGTC-1_rna,Erythroblast,test_scRNA,,CD4+ T activated,test_scRNA
GCGCTTGCATTGTCCT-1_rna,CD4+ T naive,test_scRNA,,Plasma cell,test_scATAC
GGCAAATCAACTGGCT-1_rna,Erythroblast,test_scRNA,,CD8+ T,test_scATAC
GTTGCATAGCCTGAGC-1_rna,Erythroblast,test_scRNA,,CD4+ T activated,test_scRNA
AGTGATGAGCTGTACG-1_rna,CD14+ Mono,test_scRNA,,Erythroblast,test_scATAC
AGGCAATCATTGTGTG-1_rna,CD8+ T,test_scRNA,,CD4+ T activated,test_scRNA
AACTCACAGTAACCAC-1_rna,CD8+ T,test_scRNA,,CD8+ T,test_scATAC
TCGTTTCCAATACTGT-1_rna,CD4+ T naive,test_scRNA,,Erythroblast,test_scRNA
GTTGCATAGGAACGGT-1_rna,CD14+ Mono,test_scRNA,,CD14+ Mono,test_scATAC
ACTCACTGTTTAGTCC-1_rna,NK,test_scRNA,,CD4+ T activated,test_scRNA
AATTTGGTCCTAAGAC-1_rna,CD4+ T naive,test_scRNA,,cDC2,test_scRNA
ATTGCGCCAGCATGAG-1_rna,CD4+ T activated,test_scRNA,,CD8+ T,test_scRNA
TCGACAAGTAGGTTTG-1_rna,CD14+ Mono,test_scRNA,,NK,test_scATAC
TCCAGGTCACAGGATG-1_rna,CD4+ T activated,test_scRNA,,CD4+ T activated,test_scRNA
TTTGTGGCAAGGTCGA-1_rna,CD4+ T activated,test_scRNA,,NK,test_scATAC
TGTTCCTCATGTCAAT-1_rna,NK,test_scRNA,,cDC2,test_scATAC
GCCTGCTGTCAACAAT-1_rna,Erythroblast,test_scRNA,,CD8+ T,test_scATAC
CTTTGGGAGCTGTAAC-1_rna,Naive CD20+ B,test_scRNA,,Normoblast,test_scATAC
TGCGATTAGGAACACA-1_rna,Erythroblast,test_scRNA,,CD4+ T naive,test_scATAC
GCTGTAAGTGATCATG-1_rna,B1 B,test_scRNA,,Erythroblast,test_scRNA
CGGACAACACCTAATG-1_rna,Naive CD20+ B,test_scRNA,,CD8+ T,test_scATAC
CTCCAAACATACCCGG-1_rna,G/M prog,test_scRNA,,CD4+ T naive,test_scRNA
TGGCCATCAGGCCAAA-1_rna,CD14+ Mono,test_scRNA,,CD4+ T activated,test_scRNA
CTAGCGGGTTAGAGGG-1_rna,Naive CD20+ B,test_scRNA,,CD14+ Mono,test_scRNA
GTCTTTAGTCAACAAT-1_rna,Normoblast,test_scRNA,,CD14+ Mono,test_scRNA
TGTATCCGTTAATGAC-1_rna,Naive CD20+ B,test_scRNA,,CD4+ T activated,test_scATAC
ACGGTTAGTAGACAAA-1_rna,CD4+ T activated,test_scRNA,,CD4+ T naive,test_scATAC
CCAGTTTGTTAGGCTA-1_rna,CD4+ T activated,test_scRNA,,CD8+ T,test_scRNA
ACCTACCTCGGTTCCT-1_rna,CD14+ Mono,test_scRNA,,CD8+ T,test_scATAC
TTGTGCCTCCTACCTA-1_rna,CD4+ T naive,test_scRNA,,B1 B,test_scRNA
TAAGTGCTCCACAATA-1_rna,Normoblast,test_scRNA,,CD4+ T naive,test_scRNA
TATGGCCCAACAGCCT-1_rna,CD14+ Mono,test_scRNA,,NK,test_scATAC
ATACCGGTCTAATCCT-1_rna,Erythroblast,test_scRNA,,CD8+ T,test_scATAC
ACGTCCAAGCGATAGA-1_rna,NK,test_scRNA,,B1 B,test_scATAC
CATAGTCAGAAAGCAT-1_rna,NK,test_scRNA,,CD8+ T,test_scRNA
CCTTTAGTCTAGCGTG-1_rna,CD8+ T,test_scRNA,,CD8+ T,test_scRNA
CCGCAAATCGCTCCAT-1_rna,CD8+ T,test_scRNA,,CD14+ Mono,test_scRNA
GGTACCGGTTCAAGAT-1_rna,Erythroblast,test_scRNA,,CD14+ Mono,test_scATAC
CGTACGGGTTAACAGT-1_rna,CD8+ T,test_scRNA,,CD4+ T activated,test_scRNA
GAACACAAGTCAATCA-1_rna,CD4+ T naive,test_scRNA,,CD4+ T activated,test_scRNA
CGTGTTACATCATGGC-1_rna,CD14+ Mono,test_scRNA,,G/M prog,test_scATAC
GACCGTTCAGGAAGCC-1_rna,B1 B,test_scRNA,,CD14+ Mono,test_scATAC
TACTGGCCAGGCCAAA-1_rna,CD4+ T naive,test_scRNA,,NK,test_scATAC
TTCCTCAAGCCTGTTC-1_rna,CD4+ T activated,test_scRNA,,Erythroblast,test_scRNA
CGGATAAAGTTGCGTG-1_rna,NK,test_scRNA,,CD14+ Mono,test_scRNA
ACACTTGCACCTGCCT-1_rna,G/M prog,test_scRNA,,Naive CD20+ B,test_scATAC
GAGTGTTTCCCTTGCG-1_rna,Erythroblast,test_scRNA,,G/M prog,test_scRNA
CATTATGAGACAGGTA-1_rna,CD8+ T,test_scRNA,,CD14+ Mono,test_scRNA
CCCAGTTTCCGTAAAC-1_rna,Erythroblast,test_scRNA,,CD14+ Mono,test_scRNA
GAGCCACTCGCTAAGT-1_rna,CD14+ Mono,test_scRNA,,Transitional B,test_scRNA
GAGCAAGGTGTTGTGA-1_rna,Erythroblast,test_scRNA,,CD14+ Mono,test_scRNA
CATCACACATCATGTG-1_rna,B1 B,test_scRNA,,pDC,test_scRNA
CTTCACTCAACAGCCT-1_rna,CD8+ T,test_scRNA,,NK,test_scRNA
ATCACAATCGCAACAT-1_rna,CD4+ T naive,test_scRNA,,NK,test_scRNA
GGCTCACAGGCGGGTA-1_rna,CD4+ T activated,test_scRNA,,NK,test_scATAC
AGTTGCAGTGGCTTCC-1_rna,CD4+ T naive,test_scRNA,,CD8+ T,test_scATAC
CAACAGGCATAGCGAG-1_rna,NK,test_scRNA,,CD4+ T naive,test_scRNA
TCTAACCGTAAACAAG-1_rna,Erythroblast,test_scRNA,,NK,test_scATAC
TGAGAACCAGCAATAA-1_rna,Erythroblast,test_scRNA,,CD4+ T activated,test_scATAC
ACACTAGGTGGACATC-1_rna,CD14+ Mono,test_scRNA,,NK,test_scATAC
AAACGTACACCTACTT-1_rna,CD14+ Mono,test_scRNA,,CD16+ Mono,test_scATAC
CTTCAATTCAAACCGT-1_rna,NK,test_scRNA,,Naive CD20+ B,test_scATAC
GTAGCTGTCAAGCCTG-1_rna,Normoblast,test_scRNA,,Normoblast,test_scRNA
CACTAAGGTGCCGCAA-1_rna,CD8+ T,test_scRNA,,CD8+ T,test_scATAC
GTTGTGAGTGGTTAGC-1_rna,CD4+ T naive,test_scRNA,,Normoblast,test_scRNA
AAACGCGCACCAACCG-1_rna,CD4+ T naive,test_scRNA,,CD8+ T,test_scRNA
ACCTAAGGTGTGCACG-1_rna,CD4+ T activated,test_scRNA,,ID2-hi myeloid prog,test_scRNA
TCCAGCAAGCGGATAA-1_rna,CD4+ T activated,test_scRNA,,CD4+ T activated,test_scATAC
ATAAGTCGTGTGCAAC-1_rna,CD8+ T,test_scRNA,,Erythroblast,test_scATAC
GGAGCAAGTTAAGGTT-1_rna,CD4+ T naive,test_scRNA,,CD4+ T naive,test_scRNA
TCTTGTCCACGAATTT-1_rna,CD4+ T naive,test_scRNA,,Erythroblast,test_scATAC
GAGTGAGGTGCATTAG-1_rna,Erythroblast,test_scRNA,,CD4+ T naive,test_scATAC
CACCAACCACTCGCTC-1_rna,Naive CD20+ B,test_scRNA,,Erythroblast,test_scRNA
GTTACTAAGGCTAGAA-1_rna,Erythroblast,test_scRNA,,Erythroblast,test_scATAC
ACTTACAAGTTCCCGT-1_rna,CD4+ T naive,test_scRNA,,Normoblast,test_scATAC
GATGAGGGTTCACCCA-1_rna,Naive CD20+ B,test_scRNA,,Normoblast,test_scRNA
TATCACAAGAGAGCCG-1_rna,NK,test_scRNA,,ILC,test_scRNA
CTAGTAATCACTCGCT-1_rna,CD4+ T activated,test_scRNA,,CD8+ T,test_scRNA
GTTCACCTCCTAGTAA-1_rna,CD4+ T naive,test_scRNA,,Erythroblast,test_scATAC
CTTTGGTGTTCCTGAT-1_rna,CD4+ T activated,test_scRNA,,CD14+ Mono,test_scATAC
CTACGAAGTTGGCGTG-1_rna,NK,test_scRNA,,CD14+ Mono,test_scATAC
CTTGCATGTGATCAGC-1_rna,CD14+ Mono,test_scRNA,,CD4+ T activated,test_scRNA
GCAGGCTTCCTTAAGA-1_rna,CD14+ Mono,test_scRNA,,ID2-hi myeloid prog,test_scATAC
GCACGCTAGGACAACA-1_rna,NK,test_scRNA,,Erythroblast,test_scRNA
CGCTACTTCAATGAGG-1_rna,CD8+ T,test_scRNA,,CD8+ T,test_scATAC
GCCTTTGGTCATCCTG-1_rna,Erythroblast,test_scRNA,,Proerythroblast,test_scATAC
TTTGTGAAGTTGGGCC-1_rna,CD4+ T activated,test_scRNA,,CD4+ T activated,test_scATAC
GTCTAACAGTCCTTTG-1_rna,CD14+ Mono,test_scRNA,,MK/E prog,test_scATAC
CTCCCTGAGACTAAGG-1_rna,CD8+ T,test_scRNA,,CD14+ Mono,test_scRNA
TGTGCTGAGGCATGTT-1_rna,CD8+ T,test_scRNA,,Erythroblast,test_scATAC
CTGTATTTCATAGCCG-1_rna,ILC,test_scRNA,,Erythroblast,test_scRNA
TGGCTATAGCGGGCAA-1_rna,CD4+ T naive,test_scRNA,,Lymph prog,test_scRNA
AATAACCGTCATAACG-1_rna,CD8+ T,test_scRNA,,ILC,test_scATAC
TGTAAAGCACTGACTA-1_rna,CD4+ T naive,test_scRNA,,CD4+ T naive,test_scRNA
CGAACCGGTTAATGCG-1_rna,Erythroblast,test_scRNA,,NK,test_scRNA
CAAGGCCTCTTGGATA-1_rna,CD4+ T naive,test_scRNA,,CD16+ Mono,test_scATAC
GTCTCACTCTCACTCA-1_rna,CD14+ Mono,test_scRNA,,CD4+ T activated,test_scRNA
ACTAACCAGTCATTGA-1_rna,CD14+ Mono,test_scRNA,,CD4+ T activated,test_scATAC
ACCTTCATCATTAGGC-1_rna,Naive CD20+ B,test_scRNA,,NK,test_scATAC
CATCCTGGTCATCCTG-1_rna,Erythroblast,test_scRNA,,CD8+ T,test_scRNA
TTTCTCACAGGCCATT-1_rna,Normoblast,test_scRNA,,MK/E prog,test_scATAC
ATTCAACCAAACTGTT-1_rna,CD4+ T activated,test_scRNA,,NK,test_scATAC
TCATTGCGTCGTAAAT-1_rna,CD14+ Mono,test_scRNA,,CD8+ T,test_scRNA
CGGACAACACATAACT-1_rna,CD4+ T naive,test_scRNA,,Lymph prog,test_scRNA
CGGTGAACAGCACCAT-1_rna,CD14+ Mono,test_scRNA,,NK,test_scATAC
GGACCGAAGGCCCAGT-1_rna,CD4+ T naive,test_scRNA,,Lymph prog,test_scRNA
ACTCACTGTAAATTGC-1_rna,CD14+ Mono,test_scRNA,,CD14+ Mono,test_scATAC
GTATTGATCTCCATAT-1_rna,NK,test_scRNA,,B1 B,test_scRNA
AACTCACAGGACTTAC-1_rna,Erythroblast,test_scRNA,,CD4+ T activated,test_scRNA
GAGCCTTCACGAATCC-1_rna,CD14+ Mono,test_scRNA,,CD4+ T naive,test_scATAC
GCAAGTCGTATTCGTC-1_rna,Erythroblast,test_scRNA,,CD4+ T naive,test_scRNA
AATGTCCAGGAGCACG-1_rna,Erythroblast,test_scRNA,,NK,test_scRNA
AAGACCAAGGCTACAT-1_rna,CD14+ Mono,test_scRNA,,CD4+ T naive,test_scRNA
GATGACTTCGGTTAGT-1_rna,CD14+ Mono,test_scRNA,,CD8+ T,test_scATAC
TTGGGCGGTCATGAGC-1_rna,CD4+ T activated,test_scRNA,,Erythroblast,test_scATAC
CCTTCGGTCGGGCCAT-1_rna,Naive CD20+ B,test_scRNA,,Erythroblast,test_scRNA
GAACGAATCGGTTCCT-1_rna,CD8+ T,test_scRNA,,pDC,test_scRNA
TTGTTCCCACCTACGG-1_rna,CD14+ Mono,test_scRNA,,CD8+ T,test_scRNA
TGCTTGTGTTATAGCG-1_rna,Erythroblast,test_scRNA,,CD8+ T,test_scATAC
GGTTATGGTAGCTAAT-1_rna,CD14+ Mono,test_scRNA,,CD4+ T activated,test_scRNA
GCAATAGAGGCGCTTA-1_rna,NK,test_scRNA,,CD8+ T,test_scRNA
GTGAGCGAGGAAGTAT-1_rna,CD4+ T activated,test_scRNA,,pDC,test_scATAC
CATTGTGCAGCTACGT-1_rna,CD4+ T activated,test_scRNA,,CD4+ T activated,test_scRNA
CATTATCTCCTGAATA-1_rna,CD8+ T,test_scRNA,,CD4+ T activated,test_scRNA
GCCTGCTGTGCCGCAA-1_rna,B1 B,test_scRNA,,Erythroblast,test_scATAC
ATTACCCGTAACGGGA-1_rna,CD4+ T naive,test_scRNA,,Erythroblast,test_scRNA
TTCATCCCACATAACT-1_rna,NK,test_scRNA,,CD14+ Mono,test_scATAC
TTGTCCGGTCCTAATC-1_rna,Normoblast,test_scRNA,,Lymph prog,test_scRNA
AACCGCTCATTAGGTT-1_rna,CD14+ Mono,test_scRNA,,MK/E prog,test_scRNA
AGGATTGAGCAAGATG-1_rna,CD4+ T naive,test_scRNA,,Normoblast,test_scATAC
AGTGATGAGGAGGCAT-1_rna,CD4+ T activated,test_scRNA,,CD8+ T,test_scATAC
ACTCCTCAGTGTGATC-1_rna,NK,test_scRNA,,CD14+ Mono,test_scRNA
TAATGGTGTTGTAACG-1_rna,Normoblast,test_scRNA,,Naive CD20+ B,test_scATAC
GAGCCTTCACACAATT-1_rna,CD4+ T naive,test_scRNA,,CD14+ Mono,test_scRNA
CTTAACAAGCGCAATT-1_rna,Erythroblast,test_scRNA,,CD8+ T,test_scATAC
ACAGTATGTGAGGTAG-1_rna,CD4+ T activated,test_scRNA,,CD4+ T naive,test_scRNA
TGGACTAGTATTGTGG-1_rna,CD4+ T activated,test_scRNA,,CD8+ T,test_scRNA
TTCCTTGAGTAAGTGG-1_rna,CD8+ T,test_scRNA,,CD4+ T activated,test_scATAC
CTATGTTTCGCTAGTG-1_rna,CD4+ T activated,test_scRNA,,Proerythroblast,test_scATAC
CCGCAAATCTTTGAGA-1_rna,CD4+ T activated,test_scRNA,,pDC,test_scRNA
CTGGTTTGTCCGCTGT-1_rna,CD4+ T naive,test_scRNA,,Naive CD20+ B,test_scATAC
CAAGTATGTTTCCACG-1_rna,Normoblast,test_scRNA,,NK,test_scATAC
GGGTTTGTCCTGCGAA-1_rna,B1 B,test_scRNA,,cDC2,test_scRNA
GAGGCAAGTTTGCTGT-1_rna,CD14+ Mono,test_scRNA,,CD14+ Mono,test_scRNA
TCCCGGACACAGCCTG-1_rna,CD4+ T naive,test_scRNA,,MK/E prog,test_scRNA
CGGTAACGTAAAGCGG-1_rna,CD14+ Mono,test_scRNA,,NK,test_scATAC
GCTTCGCGTTGCTTCG-1_rna,CD14+ Mono,test_scRNA,,CD4+ T naive,test_scATAC
AAAGGACGTTTCCGGC-1_rna,CD14+ Mono,test_scRNA,,pDC,test_scATAC
CCGATGCAGCATTATG-1_rna,CD4+ T activated,test_scRNA,,CD8+ T,test_scRNA
GCTATTGCAACAGGTG-1_rna,CD14+ Mono,test_scRNA,,Erythroblast,test_scRNA
AATGCAACAGGCTGTT-1_rna,CD14+ Mono,test_scRNA,,CD4+ T naive,test_scATAC
TTGCAGCCACTGACCG-1_rna,CD4+ T activated,test_scRNA,,B1 B,test_scRNA
CAAGGTAAGCATTATG-1_rna,Normoblast,test_scRNA,,B1 B,test_scRNA
TTTCTCACAAGTGTTT-1_rna,Erythroblast,test_scRNA,,B1 B,test_scRNA
GCACTTACACAAAGAC-1_rna,CD8+ T,test_scRNA,,CD14+ Mono,test_scRNA
TTGAGGCGTGCAACTA-1_rna,NK,test_scRNA,,NK,test_scATAC
TGTTCCTCAGGCTTGT-1_rna,Normoblast,test_scRNA,,pDC,test_scATAC
TGACTCCTCTGTGAGT-1_rna,B1 B,test_scRNA,,CD8+ T,test_scRNA
AGTTGTCAGGTCCGTA-1_rna,CD4+ T naive,test_scRNA,,Erythroblast,test_scRNA
TCATTGCGTACGGTAC-1_rna,NK,test_scRNA,,CD8+ T,test_scRNA
GCCTTGCGTTCCTGTG-1_rna,CD4+ T activated,test_scRNA,,NK,test_scATAC
GTTTAACCAATAGCAA-1_rna,Erythroblast,test_scRNA,,CD4+ T activated,test_scRNA
TTTAAGCCATAAGGAC-1_rna,CD4+ T naive,test_scRNA,,Erythroblast,test_scRNA
TTTGTCTAGTCACTAA-1_rna,CD4+ T activated,test_scRNA,,B1 B,test_scATAC
TTTAACGAGGTCTTGG-1_rna,Naive CD20+ B,test_scRNA,,Erythroblast,test_scATAC
GTGCGGTTCAGTGAAG-1_rna,Erythroblast,test_scRNA,,ILC,test_scRNA
AGCATCCCACTATGGC-1_rna,CD4+ T naive,test_scRNA,,Plasma cell,test_scRNA
AATCCTAAGACAGGTA-1_rna,B1 B,test_scRNA,,B1 B,test_scRNA
ACACCTTGTTGTCATC-1_rna,G/M prog,test_scRNA,,Normoblast,test_scRNA
ACGCCTTTCTGGCATG-1_rna,Naive CD20+ B,test_scRNA,,Naive CD20+ B,test_scATAC
GTGCTCAAGGCAATAG-1_rna,CD8+ T,test_scRNA,,CD14+ Mono,test_scRNA
TCTCAATTCTGCAAAC-1_rna,CD4+ T naive,test_scRNA,,Plasma cell,test_scATAC
TAGCTTGCACCACAAC-1_rna,CD14+ Mono,test_scRNA,,CD4+ T activated,test_scATAC
ATGAATGCAGCTTAGC-1_rna,Erythroblast,test_scRNA,,CD4+ T activated,test_scATAC
AGGTTAACAGTTTACG-1_rna,ILC,test_scRNA,,B1 B,test_scRNA
TTGTTTGGTTGCGCGA-1_rna,Naive CD20+ B,test_scRNA,,CD14+ Mono,test_scRNA
GCTCTGTTCCTGCGAA-1_rna,Normoblast,test_scRNA,,Erythroblast,test_scRNA
CACATTAAGGGCCATC-1_rna,Erythroblast,test_scRNA,,NK,test_scRNA
CCGCAAATCTCACAAA-1_rna,Erythroblast,test_scRNA,,CD8+ T,test_scRNA
GCGCAATGTTAGGTGC-1_rna,Erythroblast,test_scRNA,,CD4+ T activated,test_scATAC
CCCAGCACAAGATTCT-1_rna,CD4+ T naive,test_scRNA,,CD4+ T naive,test_scRNA
TGTCCTTCACGTAAGG-1_rna,ILC,test_scRNA,,CD8+ T,test_scATAC
GTCAGGCTCTGCAAAC-1_rna,CD4+ T naive,test_scRNA,,CD4+ T activated,test_scATAC
GTTACTAAGCGAAGTA-1_rna,CD14+ Mono,test_scRNA,,CD4+ T activated,test_scRNA
CTCCGGACAGCAAGGC-1_rna,CD14+ Mono,test_scRNA,,CD4+ T activated,test_scATAC
AGAGGAACATAATCCG-1_rna,CD4+ T activated,test_scRNA,,Naive CD20+ B,test_scATAC
TGAGGAGGTGCTCCAC-1_rna,CD4+ T naive,test_scRNA,,G/M prog,test_scRNA
CCAAGTTAGGAGGGTT-1_rna,NK,test_scRNA,,NK,test_scATAC
TTGCAACAGTTCCTCA-1_rna,NK,test_scRNA,,NK,test_scATAC
GGATGTAAGTTATGGC-1_rna,Naive CD20+ B,test_scRNA,,CD8+ T,test_scRNA
GCAAACAAGGGATGCG-1_rna,Erythroblast,test_scRNA,,CD14+ Mono,test_scATAC
GGCGGTTTCCTAAATG-1_rna,CD14+ Mono,test_scRNA,,CD14+ Mono,test_scRNA
GTGAACAAGGCCGGAA-1_rna,Erythroblast,test_scRNA,,CD4+ T activated,test_scATAC
CCTAGTTGTCGTAATG-1_rna,CD14+ Mono,test_scRNA,,Normoblast,test_scATAC
TTGGCTGAGGCCAATT-1_rna,CD4+ T activated,test_scRNA,,Normoblast,test_scATAC
AGTAATCGTTCCGGGA-1_rna,Normoblast,test_scRNA,,Erythroblast,test_scRNA
TTTGTTGGTTCGGTAA-1_rna,NK,test_scRNA,,Transitional B,test_scATAC
CACCTCAGTATGGTGC-1_rna,CD4+ T activated,test_scRNA,,CD14+ Mono,test_scATAC
ATCGCCCGTATACTGG-1_rna,Normoblast,test_scRNA,,CD4+ T activated,test_scATAC
GTAGGAGGTTCCGCAC-1_rna,B1 B,test_scRNA,,CD4+ T activated,test_scRNA
CGAATCTAGCTTCCCG-1_rna,Normoblast,test_scRNA,,Normoblast,test_scRNA
GGGCGAATCGGTCAGC-1_rna,CD14+ Mono,test_scRNA,,Erythroblast,test_scRNA
TGCTATGCAATAGCAA-1_rna,CD4+ T naive,test_scRNA,,cDC2,test_scRNA
AATAGCTGTATTCGCT-1_rna,B1 B,test_scRNA,,Naive CD20+ B,test_scRNA
TGTGGCCAGTTAGTGC-1_rna,CD14+ Mono,test_scRNA,,Erythroblast,test_scATAC
GTTTCAGCAAACCCTA-1_rna,CD4+ T naive,test_scRNA,,CD4+ T activated,test_scRNA
GTTCCTGGTTGTTGTC-1_rna,CD4+ T naive,test_scRNA,,CD14+ Mono,test_scRNA
CTCACAACATAAAGCA-1_rna,CD4+ T naive,test_scRNA,,CD4+ T activated,test_scRNA
GACCGAACAGCTAATT-1_rna,Erythroblast,test_scRNA,,CD4+ T naive,test_scATAC
GTGTAACTCCTGCGAA-1_rna,NK,test_scRNA,,CD14+ Mono,test_scATAC
TGGACTAGTCCGCTGT-1_rna,Erythroblast,test_scRNA,,CD14+ Mono,test_scRNA
ACCACATAGTAAGTCC-1_rna,CD4+ T activated,test_scRNA,,CD14+ Mono,test_scRNA
AGCGATTTCAAATCGC-1_rna,CD14+ Mono,test_scRNA,,pDC,test_scRNA
GGGAGTAGTGGAAACG-1_rna,CD4+ T activated,test_scRNA,,MK/E prog,test_scRNA
CGCTAACCAGGCTAAG-1_rna,CD4+ T naive,test_scRNA,,Erythroblast,test_scATAC
GCCATTACATTTAAGC-1_rna,NK,test_scRNA,,MK/E prog,test_scRNA
GGATTTATCTCAATTC-1_rna,Erythroblast,test_scRNA,,Erythroblast,test_scRNA
CCGTTATGTGGGTGAA-1_rna,Normoblast,test_scRNA,,CD4+ T activated,test_scATAC
GGTTCCCGTTAGCAGC-1_rna,CD4+ T activated,test_scRNA,,Erythroblast,test_scATAC
GTTTAACCATCAATCG-1_rna,CD4+ T activated,test_scRNA,,HSC,test_scATAC
CGCTAATAGTGAGCAA-1_rna,CD4+ T activated,test_scRNA,,ID2-hi myeloid prog,test_scATAC
TACGGATTCGCGACAC-1_rna,CD4+ T naive,test_scRNA,,CD4+ T activated,test_scRNA
TACTGACAGTGAACGA-1_rna,CD4+ T naive,test_scRNA,,CD14+ Mono,test_scATAC
TATTCGTTCCGGTATG-1_rna,CD14+ Mono,test_scRNA,,CD16+ Mono,test_scRNA
CCATAATCATGACTAT-1_rna,Normoblast,test_scRNA,,Plasma cell,test_scRNA
AGGCGGATCCTGAATA-1_rna,CD14+ Mono,test_scRNA,,Normoblast,test_scATAC
AGGACGTAGGAGTAAT-1_rna,CD14+ Mono,test_scRNA,,CD14+ Mono,test_scRNA
ACTTACTTCCTGAATA-1_rna,Erythroblast,test_scRNA,,Naive CD20+ B,test_scATAC
CTAATCGCAATGAAGC-1_rna,Erythroblast,test_scRNA,,NK,test_scATAC
CGAAATGAGCTTGCTC-1_rna,CD14+ Mono,test_scRNA,,CD8+ T,test_scRNA
CAAGAACCAGCATGTC-1_rna,CD8+ T,test_scRNA,,Erythroblast,test_scATAC
ATGTAACGTGACATGC-1_rna,CD14+ Mono,test_scRNA,,Transitional B,test_scATAC
CGAATATGTCCCGGAA-1_rna,CD4+ T naive,test_scRNA,,G/M prog,test_scATAC
AATCTTGAGTCACGAT-1_rna,CD8+ T,test_scRNA,,CD14+ Mono,test_scATAC
TTAACTGAGCCGGTAC-1_rna,Erythroblast,test_scRNA,,CD4+ T activated,test_scRNA
ACCATTAAGCATTATG-1_rna,CD4+ T activated,test_scRNA,,Normoblast,test_scATAC
GATAAAGGTCGCATAA-1_rna,Erythroblast,test_scRNA,,Normoblast,test_scATAC
GTGAACAAGGAAACTG-1_rna,CD8+ T,test_scRNA,,Erythroblast,test_scRNA
ATGACCAGTGTCACGG-1_rna,Erythroblast,test_scRNA,,CD8+ T,test_scATAC
GTCTTTGTCAGTATTG-1_rna,NK,test_scRNA,,CD8+ T,test_scATAC
AACTACTCACTTCATC-1_rna,NK,test_scRNA,,CD14+ Mono,test_scRNA
AAGTAGCCACCTGCCT-1_rna,Normoblast,test_scRNA,,NK,test_scRNA
CCAAGTTAGGTAGCTT-1_rna,Normoblast,test_scRNA,,CD8+ T,test_scATAC
AGGATTGAGGAGTCGG-1_rna,NK,test_scRNA,,CD4+ T naive,test_scRNA
TCCAGGATCTGTGCCT-1_rna,CD4+ T activated,test_scRNA,,Erythroblast,test_scRNA
TACAAGCTCCCATAAA-1_rna,CD14+ Mono,test_scRNA,,Normoblast,test_scRNA
GCCCGTTGTCTAGCTT-1_rna,CD4+ T naive,test_scRNA,,NK,test_scATAC
CCGGTTAAGTAGAGGC-1_rna,Erythroblast,test_scRNA,,CD14+ Mono,test_scATAC
CGAGCGAAGCCTGGTA-1_rna,CD14+ Mono,test_scRNA,,Normoblast,test_scATAC
ATGTCCACACTATGGC-1_rna,CD4+ T activated,test_scRNA,,NK,test_scATAC
ATAGATGCAGCCAGTT-1_rna,G/M prog,test_scRNA,,CD4+ T activated,test_scATAC
CTCTATGTCGCTTCTA-1_rna,Normoblast,test_scRNA,,CD8+ T,test_scATAC
AAAGGCTCACCGGTAT-1_rna,CD4+ T naive,test_scRNA,,Erythroblast,test_scRNA
CCTAAGTAGTTACCGG-1_rna,NK,test_scRNA,,Erythroblast,test_scATAC
CTGACCAAGTACTGGT-1_rna,CD4+ T activated,test_scRNA,,Normoblast,test_scATAC
TTTATGGAGGAAACTG-1_rna,CD8+ T,test_scRNA,,CD4+ T naive,test_scRNA
AAAGCTTGTGTGCACG-1_rna,CD4+ T activated,test_scRNA,,CD4+ T activated,test_scATAC
CGAAGCCTCTTTAGGA-1_rna,ILC,test_scRNA,,MK/E prog,test_scATAC
AATGAAGGTCACCAAA-1_rna,CD4+ T activated,test_scRNA,,Transitional B,test_scRNA
TTGGGCGGTAATCGTG-1_rna,CD4+ T naive,test_scRNA,,ILC,test_scATAC
GCCTTTATCTTAGGAC-1_rna,CD14+ Mono,test_scRNA,,CD14+ Mono,test_scRNA
TTGTAAGTCGCGCTAA-1_rna,CD4+ T naive,test_scRNA,,CD4+ T naive,test_scATAC
TCATGTTTCTGTGCAG-1_rna,Erythroblast,test_scRNA,,Erythroblast,test_scRNA
ATTAGTCCAGGCCAAA-1_rna,CD4+ T activated,test_scRNA,,Erythroblast,test_scATAC
AATAACCGTTACTTGC-1_rna,CD4+ T activated,test_scRNA,,Erythroblast,test_scATAC
GCAGGAAGTAATGGAA-1_rna,G/M prog,test_scRNA,,CD8+ T,test_scRNA
GCGGAACCAGGATAAC-1_rna,Erythroblast,test_scRNA,,Normoblast,test_scATAC
TAACCGGTCCTAGTCC-1_rna,CD8+ T,test_scRNA,,ILC,test_scATAC
TCAACAATCACGTTAA-1_rna,CD14+ Mono,test_scRNA,,B1 B,test_scRNA
TTTAACCTCATTGTCT-1_rna,CD4+ T activated,test_scRNA,,CD4+ T activated,test_scATAC
GGTACTTAGGATCCGC-1_rna,CD4+ T activated,test_scRNA,,ILC,test_scRNA
GATGCGACAGCAACCT-1_rna,CD4+ T activated,test_scRNA,,CD14+ Mono,test_scRNA
GTTTGTCGTGGTTAGC-1_rna,NK,test_scRNA,,HSC,test_scATAC
GTTGCTGAGCATTTCT-1_rna,CD8+ T,test_scRNA,,NK,test_scATAC
GAACTTATCTGTGCAG-1_rna,ILC,test_scRNA,,CD14+ Mono,test_scRNA
CTCACTCAGCTCGCTT-1_rna,Naive CD20+ B,test_scRNA,,Naive CD20+ B,test_scRNA
TATGACATCCCTGGTT-1_rna,CD14+ Mono,test_scRNA,,CD4+ T activated,test_scATAC
CCTTCGTAGATGGAGC-1_rna,CD8+ T,test_scRNA,,CD4+ T activated,test_scRNA
ATGCCTGAGATTCCTT-1_rna,ILC,test_scRNA,,CD4+ T activated,test_scRNA
ACCCGCTGTGGCTTCC-1_rna,CD4+ T activated,test_scRNA,,CD4+ T naive,test_scRNA
ATTAGGTGTCAACAAT-1_rna,Erythroblast,test_scRNA,,Naive CD20+ B,test_scRNA
CATTGTGCACGAACAG-1_rna,Naive CD20+ B,test_scRNA,,Naive CD20+ B,test_scRNA
GCCTCCATCACACAGT-1_rna,CD4+ T naive,test_scRNA,,Erythroblast,test_scATAC
CCTGGATCAGGCTAGA-1_rna,Erythroblast,test_scRNA,,CD14+ Mono,test_scRNA
ATTACTGAGTCACGAT-1_rna,NK,test_scRNA,,Erythroblast,test_scATAC
TTGACATCAACCTAAT-1_rna,Erythroblast,test_scRNA,,CD14+ Mono,test_scRNA
ATTTGCAAGCCGCAGT-1_rna,CD8+ T,test_scRNA,,Erythroblast,test_scRNA
CCCGTTGTCATTGACA-1_rna,CD14+ Mono,test_scRNA,,ID2-hi myeloid prog,test_scATAC
CTCATTTAGACTCGCA-1_rna,CD14+ Mono,test_scRNA,,cDC2,test_scRNA
TCGCTAACATTAAAGG-1_rna,B1 B,test_scRNA,,Erythroblast,test_scATAC
TGACTCCTCTATCGCC-1_rna,NK,test_scRNA,,CD14+ Mono,test_scRNA
TGTCCTGGTACTTCAC-1_rna,Normoblast,test_scRNA,,CD4+ T activated,test_scATAC
TATGGTCAGCGTGCGT-1_rna,CD4+ T naive,test_scRNA,,Normoblast,test_scRNA
GCTTTATTCTTGTTCG-1_rna,CD14+ Mono,test_scRNA,,CD14+ Mono,test_scRNA
CTATTACTCCTTGCAC-1_rna,Erythroblast,test_scRNA,,CD4+ T activated,test_scATAC
GCTGTAAGTTAAGCGC-1_rna,CD4+ T activated,test_scRNA,,Erythroblast,test_scRNA
GAGGCAAGTAATGGAA-1_rna,CD14+ Mono,test_scRNA,,NK,test_scATAC
ACTTAGGGTTACTTGC-1_rna,CD4+ T activated,test_scRNA,,CD4+ T activated,test_scATAC
GGACCGAAGTACCGCA-1_rna,CD8+ T,test_scRNA,,CD4+ T activated,test_scRNA
CCAGGAACATTAGCCA-1_rna,CD8+ T,test_scRNA,,CD4+ T naive,test_scRNA
CGAATCTAGTAGCGCC-1_rna,ILC,test_scRNA,,Erythroblast,test_scATAC
CGCTTACTCGATTTGA-1_rna,NK,test_scRNA,,CD8+ T,test_scATAC
CCTATTTAGCACGTTG-1_rna,CD8+ T,test_scRNA,,CD4+ T naive,test_scRNA
TAGCCTTGTTACAAAC-1_rna,CD8+ T,test_scRNA,,NK,test_scATAC
GGAACTAAGAGCCGCT-1_rna,Naive CD20+ B,test_scRNA,,CD14+ Mono,test_scATAC
GCAATGAAGCCTGATG-1_rna,CD4+ T activated,test_scRNA,,MK/E prog,test_scATAC
TTTCCGGGTACCAGGT-1_rna,CD4+ T naive,test_scRNA,,CD14+ Mono,test_scRNA
GGTCCATCATCACTTC-1_rna,NK,test_scRNA,,CD14+ Mono,test_scATAC
CGATTTGCAGGATAAC-1_rna,CD14+ Mono,test_scRNA,,Erythroblast,test_scRNA
GAGTTGCGTTTATGGG-1_rna,CD14+ Mono,test_scRNA,,CD4+ T activated,test_scRNA
GATGCAGCACCTCAGG-1_rna,CD14+ Mono,test_scRNA,,CD8+ T,test_scATAC
CTTCAGGAGGCGCATC-1_rna,CD14+ Mono,test_scRNA,,NK,test_scRNA
CAAAGTGAGCAAGGAC-1_rna,CD4+ T activated,test_scRNA,,CD8+ T,test_scATAC
GTACCTTGTAGGATCC-1_rna,NK,test_scRNA,,ILC,test_scATAC
TTGCTTTAGACAAGTG-1_rna,CD8+ T,test_scRNA,,CD14+ Mono,test_scRNA
AGGACGTAGTTAGTGC-1_rna,CD4+ T naive,test_scRNA,,Naive CD20+ B,test_scATAC
ATTTAGCCACAACCTA-1_rna,Erythroblast,test_scRNA,,CD8+ T,test_scRNA
GGCCTCTGTTGGTTCT-1_rna,Erythroblast,test_scRNA,,CD8+ T,test_scRNA
CGCTTCTAGGTTTGAC-1_rna,CD8+ T,test_scRNA,,ID2-hi myeloid prog,test_scATAC
CGCTAACCACAACAGG-1_rna,B1 B,test_scRNA,,MK/E prog,test_scATAC
AAGCCTTAGGCATTGT-1_rna,CD14+ Mono,test_scRNA,,NK,test_scATAC
AAGCGCTGTAACTACG-1_rna,Erythroblast,test_scRNA,,CD14+ Mono,test_scATAC
AGGATTGAGCGATACT-1_rna,NK,test_scRNA,,ID2-hi myeloid prog,test_scRNA
GTTTGTCGTTAACGGC-1_rna,CD14+ Mono,test_scRNA,,CD14+ Mono,test_scRNA
CTAACCACATCTAGCA-1_rna,Erythroblast,test_scRNA,,CD14+ Mono,test_scRNA
GAGTTGCGTAGCCTAA-1_rna,CD14+ Mono,test_scRNA,,NK,test_scRNA
TGCGATTAGTGGACAA-1_rna,Normoblast,test_scRNA,,CD4+ T activated,test_scATAC
TTTGCATTCTTTAGGA-1_rna,Naive CD20+ B,test_scRNA,,CD14+ Mono,test_scATAC
CCATAATCACAGGAAT-1_rna,Erythroblast,test_scRNA,,CD16+ Mono,test_scATAC
TTGCTTAGTAGTAAGA-1_rna,CD14+ Mono,test_scRNA,,CD4+ T activated,test_scRNA
GCTGAGGAGCCTCTCG-1_rna,Normoblast,test_scRNA,,CD14+ Mono,test_scRNA
GCACGAACAGCATGTC-1_rna,CD4+ T activated,test_scRNA,,CD8+ T,test_scRNA
TTGTGAGGTCCTAATC-1_rna,CD14+ Mono,test_scRNA,,CD14+ Mono,test_scRNA
CTTCAATTCCACCCTG-1_rna,CD4+ T activated,test_scRNA,,Erythroblast,test_scATAC
CGTTGCAAGGAACCAA-1_rna,CD4+ T naive,test_scRNA,,CD8+ T,test_scATAC
GTAGTTATCTCGACCT-1_rna,Erythroblast,test_scRNA,,CD4+ T naive,test_scRNA
CTAAGTCAGATGGAGC-1_rna,NK,test_scRNA,,NK,test_scRNA
AGGCAGGTCGCTAGCA-1_rna,Naive CD20+ B,test_scRNA,,CD8+ T,test_scATAC
CAACTAGGTTCAAGAT-1_rna,CD14+ Mono,test_scRNA,,NK,test_scATAC
AGTATAGCAGCTTAAT-1_rna,CD8+ T,test_scRNA,,CD4+ T activated,test_scATAC
TGCTTGTGTATTACCC-1_rna,Normoblast,test_scRNA,,B1 B,test_scRNA
AATTGGGAGCCAGTAT-1_rna,CD4+ T activated,test_scRNA,,CD4+ T activated,test_scRNA
AGCACAGCAATAATCC-1_rna,CD4+ T activated,test_scRNA,,CD4+ T activated,test_scATAC
TTAAAGGCATTTAAGC-1_rna,CD8+ T,test_scRNA,,B1 B,test_scATAC
CGCTAATAGGTGTCCA-1_rna,CD4+ T activated,test_scRNA,,CD8+ T,test_scATAC
GAGTGAGGTAGTCAAT-1_rna,G/M prog,test_scRNA,,CD4+ T activated,test_scATAC
TGAGGCACAAAGGCCA-1_rna,Erythroblast,test_scRNA,,Proerythroblast,test_scRNA
GATTATGTCAGAAACG-1_rna,CD14+ Mono,test_scRNA,,Erythroblast,test_scATAC
ACTTGTCGTGTTTGCT-1_rna,CD8+ T,test_scRNA,,MK/E prog,test_scATAC
CTCGACAAGCAAGGAC-1_rna,NK,test_scRNA,,NK,test_scRNA
TTGTTGCGTTATGTGG-1_rna,CD14+ Mono,test_scRNA,,CD4+ T activated,test_scRNA
ATGTGAGAGCAAGGAC-1_rna,CD4+ T activated,test_scRNA,,CD4+ T activated,test_scATAC
AAGCCACGTTAGCGTA-1_rna,CD14+ Mono,test_scRNA,,CD8+ T,test_scATAC
ACGACAAAGAACCTGT-1_rna,CD14+ Mono,test_scRNA,,G/M prog,test_scATAC
CCAGCTGCATAGGCGA-1_rna,CD8+ T,test_scRNA,,CD4+ T activated,test_scRNA
CTCCAACTCGCACACA-1_rna,CD4+ T activated,test_scRNA,,CD4+ T activated,test_scRNA
TTTGTGTTCATTTGCT-1_rna,CD4+ T activated,test_scRNA,,CD14+ Mono,test_scRNA
CTGTTTAGTCCTTCAG-1_rna,CD4+ T activated,test_scRNA,,NK,test_scRNA
GGTGCTGGTTGCTGGG-1_rna,CD4+ T naive,test_scRNA,,Normoblast,test_scATAC
TCTTAGTTCCCTTGCG-1_rna,CD8+ T,test_scRNA,,Erythroblast,test_scRNA
CTTGTAAAGATGCCTG-1_rna,CD14+ Mono,test_scRNA,,B1 B,test_scRNA
ATTAGGTGTTGGGTTA-1_rna,B1 B,test_scRNA,,ILC,test_scRNA
GCTTGTTGTTTGGCGG-1_rna,B1 B,test_scRNA,,B1 B,test_scATAC
GAACTTATCCTCATCA-1_rna,NK,test_scRNA,,NK,test_scRNA
AGAAGGTGTGCCGCAA-1_rna,NK,test_scRNA,,CD16+ Mono,test_scATAC
CTTACCTCAACACCTA-1_rna,CD8+ T,test_scRNA,,CD16+ Mono,test_scRNA
GAAGTAAGTCACACCC-1_rna,NK,test_scRNA,,NK,test_scATAC
AGTCAATGTGGATTAT-1_rna,Naive CD20+ B,test_scRNA,,CD4+ T activated,test_scRNA
AAGCTATGTAATGGAA-1_rna,Normoblast,test_scRNA,,CD14+ Mono,test_scRNA
CACCTGTTCAGCAAAG-1_rna,Erythroblast,test_scRNA,,CD4+ T naive,test_scATAC
CAAACGCGTATTGGTG-1_rna,G/M prog,test_scRNA,,CD4+ T activated,test_scATAC
AATCTCAAGCCTGGTA-1_rna,B1 B,test_scRNA,,Normoblast,test_scRNA
CTATTCAGTGCAACTA-1_rna,Normoblast,test_scRNA,,Plasma cell,test_scRNA
CATAATCCACCTCACC-1_rna,CD4+ T activated,test_scRNA,,Naive CD20+ B,test_scRNA
CGCCTCATCGGTTCCT-1_rna,NK,test_scRNA,,cDC2,test_scRNA
GCTGTAAGTCAAAGAA-1_rna,CD4+ T naive,test_scRNA,,Naive CD20+ B,test_scRNA
GGGAGTAGTAGTTGGC-1_rna,CD4+ T activated,test_scRNA,,Naive CD20+ B,test_scATAC
GCACGAACATGGCCTG-1_rna,Naive CD20+ B,test_scRNA,,B1 B,test_scATAC
AGCTACGTCTACCTCA-1_rna,CD14+ Mono,test_scRNA,,CD8+ T,test_scATAC
CCAGCCTGTACCGGAT-1_rna,Normoblast,test_scRNA,,CD14+ Mono,test_scATAC
GCAATAGAGGCATGAA-1_rna,CD4+ T activated,test_scRNA,,Erythroblast,test_scRNA
AGTCAAGAGTGCACGC-1_rna,CD4+ T naive,test_scRNA,,NK,test_scRNA
ACCTTCATCGCTATAA-1_rna,CD8+ T,test_scRNA,,Normoblast,test_scATAC
TCATGAGGTGCATTAG-1_rna,CD14+ Mono,test_scRNA,,CD4+ T naive,test_scATAC
CAACAGGCAAAGCTCC-1_rna,CD8+ T,test_scRNA,,Erythroblast,test_scRNA
CGCCAAATCTGCAACG-1_rna,CD8+ T,test_scRNA,,CD14+ Mono,test_scRNA
CTGCTATGTTTAGTCC-1_rna,Erythroblast,test_scRNA,,CD4+ T activated,test_scATAC
ACTCGCTTCGATAACC-1_rna,CD4+ T naive,test_scRNA,,HSC,test_scRNA
CGACTAAGTGGACCTG-1_rna,CD14+ Mono,test_scRNA,,G/M prog,test_scRNA
GTTCGCTTCATGCAAC-1_rna,CD4+ T activated,test_scRNA,,CD14+ Mono,test_scATAC
TAGGAACCAGAAATTG-1_rna,CD4+ T activated,test_scRNA,,CD4+ T activated,test_scATAC
TACTAAGTCGCTAGCA-1_rna,CD4+ T naive,test_scRNA,,CD8+ T,test_scRNA
ACTAACGGTTATGTGG-1_rna,CD14+ Mono,test_scRNA,,CD4+ T naive,test_scRNA
AGCAATACAGCGCTTG-1_rna,G/M prog,test_scRNA,,ID2-hi myeloid prog,test_scRNA
AAAGGTTAGCTGAGGG-1_rna,CD8+ T,test_scRNA,,CD4+ T activated,test_scATAC
CCGCTAGCAGCTCATA-1_rna,CD8+ T,test_scRNA,,Normoblast,test_scATAC
CTCACACTCCGTTAAA-1_rna,CD14+ Mono,test_scRNA,,Normoblast,test_scRNA
ATAAGCCTCTTGGATA-1_rna,CD14+ Mono,test_scRNA,,CD4+ T naive,test_scRNA
CTGCTCCCAAGCTAAA-1_rna,CD14+ Mono,test_scRNA,,CD4+ T activated,test_scRNA
GAGCTAGCAGGACCAA-1_rna,CD4+ T activated,test_scRNA,,CD4+ T activated,test_scATAC
AGAAAGGCAGGAATCG-1_rna,NK,test_scRNA,,CD4+ T activated,test_scRNA
CCTTATGTCATTACTC-1_rna,Normoblast,test_scRNA,,CD14+ Mono,test_scRNA
TGAGGCACACAATGCC-1_rna,CD4+ T naive,test_scRNA,,Erythroblast,test_scRNA
ATCATGTCACAAGCCT-1_rna,NK,test_scRNA,,Proerythroblast,test_scRNA
ATTCAACCATCCTAGA-1_rna,CD14+ Mono,test_scRNA,,CD14+ Mono,test_scRNA
GTTCCTGGTCTAACAG-1_rna,Erythroblast,test_scRNA,,Lymph prog,test_scRNA
CCGTTTGGTGCTGGTG-1_rna,CD4+ T naive,test_scRNA,,CD14+ Mono,test_scRNA
CTCACACTCTTAGTGA-1_rna,Erythroblast,test_scRNA,,CD8+ T,test_scRNA
CTCTCACAGAGGAGGA-1_rna,Naive CD20+ B,test_scRNA,,Normoblast,test_scRNA
AGCATCCCAAACTCAT-1_rna,NK,test_scRNA,,CD4+ T activated,test_scRNA
AATCATGTCCGGAACC-1_rna,CD4+ T naive,test_scRNA,,NK,test_scRNA
CAAGTGAAGGCCTAAT-1_rna,CD14+ Mono,test_scRNA,,CD8+ T,test_scRNA
GAACTTATCACGCATG-1_rna,CD8+ T,test_scRNA,,Normoblast,test_scATAC
TGATCAATCGCCTAAG-1_rna,Naive CD20+ B,test_scRNA,,CD8+ T,test_scRNA
TCAGCAAGTATTCGTC-1_rna,NK,test_scRNA,,Normoblast,test_scATAC
TGTGCAAGTTGTGATG-1_rna,CD8+ T,test_scRNA,,Naive CD20+ B,test_scRNA
CGCTGTGCATAATTGC-1_rna,CD4+ T naive,test_scRNA,,CD4+ T activated,test_scRNA
TTGAGCTAGGTTACGT-1_rna,Naive CD20+ B,test_scRNA,,Transitional B,test_scATAC
GCCTTAACATAATGAG-1_rna,ILC,test_scRNA,,Plasma cell,test_scRNA
CAATATGTCTTGAGCG-1_rna,CD4+ T naive,test_scRNA,,NK,test_scRNA
AATCTTGAGACCATAC-1_rna,CD4+ T activated,test_scRNA,,CD8+ T,test_scRNA
TGTTGTAAGGCATGAA-1_rna,CD4+ T activated,test_scRNA,,ILC,test_scRNA
GAGAAACGTTGAAGCC-1_rna,CD14+ Mono,test_scRNA,,Normoblast,test_scRNA
GGGCTAACATTGTCCT-1_rna,CD4+ T activated,test_scRNA,,CD16+ Mono,test_scRNA
TCATTGTTCTATCGCC-1_rna,Naive CD20+ B,test_scRNA,,CD4+ T activated,test_scRNA
TAGTTGTCAACCGCCA-1_rna,G/M prog,test_scRNA,,CD4+ T activated,test_scRNA
TCACCTCAGAGGAAGG-1_rna,Normoblast,test_scRNA,,NK,test_scATAC
GTTTGTAAGGGTGAGT-1_rna,NK,test_scRNA,,CD4+ T activated,test_scRNA
AGTTGCAGTAATAACC-1_rna,Normoblast,test_scRNA,,Naive CD20+ B,test_scATAC
TTAGCAGGTCATCATC-1_rna,CD8+ T,test_scRNA,,CD4+ T naive,test_scATAC
CTAATCGCATAATGTC-1_rna,NK,test_scRNA,,Lymph prog,test_scRNA
TCCAGCAAGTTGCCTC-1_rna,CD14+ Mono,test_scRNA,,Transitional B,test_scATAC
CTATTACTCCTTGCGT-1_rna,G/M prog,test_scRNA,,NK,test_scATAC
GTGAGCGAGGTGTTAC-1_rna,CD4+ T activated,test_scRNA,,CD4+ T activated,test_scATAC
TAACCTAAGTTAGCCG-1_rna,CD4+ T naive,test_scRNA,,Normoblast,test_scATAC
GGATGAATCTCACATT-1_rna,CD8+ T,test_scRNA,,CD4+ T activated,test_scATAC
TCAGTAGGTGTTGCTT-1_rna,CD4+ T activated,test_scRNA,,CD8+ T,test_scRNA
CTACTTAGTGACCTGG-1_rna,Erythroblast,test_scRNA,,CD8+ T,test_scATAC
GTGCCTTTCAAACACC-1_rna,Normoblast,test_scRNA,,CD8+ T,test_scRNA
TTAGACTCAACTAGAA-1_rna,CD8+ T,test_scRNA,,CD14+ Mono,test_scRNA
CGTCCTAGTTCAAGAT-1_rna,CD14+ Mono,test_scRNA,,CD4+ T activated,test_scATAC
CCGATGCAGTTCCTCA-1_rna,CD4+ T naive,test_scRNA,,CD4+ T activated,test_scRNA
CATCCTCAGACAACGA-1_rna,NK,test_scRNA,,Naive CD20+ B,test_scRNA
CCTCAAACAACTGGGA-1_rna,CD4+ T activated,test_scRNA,,pDC,test_scRNA
TCAGGTTAGAACCTAC-1_rna,Normoblast,test_scRNA,,CD8+ T,test_scATAC
GGCAGGATCCTTAGTT-1_rna,CD14+ Mono,test_scRNA,,CD8+ T,test_scRNA
TATGGGCGTTGAATCG-1_rna,CD14+ Mono,test_scRNA,,Plasma cell,test_scATAC
CCAGCTGCAGCCAGTT-1_rna,CD4+ T naive,test_scRNA,,CD4+ T activated,test_scATAC
TGAGAACCACAAAGAC-1_rna,CD8+ T,test_scRNA,,NK,test_scRNA
GCTGAGGAGGAGGACT-1_rna,CD4+ T naive,test_scRNA,,CD14+ Mono,test_scATAC
TGAAACTGTGTTGTGA-1_rna,Naive CD20+ B,test_scRNA,,G/M prog,test_scATAC
GTACTTAAGGTGAAAT-1_rna,CD4+ T activated,test_scRNA,,CD14+ Mono,test_scRNA
GCCTTGCGTGAAACAA-1_rna,CD4+ T naive,test_scRNA,,CD8+ T,test_scRNA
CAGGCTATCCTCATCA-1_rna,CD8+ T,test_scRNA,,Normoblast,test_scATAC
GCGCAATGTCCTTTAA-1_rna,CD8+ T,test_scRNA,,CD4+ T activated,test_scATAC
AGCGTGCTCTGTAAGC-1_rna,Erythroblast,test_scRNA,,CD4+ T naive,test_scATAC
TACCTTAGTTACATCC-1_rna,Naive CD20+ B,test_scRNA,,Erythroblast,test_scATAC
TCTAGCCTCCTTTACG-1_rna,CD14+ Mono,test_scRNA,,CD14+ Mono,test_scRNA
TAGTGTGGTTCATCTA-1_rna,Erythroblast,test_scRNA,,Erythroblast,test_scATAC
AGGTTAGAGGACCTGC-1_rna,Erythroblast,test_scRNA,,CD4+ T activated,test_scRNA
GGGTGTTGTCATAACG-1_rna,Normoblast,test_scRNA,,ID2-hi myeloid prog,test_scRNA
TTAGGCGTCTTCAATC-1_rna,Erythroblast,test_scRNA,,Naive CD20+ B,test_scRNA
GCAGGCAAGGATGATG-1_rna,NK,test_scRNA,,CD8+ T,test_scRNA
GATCAGGCATTAGGTT-1_rna,CD14+ Mono,test_scRNA,,CD14+ Mono,test_scRNA
TTACCGTGTCCGTAGG-1_rna,Naive CD20+ B,test_scRNA,,CD4+ T activated,test_scATAC
GGTTGAGCAGCCTGCA-1_rna,NK,test_scRNA,,Erythroblast,test_scRNA
ATTGACTCATCCCTCA-1_rna,CD4+ T naive,test_scRNA,,CD8+ T,test_scRNA
GCAAACCGTTAGACCA-1_rna,CD14+ Mono,test_scRNA,,CD4+ T naive,test_scATAC
ATGGCCGGTCAGTAAT-1_rna,Erythroblast,test_scRNA,,CD4+ T naive,test_scRNA
TCACCTCAGGACAACA-1_rna,CD4+ T naive,test_scRNA,,CD4+ T naive,test_scATAC
GGTGAGTAGGACCTTG-1_rna,Erythroblast,test_scRNA,,CD4+ T activated,test_scRNA
ATCCCGCGTCACGGAT-1_rna,NK,test_scRNA,,Erythroblast,test_scATAC
AGATGCTTCTCAATAG-1_rna,Erythroblast,test_scRNA,,CD4+ T activated,test_scRNA
GCTGTGCAGTATTGTG-1_rna,Naive CD20+ B,test_scRNA,,B1 B,test_scATAC
GTTTCTAGTTAAGGTT-1_rna,CD4+ T activated,test_scRNA,,CD4+ T naive,test_scRNA
GAGCGGTCAGTTTGGC-1_rna,CD4+ T naive,test_scRNA,,Normoblast,test_scRNA
GTATTGCAGTGAACGA-1_rna,CD8+ T,test_scRNA,,G/M prog,test_scATAC
CCTAAGGTCCACCTTA-1_rna,Erythroblast,test_scRNA,,Naive CD20+ B,test_scRNA
TGAACAACAATTAACC-1_rna,CD4+ T activated,test_scRNA,,Naive CD20+ B,test_scATAC
ACAGGAATCTCAATTC-1_rna,CD14+ Mono,test_scRNA,,CD4+ T activated,test_scRNA
ACGCCACAGCCGCAGT-1_rna,Normoblast,test_scRNA,,CD8+ T,test_scRNA
AGCTAGTTCGACCTGA-1_rna,Erythroblast,test_scRNA,,HSC,test_scATAC
CGTGTGTCATGTCGCG-1_rna,NK,test_scRNA,,CD4+ T activated,test_scATAC
CTAATCGCATCAGCAC-1_rna,Naive CD20+ B,test_scRNA,,Naive CD20+ B,test_scRNA
CGGTGAGAGGTGCTGC-1_rna,B1 B,test_scRNA,,CD14+ Mono,test_scATAC
ACTTGTCGTTAGTGAT-1_rna,CD8+ T,test_scRNA,,CD4+ T activated,test_scATAC
CTAGTAGGTTCGGGAT-1_rna,NK,test_scRNA,,CD4+ T activated,test_scRNA
CTCTGTTCACTTCATC-1_rna,CD8+ T,test_scRNA,,CD14+ Mono,test_scATAC
GGAGCATAGCGTGCGT-1_rna,CD8+ T,test_scRNA,,Naive CD20+ B,test_scRNA
AGAGAAGCATGAATCT-1_rna,B1 B,test_scRNA,,Plasma cell,test_scATAC
GAGCCACTCACCAATA-1_rna,Erythroblast,test_scRNA,,CD8+ T,test_scRNA
AGCAAGGGTTAACGGC-1_rna,CD14+ Mono,test_scRNA,,NK,test_scATAC
CAATCCCTCCTCAGTC-1_rna,CD4+ T activated,test_scRNA,,NK,test_scRNA
GCGCTTAAGCAGGTTT-1_rna,NK,test_scRNA,,Normoblast,test_scATAC
TTTAGGATCCTCACAC-1_rna,CD14+ Mono,test_scRNA,,CD4+ T activated,test_scATAC
TCGCTAACACAGACTC-1_rna,G/M prog,test_scRNA,,G/M prog,test_scATAC
ATCTTTGGTAATCACG-1_rna,NK,test_scRNA,,B1 B,test_scRNA
AGATGCTTCTAGCTAA-1_rna,CD8+ T,test_scRNA,,CD4+ T activated,test_scRNA
GCAGGCAAGCACTTGG-1_rna,CD4+ T activated,test_scRNA,,Naive CD20+ B,test_scATAC
CCCAAATAGGAACGCG-1_rna,Naive CD20+ B,test_scRNA,,CD14+ Mono,test_scRNA
GTTAAACGTTAGAGCC-1_rna,CD8+ T,test_scRNA,,NK,test_scATAC
TCGGTTACATGCTATG-1_rna,CD8+ T,test_scRNA,,CD8+ T,test_scRNA
GTCTTGCTCTTGCATT-1_rna,G/M prog,test_scRNA,,NK,test_scRNA
CCGTTTGGTTCCTGAT-1_rna,Erythroblast,test_scRNA,,CD14+ Mono,test_scRNA
CCTAATAAGATAACCC-1_rna,CD8+ T,test_scRNA,,CD8+ T,test_scRNA
CTCTAGCTCCTAATTC-1_rna,Normoblast,test_scRNA,,CD14+ Mono,test_scRNA
TGTCCTGGTTGGATCA-1_rna,CD4+ T activated,test_scRNA,,Erythroblast,test_scRNA
CATCCTGGTATTACCC-1_rna,CD8+ T,test_scRNA,,CD4+ T activated,test_scRNA
ACTTACAAGTGAACAG-1_rna,CD14+ Mono,test_scRNA,,CD8+ T,test_scRNA
GCGCTTGCAGGAACTG-1_rna,CD14+ Mono,test_scRNA,,Naive CD20+ B,test_scATAC
TACATCAAGCGAGTAA-1_rna,NK,test_scRNA,,B1 B,test_scATAC
GTAGCCATCCATAATG-1_rna,NK,test_scRNA,,CD8+ T,test_scRNA
AGATGAAGTGACATGC-1_rna,CD8+ T,test_scRNA,,MK/E prog,test_scRNA
CGCTGTGCACGGTTTA-1_rna,Erythroblast,test_scRNA,,Erythroblast,test_scRNA
TTAAGTGTCATTGCGG-1_rna,NK,test_scRNA,,CD14+ Mono,test_scATAC
TCATCCATCCTGTTCA-1_rna,NK,test_scRNA,,Erythroblast,test_scATAC
TCTATGTTCAATCATG-1_rna,CD14+ Mono,test_scRNA,,CD8+ T,test_scATAC
GTCTATCGTAGACAAA-1_rna,CD14+ Mono,test_scRNA,,CD8+ T,test_scRNA
TACCAAATCGATTCTT-1_rna,CD4+ T activated,test_scRNA,,CD14+ Mono,test_scATAC
GAGTCAAAGTTAGACC-1_rna,G/M prog,test_scRNA,,Lymph prog,test_scATAC
AGGTCATTCTACTAAG-1_rna,CD8+ T,test_scRNA,,CD4+ T activated,test_scATAC
ATTTGTGAGTGACCTG-1_rna,CD4+ T activated,test_scRNA,,Transitional B,test_scRNA
CCACTTGGTGTGTCCC-1_rna,CD4+ T activated,test_scRNA,,ILC,test_scRNA
GTCCATTGTTTAGCGA-1_rna,CD8+ T,test_scRNA,,CD4+ T activated,test_scATAC
AATGTCCAGGCGCTTA-1_rna,Erythroblast,test_scRNA,,CD8+ T,test_scATAC
CTCTAGCTCCTTCAAT-1_rna,CD14+ Mono,test_scRNA,,Erythroblast,test_scATAC
CTGCTCCCACCTAAGC-1_rna,NK,test_scRNA,,CD4+ T naive,test_scRNA
GCTAGCCAGCTATGAC-1_rna,CD4+ T naive,test_scRNA,,MK/E prog,test_scRNA
CTTGTTTAGCCGCAGT-1_rna,Normoblast,test_scRNA,,NK,test_scATAC
AAGACAAGTTCCATTA-1_rna,CD4+ T naive,test_scRNA,,CD4+ T naive,test_scATAC
CCTGCTCCACCTACTT-1_rna,NK,test_scRNA,,pDC,test_scATAC
TCTATGTTCCTTAGGG-1_rna,NK,test_scRNA,,NK,test_scATAC
CGGTTTGAGCTAAGTC-1_rna,B1 B,test_scRNA,,CD4+ T naive,test_scATAC
AACCTTGCATTGTTGG-1_rna,Erythroblast,test_scRNA,,CD4+ T activated,test_scRNA
GGTGAGTAGACTTATG-1_rna,CD14+ Mono,test_scRNA,,CD8+ T,test_scRNA
ACGACAAAGTAAAGGT-1_rna,NK,test_scRNA,,CD4+ T naive,test_scRNA
ACCTTCATCGCAATCG-1_rna,CD8+ T,test_scRNA,,CD4+ T naive,test_scRNA
ATGCAAACAGCACGAA-1_rna,B1 B,test_scRNA,,NK,test_scRNA
TGCTAGCCACTGGCTG-1_rna,CD4+ T activated,test_scRNA,,Transitional B,test_scRNA
CGCATGATCTAAGTCA-1_rna,CD14+ Mono,test_scRNA,,Naive CD20+ B,test_scATAC
GTTCGCGCATCACAGC-1_rna,ILC,test_scRNA,,CD4+ T naive,test_scATAC
CATGGCGGTCACAGAC-1_rna,CD8+ T,test_scRNA,,CD4+ T activated,test_scRNA
GTGCTTACACATAGCC-1_rna,CD14+ Mono,test_scRNA,,CD14+ Mono,test_scRNA
TGCTTCCAGTAGCCAT-1_rna,Erythroblast,test_scRNA,,CD4+ T naive,test_scATAC
AAAGGAGCATGTCGCG-1_rna,CD14+ Mono,test_scRNA,,NK,test_scATAC
AAGTTACGTTACTAGG-1_rna,Normoblast,test_scRNA,,NK,test_scRNA
TCCATATTCGCTCCAT-1_rna,CD14+ Mono,test_scRNA,,NK,test_scRNA
ACACGGACACTATGGC-1_rna,CD8+ T,test_scRNA,,B1 B,test_scRNA
AAGGTGCAGGCAACAA-1_rna,B1 B,test_scRNA,,CD8+ T,test_scATAC
GTGTTACAGTCTGGGC-1_rna,Erythroblast,test_scRNA,,CD14+ Mono,test_scATAC
TGTAAGCTCGTCCTTA-1_rna,CD14+ Mono,test_scRNA,,Erythroblast,test_scATAC
ACCACATAGCTAATCA-1_rna,Naive CD20+ B,test_scRNA,,Erythroblast,test_scATAC
GAAGGCCCATAGCGAG-1_rna,CD8+ T,test_scRNA,,Erythroblast,test_scATAC
ACATCAATCGTCCTTA-1_rna,CD4+ T activated,test_scRNA,,Proerythroblast,test_scRNA
ACCGCAATCACCATTT-1_rna,B1 B,test_scRNA,,Naive CD20+ B,test_scATAC
CTATGATCAAACGGGC-1_rna,Erythroblast,test_scRNA,,CD14+ Mono,test_scRNA
GATTGGTTCCGCAACA-1_rna,CD14+ Mono,test_scRNA,,Erythroblast,test_scATAC
GCCAATAGTACGTTTC-1_rna,Normoblast,test_scRNA,,Naive CD20+ B,test_scATAC
TATAGCTCAAAGGCCA-1_rna,CD4+ T activated,test_scRNA,,NK,test_scATAC
AGATGCTTCGGGATTT-1_rna,NK,test_scRNA,,CD14+ Mono,test_scRNA
CTTTAGTTCTAAGTGC-1_rna,B1 B,test_scRNA,,CD8+ T,test_scATAC
GAAGGCCCATTCAGCA-1_rna,Erythroblast,test_scRNA,,Erythroblast,test_scATAC
TTGGGCCAGGAAGCTA-1_rna,Naive CD20+ B,test_scRNA,,Normoblast,test_scRNA
GTGGACACACGTAATT-1_rna,Normoblast,test_scRNA,,Naive CD20+ B,test_scRNA
GTTCTTGTCGATTCTT-1_rna,ILC,test_scRNA,,CD4+ T naive,test_scATAC
AACCGGCTCGCGCTAA-1_rna,CD8+ T,test_scRNA,,CD4+ T naive,test_scRNA
TGCTAGCCATCCCGCT-1_rna,Naive CD20+ B,test_scRNA,,Erythroblast,test_scRNA
TTTGTCCCACTAAGTT-1_rna,CD14+ Mono,test_scRNA,,CD4+ T naive,test_scATAC
CCAACCCGTGGACATC-1_rna,CD4+ T activated,test_scRNA,,NK,test_scATAC
ACCTTGTGTGATGAAA-1_rna,NK,test_scRNA,,NK,test_scRNA
CGTGCTGCAAGACTCC-1_rna,CD14+ Mono,test_scRNA,,Proerythroblast,test_scRNA
GGCCAACTCCTGTTCA-1_rna,CD4+ T activated,test_scRNA,,NK,test_scRNA
GAGGTAGGTCTCAGCC-1_rna,CD4+ T naive,test_scRNA,,B1 B,test_scRNA
ACTTGTAAGAACAAGT-1_rna,Naive CD20+ B,test_scRNA,,CD4+ T naive,test_scRNA
TAGGAGGGTGACATAT-1_rna,CD4+ T activated,test_scRNA,,ID2-hi myeloid prog,test_scATAC
GTTCCCAGTAGGTTAT-1_rna,B1 B,test_scRNA,,Erythroblast,test_scRNA
TTACGTTTCATGAAGG-1_rna,Erythroblast,test_scRNA,,pDC,test_scRNA
ACGCAAGCAACTAGAA-1_rna,NK,test_scRNA,,NK,test_scRNA
CGATATTCATTATGAC-1_rna,CD4+ T activated,test_scRNA,,Normoblast,test_scATAC
CTAATCGCAGCTTAGC-1_rna,NK,test_scRNA,,CD14+ Mono,test_scRNA
GCGAGTGAGCCTGACA-1_rna,CD14+ Mono,test_scRNA,,CD14+ Mono,test_scATAC
TAACCGGTCATGCAAC-1_rna,B1 B,test_scRNA,,ID2-hi myeloid prog,test_scATAC
CGTAGCGGTAACGTGC-1_rna,Erythroblast,test_scRNA,,Normoblast,test_scRNA
TTGGGTTAGGCCAATT-1_rna,Erythroblast,test_scRNA,,Plasma cell,test_scATAC
ATCGGCCAGCCGCTAA-1_rna,CD8+ T,test_scRNA,,CD8+ T,test_scATAC
AACAGGATCCTGGCTT-1_rna,CD4+ T naive,test_scRNA,,B1 B,test_scATAC
GTAGCCATCGCTATGG-1_rna,Erythroblast,test_scRNA,,CD8+ T,test_scATAC
CCCGTAAAGGCGCTTA-1_rna,Erythroblast,test_scRNA,,Transitional B,test_scRNA
CACCTCAGTCCGGTTC-1_rna,Normoblast,test_scRNA,,NK,test_scATAC
GCTTACCTCGCTAAGT-1_rna,CD4+ T activated,test_scRNA,,CD14+ Mono,test_scRNA
AACCTTAAGAGAGGCT-1_rna,CD14+ Mono,test_scRNA,,MK/E prog,test_scATAC
TGCTCTCAGTTATCTC-1_rna,ILC,test_scRNA,,ID2-hi myeloid prog,test_scATAC
AGGGCTACATAAGCAA-1_rna,CD4+ T naive,test_scRNA,,CD4+ T naive,test_scRNA
GACCTGATCAAGACTC-1_rna,Erythroblast,test_scRNA,,Erythroblast,test_scRNA
ACCTTGTGTGGAAACG-1_rna,Naive CD20+ B,test_scRNA,,Erythroblast,test_scATAC
AACAGCAAGATAGACG-1_rna,CD14+ Mono,test_scRNA,,Erythroblast,test_scATAC
AATCGCCCACGCAACT-1_rna,NK,test_scRNA,,Naive CD20+ B,test_scATAC
GTGTGCGGTTTGCTGT-1_rna,B1 B,test_scRNA,,CD14+ Mono,test_scATAC
TGTTGTGCATGCTTAG-1_rna,CD4+ T activated,test_scRNA,,CD4+ T naive,test_scRNA
GCCTTGCGTTAAGTGT-1_rna,CD4+ T naive,test_scRNA,,Naive CD20+ B,test_scRNA
GAGGTTAAGCGCTCAA-1_rna,Erythroblast,test_scRNA,,B1 B,test_scATAC
TGTGCTGAGCATCCAG-1_rna,CD14+ Mono,test_scRNA,,CD14+ Mono,test_scATAC
TATGCATCACAACAAA-1_rna,CD8+ T,test_scRNA,,NK,test_scRNA
TCGGTTTGTTTGTTGC-1_rna,CD14+ Mono,test_scRNA,,Erythroblast,test_scATAC
GTAAAGCCAGCTTAGC-1_rna,CD4+ T naive,test_scRNA,,CD4+ T naive,test_scRNA
TATGCATCACGTTACA-1_rna,Normoblast,test_scRNA,,NK,test_scATAC
ACTTGCACATAATCCG-1_rna,ILC,test_scRNA,,NK,test_scATAC
CGTCCTAGTTAGTACG-1_rna,CD4+ T activated,test_scRNA,,G/M prog,test_scRNA
ACGCAAGCATCAGTAT-1_rna,CD14+ Mono,test_scRNA,,Naive CD20+ B,test_scRNA
GTTAACCAGCAACATC-1_rna,Normoblast,test_scRNA,,CD4+ T naive,test_scATAC
GATAAAGGTTGGCCGA-1_rna,Erythroblast,test_scRNA,,CD14+ Mono,test_scRNA
TTAGTCAAGCATGAAG-1_rna,CD4+ T activated,test_scRNA,,Erythroblast,test_scRNA
AGTGGACAGCAGCTAT-1_rna,B1 B,test_scRNA,,CD8+ T,test_scRNA
CCGGTTAAGTTATTCC-1_rna,Naive CD20+ B,test_scRNA,,NK,test_scRNA
GATCCGTCAGACAAAC-1_rna,CD8+ T,test_scRNA,,CD4+ T naive,test_scATAC
CCTCAATGTACGGTAC-1_rna,CD4+ T naive,test_scRNA,,Normoblast,test_scATAC
CCATAAATCAGGAACA-1_rna,CD8+ T,test_scRNA,,CD8+ T,test_scATAC
ACCCAACCATTGTGTG-1_rna,Naive CD20+ B,test_scRNA,,CD4+ T naive,test_scRNA
GGGCCTAGTTTCGCCA-1_rna,CD4+ T activated,test_scRNA,,CD8+ T,test_scRNA
ACTTATGAGCTGCACA-1_rna,Erythroblast,test_scRNA,,Normoblast,test_scATAC
GGAAGCTAGGGACTAA-1_rna,CD14+ Mono,test_scRNA,,Erythroblast,test_scATAC
ATGTCATCAAGGTCGA-1_rna,NK,test_scRNA,,Normoblast,test_scRNA
TACGGTTAGGACCTTG-1_rna,CD8+ T,test_scRNA,,pDC,test_scATAC
AATTAGGCAACAGGTG-1_rna,CD4+ T naive,test_scRNA,,CD14+ Mono,test_scATAC
GATCGATTCTAAGGAG-1_rna,CD8+ T,test_scRNA,,CD14+ Mono,test_scATAC
CGCACCACAGTACCGT-1_rna,G/M prog,test_scRNA,,CD4+ T naive,test_scATAC
GCTCAACCATTGTGAT-1_rna,B1 B,test_scRNA,,CD4+ T activated,test_scATAC
GGTGTCCAGTGAAGTG-1_rna,Normoblast,test_scRNA,,Erythroblast,test_scRNA
TATAGCCAGCCGCTAA-1_rna,CD4+ T activated,test_scRNA,,NK,test_scATAC
GCAGGCAAGGCGAATA-1_rna,CD14+ Mono,test_scRNA,,CD4+ T activated,test_scATAC
AATGTCCAGGTAACGA-1_rna,CD4+ T activated,test_scRNA,,CD4+ T activated,test_scATAC
TCATTTGGTTCCTGAT-1_rna,CD4+ T naive,test_scRNA,,CD4+ T naive,test_scATAC
CCTGACTTCGTTACTT-1_rna,CD4+ T activated,test_scRNA,,Naive CD20+ B,test_scRNA
AAAGGCTCAGGTTAAA-1_rna,CD14+ Mono,test_scRNA,,Naive CD20+ B,test_scATAC
CCGTTGCGTATTCGTC-1_rna,B1 B,test_scRNA,,Normoblast,test_scATAC
GGCCTAATCGAGGAAC-1_rna,NK,test_scRNA,,Erythroblast,test_scRNA
TCAAGTATCTAGCTAA-1_rna,Normoblast,test_scRNA,,CD4+ T activated,test_scATAC
TTTAGGATCTCACTCA-1_rna,CD4+ T activated,test_scRNA,,CD4+ T activated,test_scATAC
TAATCACCATGTGGGA-1_rna,CD4+ T activated,test_scRNA,,CD4+ T naive,test_scATAC
ATCGCCCGTAGACAAA-1_rna,CD4+ T naive,test_scRNA,,Erythroblast,test_scRNA
ACTTTGTTCCTAGTAA-1_rna,ILC,test_scRNA,,Naive CD20+ B,test_scATAC
ACGCCTAAGCAAGGGT-1_rna,Erythroblast,test_scRNA,,Naive CD20+ B,test_scRNA
GGATTGCGTTACCGGG-1_rna,CD14+ Mono,test_scRNA,,pDC,test_scRNA
GCTTAAATCTGTGCCT-1_rna,Erythroblast,test_scRNA,,CD8+ T,test_scRNA
GGTAATTGTAATCGGC-1_rna,Erythroblast,test_scRNA,,CD14+ Mono,test_scATAC
TATGCATCAGTACCGT-1_rna,CD4+ T naive,test_scRNA,,CD4+ T naive,test_scRNA
GGCATTAGTACCGGAT-1_rna,B1 B,test_scRNA,,Normoblast,test_scRNA
CGTCATTGTAATCACG-1_rna,CD4+ T activated,test_scRNA,,Naive CD20+ B,test_scRNA
GTAGCTGTCGAGCAAA-1_rna,Naive CD20+ B,test_scRNA,,CD8+ T,test_scATAC
TATGGGCGTAATCGCA-1_rna,NK,test_scRNA,,NK,test_scRNA
TGTGAAACATCATGGC-1_rna,CD4+ T naive,test_scRNA,,Normoblast,test_scATAC
CACCGGTAGCGATAAG-1_rna,CD4+ T naive,test_scRNA,,G/M prog,test_scATAC
ATTAGTCCAACAGGTG-1_rna,CD4+ T activated,test_scRNA,,Plasma cell,test_scRNA
CTAATCCGTCTTTGAC-1_rna,CD14+ Mono,test_scRNA,,CD4+ T naive,test_scRNA
AGATGCTTCTATCGCC-1_rna,CD8+ T,test_scRNA,,CD4+ T naive,test_scRNA
CATAAGCTCCTCACAC-1_rna,CD8+ T,test_scRNA,,CD14+ Mono,test_scATAC
ACATCATCAGCTCAAC-1_rna,Naive CD20+ B,test_scRNA,,CD8+ T,test_scATAC
CGCTTCTAGCTGGACC-1_rna,CD8+ T,test_scRNA,,Plasma cell,test_scATAC
GGCTTCAAGCAGGTTT-1_rna,CD14+ Mono,test_scRNA,,CD4+ T naive,test_scATAC
GGATTGCGTTAATCGG-1_rna,CD14+ Mono,test_scRNA,,Normoblast,test_scATAC
AGCCTGGGTCACAGAC-1_rna,CD8+ T,test_scRNA,,Erythroblast,test_scATAC
GTTTCTAGTGTTGCTT-1_rna,CD4+ T naive,test_scRNA,,Normoblast,test_scATAC
ATCAGGTTCAAGTGTC-1_rna,NK,test_scRNA,,CD14+ Mono,test_scRNA
CCTTATGTCTCAATAG-1_rna,Naive CD20+ B,test_scRNA,,CD14+ Mono,test_scRNA
CCGTTACTCCAATTAG-1_rna,CD8+ T,test_scRNA,,Erythroblast,test_scATAC
TACCCGGCAGAGGGAG-1_rna,Erythroblast,test_scRNA,,Proerythroblast,test_scRNA
ATTGTCCGTCCTAATC-1_rna,CD14+ Mono,test_scRNA,,Normoblast,test_scRNA
GCAGCTATCCGCCTCA-1_rna,CD8+ T,test_scRNA,,Normoblast,test_scATAC
GAGAGGCGTCAGTAAT-1_rna,CD4+ T activated,test_scRNA,,CD4+ T activated,test_scATAC
ATTCATGAGTTTGTCT-1_rna,NK,test_scRNA,,NK,test_scRNA
CGTAACTAGTAAGTCC-1_rna,Erythroblast,test_scRNA,,B1 B,test_scRNA
TAGTTTGAGAAGCTAG-1_rna,Erythroblast,test_scRNA,,CD4+ T naive,test_scRNA
CAGATTCAGCGGCTGT-1_rna,CD4+ T activated,test_scRNA,,CD8+ T,test_scATAC
GGTCTTTGTCCGTGAG-1_rna,Naive CD20+ B,test_scRNA,,CD14+ Mono,test_scRNA
GTCCATTGTTTCAGGA-1_rna,CD8+ T,test_scRNA,,CD4+ T activated,test_scRNA
CTTACTAGTTGAGGTC-1_rna,Erythroblast,test_scRNA,,NK,test_scRNA
TGCTTCATCATGTTTC-1_rna,CD14+ Mono,test_scRNA,,CD4+ T activated,test_scRNA
CCAAGGCTCCTGATTT-1_rna,CD4+ T activated,test_scRNA,,MK/E prog,test_scRNA
GAGTTACTCCGGCTAA-1_rna,ILC,test_scRNA,,CD4+ T activated,test_scRNA
CCCAAATAGTCTATGA-1_rna,CD14+ Mono,test_scRNA,,pDC,test_scRNA
TTGGATTCACCTAATG-1_rna,Naive CD20+ B,test_scRNA,,Erythroblast,test_scRNA
TATCACAAGCTTTGGG-1_rna,CD4+ T activated,test_scRNA,,Naive CD20+ B,test_scRNA
TGGTTGAGTTTGTGGA-1_rna,CD14+ Mono,test_scRNA,,G/M prog,test_scATAC
TCCCTGGTCGATATTG-1_rna,CD14+ Mono,test_scRNA,,Erythroblast,test_scRNA
CATAGTCAGGTCGATT-1_rna,Normoblast,test_scRNA,,CD4+ T activated,test_scATAC
CTAGTGAGTCAAGTAT-1_rna,CD4+ T activated,test_scRNA,,CD8+ T,test_scATAC
CCTGGATCAATTGCGC-1_rna,CD4+ T activated,test_scRNA,,Naive CD20+ B,test_scATAC
CTGTAACAGGGTCCAC-1_rna,CD4+ T naive,test_scRNA,,CD8+ T,test_scRNA
GCTGGATGTTTGCTGT-1_rna,NK,test_scRNA,,CD16+ Mono,test_scATAC
TGATCAATCTAAGGAG-1_rna,Normoblast,test_scRNA,,CD8+ T,test_scATAC
CCCAAATAGGGACCTC-1_rna,CD4+ T naive,test_scRNA,,Erythroblast,test_scRNA
GACCTAGTCATTTAGG-1_rna,Normoblast,test_scRNA,,Naive CD20+ B,test_scATAC
GCATATATCCCTCGCA-1_rna,CD4+ T activated,test_scRNA,,CD8+ T,test_scRNA
AACTTAGTCGTTCACC-1_rna,CD4+ T naive,test_scRNA,,CD8+ T,test_scATAC
CTACTAAAGTCACCTC-1_rna,B1 B,test_scRNA,,CD14+ Mono,test_scATAC
CATATCGCAACTCGCG-1_rna,Normoblast,test_scRNA,,Naive CD20+ B,test_scATAC
GGTGTGACACACTAAT-1_rna,Erythroblast,test_scRNA,,CD8+ T,test_scATAC
ATAGCATGTCCGTGAG-1_rna,B1 B,test_scRNA,,MK/E prog,test_scRNA
AGTTGCGTCCCTCATA-1_rna,Erythroblast,test_scRNA,,NK,test_scATAC
CGAGGAAGTTACCGGG-1_rna,NK,test_scRNA,,CD14+ Mono,test_scRNA
CCTGTAACAATCGCAC-1_rna,Naive CD20+ B,test_scRNA,,CD14+ Mono,test_scRNA
ACCAGGCTCAGTTCCC-1_rna,B1 B,test_scRNA,,CD14+ Mono,test_scRNA
ATCGAGGCAATAGCAA-1_rna,CD14+ Mono,test_scRNA,,Naive CD20+ B,test_scATAC
TTTCTCACATAGCGGA-1_rna,NK,test_scRNA,,CD14+ Mono,test_scRNA
TGGATTCAGCTTACTT-1_rna,CD4+ T naive,test_scRNA,,CD4+ T activated,test_scRNA
ATTCAACCAATTGACT-1_rna,CD4+ T activated,test_scRNA,,NK,test_scRNA
CTAACCCTCTAAGGTC-1_rna,NK,test_scRNA,,CD14+ Mono,test_scRNA
GCTTTGTGTCATTAGG-1_rna,CD8+ T,test_scRNA,,CD14+ Mono,test_scATAC
CGAAATGAGGCCAATT-1_rna,Naive CD20+ B,test_scRNA,,Naive CD20+ B,test_scRNA
TCGATTAAGGTTACAC-1_rna,NK,test_scRNA,,Erythroblast,test_scATAC
AAACCGCGTAAGCACC-1_rna,CD4+ T activated,test_scRNA,,CD8+ T,test_scRNA
CCTATTGTCATGTTTC-1_rna,Erythroblast,test_scRNA,,NK,test_scRNA
CTGTTAAAGGTGAAGC-1_rna,Normoblast,test_scRNA,,Naive CD20+ B,test_scRNA
GAGAACCAGGAGTAAT-1_rna,CD14+ Mono,test_scRNA,,CD14+ Mono,test_scATAC
ATGCCTGAGGACTAAG-1_rna,CD14+ Mono,test_scRNA,,ILC,test_scATAC
ACCTTCATCGTAACGT-1_rna,B1 B,test_scRNA,,CD4+ T activated,test_scRNA
TTGTTTGGTTGTTCAC-1_rna,Erythroblast,test_scRNA,,Erythroblast,test_scRNA
ACATTAGTCGCATTAA-1_rna,CD14+ Mono,test_scRNA,,HSC,test_scATAC
TAAGGACCAGGTTATT-1_rna,CD4+ T activated,test_scRNA,,CD4+ T activated,test_scRNA
GCGGATACAGCATGAG-1_rna,CD4+ T activated,test_scRNA,,CD4+ T activated,test_scATAC
AGCCAGTGTACTTAGG-1_rna,Erythroblast,test_scRNA,,CD8+ T,test_scATAC
AAGAATCAGTATTGCA-1_rna,CD14+ Mono,test_scRNA,,NK,test_scATAC
ACACTTAAGCTGTACG-1_rna,CD8+ T,test_scRNA,,CD14+ Mono,test_scATAC
ACCCGGTAGGAGCATA-1_rna,Erythroblast,test_scRNA,,CD4+ T activated,test_scRNA
TAGCAGGCAAAGCTAA-1_rna,CD14+ Mono,test_scRNA,,CD4+ T activated,test_scATAC
GTTCCTGGTCCTTCTC-1_rna,B1 B,test_scRNA,,ID2-hi myeloid prog,test_scATAC
ACTCACTGTTAAGTGT-1_rna,Normoblast,test_scRNA,,Erythroblast,test_scRNA
CTAGCTGAGGGCCACT-1_rna,NK,test_scRNA,,CD4+ T activated,test_scATAC
TCTAGCGAGGTTTGAC-1_rna,CD8+ T,test_scRNA,,Erythroblast,test_scATAC
TGGTTCTGTGAGGTGA-1_rna,Normoblast,test_scRNA,,pDC,test_scATAC
TCCAGGTCATAGACCC-1_rna,CD14+ Mono,test_scRNA,,Erythroblast,test_scRNA
TCTCAATTCTCAATGA-1_rna,CD4+ T activated,test_scRNA,,CD14+ Mono,test_scATAC
TGTTACTTCAGGGCCT-1_rna,CD4+ T naive,test_scRNA,,CD14+ Mono,test_scRNA
CACCGGTAGGCCTAAT-1_rna,CD14+ Mono,test_scRNA,,Normoblast,test_scATAC
TCCACAACAGTCTATG-1_rna,Normoblast,test_scRNA,,CD8+ T,test_scATAC
CGGTTTCTCCCGCAAA-1_rna,Erythroblast,test_scRNA,,Naive CD20+ B,test_scATAC
AGTCAGGCAACTCGCG-1_rna,CD14+ Mono,test_scRNA,,CD8+ T,test_scATAC
TTTCAGTTCCCTGACT-1_rna,CD8+ T,test_scRNA,,CD8+ T,test_scATAC
TTTAGCTTCCGGCTAA-1_rna,NK,test_scRNA,,Erythroblast,test_scRNA
CCAGCTAAGTCATTTC-1_rna,Erythroblast,test_scRNA,,Erythroblast,test_scATAC
AGTCCTGAGGTCATTA-1_rna,CD4+ T naive,test_scRNA,,Naive CD20+ B,test_scATAC
TGTTGTGCATTAGGTT-1_rna,CD4+ T activated,test_scRNA,,Erythroblast,test_scRNA
TCAGTAGGTCACCAAA-1_rna,CD4+ T activated,test_scRNA,,CD8+ T,test_scRNA
TCTCCTCGTTCCGCAC-1_rna,Normoblast,test_scRNA,,CD14+ Mono,test_scRNA
TAGCGCGGTAACGAGG-1_rna,Naive CD20+ B,test_scRNA,,Naive CD20+ B,test_scATAC
TCAAACCAGTAATCCA-1_rna,CD4+ T naive,test_scRNA,,NK,test_scATAC
GGAAGTATCCGCCTCA-1_rna,CD8+ T,test_scRNA,,CD14+ Mono,test_scRNA
TACAATGTCCTGGTCT-1_rna,CD8+ T,test_scRNA,,NK,test_scRNA
CTAATCTTCATAGCCG-1_rna,CD4+ T naive,test_scRNA,,NK,test_scRNA
TATAGGTGTTAGCATG-1_rna,CD4+ T naive,test_scRNA,,G/M prog,test_scATAC
CGGCTCACATGTCAAT-1_rna,CD4+ T activated,test_scRNA,,CD8+ T,test_scATAC
ACGAATCTCCTAGTCC-1_rna,CD14+ Mono,test_scRNA,,NK,test_scATAC
CATCATGCACTTACAG-1_rna,NK,test_scRNA,,Normoblast,test_scATAC
AGTGTGGCATGAATAG-1_rna,CD14+ Mono,test_scRNA,,CD4+ T naive,test_scRNA
TTTAAGGTCATTAGGC-1_rna,Normoblast,test_scRNA,,CD4+ T activated,test_scATAC
CAAAGGATCAAGCCTG-1_rna,CD8+ T,test_scRNA,,Erythroblast,test_scRNA
CAAGTTATCAGGGCCT-1_rna,CD4+ T activated,test_scRNA,,MK/E prog,test_scRNA
TTGTGAGGTCGTAAAT-1_rna,CD14+ Mono,test_scRNA,,ILC,test_scATAC
CGTGCTGCACAAACTT-1_rna,CD8+ T,test_scRNA,,CD8+ T,test_scATAC
TTATCCTAGGCTTAAC-1_rna,CD14+ Mono,test_scRNA,,CD4+ T naive,test_scATAC
GTGTCCAAGTTTGAGC-1_rna,Erythroblast,test_scRNA,,Erythroblast,test_scRNA
TAAGCTGGTTTCGCCA-1_rna,NK,test_scRNA,,Normoblast,test_scRNA
CCTATTTAGTTCCCAC-1_rna,CD4+ T naive,test_scRNA,,CD8+ T,test_scATAC
ACTCGCTTCAATGAGG-1_rna,Naive CD20+ B,test_scRNA,,CD14+ Mono,test_scRNA
GAACCAGCAACCCTCC-1_rna,Erythroblast,test_scRNA,,CD8+ T,test_scRNA
ACCTAAATCGGTTACG-1_rna,NK,test_scRNA,,CD8+ T,test_scRNA
TTCACTGTCATCCTCA-1_rna,CD4+ T activated,test_scRNA,,CD4+ T activated,test_scRNA
CCTTATGTCTTTAGGA-1_rna,Naive CD20+ B,test_scRNA,,Proerythroblast,test_scATAC
AACATTGTCCACCCTG-1_rna,CD4+ T naive,test_scRNA,,CD4+ T activated,test_scRNA
TTTCATCAGGATTGCT-1_rna,Normoblast,test_scRNA,,CD4+ T activated,test_scRNA
GACATAGAGCTATGAC-1_rna,CD4+ T activated,test_scRNA,,Erythroblast,test_scATAC
GTTGCGGGTTGTGATG-1_rna,Erythroblast,test_scRNA,,CD8+ T,test_scRNA
GGGTTATTCGATTATG-1_rna,Naive CD20+ B,test_scRNA,,B1 B,test_scATAC
AGGGTTGCAAGCTTAT-1_rna,NK,test_scRNA,,NK,test_scRNA
GGCAAATCATCGCTTT-1_rna,CD8+ T,test_scRNA,,CD8+ T,test_scRNA
ACTTAGTCACCCACCT-1_rna,CD4+ T activated,test_scRNA,,CD14+ Mono,test_scATAC
TGCTTCATCTCACTAT-1_rna,Erythroblast,test_scRNA,,CD4+ T activated,test_scRNA
CGCAAATTCGGTCATG-1_rna,Naive CD20+ B,test_scRNA,,CD4+ T naive,test_scRNA
CGGTTTGAGAGGAGTC-1_rna,CD14+ Mono,test_scRNA,,Erythroblast,test_scRNA
GGAATCTTCGTAATCA-1_rna,CD4+ T activated,test_scRNA,,MK/E prog,test_scRNA
AGTGTGGCAGCTTAGC-1_rna,CD8+ T,test_scRNA,,Erythroblast,test_scATAC
GTCATGAGTCTCAGCC-1_rna,Erythroblast,test_scRNA,,NK,test_scATAC
TGACCTTGTTAGACCA-1_rna,CD14+ Mono,test_scRNA,,Erythroblast,test_scRNA
ATGTAACGTGGACCTG-1_rna,NK,test_scRNA,,CD14+ Mono,test_scRNA
TTTGACTTCAGCCAAT-1_rna,CD14+ Mono,test_scRNA,,CD8+ T,test_scATAC
GCAACAGCACGAATCC-1_rna,CD8+ T,test_scRNA,,NK,test_scRNA
CGGTTGGGTTACTTGC-1_rna,CD8+ T,test_scRNA,,B1 B,test_scRNA
CTATGGCCAGCCTAAC-1_rna,G/M prog,test_scRNA,,CD8+ T,test_scRNA
GTTTGTAAGACCATAC-1_rna,CD4+ T activated,test_scRNA,,CD14+ Mono,test_scATAC
ATGACGAAGCTCCTTA-1_rna,CD4+ T naive,test_scRNA,,Naive CD20+ B,test_scATAC
CTTGTCCAGAGGAGGA-1_rna,NK,test_scRNA,,Normoblast,test_scATAC
CGCAATAGTTGTTGGA-1_rna,CD4+ T naive,test_scRNA,,CD4+ T naive,test_scRNA
AGCTTCCTCACCGGTA-1_rna,CD14+ Mono,test_scRNA,,CD8+ T,test_scRNA
GTAAGCTTCGCTATGG-1_rna,Erythroblast,test_scRNA,,CD8+ T,test_scATAC
ATTAGCGGTCGTAAAT-1_rna,NK,test_scRNA,,Plasma cell,test_scRNA
GTGCGCAGTTCACTGT-1_rna,CD14+ Mono,test_scRNA,,CD4+ T activated,test_scATAC
AAAGCCGCAAACTAAG-1_rna,NK,test_scRNA,,CD4+ T activated,test_scATAC
TGGCTTTGTCAATAGT-1_rna,CD8+ T,test_scRNA,,CD8+ T,test_scATAC
AAGACCAAGGGACGCA-1_rna,CD14+ Mono,test_scRNA,,CD4+ T activated,test_scRNA
TCGATTAAGGCGGGTA-1_rna,CD4+ T activated,test_scRNA,,Naive CD20+ B,test_scRNA
TATCCGGAGTTATTCC-1_rna,CD4+ T activated,test_scRNA,,CD14+ Mono,test_scRNA
AGCCTGGGTCATTGTC-1_rna,Erythroblast,test_scRNA,,Erythroblast,test_scATAC
ATTATCCTCCCTCGCA-1_rna,Erythroblast,test_scRNA,,CD14+ Mono,test_scATAC
AACATCATCACGTTAA-1_rna,CD4+ T activated,test_scRNA,,CD4+ T naive,test_scATAC
CCAAACTAGTCATTAG-1_rna,Erythroblast,test_scRNA,,CD8+ T,test_scRNA
GTCATCACAATAAGCA-1_rna,Normoblast,test_scRNA,,Erythroblast,test_scATAC
GTCGAGGAGGTTTGCG-1_rna,CD14+ Mono,test_scRNA,,NK,test_scATAC
GAATTTGTCTAAGTCA-1_rna,B1 B,test_scRNA,,CD4+ T activated,test_scRNA
TACCAAATCTAAATCG-1_rna,CD8+ T,test_scRNA,,NK,test_scATAC
TCCATAAAGCTAAGTC-1_rna,CD4+ T naive,test_scRNA,,Naive CD20+ B,test_scRNA
TTCCACGGTCACTCGC-1_rna,ILC,test_scRNA,,CD4+ T activated,test_scRNA
GTCGAGGAGCTCAATA-1_rna,CD14+ Mono,test_scRNA,,CD8+ T,test_scRNA
CTACCTCAGTTCCCGT-1_rna,CD14+ Mono,test_scRNA,,CD4+ T naive,test_scRNA
AGTAACGAGCACCACA-1_rna,Erythroblast,test_scRNA,,CD14+ Mono,test_scRNA
TCCGGTTTCGGGACTC-1_rna,CD4+ T activated,test_scRNA,,MK/E prog,test_scRNA
AGTGTTTCAGGGAGGA-1_rna,NK,test_scRNA,,CD4+ T naive,test_scRNA
AGCGCTCAGAGAGGCT-1_rna,Erythroblast,test_scRNA,,Erythroblast,test_scATAC
AGTGAGTCATTCAGCA-1_rna,CD14+ Mono,test_scRNA,,CD14+ Mono,test_scRNA
TACGGTTAGCATTTCT-1_rna,G/M prog,test_scRNA,,CD8+ T,test_scATAC
GAAGTGATCCCTCGCA-1_rna,CD4+ T activated,test_scRNA,,CD4+ T activated,test_scATAC
TGCTTCCAGCGTGCAC-1_rna,Erythroblast,test_scRNA,,Erythroblast,test_scATAC
CAATGACTCTCCATAT-1_rna,Erythroblast,test_scRNA,,CD4+ T activated,test_scATAC
CCAACATAGGAGGTTA-1_rna,Erythroblast,test_scRNA,,Normoblast,test_scRNA
CCTAAGTAGTTTGCGG-1_rna,Erythroblast,test_scRNA,,CD16+ Mono,test_scATAC
ATGACAACATGGCCCA-1_rna,B1 B,test_scRNA,,Erythroblast,test_scRNA
TGTTCCTCAATAACGA-1_rna,Erythroblast,test_scRNA,,CD4+ T activated,test_scATAC
GGACTAAAGCAGCTCA-1_rna,Erythroblast,test_scRNA,,Erythroblast,test_scATAC
ATTGTCCGTAACTACG-1_rna,CD8+ T,test_scRNA,,G/M prog,test_scRNA
TCTGTGACATCTAGCA-1_rna,CD8+ T,test_scRNA,,Naive CD20+ B,test_scRNA
CCACATTGTTTGTCTA-1_rna,CD14+ Mono,test_scRNA,,CD4+ T activated,test_scRNA
GGACTAAAGCTTCCCG-1_rna,NK,test_scRNA,,CD4+ T activated,test_scATAC
AGTAACACACCAACCG-1_rna,Naive CD20+ B,test_scRNA,,Naive CD20+ B,test_scATAC
TGGATTCAGGCTGGCT-1_rna,CD4+ T activated,test_scRNA,,CD4+ T activated,test_scATAC
GGCAAGCCACTTAGGC-1_rna,CD4+ T naive,test_scRNA,,CD4+ T activated,test_scATAC
TGTGCGCAGCTTCTCA-1_rna,Naive CD20+ B,test_scRNA,,CD8+ T,test_scRNA
CTTGCTCAGCTCCCTG-1_rna,CD4+ T activated,test_scRNA,,Erythroblast,test_scATAC
TTAGCTGCAAACTGTT-1_rna,CD8+ T,test_scRNA,,CD14+ Mono,test_scATAC
TGATCACAGTTTCCTG-1_rna,CD14+ Mono,test_scRNA,,CD8+ T,test_scRNA
TCAGTAATCCCTCATA-1_rna,NK,test_scRNA,,Erythroblast,test_scATAC
CAATCGCCAGTTTCTC-1_rna,B1 B,test_scRNA,,Normoblast,test_scATAC
CTGTAACAGAAGCTAG-1_rna,CD4+ T activated,test_scRNA,,Plasma cell,test_scATAC
GCAAACAAGTTAGCCG-1_rna,ILC,test_scRNA,,HSC,test_scATAC
GGTTCTTGTGAGAAAC-1_rna,CD4+ T activated,test_scRNA,,CD8+ T,test_scATAC
TCAGGAGCATAATTGC-1_rna,CD8+ T,test_scRNA,,G/M prog,test_scATAC
GCTGGTTCAAGCGAGC-1_rna,CD4+ T naive,test_scRNA,,CD4+ T activated,test_scRNA
GCTCTGTTCCCGAAGC-1_rna,CD4+ T activated,test_scRNA,,CD8+ T,test_scRNA
AGTGAACCAATTGCGC-1_rna,Naive CD20+ B,test_scRNA,,CD4+ T naive,test_scRNA
TCGGTTACAGCACCAT-1_rna,CD4+ T activated,test_scRNA,,CD4+ T naive,test_scATAC
CAACCCTTCGCTAGTG-1_rna,CD4+ T naive,test_scRNA,,CD4+ T activated,test_scATAC
ATTGAAGCAAATTCGT-1_rna,CD4+ T naive,test_scRNA,,NK,test_scATAC
ATTGAAGCACTGACTA-1_rna,CD8+ T,test_scRNA,,Erythroblast,test_scATAC
CGATCCTTCTGTGCCT-1_rna,CD4+ T activated,test_scRNA,,CD14+ Mono,test_scRNA
ATCCATAAGCTGTACG-1_rna,CD4+ T activated,test_scRNA,,CD4+ T naive,test_scRNA
TAAGGCTTCAGCTAAC-1_rna,Erythroblast,test_scRNA,,Erythroblast,test_scRNA
ACGTTACAGGCACAGG-1_rna,NK,test_scRNA,,CD14+ Mono,test_scATAC
AGAGAGGAGGCTACTG-1_rna,CD8+ T,test_scRNA,,CD4+ T naive,test_scRNA
CAGGCTATCAATGTCA-1_rna,CD14+ Mono,test_scRNA,,Normoblast,test_scATAC
CGAGGAAGTGGGTACT-1_rna,Erythroblast,test_scRNA,,Normoblast,test_scRNA
CGCAATTAGTTCCCGT-1_rna,CD8+ T,test_scRNA,,CD8+ T,test_scATAC
TCCGGTAAGGTGTTAC-1_rna,NK,test_scRNA,,Erythroblast,test_scRNA
AGACACGCATAGACCC-1_rna,CD4+ T activated,test_scRNA,,CD14+ Mono,test_scATAC
AATCGCCCAATACTGT-1_rna,Erythroblast,test_scRNA,,CD8+ T,test_scRNA
CCTGATGAGTATTGTG-1_rna,CD14+ Mono,test_scRNA,,NK,test_scRNA
GCATGAGCACGAATTT-1_rna,Erythroblast,test_scRNA,,Normoblast,test_scATAC
CAACCCGCACATTGCA-1_rna,Naive CD20+ B,test_scRNA,,CD8+ T,test_scRNA
TCGTTTCCAGAGGGAG-1_rna,CD4+ T activated,test_scRNA,,CD14+ Mono,test_scRNA
TTCACTGTCCTAAGGT-1_rna,Erythroblast,test_scRNA,,HSC,test_scATAC
AAGGATTAGCTATATG-1_rna,CD4+ T naive,test_scRNA,,Erythroblast,test_scRNA
GTGTGAGCATTATGAC-1_rna,NK,test_scRNA,,Naive CD20+ B,test_scRNA
CTATTGAAGGTCCACA-1_rna,NK,test_scRNA,,CD14+ Mono,test_scRNA
TATTTGCTCCGCACAA-1_rna,NK,test_scRNA,,Normoblast,test_scATAC
TACTCAAAGCAGCTAT-1_rna,Erythroblast,test_scRNA,,CD8+ T,test_scRNA
GACTTAGGTCTATCGT-1_rna,CD4+ T activated,test_scRNA,,Erythroblast,test_scATAC
GGTAACTTCAGGAACA-1_rna,CD14+ Mono,test_scRNA,,B1 B,test_scRNA
ATTACCGCAGTTTACG-1_rna,G/M prog,test_scRNA,,CD4+ T activated,test_scATAC
ACTCGCGCAGCATGAG-1_rna,CD14+ Mono,test_scRNA,,Erythroblast,test_scRNA
ACCCGTAAGGGTGAGT-1_rna,Naive CD20+ B,test_scRNA,,NK,test_scATAC
CTTCAAGCAAACAACA-1_rna,CD4+ T activated,test_scRNA,,NK,test_scRNA
AGCAAATAGCGAGGTG-1_rna,CD4+ T activated,test_scRNA,,CD4+ T activated,test_scATAC
AAACCGGCAGGCCATT-1_rna,Erythroblast,test_scRNA,,NK,test_scRNA
CCTAAATCATGGTTAT-1_rna,Erythroblast,test_scRNA,,CD14+ Mono,test_scRNA
ACGGTTAGTTGCGCGA-1_rna,Erythroblast,test_scRNA,,CD4+ T naive,test_scRNA
ACTATGTCAAGCCAGA-1_rna,NK,test_scRNA,,CD4+ T activated,test_scRNA
CGGGCTTAGTTACCGG-1_rna,NK,test_scRNA,,CD4+ T naive,test_scATAC
AAGAATCAGTCTGGGC-1_rna,B1 B,test_scRNA,,CD4+ T naive,test_scRNA
AGCCTGGGTTATCCTA-1_rna,Erythroblast,test_scRNA,,CD4+ T naive,test_scATAC
CTCTGTTCATCCTAGA-1_rna,CD4+ T naive,test_scRNA,,CD8+ T,test_scRNA
TATGACTCATGAATCT-1_rna,Erythroblast,test_scRNA,,NK,test_scRNA
TGAGGCACACTATGGC-1_rna,CD4+ T activated,test_scRNA,,Naive CD20+ B,test_scRNA
TGTCCTTCATCCATCT-1_rna,Naive CD20+ B,test_scRNA,,Normoblast,test_scRNA
ACAGGAATCCTGATTT-1_rna,CD4+ T activated,test_scRNA,,Erythroblast,test_scRNA
AAGTTAGCAGTAGGAT-1_rna,CD4+ T activated,test_scRNA,,CD16+ Mono,test_scRNA
GTGCACGGTATTGTCC-1_rna,CD8+ T,test_scRNA,,NK,test_scRNA
CGTGACATCAATCTAG-1_rna,Naive CD20+ B,test_scRNA,,Naive CD20+ B,test_scRNA
GCGCTTGCATAGACCC-1_rna,Erythroblast,test_scRNA,,CD4+ T activated,test_scATAC
GCTGGATGTTAACAGT-1_rna,CD4+ T activated,test_scRNA,,CD4+ T naive,test_scATAC
TAGCTAATCCTCCATA-1_rna,CD4+ T activated,test_scRNA,,CD14+ Mono,test_scATAC
TACAGGTTCTCAATTC-1_rna,CD14+ Mono,test_scRNA,,CD14+ Mono,test_scRNA
TTGACATCAAAGCTAA-1_rna,CD8+ T,test_scRNA,,CD4+ T activated,test_scRNA
GGAAGCTAGCTAATCA-1_rna,CD8+ T,test_scRNA,,CD4+ T naive,test_scATAC
AACCTAATCATCCACC-1_rna,CD4+ T activated,test_scRNA,,CD8+ T,test_scATAC
GTCTAATCAGCATGAG-1_rna,Erythroblast,test_scRNA,,CD8+ T,test_scATAC
AAGCCACGTGCGCATG-1_rna,CD14+ Mono,test_scRNA,,Naive CD20+ B,test_scRNA
GTCGAAGCAGTTGCGT-1_rna,Erythroblast,test_scRNA,,Normoblast,test_scATAC
TACTGCACATTCCTCG-1_rna,CD8+ T,test_scRNA,,CD8+ T,test_scATAC
GAAACTGAGTTTAACG-1_rna,CD4+ T activated,test_scRNA,,G/M prog,test_scRNA
AATTGGGAGCTTACTT-1_rna,CD14+ Mono,test_scRNA,,ID2-hi myeloid prog,test_scRNA
AATTGTGTCATGGTTA-1_rna,Erythroblast,test_scRNA,,Transitional B,test_scATAC
GCCGTGAGTAACCACA-1_rna,CD4+ T naive,test_scRNA,,CD8+ T,test_scATAC
CCCTCATAGGTAACGA-1_rna,CD14+ Mono,test_scRNA,,Naive CD20+ B,test_scRNA
GATCGCTCAAACTGCC-1_rna,Normoblast,test_scRNA,,Lymph prog,test_scRNA
ACTCCTCAGCACTAAC-1_rna,CD8+ T,test_scRNA,,Normoblast,test_scRNA
TCCTTTACAGACAAAC-1_rna,CD14+ Mono,test_scRNA,,CD8+ T,test_scATAC
GCTAGCTCATTGTCAG-1_rna,Normoblast,test_scRNA,,NK,test_scATAC
AATATCCCATTGTGTG-1_rna,Erythroblast,test_scRNA,,CD16+ Mono,test_scATAC
AATACCGGTACCTTAC-1_rna,CD8+ T,test_scRNA,,CD8+ T,test_scRNA
GTGGTTAGTTCCTCCT-1_rna,Normoblast,test_scRNA,,NK,test_scRNA
GTGCATTAGTCGCAAT-1_rna,CD14+ Mono,test_scRNA,,B1 B,test_scRNA
TGCCATTGTGTGTGGT-1_rna,NK,test_scRNA,,CD8+ T,test_scATAC
GTACTAATCTACCTGC-1_rna,CD4+ T activated,test_scRNA,,Erythroblast,test_scATAC
GGAACCTGTAATCGCA-1_rna,Naive CD20+ B,test_scRNA,,CD14+ Mono,test_scATAC
AAGCGTTTCCTAAGTA-1_rna,CD14+ Mono,test_scRNA,,Erythroblast,test_scRNA
CGTTGCGCAGACAAAC-1_rna,NK,test_scRNA,,CD14+ Mono,test_scRNA
CTACCGGCAATTAACC-1_rna,Erythroblast,test_scRNA,,Transitional B,test_scRNA
CTCCAAACATGAATCT-1_rna,Naive CD20+ B,test_scRNA,,B1 B,test_scRNA
AAAGCACCATCTAGCA-1_rna,CD8+ T,test_scRNA,,Transitional B,test_scATAC
CCGCTTAGTTTCCGGC-1_rna,NK,test_scRNA,,CD4+ T naive,test_scRNA
GCAGCTATCATAGACC-1_rna,CD4+ T activated,test_scRNA,,Erythroblast,test_scRNA
AAGTGTTGTCAGGCCA-1_rna,Normoblast,test_scRNA,,CD4+ T activated,test_scRNA
CTACTTAGTACTGAAT-1_rna,CD14+ Mono,test_scRNA,,CD8+ T,test_scRNA
TCAGGTTAGCTAATCA-1_rna,ILC,test_scRNA,,CD8+ T,test_scATAC
GGGTGTTGTTGCACAA-1_rna,Naive CD20+ B,test_scRNA,,CD8+ T,test_scATAC
CTTTGTCCATTATGCG-1_rna,CD14+ Mono,test_scRNA,,CD14+ Mono,test_scRNA
AACAGGATCATAACGC-1_rna,CD14+ Mono,test_scRNA,,CD14+ Mono,test_scRNA
TAGCTAATCTGTAATG-1_rna,CD14+ Mono,test_scRNA,,CD14+ Mono,test_scATAC
TGGGCATGTCAGTAAT-1_rna,CD8+ T,test_scRNA,,CD8+ T,test_scATAC
TGCCTGTTCGCTAAGT-1_rna,CD14+ Mono,test_scRNA,,CD8+ T,test_scATAC
ATGACGAAGCAAGATG-1_rna,CD4+ T naive,test_scRNA,,NK,test_scRNA
GCCTACTTCCTTGCAC-1_rna,Normoblast,test_scRNA,,CD14+ Mono,test_scRNA
GATGCTTAGCACTAGT-1_rna,CD4+ T naive,test_scRNA,,CD4+ T naive,test_scRNA
TCATGTTTCAACAAGG-1_rna,CD4+ T activated,test_scRNA,,MK/E prog,test_scRNA
CATAGACTCACCGGTA-1_rna,Erythroblast,test_scRNA,,MK/E prog,test_scATAC
GATCCGTCAGTCTAAT-1_rna,Erythroblast,test_scRNA,,CD4+ T activated,test_scRNA
CGTAACTAGCGAGCGA-1_rna,Naive CD20+ B,test_scRNA,,CD8+ T,test_scRNA
CGGTTCCGTTGACTTC-1_rna,CD8+ T,test_scRNA,,ILC,test_scRNA
GTTCCCAGTAACGAGG-1_rna,NK,test_scRNA,,CD4+ T activated,test_scRNA
GGATACTTCATGGTGT-1_rna,B1 B,test_scRNA,,CD14+ Mono,test_scRNA
GTAGGCGAGCCTGATG-1_rna,Normoblast,test_scRNA,,CD8+ T,test_scATAC
GCCCATAAGAGGGACT-1_rna,CD8+ T,test_scRNA,,Erythroblast,test_scRNA
CCCGTAAAGCAGGTTT-1_rna,CD4+ T activated,test_scRNA,,CD14+ Mono,test_scATAC
TGCTTGCTCCGTGACA-1_rna,CD4+ T activated,test_scRNA,,MK/E prog,test_scATAC
TTCTTAGGTGCTCACC-1_rna,NK,test_scRNA,,Normoblast,test_scRNA
GGCTAGACAATGAGGT-1_rna,CD8+ T,test_scRNA,,CD4+ T activated,test_scRNA
CTAATCCGTCATAACG-1_rna,Normoblast,test_scRNA,,CD14+ Mono,test_scRNA
TTTGTGGCAGCATTAT-1_rna,CD8+ T,test_scRNA,,CD8+ T,test_scRNA
CTTACTAGTTTAGTCC-1_rna,NK,test_scRNA,,B1 B,test_scRNA
CGGGCTTAGCCTGACA-1_rna,CD14+ Mono,test_scRNA,,CD14+ Mono,test_scATAC
ACGGGAAGTTAGGATT-1_rna,CD4+ T naive,test_scRNA,,Normoblast,test_scRNA
CTTAAGATCCATAAGC-1_rna,NK,test_scRNA,,Normoblast,test_scATAC
TATGGTCAGGCTAGAA-1_rna,Naive CD20+ B,test_scRNA,,CD4+ T naive,test_scRNA
AAGCATGAGCCATCAG-1_rna,CD8+ T,test_scRNA,,CD4+ T naive,test_scATAC
GCTGACCAGGAATAAC-1_rna,CD14+ Mono,test_scRNA,,CD8+ T,test_scRNA
GGTAATTGTACTGAAT-1_rna,Naive CD20+ B,test_scRNA,,CD16+ Mono,test_scRNA
TACATCAAGCATGGTT-1_rna,CD14+ Mono,test_scRNA,,Naive CD20+ B,test_scRNA
CTTGTCCAGGATCCGC-1_rna,CD4+ T naive,test_scRNA,,CD4+ T activated,test_scATAC
AGCGATTTCCGTCCAT-1_rna,B1 B,test_scRNA,,ID2-hi myeloid prog,test_scATAC
TAAGTAGCAGTAAGTA-1_rna,CD14+ Mono,test_scRNA,,CD14+ Mono,test_scRNA
TGGACGGAGTCACGAT-1_rna,Normoblast,test_scRNA,,NK,test_scATAC
AATAACCGTGTTGCAA-1_rna,CD4+ T activated,test_scRNA,,Erythroblast,test_scRNA
CGCTAATAGTGTTGTA-1_rna,CD8+ T,test_scRNA,,CD14+ Mono,test_scRNA
TAGAGCCGTCAAAGAA-1_rna,Naive CD20+ B,test_scRNA,,CD8+ T,test_scATAC
CGAATCTAGCATCCAG-1_rna,CD14+ Mono,test_scRNA,,Erythroblast,test_scATAC
ACCGGCTAGGAGCATA-1_rna,CD4+ T activated,test_scRNA,,CD8+ T,test_scRNA
GCAATAGAGATAGACG-1_rna,CD4+ T activated,test_scRNA,,Normoblast,test_scATAC
TTGCACACAACTAGCC-1_rna,CD8+ T,test_scRNA,,Erythroblast,test_scRNA
GATTAGCTCCTTCGTA-1_rna,Normoblast,test_scRNA,,CD4+ T naive,test_scATAC
TAGCAGGCAGATAGAC-1_rna,CD14+ Mono,test_scRNA,,Normoblast,test_scATAC
TGGTTCTGTTACGCGG-1_rna,Naive CD20+ B,test_scRNA,,CD4+ T naive,test_scRNA
GCAAACTTCTATCGCC-1_rna,CD4+ T activated,test_scRNA,,Erythroblast,test_scATAC
GGTCAGGAGGTCCTGA-1_rna,Normoblast,test_scRNA,,CD14+ Mono,test_scRNA
GCAGCAACATGCTTAG-1_rna,CD8+ T,test_scRNA,,CD8+ T,test_scRNA
ACCAATATCGGTAACT-1_rna,B1 B,test_scRNA,,CD4+ T activated,test_scATAC
ACTAACTCAAATGCCC-1_rna,CD14+ Mono,test_scRNA,,Erythroblast,test_scATAC
GCTCCTTAGTTGCGTG-1_rna,Normoblast,test_scRNA,,CD4+ T activated,test_scRNA
TATGGCCCATGAATCT-1_rna,Normoblast,test_scRNA,,CD8+ T,test_scRNA
ATCGCTTGTCACCAAA-1_rna,Erythroblast,test_scRNA,,Plasma cell,test_scATAC
CAGGCTATCCCATAGG-1_rna,Erythroblast,test_scRNA,,Transitional B,test_scATAC
TAGGTTGGTTTCCGGC-1_rna,Naive CD20+ B,test_scRNA,,CD14+ Mono,test_scATAC
TCCGGTTTCCTTAAGA-1_rna,CD14+ Mono,test_scRNA,,Naive CD20+ B,test_scATAC
CGAAGAATCTCGCCTG-1_rna,CD14+ Mono,test_scRNA,,Erythroblast,test_scATAC
ACCAGGCTCAGCACGC-1_rna,NK,test_scRNA,,CD8+ T,test_scATAC
CTCACAACAGTAGGTG-1_rna,NK,test_scRNA,,CD14+ Mono,test_scRNA
AAGTGTTGTGAATCGC-1_rna,B1 B,test_scRNA,,CD8+ T,test_scRNA
CGTTGCGCATCACAGC-1_rna,CD14+ Mono,test_scRNA,,Transitional B,test_scRNA
TAGCCTGAGCTGTCAG-1_rna,CD8+ T,test_scRNA,,CD4+ T naive,test_scATAC
TATGACATCACGAATC-1_rna,CD4+ T naive,test_scRNA,,CD4+ T naive,test_scATAC
AGTTACTCATTATGAC-1_rna,CD4+ T activated,test_scRNA,,Normoblast,test_scATAC
CTTGAATCATTATGCG-1_rna,CD8+ T,test_scRNA,,CD4+ T activated,test_scRNA
GCACGCTAGGTTAGCT-1_rna,NK,test_scRNA,,NK,test_scRNA
ATGCAGGCAACTAGCC-1_rna,CD8+ T,test_scRNA,,CD14+ Mono,test_scATAC
CGTTGCGCACAAACTT-1_rna,Naive CD20+ B,test_scRNA,,NK,test_scRNA
GGGTCAACAGGACCAA-1_rna,CD8+ T,test_scRNA,,CD8+ T,test_scRNA
AAGCGGGTCTAACTGA-1_rna,CD4+ T activated,test_scRNA,,CD4+ T naive,test_scATAC
AATGTCCAGGCTCATG-1_rna,CD14+ Mono,test_scRNA,,CD4+ T activated,test_scATAC
GTGCACGGTATTCGTC-1_rna,CD4+ T naive,test_scRNA,,NK,test_scATAC
AGGGTTGCATCGCTCC-1_rna,Erythroblast,test_scRNA,,NK,test_scRNA
AAAGCTTGTAGCCATA-1_rna,CD4+ T activated,test_scRNA,,HSC,test_scATAC
AGAACCAAGCGTGCGT-1_rna,CD14+ Mono,test_scRNA,,CD4+ T activated,test_scRNA
TTTACGAAGTGAACCT-1_rna,Erythroblast,test_scRNA,,CD4+ T activated,test_scRNA
AGTAATGCACTGACCG-1_rna,Erythroblast,test_scRNA,,NK,test_scRNA
ACCCGGTAGTTCCCGT-1_rna,B1 B,test_scRNA,,CD8+ T,test_scATAC
ACAACATGTGCATTTC-1_rna,CD4+ T activated,test_scRNA,,ILC,test_scRNA
ACATCAATCATTACGA-1_rna,Normoblast,test_scRNA,,NK,test_scATAC
CGCACACAGCGGCTGT-1_rna,CD4+ T naive,test_scRNA,,CD14+ Mono,test_scATAC
TGTCAATCAAGGTAAC-1_rna,CD4+ T naive,test_scRNA,,NK,test_scRNA
AGCTAACTCGAGCAAA-1_rna,CD4+ T activated,test_scRNA,,CD8+ T,test_scATAC
GTGCTCAAGGCATGTT-1_rna,CD14+ Mono,test_scRNA,,pDC,test_scATAC
TCATGAGGTCCACAAA-1_rna,CD4+ T activated,test_scRNA,,NK,test_scATAC
TAGCCTCTCCTGAATA-1_rna,G/M prog,test_scRNA,,CD14+ Mono,test_scRNA
GGCATTGTCCTCATCA-1_rna,Erythroblast,test_scRNA,,Erythroblast,test_scRNA
GGTTGCTCAATATAGG-1_rna,NK,test_scRNA,,ILC,test_scRNA
CTCCTGAGTTGCATCT-1_rna,B1 B,test_scRNA,,Naive CD20+ B,test_scRNA
GTCGAAGCAGTAGGAT-1_rna,Erythroblast,test_scRNA,,CD4+ T naive,test_scRNA
ACTCGCTTCTTTAAGG-1_rna,NK,test_scRNA,,CD8+ T,test_scRNA
GTTGGCGGTTGCCTCA-1_rna,ILC,test_scRNA,,CD14+ Mono,test_scRNA
TAAGCCAGTTGTAAAC-1_rna,B1 B,test_scRNA,,CD8+ T,test_scATAC
CTTATTGGTGAGGTGA-1_rna,ILC,test_scRNA,,NK,test_scRNA
GTGCGGTTCGCTATGG-1_rna,CD4+ T activated,test_scRNA,,Erythroblast,test_scATAC
TTGTTGTTCCTTAGGG-1_rna,CD4+ T activated,test_scRNA,,CD14+ Mono,test_scRNA
CTGGACCAGTCAGGCC-1_rna,NK,test_scRNA,,CD4+ T activated,test_scRNA
ACAGGCTGTTCAAGAT-1_rna,CD4+ T activated,test_scRNA,,Naive CD20+ B,test_scATAC
CCATAAATCAATCATG-1_rna,CD4+ T naive,test_scRNA,,NK,test_scRNA
TACCGTTGTAACGGGA-1_rna,Erythroblast,test_scRNA,,Erythroblast,test_scRNA
GGTATTTCAGGCTTCG-1_rna,B1 B,test_scRNA,,CD4+ T naive,test_scATAC
GTGTTCCTCTAACCTT-1_rna,CD8+ T,test_scRNA,,Naive CD20+ B,test_scATAC
TAGGCTTAGGTGTTAC-1_rna,B1 B,test_scRNA,,CD14+ Mono,test_scRNA
AGAAACCCAAAGGCCA-1_rna,Erythroblast,test_scRNA,,CD14+ Mono,test_scATAC
TGACCAAGTAAGCACC-1_rna,Normoblast,test_scRNA,,CD4+ T activated,test_scRNA
GACCTTTGTAGCTGGT-1_rna,Normoblast,test_scRNA,,Erythroblast,test_scRNA
TAGCGGACATGCAACC-1_rna,Normoblast,test_scRNA,,ILC,test_scATAC
TACTTCGTCTCCTCAA-1_rna,CD8+ T,test_scRNA,,Erythroblast,test_scRNA
GATTAGTGTCATGAGC-1_rna,Erythroblast,test_scRNA,,B1 B,test_scRNA
AGGTTAACAACCCTAA-1_rna,NK,test_scRNA,,Erythroblast,test_scATAC
GTTAACCAGTTAGTTG-1_rna,CD8+ T,test_scRNA,,CD4+ T activated,test_scATAC
CGTTATTTCTTGGATA-1_rna,CD4+ T activated,test_scRNA,,CD4+ T activated,test_scATAC
TACTTCGTCAAGTGAG-1_rna,Erythroblast,test_scRNA,,CD8+ T,test_scATAC
GGACAGCCACTTACAG-1_rna,CD4+ T naive,test_scRNA,,Normoblast,test_scATAC
ATAGATGCAATAGCAA-1_rna,Erythroblast,test_scRNA,,CD8+ T,test_scATAC
CGAAGCCTCATAAGCC-1_rna,CD14+ Mono,test_scRNA,,Proerythroblast,test_scATAC
GCAACAGCACGTAATT-1_rna,CD4+ T activated,test_scRNA,,CD14+ Mono,test_scATAC
AAGTGCAAGTAACGGA-1_rna,NK,test_scRNA,,Erythroblast,test_scRNA
AATTGTGTCGATAACC-1_rna,CD4+ T activated,test_scRNA,,CD14+ Mono,test_scRNA
ACGTCAAGTATTCGTC-1_rna,CD4+ T activated,test_scRNA,,CD4+ T activated,test_scATAC
AATCTCAAGCGAGGTG-1_rna,CD8+ T,test_scRNA,,Lymph prog,test_scRNA
ACGTACCCACCAGGTT-1_rna,Erythroblast,test_scRNA,,Naive CD20+ B,test_scATAC
TTTAGCTTCCCATAGG-1_rna,CD8+ T,test_scRNA,,NK,test_scRNA
CGGGCTTAGTATTGTG-1_rna,B1 B,test_scRNA,,B1 B,test_scATAC
GCCAGGAAGTTGCGTG-1_rna,CD4+ T naive,test_scRNA,,Lymph prog,test_scATAC
CATTGTGCAGTGAACG-1_rna,CD4+ T naive,test_scRNA,,Erythroblast,test_scATAC
CGAAGCGAGGAGGTTA-1_rna,B1 B,test_scRNA,,Normoblast,test_scRNA
ATCACACAGCTTACTT-1_rna,Naive CD20+ B,test_scRNA,,Naive CD20+ B,test_scATAC
GTCTCACTCGTCAAGT-1_rna,Erythroblast,test_scRNA,,CD8+ T,test_scRNA
CTGCAATAGTACTGGT-1_rna,CD4+ T activated,test_scRNA,,CD4+ T naive,test_scATAC
GCAATGAAGGAGCATA-1_rna,CD4+ T naive,test_scRNA,,CD16+ Mono,test_scRNA
CCCAACCGTGCATCGG-1_rna,Naive CD20+ B,test_scRNA,,Naive CD20+ B,test_scATAC
CGCATGATCCGTTAAA-1_rna,CD4+ T activated,test_scRNA,,ID2-hi myeloid prog,test_scRNA
CTAAATGTCACTAGGT-1_rna,B1 B,test_scRNA,,CD14+ Mono,test_scRNA
GTCATCCTCCTAAGGT-1_rna,CD14+ Mono,test_scRNA,,CD4+ T activated,test_scATAC
CCAAACTAGTTTAACG-1_rna,CD14+ Mono,test_scRNA,,ILC,test_scATAC
GATGACTTCGCCTAAG-1_rna,Erythroblast,test_scRNA,,CD14+ Mono,test_scATAC
GTTTCCTCATTTAAGC-1_rna,CD14+ Mono,test_scRNA,,CD8+ T,test_scRNA
CCGTGCTGTATCTGGA-1_rna,NK,test_scRNA,,CD8+ T,test_scATAC
CTGTTAAAGTAACAGG-1_rna,CD14+ Mono,test_scRNA,,ILC,test_scATAC
CCGATGCAGGTTACAC-1_rna,Erythroblast,test_scRNA,,CD4+ T activated,test_scATAC
GGAGCGATCGGTTACG-1_rna,CD14+ Mono,test_scRNA,,Normoblast,test_scRNA
GGATAACCAAACGGGC-1_rna,CD14+ Mono,test_scRNA,,Erythroblast,test_scRNA
CCACACAAGGCACAGG-1_rna,CD4+ T activated,test_scRNA,,CD8+ T,test_scRNA
GCAACAGCATCCAGGT-1_rna,CD8+ T,test_scRNA,,Naive CD20+ B,test_scATAC
AATGCATGTTAAGCCA-1_rna,Naive CD20+ B,test_scRNA,,HSC,test_scRNA
GCCTACTTCTTGCAAA-1_rna,CD4+ T activated,test_scRNA,,NK,test_scRNA
AGGACGTAGGACCGCT-1_rna,CD8+ T,test_scRNA,,CD4+ T activated,test_scRNA
CATTGTGCAACTGGGA-1_rna,CD8+ T,test_scRNA,,CD14+ Mono,test_scRNA
CTAAAGCTCCCTGGAA-1_rna,CD14+ Mono,test_scRNA,,MK/E prog,test_scATAC
GTCTATGCAACTGGCT-1_rna,ILC,test_scRNA,,CD4+ T naive,test_scATAC
CTGGATGTCTTGGACG-1_rna,CD14+ Mono,test_scRNA,,Erythroblast,test_scRNA
AGTGGACAGCATTTCT-1_rna,B1 B,test_scRNA,,Naive CD20+ B,test_scATAC
CACTGACCATTGCGGT-1_rna,CD8+ T,test_scRNA,,Naive CD20+ B,test_scRNA
CAATATGTCTTCAATC-1_rna,Naive CD20+ B,test_scRNA,,NK,test_scRNA
GTCCTCAGTGAGCAAG-1_rna,CD4+ T activated,test_scRNA,,CD16+ Mono,test_scRNA
AGCTTCCTCATTAGTG-1_rna,Naive CD20+ B,test_scRNA,,Transitional B,test_scATAC
GTGGCTTCATTGTCAG-1_rna,B1 B,test_scRNA,,CD14+ Mono,test_scATAC
GATTAGTGTCAGTAAT-1_rna,Erythroblast,test_scRNA,,NK,test_scRNA
AGATGAAGTCCAAATG-1_rna,Erythroblast,test_scRNA,,Plasma cell,test_scRNA
GATAACGAGAGAAGGG-1_rna,CD14+ Mono,test_scRNA,,CD4+ T activated,test_scRNA
GCAAGTGCAGGCTACT-1_rna,Naive CD20+ B,test_scRNA,,CD4+ T activated,test_scATAC
AAGTGTTGTCTAACCT-1_rna,CD8+ T,test_scRNA,,Normoblast,test_scATAC
CTTGTTTAGCCGCTAA-1_rna,NK,test_scRNA,,CD14+ Mono,test_scRNA
GCAGGCAAGCCGCTAA-1_rna,Erythroblast,test_scRNA,,CD4+ T activated,test_scATAC
CCTTTAGTCCCTGTTA-1_rna,Erythroblast,test_scRNA,,CD8+ T,test_scATAC
ATAGATGCATCCCGCT-1_rna,Naive CD20+ B,test_scRNA,,CD14+ Mono,test_scRNA
CCAAGGCTCCGCCAAA-1_rna,CD4+ T activated,test_scRNA,,NK,test_scATAC
TGATTCAAGGCGGATG-1_rna,CD4+ T activated,test_scRNA,,CD14+ Mono,test_scATAC
AAGTGAAGTACTGATG-1_rna,NK,test_scRNA,,CD4+ T naive,test_scATAC
GTATTGTCAAGGGTTG-1_rna,NK,test_scRNA,,Erythroblast,test_scRNA
TTAATCGAGGTGAAGC-1_rna,CD14+ Mono,test_scRNA,,CD14+ Mono,test_scATAC
TTAGGCGTCAAGCGCC-1_rna,CD4+ T naive,test_scRNA,,B1 B,test_scATAC
GGTATTGGTGCAACTA-1_rna,Normoblast,test_scRNA,,CD4+ T activated,test_scATAC
TGCTCTCAGGTGAAGC-1_rna,CD14+ Mono,test_scRNA,,ILC,test_scATAC
ACCAAGTTCTTTGACT-1_rna,CD14+ Mono,test_scRNA,,CD4+ T activated,test_scATAC
GAAGTGATCTGCAAGT-1_rna,NK,test_scRNA,,NK,test_scRNA
AATGGCGCATTGCGTA-1_rna,CD14+ Mono,test_scRNA,,CD4+ T activated,test_scATAC
CAACTAGGTCAATAGT-1_rna,Erythroblast,test_scRNA,,CD14+ Mono,test_scRNA
GCTGAGGAGCTCCTAC-1_rna,CD8+ T,test_scRNA,,CD4+ T activated,test_scATAC
TTGGGCCAGGACAATG-1_rna,CD8+ T,test_scRNA,,Normoblast,test_scRNA
TACTGACAGTCTATGA-1_rna,G/M prog,test_scRNA,,NK,test_scATAC
TACCAAATCACTCAAA-1_rna,Erythroblast,test_scRNA,,pDC,test_scATAC
TTACCTGTCCTGGTGA-1_rna,CD4+ T naive,test_scRNA,,CD4+ T activated,test_scRNA
TAAGTGCTCTAAGGAG-1_rna,CD14+ Mono,test_scRNA,,CD4+ T activated,test_scRNA
GTTAAGCTCATCCTGC-1_rna,G/M prog,test_scRNA,,Normoblast,test_scRNA
TGTTCATTCTAGCGAT-1_rna,Erythroblast,test_scRNA,,CD4+ T naive,test_scRNA
GCCAATTAGGAACCGG-1_rna,ILC,test_scRNA,,Naive CD20+ B,test_scATAC
TGCGCAGGTTTGTTGC-1_rna,NK,test_scRNA,,CD4+ T naive,test_scRNA
CGGATTAGTCCGTAGG-1_rna,CD4+ T naive,test_scRNA,,CD4+ T naive,test_scATAC
GAAGCTAAGGACCTCA-1_rna,CD14+ Mono,test_scRNA,,CD14+ Mono,test_scATAC
TGGTAAACATCCTGAA-1_rna,CD4+ T activated,test_scRNA,,CD14+ Mono,test_scATAC
ATCGAGGCAGCTTAAT-1_rna,ILC,test_scRNA,,Naive CD20+ B,test_scATAC
GATTAAGCATGCTCCC-1_rna,NK,test_scRNA,,Normoblast,test_scRNA
GATGCGACATGCAACC-1_rna,Erythroblast,test_scRNA,,NK,test_scRNA
TTGCTTAGTGAACAAA-1_rna,NK,test_scRNA,,Erythroblast,test_scRNA
GAAGGATGTAAGTCGC-1_rna,CD4+ T activated,test_scRNA,,Erythroblast,test_scRNA
CCGTTGCGTTGCCTCA-1_rna,CD14+ Mono,test_scRNA,,CD14+ Mono,test_scATAC
CACCTGTTCTGTGAGT-1_rna,CD8+ T,test_scRNA,,Erythroblast,test_scRNA
CGGCCATAGCTCCTTA-1_rna,NK,test_scRNA,,CD14+ Mono,test_scATAC
TCCGCCATCTTGACCC-1_rna,CD4+ T naive,test_scRNA,,Erythroblast,test_scRNA
GAAGGCCCAGGCGATA-1_rna,CD4+ T naive,test_scRNA,,Erythroblast,test_scRNA
GACATTATCCATCAGG-1_rna,CD14+ Mono,test_scRNA,,CD14+ Mono,test_scATAC
ACAGGATCACCCTCAC-1_rna,CD4+ T activated,test_scRNA,,Erythroblast,test_scATAC
CCACATTGTACGTTTC-1_rna,CD4+ T activated,test_scRNA,,Naive CD20+ B,test_scATAC
TGGGCATGTTGTTGCT-1_rna,Normoblast,test_scRNA,,CD14+ Mono,test_scATAC
TTTCTCACATGAATAG-1_rna,NK,test_scRNA,,Normoblast,test_scATAC
GCTAGCTCACCTCGCT-1_rna,CD8+ T,test_scRNA,,CD14+ Mono,test_scRNA
GCAGGAAGTGGACCTG-1_rna,NK,test_scRNA,,Naive CD20+ B,test_scRNA
GCCTACTTCCCGAACA-1_rna,NK,test_scRNA,,CD4+ T activated,test_scRNA
CACATTAAGAGGCTAA-1_rna,CD8+ T,test_scRNA,,Naive CD20+ B,test_scRNA
GCAATAGAGCCGCTTT-1_rna,Erythroblast,test_scRNA,,Erythroblast,test_scRNA
CATGCGCAGGAGCACG-1_rna,CD14+ Mono,test_scRNA,,CD4+ T naive,test_scRNA
GCAGCCAGTCGTTATC-1_rna,CD4+ T naive,test_scRNA,,Transitional B,test_scATAC
TGATCACAGCTTAGTA-1_rna,CD8+ T,test_scRNA,,CD4+ T naive,test_scRNA
GGTTTCCTCTCGCCTG-1_rna,Normoblast,test_scRNA,,CD8+ T,test_scRNA
ATGGTGCGTTCGCGCT-1_rna,Erythroblast,test_scRNA,,ILC,test_scATAC
GTTGGCGGTCATAACG-1_rna,CD4+ T activated,test_scRNA,,CD4+ T naive,test_scRNA
CATCACACATGACTAT-1_rna,B1 B,test_scRNA,,CD4+ T naive,test_scRNA
CAGCATTAGGTTAGCT-1_rna,CD4+ T activated,test_scRNA,,CD14+ Mono,test_scATAC
ATCCATAAGAAAGCAT-1_rna,NK,test_scRNA,,CD4+ T activated,test_scRNA
CGGTTTCTCGTTAGCG-1_rna,Erythroblast,test_scRNA,,CD4+ T activated,test_scATAC
CTCCAAACAGGCTTCG-1_rna,CD4+ T naive,test_scRNA,,CD14+ Mono,test_scRNA
GCCTTGCGTATTGTCC-1_rna,CD4+ T activated,test_scRNA,,Transitional B,test_scATAC
GTGAATCTCCTCCTAA-1_rna,CD14+ Mono,test_scRNA,,CD14+ Mono,test_scATAC
CAGATTCAGGGATGAC-1_rna,CD8+ T,test_scRNA,,NK,test_scRNA
AAGTTTGTCCTTAGGG-1_rna,Erythroblast,test_scRNA,,CD8+ T,test_scATAC
GTGTGAGCATTATGCG-1_rna,G/M prog,test_scRNA,,Erythroblast,test_scATAC
CAAGGCTGTTAGAGGG-1_rna,B1 B,test_scRNA,,Naive CD20+ B,test_scRNA
CAATCGCCATGCATAT-1_rna,CD14+ Mono,test_scRNA,,CD4+ T activated,test_scATAC
TATAGCCAGCCTGTGA-1_rna,CD8+ T,test_scRNA,,CD8+ T,test_scRNA
CTCCAAACATGTTGGC-1_rna,CD4+ T activated,test_scRNA,,CD14+ Mono,test_scRNA
CAATCTAAGTTATGGC-1_rna,Normoblast,test_scRNA,,Normoblast,test_scRNA
AACGACAAGGACCGCT-1_rna,Normoblast,test_scRNA,,CD4+ T activated,test_scATAC
GTGCTGATCAAATCGC-1_rna,CD14+ Mono,test_scRNA,,NK,test_scATAC
GTCCGTAAGTTGCGTG-1_rna,Erythroblast,test_scRNA,,Erythroblast,test_scRNA
CTTAGTTTCATTATGG-1_rna,CD8+ T,test_scRNA,,G/M prog,test_scRNA
GTCCTCCCAGCAAATA-1_rna,CD4+ T naive,test_scRNA,,CD14+ Mono,test_scRNA
CATCGCTTCCTCATGC-1_rna,CD4+ T activated,test_scRNA,,CD4+ T activated,test_scRNA
ACCAAGCGTGCTTTAC-1_rna,Erythroblast,test_scRNA,,Transitional B,test_scRNA
ACAACACTCCGTAAAC-1_rna,CD4+ T naive,test_scRNA,,G/M prog,test_scRNA
ACCAGCTCAGCTAATT-1_rna,CD14+ Mono,test_scRNA,,CD8+ T,test_scRNA
GATAATCGTCATTGAG-1_rna,G/M prog,test_scRNA,,Erythroblast,test_scRNA
AAGGATCCATTCCTGT-1_rna,Normoblast,test_scRNA,,CD14+ Mono,test_scRNA
GTAGTTATCGGCCATA-1_rna,ILC,test_scRNA,,CD14+ Mono,test_scATAC
AATTTCCTCGCCTGTT-1_rna,Normoblast,test_scRNA,,Erythroblast,test_scATAC
CGGGACAAGGATCCGC-1_rna,CD8+ T,test_scRNA,,CD14+ Mono,test_scRNA
GATCAGGCAATCCTGA-1_rna,CD8+ T,test_scRNA,,Erythroblast,test_scRNA
AAGCTTGGTTGGTTGA-1_rna,NK,test_scRNA,,CD4+ T activated,test_scRNA
ATCCACCTCACCAATA-1_rna,CD14+ Mono,test_scRNA,,CD4+ T activated,test_scATAC
GCCTTAGAGCGCAATT-1_rna,CD8+ T,test_scRNA,,Erythroblast,test_scRNA
CTGAATATCGAAGCGG-1_rna,Normoblast,test_scRNA,,CD4+ T activated,test_scRNA
GCTGCAATCACTTTAC-1_rna,G/M prog,test_scRNA,,CD8+ T,test_scATAC
ACCCTGTTCCTTGCAC-1_rna,CD4+ T naive,test_scRNA,,CD4+ T activated,test_scRNA
GCAGGAAGTTTGGGTA-1_rna,CD14+ Mono,test_scRNA,,CD8+ T,test_scATAC
ACTAACTCAATGCCTA-1_rna,Naive CD20+ B,test_scRNA,,CD8+ T,test_scATAC
GCGTTTCTCCCGCAAA-1_rna,CD4+ T activated,test_scRNA,,NK,test_scATAC
GCTGTAAGTGGTTCTT-1_rna,CD14+ Mono,test_scRNA,,CD8+ T,test_scATAC
GGGCTAACAAACGGGC-1_rna,CD4+ T activated,test_scRNA,,CD4+ T activated,test_scRNA
AGTGGACAGTTAGCTA-1_rna,CD8+ T,test_scRNA,,HSC,test_scATAC
GTATTCAAGGTCCACA-1_rna,CD8+ T,test_scRNA,,MK/E prog,test_scRNA
GATCAAGAGGTCTTGG-1_rna,CD4+ T activated,test_scRNA,,CD4+ T naive,test_scATAC
GGTATGTTCATTACTC-1_rna,Erythroblast,test_scRNA,,Naive CD20+ B,test_scATAC
AATTTGCCAATCTCTC-1_rna,NK,test_scRNA,,CD8+ T,test_scATAC
GTAGGATCATTGTGCA-1_rna,CD4+ T activated,test_scRNA,,Normoblast,test_scRNA
TGTGATCAGCTGAGGG-1_rna,Erythroblast,test_scRNA,,Plasma cell,test_scATAC
CATTATGAGCCAGGTC-1_rna,NK,test_scRNA,,CD14+ Mono,test_scRNA
CTCCGGACATGCTTAG-1_rna,NK,test_scRNA,,CD8+ T,test_scATAC
GTCCTCAGTGCTCACC-1_rna,G/M prog,test_scRNA,,CD4+ T activated,test_scRNA
GCTGTGATCACCGGTA-1_rna,NK,test_scRNA,,ILC,test_scATAC
TGGACAAAGTGAACAG-1_rna,CD4+ T activated,test_scRNA,,CD14+ Mono,test_scRNA
CTAATCGCATAACGGG-1_rna,ILC,test_scRNA,,CD14+ Mono,test_scRNA
ATTATGGTCGCGCTAA-1_rna,CD4+ T activated,test_scRNA,,CD14+ Mono,test_scRNA
GTTGTGAGTAGGATTT-1_rna,Erythroblast,test_scRNA,,Naive CD20+ B,test_scATAC
GAGCTGCTCATTGCAA-1_rna,CD4+ T activated,test_scRNA,,Erythroblast,test_scATAC
CTAGGCGGTCGAAGTC-1_rna,CD4+ T activated,test_scRNA,,CD8+ T,test_scATAC
GGCTTAAGTACCTTAC-1_rna,CD8+ T,test_scRNA,,CD4+ T activated,test_scRNA
GAGTAATAGGTCCACA-1_rna,CD4+ T activated,test_scRNA,,CD8+ T,test_scATAC
TAATCCGCAGGACCTT-1_rna,CD4+ T activated,test_scRNA,,Erythroblast,test_scRNA
GACTTACAGTGACCTG-1_rna,CD14+ Mono,test_scRNA,,NK,test_scATAC
TGAGCACGTCGTAATG-1_rna,Erythroblast,test_scRNA,,B1 B,test_scATAC
GGTCATTAGCCAGGTC-1_rna,B1 B,test_scRNA,,CD4+ T activated,test_scATAC
GGTCAAGCACTAAGTT-1_rna,CD4+ T naive,test_scRNA,,CD4+ T activated,test_scRNA
ACGAAGTCAGGCGAGT-1_rna,CD8+ T,test_scRNA,,NK,test_scATAC
CCTGTAACATTAGCGC-1_rna,CD4+ T activated,test_scRNA,,CD8+ T,test_scATAC
AGTTACTCATTGACAT-1_rna,CD4+ T activated,test_scRNA,,CD4+ T activated,test_scRNA
ACTTCGCTCACGTTAA-1_rna,Erythroblast,test_scRNA,,CD4+ T naive,test_scRNA
TGCATGAGTTACGCAA-1_rna,CD14+ Mono,test_scRNA,,CD16+ Mono,test_scRNA
GGCCTTCGTTTCCGGC-1_rna,Erythroblast,test_scRNA,,Naive CD20+ B,test_scRNA
GCCTAATAGCTGCACA-1_rna,CD4+ T naive,test_scRNA,,CD4+ T activated,test_scRNA
TTAGACTCAAATATCC-1_rna,ILC,test_scRNA,,Erythroblast,test_scATAC
ACCCAACCAGTTGCGT-1_rna,Erythroblast,test_scRNA,,pDC,test_scATAC
GATGGACAGGATCCGC-1_rna,CD4+ T naive,test_scRNA,,G/M prog,test_scRNA
TCGGTTTGTATTGCAG-1_rna,CD14+ Mono,test_scRNA,,CD4+ T naive,test_scATAC
AAGACCAAGGCGCACT-1_rna,CD4+ T naive,test_scRNA,,CD14+ Mono,test_scATAC
CTAGTAATCAATCTCT-1_rna,Erythroblast,test_scRNA,,ILC,test_scATAC
TAAACAGCAAACCTTG-1_rna,CD4+ T activated,test_scRNA,,Normoblast,test_scRNA
TAATGGTGTAATAACC-1_rna,NK,test_scRNA,,Erythroblast,test_scATAC
CTTGCTCAGGCCGGAA-1_rna,NK,test_scRNA,,CD4+ T activated,test_scRNA
GCTGATCCACCCACCT-1_rna,CD14+ Mono,test_scRNA,,CD4+ T naive,test_scATAC
GGATATTGTAGTTAAC-1_rna,Naive CD20+ B,test_scRNA,,CD4+ T activated,test_scATAC
GTCATGCCAGTTTGGC-1_rna,Naive CD20+ B,test_scRNA,,CD14+ Mono,test_scATAC
ACTTAGTCAGAAATTG-1_rna,Normoblast,test_scRNA,,CD4+ T naive,test_scRNA
GGTCGGTTCTTTGACT-1_rna,CD4+ T activated,test_scRNA,,Normoblast,test_scRNA
TGTGCGCAGTTACCGG-1_rna,Naive CD20+ B,test_scRNA,,CD14+ Mono,test_scRNA
CGGCTCACAATCGCAC-1_rna,Naive CD20+ B,test_scRNA,,Erythroblast,test_scATAC
GGTGCTGGTAATCACG-1_rna,Naive CD20+ B,test_scRNA,,Naive CD20+ B,test_scATAC
CTATGTTTCACAGGAA-1_rna,CD8+ T,test_scRNA,,CD4+ T activated,test_scRNA
CAGATTCAGCGGATAA-1_rna,Normoblast,test_scRNA,,CD14+ Mono,test_scATAC
ATCAATCCATCCATCT-1_rna,Erythroblast,test_scRNA,,CD8+ T,test_scATAC
CGTTAGGTCACATTGA-1_rna,CD8+ T,test_scRNA,,Erythroblast,test_scATAC
TGGTCCTTCATGGTGT-1_rna,CD8+ T,test_scRNA,,CD4+ T activated,test_scRNA
CCTTGCGTCCGTTATT-1_rna,CD4+ T naive,test_scRNA,,CD14+ Mono,test_scATAC
GAGTCATTCATGAAGG-1_rna,Erythroblast,test_scRNA,,CD8+ T,test_scRNA
CTTGGACCACAACAAA-1_rna,Naive CD20+ B,test_scRNA,,Erythroblast,test_scATAC
TAAGGACCAAACCCTA-1_rna,Normoblast,test_scRNA,,CD4+ T activated,test_scATAC
CTAGCTTGTACCGTTT-1_rna,CD4+ T activated,test_scRNA,,CD4+ T naive,test_scRNA
AGCACTTAGCAGCTCA-1_rna,NK,test_scRNA,,ILC,test_scRNA
GTGGTTAGTTAGGTGC-1_rna,CD8+ T,test_scRNA,,CD14+ Mono,test_scATAC
GGTATTGGTGTTTGCT-1_rna,CD8+ T,test_scRNA,,HSC,test_scATAC
TACTGAGGTAGCCATA-1_rna,Erythroblast,test_scRNA,,B1 B,test_scATAC
TGATGATGTCACAGAC-1_rna,CD4+ T naive,test_scRNA,,Erythroblast,test_scATAC
TGAAGCAAGCTAAGTC-1_rna,CD4+ T activated,test_scRNA,,CD14+ Mono,test_scRNA
CATAGGCGTCTTACTA-1_rna,CD8+ T,test_scRNA,,CD8+ T,test_scRNA
CGTAACCCATTAAACC-1_rna,Erythroblast,test_scRNA,,NK,test_scATAC
TCGTGCTTCTCCATGC-1_rna,CD4+ T activated,test_scRNA,,Normoblast,test_scRNA
CGTTGCAAGCTAAGTC-1_rna,CD8+ T,test_scRNA,,CD4+ T naive,test_scRNA
GGATGTAAGTTATGTG-1_rna,CD4+ T naive,test_scRNA,,Naive CD20+ B,test_scATAC
CTCCTGAGTGCTCCAC-1_rna,Erythroblast,test_scRNA,,Erythroblast,test_scRNA
CTATTCAGTGATTTGG-1_rna,CD4+ T activated,test_scRNA,,CD14+ Mono,test_scRNA
GTTAAGTGTCCCGAAG-1_rna,CD4+ T activated,test_scRNA,,Normoblast,test_scATAC
TCACCGGCAAGCTAAA-1_rna,Naive CD20+ B,test_scRNA,,MK/E prog,test_scRNA
CGCACAATCGTTCACC-1_rna,CD4+ T naive,test_scRNA,,CD4+ T activated,test_scATAC
CGATTGAGTTGCAATG-1_rna,CD4+ T activated,test_scRNA,,CD4+ T naive,test_scRNA
TTGAGCTAGTCATTAG-1_rna,CD4+ T naive,test_scRNA,,NK,test_scRNA
CTAGTTGCAGGCGAGT-1_rna,NK,test_scRNA,,ILC,test_scRNA
ACGACAAAGTGAAGTG-1_rna,CD8+ T,test_scRNA,,CD4+ T activated,test_scATAC
GCTAAGCGTCGCGCAA-1_rna,CD4+ T naive,test_scRNA,,CD4+ T activated,test_scRNA
GTGTCCAAGCATCCAG-1_rna,Naive CD20+ B,test_scRNA,,CD14+ Mono,test_scATAC
CCATAAATCATGCGTG-1_rna,Naive CD20+ B,test_scRNA,,Erythroblast,test_scRNA
AGATGCTTCATGTTTC-1_rna,CD4+ T naive,test_scRNA,,Naive CD20+ B,test_scRNA
GCGAAGCCAAACTAAG-1_rna,Naive CD20+ B,test_scRNA,,CD14+ Mono,test_scRNA
ATCCTTAGTCGTTACT-1_rna,CD4+ T naive,test_scRNA,,NK,test_scRNA
ATTGGCTAGTTATCTC-1_rna,NK,test_scRNA,,CD14+ Mono,test_scRNA
CGCAATGTCCGCCTAT-1_rna,Normoblast,test_scRNA,,CD14+ Mono,test_scATAC
GTTAACGGTCTCAGCC-1_rna,Erythroblast,test_scRNA,,NK,test_scATAC
TCAGGTTAGGATCCGC-1_rna,CD14+ Mono,test_scRNA,,CD8+ T,test_scRNA
TAGCAGGCACAACCTA-1_rna,CD4+ T activated,test_scRNA,,CD4+ T activated,test_scRNA
TGTGAAACAGCTACGT-1_rna,CD4+ T naive,test_scRNA,,CD8+ T,test_scATAC
CGGACAACAGGCAAGC-1_rna,CD14+ Mono,test_scRNA,,NK,test_scATAC
AATTGGGAGAGAGGCT-1_rna,Normoblast,test_scRNA,,Normoblast,test_scATAC
TCCTTCAAGCTGTAAC-1_rna,CD4+ T naive,test_scRNA,,CD4+ T naive,test_scATAC
GTGCTCCGTTAAGCCA-1_rna,CD8+ T,test_scRNA,,CD8+ T,test_scRNA
CTCTATGTCCGTTAAA-1_rna,CD4+ T activated,test_scRNA,,CD8+ T,test_scRNA
CGAGTCGGTGATTTGG-1_rna,Erythroblast,test_scRNA,,Naive CD20+ B,test_scATAC
TCGCTAACAACAGGAT-1_rna,Erythroblast,test_scRNA,,pDC,test_scRNA
GGTCGGTTCCCGAAGC-1_rna,CD14+ Mono,test_scRNA,,CD4+ T activated,test_scATAC
CCAGCTGCAAGCTACC-1_rna,CD4+ T naive,test_scRNA,,Naive CD20+ B,test_scATAC
CTGTATTTCACTAATG-1_rna,NK,test_scRNA,,Erythroblast,test_scATAC
ATCACACAGAGGATAT-1_rna,Normoblast,test_scRNA,,CD4+ T naive,test_scRNA
TACTTGTTCTAAGTGC-1_rna,NK,test_scRNA,,Erythroblast,test_scRNA
AGCCTAAGTTGCTTCG-1_rna,Naive CD20+ B,test_scRNA,,B1 B,test_scRNA
TTGTCAAAGGGTTATC-1_rna,Normoblast,test_scRNA,,CD4+ T naive,test_scRNA
CCAAGGCTCTTGGATA-1_rna,CD8+ T,test_scRNA,,B1 B,test_scATAC
TAGGGTTTCCTAATGA-1_rna,NK,test_scRNA,,G/M prog,test_scATAC
GATGCGACAGAATGAC-1_rna,CD4+ T activated,test_scRNA,,NK,test_scRNA
GTGAATCTCGCATTAA-1_rna,Normoblast,test_scRNA,,CD8+ T,test_scATAC
AGAACCGCAATCCTAG-1_rna,CD4+ T naive,test_scRNA,,Transitional B,test_scRNA
CTACTTAGTGTTGCTT-1_rna,CD4+ T activated,test_scRNA,,HSC,test_scATAC
GTCGAAGCATAAGGAC-1_rna,Erythroblast,test_scRNA,,MK/E prog,test_scRNA
GTTCCCAGTGTTTCAC-1_rna,Normoblast,test_scRNA,,B1 B,test_scRNA
CCTTCGGTCCTAGTTT-1_rna,CD14+ Mono,test_scRNA,,NK,test_scRNA
CTGTAACAGTGCTGTG-1_rna,Erythroblast,test_scRNA,,Proerythroblast,test_scATAC
CGTGCTTTCGTTATAG-1_rna,CD14+ Mono,test_scRNA,,CD8+ T,test_scATAC
GGTTATGGTCATGCAA-1_rna,NK,test_scRNA,,Naive CD20+ B,test_scRNA
AACCGCTCAACACCTA-1_rna,NK,test_scRNA,,CD14+ Mono,test_scATAC
CTAGTAGGTGGGTACT-1_rna,CD4+ T activated,test_scRNA,,Erythroblast,test_scATAC
CCAACCCGTCCGCTGT-1_rna,CD4+ T activated,test_scRNA,,HSC,test_scRNA
CAGTATGGTCCTTCAG-1_rna,CD14+ Mono,test_scRNA,,CD4+ T activated,test_scRNA
TCAGCCTTCCTAAGTA-1_rna,CD14+ Mono,test_scRNA,,Naive CD20+ B,test_scRNA
CCAGCTAAGGGACTAA-1_rna,CD4+ T naive,test_scRNA,,CD14+ Mono,test_scATAC
CTAATCTTCGGTCAAT-1_rna,Erythroblast,test_scRNA,,CD4+ T activated,test_scATAC
AATTAGCGTTCATTTG-1_rna,Erythroblast,test_scRNA,,CD8+ T,test_scRNA
GGGTGAAGTGATGAAA-1_rna,CD4+ T activated,test_scRNA,,Naive CD20+ B,test_scRNA
CCGTTGCGTTTATGGG-1_rna,G/M prog,test_scRNA,,B1 B,test_scATAC
CGGTGAGAGCATTATG-1_rna,Naive CD20+ B,test_scRNA,,Proerythroblast,test_scATAC
GGTTGCTCAGCAACAG-1_rna,CD14+ Mono,test_scRNA,,Erythroblast,test_scRNA
AGTGATGAGGCTTAAC-1_rna,CD4+ T naive,test_scRNA,,CD8+ T,test_scRNA
CGTAACTAGTTTGCGG-1_rna,CD4+ T activated,test_scRNA,,CD8+ T,test_scRNA
ATATAGGCAAGGAATC-1_rna,Naive CD20+ B,test_scRNA,,CD4+ T activated,test_scRNA
TTCGGTACAATAACCT-1_rna,Erythroblast,test_scRNA,,CD4+ T activated,test_scRNA
ATATGTCCATCCGTAA-1_rna,NK,test_scRNA,,CD8+ T,test_scATAC
CATGCGCAGCACGTTG-1_rna,CD8+ T,test_scRNA,,CD14+ Mono,test_scRNA
CGGCAATGTTGTTGCT-1_rna,CD14+ Mono,test_scRNA,,CD4+ T naive,test_scRNA
AAGTTAGCATGCTATG-1_rna,CD14+ Mono,test_scRNA,,Proerythroblast,test_scRNA
CAAACCGTCATGGTGT-1_rna,CD4+ T activated,test_scRNA,,ILC,test_scATAC
TAATGGACATAGCTGC-1_rna,Erythroblast,test_scRNA,,Erythroblast,test_scATAC
ACCTTCCAGTAATCCA-1_rna,CD4+ T activated,test_scRNA,,CD14+ Mono,test_scATAC
CCTAAGGTCTATGACA-1_rna,Erythroblast,test_scRNA,,CD4+ T activated,test_scRNA
CGCACAATCGTAATCA-1_rna,Normoblast,test_scRNA,,CD16+ Mono,test_scATAC
AGCTTCCTCTGCAACG-1_rna,Normoblast,test_scRNA,,Proerythroblast,test_scRNA
GATGACTTCAGCCAAT-1_rna,CD14+ Mono,test_scRNA,,Normoblast,test_scRNA
AACGCTAGTTTATTCG-1_rna,Normoblast,test_scRNA,,CD4+ T activated,test_scATAC
AGACAATAGAGGAGTC-1_rna,Erythroblast,test_scRNA,,CD14+ Mono,test_scRNA
AGGATGCAGGATAAAC-1_rna,CD8+ T,test_scRNA,,Erythroblast,test_scRNA
GCTAGTGTCTAATTGG-1_rna,Erythroblast,test_scRNA,,CD4+ T naive,test_scATAC
ACTTCGCTCTTTAAGG-1_rna,CD4+ T activated,test_scRNA,,NK,test_scATAC
GTTGGCGGTATCTGGA-1_rna,CD4+ T naive,test_scRNA,,CD14+ Mono,test_scATAC
CCCGTTGTCGCCTGTT-1_rna,Naive CD20+ B,test_scRNA,,Erythroblast,test_scRNA
AATGCGCGTTATGTGG-1_rna,CD8+ T,test_scRNA,,CD8+ T,test_scRNA
CTAGGACGTACGCGCA-1_rna,CD4+ T naive,test_scRNA,,CD14+ Mono,test_scATAC
GAACCTTAGAAACTGG-1_rna,CD4+ T activated,test_scRNA,,CD14+ Mono,test_scATAC
ACATCATCACTTAACG-1_rna,G/M prog,test_scRNA,,CD4+ T activated,test_scRNA
GCCTTGCGTTTACGTC-1_rna,Normoblast,test_scRNA,,CD4+ T activated,test_scATAC
TATCACGCAATTGACT-1_rna,Erythroblast,test_scRNA,,Normoblast,test_scRNA
TCCTTCAAGCGAGCGA-1_rna,CD4+ T naive,test_scRNA,,Normoblast,test_scATAC
TATCACGCAGGCATGA-1_rna,NK,test_scRNA,,G/M prog,test_scRNA
CGGCTAATCCCGTTTA-1_rna,B1 B,test_scRNA,,NK,test_scATAC
GGAAACTCAATGAAGC-1_rna,CD4+ T naive,test_scRNA,,CD14+ Mono,test_scRNA
CCAGCTGCATGAGTTT-1_rna,NK,test_scRNA,,CD14+ Mono,test_scRNA
CTACTTAGTAAGCTCA-1_rna,Naive CD20+ B,test_scRNA,,Erythroblast,test_scATAC
GCCAGGAAGGCATTGT-1_rna,CD4+ T naive,test_scRNA,,ILC,test_scRNA
GCGCTTAAGTTATCCT-1_rna,Normoblast,test_scRNA,,CD14+ Mono,test_scRNA
ATAATGGCAGAGGCTA-1_rna,B1 B,test_scRNA,,Normoblast,test_scRNA
GCCACACAGTAAGGGC-1_rna,CD14+ Mono,test_scRNA,,G/M prog,test_scRNA
CGAAGGCCACCTACGG-1_rna,CD14+ Mono,test_scRNA,,Plasma cell,test_scRNA
CTAGGCGGTGCAATGC-1_rna,NK,test_scRNA,,CD8+ T,test_scATAC
TTTGGTAAGGCACAGG-1_rna,Normoblast,test_scRNA,,CD8+ T,test_scATAC
GATTGTTCACCTGCTC-1_rna,CD4+ T naive,test_scRNA,,CD4+ T naive,test_scRNA
GCTGTAAGTTGCGGAT-1_rna,B1 B,test_scRNA,,CD8+ T,test_scRNA
GGTCGGTTCCACCTGT-1_rna,CD4+ T activated,test_scRNA,,CD4+ T activated,test_scATAC
GATGGACAGCATTATG-1_rna,Normoblast,test_scRNA,,CD8+ T,test_scRNA
TTGTGCGAGACACTTA-1_rna,CD14+ Mono,test_scRNA,,NK,test_scATAC
AGTCAATGTCCTTAGT-1_rna,CD14+ Mono,test_scRNA,,CD8+ T,test_scATAC
CGATCCTTCAGCACGC-1_rna,Naive CD20+ B,test_scRNA,,Erythroblast,test_scRNA
AGAATCTGTGAATCGC-1_rna,CD8+ T,test_scRNA,,CD8+ T,test_scRNA
TCTTAGCGTCCGGTTC-1_rna,Naive CD20+ B,test_scRNA,,Lymph prog,test_scRNA
CTGCAATAGCCGCAAC-1_rna,CD4+ T naive,test_scRNA,,CD8+ T,test_scRNA
ACAGCCGGTCACAGCG-1_rna,CD8+ T,test_scRNA,,NK,test_scRNA
TAGGCTTAGCACTAAC-1_rna,Naive CD20+ B,test_scRNA,,Normoblast,test_scRNA
GCTATCCTCCACCCTG-1_rna,Normoblast,test_scRNA,,CD14+ Mono,test_scRNA
TCCATGCTCATGACCG-1_rna,G/M prog,test_scRNA,,CD4+ T activated,test_scRNA
AATCTTGAGTACTGGT-1_rna,CD8+ T,test_scRNA,,CD4+ T activated,test_scRNA
GTTCCCAGTTCGCGCT-1_rna,NK,test_scRNA,,Proerythroblast,test_scRNA
ACCTGTTGTGCTGGTG-1_rna,Normoblast,test_scRNA,,NK,test_scRNA
CAGGTGGAGCATGTCG-1_rna,CD8+ T,test_scRNA,,Lymph prog,test_scRNA
TGAAGTGAGCAAGATG-1_rna,Erythroblast,test_scRNA,,Erythroblast,test_scRNA
CCTAAGCCACAATGTT-1_rna,CD14+ Mono,test_scRNA,,CD14+ Mono,test_scATAC
GTCATTAAGTTTGGGT-1_rna,Normoblast,test_scRNA,,CD8+ T,test_scRNA
GCGGGTTTCATAAGCC-1_rna,B1 B,test_scRNA,,CD8+ T,test_scATAC
CGTTGCAAGTCAATCA-1_rna,Erythroblast,test_scRNA,,CD14+ Mono,test_scATAC
TCATTTGGTTCGGGAT-1_rna,CD4+ T naive,test_scRNA,,Normoblast,test_scATAC
TCAGCCTTCGCTAGTG-1_rna,CD8+ T,test_scRNA,,Erythroblast,test_scRNA
CCTAGTTGTTAGCATG-1_rna,NK,test_scRNA,,NK,test_scATAC
AAAGCAAGTTATGTGG-1_rna,G/M prog,test_scRNA,,CD16+ Mono,test_scRNA
TCTAATCTCCAGGTCA-1_rna,CD14+ Mono,test_scRNA,,CD14+ Mono,test_scATAC
CCCAACCGTTACCTGT-1_rna,Erythroblast,test_scRNA,,Naive CD20+ B,test_scATAC
GTAGCGCTCATTATGG-1_rna,CD4+ T naive,test_scRNA,,cDC2,test_scRNA
GTCTTGCTCATTGTTC-1_rna,CD4+ T activated,test_scRNA,,B1 B,test_scRNA
CAGGTTTAGCTTATGA-1_rna,NK,test_scRNA,,NK,test_scRNA
TCTTGTCCAAGCCAGA-1_rna,CD4+ T naive,test_scRNA,,CD14+ Mono,test_scRNA
CTGTATTTCCCTCAGT-1_rna,NK,test_scRNA,,CD4+ T activated,test_scRNA
GGAGCATAGGCTGTCA-1_rna,Naive CD20+ B,test_scRNA,,CD4+ T activated,test_scRNA
GTTTGCTGTGTCCAGG-1_rna,ILC,test_scRNA,,Erythroblast,test_scRNA
GACATAGAGCCTCTCG-1_rna,CD4+ T activated,test_scRNA,,CD14+ Mono,test_scRNA
CCTGTAACATTAGCCA-1_rna,NK,test_scRNA,,Transitional B,test_scRNA
ATCAAGACATAAGGAC-1_rna,CD8+ T,test_scRNA,,NK,test_scATAC
TGATGATGTCCAAATG-1_rna,CD4+ T naive,test_scRNA,,CD14+ Mono,test_scRNA
CCGACAGGTCTTGCTG-1_rna,NK,test_scRNA,,Erythroblast,test_scATAC
AGCGGATAGCCAGTAT-1_rna,Normoblast,test_scRNA,,Erythroblast,test_scATAC
ACAACATGTTAAGCGC-1_rna,CD14+ Mono,test_scRNA,,CD8+ T,test_scATAC
CCGTGCTGTGCAATGC-1_rna,CD4+ T activated,test_scRNA,,CD4+ T naive,test_scRNA
CAGGTTAGTAACCTAG-1_rna,CD4+ T naive,test_scRNA,,Naive CD20+ B,test_scRNA
GGTTCCCGTTTGCAGA-1_rna,G/M prog,test_scRNA,,CD4+ T naive,test_scATAC
CCGCTTAGTATTGGTG-1_rna,CD4+ T naive,test_scRNA,,CD4+ T activated,test_scATAC
GTCTTTGTCGCAATCG-1_rna,CD8+ T,test_scRNA,,B1 B,test_scRNA
GTTTCCTCATGTTGCA-1_rna,Normoblast,test_scRNA,,Normoblast,test_scATAC
CTTTAGTTCTTGAGGT-1_rna,CD8+ T,test_scRNA,,Erythroblast,test_scATAC
GGCCTAATCACTTTAC-1_rna,CD8+ T,test_scRNA,,Naive CD20+ B,test_scATAC
GCTGATCCATCAATCG-1_rna,CD4+ T naive,test_scRNA,,CD4+ T naive,test_scRNA
ACTTGAATCATGTTTC-1_rna,CD4+ T activated,test_scRNA,,CD4+ T activated,test_scRNA
AAAGCCGCAAGCCAGA-1_rna,NK,test_scRNA,,Naive CD20+ B,test_scRNA
GGGCGAATCTGGCATG-1_rna,Normoblast,test_scRNA,,Erythroblast,test_scATAC
CAAAGGATCATGCAAC-1_rna,CD4+ T naive,test_scRNA,,Naive CD20+ B,test_scATAC
TCCATTGTCAATGTGC-1_rna,CD4+ T activated,test_scRNA,,CD14+ Mono,test_scATAC
CGAATATGTGTAACCA-1_rna,Erythroblast,test_scRNA,,CD4+ T naive,test_scATAC
CCAGTTTGTACAATGT-1_rna,Naive CD20+ B,test_scRNA,,CD14+ Mono,test_scRNA
GAACTTATCCCGTTGT-1_rna,Naive CD20+ B,test_scRNA,,CD14+ Mono,test_scATAC
TTGTCAAAGCTATTGA-1_rna,Normoblast,test_scRNA,,Erythroblast,test_scRNA
GATGACTTCCTAATAG-1_rna,CD14+ Mono,test_scRNA,,CD8+ T,test_scRNA
CAATAGCTCGTGCCTT-1_rna,CD8+ T,test_scRNA,,Naive CD20+ B,test_scATAC
TGCATCCTCTTGGATA-1_rna,Erythroblast,test_scRNA,,CD4+ T activated,test_scRNA
GCGGTTGGTTGCACGG-1_rna,CD8+ T,test_scRNA,,CD14+ Mono,test_scATAC
CGGAGTCTCCCGAACA-1_rna,CD14+ Mono,test_scRNA,,Naive CD20+ B,test_scRNA
CTAATGTCATGTCAAT-1_rna,CD4+ T naive,test_scRNA,,CD8+ T,test_scRNA
CGCGGATTCCATTACT-1_rna,CD4+ T activated,test_scRNA,,CD4+ T naive,test_scATAC
TCATACTTCATTACAG-1_rna,CD4+ T naive,test_scRNA,,CD14+ Mono,test_scRNA
GTTAGGCGTAACAGGG-1_rna,CD8+ T,test_scRNA,,Erythroblast,test_scRNA
AATTACCCACGAATCC-1_rna,ILC,test_scRNA,,Naive CD20+ B,test_scATAC
GTCAAACTCATTAGTG-1_rna,Naive CD20+ B,test_scRNA,,CD8+ T,test_scRNA
CTTTGAGCACATACTG-1_rna,Erythroblast,test_scRNA,,CD4+ T naive,test_scATAC
CCCTGTTAGGACTTAC-1_rna,G/M prog,test_scRNA,,CD16+ Mono,test_scRNA
TATGGGCGTTCCTGAT-1_rna,Naive CD20+ B,test_scRNA,,CD4+ T activated,test_scRNA
CAGAACCGTTTGCTGT-1_rna,NK,test_scRNA,,B1 B,test_scRNA
CCTTCGTAGGATTGCT-1_rna,Normoblast,test_scRNA,,Naive CD20+ B,test_scRNA
TAGGGTTTCGAGGAAC-1_rna,B1 B,test_scRNA,,Normoblast,test_scATAC
CGTATTGCACATACTG-1_rna,CD8+ T,test_scRNA,,pDC,test_scATAC
GGTGCTTCATCAATCG-1_rna,CD4+ T activated,test_scRNA,,pDC,test_scRNA
AGAGAAGCAACCCTAA-1_rna,NK,test_scRNA,,Erythroblast,test_scATAC
GAGTAATAGGAGTAAT-1_rna,CD8+ T,test_scRNA,,CD4+ T naive,test_scATAC
AGTGTGGCAAACGGGC-1_rna,CD14+ Mono,test_scRNA,,CD4+ T activated,test_scATAC
GAAGTATAGGTCCACA-1_rna,Normoblast,test_scRNA,,G/M prog,test_scATAC
TTTAACGAGCAAGACA-1_rna,CD14+ Mono,test_scRNA,,Naive CD20+ B,test_scATAC
GAGTATCTCACTAATG-1_rna,Erythroblast,test_scRNA,,Erythroblast,test_scRNA
TCAGCCTTCACTAGGT-1_rna,G/M prog,test_scRNA,,Erythroblast,test_scATAC
AGTAACGAGCATGTCG-1_rna,CD14+ Mono,test_scRNA,,CD8+ T,test_scATAC
TCCCTCACATTAAACC-1_rna,CD4+ T naive,test_scRNA,,NK,test_scRNA
AGTACGCGTGATCAGC-1_rna,CD8+ T,test_scRNA,,NK,test_scATAC
ATGACCAGTGAGGTAG-1_rna,CD14+ Mono,test_scRNA,,CD8+ T,test_scATAC
CTACTTAGTTCGCGCT-1_rna,CD4+ T activated,test_scRNA,,CD4+ T activated,test_scATAC
ATTACGTCACAGGATG-1_rna,Naive CD20+ B,test_scRNA,,CD8+ T,test_scRNA
TGGTTCTGTGCATTAG-1_rna,Normoblast,test_scRNA,,CD14+ Mono,test_scATAC
ACTAACCAGGGTTATC-1_rna,CD14+ Mono,test_scRNA,,CD4+ T activated,test_scRNA
GAAAGCCAGTAGCTTA-1_rna,NK,test_scRNA,,CD4+ T activated,test_scATAC
AACAAGCCATAATCGT-1_rna,CD4+ T naive,test_scRNA,,NK,test_scATAC
GAAACCCGTTGGCCGA-1_rna,CD14+ Mono,test_scRNA,,CD8+ T,test_scRNA
TAGCCTTGTTTACTTG-1_rna,Erythroblast,test_scRNA,,Normoblast,test_scATAC
TCAGTGAGTGCATTAG-1_rna,CD8+ T,test_scRNA,,Normoblast,test_scATAC
CAAACGCGTCAGGCCA-1_rna,CD14+ Mono,test_scRNA,,G/M prog,test_scRNA
AACGCCCAGGTCAAAG-1_rna,G/M prog,test_scRNA,,CD14+ Mono,test_scRNA
CAGATTCAGCGCCTAA-1_rna,NK,test_scRNA,,Erythroblast,test_scRNA
TATCCAGCAGCAAATA-1_rna,NK,test_scRNA,,MK/E prog,test_scRNA
TGCTTGTGTGCGCATG-1_rna,CD8+ T,test_scRNA,,NK,test_scRNA
TTGTGCGAGGAGGTTA-1_rna,CD8+ T,test_scRNA,,CD14+ Mono,test_scRNA
CTATTGAAGCTGTAAC-1_rna,CD8+ T,test_scRNA,,CD4+ T activated,test_scATAC
CGACTAAGTTTGTGGA-1_rna,CD4+ T activated,test_scRNA,,Normoblast,test_scATAC
ACCAATATCGTAATCA-1_rna,Naive CD20+ B,test_scRNA,,CD8+ T,test_scRNA
GGCCTTAAGTATTGTG-1_rna,CD14+ Mono,test_scRNA,,CD4+ T naive,test_scATAC
GGTACTAGTCGCAATA-1_rna,CD8+ T,test_scRNA,,Transitional B,test_scATAC
AACATAGCACCTGCTC-1_rna,CD14+ Mono,test_scRNA,,CD8+ T,test_scRNA
AGTCTTGCAAGGCCAA-1_rna,CD14+ Mono,test_scRNA,,CD4+ T activated,test_scATAC
AATGAAGGTTAAGCGC-1_rna,CD4+ T naive,test_scRNA,,CD14+ Mono,test_scATAC
CGGTTGGGTGACCTGG-1_rna,CD4+ T activated,test_scRNA,,CD14+ Mono,test_scRNA
CAGAATCTCCGCAACA-1_rna,NK,test_scRNA,,Normoblast,test_scRNA
ATGGTGCGTAGCTAGC-1_rna,Normoblast,test_scRNA,,Normoblast,test_scRNA
GGTACAAAGCTATGAC-1_rna,CD8+ T,test_scRNA,,NK,test_scRNA
CCTGTATGTAATAACC-1_rna,Erythroblast,test_scRNA,,CD4+ T naive,test_scATAC
AACTAGTGTGTTGCTT-1_rna,CD4+ T activated,test_scRNA,,Naive CD20+ B,test_scATAC
AGCGTGCTCAGCTAAC-1_rna,CD4+ T naive,test_scRNA,,CD16+ Mono,test_scRNA
TCTGTGACAACAGCCT-1_rna,CD4+ T naive,test_scRNA,,B1 B,test_scATAC
GCTAACCCAGCCGCTA-1_rna,Erythroblast,test_scRNA,,CD8+ T,test_scATAC
CTATTCAGTGTGCAAC-1_rna,CD14+ Mono,test_scRNA,,CD4+ T activated,test_scATAC
AATGGCGCAACAGGAT-1_rna,CD8+ T,test_scRNA,,Naive CD20+ B,test_scRNA
ATGACGAAGTCAATTG-1_rna,CD8+ T,test_scRNA,,CD4+ T naive,test_scRNA
TAGTTTGAGTTGGGCC-1_rna,CD8+ T,test_scRNA,,CD14+ Mono,test_scRNA
AAGTAGCCAAGGTCCT-1_rna,CD14+ Mono,test_scRNA,,Normoblast,test_scRNA
GGTCTTTGTGTCCAAA-1_rna,G/M prog,test_scRNA,,CD8+ T,test_scATAC
ACAACAACAATAAGCA-1_rna,CD14+ Mono,test_scRNA,,CD8+ T,test_scATAC
TGAACAACAGAAATTG-1_rna,CD4+ T activated,test_scRNA,,CD4+ T activated,test_scRNA
CTGTTCATCATGACCG-1_rna,Naive CD20+ B,test_scRNA,,Plasma cell,test_scATAC
TCAGTGAGTCGCGCAA-1_rna,Naive CD20+ B,test_scRNA,,NK,test_scRNA
GCGGATACACAATACT-1_rna,NK,test_scRNA,,B1 B,test_scATAC
GGTTCCCGTTAACAGT-1_rna,Naive CD20+ B,test_scRNA,,CD4+ T activated,test_scRNA
AAGTTAGCATTGTGGC-1_rna,CD4+ T activated,test_scRNA,,Naive CD20+ B,test_scRNA
TCCTCACAGGGCTAAA-1_rna,Erythroblast,test_scRNA,,Erythroblast,test_scRNA
TGCCGGTAGGCCGGAA-1_rna,Erythroblast,test_scRNA,,CD14+ Mono,test_scATAC
CAAGTAACAGGATTAA-1_rna,CD4+ T activated,test_scRNA,,CD4+ T naive,test_scRNA
GATCACTAGTCAATCA-1_rna,Erythroblast,test_scRNA,,Naive CD20+ B,test_scRNA
ACGCTTGAGGTCCTGA-1_rna,CD8+ T,test_scRNA,,CD4+ T naive,test_scATAC
ACGCTTGAGTTTGCGG-1_rna,Naive CD20+ B,test_scRNA,,pDC,test_scRNA
GCTTAAATCTTAGCCC-1_rna,NK,test_scRNA,,CD14+ Mono,test_scATAC
GTGTCCAAGTCTATGA-1_rna,ILC,test_scRNA,,CD4+ T activated,test_scATAC
TGGTTCTGTTAATCGG-1_rna,Naive CD20+ B,test_scRNA,,NK,test_scRNA
TCGCCCATCACACAGT-1_rna,Naive CD20+ B,test_scRNA,,CD4+ T activated,test_scRNA
TGGTTGAGTGGGAACA-1_rna,CD4+ T activated,test_scRNA,,CD14+ Mono,test_scATAC
GCATATATCCTCGATC-1_rna,NK,test_scRNA,,HSC,test_scRNA
ACCCGTAAGTTTCCGC-1_rna,CD14+ Mono,test_scRNA,,Normoblast,test_scATAC
TGAACAGAGCTGTCAG-1_rna,CD4+ T activated,test_scRNA,,Erythroblast,test_scRNA
AAAGCGGGTCCCGGAA-1_rna,CD8+ T,test_scRNA,,CD4+ T naive,test_scATAC
GGTTAGCGTTCCTGTG-1_rna,CD8+ T,test_scRNA,,Plasma cell,test_scATAC
CTTACCGGTCCTAAGA-1_rna,NK,test_scRNA,,Erythroblast,test_scATAC
ATGACGAAGACAGGTA-1_rna,CD4+ T activated,test_scRNA,,CD14+ Mono,test_scRNA
TGCACCTTCGACCTGA-1_rna,Erythroblast,test_scRNA,,CD4+ T activated,test_scATAC
AACTGTTCATGAGTTT-1_rna,CD8+ T,test_scRNA,,CD16+ Mono,test_scRNA
AAGACATAGGAGCATA-1_rna,CD4+ T activated,test_scRNA,,Erythroblast,test_scRNA
TACAAGCTCTGGCATG-1_rna,Naive CD20+ B,test_scRNA,,Erythroblast,test_scRNA
CCAACCAAGGGACTAA-1_rna,CD4+ T naive,test_scRNA,,Erythroblast,test_scATAC
CCGCAAATCATAGCCG-1_rna,CD14+ Mono,test_scRNA,,CD14+ Mono,test_scRNA
TACCGTTGTGCACGCA-1_rna,CD4+ T activated,test_scRNA,,CD4+ T activated,test_scRNA
AATTACCCATGTTGTG-1_rna,Erythroblast,test_scRNA,,G/M prog,test_scRNA
GTACTAGGTTGAGCCG-1_rna,CD8+ T,test_scRNA,,Normoblast,test_scATAC
CTGATCACAACCGCCA-1_rna,CD4+ T naive,test_scRNA,,CD4+ T activated,test_scATAC
ATGCGATTCTAGCGTG-1_rna,Erythroblast,test_scRNA,,Erythroblast,test_scRNA
GCTATTGCACTGACTA-1_rna,Erythroblast,test_scRNA,,CD14+ Mono,test_scRNA
TATCACGCATGTCAAT-1_rna,CD8+ T,test_scRNA,,Erythroblast,test_scRNA
TGTTCCTCATCACTTC-1_rna,CD4+ T naive,test_scRNA,,CD14+ Mono,test_scATAC
TGATTGCAGTTTAACG-1_rna,Erythroblast,test_scRNA,,Erythroblast,test_scATAC
GGAGTCTGTTGCGCGA-1_rna,Naive CD20+ B,test_scRNA,,CD4+ T activated,test_scRNA
CTTCTAAGTTGGCGTG-1_rna,CD4+ T activated,test_scRNA,,NK,test_scATAC
CTCGCTAGTCCTTTAA-1_rna,CD4+ T activated,test_scRNA,,Naive CD20+ B,test_scRNA
TTATCCGTCATGAGCT-1_rna,CD4+ T activated,test_scRNA,,Naive CD20+ B,test_scATAC
TATAACCCACAAAGCG-1_rna,CD4+ T naive,test_scRNA,,Lymph prog,test_scRNA
AGTGCACGTGCTCCGT-1_rna,B1 B,test_scRNA,,CD4+ T activated,test_scATAC
GAGGCTTGTTTCCGGC-1_rna,Erythroblast,test_scRNA,,CD4+ T activated,test_scATAC
TATCGCACAGCAAATA-1_rna,CD8+ T,test_scRNA,,NK,test_scRNA
TGGTCAAGTTTCGCGC-1_rna,Naive CD20+ B,test_scRNA,,CD4+ T naive,test_scATAC
ATGTTTGAGGAGCACG-1_rna,NK,test_scRNA,,ILC,test_scATAC
CCAGGAACAGGCTACT-1_rna,Naive CD20+ B,test_scRNA,,Normoblast,test_scRNA
TCCTTTACAAATTGCT-1_rna,CD14+ Mono,test_scRNA,,Normoblast,test_scRNA
ATTACCGCAACACCTA-1_rna,CD8+ T,test_scRNA,,CD4+ T activated,test_scRNA
TGTGGCCAGCGCTAAT-1_rna,Erythroblast,test_scRNA,,Naive CD20+ B,test_scRNA
AGCTTAATCGCTTCTA-1_rna,CD8+ T,test_scRNA,,Naive CD20+ B,test_scRNA
CTTAAGATCACTAATG-1_rna,CD14+ Mono,test_scRNA,,CD14+ Mono,test_scRNA
ATCCTCATCGAAGTGA-1_rna,CD4+ T activated,test_scRNA,,CD14+ Mono,test_scATAC
TCTACTAGTGCGCGTA-1_rna,B1 B,test_scRNA,,CD8+ T,test_scATAC
TTAAGCCAGCTCAAAC-1_rna,Erythroblast,test_scRNA,,NK,test_scRNA
TTAGGATGTATGGTGC-1_rna,ILC,test_scRNA,,CD8+ T,test_scATAC
CTGTTTAGTCAAGTGC-1_rna,ILC,test_scRNA,,CD4+ T naive,test_scRNA
GCACTTACATTAAAGG-1_rna,CD4+ T activated,test_scRNA,,ILC,test_scRNA
GGGTTTGTCTAAGGTC-1_rna,ILC,test_scRNA,,pDC,test_scRNA
GCGATTTAGATTCCTT-1_rna,Erythroblast,test_scRNA,,NK,test_scRNA
CTAAGGTTCAATACGC-1_rna,CD4+ T naive,test_scRNA,,pDC,test_scATAC
ATGCTTAAGTTTGTCT-1_rna,CD4+ T activated,test_scRNA,,CD8+ T,test_scRNA
CTCATGCTCCTCATGC-1_rna,NK,test_scRNA,,CD14+ Mono,test_scRNA
AAGACATAGCAAGGTA-1_rna,CD8+ T,test_scRNA,,Normoblast,test_scRNA
GTACAATGTGCTTACT-1_rna,CD14+ Mono,test_scRNA,,NK,test_scRNA
GGATAACCACAATTAC-1_rna,CD8+ T,test_scRNA,,Naive CD20+ B,test_scATAC
ACTTACAAGGTAACGA-1_rna,NK,test_scRNA,,CD14+ Mono,test_scATAC
CAACAGGCACCTGGTG-1_rna,Erythroblast,test_scRNA,,CD8+ T,test_scRNA
GCGAAGTAGTTGCGTG-1_rna,Erythroblast,test_scRNA,,CD14+ Mono,test_scATAC
GAGCTTAGTGGAGCAA-1_rna,NK,test_scRNA,,CD14+ Mono,test_scRNA
CACTGACCAGCTAACC-1_rna,CD4+ T naive,test_scRNA,,Erythroblast,test_scATAC
GAAAGGCTCATTGTCT-1_rna,CD14+ Mono,test_scRNA,,Normoblast,test_scRNA
ATCATCAAGTTCCCGT-1_rna,ILC,test_scRNA,,Erythroblast,test_scATAC
TGAGCACGTTGCGGAT-1_rna,CD14+ Mono,test_scRNA,,Erythroblast,test_scATAC
CGAAATGAGGCATGAA-1_rna,CD4+ T naive,test_scRNA,,NK,test_scATAC
CTAATTGAGGAACCAA-1_rna,Naive CD20+ B,test_scRNA,,CD14+ Mono,test_scRNA
GGACCTCAGGCGAATA-1_rna,Erythroblast,test_scRNA,,CD8+ T,test_scRNA
GGCCAACTCCCTCAAC-1_rna,NK,test_scRNA,,Naive CD20+ B,test_scATAC
CGGGTATGTACCGAAC-1_rna,CD4+ T activated,test_scRNA,,Erythroblast,test_scRNA
GATAAAGGTTCCTCCT-1_rna,CD4+ T activated,test_scRNA,,Erythroblast,test_scATAC
TAGCAGGCAGGCGATA-1_rna,NK,test_scRNA,,CD4+ T activated,test_scATAC
TATTAGCCAGGACACA-1_rna,Erythroblast,test_scRNA,,Erythroblast,test_scATAC
TTTGTGTTCATGTGGT-1_rna,CD14+ Mono,test_scRNA,,Erythroblast,test_scRNA
CAAGGGAGTCCCGAAG-1_rna,CD4+ T activated,test_scRNA,,Normoblast,test_scRNA
GCCTTAGAGGTGTCCA-1_rna,Naive CD20+ B,test_scRNA,,Proerythroblast,test_scATAC
TGGGCATGTACCGTTT-1_rna,CD14+ Mono,test_scRNA,,CD16+ Mono,test_scRNA
TAGCGGCTCCTTGCGT-1_rna,NK,test_scRNA,,CD14+ Mono,test_scATAC
AGAAACTAGCTGTACG-1_rna,CD14+ Mono,test_scRNA,,Normoblast,test_scATAC
TCCCTCACACTGGCCA-1_rna,CD8+ T,test_scRNA,,pDC,test_scATAC
ATGCAAACACTCGCTC-1_rna,CD4+ T activated,test_scRNA,,CD14+ Mono,test_scRNA
ACAAACTGTATCTGGA-1_rna,CD14+ Mono,test_scRNA,,CD8+ T,test_scRNA
CATGCATAGCTGTCAG-1_rna,CD4+ T activated,test_scRNA,,CD4+ T naive,test_scRNA
CCCTAATGTCACGGAT-1_rna,Erythroblast,test_scRNA,,NK,test_scRNA
AACAGGATCGTTTCTG-1_rna,CD4+ T naive,test_scRNA,,CD16+ Mono,test_scRNA
ATCCAACAGCATTTCT-1_rna,Naive CD20+ B,test_scRNA,,CD8+ T,test_scATAC
CTCACACTCCTCACTA-1_rna,Normoblast,test_scRNA,,CD14+ Mono,test_scRNA
GTCCTCCCATTGTTGG-1_rna,CD14+ Mono,test_scRNA,,Erythroblast,test_scRNA
AACTGTTCAAGGATTA-1_rna,CD4+ T activated,test_scRNA,,NK,test_scATAC
AGTTGTCAGCACAGAA-1_rna,NK,test_scRNA,,ID2-hi myeloid prog,test_scRNA
CGTGAGGAGGTTTGCG-1_rna,Erythroblast,test_scRNA,,Erythroblast,test_scRNA
TGTCATAAGTGTTGCG-1_rna,CD8+ T,test_scRNA,,Naive CD20+ B,test_scRNA
ACCTCACTCCAGGAAA-1_rna,ILC,test_scRNA,,Erythroblast,test_scATAC
ACCAGGCTCGATATTG-1_rna,CD4+ T activated,test_scRNA,,Naive CD20+ B,test_scATAC
AAACATGCACTAAGTT-1_rna,CD4+ T activated,test_scRNA,,CD8+ T,test_scRNA
CGTTGCAAGCTCCTTA-1_rna,CD8+ T,test_scRNA,,CD14+ Mono,test_scATAC
CCGCTAGCATTGGGAG-1_rna,CD8+ T,test_scRNA,,CD4+ T activated,test_scRNA
GAGGCCTTCTCGACCT-1_rna,Naive CD20+ B,test_scRNA,,CD14+ Mono,test_scRNA
CCTCAGTTCCGTTAAA-1_rna,B1 B,test_scRNA,,CD4+ T activated,test_scATAC
TATCCAGCATAAGGAC-1_rna,Erythroblast,test_scRNA,,CD8+ T,test_scRNA
CATCATAAGGTTAGCT-1_rna,CD4+ T naive,test_scRNA,,Normoblast,test_scATAC
CGTTAACAGCAAGGTA-1_rna,CD4+ T naive,test_scRNA,,cDC2,test_scRNA
ACGAACAAGCCTAATA-1_rna,Erythroblast,test_scRNA,,Naive CD20+ B,test_scRNA
CAAACTGGTTCATTTG-1_rna,CD8+ T,test_scRNA,,CD14+ Mono,test_scRNA
CAGCCAATCCAGGAAA-1_rna,CD4+ T naive,test_scRNA,,ILC,test_scRNA
GAGAACCAGGTCCACA-1_rna,Normoblast,test_scRNA,,CD14+ Mono,test_scATAC
ATTACGTCAAGCCAGA-1_rna,CD4+ T naive,test_scRNA,,CD14+ Mono,test_scATAC
GATTGCGTCCAATAGC-1_rna,CD8+ T,test_scRNA,,Naive CD20+ B,test_scRNA
AGCTTTAAGCACGTTG-1_rna,NK,test_scRNA,,CD14+ Mono,test_scRNA
GGACCGAAGGGATGCG-1_rna,CD4+ T activated,test_scRNA,,CD14+ Mono,test_scATAC
TCGTGCTTCTTAGCCC-1_rna,NK,test_scRNA,,Normoblast,test_scRNA
AGCGCCTAGCAAGGGT-1_rna,NK,test_scRNA,,Erythroblast,test_scRNA
CTATGACAGGTAGCTT-1_rna,Normoblast,test_scRNA,,CD14+ Mono,test_scRNA
TCTAACTTCAGGTCCA-1_rna,Erythroblast,test_scRNA,,CD4+ T activated,test_scRNA
TCCGGAATCCATAAGC-1_rna,CD14+ Mono,test_scRNA,,CD8+ T,test_scATAC
GCTCGATCAACTAGGG-1_rna,CD4+ T activated,test_scRNA,,B1 B,test_scRNA
GCATCCTTCGATCAGT-1_rna,Erythroblast,test_scRNA,,NK,test_scATAC
GTTGGCCAGGCTGTCA-1_rna,CD14+ Mono,test_scRNA,,CD14+ Mono,test_scATAC
ATTAGCGGTATTTGGG-1_rna,Erythroblast,test_scRNA,,Erythroblast,test_scRNA
TCCTCTAAGGATAAAC-1_rna,CD4+ T activated,test_scRNA,,Erythroblast,test_scRNA
ACGTACCCAGGACCAA-1_rna,NK,test_scRNA,,Erythroblast,test_scATAC
ACTAACGGTTCCTGTG-1_rna,NK,test_scRNA,,NK,test_scATAC
TTACGTTTCGGCCATA-1_rna,CD8+ T,test_scRNA,,CD4+ T activated,test_scRNA
GGCTATGTCAGCTAAC-1_rna,Naive CD20+ B,test_scRNA,,CD8+ T,test_scATAC
CACAATATCATGCTTT-1_rna,Naive CD20+ B,test_scRNA,,CD4+ T activated,test_scRNA
TACGGTTAGAGGAGGA-1_rna,CD4+ T naive,test_scRNA,,Naive CD20+ B,test_scATAC
CTTTGAGCAAACTAAG-1_rna,NK,test_scRNA,,CD14+ Mono,test_scATAC
TGGTTGAGTTTGGTTC-1_rna,CD14+ Mono,test_scRNA,,CD4+ T naive,test_scATAC
ATCAATCCACCACAAC-1_rna,ILC,test_scRNA,,Naive CD20+ B,test_scRNA
TTAGGCCCAGCAGGTA-1_rna,B1 B,test_scRNA,,CD8+ T,test_scRNA
AGGATGTCACACCAAC-1_rna,Erythroblast,test_scRNA,,CD8+ T,test_scATAC
CGTTTCTCAATGCGCT-1_rna,CD14+ Mono,test_scRNA,,pDC,test_scATAC
GGTTTAATCCTAATGA-1_rna,CD8+ T,test_scRNA,,CD14+ Mono,test_scATAC
CATGAGGCAGCTAACC-1_rna,Erythroblast,test_scRNA,,Lymph prog,test_scRNA
GAACCTGTCTGGCAAT-1_rna,CD4+ T activated,test_scRNA,,NK,test_scRNA
GTAGTTTCATCATGTG-1_rna,Normoblast,test_scRNA,,ILC,test_scRNA
CCAGCTAAGCTGTCAG-1_rna,NK,test_scRNA,,Normoblast,test_scATAC
ACGCAAGCAGGCAAGC-1_rna,CD4+ T naive,test_scRNA,,CD4+ T activated,test_scRNA
GATCAAGAGCAAACCT-1_rna,NK,test_scRNA,,CD14+ Mono,test_scATAC
CTATTGAAGTAACGGA-1_rna,B1 B,test_scRNA,,CD4+ T activated,test_scRNA
ATGTCCACATAAAGCA-1_rna,G/M prog,test_scRNA,,CD4+ T naive,test_scATAC
TCCTGTTCAGGACCTT-1_rna,CD14+ Mono,test_scRNA,,NK,test_scRNA
GTACTAATCGGTTCCT-1_rna,CD8+ T,test_scRNA,,NK,test_scATAC
CGCATTTGTGGTTATG-1_rna,B1 B,test_scRNA,,CD4+ T activated,test_scRNA
AGTGCCGGTATTGCAG-1_rna,NK,test_scRNA,,Lymph prog,test_scATAC
CTCACACTCACCTGTC-1_rna,CD14+ Mono,test_scRNA,,Naive CD20+ B,test_scATAC
TGATGATGTGATGAGG-1_rna,CD8+ T,test_scRNA,,CD14+ Mono,test_scATAC
AAACCGAAGGTTACAC-1_rna,CD8+ T,test_scRNA,,CD14+ Mono,test_scRNA
TAGGTTATCAATGTGC-1_rna,CD8+ T,test_scRNA,,CD8+ T,test_scATAC
AGGATTGAGAGGAGGA-1_rna,CD14+ Mono,test_scRNA,,Erythroblast,test_scATAC
CTCCATCAGGCATGAA-1_rna,CD14+ Mono,test_scRNA,,Erythroblast,test_scRNA
CGGTTCCGTGTGAGAG-1_rna,Erythroblast,test_scRNA,,NK,test_scATAC
ACTTCGCTCAATTACG-1_rna,Normoblast,test_scRNA,,Normoblast,test_scRNA
GAACCGCTCCCGAAGC-1_rna,Normoblast,test_scRNA,,B1 B,test_scRNA
AAATCCGGTGATTACG-1_rna,CD4+ T activated,test_scRNA,,CD4+ T activated,test_scATAC
ATTTGTGAGTCATCCC-1_rna,CD8+ T,test_scRNA,,CD4+ T activated,test_scRNA
CTGCTCCCATCCCGCT-1_rna,CD14+ Mono,test_scRNA,,CD4+ T activated,test_scATAC
TGAAGTGAGTGAACCT-1_rna,CD14+ Mono,test_scRNA,,CD4+ T activated,test_scRNA
TGTTAGCAGGCGAATA-1_rna,Erythroblast,test_scRNA,,CD4+ T naive,test_scATAC
CTAAGTCAGGCTGGCT-1_rna,NK,test_scRNA,,CD8+ T,test_scRNA
TGCGCAGGTTTGGCTT-1_rna,CD8+ T,test_scRNA,,Normoblast,test_scRNA
ACACTAGGTTGTCCAT-1_rna,Normoblast,test_scRNA,,CD14+ Mono,test_scATAC
CGGATAAAGGGCTTAT-1_rna,CD14+ Mono,test_scRNA,,CD8+ T,test_scATAC
AAAGGTTAGGGCTAAA-1_rna,CD4+ T naive,test_scRNA,,Normoblast,test_scATAC
TCCCGTTAGCGAGGTG-1_rna,CD8+ T,test_scRNA,,Normoblast,test_scATAC
TTTCTCACACTTAGGC-1_rna,Erythroblast,test_scRNA,,CD4+ T naive,test_scATAC
TTTGTGGCACAATGTT-1_rna,CD8+ T,test_scRNA,,Erythroblast,test_scRNA
GCATTAGGTGTCCTGC-1_rna,CD14+ Mono,test_scRNA,,CD14+ Mono,test_scATAC
CATTTGTTCCCGAACA-1_rna,CD8+ T,test_scRNA,,Normoblast,test_scATAC
AATCCATCAGCAGGTA-1_rna,Normoblast,test_scRNA,,CD14+ Mono,test_scATAC
GACTTAGGTTAGCCAA-1_rna,Erythroblast,test_scRNA,,CD4+ T activated,test_scRNA
GGCCTTAAGGACCTTG-1_rna,CD4+ T activated,test_scRNA,,NK,test_scRNA
AAGCTCCCATCCGTAA-1_rna,CD14+ Mono,test_scRNA,,CD14+ Mono,test_scRNA
CTTATGTTCATGTTTC-1_rna,Naive CD20+ B,test_scRNA,,CD4+ T activated,test_scATAC
CAAGCTAGTTCAAGCA-1_rna,Normoblast,test_scRNA,,CD14+ Mono,test_scATAC
GATTTGCAGTTACCGG-1_rna,CD4+ T naive,test_scRNA,,G/M prog,test_scATAC
TTGAGCTAGCAAGATG-1_rna,CD4+ T naive,test_scRNA,,CD4+ T naive,test_scATAC
TACCGCAAGGAACCGG-1_rna,CD14+ Mono,test_scRNA,,CD14+ Mono,test_scATAC
CAAGTGAAGACCATAC-1_rna,CD4+ T activated,test_scRNA,,Plasma cell,test_scATAC
TTGTCCATCATTGCGG-1_rna,Naive CD20+ B,test_scRNA,,CD4+ T activated,test_scATAC
GTTAAACGTTAACGAT-1_rna,NK,test_scRNA,,Normoblast,test_scATAC
CATCATAAGCTAATTG-1_rna,ILC,test_scRNA,,CD14+ Mono,test_scATAC
AAGCTAGAGCTTTGGG-1_rna,Naive CD20+ B,test_scRNA,,CD4+ T activated,test_scRNA
ATCTTTGGTGCTAGAC-1_rna,NK,test_scRNA,,B1 B,test_scRNA
CCTATATTCGCATTAA-1_rna,Naive CD20+ B,test_scRNA,,NK,test_scATAC
GTGCACGGTATTTGGG-1_rna,Erythroblast,test_scRNA,,MK/E prog,test_scATAC
TTTAGCAAGAAAGCAT-1_rna,CD14+ Mono,test_scRNA,,CD14+ Mono,test_scRNA
GCGAAGTAGCTCATAA-1_rna,Erythroblast,test_scRNA,,Erythroblast,test_scRNA
TGGTTCCTCTCCTCTT-1_rna,NK,test_scRNA,,ILC,test_scATAC
GTGATGAAGGTCAAAG-1_rna,NK,test_scRNA,,Naive CD20+ B,test_scATAC
GCGATTAGTTCACCAT-1_rna,NK,test_scRNA,,ILC,test_scRNA
CATGCGGGTTTGTTGC-1_rna,Erythroblast,test_scRNA,,Normoblast,test_scRNA
CGTGTTACAGTCTATG-1_rna,Normoblast,test_scRNA,,G/M prog,test_scRNA
CCTGATGAGGTGAAAT-1_rna,CD8+ T,test_scRNA,,Lymph prog,test_scATAC
GGTGTCCAGGGATGAC-1_rna,CD8+ T,test_scRNA,,CD4+ T activated,test_scRNA
ACACTAATCCTTAATC-1_rna,Erythroblast,test_scRNA,,Transitional B,test_scRNA
GATTTGCAGCAAACCT-1_rna,CD14+ Mono,test_scRNA,,CD4+ T activated,test_scRNA
GTTTAGCAGTATTGCA-1_rna,ILC,test_scRNA,,CD14+ Mono,test_scRNA
TACGTAATCTCACAAA-1_rna,CD4+ T naive,test_scRNA,,CD14+ Mono,test_scRNA
TTTATGGAGGATAAAC-1_rna,NK,test_scRNA,,CD14+ Mono,test_scATAC
TCTTAGTTCCAAGTTA-1_rna,CD14+ Mono,test_scRNA,,Lymph prog,test_scRNA
TTTGTGAAGTAGCGGG-1_rna,Erythroblast,test_scRNA,,CD4+ T activated,test_scATAC
GTTCTTAGTGCTGTAA-1_rna,CD4+ T activated,test_scRNA,,NK,test_scRNA
GGCATGGAGGTCGATT-1_rna,CD4+ T activated,test_scRNA,,Erythroblast,test_scRNA
TACGTAATCGCGACAC-1_rna,CD4+ T activated,test_scRNA,,NK,test_scRNA
ATTGGTTCAACTGGGA-1_rna,CD4+ T naive,test_scRNA,,NK,test_scRNA
CAGCCTAAGTTTCCTG-1_rna,CD8+ T,test_scRNA,,CD16+ Mono,test_scRNA
AGGTCCGGTCACAGAC-1_rna,CD8+ T,test_scRNA,,CD8+ T,test_scATAC
AATTAGCGTTATTGCC-1_rna,Erythroblast,test_scRNA,,CD4+ T activated,test_scATAC
ATTGGTTCATCCCTCA-1_rna,CD8+ T,test_scRNA,,Erythroblast,test_scATAC
AGGACGTAGGTAAGCA-1_rna,Erythroblast,test_scRNA,,CD8+ T,test_scATAC
CCCGCAACAGAGGCTA-1_rna,CD8+ T,test_scRNA,,Erythroblast,test_scRNA
TCCAGCAAGGAGGTTA-1_rna,CD4+ T activated,test_scRNA,,CD4+ T activated,test_scATAC
TGACTTAAGCAGGTTT-1_rna,Normoblast,test_scRNA,,CD8+ T,test_scATAC
CAATCCTGTGGTTATG-1_rna,CD4+ T naive,test_scRNA,,CD4+ T activated,test_scATAC
ACTCAGTAGTTGCGTG-1_rna,Naive CD20+ B,test_scRNA,,CD4+ T activated,test_scRNA
GCGCAATGTTTGCGCC-1_rna,CD4+ T naive,test_scRNA,,NK,test_scATAC
CTATTGAAGACAAAGT-1_rna,CD4+ T activated,test_scRNA,,Erythroblast,test_scRNA
CGGATAAAGAGAGCCG-1_rna,ILC,test_scRNA,,MK/E prog,test_scRNA
CGGACCTAGCTGAGGG-1_rna,Naive CD20+ B,test_scRNA,,CD4+ T activated,test_scRNA
AAAGGTTAGTACCGCA-1_rna,CD14+ Mono,test_scRNA,,CD4+ T naive,test_scATAC
AGAAACCCATGAATAG-1_rna,Normoblast,test_scRNA,,CD4+ T activated,test_scRNA
TGCTTGCTCGTTACAA-1_rna,Erythroblast,test_scRNA,,G/M prog,test_scATAC
AGGCGGATCGGGATTT-1_rna,CD14+ Mono,test_scRNA,,Erythroblast,test_scRNA
GGAGCGATCCTTCGTA-1_rna,CD14+ Mono,test_scRNA,,CD14+ Mono,test_scATAC
CCGTTTGGTGTTCCCA-1_rna,Naive CD20+ B,test_scRNA,,CD14+ Mono,test_scATAC
ATCACCCTCCTGATGG-1_rna,CD8+ T,test_scRNA,,CD8+ T,test_scRNA
GACATAGAGCCTCTGT-1_rna,CD14+ Mono,test_scRNA,,Transitional B,test_scRNA
TCCATTGTCTAAGGAG-1_rna,Erythroblast,test_scRNA,,Erythroblast,test_scATAC
AAGAATCAGCTAATTG-1_rna,CD4+ T naive,test_scRNA,,G/M prog,test_scATAC
CATGGATTCTCCATGC-1_rna,NK,test_scRNA,,Normoblast,test_scRNA
AGATGAAGTACCTTAC-1_rna,Naive CD20+ B,test_scRNA,,CD4+ T activated,test_scRNA
TCGTAATCACCTCGCT-1_rna,Erythroblast,test_scRNA,,CD16+ Mono,test_scATAC
AAATCCGGTTAGTACG-1_rna,Erythroblast,test_scRNA,,ID2-hi myeloid prog,test_scATAC
CGACCTGCACAGGGAC-1_rna,NK,test_scRNA,,CD4+ T naive,test_scRNA
ATCAGGTTCCGGTTGA-1_rna,CD4+ T naive,test_scRNA,,CD14+ Mono,test_scATAC
CAGCTCAAGATGGAGC-1_rna,B1 B,test_scRNA,,NK,test_scRNA
TTCCTTCTCATAAGCC-1_rna,CD4+ T naive,test_scRNA,,Lymph prog,test_scRNA
ACCACACCATTATGGT-1_rna,CD8+ T,test_scRNA,,G/M prog,test_scATAC
ATCACCCTCGTGCTTC-1_rna,NK,test_scRNA,,B1 B,test_scATAC
CATGCATAGTTAGCTA-1_rna,Normoblast,test_scRNA,,CD4+ T activated,test_scRNA
AGTACGCGTTCCTCCT-1_rna,CD4+ T activated,test_scRNA,,NK,test_scRNA
CTATGATCACATGCTA-1_rna,CD8+ T,test_scRNA,,NK,test_scRNA
GATTCATCATGAATCT-1_rna,CD8+ T,test_scRNA,,CD8+ T,test_scATAC
TAGGTGCGTCGCAAAC-1_rna,NK,test_scRNA,,CD4+ T naive,test_scATAC
CTACCTCAGTTCCCAC-1_rna,NK,test_scRNA,,B1 B,test_scATAC
GGTTACTAGTGAGGTA-1_rna,CD14+ Mono,test_scRNA,,NK,test_scRNA
ATTCCTCCATAGGCGA-1_rna,Naive CD20+ B,test_scRNA,,CD14+ Mono,test_scRNA
ATGTAAGCAGCACCAT-1_rna,Normoblast,test_scRNA,,Transitional B,test_scRNA
CTGCTATGTGCTCCAC-1_rna,CD14+ Mono,test_scRNA,,Transitional B,test_scATAC
GCAGCCAGTGGAGCAA-1_rna,Erythroblast,test_scRNA,,CD14+ Mono,test_scATAC
AAACGTACAGCATGGA-1_rna,CD8+ T,test_scRNA,,NK,test_scRNA
CAAACTGGTAACCAGC-1_rna,CD4+ T activated,test_scRNA,,CD8+ T,test_scRNA
CCTGACTTCTTAGGAC-1_rna,CD4+ T naive,test_scRNA,,Normoblast,test_scATAC
GGAACAATCACAAGCT-1_rna,Naive CD20+ B,test_scRNA,,CD14+ Mono,test_scRNA
TACGCACCATGTTTGG-1_rna,CD4+ T naive,test_scRNA,,CD4+ T activated,test_scRNA
GACCTTTGTTCTTTAG-1_rna,CD4+ T activated,test_scRNA,,NK,test_scATAC
GCAATCTAGATGGAGC-1_rna,CD8+ T,test_scRNA,,CD4+ T naive,test_scRNA
ATTGCACAGTATTGGC-1_rna,CD14+ Mono,test_scRNA,,NK,test_scATAC
CCCTGTTAGATAGACG-1_rna,Normoblast,test_scRNA,,Erythroblast,test_scATAC
ACTATCCGTCATAAGT-1_rna,Normoblast,test_scRNA,,CD14+ Mono,test_scRNA
ATGGCTAGTCCGCTGT-1_rna,CD4+ T naive,test_scRNA,,CD14+ Mono,test_scRNA
CTAGGACGTCCTTCTC-1_rna,CD14+ Mono,test_scRNA,,Erythroblast,test_scATAC
GAACCAGCACCTCGCT-1_rna,NK,test_scRNA,,CD14+ Mono,test_scRNA
AAGACATAGCTCAAAC-1_rna,Erythroblast,test_scRNA,,G/M prog,test_scATAC
AGGATATAGCATGACT-1_rna,Normoblast,test_scRNA,,CD14+ Mono,test_scATAC
GAGCCACTCTAAGGAG-1_rna,NK,test_scRNA,,NK,test_scATAC
AAGGTCAAGGCAATAG-1_rna,B1 B,test_scRNA,,NK,test_scRNA
AACGCCCAGCATGACT-1_rna,CD4+ T naive,test_scRNA,,NK,test_scRNA
TTACCTGTCCCGCCTA-1_rna,Normoblast,test_scRNA,,Normoblast,test_scATAC
CCACTTGGTATACTGG-1_rna,Erythroblast,test_scRNA,,NK,test_scRNA
AGGCTAAAGCACAGAA-1_rna,B1 B,test_scRNA,,CD4+ T naive,test_scATAC
GCAGCCAGTTGCTTCG-1_rna,B1 B,test_scRNA,,Proerythroblast,test_scATAC
CGGAGCAAGTTCCTGC-1_rna,CD4+ T activated,test_scRNA,,Erythroblast,test_scRNA
CTACAACAGGCTATGT-1_rna,G/M prog,test_scRNA,,CD14+ Mono,test_scATAC
ACGTACCCACAAGCCT-1_rna,Naive CD20+ B,test_scRNA,,NK,test_scRNA
GCAGCTATCTAAGTGC-1_rna,CD8+ T,test_scRNA,,NK,test_scATAC
CTTCAGGAGTCTTGAA-1_rna,B1 B,test_scRNA,,HSC,test_scATAC
GTTGGCCAGTTCCCGT-1_rna,NK,test_scRNA,,NK,test_scRNA
CTAGTTGCAGCTTAAT-1_rna,CD8+ T,test_scRNA,,ID2-hi myeloid prog,test_scATAC
AACATTGTCTTGACCC-1_rna,CD4+ T activated,test_scRNA,,CD8+ T,test_scRNA
GCTTTGTGTCAATAGT-1_rna,CD8+ T,test_scRNA,,CD4+ T activated,test_scATAC
GTTGTGAGTGATGAAA-1_rna,CD8+ T,test_scRNA,,Normoblast,test_scATAC
AAAGCTTGTTGTTGGA-1_rna,CD4+ T naive,test_scRNA,,CD14+ Mono,test_scATAC
ATGTAAGCAGTTAAAG-1_rna,CD14+ Mono,test_scRNA,,NK,test_scRNA
CCTGATGAGCACAGAA-1_rna,CD14+ Mono,test_scRNA,,B1 B,test_scRNA
TCATTACTCCTCAGTC-1_rna,NK,test_scRNA,,CD14+ Mono,test_scRNA
CAGGACCTCACAGCGC-1_rna,CD4+ T naive,test_scRNA,,Erythroblast,test_scATAC
GGACGGATCAGTGAAG-1_rna,Erythroblast,test_scRNA,,CD4+ T naive,test_scRNA
ACGCACGGTTACAACG-1_rna,CD8+ T,test_scRNA,,NK,test_scRNA
CGGTGAACATCCTAGA-1_rna,CD8+ T,test_scRNA,,Normoblast,test_scRNA
GACCGAACATGTTGTG-1_rna,CD14+ Mono,test_scRNA,,Transitional B,test_scRNA
TTGCAAGGTATGGTGC-1_rna,CD4+ T activated,test_scRNA,,pDC,test_scATAC
AAGACCAAGTCTTGAA-1_rna,Erythroblast,test_scRNA,,CD4+ T activated,test_scATAC
ATGAGCCGTTCTTTAG-1_rna,CD14+ Mono,test_scRNA,,CD8+ T,test_scATAC
GGATTATGTCCTTTAA-1_rna,CD8+ T,test_scRNA,,CD4+ T naive,test_scRNA
GCGAAGCCAGCAAATA-1_rna,CD4+ T activated,test_scRNA,,Erythroblast,test_scATAC
GATTATGTCAGCCAAT-1_rna,B1 B,test_scRNA,,CD8+ T,test_scRNA
TGACTTAAGACTTACA-1_rna,Naive CD20+ B,test_scRNA,,pDC,test_scRNA
TGCCGGTAGAAGCTAG-1_rna,Naive CD20+ B,test_scRNA,,Naive CD20+ B,test_scATAC
GATCAAGAGCTCAAAC-1_rna,CD14+ Mono,test_scRNA,,cDC2,test_scATAC
TGTTCATTCGCAGGCT-1_rna,Erythroblast,test_scRNA,,CD4+ T naive,test_scATAC
AGCTATATCCAAGTTA-1_rna,ILC,test_scRNA,,NK,test_scRNA
AGACCCGGTTCTTTAG-1_rna,CD4+ T activated,test_scRNA,,Erythroblast,test_scRNA
GTGTTACAGACAGGTA-1_rna,CD4+ T naive,test_scRNA,,NK,test_scATAC
ACCAAACTCATTAGCA-1_rna,CD4+ T naive,test_scRNA,,NK,test_scRNA
CTTAATGAGGGATGCG-1_rna,NK,test_scRNA,,Normoblast,test_scATAC
GTGTGAGCAGTTAGCC-1_rna,Normoblast,test_scRNA,,CD14+ Mono,test_scATAC
CTCCCTGAGTCACTAA-1_rna,CD14+ Mono,test_scRNA,,NK,test_scATAC
CCTTTAGTCCATAATG-1_rna,CD4+ T naive,test_scRNA,,CD4+ T naive,test_scRNA
CAGCTCAAGGCCCAGT-1_rna,CD8+ T,test_scRNA,,CD4+ T naive,test_scATAC
GGCTGAGAGGGTGGAT-1_rna,CD14+ Mono,test_scRNA,,Erythroblast,test_scRNA
CGTTAAATCCACAATA-1_rna,CD14+ Mono,test_scRNA,,Erythroblast,test_scATAC
TGCTTTAGTAACCTAG-1_rna,CD4+ T activated,test_scRNA,,NK,test_scATAC
CGTGGTTCACCTAATG-1_rna,Normoblast,test_scRNA,,CD8+ T,test_scRNA
GAGCTGCTCATTGCGG-1_rna,NK,test_scRNA,,pDC,test_scRNA
AACCTTAAGCGAGCGA-1_rna,Naive CD20+ B,test_scRNA,,CD14+ Mono,test_scATAC
AACTTAGTCCTCACAC-1_rna,NK,test_scRNA,,CD8+ T,test_scRNA
ACCACATAGCCAGGTC-1_rna,CD14+ Mono,test_scRNA,,Erythroblast,test_scRNA
AGCATCCCATACCCGG-1_rna,CD14+ Mono,test_scRNA,,CD4+ T activated,test_scRNA
AGGAACCAGATAACCC-1_rna,CD8+ T,test_scRNA,,CD8+ T,test_scRNA
GCATTAGGTATTGTCC-1_rna,CD8+ T,test_scRNA,,CD4+ T naive,test_scATAC
GGGTGTTGTTACATCC-1_rna,CD8+ T,test_scRNA,,CD8+ T,test_scRNA
ATGACCAGTTCACCAT-1_rna,CD4+ T naive,test_scRNA,,CD16+ Mono,test_scRNA
CACTTAAAGGGTGGAT-1_rna,Naive CD20+ B,test_scRNA,,CD8+ T,test_scRNA
CTCATCATCAAACCGT-1_rna,CD4+ T activated,test_scRNA,,CD14+ Mono,test_scRNA
AGGCTAGCATAATTGC-1_rna,Normoblast,test_scRNA,,Naive CD20+ B,test_scATAC
GTTACTCGTTATCCTA-1_rna,ILC,test_scRNA,,Naive CD20+ B,test_scRNA
TCGTAATCATCAATCG-1_rna,Erythroblast,test_scRNA,,CD14+ Mono,test_scRNA
GGCGGTAAGACACCGC-1_rna,Naive CD20+ B,test_scRNA,,G/M prog,test_scRNA
GGTTGACGTTTGTCTA-1_rna,CD4+ T activated,test_scRNA,,CD8+ T,test_scATAC
ATTTAGCCAGCATTAT-1_rna,CD14+ Mono,test_scRNA,,CD4+ T activated,test_scRNA
TACTTCGTCTTTGAGA-1_rna,CD4+ T naive,test_scRNA,,CD4+ T activated,test_scRNA
TTTGTGGCAAACTAAG-1_rna,CD4+ T naive,test_scRNA,,B1 B,test_scRNA
CTCTAGCTCTCCATAT-1_rna,Erythroblast,test_scRNA,,Proerythroblast,test_scRNA
GTTGGAGCATCAATCG-1_rna,CD14+ Mono,test_scRNA,,CD14+ Mono,test_scRNA
CAAGGGAGTCAGTAAT-1_rna,CD14+ Mono,test_scRNA,,Naive CD20+ B,test_scATAC
CCTAAGTAGAATCTCA-1_rna,CD4+ T naive,test_scRNA,,Erythroblast,test_scATAC
GGCATTAGTGACATAT-1_rna,Erythroblast,test_scRNA,,NK,test_scATAC
CTACTAAAGTGAGGGT-1_rna,NK,test_scRNA,,CD14+ Mono,test_scATAC
GAGGCTACAGTTTCTC-1_rna,CD14+ Mono,test_scRNA,,Naive CD20+ B,test_scATAC
TTAGCAATCTAAGGAG-1_rna,CD14+ Mono,test_scRNA,,CD8+ T,test_scRNA
AGCTTCCTCCGCAACA-1_rna,Naive CD20+ B,test_scRNA,,CD4+ T activated,test_scATAC
TTGCAGCCACATAACT-1_rna,Naive CD20+ B,test_scRNA,,ILC,test_scATAC
TTAACCAAGGAATAAC-1_rna,CD14+ Mono,test_scRNA,,ID2-hi myeloid prog,test_scRNA
CGCCTGTGTATTCGCT-1_rna,CD4+ T naive,test_scRNA,,CD4+ T naive,test_scRNA
TTAAGGTGTAGCCATA-1_rna,Normoblast,test_scRNA,,CD8+ T,test_scATAC
CCTTGCGTCGTTATAG-1_rna,CD8+ T,test_scRNA,,Naive CD20+ B,test_scATAC
ACCCAACCACAAAGAC-1_rna,NK,test_scRNA,,Normoblast,test_scRNA
ACCCAACCACACCAAC-1_rna,CD4+ T activated,test_scRNA,,CD14+ Mono,test_scRNA
CACATAATCCAGGTCA-1_rna,CD14+ Mono,test_scRNA,,CD4+ T activated,test_scRNA
CGTGCTTTCATTGCGG-1_rna,NK,test_scRNA,,CD4+ T activated,test_scATAC
CCTAAGGTCCATTACT-1_rna,CD4+ T activated,test_scRNA,,Naive CD20+ B,test_scRNA
GATCAGGCATTGACAT-1_rna,NK,test_scRNA,,CD16+ Mono,test_scATAC
GCTAACCCAATGCCTA-1_rna,CD14+ Mono,test_scRNA,,Normoblast,test_scATAC
TACCTTAGTGCGCGTA-1_rna,CD4+ T activated,test_scRNA,,CD4+ T naive,test_scATAC
GAACACAAGGCTGTGC-1_rna,CD8+ T,test_scRNA,,Erythroblast,test_scATAC
GCCTGACAGCAAGGAC-1_rna,Erythroblast,test_scRNA,,Normoblast,test_scRNA
ACTTGAATCTCACATT-1_rna,CD14+ Mono,test_scRNA,,Plasma cell,test_scATAC
CATTATGAGTTGTCCC-1_rna,Erythroblast,test_scRNA,,CD4+ T naive,test_scRNA
TGTGATCAGGAACCGG-1_rna,Erythroblast,test_scRNA,,CD14+ Mono,test_scATAC
CAGCTATAGGAAGTAT-1_rna,CD4+ T naive,test_scRNA,,CD4+ T activated,test_scATAC
AACATTGTCCTCACTA-1_rna,CD14+ Mono,test_scRNA,,G/M prog,test_scATAC
TCAGTAGGTCAAAGGG-1_rna,Erythroblast,test_scRNA,,NK,test_scRNA
AGTAAACAGTCCTTTG-1_rna,CD14+ Mono,test_scRNA,,Naive CD20+ B,test_scRNA
TTTGCGGAGCGCCTTT-1_rna,CD8+ T,test_scRNA,,Erythroblast,test_scRNA
GGCGTTATCACATTGA-1_rna,CD4+ T naive,test_scRNA,,CD14+ Mono,test_scRNA
GTAAGCTTCACTCAAA-1_rna,CD14+ Mono,test_scRNA,,Normoblast,test_scATAC
GGTTGAGCAGCAACAG-1_rna,Normoblast,test_scRNA,,CD4+ T activated,test_scATAC
TCTCAAGCAGCAAGGC-1_rna,CD4+ T activated,test_scRNA,,CD16+ Mono,test_scRNA
CGCTCAGCATGGCCTG-1_rna,NK,test_scRNA,,Erythroblast,test_scATAC
CGTGCACAGCGATACT-1_rna,CD4+ T activated,test_scRNA,,CD14+ Mono,test_scRNA
AACAAAGGTGCTTACT-1_rna,CD14+ Mono,test_scRNA,,Erythroblast,test_scRNA
CATGAGGCAGCTCAAC-1_rna,Erythroblast,test_scRNA,,G/M prog,test_scATAC
GGTCCATCAAAGCTCC-1_rna,CD8+ T,test_scRNA,,Erythroblast,test_scRNA
TGTTGGCCAGAGGGAG-1_rna,G/M prog,test_scRNA,,NK,test_scATAC
CATATCGCAGCATTAT-1_rna,CD4+ T activated,test_scRNA,,Normoblast,test_scRNA
GAAAGCCAGAAAGCAT-1_rna,Naive CD20+ B,test_scRNA,,CD4+ T naive,test_scRNA
GTCATCCTCCTGAATA-1_rna,Erythroblast,test_scRNA,,NK,test_scATAC
AAAGCCCGTTGGCCGA-1_rna,CD4+ T activated,test_scRNA,,B1 B,test_scATAC
AAGGCCCTCTTTGAGA-1_rna,NK,test_scRNA,,CD8+ T,test_scRNA
GTCATGAGTCCTAAGA-1_rna,CD4+ T activated,test_scRNA,,CD4+ T activated,test_scATAC
CTAGCTTGTGGTTCTT-1_rna,NK,test_scRNA,,NK,test_scRNA
GATTAGTGTCACAGAC-1_rna,CD14+ Mono,test_scRNA,,CD14+ Mono,test_scRNA
GTTCCTGGTTGTAAAC-1_rna,Normoblast,test_scRNA,,CD8+ T,test_scRNA
TTAAGGACATAATGTC-1_rna,CD8+ T,test_scRNA,,Normoblast,test_scRNA
GTGGATGCAATTTGGT-1_rna,CD4+ T activated,test_scRNA,,Erythroblast,test_scRNA
TTAGAAGCATCACTTC-1_rna,CD14+ Mono,test_scRNA,,CD4+ T activated,test_scRNA
CCAAACCCATGAATAG-1_rna,Erythroblast,test_scRNA,,CD4+ T activated,test_scATAC
CGCATATAGTGTGATC-1_rna,Erythroblast,test_scRNA,,ID2-hi myeloid prog,test_scATAC
CTTTAGGCAATATAGG-1_rna,CD8+ T,test_scRNA,,Normoblast,test_scRNA
GGAACTAAGTGAGCAA-1_rna,CD4+ T naive,test_scRNA,,CD14+ Mono,test_scATAC
CGCATTTGTACTGAAT-1_rna,CD8+ T,test_scRNA,,Naive CD20+ B,test_scATAC
CGTGTTACACCTACGG-1_rna,Naive CD20+ B,test_scRNA,,Normoblast,test_scRNA
ACGCACGGTTAAGCCA-1_rna,CD8+ T,test_scRNA,,CD8+ T,test_scATAC
GTAGGTGCAATAGTCT-1_rna,CD4+ T activated,test_scRNA,,Normoblast,test_scATAC
ATGTCAATCCTTAATC-1_rna,CD14+ Mono,test_scRNA,,Erythroblast,test_scRNA
GGCTATTAGGTTAGCT-1_rna,CD14+ Mono,test_scRNA,,Normoblast,test_scRNA
AAGCGCTGTTGCATCT-1_rna,CD14+ Mono,test_scRNA,,CD14+ Mono,test_scATAC
CCCGTAAAGCTCCTTA-1_rna,CD8+ T,test_scRNA,,Naive CD20+ B,test_scATAC
AGCGATTTCTTGATGA-1_rna,CD4+ T activated,test_scRNA,,CD4+ T activated,test_scRNA
TATATCCTCAAGCTTA-1_rna,Normoblast,test_scRNA,,NK,test_scATAC
TTGTCAAAGCTATATG-1_rna,CD4+ T activated,test_scRNA,,ID2-hi myeloid prog,test_scRNA
ATCCTTAGTATTGGAT-1_rna,Erythroblast,test_scRNA,,CD4+ T naive,test_scRNA
GAGCGGTCAGGAACTG-1_rna,NK,test_scRNA,,B1 B,test_scRNA
ACCCTCCCAATTGCGC-1_rna,CD8+ T,test_scRNA,,CD4+ T activated,test_scATAC
AGGTCTTAGTTCCCAC-1_rna,CD4+ T naive,test_scRNA,,CD14+ Mono,test_scRNA
ATGTAACGTTGGTTAG-1_rna,CD14+ Mono,test_scRNA,,CD14+ Mono,test_scRNA
TACCAGGTCGGTTTGG-1_rna,Normoblast,test_scRNA,,CD8+ T,test_scRNA
TTTGCGGAGCCTGTTC-1_rna,Erythroblast,test_scRNA,,CD14+ Mono,test_scATAC
ACGGTACGTATCTGGA-1_rna,CD4+ T activated,test_scRNA,,CD14+ Mono,test_scRNA
GACGCAACACCGGTAT-1_rna,CD4+ T naive,test_scRNA,,CD4+ T naive,test_scATAC
GGTACTTAGTGGACAA-1_rna,CD8+ T,test_scRNA,,CD14+ Mono,test_scRNA
ATGATGGAGTTAGTGC-1_rna,Naive CD20+ B,test_scRNA,,Naive CD20+ B,test_scRNA
GCACATTAGTTCCCGT-1_rna,B1 B,test_scRNA,,CD4+ T activated,test_scRNA
GCAAGCCTCTCAATGA-1_rna,CD14+ Mono,test_scRNA,,CD8+ T,test_scATAC
ATATGTCCAACCCTAA-1_rna,Erythroblast,test_scRNA,,B1 B,test_scATAC
ATCCTTAGTTTAGTCC-1_rna,B1 B,test_scRNA,,CD14+ Mono,test_scRNA
GGACTAAAGTATTGCA-1_rna,Erythroblast,test_scRNA,,CD4+ T naive,test_scATAC
TCATTACTCCGGCTAA-1_rna,CD4+ T activated,test_scRNA,,CD14+ Mono,test_scATAC
CCGTTACTCGCTCACT-1_rna,CD14+ Mono,test_scRNA,,Naive CD20+ B,test_scATAC
TATGCATCATAATGTC-1_rna,Erythroblast,test_scRNA,,CD4+ T naive,test_scRNA
TTTCTTGCAGCACGTT-1_rna,NK,test_scRNA,,CD4+ T activated,test_scRNA
ACTAGGCGTGCATTTC-1_rna,Naive CD20+ B,test_scRNA,,B1 B,test_scRNA
CGTAATGGTTAAGCCA-1_rna,CD4+ T activated,test_scRNA,,NK,test_scRNA
TACCGCAAGACTAAGG-1_rna,Naive CD20+ B,test_scRNA,,CD14+ Mono,test_scRNA
TTCCTTCTCATTAGGC-1_rna,Erythroblast,test_scRNA,,CD8+ T,test_scRNA
AGGGCTACATGAGCAG-1_rna,Naive CD20+ B,test_scRNA,,CD4+ T activated,test_scATAC
ACACAATGTTACAAAC-1_rna,Naive CD20+ B,test_scRNA,,Erythroblast,test_scRNA
AGAGGATGTCACCTAT-1_rna,CD14+ Mono,test_scRNA,,CD14+ Mono,test_scRNA
AATGTCCAGTTAGCTA-1_rna,NK,test_scRNA,,NK,test_scRNA
CCTGTTGGTGCTTACT-1_rna,CD14+ Mono,test_scRNA,,CD8+ T,test_scATAC
TGTCCTTCATAGCGGA-1_rna,CD4+ T activated,test_scRNA,,CD8+ T,test_scRNA
CATCATAAGCGCCTTT-1_rna,CD4+ T naive,test_scRNA,,B1 B,test_scATAC
CGTACGGGTAGCCTCC-1_rna,NK,test_scRNA,,CD8+ T,test_scATAC
CGTTAGGTCCTTAATC-1_rna,CD4+ T activated,test_scRNA,,CD16+ Mono,test_scRNA
CTTGTTCCACTGACTA-1_rna,CD14+ Mono,test_scRNA,,Erythroblast,test_scATAC
ACCTCACTCGCTAGTG-1_rna,B1 B,test_scRNA,,NK,test_scATAC
TAGTGGCGTAGGTGTC-1_rna,CD4+ T activated,test_scRNA,,CD4+ T activated,test_scATAC
GCCAGGAAGTTTGTCT-1_rna,CD4+ T activated,test_scRNA,,CD4+ T activated,test_scATAC
CTCCAACTCATTGCGG-1_rna,CD4+ T naive,test_scRNA,,Erythroblast,test_scATAC
GATAACGAGTTAGCCG-1_rna,CD14+ Mono,test_scRNA,,CD14+ Mono,test_scRNA
CTTAGGAGTGGGTACT-1_rna,Normoblast,test_scRNA,,NK,test_scATAC
ATCACACAGCAAGGGT-1_rna,Erythroblast,test_scRNA,,NK,test_scATAC
TTGCAACAGGAACCAA-1_rna,CD8+ T,test_scRNA,,G/M prog,test_scRNA
GAAACTGAGCTTAACA-1_rna,Erythroblast,test_scRNA,,Naive CD20+ B,test_scRNA
GCTCACAAGGACTTAC-1_rna,Naive CD20+ B,test_scRNA,,Normoblast,test_scRNA
AAAGCCCGTTAACAGT-1_rna,Normoblast,test_scRNA,,CD8+ T,test_scATAC
TGTAAGTGTGAGGTGA-1_rna,Erythroblast,test_scRNA,,ID2-hi myeloid prog,test_scRNA
CGTAATGGTGCGCATG-1_rna,B1 B,test_scRNA,,CD4+ T activated,test_scATAC
GTGCTTACACCTACGG-1_rna,CD14+ Mono,test_scRNA,,ILC,test_scATAC
GTCTTTAGTCAAGACC-1_rna,CD14+ Mono,test_scRNA,,Naive CD20+ B,test_scRNA
GTGAGCGAGAGAGCCG-1_rna,Erythroblast,test_scRNA,,CD4+ T naive,test_scRNA
AAGGTATAGCGGTTAT-1_rna,CD4+ T naive,test_scRNA,,CD8+ T,test_scRNA
CAATAAGCAGGCTAAG-1_rna,Naive CD20+ B,test_scRNA,,Erythroblast,test_scRNA
GAGTCAAAGAGAAGGG-1_rna,CD4+ T activated,test_scRNA,,CD8+ T,test_scATAC
TATGGCCCAGATAGAC-1_rna,Erythroblast,test_scRNA,,Naive CD20+ B,test_scATAC
CGCCTCATCCTAAGTA-1_rna,NK,test_scRNA,,B1 B,test_scATAC
GTGGCTTCAGGCTAGA-1_rna,CD14+ Mono,test_scRNA,,CD4+ T activated,test_scATAC
CCTCCTCTCTAAATCG-1_rna,Normoblast,test_scRNA,,NK,test_scATAC
TCACGGATCTTAGTGA-1_rna,Erythroblast,test_scRNA,,Transitional B,test_scATAC
GCAGGTTGTGAATCGC-1_rna,CD4+ T naive,test_scRNA,,CD8+ T,test_scATAC
TACCAAATCCTTGAGG-1_rna,NK,test_scRNA,,CD4+ T activated,test_scATAC
GTCTATCGTACAATGT-1_rna,CD14+ Mono,test_scRNA,,CD8+ T,test_scATAC
CCGCACACAGCTACGT-1_rna,Erythroblast,test_scRNA,,Transitional B,test_scRNA
TCACGGATCCGGTTAG-1_rna,CD14+ Mono,test_scRNA,,CD4+ T activated,test_scATAC
AAAGGTTAGGAATAAC-1_rna,Erythroblast,test_scRNA,,CD4+ T activated,test_scATAC
TCTGTGACACCTGCTC-1_rna,CD8+ T,test_scRNA,,ILC,test_scRNA
AGGGCCTTCGGTTACG-1_rna,CD14+ Mono,test_scRNA,,CD14+ Mono,test_scATAC
TCCTCAATCCCTGGAA-1_rna,NK,test_scRNA,,pDC,test_scRNA
GTGCTGGGTAACGAGG-1_rna,CD14+ Mono,test_scRNA,,pDC,test_scATAC
TAAACAGCAAGGTATA-1_rna,CD14+ Mono,test_scRNA,,CD16+ Mono,test_scRNA
TCTTGTCCATAATGTC-1_rna,Erythroblast,test_scRNA,,HSC,test_scRNA
AGGAAACGTACCGGAT-1_rna,CD14+ Mono,test_scRNA,,CD8+ T,test_scATAC
AGAACAAGTGTGCACG-1_rna,Erythroblast,test_scRNA,,CD4+ T activated,test_scRNA
TTGCGAGTCTAATCAG-1_rna,Erythroblast,test_scRNA,,Normoblast,test_scATAC
ATTGTCCGTAGGATTT-1_rna,B1 B,test_scRNA,,Naive CD20+ B,test_scATAC
ATGGTCTAGGAGGGTT-1_rna,CD4+ T activated,test_scRNA,,Erythroblast,test_scRNA
TTAGGCGTCCTCCTAA-1_rna,CD4+ T activated,test_scRNA,,Naive CD20+ B,test_scATAC
ACGTTACAGGTGCTGC-1_rna,Erythroblast,test_scRNA,,Plasma cell,test_scATAC
GTTCTTGTCATCAGTA-1_rna,CD14+ Mono,test_scRNA,,ID2-hi myeloid prog,test_scRNA
AAACGCGCATGGCCTG-1_rna,CD4+ T naive,test_scRNA,,G/M prog,test_scRNA
TATGTGATCAATGTGC-1_rna,Naive CD20+ B,test_scRNA,,CD14+ Mono,test_scRNA
ATATGTCCACCTCACC-1_rna,NK,test_scRNA,,Naive CD20+ B,test_scRNA
AAAGCTTGTTGTAACG-1_rna,Erythroblast,test_scRNA,,CD8+ T,test_scATAC
GCGTTTCTCATGCTTT-1_rna,NK,test_scRNA,,CD8+ T,test_scRNA
ACCGGCTAGATAGACG-1_rna,NK,test_scRNA,,Normoblast,test_scRNA
GTAAGCAAGACAACAG-1_rna,Erythroblast,test_scRNA,,CD4+ T activated,test_scATAC
CATAGACTCATGTCAA-1_rna,CD8+ T,test_scRNA,,CD4+ T naive,test_scRNA
GTTTACCGTTAGCTGA-1_rna,Naive CD20+ B,test_scRNA,,Naive CD20+ B,test_scATAC
ACTAACCAGTTGTCAA-1_rna,CD4+ T activated,test_scRNA,,Naive CD20+ B,test_scRNA
TGGCTAAGTTGGGTTA-1_rna,CD8+ T,test_scRNA,,Transitional B,test_scRNA
TGATCGAGTTAACGGC-1_rna,CD8+ T,test_scRNA,,Naive CD20+ B,test_scATAC
ATTTGCAAGTTGGCCA-1_rna,CD4+ T activated,test_scRNA,,B1 B,test_scRNA
GTAGTTTCAGTTATCG-1_rna,G/M prog,test_scRNA,,Naive CD20+ B,test_scRNA
CCGTTAACAGAGGGAG-1_rna,NK,test_scRNA,,Naive CD20+ B,test_scRNA
TGTGGCTCAATCCCTT-1_rna,Normoblast,test_scRNA,,MK/E prog,test_scRNA
CCCAAACCAGAACCGA-1_rna,Erythroblast,test_scRNA,,CD8+ T,test_scRNA
AGCAATTGTTAAGCGC-1_rna,CD4+ T naive,test_scRNA,,Normoblast,test_scRNA
TCCTTAGTCATGCCTC-1_rna,Naive CD20+ B,test_scRNA,,Transitional B,test_scRNA
TTGCAATCAGAACCGA-1_rna,NK,test_scRNA,,CD8+ T,test_scRNA
CGCTATGAGTTATCTC-1_rna,CD4+ T naive,test_scRNA,,ILC,test_scRNA
CGCTACTTCCTAATGA-1_rna,CD14+ Mono,test_scRNA,,pDC,test_scRNA
ACTTGCACAGCCTAAC-1_rna,CD4+ T activated,test_scRNA,,CD4+ T naive,test_scATAC
GAAGCCTGTCACTCGC-1_rna,Erythroblast,test_scRNA,,Naive CD20+ B,test_scRNA
CGGATAAAGCTAAAGG-1_rna,CD8+ T,test_scRNA,,Naive CD20+ B,test_scRNA
TCAGTAGGTGAGGTAG-1_rna,Naive CD20+ B,test_scRNA,,Erythroblast,test_scATAC
AGGTTTATCCCATAAA-1_rna,Erythroblast,test_scRNA,,pDC,test_scATAC
GATAATCGTTGTGACA-1_rna,Erythroblast,test_scRNA,,Transitional B,test_scATAC
TGAAGGATCGCTAGAT-1_rna,CD4+ T activated,test_scRNA,,CD14+ Mono,test_scRNA
CGATGTCCAGGAATCG-1_rna,CD4+ T activated,test_scRNA,,Plasma cell,test_scATAC
CAAAGTGAGCGCTCAA-1_rna,CD4+ T activated,test_scRNA,,ID2-hi myeloid prog,test_scATAC
CCGCCAACAGAACCGA-1_rna,CD14+ Mono,test_scRNA,,ILC,test_scRNA
TGTGAAACACTTCATC-1_rna,Naive CD20+ B,test_scRNA,,Erythroblast,test_scATAC
GACCTGCAGCATGACT-1_rna,Normoblast,test_scRNA,,G/M prog,test_scATAC
GGGTTTCCATGTTGGC-1_rna,CD8+ T,test_scRNA,,CD14+ Mono,test_scRNA
GGGTGAAGTTAGCTGA-1_rna,B1 B,test_scRNA,,B1 B,test_scRNA
AAGTTAGCAAGGTGGC-1_rna,CD4+ T activated,test_scRNA,,CD4+ T activated,test_scATAC
CATGGATTCCTTGCAC-1_rna,Erythroblast,test_scRNA,,CD4+ T activated,test_scRNA
TATAACCCAGCTTACA-1_rna,NK,test_scRNA,,Naive CD20+ B,test_scATAC
TTAAAGGCACCTAAGC-1_rna,CD8+ T,test_scRNA,,Normoblast,test_scATAC
TTGCAAGGTTCAAGAT-1_rna,Erythroblast,test_scRNA,,Erythroblast,test_scRNA
GAACCGCTCCTTAGTT-1_rna,B1 B,test_scRNA,,CD14+ Mono,test_scRNA
ATATGGTGTGCAACTA-1_rna,CD4+ T activated,test_scRNA,,CD8+ T,test_scRNA
AAACATGCAATAACCT-1_rna,Erythroblast,test_scRNA,,CD14+ Mono,test_scATAC
GAGCGGTCAGTGAACG-1_rna,NK,test_scRNA,,NK,test_scATAC
TAGCCTGAGGACAACA-1_rna,G/M prog,test_scRNA,,CD4+ T naive,test_scRNA
AAGTGAAGTGGTGAGA-1_rna,CD8+ T,test_scRNA,,NK,test_scRNA
ATGGCTTAGTAACCCG-1_rna,Naive CD20+ B,test_scRNA,,CD4+ T activated,test_scRNA
GTGCTTCTCCTGGCTT-1_rna,Erythroblast,test_scRNA,,NK,test_scATAC
TGTGCTGAGCTTCCCG-1_rna,B1 B,test_scRNA,,CD8+ T,test_scRNA
ACAGGCTGTGCATTAG-1_rna,CD4+ T naive,test_scRNA,,Lymph prog,test_scATAC
TCTACCTCATTTGCTC-1_rna,Erythroblast,test_scRNA,,CD8+ T,test_scRNA
GTGAGCGAGCGATACT-1_rna,Erythroblast,test_scRNA,,Erythroblast,test_scATAC
GAAGGATGTTTGCGCC-1_rna,CD4+ T naive,test_scRNA,,CD4+ T activated,test_scRNA
GTAAGCTTCATGGTTA-1_rna,NK,test_scRNA,,CD4+ T activated,test_scATAC
CATCATAAGTTGCGTG-1_rna,CD8+ T,test_scRNA,,Naive CD20+ B,test_scATAC
AGTCAGGCAGGTCCTG-1_rna,CD8+ T,test_scRNA,,Erythroblast,test_scATAC
CATTGTGCAAGCTAAA-1_rna,CD4+ T activated,test_scRNA,,pDC,test_scRNA
CTTTATGGTGAGCGAA-1_rna,Normoblast,test_scRNA,,CD8+ T,test_scATAC
CAAGTAACAAGTTATC-1_rna,CD4+ T naive,test_scRNA,,CD8+ T,test_scRNA
GCGAAGTAGTCAGGCC-1_rna,CD14+ Mono,test_scRNA,,CD8+ T,test_scRNA
TGGCTTTGTCGACTAA-1_rna,CD8+ T,test_scRNA,,Erythroblast,test_scATAC
TGGATTGGTTGTTGCT-1_rna,CD14+ Mono,test_scRNA,,NK,test_scATAC
GGGTCAACATCAATCG-1_rna,CD4+ T activated,test_scRNA,,CD14+ Mono,test_scRNA
TTAACCAAGTAGCGCC-1_rna,CD8+ T,test_scRNA,,CD4+ T naive,test_scATAC
CAATCCTGTCATCATC-1_rna,NK,test_scRNA,,CD4+ T activated,test_scATAC
GGAGCATAGCTGGACC-1_rna,CD4+ T naive,test_scRNA,,B1 B,test_scRNA
CCTAAGCCAAGGATTA-1_rna,Erythroblast,test_scRNA,,Naive CD20+ B,test_scRNA
GCATGAGCACCATATG-1_rna,Erythroblast,test_scRNA,,CD14+ Mono,test_scRNA
GATTCCTGTTAGTGAT-1_rna,Naive CD20+ B,test_scRNA,,Erythroblast,test_scATAC
GTGTCCAAGTAAGGGC-1_rna,Erythroblast,test_scRNA,,CD14+ Mono,test_scATAC
AAGTTACGTCCTAATC-1_rna,Erythroblast,test_scRNA,,B1 B,test_scRNA
ATTGTCCGTTCATCTA-1_rna,ILC,test_scRNA,,Plasma cell,test_scATAC
CGTGGTTCAGGCGAGT-1_rna,NK,test_scRNA,,B1 B,test_scATAC
TGCTTGCTCGTAACGT-1_rna,CD14+ Mono,test_scRNA,,CD8+ T,test_scATAC
AGGAACCAGCATGTCG-1_rna,NK,test_scRNA,,Lymph prog,test_scRNA
TTTCCGGGTTGTGATG-1_rna,CD14+ Mono,test_scRNA,,ID2-hi myeloid prog,test_scATAC
CGCTCAGCACAATGCC-1_rna,NK,test_scRNA,,pDC,test_scRNA
GAGTGTTTCATTACTC-1_rna,CD8+ T,test_scRNA,,Erythroblast,test_scATAC
GCTGATCCATTTGCTC-1_rna,NK,test_scRNA,,CD14+ Mono,test_scATAC
ACCCTCCCATTAGCGC-1_rna,CD14+ Mono,test_scRNA,,CD4+ T naive,test_scATAC
CGAGGAAGTACCGGAT-1_rna,NK,test_scRNA,,Erythroblast,test_scATAC
CCATTGTGTTACAAAC-1_rna,Erythroblast,test_scRNA,,NK,test_scATAC
TTCAACCGTTAAGTGT-1_rna,NK,test_scRNA,,CD14+ Mono,test_scRNA
CTGCAATAGATGGAGC-1_rna,CD8+ T,test_scRNA,,CD4+ T activated,test_scRNA
CATGCGGGTTCCTCCT-1_rna,CD14+ Mono,test_scRNA,,Proerythroblast,test_scATAC
GGGTCAACACCCTCAC-1_rna,Normoblast,test_scRNA,,CD14+ Mono,test_scATAC
ACGCCTAAGTCCTGAG-1_rna,Erythroblast,test_scRNA,,CD14+ Mono,test_scRNA
CAGCATTAGGTCCAAT-1_rna,NK,test_scRNA,,CD14+ Mono,test_scRNA
TTACCGTGTACCGTAA-1_rna,Naive CD20+ B,test_scRNA,,CD4+ T activated,test_scATAC
AGAAACCCACTTACAG-1_rna,Normoblast,test_scRNA,,CD4+ T naive,test_scATAC
GCCTTGCGTGCATCGG-1_rna,Naive CD20+ B,test_scRNA,,CD14+ Mono,test_scATAC
GTTTAACCACAGAACG-1_rna,CD8+ T,test_scRNA,,CD14+ Mono,test_scATAC
GTCATGAGTGTGCAAC-1_rna,Erythroblast,test_scRNA,,B1 B,test_scATAC
CCTAAGCCAGAGAGCC-1_rna,NK,test_scRNA,,CD14+ Mono,test_scATAC
TTAACCAAGGTCCTGA-1_rna,Naive CD20+ B,test_scRNA,,CD14+ Mono,test_scATAC
TGTGTTAAGCCTGTTC-1_rna,G/M prog,test_scRNA,,HSC,test_scRNA
GTACACCCAATGAGGT-1_rna,Erythroblast,test_scRNA,,Naive CD20+ B,test_scRNA
TTGGAGGCAATTTAGC-1_rna,CD8+ T,test_scRNA,,CD4+ T activated,test_scRNA
AGGATTGAGCACGATT-1_rna,CD4+ T naive,test_scRNA,,CD4+ T activated,test_scATAC
TATTTGCTCATGCCTC-1_rna,CD4+ T activated,test_scRNA,,Erythroblast,test_scATAC
CCATAGCCAGCCTGCA-1_rna,CD4+ T activated,test_scRNA,,HSC,test_scRNA
CGCTAACCATTGACAT-1_rna,Erythroblast,test_scRNA,,CD14+ Mono,test_scATAC
CTGCTACTCAAATCGC-1_rna,Erythroblast,test_scRNA,,CD14+ Mono,test_scRNA
GCTCATTGTTGTCATC-1_rna,NK,test_scRNA,,CD8+ T,test_scRNA
GCTATCCTCTACTAAG-1_rna,NK,test_scRNA,,Proerythroblast,test_scRNA
GTCCTAGAGGGCCATC-1_rna,CD14+ Mono,test_scRNA,,CD4+ T naive,test_scATAC
GTTAGACTCGGCCATA-1_rna,CD4+ T activated,test_scRNA,,Naive CD20+ B,test_scATAC
AGCCGGTTCATCCACC-1_rna,CD14+ Mono,test_scRNA,,Naive CD20+ B,test_scRNA
CACAATATCATGCAAC-1_rna,CD14+ Mono,test_scRNA,,G/M prog,test_scATAC
CGGACCTAGACTAAGG-1_rna,Naive CD20+ B,test_scRNA,,Erythroblast,test_scRNA
AGTACGCGTTACTAGG-1_rna,CD14+ Mono,test_scRNA,,NK,test_scRNA
CGTAATGGTTTGTTGC-1_rna,CD4+ T activated,test_scRNA,,CD14+ Mono,test_scATAC
CTTTCTTGTGCCTCAC-1_rna,CD14+ Mono,test_scRNA,,Erythroblast,test_scRNA
CAGCTAAGTTGCTTCG-1_rna,CD4+ T activated,test_scRNA,,CD4+ T activated,test_scATAC
CTCCTAATCGGCCATA-1_rna,Erythroblast,test_scRNA,,CD14+ Mono,test_scATAC
CGGCAATGTGTCCAAA-1_rna,CD14+ Mono,test_scRNA,,CD4+ T activated,test_scRNA
CTCCTAATCTAACCTT-1_rna,Erythroblast,test_scRNA,,cDC2,test_scRNA
AATATCCCACAGACTC-1_rna,CD14+ Mono,test_scRNA,,CD4+ T activated,test_scATAC
TGCATCCTCTTAGGAC-1_rna,NK,test_scRNA,,G/M prog,test_scRNA
GTCTTTGTCAAGCTTA-1_rna,CD4+ T activated,test_scRNA,,NK,test_scATAC
AGAGGAACATTGTCCT-1_rna,CD14+ Mono,test_scRNA,,CD16+ Mono,test_scATAC
TCGGTTACAGAAATTG-1_rna,CD8+ T,test_scRNA,,CD4+ T activated,test_scATAC
ACGGGAAGTTTACTTG-1_rna,CD14+ Mono,test_scRNA,,Naive CD20+ B,test_scATAC
TCTACTAGTAGCTGGT-1_rna,Erythroblast,test_scRNA,,NK,test_scRNA
TTATCCGTCCTAGTTT-1_rna,B1 B,test_scRNA,,CD8+ T,test_scATAC
AACCTTGCAGTTAAAG-1_rna,CD14+ Mono,test_scRNA,,Naive CD20+ B,test_scATAC
TAATCCGCATTAAAGG-1_rna,NK,test_scRNA,,CD8+ T,test_scRNA
GTCTAGCCAACCCTCC-1_rna,B1 B,test_scRNA,,Naive CD20+ B,test_scATAC
GTACGTAGTCACCTAT-1_rna,CD14+ Mono,test_scRNA,,CD4+ T activated,test_scRNA
CCCTGTTAGCTATATG-1_rna,Naive CD20+ B,test_scRNA,,Normoblast,test_scRNA
CAATGCCCATTAAAGG-1_rna,CD14+ Mono,test_scRNA,,NK,test_scRNA
CATTGTGCAGTACCGT-1_rna,Naive CD20+ B,test_scRNA,,Normoblast,test_scRNA
GGACCTCAGCTAAAGG-1_rna,Normoblast,test_scRNA,,Erythroblast,test_scRNA
TTTAGCAAGGGTGAGT-1_rna,Naive CD20+ B,test_scRNA,,CD8+ T,test_scATAC
GATTCGCCAATCCTGA-1_rna,Erythroblast,test_scRNA,,Naive CD20+ B,test_scRNA
CTGGTTACAACCCTAA-1_rna,NK,test_scRNA,,Erythroblast,test_scATAC
AACCTTAAGGCTTAGT-1_rna,CD4+ T activated,test_scRNA,,CD14+ Mono,test_scRNA
TGCTCAACAATTTGGT-1_rna,CD14+ Mono,test_scRNA,,CD4+ T activated,test_scATAC
GAGTTGCGTTATTGCC-1_rna,CD4+ T activated,test_scRNA,,Proerythroblast,test_scATAC
TAAGCCAGTGCTCCAC-1_rna,CD4+ T activated,test_scRNA,,CD4+ T naive,test_scATAC
ATTTGTGAGTGAACAG-1_rna,Naive CD20+ B,test_scRNA,,CD14+ Mono,test_scRNA
TCGATTAAGGGATGAC-1_rna,NK,test_scRNA,,CD4+ T activated,test_scRNA
TTTGACCGTAAAGCAA-1_rna,CD14+ Mono,test_scRNA,,Naive CD20+ B,test_scRNA
CCACTTGGTCACTCGC-1_rna,CD14+ Mono,test_scRNA,,CD4+ T naive,test_scATAC
TGCTGGATCGCCTAAG-1_rna,CD14+ Mono,test_scRNA,,Normoblast,test_scRNA
TAGGAACCATCATGTG-1_rna,CD14+ Mono,test_scRNA,,cDC2,test_scATAC
AAGCTATGTTTGGCTT-1_rna,CD4+ T activated,test_scRNA,,Erythroblast,test_scRNA
ATCACCCTCCGTCCAT-1_rna,Normoblast,test_scRNA,,NK,test_scATAC
CGCACCACATTATGAC-1_rna,CD4+ T activated,test_scRNA,,CD14+ Mono,test_scRNA
CTAGCTTGTGCCGCAA-1_rna,Naive CD20+ B,test_scRNA,,NK,test_scRNA
GCTCTGGCAGCTTAGC-1_rna,CD8+ T,test_scRNA,,CD4+ T activated,test_scATAC
CTAATAGTCGTTAACA-1_rna,ILC,test_scRNA,,CD4+ T activated,test_scATAC
GAGCTAGCAGCTCAAC-1_rna,CD14+ Mono,test_scRNA,,CD14+ Mono,test_scRNA
TCACCTCAGCACAGAA-1_rna,CD8+ T,test_scRNA,,CD4+ T naive,test_scATAC
TGACCTTGTCCACAAA-1_rna,NK,test_scRNA,,CD4+ T activated,test_scRNA
AGATGAAGTTACATCC-1_rna,ILC,test_scRNA,,CD4+ T naive,test_scRNA
CTAATCCGTACGTTTC-1_rna,Erythroblast,test_scRNA,,CD14+ Mono,test_scRNA
AATGAAGGTCAAAGGG-1_rna,Erythroblast,test_scRNA,,NK,test_scRNA
GCACGAACACCATATG-1_rna,Erythroblast,test_scRNA,,B1 B,test_scATAC
GGCTGGTTCATAGCCG-1_rna,B1 B,test_scRNA,,CD14+ Mono,test_scRNA
GTAAAGCCATTTGCTC-1_rna,CD14+ Mono,test_scRNA,,CD14+ Mono,test_scATAC
TTTGCGGAGCCTGATG-1_rna,CD14+ Mono,test_scRNA,,NK,test_scATAC
CTGTATTTCCCGCAAA-1_rna,NK,test_scRNA,,CD4+ T naive,test_scATAC
TGCTCAACATCACTTC-1_rna,CD4+ T activated,test_scRNA,,CD4+ T activated,test_scRNA
GTAGGATCATTAGCCA-1_rna,Erythroblast,test_scRNA,,CD8+ T,test_scATAC
GGCTATGTCATGTCAA-1_rna,Erythroblast,test_scRNA,,Erythroblast,test_scATAC
AAGCAAGTCGTTACAA-1_rna,NK,test_scRNA,,Erythroblast,test_scRNA
TTGAGGCGTTACAAAC-1_rna,Erythroblast,test_scRNA,,CD8+ T,test_scATAC
ATGTCATCAAACTGCC-1_rna,CD4+ T naive,test_scRNA,,CD4+ T activated,test_scATAC
CGGATAAAGGAACACA-1_rna,CD4+ T activated,test_scRNA,,B1 B,test_scRNA
CGACCTGCATAATGAG-1_rna,CD14+ Mono,test_scRNA,,Naive CD20+ B,test_scATAC
ACAGTATGTTTACGTC-1_rna,Erythroblast,test_scRNA,,Erythroblast,test_scATAC
TATAGCCAGCACCACA-1_rna,B1 B,test_scRNA,,CD4+ T naive,test_scRNA
TAGCTTAAGCCGCTTT-1_rna,NK,test_scRNA,,CD14+ Mono,test_scRNA
CAGGGCTTCGTTATCT-1_rna,CD14+ Mono,test_scRNA,,CD4+ T naive,test_scRNA
GCTCGATCAAATTGCT-1_rna,CD14+ Mono,test_scRNA,,Erythroblast,test_scATAC
CTTTGAGCAAACGGGC-1_rna,CD4+ T activated,test_scRNA,,CD4+ T activated,test_scATAC
TAGGTTATCAACCAAC-1_rna,CD14+ Mono,test_scRNA,,CD14+ Mono,test_scRNA
GCCTGCTGTAATCGCA-1_rna,CD14+ Mono,test_scRNA,,CD8+ T,test_scATAC
AATTGACGTACAAAGA-1_rna,Normoblast,test_scRNA,,Normoblast,test_scATAC
AACTAGCTCTTGATGA-1_rna,CD14+ Mono,test_scRNA,,Normoblast,test_scATAC
AGTCTTGCACTAAGCC-1_rna,Erythroblast,test_scRNA,,CD4+ T activated,test_scRNA
CTCACAACAGGATGGC-1_rna,Normoblast,test_scRNA,,CD4+ T activated,test_scATAC
TGGGCATGTTTGGCGG-1_rna,CD14+ Mono,test_scRNA,,CD14+ Mono,test_scATAC
CCTTCAGGTTTAAAGC-1_rna,B1 B,test_scRNA,,CD4+ T activated,test_scRNA
CGTGCTTTCCTAGTCC-1_rna,Erythroblast,test_scRNA,,CD14+ Mono,test_scATAC
GCTTAGTAGTCAATCA-1_rna,CD4+ T activated,test_scRNA,,CD8+ T,test_scATAC
GGTTAGCGTTGCTGGG-1_rna,NK,test_scRNA,,CD8+ T,test_scATAC
ACAGGTAAGCCTGGTA-1_rna,Normoblast,test_scRNA,,Naive CD20+ B,test_scATAC
GGAGGTTAGAAGCTAG-1_rna,NK,test_scRNA,,CD4+ T naive,test_scRNA
TCATTTGGTGGCTTCC-1_rna,Erythroblast,test_scRNA,,NK,test_scRNA
AAGTCTATCTATGACA-1_rna,CD4+ T activated,test_scRNA,,CD14+ Mono,test_scRNA
AATGAAGGTAGGTTAT-1_rna,Erythroblast,test_scRNA,,Naive CD20+ B,test_scRNA
CAGGCTGGTTGCACAA-1_rna,Erythroblast,test_scRNA,,Erythroblast,test_scATAC
CGGCCATAGGAGGGTT-1_rna,CD14+ Mono,test_scRNA,,CD4+ T activated,test_scRNA
CATGCATAGAGGAGGA-1_rna,Erythroblast,test_scRNA,,Erythroblast,test_scATAC
ATCCTGACACGGTTTA-1_rna,NK,test_scRNA,,Naive CD20+ B,test_scRNA
GGAATCTTCGGGACTC-1_rna,CD4+ T activated,test_scRNA,,CD4+ T activated,test_scRNA
GATGCTTAGGCCTTAG-1_rna,CD14+ Mono,test_scRNA,,CD14+ Mono,test_scATAC
TCTTAGCGTCACAGCG-1_rna,CD14+ Mono,test_scRNA,,CD8+ T,test_scRNA
CATCACACAAAGGCCA-1_rna,NK,test_scRNA,,CD14+ Mono,test_scATAC
CCTAAGCCACGAATTT-1_rna,ILC,test_scRNA,,Transitional B,test_scATAC
TGCTCACTCGTAATCA-1_rna,CD8+ T,test_scRNA,,CD4+ T activated,test_scRNA
CCAGCTGCACAGGAAT-1_rna,Naive CD20+ B,test_scRNA,,CD16+ Mono,test_scATAC
TGGCGGTTCAATGTCA-1_rna,Erythroblast,test_scRNA,,CD4+ T naive,test_scRNA
TTAGACTCATTAGCCA-1_rna,CD8+ T,test_scRNA,,B1 B,test_scRNA
GGCGGTAAGTAACAGG-1_rna,CD4+ T activated,test_scRNA,,NK,test_scATAC
CGTTTGGAGCGTGCGT-1_rna,CD8+ T,test_scRNA,,CD4+ T naive,test_scATAC
ATAAGCCTCCGCAAGC-1_rna,B1 B,test_scRNA,,Erythroblast,test_scATAC
ACAAAGGTCATAATCG-1_rna,G/M prog,test_scRNA,,Normoblast,test_scRNA
CCAGACTCACAGGATG-1_rna,CD8+ T,test_scRNA,,CD4+ T activated,test_scATAC
GAGTATCTCCTGGTGA-1_rna,Normoblast,test_scRNA,,NK,test_scRNA
AAGTGAAGTAGGTTTG-1_rna,CD4+ T naive,test_scRNA,,Naive CD20+ B,test_scATAC
GCATTGCCACCGGCTA-1_rna,CD4+ T naive,test_scRNA,,Erythroblast,test_scATAC
TAGCGGACACTGGCCA-1_rna,CD4+ T naive,test_scRNA,,Erythroblast,test_scATAC
GTACTAGGTACCGGAT-1_rna,CD8+ T,test_scRNA,,pDC,test_scRNA
TGTATCCGTTTAACGG-1_rna,CD14+ Mono,test_scRNA,,CD14+ Mono,test_scATAC
GACTTGGTCCTTCTAG-1_rna,CD14+ Mono,test_scRNA,,CD4+ T naive,test_scATAC
AGGTACGCAGGATAAC-1_rna,CD14+ Mono,test_scRNA,,CD4+ T activated,test_scRNA
TTAAGGACATGAAATG-1_rna,Naive CD20+ B,test_scRNA,,Erythroblast,test_scATAC
ATCACTAAGGACGTAA-1_rna,CD4+ T activated,test_scRNA,,Erythroblast,test_scRNA
GCTAGCCAGTAAGTCC-1_rna,CD8+ T,test_scRNA,,CD4+ T naive,test_scRNA
GTAAGCTTCAAGCGCC-1_rna,CD4+ T naive,test_scRNA,,CD4+ T activated,test_scRNA
ACAACAACAATTGAGA-1_rna,G/M prog,test_scRNA,,HSC,test_scATAC
ATCCTGACAAACCTTG-1_rna,CD4+ T activated,test_scRNA,,CD4+ T activated,test_scATAC
CGATCCTTCATTGACA-1_rna,Erythroblast,test_scRNA,,G/M prog,test_scATAC
GTCTATCGTCACACCC-1_rna,CD14+ Mono,test_scRNA,,Proerythroblast,test_scRNA
AGCTAACTCATAGCCG-1_rna,Erythroblast,test_scRNA,,Erythroblast,test_scRNA
CATTCATTCTCATCAT-1_rna,Normoblast,test_scRNA,,CD14+ Mono,test_scRNA
GCATCCTTCCTGGTGA-1_rna,CD14+ Mono,test_scRNA,,CD8+ T,test_scATAC
TCCCGGACACGTTACA-1_rna,B1 B,test_scRNA,,ILC,test_scRNA
GAGCGATAGCAAGGGT-1_rna,G/M prog,test_scRNA,,CD4+ T activated,test_scRNA
TGATGAACAACATAAG-1_rna,CD8+ T,test_scRNA,,CD4+ T naive,test_scRNA
CCTATTGTCACTTCAT-1_rna,CD8+ T,test_scRNA,,CD4+ T activated,test_scATAC
GATCGCTCACTGGCTG-1_rna,CD14+ Mono,test_scRNA,,ID2-hi myeloid prog,test_scATAC
TAGGCTAGTTAGCCAA-1_rna,CD8+ T,test_scRNA,,CD14+ Mono,test_scATAC
ACCAGGACAGGAACAT-1_rna,Normoblast,test_scRNA,,NK,test_scATAC
TAAGTGCTCGTAACGT-1_rna,Erythroblast,test_scRNA,,CD4+ T naive,test_scATAC
GAACCGCTCAACCAAC-1_rna,CD14+ Mono,test_scRNA,,CD8+ T,test_scRNA
TCGCGCACATGAGCAG-1_rna,CD4+ T activated,test_scRNA,,CD14+ Mono,test_scATAC
GATTGGTTCGCTAGCA-1_rna,CD8+ T,test_scRNA,,CD14+ Mono,test_scATAC
TGAGCACGTCCTTCAG-1_rna,Normoblast,test_scRNA,,Erythroblast,test_scRNA
CTTTAGGCACGAACAG-1_rna,CD4+ T activated,test_scRNA,,CD8+ T,test_scRNA
CAGCCTAAGTCATTTC-1_rna,CD4+ T activated,test_scRNA,,CD4+ T naive,test_scATAC
GCAGGATAGTAGAGGC-1_rna,Erythroblast,test_scRNA,,CD14+ Mono,test_scRNA
GCCGTGAGTTACGCGG-1_rna,CD8+ T,test_scRNA,,CD4+ T activated,test_scATAC
TCTATGTTCCGGTTAG-1_rna,Naive CD20+ B,test_scRNA,,Erythroblast,test_scATAC
GTGCTTACAATCATGT-1_rna,CD8+ T,test_scRNA,,NK,test_scRNA
ATGACAACACCTAAGC-1_rna,CD8+ T,test_scRNA,,CD4+ T activated,test_scATAC
CCGCTAAAGGACCAGG-1_rna,Erythroblast,test_scRNA,,CD14+ Mono,test_scRNA
TTTGGTGCAGCAGGTA-1_rna,CD4+ T naive,test_scRNA,,CD8+ T,test_scATAC
ACGGGAAGTACCTTAC-1_rna,Erythroblast,test_scRNA,,Erythroblast,test_scATAC
TAATTGCCAGCATGAG-1_rna,NK,test_scRNA,,CD8+ T,test_scATAC
AAACCAACATTAAGCT-1_rna,CD14+ Mono,test_scRNA,,Normoblast,test_scATAC
GGGCATGAGAACCTGT-1_rna,CD4+ T activated,test_scRNA,,CD4+ T activated,test_scRNA
CTTAATGAGACTCGCA-1_rna,B1 B,test_scRNA,,MK/E prog,test_scATAC
GTTACCTGTGCTCCAC-1_rna,CD4+ T activated,test_scRNA,,Erythroblast,test_scATAC
CTGGCTAAGCCACATG-1_rna,CD4+ T naive,test_scRNA,,Erythroblast,test_scRNA
GAAGTGATCCGTGACA-1_rna,CD4+ T activated,test_scRNA,,CD4+ T naive,test_scATAC
TTTGTCCCACAACCTA-1_rna,Normoblast,test_scRNA,,CD4+ T activated,test_scATAC
GTCGGTTCATATTGAC-1_rna,Normoblast,test_scRNA,,CD4+ T activated,test_scRNA
AAGCTTGGTCCTTCTC-1_rna,CD14+ Mono,test_scRNA,,B1 B,test_scATAC
AGTTGCGTCTCACAAA-1_rna,CD14+ Mono,test_scRNA,,CD4+ T naive,test_scATAC
CTTCATCCATTGCAGC-1_rna,Naive CD20+ B,test_scRNA,,CD14+ Mono,test_scRNA
TCTTGTCCACCTGCTC-1_rna,CD4+ T naive,test_scRNA,,CD14+ Mono,test_scRNA
GATAACGAGTCCTTCA-1_rna,CD8+ T,test_scRNA,,CD14+ Mono,test_scATAC
ATTTAGCCAGGTTAAA-1_rna,Naive CD20+ B,test_scRNA,,ID2-hi myeloid prog,test_scRNA
CCCTCACCAGGAATCG-1_rna,B1 B,test_scRNA,,CD4+ T activated,test_scATAC
GGTTGCATCAAGCTAC-1_rna,NK,test_scRNA,,Erythroblast,test_scATAC
GAGGACTAGGAAGCTA-1_rna,CD8+ T,test_scRNA,,CD4+ T activated,test_scATAC
GTTGCGGGTTCACCCA-1_rna,CD8+ T,test_scRNA,,CD4+ T activated,test_scATAC
GGATAACCAATCCTAG-1_rna,CD14+ Mono,test_scRNA,,CD16+ Mono,test_scRNA
TTGCACACACAATACT-1_rna,CD8+ T,test_scRNA,,CD14+ Mono,test_scATAC
GATTAAGCATGGCCCA-1_rna,CD4+ T naive,test_scRNA,,Transitional B,test_scRNA
CAATATGTCCTTCGTA-1_rna,Normoblast,test_scRNA,,Normoblast,test_scATAC
ATTACGTCATCCGTAA-1_rna,CD8+ T,test_scRNA,,Normoblast,test_scRNA
AAGAACAGTCTAACAG-1_rna,CD8+ T,test_scRNA,,Erythroblast,test_scATAC
CGACAAGCAGGGAGCT-1_rna,CD14+ Mono,test_scRNA,,CD14+ Mono,test_scRNA
ACTCACTGTTTAGCGA-1_rna,CD14+ Mono,test_scRNA,,Normoblast,test_scRNA
TGTTGTTTCTTTGTAC-1_rna,CD14+ Mono,test_scRNA,,CD4+ T naive,test_scRNA
GACCTGCAGTTAGACC-1_rna,Erythroblast,test_scRNA,,CD8+ T,test_scATAC
GTATGTGGTCATAACG-1_rna,B1 B,test_scRNA,,CD4+ T naive,test_scRNA
ACAGCGCTCATTGTTC-1_rna,Erythroblast,test_scRNA,,CD14+ Mono,test_scRNA
ACCAAGCGTTTGCGCC-1_rna,CD4+ T activated,test_scRNA,,NK,test_scATAC
CACCAACCATCACAGC-1_rna,Erythroblast,test_scRNA,,CD4+ T activated,test_scATAC
TCTTAGTTCACAGCCA-1_rna,CD4+ T activated,test_scRNA,,CD4+ T activated,test_scRNA
CCGCACACACCTGGTG-1_rna,CD4+ T activated,test_scRNA,,CD14+ Mono,test_scATAC
GCTGATCCACCTAATG-1_rna,CD14+ Mono,test_scRNA,,CD4+ T naive,test_scRNA
ACGACAAAGTAACGGA-1_rna,Erythroblast,test_scRNA,,CD4+ T naive,test_scRNA
TTGGCTACACTGGCTG-1_rna,B1 B,test_scRNA,,CD4+ T activated,test_scRNA
CTAGTTGCATCTAGCA-1_rna,CD8+ T,test_scRNA,,CD4+ T activated,test_scRNA
AAGCCTTAGGAGCATA-1_rna,CD4+ T activated,test_scRNA,,Proerythroblast,test_scATAC
ATTGTGATCCGGAACC-1_rna,Erythroblast,test_scRNA,,CD8+ T,test_scATAC
GAGGTAGGTCCGTGAG-1_rna,Erythroblast,test_scRNA,,NK,test_scATAC
CCCTAATGTAAGCTCA-1_rna,CD14+ Mono,test_scRNA,,Naive CD20+ B,test_scATAC
GAAGTCAAGGAACGCG-1_rna,Normoblast,test_scRNA,,NK,test_scATAC
AGTAGGATCTCCATAT-1_rna,CD8+ T,test_scRNA,,CD8+ T,test_scRNA
AGTGCACGTAATCGCA-1_rna,CD8+ T,test_scRNA,,NK,test_scRNA
TATTAGGTCAAGGACA-1_rna,CD8+ T,test_scRNA,,Erythroblast,test_scRNA
GACCTGATCCCTCAAC-1_rna,CD14+ Mono,test_scRNA,,CD14+ Mono,test_scATAC
CTGAAACTCATTTGCT-1_rna,CD4+ T naive,test_scRNA,,NK,test_scRNA
GGCTTCAAGCTTACTT-1_rna,Naive CD20+ B,test_scRNA,,CD8+ T,test_scATAC
GTATTGATCTAATTGG-1_rna,CD8+ T,test_scRNA,,CD14+ Mono,test_scATAC
GGTAACCGTGAGAAAC-1_rna,Erythroblast,test_scRNA,,Normoblast,test_scATAC
GCACATTAGTCAATTG-1_rna,CD8+ T,test_scRNA,,NK,test_scRNA
CGAAATGAGGGATGAC-1_rna,Erythroblast,test_scRNA,,CD4+ T activated,test_scRNA
ACCTCACTCAACCAAC-1_rna,G/M prog,test_scRNA,,CD14+ Mono,test_scATAC
GAAAGCCAGGGCTTTG-1_rna,Erythroblast,test_scRNA,,CD4+ T naive,test_scATAC
CCAGGAACAAGATTCT-1_rna,CD8+ T,test_scRNA,,CD4+ T activated,test_scATAC
TTGCAATCAAACGGGC-1_rna,B1 B,test_scRNA,,CD8+ T,test_scRNA
TCTTGACGTGGAAGGC-1_rna,CD4+ T activated,test_scRNA,,CD8+ T,test_scATAC
GAGTGATCAGCAACCT-1_rna,Normoblast,test_scRNA,,NK,test_scRNA
GTGGTTAGTAACCAGC-1_rna,CD4+ T naive,test_scRNA,,CD4+ T naive,test_scATAC
CATAATCCACTCAACA-1_rna,CD8+ T,test_scRNA,,CD4+ T activated,test_scATAC
CTGACATAGGTAGCTT-1_rna,CD4+ T activated,test_scRNA,,CD14+ Mono,test_scRNA
GGTTCTTGTCGCGCAA-1_rna,CD14+ Mono,test_scRNA,,CD4+ T activated,test_scRNA
AGCTAGTTCCTGATTT-1_rna,CD4+ T naive,test_scRNA,,Erythroblast,test_scRNA
AGCCGCTAGAGCCGGA-1_rna,CD14+ Mono,test_scRNA,,CD4+ T naive,test_scATAC
CTTCTAAGTTGCGCGA-1_rna,CD14+ Mono,test_scRNA,,Proerythroblast,test_scRNA
GGCCTCTGTATTCGTC-1_rna,CD8+ T,test_scRNA,,CD4+ T naive,test_scATAC
GAGTATCTCTCATCAT-1_rna,CD4+ T activated,test_scRNA,,CD4+ T naive,test_scATAC
ATCGCCCGTACCGGAT-1_rna,Normoblast,test_scRNA,,CD14+ Mono,test_scATAC
TCGCGAGGTTAGCAGC-1_rna,NK,test_scRNA,,Erythroblast,test_scATAC
AGCTACTAGGAAGTAT-1_rna,Erythroblast,test_scRNA,,B1 B,test_scRNA
CAATCCCTCTAACCAA-1_rna,Normoblast,test_scRNA,,CD4+ T activated,test_scRNA
TCTCACCAGACAAACG-1_rna,CD4+ T activated,test_scRNA,,CD14+ Mono,test_scRNA
AGACACGCAATGCGCT-1_rna,CD14+ Mono,test_scRNA,,CD4+ T naive,test_scRNA
CTCTGTTCAATAGCCC-1_rna,CD8+ T,test_scRNA,,Normoblast,test_scATAC
ATGAAGTAGGAGGCAT-1_rna,CD8+ T,test_scRNA,,Erythroblast,test_scRNA
CACTAAGGTGTGTCCC-1_rna,Erythroblast,test_scRNA,,CD4+ T naive,test_scATAC
AGGATTGAGTAATCCA-1_rna,CD4+ T naive,test_scRNA,,CD4+ T naive,test_scRNA
ACCACACCAATAGCAA-1_rna,Erythroblast,test_scRNA,,Erythroblast,test_scRNA
TCCACAACAAACAACA-1_rna,CD4+ T naive,test_scRNA,,Naive CD20+ B,test_scRNA
ACCGGTTCATGGTTAT-1_rna,CD4+ T naive,test_scRNA,,Erythroblast,test_scRNA
GCAGCAACAAGGAATC-1_rna,NK,test_scRNA,,CD8+ T,test_scATAC
CGGTAACGTGCATTTC-1_rna,Erythroblast,test_scRNA,,G/M prog,test_scRNA
CGCGGATTCCCTCTAA-1_rna,Erythroblast,test_scRNA,,ID2-hi myeloid prog,test_scRNA
TTATCCGTCCGTTATT-1_rna,CD4+ T activated,test_scRNA,,B1 B,test_scRNA
CTCCTGAGTTGGCCGA-1_rna,Naive CD20+ B,test_scRNA,,CD14+ Mono,test_scATAC
CCGTTATGTAGTTAAC-1_rna,CD14+ Mono,test_scRNA,,CD4+ T naive,test_scRNA
AGCAATTGTCGCAATA-1_rna,B1 B,test_scRNA,,CD4+ T naive,test_scATAC
AGCGGACCAGCACCAT-1_rna,G/M prog,test_scRNA,,pDC,test_scRNA
CCTTCAATCTATCGCC-1_rna,ILC,test_scRNA,,Erythroblast,test_scRNA
GTCTCACTCAAACTCA-1_rna,NK,test_scRNA,,Normoblast,test_scRNA
CTTCAAGCAATAACGA-1_rna,CD14+ Mono,test_scRNA,,pDC,test_scRNA
CACATTAAGCAATAGG-1_rna,CD14+ Mono,test_scRNA,,ILC,test_scATAC
CAGGTTAGTTTATTCG-1_rna,Naive CD20+ B,test_scRNA,,Plasma cell,test_scATAC
ACACGGACAAATGCCC-1_rna,G/M prog,test_scRNA,,Naive CD20+ B,test_scATAC
TATCGAGGTGTTGCTT-1_rna,CD14+ Mono,test_scRNA,,Naive CD20+ B,test_scATAC
TGGATTCAGGACTAAG-1_rna,CD8+ T,test_scRNA,,CD4+ T naive,test_scATAC
GAAAGCCAGGCGAAAC-1_rna,CD4+ T activated,test_scRNA,,CD8+ T,test_scATAC
AACTAGCTCCGGCTAA-1_rna,Erythroblast,test_scRNA,,CD4+ T naive,test_scATAC
CTTCACTCAGGCTTCG-1_rna,CD8+ T,test_scRNA,,B1 B,test_scATAC
TCATTGCGTTGACTTC-1_rna,Erythroblast,test_scRNA,,Normoblast,test_scRNA
AGTCCTGAGTTATTCC-1_rna,CD4+ T activated,test_scRNA,,CD4+ T activated,test_scRNA
ACGGGAAGTGGTGAGA-1_rna,CD8+ T,test_scRNA,,G/M prog,test_scRNA
TCATGAGGTTGCCTCA-1_rna,CD4+ T naive,test_scRNA,,NK,test_scRNA
TTTAGCTTCCTGAGTG-1_rna,CD4+ T naive,test_scRNA,,CD4+ T activated,test_scRNA
CAAGTAACACGGTACT-1_rna,NK,test_scRNA,,Lymph prog,test_scRNA
GACGTAAAGAGCCGCT-1_rna,CD14+ Mono,test_scRNA,,CD8+ T,test_scATAC
GCCTGACAGACAGGCG-1_rna,CD8+ T,test_scRNA,,Naive CD20+ B,test_scRNA
AATCCCTGTCATCAAG-1_rna,CD8+ T,test_scRNA,,CD4+ T naive,test_scRNA
TAGGAGGGTCACAAAT-1_rna,NK,test_scRNA,,CD4+ T activated,test_scATAC
CAGCATTAGCCTGTTC-1_rna,CD4+ T activated,test_scRNA,,CD4+ T activated,test_scATAC
GGTAATTGTGTTGTAG-1_rna,CD14+ Mono,test_scRNA,,CD4+ T activated,test_scRNA
CAAAGCGCAAGGTACG-1_rna,NK,test_scRNA,,CD4+ T activated,test_scRNA
GCCTATTGTGGATTCA-1_rna,Erythroblast,test_scRNA,,CD16+ Mono,test_scATAC
TTTGTCCCAGTAGGAT-1_rna,Normoblast,test_scRNA,,CD4+ T activated,test_scATAC
TCCATGCTCATTTGTC-1_rna,CD14+ Mono,test_scRNA,,pDC,test_scATAC
ATTACCCGTGTGTCCC-1_rna,CD4+ T naive,test_scRNA,,Normoblast,test_scRNA
GTTAGACTCCTGATGG-1_rna,NK,test_scRNA,,CD4+ T activated,test_scRNA
AGGGCTACATCTAGCA-1_rna,NK,test_scRNA,,CD8+ T,test_scRNA
GCTGCACAGCAGCTAT-1_rna,NK,test_scRNA,,Erythroblast,test_scRNA
CGTGTTACAGGATTAA-1_rna,CD14+ Mono,test_scRNA,,Erythroblast,test_scATAC
CGGCCATAGAAAGGAA-1_rna,CD4+ T naive,test_scRNA,,CD14+ Mono,test_scATAC
CTGACCAAGGCATTGT-1_rna,Naive CD20+ B,test_scRNA,,CD4+ T activated,test_scRNA
CGCCTGTGTTCCTGAT-1_rna,Erythroblast,test_scRNA,,ILC,test_scATAC
CATTGCGAGGTTAGAG-1_rna,CD4+ T activated,test_scRNA,,NK,test_scATAC
AATTTGGTCACGAATC-1_rna,Normoblast,test_scRNA,,CD4+ T naive,test_scATAC
GATCAGTTCGATCAGT-1_rna,CD14+ Mono,test_scRNA,,CD4+ T naive,test_scRNA
AGTAATGCAGGATGGC-1_rna,CD4+ T activated,test_scRNA,,ILC,test_scRNA
GCCTTTATCGTCATTT-1_rna,Erythroblast,test_scRNA,,Erythroblast,test_scRNA
GGAAGCTAGCTTAGCG-1_rna,CD8+ T,test_scRNA,,Erythroblast,test_scRNA
CCATATTTCCCAGTAG-1_rna,CD14+ Mono,test_scRNA,,CD4+ T activated,test_scRNA
CCTGCTCCAATCCTGA-1_rna,Naive CD20+ B,test_scRNA,,CD4+ T naive,test_scATAC
CCTTACTCAATGCCTA-1_rna,CD4+ T naive,test_scRNA,,CD14+ Mono,test_scRNA
TCAAGAACACGAACAG-1_rna,CD14+ Mono,test_scRNA,,CD8+ T,test_scATAC
CGCTGTGCATTGTCCT-1_rna,CD4+ T activated,test_scRNA,,Naive CD20+ B,test_scATAC
GCGCTAGGTCATCAAG-1_rna,Erythroblast,test_scRNA,,NK,test_scRNA
TTGTAAGTCTTAATGG-1_rna,CD8+ T,test_scRNA,,CD14+ Mono,test_scATAC
CCCGTTGTCATTCATC-1_rna,CD8+ T,test_scRNA,,CD8+ T,test_scATAC
ATGTTTGAGGCGAAAC-1_rna,CD8+ T,test_scRNA,,Lymph prog,test_scATAC
GAGTGATCATTGTGGC-1_rna,Naive CD20+ B,test_scRNA,,ILC,test_scRNA
GCTGGTTCATATTGAC-1_rna,Normoblast,test_scRNA,,Erythroblast,test_scRNA
CATGCGCAGCAAGGGT-1_rna,NK,test_scRNA,,Erythroblast,test_scRNA
AAGCGTTTCCTTCGTA-1_rna,CD8+ T,test_scRNA,,CD4+ T activated,test_scRNA
AGGTACGCAGTAAGTA-1_rna,CD4+ T activated,test_scRNA,,CD14+ Mono,test_scATAC
GGCTGAGAGTGAACGA-1_rna,Erythroblast,test_scRNA,,ID2-hi myeloid prog,test_scATAC
GGGTGTTGTGCGCAAT-1_rna,NK,test_scRNA,,CD4+ T activated,test_scRNA
AACGACAAGGAGTAAT-1_rna,CD8+ T,test_scRNA,,CD4+ T activated,test_scRNA
GCTAAGCGTTGTTGGA-1_rna,CD4+ T naive,test_scRNA,,CD14+ Mono,test_scATAC
TCGCGCACAGTCTATG-1_rna,CD8+ T,test_scRNA,,B1 B,test_scATAC
GCTTACCTCGTCAAGT-1_rna,CD4+ T activated,test_scRNA,,CD14+ Mono,test_scATAC
CGCCACACACCTGCCT-1_rna,Erythroblast,test_scRNA,,Naive CD20+ B,test_scATAC
ATTTGCAAGGCAACAA-1_rna,Erythroblast,test_scRNA,,NK,test_scRNA
AATCCATCACCACAAC-1_rna,Erythroblast,test_scRNA,,CD4+ T activated,test_scRNA
ATAAGCCTCCCGTTGT-1_rna,Naive CD20+ B,test_scRNA,,NK,test_scRNA
ATACCTGCATAAGCAA-1_rna,B1 B,test_scRNA,,CD8+ T,test_scRNA
TTCTTAGGTTGCCTCA-1_rna,CD8+ T,test_scRNA,,NK,test_scRNA
TCTACTAGTCGTTATC-1_rna,Erythroblast,test_scRNA,,ILC,test_scRNA
CACTAAGGTGATTACG-1_rna,Erythroblast,test_scRNA,,CD14+ Mono,test_scATAC
TTATCCTAGTTAACCA-1_rna,CD8+ T,test_scRNA,,Naive CD20+ B,test_scRNA
TGGACCGGTGTGAGGA-1_rna,CD4+ T activated,test_scRNA,,CD16+ Mono,test_scATAC
GAAGGATGTCAAACTG-1_rna,CD14+ Mono,test_scRNA,,NK,test_scRNA
CAGCCTAAGCTCATAA-1_rna,Erythroblast,test_scRNA,,Erythroblast,test_scATAC
AATGAAGGTTCCATTA-1_rna,CD4+ T naive,test_scRNA,,CD4+ T activated,test_scATAC
AGTGCACGTTACGCGG-1_rna,CD4+ T naive,test_scRNA,,Naive CD20+ B,test_scRNA
TCAGTAGGTACTTCAC-1_rna,Erythroblast,test_scRNA,,CD4+ T activated,test_scATAC
TATTTGCTCATCCACC-1_rna,CD8+ T,test_scRNA,,NK,test_scRNA
GCCTCGACACCTAAGC-1_rna,CD4+ T activated,test_scRNA,,Erythroblast,test_scRNA
CATTGTAAGCTATATG-1_rna,Erythroblast,test_scRNA,,NK,test_scRNA
TTCCTCAAGGCGCATC-1_rna,CD4+ T activated,test_scRNA,,Normoblast,test_scATAC
TATCCAGCAGGATAAC-1_rna,NK,test_scRNA,,CD16+ Mono,test_scRNA
AGTGAACCATGTTGGC-1_rna,Naive CD20+ B,test_scRNA,,CD4+ T naive,test_scRNA
TCGTTAAAGCGGTTAT-1_rna,Erythroblast,test_scRNA,,NK,test_scRNA
CCCGCAACAACTGGCT-1_rna,B1 B,test_scRNA,,CD8+ T,test_scRNA
CTTATGTTCTAAGGTC-1_rna,Normoblast,test_scRNA,,CD4+ T naive,test_scRNA
GGGTTATTCATTGTCT-1_rna,NK,test_scRNA,,CD14+ Mono,test_scATAC
ATTACCGCATAATCCG-1_rna,Erythroblast,test_scRNA,,Lymph prog,test_scATAC
ATGTCATCAGACAAAC-1_rna,CD8+ T,test_scRNA,,Erythroblast,test_scRNA
CATCCTGGTGTGAGGA-1_rna,Normoblast,test_scRNA,,Erythroblast,test_scATAC
TTTACGCGTTTCCACG-1_rna,CD14+ Mono,test_scRNA,,CD4+ T naive,test_scRNA
TCCATAAAGGGTGAGT-1_rna,CD14+ Mono,test_scRNA,,CD4+ T activated,test_scRNA
TCGGTTTGTGCTGTAA-1_rna,CD14+ Mono,test_scRNA,,CD14+ Mono,test_scRNA
GTGCTTACAGCCTGCA-1_rna,G/M prog,test_scRNA,,CD14+ Mono,test_scATAC
CCTAAAGGTTAGCATG-1_rna,Erythroblast,test_scRNA,,ILC,test_scRNA
TTGTTTGGTTGAGGTC-1_rna,CD4+ T activated,test_scRNA,,CD4+ T naive,test_scATAC
TCAGGAGCAGCAATAA-1_rna,ILC,test_scRNA,,Erythroblast,test_scATAC
TTTAAGGTCACCATTT-1_rna,CD4+ T activated,test_scRNA,,CD14+ Mono,test_scATAC
CATAGGCGTGCTTACT-1_rna,NK,test_scRNA,,CD4+ T activated,test_scRNA
CGGTTTGAGACAGGTA-1_rna,CD4+ T naive,test_scRNA,,Erythroblast,test_scRNA
CAATAAGCACAAAGCG-1_rna,CD4+ T activated,test_scRNA,,Erythroblast,test_scATAC
CATGAGGCATGTCAAT-1_rna,ILC,test_scRNA,,CD14+ Mono,test_scRNA
GGTATTGGTCATCATC-1_rna,Erythroblast,test_scRNA,,CD8+ T,test_scATAC
GTTTGCTGTTAGGATT-1_rna,CD4+ T activated,test_scRNA,,CD8+ T,test_scRNA
CAACCCGCAGCTTACA-1_rna,CD4+ T activated,test_scRNA,,ILC,test_scRNA
CTGCTCCCACTGACTA-1_rna,CD8+ T,test_scRNA,,CD4+ T activated,test_scRNA
CATCATAAGTTAGCTA-1_rna,NK,test_scRNA,,CD14+ Mono,test_scRNA
AAGTGCAAGGTGTCCA-1_rna,CD4+ T naive,test_scRNA,,CD4+ T activated,test_scRNA
AGTTGTCAGACACCGC-1_rna,Normoblast,test_scRNA,,Normoblast,test_scATAC
AGAAACCCAGGATTAA-1_rna,B1 B,test_scRNA,,B1 B,test_scATAC
TAGGAACCAAGGTAAC-1_rna,Erythroblast,test_scRNA,,Normoblast,test_scRNA
CAATGACTCTATTGTC-1_rna,CD14+ Mono,test_scRNA,,CD4+ T activated,test_scATAC
CTATTGAAGGCCCAGT-1_rna,CD14+ Mono,test_scRNA,,CD8+ T,test_scATAC
CGGACCTAGGTCTTGG-1_rna,NK,test_scRNA,,Normoblast,test_scRNA
TAATGGTGTGGCTTCC-1_rna,CD14+ Mono,test_scRNA,,Naive CD20+ B,test_scATAC
ATGAAGCCAAGATTCT-1_rna,CD8+ T,test_scRNA,,NK,test_scRNA
GTGGATGCAGCATGGA-1_rna,CD8+ T,test_scRNA,,CD4+ T activated,test_scATAC
GACCTGATCACGCGGT-1_rna,CD4+ T activated,test_scRNA,,CD4+ T activated,test_scATAC
GAGTGAGGTATGGTGC-1_rna,NK,test_scRNA,,CD14+ Mono,test_scRNA
GGTCAGGAGTAACTCA-1_rna,NK,test_scRNA,,Erythroblast,test_scRNA
GGCCTTCGTTGGTTCT-1_rna,CD8+ T,test_scRNA,,CD14+ Mono,test_scRNA
TAGTCAATCATAGCCG-1_rna,CD4+ T activated,test_scRNA,,Erythroblast,test_scRNA
GTATGTTCATTATGAC-1_rna,NK,test_scRNA,,CD4+ T activated,test_scATAC
GATCAAGAGTGAGAGC-1_rna,CD8+ T,test_scRNA,,CD14+ Mono,test_scATAC
GGCGGTAAGGGCCACT-1_rna,NK,test_scRNA,,Erythroblast,test_scATAC
GCTGACATCTTGATGA-1_rna,CD14+ Mono,test_scRNA,,CD14+ Mono,test_scRNA
GTATTGTCAAGTTATC-1_rna,Erythroblast,test_scRNA,,B1 B,test_scATAC
TACTGCACAACCTGGT-1_rna,CD8+ T,test_scRNA,,CD14+ Mono,test_scRNA
AAAGCACCAAGTAAGC-1_rna,Normoblast,test_scRNA,,CD8+ T,test_scRNA
GAGCATGCACAACAAA-1_rna,Naive CD20+ B,test_scRNA,,ILC,test_scATAC
CTTAACAAGAGAGCCG-1_rna,B1 B,test_scRNA,,Normoblast,test_scRNA
GAGGCCTTCCTTTACG-1_rna,CD14+ Mono,test_scRNA,,CD4+ T naive,test_scATAC
ATGACTCAGTTTGAGC-1_rna,Naive CD20+ B,test_scRNA,,CD8+ T,test_scRNA
GGAGGTTAGTTCCCAC-1_rna,CD4+ T naive,test_scRNA,,NK,test_scRNA
CACAATATCCGCAAGC-1_rna,CD4+ T activated,test_scRNA,,CD14+ Mono,test_scRNA
AAACATGCAATAATGG-1_rna,CD8+ T,test_scRNA,,CD4+ T activated,test_scRNA
GTTTAGCAGACAGGCG-1_rna,NK,test_scRNA,,MK/E prog,test_scATAC
GGTTATGGTCAATGTG-1_rna,CD14+ Mono,test_scRNA,,CD4+ T activated,test_scATAC
GGCCGTTAGTTCCCGT-1_rna,CD14+ Mono,test_scRNA,,CD4+ T naive,test_scATAC
CGAAGCCTCGCCTAAG-1_rna,NK,test_scRNA,,CD4+ T activated,test_scRNA
AGTCAGGCAAATGCCC-1_rna,Normoblast,test_scRNA,,Normoblast,test_scATAC
GATTGATGTTGCTTCG-1_rna,CD8+ T,test_scRNA,,CD4+ T activated,test_scRNA
ATGAAGTAGGAGTCGG-1_rna,CD4+ T activated,test_scRNA,,G/M prog,test_scRNA
TCCGGAATCATGGTGT-1_rna,Normoblast,test_scRNA,,HSC,test_scATAC
GCATGAGCACCGGCTA-1_rna,CD4+ T naive,test_scRNA,,NK,test_scRNA
AGTTACTCATTTAAGC-1_rna,Erythroblast,test_scRNA,,CD4+ T naive,test_scRNA
CTAGTGAGTTGGTGAC-1_rna,CD8+ T,test_scRNA,,CD4+ T activated,test_scATAC
CTATGGCCACGAATCC-1_rna,CD4+ T activated,test_scRNA,,CD4+ T activated,test_scRNA
CTTAAGGGTGTTCCCA-1_rna,Erythroblast,test_scRNA,,CD4+ T naive,test_scRNA
CCGATGCAGGACTTAC-1_rna,B1 B,test_scRNA,,B1 B,test_scATAC
GTGCACGGTTACCGGG-1_rna,CD4+ T activated,test_scRNA,,CD4+ T naive,test_scRNA
CTGACCAAGCCAAATC-1_rna,CD14+ Mono,test_scRNA,,Erythroblast,test_scRNA
GCGATATTCCATAAGC-1_rna,G/M prog,test_scRNA,,Normoblast,test_scRNA
TGCTCACTCAAACCTA-1_rna,CD14+ Mono,test_scRNA,,CD4+ T activated,test_scATAC
GGAAGTATCCATAAGC-1_rna,Normoblast,test_scRNA,,CD14+ Mono,test_scATAC
AAGTTTGTCATTGACA-1_rna,CD14+ Mono,test_scRNA,,MK/E prog,test_scATAC
ATGGCCCAGGTAACGA-1_rna,CD4+ T activated,test_scRNA,,CD4+ T naive,test_scRNA
CGAAGAATCAACAAGG-1_rna,Erythroblast,test_scRNA,,G/M prog,test_scATAC
CCAACCCGTAGCAGCT-1_rna,Erythroblast,test_scRNA,,Erythroblast,test_scATAC
CCTCCTCTCTTACTCG-1_rna,CD4+ T activated,test_scRNA,,Erythroblast,test_scATAC
CTGTAACAGTGTTGCG-1_rna,NK,test_scRNA,,NK,test_scATAC
ATGCAGGCATCAGTAT-1_rna,CD4+ T activated,test_scRNA,,CD14+ Mono,test_scATAC
GGACTAAAGCTATATG-1_rna,B1 B,test_scRNA,,CD8+ T,test_scRNA
GGTCCTGCAGGCTACT-1_rna,CD14+ Mono,test_scRNA,,B1 B,test_scATAC
GACCTCAAGTTTAACG-1_rna,CD8+ T,test_scRNA,,CD14+ Mono,test_scRNA
GCCAGGAAGGGATGCG-1_rna,CD8+ T,test_scRNA,,Erythroblast,test_scATAC
AACTGTTCATGTGGGA-1_rna,Normoblast,test_scRNA,,Erythroblast,test_scRNA
CCTATTGTCTTAGGAC-1_rna,Erythroblast,test_scRNA,,CD8+ T,test_scRNA
GTATGTGGTGGATTGC-1_rna,CD4+ T activated,test_scRNA,,CD14+ Mono,test_scATAC
GACGTAAAGGCCCAGT-1_rna,CD8+ T,test_scRNA,,CD8+ T,test_scATAC
TCCGGTTTCATGCCTC-1_rna,NK,test_scRNA,,CD4+ T naive,test_scRNA
AGGCTAAAGCGCCTAA-1_rna,NK,test_scRNA,,Erythroblast,test_scRNA
CGTATTGCACTTAGGC-1_rna,CD14+ Mono,test_scRNA,,CD4+ T naive,test_scATAC
GTGGATGCACTAAGAA-1_rna,CD14+ Mono,test_scRNA,,Naive CD20+ B,test_scATAC
AAAGGCTCATTAGGTT-1_rna,CD14+ Mono,test_scRNA,,CD14+ Mono,test_scATAC
AGGCTAAAGCTTTGGG-1_rna,CD4+ T naive,test_scRNA,,NK,test_scATAC
GGATGAATCATGCTCC-1_rna,CD4+ T activated,test_scRNA,,CD14+ Mono,test_scRNA
CCTCCTGAGAGCCGGA-1_rna,NK,test_scRNA,,CD14+ Mono,test_scRNA
CAACTAGGTTTGGGTA-1_rna,Normoblast,test_scRNA,,G/M prog,test_scRNA
GCCTTAGAGTAACCAC-1_rna,Normoblast,test_scRNA,,CD4+ T naive,test_scRNA
GCGGTTGGTGCCGCAA-1_rna,Erythroblast,test_scRNA,,HSC,test_scATAC
CCAATATCACAAAGCG-1_rna,CD4+ T activated,test_scRNA,,pDC,test_scRNA
TTGGATATCCAGGTCA-1_rna,CD8+ T,test_scRNA,,CD8+ T,test_scATAC
TCCATGCTCCGCAAGC-1_rna,Naive CD20+ B,test_scRNA,,Naive CD20+ B,test_scRNA
GGACGAAGTCATTAGG-1_rna,Erythroblast,test_scRNA,,Erythroblast,test_scRNA
GGTACAAAGGAAGCAC-1_rna,CD14+ Mono,test_scRNA,,CD4+ T activated,test_scRNA
GTTTGCTGTAGGTTTG-1_rna,CD14+ Mono,test_scRNA,,CD14+ Mono,test_scRNA
CCGTGCTGTGGTTAGC-1_rna,CD4+ T naive,test_scRNA,,CD4+ T activated,test_scATAC
TATTAGCCAGAAATGC-1_rna,CD14+ Mono,test_scRNA,,Erythroblast,test_scRNA
GTTACCTGTTGTTGCT-1_rna,Erythroblast,test_scRNA,,Normoblast,test_scRNA
CCAATATCAAGCGAGC-1_rna,CD4+ T activated,test_scRNA,,CD14+ Mono,test_scATAC
TACTTGTTCATAATCG-1_rna,ILC,test_scRNA,,CD4+ T activated,test_scATAC
AACCGCTCACAAAGCG-1_rna,CD4+ T naive,test_scRNA,,B1 B,test_scRNA
TTAGTCAAGTTGGGCC-1_rna,B1 B,test_scRNA,,Erythroblast,test_scATAC
TTGTCCATCACCTGCT-1_rna,Erythroblast,test_scRNA,,CD14+ Mono,test_scATAC
TCCGGTTTCATTAGGC-1_rna,CD4+ T activated,test_scRNA,,Erythroblast,test_scATAC
CGGAGTCTCATGGCTG-1_rna,Normoblast,test_scRNA,,CD8+ T,test_scRNA
GGGTGAAGTTAGCAGC-1_rna,CD4+ T naive,test_scRNA,,NK,test_scRNA
GTAGGCGAGCGATACT-1_rna,Erythroblast,test_scRNA,,CD8+ T,test_scATAC
GGCGGTTTCGGGCCAT-1_rna,CD4+ T naive,test_scRNA,,G/M prog,test_scATAC
AGTTGGCGTTCACCAT-1_rna,CD14+ Mono,test_scRNA,,CD4+ T naive,test_scATAC
ACAGGAATCGAAGCGG-1_rna,CD4+ T activated,test_scRNA,,CD8+ T,test_scRNA
CCTAAGCCATAGCGGA-1_rna,CD4+ T naive,test_scRNA,,CD14+ Mono,test_scRNA
CCTGAGTCACAATGCC-1_rna,Naive CD20+ B,test_scRNA,,Erythroblast,test_scRNA
TGCCTGTTCAGGTTTA-1_rna,Normoblast,test_scRNA,,NK,test_scRNA
TCCGGTTTCTAAGTCA-1_rna,Erythroblast,test_scRNA,,CD4+ T activated,test_scATAC
AGGATGTCAGCACGTT-1_rna,Normoblast,test_scRNA,,Erythroblast,test_scRNA
AATAGCTGTGGTTATG-1_rna,CD4+ T activated,test_scRNA,,Naive CD20+ B,test_scRNA
GGTCCGTAGTAAGTGG-1_rna,B1 B,test_scRNA,,Erythroblast,test_scRNA
TGAAGTGAGTTGGCCA-1_rna,CD4+ T naive,test_scRNA,,CD14+ Mono,test_scATAC
CTTGAATCATTGTCCT-1_rna,CD4+ T activated,test_scRNA,,Transitional B,test_scRNA
CACTTTGTCACCGGTA-1_rna,CD8+ T,test_scRNA,,Erythroblast,test_scATAC
GTTTATCTCGTAACGT-1_rna,CD4+ T activated,test_scRNA,,NK,test_scRNA
AACCCGCAGCACGATT-1_rna,Normoblast,test_scRNA,,CD4+ T activated,test_scATAC
TACGGATTCAAACACC-1_rna,CD4+ T activated,test_scRNA,,G/M prog,test_scRNA
TGTGAAACAATTAGGA-1_rna,CD4+ T activated,test_scRNA,,CD8+ T,test_scRNA
CCATAATCACTTCATC-1_rna,CD4+ T activated,test_scRNA,,CD4+ T activated,test_scRNA
GATTGGCGTCCCGAAG-1_rna,CD8+ T,test_scRNA,,ID2-hi myeloid prog,test_scRNA
GCTAACAGTGCACGCA-1_rna,Naive CD20+ B,test_scRNA,,NK,test_scRNA
ATCCACCTCGCTAAGT-1_rna,CD8+ T,test_scRNA,,CD4+ T activated,test_scRNA
GGGCATGAGTGTGATC-1_rna,G/M prog,test_scRNA,,CD4+ T naive,test_scATAC
TATAGCCAGGTCGATT-1_rna,CD4+ T activated,test_scRNA,,CD4+ T naive,test_scATAC
CTGCTCCCAGCCAGAA-1_rna,CD8+ T,test_scRNA,,CD4+ T activated,test_scRNA
CGCATTACAATCCTGA-1_rna,NK,test_scRNA,,Normoblast,test_scRNA
GTATCGCCAATATAGG-1_rna,CD8+ T,test_scRNA,,Normoblast,test_scRNA
GTTCCTGGTATTCGTC-1_rna,CD4+ T activated,test_scRNA,,CD14+ Mono,test_scATAC
ACAAAGGTCCATCAGG-1_rna,CD8+ T,test_scRNA,,CD4+ T activated,test_scATAC
GGGTTACGTAATCGCA-1_rna,Naive CD20+ B,test_scRNA,,CD14+ Mono,test_scATAC
GGCTATGTCCTACCTA-1_rna,CD8+ T,test_scRNA,,CD14+ Mono,test_scRNA
TGTTCATTCGTTTCTG-1_rna,CD8+ T,test_scRNA,,CD4+ T activated,test_scRNA
AGTAAGTAGGCATGAA-1_rna,CD14+ Mono,test_scRNA,,ILC,test_scATAC
CTAACCCTCAAACCTA-1_rna,Normoblast,test_scRNA,,Erythroblast,test_scRNA
TAAGCCTAGCCTGTGA-1_rna,Normoblast,test_scRNA,,CD8+ T,test_scRNA
CGAGGAAGTGAGACTC-1_rna,CD14+ Mono,test_scRNA,,CD4+ T naive,test_scRNA
CTTCACTCACTAAGTT-1_rna,NK,test_scRNA,,Erythroblast,test_scATAC
GCAGGTGAGGGTTAGA-1_rna,CD4+ T naive,test_scRNA,,CD14+ Mono,test_scATAC
CGCCTCATCTTCAATC-1_rna,Naive CD20+ B,test_scRNA,,CD4+ T activated,test_scATAC
CCTTAACGTTAGCCAA-1_rna,CD4+ T naive,test_scRNA,,CD4+ T activated,test_scATAC
GGCTCAATCATGGTTA-1_rna,CD4+ T activated,test_scRNA,,CD4+ T naive,test_scRNA
AGAAACTAGGTTTGCG-1_rna,CD14+ Mono,test_scRNA,,CD4+ T naive,test_scATAC
CCTTGTTCAATAGCAA-1_rna,CD4+ T naive,test_scRNA,,CD4+ T naive,test_scATAC
AGGGCCTTCAGCATTA-1_rna,CD14+ Mono,test_scRNA,,CD8+ T,test_scRNA
AGCTACGTCTTAGTGA-1_rna,CD4+ T activated,test_scRNA,,CD8+ T,test_scATAC
GCATGAGCAACACCTA-1_rna,CD8+ T,test_scRNA,,NK,test_scRNA
CGTCCTAGTTATCGAG-1_rna,CD8+ T,test_scRNA,,CD4+ T activated,test_scATAC
ATATGCATCCTGATGG-1_rna,CD14+ Mono,test_scRNA,,CD14+ Mono,test_scRNA
AGCTTTAAGTAGCCAT-1_rna,Erythroblast,test_scRNA,,pDC,test_scRNA
TGCGGTTCAGTTTACG-1_rna,CD8+ T,test_scRNA,,CD14+ Mono,test_scATAC
CTTCTCAAGGATGATG-1_rna,CD4+ T naive,test_scRNA,,Plasma cell,test_scATAC
TCGACAAGTCATGAGC-1_rna,CD4+ T activated,test_scRNA,,CD14+ Mono,test_scRNA
CCTCCTCTCAAACTCA-1_rna,CD14+ Mono,test_scRNA,,Erythroblast,test_scATAC
CCACACAAGCGATAAG-1_rna,CD4+ T naive,test_scRNA,,Normoblast,test_scRNA
GCCAACATCGATTTGA-1_rna,NK,test_scRNA,,Lymph prog,test_scATAC
GCTAGCCAGGTTACGT-1_rna,CD8+ T,test_scRNA,,B1 B,test_scRNA
GGCGGTAAGCTGTACG-1_rna,B1 B,test_scRNA,,pDC,test_scRNA
AGCCTCCGTTGGTGAC-1_rna,CD8+ T,test_scRNA,,CD4+ T naive,test_scATAC
TGGACCGGTGTTCCCA-1_rna,Erythroblast,test_scRNA,,CD4+ T naive,test_scATAC
GTGTAACTCGTGCTTC-1_rna,NK,test_scRNA,,CD14+ Mono,test_scRNA
GAGGCAAGTGTAACCA-1_rna,Normoblast,test_scRNA,,Erythroblast,test_scRNA
CGCTAACCATCGCTTT-1_rna,NK,test_scRNA,,Normoblast,test_scRNA
TCATGAGGTGGATTCA-1_rna,CD4+ T activated,test_scRNA,,NK,test_scRNA
GAACCAGCAATATAGG-1_rna,CD14+ Mono,test_scRNA,,CD14+ Mono,test_scRNA
TCAAGTATCGAGGTGG-1_rna,CD14+ Mono,test_scRNA,,Normoblast,test_scRNA
GGACATAAGTCACTCC-1_rna,CD14+ Mono,test_scRNA,,NK,test_scRNA
CGATGTCCAGCAAATA-1_rna,Erythroblast,test_scRNA,,G/M prog,test_scATAC
CTCACTCAGCTTAGTA-1_rna,Normoblast,test_scRNA,,Erythroblast,test_scATAC
GGAACTAAGGCGGATG-1_rna,Erythroblast,test_scRNA,,Erythroblast,test_scRNA
TCTACTAGTTACCGGG-1_rna,Naive CD20+ B,test_scRNA,,Naive CD20+ B,test_scATAC
CGGTTTCTCGAAGCGG-1_rna,CD14+ Mono,test_scRNA,,Normoblast,test_scRNA
CTGTGTGAGGGACCTC-1_rna,CD8+ T,test_scRNA,,CD14+ Mono,test_scRNA
CTGGTTTGTGGAAACG-1_rna,Naive CD20+ B,test_scRNA,,Normoblast,test_scRNA
TAGTGTGGTACAAAGA-1_rna,CD4+ T naive,test_scRNA,,CD8+ T,test_scATAC
TACGCTTGTCGACTCC-1_rna,NK,test_scRNA,,CD14+ Mono,test_scATAC
GTTCCTTCATTAGGTT-1_rna,Erythroblast,test_scRNA,,Erythroblast,test_scATAC
AAGGTATAGGCAATAG-1_rna,CD4+ T activated,test_scRNA,,CD4+ T naive,test_scRNA
CCCAGCACATCCTAGA-1_rna,CD14+ Mono,test_scRNA,,CD14+ Mono,test_scRNA
TGAGAACCACAATGCC-1_rna,Normoblast,test_scRNA,,NK,test_scATAC
GAAACTGAGTGAACGA-1_rna,CD14+ Mono,test_scRNA,,CD4+ T naive,test_scATAC
GGACTAAAGCTAAGTC-1_rna,Erythroblast,test_scRNA,,CD14+ Mono,test_scRNA
TTCGGTACATTAGCGC-1_rna,CD4+ T naive,test_scRNA,,CD8+ T,test_scRNA
ATTCATGAGGTCCGTA-1_rna,Naive CD20+ B,test_scRNA,,Normoblast,test_scRNA
CTCTATGTCAGTTCCC-1_rna,CD4+ T activated,test_scRNA,,Naive CD20+ B,test_scATAC
CGATATTCATGTCAAT-1_rna,Erythroblast,test_scRNA,,Erythroblast,test_scATAC
GGGTGAAGTCAATGTG-1_rna,CD14+ Mono,test_scRNA,,CD4+ T activated,test_scATAC
AACTTAGTCATCCTGC-1_rna,CD8+ T,test_scRNA,,CD4+ T naive,test_scATAC
GCAGCAACACAGACTC-1_rna,Erythroblast,test_scRNA,,CD8+ T,test_scATAC
CCTTCAATCAAATCGC-1_rna,B1 B,test_scRNA,,CD4+ T naive,test_scATAC
AGCACTTAGCACTAAC-1_rna,CD14+ Mono,test_scRNA,,CD4+ T activated,test_scRNA
AAACGTACACAGAACG-1_rna,B1 B,test_scRNA,,CD8+ T,test_scRNA
GCTGGATGTGGCTTCC-1_rna,Naive CD20+ B,test_scRNA,,CD4+ T activated,test_scRNA
ATCGGCCAGTTTGCGG-1_rna,G/M prog,test_scRNA,,CD14+ Mono,test_scATAC
GTGCCTTTCCCTGGAA-1_rna,CD14+ Mono,test_scRNA,,G/M prog,test_scRNA
GTATTGTCATTGTGTG-1_rna,CD8+ T,test_scRNA,,CD8+ T,test_scRNA
ATTCCGGAGGTGCGGA-1_rna,CD14+ Mono,test_scRNA,,CD14+ Mono,test_scATAC
GTTTGTCGTGGTTCTT-1_rna,CD4+ T activated,test_scRNA,,G/M prog,test_scRNA
CCTGATGAGGAGGCAT-1_rna,Erythroblast,test_scRNA,,CD8+ T,test_scATAC
TATAGCTCAGGGAGCT-1_rna,CD4+ T activated,test_scRNA,,CD8+ T,test_scRNA
GGTGATTTCGTCCTTA-1_rna,Erythroblast,test_scRNA,,CD4+ T activated,test_scRNA
TACTAAGTCTAAGGAG-1_rna,CD4+ T naive,test_scRNA,,CD8+ T,test_scATAC
CATTGTGCAAGTAAGC-1_rna,CD14+ Mono,test_scRNA,,CD4+ T naive,test_scATAC
TTAGGATGTTGGTGAC-1_rna,CD4+ T naive,test_scRNA,,NK,test_scRNA
AGAAACCCATGTGGGA-1_rna,CD8+ T,test_scRNA,,Lymph prog,test_scRNA
GTAGGTGCAACCGCCA-1_rna,Erythroblast,test_scRNA,,CD4+ T activated,test_scRNA
CGCTATGAGGTTTGCG-1_rna,CD4+ T naive,test_scRNA,,CD14+ Mono,test_scRNA
GAGTAACCATCCCTCA-1_rna,Naive CD20+ B,test_scRNA,,G/M prog,test_scRNA
AATCAGGAGCCTCTCG-1_rna,CD14+ Mono,test_scRNA,,cDC2,test_scATAC
ATACCTGCAGCTAACC-1_rna,CD4+ T naive,test_scRNA,,Erythroblast,test_scATAC
CTACCGGCAGCGCTTG-1_rna,NK,test_scRNA,,CD4+ T naive,test_scATAC
GTTCTTGTCACTTCAT-1_rna,CD14+ Mono,test_scRNA,,CD4+ T activated,test_scRNA
GGTGATTTCCCATAAA-1_rna,CD8+ T,test_scRNA,,G/M prog,test_scRNA
CCATTGTGTCGACTAA-1_rna,Naive CD20+ B,test_scRNA,,Proerythroblast,test_scRNA
TGTTACTTCATAGACC-1_rna,CD14+ Mono,test_scRNA,,NK,test_scRNA
ATGGCTTAGTCTTGAA-1_rna,Naive CD20+ B,test_scRNA,,CD14+ Mono,test_scRNA
CAGGGTGAGTCTGGGC-1_rna,CD8+ T,test_scRNA,,CD14+ Mono,test_scRNA
GAAGTATAGGTGAAAT-1_rna,NK,test_scRNA,,CD14+ Mono,test_scRNA
GTATCGCCAGCATTAT-1_rna,CD8+ T,test_scRNA,,Transitional B,test_scRNA
ATTCGTTTCTAATCTC-1_rna,CD14+ Mono,test_scRNA,,CD14+ Mono,test_scATAC
AGCAAGGGTATTCGCT-1_rna,CD8+ T,test_scRNA,,Erythroblast,test_scATAC
CATTGTAAGGCCGGAA-1_rna,CD4+ T activated,test_scRNA,,B1 B,test_scRNA
CGAACCGGTGCACGCA-1_rna,Erythroblast,test_scRNA,,Erythroblast,test_scRNA
GTCTAATCAGATTCAT-1_rna,CD14+ Mono,test_scRNA,,NK,test_scATAC
GATGACTTCCTGGCTT-1_rna,CD8+ T,test_scRNA,,Erythroblast,test_scATAC
GATGCATTCTATGACA-1_rna,CD14+ Mono,test_scRNA,,Erythroblast,test_scRNA
CGTTAGGTCATAACTG-1_rna,Normoblast,test_scRNA,,B1 B,test_scRNA
GAGGACTAGCTTAGTA-1_rna,Naive CD20+ B,test_scRNA,,CD4+ T activated,test_scRNA
AGCCGCTAGCAAGGGT-1_rna,Erythroblast,test_scRNA,,Naive CD20+ B,test_scATAC
GCTCAACCAGCTCAAC-1_rna,Erythroblast,test_scRNA,,CD4+ T activated,test_scRNA
CGTCAATAGTTGTCAA-1_rna,Erythroblast,test_scRNA,,CD8+ T,test_scATAC
TAGCTAGGTTTCGCCA-1_rna,CD14+ Mono,test_scRNA,,Erythroblast,test_scRNA
TGATTGCAGTTACCGG-1_rna,CD4+ T activated,test_scRNA,,Naive CD20+ B,test_scATAC
GATGGCTGTTACGCAA-1_rna,Erythroblast,test_scRNA,,NK,test_scRNA
GACCGAACATAGACCC-1_rna,CD14+ Mono,test_scRNA,,CD4+ T activated,test_scRNA
GTACTTAAGGCATTGT-1_rna,NK,test_scRNA,,CD14+ Mono,test_scRNA
TCAAGACTCGCTAAGT-1_rna,CD4+ T activated,test_scRNA,,ILC,test_scATAC
TGCGATTAGGCCAATT-1_rna,Naive CD20+ B,test_scRNA,,Proerythroblast,test_scRNA
TACAGGTTCGCTAGAT-1_rna,CD14+ Mono,test_scRNA,,CD8+ T,test_scATAC
CTAGGCGGTTGAAGCC-1_rna,Naive CD20+ B,test_scRNA,,ID2-hi myeloid prog,test_scATAC
CTCCAACTCTCGCCTG-1_rna,NK,test_scRNA,,CD14+ Mono,test_scATAC
CTCTAGCTCCCGAAGC-1_rna,CD4+ T activated,test_scRNA,,CD8+ T,test_scRNA
CAAGTAACATAGCGGA-1_rna,Erythroblast,test_scRNA,,Normoblast,test_scATAC
GTGCCTTTCTAACCTT-1_rna,NK,test_scRNA,,CD14+ Mono,test_scATAC
CCGACAGGTTTAGCTC-1_rna,CD4+ T activated,test_scRNA,,NK,test_scATAC
GCATTGCCAGTTAAAG-1_rna,Normoblast,test_scRNA,,Normoblast,test_scATAC
CTGTATTTCGGGACCT-1_rna,CD14+ Mono,test_scRNA,,CD14+ Mono,test_scRNA
TCATGTTTCATAAGCC-1_rna,Erythroblast,test_scRNA,,Erythroblast,test_scRNA
GTTCATTTCTTGTCCA-1_rna,NK,test_scRNA,,Erythroblast,test_scRNA
GCCTTACTCGTTTCTG-1_rna,CD14+ Mono,test_scRNA,,CD14+ Mono,test_scRNA
TGTTACTTCTCACAAA-1_rna,Erythroblast,test_scRNA,,Erythroblast,test_scATAC
AGCGCTCAGTTGTCTT-1_rna,CD14+ Mono,test_scRNA,,CD8+ T,test_scATAC
ATGACGAAGACTCGCA-1_rna,CD8+ T,test_scRNA,,pDC,test_scATAC
TCAGGAGCAGCTCATA-1_rna,CD8+ T,test_scRNA,,pDC,test_scATAC
GTATTGCAGGGACTAA-1_rna,CD4+ T activated,test_scRNA,,NK,test_scATAC
CGCTTAACATGACTAT-1_rna,CD4+ T activated,test_scRNA,,Erythroblast,test_scATAC
GTGTTACAGGGATGCG-1_rna,CD8+ T,test_scRNA,,CD14+ Mono,test_scATAC
GGCCTTCGTGTAATAC-1_rna,Naive CD20+ B,test_scRNA,,B1 B,test_scRNA
ACCCAACCAGGAACCA-1_rna,Erythroblast,test_scRNA,,CD4+ T activated,test_scATAC
TGTATCCGTGTCACGG-1_rna,CD14+ Mono,test_scRNA,,Erythroblast,test_scATAC
GGTATGTTCACGCATG-1_rna,CD4+ T naive,test_scRNA,,CD4+ T activated,test_scATAC
TTAAAGGCACAAGCCT-1_rna,CD8+ T,test_scRNA,,CD8+ T,test_scRNA
CAACTAATCCAAATCA-1_rna,CD14+ Mono,test_scRNA,,CD8+ T,test_scRNA
GAGCAAGGTGGTGAGA-1_rna,Normoblast,test_scRNA,,Naive CD20+ B,test_scRNA
ATCATGTCAATTGAGA-1_rna,Normoblast,test_scRNA,,ILC,test_scRNA
TCTCAATTCCCAGTAG-1_rna,Naive CD20+ B,test_scRNA,,NK,test_scATAC
GGAAGCTAGTTCCTGC-1_rna,NK,test_scRNA,,Normoblast,test_scRNA
GGCTTCAAGGAACCGG-1_rna,CD4+ T activated,test_scRNA,,CD8+ T,test_scRNA
TATAACCCACTAAGTT-1_rna,CD8+ T,test_scRNA,,CD14+ Mono,test_scRNA
CCTCAAACAGCAAGAT-1_rna,B1 B,test_scRNA,,NK,test_scRNA
TCATTTGGTTAACAGT-1_rna,CD4+ T naive,test_scRNA,,CD4+ T activated,test_scRNA
ACCCGTAAGGCAATAG-1_rna,CD4+ T naive,test_scRNA,,CD4+ T naive,test_scRNA
ACGTACCCACCGGTAT-1_rna,Normoblast,test_scRNA,,CD14+ Mono,test_scATAC
ACTATGTCAGTTGCGT-1_rna,CD4+ T activated,test_scRNA,,Erythroblast,test_scRNA
AATAACCGTTCGGGAT-1_rna,Erythroblast,test_scRNA,,pDC,test_scRNA
TCCATAAAGAACCTAC-1_rna,CD4+ T activated,test_scRNA,,G/M prog,test_scATAC
ACTCGCGCACTTCATC-1_rna,Erythroblast,test_scRNA,,NK,test_scRNA
ATGATGACAATCCTGA-1_rna,NK,test_scRNA,,CD14+ Mono,test_scATAC
AGGATCCGTCACGAAC-1_rna,CD8+ T,test_scRNA,,Normoblast,test_scATAC
CAACTAATCATGGTTA-1_rna,CD4+ T naive,test_scRNA,,CD8+ T,test_scATAC
ACTATGTCAGGTTACC-1_rna,CD4+ T activated,test_scRNA,,CD8+ T,test_scATAC
ATGTCCACACCTCACC-1_rna,CD4+ T naive,test_scRNA,,Normoblast,test_scRNA
ACCTCACTCCCTCACG-1_rna,Naive CD20+ B,test_scRNA,,CD4+ T naive,test_scATAC
GGTTAGCGTGATTACG-1_rna,CD8+ T,test_scRNA,,Erythroblast,test_scRNA
GTACTTCGTGTGAGAG-1_rna,Erythroblast,test_scRNA,,Erythroblast,test_scATAC
CCGACAGGTAACCACA-1_rna,CD4+ T naive,test_scRNA,,B1 B,test_scATAC
CCTGTTGGTATTGAGT-1_rna,CD4+ T activated,test_scRNA,,CD14+ Mono,test_scRNA
ATCACTAAGAACCTAC-1_rna,CD4+ T activated,test_scRNA,,CD8+ T,test_scATAC
TCACCTCAGCAACATC-1_rna,NK,test_scRNA,,CD4+ T naive,test_scRNA
CGTGGTTCATTTGCTC-1_rna,CD4+ T activated,test_scRNA,,Transitional B,test_scRNA
CGGTTTCTCGCTTCTA-1_rna,CD14+ Mono,test_scRNA,,CD8+ T,test_scRNA
TGAGAACCATGTCAGC-1_rna,Erythroblast,test_scRNA,,CD8+ T,test_scRNA
GCTGTACCAACCTGGT-1_rna,CD8+ T,test_scRNA,,NK,test_scRNA
TTAGCGGTCATTTGTC-1_rna,Normoblast,test_scRNA,,Normoblast,test_scRNA
GATAAAGGTTTACCGT-1_rna,NK,test_scRNA,,CD8+ T,test_scATAC
AATCCTAAGAAGCTAG-1_rna,Erythroblast,test_scRNA,,MK/E prog,test_scRNA
TTTGTGGCAAATATCC-1_rna,CD8+ T,test_scRNA,,CD4+ T naive,test_scATAC
AATCCCTGTTTGCAGA-1_rna,CD8+ T,test_scRNA,,CD8+ T,test_scRNA
CCAAACCCACACCAAC-1_rna,CD14+ Mono,test_scRNA,,CD8+ T,test_scATAC
GTAGCTGTCAAGCTTA-1_rna,Normoblast,test_scRNA,,Erythroblast,test_scATAC
TATCCAGCACAATGTT-1_rna,CD4+ T naive,test_scRNA,,Normoblast,test_scATAC
GCGATTAGTCCTTCTC-1_rna,B1 B,test_scRNA,,Normoblast,test_scRNA
TGAAGGATCTATCGCC-1_rna,CD8+ T,test_scRNA,,Lymph prog,test_scRNA
CAAATCATCATGTCAA-1_rna,Erythroblast,test_scRNA,,CD8+ T,test_scATAC
GATCGAGCAGGGAGCT-1_rna,CD8+ T,test_scRNA,,NK,test_scRNA
TTGGTGAGTACCGTAA-1_rna,Erythroblast,test_scRNA,,CD14+ Mono,test_scRNA
CTGTACCTCCCTCGCA-1_rna,CD14+ Mono,test_scRNA,,CD4+ T activated,test_scRNA
CAGTATGGTTCATCTA-1_rna,CD14+ Mono,test_scRNA,,CD4+ T activated,test_scRNA
GTACACCCATTCCTGT-1_rna,CD14+ Mono,test_scRNA,,B1 B,test_scRNA
AGGCCCAGTCACTCGC-1_rna,Normoblast,test_scRNA,,Erythroblast,test_scATAC
TAGCATATCGCTAGCA-1_rna,NK,test_scRNA,,CD14+ Mono,test_scRNA
CAACTAATCGTTAGTA-1_rna,Naive CD20+ B,test_scRNA,,CD14+ Mono,test_scRNA
TACGTAATCCGCTAGA-1_rna,CD8+ T,test_scRNA,,cDC2,test_scATAC
CTATGAGGTGAGCGAA-1_rna,CD14+ Mono,test_scRNA,,Erythroblast,test_scATAC
CCAACCCGTTATCCTA-1_rna,Erythroblast,test_scRNA,,Naive CD20+ B,test_scRNA
AGTAATGCAGCTTAGC-1_rna,NK,test_scRNA,,Erythroblast,test_scRNA
AATTACCCACCGGCTA-1_rna,Erythroblast,test_scRNA,,NK,test_scATAC
CTAGATTCAAATATCC-1_rna,CD4+ T naive,test_scRNA,,Normoblast,test_scRNA
TTGTCCCAGCTTAACA-1_rna,Normoblast,test_scRNA,,G/M prog,test_scRNA
TTGCAGCCAGGTATTT-1_rna,CD4+ T naive,test_scRNA,,CD14+ Mono,test_scRNA
TCAACAATCTGCAAGT-1_rna,CD4+ T activated,test_scRNA,,HSC,test_scRNA
CGCAATAGTGAAGCCT-1_rna,NK,test_scRNA,,Naive CD20+ B,test_scATAC
GCTTAACAGACTTATG-1_rna,NK,test_scRNA,,NK,test_scATAC
GGCTAGTGTTGCACGG-1_rna,CD4+ T naive,test_scRNA,,CD4+ T naive,test_scRNA
AGTGGACAGTTTCCTG-1_rna,CD4+ T activated,test_scRNA,,CD4+ T activated,test_scRNA
CTTCAATTCATTACGA-1_rna,CD14+ Mono,test_scRNA,,CD4+ T naive,test_scRNA
CGGACCTAGCTGCACA-1_rna,CD8+ T,test_scRNA,,CD8+ T,test_scRNA
AAGTGAAGTAATCACG-1_rna,CD14+ Mono,test_scRNA,,MK/E prog,test_scATAC
TGTGCAAGTTAATGAC-1_rna,CD14+ Mono,test_scRNA,,CD4+ T activated,test_scRNA
CATCATGCAAAGGTAC-1_rna,CD8+ T,test_scRNA,,CD4+ T activated,test_scRNA
GCGCGATTCATTAGCA-1_rna,Naive CD20+ B,test_scRNA,,CD4+ T activated,test_scATAC
CCTCAAACAGCACGAA-1_rna,CD8+ T,test_scRNA,,CD14+ Mono,test_scRNA
ACAACAGAGTTGCGTG-1_rna,NK,test_scRNA,,CD4+ T naive,test_scATAC
TTGACTAAGCAAGGGT-1_rna,CD4+ T naive,test_scRNA,,Erythroblast,test_scATAC
GCGCTAGGTATTGAGT-1_rna,CD4+ T naive,test_scRNA,,Naive CD20+ B,test_scATAC
TCAGTAATCATTGCAA-1_rna,CD8+ T,test_scRNA,,CD4+ T naive,test_scATAC
ATGTAACGTTGAAGCC-1_rna,NK,test_scRNA,,Erythroblast,test_scRNA
AATTGGGAGGAGGCAT-1_rna,CD4+ T activated,test_scRNA,,CD4+ T naive,test_scRNA
TTTGTTGGTACGGTAC-1_rna,CD4+ T naive,test_scRNA,,ILC,test_scATAC
TTGGATTCATAAAGCA-1_rna,CD14+ Mono,test_scRNA,,Lymph prog,test_scATAC
CCGACAGGTACTTAGG-1_rna,CD4+ T activated,test_scRNA,,CD4+ T naive,test_scRNA
CGCGATTCATAAGTTC-1_rna,Erythroblast,test_scRNA,,CD4+ T naive,test_scATAC
CGGGCTTAGACAAGTG-1_rna,ILC,test_scRNA,,CD4+ T activated,test_scRNA
GATTCATCAACTAGGG-1_rna,Erythroblast,test_scRNA,,Normoblast,test_scRNA
GATTCAATCTTAGGGT-1_rna,CD14+ Mono,test_scRNA,,CD4+ T activated,test_scATAC
ATCATCAAGGCGCATC-1_rna,G/M prog,test_scRNA,,B1 B,test_scRNA
ATCCTTAGTCCTAACT-1_rna,CD4+ T naive,test_scRNA,,Erythroblast,test_scATAC
GCAGGTGAGCGGATTT-1_rna,Normoblast,test_scRNA,,CD4+ T activated,test_scATAC
CAGCCAATCGACCTGA-1_rna,NK,test_scRNA,,Normoblast,test_scRNA
TAGCCTCTCGGTTACG-1_rna,Normoblast,test_scRNA,,Naive CD20+ B,test_scRNA
TTTGCGGAGGATAAAC-1_rna,CD4+ T activated,test_scRNA,,CD16+ Mono,test_scATAC
AATGGCGCAATTATGC-1_rna,NK,test_scRNA,,Normoblast,test_scATAC
TACTAAGTCTGGTCCT-1_rna,CD8+ T,test_scRNA,,CD4+ T activated,test_scATAC
ACCTCACTCTAATCCT-1_rna,CD4+ T activated,test_scRNA,,Naive CD20+ B,test_scATAC
AGTGGACAGCACGATT-1_rna,Naive CD20+ B,test_scRNA,,Proerythroblast,test_scRNA
GATGCATTCATCCTAT-1_rna,CD8+ T,test_scRNA,,Naive CD20+ B,test_scRNA
CTTCAAGCACAACAAA-1_rna,Erythroblast,test_scRNA,,CD14+ Mono,test_scRNA
TTGTTGTTCATGGCTG-1_rna,CD14+ Mono,test_scRNA,,Erythroblast,test_scATAC
CTATTCAGTGCTAGCG-1_rna,CD4+ T naive,test_scRNA,,CD4+ T activated,test_scATAC
CGGGACAAGTAACTCA-1_rna,Normoblast,test_scRNA,,Transitional B,test_scATAC
ACCAAGCGTGGATTCA-1_rna,G/M prog,test_scRNA,,Erythroblast,test_scRNA
ACAACACTCGAGCTAT-1_rna,Normoblast,test_scRNA,,CD4+ T naive,test_scATAC
CCAGACTCAAGTTATC-1_rna,CD4+ T activated,test_scRNA,,CD4+ T activated,test_scATAC
CGTAACTAGTAGCGGG-1_rna,CD4+ T activated,test_scRNA,,CD4+ T activated,test_scRNA
AGAAAGGCATCCTAGA-1_rna,Naive CD20+ B,test_scRNA,,Erythroblast,test_scATAC
AGCATTTCAGTCTAAT-1_rna,Normoblast,test_scRNA,,CD8+ T,test_scRNA
TTAAGCCAGGCTAATC-1_rna,CD14+ Mono,test_scRNA,,MK/E prog,test_scATAC
CTTATTGGTACGCGCA-1_rna,CD4+ T naive,test_scRNA,,B1 B,test_scRNA
GTCATTAAGCATCCAG-1_rna,Erythroblast,test_scRNA,,Naive CD20+ B,test_scATAC
ACTAACCAGAAGGTGC-1_rna,NK,test_scRNA,,CD14+ Mono,test_scRNA
TACCAAATCCCTCACG-1_rna,Erythroblast,test_scRNA,,CD8+ T,test_scRNA
CGATGTCCAGGTTACC-1_rna,CD4+ T naive,test_scRNA,,NK,test_scATAC
CGTTATCGTATTTGCC-1_rna,Erythroblast,test_scRNA,,CD14+ Mono,test_scATAC
ATGGCCCAGTCAGGCC-1_rna,CD4+ T activated,test_scRNA,,CD14+ Mono,test_scRNA
TATAACCCACTAAGAA-1_rna,Erythroblast,test_scRNA,,Erythroblast,test_scATAC
CGGCTAATCATTAGCA-1_rna,CD4+ T activated,test_scRNA,,Erythroblast,test_scATAC
TAGGAGTCAGTACCGT-1_rna,B1 B,test_scRNA,,Erythroblast,test_scRNA
ATAGGTACAATATGGA-1_rna,CD14+ Mono,test_scRNA,,CD14+ Mono,test_scRNA
AACAAGCCATAAAGCA-1_rna,CD4+ T activated,test_scRNA,,Erythroblast,test_scRNA
TCTACCTCATGAGTTT-1_rna,Erythroblast,test_scRNA,,CD4+ T activated,test_scATAC
GATTAGCTCTAGCGAT-1_rna,CD14+ Mono,test_scRNA,,CD8+ T,test_scRNA
CAGTACCCAAGGACCA-1_rna,CD8+ T,test_scRNA,,Normoblast,test_scATAC
TCCATCATCTTGTCTG-1_rna,Erythroblast,test_scRNA,,CD14+ Mono,test_scATAC
TGCTTCCAGTACCGCA-1_rna,CD4+ T activated,test_scRNA,,CD4+ T activated,test_scATAC
TCGGTTTGTCCTAGTT-1_rna,Naive CD20+ B,test_scRNA,,CD8+ T,test_scRNA
GATAAAGGTGACCTGG-1_rna,CD14+ Mono,test_scRNA,,CD4+ T activated,test_scRNA
ACTTACAAGGGACGCA-1_rna,G/M prog,test_scRNA,,CD4+ T naive,test_scRNA
GGTGCTTCAATCATGT-1_rna,Erythroblast,test_scRNA,,CD4+ T activated,test_scATAC
GACTTAGGTCGCGCAA-1_rna,Normoblast,test_scRNA,,Normoblast,test_scATAC
GATGCAGCACACCAAC-1_rna,CD4+ T activated,test_scRNA,,CD14+ Mono,test_scRNA
GTAGGCGAGTTAGAGG-1_rna,CD8+ T,test_scRNA,,CD4+ T naive,test_scATAC
CTCTAAGCATGTCAAT-1_rna,CD14+ Mono,test_scRNA,,CD8+ T,test_scATAC
CGTTAGTAGGTGAGAC-1_rna,Normoblast,test_scRNA,,CD16+ Mono,test_scATAC
CCACATTGTCCTTAGT-1_rna,B1 B,test_scRNA,,CD8+ T,test_scRNA
AGTTGGCGTGGATTAT-1_rna,CD14+ Mono,test_scRNA,,CD14+ Mono,test_scRNA
ATCACTAAGTTACCGG-1_rna,CD14+ Mono,test_scRNA,,CD4+ T activated,test_scATAC
AGTTACATCCTAATGA-1_rna,CD8+ T,test_scRNA,,Naive CD20+ B,test_scRNA
AGATGAAGTTTCCTCC-1_rna,B1 B,test_scRNA,,CD4+ T activated,test_scATAC
ATGCAGGCACTGGCTG-1_rna,CD14+ Mono,test_scRNA,,CD14+ Mono,test_scATAC
GCAAACTTCAAACCGT-1_rna,CD8+ T,test_scRNA,,Erythroblast,test_scRNA
TACCTTAGTATTGGAT-1_rna,Erythroblast,test_scRNA,,CD4+ T naive,test_scATAC
CTGTGTGAGGAAACTG-1_rna,B1 B,test_scRNA,,CD14+ Mono,test_scATAC
ATCCGTGAGCGATAGA-1_rna,CD4+ T activated,test_scRNA,,NK,test_scATAC
GTTTACCGTTGGCCGA-1_rna,CD8+ T,test_scRNA,,Erythroblast,test_scRNA
CCTGATGAGGAACACA-1_rna,CD4+ T activated,test_scRNA,,CD4+ T naive,test_scRNA
CGGACAACAGATTCAT-1_rna,Erythroblast,test_scRNA,,CD4+ T activated,test_scATAC
GGAGGTTAGTGTGATC-1_rna,ILC,test_scRNA,,CD4+ T naive,test_scATAC
TGCTCAACACCACAAC-1_rna,CD8+ T,test_scRNA,,ILC,test_scATAC
TGTTGTAAGCCTTAAA-1_rna,NK,test_scRNA,,Erythroblast,test_scATAC
TACTGGCCATTGTGTG-1_rna,CD4+ T activated,test_scRNA,,Naive CD20+ B,test_scATAC
AATGCATGTAATAGCT-1_rna,NK,test_scRNA,,CD14+ Mono,test_scRNA
TCTGGCTTCTATCGCC-1_rna,CD14+ Mono,test_scRNA,,CD4+ T activated,test_scRNA
ACACTTAAGTGAACAG-1_rna,CD8+ T,test_scRNA,,CD14+ Mono,test_scATAC
ACGAACAAGCATGTTA-1_rna,CD4+ T naive,test_scRNA,,CD14+ Mono,test_scATAC
TTCCTCAAGAGGGACT-1_rna,NK,test_scRNA,,Naive CD20+ B,test_scRNA
TATGTGATCGGGATTT-1_rna,NK,test_scRNA,,Erythroblast,test_scRNA
AAACATGCAAAGCGCA-1_rna,CD4+ T activated,test_scRNA,,CD14+ Mono,test_scATAC
CGCTGTGCAGGCTAAG-1_rna,Normoblast,test_scRNA,,CD14+ Mono,test_scRNA
GCTCAACCATTATGGT-1_rna,CD4+ T naive,test_scRNA,,Erythroblast,test_scRNA
TGCGCGAGTAGGTTTG-1_rna,CD4+ T naive,test_scRNA,,CD4+ T activated,test_scRNA
AAGTCTATCCCGTTAC-1_rna,CD14+ Mono,test_scRNA,,CD8+ T,test_scRNA
TTGTTCCCAGTAATAG-1_rna,Normoblast,test_scRNA,,CD14+ Mono,test_scRNA
ACTTAGTCAAAGCGCA-1_rna,Erythroblast,test_scRNA,,CD8+ T,test_scATAC
CAAACGCGTGAACAAA-1_rna,CD4+ T naive,test_scRNA,,CD8+ T,test_scRNA
CCACTTGGTAAATTGC-1_rna,G/M prog,test_scRNA,,CD14+ Mono,test_scATAC
GCGAAGCCATCACTTC-1_rna,Naive CD20+ B,test_scRNA,,CD4+ T naive,test_scATAC
TTTATGGAGGGTGAAC-1_rna,CD14+ Mono,test_scRNA,,CD4+ T activated,test_scATAC
ACTAACTCAGAACCGA-1_rna,CD4+ T activated,test_scRNA,,Normoblast,test_scRNA
TAGGAGGGTCATAACG-1_rna,CD4+ T naive,test_scRNA,,CD8+ T,test_scRNA
TGATCACAGCAAACCT-1_rna,CD8+ T,test_scRNA,,CD8+ T,test_scATAC
TTCAACCGTGCTTAGA-1_rna,CD4+ T activated,test_scRNA,,Normoblast,test_scATAC
CATCCCAGTCTTGCAT-1_rna,Erythroblast,test_scRNA,,Normoblast,test_scATAC
GGTACTTAGGAGTCGG-1_rna,CD14+ Mono,test_scRNA,,Erythroblast,test_scRNA
ATGTTTGAGTCCTGAG-1_rna,CD14+ Mono,test_scRNA,,CD4+ T naive,test_scATAC
GATAAAGGTATTGGTG-1_rna,CD14+ Mono,test_scRNA,,Erythroblast,test_scATAC
CTCGTTATCACTAAGC-1_rna,Normoblast,test_scRNA,,CD14+ Mono,test_scATAC
CCAACCAAGAAAGGAA-1_rna,CD14+ Mono,test_scRNA,,CD14+ Mono,test_scRNA
CGTGCTTTCCCTGATC-1_rna,B1 B,test_scRNA,,CD8+ T,test_scATAC
GGTGAGTAGGTTTGAC-1_rna,Naive CD20+ B,test_scRNA,,Erythroblast,test_scRNA
CATAGTCAGGATTTGC-1_rna,CD4+ T activated,test_scRNA,,ILC,test_scRNA
TGCTAGCCAGTTTGGC-1_rna,CD4+ T activated,test_scRNA,,B1 B,test_scRNA
GCTCAACCAATTAACC-1_rna,CD4+ T activated,test_scRNA,,CD4+ T naive,test_scATAC
TGAGCTTAGCCAGTAT-1_rna,CD8+ T,test_scRNA,,Erythroblast,test_scRNA
GGAGCAAGTCGCAATA-1_rna,Erythroblast,test_scRNA,,Lymph prog,test_scRNA
AGAGGAACATAAGCAA-1_rna,CD8+ T,test_scRNA,,CD4+ T naive,test_scATAC
ACAAACTGTGTTGCTT-1_rna,CD4+ T activated,test_scRNA,,NK,test_scATAC
CAGTATGGTGGATTGC-1_rna,CD14+ Mono,test_scRNA,,CD8+ T,test_scATAC
TATGGTCAGCTTCCCG-1_rna,CD4+ T activated,test_scRNA,,B1 B,test_scRNA
CGAAGAATCCTGCGAA-1_rna,B1 B,test_scRNA,,CD4+ T activated,test_scATAC
TCGTTACGTACAAAGA-1_rna,Erythroblast,test_scRNA,,CD14+ Mono,test_scATAC
GCAAACTTCTACCTGC-1_rna,CD8+ T,test_scRNA,,Naive CD20+ B,test_scRNA
CTTGCGCGTCAAAGGG-1_rna,Naive CD20+ B,test_scRNA,,CD8+ T,test_scATAC
ATCCTGACAAGCTTAT-1_rna,G/M prog,test_scRNA,,CD4+ T activated,test_scRNA
AAGACAAGTACTGAAT-1_rna,CD4+ T activated,test_scRNA,,Naive CD20+ B,test_scATAC
TAAGTAGCATGCAACC-1_rna,CD8+ T,test_scRNA,,NK,test_scATAC
TCGCATTGTACCGAAC-1_rna,Naive CD20+ B,test_scRNA,,ILC,test_scRNA
CTGAATATCTAACTGA-1_rna,CD4+ T activated,test_scRNA,,Erythroblast,test_scRNA
TGTCAATCAAATGCCC-1_rna,NK,test_scRNA,,CD14+ Mono,test_scATAC
TGGTCATAGGCGCTAC-1_rna,CD8+ T,test_scRNA,,CD4+ T activated,test_scATAC
CCTTAGTGTCCTTCAG-1_rna,CD4+ T activated,test_scRNA,,CD8+ T,test_scATAC
TGTTCCTCAAATGCCC-1_rna,Erythroblast,test_scRNA,,Erythroblast,test_scRNA
GGTATTTCAATATACC-1_rna,Naive CD20+ B,test_scRNA,,CD4+ T naive,test_scATAC
CTGCTCCCATCAATCG-1_rna,CD14+ Mono,test_scRNA,,Erythroblast,test_scRNA
CATGCGCAGCGAGGTG-1_rna,Naive CD20+ B,test_scRNA,,CD16+ Mono,test_scRNA
TATATCCTCCGCATGA-1_rna,NK,test_scRNA,,ID2-hi myeloid prog,test_scRNA
ACACGGACACCAGCAT-1_rna,NK,test_scRNA,,NK,test_scATAC
GGGCGAATCGATATTG-1_rna,B1 B,test_scRNA,,CD14+ Mono,test_scRNA
ACCTGGATCATCCTAT-1_rna,Normoblast,test_scRNA,,CD14+ Mono,test_scATAC
TCCTTGCAGCGTGCAC-1_rna,Erythroblast,test_scRNA,,Naive CD20+ B,test_scRNA
AGGTACGCAATAACGA-1_rna,CD4+ T naive,test_scRNA,,CD8+ T,test_scATAC
TTTCCACCATAGGCGA-1_rna,CD8+ T,test_scRNA,,CD4+ T activated,test_scATAC
TGTGGCCAGGCCGGAA-1_rna,CD14+ Mono,test_scRNA,,CD8+ T,test_scRNA
GGTGAGGTCACACAGT-1_rna,NK,test_scRNA,,Proerythroblast,test_scATAC
CGATTCCTCTTTAAGG-1_rna,CD8+ T,test_scRNA,,CD14+ Mono,test_scATAC
TAAGTGCTCCTAGTCC-1_rna,Normoblast,test_scRNA,,Erythroblast,test_scATAC
CCAAACCCACCTGCCT-1_rna,Naive CD20+ B,test_scRNA,,NK,test_scATAC
AAACCGCGTTACATCC-1_rna,Naive CD20+ B,test_scRNA,,CD14+ Mono,test_scRNA
CTCAATAAGTTGGCCA-1_rna,CD4+ T activated,test_scRNA,,cDC2,test_scATAC
TGCAGGCTCGTTAGTA-1_rna,ILC,test_scRNA,,Normoblast,test_scATAC
GAGCGATAGCAAACCT-1_rna,CD14+ Mono,test_scRNA,,CD14+ Mono,test_scRNA
ATGCGATTCGAGCAAA-1_rna,NK,test_scRNA,,CD4+ T naive,test_scRNA
ACCTTGCTCTTGGACG-1_rna,Naive CD20+ B,test_scRNA,,Naive CD20+ B,test_scRNA
TCAACAATCCCTGTTA-1_rna,CD14+ Mono,test_scRNA,,CD4+ T naive,test_scATAC
ATTCATGAGCTCCTAC-1_rna,CD4+ T naive,test_scRNA,,ID2-hi myeloid prog,test_scRNA
AAGAATCAGTCACGAT-1_rna,NK,test_scRNA,,NK,test_scRNA
GGCAGGATCTCACATT-1_rna,Erythroblast,test_scRNA,,NK,test_scRNA
CTGTAACAGAAGGTGC-1_rna,CD4+ T activated,test_scRNA,,NK,test_scATAC
ATGTTCAAGGACCAGG-1_rna,CD4+ T naive,test_scRNA,,CD8+ T,test_scRNA
CAAGACAAGTCACCAG-1_rna,Naive CD20+ B,test_scRNA,,NK,test_scRNA
TGGCTATAGGCTACAT-1_rna,CD8+ T,test_scRNA,,NK,test_scATAC
CTGGATGTCCTTTACG-1_rna,CD14+ Mono,test_scRNA,,Naive CD20+ B,test_scRNA
AGGGCCTTCGGCCAGT-1_rna,CD8+ T,test_scRNA,,pDC,test_scATAC
GTGTAACTCTAACCTT-1_rna,Normoblast,test_scRNA,,B1 B,test_scATAC
AAGCTTGGTGTGAGGA-1_rna,NK,test_scRNA,,Transitional B,test_scATAC
GTGCGCAGTGAGGTGA-1_rna,Naive CD20+ B,test_scRNA,,CD8+ T,test_scRNA
AGTCTTGCATAGTCAT-1_rna,Erythroblast,test_scRNA,,CD4+ T naive,test_scATAC
CGTGAGGAGGATTGCT-1_rna,CD14+ Mono,test_scRNA,,Normoblast,test_scRNA
GTATGTTCATGTCGCG-1_rna,NK,test_scRNA,,Erythroblast,test_scATAC
TATTCGTTCCCTGTTA-1_rna,Normoblast,test_scRNA,,CD8+ T,test_scATAC
CTAGTTGCAGCATTAT-1_rna,CD14+ Mono,test_scRNA,,Erythroblast,test_scATAC
CTGACCAAGAATCTCA-1_rna,NK,test_scRNA,,CD4+ T activated,test_scATAC
TTGCATTTCCTTAGTT-1_rna,Erythroblast,test_scRNA,,CD4+ T activated,test_scRNA
AGAACCGCATCAATCG-1_rna,CD8+ T,test_scRNA,,CD8+ T,test_scRNA
TGGATTGGTTTGTCTA-1_rna,G/M prog,test_scRNA,,Naive CD20+ B,test_scATAC
TGTGTTAAGAAGGTGC-1_rna,G/M prog,test_scRNA,,CD4+ T naive,test_scRNA
AATCATCCATGAGCAG-1_rna,Normoblast,test_scRNA,,ILC,test_scATAC
CACCAACCACTAGGTC-1_rna,CD14+ Mono,test_scRNA,,CD4+ T activated,test_scRNA
TCTCAATTCCCTCATA-1_rna,Naive CD20+ B,test_scRNA,,CD4+ T activated,test_scRNA
TTAGCCTGTAGTCAAT-1_rna,Erythroblast,test_scRNA,,NK,test_scRNA
TTATGACCAAAGCTCC-1_rna,CD14+ Mono,test_scRNA,,Naive CD20+ B,test_scRNA
AGGTTAGAGGGTGAGT-1_rna,B1 B,test_scRNA,,Naive CD20+ B,test_scRNA
ATTGTGATCCTGATGG-1_rna,CD14+ Mono,test_scRNA,,CD14+ Mono,test_scATAC
ACACGGACAATTTGGT-1_rna,Normoblast,test_scRNA,,Normoblast,test_scATAC
CCTGTATGTCCTAGTT-1_rna,CD8+ T,test_scRNA,,CD14+ Mono,test_scRNA
CCAAATCAGCTATATG-1_rna,Naive CD20+ B,test_scRNA,,CD4+ T activated,test_scATAC
GCATGAGCATAAACCT-1_rna,Normoblast,test_scRNA,,NK,test_scRNA
CCGTTACTCTTGTCCA-1_rna,B1 B,test_scRNA,,CD4+ T naive,test_scRNA
CGGTTTGAGCAAGGAC-1_rna,CD4+ T activated,test_scRNA,,cDC2,test_scATAC
GACATTATCAGCACGC-1_rna,NK,test_scRNA,,CD4+ T activated,test_scATAC
GGAGCATAGCTTAGTA-1_rna,Normoblast,test_scRNA,,Erythroblast,test_scATAC
GATTAGTGTTCCAGGG-1_rna,CD4+ T naive,test_scRNA,,ID2-hi myeloid prog,test_scRNA
GGTATTTCAGGCTTGT-1_rna,CD4+ T activated,test_scRNA,,CD4+ T activated,test_scATAC
AATGCAACATGCTATG-1_rna,Erythroblast,test_scRNA,,CD4+ T naive,test_scATAC
ATGAAGCCAGTAGCCT-1_rna,G/M prog,test_scRNA,,Erythroblast,test_scRNA
TTGCAACAGAGGGACT-1_rna,CD14+ Mono,test_scRNA,,CD4+ T naive,test_scATAC
AATTGACGTGCCTCAC-1_rna,CD4+ T activated,test_scRNA,,CD4+ T activated,test_scATAC
GGTTATGGTCGCATAA-1_rna,Normoblast,test_scRNA,,HSC,test_scATAC
GCCTCGACAGGTATTT-1_rna,CD4+ T activated,test_scRNA,,CD8+ T,test_scATAC
TGAAGGATCATAGACC-1_rna,CD4+ T naive,test_scRNA,,CD14+ Mono,test_scRNA
CTTCACTCAAGACTCC-1_rna,CD14+ Mono,test_scRNA,,CD4+ T naive,test_scATAC
ACCAATATCTGGTCCT-1_rna,CD8+ T,test_scRNA,,Erythroblast,test_scRNA
TGCTATGCAGGACACA-1_rna,CD14+ Mono,test_scRNA,,CD4+ T activated,test_scRNA
TTCACTGTCAGCATTA-1_rna,Normoblast,test_scRNA,,Plasma cell,test_scRNA
CATGGATTCGATAACC-1_rna,CD14+ Mono,test_scRNA,,CD4+ T activated,test_scRNA
CTGCAATAGTAAGTCC-1_rna,CD4+ T activated,test_scRNA,,Normoblast,test_scATAC
GAAGGCTAGGATTGAG-1_rna,Normoblast,test_scRNA,,NK,test_scRNA
GTTCACCTCAGGTTTA-1_rna,CD14+ Mono,test_scRNA,,Normoblast,test_scATAC
ACGCCTAAGGAACGCG-1_rna,NK,test_scRNA,,CD14+ Mono,test_scATAC
GTGTGTTAGTTACCGG-1_rna,CD14+ Mono,test_scRNA,,CD14+ Mono,test_scRNA
CGATCCTTCCTGGTCT-1_rna,CD4+ T naive,test_scRNA,,CD4+ T activated,test_scATAC
GGACAGCCAGCCGCTA-1_rna,Erythroblast,test_scRNA,,CD4+ T naive,test_scRNA
CTGTATTTCAATACGC-1_rna,CD4+ T naive,test_scRNA,,CD14+ Mono,test_scRNA
CTCGACAAGTCCTGAG-1_rna,Erythroblast,test_scRNA,,Erythroblast,test_scRNA
GTATTGTCAGTTTGTG-1_rna,NK,test_scRNA,,B1 B,test_scATAC
TTATGCGCAGGATAAC-1_rna,NK,test_scRNA,,pDC,test_scATAC
CCAGACTCAAGACTCC-1_rna,CD4+ T activated,test_scRNA,,CD4+ T activated,test_scRNA
AGTGCACGTGTTGTGA-1_rna,NK,test_scRNA,,CD4+ T naive,test_scRNA
CCTCAAACAGCTAACC-1_rna,CD4+ T activated,test_scRNA,,CD4+ T activated,test_scRNA
ACTTATCTCATTTGCT-1_rna,CD4+ T activated,test_scRNA,,NK,test_scRNA
ACTCACTGTTAGCATG-1_rna,NK,test_scRNA,,Erythroblast,test_scRNA
GATCGATTCATTAGTG-1_rna,ILC,test_scRNA,,CD4+ T activated,test_scRNA
AATTACCCAGGTTATT-1_rna,CD8+ T,test_scRNA,,CD14+ Mono,test_scRNA
ACCAGCTCATGTTTGG-1_rna,Normoblast,test_scRNA,,NK,test_scATAC
TGCTAACAGTACTGGT-1_rna,CD4+ T activated,test_scRNA,,CD4+ T activated,test_scRNA
GAGGTGAGTTTATGGG-1_rna,CD4+ T activated,test_scRNA,,CD14+ Mono,test_scATAC
AGTAATCGTTCATTTG-1_rna,CD4+ T activated,test_scRNA,,CD4+ T naive,test_scRNA
AGAAACTAGCGGATAA-1_rna,CD4+ T naive,test_scRNA,,Normoblast,test_scATAC
GGTGTGACAGCACGTT-1_rna,CD8+ T,test_scRNA,,CD4+ T activated,test_scATAC
CACTAAGGTAATGGAA-1_rna,NK,test_scRNA,,Transitional B,test_scRNA
GCAATGAAGTTTGCGG-1_rna,Erythroblast,test_scRNA,,NK,test_scRNA
CCCATAACAGACAAAC-1_rna,CD14+ Mono,test_scRNA,,CD8+ T,test_scRNA
CCTCAGTTCTAACCAA-1_rna,Normoblast,test_scRNA,,CD8+ T,test_scATAC
CGGTTCCGTAGGTGTC-1_rna,Erythroblast,test_scRNA,,CD4+ T naive,test_scATAC
TTTCTCACACAGAAAC-1_rna,CD14+ Mono,test_scRNA,,NK,test_scRNA
AATTACCCAAGTAAGC-1_rna,CD14+ Mono,test_scRNA,,CD8+ T,test_scATAC
CGATATTCACCTGGTG-1_rna,CD4+ T activated,test_scRNA,,CD14+ Mono,test_scATAC
ACCAAGTTCCAGCACA-1_rna,Erythroblast,test_scRNA,,CD14+ Mono,test_scRNA
AGACCCGGTATTGGAT-1_rna,CD4+ T naive,test_scRNA,,NK,test_scATAC
GCAAACCGTCGTTACT-1_rna,B1 B,test_scRNA,,CD14+ Mono,test_scRNA
GCCTTAGAGCCAGTAT-1_rna,CD8+ T,test_scRNA,,CD8+ T,test_scATAC
GACGTAAAGCCTGGTA-1_rna,NK,test_scRNA,,CD8+ T,test_scRNA
GCTGGATGTGCGCATG-1_rna,Erythroblast,test_scRNA,,NK,test_scRNA
GCACTAAGTGAATCGC-1_rna,CD4+ T activated,test_scRNA,,CD8+ T,test_scATAC
ACTTGTAAGTTTGAGC-1_rna,Erythroblast,test_scRNA,,NK,test_scATAC
TCTGGCTTCGCTCCAT-1_rna,CD4+ T activated,test_scRNA,,CD4+ T activated,test_scATAC
CAGGAAGGTTTCCTCC-1_rna,Normoblast,test_scRNA,,NK,test_scRNA
CCTGATGAGCAAACCT-1_rna,Erythroblast,test_scRNA,,CD8+ T,test_scRNA
TCAAGGAAGGGACTAA-1_rna,CD8+ T,test_scRNA,,CD8+ T,test_scATAC
GTGAGCGAGGGACTAA-1_rna,CD4+ T activated,test_scRNA,,CD14+ Mono,test_scRNA
TTAGCCTGTGATTACG-1_rna,CD4+ T activated,test_scRNA,,CD8+ T,test_scRNA
TACTGGCCAGCTTACA-1_rna,CD8+ T,test_scRNA,,CD14+ Mono,test_scRNA
AAGCGAATCTCGCCTG-1_rna,CD8+ T,test_scRNA,,Erythroblast,test_scATAC
TGGCTATAGGCCCAGT-1_rna,CD4+ T activated,test_scRNA,,MK/E prog,test_scRNA
CCGATGCAGCACGTTG-1_rna,CD8+ T,test_scRNA,,ILC,test_scRNA
AGTAGGATCACCTGTC-1_rna,CD4+ T activated,test_scRNA,,CD8+ T,test_scATAC
CATTGTAAGTTAGTGC-1_rna,CD4+ T naive,test_scRNA,,B1 B,test_scATAC
GCCTTACTCAAAGGCA-1_rna,CD4+ T activated,test_scRNA,,CD8+ T,test_scATAC
AGAAACCCATTAAAGG-1_rna,CD4+ T activated,test_scRNA,,B1 B,test_scATAC
ACTAAAGCAAACATAG-1_rna,CD4+ T naive,test_scRNA,,NK,test_scRNA
ACCAATATCTCACATT-1_rna,B1 B,test_scRNA,,CD4+ T naive,test_scATAC
GGGAATATCCAATTAG-1_rna,G/M prog,test_scRNA,,CD8+ T,test_scATAC
GTGCTGGGTTAGTACG-1_rna,Naive CD20+ B,test_scRNA,,CD14+ Mono,test_scRNA
TCACGGATCTGGTCCT-1_rna,Erythroblast,test_scRNA,,B1 B,test_scATAC
CCCTGTTAGCTTTGTT-1_rna,CD8+ T,test_scRNA,,B1 B,test_scATAC
GCATATATCTAACCTT-1_rna,CD8+ T,test_scRNA,,CD8+ T,test_scATAC
GCCCATAAGTCCTTCA-1_rna,B1 B,test_scRNA,,Erythroblast,test_scRNA
GTCTATCGTGTCCAGG-1_rna,CD8+ T,test_scRNA,,CD8+ T,test_scATAC
CAAACCGTCACTTCAT-1_rna,NK,test_scRNA,,CD4+ T naive,test_scRNA
GTGTGCGGTCATCAAG-1_rna,CD8+ T,test_scRNA,,CD14+ Mono,test_scRNA
ATTAGCTCATGAATCT-1_rna,Erythroblast,test_scRNA,,CD14+ Mono,test_scATAC
CTGGTTTGTGCCTCAC-1_rna,CD14+ Mono,test_scRNA,,CD14+ Mono,test_scATAC
GTGCTCCGTGACATGC-1_rna,CD4+ T activated,test_scRNA,,Naive CD20+ B,test_scRNA
GGAAACTCACTATGGC-1_rna,NK,test_scRNA,,Normoblast,test_scATAC
AAGCTTGGTTACTTGC-1_rna,CD4+ T activated,test_scRNA,,Normoblast,test_scRNA
CGTTGCAAGGAAGTAT-1_rna,G/M prog,test_scRNA,,CD14+ Mono,test_scRNA
TGGCCTGCACGAATCC-1_rna,B1 B,test_scRNA,,CD14+ Mono,test_scATAC
AGAGAAGCAGCAAGTG-1_rna,CD14+ Mono,test_scRNA,,CD4+ T activated,test_scATAC
GACCGAACATGCTTAG-1_rna,Erythroblast,test_scRNA,,CD4+ T activated,test_scATAC
TCACATAAGGCCTTAG-1_rna,CD8+ T,test_scRNA,,CD4+ T activated,test_scRNA
TCCTTCAAGGTCTTGG-1_rna,CD4+ T activated,test_scRNA,,CD4+ T naive,test_scRNA
AGGTACGCAATATAGG-1_rna,Normoblast,test_scRNA,,CD14+ Mono,test_scATAC
GCTAACAGTGGGTACT-1_rna,Normoblast,test_scRNA,,Erythroblast,test_scRNA
CGAACCGGTTTGAGCA-1_rna,NK,test_scRNA,,CD8+ T,test_scATAC
TCGTTAGCACGGTACT-1_rna,Erythroblast,test_scRNA,,Plasma cell,test_scRNA
AACAAGCCATCCCTCA-1_rna,CD4+ T activated,test_scRNA,,CD8+ T,test_scATAC
TCTTGACGTTACTTCA-1_rna,CD8+ T,test_scRNA,,CD4+ T naive,test_scATAC
TGTGCGGGTCACGAAC-1_rna,CD8+ T,test_scRNA,,CD14+ Mono,test_scRNA
GGTCAGGAGGATAAAC-1_rna,CD14+ Mono,test_scRNA,,B1 B,test_scATAC
ATCGCCCGTGTCACGG-1_rna,Erythroblast,test_scRNA,,Erythroblast,test_scRNA
CTGCTATGTTAGGCTA-1_rna,CD4+ T naive,test_scRNA,,CD4+ T activated,test_scRNA
CGTGACATCCTTAAGA-1_rna,B1 B,test_scRNA,,Proerythroblast,test_scATAC
CGTCCTAGTTGCAATG-1_rna,Erythroblast,test_scRNA,,Erythroblast,test_scATAC
TTGGGCGGTTCGCTCA-1_rna,CD14+ Mono,test_scRNA,,Erythroblast,test_scATAC
TGGTCATAGCTATATG-1_rna,CD8+ T,test_scRNA,,Normoblast,test_scRNA
CAACAATGTGCTCCGT-1_rna,CD8+ T,test_scRNA,,Naive CD20+ B,test_scATAC
TGCCGGTAGTTTAACG-1_rna,CD14+ Mono,test_scRNA,,Naive CD20+ B,test_scATAC
GGTCATTAGAGGGACT-1_rna,CD14+ Mono,test_scRNA,,CD4+ T naive,test_scATAC
GCACGGTTCAGCACGC-1_rna,Naive CD20+ B,test_scRNA,,CD4+ T activated,test_scATAC
TATCCAGCAATAGTCT-1_rna,Naive CD20+ B,test_scRNA,,Naive CD20+ B,test_scRNA
CAATGTCAGGCCAATT-1_rna,Naive CD20+ B,test_scRNA,,ID2-hi myeloid prog,test_scRNA
CTTATGTTCAGCAAGA-1_rna,Normoblast,test_scRNA,,CD14+ Mono,test_scRNA
CTGATCACAGTAAAGC-1_rna,CD8+ T,test_scRNA,,Naive CD20+ B,test_scATAC
TTAGCTGCATCTTGAG-1_rna,CD4+ T activated,test_scRNA,,CD14+ Mono,test_scRNA
TTGTGTGCAAGGTCGA-1_rna,Erythroblast,test_scRNA,,Proerythroblast,test_scATAC
CCTCCTCTCCTCCATA-1_rna,CD8+ T,test_scRNA,,Erythroblast,test_scRNA
TCCTGTTCATTATGAC-1_rna,NK,test_scRNA,,CD4+ T naive,test_scRNA
GATGGACAGCAGCTCA-1_rna,Erythroblast,test_scRNA,,CD4+ T activated,test_scATAC
AAATCCGGTGACATAT-1_rna,Normoblast,test_scRNA,,CD4+ T activated,test_scATAC
AGGTATTGTAAATTGC-1_rna,G/M prog,test_scRNA,,CD4+ T activated,test_scRNA
GCAAACAAGGACCTCA-1_rna,Naive CD20+ B,test_scRNA,,CD4+ T naive,test_scATAC
AGGCTAGCACTGGCTG-1_rna,CD4+ T activated,test_scRNA,,G/M prog,test_scATAC
ATCACCCTCACGCCAA-1_rna,Naive CD20+ B,test_scRNA,,CD8+ T,test_scRNA
CTTGTTCCATCATGTG-1_rna,NK,test_scRNA,,CD14+ Mono,test_scATAC
TGAGGGAGTGTTTGCT-1_rna,NK,test_scRNA,,Normoblast,test_scATAC
ATTTAGCCAACTGGGA-1_rna,CD14+ Mono,test_scRNA,,CD8+ T,test_scRNA
GTTACTCGTTAACGAT-1_rna,CD8+ T,test_scRNA,,CD14+ Mono,test_scRNA
GCGGGTTTCATAATCG-1_rna,NK,test_scRNA,,CD4+ T naive,test_scATAC
GGTGCTGGTTTACGTC-1_rna,CD4+ T activated,test_scRNA,,Erythroblast,test_scATAC
GGTCTTTGTCCAAGAC-1_rna,NK,test_scRNA,,NK,test_scATAC
TTGCTCTCAGCAACAG-1_rna,CD4+ T naive,test_scRNA,,CD14+ Mono,test_scRNA
TGCCTGTTCGTCCTTA-1_rna,Erythroblast,test_scRNA,,CD4+ T naive,test_scATAC
TTTAACGAGCTATATG-1_rna,CD8+ T,test_scRNA,,Erythroblast,test_scATAC
CTACCGGCAAGGTAAC-1_rna,CD4+ T naive,test_scRNA,,Erythroblast,test_scRNA
TTGTGTGCACGTAAGG-1_rna,CD4+ T activated,test_scRNA,,B1 B,test_scATAC
TGTAAGCTCTACTAAG-1_rna,Erythroblast,test_scRNA,,CD4+ T naive,test_scATAC
AACTAGCTCTTGCAAA-1_rna,CD4+ T naive,test_scRNA,,Erythroblast,test_scATAC
ATGTCATCAACCGCCA-1_rna,CD14+ Mono,test_scRNA,,NK,test_scRNA
GAGGTACAGCTGGACC-1_rna,NK,test_scRNA,,Erythroblast,test_scRNA
ATGGCCCAGGCGCATC-1_rna,CD4+ T activated,test_scRNA,,CD4+ T activated,test_scATAC
CTATGTTTCATTAGGC-1_rna,Erythroblast,test_scRNA,,CD14+ Mono,test_scRNA
TTGCAATCAATAGCAA-1_rna,CD8+ T,test_scRNA,,CD8+ T,test_scRNA
AAGAACAGTAGGATCC-1_rna,ILC,test_scRNA,,Transitional B,test_scATAC
AGGTCTTAGTGGCGGA-1_rna,Normoblast,test_scRNA,,CD4+ T naive,test_scRNA
GATTGTTCATCCGTAA-1_rna,NK,test_scRNA,,CD4+ T activated,test_scRNA
TCCTCTAAGTTGTCAA-1_rna,Normoblast,test_scRNA,,CD8+ T,test_scRNA
GACCGTTCAAGCCACT-1_rna,NK,test_scRNA,,NK,test_scATAC
AAGAATCAGTTAGTTG-1_rna,CD14+ Mono,test_scRNA,,Erythroblast,test_scRNA
ATTCATGAGTCAATCA-1_rna,Erythroblast,test_scRNA,,CD14+ Mono,test_scATAC
GAAACTGAGGCGAAAC-1_rna,CD4+ T activated,test_scRNA,,Normoblast,test_scATAC
TAGTTGTCACCTGCTC-1_rna,Erythroblast,test_scRNA,,Normoblast,test_scATAC
ACCCAGGGTAGTCAAT-1_rna,CD4+ T naive,test_scRNA,,CD14+ Mono,test_scATAC
AGGTCATTCTGGCAAT-1_rna,Erythroblast,test_scRNA,,Erythroblast,test_scRNA
TCACCTGGTTGACTTC-1_rna,Normoblast,test_scRNA,,CD4+ T naive,test_scATAC
CGATATTCACCTGCTC-1_rna,CD14+ Mono,test_scRNA,,CD8+ T,test_scATAC
CGCACAATCAATCTCT-1_rna,CD14+ Mono,test_scRNA,,Naive CD20+ B,test_scATAC
CAATCCCTCATGACCG-1_rna,Naive CD20+ B,test_scRNA,,Erythroblast,test_scATAC
GTGTGTTAGTATTGCA-1_rna,Normoblast,test_scRNA,,CD4+ T naive,test_scRNA
TGGACTAGTTACATCC-1_rna,CD4+ T activated,test_scRNA,,Normoblast,test_scATAC
CCTGTTGGTGTCCAAA-1_rna,CD4+ T activated,test_scRNA,,Erythroblast,test_scRNA
GATGACTTCAAGTGTC-1_rna,NK,test_scRNA,,CD14+ Mono,test_scRNA
GGTTTCTGTTGAGCCG-1_rna,Erythroblast,test_scRNA,,ILC,test_scATAC
CTAGCTTGTCTCAGCC-1_rna,NK,test_scRNA,,CD14+ Mono,test_scATAC
TGCTCCGTCATCCTGC-1_rna,Normoblast,test_scRNA,,CD14+ Mono,test_scRNA
TCGTTACGTAATAGCT-1_rna,CD14+ Mono,test_scRNA,,Transitional B,test_scRNA
GTCATCCTCACGAATC-1_rna,CD14+ Mono,test_scRNA,,ID2-hi myeloid prog,test_scATAC
AGTAGCTTCACTAAGC-1_rna,CD4+ T naive,test_scRNA,,CD14+ Mono,test_scRNA
TCCATATTCCAGGGAG-1_rna,NK,test_scRNA,,Erythroblast,test_scATAC
CGCCACACACAGGAAT-1_rna,CD8+ T,test_scRNA,,G/M prog,test_scRNA
CGTAGCGGTCCTTTAA-1_rna,G/M prog,test_scRNA,,CD8+ T,test_scATAC
GGTTGCATCGGGATTT-1_rna,Normoblast,test_scRNA,,CD8+ T,test_scRNA
GATCGATTCAAGGACA-1_rna,ILC,test_scRNA,,ID2-hi myeloid prog,test_scATAC
AAATGCCTCCCTGATC-1_rna,CD4+ T activated,test_scRNA,,B1 B,test_scRNA
TCACCGGCAAATTCGT-1_rna,CD4+ T activated,test_scRNA,,NK,test_scATAC
CGGTTATAGTAACTCA-1_rna,NK,test_scRNA,,Lymph prog,test_scATAC
TGCGGTTCAATTGCGC-1_rna,NK,test_scRNA,,CD4+ T activated,test_scRNA
ACCCGTAAGTCCTGAG-1_rna,Erythroblast,test_scRNA,,CD4+ T activated,test_scATAC
CTTCACTCACAACAAA-1_rna,Erythroblast,test_scRNA,,Erythroblast,test_scRNA
TCGGTTACAGTCTATG-1_rna,G/M prog,test_scRNA,,CD14+ Mono,test_scATAC
GTTGCTGAGACTAAGG-1_rna,CD14+ Mono,test_scRNA,,CD4+ T activated,test_scRNA
ACCATAATCGCACACA-1_rna,G/M prog,test_scRNA,,Erythroblast,test_scRNA
GCGGAACCACACCAAC-1_rna,B1 B,test_scRNA,,CD4+ T naive,test_scATAC
CGGAGCAAGGAGGTTA-1_rna,CD8+ T,test_scRNA,,Erythroblast,test_scRNA
CCCAATTGTAACCACA-1_rna,B1 B,test_scRNA,,CD14+ Mono,test_scATAC
TTGGGCGGTAACTACG-1_rna,CD4+ T activated,test_scRNA,,NK,test_scATAC
CGCGGATTCTCAATTC-1_rna,CD4+ T activated,test_scRNA,,CD14+ Mono,test_scATAC
AGGTACGCACTAGCGT-1_rna,CD4+ T activated,test_scRNA,,Erythroblast,test_scATAC
AAACCGCGTGCTCCGT-1_rna,Naive CD20+ B,test_scRNA,,Naive CD20+ B,test_scATAC
GCTTTGTGTTGAAGCC-1_rna,G/M prog,test_scRNA,,CD8+ T,test_scATAC
CGAGGAAGTTGGTGAC-1_rna,ILC,test_scRNA,,pDC,test_scRNA
TCCTGGTTCCTAAGAC-1_rna,CD14+ Mono,test_scRNA,,NK,test_scRNA
CTTTGGTGTAAGCTTG-1_rna,NK,test_scRNA,,CD8+ T,test_scATAC
TGTCAATCAGGGAGGA-1_rna,NK,test_scRNA,,CD8+ T,test_scRNA
CACTAAGGTTTGAGGC-1_rna,ILC,test_scRNA,,CD14+ Mono,test_scATAC
GATCGCTCAAACTAAG-1_rna,Erythroblast,test_scRNA,,Erythroblast,test_scATAC
GCAATCTAGGAATAAC-1_rna,Erythroblast,test_scRNA,,CD4+ T activated,test_scRNA
TGCTTGCTCCCGAACA-1_rna,Erythroblast,test_scRNA,,NK,test_scRNA
AGGCTAAAGGCTTAAC-1_rna,Naive CD20+ B,test_scRNA,,CD8+ T,test_scRNA
ATATGGTGTGTTTGTC-1_rna,CD14+ Mono,test_scRNA,,Erythroblast,test_scATAC
CAATGACTCCTGAGTG-1_rna,CD4+ T activated,test_scRNA,,B1 B,test_scRNA
ATGTCATCACCAACCG-1_rna,CD14+ Mono,test_scRNA,,Erythroblast,test_scRNA
GATTACTCACTTCATC-1_rna,CD8+ T,test_scRNA,,CD8+ T,test_scATAC
TTTGACCGTTAATGCG-1_rna,CD4+ T activated,test_scRNA,,CD8+ T,test_scRNA
TCATGCCTCTTAGTCT-1_rna,NK,test_scRNA,,CD4+ T activated,test_scATAC
AAGTTACGTTGACTTC-1_rna,CD14+ Mono,test_scRNA,,CD8+ T,test_scRNA
GTCTAATCATTTAAGC-1_rna,CD14+ Mono,test_scRNA,,Erythroblast,test_scATAC
TAGTTGTCAGGGAGCT-1_rna,CD4+ T activated,test_scRNA,,Proerythroblast,test_scRNA
CGTCAATAGTAACTCA-1_rna,NK,test_scRNA,,Normoblast,test_scRNA
TTGAGCTAGTTCCCAC-1_rna,Normoblast,test_scRNA,,CD14+ Mono,test_scATAC
CCTGTTGGTTGGTTCT-1_rna,NK,test_scRNA,,CD4+ T activated,test_scRNA
GCGGTTGGTAGGTTTG-1_rna,CD4+ T activated,test_scRNA,,NK,test_scATAC
AAGGATCCAAACTAAG-1_rna,CD14+ Mono,test_scRNA,,NK,test_scATAC
GCTGCAATCGTCCTTA-1_rna,G/M prog,test_scRNA,,Plasma cell,test_scATAC
AAAGCACCACACTAAT-1_rna,NK,test_scRNA,,CD4+ T naive,test_scRNA
CGCCAAATCTTTGAGA-1_rna,CD14+ Mono,test_scRNA,,CD14+ Mono,test_scRNA
GGTGAGGTCGTTCACC-1_rna,Erythroblast,test_scRNA,,NK,test_scRNA
CTTAGGAGTAATAGCT-1_rna,NK,test_scRNA,,cDC2,test_scATAC
ATCCTCATCAAAGGCA-1_rna,CD4+ T activated,test_scRNA,,CD4+ T activated,test_scATAC
GACCGAACATGAATAG-1_rna,CD14+ Mono,test_scRNA,,Erythroblast,test_scRNA
CTCCGTCCAACCGCCA-1_rna,CD14+ Mono,test_scRNA,,ILC,test_scATAC
TCGATTAAGCGAAGTA-1_rna,Erythroblast,test_scRNA,,NK,test_scATAC
GGAACCTGTTAAGCCA-1_rna,CD14+ Mono,test_scRNA,,Erythroblast,test_scATAC
TGCTCTCAGCTGTACG-1_rna,Naive CD20+ B,test_scRNA,,NK,test_scATAC
AACAGCAAGCAGGTTT-1_rna,Normoblast,test_scRNA,,cDC2,test_scATAC
GCTAGTGTCGTTAGCG-1_rna,Erythroblast,test_scRNA,,CD14+ Mono,test_scRNA
GACCTTTGTAAACAAG-1_rna,CD8+ T,test_scRNA,,Erythroblast,test_scATAC
TATCACGCACATTAAC-1_rna,CD14+ Mono,test_scRNA,,Proerythroblast,test_scATAC
GGCCTCTGTACTAAAC-1_rna,CD14+ Mono,test_scRNA,,G/M prog,test_scATAC
CAAACTGGTTAAGCGC-1_rna,CD8+ T,test_scRNA,,Erythroblast,test_scATAC
CTGTTGGAGAACCTAC-1_rna,NK,test_scRNA,,CD8+ T,test_scRNA
ACCGCAATCAATGAGG-1_rna,NK,test_scRNA,,Normoblast,test_scRNA
GTAGTTTCAGACAAAC-1_rna,CD14+ Mono,test_scRNA,,NK,test_scATAC
ATAATGGCATTGACAT-1_rna,CD14+ Mono,test_scRNA,,NK,test_scATAC
GCTAGTGTCTTGAGGT-1_rna,NK,test_scRNA,,Erythroblast,test_scRNA
TATGGCCCATAAGTCT-1_rna,Naive CD20+ B,test_scRNA,,CD4+ T naive,test_scATAC
ATGAATGCAAGGTGCA-1_rna,CD14+ Mono,test_scRNA,,Erythroblast,test_scATAC
AACCTTGCAGAAATGC-1_rna,CD4+ T activated,test_scRNA,,Naive CD20+ B,test_scATAC
GCTGAGGAGTCATGCG-1_rna,CD8+ T,test_scRNA,,Erythroblast,test_scATAC
GCCTTAGAGGCTGTCA-1_rna,CD4+ T naive,test_scRNA,,CD8+ T,test_scATAC
GTCGCAATCAAGCGCC-1_rna,CD14+ Mono,test_scRNA,,CD8+ T,test_scATAC
GCTCGATCACTGGCTG-1_rna,CD8+ T,test_scRNA,,CD14+ Mono,test_scATAC
ATTGGCTAGTAACTCA-1_rna,Normoblast,test_scRNA,,CD8+ T,test_scRNA
AAGCTAGAGTAAAGGT-1_rna,CD4+ T activated,test_scRNA,,Normoblast,test_scRNA
TAGCGGCTCGTTAACA-1_rna,CD8+ T,test_scRNA,,CD14+ Mono,test_scATAC
CGCTATGAGCTTCCCG-1_rna,ILC,test_scRNA,,NK,test_scRNA
ACTTCGCTCTAATCCT-1_rna,CD14+ Mono,test_scRNA,,CD14+ Mono,test_scATAC
GCTTAACAGCACTAAC-1_rna,CD14+ Mono,test_scRNA,,Erythroblast,test_scRNA
ACCGAAGCAGCGCTTG-1_rna,CD14+ Mono,test_scRNA,,Naive CD20+ B,test_scATAC
CGCATATAGCAACAAG-1_rna,CD4+ T naive,test_scRNA,,CD4+ T naive,test_scATAC
GTCTATCGTTGAGCCG-1_rna,CD14+ Mono,test_scRNA,,CD14+ Mono,test_scRNA
GTGAACAAGTGCACGC-1_rna,Erythroblast,test_scRNA,,CD14+ Mono,test_scATAC
CATAGACTCAGGTTTA-1_rna,CD4+ T activated,test_scRNA,,CD14+ Mono,test_scATAC
ACCAGCTCAAGGTCGA-1_rna,Naive CD20+ B,test_scRNA,,Naive CD20+ B,test_scATAC
CGGTTCCGTGACATAT-1_rna,Erythroblast,test_scRNA,,CD4+ T activated,test_scRNA
AATTTGCCATGCTTAG-1_rna,CD8+ T,test_scRNA,,CD14+ Mono,test_scATAC
GAGGCAAGTGCATCGG-1_rna,CD14+ Mono,test_scRNA,,CD4+ T activated,test_scRNA
AAGAACAGTAGCCTCC-1_rna,CD14+ Mono,test_scRNA,,CD4+ T naive,test_scATAC
GATGGACAGCTGTAAC-1_rna,NK,test_scRNA,,Naive CD20+ B,test_scATAC
TTTCTTGCAGTATGTT-1_rna,CD4+ T activated,test_scRNA,,Normoblast,test_scRNA
TTTATGGAGAAGGTGC-1_rna,CD14+ Mono,test_scRNA,,Erythroblast,test_scATAC
CCTGGTAAGGCGCTTA-1_rna,CD8+ T,test_scRNA,,CD14+ Mono,test_scRNA
AGTCTTGCAGAGGGAG-1_rna,Naive CD20+ B,test_scRNA,,CD4+ T naive,test_scATAC
GCGGAACCAACTCGCG-1_rna,CD4+ T activated,test_scRNA,,CD4+ T activated,test_scATAC
GTTTAACCACATGCTA-1_rna,Naive CD20+ B,test_scRNA,,CD8+ T,test_scATAC
CAAGAACCAGTCTAAT-1_rna,CD8+ T,test_scRNA,,CD4+ T activated,test_scATAC
GGTCAAGCATCACTTC-1_rna,CD4+ T activated,test_scRNA,,CD4+ T naive,test_scRNA
TTGCAGCCATCCTGAA-1_rna,CD4+ T naive,test_scRNA,,B1 B,test_scATAC
GAAGCTAAGCTATTAG-1_rna,NK,test_scRNA,,Proerythroblast,test_scATAC
GAGTGAGGTGCGCGTA-1_rna,CD14+ Mono,test_scRNA,,CD4+ T naive,test_scATAC
TTGCAGCCAGCCAGAA-1_rna,CD4+ T naive,test_scRNA,,Transitional B,test_scATAC
AACGACAAGTAGCGGG-1_rna,NK,test_scRNA,,Erythroblast,test_scRNA
TTAGGCGTCTAGCGAT-1_rna,Erythroblast,test_scRNA,,CD4+ T naive,test_scRNA
CTTATTGGTAGGTTGC-1_rna,CD4+ T activated,test_scRNA,,NK,test_scRNA
AGAGAAGCAAACTGTT-1_rna,CD4+ T activated,test_scRNA,,Normoblast,test_scATAC
TACCTTTAGCGCAATT-1_rna,CD8+ T,test_scRNA,,Lymph prog,test_scRNA
TGATGATGTCGCGCAA-1_rna,Normoblast,test_scRNA,,CD4+ T naive,test_scRNA
TGTTAGCAGCAAGGAC-1_rna,G/M prog,test_scRNA,,CD4+ T activated,test_scRNA
TAGCATATCCTAGTAA-1_rna,CD4+ T activated,test_scRNA,,CD4+ T naive,test_scRNA
AATTTGCCATCAGTAT-1_rna,Erythroblast,test_scRNA,,Naive CD20+ B,test_scATAC
CATAGGTTCTAACCTT-1_rna,CD8+ T,test_scRNA,,CD4+ T activated,test_scATAC
TTAGCCTGTCACTCGC-1_rna,CD14+ Mono,test_scRNA,,CD4+ T naive,test_scATAC
ACTCACCTCACCTGTC-1_rna,CD4+ T naive,test_scRNA,,CD4+ T activated,test_scATAC
TCTTTGTAGGACCAGG-1_rna,CD14+ Mono,test_scRNA,,CD4+ T naive,test_scATAC
CGTAACCCAAAGCTCC-1_rna,CD4+ T naive,test_scRNA,,CD8+ T,test_scATAC
CAGGACACAACACCTA-1_rna,NK,test_scRNA,,CD4+ T activated,test_scRNA
CAATAGCTCCCGCATT-1_rna,NK,test_scRNA,,CD4+ T naive,test_scATAC
AATACCGGTGATGAAA-1_rna,CD4+ T activated,test_scRNA,,G/M prog,test_scRNA
CTCATGCTCAAGTGAG-1_rna,Erythroblast,test_scRNA,,CD8+ T,test_scRNA
GCGGGTTTCAAGTGAG-1_rna,CD14+ Mono,test_scRNA,,CD8+ T,test_scRNA
CTTCAAGCAGCTTAAT-1_rna,B1 B,test_scRNA,,Normoblast,test_scATAC
GGTTTCTGTAGTAAGA-1_rna,CD4+ T naive,test_scRNA,,Naive CD20+ B,test_scRNA
ATCACTAAGTTAGTTG-1_rna,CD4+ T activated,test_scRNA,,CD4+ T activated,test_scRNA
CTTAGGAGTTGAGGTC-1_rna,CD14+ Mono,test_scRNA,,CD4+ T activated,test_scATAC
GCCTGAGGTGATGAGG-1_rna,CD8+ T,test_scRNA,,NK,test_scRNA
GTACACCCAATATACC-1_rna,CD8+ T,test_scRNA,,CD8+ T,test_scRNA
TCTCCTCGTTCAAGAT-1_rna,CD8+ T,test_scRNA,,CD14+ Mono,test_scATAC
GCACGGTTCCAGGTCA-1_rna,G/M prog,test_scRNA,,Erythroblast,test_scATAC
CTGTTTAGTTTGAGGC-1_rna,NK,test_scRNA,,Erythroblast,test_scRNA
GTGATGAAGGTCCGTA-1_rna,NK,test_scRNA,,CD8+ T,test_scATAC
GCGAGTGAGCTAATTG-1_rna,Naive CD20+ B,test_scRNA,,Erythroblast,test_scRNA
AAGACAAGTTTGGCGG-1_rna,Normoblast,test_scRNA,,CD8+ T,test_scATAC
CCTATTGTCTAACCTT-1_rna,NK,test_scRNA,,Normoblast,test_scATAC
CTCGCTCCAAACTAAG-1_rna,CD14+ Mono,test_scRNA,,Transitional B,test_scRNA
TGCACTTGTCCTTTAA-1_rna,Erythroblast,test_scRNA,,CD14+ Mono,test_scRNA
ACGAAGTCAGGGAGGA-1_rna,Naive CD20+ B,test_scRNA,,ID2-hi myeloid prog,test_scRNA
GATTGCGTCATTAGTG-1_rna,Normoblast,test_scRNA,,Normoblast,test_scATAC
CCCTCATAGTAAAGGT-1_rna,Erythroblast,test_scRNA,,pDC,test_scRNA
TCCGGAATCTTGCATT-1_rna,Erythroblast,test_scRNA,,Naive CD20+ B,test_scRNA
GCGATTTAGCTAATCA-1_rna,Normoblast,test_scRNA,,CD14+ Mono,test_scRNA
TGGATTCAGCGCCTAA-1_rna,CD14+ Mono,test_scRNA,,CD4+ T activated,test_scATAC
TGAGGCACAATTATGC-1_rna,Erythroblast,test_scRNA,,Lymph prog,test_scATAC
CAACTAGGTTTGGCTT-1_rna,CD14+ Mono,test_scRNA,,CD14+ Mono,test_scATAC
TATCACGCAACTAGCC-1_rna,CD8+ T,test_scRNA,,CD4+ T naive,test_scATAC
TAGCTAATCATGAGCT-1_rna,CD14+ Mono,test_scRNA,,Erythroblast,test_scRNA
GCACGCTAGCCGCAGT-1_rna,CD14+ Mono,test_scRNA,,CD8+ T,test_scATAC
GGCTCACAGGTGTCCA-1_rna,CD8+ T,test_scRNA,,Erythroblast,test_scATAC
CCTCAAACACAATTAC-1_rna,CD14+ Mono,test_scRNA,,CD4+ T naive,test_scATAC
TCCCTCACACCAGGTT-1_rna,CD14+ Mono,test_scRNA,,Naive CD20+ B,test_scRNA
CTTATGTTCTTGTCTG-1_rna,Erythroblast,test_scRNA,,Erythroblast,test_scRNA
CTCACTCAGGGTGGAT-1_rna,Normoblast,test_scRNA,,CD4+ T activated,test_scRNA
TTGTTGCGTGGATTAT-1_rna,G/M prog,test_scRNA,,CD8+ T,test_scRNA
GTGCATTAGCACTAGT-1_rna,NK,test_scRNA,,CD4+ T activated,test_scRNA
AATCTCAAGCTTCCCG-1_rna,Erythroblast,test_scRNA,,CD4+ T activated,test_scRNA
CAGCTAAGTGCCGCAA-1_rna,CD4+ T activated,test_scRNA,,Lymph prog,test_scRNA
AGTATAGCAAACTAAG-1_rna,CD4+ T naive,test_scRNA,,CD14+ Mono,test_scATAC
TTTGGTGCAGGCTTCG-1_rna,Normoblast,test_scRNA,,CD14+ Mono,test_scATAC
CATTATGAGGGATGCG-1_rna,CD4+ T activated,test_scRNA,,CD4+ T activated,test_scRNA
GTTTGTAAGTGATTCA-1_rna,G/M prog,test_scRNA,,CD8+ T,test_scRNA
TGTAAGCTCATTGCAA-1_rna,Erythroblast,test_scRNA,,ILC,test_scRNA
ATATGCATCCCTGTTA-1_rna,CD14+ Mono,test_scRNA,,MK/E prog,test_scATAC
TGACCTTGTCCTTTAA-1_rna,CD8+ T,test_scRNA,,CD8+ T,test_scRNA
TTCCTTGAGTATCGCG-1_rna,NK,test_scRNA,,NK,test_scATAC
ATCCATAAGAGAAGGG-1_rna,CD14+ Mono,test_scRNA,,Erythroblast,test_scATAC
GGCTAGTGTTTATTCG-1_rna,Normoblast,test_scRNA,,CD16+ Mono,test_scRNA
CCGCAAGGTGGAAACG-1_rna,Erythroblast,test_scRNA,,B1 B,test_scATAC
GTGTAACTCCAAACAC-1_rna,CD14+ Mono,test_scRNA,,Normoblast,test_scATAC
GGCGTTATCAATGAGG-1_rna,NK,test_scRNA,,ILC,test_scATAC
TAAGTGCTCCGCAACA-1_rna,CD4+ T activated,test_scRNA,,Erythroblast,test_scATAC
AGTTGCGTCATAGCCG-1_rna,Naive CD20+ B,test_scRNA,,CD8+ T,test_scATAC
GACTTAGGTTACATCC-1_rna,Erythroblast,test_scRNA,,CD8+ T,test_scRNA
CTGGACCAGCGCATTG-1_rna,Erythroblast,test_scRNA,,pDC,test_scRNA
GTTCTTAGTGCTCCGT-1_rna,Erythroblast,test_scRNA,,CD14+ Mono,test_scRNA
TTGTCCATCATCACTT-1_rna,Erythroblast,test_scRNA,,Erythroblast,test_scATAC
TAGTTGTCAGGACACA-1_rna,Erythroblast,test_scRNA,,CD14+ Mono,test_scATAC
CATAATGTCCTTCTAG-1_rna,Erythroblast,test_scRNA,,Erythroblast,test_scATAC
AACCGGCTCGTGCTTC-1_rna,CD8+ T,test_scRNA,,CD8+ T,test_scRNA
CCGACAGGTGCTCACC-1_rna,CD8+ T,test_scRNA,,Erythroblast,test_scATAC
TCAGGTTAGGAACGGT-1_rna,Naive CD20+ B,test_scRNA,,Erythroblast,test_scATAC
TCCTGGTTCGGTCAAT-1_rna,CD8+ T,test_scRNA,,CD14+ Mono,test_scATAC
ACCGGTTCATGTCAGC-1_rna,CD8+ T,test_scRNA,,CD4+ T activated,test_scRNA
TTTCAGTTCTTAGCCC-1_rna,CD8+ T,test_scRNA,,CD14+ Mono,test_scATAC
TTTAACGAGCGAGGTG-1_rna,NK,test_scRNA,,Naive CD20+ B,test_scATAC
GCGTAACGTTAAGCCA-1_rna,CD4+ T naive,test_scRNA,,Erythroblast,test_scRNA
CGGACAACAGCAACCT-1_rna,CD14+ Mono,test_scRNA,,Erythroblast,test_scATAC
AGACCCGGTTATCCTA-1_rna,CD4+ T activated,test_scRNA,,Erythroblast,test_scATAC
AGCTCATAGCTATATG-1_rna,CD4+ T activated,test_scRNA,,Normoblast,test_scATAC
TACGTACAGGAAACTG-1_rna,CD4+ T naive,test_scRNA,,CD14+ Mono,test_scRNA
GGTTTCTGTTTATCTG-1_rna,CD8+ T,test_scRNA,,CD14+ Mono,test_scRNA
TAGTTGTCACCCTCAC-1_atac,Naive CD20+ B,test_scATAC,Erythroblast,Erythroblast,test_scATAC
CTATGGCCATAACGGG-1_atac,CD14+ Mono,test_scATAC,Proerythroblast,NK,test_scRNA
CCGCACACAGGTTAAA-1_atac,CD8+ T,test_scATAC,Normoblast,CD14+ Mono,test_scRNA
TCATTTGGTAATGGAA-1_atac,CD8+ T,test_scATAC,NK,Plasma cell,test_scATAC
TGGATTGGTTTGCGAA-1_atac,B1 B,test_scATAC,CD4+ T activated,Plasma cell,test_scATAC
GACTTAGGTTGCGCGA-1_atac,CD4+ T naive,test_scATAC,G/M prog,CD8+ T,test_scATAC
GCCTTACTCGTTACAA-1_atac,CD4+ T activated,test_scATAC,NK,CD8+ T,test_scRNA
GTAAGGTCAATAACCT-1_atac,B1 B,test_scATAC,CD4+ T naive,Proerythroblast,test_scRNA
AGCGCCTAGATGGACA-1_atac,Erythroblast,test_scATAC,CD14+ Mono,NK,test_scATAC
TGCCGGTAGTCGCAAT-1_atac,CD14+ Mono,test_scATAC,Plasma cell,NK,test_scATAC
CCTGAATAGCTTGCTC-1_atac,Erythroblast,test_scATAC,Naive CD20+ B,Erythroblast,test_scRNA
CATCCCAGTCTTTATG-1_atac,CD14+ Mono,test_scATAC,CD4+ T activated,Erythroblast,test_scATAC
GGCTGAGAGTATTGCA-1_atac,Erythroblast,test_scATAC,CD4+ T activated,NK,test_scATAC
TAGTGAGAGCTGCACA-1_atac,CD14+ Mono,test_scATAC,CD4+ T activated,Naive CD20+ B,test_scATAC
TTACCTGTCTATGACA-1_atac,NK,test_scATAC,Erythroblast,NK,test_scATAC
GGCAATCGTTAGGACC-1_atac,Normoblast,test_scATAC,Erythroblast,Erythroblast,test_scATAC
TTTAGCTTCTGGCTTC-1_atac,CD14+ Mono,test_scATAC,NK,Naive CD20+ B,test_scRNA
AACGACAAGTTGTCAA-1_atac,B1 B,test_scATAC,CD14+ Mono,CD8+ T,test_scATAC
AGCAATACAATATGGA-1_atac,Naive CD20+ B,test_scATAC,Erythroblast,Erythroblast,test_scRNA
AATTTGCCATAATGAG-1_atac,NK,test_scATAC,Erythroblast,Normoblast,test_scATAC
AGTTATGTCTCACTCA-1_atac,Normoblast,test_scATAC,CD8+ T,CD4+ T activated,test_scATAC
TGTCCTGGTCAATGTG-1_atac,CD4+ T activated,test_scATAC,Naive CD20+ B,NK,test_scATAC
TGTATCGCAGCTCATA-1_atac,NK,test_scATAC,CD4+ T activated,Erythroblast,test_scATAC
GTTTGTCGTGAATCGC-1_atac,Erythroblast,test_scATAC,CD8+ T,Erythroblast,test_scRNA
CCAGGAACAATGCGCT-1_atac,ILC,test_scATAC,NK,CD14+ Mono,test_scATAC
AGAATCGAGAAAGGAA-1_atac,CD4+ T activated,test_scATAC,CD14+ Mono,CD8+ T,test_scRNA
ATATGTCCAATATAGG-1_atac,NK,test_scATAC,NK,Erythroblast,test_scATAC
TGTGAAACAGGATTAA-1_atac,CD14+ Mono,test_scATAC,CD4+ T activated,CD14+ Mono,test_scRNA
CGCAAATTCTACTAAG-1_atac,Erythroblast,test_scATAC,CD14+ Mono,Normoblast,test_scRNA
GGGAGTAGTGATTTGG-1_atac,B1 B,test_scATAC,CD16+ Mono,CD8+ T,test_scATAC
ATGTGAGAGGCGAAAC-1_atac,CD8+ T,test_scATAC,MK/E prog,B1 B,test_scATAC
GGTTTCCTCTTGGACG-1_atac,Erythroblast,test_scATAC,Naive CD20+ B,Erythroblast,test_scATAC
CGCTTCTAGTGACCTG-1_atac,CD8+ T,test_scATAC,Erythroblast,CD8+ T,test_scATAC
GAGCTGCTCTTGTCCA-1_atac,CD8+ T,test_scATAC,CD14+ Mono,NK,test_scATAC
AACGGTAAGTTCCCAC-1_atac,NK,test_scATAC,CD4+ T naive,Erythroblast,test_scATAC
ACCAGGCTCTTGGATA-1_atac,CD14+ Mono,test_scATAC,CD8+ T,CD14+ Mono,test_scRNA
AATCAGGAGCTGAGGG-1_atac,Normoblast,test_scATAC,CD14+ Mono,Erythroblast,test_scRNA
TAGTCAATCGTGCTTC-1_atac,CD4+ T activated,test_scATAC,CD8+ T,Naive CD20+ B,test_scATAC
GTTACTAAGGTGAAGC-1_atac,CD8+ T,test_scATAC,CD14+ Mono,CD14+ Mono,test_scATAC
TGAGTGAAGTTAGTGC-1_atac,Normoblast,test_scATAC,pDC,NK,test_scRNA
CTTAGTTTCCTTGCGT-1_atac,Erythroblast,test_scATAC,CD4+ T activated,Erythroblast,test_scATAC
AGGAACGGTTTGTCTA-1_atac,CD4+ T naive,test_scATAC,CD4+ T naive,Erythroblast,test_scRNA
CTAGTAATCGTGCTAG-1_atac,CD4+ T activated,test_scATAC,Erythroblast,Naive CD20+ B,test_scRNA
GCCTTAGAGCTAAGTC-1_atac,CD8+ T,test_scATAC,CD8+ T,NK,test_scATAC
TAGCGCGGTTGCAATG-1_atac,CD4+ T naive,test_scATAC,NK,Erythroblast,test_scRNA
AGCAAATAGAATGACG-1_atac,CD4+ T activated,test_scATAC,CD4+ T activated,CD4+ T activated,test_scATAC
CACAGGGAGACAGGTA-1_atac,CD14+ Mono,test_scATAC,MK/E prog,Transitional B,test_scRNA
GCATCCTTCGCTATGG-1_atac,CD14+ Mono,test_scATAC,Naive CD20+ B,CD8+ T,test_scATAC
TGCTATGCAGAGGGAG-1_atac,CD14+ Mono,test_scATAC,CD16+ Mono,G/M prog,test_scATAC
GCCTATTGTTAGGTGC-1_atac,Normoblast,test_scATAC,ILC,Erythroblast,test_scRNA
ATTAACCCATTAGCCA-1_atac,Erythroblast,test_scATAC,NK,CD8+ T,test_scATAC
AAGCCTCCAGGAATCG-1_atac,CD4+ T naive,test_scATAC,Transitional B,CD8+ T,test_scATAC
GTCAATATCTGGCAAT-1_atac,CD4+ T activated,test_scATAC,CD14+ Mono,CD14+ Mono,test_scRNA
CCGGTTAAGGTAACGA-1_atac,CD4+ T naive,test_scATAC,CD4+ T activated,CD14+ Mono,test_scATAC
GTTAACCAGTTATTCC-1_atac,Normoblast,test_scATAC,CD14+ Mono,CD4+ T activated,test_scATAC
CCCGCAACAAAGCGCA-1_atac,CD14+ Mono,test_scATAC,Erythroblast,Erythroblast,test_scRNA
TGTTGCACAGTCTATG-1_atac,CD4+ T naive,test_scATAC,Erythroblast,CD4+ T naive,test_scATAC
CCATAATCATGTCAGC-1_atac,Naive CD20+ B,test_scATAC,CD4+ T activated,CD14+ Mono,test_scATAC
GTTTCAGCAGCACGTT-1_atac,Normoblast,test_scATAC,Naive CD20+ B,Normoblast,test_scATAC
AATCTTGAGAAGCTAG-1_atac,CD14+ Mono,test_scATAC,Erythroblast,Naive CD20+ B,test_scRNA
GTATGTTCAGCATGAG-1_atac,CD4+ T activated,test_scATAC,CD4+ T activated,MK/E prog,test_scATAC
TTGTCCATCATTAGGC-1_atac,CD14+ Mono,test_scATAC,NK,CD4+ T activated,test_scATAC
AAAGCCGCATGAGCAG-1_atac,NK,test_scATAC,CD14+ Mono,Proerythroblast,test_scATAC
CATGGATTCGGTACGC-1_atac,NK,test_scATAC,Naive CD20+ B,NK,test_scRNA
GTTTAGCAGCTTCCCG-1_atac,CD4+ T activated,test_scATAC,CD14+ Mono,Transitional B,test_scATAC
CTTGTAAAGATAAAGC-1_atac,CD8+ T,test_scATAC,Lymph prog,CD14+ Mono,test_scATAC
TAGTCAATCAGCACGC-1_atac,CD4+ T activated,test_scATAC,Naive CD20+ B,CD4+ T naive,test_scATAC
AATAACCGTCATTGAG-1_atac,Erythroblast,test_scATAC,CD4+ T activated,CD8+ T,test_scRNA
TCCAGGATCCTAACGG-1_atac,CD14+ Mono,test_scATAC,CD14+ Mono,Normoblast,test_scATAC
TAGGCTAGTGTAACCA-1_atac,Erythroblast,test_scATAC,Naive CD20+ B,cDC2,test_scRNA
GAAGTATAGCTAGAAG-1_atac,ILC,test_scATAC,CD4+ T naive,CD8+ T,test_scRNA
ATCAGGTTCATGACCG-1_atac,Naive CD20+ B,test_scATAC,Normoblast,ID2-hi myeloid prog,test_scATAC
AGCACTTAGCGCTCAA-1_atac,NK,test_scATAC,Naive CD20+ B,Naive CD20+ B,test_scRNA
GGTGAGCCAATATACC-1_atac,CD4+ T activated,test_scATAC,CD14+ Mono,NK,test_scRNA
CCGCTAGCATCTTGAG-1_atac,CD4+ T activated,test_scATAC,Erythroblast,Naive CD20+ B,test_scRNA
ACGCTTGAGTCATCCC-1_atac,CD8+ T,test_scATAC,CD14+ Mono,CD4+ T activated,test_scATAC
CTCGTTATCTGCAAAC-1_atac,NK,test_scATAC,B1 B,Erythroblast,test_scRNA
CTTCGCGTCGAGCAAA-1_atac,Erythroblast,test_scATAC,CD4+ T naive,CD14+ Mono,test_scRNA
GGTATGTTCTAACCAA-1_atac,CD14+ Mono,test_scATAC,Erythroblast,cDC2,test_scRNA
TCAGGTCCAAACTCAT-1_atac,Normoblast,test_scATAC,CD14+ Mono,MK/E prog,test_scATAC
ATTTGCAAGGCATTAC-1_atac,Erythroblast,test_scATAC,Erythroblast,NK,test_scATAC
TCTTGTCCAATCGCAC-1_atac,CD4+ T activated,test_scATAC,Erythroblast,Normoblast,test_scRNA
CTGGATGTCATAACTG-1_atac,Erythroblast,test_scATAC,Normoblast,CD14+ Mono,test_scRNA
TAGCGCGGTCAATACG-1_atac,CD8+ T,test_scATAC,CD4+ T naive,CD8+ T,test_scRNA
CAGCTATAGACAAACG-1_atac,CD4+ T activated,test_scATAC,ILC,CD14+ Mono,test_scATAC
TCCAGCAAGGCTACAT-1_atac,CD4+ T activated,test_scATAC,CD8+ T,Erythroblast,test_scRNA
TTGGATTCAGTACCGT-1_atac,CD4+ T naive,test_scATAC,Normoblast,CD14+ Mono,test_scATAC
TCATCCATCCTCATCA-1_atac,Erythroblast,test_scATAC,Normoblast,NK,test_scRNA
AGGTCCGGTCCGGTTC-1_atac,CD4+ T activated,test_scATAC,NK,MK/E prog,test_scRNA
TGGATTCAGTTTCCGC-1_atac,G/M prog,test_scATAC,Normoblast,CD14+ Mono,test_scRNA
TGCTTAAAGCCGCTAA-1_atac,Normoblast,test_scATAC,CD8+ T,B1 B,test_scATAC
TGCTTGCTCAATCTCT-1_atac,CD14+ Mono,test_scATAC,CD8+ T,B1 B,test_scATAC
CTAAAGCTCGCTAAAC-1_atac,CD8+ T,test_scATAC,CD14+ Mono,CD14+ Mono,test_scRNA
CAGCCTTTCCTGTTCA-1_atac,Normoblast,test_scATAC,CD14+ Mono,Erythroblast,test_scATAC
GCTGTACCAAGGTGCA-1_atac,CD4+ T activated,test_scATAC,CD14+ Mono,CD8+ T,test_scRNA
ACGCCTAAGCGCCTTT-1_atac,CD14+ Mono,test_scATAC,CD4+ T naive,CD4+ T activated,test_scATAC
ACGACTTAGCTACTGG-1_atac,Erythroblast,test_scATAC,Erythroblast,ILC,test_scATAC
TCAGTGAGTGCTCCGT-1_atac,Naive CD20+ B,test_scATAC,pDC,B1 B,test_scRNA
AGGATATAGACTAAGG-1_atac,NK,test_scATAC,CD4+ T activated,Normoblast,test_scATAC
GTGTGTTAGTAGCTTA-1_atac,CD8+ T,test_scATAC,CD8+ T,NK,test_scRNA
GACATAGAGGGTCCAC-1_atac,CD4+ T activated,test_scATAC,Normoblast,B1 B,test_scATAC
CCAGCCTGTTAGGACC-1_atac,Erythroblast,test_scATAC,CD14+ Mono,CD8+ T,test_scRNA
GTAGGCGAGCTTTGGG-1_atac,CD4+ T activated,test_scATAC,Erythroblast,CD8+ T,test_scRNA
CTCTGTTCAAACTGTT-1_atac,Erythroblast,test_scATAC,CD4+ T activated,Naive CD20+ B,test_scATAC
CTTGCGCGTTAGGCTA-1_atac,CD8+ T,test_scATAC,ID2-hi myeloid prog,CD4+ T activated,test_scRNA
CCATTGTGTTACATCC-1_atac,CD8+ T,test_scATAC,Naive CD20+ B,Transitional B,test_scRNA
TCACCGGCATCCATCT-1_atac,ILC,test_scATAC,CD4+ T naive,Normoblast,test_scRNA
CAAACAACAATAACGA-1_atac,B1 B,test_scATAC,G/M prog,CD14+ Mono,test_scATAC
GAGTAATAGCTTAACA-1_atac,CD14+ Mono,test_scATAC,CD4+ T activated,Naive CD20+ B,test_scRNA
CAAACATGTTAGTGAT-1_atac,ILC,test_scATAC,ILC,Naive CD20+ B,test_scRNA
ATAACGACAGCAACAG-1_atac,CD4+ T naive,test_scATAC,NK,ILC,test_scATAC
ATTGGCTAGGGACCTC-1_atac,G/M prog,test_scATAC,Naive CD20+ B,NK,test_scRNA
GTTTCTAGTCATCATC-1_atac,Erythroblast,test_scATAC,ILC,Erythroblast,test_scATAC
CCTGTAACATTGTGCA-1_atac,CD14+ Mono,test_scATAC,Erythroblast,NK,test_scRNA
GACCGAACACAATGTT-1_atac,CD8+ T,test_scATAC,CD14+ Mono,CD8+ T,test_scATAC
TCATAACCATAATCCG-1_atac,CD8+ T,test_scATAC,CD4+ T activated,CD4+ T activated,test_scRNA
TGATGATGTGCAACTA-1_atac,Normoblast,test_scATAC,CD8+ T,CD4+ T activated,test_scRNA
GCGCTTGCAATCCCTT-1_atac,Erythroblast,test_scATAC,Naive CD20+ B,CD4+ T naive,test_scATAC
AGATGAAGTGAGGTGA-1_atac,CD14+ Mono,test_scATAC,B1 B,Naive CD20+ B,test_scATAC
TAAGTGCTCATGGCCA-1_atac,CD4+ T naive,test_scATAC,CD14+ Mono,Naive CD20+ B,test_scRNA
TACGGATTCTGCAACG-1_atac,CD8+ T,test_scATAC,CD8+ T,CD4+ T naive,test_scRNA
ACGCAAGCAATAAGCA-1_atac,Naive CD20+ B,test_scATAC,CD8+ T,B1 B,test_scRNA
CAGCAAGCAATGAATG-1_atac,Erythroblast,test_scATAC,CD4+ T activated,Erythroblast,test_scRNA
ATGTAAGCAATTAAGG-1_atac,Normoblast,test_scATAC,CD14+ Mono,Naive CD20+ B,test_scATAC
GTTAACGGTAGCTGGT-1_atac,CD14+ Mono,test_scATAC,Erythroblast,NK,test_scATAC
CATAATCCAGCAGGTA-1_atac,B1 B,test_scATAC,CD16+ Mono,CD4+ T activated,test_scATAC
AAGTCTATCGAGGAGT-1_atac,Naive CD20+ B,test_scATAC,Erythroblast,CD8+ T,test_scRNA
GCAGCTATCCAGGTTG-1_atac,NK,test_scATAC,CD4+ T naive,Normoblast,test_scRNA
GAACACAAGTAACCAC-1_atac,CD14+ Mono,test_scATAC,Erythroblast,G/M prog,test_scRNA
CAACTAGGTTGTTGTC-1_atac,CD4+ T naive,test_scATAC,Plasma cell,CD8+ T,test_scATAC
TTTGTCCCAGGCGATA-1_atac,ILC,test_scATAC,MK/E prog,CD4+ T activated,test_scATAC
GGGCTAACACGAATTT-1_atac,CD8+ T,test_scATAC,CD4+ T activated,Erythroblast,test_scATAC
GGTGCTGGTACTTCAC-1_atac,CD14+ Mono,test_scATAC,CD8+ T,CD4+ T activated,test_scATAC
CCCAGCACAATGCGCT-1_atac,CD4+ T activated,test_scATAC,Erythroblast,Erythroblast,test_scATAC
TAAGTGCTCTGTGAGT-1_atac,Erythroblast,test_scATAC,CD14+ Mono,cDC2,test_scRNA
CTACTAAAGTGCACGC-1_atac,NK,test_scATAC,NK,Naive CD20+ B,test_scRNA
ACACCTTGTGAGACTC-1_atac,CD4+ T activated,test_scATAC,CD8+ T,G/M prog,test_scATAC
CTACCGGCACCTCACC-1_atac,CD4+ T naive,test_scATAC,CD14+ Mono,CD14+ Mono,test_scATAC
TCCAGGATCAACAAGG-1_atac,CD14+ Mono,test_scATAC,CD4+ T activated,ILC,test_scRNA
CGTCCTAGTTGAAGCC-1_atac,CD8+ T,test_scATAC,pDC,Erythroblast,test_scRNA
CTAAGTCAGGCTGTGC-1_atac,Erythroblast,test_scATAC,CD4+ T activated,CD4+ T naive,test_scATAC
CTAATGTCATCTAGCA-1_atac,NK,test_scATAC,CD14+ Mono,ILC,test_scRNA
GGGCTAACACATAACT-1_atac,CD4+ T naive,test_scATAC,CD8+ T,Naive CD20+ B,test_scRNA
CCATTGTGTAGGTTAT-1_atac,CD8+ T,test_scATAC,Lymph prog,NK,test_scRNA
CCTGTTGGTAACAGGG-1_atac,Naive CD20+ B,test_scATAC,CD4+ T activated,Erythroblast,test_scATAC
TTCACTGTCCTCAGTC-1_atac,CD4+ T naive,test_scATAC,CD4+ T naive,CD14+ Mono,test_scATAC
CGCTACTTCGCTAAGT-1_atac,CD4+ T naive,test_scATAC,Normoblast,ID2-hi myeloid prog,test_scRNA
GATCCGTCATTAAGTC-1_atac,CD4+ T activated,test_scATAC,CD4+ T activated,CD8+ T,test_scRNA
CTAGGCGGTGGGAACA-1_atac,B1 B,test_scATAC,Normoblast,CD4+ T activated,test_scATAC
TCCTCAATCTCCATGC-1_atac,CD14+ Mono,test_scATAC,Erythroblast,CD8+ T,test_scRNA
GCAGGACCAAAGCGGC-1_atac,CD14+ Mono,test_scATAC,CD4+ T naive,CD8+ T,test_scATAC
GCTTATCGTGATGGCT-1_atac,CD4+ T naive,test_scATAC,CD4+ T naive,Transitional B,test_scATAC
AGGCAGGTCCCTCATA-1_atac,CD14+ Mono,test_scATAC,NK,NK,test_scATAC
GGAACCACAGGAACTG-1_atac,Naive CD20+ B,test_scATAC,CD14+ Mono,Normoblast,test_scRNA
TGATTCAAGTAAACCC-1_atac,Normoblast,test_scATAC,B1 B,CD8+ T,test_scRNA
CGCCACACAGTTGCGT-1_atac,CD4+ T naive,test_scATAC,Erythroblast,G/M prog,test_scRNA
GGAGCAAGTAAAGCGG-1_atac,CD4+ T naive,test_scATAC,CD4+ T activated,CD16+ Mono,test_scATAC
GACCTAGTCATGAGCT-1_atac,NK,test_scATAC,CD14+ Mono,NK,test_scRNA
CTAATAGTCCTAATAG-1_atac,CD14+ Mono,test_scATAC,CD4+ T naive,CD8+ T,test_scRNA
GCTTGTTGTCAAAGGG-1_atac,NK,test_scATAC,CD14+ Mono,B1 B,test_scATAC
TTGACGTAGCCAGTAT-1_atac,CD4+ T naive,test_scATAC,CD8+ T,CD4+ T naive,test_scATAC
CGAGCGAAGCTGTACG-1_atac,CD14+ Mono,test_scATAC,CD4+ T activated,CD4+ T activated,test_scATAC
TGCATGAGTATTGTCC-1_atac,CD8+ T,test_scATAC,CD4+ T naive,CD4+ T activated,test_scATAC
TTACCGTGTTAGGACC-1_atac,CD14+ Mono,test_scATAC,CD4+ T naive,Lymph prog,test_scRNA
AGCATCCCATGTTGCA-1_atac,Erythroblast,test_scATAC,Erythroblast,Erythroblast,test_scATAC
TGGTTGAGTGAACAAA-1_atac,CD8+ T,test_scATAC,ID2-hi myeloid prog,CD8+ T,test_scRNA
ATGCAAACAAAGGCCA-1_atac,CD8+ T,test_scATAC,CD14+ Mono,Erythroblast,test_scRNA
CGTACGGGTTCCTGTG-1_atac,CD8+ T,test_scATAC,Erythroblast,MK/E prog,test_scATAC
GGCTTAAGTGGTTATG-1_atac,Erythroblast,test_scATAC,Transitional B,Naive CD20+ B,test_scRNA
TGCAGGCTCCTCCTAA-1_atac,NK,test_scATAC,G/M prog,Erythroblast,test_scRNA
GGCTTAAGTACTGAAT-1_atac,CD14+ Mono,test_scATAC,CD4+ T activated,B1 B,test_scATAC
ACCAAGCGTGTTTGTC-1_atac,CD14+ Mono,test_scATAC,Naive CD20+ B,B1 B,test_scRNA
CCTTACTCATAATGTC-1_atac,CD4+ T naive,test_scATAC,NK,CD14+ Mono,test_scRNA
GCTAAGAAGGATCACT-1_atac,CD14+ Mono,test_scATAC,NK,Normoblast,test_scATAC
GCTAAGAAGGCGTAAA-1_atac,CD4+ T activated,test_scATAC,CD4+ T activated,Lymph prog,test_scATAC
CCAACCAAGGCGAATA-1_atac,Erythroblast,test_scATAC,CD14+ Mono,Erythroblast,test_scATAC
GGTCAAGCAGCGCTTG-1_atac,NK,test_scATAC,ILC,CD4+ T activated,test_scATAC
AGGTATTGTACGTTTC-1_atac,CD4+ T activated,test_scATAC,pDC,CD14+ Mono,test_scATAC
CTGCTATGTATTTGGG-1_atac,NK,test_scATAC,CD4+ T naive,CD8+ T,test_scATAC
CTCATGCTCCATTACT-1_atac,NK,test_scATAC,Erythroblast,CD14+ Mono,test_scRNA
CTCACTCAGTAACCAC-1_atac,CD14+ Mono,test_scATAC,Erythroblast,CD4+ T activated,test_scRNA
TGTGGCGGTAACAGGG-1_atac,CD14+ Mono,test_scATAC,Normoblast,NK,test_scRNA
ACTCCTCAGGCTTAAC-1_atac,CD4+ T activated,test_scATAC,ILC,CD4+ T activated,test_scATAC
TAGCCTGAGGTTTGCG-1_atac,Naive CD20+ B,test_scATAC,Naive CD20+ B,Erythroblast,test_scRNA
TATAACCCATGCTATG-1_atac,NK,test_scATAC,CD4+ T naive,CD14+ Mono,test_scRNA
TAAAGCCTCTAATCTC-1_atac,CD14+ Mono,test_scATAC,CD4+ T activated,pDC,test_scATAC
ATGAATGCAGCAACCT-1_atac,CD14+ Mono,test_scATAC,ILC,CD8+ T,test_scRNA
TTTACGAAGCCGCTTT-1_atac,NK,test_scATAC,NK,CD16+ Mono,test_scRNA
AGGTCTTAGTCACCAG-1_atac,CD4+ T activated,test_scATAC,CD14+ Mono,Erythroblast,test_scATAC
AATTGACGTTAGACCA-1_atac,G/M prog,test_scATAC,CD14+ Mono,Normoblast,test_scATAC
CCATAATCAAACTAAG-1_atac,Naive CD20+ B,test_scATAC,CD4+ T naive,CD4+ T naive,test_scRNA
ATGGCCCAGGACCTCA-1_atac,NK,test_scATAC,CD14+ Mono,CD4+ T activated,test_scRNA
CTGTTAAAGGTCCAAT-1_atac,Erythroblast,test_scATAC,CD4+ T activated,CD14+ Mono,test_scRNA
TTAGTCAAGGCTACAT-1_atac,NK,test_scATAC,NK,CD8+ T,test_scATAC
AACTTAGTCGGTTTGG-1_atac,CD8+ T,test_scATAC,CD4+ T naive,CD8+ T,test_scRNA
ATGTGAGAGGGCCACT-1_atac,G/M prog,test_scATAC,CD4+ T naive,CD8+ T,test_scRNA
AGTTGCGTCAGTATTG-1_atac,Erythroblast,test_scATAC,CD4+ T activated,CD4+ T naive,test_scATAC
TAGTCAATCGGCTAGC-1_atac,Erythroblast,test_scATAC,Normoblast,Naive CD20+ B,test_scRNA
CCATAAGGTAACGAGG-1_atac,CD14+ Mono,test_scATAC,CD4+ T activated,CD8+ T,test_scRNA
CCCAACCGTCTTACTA-1_atac,CD8+ T,test_scATAC,Erythroblast,CD14+ Mono,test_scATAC
GCAGCAACAGTTATCG-1_atac,Normoblast,test_scATAC,Normoblast,Naive CD20+ B,test_scATAC
CTGTTTAGTGAATCGC-1_atac,CD8+ T,test_scATAC,CD4+ T naive,ID2-hi myeloid prog,test_scRNA
AGCTATATCCTAATGA-1_atac,Normoblast,test_scATAC,B1 B,G/M prog,test_scATAC
AATGCGCGTGGTTAGC-1_atac,Erythroblast,test_scATAC,CD4+ T naive,Erythroblast,test_scATAC
CAGGAAGGTTACGCAA-1_atac,CD4+ T activated,test_scATAC,NK,Erythroblast,test_scATAC
AGAAACTAGTTAGTTG-1_atac,CD14+ Mono,test_scATAC,CD14+ Mono,B1 B,test_scRNA
CCGCACACAACTAGCC-1_atac,CD14+ Mono,test_scATAC,Erythroblast,CD14+ Mono,test_scATAC
TCCTCACAGTTAGTGC-1_atac,CD8+ T,test_scATAC,CD4+ T activated,Naive CD20+ B,test_scRNA
ATCAAGACATAAGTTC-1_atac,CD14+ Mono,test_scATAC,CD4+ T activated,NK,test_scATAC
TGTAAGTGTTTGCGCC-1_atac,CD8+ T,test_scATAC,Plasma cell,CD8+ T,test_scATAC
AACATCATCTTTGAGA-1_atac,CD4+ T naive,test_scATAC,Erythroblast,Normoblast,test_scRNA
TCTGTGACAAATTCGT-1_atac,Naive CD20+ B,test_scATAC,ILC,CD4+ T activated,test_scRNA
TCACTGACAACACCTA-1_atac,CD8+ T,test_scATAC,CD4+ T naive,NK,test_scRNA
AAGTTAGCATCGCTCC-1_atac,CD14+ Mono,test_scATAC,Naive CD20+ B,CD14+ Mono,test_scATAC
CGAATCTAGCTTATGA-1_atac,CD14+ Mono,test_scATAC,CD8+ T,Normoblast,test_scRNA
GTTCCCAGTTTAGCTC-1_atac,CD8+ T,test_scATAC,NK,Erythroblast,test_scATAC
CATCCCAGTTAAGGTT-1_atac,CD4+ T activated,test_scATAC,CD8+ T,ILC,test_scATAC
TGATTCAAGCTGTCAG-1_atac,CD4+ T activated,test_scATAC,Normoblast,MK/E prog,test_scATAC
GGTAACCGTTTCAGGA-1_atac,NK,test_scATAC,CD14+ Mono,CD4+ T activated,test_scRNA
CTGGACCAGCACCACA-1_atac,Normoblast,test_scATAC,CD4+ T naive,CD4+ T activated,test_scATAC
ATTAGGTGTTAATGCG-1_atac,CD4+ T naive,test_scATAC,CD16+ Mono,CD8+ T,test_scATAC
ATCACCCTCTGTGCAG-1_atac,Erythroblast,test_scATAC,Proerythroblast,CD4+ T activated,test_scATAC
ATGTCATCACATGCTA-1_atac,CD4+ T activated,test_scATAC,Transitional B,HSC,test_scRNA
GGTCCGTAGTTGCGTG-1_atac,G/M prog,test_scATAC,Erythroblast,CD4+ T activated,test_scATAC
CGCTATGAGGCTCATG-1_atac,Erythroblast,test_scATAC,CD14+ Mono,CD4+ T activated,test_scRNA
GGTTCTTGTCCTTAGT-1_atac,CD14+ Mono,test_scATAC,ID2-hi myeloid prog,Erythroblast,test_scATAC
GCGCTAGGTCACAAAT-1_atac,CD4+ T activated,test_scATAC,CD8+ T,B1 B,test_scRNA
ACCAGGCTCACAGGAA-1_atac,CD4+ T naive,test_scATAC,MK/E prog,CD4+ T activated,test_scRNA
TTAGGCCCAATCATGT-1_atac,CD14+ Mono,test_scATAC,MK/E prog,Normoblast,test_scATAC
AATACCGGTCCGCTGT-1_atac,CD8+ T,test_scATAC,B1 B,Normoblast,test_scATAC
AGGTCATTCGCTTGCT-1_atac,CD4+ T activated,test_scATAC,Erythroblast,CD14+ Mono,test_scRNA
CGATTTGCACAGGATG-1_atac,CD14+ Mono,test_scATAC,Erythroblast,CD16+ Mono,test_scRNA
CTTTAGGCAAACAACA-1_atac,NK,test_scATAC,CD4+ T activated,CD14+ Mono,test_scRNA
CAGTACCCAGGCATGA-1_atac,CD4+ T naive,test_scATAC,NK,CD4+ T activated,test_scRNA
ATGTTCAAGCGGATTT-1_atac,CD4+ T activated,test_scATAC,ID2-hi myeloid prog,CD14+ Mono,test_scATAC
TTTGCGGAGCATGTTA-1_atac,CD14+ Mono,test_scATAC,NK,Naive CD20+ B,test_scATAC
AAAGGAGCATGCATAT-1_atac,CD4+ T activated,test_scATAC,HSC,Normoblast,test_scRNA
CATGCGCAGGTCCACA-1_atac,CD14+ Mono,test_scATAC,CD14+ Mono,Normoblast,test_scRNA
TGAGGGCCAGCAAATA-1_atac,NK,test_scATAC,CD8+ T,Erythroblast,test_scRNA
GTTAAGCTCACAGCGC-1_atac,CD4+ T activated,test_scATAC,G/M prog,Normoblast,test_scRNA
TTTCCTGAGTGAACCT-1_atac,Erythroblast,test_scATAC,Normoblast,NK,test_scRNA
GGAACAATCCTCAGCT-1_atac,NK,test_scATAC,CD4+ T naive,CD8+ T,test_scRNA
TTATTGCTCTGCAAGT-1_atac,CD4+ T activated,test_scATAC,Erythroblast,CD4+ T activated,test_scRNA
GTGGATGCAAGGTCGA-1_atac,CD4+ T activated,test_scATAC,Naive CD20+ B,CD8+ T,test_scATAC
CTACGAAGTTACGCGG-1_atac,Erythroblast,test_scATAC,Naive CD20+ B,Naive CD20+ B,test_scRNA
CCAGCTAAGTTTAACG-1_atac,CD14+ Mono,test_scATAC,G/M prog,CD4+ T activated,test_scATAC
ATCATCAAGGTTACAC-1_atac,CD4+ T naive,test_scATAC,CD8+ T,Erythroblast,test_scATAC
GTCAGGCTCGTGCTTC-1_atac,Naive CD20+ B,test_scATAC,Naive CD20+ B,Erythroblast,test_scRNA
TGTGCAAGTTTGAGCA-1_atac,Erythroblast,test_scATAC,CD4+ T naive,Erythroblast,test_scRNA
GGAACTAAGGCATTAC-1_atac,CD8+ T,test_scATAC,CD4+ T naive,CD4+ T naive,test_scRNA
GTATGTGGTGATCAGC-1_atac,CD4+ T activated,test_scATAC,Naive CD20+ B,CD4+ T naive,test_scATAC
CCTCAAACAGCATGTC-1_atac,CD14+ Mono,test_scATAC,ILC,CD4+ T activated,test_scRNA
CCAGTTTGTGCTAGAC-1_atac,CD8+ T,test_scATAC,Erythroblast,Normoblast,test_scATAC
ACATCAATCGTTTCTG-1_atac,B1 B,test_scATAC,NK,CD4+ T naive,test_scATAC
CATCCTGGTCCGCTGT-1_atac,CD14+ Mono,test_scATAC,CD14+ Mono,NK,test_scRNA
ACCACATAGGCAGGTG-1_atac,CD4+ T activated,test_scATAC,CD8+ T,Erythroblast,test_scRNA
CCGCAAATCTCGACCT-1_atac,CD4+ T activated,test_scATAC,NK,CD4+ T naive,test_scATAC
TGAGGAGGTTAGTGAT-1_atac,CD4+ T activated,test_scATAC,Erythroblast,Naive CD20+ B,test_scATAC
CGGGTATGTGACATAT-1_atac,CD8+ T,test_scATAC,NK,B1 B,test_scATAC
CTATTACTCCTAAGTA-1_atac,Naive CD20+ B,test_scATAC,CD14+ Mono,B1 B,test_scRNA
ACCCGTAAGTTAGTGC-1_atac,CD4+ T activated,test_scATAC,CD14+ Mono,CD4+ T activated,test_scRNA
ACCAATATCTCGACCT-1_atac,Erythroblast,test_scATAC,Naive CD20+ B,NK,test_scATAC
CCTAAAGGTACAATGT-1_atac,CD8+ T,test_scATAC,Erythroblast,Transitional B,test_scATAC
ATTACCGCAGCGCTTG-1_atac,CD4+ T activated,test_scATAC,CD14+ Mono,CD14+ Mono,test_scRNA
CCGCTAGCAAACAACA-1_atac,CD4+ T activated,test_scATAC,CD8+ T,CD14+ Mono,test_scATAC
TAGCGGCTCCCGAAGC-1_atac,Erythroblast,test_scATAC,Normoblast,CD8+ T,test_scATAC
GCATGAAAGTCAGTAC-1_atac,CD14+ Mono,test_scATAC,CD4+ T activated,CD4+ T activated,test_scATAC
GGATTCAGTGATCATG-1_atac,CD14+ Mono,test_scATAC,CD4+ T naive,NK,test_scRNA
CCCAATTGTATTGGAT-1_atac,Naive CD20+ B,test_scATAC,CD14+ Mono,HSC,test_scRNA
ATTGTCCGTCAAGACC-1_atac,CD4+ T naive,test_scATAC,CD14+ Mono,CD4+ T activated,test_scRNA
GACTTGGTCGCGCTAA-1_atac,CD14+ Mono,test_scATAC,NK,CD4+ T activated,test_scRNA
CGCAATAGTCACACCC-1_atac,B1 B,test_scATAC,NK,Lymph prog,test_scATAC
GTAGTTTCATAATCAC-1_atac,CD4+ T activated,test_scATAC,CD4+ T naive,NK,test_scRNA
AGCAAGGGTTTACCGT-1_atac,CD14+ Mono,test_scATAC,Normoblast,Erythroblast,test_scATAC
GTCTTGCTCAAAGGCA-1_atac,CD4+ T activated,test_scATAC,Plasma cell,Naive CD20+ B,test_scATAC
TCATGTTTCTAGCTAA-1_atac,Naive CD20+ B,test_scATAC,CD8+ T,CD8+ T,test_scRNA
CACAAGCGTGAGAAAC-1_atac,Erythroblast,test_scATAC,Erythroblast,CD14+ Mono,test_scATAC
ATATGCATCCCTGGAA-1_atac,NK,test_scATAC,Naive CD20+ B,CD8+ T,test_scATAC
GGGTTTCCAGGAACAT-1_atac,Naive CD20+ B,test_scATAC,CD4+ T activated,CD14+ Mono,test_scATAC
TGATTCAAGGAAGTAT-1_atac,Erythroblast,test_scATAC,CD8+ T,Erythroblast,test_scRNA
AAGCTCCCAAGCTTTG-1_atac,Erythroblast,test_scATAC,CD14+ Mono,Erythroblast,test_scRNA
AGTAATGCAGCTAACC-1_atac,G/M prog,test_scATAC,CD14+ Mono,CD4+ T naive,test_scATAC
CTAGCTTGTATTGCAG-1_atac,Normoblast,test_scATAC,MK/E prog,CD14+ Mono,test_scATAC
AGCTAACTCTGTGCAG-1_atac,Erythroblast,test_scATAC,B1 B,CD4+ T activated,test_scATAC
GTAGGATCACACAATT-1_atac,CD14+ Mono,test_scATAC,CD4+ T naive,CD8+ T,test_scRNA
TATGAAGCACCCACAG-1_atac,CD8+ T,test_scATAC,Erythroblast,Erythroblast,test_scATAC
GTGCTTCTCCGTCCAT-1_atac,CD14+ Mono,test_scATAC,CD4+ T activated,CD14+ Mono,test_scATAC
GCTCTGGCAAGGTGGC-1_atac,Naive CD20+ B,test_scATAC,CD4+ T activated,CD14+ Mono,test_scATAC
CGCAATTAGGTCCACA-1_atac,B1 B,test_scATAC,CD4+ T activated,pDC,test_scATAC
TTGAGGCGTGAGACTC-1_atac,NK,test_scATAC,NK,CD4+ T naive,test_scRNA
AGGTCCGGTTGGCCGA-1_atac,CD8+ T,test_scATAC,Normoblast,Erythroblast,test_scATAC
CGTTAAATCGATAACC-1_atac,Naive CD20+ B,test_scATAC,CD4+ T naive,G/M prog,test_scRNA
GCACATTAGTTTGGTA-1_atac,CD8+ T,test_scATAC,CD4+ T activated,CD14+ Mono,test_scATAC
GCAATAGAGCTGGAAA-1_atac,ILC,test_scATAC,Normoblast,CD4+ T naive,test_scRNA
TTGTTGTTCCCGTTAC-1_atac,CD4+ T activated,test_scATAC,NK,Erythroblast,test_scRNA
ACATAGCTCTTTAAGG-1_atac,Erythroblast,test_scATAC,NK,Plasma cell,test_scRNA
TAGTCAATCAGCACCA-1_atac,NK,test_scATAC,CD8+ T,NK,test_scRNA
CTCGTTATCACGCATG-1_atac,CD8+ T,test_scATAC,CD4+ T activated,CD8+ T,test_scRNA
AGGGCCTTCATAGCCG-1_atac,CD8+ T,test_scATAC,Erythroblast,CD14+ Mono,test_scRNA
GAAACCCGTTTCGCCA-1_atac,Erythroblast,test_scATAC,Normoblast,CD4+ T activated,test_scATAC
AGTTGCAGTACCGAAC-1_atac,Erythroblast,test_scATAC,CD14+ Mono,Normoblast,test_scRNA
GTAGCGCTCTTAGGAC-1_atac,G/M prog,test_scATAC,CD14+ Mono,Naive CD20+ B,test_scATAC
CGTGCTTTCCTCACTA-1_atac,CD4+ T naive,test_scATAC,CD14+ Mono,CD4+ T activated,test_scRNA
GATCGATTCTGTGAGT-1_atac,CD8+ T,test_scATAC,CD14+ Mono,CD4+ T activated,test_scRNA
GTAAGCTTCAAATCGC-1_atac,CD4+ T naive,test_scATAC,B1 B,NK,test_scATAC
AGCTACGTCGCTCCAT-1_atac,Erythroblast,test_scATAC,CD4+ T naive,NK,test_scATAC
AGCTAACTCTGTGAGT-1_atac,CD4+ T activated,test_scATAC,CD8+ T,CD14+ Mono,test_scRNA
TGCAGGCTCCCTGGAA-1_atac,CD4+ T activated,test_scATAC,CD14+ Mono,CD8+ T,test_scRNA
CGTGACATCGCTAAAC-1_atac,Normoblast,test_scATAC,CD8+ T,CD4+ T activated,test_scRNA
AGAACCGCAAGTGTCC-1_atac,CD8+ T,test_scATAC,CD8+ T,CD8+ T,test_scATAC
CACGCAATCACGCGGT-1_atac,CD14+ Mono,test_scATAC,CD8+ T,Naive CD20+ B,test_scRNA
CAGGATGCACCTCACC-1_atac,CD14+ Mono,test_scATAC,Erythroblast,Erythroblast,test_scRNA
TGTTGTTTCCTCACAC-1_atac,Normoblast,test_scATAC,NK,Naive CD20+ B,test_scATAC
AGCTACTAGTTTGAGC-1_atac,Erythroblast,test_scATAC,CD4+ T naive,Erythroblast,test_scATAC
CTAAAGCTCATTACTC-1_atac,CD14+ Mono,test_scATAC,CD14+ Mono,CD14+ Mono,test_scRNA
TATAACCCAGCAACAG-1_atac,CD4+ T activated,test_scATAC,Erythroblast,CD14+ Mono,test_scATAC
GTACCGGGTTGCTTCG-1_atac,CD4+ T activated,test_scATAC,CD4+ T naive,CD4+ T naive,test_scRNA
GAGGTGAGTCATAGAT-1_atac,CD14+ Mono,test_scATAC,CD8+ T,CD4+ T activated,test_scATAC
GTAGGCGAGTCACCTC-1_atac,Erythroblast,test_scATAC,CD4+ T naive,Erythroblast,test_scATAC
TTTCAGTTCCCGAACA-1_atac,Normoblast,test_scATAC,CD14+ Mono,CD14+ Mono,test_scATAC
ACTTATGAGCATCCAG-1_atac,CD4+ T activated,test_scATAC,CD4+ T naive,CD4+ T activated,test_scATAC
AGCCGGTTCGGCCAGT-1_atac,CD8+ T,test_scATAC,CD14+ Mono,CD4+ T naive,test_scATAC
TGGCCAATCTAATCCT-1_atac,ILC,test_scATAC,NK,CD14+ Mono,test_scATAC
GCTAAGAAGCGGATTT-1_atac,CD4+ T activated,test_scATAC,CD16+ Mono,CD14+ Mono,test_scATAC
CTAACCCTCAGGAAGC-1_atac,CD4+ T activated,test_scATAC,Erythroblast,Naive CD20+ B,test_scATAC
CATTATCTCCGTAAAC-1_atac,CD4+ T activated,test_scATAC,CD4+ T naive,Erythroblast,test_scRNA
GGAGCATAGTAACTCA-1_atac,CD14+ Mono,test_scATAC,CD8+ T,B1 B,test_scRNA
CCTTCGTAGGAATAAC-1_atac,CD8+ T,test_scATAC,NK,CD14+ Mono,test_scRNA
AACGCTAGTTAGCATG-1_atac,CD14+ Mono,test_scATAC,CD16+ Mono,CD8+ T,test_scATAC
TGCTTCATCAACAAGG-1_atac,CD4+ T activated,test_scATAC,Erythroblast,Normoblast,test_scATAC
AGAGGATGTGCGCAAT-1_atac,Erythroblast,test_scATAC,MK/E prog,CD14+ Mono,test_scATAC
GAAAGGCTCAAGCGCC-1_atac,CD4+ T activated,test_scATAC,pDC,CD4+ T activated,test_scRNA
ACAGCCGGTGGAAACG-1_atac,CD4+ T activated,test_scATAC,CD4+ T activated,CD8+ T,test_scATAC
AGGACTAAGGTAACGA-1_atac,CD4+ T activated,test_scATAC,CD14+ Mono,CD14+ Mono,test_scATAC
ACACTAATCGCATTAA-1_atac,CD14+ Mono,test_scATAC,CD14+ Mono,CD4+ T activated,test_scRNA
GCAAGCCTCCAATTAG-1_atac,Normoblast,test_scATAC,CD14+ Mono,NK,test_scATAC
AACCTAATCCAGGAAA-1_atac,Erythroblast,test_scATAC,CD14+ Mono,CD8+ T,test_scATAC
CCTGTATGTCCCGAAG-1_atac,CD14+ Mono,test_scATAC,CD4+ T naive,Normoblast,test_scRNA
CCAATATCAGTAAAGC-1_atac,CD4+ T naive,test_scATAC,CD14+ Mono,CD8+ T,test_scATAC
TAACCTAAGTTTGGTA-1_atac,CD14+ Mono,test_scATAC,Erythroblast,NK,test_scATAC
GCTTAGTAGCAGGTTT-1_atac,Naive CD20+ B,test_scATAC,B1 B,Erythroblast,test_scRNA
ACCGGCTAGGAGCACG-1_atac,CD4+ T activated,test_scATAC,CD14+ Mono,CD4+ T activated,test_scATAC
CCTCAATGTTGCAATG-1_atac,CD4+ T naive,test_scATAC,Naive CD20+ B,CD4+ T naive,test_scATAC
CAGCATGTCTTGACCC-1_atac,NK,test_scATAC,CD4+ T activated,CD4+ T naive,test_scRNA
GTAAGGTCAGATTCAT-1_atac,Naive CD20+ B,test_scATAC,CD14+ Mono,CD14+ Mono,test_scRNA
AAGCAAGTCTAACTGA-1_atac,Erythroblast,test_scATAC,CD4+ T naive,CD14+ Mono,test_scATAC
TACGTAATCTCACATT-1_atac,Erythroblast,test_scATAC,G/M prog,CD4+ T activated,test_scRNA
TCCAGCAAGGCAAGTA-1_atac,CD14+ Mono,test_scATAC,Normoblast,CD4+ T activated,test_scRNA
GAAGCCTGTTGCATCT-1_atac,CD8+ T,test_scATAC,Naive CD20+ B,CD4+ T naive,test_scATAC
ACCAGCTCATTGTGCA-1_atac,Erythroblast,test_scATAC,CD4+ T activated,Erythroblast,test_scRNA
GTGTTACAGTACTGGT-1_atac,CD14+ Mono,test_scATAC,Normoblast,CD4+ T activated,test_scRNA
ATTGTCCGTGGGTACT-1_atac,CD4+ T activated,test_scATAC,Naive CD20+ B,CD4+ T naive,test_scATAC
TTGTTCCCAGCACCAT-1_atac,B1 B,test_scATAC,HSC,Erythroblast,test_scATAC
TACAGGTTCTTGACCC-1_atac,CD14+ Mono,test_scATAC,CD8+ T,CD4+ T activated,test_scRNA
TCAGCCTTCCTTAGTT-1_atac,Erythroblast,test_scATAC,Erythroblast,CD4+ T activated,test_scRNA
GCCCTCATCCGGAACC-1_atac,CD14+ Mono,test_scATAC,Naive CD20+ B,Erythroblast,test_scRNA
TACCTCATCCTTTACG-1_atac,Erythroblast,test_scATAC,B1 B,B1 B,test_scRNA
TGTATCGCAAGGTCGA-1_atac,CD4+ T activated,test_scATAC,CD8+ T,Naive CD20+ B,test_scATAC
CCCGCTTCAGCCTTGG-1_atac,CD14+ Mono,test_scATAC,Normoblast,Erythroblast,test_scRNA
CCAGCCTGTTCCTCCT-1_atac,CD4+ T activated,test_scATAC,Normoblast,NK,test_scATAC
AAGAATCAGGCGCACT-1_atac,NK,test_scATAC,CD14+ Mono,CD4+ T activated,test_scRNA
TGTGTTAAGCCGCAAC-1_atac,CD8+ T,test_scATAC,CD8+ T,CD8+ T,test_scRNA
ACCCGTAAGCTGCACA-1_atac,NK,test_scATAC,Naive CD20+ B,CD4+ T naive,test_scRNA
TCCATCATCGCAAACT-1_atac,Naive CD20+ B,test_scATAC,Erythroblast,Erythroblast,test_scATAC
GACTCACCAGGCAAGC-1_atac,CD4+ T activated,test_scATAC,ILC,CD8+ T,test_scRNA
CTCAATAAGGCGAATA-1_atac,Normoblast,test_scATAC,Erythroblast,CD8+ T,test_scRNA
TGTTGTAAGTAAGGGC-1_atac,CD4+ T activated,test_scATAC,CD14+ Mono,Naive CD20+ B,test_scATAC
GCTGCACAGCATGAAG-1_atac,CD4+ T naive,test_scATAC,pDC,CD4+ T naive,test_scATAC
TTACCGTGTGCAACTA-1_atac,CD4+ T activated,test_scATAC,CD14+ Mono,CD4+ T activated,test_scATAC
CATAACGGTACAATGT-1_atac,B1 B,test_scATAC,Erythroblast,CD8+ T,test_scRNA
CACGCTAAGCAGGTGG-1_atac,Erythroblast,test_scATAC,Proerythroblast,CD4+ T activated,test_scATAC
ATTAGTCCAGGATGGC-1_atac,CD8+ T,test_scATAC,Proerythroblast,Naive CD20+ B,test_scRNA
TTAACTGAGCGGCTGT-1_atac,NK,test_scATAC,NK,CD8+ T,test_scRNA
ATCCACCTCCTAATTC-1_atac,NK,test_scATAC,CD4+ T naive,Erythroblast,test_scATAC
AAGTTAGCAGGAATCG-1_atac,CD14+ Mono,test_scATAC,CD8+ T,CD14+ Mono,test_scRNA
AAACGTACAGCAAATA-1_atac,CD14+ Mono,test_scATAC,Erythroblast,NK,test_scATAC
GTTTGTTTCTTGGACG-1_atac,CD8+ T,test_scATAC,Erythroblast,Erythroblast,test_scRNA
TCGCCCATCCCTTGCG-1_atac,CD4+ T activated,test_scATAC,CD4+ T naive,B1 B,test_scATAC
ATCAAGACAAACTCAT-1_atac,CD14+ Mono,test_scATAC,Normoblast,CD8+ T,test_scRNA
CTTACCGGTTAATGCG-1_atac,CD14+ Mono,test_scATAC,Naive CD20+ B,CD14+ Mono,test_scATAC
TCGCGCACATTGTGGC-1_atac,G/M prog,test_scATAC,Naive CD20+ B,Normoblast,test_scATAC
ACCTTCATCACTAGGT-1_atac,CD8+ T,test_scATAC,CD14+ Mono,CD4+ T activated,test_scRNA
AAACCAACAATTAACC-1_atac,CD4+ T naive,test_scATAC,CD8+ T,NK,test_scRNA
AATAACCGTAGCCTCC-1_atac,B1 B,test_scATAC,CD14+ Mono,Erythroblast,test_scRNA
TCCGCCATCATGCTTT-1_atac,CD4+ T naive,test_scATAC,NK,CD8+ T,test_scATAC
CACCTCAGTTAGGTGC-1_atac,CD4+ T activated,test_scATAC,CD8+ T,Normoblast,test_scRNA
TAGGAACCAATTAGCT-1_atac,CD14+ Mono,test_scATAC,ILC,Naive CD20+ B,test_scRNA
CTCGCTCCAAGCTACC-1_atac,NK,test_scATAC,CD14+ Mono,Naive CD20+ B,test_scRNA
GTTCTTGTCTATTGTC-1_atac,CD8+ T,test_scATAC,Normoblast,CD4+ T naive,test_scRNA
GAGTGTTTCATAGACC-1_atac,CD4+ T activated,test_scATAC,NK,G/M prog,test_scATAC
GCACTTACAGTAGGAT-1_atac,CD14+ Mono,test_scATAC,CD14+ Mono,Transitional B,test_scRNA
CACCTCAGTGCTCCGT-1_atac,CD14+ Mono,test_scATAC,CD14+ Mono,CD4+ T activated,test_scRNA
TAATCACCAAGGGTTG-1_atac,Erythroblast,test_scATAC,CD4+ T naive,Normoblast,test_scRNA
AGCTGCTCACAAACTT-1_atac,CD4+ T naive,test_scATAC,CD14+ Mono,B1 B,test_scRNA
CGTAACCCATCGCTTT-1_atac,Normoblast,test_scATAC,Naive CD20+ B,Lymph prog,test_scATAC
GAGCGGTCATCGCTTT-1_atac,CD4+ T activated,test_scATAC,CD4+ T naive,Erythroblast,test_scRNA
GATAATCGTGCTGTAA-1_atac,CD14+ Mono,test_scATAC,CD14+ Mono,Naive CD20+ B,test_scATAC
GAGGTTAAGCACCACA-1_atac,CD4+ T naive,test_scATAC,CD14+ Mono,Normoblast,test_scRNA
AAATGCCTCTGTAATG-1_atac,ILC,test_scATAC,Lymph prog,G/M prog,test_scRNA
TACTGACAGGTCCAAT-1_atac,Normoblast,test_scATAC,Erythroblast,CD8+ T,test_scRNA
TGGACAAAGAAGGTGC-1_atac,Erythroblast,test_scATAC,Erythroblast,Proerythroblast,test_scRNA
TTAATCGAGGAAGCTA-1_atac,CD8+ T,test_scATAC,Naive CD20+ B,Erythroblast,test_scATAC
GTGCTGGGTTAGGCTA-1_atac,Normoblast,test_scATAC,CD16+ Mono,Erythroblast,test_scATAC
GAGCGGTCATGAGCAG-1_atac,B1 B,test_scATAC,Lymph prog,ID2-hi myeloid prog,test_scATAC
CCTAAAGGTCATCATC-1_atac,Naive CD20+ B,test_scATAC,Normoblast,Normoblast,test_scATAC
GTGCTGATCACCGGTA-1_atac,B1 B,test_scATAC,Erythroblast,B1 B,test_scRNA
ATGTCAATCCTAAGTA-1_atac,CD8+ T,test_scATAC,CD14+ Mono,CD4+ T naive,test_scRNA
CTTACCTCATGTCAGC-1_atac,Erythroblast,test_scATAC,Naive CD20+ B,CD8+ T,test_scATAC
GGCTTAAGTCGTTACT-1_atac,CD14+ Mono,test_scATAC,NK,CD4+ T activated,test_scATAC
GCCTTGCGTTCGCTTG-1_atac,CD4+ T activated,test_scATAC,CD8+ T,CD8+ T,test_scATAC
GCGATTAGTCATGAGC-1_atac,B1 B,test_scATAC,pDC,CD4+ T activated,test_scRNA
TTTCCTGAGTTAGTGC-1_atac,Naive CD20+ B,test_scATAC,CD14+ Mono,CD14+ Mono,test_scATAC
GCTAAGCGTTCGGGAT-1_atac,CD4+ T naive,test_scATAC,CD8+ T,G/M prog,test_scRNA
TCAGTGAGTTAGGTTG-1_atac,Normoblast,test_scATAC,CD14+ Mono,Erythroblast,test_scATAC
GGCCTAATCTAATCAG-1_atac,CD8+ T,test_scATAC,CD8+ T,CD4+ T activated,test_scATAC
CGACCTGCAGGCGAGT-1_atac,CD14+ Mono,test_scATAC,CD14+ Mono,Erythroblast,test_scRNA
GCGAAGCCAATCATGT-1_atac,Erythroblast,test_scATAC,CD14+ Mono,CD8+ T,test_scRNA
GCCCAAATCATGAGCT-1_atac,Naive CD20+ B,test_scATAC,CD14+ Mono,CD4+ T naive,test_scRNA
AGCGCTCAGCGATACT-1_atac,CD8+ T,test_scATAC,CD4+ T naive,CD4+ T naive,test_scRNA
GTCTAGCCAGGAACAT-1_atac,CD8+ T,test_scATAC,Normoblast,Erythroblast,test_scATAC
AATTGCCAGCCAGTAT-1_atac,NK,test_scATAC,MK/E prog,CD4+ T activated,test_scATAC
GCCATGATCTCACATT-1_atac,CD4+ T naive,test_scATAC,Erythroblast,CD8+ T,test_scRNA
CGCTACTTCATGGCTG-1_atac,Erythroblast,test_scATAC,G/M prog,CD4+ T activated,test_scATAC
GCTGGATGTGCTTTAC-1_atac,CD4+ T naive,test_scATAC,CD4+ T activated,Erythroblast,test_scRNA
AATATCCCATGTTGCA-1_atac,CD14+ Mono,test_scATAC,CD14+ Mono,Normoblast,test_scRNA
ACCAGGGAGGAGCACG-1_atac,CD4+ T activated,test_scATAC,Plasma cell,cDC2,test_scRNA
TAGGCTTAGTATTGTG-1_atac,CD4+ T naive,test_scATAC,CD14+ Mono,CD4+ T naive,test_scRNA
AACCTAATCCTGCGAA-1_atac,CD14+ Mono,test_scATAC,ILC,Erythroblast,test_scATAC
GATGCGACAGCTTAGC-1_atac,CD14+ Mono,test_scATAC,NK,CD8+ T,test_scATAC
ACCCAACCATGCAACC-1_atac,CD14+ Mono,test_scATAC,HSC,NK,test_scRNA
ACCACATAGTTAGTTG-1_atac,Erythroblast,test_scATAC,CD14+ Mono,Erythroblast,test_scRNA
CCCATAACACAGACTC-1_atac,NK,test_scATAC,NK,CD4+ T naive,test_scATAC
GTTGCCCGTAAGTCGC-1_atac,CD14+ Mono,test_scATAC,MK/E prog,pDC,test_scATAC
CAGCTCAAGGCGCTTA-1_atac,Normoblast,test_scATAC,CD4+ T naive,Normoblast,test_scRNA
ACGTCCTTCTGTAATG-1_atac,Naive CD20+ B,test_scATAC,CD4+ T naive,NK,test_scATAC
CCAGGAACACTATGGC-1_atac,CD4+ T activated,test_scATAC,CD8+ T,CD16+ Mono,test_scRNA
GGCAAGCCATGAGTTT-1_atac,CD4+ T naive,test_scATAC,CD4+ T naive,CD14+ Mono,test_scRNA
TATAGCTCAGCTCATA-1_atac,NK,test_scATAC,NK,Naive CD20+ B,test_scATAC
CTATGGCCAAAGCTCC-1_atac,CD14+ Mono,test_scATAC,CD14+ Mono,Naive CD20+ B,test_scRNA
GATTCATCAGAAATGC-1_atac,CD8+ T,test_scATAC,CD4+ T activated,CD8+ T,test_scATAC
CCGCTAGCATGAAATG-1_atac,NK,test_scATAC,Proerythroblast,CD4+ T activated,test_scRNA
TGCTGGATCAATACGC-1_atac,Normoblast,test_scATAC,ILC,NK,test_scRNA
ATGCGATTCCCTCAAC-1_atac,CD14+ Mono,test_scATAC,CD8+ T,MK/E prog,test_scATAC
ATGGCTGTCCTCACAC-1_atac,Erythroblast,test_scATAC,NK,Erythroblast,test_scRNA
ATCCCGCGTTGGTTAG-1_atac,CD14+ Mono,test_scATAC,CD4+ T activated,Erythroblast,test_scRNA
TTGAGCTAGGTTACAC-1_atac,CD8+ T,test_scATAC,CD4+ T activated,CD4+ T activated,test_scRNA
CTTAACAAGTTGTCCC-1_atac,CD8+ T,test_scATAC,CD8+ T,CD8+ T,test_scRNA
TCCATGCTCCGGAACC-1_atac,CD14+ Mono,test_scATAC,Erythroblast,Naive CD20+ B,test_scRNA
TCGTTATTCACGAATC-1_atac,CD4+ T naive,test_scATAC,NK,Erythroblast,test_scATAC
GCCTGACAGCCGGTAC-1_atac,Erythroblast,test_scATAC,CD14+ Mono,CD4+ T naive,test_scATAC
ATGGACAAGTTGTCAA-1_atac,CD14+ Mono,test_scATAC,Plasma cell,CD4+ T naive,test_scRNA
TAAGTAGCAAGGTGCA-1_atac,CD14+ Mono,test_scATAC,Lymph prog,CD4+ T naive,test_scRNA
CCTCAATGTTCCTGTG-1_atac,Naive CD20+ B,test_scATAC,CD4+ T naive,CD4+ T activated,test_scRNA
GCCTCGACAGGACACA-1_atac,CD8+ T,test_scATAC,NK,Erythroblast,test_scRNA
TGAAGTGAGTCATGCG-1_atac,CD8+ T,test_scATAC,Erythroblast,CD8+ T,test_scATAC
GAAACCCGTAATAGCT-1_atac,CD4+ T naive,test_scATAC,Naive CD20+ B,CD4+ T naive,test_scRNA
CCGATGCAGGTTACGT-1_atac,Erythroblast,test_scATAC,CD4+ T naive,CD8+ T,test_scATAC
TCGTTTCCACAAGCCT-1_atac,Normoblast,test_scATAC,CD4+ T activated,CD14+ Mono,test_scRNA
CGGTTGGGTCTCACTG-1_atac,CD4+ T activated,test_scATAC,Naive CD20+ B,CD4+ T naive,test_scRNA
AGTCTTGCATGAAGTA-1_atac,Erythroblast,test_scATAC,Proerythroblast,NK,test_scRNA
GTGCTTCTCACTAATG-1_atac,Naive CD20+ B,test_scATAC,Normoblast,CD14+ Mono,test_scATAC
CTCACACTCGCTCCAT-1_atac,NK,test_scATAC,NK,CD4+ T activated,test_scRNA
ATATGCATCAACAAGG-1_atac,CD14+ Mono,test_scATAC,CD8+ T,HSC,test_scRNA
GATGCGACAATCCTAG-1_atac,Erythroblast,test_scATAC,ID2-hi myeloid prog,CD8+ T,test_scRNA
GGTTAATGTTTGCAGA-1_atac,CD14+ Mono,test_scATAC,G/M prog,Erythroblast,test_scRNA
CTGTATTTCATCCACC-1_atac,B1 B,test_scATAC,CD14+ Mono,Plasma cell,test_scATAC
GCCTTTATCCCAGTAG-1_atac,CD8+ T,test_scATAC,CD14+ Mono,CD8+ T,test_scATAC
TGGGCATGTTAGGCGT-1_atac,CD14+ Mono,test_scATAC,Erythroblast,pDC,test_scATAC
TATAGCCAGGGATGAC-1_atac,NK,test_scATAC,Naive CD20+ B,CD14+ Mono,test_scATAC
TGGTCATAGGGACTAA-1_atac,Naive CD20+ B,test_scATAC,CD4+ T activated,HSC,test_scRNA
GCTGGTTCATGGTTAT-1_atac,CD8+ T,test_scATAC,NK,CD8+ T,test_scRNA
ACGACAAAGTTAACCA-1_atac,Erythroblast,test_scATAC,Erythroblast,Normoblast,test_scRNA
GTTCTTAGTAACCTAG-1_atac,CD4+ T activated,test_scATAC,Plasma cell,Naive CD20+ B,test_scRNA
ACCTGGTCAGGAAGCC-1_atac,CD4+ T naive,test_scATAC,B1 B,Erythroblast,test_scRNA
GTCTATGCAGCATGTC-1_atac,ILC,test_scATAC,B1 B,CD4+ T activated,test_scRNA
TAGGCTAGTGAGGTGA-1_atac,CD8+ T,test_scATAC,CD8+ T,CD8+ T,test_scATAC
GGCTGAGAGTTATGTG-1_atac,Naive CD20+ B,test_scATAC,CD8+ T,CD4+ T naive,test_scATAC
CCTTGTTCAGCATGTC-1_atac,CD8+ T,test_scATAC,CD14+ Mono,CD16+ Mono,test_scRNA
CGCACCACAACCGCCA-1_atac,NK,test_scATAC,B1 B,Erythroblast,test_scATAC
TGATGACTCCCTGTTA-1_atac,CD4+ T naive,test_scATAC,Naive CD20+ B,B1 B,test_scRNA
TGTTGGCCAATAGCAA-1_atac,CD4+ T activated,test_scATAC,cDC2,CD14+ Mono,test_scRNA
GATGGCTGTTAGGTTG-1_atac,B1 B,test_scATAC,cDC2,CD8+ T,test_scATAC
GGCCTTAAGTGCTGTG-1_atac,Erythroblast,test_scATAC,NK,Normoblast,test_scATAC
CGGTTTCTCAGCATTA-1_atac,NK,test_scATAC,Normoblast,Naive CD20+ B,test_scATAC
AGGTCCGGTTAACACG-1_atac,CD14+ Mono,test_scATAC,CD16+ Mono,CD4+ T activated,test_scATAC
AACTTAGTCCGTTATT-1_atac,CD4+ T activated,test_scATAC,B1 B,CD4+ T activated,test_scRNA
TGCAAGCGTAAGCTCA-1_atac,CD4+ T naive,test_scATAC,CD4+ T activated,Erythroblast,test_scATAC
AGCTTTAAGTCAGTAC-1_atac,Normoblast,test_scATAC,CD8+ T,G/M prog,test_scRNA
ATGGCTAGTATTGGAT-1_atac,NK,test_scATAC,CD14+ Mono,Erythroblast,test_scATAC
GTTAAGTGTGAGACTC-1_atac,CD4+ T naive,test_scATAC,Proerythroblast,CD4+ T naive,test_scATAC
TCAAGTATCATAACCA-1_atac,CD4+ T activated,test_scATAC,NK,CD14+ Mono,test_scRNA
TGACTTAAGCACGTTG-1_atac,CD8+ T,test_scATAC,CD4+ T naive,CD14+ Mono,test_scRNA
TACCAAATCAAGGACA-1_atac,Erythroblast,test_scATAC,NK,CD14+ Mono,test_scRNA
GGACCGAAGCCATCAG-1_atac,CD4+ T activated,test_scATAC,Erythroblast,Erythroblast,test_scATAC
CACATTAAGTATTGTG-1_atac,CD14+ Mono,test_scATAC,CD14+ Mono,CD14+ Mono,test_scATAC
ATATGCATCCGGTATG-1_atac,CD4+ T naive,test_scATAC,CD4+ T naive,CD14+ Mono,test_scRNA
GGCTGAGAGGCGCACT-1_atac,CD4+ T naive,test_scATAC,Naive CD20+ B,CD4+ T activated,test_scATAC
ACGTTACAGCAGGTTT-1_atac,Naive CD20+ B,test_scATAC,CD8+ T,CD14+ Mono,test_scATAC
TGTTACTTCCCGAACA-1_atac,Naive CD20+ B,test_scATAC,NK,CD8+ T,test_scRNA
GTGCTTACATACTCCT-1_atac,CD14+ Mono,test_scATAC,NK,Naive CD20+ B,test_scATAC
AAATCCGGTTAGGTTG-1_atac,CD8+ T,test_scATAC,G/M prog,CD14+ Mono,test_scRNA
AAACATGCAATATAGG-1_atac,CD4+ T activated,test_scATAC,Erythroblast,CD14+ Mono,test_scRNA
TTGGTGAGTAGGTGTC-1_atac,NK,test_scATAC,CD14+ Mono,Erythroblast,test_scRNA
CACTTTGTCGAGCTAT-1_atac,CD4+ T activated,test_scATAC,CD14+ Mono,Naive CD20+ B,test_scRNA
CTAAATGTCCAGGTCA-1_atac,CD4+ T activated,test_scATAC,Normoblast,Proerythroblast,test_scATAC
CTTCACTCATCAGTAT-1_atac,CD8+ T,test_scATAC,NK,NK,test_scATAC
TGTTGTTTCTAACCTT-1_atac,NK,test_scATAC,CD4+ T naive,CD4+ T naive,test_scRNA
CAATAGCTCATTACGA-1_atac,Normoblast,test_scATAC,CD4+ T activated,CD14+ Mono,test_scRNA
GTAGGAGGTTGCATCT-1_atac,Erythroblast,test_scATAC,CD14+ Mono,B1 B,test_scRNA
ACCAAGCGTAAAGCGG-1_atac,NK,test_scATAC,CD14+ Mono,CD4+ T activated,test_scRNA
TCCTTCAAGGCGCACT-1_atac,CD14+ Mono,test_scATAC,CD8+ T,CD4+ T activated,test_scRNA
AGTTTGCAGTAACAGG-1_atac,NK,test_scATAC,Erythroblast,Erythroblast,test_scATAC
ATAACGACACTAGCGT-1_atac,CD4+ T activated,test_scATAC,CD8+ T,Erythroblast,test_scRNA
CCTAAGCCAATAATGG-1_atac,Erythroblast,test_scATAC,Naive CD20+ B,CD14+ Mono,test_scRNA
TGCGGTTCAAGATTCT-1_atac,CD8+ T,test_scATAC,CD4+ T naive,CD14+ Mono,test_scATAC
CGCACCACAAGGTCCT-1_atac,CD14+ Mono,test_scATAC,B1 B,NK,test_scATAC
CGGTTATAGCTGGAAA-1_atac,CD8+ T,test_scATAC,Proerythroblast,B1 B,test_scATAC
CATCACACATAATCGT-1_atac,CD4+ T activated,test_scATAC,CD14+ Mono,NK,test_scATAC
TAACCTAAGAATCGCT-1_atac,ILC,test_scATAC,CD8+ T,MK/E prog,test_scRNA
GGTAAGGGTCATGCAA-1_atac,CD4+ T activated,test_scATAC,CD4+ T activated,CD4+ T activated,test_scRNA
GGTCTTGAGGTGCTGC-1_atac,Normoblast,test_scATAC,CD8+ T,Normoblast,test_scATAC
TTGACTAAGGATAAAC-1_atac,CD4+ T activated,test_scATAC,Lymph prog,ID2-hi myeloid prog,test_scRNA
CCTTGTTCAATGAGGT-1_atac,CD4+ T activated,test_scATAC,CD8+ T,Naive CD20+ B,test_scRNA
AGACCCGGTAGGATCC-1_atac,CD4+ T activated,test_scATAC,Erythroblast,CD4+ T activated,test_scRNA
CGGTTTCTCCAGGTTG-1_atac,Erythroblast,test_scATAC,CD4+ T naive,CD14+ Mono,test_scATAC
TAGTGGCGTTGGTTCT-1_atac,CD8+ T,test_scATAC,CD4+ T activated,CD8+ T,test_scATAC
TTGTCCCAGTTAGTGC-1_atac,Erythroblast,test_scATAC,CD14+ Mono,ID2-hi myeloid prog,test_scATAC
CCGATGCAGACTAAGG-1_atac,Normoblast,test_scATAC,CD14+ Mono,CD4+ T activated,test_scATAC
GCCTCCATCTCAATTC-1_atac,Erythroblast,test_scATAC,CD4+ T activated,Erythroblast,test_scATAC
TACTTCGTCCACCTGT-1_atac,Naive CD20+ B,test_scATAC,CD14+ Mono,Erythroblast,test_scATAC
GCGAAGTAGCAAACCT-1_atac,CD8+ T,test_scATAC,CD4+ T naive,CD4+ T naive,test_scATAC
CAACTAGGTTGTGACA-1_atac,Normoblast,test_scATAC,CD4+ T activated,Normoblast,test_scATAC
CAATAAGCATTATGCG-1_atac,CD4+ T activated,test_scATAC,Erythroblast,CD16+ Mono,test_scRNA
ACTTACTTCGGTTCCT-1_atac,CD8+ T,test_scATAC,ILC,CD14+ Mono,test_scATAC
ACACTTAAGCACGTTG-1_atac,Naive CD20+ B,test_scATAC,CD8+ T,CD8+ T,test_scATAC
GCTAGCGGTGCATTAG-1_atac,CD8+ T,test_scATAC,CD4+ T naive,CD4+ T naive,test_scATAC
GATGCGACATGAATAG-1_atac,CD4+ T activated,test_scATAC,CD4+ T activated,NK,test_scRNA
CTAGCTTGTCAAAGGG-1_atac,Erythroblast,test_scATAC,CD14+ Mono,Normoblast,test_scRNA
GCAGGTGAGCCTGATG-1_atac,ILC,test_scATAC,CD4+ T activated,CD14+ Mono,test_scATAC
TTGACATCACTAGGTC-1_atac,CD14+ Mono,test_scATAC,CD4+ T activated,CD4+ T activated,test_scRNA
TCGTTAAAGCGAGTAA-1_atac,CD4+ T naive,test_scATAC,CD4+ T activated,NK,test_scRNA
TGTTCATTCATAGCCG-1_atac,CD8+ T,test_scATAC,CD14+ Mono,pDC,test_scRNA
TCGACAAGTTGTTGGA-1_atac,Normoblast,test_scATAC,CD14+ Mono,CD4+ T activated,test_scATAC
CTTCTAAGTGATCAGC-1_atac,CD14+ Mono,test_scATAC,CD8+ T,CD4+ T activated,test_scRNA
GCCAGGAAGCATTATG-1_atac,Erythroblast,test_scATAC,CD4+ T activated,CD4+ T naive,test_scRNA
CGTAACTAGAGAGGAG-1_atac,CD14+ Mono,test_scATAC,Erythroblast,ILC,test_scRNA
AGACAATAGTGACCTG-1_atac,CD14+ Mono,test_scATAC,CD8+ T,CD14+ Mono,test_scRNA
GGGAGTAGTAGGATCC-1_atac,Normoblast,test_scATAC,CD4+ T naive,CD4+ T activated,test_scRNA
TCTCCTCGTAGCTGGT-1_atac,CD4+ T activated,test_scATAC,CD14+ Mono,cDC2,test_scRNA
CTTGCAACAGGCGATA-1_atac,CD4+ T activated,test_scATAC,Naive CD20+ B,pDC,test_scRNA
GTGAACAAGTAGCGGG-1_atac,NK,test_scATAC,CD4+ T naive,pDC,test_scRNA
TGATGATGTCAGGCCA-1_atac,CD8+ T,test_scATAC,CD14+ Mono,ILC,test_scRNA
TAGCATATCCACCCTG-1_atac,NK,test_scATAC,G/M prog,CD4+ T naive,test_scRNA
TGTGCGGGTAATGACT-1_atac,Normoblast,test_scATAC,Transitional B,CD8+ T,test_scRNA
ACAACAACATGAGCAG-1_atac,Erythroblast,test_scATAC,CD14+ Mono,CD4+ T activated,test_scATAC
ATTACGTCAAGTGTTT-1_atac,CD4+ T naive,test_scATAC,CD4+ T activated,NK,test_scRNA
GGTTATGGTGCTGGTG-1_atac,NK,test_scATAC,Naive CD20+ B,Erythroblast,test_scATAC
AGTAACCTCGCTCACT-1_atac,Naive CD20+ B,test_scATAC,Normoblast,Erythroblast,test_scATAC
GCCTGCTGTGCTTACT-1_atac,Erythroblast,test_scATAC,CD4+ T activated,CD4+ T naive,test_scRNA
GTGCAAGCAAATGCCC-1_atac,CD8+ T,test_scATAC,CD4+ T activated,CD4+ T naive,test_scRNA
CGATTTGCAAAGCTCC-1_atac,CD4+ T activated,test_scATAC,Erythroblast,Normoblast,test_scRNA
GTTAAGTGTCCACAAA-1_atac,NK,test_scATAC,CD8+ T,Naive CD20+ B,test_scATAC
CAATATGTCAGGGCCT-1_atac,CD4+ T activated,test_scATAC,NK,Normoblast,test_scRNA
CAAGTTATCGCTTCTA-1_atac,Erythroblast,test_scATAC,Erythroblast,CD14+ Mono,test_scATAC
TTAGGAACATTAGCCA-1_atac,G/M prog,test_scATAC,CD8+ T,CD4+ T naive,test_scRNA
CGTAGTTAGTCAGGCC-1_atac,CD14+ Mono,test_scATAC,Normoblast,Lymph prog,test_scATAC
GGATACTTCATTTGTC-1_atac,CD4+ T activated,test_scATAC,CD14+ Mono,CD4+ T activated,test_scRNA
AAGGATTAGCTTATGA-1_atac,Naive CD20+ B,test_scATAC,CD4+ T activated,CD14+ Mono,test_scATAC
TTGGATCAGTCCTGAG-1_atac,CD14+ Mono,test_scATAC,Normoblast,CD14+ Mono,test_scRNA
TAGGGTTTCCTGAGTG-1_atac,CD4+ T naive,test_scATAC,ILC,Erythroblast,test_scRNA
TCACGGATCGCAAACT-1_atac,CD4+ T activated,test_scATAC,CD8+ T,G/M prog,test_scRNA
CACTGACCATCCATCT-1_atac,NK,test_scATAC,NK,CD14+ Mono,test_scATAC
GACTATTCAGCCAGTT-1_atac,CD8+ T,test_scATAC,CD14+ Mono,Normoblast,test_scRNA
CCAGGAACAGTAGGAT-1_atac,CD8+ T,test_scATAC,CD8+ T,CD14+ Mono,test_scATAC
GCCTTAGAGCCTGTGA-1_atac,CD8+ T,test_scATAC,CD4+ T activated,Normoblast,test_scRNA
CGTATTGCACTGACTA-1_atac,CD14+ Mono,test_scATAC,Erythroblast,CD8+ T,test_scATAC
TCCGCCATCGATTTAG-1_atac,NK,test_scATAC,CD14+ Mono,CD14+ Mono,test_scATAC
GAGTAATAGGATGATG-1_atac,CD8+ T,test_scATAC,Erythroblast,CD4+ T naive,test_scATAC
GCCAACATCCCGAACA-1_atac,CD8+ T,test_scATAC,CD4+ T activated,CD4+ T naive,test_scATAC
TACTCGCTCCGCCTAT-1_atac,CD14+ Mono,test_scATAC,Erythroblast,Erythroblast,test_scATAC
CTCTCACAGCTGTACG-1_atac,CD4+ T naive,test_scATAC,CD14+ Mono,CD4+ T naive,test_scATAC
GTGTAACTCCGTAAAC-1_atac,Normoblast,test_scATAC,ILC,Normoblast,test_scATAC
TCAATCGCACCTACTT-1_atac,ILC,test_scATAC,NK,Normoblast,test_scRNA
ATCAGGTTCTTCAATC-1_atac,CD8+ T,test_scATAC,CD4+ T naive,CD8+ T,test_scRNA
GTGGACACATAATGAG-1_atac,Erythroblast,test_scATAC,Naive CD20+ B,Naive CD20+ B,test_scRNA
GAGTTGCGTGTTGTGA-1_atac,Normoblast,test_scATAC,CD8+ T,Naive CD20+ B,test_scRNA
TATCCAGCACCGGTAT-1_atac,G/M prog,test_scATAC,CD14+ Mono,CD14+ Mono,test_scRNA
ATCACAATCGATTCTT-1_atac,CD4+ T activated,test_scATAC,NK,B1 B,test_scATAC
AAATCCGGTAGCTAAT-1_atac,CD4+ T naive,test_scATAC,NK,Erythroblast,test_scATAC
AATGCATGTTGTTGGA-1_atac,CD14+ Mono,test_scATAC,Normoblast,ILC,test_scRNA
CTAGTAGGTCGTTACT-1_atac,CD14+ Mono,test_scATAC,CD8+ T,Normoblast,test_scATAC
AGAACAAGTATTACCC-1_atac,CD4+ T naive,test_scATAC,CD14+ Mono,NK,test_scATAC
GGTGCTGGTCCTAAGA-1_atac,Erythroblast,test_scATAC,Erythroblast,CD4+ T naive,test_scATAC
CATCGCTTCATTATGG-1_atac,NK,test_scATAC,CD4+ T naive,CD4+ T activated,test_scATAC
GAATTTGTCTTGAGCG-1_atac,CD14+ Mono,test_scATAC,NK,CD4+ T naive,test_scATAC
ACACTTGCATGAGTTT-1_atac,CD14+ Mono,test_scATAC,Erythroblast,B1 B,test_scRNA
GATTAGTGTAACCACA-1_atac,Normoblast,test_scATAC,Lymph prog,NK,test_scATAC
CCTAAGTAGAGCCGGA-1_atac,Normoblast,test_scATAC,NK,CD8+ T,test_scRNA
CAGTACCCAGGGAGGA-1_atac,CD8+ T,test_scATAC,CD4+ T activated,NK,test_scATAC
GATAACGAGATGCCTG-1_atac,CD14+ Mono,test_scATAC,CD14+ Mono,Plasma cell,test_scRNA
GGAGTCTGTCACGAAC-1_atac,CD4+ T activated,test_scATAC,CD4+ T activated,Normoblast,test_scRNA
GGGCATTGTGATTACG-1_atac,CD4+ T activated,test_scATAC,CD4+ T activated,CD8+ T,test_scATAC
CGGTAACGTAACGAGG-1_atac,Erythroblast,test_scATAC,CD4+ T activated,Erythroblast,test_scATAC
GTTAGGCGTTCGGTAA-1_atac,CD4+ T activated,test_scATAC,CD4+ T activated,CD14+ Mono,test_scATAC
GTTGGAGCAAACGGGC-1_atac,CD4+ T naive,test_scATAC,Erythroblast,CD4+ T activated,test_scATAC
GCTAGCTCAACAGGTG-1_atac,G/M prog,test_scATAC,CD4+ T activated,Naive CD20+ B,test_scRNA
TAGCCGGGTGATGGCT-1_atac,CD4+ T activated,test_scATAC,ILC,CD8+ T,test_scRNA
CCCTCACCATAAACCT-1_atac,CD4+ T activated,test_scATAC,CD14+ Mono,CD4+ T activated,test_scRNA
CTCTAGCTCGATTATG-1_atac,NK,test_scATAC,CD8+ T,Naive CD20+ B,test_scRNA
CCCGTTGTCCGGAACC-1_atac,Normoblast,test_scATAC,CD8+ T,Naive CD20+ B,test_scATAC
CATAGCTAGTGCTGTG-1_atac,Erythroblast,test_scATAC,Lymph prog,CD8+ T,test_scATAC
TTTAGGATCGTGCCTT-1_atac,CD14+ Mono,test_scATAC,CD14+ Mono,pDC,test_scATAC
ACTTACTTCGCAAACT-1_atac,Erythroblast,test_scATAC,Erythroblast,Normoblast,test_scATAC
GTGTGTTAGGCAGGTG-1_atac,CD14+ Mono,test_scATAC,B1 B,pDC,test_scATAC
AATTTGCCATAGCTTG-1_atac,NK,test_scATAC,Naive CD20+ B,Erythroblast,test_scATAC
GACCTTTGTACCGTTT-1_atac,CD8+ T,test_scATAC,CD4+ T activated,CD8+ T,test_scRNA
TCCATCATCAGCACGC-1_atac,Normoblast,test_scATAC,CD4+ T activated,CD14+ Mono,test_scRNA
GTTGCATAGATAGACG-1_atac,Erythroblast,test_scATAC,CD4+ T naive,CD4+ T activated,test_scRNA
CCGCTTAGTTCCGGCT-1_atac,CD4+ T activated,test_scATAC,ID2-hi myeloid prog,Naive CD20+ B,test_scRNA
CACATTAAGTAACCAC-1_atac,Naive CD20+ B,test_scATAC,NK,Naive CD20+ B,test_scATAC
GGTGAGCCAATTAGGA-1_atac,CD8+ T,test_scATAC,NK,Erythroblast,test_scRNA
GTGCTGATCTAGCGTG-1_atac,CD4+ T activated,test_scATAC,CD4+ T activated,CD14+ Mono,test_scATAC
CAGGCTGGTTAAGCCA-1_atac,CD4+ T activated,test_scATAC,Normoblast,Naive CD20+ B,test_scRNA
TATTGACCAGGCCAAA-1_atac,G/M prog,test_scATAC,CD4+ T activated,CD4+ T naive,test_scATAC
TCGGTTACACCAGGTT-1_atac,Erythroblast,test_scATAC,Erythroblast,Erythroblast,test_scATAC
ATTACCCGTATCTGGA-1_atac,Normoblast,test_scATAC,CD8+ T,HSC,test_scRNA
ACTGAATGTTAGCGTA-1_atac,G/M prog,test_scATAC,CD8+ T,Erythroblast,test_scRNA
GCTGTACCAGGTTACC-1_atac,Normoblast,test_scATAC,CD4+ T activated,CD4+ T naive,test_scRNA
GGCTGGTTCGGGCCAT-1_atac,ILC,test_scATAC,CD14+ Mono,CD4+ T naive,test_scATAC
GAGAACCAGACAGGCG-1_atac,Erythroblast,test_scATAC,NK,CD4+ T activated,test_scRNA
GAGAGGCGTAATGGAA-1_atac,CD14+ Mono,test_scATAC,Erythroblast,CD4+ T activated,test_scATAC
CGTATTGCAAAGCTCC-1_atac,Naive CD20+ B,test_scATAC,NK,CD8+ T,test_scATAC
ACGGTACGTCAGGCAT-1_atac,CD8+ T,test_scATAC,CD4+ T activated,CD4+ T activated,test_scATAC
ACGTTGTAGCGAGTAA-1_atac,Erythroblast,test_scATAC,CD8+ T,Erythroblast,test_scATAC
GATAAAGGTGATTACG-1_atac,NK,test_scATAC,NK,CD8+ T,test_scATAC
CACTAAGGTTCAAGCA-1_atac,CD4+ T activated,test_scATAC,CD14+ Mono,CD4+ T activated,test_scRNA
ACTGAATGTGCCGCAA-1_atac,CD4+ T activated,test_scATAC,Erythroblast,CD4+ T naive,test_scRNA
GGAGCGATCACTAAGC-1_atac,CD4+ T activated,test_scATAC,CD14+ Mono,NK,test_scRNA
TGTTGCACAGTAAGTA-1_atac,B1 B,test_scATAC,CD14+ Mono,CD8+ T,test_scATAC
CTGTTAAAGATGCCTG-1_atac,B1 B,test_scATAC,HSC,CD14+ Mono,test_scRNA
AATCCCTGTAGCTGGT-1_atac,NK,test_scATAC,Erythroblast,Erythroblast,test_scRNA
AGGCGGATCGTAATCA-1_atac,CD4+ T naive,test_scATAC,Naive CD20+ B,CD4+ T activated,test_scRNA
GCAGGACCATCATGGC-1_atac,Normoblast,test_scATAC,CD4+ T activated,CD4+ T activated,test_scRNA
TGGACGGAGGCATGTT-1_atac,Erythroblast,test_scATAC,CD4+ T naive,CD14+ Mono,test_scRNA
AACCTAATCGAAGCGG-1_atac,Erythroblast,test_scATAC,Normoblast,CD16+ Mono,test_scATAC
TGAGGGAGTTATGTGG-1_atac,CD14+ Mono,test_scATAC,CD8+ T,CD4+ T activated,test_scRNA
CTTGAATCAGGATAAC-1_atac,G/M prog,test_scATAC,CD8+ T,CD14+ Mono,test_scRNA
GCTCAACCACTAAATC-1_atac,Erythroblast,test_scATAC,Erythroblast,Erythroblast,test_scRNA
CAAGGTTTCAAACACC-1_atac,NK,test_scATAC,MK/E prog,Erythroblast,test_scATAC
GCCATTACAATAACCT-1_atac,ILC,test_scATAC,CD14+ Mono,Erythroblast,test_scRNA
GCTTCGCGTTATAGCG-1_atac,Normoblast,test_scATAC,Normoblast,CD8+ T,test_scATAC
TTAATCGAGGTCCGTA-1_atac,CD14+ Mono,test_scATAC,ID2-hi myeloid prog,CD14+ Mono,test_scRNA
TGAGCAAAGACAAACG-1_atac,CD4+ T activated,test_scATAC,CD4+ T activated,CD14+ Mono,test_scATAC
TTATGACCAATGAGGT-1_atac,Erythroblast,test_scATAC,CD14+ Mono,Erythroblast,test_scATAC
GTAAGGTCAAGCTTAT-1_atac,Erythroblast,test_scATAC,Normoblast,CD14+ Mono,test_scATAC
GTGCATTAGGGCTTAT-1_atac,CD8+ T,test_scATAC,NK,CD14+ Mono,test_scRNA
GACGCAACAGTTTCTC-1_atac,CD4+ T naive,test_scATAC,B1 B,CD14+ Mono,test_scRNA
ATCCATAAGGTAAGCA-1_atac,Normoblast,test_scATAC,CD14+ Mono,CD8+ T,test_scATAC
AATACCGGTGTGCAAC-1_atac,Naive CD20+ B,test_scATAC,CD4+ T activated,CD4+ T naive,test_scRNA
CCAAGTTAGTAGCGCC-1_atac,Naive CD20+ B,test_scATAC,CD4+ T activated,CD4+ T activated,test_scRNA
CAATCGCCATCTTGAG-1_atac,CD14+ Mono,test_scATAC,CD4+ T activated,NK,test_scATAC
AGCAATACAAGGGTTG-1_atac,NK,test_scATAC,CD8+ T,CD8+ T,test_scATAC
CTAGCGGGTAAGCTTG-1_atac,CD4+ T activated,test_scATAC,Erythroblast,NK,test_scATAC
GCACGGTTCATTATGG-1_atac,CD4+ T naive,test_scATAC,G/M prog,CD4+ T naive,test_scRNA
GACATAGAGCTATTGA-1_atac,NK,test_scATAC,Erythroblast,Erythroblast,test_scRNA
TACCTGCTCCCTCAAC-1_atac,Normoblast,test_scATAC,Naive CD20+ B,CD14+ Mono,test_scRNA
GTAAGGTCATCGCTCC-1_atac,CD4+ T activated,test_scATAC,CD8+ T,Naive CD20+ B,test_scRNA
AGCCTAAGTTAGGATT-1_atac,CD4+ T activated,test_scATAC,Erythroblast,CD4+ T activated,test_scRNA
CCTACTTCAAGCTTTG-1_atac,CD4+ T naive,test_scATAC,CD8+ T,Lymph prog,test_scATAC
CGCTTCTAGGGTGAAC-1_atac,CD14+ Mono,test_scATAC,Erythroblast,CD4+ T activated,test_scATAC
ATTAACCCAAAGCTCC-1_atac,Normoblast,test_scATAC,Normoblast,CD4+ T activated,test_scRNA
GTAGCTGTCACGCATG-1_atac,Erythroblast,test_scATAC,CD8+ T,Erythroblast,test_scRNA
TGATTAGTCACGAATC-1_atac,G/M prog,test_scATAC,CD4+ T activated,CD14+ Mono,test_scRNA
TGTAACTCAATATACC-1_atac,NK,test_scATAC,ILC,Erythroblast,test_scRNA
CAAGTGAAGCAAGACA-1_atac,Erythroblast,test_scATAC,Erythroblast,CD14+ Mono,test_scATAC
TCCAGGTCATCAGTAT-1_atac,CD14+ Mono,test_scATAC,NK,CD4+ T activated,test_scRNA
ATCACACAGCATTTCT-1_atac,Erythroblast,test_scATAC,pDC,CD4+ T activated,test_scATAC
GGAGGTTAGCACAGAA-1_atac,CD14+ Mono,test_scATAC,CD4+ T naive,CD14+ Mono,test_scATAC
TCATACTTCCATAAGC-1_atac,Erythroblast,test_scATAC,CD14+ Mono,CD14+ Mono,test_scRNA
TTTGGCTGTTGCAATG-1_atac,Normoblast,test_scATAC,CD4+ T naive,Erythroblast,test_scRNA
CGCACCACAGTAGCCT-1_atac,NK,test_scATAC,CD14+ Mono,Naive CD20+ B,test_scATAC
ATTACTGAGTGACCTG-1_atac,CD4+ T activated,test_scATAC,Naive CD20+ B,CD8+ T,test_scRNA
GCCTACTTCCTAATGA-1_atac,Erythroblast,test_scATAC,NK,ILC,test_scRNA
TGGCTATAGTGAGGTA-1_atac,CD4+ T activated,test_scATAC,NK,Erythroblast,test_scRNA
CCTTCAATCGCTTCTA-1_atac,Naive CD20+ B,test_scATAC,ILC,NK,test_scRNA
CATGGCGGTACTGATG-1_atac,CD8+ T,test_scATAC,Naive CD20+ B,CD4+ T naive,test_scATAC
CCCTCAGTCTTTGACT-1_atac,Naive CD20+ B,test_scATAC,CD4+ T activated,CD8+ T,test_scATAC
TGCGCGAGTGCTGGTG-1_atac,CD4+ T naive,test_scATAC,Erythroblast,Normoblast,test_scATAC
AAGGATGTCTCTAGCC-1_atac,CD4+ T naive,test_scATAC,CD4+ T activated,CD4+ T activated,test_scRNA
CGTGCTTTCGCATTAA-1_atac,Erythroblast,test_scATAC,Normoblast,CD4+ T naive,test_scRNA
TGAGTTTCATAATCGT-1_atac,Erythroblast,test_scATAC,NK,CD8+ T,test_scATAC
TGATTCAAGTTCCCGT-1_atac,CD14+ Mono,test_scATAC,Normoblast,G/M prog,test_scRNA
GCCTTAACAAACATAG-1_atac,CD4+ T naive,test_scATAC,G/M prog,CD4+ T naive,test_scRNA
GACACCGGTGTCCTGC-1_atac,Naive CD20+ B,test_scATAC,Erythroblast,CD4+ T activated,test_scATAC
TAAGCTGGTAGCTAAT-1_atac,Erythroblast,test_scATAC,Naive CD20+ B,Lymph prog,test_scRNA
TTTAAGGTCGTTACAA-1_atac,CD4+ T activated,test_scATAC,CD14+ Mono,CD14+ Mono,test_scATAC
TGGCCATCAAGGATTA-1_atac,CD8+ T,test_scATAC,B1 B,CD4+ T naive,test_scATAC
GTCATTAAGTGGACAA-1_atac,Erythroblast,test_scATAC,CD14+ Mono,CD4+ T activated,test_scATAC
TGGCTAAGTTAGTGAT-1_atac,CD4+ T activated,test_scATAC,Naive CD20+ B,NK,test_scATAC
CCAAATCAGTTTGCGG-1_atac,CD4+ T activated,test_scATAC,CD4+ T activated,NK,test_scRNA
ACTCACCTCTCACATT-1_atac,CD14+ Mono,test_scATAC,CD4+ T activated,Normoblast,test_scRNA
TCGGTTCTCCGTTAAA-1_atac,Erythroblast,test_scATAC,Normoblast,Normoblast,test_scRNA
AGTTACATCTAAGTCA-1_atac,CD14+ Mono,test_scATAC,Normoblast,Normoblast,test_scATAC
CGGTTATAGTCAATCA-1_atac,NK,test_scATAC,CD4+ T naive,CD4+ T activated,test_scATAC
TCACCTCAGCGCTCAA-1_atac,CD8+ T,test_scATAC,CD4+ T naive,Naive CD20+ B,test_scRNA
GAGGTGAGTTTATTCG-1_atac,CD4+ T activated,test_scATAC,NK,CD4+ T activated,test_scRNA
CTATTCAGTGGTTATG-1_atac,CD4+ T activated,test_scATAC,CD4+ T activated,CD4+ T naive,test_scRNA
GTCGAGGAGGCCCAGT-1_atac,NK,test_scATAC,Erythroblast,Erythroblast,test_scRNA
AATCTTGAGCAGCTCA-1_atac,Normoblast,test_scATAC,CD4+ T activated,NK,test_scATAC
CGTATTGCACAAACTT-1_atac,NK,test_scATAC,pDC,CD4+ T activated,test_scATAC
GTAGTTTCATTGACAT-1_atac,CD14+ Mono,test_scATAC,NK,ILC,test_scATAC
ACCTACCTCACGTTAA-1_atac,ILC,test_scATAC,Erythroblast,NK,test_scATAC
CAACAGGCACAGAAAC-1_atac,Naive CD20+ B,test_scATAC,CD8+ T,CD4+ T activated,test_scATAC
TTGGCTACAGTTTACG-1_atac,NK,test_scATAC,CD16+ Mono,CD4+ T naive,test_scATAC
AGGACGTAGCTCAAAC-1_atac,Normoblast,test_scATAC,CD4+ T activated,NK,test_scATAC
ATCATGTCATGGAGGC-1_atac,CD4+ T naive,test_scATAC,NK,Naive CD20+ B,test_scRNA
TATCCGGAGGCCTGGT-1_atac,CD4+ T activated,test_scATAC,CD8+ T,Erythroblast,test_scRNA
ATCGCTTGTCACCTAT-1_atac,ILC,test_scATAC,CD14+ Mono,CD14+ Mono,test_scRNA
TGTGCAAGTGTGTGGT-1_atac,Normoblast,test_scATAC,G/M prog,CD4+ T activated,test_scRNA
GAAGTGATCGAGGAGT-1_atac,Erythroblast,test_scATAC,ID2-hi myeloid prog,CD14+ Mono,test_scRNA
CCATAAATCTAAGGAG-1_atac,Erythroblast,test_scATAC,NK,Erythroblast,test_scRNA
AACAGGATCGCCTAAG-1_atac,Naive CD20+ B,test_scATAC,CD4+ T naive,CD4+ T activated,test_scATAC
CCCATAACACCTATAG-1_atac,CD4+ T activated,test_scATAC,Transitional B,CD8+ T,test_scRNA
GAACACAAGCCGCAGT-1_atac,CD8+ T,test_scATAC,CD4+ T naive,ID2-hi myeloid prog,test_scRNA
AGTGATGAGGTAAGGC-1_atac,CD14+ Mono,test_scATAC,CD4+ T activated,NK,test_scATAC
CTCTAGCTCATTGCAA-1_atac,CD8+ T,test_scATAC,NK,Erythroblast,test_scATAC
TCTCCTCGTCACCTAT-1_atac,CD4+ T naive,test_scATAC,NK,NK,test_scATAC
GCTCTGTTCGAAGTGA-1_atac,Erythroblast,test_scATAC,CD8+ T,CD14+ Mono,test_scATAC
CTCCGTCCAGGCAAGC-1_atac,Normoblast,test_scATAC,Normoblast,CD8+ T,test_scATAC
GACCTTTGTTAGTGAT-1_atac,Normoblast,test_scATAC,ID2-hi myeloid prog,Erythroblast,test_scATAC
GTCAGGCTCATTTGTC-1_atac,CD8+ T,test_scATAC,Transitional B,CD14+ Mono,test_scRNA
GAGTTGCGTTAGGACC-1_atac,Erythroblast,test_scATAC,CD14+ Mono,CD14+ Mono,test_scRNA
GACGCAACACCCACAG-1_atac,NK,test_scATAC,Lymph prog,B1 B,test_scRNA
GATGGCTGTATTGCAG-1_atac,NK,test_scATAC,B1 B,Erythroblast,test_scRNA
AGTTGCAGTTTGAGGC-1_atac,ILC,test_scATAC,CD14+ Mono,CD4+ T activated,test_scATAC
GGTTTCTGTGTTGTGA-1_atac,B1 B,test_scATAC,Transitional B,Erythroblast,test_scRNA
AGAGGAACACTCGCTC-1_atac,CD4+ T naive,test_scATAC,CD8+ T,Plasma cell,test_scRNA
CATCCTCAGGCGTAAA-1_atac,CD4+ T activated,test_scATAC,Erythroblast,ID2-hi myeloid prog,test_scRNA
ATACCTGCAGAGGGAG-1_atac,CD14+ Mono,test_scATAC,CD14+ Mono,CD8+ T,test_scATAC
GGATATTGTCACGAAC-1_atac,Erythroblast,test_scATAC,Erythroblast,CD14+ Mono,test_scRNA
CTAGTAATCAATGTCA-1_atac,CD14+ Mono,test_scATAC,Naive CD20+ B,MK/E prog,test_scATAC
TTACACCGTTGTAAAC-1_atac,Erythroblast,test_scATAC,CD14+ Mono,CD14+ Mono,test_scATAC
TCATGAGGTGCCGCAA-1_atac,NK,test_scATAC,Erythroblast,Proerythroblast,test_scATAC
GCGCGATTCATGCGTG-1_atac,CD4+ T naive,test_scATAC,Erythroblast,Erythroblast,test_scATAC
CGCTATGAGCAAGGAC-1_atac,B1 B,test_scATAC,NK,CD8+ T,test_scATAC
CAATATGTCTAATTGG-1_atac,ILC,test_scATAC,Transitional B,CD4+ T naive,test_scATAC
GTTTCCTCATGAGCAG-1_atac,Erythroblast,test_scATAC,Erythroblast,CD4+ T naive,test_scRNA
TCAGCAAGTAGTTAAC-1_atac,CD4+ T naive,test_scATAC,Erythroblast,CD14+ Mono,test_scATAC
ACGTCCAAGTCACCTC-1_atac,CD4+ T naive,test_scATAC,Normoblast,Erythroblast,test_scRNA
AGTGCCGGTACCCACC-1_atac,Erythroblast,test_scATAC,CD8+ T,Erythroblast,test_scATAC
AAGCGAGGTTAGCAGC-1_atac,CD14+ Mono,test_scATAC,CD4+ T activated,CD4+ T activated,test_scATAC
GTGAGGAGTGCTAGCG-1_atac,Naive CD20+ B,test_scATAC,CD8+ T,G/M prog,test_scATAC
CGAAGAATCTGCAACG-1_atac,Erythroblast,test_scATAC,CD14+ Mono,CD4+ T activated,test_scATAC
CTGTTGGAGCCATCAG-1_atac,B1 B,test_scATAC,CD4+ T activated,CD14+ Mono,test_scRNA
CCATATTTCGTTAGCG-1_atac,CD4+ T naive,test_scATAC,CD8+ T,Erythroblast,test_scATAC
TGTTAGCAGACACCGC-1_atac,CD4+ T activated,test_scATAC,CD8+ T,CD16+ Mono,test_scRNA
AGCGGATAGTTTCCTG-1_atac,CD4+ T activated,test_scATAC,Transitional B,CD4+ T activated,test_scATAC
TCAGCGATCCCTGGAA-1_atac,Naive CD20+ B,test_scATAC,Erythroblast,CD4+ T naive,test_scRNA
TGCGCAGGTTACTTCA-1_atac,CD8+ T,test_scATAC,NK,Erythroblast,test_scRNA
CGTTGCGCATTAAGTC-1_atac,CD14+ Mono,test_scATAC,CD14+ Mono,CD4+ T activated,test_scRNA
GGCTCACAGTACCGCA-1_atac,Normoblast,test_scATAC,CD4+ T naive,CD14+ Mono,test_scATAC
AATCCGTAGGTCCAAT-1_atac,Erythroblast,test_scATAC,CD4+ T activated,CD4+ T activated,test_scATAC
GGGTATTTCGATTTGA-1_atac,CD4+ T activated,test_scATAC,MK/E prog,Erythroblast,test_scATAC
TATGACATCCTCAGTC-1_atac,CD4+ T activated,test_scATAC,CD4+ T activated,CD4+ T activated,test_scATAC
GGATAACCATTGCGTA-1_atac,Erythroblast,test_scATAC,CD8+ T,CD8+ T,test_scATAC
GGTTCCCGTTGAGGTC-1_atac,Erythroblast,test_scATAC,cDC2,ID2-hi myeloid prog,test_scATAC
CTATGAGGTATTCGTC-1_atac,CD4+ T naive,test_scATAC,CD8+ T,ILC,test_scRNA
ACCCTCCCATAAAGCA-1_atac,CD8+ T,test_scATAC,NK,G/M prog,test_scRNA
AAAGCTTGTTACGCAA-1_atac,CD4+ T naive,test_scATAC,CD14+ Mono,CD4+ T activated,test_scATAC
ATGCGATTCGCTAAGT-1_atac,Normoblast,test_scATAC,Normoblast,CD8+ T,test_scRNA
CAGGGCTTCGAAGCGG-1_atac,CD4+ T activated,test_scATAC,CD4+ T activated,Normoblast,test_scRNA
TTCCTTGAGAAAGCAT-1_atac,Erythroblast,test_scATAC,ILC,CD4+ T naive,test_scATAC
CCCGCTTCAAGGGTTG-1_atac,NK,test_scATAC,CD4+ T activated,CD4+ T naive,test_scRNA
CAAGCTAGTTAGCTGA-1_atac,CD4+ T naive,test_scATAC,CD4+ T activated,ILC,test_scATAC
AAGTGAAGTTGTTGGA-1_atac,Erythroblast,test_scATAC,CD14+ Mono,Plasma cell,test_scRNA
ATCACCCTCCGCAACA-1_atac,Normoblast,test_scATAC,CD8+ T,Erythroblast,test_scRNA
AAGCCTTAGTCATTAG-1_atac,CD14+ Mono,test_scATAC,NK,Naive CD20+ B,test_scRNA
TTGCTCTCAGCTAACC-1_atac,Normoblast,test_scATAC,CD14+ Mono,CD8+ T,test_scATAC
TACCCGGCACGAATCC-1_atac,CD14+ Mono,test_scATAC,Naive CD20+ B,CD4+ T naive,test_scRNA
CAGCATTAGCTTCTCA-1_atac,CD14+ Mono,test_scATAC,CD8+ T,CD14+ Mono,test_scATAC
GGTGTGACATTTAAGC-1_atac,Erythroblast,test_scATAC,CD8+ T,CD4+ T activated,test_scATAC
CTGTGTGAGAATGACG-1_atac,Normoblast,test_scATAC,CD8+ T,Erythroblast,test_scRNA
GAAGGCTAGTAGCGCC-1_atac,CD4+ T activated,test_scATAC,Erythroblast,CD4+ T activated,test_scRNA
GTGGACACATAATCAC-1_atac,Erythroblast,test_scATAC,NK,CD4+ T naive,test_scRNA
CGATTATCATAGCTGC-1_atac,CD14+ Mono,test_scATAC,CD4+ T activated,Transitional B,test_scATAC
TTTCAGTTCTAGCGTG-1_atac,CD8+ T,test_scATAC,CD4+ T activated,Normoblast,test_scRNA
TCATAACCAAGCTACC-1_atac,Erythroblast,test_scATAC,B1 B,Erythroblast,test_scRNA
TCGTCAACATCTAGCA-1_atac,NK,test_scATAC,CD16+ Mono,CD14+ Mono,test_scRNA
GTAGCGCTCCTTGTTG-1_atac,NK,test_scATAC,Erythroblast,CD14+ Mono,test_scRNA
TATCACAAGCATTATG-1_atac,NK,test_scATAC,CD4+ T activated,CD14+ Mono,test_scATAC
ATATGTCCATAGCTTG-1_atac,NK,test_scATAC,CD4+ T naive,CD4+ T naive,test_scATAC
GTTGCATAGACAGGCG-1_atac,B1 B,test_scATAC,Erythroblast,NK,test_scATAC
AACTAGTGTATTGGAT-1_atac,CD4+ T naive,test_scATAC,CD14+ Mono,Erythroblast,test_scATAC
GCTGAGGAGGAGCAAC-1_atac,CD4+ T naive,test_scATAC,CD4+ T activated,B1 B,test_scRNA
GTTGGAGCACGGTACT-1_atac,Erythroblast,test_scATAC,Normoblast,CD8+ T,test_scATAC
GTCATCCTCTCCATAT-1_atac,CD8+ T,test_scATAC,CD4+ T naive,Erythroblast,test_scATAC
GGTGAGGTCGCTAGAT-1_atac,NK,test_scATAC,CD14+ Mono,Normoblast,test_scRNA
GTACTAATCGGGACCT-1_atac,CD14+ Mono,test_scATAC,CD4+ T activated,Proerythroblast,test_scATAC
GGCGGTTTCGCAATCG-1_atac,CD14+ Mono,test_scATAC,CD4+ T naive,CD14+ Mono,test_scRNA
ACTAATCCAGCATGGA-1_atac,CD14+ Mono,test_scATAC,CD14+ Mono,CD4+ T naive,test_scRNA
TGAGGTGCAGCAATAA-1_atac,CD14+ Mono,test_scATAC,CD14+ Mono,Erythroblast,test_scATAC
CGGTTCCGTATACTGG-1_atac,CD8+ T,test_scATAC,Naive CD20+ B,Erythroblast,test_scRNA
CGTCATTGTTGTCATC-1_atac,NK,test_scATAC,CD4+ T activated,pDC,test_scRNA
CGATCCTTCAGGATGA-1_atac,CD14+ Mono,test_scATAC,CD4+ T naive,NK,test_scATAC
AACGACAAGCACCACA-1_atac,B1 B,test_scATAC,CD4+ T activated,Transitional B,test_scATAC
AACTCACAGTGACCTG-1_atac,Erythroblast,test_scATAC,CD14+ Mono,CD4+ T activated,test_scRNA
CGCAAATTCTTTGACT-1_atac,Erythroblast,test_scATAC,CD4+ T activated,CD8+ T,test_scRNA
GCACCTAAGGTCCGTA-1_atac,CD8+ T,test_scATAC,Normoblast,CD14+ Mono,test_scRNA
GGTTGCATCACTTCAT-1_atac,CD14+ Mono,test_scATAC,B1 B,CD4+ T activated,test_scATAC
TTTCAGTTCCAAGTGT-1_atac,Erythroblast,test_scATAC,Erythroblast,Naive CD20+ B,test_scRNA
TGGTTGAGTAGGTTTG-1_atac,NK,test_scATAC,CD4+ T naive,Erythroblast,test_scATAC
GATGACTTCGGGACCT-1_atac,Normoblast,test_scATAC,CD4+ T activated,B1 B,test_scATAC
CGATTTGCAGCAACAG-1_atac,CD4+ T activated,test_scATAC,Erythroblast,Plasma cell,test_scRNA
AAACATGCAGTATGTT-1_atac,Naive CD20+ B,test_scATAC,ILC,CD4+ T activated,test_scRNA
GTGGCTTCAAAGCTAA-1_atac,CD14+ Mono,test_scATAC,CD14+ Mono,Erythroblast,test_scATAC
CAGCCTAAGAACCTGT-1_atac,CD4+ T activated,test_scATAC,CD14+ Mono,Normoblast,test_scATAC
CTTGTTCCAGGAACTG-1_atac,CD8+ T,test_scATAC,CD4+ T activated,Erythroblast,test_scRNA
ACGAAGTCATCATGTG-1_atac,NK,test_scATAC,CD14+ Mono,Naive CD20+ B,test_scRNA
ACACGGACAACAGGTG-1_atac,CD4+ T activated,test_scATAC,CD4+ T activated,Erythroblast,test_scRNA
GCTGACATCATGCTCC-1_atac,Naive CD20+ B,test_scATAC,CD8+ T,CD4+ T naive,test_scATAC
GTTGCGGGTTAGGCTA-1_atac,CD4+ T activated,test_scATAC,ILC,NK,test_scRNA
GATTGTTCATGTGGGA-1_atac,CD4+ T naive,test_scATAC,Naive CD20+ B,Naive CD20+ B,test_scRNA
CTGGTTTGTACCTTAC-1_atac,Naive CD20+ B,test_scATAC,Erythroblast,Naive CD20+ B,test_scATAC
TCCATGCTCGTTAGCG-1_atac,NK,test_scATAC,Erythroblast,CD14+ Mono,test_scRNA
ATTGCTCGTCAGGCCA-1_atac,CD14+ Mono,test_scATAC,NK,CD4+ T activated,test_scATAC
GAAGTATAGTTAGGCT-1_atac,CD14+ Mono,test_scATAC,CD4+ T activated,Erythroblast,test_scRNA
GCTGTGATCGAGGTGG-1_atac,CD4+ T naive,test_scATAC,NK,CD14+ Mono,test_scRNA
TAGCCTCTCATGCCTC-1_atac,CD14+ Mono,test_scATAC,CD8+ T,MK/E prog,test_scRNA
CGCGATTCACAAAGGT-1_atac,CD8+ T,test_scATAC,Erythroblast,CD8+ T,test_scATAC
ATCCTGACAAACTAAG-1_atac,CD4+ T activated,test_scATAC,Normoblast,NK,test_scATAC
CATGCGCAGCACTTGG-1_atac,Erythroblast,test_scATAC,CD14+ Mono,Erythroblast,test_scATAC
TAAGTGCTCGGTTTGG-1_atac,Naive CD20+ B,test_scATAC,CD8+ T,pDC,test_scRNA
CATGGCGGTCCCGAAG-1_atac,NK,test_scATAC,Naive CD20+ B,Proerythroblast,test_scRNA
TGATGACTCGATTATG-1_atac,Erythroblast,test_scATAC,CD8+ T,Erythroblast,test_scATAC
GTTCGCTTCTGGCTTC-1_atac,CD4+ T activated,test_scATAC,CD14+ Mono,Transitional B,test_scRNA
TCAGCAAGTAAGGTCC-1_atac,Naive CD20+ B,test_scATAC,CD4+ T activated,MK/E prog,test_scRNA
ATTCCTCCACGTAATT-1_atac,CD4+ T activated,test_scATAC,NK,CD4+ T naive,test_scATAC
CCGATGCAGCGCTAAT-1_atac,CD14+ Mono,test_scATAC,CD4+ T activated,Normoblast,test_scATAC
CACTTAAAGGTCAAAG-1_atac,CD8+ T,test_scATAC,CD14+ Mono,CD14+ Mono,test_scATAC
TAATTGCCAAAGCTAA-1_atac,G/M prog,test_scATAC,B1 B,CD4+ T activated,test_scATAC
GCCTGACAGTTAGAGG-1_atac,NK,test_scATAC,Lymph prog,CD4+ T naive,test_scATAC
TCACCTGGTTAGCGTA-1_atac,CD8+ T,test_scATAC,CD4+ T activated,Naive CD20+ B,test_scRNA
TCCGCCATCAAGCTTA-1_atac,CD8+ T,test_scATAC,CD4+ T activated,CD14+ Mono,test_scRNA
GCTAATATCAGTTCCC-1_atac,NK,test_scATAC,CD14+ Mono,CD14+ Mono,test_scATAC
GGGTGAAGTCGCGCAA-1_atac,G/M prog,test_scATAC,pDC,NK,test_scATAC
TATAGCCAGTAACAGG-1_atac,Erythroblast,test_scATAC,CD14+ Mono,NK,test_scRNA
CCGCAAGGTCAGGAAG-1_atac,CD14+ Mono,test_scATAC,NK,CD8+ T,test_scRNA
GCATTGCCAGTTTCTC-1_atac,CD4+ T activated,test_scATAC,CD4+ T activated,NK,test_scRNA
CTCCAACTCAAGGACA-1_atac,CD4+ T activated,test_scATAC,NK,B1 B,test_scATAC
GAAAGGCTCCTCCATA-1_atac,Normoblast,test_scATAC,CD4+ T naive,HSC,test_scATAC
CCGTTACTCAACAAGG-1_atac,Normoblast,test_scATAC,Naive CD20+ B,CD4+ T activated,test_scATAC
ATGTCCACAGTAGGAT-1_atac,CD8+ T,test_scATAC,CD4+ T activated,NK,test_scATAC
CTAAGTCAGGAACGCG-1_atac,Erythroblast,test_scATAC,CD14+ Mono,CD8+ T,test_scATAC
CGCAATTAGCTGTCAG-1_atac,Erythroblast,test_scATAC,CD14+ Mono,Proerythroblast,test_scATAC
CACTAAGGTTGGCCGA-1_atac,NK,test_scATAC,pDC,CD14+ Mono,test_scATAC
GTTGGCCAGGTGCGGA-1_atac,CD4+ T naive,test_scATAC,G/M prog,NK,test_scRNA
TGCTAGCCAGCGCTTG-1_atac,CD4+ T naive,test_scATAC,NK,CD14+ Mono,test_scRNA
ATCCTTAGTAGCTAAT-1_atac,CD4+ T naive,test_scATAC,NK,CD4+ T naive,test_scRNA
GTATTGCAGGCATGAA-1_atac,CD4+ T naive,test_scATAC,CD4+ T naive,NK,test_scRNA
GTAGGAGGTTATAGCG-1_atac,NK,test_scATAC,CD4+ T activated,CD4+ T activated,test_scATAC
CTCATTTAGGAGCATA-1_atac,Erythroblast,test_scATAC,Transitional B,Erythroblast,test_scRNA
ACACCTTGTTGGTTGA-1_atac,Erythroblast,test_scATAC,CD8+ T,G/M prog,test_scATAC
ACTAGGCGTGTCCTGC-1_atac,CD4+ T activated,test_scATAC,Erythroblast,CD4+ T activated,test_scRNA
CCTAAATCAATTATGC-1_atac,NK,test_scATAC,CD8+ T,CD14+ Mono,test_scRNA
TTTGCGGAGAACCTAC-1_atac,CD14+ Mono,test_scATAC,CD14+ Mono,Normoblast,test_scATAC
CGCACACAGCTTTGTT-1_atac,Erythroblast,test_scATAC,CD4+ T activated,Erythroblast,test_scATAC
GTTGTGAGTGGAAACG-1_atac,CD4+ T naive,test_scATAC,Normoblast,NK,test_scATAC
CTGGTAAGTTTAAAGC-1_atac,CD8+ T,test_scATAC,CD14+ Mono,ILC,test_scRNA
AAAGCACCAGAGGGAG-1_atac,Erythroblast,test_scATAC,NK,NK,test_scRNA
TTGTGCGAGCAGCTCA-1_atac,B1 B,test_scATAC,CD4+ T activated,MK/E prog,test_scATAC
TTACGTTTCAAGTGAG-1_atac,Normoblast,test_scATAC,Erythroblast,CD4+ T activated,test_scATAC
CTACTAAAGGCGCTTA-1_atac,Normoblast,test_scATAC,Erythroblast,CD4+ T activated,test_scATAC
GAGCTGCTCCGTGACA-1_atac,Erythroblast,test_scATAC,Erythroblast,Proerythroblast,test_scATAC
ACGGTACGTCTATCGT-1_atac,CD4+ T naive,test_scATAC,Normoblast,MK/E prog,test_scATAC
ACGCTTGAGGATGATG-1_atac,Erythroblast,test_scATAC,Erythroblast,CD14+ Mono,test_scATAC
GCAGGTGAGGGACTAA-1_atac,Naive CD20+ B,test_scATAC,NK,Erythroblast,test_scRNA
TGCTTAAAGGGTTATC-1_atac,Naive CD20+ B,test_scATAC,CD8+ T,CD14+ Mono,test_scRNA
CCCTTAATCGCCTAAG-1_atac,CD8+ T,test_scATAC,ID2-hi myeloid prog,CD8+ T,test_scRNA
TTGACTAAGCCACAAT-1_atac,CD14+ Mono,test_scATAC,Normoblast,Normoblast,test_scRNA
AAACCGGCATGACTAT-1_atac,NK,test_scATAC,CD14+ Mono,CD4+ T activated,test_scATAC
CCCAACCGTCCTAATC-1_atac,CD4+ T naive,test_scATAC,CD4+ T activated,CD4+ T activated,test_scATAC
CGTTATTTCGCTAGTG-1_atac,Erythroblast,test_scATAC,NK,CD8+ T,test_scRNA
CTCCTCACATTGCGTA-1_atac,CD4+ T activated,test_scATAC,CD14+ Mono,NK,test_scATAC
AACCTTAAGATAAAGC-1_atac,Naive CD20+ B,test_scATAC,CD8+ T,Transitional B,test_scATAC
TCACGGATCACACAGT-1_atac,Erythroblast,test_scATAC,NK,CD4+ T activated,test_scATAC
TCTAATCTCCGGAACC-1_atac,CD4+ T naive,test_scATAC,Erythroblast,NK,test_scATAC
AGGCAATCAGTAATAG-1_atac,CD14+ Mono,test_scATAC,Normoblast,NK,test_scATAC
CTTCATCCATAGTCAT-1_atac,CD4+ T activated,test_scATAC,CD14+ Mono,CD4+ T activated,test_scATAC
TAAGGACCACAAGCCT-1_atac,CD4+ T naive,test_scATAC,CD14+ Mono,CD8+ T,test_scRNA
GCAGCTATCAAAGGCA-1_atac,CD8+ T,test_scATAC,Normoblast,G/M prog,test_scATAC
AAACAGCCAATTAAGG-1_atac,CD4+ T naive,test_scATAC,CD8+ T,B1 B,test_scATAC
CTTAAGATCAGGTCCA-1_atac,NK,test_scATAC,CD8+ T,CD4+ T activated,test_scRNA
CGTTAGGTCCTGATTT-1_atac,CD4+ T activated,test_scATAC,CD4+ T activated,CD8+ T,test_scRNA
ATAACGACATAGTCAT-1_atac,Erythroblast,test_scATAC,Naive CD20+ B,Naive CD20+ B,test_scRNA
AACTGTTCATTATGGT-1_atac,CD8+ T,test_scATAC,Naive CD20+ B,Normoblast,test_scRNA
ACGAACAAGCTATATG-1_atac,Erythroblast,test_scATAC,CD4+ T naive,CD8+ T,test_scRNA
CATTATGAGGACCAGG-1_atac,G/M prog,test_scATAC,CD4+ T activated,CD14+ Mono,test_scRNA
CAAACTGGTTTACCGT-1_atac,NK,test_scATAC,NK,NK,test_scATAC
CATGGATTCCTGATGG-1_atac,CD8+ T,test_scATAC,Erythroblast,Normoblast,test_scRNA
AAGGTGCAGCTTCTCA-1_atac,Naive CD20+ B,test_scATAC,CD14+ Mono,CD4+ T naive,test_scRNA
CGATTGAGTCGCAATA-1_atac,CD8+ T,test_scATAC,Transitional B,Normoblast,test_scRNA
TGGCGGTTCCGCCTCA-1_atac,ILC,test_scATAC,Proerythroblast,NK,test_scATAC
CCCATAACAATATACC-1_atac,Erythroblast,test_scATAC,CD4+ T activated,Erythroblast,test_scRNA
TGAGCAAAGCCTTAAA-1_atac,CD4+ T naive,test_scATAC,G/M prog,Erythroblast,test_scRNA
GTTCCTTCACCTACTT-1_atac,G/M prog,test_scATAC,Normoblast,CD14+ Mono,test_scATAC
GCTCGATCACCATATG-1_atac,Naive CD20+ B,test_scATAC,Naive CD20+ B,CD4+ T naive,test_scRNA
CTAGCTGAGGATTGCT-1_atac,Erythroblast,test_scATAC,CD4+ T naive,CD14+ Mono,test_scRNA
CGAACCGGTGTCCAGG-1_atac,CD4+ T activated,test_scATAC,CD4+ T naive,CD14+ Mono,test_scATAC
CGAAGAATCATAACTG-1_atac,CD8+ T,test_scATAC,B1 B,CD14+ Mono,test_scATAC
CGCTTCTAGTAACGAG-1_atac,CD14+ Mono,test_scATAC,CD4+ T activated,Naive CD20+ B,test_scRNA
TTTGGTGCACGAACAG-1_atac,CD4+ T activated,test_scATAC,CD4+ T activated,Erythroblast,test_scRNA
TGCGATTAGCAAGGTA-1_atac,NK,test_scATAC,HSC,CD4+ T activated,test_scRNA
GATAACGAGGCAAGTA-1_atac,Erythroblast,test_scATAC,CD16+ Mono,Normoblast,test_scRNA
TCTTTGTAGCACAGAA-1_atac,CD14+ Mono,test_scATAC,CD14+ Mono,Erythroblast,test_scRNA
GATTGGTTCTAGCGAT-1_atac,NK,test_scATAC,CD4+ T naive,NK,test_scATAC
CCTGGTAAGCAAGACA-1_atac,NK,test_scATAC,Transitional B,Naive CD20+ B,test_scATAC
TAAGTAGCACGGTTTA-1_atac,CD14+ Mono,test_scATAC,NK,NK,test_scATAC
GCCACAATCAGGAACA-1_atac,CD14+ Mono,test_scATAC,Transitional B,CD4+ T naive,test_scATAC
AGGCGGATCAAACTCA-1_atac,CD4+ T activated,test_scATAC,CD14+ Mono,G/M prog,test_scATAC
CGTCAATAGGTGCGGA-1_atac,Naive CD20+ B,test_scATAC,Erythroblast,CD4+ T naive,test_scRNA
CAGTACCCAATCATGT-1_atac,CD8+ T,test_scATAC,Transitional B,NK,test_scRNA
CCGCTAGCAGCTAATT-1_atac,CD8+ T,test_scATAC,Plasma cell,B1 B,test_scRNA
CAAAGGATCAGGCTAT-1_atac,Erythroblast,test_scATAC,CD16+ Mono,CD4+ T naive,test_scRNA
TCAGTGAGTTAGTACG-1_atac,CD14+ Mono,test_scATAC,CD8+ T,NK,test_scRNA
GGTTTAATCTCCATAT-1_atac,CD14+ Mono,test_scATAC,B1 B,CD4+ T naive,test_scRNA
GCTGAGGAGTAACAGG-1_atac,CD4+ T activated,test_scATAC,B1 B,CD4+ T activated,test_scATAC
ATGTTGTCAGGAACCA-1_atac,CD8+ T,test_scATAC,Erythroblast,Naive CD20+ B,test_scRNA
TACCTGCTCAATCTCT-1_atac,CD4+ T naive,test_scATAC,Naive CD20+ B,Lymph prog,test_scRNA
TATGAAGCAGGCTAAG-1_atac,NK,test_scATAC,CD14+ Mono,Naive CD20+ B,test_scATAC
ACCAGGACATTCAGCA-1_atac,CD8+ T,test_scATAC,NK,Naive CD20+ B,test_scRNA
ACCAATATCCTTGCGT-1_atac,CD4+ T activated,test_scATAC,CD4+ T activated,Normoblast,test_scATAC
CGCATATAGGACCTTG-1_atac,CD4+ T activated,test_scATAC,CD14+ Mono,CD4+ T activated,test_scATAC
TAGCCTGAGTTTCCGC-1_atac,Normoblast,test_scATAC,CD14+ Mono,Erythroblast,test_scATAC
CCTTCAGGTCCTAGTT-1_atac,Naive CD20+ B,test_scATAC,Erythroblast,Erythroblast,test_scATAC
CTCAATAAGCATGACT-1_atac,Naive CD20+ B,test_scATAC,Normoblast,CD4+ T naive,test_scATAC
ATCAGGTTCAATGAGG-1_atac,CD14+ Mono,test_scATAC,Erythroblast,CD4+ T activated,test_scRNA
ACCAGGACACAAAGCG-1_atac,CD14+ Mono,test_scATAC,NK,CD4+ T naive,test_scRNA
TTTGTGGCACTGACCG-1_atac,CD4+ T activated,test_scATAC,Naive CD20+ B,Erythroblast,test_scATAC
ATTTGCAAGCGCCTTT-1_atac,Erythroblast,test_scATAC,Erythroblast,CD14+ Mono,test_scRNA
ATGAAGCCATGCTCCC-1_atac,Erythroblast,test_scATAC,ILC,CD4+ T activated,test_scRNA
CAAGGTTTCCGTTAAA-1_atac,B1 B,test_scATAC,NK,ILC,test_scRNA
GGATGGCCAGGGAGGA-1_atac,Erythroblast,test_scATAC,CD4+ T activated,Naive CD20+ B,test_scRNA
CTCATGCTCGGTAACT-1_atac,CD4+ T naive,test_scATAC,CD14+ Mono,Normoblast,test_scATAC
AGGTCTTAGTAAGTCC-1_atac,CD4+ T activated,test_scATAC,G/M prog,CD14+ Mono,test_scRNA
ACTTTGTTCGAAGCGG-1_atac,CD14+ Mono,test_scATAC,CD14+ Mono,CD4+ T activated,test_scATAC
GTTCTTGTCATGCTAA-1_atac,CD4+ T naive,test_scATAC,G/M prog,B1 B,test_scATAC
TAAGCCTAGTTCCTCA-1_atac,CD8+ T,test_scATAC,NK,CD4+ T activated,test_scATAC
ATTACCCGTTTCCTCC-1_atac,CD4+ T naive,test_scATAC,CD16+ Mono,Naive CD20+ B,test_scRNA
GGGTCACTCGTTTCCA-1_atac,CD4+ T activated,test_scATAC,Naive CD20+ B,CD4+ T activated,test_scRNA
CAAACATGTGCGCGTA-1_atac,CD14+ Mono,test_scATAC,cDC2,CD4+ T activated,test_scRNA
ATCCAACAGGGACGCA-1_atac,CD8+ T,test_scATAC,Erythroblast,ID2-hi myeloid prog,test_scATAC
ATCCGTGAGGACCTGC-1_atac,CD4+ T activated,test_scATAC,Normoblast,CD4+ T naive,test_scRNA
CAAGACAAGTTGGATC-1_atac,CD4+ T activated,test_scATAC,Erythroblast,Plasma cell,test_scRNA
CTAGTAGGTACCTTAC-1_atac,CD4+ T activated,test_scATAC,CD8+ T,MK/E prog,test_scATAC
TCAACAATCGTAACGT-1_atac,CD4+ T naive,test_scATAC,CD4+ T naive,CD14+ Mono,test_scATAC
CTGCAATAGTTAGACC-1_atac,CD8+ T,test_scATAC,G/M prog,Normoblast,test_scATAC
GTGATCAGTTTGCGAA-1_atac,Naive CD20+ B,test_scATAC,Normoblast,cDC2,test_scRNA
TTTCCACCAAATACCT-1_atac,CD14+ Mono,test_scATAC,CD8+ T,B1 B,test_scRNA
GGTCGGTTCAGCTAAC-1_atac,CD8+ T,test_scATAC,Normoblast,CD14+ Mono,test_scRNA
AGGCTAAAGGTGTCCA-1_atac,CD4+ T naive,test_scATAC,CD14+ Mono,CD8+ T,test_scATAC
AATTGTGTCCCGCCTA-1_atac,CD4+ T naive,test_scATAC,Erythroblast,NK,test_scRNA
AAACGCGCATGCTCCC-1_atac,CD14+ Mono,test_scATAC,Erythroblast,Erythroblast,test_scATAC
ACCTTGCTCTGGCAAT-1_atac,CD14+ Mono,test_scATAC,Erythroblast,CD8+ T,test_scRNA
TGGTCAAGTTTGCGCC-1_atac,Normoblast,test_scATAC,CD4+ T activated,CD14+ Mono,test_scATAC
GCCTGACAGCCAAATC-1_atac,Normoblast,test_scATAC,CD14+ Mono,CD14+ Mono,test_scRNA
ACTCCTCAGGGCCACT-1_atac,CD14+ Mono,test_scATAC,HSC,Erythroblast,test_scRNA
CCAACATAGGATTGAG-1_atac,CD8+ T,test_scATAC,CD8+ T,CD4+ T naive,test_scRNA
CAGGTGGAGGATCCGC-1_atac,NK,test_scATAC,Erythroblast,CD4+ T naive,test_scATAC
TCAGCGATCCTGGCTT-1_atac,CD4+ T naive,test_scATAC,CD4+ T naive,CD8+ T,test_scRNA
TCTGGCTTCCGTCCAT-1_atac,B1 B,test_scATAC,CD4+ T activated,CD14+ Mono,test_scRNA
TCAGTGAGTTGCGGAT-1_atac,CD4+ T activated,test_scATAC,Proerythroblast,Erythroblast,test_scATAC
GGCCTAATCCTGCGAA-1_atac,Naive CD20+ B,test_scATAC,Naive CD20+ B,CD4+ T activated,test_scATAC
CATGCGCAGGAACACA-1_atac,Naive CD20+ B,test_scATAC,CD14+ Mono,CD4+ T naive,test_scRNA
AAAGGAGCATTGTGAT-1_atac,CD14+ Mono,test_scATAC,CD8+ T,CD16+ Mono,test_scRNA
CTCTATGTCATAAGCC-1_atac,Normoblast,test_scATAC,G/M prog,CD4+ T activated,test_scRNA
TTGATGTCATTGTGGC-1_atac,NK,test_scATAC,CD8+ T,CD4+ T naive,test_scRNA
GCTGCACAGAGGCTAA-1_atac,ILC,test_scATAC,NK,CD14+ Mono,test_scRNA
AAGGATCCAGCATGTC-1_atac,ILC,test_scATAC,CD4+ T activated,CD8+ T,test_scATAC
TTCAGTTTCGATCAGT-1_atac,CD8+ T,test_scATAC,CD4+ T activated,Erythroblast,test_scRNA
ACTAATCCACAGGAAT-1_atac,CD14+ Mono,test_scATAC,CD4+ T naive,Normoblast,test_scATAC
CTATAACCACCTGCTC-1_atac,CD8+ T,test_scATAC,NK,CD4+ T activated,test_scATAC
GCGCAAACATTGTTGG-1_atac,CD8+ T,test_scATAC,CD4+ T activated,CD14+ Mono,test_scRNA
GAGATAAGTCACGAAC-1_atac,CD4+ T activated,test_scATAC,CD4+ T activated,G/M prog,test_scATAC
TTGTGCGAGCATGTTA-1_atac,CD4+ T naive,test_scATAC,CD4+ T activated,CD14+ Mono,test_scATAC
ATTGCACAGACAACGA-1_atac,CD8+ T,test_scATAC,CD4+ T activated,CD8+ T,test_scRNA
TGGTCATAGGGTGGAT-1_atac,CD4+ T activated,test_scATAC,Naive CD20+ B,CD4+ T activated,test_scRNA
CCGCACACATGCTCCC-1_atac,CD14+ Mono,test_scATAC,Erythroblast,Naive CD20+ B,test_scRNA
AAACCGCGTAAACAAG-1_atac,CD8+ T,test_scATAC,CD14+ Mono,CD8+ T,test_scRNA
CCCTAATGTTTATCGC-1_atac,CD4+ T activated,test_scATAC,MK/E prog,NK,test_scRNA
CCAAACCCATTCAGCA-1_atac,B1 B,test_scATAC,ILC,CD4+ T naive,test_scRNA
TGTCAGTAGCTTATGA-1_atac,CD4+ T activated,test_scATAC,ID2-hi myeloid prog,pDC,test_scATAC
CGTTAGGTCTTGTCTG-1_atac,CD4+ T naive,test_scATAC,cDC2,Erythroblast,test_scATAC
GCAATGTTCGTTAAGC-1_atac,CD14+ Mono,test_scATAC,CD4+ T activated,CD4+ T naive,test_scATAC
GACCTGCAGCCTTAAA-1_atac,Erythroblast,test_scATAC,Erythroblast,CD14+ Mono,test_scRNA
CAGGACCTCATGCTAA-1_atac,CD4+ T activated,test_scATAC,Normoblast,CD4+ T activated,test_scRNA
TGGTTAATCAAGACTC-1_atac,NK,test_scATAC,CD4+ T naive,CD14+ Mono,test_scATAC
CTTATTGGTTAACGGC-1_atac,Erythroblast,test_scATAC,CD4+ T activated,CD8+ T,test_scRNA
GGCTATTAGGAACCGG-1_atac,B1 B,test_scATAC,Naive CD20+ B,CD4+ T naive,test_scATAC
TCCTCTAAGCTCAATA-1_atac,CD8+ T,test_scATAC,CD4+ T activated,Erythroblast,test_scATAC
AGGTGAGGTTCATTTG-1_atac,Erythroblast,test_scATAC,CD4+ T activated,CD8+ T,test_scRNA
CGCCTCATCGATTCTT-1_atac,CD14+ Mono,test_scATAC,NK,Proerythroblast,test_scRNA
AGAGGAACAAGACTCC-1_atac,CD14+ Mono,test_scATAC,CD14+ Mono,CD4+ T activated,test_scATAC
GCGCTTAAGCATGTTA-1_atac,CD8+ T,test_scATAC,G/M prog,CD4+ T activated,test_scATAC
GTGTGCGGTTAGGACC-1_atac,CD8+ T,test_scATAC,CD14+ Mono,NK,test_scRNA
CTAATCCGTCTTGCAT-1_atac,CD14+ Mono,test_scATAC,ILC,NK,test_scATAC
GGTTGGTGTCGCAATA-1_atac,CD8+ T,test_scATAC,Proerythroblast,NK,test_scATAC
CGCGGATTCTTTAAGG-1_atac,Erythroblast,test_scATAC,B1 B,Normoblast,test_scATAC
CAGGATGCAGCTTAGC-1_atac,Erythroblast,test_scATAC,CD4+ T naive,B1 B,test_scATAC
CGGTTGGGTACCAGGT-1_atac,Erythroblast,test_scATAC,NK,Naive CD20+ B,test_scATAC
TGTTGTTTCAGCATTA-1_atac,CD14+ Mono,test_scATAC,CD14+ Mono,CD4+ T naive,test_scRNA
TTGGATCAGGTGAAAT-1_atac,B1 B,test_scATAC,Erythroblast,CD4+ T activated,test_scATAC
TCAAGGTTCGACCTGA-1_atac,CD14+ Mono,test_scATAC,Erythroblast,pDC,test_scRNA
TACTGCACATTGTCCT-1_atac,B1 B,test_scATAC,CD4+ T activated,CD4+ T naive,test_scATAC
TTAGGATGTTGTAAAC-1_atac,NK,test_scATAC,Normoblast,NK,test_scRNA
GACCTAAGTCTAACCT-1_atac,CD4+ T naive,test_scATAC,CD8+ T,CD4+ T naive,test_scRNA
GTTTACCGTGGGAACA-1_atac,CD8+ T,test_scATAC,CD14+ Mono,CD4+ T naive,test_scATAC
CCCTTAATCAACCAAC-1_atac,NK,test_scATAC,CD4+ T activated,CD4+ T naive,test_scRNA
CGTTATCGTATTGTCC-1_atac,B1 B,test_scATAC,CD4+ T naive,CD16+ Mono,test_scATAC
CTGCAATAGTTTAACG-1_atac,CD4+ T naive,test_scATAC,CD14+ Mono,NK,test_scATAC
GACGCAACAGTAGCCT-1_atac,CD14+ Mono,test_scATAC,CD8+ T,Erythroblast,test_scRNA
AGTCAAGAGGTAAGCA-1_atac,CD4+ T naive,test_scATAC,CD8+ T,NK,test_scATAC
AGTCAATGTAATCCCT-1_atac,CD4+ T activated,test_scATAC,NK,NK,test_scRNA
AGTGCGGAGCTATATG-1_atac,CD4+ T naive,test_scATAC,Erythroblast,Transitional B,test_scATAC
CGGGACAAGGCTGGCT-1_atac,CD8+ T,test_scATAC,CD4+ T naive,ILC,test_scATAC
GTGCTGGGTAACGGGA-1_atac,CD14+ Mono,test_scATAC,NK,CD8+ T,test_scATAC
CTGCTATGTATTGAGT-1_atac,Erythroblast,test_scATAC,CD4+ T activated,CD4+ T activated,test_scATAC
CGACTAAGTTAGGCTA-1_atac,Normoblast,test_scATAC,Naive CD20+ B,MK/E prog,test_scATAC
TCATTACTCAGGATGA-1_atac,CD4+ T activated,test_scATAC,CD4+ T naive,pDC,test_scATAC
GCATGAGCACAGAACG-1_atac,Naive CD20+ B,test_scATAC,B1 B,Naive CD20+ B,test_scATAC
CAAGTTATCATGGTTA-1_atac,CD4+ T activated,test_scATAC,G/M prog,CD4+ T activated,test_scRNA
CTTACTAGTCCTTCTC-1_atac,CD8+ T,test_scATAC,CD4+ T naive,ID2-hi myeloid prog,test_scRNA
GCTGCAATCCGTGACA-1_atac,CD14+ Mono,test_scATAC,B1 B,CD8+ T,test_scATAC
CTCCCTGAGGCTACTG-1_atac,CD14+ Mono,test_scATAC,NK,Erythroblast,test_scRNA
AACATAGCAATGCGCT-1_atac,CD8+ T,test_scATAC,Normoblast,cDC2,test_scATAC
CGAATATGTTCCGCAC-1_atac,CD4+ T naive,test_scATAC,CD4+ T activated,B1 B,test_scRNA
CACAGGGAGTTATCTC-1_atac,CD4+ T activated,test_scATAC,G/M prog,CD4+ T activated,test_scATAC
TGTATCGCATGTTGGC-1_atac,CD4+ T naive,test_scATAC,G/M prog,CD8+ T,test_scRNA
CTGCTACTCTCACACC-1_atac,CD14+ Mono,test_scATAC,CD14+ Mono,CD14+ Mono,test_scATAC
TGTAAGTGTGCGCGTA-1_atac,CD8+ T,test_scATAC,Normoblast,Erythroblast,test_scRNA
CGAAATGAGTCAGTAC-1_atac,CD8+ T,test_scATAC,CD4+ T activated,CD8+ T,test_scATAC
TGACTCCTCGGCTATG-1_atac,CD14+ Mono,test_scATAC,Naive CD20+ B,Naive CD20+ B,test_scRNA
ATTGCTCGTCTCACTG-1_atac,CD4+ T activated,test_scATAC,Naive CD20+ B,CD4+ T naive,test_scRNA
TATAACCCAAACCTTG-1_atac,NK,test_scATAC,CD8+ T,CD8+ T,test_scRNA
CTGCTATGTACGGTAC-1_atac,CD4+ T naive,test_scATAC,CD14+ Mono,CD14+ Mono,test_scRNA
GGCTCACAGCATGTCG-1_atac,CD4+ T activated,test_scATAC,Erythroblast,NK,test_scATAC
ATGGTGCGTTAACAGT-1_atac,G/M prog,test_scATAC,Lymph prog,B1 B,test_scATAC
GCCTTTGGTTGGTGAC-1_atac,CD14+ Mono,test_scATAC,CD4+ T naive,Normoblast,test_scATAC
TGACTTAAGTCAATTG-1_atac,ILC,test_scATAC,CD4+ T activated,Erythroblast,test_scRNA
TGAGGGAGTGAACAAA-1_atac,Erythroblast,test_scATAC,CD4+ T naive,ILC,test_scRNA
ACTCCTCAGGGACTAA-1_atac,CD4+ T naive,test_scATAC,NK,CD16+ Mono,test_scATAC
TGTTCATTCTCACTAT-1_atac,CD4+ T naive,test_scATAC,Naive CD20+ B,NK,test_scRNA
GAGATAAGTTAGACCA-1_atac,Erythroblast,test_scATAC,NK,G/M prog,test_scRNA
CGCATTACAGGCTAAG-1_atac,CD8+ T,test_scATAC,MK/E prog,CD8+ T,test_scATAC
CTGTAACAGGAGGACT-1_atac,NK,test_scATAC,Erythroblast,CD4+ T activated,test_scRNA
GCTCTGGCAATTAGCT-1_atac,CD8+ T,test_scATAC,CD4+ T naive,CD4+ T naive,test_scRNA
CCTAAATCATCCTGAA-1_atac,Normoblast,test_scATAC,ID2-hi myeloid prog,Erythroblast,test_scRNA
TCTAGCACACTCGCTC-1_atac,NK,test_scATAC,CD14+ Mono,CD4+ T activated,test_scATAC
GTGTTACAGGCCTTAG-1_atac,NK,test_scATAC,ID2-hi myeloid prog,Naive CD20+ B,test_scATAC
CGTTAAATCTTCAATC-1_atac,CD4+ T activated,test_scATAC,CD4+ T naive,Normoblast,test_scATAC
ACTTTGTTCCTCCTAA-1_atac,CD14+ Mono,test_scATAC,CD14+ Mono,Transitional B,test_scATAC
CCTGAGTCACCACAAC-1_atac,CD4+ T activated,test_scATAC,Erythroblast,CD14+ Mono,test_scATAC
TAACAAGCACAGAACG-1_atac,CD8+ T,test_scATAC,CD4+ T naive,cDC2,test_scRNA
GGGCAATAGGTTTGAC-1_atac,CD4+ T naive,test_scATAC,CD14+ Mono,CD4+ T activated,test_scATAC
GTCAATATCCGCATGA-1_atac,B1 B,test_scATAC,NK,Erythroblast,test_scRNA
TATGGCCCAGGTATTT-1_atac,NK,test_scATAC,NK,Erythroblast,test_scATAC
AAGCCTCCAGGAACTG-1_atac,CD14+ Mono,test_scATAC,G/M prog,Lymph prog,test_scRNA
AGAGAAGCACAAAGCG-1_atac,Naive CD20+ B,test_scATAC,Plasma cell,NK,test_scATAC
TGGTTAATCGAAGCGG-1_atac,CD14+ Mono,test_scATAC,MK/E prog,CD4+ T activated,test_scATAC
TATAACCCACAAAGGT-1_atac,CD4+ T activated,test_scATAC,Normoblast,Erythroblast,test_scRNA
CCATAGCCATCAGTAT-1_atac,CD14+ Mono,test_scATAC,Normoblast,Lymph prog,test_scATAC
GAGGCAAGTTACGCAA-1_atac,NK,test_scATAC,CD14+ Mono,NK,test_scRNA
GACTATTCAAGGGTTG-1_atac,CD4+ T activated,test_scATAC,CD14+ Mono,CD8+ T,test_scATAC
GCTATCCTCCTTGCAC-1_atac,Erythroblast,test_scATAC,Erythroblast,CD8+ T,test_scRNA
AAAGGACGTTGCATCT-1_atac,Normoblast,test_scATAC,CD8+ T,ID2-hi myeloid prog,test_scATAC
GCCTTGCGTGAGGTAG-1_atac,NK,test_scATAC,Normoblast,CD4+ T activated,test_scRNA
CAAGGCTGTCAGGCCA-1_atac,G/M prog,test_scATAC,CD4+ T naive,NK,test_scATAC
GGCAAATCATGCTTAG-1_atac,CD4+ T naive,test_scATAC,CD8+ T,Erythroblast,test_scRNA
AGCTGCTCAGGTCCTG-1_atac,Naive CD20+ B,test_scATAC,CD4+ T activated,CD14+ Mono,test_scATAC
GCCTGACAGGAGGACT-1_atac,CD4+ T naive,test_scATAC,cDC2,Erythroblast,test_scRNA
ACTTGTAAGCTGTCAG-1_atac,NK,test_scATAC,CD8+ T,B1 B,test_scRNA
TGGCCATCATCCCGCT-1_atac,CD8+ T,test_scATAC,CD8+ T,CD14+ Mono,test_scATAC
GCTTATCGTTTGAGCA-1_atac,Naive CD20+ B,test_scATAC,CD4+ T activated,CD8+ T,test_scATAC
CGGTTGGGTTTCCTCC-1_atac,CD4+ T activated,test_scATAC,Naive CD20+ B,HSC,test_scATAC
TACTGGCCATGTTGGC-1_atac,CD4+ T activated,test_scATAC,CD4+ T naive,CD8+ T,test_scATAC
TAGCCTCTCCCTGGAA-1_atac,CD4+ T naive,test_scATAC,CD4+ T activated,NK,test_scRNA
CCTAAGTAGCACAGAA-1_atac,B1 B,test_scATAC,CD14+ Mono,CD8+ T,test_scATAC
TGAAGGATCTGGCAAT-1_atac,ILC,test_scATAC,CD4+ T naive,Erythroblast,test_scRNA
CGAAGTAAGGACAACA-1_atac,Naive CD20+ B,test_scATAC,CD4+ T naive,CD4+ T activated,test_scATAC
GCCTGCTGTCAAGTAT-1_atac,CD14+ Mono,test_scATAC,CD4+ T activated,CD8+ T,test_scATAC
TATTCGTTCGCCTGTT-1_atac,Erythroblast,test_scATAC,Proerythroblast,CD4+ T activated,test_scRNA
TGAAGCAAGATAGACG-1_atac,CD4+ T activated,test_scATAC,CD4+ T activated,CD4+ T activated,test_scATAC
TATAGGTGTTAAATGC-1_atac,NK,test_scATAC,CD8+ T,CD4+ T activated,test_scATAC
TGATGATGTTGCGGAT-1_atac,CD4+ T naive,test_scATAC,CD16+ Mono,CD4+ T activated,test_scRNA
GCACTAAGTCATCAAG-1_atac,CD14+ Mono,test_scATAC,CD8+ T,B1 B,test_scRNA
TATATCCTCAATTGGC-1_atac,ILC,test_scATAC,CD4+ T naive,CD14+ Mono,test_scATAC
GAGGTAGGTGAAACAA-1_atac,CD8+ T,test_scATAC,Erythroblast,ILC,test_scRNA
CTAGTTGCAATTAGGA-1_atac,CD14+ Mono,test_scATAC,CD4+ T activated,CD8+ T,test_scATAC
CAAACCGTCTTGAGGT-1_atac,Erythroblast,test_scATAC,Lymph prog,CD8+ T,test_scATAC
TTTGAGTCAACTAACT-1_atac,CD14+ Mono,test_scATAC,Erythroblast,CD8+ T,test_scATAC
ATGAAGCCAATATACC-1_atac,CD8+ T,test_scATAC,ILC,Transitional B,test_scRNA
CGTTGCGCACCCACAG-1_atac,Normoblast,test_scATAC,CD4+ T activated,CD8+ T,test_scATAC
GTGAACAAGCAAGATG-1_atac,Erythroblast,test_scATAC,CD4+ T activated,Naive CD20+ B,test_scATAC
TGCACACCATAAAGCA-1_atac,Erythroblast,test_scATAC,CD14+ Mono,NK,test_scRNA
CAGGTTTAGTAGGATG-1_atac,CD8+ T,test_scATAC,CD4+ T naive,CD4+ T naive,test_scATAC
CGTAGCGGTTGGCGTG-1_atac,CD4+ T activated,test_scATAC,Erythroblast,CD8+ T,test_scATAC
ACTTAGGGTACGGTAC-1_atac,NK,test_scATAC,B1 B,Erythroblast,test_scRNA
CAAACTGGTCGTAAAT-1_atac,NK,test_scATAC,CD8+ T,Naive CD20+ B,test_scRNA
GACGCAACAATAACCT-1_atac,CD14+ Mono,test_scATAC,MK/E prog,Lymph prog,test_scRNA
ATTAGTCCACTGGCCA-1_atac,Erythroblast,test_scATAC,CD4+ T activated,CD8+ T,test_scRNA
ACGAGTAAGGTCTTGG-1_atac,NK,test_scATAC,G/M prog,ILC,test_scATAC
CCTAAGTAGCATGGTT-1_atac,NK,test_scATAC,Normoblast,CD4+ T naive,test_scATAC
GTCTTGCTCGCCTGTT-1_atac,Erythroblast,test_scATAC,B1 B,ID2-hi myeloid prog,test_scATAC
TCTAGCGAGTTACCGG-1_atac,Erythroblast,test_scATAC,Normoblast,CD14+ Mono,test_scRNA
AGCCGCTAGGGCCATC-1_atac,Erythroblast,test_scATAC,CD4+ T naive,CD8+ T,test_scRNA
CGAGGAAGTTCCTGAT-1_atac,CD4+ T naive,test_scATAC,CD14+ Mono,B1 B,test_scATAC
AGTGTGGCAACTAACT-1_atac,CD14+ Mono,test_scATAC,CD14+ Mono,CD14+ Mono,test_scATAC
CCGCCAACATAGCGAG-1_atac,NK,test_scATAC,Transitional B,Erythroblast,test_scRNA
CAGGCTATCGATTTAG-1_atac,B1 B,test_scATAC,NK,Erythroblast,test_scRNA
CTTCAGGAGAGGGACT-1_atac,CD8+ T,test_scATAC,Naive CD20+ B,CD14+ Mono,test_scATAC
CTATTACTCCTTAATC-1_atac,CD4+ T activated,test_scATAC,CD8+ T,CD8+ T,test_scATAC
TAATGGTGTACCGAAC-1_atac,CD8+ T,test_scATAC,CD14+ Mono,CD4+ T activated,test_scRNA
ACGCACGGTTTGCAGA-1_atac,CD4+ T activated,test_scATAC,CD14+ Mono,cDC2,test_scRNA
GGAACTAAGGACAATG-1_atac,CD14+ Mono,test_scATAC,CD4+ T naive,CD8+ T,test_scATAC
TTGACGTAGCCTTAAA-1_atac,Normoblast,test_scATAC,CD8+ T,CD16+ Mono,test_scRNA
CTTTATGGTGGAAGGC-1_atac,CD4+ T naive,test_scATAC,CD4+ T activated,NK,test_scATAC
CAAAGCGCAATAATGG-1_atac,G/M prog,test_scATAC,CD8+ T,NK,test_scATAC
GGAACAATCTCACTCA-1_atac,CD4+ T activated,test_scATAC,CD14+ Mono,Erythroblast,test_scRNA
GTTAGACTCTTAGTCT-1_atac,CD8+ T,test_scATAC,NK,Erythroblast,test_scATAC
GAAGCCTGTTTATCGC-1_atac,Normoblast,test_scATAC,CD4+ T activated,Erythroblast,test_scRNA
AGTAAGTAGGATTTGC-1_atac,Normoblast,test_scATAC,Naive CD20+ B,CD14+ Mono,test_scRNA
AAAGCCGCAACCTGGT-1_atac,CD4+ T naive,test_scATAC,Erythroblast,Transitional B,test_scRNA
AAACGCGCAGTAAAGC-1_atac,CD14+ Mono,test_scATAC,CD8+ T,CD14+ Mono,test_scRNA
GTAGGATCAGTTTGTG-1_atac,CD8+ T,test_scATAC,CD14+ Mono,Normoblast,test_scRNA
AGGATTGAGGGACCTC-1_atac,CD8+ T,test_scATAC,CD14+ Mono,cDC2,test_scATAC
CGCACACAGTTGCGTG-1_atac,Erythroblast,test_scATAC,Erythroblast,CD14+ Mono,test_scRNA
CCGTTGCGTCTCAGCC-1_atac,G/M prog,test_scATAC,CD8+ T,CD4+ T naive,test_scATAC
AGGATGCAGGCCTTAG-1_atac,NK,test_scATAC,Erythroblast,ILC,test_scRNA
CTACTAAAGCTAATTG-1_atac,CD4+ T activated,test_scATAC,B1 B,CD16+ Mono,test_scRNA
GTCAAACTCTTAATGG-1_atac,CD4+ T naive,test_scATAC,Naive CD20+ B,CD4+ T activated,test_scRNA
GTTTAACCAGACAAAC-1_atac,Erythroblast,test_scATAC,CD14+ Mono,MK/E prog,test_scATAC
GGCCAACTCACAGCCA-1_atac,Naive CD20+ B,test_scATAC,CD8+ T,CD4+ T activated,test_scRNA
TCATTTGGTTACTAGG-1_atac,CD4+ T activated,test_scATAC,CD4+ T activated,CD8+ T,test_scATAC
ATGGCCGGTTAGGCTA-1_atac,CD4+ T naive,test_scATAC,Lymph prog,ILC,test_scRNA
AATCAGGAGGGACGCA-1_atac,CD4+ T activated,test_scATAC,CD14+ Mono,CD14+ Mono,test_scRNA
GTGCTCAAGCCGCTAA-1_atac,Erythroblast,test_scATAC,CD8+ T,CD4+ T activated,test_scATAC
TACTAAGTCGCTTCTA-1_atac,B1 B,test_scATAC,NK,Transitional B,test_scATAC
AGATGAAGTTGTTGCT-1_atac,Naive CD20+ B,test_scATAC,NK,CD14+ Mono,test_scATAC
GAGTGATCAGCAAGTG-1_atac,CD4+ T activated,test_scATAC,CD14+ Mono,Normoblast,test_scRNA
TCATTTGGTTGTTCAC-1_atac,CD4+ T activated,test_scATAC,Erythroblast,NK,test_scATAC
TTGCATTTCTCGCCCA-1_atac,CD4+ T naive,test_scATAC,CD8+ T,Erythroblast,test_scATAC
ATGTGAGAGGATTGAG-1_atac,Erythroblast,test_scATAC,CD14+ Mono,B1 B,test_scATAC
TACCGTTGTTGTTGGA-1_atac,CD14+ Mono,test_scATAC,Erythroblast,CD14+ Mono,test_scATAC
GTCGCAATCTATGACA-1_atac,Naive CD20+ B,test_scATAC,CD14+ Mono,NK,test_scATAC
CCCGCTTCAAACGCGA-1_atac,CD8+ T,test_scATAC,CD14+ Mono,CD14+ Mono,test_scRNA
ACAACATGTGAGCGAA-1_atac,Erythroblast,test_scATAC,Erythroblast,NK,test_scRNA
ACCAGCTCATACTCCT-1_atac,Naive CD20+ B,test_scATAC,CD14+ Mono,CD14+ Mono,test_scRNA
ATGATGGAGGTAGCTT-1_atac,CD4+ T activated,test_scATAC,NK,Normoblast,test_scATAC
ATTGGCTAGCTTAGTA-1_atac,CD14+ Mono,test_scATAC,CD4+ T naive,Transitional B,test_scRNA
GAGGGAGCATGTCAAT-1_atac,CD14+ Mono,test_scATAC,Naive CD20+ B,Erythroblast,test_scRNA
GTACTTCGTTACTAGG-1_atac,CD4+ T naive,test_scATAC,CD4+ T activated,CD14+ Mono,test_scRNA
ATTATGGTCGCACAAT-1_atac,CD8+ T,test_scATAC,CD4+ T activated,CD14+ Mono,test_scRNA
GCAGCCAGTTGCAATG-1_atac,Normoblast,test_scATAC,CD14+ Mono,CD8+ T,test_scATAC
GAGGCCTTCATGTGGT-1_atac,CD14+ Mono,test_scATAC,CD4+ T naive,Transitional B,test_scATAC
ATTTGCAAGGAGGCAT-1_atac,CD14+ Mono,test_scATAC,CD4+ T naive,CD8+ T,test_scATAC
TCATAACCACATGCTA-1_atac,CD4+ T naive,test_scATAC,CD14+ Mono,Normoblast,test_scRNA
AGCTGCTCAAGGTACG-1_atac,NK,test_scATAC,CD14+ Mono,Erythroblast,test_scRNA
GAGCCACTCATTATGG-1_atac,NK,test_scATAC,Normoblast,Normoblast,test_scATAC
CTCATTAGTGAGCAAG-1_atac,Erythroblast,test_scATAC,G/M prog,Erythroblast,test_scATAC
AATTTGGTCCACCTTA-1_atac,CD4+ T activated,test_scATAC,Normoblast,B1 B,test_scATAC
CGCTAATAGTAAGAAC-1_atac,CD4+ T activated,test_scATAC,Naive CD20+ B,Proerythroblast,test_scATAC
GGAACCACACAAAGGT-1_atac,Erythroblast,test_scATAC,Erythroblast,Naive CD20+ B,test_scATAC
AGACAATAGGCGCACT-1_atac,Naive CD20+ B,test_scATAC,Naive CD20+ B,CD8+ T,test_scRNA
ACCAGGACACATTAAC-1_atac,CD4+ T naive,test_scATAC,CD14+ Mono,CD8+ T,test_scATAC
GGCGATACAAAGCGGC-1_atac,CD14+ Mono,test_scATAC,ILC,CD8+ T,test_scRNA
ACCTAAATCTTGCTAT-1_atac,Erythroblast,test_scATAC,NK,CD4+ T activated,test_scRNA
TAGCTTAAGCCTGTTC-1_atac,Erythroblast,test_scATAC,Naive CD20+ B,Naive CD20+ B,test_scRNA
AAGCGCTGTTTCGCCA-1_atac,CD14+ Mono,test_scATAC,CD8+ T,Normoblast,test_scATAC
GCCAATAGTTGACTTC-1_atac,CD14+ Mono,test_scATAC,CD4+ T naive,Naive CD20+ B,test_scATAC
CGTATTGCAACAGCCT-1_atac,CD14+ Mono,test_scATAC,CD8+ T,G/M prog,test_scATAC
CAACCCGCAAACTGTT-1_atac,CD4+ T naive,test_scATAC,Normoblast,CD4+ T activated,test_scATAC
TTGACGTAGCTGTAAC-1_atac,CD8+ T,test_scATAC,CD14+ Mono,CD8+ T,test_scATAC
TGACTTCGTGGATTAT-1_atac,CD4+ T naive,test_scATAC,CD14+ Mono,Erythroblast,test_scATAC
ATGTAAGCATTCCTGT-1_atac,CD14+ Mono,test_scATAC,CD4+ T activated,CD14+ Mono,test_scRNA
TTGGCTACAGCTCAAC-1_atac,CD4+ T activated,test_scATAC,CD4+ T activated,MK/E prog,test_scATAC
AGGCTAAAGTTGCGTG-1_atac,Naive CD20+ B,test_scATAC,G/M prog,NK,test_scRNA
CAGAATCTCAATCTCT-1_atac,CD14+ Mono,test_scATAC,CD4+ T activated,CD14+ Mono,test_scRNA
GACTTGGTCCTCCCTC-1_atac,Naive CD20+ B,test_scATAC,Plasma cell,Proerythroblast,test_scRNA
GCTAAGAAGCACGATT-1_atac,B1 B,test_scATAC,Erythroblast,CD4+ T activated,test_scATAC
AGCTGCTCATGTCGCG-1_atac,CD14+ Mono,test_scATAC,CD4+ T activated,Naive CD20+ B,test_scATAC
GCGTGCTAGGGATGAC-1_atac,CD8+ T,test_scATAC,Naive CD20+ B,CD14+ Mono,test_scRNA
ACCTGGTCATGTGGGA-1_atac,CD8+ T,test_scATAC,CD4+ T naive,CD8+ T,test_scRNA
AGTTTGATCGAGGAAC-1_atac,CD14+ Mono,test_scATAC,CD8+ T,CD14+ Mono,test_scATAC
GACATAGAGTGTTGTA-1_atac,CD8+ T,test_scATAC,CD4+ T activated,CD4+ T activated,test_scATAC
ACGTCCAAGCAAGGGT-1_atac,CD4+ T activated,test_scATAC,cDC2,Erythroblast,test_scATAC
CGAAATGAGTCATTTC-1_atac,NK,test_scATAC,Plasma cell,CD4+ T naive,test_scRNA
CCTTAACGTTACATCC-1_atac,NK,test_scATAC,CD4+ T naive,CD8+ T,test_scRNA
CTGGTTTGTTCAAGCA-1_atac,CD4+ T activated,test_scATAC,CD4+ T activated,CD8+ T,test_scATAC
AAACGGATCCCGAAGC-1_atac,CD8+ T,test_scATAC,CD4+ T naive,CD4+ T activated,test_scATAC
GTACGTAGTGTTAAAC-1_atac,CD14+ Mono,test_scATAC,CD14+ Mono,Erythroblast,test_scRNA
TCCGGAATCCTCAGCT-1_atac,NK,test_scATAC,CD14+ Mono,CD8+ T,test_scATAC
AGAAGGTGTGGACCTG-1_atac,Erythroblast,test_scATAC,CD4+ T activated,pDC,test_scATAC
GTTTAGCAGCTTATGA-1_atac,NK,test_scATAC,CD8+ T,CD4+ T naive,test_scRNA
CAGGTTAGTGGACATC-1_atac,Naive CD20+ B,test_scATAC,Normoblast,CD8+ T,test_scATAC
GAAAGGCTCCTAAGTA-1_atac,NK,test_scATAC,Normoblast,CD8+ T,test_scATAC
AGAAACTAGTAACTCA-1_atac,Normoblast,test_scATAC,CD8+ T,NK,test_scATAC
CGTTATTTCGATTCTT-1_atac,G/M prog,test_scATAC,Erythroblast,CD8+ T,test_scATAC
AGCAATACAATATACC-1_atac,Erythroblast,test_scATAC,Erythroblast,CD8+ T,test_scATAC
ATGACCAGTGCGCGTA-1_atac,CD8+ T,test_scATAC,HSC,CD4+ T activated,test_scRNA
CTTAAGGGTATTTGGG-1_atac,Naive CD20+ B,test_scATAC,CD14+ Mono,Plasma cell,test_scATAC
CATTGTAAGGAACCAA-1_atac,CD14+ Mono,test_scATAC,NK,pDC,test_scATAC
TTTAAGGTCATGCTCC-1_atac,CD14+ Mono,test_scATAC,CD8+ T,CD14+ Mono,test_scATAC
CGTATTGCAGAATGAC-1_atac,CD4+ T activated,test_scATAC,Normoblast,CD4+ T naive,test_scRNA
GATCAGTTCACGCCAA-1_atac,NK,test_scATAC,CD8+ T,CD4+ T activated,test_scRNA
TGTGCTGAGGAAACTG-1_atac,NK,test_scATAC,G/M prog,NK,test_scATAC
GCTTGACCAATGAGGT-1_atac,Naive CD20+ B,test_scATAC,pDC,Erythroblast,test_scRNA
TGTGCGCAGGCTGTCA-1_atac,CD8+ T,test_scATAC,CD8+ T,B1 B,test_scATAC
GAGTCAAAGATAACCC-1_atac,CD14+ Mono,test_scATAC,CD4+ T activated,Naive CD20+ B,test_scATAC
TGTCATAAGGCATTGT-1_atac,Erythroblast,test_scATAC,NK,CD16+ Mono,test_scATAC
GCTGGTTCATAGCGGA-1_atac,Erythroblast,test_scATAC,pDC,CD14+ Mono,test_scRNA
TATCACGCAAGTGTTT-1_atac,Normoblast,test_scATAC,CD4+ T activated,Erythroblast,test_scRNA
CATCGCTTCAATCATG-1_atac,Erythroblast,test_scATAC,CD4+ T naive,CD4+ T naive,test_scRNA
CCGATGCAGGAACGGT-1_atac,NK,test_scATAC,CD4+ T naive,Normoblast,test_scRNA
AATCCCTGTCATGAGC-1_atac,CD4+ T activated,test_scATAC,Normoblast,CD8+ T,test_scATAC
ATGACCAGTTAGCATG-1_atac,CD4+ T naive,test_scATAC,CD14+ Mono,Transitional B,test_scATAC
TCTAGCACAGGAACTG-1_atac,Naive CD20+ B,test_scATAC,Normoblast,ILC,test_scATAC
CTTTCTTGTAGGATTT-1_atac,CD4+ T activated,test_scATAC,pDC,Erythroblast,test_scRNA
CGAACAAAGTCATTTC-1_atac,CD8+ T,test_scATAC,CD4+ T activated,CD4+ T activated,test_scRNA
ACCATAATCGGGCCAT-1_atac,CD8+ T,test_scATAC,CD4+ T activated,CD4+ T activated,test_scATAC
ATGGCCCAGTTTGCGG-1_atac,NK,test_scATAC,Plasma cell,Erythroblast,test_scATAC
ACCTTCATCTAATCCT-1_atac,Normoblast,test_scATAC,CD4+ T activated,CD14+ Mono,test_scRNA
CTGAAACTCTATCGCC-1_atac,Naive CD20+ B,test_scATAC,CD8+ T,CD14+ Mono,test_scRNA
CATAGGTTCCGTGACA-1_atac,B1 B,test_scATAC,CD4+ T activated,CD14+ Mono,test_scATAC
GGCTATGTCCGTAAAC-1_atac,ILC,test_scATAC,CD8+ T,NK,test_scRNA
TCAATCGCATCCATCT-1_atac,CD4+ T activated,test_scATAC,CD8+ T,CD8+ T,test_scATAC
GGAAGCTAGGATCACT-1_atac,Erythroblast,test_scATAC,Erythroblast,CD4+ T activated,test_scRNA
GCCTTTGGTGTTTGAG-1_atac,Erythroblast,test_scATAC,NK,Erythroblast,test_scATAC
GCCTTTATCAATTGGC-1_atac,CD14+ Mono,test_scATAC,CD4+ T activated,CD14+ Mono,test_scATAC
TCAAGGTTCCTTGTTG-1_atac,Erythroblast,test_scATAC,Erythroblast,Erythroblast,test_scRNA
TGTGGAGCATTGTCCT-1_atac,CD8+ T,test_scATAC,MK/E prog,CD4+ T naive,test_scATAC
TCATGAGGTATTACCC-1_atac,CD8+ T,test_scATAC,CD4+ T activated,Normoblast,test_scATAC
GCTGTGCAGTGACCTG-1_atac,CD4+ T activated,test_scATAC,CD4+ T naive,CD8+ T,test_scATAC
AGGTCCGGTCCGTGAG-1_atac,CD4+ T naive,test_scATAC,Erythroblast,CD4+ T naive,test_scRNA
AGCTATATCATAAGCC-1_atac,Normoblast,test_scATAC,Naive CD20+ B,Normoblast,test_scATAC
TACTGAGGTGTTTGAG-1_atac,NK,test_scATAC,CD14+ Mono,NK,test_scATAC
GTATTGATCTCACACC-1_atac,CD4+ T naive,test_scATAC,Plasma cell,Naive CD20+ B,test_scATAC
AAGGCCCTCCGCCTCA-1_atac,CD4+ T activated,test_scATAC,CD8+ T,CD14+ Mono,test_scRNA
GCTGTACCAACTCGCG-1_atac,Erythroblast,test_scATAC,CD4+ T activated,NK,test_scATAC
CCCTGGACAATGAATG-1_atac,Erythroblast,test_scATAC,CD14+ Mono,Plasma cell,test_scRNA
CGGTGAGAGCACAGAA-1_atac,B1 B,test_scATAC,CD8+ T,CD8+ T,test_scRNA
GCAAGTGCAGTAAGTA-1_atac,Normoblast,test_scATAC,Erythroblast,Erythroblast,test_scRNA
GTGTTACAGCTGAGGG-1_atac,CD14+ Mono,test_scATAC,Naive CD20+ B,Transitional B,test_scRNA
TACATCAAGCAGGCCT-1_atac,Naive CD20+ B,test_scATAC,CD8+ T,Naive CD20+ B,test_scRNA
AGCAGGTAGCGGATAA-1_atac,Naive CD20+ B,test_scATAC,CD4+ T activated,CD14+ Mono,test_scRNA
GCTATAGGTTAGGCTA-1_atac,CD14+ Mono,test_scATAC,NK,Erythroblast,test_scATAC
TGTAAGTGTCAGGAAG-1_atac,Normoblast,test_scATAC,CD4+ T naive,NK,test_scATAC
GCAGGTGAGTTATTCC-1_atac,CD8+ T,test_scATAC,CD4+ T activated,CD8+ T,test_scATAC
GCGAAGCCAATATAGG-1_atac,CD14+ Mono,test_scATAC,CD14+ Mono,NK,test_scATAC
TGTAAGCTCCCGTTGT-1_atac,CD8+ T,test_scATAC,Normoblast,CD4+ T activated,test_scATAC
TTATCCGTCCCTCAGT-1_atac,CD8+ T,test_scATAC,CD4+ T naive,Erythroblast,test_scATAC
AAGCCTCCAGTTTACG-1_atac,Normoblast,test_scATAC,CD8+ T,CD4+ T activated,test_scRNA
GGAGCATAGTGAGGTA-1_atac,CD8+ T,test_scATAC,Naive CD20+ B,CD14+ Mono,test_scRNA
TTGCAATCACAGCCAT-1_atac,CD8+ T,test_scATAC,NK,NK,test_scRNA
GCAGGACCAAGACTCC-1_atac,Erythroblast,test_scATAC,G/M prog,Normoblast,test_scATAC
TAGTTTGAGTTTCCTG-1_atac,Erythroblast,test_scATAC,CD4+ T activated,CD8+ T,test_scATAC
GGGTCAACAAACGCGA-1_atac,CD8+ T,test_scATAC,CD14+ Mono,Erythroblast,test_scATAC
AGTTGCAGTCCGTGAG-1_atac,NK,test_scATAC,CD4+ T activated,Erythroblast,test_scATAC
GCCACAATCCTAGTTT-1_atac,CD14+ Mono,test_scATAC,CD14+ Mono,NK,test_scATAC
GCCTGACAGGCGGGTA-1_atac,CD14+ Mono,test_scATAC,NK,Erythroblast,test_scATAC
ACATCATCATCCCTCA-1_atac,CD8+ T,test_scATAC,ID2-hi myeloid prog,CD4+ T activated,test_scRNA
GTCGAAGCATTTGCTC-1_atac,Erythroblast,test_scATAC,CD14+ Mono,B1 B,test_scATAC
CACAGGGAGGCTACAT-1_atac,Naive CD20+ B,test_scATAC,CD14+ Mono,CD14+ Mono,test_scATAC
TGGTGATTCCTCACAC-1_atac,Erythroblast,test_scATAC,CD8+ T,CD14+ Mono,test_scATAC
AGTCAAGAGGTAAGGC-1_atac,NK,test_scATAC,ID2-hi myeloid prog,CD4+ T activated,test_scATAC
GAGCGGTCATGTCAGC-1_atac,Naive CD20+ B,test_scATAC,Erythroblast,pDC,test_scRNA
AAGCGAATCCCATAGG-1_atac,B1 B,test_scATAC,CD8+ T,Normoblast,test_scRNA
TGTAAGCTCCGCCTCA-1_atac,CD14+ Mono,test_scATAC,CD14+ Mono,CD14+ Mono,test_scATAC
ACAGGAATCGACCTGA-1_atac,CD8+ T,test_scATAC,CD4+ T activated,CD8+ T,test_scRNA
TCAAGGTTCGATTCTT-1_atac,CD14+ Mono,test_scATAC,MK/E prog,Normoblast,test_scATAC
GTTGCCCGTGTTTGCT-1_atac,Erythroblast,test_scATAC,CD14+ Mono,CD4+ T activated,test_scRNA
TTTAACCTCTCAATTC-1_atac,Naive CD20+ B,test_scATAC,Proerythroblast,NK,test_scATAC
CGCACACAGTCAGTAC-1_atac,Erythroblast,test_scATAC,CD4+ T naive,CD14+ Mono,test_scRNA
GTCGAGGAGGTGCGGA-1_atac,B1 B,test_scATAC,G/M prog,NK,test_scRNA
TTCCACGGTTGTCATC-1_atac,CD4+ T naive,test_scATAC,CD8+ T,CD4+ T activated,test_scRNA
GCCTGCTGTATTGTGG-1_atac,CD4+ T activated,test_scATAC,CD8+ T,CD4+ T activated,test_scATAC
CCGATGCAGAGAGCCG-1_atac,G/M prog,test_scATAC,CD4+ T naive,CD4+ T activated,test_scATAC
CGGCCATAGCGAAGTA-1_atac,CD14+ Mono,test_scATAC,CD14+ Mono,ILC,test_scRNA
ACGCTTGAGTTTGAGC-1_atac,CD4+ T activated,test_scATAC,Erythroblast,CD4+ T activated,test_scATAC
AAGACATAGACAAACG-1_atac,CD14+ Mono,test_scATAC,CD4+ T naive,ILC,test_scATAC
TCGTTTCCAATGAATG-1_atac,Naive CD20+ B,test_scATAC,CD4+ T naive,CD4+ T activated,test_scATAC
CATTCCTCAAGGGTTG-1_atac,CD8+ T,test_scATAC,Plasma cell,CD4+ T activated,test_scRNA
ATCTATGAGCATGTCG-1_atac,CD4+ T activated,test_scATAC,CD14+ Mono,CD8+ T,test_scATAC
CCTAAGGTCGCTATGG-1_atac,Normoblast,test_scATAC,CD4+ T naive,NK,test_scRNA
GCCAGGTTCAGGAACA-1_atac,Normoblast,test_scATAC,CD8+ T,Naive CD20+ B,test_scATAC
TCCGGAATCTTGACCC-1_atac,CD14+ Mono,test_scATAC,G/M prog,CD8+ T,test_scATAC
CTTTATGGTTCAAGCA-1_atac,NK,test_scATAC,CD4+ T activated,CD4+ T activated,test_scRNA
GGCATGGAGGGCTAAA-1_atac,Erythroblast,test_scATAC,CD4+ T naive,Proerythroblast,test_scATAC
GCTGATCCAGCGCTTG-1_atac,B1 B,test_scATAC,B1 B,CD14+ Mono,test_scRNA
TCGGTTTGTGGTTCTT-1_atac,Erythroblast,test_scATAC,CD16+ Mono,ILC,test_scATAC
AGGTTTGGTAACCAGC-1_atac,CD14+ Mono,test_scATAC,CD4+ T naive,Plasma cell,test_scATAC
GGTACAAAGAGAGGCT-1_atac,CD4+ T naive,test_scATAC,CD8+ T,CD14+ Mono,test_scRNA
GGTCCGTAGTTAGGCT-1_atac,Normoblast,test_scATAC,NK,CD14+ Mono,test_scATAC
TTGACGTAGTGGACAA-1_atac,CD4+ T activated,test_scATAC,G/M prog,Erythroblast,test_scATAC
ACCTGGTCAGTTAGCC-1_atac,CD8+ T,test_scATAC,NK,Erythroblast,test_scRNA
CGAGGAAGTCATGAGC-1_atac,ILC,test_scATAC,CD14+ Mono,CD8+ T,test_scATAC
GTACTAGGTAGCTGCG-1_atac,Erythroblast,test_scATAC,ID2-hi myeloid prog,Transitional B,test_scRNA
CGGTTGGGTTCCTGTG-1_atac,Normoblast,test_scATAC,CD4+ T naive,Naive CD20+ B,test_scATAC
GCTCATTGTGTGTCCC-1_atac,CD8+ T,test_scATAC,CD4+ T naive,CD4+ T naive,test_scRNA
GTCAAACTCAAGGACA-1_atac,CD8+ T,test_scATAC,CD4+ T activated,NK,test_scRNA
CAAGACAAGGCTAAGA-1_atac,CD4+ T activated,test_scATAC,CD4+ T naive,pDC,test_scRNA
TAGTTTGAGTCATTGA-1_atac,CD14+ Mono,test_scATAC,Erythroblast,Erythroblast,test_scRNA
AAGTTTGTCCTCCATA-1_atac,CD4+ T activated,test_scATAC,CD4+ T naive,CD4+ T activated,test_scRNA
TGTTACTTCGCCTGTT-1_atac,CD8+ T,test_scATAC,CD14+ Mono,Erythroblast,test_scATAC
GTGCACGGTTTGCGAA-1_atac,NK,test_scATAC,CD4+ T naive,NK,test_scATAC
GTACGTAGTCTCAGCC-1_atac,Naive CD20+ B,test_scATAC,cDC2,Normoblast,test_scATAC
GAACACAAGTTAACCA-1_atac,Erythroblast,test_scATAC,CD14+ Mono,CD4+ T naive,test_scRNA
AACAGCAAGCTTAACA-1_atac,CD14+ Mono,test_scATAC,Plasma cell,CD14+ Mono,test_scATAC
CAGTATGGTTAGCAGC-1_atac,NK,test_scATAC,Erythroblast,CD8+ T,test_scATAC
ATTGCAGGTTACTTCA-1_atac,NK,test_scATAC,G/M prog,CD8+ T,test_scRNA
AACCTTAAGGCGCATC-1_atac,CD14+ Mono,test_scATAC,Naive CD20+ B,Normoblast,test_scRNA
CCATATTTCTTAGCGG-1_atac,CD8+ T,test_scATAC,NK,NK,test_scATAC
ACTCGCGCAGCTTAAT-1_atac,Erythroblast,test_scATAC,G/M prog,pDC,test_scATAC
ATCCAACAGGATAAAC-1_atac,NK,test_scATAC,Erythroblast,ILC,test_scATAC
TGGACCGGTGCAACTA-1_atac,CD14+ Mono,test_scATAC,Erythroblast,Erythroblast,test_scRNA
TGTTCCTCAGCTTACA-1_atac,Naive CD20+ B,test_scATAC,CD4+ T naive,CD4+ T activated,test_scATAC
TTAGCAATCTATGACA-1_atac,NK,test_scATAC,Naive CD20+ B,B1 B,test_scATAC
CCTATAGCACGAACAG-1_atac,B1 B,test_scATAC,Normoblast,B1 B,test_scRNA
GTGCTTACATAATCCG-1_atac,CD4+ T activated,test_scATAC,Naive CD20+ B,CD4+ T activated,test_scATAC
CAACTAATCATAACCA-1_atac,CD8+ T,test_scATAC,CD8+ T,CD14+ Mono,test_scATAC
GACTCACCAGCTTACA-1_atac,Naive CD20+ B,test_scATAC,Naive CD20+ B,CD4+ T naive,test_scRNA
GGAGGTTAGTGGCGGA-1_atac,NK,test_scATAC,CD14+ Mono,B1 B,test_scRNA
GAGAACCAGATGCCTG-1_atac,Normoblast,test_scATAC,NK,Lymph prog,test_scATAC
AGCACTAGTTTCCACG-1_atac,Erythroblast,test_scATAC,CD14+ Mono,CD14+ Mono,test_scRNA
TACTGGCCACTTGTTC-1_atac,Erythroblast,test_scATAC,Erythroblast,NK,test_scRNA
TCGGTTCTCACTCGCT-1_atac,Erythroblast,test_scATAC,Erythroblast,Naive CD20+ B,test_scRNA
ACGTCAAGTCCTAACT-1_atac,NK,test_scATAC,Erythroblast,Erythroblast,test_scRNA
ACTTATGAGACTCGCA-1_atac,CD4+ T naive,test_scATAC,CD4+ T naive,Erythroblast,test_scRNA
GTACGTAGTTTGTTGC-1_atac,CD4+ T naive,test_scATAC,Erythroblast,Normoblast,test_scATAC
GTCCTCAGTTGCATCT-1_atac,CD8+ T,test_scATAC,CD8+ T,Erythroblast,test_scATAC
TTGCGAGTCGTTAGTA-1_atac,CD4+ T naive,test_scATAC,CD4+ T activated,CD4+ T naive,test_scRNA
CTTTGGGAGATGCCTG-1_atac,NK,test_scATAC,Erythroblast,Naive CD20+ B,test_scATAC
GTGTGCGGTGATGAGG-1_atac,CD4+ T activated,test_scATAC,CD4+ T activated,Normoblast,test_scATAC
CTATGGCCACCAGCAT-1_atac,CD4+ T activated,test_scATAC,CD14+ Mono,CD14+ Mono,test_scRNA
TTGCAAGGTGCTTTAC-1_atac,ILC,test_scATAC,NK,Erythroblast,test_scRNA
CTCAATAAGTTATTCC-1_atac,CD4+ T activated,test_scATAC,CD4+ T naive,CD4+ T naive,test_scATAC
TAACCTAAGTAAACCC-1_atac,CD4+ T naive,test_scATAC,NK,Erythroblast,test_scRNA
CCTATTGTCTCACATT-1_atac,CD14+ Mono,test_scATAC,CD8+ T,CD14+ Mono,test_scRNA
ATACCTGCACTAAATC-1_atac,CD8+ T,test_scATAC,Erythroblast,Erythroblast,test_scATAC
ATCTATGAGGCTACTG-1_atac,CD14+ Mono,test_scATAC,B1 B,NK,test_scATAC
CGTAGCGGTCATTGTC-1_atac,CD8+ T,test_scATAC,CD8+ T,NK,test_scRNA
AATGAAGGTTCCTCCT-1_atac,Erythroblast,test_scATAC,CD8+ T,CD4+ T naive,test_scATAC
CTTGCGCGTGCACGCA-1_atac,CD4+ T naive,test_scATAC,Erythroblast,CD14+ Mono,test_scATAC
AGCTACGTCCTTAGTT-1_atac,B1 B,test_scATAC,Erythroblast,CD8+ T,test_scRNA
TGGGCATGTCCGGTTC-1_atac,CD8+ T,test_scATAC,Erythroblast,CD4+ T activated,test_scATAC
ACCATTAAGGCCTTAG-1_atac,Erythroblast,test_scATAC,NK,Plasma cell,test_scATAC
CGTGCTTTCGCAGGCT-1_atac,CD4+ T activated,test_scATAC,NK,Naive CD20+ B,test_scATAC
GAACCAAAGTCACTAA-1_atac,NK,test_scATAC,NK,CD14+ Mono,test_scRNA
CTGTTCATCCTTGAGG-1_atac,G/M prog,test_scATAC,Normoblast,Erythroblast,test_scATAC
ATATAGGCAGTTTGTG-1_atac,CD4+ T activated,test_scATAC,Naive CD20+ B,Lymph prog,test_scRNA
TACGTTAAGGCTGGCT-1_atac,CD4+ T naive,test_scATAC,Normoblast,CD14+ Mono,test_scATAC
CAATAGCTCCTCCTAA-1_atac,CD14+ Mono,test_scATAC,Proerythroblast,Naive CD20+ B,test_scATAC
GTGATCAGTTAGTTGG-1_atac,Normoblast,test_scATAC,CD14+ Mono,Plasma cell,test_scATAC
TGCTTGTGTGGATTCA-1_atac,CD4+ T activated,test_scATAC,CD4+ T activated,CD14+ Mono,test_scATAC
CCAAATCAGGCTAGAA-1_atac,CD14+ Mono,test_scATAC,CD14+ Mono,Normoblast,test_scATAC
GTGTAACTCAAGCGCC-1_atac,CD4+ T activated,test_scATAC,CD4+ T naive,CD8+ T,test_scATAC
TCACCTCAGGGCCATC-1_atac,CD8+ T,test_scATAC,ILC,CD14+ Mono,test_scRNA
GAGCAAGGTAATGGCC-1_atac,Normoblast,test_scATAC,CD4+ T activated,CD14+ Mono,test_scRNA
AACAGCAAGGCACAGG-1_atac,G/M prog,test_scATAC,CD14+ Mono,CD16+ Mono,test_scRNA
ACCGGCTAGCGGTTAT-1_atac,CD4+ T naive,test_scATAC,ID2-hi myeloid prog,CD8+ T,test_scRNA
GAACCAGCAATTATGC-1_atac,CD4+ T naive,test_scATAC,Erythroblast,NK,test_scATAC
TTTGTCTAGCCGCAGT-1_atac,CD14+ Mono,test_scATAC,CD14+ Mono,CD4+ T activated,test_scRNA
GGAAGCTAGTCATGCG-1_atac,CD14+ Mono,test_scATAC,CD8+ T,Erythroblast,test_scRNA
TGTGTTAAGGCGGATG-1_atac,Erythroblast,test_scATAC,CD4+ T activated,Plasma cell,test_scATAC
ACCGGCTAGCCTCTCG-1_atac,CD4+ T activated,test_scATAC,Erythroblast,B1 B,test_scATAC
CCTGGATCAGCTTAGC-1_atac,Naive CD20+ B,test_scATAC,Erythroblast,NK,test_scRNA
GGCGGTTTCCGCCTCA-1_atac,NK,test_scATAC,NK,Lymph prog,test_scRNA
ACTTGAATCATGGCCA-1_atac,CD4+ T naive,test_scATAC,Erythroblast,Erythroblast,test_scATAC
CAAGTAACAGGCATCT-1_atac,CD8+ T,test_scATAC,NK,CD4+ T activated,test_scRNA
ATTAGCTCATTATGCG-1_atac,CD8+ T,test_scATAC,CD4+ T activated,CD4+ T activated,test_scATAC
TCAAGCTAGCCTGTGA-1_atac,Erythroblast,test_scATAC,CD14+ Mono,CD14+ Mono,test_scATAC
TGTGGCGGTTTAGTCC-1_atac,CD4+ T naive,test_scATAC,CD4+ T activated,Erythroblast,test_scATAC
AGAATCTGTGGTTAGC-1_atac,CD4+ T activated,test_scATAC,CD4+ T naive,CD14+ Mono,test_scATAC
TCAATCGCAATACTGT-1_atac,CD4+ T naive,test_scATAC,CD4+ T activated,Naive CD20+ B,test_scATAC
CCAAACTAGGCGGATG-1_atac,Erythroblast,test_scATAC,CD8+ T,G/M prog,test_scRNA
CGCTCAGCAAGTTATC-1_atac,CD4+ T activated,test_scATAC,Normoblast,CD14+ Mono,test_scATAC
TTCGTTAGTGTCACGG-1_atac,Erythroblast,test_scATAC,CD14+ Mono,CD4+ T activated,test_scATAC
AGAGGATGTTGCACGG-1_atac,Erythroblast,test_scATAC,CD4+ T activated,Naive CD20+ B,test_scATAC
ACGTACCCAAGCTTTG-1_atac,NK,test_scATAC,MK/E prog,CD14+ Mono,test_scRNA
GGCATGGAGCTTAGTA-1_atac,B1 B,test_scATAC,CD8+ T,Erythroblast,test_scRNA
CCATAATCACAATGCC-1_atac,NK,test_scATAC,Naive CD20+ B,CD8+ T,test_scRNA
AAGAATCAGGCATGTT-1_atac,CD14+ Mono,test_scATAC,NK,Erythroblast,test_scRNA
GTACGTAGTGAAGCCT-1_atac,CD4+ T activated,test_scATAC,CD14+ Mono,CD8+ T,test_scRNA
ACGTTACAGGGTTATC-1_atac,Erythroblast,test_scATAC,CD4+ T naive,Erythroblast,test_scATAC
GAGAACCAGCTTAACA-1_atac,NK,test_scATAC,Proerythroblast,CD8+ T,test_scRNA
CAAGGGAGTAGTTGGC-1_atac,Erythroblast,test_scATAC,NK,NK,test_scRNA
TATGAAGCACAGAAAC-1_atac,CD14+ Mono,test_scATAC,Naive CD20+ B,CD8+ T,test_scRNA
CAAACATGTCTAACCT-1_atac,NK,test_scATAC,ILC,CD4+ T activated,test_scRNA
CTGGTTTGTTTATGGG-1_atac,CD14+ Mono,test_scATAC,CD4+ T activated,B1 B,test_scRNA
ATATGGTGTAAACAAG-1_atac,Erythroblast,test_scATAC,CD4+ T activated,B1 B,test_scATAC
TTGTCAAAGCCACAAT-1_atac,Normoblast,test_scATAC,NK,CD4+ T activated,test_scRNA
GACCTTTGTATGGTGC-1_atac,Normoblast,test_scATAC,CD8+ T,Normoblast,test_scATAC
GATTGGTTCATGAGCT-1_atac,ILC,test_scATAC,B1 B,CD4+ T naive,test_scRNA
TCTAGCCTCGGGACTC-1_atac,B1 B,test_scATAC,pDC,Erythroblast,test_scATAC
AAGCCTTAGTCACTAA-1_atac,NK,test_scATAC,Erythroblast,Erythroblast,test_scATAC
ATTGACTCACTGGCTG-1_atac,Erythroblast,test_scATAC,CD4+ T activated,CD8+ T,test_scRNA
TCGCCCATCGATTTGA-1_atac,NK,test_scATAC,Naive CD20+ B,CD4+ T naive,test_scRNA
TCTACCTCAGAGGGAG-1_atac,B1 B,test_scATAC,CD4+ T activated,B1 B,test_scRNA
TGCTTGCTCAATCTAG-1_atac,CD14+ Mono,test_scATAC,Naive CD20+ B,CD8+ T,test_scATAC
GGCTATTAGGTCCGTA-1_atac,CD14+ Mono,test_scATAC,CD8+ T,HSC,test_scRNA
CGGGTCTAGTTGCGTG-1_atac,CD8+ T,test_scATAC,CD4+ T naive,Erythroblast,test_scRNA
ACAGTATGTGAGACTC-1_atac,G/M prog,test_scATAC,CD4+ T naive,CD8+ T,test_scATAC
TGTGAAACACCTGCTC-1_atac,Erythroblast,test_scATAC,CD8+ T,NK,test_scRNA
CTAGGACGTGTTGTGA-1_atac,CD4+ T naive,test_scATAC,NK,Erythroblast,test_scATAC
ACGGTACGTTTGAGGC-1_atac,Erythroblast,test_scATAC,CD4+ T activated,Naive CD20+ B,test_scRNA
TGTGCTGAGGCAAGTA-1_atac,CD14+ Mono,test_scATAC,Normoblast,NK,test_scATAC
TGTGATCAGTAAGTCC-1_atac,Normoblast,test_scATAC,B1 B,NK,test_scRNA
GCTAAGAAGGAGTCTT-1_atac,CD14+ Mono,test_scATAC,CD4+ T activated,Naive CD20+ B,test_scRNA
TCATGCCTCAATCTCT-1_atac,CD4+ T activated,test_scATAC,CD14+ Mono,CD4+ T activated,test_scRNA
TTAAGGACAACCGCCA-1_atac,CD14+ Mono,test_scATAC,NK,CD4+ T naive,test_scRNA
CTTCACTCAATTGCGC-1_atac,B1 B,test_scATAC,CD4+ T activated,ILC,test_scRNA
CCATAAATCACGTTAA-1_atac,CD8+ T,test_scATAC,Erythroblast,NK,test_scRNA
AGTCTTGCATCCTGAA-1_atac,Naive CD20+ B,test_scATAC,NK,Erythroblast,test_scRNA
ACCTGGATCATGCGTG-1_atac,NK,test_scATAC,HSC,ID2-hi myeloid prog,test_scATAC
GGGCATGAGCTCGCTT-1_atac,CD14+ Mono,test_scATAC,CD14+ Mono,CD4+ T activated,test_scRNA
TGCTCTCAGCACTAAC-1_atac,Normoblast,test_scATAC,CD4+ T naive,CD14+ Mono,test_scRNA
AGACCCGGTTTCAGGA-1_atac,ILC,test_scATAC,Erythroblast,Erythroblast,test_scRNA
TAAGTGCTCGTTTCGC-1_atac,Erythroblast,test_scATAC,CD8+ T,CD4+ T naive,test_scRNA
ATCCTCATCGCTAAGT-1_atac,ILC,test_scATAC,Normoblast,CD4+ T activated,test_scATAC
GAGTGATCATTGTGCA-1_atac,CD4+ T activated,test_scATAC,CD4+ T naive,NK,test_scATAC
GGCCTAATCCCTGGTT-1_atac,CD4+ T activated,test_scATAC,CD14+ Mono,NK,test_scATAC
GCAGGATAGAAAGGAA-1_atac,CD8+ T,test_scATAC,Normoblast,Plasma cell,test_scRNA
CTCCGGACAGGACACA-1_atac,B1 B,test_scATAC,CD4+ T activated,CD8+ T,test_scATAC
TGCCATTGTGGGTGAA-1_atac,CD14+ Mono,test_scATAC,CD14+ Mono,CD4+ T naive,test_scATAC
CGGAGTCTCAAAGGCA-1_atac,Normoblast,test_scATAC,ILC,CD4+ T activated,test_scATAC
CAGCATTAGTGTTGCG-1_atac,CD4+ T activated,test_scATAC,CD4+ T activated,Erythroblast,test_scRNA
CTCTAGCTCTAATCCT-1_atac,CD8+ T,test_scATAC,Erythroblast,CD4+ T naive,test_scATAC
ACAGGAATCGCAAACT-1_atac,CD4+ T activated,test_scATAC,Erythroblast,Normoblast,test_scATAC
CAGCTAAGTGTCCTGC-1_atac,CD4+ T activated,test_scATAC,CD14+ Mono,Normoblast,test_scATAC
CCATTGTGTCTTGCAT-1_atac,Naive CD20+ B,test_scATAC,CD8+ T,Transitional B,test_scATAC
CAATGTCAGATAACCC-1_atac,Naive CD20+ B,test_scATAC,CD14+ Mono,B1 B,test_scATAC
TCGATTAAGGCCGGAA-1_atac,CD8+ T,test_scATAC,Naive CD20+ B,pDC,test_scATAC
CGGTTCCGTGCTCCGT-1_atac,Normoblast,test_scATAC,CD4+ T activated,Normoblast,test_scATAC
ATTGGCTAGGATTGCT-1_atac,CD4+ T activated,test_scATAC,NK,CD14+ Mono,test_scATAC
TAACCAGGTAGCTAAT-1_atac,CD8+ T,test_scATAC,G/M prog,ID2-hi myeloid prog,test_scRNA
CATATCGCAGTTGCGT-1_atac,B1 B,test_scATAC,CD4+ T naive,CD4+ T naive,test_scRNA
TATTTGGAGCTTTGGG-1_atac,CD14+ Mono,test_scATAC,NK,NK,test_scATAC
CTCCGGACAGTTTCTC-1_atac,CD14+ Mono,test_scATAC,Erythroblast,NK,test_scRNA
GCGCTTGCAACACTTG-1_atac,CD14+ Mono,test_scATAC,Erythroblast,CD4+ T naive,test_scATAC
GGAAGTATCACACAGT-1_atac,Normoblast,test_scATAC,CD4+ T naive,CD14+ Mono,test_scRNA
GCGTGCTAGTGAGGGT-1_atac,Erythroblast,test_scATAC,CD4+ T naive,CD14+ Mono,test_scATAC
TGCGCAGGTACCGGAT-1_atac,CD4+ T activated,test_scATAC,NK,NK,test_scRNA
AACATTGTCTAAGGAG-1_atac,Naive CD20+ B,test_scATAC,Normoblast,Erythroblast,test_scATAC
ATTGTGATCTTTGTAC-1_atac,Erythroblast,test_scATAC,CD8+ T,pDC,test_scATAC
TCATGAGGTTTGTCTA-1_atac,CD8+ T,test_scATAC,CD14+ Mono,B1 B,test_scATAC
CTCGTTATCATCACTT-1_atac,Naive CD20+ B,test_scATAC,NK,CD14+ Mono,test_scRNA
TAGAGCCGTTCCTGTG-1_atac,CD4+ T activated,test_scATAC,Proerythroblast,CD8+ T,test_scRNA
GACTTACAGCTATATG-1_atac,CD4+ T naive,test_scATAC,CD4+ T activated,pDC,test_scATAC
TGGAACAAGTAACTCA-1_atac,CD8+ T,test_scATAC,CD4+ T naive,CD14+ Mono,test_scRNA
GCGTTTCTCTTAGGGT-1_atac,CD8+ T,test_scATAC,CD4+ T activated,ID2-hi myeloid prog,test_scATAC
AGCAAGGGTTTGAGGC-1_atac,CD14+ Mono,test_scATAC,NK,CD14+ Mono,test_scRNA
CTCACAACATTAGGCC-1_atac,NK,test_scATAC,CD14+ Mono,CD14+ Mono,test_scRNA
CCGCCAACACCTCAGG-1_atac,Erythroblast,test_scATAC,CD8+ T,Plasma cell,test_scRNA
GGAGCAAGTCCTCCAA-1_atac,NK,test_scATAC,Erythroblast,CD4+ T naive,test_scRNA
GGGTTTCCAAGCTTTG-1_atac,CD14+ Mono,test_scATAC,CD4+ T naive,CD4+ T activated,test_scATAC
TAGGAGGGTTCACTGT-1_atac,CD4+ T activated,test_scATAC,Naive CD20+ B,CD14+ Mono,test_scRNA
GCGAGTGAGGAGGCAT-1_atac,CD4+ T naive,test_scATAC,Transitional B,CD4+ T naive,test_scRNA
AGGTTAGAGTATTGGC-1_atac,Erythroblast,test_scATAC,Erythroblast,pDC,test_scRNA
ATGGTCTAGCGGCTGT-1_atac,CD8+ T,test_scATAC,CD4+ T activated,CD14+ Mono,test_scATAC
GGCAATCGTGTGAGAG-1_atac,Normoblast,test_scATAC,HSC,NK,test_scATAC
CCTATTTAGTCGCTAG-1_atac,Naive CD20+ B,test_scATAC,Transitional B,CD4+ T naive,test_scRNA
ATTCCGGAGACACCGC-1_atac,CD4+ T naive,test_scATAC,NK,CD14+ Mono,test_scRNA
GGTTCCCGTGTTCCCA-1_atac,CD4+ T naive,test_scATAC,B1 B,Naive CD20+ B,test_scATAC
GTCTAGCCATACCCGG-1_atac,Naive CD20+ B,test_scATAC,CD8+ T,CD4+ T activated,test_scATAC
CTCCAAACAATCCTGA-1_atac,CD4+ T naive,test_scATAC,CD4+ T naive,CD4+ T activated,test_scRNA
CGTCATTGTCGCAAAC-1_atac,CD8+ T,test_scATAC,CD14+ Mono,CD4+ T activated,test_scATAC
TGCATCCTCACAGACT-1_atac,Erythroblast,test_scATAC,Normoblast,CD8+ T,test_scATAC
AAGCCTGTCTCACTCA-1_atac,CD4+ T activated,test_scATAC,CD14+ Mono,CD14+ Mono,test_scRNA
CATGCATAGGTCATTA-1_atac,Normoblast,test_scATAC,Naive CD20+ B,CD4+ T naive,test_scRNA
CGTCAATAGTGTTGCG-1_atac,CD4+ T activated,test_scATAC,Naive CD20+ B,CD4+ T naive,test_scRNA
ACGTCCTTCCTTGCAC-1_atac,CD4+ T activated,test_scATAC,CD4+ T naive,NK,test_scATAC
CGTATTGCATGAATCT-1_atac,CD8+ T,test_scATAC,CD14+ Mono,CD4+ T naive,test_scRNA
TTAGGCGTCCGCCTAT-1_atac,CD14+ Mono,test_scATAC,Erythroblast,Erythroblast,test_scATAC
GTTTCAGCATTCAGCA-1_atac,Naive CD20+ B,test_scATAC,CD4+ T activated,pDC,test_scATAC
CGCATTACACAATACT-1_atac,Erythroblast,test_scATAC,Erythroblast,Naive CD20+ B,test_scATAC
TGCCATTGTCATCATC-1_atac,CD4+ T activated,test_scATAC,CD14+ Mono,NK,test_scATAC
AGGATGCAGTTTGCGG-1_atac,Erythroblast,test_scATAC,ID2-hi myeloid prog,Transitional B,test_scRNA
GTGTGAGCAACCTAAT-1_atac,Erythroblast,test_scATAC,NK,CD8+ T,test_scATAC
CGAGCGAAGGAGGGTT-1_atac,CD8+ T,test_scATAC,Erythroblast,CD8+ T,test_scRNA
TTGTCAAAGAGCAAGC-1_atac,Normoblast,test_scATAC,Erythroblast,Naive CD20+ B,test_scATAC
CTTTATGGTTCCGGGA-1_atac,B1 B,test_scATAC,CD8+ T,G/M prog,test_scATAC
CCTGAGTCAGTAAGTA-1_atac,CD4+ T activated,test_scATAC,NK,Naive CD20+ B,test_scRNA
TCCATTGTCTAATCCT-1_atac,CD14+ Mono,test_scATAC,CD8+ T,B1 B,test_scRNA
TCCTAGTGTCCTAGTT-1_atac,CD4+ T activated,test_scATAC,Transitional B,CD4+ T activated,test_scATAC
CCTGCTCCACTGACTA-1_atac,CD4+ T naive,test_scATAC,CD8+ T,CD4+ T activated,test_scRNA
CTGGACCAGCCGCTAA-1_atac,Naive CD20+ B,test_scATAC,HSC,CD4+ T activated,test_scRNA
AAGTTAGCAGGTTTGC-1_atac,CD4+ T naive,test_scATAC,B1 B,CD4+ T naive,test_scRNA
TAACCTAAGGATTGAG-1_atac,CD4+ T naive,test_scATAC,CD4+ T activated,CD4+ T activated,test_scATAC
CACCTGTTCGGTTTGG-1_atac,CD4+ T activated,test_scATAC,ID2-hi myeloid prog,Naive CD20+ B,test_scATAC
CCTTGCGTCCGCAACA-1_atac,CD4+ T naive,test_scATAC,CD14+ Mono,NK,test_scATAC
AGATGAAGTGCATTTC-1_atac,CD14+ Mono,test_scATAC,Naive CD20+ B,CD4+ T activated,test_scATAC
GTCTATCGTTCAAGCA-1_atac,Naive CD20+ B,test_scATAC,Erythroblast,NK,test_scATAC
TGCTTCCAGGCAACAA-1_atac,CD4+ T naive,test_scATAC,G/M prog,CD8+ T,test_scRNA
CCTACTGGTAAAGCGG-1_atac,NK,test_scATAC,G/M prog,NK,test_scRNA
GACACCGGTTGCTGGG-1_atac,Naive CD20+ B,test_scATAC,Naive CD20+ B,Normoblast,test_scATAC
ATTGCGCCATAAGGAC-1_atac,CD4+ T activated,test_scATAC,Naive CD20+ B,NK,test_scATAC
CTCCAACTCATTACGA-1_atac,CD4+ T activated,test_scATAC,Erythroblast,CD8+ T,test_scRNA
GCACGCTAGAACCTAC-1_atac,Normoblast,test_scATAC,CD14+ Mono,Erythroblast,test_scATAC
CCAGCCTGTCAGGAAG-1_atac,Erythroblast,test_scATAC,Erythroblast,Erythroblast,test_scATAC
GAACTTATCTCAATAG-1_atac,CD8+ T,test_scATAC,CD4+ T activated,CD4+ T activated,test_scRNA
ATGGTGCGTGCTAGAC-1_atac,CD4+ T naive,test_scATAC,CD4+ T naive,CD14+ Mono,test_scRNA
TTAGAAGCACAAACTT-1_atac,CD8+ T,test_scATAC,Plasma cell,NK,test_scRNA
GGATTGCGTACCGTTT-1_atac,CD14+ Mono,test_scATAC,CD4+ T naive,Erythroblast,test_scATAC
CCTGTATGTTAAGCCA-1_atac,Erythroblast,test_scATAC,Naive CD20+ B,Normoblast,test_scRNA
TCTTAGTTCCAACTGG-1_atac,CD8+ T,test_scATAC,CD14+ Mono,CD4+ T activated,test_scRNA
GAGAACCAGGAGGGTT-1_atac,Erythroblast,test_scATAC,B1 B,ILC,test_scATAC
GGGTTTCCAGCTTAGC-1_atac,NK,test_scATAC,Transitional B,CD4+ T activated,test_scATAC
ATCCCGCGTACAAAGA-1_atac,Naive CD20+ B,test_scATAC,CD8+ T,CD14+ Mono,test_scATAC
AGTCCTTGTATTCGCT-1_atac,Erythroblast,test_scATAC,NK,CD4+ T activated,test_scRNA
CATAGCTAGCCTAACG-1_atac,Erythroblast,test_scATAC,Normoblast,CD14+ Mono,test_scRNA
ATTACGTCATAATCCG-1_atac,Erythroblast,test_scATAC,CD4+ T activated,Erythroblast,test_scATAC
ACCCAACCAATGCCTA-1_atac,Normoblast,test_scATAC,CD8+ T,CD4+ T activated,test_scATAC
CCCAATTGTGATGATT-1_atac,B1 B,test_scATAC,Erythroblast,CD4+ T activated,test_scATAC
TTATCCGTCCTTGCAC-1_atac,NK,test_scATAC,Erythroblast,Erythroblast,test_scRNA
TATATCCTCACTAAGC-1_atac,CD14+ Mono,test_scATAC,CD14+ Mono,Naive CD20+ B,test_scRNA
GCTCACAAGGATTGAG-1_atac,CD14+ Mono,test_scATAC,CD14+ Mono,CD14+ Mono,test_scATAC
CGCTTGCGTGCTGTAA-1_atac,NK,test_scATAC,MK/E prog,CD8+ T,test_scATAC
CTCGCTAGTATTTGGG-1_atac,Erythroblast,test_scATAC,NK,Naive CD20+ B,test_scATAC
CAACAATGTTGGTGAC-1_atac,Erythroblast,test_scATAC,MK/E prog,CD14+ Mono,test_scRNA
GTCAGGCTCTACTAAG-1_atac,Naive CD20+ B,test_scATAC,Erythroblast,Erythroblast,test_scRNA
GAGTGATCAATGCCCG-1_atac,Normoblast,test_scATAC,CD8+ T,CD4+ T activated,test_scATAC
TTGCAACAGCATGTTA-1_atac,CD4+ T activated,test_scATAC,CD8+ T,CD4+ T activated,test_scATAC
CAAAGCGCAAGTTATC-1_atac,CD4+ T activated,test_scATAC,CD14+ Mono,Transitional B,test_scRNA
GAACCAGCATGGCCTG-1_atac,CD4+ T naive,test_scATAC,CD4+ T naive,CD4+ T naive,test_scATAC
TTTGGTGCACATAGCC-1_atac,Normoblast,test_scATAC,CD4+ T activated,CD14+ Mono,test_scATAC
ATCCACCTCAAAGGCA-1_atac,CD8+ T,test_scATAC,NK,CD4+ T activated,test_scRNA
TTGCTCTCAGGAACAT-1_atac,NK,test_scATAC,CD4+ T naive,ILC,test_scATAC
AGGTTACTCTAATCCT-1_atac,B1 B,test_scATAC,CD4+ T activated,CD4+ T naive,test_scRNA
CGTGAGGAGGAATAAC-1_atac,CD4+ T naive,test_scATAC,CD14+ Mono,Naive CD20+ B,test_scATAC
CGGAATCGTCGCGCAA-1_atac,Naive CD20+ B,test_scATAC,Naive CD20+ B,CD8+ T,test_scRNA
GCGCAATGTTCCGCAC-1_atac,CD4+ T activated,test_scATAC,CD8+ T,CD16+ Mono,test_scRNA
CGACCTGCAAGGACCA-1_atac,CD4+ T naive,test_scATAC,cDC2,CD14+ Mono,test_scRNA
AGGTCCGGTTCACTGT-1_atac,ILC,test_scATAC,CD14+ Mono,CD4+ T naive,test_scATAC
TGGCCAATCAGCAAAG-1_atac,CD14+ Mono,test_scATAC,CD4+ T naive,CD4+ T activated,test_scATAC
CAGCTAAGTATTGCAG-1_atac,Naive CD20+ B,test_scATAC,Lymph prog,NK,test_scATAC
GAAGGAACACAGAACG-1_atac,Erythroblast,test_scATAC,CD14+ Mono,CD4+ T naive,test_scRNA
GTCATCCTCGTTAGTA-1_atac,CD8+ T,test_scATAC,CD14+ Mono,CD8+ T,test_scATAC
TCAAACCAGGAAACTG-1_atac,CD14+ Mono,test_scATAC,CD4+ T naive,Erythroblast,test_scATAC
TCATTGCGTCAAAGGG-1_atac,CD4+ T activated,test_scATAC,CD14+ Mono,CD8+ T,test_scATAC
ATCCTTAGTGAATCGC-1_atac,CD8+ T,test_scATAC,CD8+ T,Proerythroblast,test_scATAC
TAACCTAAGCACCACA-1_atac,Naive CD20+ B,test_scATAC,cDC2,CD14+ Mono,test_scRNA
CTAGATTCAGTCTAAT-1_atac,CD14+ Mono,test_scATAC,NK,CD8+ T,test_scATAC
AGGCTAAAGGAACCGG-1_atac,CD4+ T naive,test_scATAC,Erythroblast,CD14+ Mono,test_scATAC
TCCTTAGTCGGTTAGT-1_atac,Erythroblast,test_scATAC,CD4+ T naive,CD4+ T activated,test_scATAC
TAGGAACCAAGGAATC-1_atac,CD4+ T activated,test_scATAC,NK,G/M prog,test_scRNA
TGGATTCAGGGTGAAC-1_atac,CD8+ T,test_scATAC,CD8+ T,Normoblast,test_scATAC
GTAGGATCAAGCCACT-1_atac,CD14+ Mono,test_scATAC,CD14+ Mono,CD8+ T,test_scRNA
TACGCTTGTTAGGATT-1_atac,CD4+ T activated,test_scATAC,CD8+ T,Erythroblast,test_scRNA
TGATCCTGTAACAGGG-1_atac,CD14+ Mono,test_scATAC,CD4+ T activated,CD14+ Mono,test_scRNA
GTTTCAGCAGGATGGC-1_atac,Erythroblast,test_scATAC,Erythroblast,Naive CD20+ B,test_scRNA
CCAGCTAAGCTCATAA-1_atac,CD8+ T,test_scATAC,CD8+ T,Naive CD20+ B,test_scRNA
CCCAAATAGCTATATG-1_atac,CD8+ T,test_scATAC,Naive CD20+ B,MK/E prog,test_scRNA
CTATGACAGCTGAGGG-1_atac,CD14+ Mono,test_scATAC,Normoblast,Normoblast,test_scATAC
AATTGTGTCATGCCTC-1_atac,G/M prog,test_scATAC,Normoblast,G/M prog,test_scATAC
ACTTGTAAGCAAGGAC-1_atac,B1 B,test_scATAC,CD8+ T,CD14+ Mono,test_scRNA
GGTAAGGGTGAATCGC-1_atac,Naive CD20+ B,test_scATAC,CD8+ T,Normoblast,test_scRNA
AGGAAACGTTTCAGGA-1_atac,CD4+ T activated,test_scATAC,CD14+ Mono,Normoblast,test_scRNA
ACAGTATGTTTAAAGC-1_atac,CD8+ T,test_scATAC,CD4+ T activated,CD8+ T,test_scATAC
AATCCTAAGGGTGAAC-1_atac,NK,test_scATAC,Normoblast,CD14+ Mono,test_scRNA
GGCCTTCGTTAGTTGG-1_atac,CD4+ T activated,test_scATAC,CD14+ Mono,Plasma cell,test_scRNA
ATAATGGCAATAAGCA-1_atac,Erythroblast,test_scATAC,NK,MK/E prog,test_scRNA
GAGAAACGTAGGTTAT-1_atac,ILC,test_scATAC,CD4+ T activated,NK,test_scRNA
GAACTTATCATGCATA-1_atac,CD8+ T,test_scATAC,CD14+ Mono,Erythroblast,test_scRNA
GCGTAACGTTAGTGAT-1_atac,NK,test_scATAC,CD4+ T activated,CD8+ T,test_scRNA
TTAGCAGGTTTCCGGC-1_atac,Normoblast,test_scATAC,Plasma cell,CD8+ T,test_scRNA
GCAATCTAGGCAGGTG-1_atac,CD14+ Mono,test_scATAC,Naive CD20+ B,Erythroblast,test_scRNA
CCAAACCCACTTCACT-1_atac,CD4+ T activated,test_scATAC,MK/E prog,Naive CD20+ B,test_scATAC
GAGTTACTCCGCAAGC-1_atac,Erythroblast,test_scATAC,CD8+ T,Naive CD20+ B,test_scRNA
AGTTTGCAGCTACTGG-1_atac,CD8+ T,test_scATAC,CD14+ Mono,CD4+ T naive,test_scATAC
GATGGACAGTCATCCC-1_atac,NK,test_scATAC,NK,CD16+ Mono,test_scATAC
CAACAGGCAATTGAGA-1_atac,CD4+ T activated,test_scATAC,CD8+ T,CD8+ T,test_scRNA
CGGTTTGAGTTAGAGG-1_atac,CD14+ Mono,test_scATAC,B1 B,Erythroblast,test_scRNA
GTGAGCGAGTTTGCGG-1_atac,CD4+ T naive,test_scATAC,CD14+ Mono,CD4+ T activated,test_scATAC
CAGGTGGAGGAACCGG-1_atac,CD4+ T naive,test_scATAC,CD8+ T,NK,test_scATAC
GCTATCCTCCTGGTGA-1_atac,Naive CD20+ B,test_scATAC,CD4+ T activated,NK,test_scATAC
ACTCACTGTGTTGTGA-1_atac,CD4+ T activated,test_scATAC,Erythroblast,G/M prog,test_scATAC
AGGAGCTAGGCGGATG-1_atac,CD8+ T,test_scATAC,Normoblast,CD4+ T naive,test_scATAC
CAGATTCAGCAAACCT-1_atac,B1 B,test_scATAC,CD8+ T,Erythroblast,test_scRNA
GAAGGAACACCATATG-1_atac,CD14+ Mono,test_scATAC,Erythroblast,CD14+ Mono,test_scRNA
TTAGACTCACTTCATC-1_atac,CD14+ Mono,test_scATAC,Naive CD20+ B,Erythroblast,test_scRNA
AAAGCACCAGCTTAAT-1_atac,CD4+ T activated,test_scATAC,ILC,Lymph prog,test_scATAC
AACCCGCAGAGAGGCT-1_atac,CD4+ T activated,test_scATAC,Proerythroblast,Naive CD20+ B,test_scRNA
GGTACTTAGTCATCCC-1_atac,Normoblast,test_scATAC,Naive CD20+ B,CD14+ Mono,test_scRNA
AATGTCATCTCCATAT-1_atac,Naive CD20+ B,test_scATAC,Erythroblast,CD4+ T naive,test_scRNA
CCAACCAAGAGAGGAG-1_atac,CD4+ T naive,test_scATAC,CD4+ T naive,CD4+ T activated,test_scRNA
GTTTAGCAGCTTCTCA-1_atac,Erythroblast,test_scATAC,CD8+ T,Erythroblast,test_scRNA
AAATCCGGTCATTAGG-1_atac,G/M prog,test_scATAC,CD4+ T activated,Erythroblast,test_scRNA
TAAGCTGGTAATCGCA-1_atac,NK,test_scATAC,CD14+ Mono,CD14+ Mono,test_scRNA
CATCATAAGTTCCTGC-1_atac,CD8+ T,test_scATAC,CD8+ T,NK,test_scRNA
ACGTCCAAGTTGGGCC-1_atac,Erythroblast,test_scATAC,ILC,CD14+ Mono,test_scATAC
ATTCCGGAGTCATTTC-1_atac,CD14+ Mono,test_scATAC,CD4+ T naive,CD14+ Mono,test_scATAC
GTTCCTGGTTTCAGGA-1_atac,CD8+ T,test_scATAC,NK,Naive CD20+ B,test_scATAC
CTCCAACTCTATCGCC-1_atac,CD4+ T naive,test_scATAC,CD14+ Mono,CD8+ T,test_scRNA
GATTCCTGTACGGGTT-1_atac,CD14+ Mono,test_scATAC,CD4+ T activated,Erythroblast,test_scRNA
GCTCACAAGGTCTTGG-1_atac,G/M prog,test_scATAC,Normoblast,CD8+ T,test_scATAC
AAAGCCCGTAGTAAGA-1_atac,Erythroblast,test_scATAC,CD8+ T,G/M prog,test_scATAC
TGGACCGGTACTTCAC-1_atac,B1 B,test_scATAC,CD4+ T naive,Normoblast,test_scRNA
CGATTGAGTGCTTACT-1_atac,G/M prog,test_scATAC,CD14+ Mono,NK,test_scATAC
CCTTCAGGTGCAACTA-1_atac,CD14+ Mono,test_scATAC,Normoblast,CD14+ Mono,test_scATAC
TTTGTGGCAAGGCCAA-1_atac,NK,test_scATAC,CD14+ Mono,CD8+ T,test_scRNA
GGTAACTTCCCTCATA-1_atac,CD8+ T,test_scATAC,CD14+ Mono,CD8+ T,test_scRNA
GAGCAAATCCAGCACA-1_atac,Erythroblast,test_scATAC,Proerythroblast,CD4+ T naive,test_scRNA
TACATCAAGTTTGCGG-1_atac,Normoblast,test_scATAC,Normoblast,pDC,test_scATAC
GCGTGCTAGACTTATG-1_atac,CD4+ T activated,test_scATAC,Erythroblast,CD4+ T naive,test_scATAC
TGCTCTCAGTTTGGGT-1_atac,NK,test_scATAC,Erythroblast,Erythroblast,test_scATAC
ATGCAAACATGTTGGC-1_atac,NK,test_scATAC,Erythroblast,Naive CD20+ B,test_scATAC
GTGGTTAGTCAGGCAT-1_atac,Normoblast,test_scATAC,Naive CD20+ B,CD14+ Mono,test_scATAC
TGGCTATAGTGAACAG-1_atac,CD14+ Mono,test_scATAC,CD4+ T naive,Erythroblast,test_scATAC
TGTAAAGCATAGCGAG-1_atac,CD4+ T activated,test_scATAC,CD4+ T activated,NK,test_scRNA
CTTCAAGCACTCGCTC-1_atac,CD4+ T activated,test_scATAC,CD4+ T activated,G/M prog,test_scRNA
TTGGATTCACCCACCT-1_atac,CD14+ Mono,test_scATAC,CD14+ Mono,CD8+ T,test_scATAC
ATGTGAGAGGATTGCT-1_atac,Erythroblast,test_scATAC,CD4+ T naive,CD14+ Mono,test_scRNA
GGGAATATCTCACACC-1_atac,NK,test_scATAC,Normoblast,ILC,test_scRNA
GGCGGTTTCGATCAGT-1_atac,CD14+ Mono,test_scATAC,CD4+ T activated,CD4+ T naive,test_scATAC
CGCTAACCAAATTCGT-1_atac,CD14+ Mono,test_scATAC,CD14+ Mono,CD8+ T,test_scRNA
GGATATTGTTTGCAGA-1_atac,CD4+ T naive,test_scATAC,CD14+ Mono,Normoblast,test_scRNA
TGTAAGTGTCTATCGT-1_atac,Erythroblast,test_scATAC,MK/E prog,CD14+ Mono,test_scATAC
TAGCAGGCATGCTCCC-1_atac,CD4+ T activated,test_scATAC,Erythroblast,CD4+ T naive,test_scATAC
GTGGTTAGTTGCATCT-1_atac,CD14+ Mono,test_scATAC,Normoblast,CD4+ T naive,test_scATAC
GATGGACAGTTTCCTG-1_atac,CD8+ T,test_scATAC,CD4+ T naive,CD4+ T activated,test_scRNA
TACAGGTTCATGCATA-1_atac,Normoblast,test_scATAC,Erythroblast,CD4+ T activated,test_scRNA
GAACGAATCTTACTCG-1_atac,CD8+ T,test_scATAC,CD4+ T activated,CD8+ T,test_scATAC
TCTCAAGCATGAATAG-1_atac,CD14+ Mono,test_scATAC,CD14+ Mono,NK,test_scATAC
CCTACTGGTCTCACTG-1_atac,Normoblast,test_scATAC,NK,CD4+ T naive,test_scRNA
TGAGCACGTATTGGTG-1_atac,CD14+ Mono,test_scATAC,Naive CD20+ B,ILC,test_scATAC
AAGTCTATCATAACTG-1_atac,Erythroblast,test_scATAC,CD4+ T naive,CD4+ T activated,test_scATAC
GACCGTTCAGTAGGTG-1_atac,Naive CD20+ B,test_scATAC,NK,CD4+ T naive,test_scRNA
ATTCAACCACTTCACT-1_atac,Erythroblast,test_scATAC,CD14+ Mono,NK,test_scATAC
GCAATCTAGATGGACA-1_atac,CD14+ Mono,test_scATAC,MK/E prog,CD8+ T,test_scRNA
GGTGATTTCTTGGATA-1_atac,CD4+ T activated,test_scATAC,Naive CD20+ B,CD14+ Mono,test_scRNA
GATCAAGAGTAACGAG-1_atac,Erythroblast,test_scATAC,Erythroblast,CD4+ T activated,test_scRNA
GGTGAGCCATGGTTAT-1_atac,CD4+ T naive,test_scATAC,Lymph prog,CD8+ T,test_scRNA
CTAGGCGGTAGCCTAA-1_atac,Erythroblast,test_scATAC,NK,CD4+ T activated,test_scATAC
AAACGCGCAACTGGGA-1_atac,CD4+ T activated,test_scATAC,NK,cDC2,test_scRNA
GCGATTTAGTCATTGA-1_atac,CD4+ T naive,test_scATAC,Normoblast,NK,test_scRNA
CAAGGCTGTGTGTCCC-1_atac,CD8+ T,test_scATAC,Naive CD20+ B,Erythroblast,test_scATAC
CAATGTGGTATTGGAT-1_atac,CD4+ T activated,test_scATAC,CD4+ T naive,Erythroblast,test_scATAC
GTCGAGGAGGCGGATG-1_atac,CD14+ Mono,test_scATAC,CD14+ Mono,CD8+ T,test_scRNA
GATTCGCCAATTGAAG-1_atac,Normoblast,test_scATAC,ID2-hi myeloid prog,Normoblast,test_scRNA
AGTAACCTCCAGGAAA-1_atac,NK,test_scATAC,CD4+ T activated,CD4+ T activated,test_scRNA
TGCTATGCACTTAACG-1_atac,CD4+ T activated,test_scATAC,CD8+ T,CD4+ T activated,test_scATAC
TTGACGTAGACTTACA-1_atac,CD14+ Mono,test_scATAC,CD8+ T,Proerythroblast,test_scRNA
TAGTAACGTGTGCACG-1_atac,CD8+ T,test_scATAC,NK,CD4+ T activated,test_scRNA
GTTTCAGCATCCAGGT-1_atac,Naive CD20+ B,test_scATAC,CD16+ Mono,NK,test_scRNA
GAGGTTAAGCACAGGG-1_atac,CD8+ T,test_scATAC,CD14+ Mono,CD8+ T,test_scRNA
CGCACACAGGCGCACT-1_atac,Erythroblast,test_scATAC,CD4+ T activated,CD14+ Mono,test_scATAC
TTAGGCGTCTTGCAGG-1_atac,Erythroblast,test_scATAC,ILC,Erythroblast,test_scATAC
TGCACCTTCCTTAATC-1_atac,Normoblast,test_scATAC,CD4+ T naive,ILC,test_scRNA
CTTGAACAGCATGACT-1_atac,NK,test_scATAC,Erythroblast,Naive CD20+ B,test_scRNA
TCCTTAGTCAAACCGT-1_atac,CD8+ T,test_scATAC,Naive CD20+ B,Normoblast,test_scRNA
TTTAGCAAGTTATGTG-1_atac,B1 B,test_scATAC,B1 B,CD8+ T,test_scRNA
CAATCGCCACAAAGAC-1_atac,Erythroblast,test_scATAC,B1 B,NK,test_scATAC
TGCGCAGGTGAACAAA-1_atac,CD8+ T,test_scATAC,Transitional B,MK/E prog,test_scRNA
CCACAATAGTTAGACC-1_atac,Normoblast,test_scATAC,CD4+ T activated,CD14+ Mono,test_scATAC
AGAAACTAGGTCCTGA-1_atac,CD8+ T,test_scATAC,Normoblast,Normoblast,test_scRNA
ACACTTGCAGTTTACG-1_atac,NK,test_scATAC,B1 B,NK,test_scATAC
GCTATCCTCACGAATC-1_atac,Erythroblast,test_scATAC,Normoblast,Naive CD20+ B,test_scRNA
TTTAAGCCATAGACTT-1_atac,NK,test_scATAC,Naive CD20+ B,CD14+ Mono,test_scATAC
ACCTGTTGTTTGACCT-1_atac,NK,test_scATAC,CD4+ T naive,CD14+ Mono,test_scRNA
GTTCTCATCTTAGCGG-1_atac,CD8+ T,test_scATAC,CD4+ T activated,CD4+ T naive,test_scATAC
GGGTTACGTGTTAAAC-1_atac,Erythroblast,test_scATAC,NK,CD14+ Mono,test_scATAC
ACACAATGTGGAGCAA-1_atac,NK,test_scATAC,Lymph prog,pDC,test_scRNA
CTTACTAGTAAGCTTG-1_atac,CD4+ T naive,test_scATAC,ID2-hi myeloid prog,Erythroblast,test_scATAC
CTTGTCCAGGATAAAC-1_atac,CD4+ T naive,test_scATAC,CD14+ Mono,CD4+ T naive,test_scRNA
TCATACTTCGTTATAG-1_atac,CD8+ T,test_scATAC,CD4+ T activated,Naive CD20+ B,test_scATAC
AGCAAGGGTTAGTACG-1_atac,Naive CD20+ B,test_scATAC,CD14+ Mono,Normoblast,test_scATAC
GCCAATAGTTAATGAC-1_atac,CD14+ Mono,test_scATAC,Normoblast,CD4+ T activated,test_scRNA
TGGCTATAGTACCGCA-1_atac,NK,test_scATAC,CD4+ T activated,Transitional B,test_scATAC
GCCTCGACATTGTTGG-1_atac,Normoblast,test_scATAC,CD8+ T,CD14+ Mono,test_scATAC
CCCGCAACATCATGGC-1_atac,NK,test_scATAC,B1 B,CD4+ T naive,test_scRNA
CCTTGCGTCACAAGCT-1_atac,B1 B,test_scATAC,NK,NK,test_scRNA
ATTGCACAGATTCCTT-1_atac,Naive CD20+ B,test_scATAC,CD8+ T,CD14+ Mono,test_scRNA
TTGGGCCAGTCCTTTG-1_atac,CD14+ Mono,test_scATAC,Erythroblast,Normoblast,test_scRNA
GTTAGGCGTCTTGCAT-1_atac,CD14+ Mono,test_scATAC,NK,Erythroblast,test_scATAC
CGTAATGGTTTAAAGC-1_atac,CD4+ T naive,test_scATAC,CD4+ T naive,ILC,test_scATAC
CATCATGCAGGTTCAC-1_atac,CD4+ T naive,test_scATAC,G/M prog,Erythroblast,test_scATAC
CGAGCGAAGCAGCTAT-1_atac,CD4+ T activated,test_scATAC,Normoblast,Naive CD20+ B,test_scATAC
TCAATCGCACATAGCC-1_atac,CD4+ T activated,test_scATAC,CD4+ T activated,Naive CD20+ B,test_scRNA
AGGCGGATCGCATTAA-1_atac,CD14+ Mono,test_scATAC,CD8+ T,CD8+ T,test_scATAC
TAACCTAAGGCATTAC-1_atac,CD14+ Mono,test_scATAC,CD14+ Mono,CD14+ Mono,test_scATAC
AGGTTTATCTTGTCCA-1_atac,CD4+ T naive,test_scATAC,CD4+ T activated,CD8+ T,test_scATAC
TCTCAAGCACGGTACT-1_atac,CD4+ T activated,test_scATAC,Normoblast,CD14+ Mono,test_scATAC
CCTATAGCAGAGAGCC-1_atac,CD8+ T,test_scATAC,HSC,Naive CD20+ B,test_scATAC
GGTAATTGTTCAAGAT-1_atac,ILC,test_scATAC,CD14+ Mono,CD8+ T,test_scATAC
GTAAGCGCAGTTTACG-1_atac,CD4+ T activated,test_scATAC,Erythroblast,Erythroblast,test_scATAC
CAGAACCGTTACTTGC-1_atac,CD4+ T activated,test_scATAC,Naive CD20+ B,pDC,test_scRNA
ACACTAATCGCTAGCA-1_atac,CD4+ T naive,test_scATAC,CD4+ T activated,Erythroblast,test_scATAC
CGTAATGGTCGCGCAA-1_atac,CD14+ Mono,test_scATAC,NK,Transitional B,test_scRNA
GCCACAATCCTTGAGG-1_atac,CD8+ T,test_scATAC,NK,CD4+ T naive,test_scRNA
GACCTGCAGAAGCTAG-1_atac,NK,test_scATAC,CD4+ T activated,Erythroblast,test_scRNA
CATAGTCAGACAGGTA-1_atac,Erythroblast,test_scATAC,Erythroblast,ILC,test_scATAC
AATCCATCAACAGGTG-1_atac,CD8+ T,test_scATAC,Naive CD20+ B,CD4+ T activated,test_scRNA
GACGCCTAGTTTGCGG-1_atac,CD14+ Mono,test_scATAC,NK,Erythroblast,test_scRNA
ACAGGCTGTCCGCTGT-1_atac,CD14+ Mono,test_scATAC,CD14+ Mono,CD4+ T activated,test_scRNA
GAGGCTTGTTGCTGGG-1_atac,NK,test_scATAC,Normoblast,CD8+ T,test_scATAC
CAGCTAAGTCCTTAGT-1_atac,NK,test_scATAC,CD4+ T activated,NK,test_scATAC
ACAGGCTGTGTTGTGA-1_atac,Normoblast,test_scATAC,Proerythroblast,CD8+ T,test_scATAC
GGTCATTAGAAAGGAA-1_atac,CD8+ T,test_scATAC,Erythroblast,Erythroblast,test_scATAC
GATTCATCACCTATAG-1_atac,Normoblast,test_scATAC,Erythroblast,CD14+ Mono,test_scRNA
GGTTACTAGTTATGTG-1_atac,Normoblast,test_scATAC,G/M prog,G/M prog,test_scRNA
CTAATCTTCCCTCACG-1_atac,NK,test_scATAC,cDC2,Naive CD20+ B,test_scATAC
GGTCGGTTCTAGCTAA-1_atac,Naive CD20+ B,test_scATAC,Erythroblast,HSC,test_scATAC
TGATGATGTCGCATAA-1_atac,CD14+ Mono,test_scATAC,CD8+ T,NK,test_scRNA
TCACCTCAGGCCTAAT-1_atac,CD4+ T naive,test_scATAC,Normoblast,CD14+ Mono,test_scRNA
TGCTATGCACCATATG-1_atac,CD4+ T naive,test_scATAC,ILC,CD16+ Mono,test_scRNA
CGTGACATCTTGTCTG-1_atac,CD4+ T activated,test_scATAC,NK,Normoblast,test_scATAC
GGTGCTTCAGCAAATA-1_atac,ILC,test_scATAC,Erythroblast,MK/E prog,test_scATAC
GTTACTCGTTAGCAGC-1_atac,CD14+ Mono,test_scATAC,CD8+ T,CD8+ T,test_scATAC
GAAGTAAGTTCAAGAT-1_atac,G/M prog,test_scATAC,CD4+ T naive,CD14+ Mono,test_scRNA
TCCGGAATCGGTCAAT-1_atac,CD14+ Mono,test_scATAC,CD14+ Mono,CD4+ T naive,test_scATAC
AGCTACGTCTTAATGG-1_atac,CD14+ Mono,test_scATAC,NK,Erythroblast,test_scATAC
CGACCTGCAGCTCATA-1_atac,CD14+ Mono,test_scATAC,Erythroblast,CD14+ Mono,test_scATAC
TGTTGGCCATATAACC-1_atac,CD8+ T,test_scATAC,Naive CD20+ B,NK,test_scATAC
CCGTTTGGTCCAAATG-1_atac,CD4+ T activated,test_scATAC,CD14+ Mono,B1 B,test_scRNA
GGCTAGTGTCCTCCAA-1_atac,CD14+ Mono,test_scATAC,CD4+ T naive,Transitional B,test_scRNA
GGCTCACAGGTGTTAC-1_atac,CD4+ T naive,test_scATAC,CD14+ Mono,G/M prog,test_scRNA
CGGAGCAAGTCATTAG-1_atac,Normoblast,test_scATAC,NK,CD14+ Mono,test_scRNA
TTGCGAGTCGTTCACC-1_atac,Naive CD20+ B,test_scATAC,NK,ID2-hi myeloid prog,test_scRNA
AGTACGCGTTAGCAGC-1_atac,Normoblast,test_scATAC,NK,Naive CD20+ B,test_scATAC
ATGACGAAGCATGGTT-1_atac,CD4+ T naive,test_scATAC,NK,NK,test_scATAC
TTCACTGTCGCTTCTA-1_atac,CD4+ T activated,test_scATAC,CD4+ T naive,NK,test_scATAC
CAGCATGTCATGCGTG-1_atac,B1 B,test_scATAC,Naive CD20+ B,CD14+ Mono,test_scRNA
TGATTAGTCAATGTGC-1_atac,CD4+ T activated,test_scATAC,CD4+ T activated,Erythroblast,test_scRNA
AGGTTGCGTTGGTTCT-1_atac,Erythroblast,test_scATAC,Naive CD20+ B,G/M prog,test_scRNA
GTAGGATCAAATTCGT-1_atac,B1 B,test_scATAC,CD8+ T,Erythroblast,test_scRNA
CTCTCACAGGCAGGTG-1_atac,CD8+ T,test_scATAC,CD14+ Mono,Naive CD20+ B,test_scRNA
GGTGTCCAGTTGTCAA-1_atac,Normoblast,test_scATAC,CD14+ Mono,Proerythroblast,test_scRNA
CGTAGCGGTGCCTCAC-1_atac,CD14+ Mono,test_scATAC,Erythroblast,Normoblast,test_scATAC
GCAAACTTCCCGAACA-1_atac,Erythroblast,test_scATAC,Naive CD20+ B,CD14+ Mono,test_scRNA
GACCTAAGTTCCGCAC-1_atac,CD4+ T activated,test_scATAC,CD4+ T naive,NK,test_scATAC
TTGGATTCATGAGTTT-1_atac,CD4+ T naive,test_scATAC,Naive CD20+ B,CD14+ Mono,test_scATAC
GTTAAGCTCTTAATGG-1_atac,CD14+ Mono,test_scATAC,CD8+ T,CD8+ T,test_scATAC
AGTTGTCAGGACAACA-1_atac,Normoblast,test_scATAC,CD8+ T,Erythroblast,test_scATAC
AATGGCGCAGGCGAGT-1_atac,CD4+ T naive,test_scATAC,CD14+ Mono,Erythroblast,test_scRNA
TACGGTTAGAATCGCT-1_atac,NK,test_scATAC,CD8+ T,CD8+ T,test_scATAC
GAGGCAAGTTACAAAC-1_atac,CD4+ T activated,test_scATAC,CD14+ Mono,CD14+ Mono,test_scRNA
AAGTTAGCAGGTTAAA-1_atac,CD14+ Mono,test_scATAC,CD4+ T activated,CD4+ T activated,test_scRNA
AATTGCTCATAATTGC-1_atac,NK,test_scATAC,NK,B1 B,test_scRNA
ATCACTAAGCTATTAG-1_atac,Naive CD20+ B,test_scATAC,Normoblast,NK,test_scRNA
GTGCTGATCTAAGTGC-1_atac,CD8+ T,test_scATAC,cDC2,CD4+ T activated,test_scRNA
GTGAATCTCGCTCCAT-1_atac,CD8+ T,test_scATAC,ID2-hi myeloid prog,Normoblast,test_scATAC
CGAAGCCTCTTTGTAC-1_atac,CD4+ T activated,test_scATAC,CD4+ T naive,CD4+ T naive,test_scATAC
CGCAATTAGGGACTAA-1_atac,Erythroblast,test_scATAC,CD8+ T,NK,test_scRNA
TGTAATGTCCTTGCGT-1_atac,CD4+ T activated,test_scATAC,CD4+ T naive,CD14+ Mono,test_scATAC
TTGCAGCCAGCATGTC-1_atac,CD4+ T activated,test_scATAC,Naive CD20+ B,Lymph prog,test_scATAC
AATCTCAAGATAACCC-1_atac,CD4+ T naive,test_scATAC,Erythroblast,B1 B,test_scATAC
TAGCAGGCACAGGAAT-1_atac,CD4+ T naive,test_scATAC,B1 B,CD4+ T naive,test_scATAC
TCATACTTCGGTTACG-1_atac,CD4+ T activated,test_scATAC,Erythroblast,CD4+ T naive,test_scATAC
CCCAGTTTCCGTGACA-1_atac,NK,test_scATAC,NK,CD4+ T activated,test_scRNA
ATTAGCTCATAGCGGA-1_atac,NK,test_scATAC,Erythroblast,Normoblast,test_scATAC
TCCGGTTTCGCAGGCT-1_atac,CD8+ T,test_scATAC,Erythroblast,CD4+ T naive,test_scATAC
TGCTTGTGTGATTACG-1_atac,Erythroblast,test_scATAC,CD14+ Mono,Erythroblast,test_scRNA
ACCAAGTTCCCATAGG-1_atac,Normoblast,test_scATAC,CD14+ Mono,NK,test_scRNA
GTACTTCGTTGCTTCG-1_atac,CD4+ T activated,test_scATAC,Naive CD20+ B,Erythroblast,test_scRNA
ATTACCCGTGTGTGGT-1_atac,CD8+ T,test_scATAC,CD4+ T activated,Normoblast,test_scRNA
TTCAGTTTCAGGATGA-1_atac,CD8+ T,test_scATAC,CD8+ T,CD4+ T naive,test_scATAC
GGTCGGTTCCAAGTTA-1_atac,NK,test_scATAC,Erythroblast,Normoblast,test_scATAC
ATCATCAAGGACAACA-1_atac,CD4+ T naive,test_scATAC,CD4+ T activated,CD4+ T activated,test_scATAC
TGGCTTTGTTAATGAC-1_atac,CD4+ T naive,test_scATAC,CD8+ T,CD4+ T naive,test_scRNA
CGTCCTAGTGCATTTC-1_atac,CD14+ Mono,test_scATAC,G/M prog,ILC,test_scATAC
CAGGTGGAGCTCCTAC-1_atac,CD8+ T,test_scATAC,B1 B,CD14+ Mono,test_scATAC
AATTGTGTCGAGGAAC-1_atac,CD14+ Mono,test_scATAC,CD4+ T activated,Normoblast,test_scATAC
GGCAATCGTGCCTCAC-1_atac,B1 B,test_scATAC,Naive CD20+ B,Erythroblast,test_scRNA
ATGACTCAGGCGAATA-1_atac,B1 B,test_scATAC,CD8+ T,Naive CD20+ B,test_scATAC
ATCAATCCATAGCTGC-1_atac,CD8+ T,test_scATAC,CD8+ T,CD4+ T activated,test_scATAC
ACTGAATGTTAATGCG-1_atac,CD4+ T activated,test_scATAC,CD14+ Mono,CD8+ T,test_scATAC
TACCTCATCGATCAGT-1_atac,CD4+ T activated,test_scATAC,CD14+ Mono,CD8+ T,test_scRNA
ACTTGCACATTGCAGC-1_atac,NK,test_scATAC,Normoblast,Erythroblast,test_scRNA
GGATGAATCATGAGCT-1_atac,Erythroblast,test_scATAC,CD8+ T,ILC,test_scRNA
GGTTCCCGTTCCTCCT-1_atac,Naive CD20+ B,test_scATAC,Normoblast,Naive CD20+ B,test_scRNA
GACTATTCAGGCGATA-1_atac,CD4+ T activated,test_scATAC,Normoblast,NK,test_scATAC
CTACCTCAGCACTAGT-1_atac,CD8+ T,test_scATAC,CD4+ T activated,CD14+ Mono,test_scRNA
ACTTAGGGTACTTAGG-1_atac,NK,test_scATAC,NK,Naive CD20+ B,test_scATAC
CCCAAATAGGGTCCAC-1_atac,CD4+ T naive,test_scATAC,CD14+ Mono,pDC,test_scATAC
ACCTAAATCGTGCTTC-1_atac,Naive CD20+ B,test_scATAC,Normoblast,NK,test_scRNA
TTCATTCAGTCACCAG-1_atac,CD8+ T,test_scATAC,CD4+ T naive,Erythroblast,test_scRNA
TGCTTAAAGGCTAAGA-1_atac,CD4+ T activated,test_scATAC,Proerythroblast,NK,test_scATAC
AGGTTTGGTTTCCGGC-1_atac,CD8+ T,test_scATAC,CD14+ Mono,cDC2,test_scRNA
GAGTGATCATTAAGCT-1_atac,CD8+ T,test_scATAC,CD14+ Mono,CD14+ Mono,test_scATAC
GAGGACTAGGACCTTG-1_atac,CD4+ T naive,test_scATAC,CD4+ T activated,CD4+ T activated,test_scATAC
CTTCGCGTCCTAGTTT-1_atac,CD14+ Mono,test_scATAC,CD4+ T activated,CD14+ Mono,test_scRNA
TGAACAGAGAGCCGCT-1_atac,CD14+ Mono,test_scATAC,CD4+ T activated,CD14+ Mono,test_scRNA
ATGCATTCAATTGAAG-1_atac,CD4+ T activated,test_scATAC,pDC,Plasma cell,test_scRNA
TGATGATGTCCTAACT-1_atac,Erythroblast,test_scATAC,CD4+ T activated,CD4+ T activated,test_scATAC
AAGTGAAGTGAGAAAC-1_atac,CD14+ Mono,test_scATAC,CD4+ T activated,CD8+ T,test_scATAC
CATGAGGCAGCATGTC-1_atac,G/M prog,test_scATAC,Normoblast,Naive CD20+ B,test_scATAC
TAGGTGCGTGTCCAAA-1_atac,ILC,test_scATAC,CD8+ T,CD14+ Mono,test_scRNA
TTATAGCCAAGCCACT-1_atac,CD4+ T naive,test_scATAC,Naive CD20+ B,CD14+ Mono,test_scRNA
GCTGCAATCATGCTTT-1_atac,CD4+ T naive,test_scATAC,CD14+ Mono,ID2-hi myeloid prog,test_scATAC
AGTTTGCAGGGCTAAA-1_atac,Normoblast,test_scATAC,CD8+ T,CD8+ T,test_scRNA
CCACACAAGCTGGCTA-1_atac,Erythroblast,test_scATAC,CD14+ Mono,CD14+ Mono,test_scRNA
GGAACCTGTCCGCTGT-1_atac,CD4+ T naive,test_scATAC,CD14+ Mono,CD8+ T,test_scATAC
CAGGGTGAGTGACCTG-1_atac,NK,test_scATAC,CD14+ Mono,pDC,test_scRNA
CTGTTTAGTTCCGGCT-1_atac,Erythroblast,test_scATAC,NK,CD8+ T,test_scATAC
CTGGATGTCGACCTGA-1_atac,CD14+ Mono,test_scATAC,CD8+ T,CD14+ Mono,test_scRNA
GATCGAGCAAGCCACT-1_atac,CD14+ Mono,test_scATAC,Erythroblast,NK,test_scATAC
GTTAAACGTCCGGTTC-1_atac,CD8+ T,test_scATAC,pDC,Plasma cell,test_scRNA
CCTCAAACAACAGCCT-1_atac,Naive CD20+ B,test_scATAC,CD14+ Mono,pDC,test_scRNA
ACGCTTGAGGGACGCA-1_atac,Normoblast,test_scATAC,CD4+ T naive,Erythroblast,test_scRNA
GCTGCACAGCGGATAA-1_atac,B1 B,test_scATAC,MK/E prog,CD4+ T naive,test_scRNA
CAGGACCTCGGTACGC-1_atac,ILC,test_scATAC,NK,CD4+ T naive,test_scRNA
CGAGGAAGTGGCTTCC-1_atac,CD4+ T activated,test_scATAC,ID2-hi myeloid prog,CD4+ T naive,test_scRNA
CTGTTTAGTTAAGCGC-1_atac,CD14+ Mono,test_scATAC,CD14+ Mono,Erythroblast,test_scRNA
ACTTATGAGGGTTAGA-1_atac,CD4+ T activated,test_scATAC,CD8+ T,Normoblast,test_scATAC
AGTAATCGTAGGTGTC-1_atac,CD4+ T activated,test_scATAC,CD4+ T activated,Naive CD20+ B,test_scRNA
GTGAACAAGGCTACAT-1_atac,Erythroblast,test_scATAC,Normoblast,Normoblast,test_scRNA
GCGCAATGTACCTTAC-1_atac,CD4+ T activated,test_scATAC,Lymph prog,CD14+ Mono,test_scRNA
AAGACAAGTCAGGCAT-1_atac,CD4+ T activated,test_scATAC,CD4+ T activated,CD14+ Mono,test_scATAC
AGTTGCAGTCATGCAA-1_atac,Erythroblast,test_scATAC,CD4+ T naive,CD4+ T naive,test_scRNA
CATCCTCAGCTTAACA-1_atac,Naive CD20+ B,test_scATAC,CD4+ T activated,CD4+ T activated,test_scRNA
ATTTAGGTCAGGTTTA-1_atac,Erythroblast,test_scATAC,NK,CD16+ Mono,test_scRNA
ATGATGGAGCCGCTAA-1_atac,CD4+ T activated,test_scATAC,Plasma cell,CD8+ T,test_scATAC
CTCGCTCCAGGATTAA-1_atac,CD4+ T activated,test_scATAC,NK,Proerythroblast,test_scATAC
TTAGCAGGTCCCGAAG-1_atac,CD14+ Mono,test_scATAC,Erythroblast,CD4+ T naive,test_scATAC
TTTAACGAGGAACACA-1_atac,CD4+ T naive,test_scATAC,CD14+ Mono,Normoblast,test_scATAC
GGAATCTTCACATTGA-1_atac,Erythroblast,test_scATAC,CD4+ T activated,CD4+ T activated,test_scRNA
AACATAGCACAGAAAC-1_atac,CD8+ T,test_scATAC,CD4+ T activated,Normoblast,test_scRNA
TTAGGCTAGCTTATGA-1_atac,Normoblast,test_scATAC,CD4+ T activated,B1 B,test_scRNA
GCGCTTAAGTTGTCTT-1_atac,Erythroblast,test_scATAC,B1 B,Normoblast,test_scRNA
ATTTAGCCACCCACCT-1_atac,CD8+ T,test_scATAC,NK,CD14+ Mono,test_scATAC
TTACGTTTCAGCACGC-1_atac,NK,test_scATAC,CD8+ T,CD8+ T,test_scRNA
TGTATCCGTTAACGGC-1_atac,CD4+ T activated,test_scATAC,CD14+ Mono,CD4+ T naive,test_scATAC
GTTGCCCGTTGGTGAC-1_atac,CD4+ T naive,test_scATAC,B1 B,Normoblast,test_scATAC
AGATGAAGTCATAAGT-1_atac,NK,test_scATAC,Normoblast,CD14+ Mono,test_scATAC
CGGTGAGAGGTTAGCT-1_atac,ILC,test_scATAC,CD14+ Mono,Normoblast,test_scATAC
ATGAATGCACCATATG-1_atac,CD4+ T naive,test_scATAC,CD4+ T naive,Erythroblast,test_scRNA
CTTACTAGTTAGCAGC-1_atac,CD8+ T,test_scATAC,NK,CD4+ T naive,test_scATAC
CTAATCTTCCTCATCA-1_atac,CD4+ T naive,test_scATAC,CD14+ Mono,CD14+ Mono,test_scRNA
GAGCCTTCAAACATAG-1_atac,CD14+ Mono,test_scATAC,CD8+ T,CD8+ T,test_scRNA
GGGCATTGTGAGACTC-1_atac,CD14+ Mono,test_scATAC,CD8+ T,CD4+ T naive,test_scATAC
CAGAATCTCTTGCTAT-1_atac,CD4+ T activated,test_scATAC,CD4+ T activated,Naive CD20+ B,test_scATAC
ACTATGTCACGGTTTA-1_atac,CD14+ Mono,test_scATAC,CD16+ Mono,CD8+ T,test_scRNA
CTACAACAGGCGCATC-1_atac,CD4+ T activated,test_scATAC,B1 B,Naive CD20+ B,test_scRNA
GCATGAGCACACAATT-1_atac,CD14+ Mono,test_scATAC,CD4+ T naive,CD4+ T activated,test_scRNA
GTACACCCACTCGCTC-1_atac,Normoblast,test_scATAC,CD8+ T,CD14+ Mono,test_scRNA
GCGGAACCAGGCTACT-1_atac,Naive CD20+ B,test_scATAC,CD8+ T,CD4+ T activated,test_scRNA
CTTGCGCGTCATAAGT-1_atac,CD14+ Mono,test_scATAC,CD4+ T naive,CD4+ T naive,test_scATAC
GTGATCAGTAGCTAAT-1_atac,CD4+ T naive,test_scATAC,NK,Normoblast,test_scATAC
CAAAGCGCAAGGTCGA-1_atac,Erythroblast,test_scATAC,CD14+ Mono,NK,test_scATAC
AGGTACGCACCATATG-1_atac,CD4+ T activated,test_scATAC,CD8+ T,NK,test_scRNA
GTTTCCTCAAACCTAT-1_atac,Naive CD20+ B,test_scATAC,Naive CD20+ B,Erythroblast,test_scATAC
GTTAATGTCCCTCAAC-1_atac,NK,test_scATAC,CD8+ T,CD14+ Mono,test_scRNA
TATGGTCAGAAGGTGC-1_atac,Normoblast,test_scATAC,CD14+ Mono,CD4+ T activated,test_scRNA
CGTTTCTCACAAGCCT-1_atac,CD14+ Mono,test_scATAC,Naive CD20+ B,CD4+ T activated,test_scATAC
CCTCAGTTCTTTGAGA-1_atac,CD8+ T,test_scATAC,CD4+ T activated,CD4+ T activated,test_scATAC
ACGCCACAGTCATTAG-1_atac,Normoblast,test_scATAC,CD4+ T activated,B1 B,test_scRNA
TTAGCAGGTATTGTCC-1_atac,Naive CD20+ B,test_scATAC,CD4+ T activated,Normoblast,test_scRNA
TGCATTAAGGCATTAC-1_atac,CD14+ Mono,test_scATAC,Erythroblast,ID2-hi myeloid prog,test_scATAC
CTAACCACAACCCTAA-1_atac,Erythroblast,test_scATAC,Normoblast,CD8+ T,test_scRNA
ACTAAAGCAGTTAAAG-1_atac,CD8+ T,test_scATAC,CD8+ T,CD4+ T activated,test_scATAC
CTAATCCGTCAAGTGC-1_atac,Erythroblast,test_scATAC,CD4+ T activated,G/M prog,test_scRNA
GGCGGTTTCAGTATTG-1_atac,CD8+ T,test_scATAC,G/M prog,Naive CD20+ B,test_scRNA
TATAACCCATATTGAC-1_atac,NK,test_scATAC,G/M prog,Normoblast,test_scRNA
AGGTTGCGTTATCGAG-1_atac,CD14+ Mono,test_scATAC,G/M prog,CD4+ T activated,test_scATAC
CTGGTTACAGTTTACG-1_atac,CD14+ Mono,test_scATAC,CD8+ T,Erythroblast,test_scRNA
GTAGGAGGTTTATGGG-1_atac,CD4+ T naive,test_scATAC,Lymph prog,CD14+ Mono,test_scRNA
CACATACAGGCAATAG-1_atac,CD4+ T activated,test_scATAC,Naive CD20+ B,CD14+ Mono,test_scATAC
GCTTTACGTTTAGCGA-1_atac,CD4+ T naive,test_scATAC,CD14+ Mono,CD14+ Mono,test_scATAC
AATGTCATCATCCTAT-1_atac,CD4+ T naive,test_scATAC,CD14+ Mono,CD4+ T activated,test_scATAC
ACTAAAGCATCAATCG-1_atac,Erythroblast,test_scATAC,CD8+ T,CD8+ T,test_scRNA
GCCTGTGCATTGTGGC-1_atac,Normoblast,test_scATAC,pDC,CD14+ Mono,test_scATAC
CGGTTCCGTCTTTGAC-1_atac,ILC,test_scATAC,NK,CD8+ T,test_scRNA
TATTAGCCATTGTGAT-1_atac,CD14+ Mono,test_scATAC,CD8+ T,CD4+ T activated,test_scRNA
ATTGCTCGTTGCAGTA-1_atac,G/M prog,test_scATAC,CD14+ Mono,Naive CD20+ B,test_scATAC
ATTAGTCCACCCACCT-1_atac,CD4+ T activated,test_scATAC,CD4+ T naive,Erythroblast,test_scATAC
TAGGTGCGTCCTTCAG-1_atac,CD4+ T naive,test_scATAC,Naive CD20+ B,CD16+ Mono,test_scATAC
AAGAATCAGTAACCAC-1_atac,CD8+ T,test_scATAC,Erythroblast,MK/E prog,test_scATAC
GCCAGGTTCCTTGCGT-1_atac,Normoblast,test_scATAC,Naive CD20+ B,NK,test_scATAC
GCTAGCCAGGTGAAGC-1_atac,CD8+ T,test_scATAC,MK/E prog,Erythroblast,test_scATAC
CTCTATGTCCCGCCTA-1_atac,Erythroblast,test_scATAC,CD4+ T activated,Erythroblast,test_scRNA
TCCGGTTTCCTGATTT-1_atac,CD8+ T,test_scATAC,CD8+ T,CD14+ Mono,test_scRNA
GCATCCTTCAGAAACG-1_atac,CD4+ T naive,test_scATAC,Erythroblast,Naive CD20+ B,test_scATAC
TATAGCCAGGCACAGG-1_atac,Naive CD20+ B,test_scATAC,Naive CD20+ B,pDC,test_scATAC
GCTGCACAGAACAAGT-1_atac,CD4+ T activated,test_scATAC,NK,CD4+ T naive,test_scRNA
CGGTTTGAGCTCAAAC-1_atac,Erythroblast,test_scATAC,Naive CD20+ B,CD4+ T naive,test_scATAC
GCCCTCATCATGCTTT-1_atac,CD14+ Mono,test_scATAC,Erythroblast,CD14+ Mono,test_scRNA
ATGATGACAAGGTCCT-1_atac,CD4+ T activated,test_scATAC,Transitional B,CD4+ T activated,test_scATAC
CGTAACCCAAGGTACG-1_atac,CD14+ Mono,test_scATAC,NK,Normoblast,test_scRNA
CATCCTCAGTAAAGGT-1_atac,CD4+ T activated,test_scATAC,CD4+ T activated,Erythroblast,test_scATAC
CATGGATTCTTTGTAC-1_atac,NK,test_scATAC,CD4+ T naive,CD14+ Mono,test_scATAC
CCTATATTCCAAGTGT-1_atac,Normoblast,test_scATAC,Naive CD20+ B,CD4+ T naive,test_scATAC
CCGTTTGGTGGTGAGA-1_atac,CD4+ T activated,test_scATAC,Erythroblast,CD8+ T,test_scRNA
GTATTGTCACACTAAT-1_atac,CD4+ T activated,test_scATAC,B1 B,Erythroblast,test_scATAC
TATGACTCACAATTAC-1_atac,Erythroblast,test_scATAC,pDC,CD4+ T naive,test_scRNA
CCCAGTTTCGAGGAAC-1_atac,CD14+ Mono,test_scATAC,CD4+ T activated,NK,test_scRNA
CTAGATTCAGTTAGCC-1_atac,G/M prog,test_scATAC,Lymph prog,NK,test_scRNA
TGTTGTGCAAGTGTCC-1_atac,NK,test_scATAC,CD14+ Mono,CD14+ Mono,test_scATAC
AGCAAATAGTTAGGCT-1_atac,NK,test_scATAC,CD4+ T activated,CD4+ T activated,test_scRNA
CAAACTGGTGGAAGGC-1_atac,CD8+ T,test_scATAC,CD4+ T activated,CD4+ T naive,test_scATAC
ACTAAAGCAACAGCCT-1_atac,CD14+ Mono,test_scATAC,ILC,Erythroblast,test_scATAC
CTGGATGTCCCTCAAC-1_atac,Erythroblast,test_scATAC,CD4+ T naive,Naive CD20+ B,test_scATAC
CTATTCAGTTGCACAA-1_atac,CD8+ T,test_scATAC,CD4+ T activated,CD4+ T activated,test_scRNA
GCTCTGGCACATACTG-1_atac,Naive CD20+ B,test_scATAC,CD8+ T,Erythroblast,test_scATAC
GTATTGTCAGTAAGTA-1_atac,Normoblast,test_scATAC,NK,Erythroblast,test_scATAC
TGTGCTGAGGGTTATC-1_atac,CD8+ T,test_scATAC,CD14+ Mono,Erythroblast,test_scATAC
ACCTCACTCTTACTCG-1_atac,CD4+ T naive,test_scATAC,G/M prog,Erythroblast,test_scRNA
GGGAGTAGTTGGATCA-1_atac,Normoblast,test_scATAC,Naive CD20+ B,CD8+ T,test_scATAC
AGCCGCTAGGCAATAG-1_atac,Naive CD20+ B,test_scATAC,CD8+ T,CD4+ T naive,test_scRNA
CGTACGGGTGTCCAAA-1_atac,CD8+ T,test_scATAC,MK/E prog,Transitional B,test_scATAC
CCATCACTCCCGCAAA-1_atac,Normoblast,test_scATAC,CD8+ T,Naive CD20+ B,test_scRNA
GACGCAACAAGTGTTT-1_atac,CD8+ T,test_scATAC,Lymph prog,CD4+ T naive,test_scRNA
CGCTGTGCATTAAGTC-1_atac,Erythroblast,test_scATAC,CD4+ T naive,CD4+ T activated,test_scRNA
TGTTGTGCAATCCCTT-1_atac,CD8+ T,test_scATAC,CD4+ T naive,Erythroblast,test_scATAC
CGGTTGGGTGAACAAA-1_atac,Erythroblast,test_scATAC,CD4+ T activated,CD14+ Mono,test_scATAC
GCGGTTATCACTAAGC-1_atac,CD4+ T naive,test_scATAC,G/M prog,CD8+ T,test_scRNA
TATGGATGTGTCCTGC-1_atac,CD8+ T,test_scATAC,CD8+ T,Erythroblast,test_scATAC
CCTAAGGTCACGCGGT-1_atac,CD8+ T,test_scATAC,CD4+ T activated,CD14+ Mono,test_scRNA
GAAGGATGTAGGATTT-1_atac,ILC,test_scATAC,CD14+ Mono,CD4+ T naive,test_scRNA
GAAGGCTAGGACAATG-1_atac,CD4+ T activated,test_scATAC,NK,Erythroblast,test_scRNA
GCCTGCTGTGAAACAA-1_atac,NK,test_scATAC,ILC,NK,test_scATAC
TGCTCACTCTTGAGGT-1_atac,NK,test_scATAC,CD14+ Mono,Normoblast,test_scRNA
GTTGGAGCAAGCGATG-1_atac,Erythroblast,test_scATAC,Normoblast,CD8+ T,test_scATAC
TATGGATGTTTGCTGT-1_atac,CD14+ Mono,test_scATAC,CD4+ T activated,CD4+ T activated,test_scATAC
TAATCCGCAAAGCTCC-1_atac,CD4+ T activated,test_scATAC,B1 B,Erythroblast,test_scATAC
GCCAACATCCCGCAAA-1_atac,B1 B,test_scATAC,Naive CD20+ B,HSC,test_scATAC
TGTCAATCATCCTGAA-1_atac,Naive CD20+ B,test_scATAC,Normoblast,CD14+ Mono,test_scATAC
AGTGCACGTAGCTGCG-1_atac,NK,test_scATAC,Erythroblast,Naive CD20+ B,test_scRNA
TTTGTGGCAACCCTCC-1_atac,CD8+ T,test_scATAC,Naive CD20+ B,CD8+ T,test_scATAC
TTGGAGGCACTATGGC-1_atac,CD8+ T,test_scATAC,CD8+ T,Erythroblast,test_scATAC
CAACAATGTCAAGTGC-1_atac,Naive CD20+ B,test_scATAC,Erythroblast,CD14+ Mono,test_scRNA
GGCGGTTTCTTGCAGG-1_atac,CD14+ Mono,test_scATAC,CD8+ T,NK,test_scATAC
TTTAGGATCCCTGATC-1_atac,CD4+ T activated,test_scATAC,Naive CD20+ B,Erythroblast,test_scRNA
AATCGCCCAAATACCT-1_atac,CD14+ Mono,test_scATAC,Erythroblast,Normoblast,test_scATAC
GCCTCGACAGTTGCGT-1_atac,Erythroblast,test_scATAC,CD4+ T activated,G/M prog,test_scRNA
CGCTGTGCAATGAAGC-1_atac,NK,test_scATAC,Normoblast,Naive CD20+ B,test_scATAC
GTCAAACTCTACCTGC-1_atac,Naive CD20+ B,test_scATAC,Naive CD20+ B,CD4+ T activated,test_scRNA
ACACTTGCATGACTAT-1_atac,CD14+ Mono,test_scATAC,CD14+ Mono,CD4+ T naive,test_scRNA
GTCATTAAGCGGCTGT-1_atac,Erythroblast,test_scATAC,CD4+ T activated,NK,test_scATAC
CGCACACAGCCGCAGT-1_atac,Erythroblast,test_scATAC,CD14+ Mono,NK,test_scRNA
TCGTTAGCACTAGCGT-1_atac,B1 B,test_scATAC,Erythroblast,CD14+ Mono,test_scATAC
CCCAAACCAGTATGTT-1_atac,CD4+ T naive,test_scATAC,CD8+ T,CD8+ T,test_scRNA
GCCAGGAAGGCTGTCA-1_atac,CD14+ Mono,test_scATAC,Normoblast,Erythroblast,test_scATAC
GCTTTCATCCGCCAAA-1_atac,Normoblast,test_scATAC,CD4+ T naive,Normoblast,test_scATAC
GAGTTACTCTAATCTC-1_atac,CD4+ T naive,test_scATAC,NK,CD14+ Mono,test_scATAC
AACATCATCTACCTCA-1_atac,CD14+ Mono,test_scATAC,Erythroblast,Erythroblast,test_scATAC
CGTGAGGAGGGTGGAT-1_atac,CD14+ Mono,test_scATAC,B1 B,NK,test_scATAC
GAAGCTAAGTCAATTG-1_atac,CD14+ Mono,test_scATAC,CD8+ T,Normoblast,test_scATAC
GCTGACATCGGTCAGC-1_atac,G/M prog,test_scATAC,Plasma cell,CD14+ Mono,test_scRNA
GTGTCCAAGAGAGCCG-1_atac,CD8+ T,test_scATAC,CD4+ T naive,CD8+ T,test_scRNA
CCATTATTCTGGCAAT-1_atac,CD14+ Mono,test_scATAC,CD14+ Mono,Erythroblast,test_scATAC
AGTCAGGCAAACGGGC-1_atac,CD14+ Mono,test_scATAC,CD4+ T naive,CD4+ T naive,test_scRNA
GTGCATTAGTATCGCG-1_atac,Erythroblast,test_scATAC,Erythroblast,CD8+ T,test_scRNA
TTAAGTGTCTGGTCCT-1_atac,CD14+ Mono,test_scATAC,CD4+ T naive,CD4+ T activated,test_scATAC
GCTGCAATCTCCATGC-1_atac,Erythroblast,test_scATAC,CD14+ Mono,Normoblast,test_scATAC
ACTCACCTCATTACAG-1_atac,Naive CD20+ B,test_scATAC,CD4+ T activated,CD14+ Mono,test_scRNA
TGTTAGCAGGGTCCAC-1_atac,NK,test_scATAC,B1 B,CD14+ Mono,test_scATAC
GGCCTTCGTTAAGTGT-1_atac,CD14+ Mono,test_scATAC,CD4+ T activated,Normoblast,test_scRNA
ATGATGGAGTTTGCGG-1_atac,CD4+ T activated,test_scATAC,B1 B,CD8+ T,test_scATAC
TGTATCGCATAATGTC-1_atac,Erythroblast,test_scATAC,CD4+ T activated,CD4+ T activated,test_scRNA
TCCATTGTCCGGTATG-1_atac,CD4+ T activated,test_scATAC,CD4+ T naive,Erythroblast,test_scRNA
CGTTGCGCACTAAGCC-1_atac,NK,test_scATAC,CD4+ T naive,Erythroblast,test_scRNA
GAAGTCAAGCTGTCAG-1_atac,Erythroblast,test_scATAC,CD8+ T,G/M prog,test_scATAC
TGGGCATGTTCGCTCA-1_atac,CD14+ Mono,test_scATAC,Erythroblast,CD14+ Mono,test_scATAC
TCTAATCTCTTAGCGG-1_atac,CD8+ T,test_scATAC,CD4+ T activated,CD4+ T activated,test_scRNA
TGAGGCACAGCCTGCA-1_atac,CD14+ Mono,test_scATAC,CD14+ Mono,Erythroblast,test_scRNA
GGCGTTATCGAGGAGT-1_atac,Erythroblast,test_scATAC,Erythroblast,Normoblast,test_scATAC
GATTGCGTCGGGCCAT-1_atac,NK,test_scATAC,CD4+ T naive,NK,test_scATAC
TTAACCAAGGCTTAAC-1_atac,CD4+ T activated,test_scATAC,G/M prog,Erythroblast,test_scRNA
CCAATATCATTGTGCA-1_atac,NK,test_scATAC,Normoblast,CD4+ T naive,test_scRNA
ACAGCCGGTACTGAAT-1_atac,Erythroblast,test_scATAC,Naive CD20+ B,Lymph prog,test_scRNA
GTAAAGCCATAGCGGA-1_atac,Naive CD20+ B,test_scATAC,CD4+ T naive,Erythroblast,test_scATAC
GGCAATCGTCCACAAA-1_atac,Erythroblast,test_scATAC,CD4+ T activated,CD8+ T,test_scATAC
TCTGTGACATAATCAC-1_atac,CD8+ T,test_scATAC,pDC,CD8+ T,test_scRNA
GCTGTGCAGCTAAGTC-1_atac,Normoblast,test_scATAC,CD4+ T naive,CD14+ Mono,test_scRNA
TGATGATGTTCGCGCT-1_atac,CD4+ T naive,test_scATAC,NK,NK,test_scRNA
GCCCGTTGTAATAACC-1_atac,Erythroblast,test_scATAC,CD14+ Mono,Naive CD20+ B,test_scATAC
AGGGCTACAATTAACC-1_atac,CD4+ T activated,test_scATAC,CD8+ T,CD14+ Mono,test_scATAC
CCCTGTTAGTAAGTGG-1_atac,ILC,test_scATAC,CD8+ T,Naive CD20+ B,test_scRNA
GTGCGCAGTTCGCGCT-1_atac,CD4+ T naive,test_scATAC,B1 B,CD14+ Mono,test_scATAC
TTGTGCGAGTTATGGC-1_atac,Naive CD20+ B,test_scATAC,NK,Naive CD20+ B,test_scRNA
CTGGTTACAGTACCGT-1_atac,B1 B,test_scATAC,Erythroblast,Erythroblast,test_scATAC
AGTTTGATCCCGAAGC-1_atac,CD4+ T naive,test_scATAC,Plasma cell,CD4+ T naive,test_scRNA
CGCTTACTCAATACGC-1_atac,CD4+ T naive,test_scATAC,CD14+ Mono,NK,test_scRNA
CCCTAATGTCAGTAAT-1_atac,CD4+ T activated,test_scATAC,CD8+ T,CD14+ Mono,test_scRNA
GATGCAGCAATATGGA-1_atac,CD4+ T activated,test_scATAC,CD14+ Mono,Naive CD20+ B,test_scRNA
GGTATGTTCGTTAAGC-1_atac,CD4+ T activated,test_scATAC,Normoblast,CD8+ T,test_scRNA
GCCCTCATCAATAGCC-1_atac,NK,test_scATAC,Transitional B,CD14+ Mono,test_scRNA
CTTGTCCAGCATCCAG-1_atac,CD4+ T naive,test_scATAC,CD4+ T activated,Erythroblast,test_scRNA
CGTAGCGGTGGAAACG-1_atac,NK,test_scATAC,B1 B,Naive CD20+ B,test_scRNA
ATCCTCATCGCAGGCT-1_atac,CD4+ T activated,test_scATAC,Erythroblast,CD14+ Mono,test_scATAC
AATCATGTCAACAAGG-1_atac,CD14+ Mono,test_scATAC,pDC,CD8+ T,test_scATAC
TAGCTAGGTAAAGCGG-1_atac,Erythroblast,test_scATAC,Normoblast,CD4+ T naive,test_scRNA
CCAAGGCTCGCTTGCT-1_atac,CD4+ T naive,test_scATAC,Naive CD20+ B,G/M prog,test_scRNA
CCTAAGCCAATCCCTT-1_atac,CD4+ T activated,test_scATAC,CD14+ Mono,CD8+ T,test_scRNA
TCGTCAACAAAGCCTC-1_atac,Erythroblast,test_scATAC,MK/E prog,CD8+ T,test_scATAC
ATCAATCCAGCATGTC-1_atac,Erythroblast,test_scATAC,Normoblast,CD4+ T naive,test_scATAC
CATCCTGGTAGCCTAA-1_atac,CD4+ T activated,test_scATAC,Erythroblast,CD8+ T,test_scRNA
CCCAATTGTGTGTGGT-1_atac,NK,test_scATAC,CD4+ T activated,CD4+ T activated,test_scRNA
AAACCGAAGCGGATAA-1_atac,CD4+ T naive,test_scATAC,CD4+ T naive,CD4+ T activated,test_scATAC
TATGGGCGTATACTGG-1_atac,CD8+ T,test_scATAC,CD14+ Mono,Normoblast,test_scATAC
TATTAGGTCAAGTGAG-1_atac,Normoblast,test_scATAC,CD4+ T activated,CD4+ T naive,test_scATAC
TTATGCGCAGGGAGGA-1_atac,CD8+ T,test_scATAC,CD8+ T,Normoblast,test_scRNA
TATCGAGGTGTCCAAA-1_atac,NK,test_scATAC,Erythroblast,CD14+ Mono,test_scATAC
GCCAATAGTCGTAATG-1_atac,Erythroblast,test_scATAC,NK,CD4+ T activated,test_scATAC
GGTTCCCGTTGCGGAT-1_atac,CD8+ T,test_scATAC,Erythroblast,B1 B,test_scATAC
GGTCTTGAGCTGTACG-1_atac,CD8+ T,test_scATAC,Erythroblast,CD8+ T,test_scATAC
TCAGTGAGTAATTAGC-1_atac,CD4+ T naive,test_scATAC,Normoblast,CD14+ Mono,test_scRNA
AGTTACTCACCCTCAC-1_atac,CD14+ Mono,test_scATAC,CD14+ Mono,CD8+ T,test_scRNA
AAACCGGCATTGGGAG-1_atac,Erythroblast,test_scATAC,pDC,Normoblast,test_scRNA
CAGTACCCATAAGTTC-1_atac,Erythroblast,test_scATAC,B1 B,Erythroblast,test_scATAC
AGTTATGTCATGCTTT-1_atac,B1 B,test_scATAC,CD4+ T naive,CD4+ T activated,test_scRNA
CAAACATGTCCTAAGA-1_atac,Normoblast,test_scATAC,NK,Naive CD20+ B,test_scATAC
AGTGAACCATAAGTTC-1_atac,B1 B,test_scATAC,ILC,CD4+ T naive,test_scRNA
CCATAAATCTTGTCCA-1_atac,CD4+ T naive,test_scATAC,CD4+ T activated,NK,test_scRNA
ACATAGCTCCGTAAAC-1_atac,Naive CD20+ B,test_scATAC,CD4+ T activated,Erythroblast,test_scRNA
GGAGTCTGTAGGTGTC-1_atac,CD8+ T,test_scATAC,Naive CD20+ B,Normoblast,test_scRNA
GGTATGTTCGATTCTT-1_atac,Normoblast,test_scATAC,CD14+ Mono,CD4+ T activated,test_scRNA
TGCAATATCCGTAAAC-1_atac,CD14+ Mono,test_scATAC,NK,CD4+ T naive,test_scATAC
ATGTCAATCTTAGCGG-1_atac,CD8+ T,test_scATAC,cDC2,Erythroblast,test_scATAC
AAGACCAAGCAAGATG-1_atac,NK,test_scATAC,B1 B,NK,test_scATAC
TCAGGTTAGGGACGCA-1_atac,CD4+ T naive,test_scATAC,CD8+ T,Lymph prog,test_scATAC
AGCTTCCTCCAATTAG-1_atac,ILC,test_scATAC,CD14+ Mono,NK,test_scATAC
TTAGGCCCAGTTTGGC-1_atac,CD4+ T naive,test_scATAC,Naive CD20+ B,Normoblast,test_scRNA
ACATCAATCCCGCCTA-1_atac,CD4+ T naive,test_scATAC,NK,Erythroblast,test_scRNA
GCAGGACCAGGCTGTT-1_atac,Normoblast,test_scATAC,CD14+ Mono,CD4+ T naive,test_scRNA
TCTCGCCCATGGCCCA-1_atac,CD8+ T,test_scATAC,CD14+ Mono,NK,test_scRNA
GGGCGAATCTCAATGA-1_atac,Erythroblast,test_scATAC,pDC,NK,test_scRNA
AATTGACGTCATAACG-1_atac,Erythroblast,test_scATAC,Naive CD20+ B,Normoblast,test_scATAC
CCTCAAACACGTAAGG-1_atac,CD4+ T activated,test_scATAC,NK,Erythroblast,test_scRNA
AGGTTTGGTTGCCTCA-1_atac,CD8+ T,test_scATAC,CD8+ T,Normoblast,test_scRNA
AGGACGTAGAATCTCA-1_atac,Erythroblast,test_scATAC,CD8+ T,CD4+ T activated,test_scRNA
GAGCGGTCAAGGTGCA-1_atac,CD14+ Mono,test_scATAC,CD8+ T,Erythroblast,test_scRNA
GAAGGCCCATTCCTCG-1_atac,NK,test_scATAC,NK,CD16+ Mono,test_scATAC
ACGCCTAAGCGATAGA-1_atac,CD8+ T,test_scATAC,ILC,CD8+ T,test_scRNA
CCATCATGTGATTACG-1_atac,CD4+ T naive,test_scATAC,CD8+ T,CD14+ Mono,test_scRNA
AAAGGTTAGTTTAACG-1_atac,CD14+ Mono,test_scATAC,NK,CD4+ T naive,test_scRNA
CATCCTGGTTTAACGG-1_atac,Normoblast,test_scATAC,CD4+ T naive,CD4+ T activated,test_scATAC
GATTCAGGTACGCGCA-1_atac,CD14+ Mono,test_scATAC,NK,CD4+ T naive,test_scATAC
CAGATTCAGTTAGCCG-1_atac,CD14+ Mono,test_scATAC,CD4+ T naive,CD8+ T,test_scRNA
TTCAGCACATAATGTC-1_atac,NK,test_scATAC,CD4+ T activated,NK,test_scRNA
GCTTTCATCCATTACT-1_atac,CD4+ T naive,test_scATAC,CD8+ T,NK,test_scATAC
GGTGAGTAGACAGGCG-1_atac,CD4+ T activated,test_scATAC,CD14+ Mono,CD8+ T,test_scRNA
GTACTTCGTAAGTCGC-1_atac,Naive CD20+ B,test_scATAC,CD4+ T naive,NK,test_scRNA
AAATGGCCAAGACTCC-1_atac,NK,test_scATAC,Proerythroblast,Erythroblast,test_scRNA
GGCTATTAGCTTAGCG-1_atac,Naive CD20+ B,test_scATAC,NK,B1 B,test_scRNA
TGGTGCATCAAAGGCA-1_atac,CD14+ Mono,test_scATAC,Normoblast,CD8+ T,test_scATAC
AGTTGGCGTACTTAGG-1_atac,NK,test_scATAC,CD8+ T,Erythroblast,test_scRNA
AGCATTTCATAGCGGA-1_atac,CD14+ Mono,test_scATAC,CD4+ T naive,CD8+ T,test_scRNA
ACAAACTGTAAGCTTG-1_atac,CD14+ Mono,test_scATAC,CD14+ Mono,CD8+ T,test_scRNA
CTATTGAAGCTGTACG-1_atac,Naive CD20+ B,test_scATAC,CD4+ T activated,Normoblast,test_scRNA
CCCAATTGTAAGGTCC-1_atac,Erythroblast,test_scATAC,Erythroblast,CD8+ T,test_scRNA
ACAGCCGGTCATAAGT-1_atac,B1 B,test_scATAC,CD8+ T,CD4+ T naive,test_scATAC
CCTGTAACAGTTTGGC-1_atac,CD14+ Mono,test_scATAC,CD14+ Mono,CD4+ T activated,test_scATAC
TAATGGACAGGTTATT-1_atac,CD4+ T naive,test_scATAC,CD14+ Mono,CD8+ T,test_scATAC
ATCAAGACAAGTCGCT-1_atac,CD14+ Mono,test_scATAC,CD4+ T activated,NK,test_scATAC
GATGCGACAGTACCGT-1_atac,B1 B,test_scATAC,Plasma cell,CD4+ T activated,test_scATAC
ACCACATAGTACCGCA-1_atac,NK,test_scATAC,Erythroblast,CD4+ T activated,test_scRNA
GTCCTCAGTTGGCGTG-1_atac,CD8+ T,test_scATAC,CD8+ T,Plasma cell,test_scATAC
AACATTGTCGCTAAGT-1_atac,Erythroblast,test_scATAC,CD4+ T activated,MK/E prog,test_scRNA
TCCGGTAAGCCAGTAT-1_atac,CD4+ T activated,test_scATAC,CD4+ T activated,CD14+ Mono,test_scRNA
CTACAACAGCTCAATA-1_atac,CD14+ Mono,test_scATAC,CD4+ T activated,CD8+ T,test_scRNA
ACGTCCAAGGCCGGAA-1_atac,NK,test_scATAC,CD8+ T,CD4+ T activated,test_scRNA
GCATGAGCAGGATGGC-1_atac,CD8+ T,test_scATAC,CD14+ Mono,Erythroblast,test_scRNA
GGCATGGAGCTAATCA-1_atac,ILC,test_scATAC,CD14+ Mono,CD4+ T naive,test_scRNA
CGAAGTAAGGGACCTC-1_atac,Erythroblast,test_scATAC,CD4+ T activated,NK,test_scATAC
TTGCTTTAGGTGCGGA-1_atac,CD4+ T naive,test_scATAC,CD14+ Mono,CD8+ T,test_scATAC
GCCTCGACACCTGCCT-1_atac,CD14+ Mono,test_scATAC,CD14+ Mono,Erythroblast,test_scATAC
ATCCACCTCGCTTGCT-1_atac,CD4+ T activated,test_scATAC,Erythroblast,CD8+ T,test_scRNA
GTGGACACAATCATGT-1_atac,Naive CD20+ B,test_scATAC,Naive CD20+ B,CD4+ T activated,test_scATAC
AATCGCCCACCTGTAA-1_atac,CD4+ T activated,test_scATAC,NK,G/M prog,test_scRNA
TTGGCGGGTTGCAATG-1_atac,CD4+ T activated,test_scATAC,CD8+ T,CD14+ Mono,test_scRNA
AGTTGCGTCATTACTC-1_atac,CD4+ T activated,test_scATAC,Erythroblast,CD4+ T activated,test_scATAC
CAGGACACAATTAGGA-1_atac,CD8+ T,test_scATAC,ID2-hi myeloid prog,Naive CD20+ B,test_scATAC
TTGTCAAAGAAAGCAT-1_atac,NK,test_scATAC,Erythroblast,pDC,test_scRNA
GTCATGAGTTGCGGAT-1_atac,Erythroblast,test_scATAC,CD14+ Mono,Plasma cell,test_scRNA
CAGCCAATCCTTAATC-1_atac,Naive CD20+ B,test_scATAC,NK,Erythroblast,test_scATAC
GTGCTTCTCCAGGTCA-1_atac,CD4+ T activated,test_scATAC,CD14+ Mono,NK,test_scRNA
CGGCAATGTAAAGCGG-1_atac,CD4+ T activated,test_scATAC,CD8+ T,G/M prog,test_scATAC
GCTTGTTGTGACATAT-1_atac,Naive CD20+ B,test_scATAC,G/M prog,CD14+ Mono,test_scRNA
CGAAATGAGTAGCGGG-1_atac,CD8+ T,test_scATAC,CD8+ T,CD4+ T activated,test_scRNA
GCACTTACATGTTGTG-1_atac,NK,test_scATAC,CD4+ T naive,Naive CD20+ B,test_scRNA
TCAAGCTAGTGGCGGA-1_atac,Erythroblast,test_scATAC,HSC,CD14+ Mono,test_scATAC
ACGACAAAGTTATCCT-1_atac,CD4+ T activated,test_scATAC,CD14+ Mono,Proerythroblast,test_scATAC
GAGGCCTTCGCAAACT-1_atac,CD4+ T activated,test_scATAC,CD4+ T activated,NK,test_scRNA
ACCTTGTGTGATCAGC-1_atac,Normoblast,test_scATAC,Erythroblast,CD4+ T activated,test_scATAC
CATTATCTCAGTGAAG-1_atac,CD4+ T activated,test_scATAC,CD8+ T,NK,test_scRNA
TTAGGCCCACTGACTA-1_atac,NK,test_scATAC,pDC,CD4+ T naive,test_scATAC
CTTGTTTAGGACCTGC-1_atac,Naive CD20+ B,test_scATAC,Normoblast,Normoblast,test_scRNA
GAACCTTAGTAACGAG-1_atac,NK,test_scATAC,NK,Transitional B,test_scATAC
CAAGGCTGTTGTGATG-1_atac,CD14+ Mono,test_scATAC,Erythroblast,NK,test_scRNA
TCTGGCTTCGTTAAGC-1_atac,NK,test_scATAC,Naive CD20+ B,G/M prog,test_scATAC
GCAAACTTCTGTTCAT-1_atac,NK,test_scATAC,Proerythroblast,NK,test_scATAC
CTTGAACAGCTATTAG-1_atac,CD4+ T activated,test_scATAC,Naive CD20+ B,CD4+ T activated,test_scATAC
ACCAGGCTCGTTTCGC-1_atac,Naive CD20+ B,test_scATAC,CD14+ Mono,Erythroblast,test_scRNA
ATGATGACATGAGCAG-1_atac,B1 B,test_scATAC,CD4+ T naive,CD4+ T activated,test_scRNA
CTTGTTCCAACTGGGA-1_atac,G/M prog,test_scATAC,CD14+ Mono,CD4+ T naive,test_scRNA
GATTGGCGTTGTTCAC-1_atac,CD4+ T naive,test_scATAC,CD4+ T activated,Naive CD20+ B,test_scRNA
AACTACTCAAGCTTAT-1_atac,Erythroblast,test_scATAC,CD14+ Mono,Normoblast,test_scRNA
TCCATCATCATGCTCC-1_atac,CD4+ T activated,test_scATAC,NK,CD4+ T activated,test_scATAC
TCCTGTTCAAATATCC-1_atac,CD14+ Mono,test_scATAC,CD4+ T naive,CD4+ T activated,test_scATAC
CCTTGCGTCATGCCTC-1_atac,CD4+ T naive,test_scATAC,CD14+ Mono,CD4+ T activated,test_scATAC
AGTGAACCATTCCTGT-1_atac,Erythroblast,test_scATAC,CD8+ T,Normoblast,test_scRNA
ATTGACTCACCTGCTC-1_atac,CD4+ T activated,test_scATAC,Erythroblast,CD4+ T activated,test_scATAC
CCTTAGTGTGATGAGG-1_atac,CD8+ T,test_scATAC,CD14+ Mono,HSC,test_scATAC
CTCGCTCCATGCTTAG-1_atac,CD8+ T,test_scATAC,CD8+ T,Erythroblast,test_scATAC
ACTATGTCAGGCAAGC-1_atac,B1 B,test_scATAC,Normoblast,Transitional B,test_scATAC
GAACCAGCATGAATCT-1_atac,Naive CD20+ B,test_scATAC,CD14+ Mono,Normoblast,test_scATAC
ATGGTGCGTAGTAAGA-1_atac,CD4+ T activated,test_scATAC,CD14+ Mono,Proerythroblast,test_scRNA
AAGCAAGTCAAGCTTA-1_atac,CD8+ T,test_scATAC,Erythroblast,Normoblast,test_scATAC
ACCCAACCAGCAACAG-1_atac,Naive CD20+ B,test_scATAC,CD16+ Mono,NK,test_scRNA
GTGCGGTTCATAGACC-1_atac,CD14+ Mono,test_scATAC,CD4+ T naive,NK,test_scRNA
CCGCAAGGTGACATGC-1_atac,NK,test_scATAC,CD4+ T naive,CD14+ Mono,test_scATAC
GCTTAACAGGTGCTGC-1_atac,G/M prog,test_scATAC,Erythroblast,CD4+ T naive,test_scATAC
CTAAGTCAGGAGGTTA-1_atac,G/M prog,test_scATAC,NK,NK,test_scATAC
GTGGATGCATAGGCGA-1_atac,Erythroblast,test_scATAC,CD14+ Mono,Erythroblast,test_scATAC
TGATGAACAGTAATAG-1_atac,Erythroblast,test_scATAC,CD4+ T naive,CD8+ T,test_scRNA
TAGCCGGGTTTGACCT-1_atac,Erythroblast,test_scATAC,pDC,NK,test_scRNA
CTTTATGGTCACGAAC-1_atac,CD14+ Mono,test_scATAC,NK,Proerythroblast,test_scATAC
GGGAATATCCTCAGCT-1_atac,Naive CD20+ B,test_scATAC,G/M prog,Erythroblast,test_scRNA
CCACAATAGTATCGCG-1_atac,CD14+ Mono,test_scATAC,Normoblast,CD8+ T,test_scATAC
TCGCATTGTTCGGTAA-1_atac,CD4+ T activated,test_scATAC,CD14+ Mono,CD8+ T,test_scATAC
GCTAAGTTCGATTATG-1_atac,Naive CD20+ B,test_scATAC,pDC,CD14+ Mono,test_scRNA
CCCTCACCAGTCTAGC-1_atac,Normoblast,test_scATAC,CD14+ Mono,Naive CD20+ B,test_scATAC
CACATTAAGCCTCTGT-1_atac,NK,test_scATAC,NK,CD4+ T activated,test_scATAC
GGTACCGGTACCAGGT-1_atac,CD4+ T activated,test_scATAC,CD8+ T,CD4+ T activated,test_scRNA
CCGCACACATGTCAGC-1_atac,NK,test_scATAC,Erythroblast,NK,test_scRNA
GATGACTTCCAGGTCA-1_atac,Erythroblast,test_scATAC,CD8+ T,NK,test_scATAC
ACCTGTTGTTCACCAT-1_atac,CD8+ T,test_scATAC,NK,Naive CD20+ B,test_scATAC
AGAGATTAGTAAGAAC-1_atac,Naive CD20+ B,test_scATAC,CD14+ Mono,CD4+ T naive,test_scATAC
GGTGCTGGTCAAACTG-1_atac,CD14+ Mono,test_scATAC,CD14+ Mono,Naive CD20+ B,test_scATAC
GTAGTTATCCGTTATT-1_atac,Erythroblast,test_scATAC,NK,pDC,test_scATAC
AGTTGCAGTGGTTCTT-1_atac,Naive CD20+ B,test_scATAC,Erythroblast,B1 B,test_scRNA
GCAGCAACAGGGAGGA-1_atac,Erythroblast,test_scATAC,Normoblast,CD16+ Mono,test_scRNA
TAGTTGTCAAAGGCCA-1_atac,CD4+ T activated,test_scATAC,CD4+ T naive,Naive CD20+ B,test_scRNA
GGCTAGTGTTCCATTA-1_atac,CD14+ Mono,test_scATAC,B1 B,Plasma cell,test_scRNA
ACACTAATCGAAGCGG-1_atac,NK,test_scATAC,CD4+ T naive,CD4+ T activated,test_scRNA
GAGGGAGCATTAAAGG-1_atac,Naive CD20+ B,test_scATAC,CD8+ T,CD4+ T activated,test_scATAC
CTCACACTCAAGTGTC-1_atac,CD4+ T activated,test_scATAC,CD4+ T activated,CD8+ T,test_scATAC
GCGCGATTCGCAATCG-1_atac,CD4+ T naive,test_scATAC,Erythroblast,Erythroblast,test_scATAC
AGTCCTGAGGTTTACA-1_atac,CD4+ T activated,test_scATAC,Naive CD20+ B,Erythroblast,test_scATAC
CGCATATAGGAAACTG-1_atac,Naive CD20+ B,test_scATAC,CD8+ T,CD14+ Mono,test_scRNA
GCGAGTGAGTAGCGGG-1_atac,Erythroblast,test_scATAC,Naive CD20+ B,Normoblast,test_scRNA
GCTATCCTCATCCACC-1_atac,CD4+ T naive,test_scATAC,B1 B,pDC,test_scRNA
GCCTATTGTACTTAGG-1_atac,CD8+ T,test_scATAC,Transitional B,CD4+ T naive,test_scRNA
AGGTTAGAGCCTGATG-1_atac,Naive CD20+ B,test_scATAC,CD8+ T,B1 B,test_scRNA
TACAATGTCCTTAGTT-1_atac,CD14+ Mono,test_scATAC,Erythroblast,CD4+ T naive,test_scRNA
GGTTGACGTCCTCCAA-1_atac,CD4+ T naive,test_scATAC,NK,CD8+ T,test_scRNA
TTGCTTAGTGACCTGG-1_atac,CD14+ Mono,test_scATAC,Erythroblast,CD4+ T activated,test_scATAC
CCCAACCGTTAGGCTA-1_atac,NK,test_scATAC,NK,Normoblast,test_scATAC
TTTGTGTTCGCCTAAG-1_atac,CD4+ T activated,test_scATAC,CD4+ T naive,B1 B,test_scRNA
GTTGTGAGTCCTTAGT-1_atac,Normoblast,test_scATAC,CD4+ T naive,Naive CD20+ B,test_scRNA
GACGCCTAGTCACCAG-1_atac,NK,test_scATAC,Erythroblast,CD8+ T,test_scRNA
CATAATCCATGGTTAT-1_atac,CD14+ Mono,test_scATAC,CD4+ T activated,Naive CD20+ B,test_scATAC
TCCTCACAGGTGCGGA-1_atac,Erythroblast,test_scATAC,CD8+ T,CD14+ Mono,test_scATAC
ATTACTGAGGAACACA-1_atac,CD14+ Mono,test_scATAC,CD14+ Mono,CD8+ T,test_scRNA
CATATCGCACAATGTT-1_atac,NK,test_scATAC,ILC,MK/E prog,test_scRNA
CTACTTAGTGAGGTGA-1_atac,CD4+ T activated,test_scATAC,Erythroblast,CD8+ T,test_scRNA
ATCAAGACATAAGTCT-1_atac,CD8+ T,test_scATAC,CD4+ T activated,NK,test_scATAC
GCGCTTGCAGCATGGA-1_atac,B1 B,test_scATAC,CD14+ Mono,CD8+ T,test_scATAC
TGTTGGCCATTGTGCA-1_atac,CD4+ T naive,test_scATAC,CD4+ T naive,CD14+ Mono,test_scRNA
CGCTCCATCATGCTTT-1_atac,CD8+ T,test_scATAC,CD4+ T naive,MK/E prog,test_scATAC
GCGCAATGTTAGGATT-1_atac,CD4+ T activated,test_scATAC,Erythroblast,NK,test_scRNA
AACCCGCAGAGGGACT-1_atac,CD4+ T activated,test_scATAC,CD14+ Mono,CD4+ T activated,test_scATAC
AGCTTAATCCTGATGG-1_atac,CD4+ T naive,test_scATAC,Erythroblast,CD14+ Mono,test_scATAC
ACGTCCAAGTTTGCGG-1_atac,Naive CD20+ B,test_scATAC,Erythroblast,CD14+ Mono,test_scRNA
TCCTCTAAGTAACGGA-1_atac,CD14+ Mono,test_scATAC,CD4+ T naive,CD4+ T activated,test_scRNA
TCAGCGATCGCCTAAG-1_atac,B1 B,test_scATAC,Erythroblast,CD4+ T activated,test_scATAC
ATCACACAGGTCCAAT-1_atac,Naive CD20+ B,test_scATAC,CD4+ T activated,Normoblast,test_scRNA
AGTGTGGCAGCTCATA-1_atac,Erythroblast,test_scATAC,HSC,MK/E prog,test_scRNA
GGATTGCGTCGTTATC-1_atac,CD14+ Mono,test_scATAC,CD8+ T,CD4+ T activated,test_scRNA
CGAACCGGTCACAGCG-1_atac,CD4+ T activated,test_scATAC,CD4+ T naive,CD14+ Mono,test_scATAC
TGAGGAGGTGTAACCA-1_atac,Erythroblast,test_scATAC,CD14+ Mono,NK,test_scRNA
CATAGACTCAGGGCCT-1_atac,CD8+ T,test_scATAC,CD8+ T,CD8+ T,test_scRNA
CCCTCATAGCTTATGA-1_atac,Erythroblast,test_scATAC,CD14+ Mono,NK,test_scATAC
CCAGCTGCAAGCTAAA-1_atac,CD4+ T activated,test_scATAC,CD8+ T,CD4+ T activated,test_scATAC
GAGCTGCTCACAGGAA-1_atac,Normoblast,test_scATAC,MK/E prog,G/M prog,test_scRNA
CTTCAAGCATCGCTCC-1_atac,CD4+ T activated,test_scATAC,Erythroblast,Lymph prog,test_scATAC
TTCAGCACATATTGAC-1_atac,ILC,test_scATAC,CD14+ Mono,CD8+ T,test_scRNA
TACTGGCCAACTGGCT-1_atac,CD14+ Mono,test_scATAC,CD14+ Mono,CD8+ T,test_scRNA
GTTCCTGGTACGTTTC-1_atac,CD4+ T naive,test_scATAC,Erythroblast,G/M prog,test_scRNA
GAGGTAGGTAGCCTAA-1_atac,CD4+ T activated,test_scATAC,CD4+ T activated,CD8+ T,test_scATAC
CGACAAGCAGTTTCTC-1_atac,CD8+ T,test_scATAC,CD14+ Mono,Erythroblast,test_scATAC
TTCGTTAGTTAAGCGC-1_atac,ILC,test_scATAC,Normoblast,NK,test_scRNA
TTACAGCAGCATGTTA-1_atac,B1 B,test_scATAC,CD8+ T,CD14+ Mono,test_scRNA
CAGAACCGTTTACTTG-1_atac,CD8+ T,test_scATAC,Erythroblast,NK,test_scRNA
ATTACGTCAATACTGT-1_atac,CD4+ T activated,test_scATAC,pDC,CD4+ T naive,test_scRNA
AATGAAGGTTGAGGTC-1_atac,CD4+ T naive,test_scATAC,CD14+ Mono,CD4+ T naive,test_scATAC
GGAAGCTAGGCGAATA-1_atac,NK,test_scATAC,Proerythroblast,CD8+ T,test_scRNA
GACCTCAAGGCTATGT-1_atac,CD4+ T naive,test_scATAC,Erythroblast,G/M prog,test_scATAC
AGTAGCTTCGTTATCT-1_atac,Normoblast,test_scATAC,ILC,Naive CD20+ B,test_scATAC
AGCTAGTTCACAGACT-1_atac,NK,test_scATAC,NK,Erythroblast,test_scATAC
CCAATATCAAAGCTAA-1_atac,NK,test_scATAC,Naive CD20+ B,ILC,test_scRNA
GACCTAAGTTGGATAT-1_atac,Erythroblast,test_scATAC,Lymph prog,CD14+ Mono,test_scATAC
TCCCGTTAGATAGACG-1_atac,NK,test_scATAC,Erythroblast,CD14+ Mono,test_scRNA
CCGTTAACAAACCTTG-1_atac,ILC,test_scATAC,MK/E prog,pDC,test_scRNA
TCGCGCACAGCTTACA-1_atac,Normoblast,test_scATAC,Erythroblast,Naive CD20+ B,test_scRNA
AGGCAGGTCAGGATGA-1_atac,Erythroblast,test_scATAC,Erythroblast,CD14+ Mono,test_scATAC
CATCCCAGTGAAGCCT-1_atac,CD4+ T activated,test_scATAC,Erythroblast,CD14+ Mono,test_scRNA
ACTAACCAGGAAGCTA-1_atac,CD4+ T activated,test_scATAC,NK,Erythroblast,test_scRNA
TGATGAACAACACTTG-1_atac,Erythroblast,test_scATAC,CD4+ T activated,CD4+ T naive,test_scRNA
AGCTTGGTCTGTAAGC-1_atac,CD8+ T,test_scATAC,NK,CD8+ T,test_scRNA
CGCTCCATCGGTTACG-1_atac,CD14+ Mono,test_scATAC,NK,MK/E prog,test_scRNA
GTGATCAGTTAGACCA-1_atac,CD14+ Mono,test_scATAC,B1 B,NK,test_scRNA
TAGGCTGTCAGAAACG-1_atac,CD4+ T activated,test_scATAC,CD8+ T,CD4+ T naive,test_scRNA
TTTGTGAAGTATCGCG-1_atac,NK,test_scATAC,Erythroblast,CD14+ Mono,test_scRNA
GGTGTGACAAGATTCT-1_atac,NK,test_scATAC,CD4+ T activated,NK,test_scRNA
GCTTGTTGTTATTGCC-1_atac,NK,test_scATAC,CD14+ Mono,NK,test_scRNA
ATAGATGCACTTACAG-1_atac,Normoblast,test_scATAC,Erythroblast,NK,test_scATAC
GTTTCCTCAACTGGGA-1_atac,CD4+ T activated,test_scATAC,CD4+ T activated,NK,test_scATAC
GGTGAGTAGTAACAGG-1_atac,CD4+ T naive,test_scATAC,MK/E prog,NK,test_scRNA
GCTTTACGTACCAGGT-1_atac,Erythroblast,test_scATAC,NK,CD8+ T,test_scATAC
ACCAGGACATAAAGCA-1_atac,NK,test_scATAC,Erythroblast,CD14+ Mono,test_scRNA
ATTTAGGTCTAAGTCA-1_atac,CD4+ T naive,test_scATAC,NK,CD14+ Mono,test_scRNA
ACGAGTAAGAGCCGGA-1_atac,CD14+ Mono,test_scATAC,CD14+ Mono,Erythroblast,test_scRNA
TGTTCATTCCAACTGG-1_atac,CD14+ Mono,test_scATAC,CD8+ T,CD4+ T naive,test_scRNA
GGAACCTGTTCCTGAT-1_atac,B1 B,test_scATAC,CD4+ T naive,B1 B,test_scATAC
TGCGGTTCAAATGCCC-1_atac,CD4+ T activated,test_scATAC,CD8+ T,B1 B,test_scATAC
AATTTGGTCAGCAAGA-1_atac,Naive CD20+ B,test_scATAC,Erythroblast,CD4+ T naive,test_scATAC
TTTGACTTCTCCATGC-1_atac,Erythroblast,test_scATAC,HSC,CD14+ Mono,test_scRNA
GAGGACTAGCTGCACA-1_atac,NK,test_scATAC,G/M prog,CD14+ Mono,test_scATAC
GGATTATGTGAGCAAG-1_atac,G/M prog,test_scATAC,CD4+ T naive,Normoblast,test_scATAC
CTAAGTCAGCTATATG-1_atac,CD4+ T activated,test_scATAC,NK,CD8+ T,test_scATAC
TCGCTAACATTATGCG-1_atac,CD4+ T activated,test_scATAC,CD4+ T activated,CD4+ T naive,test_scRNA
ATTAGCTCAGAGGCTA-1_atac,NK,test_scATAC,Erythroblast,CD14+ Mono,test_scATAC
GTGAGGAGTTTCCTCC-1_atac,NK,test_scATAC,CD14+ Mono,Erythroblast,test_scRNA
CAAACGCGTCAAAGGG-1_atac,CD8+ T,test_scATAC,CD8+ T,CD4+ T activated,test_scATAC
CTAAAGCTCTTAATGG-1_atac,NK,test_scATAC,NK,Naive CD20+ B,test_scRNA
AGGTTTATCATGAGCT-1_atac,CD14+ Mono,test_scATAC,CD4+ T activated,NK,test_scRNA
GTCATCCTCCGCCTAT-1_atac,Normoblast,test_scATAC,MK/E prog,NK,test_scATAC
TAGTAGGAGTTGGATC-1_atac,Normoblast,test_scATAC,pDC,CD14+ Mono,test_scRNA
ATCATGTCAGTTAGCC-1_atac,NK,test_scATAC,Normoblast,Naive CD20+ B,test_scATAC
GATAAAGGTCACACCC-1_atac,B1 B,test_scATAC,NK,cDC2,test_scRNA
GAACTTATCACCGGTA-1_atac,Erythroblast,test_scATAC,G/M prog,CD4+ T naive,test_scRNA
GGAGGTTAGCGCTCAA-1_atac,Normoblast,test_scATAC,Naive CD20+ B,CD4+ T naive,test_scATAC
CCAACCAAGCACGTTG-1_atac,CD4+ T activated,test_scATAC,CD14+ Mono,Naive CD20+ B,test_scATAC
GCCCGTTGTCCACAAA-1_atac,CD14+ Mono,test_scATAC,Naive CD20+ B,CD8+ T,test_scRNA
TTAGGCCCATTTAAGC-1_atac,CD4+ T naive,test_scATAC,CD4+ T activated,ILC,test_scATAC
TATTAGCCATGTGGGA-1_atac,CD4+ T activated,test_scATAC,G/M prog,NK,test_scATAC
GGTGAGGTCATGGTGT-1_atac,Erythroblast,test_scATAC,CD16+ Mono,NK,test_scRNA
CCTATTGTCCTAAGGT-1_atac,Normoblast,test_scATAC,CD4+ T activated,Plasma cell,test_scRNA
ATTCACTTCATGTTTC-1_atac,NK,test_scATAC,CD8+ T,Erythroblast,test_scATAC
GAGGTGAGTTGCTGGG-1_atac,CD14+ Mono,test_scATAC,Lymph prog,Erythroblast,test_scRNA
CGCAAATTCAAATCGC-1_atac,CD14+ Mono,test_scATAC,CD8+ T,CD4+ T activated,test_scRNA
GACCTGCAGCCTGGTA-1_atac,Erythroblast,test_scATAC,B1 B,CD14+ Mono,test_scATAC
GCTTAAATCGATTTGA-1_atac,Erythroblast,test_scATAC,NK,CD4+ T activated,test_scRNA
GTGGCTTCAAGTTATC-1_atac,Erythroblast,test_scATAC,Erythroblast,Normoblast,test_scATAC
CGGTGAGAGCAGGTGG-1_atac,CD14+ Mono,test_scATAC,Erythroblast,CD14+ Mono,test_scRNA
CTAACCTGTGAGAAAC-1_atac,Erythroblast,test_scATAC,CD4+ T activated,Naive CD20+ B,test_scATAC
CTTTGTCCAAGGTGCA-1_atac,CD8+ T,test_scATAC,Normoblast,Normoblast,test_scRNA
CATCCTCAGCGATACT-1_atac,CD14+ Mono,test_scATAC,Erythroblast,CD14+ Mono,test_scATAC
CGTCCTAGTCAAGTAT-1_atac,Erythroblast,test_scATAC,CD8+ T,pDC,test_scRNA
TGGATTGGTGTCCAAA-1_atac,CD4+ T naive,test_scATAC,CD8+ T,CD4+ T naive,test_scATAC
ATTAGTCCAGTCTAAT-1_atac,Naive CD20+ B,test_scATAC,NK,CD8+ T,test_scRNA
TATCGCGAGAGGCTAA-1_atac,B1 B,test_scATAC,Lymph prog,NK,test_scATAC
TGCACACCATTCAGCA-1_atac,Naive CD20+ B,test_scATAC,Erythroblast,CD14+ Mono,test_scRNA
AATTAGGCACAACAAA-1_atac,CD14+ Mono,test_scATAC,Naive CD20+ B,Erythroblast,test_scATAC
CGTTGCGCATGTTGGC-1_atac,NK,test_scATAC,Normoblast,Proerythroblast,test_scRNA
AACCGGCTCACACAGT-1_atac,Naive CD20+ B,test_scATAC,NK,Proerythroblast,test_scRNA
TCATTTGGTCAGGCCA-1_atac,CD4+ T naive,test_scATAC,CD4+ T activated,Erythroblast,test_scATAC
GCGTTTCTCTTGAGCG-1_atac,CD14+ Mono,test_scATAC,B1 B,CD8+ T,test_scATAC
GAAGTATAGGCACAGG-1_atac,CD14+ Mono,test_scATAC,CD8+ T,Normoblast,test_scRNA
GCAATATGTTACCGGG-1_atac,Naive CD20+ B,test_scATAC,B1 B,Normoblast,test_scATAC
TGGTCCTTCCTTCTAG-1_atac,CD4+ T activated,test_scATAC,CD14+ Mono,CD4+ T activated,test_scATAC
TTTGTGAAGTAACGAG-1_atac,NK,test_scATAC,ILC,ILC,test_scRNA
AGCCTCCGTCTTGCAT-1_atac,CD4+ T activated,test_scATAC,CD8+ T,CD8+ T,test_scATAC
GAGGTTAAGTTTCCGC-1_atac,CD14+ Mono,test_scATAC,CD8+ T,CD4+ T activated,test_scATAC
TATTTGGAGCCAGGTC-1_atac,CD4+ T activated,test_scATAC,CD4+ T naive,Erythroblast,test_scATAC
TATTACCTCGGGACCT-1_atac,Naive CD20+ B,test_scATAC,Transitional B,CD8+ T,test_scRNA
AGCATTTCACAATGTT-1_atac,Erythroblast,test_scATAC,CD14+ Mono,CD4+ T naive,test_scATAC
AAGCAAGTCCCTCAAC-1_atac,Normoblast,test_scATAC,CD8+ T,B1 B,test_scATAC
GTAGGTGCATAAGCAA-1_atac,CD14+ Mono,test_scATAC,CD4+ T naive,CD4+ T naive,test_scRNA
GCGATTAGTAGCTGGT-1_atac,CD8+ T,test_scATAC,Normoblast,Transitional B,test_scATAC
GGTTTCCTCCAAACAC-1_atac,CD14+ Mono,test_scATAC,CD4+ T naive,Erythroblast,test_scATAC
CTTCTAAGTGCTGGTG-1_atac,NK,test_scATAC,CD14+ Mono,CD8+ T,test_scRNA
GCAGGTTGTTTGTTGC-1_atac,Naive CD20+ B,test_scATAC,Erythroblast,CD4+ T naive,test_scATAC
TGCTTCATCCTTGAGG-1_atac,ILC,test_scATAC,Naive CD20+ B,CD8+ T,test_scATAC
GCAGCAACACCAGCAT-1_atac,Normoblast,test_scATAC,CD4+ T activated,Proerythroblast,test_scRNA
TACCCGGCAGCAACCT-1_atac,CD4+ T naive,test_scATAC,Proerythroblast,NK,test_scATAC
TGAAGGATCATAATCG-1_atac,CD14+ Mono,test_scATAC,CD14+ Mono,CD4+ T naive,test_scATAC
GGTAACCGTTGGTTGA-1_atac,CD4+ T activated,test_scATAC,CD4+ T naive,Erythroblast,test_scRNA
AGCACAGCAGGAACCA-1_atac,CD4+ T naive,test_scATAC,Naive CD20+ B,CD14+ Mono,test_scRNA
TTCGCAACATAGCAGG-1_atac,Erythroblast,test_scATAC,Erythroblast,CD14+ Mono,test_scATAC
GACATTATCATGCTCC-1_atac,CD4+ T activated,test_scATAC,CD14+ Mono,Naive CD20+ B,test_scATAC
GCGATTAGTTATCCGT-1_atac,NK,test_scATAC,Normoblast,CD8+ T,test_scRNA
TCCATGCTCTAACTGA-1_atac,CD4+ T naive,test_scATAC,B1 B,Erythroblast,test_scATAC
CTCTAAGCAGAAATGC-1_atac,Erythroblast,test_scATAC,Normoblast,Erythroblast,test_scATAC
CCAGCTGCAAGTGAAC-1_atac,Erythroblast,test_scATAC,CD14+ Mono,B1 B,test_scATAC
ATTGTCCGTTGCGCGA-1_atac,CD14+ Mono,test_scATAC,Normoblast,NK,test_scATAC
ACTGAAACATGCTATG-1_atac,CD4+ T activated,test_scATAC,Normoblast,CD8+ T,test_scRNA
TGCTAGCCATGAATCT-1_atac,CD8+ T,test_scATAC,CD4+ T naive,CD16+ Mono,test_scATAC
GATGACTTCGCAACAT-1_atac,CD4+ T activated,test_scATAC,Normoblast,CD8+ T,test_scATAC
AGGAACGGTTGCACAA-1_atac,CD14+ Mono,test_scATAC,B1 B,Normoblast,test_scATAC
GAGCCACTCTTAGTGA-1_atac,Naive CD20+ B,test_scATAC,NK,cDC2,test_scATAC
GAGTGATCACCATATG-1_atac,CD14+ Mono,test_scATAC,CD14+ Mono,CD4+ T activated,test_scATAC
TGAGAACCAGGAACAT-1_atac,Normoblast,test_scATAC,CD8+ T,Naive CD20+ B,test_scATAC
TGGACAAAGCTTAGCG-1_atac,CD14+ Mono,test_scATAC,CD14+ Mono,Erythroblast,test_scRNA
CTTGTTTAGTGCACGC-1_atac,CD14+ Mono,test_scATAC,Erythroblast,CD14+ Mono,test_scATAC
TCAAGCTAGTAAAGGT-1_atac,CD8+ T,test_scATAC,Erythroblast,NK,test_scATAC
TCCATCATCCTGTTCA-1_atac,Erythroblast,test_scATAC,CD14+ Mono,CD16+ Mono,test_scRNA
GTGATCAGTTGCAATG-1_atac,CD14+ Mono,test_scATAC,Erythroblast,Erythroblast,test_scATAC
GCCCATAAGCTTTGGG-1_atac,CD4+ T activated,test_scATAC,CD14+ Mono,Naive CD20+ B,test_scATAC
ACGTTGTAGCTAAGTC-1_atac,Erythroblast,test_scATAC,CD16+ Mono,Transitional B,test_scRNA
GCGCTTGCATTGTCCT-1_atac,CD4+ T naive,test_scATAC,CD14+ Mono,CD14+ Mono,test_scRNA
GGCAAATCAACTGGCT-1_atac,Erythroblast,test_scATAC,Proerythroblast,CD14+ Mono,test_scATAC
GTTGCATAGCCTGAGC-1_atac,Erythroblast,test_scATAC,CD8+ T,G/M prog,test_scRNA
AGTGATGAGCTGTACG-1_atac,CD14+ Mono,test_scATAC,CD14+ Mono,Normoblast,test_scATAC
AGGCAATCATTGTGTG-1_atac,CD8+ T,test_scATAC,CD8+ T,CD8+ T,test_scRNA
AACTCACAGTAACCAC-1_atac,CD8+ T,test_scATAC,Naive CD20+ B,Normoblast,test_scRNA
TCGTTTCCAATACTGT-1_atac,CD4+ T naive,test_scATAC,CD4+ T naive,MK/E prog,test_scRNA
GTTGCATAGGAACGGT-1_atac,CD14+ Mono,test_scATAC,CD14+ Mono,CD8+ T,test_scATAC
ACTCACTGTTTAGTCC-1_atac,NK,test_scATAC,CD14+ Mono,CD14+ Mono,test_scATAC
AATTTGGTCCTAAGAC-1_atac,CD4+ T naive,test_scATAC,Erythroblast,CD4+ T activated,test_scRNA
ATTGCGCCAGCATGAG-1_atac,CD4+ T activated,test_scATAC,CD4+ T activated,CD4+ T naive,test_scRNA
TCGACAAGTAGGTTTG-1_atac,CD14+ Mono,test_scATAC,CD4+ T activated,CD8+ T,test_scRNA
TCCAGGTCACAGGATG-1_atac,CD4+ T activated,test_scATAC,Naive CD20+ B,ILC,test_scATAC
TTTGTGGCAAGGTCGA-1_atac,CD4+ T activated,test_scATAC,ID2-hi myeloid prog,CD14+ Mono,test_scATAC
TGTTCCTCATGTCAAT-1_atac,NK,test_scATAC,Erythroblast,CD14+ Mono,test_scRNA
GCCTGCTGTCAACAAT-1_atac,Erythroblast,test_scATAC,pDC,Erythroblast,test_scRNA
CTTTGGGAGCTGTAAC-1_atac,Naive CD20+ B,test_scATAC,CD8+ T,B1 B,test_scRNA
TGCGATTAGGAACACA-1_atac,Erythroblast,test_scATAC,CD4+ T activated,cDC2,test_scATAC
GCTGTAAGTGATCATG-1_atac,B1 B,test_scATAC,CD4+ T naive,Naive CD20+ B,test_scATAC
CGGACAACACCTAATG-1_atac,Naive CD20+ B,test_scATAC,NK,Naive CD20+ B,test_scRNA
CTCCAAACATACCCGG-1_atac,G/M prog,test_scATAC,Erythroblast,Normoblast,test_scRNA
TGGCCATCAGGCCAAA-1_atac,CD14+ Mono,test_scATAC,CD4+ T naive,CD4+ T activated,test_scRNA
CTAGCGGGTTAGAGGG-1_atac,Naive CD20+ B,test_scATAC,CD14+ Mono,Normoblast,test_scATAC
GTCTTTAGTCAACAAT-1_atac,Normoblast,test_scATAC,ILC,CD4+ T naive,test_scRNA
TGTATCCGTTAATGAC-1_atac,Naive CD20+ B,test_scATAC,CD8+ T,CD14+ Mono,test_scRNA
ACGGTTAGTAGACAAA-1_atac,CD4+ T activated,test_scATAC,CD8+ T,Normoblast,test_scATAC
CCAGTTTGTTAGGCTA-1_atac,CD4+ T activated,test_scATAC,NK,Erythroblast,test_scRNA
ACCTACCTCGGTTCCT-1_atac,CD14+ Mono,test_scATAC,CD4+ T naive,Normoblast,test_scRNA
TTGTGCCTCCTACCTA-1_atac,CD4+ T naive,test_scATAC,CD14+ Mono,NK,test_scRNA
TAAGTGCTCCACAATA-1_atac,Normoblast,test_scATAC,CD4+ T naive,CD8+ T,test_scATAC
TATGGCCCAACAGCCT-1_atac,CD14+ Mono,test_scATAC,CD4+ T activated,Naive CD20+ B,test_scRNA
ATACCGGTCTAATCCT-1_atac,Erythroblast,test_scATAC,Normoblast,NK,test_scATAC
ACGTCCAAGCGATAGA-1_atac,NK,test_scATAC,Naive CD20+ B,CD4+ T activated,test_scRNA
CATAGTCAGAAAGCAT-1_atac,NK,test_scATAC,Naive CD20+ B,Naive CD20+ B,test_scATAC
CCTTTAGTCTAGCGTG-1_atac,CD8+ T,test_scATAC,NK,CD16+ Mono,test_scATAC
CCGCAAATCGCTCCAT-1_atac,CD8+ T,test_scATAC,CD8+ T,Normoblast,test_scRNA
GGTACCGGTTCAAGAT-1_atac,Erythroblast,test_scATAC,CD14+ Mono,CD4+ T naive,test_scRNA
CGTACGGGTTAACAGT-1_atac,CD8+ T,test_scATAC,Naive CD20+ B,CD8+ T,test_scRNA
GAACACAAGTCAATCA-1_atac,CD4+ T naive,test_scATAC,CD4+ T activated,CD14+ Mono,test_scATAC
CGTGTTACATCATGGC-1_atac,CD14+ Mono,test_scATAC,Erythroblast,NK,test_scRNA
GACCGTTCAGGAAGCC-1_atac,B1 B,test_scATAC,CD14+ Mono,Erythroblast,test_scRNA
TACTGGCCAGGCCAAA-1_atac,CD4+ T naive,test_scATAC,CD4+ T naive,CD8+ T,test_scRNA
TTCCTCAAGCCTGTTC-1_atac,CD4+ T activated,test_scATAC,CD14+ Mono,NK,test_scATAC
CGGATAAAGTTGCGTG-1_atac,NK,test_scATAC,Normoblast,Normoblast,test_scATAC
ACACTTGCACCTGCCT-1_atac,G/M prog,test_scATAC,Erythroblast,CD8+ T,test_scRNA
GAGTGTTTCCCTTGCG-1_atac,Erythroblast,test_scATAC,CD14+ Mono,cDC2,test_scATAC
CATTATGAGACAGGTA-1_atac,CD8+ T,test_scATAC,CD8+ T,CD14+ Mono,test_scRNA
CCCAGTTTCCGTAAAC-1_atac,Erythroblast,test_scATAC,CD14+ Mono,B1 B,test_scRNA
GAGCCACTCGCTAAGT-1_atac,CD14+ Mono,test_scATAC,CD4+ T activated,ILC,test_scATAC
GAGCAAGGTGTTGTGA-1_atac,Erythroblast,test_scATAC,CD4+ T naive,Transitional B,test_scRNA
CATCACACATCATGTG-1_atac,B1 B,test_scATAC,CD14+ Mono,NK,test_scATAC
CTTCACTCAACAGCCT-1_atac,CD8+ T,test_scATAC,B1 B,CD4+ T activated,test_scATAC
ATCACAATCGCAACAT-1_atac,CD4+ T naive,test_scATAC,CD14+ Mono,CD14+ Mono,test_scRNA
GGCTCACAGGCGGGTA-1_atac,CD4+ T activated,test_scATAC,CD4+ T activated,Erythroblast,test_scATAC
AGTTGCAGTGGCTTCC-1_atac,CD4+ T naive,test_scATAC,Erythroblast,CD8+ T,test_scRNA
CAACAGGCATAGCGAG-1_atac,NK,test_scATAC,CD14+ Mono,CD8+ T,test_scATAC
TCTAACCGTAAACAAG-1_atac,Erythroblast,test_scATAC,Erythroblast,Naive CD20+ B,test_scATAC
TGAGAACCAGCAATAA-1_atac,Erythroblast,test_scATAC,CD4+ T activated,CD8+ T,test_scATAC
ACACTAGGTGGACATC-1_atac,CD14+ Mono,test_scATAC,B1 B,Naive CD20+ B,test_scATAC
AAACGTACACCTACTT-1_atac,CD14+ Mono,test_scATAC,Erythroblast,NK,test_scATAC
CTTCAATTCAAACCGT-1_atac,NK,test_scATAC,Naive CD20+ B,Naive CD20+ B,test_scATAC
GTAGCTGTCAAGCCTG-1_atac,Normoblast,test_scATAC,ILC,Erythroblast,test_scRNA
CACTAAGGTGCCGCAA-1_atac,CD8+ T,test_scATAC,CD8+ T,NK,test_scATAC
GTTGTGAGTGGTTAGC-1_atac,CD4+ T naive,test_scATAC,pDC,Naive CD20+ B,test_scATAC
AAACGCGCACCAACCG-1_atac,CD4+ T naive,test_scATAC,Erythroblast,Erythroblast,test_scRNA
ACCTAAGGTGTGCACG-1_atac,CD4+ T activated,test_scATAC,MK/E prog,HSC,test_scRNA
TCCAGCAAGCGGATAA-1_atac,CD4+ T activated,test_scATAC,CD14+ Mono,CD4+ T activated,test_scATAC
ATAAGTCGTGTGCAAC-1_atac,CD8+ T,test_scATAC,CD4+ T naive,Naive CD20+ B,test_scATAC
GGAGCAAGTTAAGGTT-1_atac,CD4+ T naive,test_scATAC,CD8+ T,Normoblast,test_scATAC
TCTTGTCCACGAATTT-1_atac,CD4+ T naive,test_scATAC,Erythroblast,CD14+ Mono,test_scRNA
GAGTGAGGTGCATTAG-1_atac,Erythroblast,test_scATAC,CD4+ T naive,CD14+ Mono,test_scRNA
CACCAACCACTCGCTC-1_atac,Naive CD20+ B,test_scATAC,CD4+ T naive,CD8+ T,test_scRNA
GTTACTAAGGCTAGAA-1_atac,Erythroblast,test_scATAC,CD14+ Mono,CD4+ T activated,test_scATAC
ACTTACAAGTTCCCGT-1_atac,CD4+ T naive,test_scATAC,CD4+ T activated,pDC,test_scATAC
GATGAGGGTTCACCCA-1_atac,Naive CD20+ B,test_scATAC,Normoblast,Transitional B,test_scATAC
TATCACAAGAGAGCCG-1_atac,NK,test_scATAC,CD4+ T naive,Erythroblast,test_scATAC
CTAGTAATCACTCGCT-1_atac,CD4+ T activated,test_scATAC,MK/E prog,CD4+ T activated,test_scATAC
GTTCACCTCCTAGTAA-1_atac,CD4+ T naive,test_scATAC,Normoblast,CD4+ T activated,test_scATAC
CTTTGGTGTTCCTGAT-1_atac,CD4+ T activated,test_scATAC,Proerythroblast,CD4+ T activated,test_scATAC
CTACGAAGTTGGCGTG-1_atac,NK,test_scATAC,CD4+ T naive,CD14+ Mono,test_scATAC
CTTGCATGTGATCAGC-1_atac,CD14+ Mono,test_scATAC,Erythroblast,CD4+ T activated,test_scRNA
GCAGGCTTCCTTAAGA-1_atac,CD14+ Mono,test_scATAC,CD14+ Mono,CD4+ T naive,test_scATAC
GCACGCTAGGACAACA-1_atac,NK,test_scATAC,Naive CD20+ B,CD4+ T activated,test_scRNA
CGCTACTTCAATGAGG-1_atac,CD8+ T,test_scATAC,CD4+ T naive,CD14+ Mono,test_scATAC
GCCTTTGGTCATCCTG-1_atac,Erythroblast,test_scATAC,CD14+ Mono,HSC,test_scRNA
TTTGTGAAGTTGGGCC-1_atac,CD4+ T activated,test_scATAC,Erythroblast,B1 B,test_scRNA
GTCTAACAGTCCTTTG-1_atac,CD14+ Mono,test_scATAC,Proerythroblast,ILC,test_scRNA
CTCCCTGAGACTAAGG-1_atac,CD8+ T,test_scATAC,CD8+ T,Naive CD20+ B,test_scRNA
TGTGCTGAGGCATGTT-1_atac,CD8+ T,test_scATAC,CD8+ T,Erythroblast,test_scATAC
CTGTATTTCATAGCCG-1_atac,ILC,test_scATAC,CD8+ T,Erythroblast,test_scRNA
TGGCTATAGCGGGCAA-1_atac,CD4+ T naive,test_scATAC,CD4+ T activated,NK,test_scRNA
AATAACCGTCATAACG-1_atac,CD8+ T,test_scATAC,Erythroblast,CD8+ T,test_scATAC
TGTAAAGCACTGACTA-1_atac,CD4+ T naive,test_scATAC,Erythroblast,NK,test_scATAC
CGAACCGGTTAATGCG-1_atac,Erythroblast,test_scATAC,CD14+ Mono,Erythroblast,test_scATAC
CAAGGCCTCTTGGATA-1_atac,CD4+ T naive,test_scATAC,Normoblast,CD14+ Mono,test_scRNA
GTCTCACTCTCACTCA-1_atac,CD14+ Mono,test_scATAC,CD8+ T,CD4+ T naive,test_scATAC
ACTAACCAGTCATTGA-1_atac,CD14+ Mono,test_scATAC,Naive CD20+ B,CD14+ Mono,test_scATAC
ACCTTCATCATTAGGC-1_atac,Naive CD20+ B,test_scATAC,B1 B,CD4+ T activated,test_scATAC
CATCCTGGTCATCCTG-1_atac,Erythroblast,test_scATAC,CD4+ T activated,Erythroblast,test_scATAC
TTTCTCACAGGCCATT-1_atac,Normoblast,test_scATAC,CD4+ T naive,CD8+ T,test_scRNA
ATTCAACCAAACTGTT-1_atac,CD4+ T activated,test_scATAC,CD8+ T,CD4+ T activated,test_scATAC
TCATTGCGTCGTAAAT-1_atac,CD14+ Mono,test_scATAC,G/M prog,Erythroblast,test_scRNA
CGGACAACACATAACT-1_atac,CD4+ T naive,test_scATAC,CD4+ T activated,CD14+ Mono,test_scATAC
CGGTGAACAGCACCAT-1_atac,CD14+ Mono,test_scATAC,CD4+ T naive,NK,test_scRNA
GGACCGAAGGCCCAGT-1_atac,CD4+ T naive,test_scATAC,NK,Normoblast,test_scATAC
ACTCACTGTAAATTGC-1_atac,CD14+ Mono,test_scATAC,Erythroblast,CD14+ Mono,test_scATAC
GTATTGATCTCCATAT-1_atac,NK,test_scATAC,CD14+ Mono,Erythroblast,test_scATAC
AACTCACAGGACTTAC-1_atac,Erythroblast,test_scATAC,CD4+ T naive,CD4+ T activated,test_scRNA
GAGCCTTCACGAATCC-1_atac,CD14+ Mono,test_scATAC,Normoblast,ID2-hi myeloid prog,test_scATAC
GCAAGTCGTATTCGTC-1_atac,Erythroblast,test_scATAC,Erythroblast,CD4+ T activated,test_scATAC
AATGTCCAGGAGCACG-1_atac,Erythroblast,test_scATAC,CD4+ T naive,CD8+ T,test_scATAC
AAGACCAAGGCTACAT-1_atac,CD14+ Mono,test_scATAC,Erythroblast,CD8+ T,test_scATAC
GATGACTTCGGTTAGT-1_atac,CD14+ Mono,test_scATAC,CD4+ T activated,CD14+ Mono,test_scATAC
TTGGGCGGTCATGAGC-1_atac,CD4+ T activated,test_scATAC,ILC,Lymph prog,test_scATAC
CCTTCGGTCGGGCCAT-1_atac,Naive CD20+ B,test_scATAC,Erythroblast,Transitional B,test_scATAC
GAACGAATCGGTTCCT-1_atac,CD8+ T,test_scATAC,Erythroblast,CD4+ T activated,test_scATAC
TTGTTCCCACCTACGG-1_atac,CD14+ Mono,test_scATAC,CD14+ Mono,Erythroblast,test_scATAC
TGCTTGTGTTATAGCG-1_atac,Erythroblast,test_scATAC,CD8+ T,B1 B,test_scRNA
GGTTATGGTAGCTAAT-1_atac,CD14+ Mono,test_scATAC,CD4+ T activated,CD14+ Mono,test_scRNA
GCAATAGAGGCGCTTA-1_atac,NK,test_scATAC,B1 B,CD4+ T activated,test_scRNA
GTGAGCGAGGAAGTAT-1_atac,CD4+ T activated,test_scATAC,Erythroblast,CD4+ T activated,test_scATAC
CATTGTGCAGCTACGT-1_atac,CD4+ T activated,test_scATAC,Erythroblast,CD14+ Mono,test_scATAC
CATTATCTCCTGAATA-1_atac,CD8+ T,test_scATAC,CD14+ Mono,CD4+ T naive,test_scATAC
GCCTGCTGTGCCGCAA-1_atac,B1 B,test_scATAC,CD14+ Mono,ILC,test_scATAC
ATTACCCGTAACGGGA-1_atac,CD4+ T naive,test_scATAC,CD8+ T,CD8+ T,test_scATAC
TTCATCCCACATAACT-1_atac,NK,test_scATAC,CD8+ T,NK,test_scRNA
TTGTCCGGTCCTAATC-1_atac,Normoblast,test_scATAC,Erythroblast,CD8+ T,test_scRNA
AACCGCTCATTAGGTT-1_atac,CD14+ Mono,test_scATAC,NK,NK,test_scRNA
AGGATTGAGCAAGATG-1_atac,CD4+ T naive,test_scATAC,NK,G/M prog,test_scATAC
AGTGATGAGGAGGCAT-1_atac,CD4+ T activated,test_scATAC,CD14+ Mono,Naive CD20+ B,test_scRNA
ACTCCTCAGTGTGATC-1_atac,NK,test_scATAC,CD8+ T,CD14+ Mono,test_scRNA
TAATGGTGTTGTAACG-1_atac,Normoblast,test_scATAC,MK/E prog,Normoblast,test_scRNA
GAGCCTTCACACAATT-1_atac,CD4+ T naive,test_scATAC,CD8+ T,Erythroblast,test_scATAC
CTTAACAAGCGCAATT-1_atac,Erythroblast,test_scATAC,CD4+ T naive,Normoblast,test_scRNA
ACAGTATGTGAGGTAG-1_atac,CD4+ T activated,test_scATAC,Erythroblast,NK,test_scRNA
TGGACTAGTATTGTGG-1_atac,CD4+ T activated,test_scATAC,Naive CD20+ B,CD4+ T activated,test_scATAC
TTCCTTGAGTAAGTGG-1_atac,CD8+ T,test_scATAC,Naive CD20+ B,Erythroblast,test_scRNA
CTATGTTTCGCTAGTG-1_atac,CD4+ T activated,test_scATAC,CD8+ T,CD4+ T activated,test_scRNA
CCGCAAATCTTTGAGA-1_atac,CD4+ T activated,test_scATAC,Plasma cell,Erythroblast,test_scRNA
CTGGTTTGTCCGCTGT-1_atac,CD4+ T naive,test_scATAC,CD14+ Mono,Erythroblast,test_scRNA
CAAGTATGTTTCCACG-1_atac,Normoblast,test_scATAC,CD14+ Mono,CD14+ Mono,test_scATAC
GGGTTTGTCCTGCGAA-1_atac,B1 B,test_scATAC,Normoblast,CD4+ T activated,test_scATAC
GAGGCAAGTTTGCTGT-1_atac,CD14+ Mono,test_scATAC,Naive CD20+ B,CD4+ T activated,test_scRNA
TCCCGGACACAGCCTG-1_atac,CD4+ T naive,test_scATAC,CD14+ Mono,Erythroblast,test_scRNA
CGGTAACGTAAAGCGG-1_atac,CD14+ Mono,test_scATAC,CD14+ Mono,B1 B,test_scRNA
GCTTCGCGTTGCTTCG-1_atac,CD14+ Mono,test_scATAC,Erythroblast,NK,test_scRNA
AAAGGACGTTTCCGGC-1_atac,CD14+ Mono,test_scATAC,Naive CD20+ B,Erythroblast,test_scATAC
CCGATGCAGCATTATG-1_atac,CD4+ T activated,test_scATAC,CD8+ T,CD14+ Mono,test_scATAC
GCTATTGCAACAGGTG-1_atac,CD14+ Mono,test_scATAC,Erythroblast,B1 B,test_scRNA
AATGCAACAGGCTGTT-1_atac,CD14+ Mono,test_scATAC,Erythroblast,Transitional B,test_scRNA
TTGCAGCCACTGACCG-1_atac,CD4+ T activated,test_scATAC,CD14+ Mono,CD8+ T,test_scRNA
CAAGGTAAGCATTATG-1_atac,Normoblast,test_scATAC,Erythroblast,CD14+ Mono,test_scATAC
TTTCTCACAAGTGTTT-1_atac,Erythroblast,test_scATAC,CD4+ T naive,CD8+ T,test_scRNA
GCACTTACACAAAGAC-1_atac,CD8+ T,test_scATAC,Plasma cell,HSC,test_scATAC
TTGAGGCGTGCAACTA-1_atac,NK,test_scATAC,B1 B,CD8+ T,test_scATAC
TGTTCCTCAGGCTTGT-1_atac,Normoblast,test_scATAC,CD14+ Mono,Erythroblast,test_scRNA
TGACTCCTCTGTGAGT-1_atac,B1 B,test_scATAC,ILC,B1 B,test_scRNA
AGTTGTCAGGTCCGTA-1_atac,CD4+ T naive,test_scATAC,Naive CD20+ B,CD8+ T,test_scATAC
TCATTGCGTACGGTAC-1_atac,NK,test_scATAC,Naive CD20+ B,CD14+ Mono,test_scRNA
GCCTTGCGTTCCTGTG-1_atac,CD4+ T activated,test_scATAC,CD8+ T,CD4+ T naive,test_scRNA
GTTTAACCAATAGCAA-1_atac,Erythroblast,test_scATAC,Erythroblast,CD14+ Mono,test_scATAC
TTTAAGCCATAAGGAC-1_atac,CD4+ T naive,test_scATAC,Erythroblast,NK,test_scATAC
TTTGTCTAGTCACTAA-1_atac,CD4+ T activated,test_scATAC,CD4+ T activated,NK,test_scATAC
TTTAACGAGGTCTTGG-1_atac,Naive CD20+ B,test_scATAC,CD4+ T activated,ILC,test_scATAC
GTGCGGTTCAGTGAAG-1_atac,Erythroblast,test_scATAC,CD8+ T,CD4+ T activated,test_scATAC
AGCATCCCACTATGGC-1_atac,CD4+ T naive,test_scATAC,Normoblast,CD4+ T naive,test_scRNA
AATCCTAAGACAGGTA-1_atac,B1 B,test_scATAC,CD8+ T,Erythroblast,test_scRNA
ACACCTTGTTGTCATC-1_atac,G/M prog,test_scATAC,CD14+ Mono,Normoblast,test_scATAC
ACGCCTTTCTGGCATG-1_atac,Naive CD20+ B,test_scATAC,Proerythroblast,Transitional B,test_scATAC
GTGCTCAAGGCAATAG-1_atac,CD8+ T,test_scATAC,Naive CD20+ B,Erythroblast,test_scATAC
TCTCAATTCTGCAAAC-1_atac,CD4+ T naive,test_scATAC,HSC,NK,test_scATAC
TAGCTTGCACCACAAC-1_atac,CD14+ Mono,test_scATAC,NK,Naive CD20+ B,test_scRNA
ATGAATGCAGCTTAGC-1_atac,Erythroblast,test_scATAC,MK/E prog,NK,test_scRNA
AGGTTAACAGTTTACG-1_atac,ILC,test_scATAC,CD14+ Mono,Transitional B,test_scATAC
TTGTTTGGTTGCGCGA-1_atac,Naive CD20+ B,test_scATAC,Erythroblast,CD4+ T activated,test_scRNA
GCTCTGTTCCTGCGAA-1_atac,Normoblast,test_scATAC,CD4+ T activated,G/M prog,test_scATAC
CACATTAAGGGCCATC-1_atac,Erythroblast,test_scATAC,CD4+ T activated,CD14+ Mono,test_scATAC
CCGCAAATCTCACAAA-1_atac,Erythroblast,test_scATAC,CD14+ Mono,CD14+ Mono,test_scRNA
GCGCAATGTTAGGTGC-1_atac,Erythroblast,test_scATAC,CD4+ T naive,CD4+ T activated,test_scRNA
CCCAGCACAAGATTCT-1_atac,CD4+ T naive,test_scATAC,Naive CD20+ B,CD14+ Mono,test_scATAC
TGTCCTTCACGTAAGG-1_atac,ILC,test_scATAC,NK,CD14+ Mono,test_scRNA
GTCAGGCTCTGCAAAC-1_atac,CD4+ T naive,test_scATAC,CD14+ Mono,Erythroblast,test_scATAC
GTTACTAAGCGAAGTA-1_atac,CD14+ Mono,test_scATAC,Naive CD20+ B,Erythroblast,test_scATAC
CTCCGGACAGCAAGGC-1_atac,CD14+ Mono,test_scATAC,CD4+ T naive,G/M prog,test_scATAC
AGAGGAACATAATCCG-1_atac,CD4+ T activated,test_scATAC,Erythroblast,Naive CD20+ B,test_scATAC
TGAGGAGGTGCTCCAC-1_atac,CD4+ T naive,test_scATAC,CD4+ T naive,ILC,test_scRNA
CCAAGTTAGGAGGGTT-1_atac,NK,test_scATAC,CD4+ T activated,CD14+ Mono,test_scRNA
TTGCAACAGTTCCTCA-1_atac,NK,test_scATAC,Erythroblast,CD8+ T,test_scATAC
GGATGTAAGTTATGGC-1_atac,Naive CD20+ B,test_scATAC,Transitional B,CD4+ T activated,test_scRNA
GCAAACAAGGGATGCG-1_atac,Erythroblast,test_scATAC,Erythroblast,CD14+ Mono,test_scRNA
GGCGGTTTCCTAAATG-1_atac,CD14+ Mono,test_scATAC,CD8+ T,G/M prog,test_scRNA
GTGAACAAGGCCGGAA-1_atac,Erythroblast,test_scATAC,ILC,CD14+ Mono,test_scRNA
CCTAGTTGTCGTAATG-1_atac,CD14+ Mono,test_scATAC,CD4+ T naive,pDC,test_scRNA
TTGGCTGAGGCCAATT-1_atac,CD4+ T activated,test_scATAC,CD14+ Mono,Naive CD20+ B,test_scRNA
AGTAATCGTTCCGGGA-1_atac,Normoblast,test_scATAC,CD14+ Mono,CD8+ T,test_scATAC
TTTGTTGGTTCGGTAA-1_atac,NK,test_scATAC,CD14+ Mono,Erythroblast,test_scRNA
CACCTCAGTATGGTGC-1_atac,CD4+ T activated,test_scATAC,CD4+ T naive,CD8+ T,test_scRNA
ATCGCCCGTATACTGG-1_atac,Normoblast,test_scATAC,CD8+ T,ID2-hi myeloid prog,test_scRNA
GTAGGAGGTTCCGCAC-1_atac,B1 B,test_scATAC,CD14+ Mono,CD14+ Mono,test_scATAC
CGAATCTAGCTTCCCG-1_atac,Normoblast,test_scATAC,Proerythroblast,Erythroblast,test_scRNA
GGGCGAATCGGTCAGC-1_atac,CD14+ Mono,test_scATAC,NK,Erythroblast,test_scATAC
TGCTATGCAATAGCAA-1_atac,CD4+ T naive,test_scATAC,CD4+ T activated,Normoblast,test_scRNA
AATAGCTGTATTCGCT-1_atac,B1 B,test_scATAC,CD8+ T,CD4+ T naive,test_scATAC
TGTGGCCAGTTAGTGC-1_atac,CD14+ Mono,test_scATAC,CD4+ T naive,CD4+ T activated,test_scATAC
GTTTCAGCAAACCCTA-1_atac,CD4+ T naive,test_scATAC,CD14+ Mono,MK/E prog,test_scRNA
GTTCCTGGTTGTTGTC-1_atac,CD4+ T naive,test_scATAC,CD4+ T activated,ID2-hi myeloid prog,test_scATAC
CTCACAACATAAAGCA-1_atac,CD4+ T naive,test_scATAC,Naive CD20+ B,Erythroblast,test_scRNA
GACCGAACAGCTAATT-1_atac,Erythroblast,test_scATAC,CD8+ T,CD14+ Mono,test_scRNA
GTGTAACTCCTGCGAA-1_atac,NK,test_scATAC,NK,Normoblast,test_scRNA
TGGACTAGTCCGCTGT-1_atac,Erythroblast,test_scATAC,CD8+ T,CD14+ Mono,test_scATAC
ACCACATAGTAAGTCC-1_atac,CD4+ T activated,test_scATAC,CD14+ Mono,CD14+ Mono,test_scRNA
AGCGATTTCAAATCGC-1_atac,CD14+ Mono,test_scATAC,CD4+ T activated,CD8+ T,test_scATAC
GGGAGTAGTGGAAACG-1_atac,CD4+ T activated,test_scATAC,CD8+ T,Normoblast,test_scATAC
CGCTAACCAGGCTAAG-1_atac,CD4+ T naive,test_scATAC,CD4+ T activated,NK,test_scRNA
GCCATTACATTTAAGC-1_atac,NK,test_scATAC,CD14+ Mono,CD14+ Mono,test_scATAC
GGATTTATCTCAATTC-1_atac,Erythroblast,test_scATAC,B1 B,CD4+ T naive,test_scRNA
CCGTTATGTGGGTGAA-1_atac,Normoblast,test_scATAC,Lymph prog,CD4+ T activated,test_scRNA
GGTTCCCGTTAGCAGC-1_atac,CD4+ T activated,test_scATAC,Naive CD20+ B,Erythroblast,test_scRNA
GTTTAACCATCAATCG-1_atac,CD4+ T activated,test_scATAC,B1 B,CD4+ T activated,test_scRNA
CGCTAATAGTGAGCAA-1_atac,CD4+ T activated,test_scATAC,CD4+ T activated,Normoblast,test_scATAC
TACGGATTCGCGACAC-1_atac,CD4+ T naive,test_scATAC,MK/E prog,CD14+ Mono,test_scRNA
TACTGACAGTGAACGA-1_atac,CD4+ T naive,test_scATAC,CD4+ T activated,pDC,test_scRNA
TATTCGTTCCGGTATG-1_atac,CD14+ Mono,test_scATAC,Proerythroblast,NK,test_scRNA
CCATAATCATGACTAT-1_atac,Normoblast,test_scATAC,cDC2,G/M prog,test_scATAC
AGGCGGATCCTGAATA-1_atac,CD14+ Mono,test_scATAC,Normoblast,NK,test_scATAC
AGGACGTAGGAGTAAT-1_atac,CD14+ Mono,test_scATAC,Lymph prog,CD16+ Mono,test_scRNA
ACTTACTTCCTGAATA-1_atac,Erythroblast,test_scATAC,NK,NK,test_scATAC
CTAATCGCAATGAAGC-1_atac,Erythroblast,test_scATAC,CD4+ T activated,CD4+ T naive,test_scATAC
CGAAATGAGCTTGCTC-1_atac,CD14+ Mono,test_scATAC,CD8+ T,CD14+ Mono,test_scRNA
CAAGAACCAGCATGTC-1_atac,CD8+ T,test_scATAC,NK,B1 B,test_scATAC
ATGTAACGTGACATGC-1_atac,CD14+ Mono,test_scATAC,CD14+ Mono,Proerythroblast,test_scRNA
CGAATATGTCCCGGAA-1_atac,CD4+ T naive,test_scATAC,CD4+ T naive,CD4+ T naive,test_scATAC
AATCTTGAGTCACGAT-1_atac,CD8+ T,test_scATAC,Lymph prog,Erythroblast,test_scRNA
TTAACTGAGCCGGTAC-1_atac,Erythroblast,test_scATAC,CD4+ T activated,NK,test_scRNA
ACCATTAAGCATTATG-1_atac,CD4+ T activated,test_scATAC,Naive CD20+ B,Erythroblast,test_scRNA
GATAAAGGTCGCATAA-1_atac,Erythroblast,test_scATAC,pDC,Erythroblast,test_scATAC
GTGAACAAGGAAACTG-1_atac,CD8+ T,test_scATAC,CD16+ Mono,CD14+ Mono,test_scRNA
ATGACCAGTGTCACGG-1_atac,Erythroblast,test_scATAC,MK/E prog,CD4+ T naive,test_scRNA
GTCTTTGTCAGTATTG-1_atac,NK,test_scATAC,CD8+ T,Naive CD20+ B,test_scRNA
AACTACTCACTTCATC-1_atac,NK,test_scATAC,Plasma cell,CD8+ T,test_scATAC
AAGTAGCCACCTGCCT-1_atac,Normoblast,test_scATAC,Normoblast,NK,test_scATAC
CCAAGTTAGGTAGCTT-1_atac,Normoblast,test_scATAC,CD4+ T activated,Naive CD20+ B,test_scATAC
AGGATTGAGGAGTCGG-1_atac,NK,test_scATAC,CD8+ T,NK,test_scATAC
TCCAGGATCTGTGCCT-1_atac,CD4+ T activated,test_scATAC,Normoblast,NK,test_scATAC
TACAAGCTCCCATAAA-1_atac,CD14+ Mono,test_scATAC,CD4+ T activated,CD4+ T activated,test_scRNA
GCCCGTTGTCTAGCTT-1_atac,CD4+ T naive,test_scATAC,CD4+ T naive,CD4+ T activated,test_scRNA
CCGGTTAAGTAGAGGC-1_atac,Erythroblast,test_scATAC,CD4+ T naive,CD4+ T activated,test_scATAC
CGAGCGAAGCCTGGTA-1_atac,CD14+ Mono,test_scATAC,CD4+ T activated,CD4+ T naive,test_scATAC
ATGTCCACACTATGGC-1_atac,CD4+ T activated,test_scATAC,NK,NK,test_scRNA
ATAGATGCAGCCAGTT-1_atac,G/M prog,test_scATAC,Naive CD20+ B,CD14+ Mono,test_scRNA
CTCTATGTCGCTTCTA-1_atac,Normoblast,test_scATAC,CD8+ T,CD4+ T naive,test_scATAC
AAAGGCTCACCGGTAT-1_atac,CD4+ T naive,test_scATAC,CD14+ Mono,Erythroblast,test_scRNA
CCTAAGTAGTTACCGG-1_atac,NK,test_scATAC,Erythroblast,NK,test_scATAC
CTGACCAAGTACTGGT-1_atac,CD4+ T activated,test_scATAC,Transitional B,CD4+ T activated,test_scATAC
TTTATGGAGGAAACTG-1_atac,CD8+ T,test_scATAC,CD4+ T naive,Erythroblast,test_scRNA
AAAGCTTGTGTGCACG-1_atac,CD4+ T activated,test_scATAC,Erythroblast,NK,test_scATAC
CGAAGCCTCTTTAGGA-1_atac,ILC,test_scATAC,B1 B,Erythroblast,test_scATAC
AATGAAGGTCACCAAA-1_atac,CD4+ T activated,test_scATAC,Normoblast,NK,test_scRNA
TTGGGCGGTAATCGTG-1_atac,CD4+ T naive,test_scATAC,CD14+ Mono,CD4+ T naive,test_scATAC
GCCTTTATCTTAGGAC-1_atac,CD14+ Mono,test_scATAC,CD8+ T,Erythroblast,test_scRNA
TTGTAAGTCGCGCTAA-1_atac,CD4+ T naive,test_scATAC,CD14+ Mono,CD16+ Mono,test_scATAC
TCATGTTTCTGTGCAG-1_atac,Erythroblast,test_scATAC,CD8+ T,CD4+ T activated,test_scATAC
ATTAGTCCAGGCCAAA-1_atac,CD4+ T activated,test_scATAC,CD4+ T naive,B1 B,test_scATAC
AATAACCGTTACTTGC-1_atac,CD4+ T activated,test_scATAC,CD14+ Mono,Erythroblast,test_scATAC
GCAGGAAGTAATGGAA-1_atac,G/M prog,test_scATAC,Erythroblast,B1 B,test_scRNA
GCGGAACCAGGATAAC-1_atac,Erythroblast,test_scATAC,Erythroblast,CD8+ T,test_scATAC
TAACCGGTCCTAGTCC-1_atac,CD8+ T,test_scATAC,Transitional B,ILC,test_scRNA
TCAACAATCACGTTAA-1_atac,CD14+ Mono,test_scATAC,HSC,G/M prog,test_scATAC
TTTAACCTCATTGTCT-1_atac,CD4+ T activated,test_scATAC,CD14+ Mono,CD8+ T,test_scATAC
GGTACTTAGGATCCGC-1_atac,CD4+ T activated,test_scATAC,Normoblast,CD8+ T,test_scATAC
GATGCGACAGCAACCT-1_atac,CD4+ T activated,test_scATAC,Erythroblast,CD8+ T,test_scATAC
GTTTGTCGTGGTTAGC-1_atac,NK,test_scATAC,Erythroblast,Proerythroblast,test_scATAC
GTTGCTGAGCATTTCT-1_atac,CD8+ T,test_scATAC,Normoblast,CD4+ T naive,test_scATAC
GAACTTATCTGTGCAG-1_atac,ILC,test_scATAC,Transitional B,ILC,test_scATAC
CTCACTCAGCTCGCTT-1_atac,Naive CD20+ B,test_scATAC,Proerythroblast,CD4+ T naive,test_scATAC
TATGACATCCCTGGTT-1_atac,CD14+ Mono,test_scATAC,NK,CD4+ T activated,test_scATAC
CCTTCGTAGATGGAGC-1_atac,CD8+ T,test_scATAC,Erythroblast,Normoblast,test_scRNA
ATGCCTGAGATTCCTT-1_atac,ILC,test_scATAC,Naive CD20+ B,CD14+ Mono,test_scRNA
ACCCGCTGTGGCTTCC-1_atac,CD4+ T activated,test_scATAC,CD4+ T activated,CD4+ T naive,test_scRNA
ATTAGGTGTCAACAAT-1_atac,Erythroblast,test_scATAC,NK,Normoblast,test_scRNA
CATTGTGCACGAACAG-1_atac,Naive CD20+ B,test_scATAC,Erythroblast,NK,test_scATAC
GCCTCCATCACACAGT-1_atac,CD4+ T naive,test_scATAC,CD4+ T naive,Erythroblast,test_scRNA
CCTGGATCAGGCTAGA-1_atac,Erythroblast,test_scATAC,CD4+ T activated,Erythroblast,test_scATAC
ATTACTGAGTCACGAT-1_atac,NK,test_scATAC,CD4+ T activated,NK,test_scRNA
TTGACATCAACCTAAT-1_atac,Erythroblast,test_scATAC,Transitional B,CD14+ Mono,test_scATAC
ATTTGCAAGCCGCAGT-1_atac,CD8+ T,test_scATAC,CD14+ Mono,CD14+ Mono,test_scRNA
CCCGTTGTCATTGACA-1_atac,CD14+ Mono,test_scATAC,CD8+ T,Erythroblast,test_scRNA
CTCATTTAGACTCGCA-1_atac,CD14+ Mono,test_scATAC,CD14+ Mono,CD14+ Mono,test_scRNA
TCGCTAACATTAAAGG-1_atac,B1 B,test_scATAC,CD14+ Mono,NK,test_scRNA
TGACTCCTCTATCGCC-1_atac,NK,test_scATAC,CD4+ T activated,Normoblast,test_scATAC
TGTCCTGGTACTTCAC-1_atac,Normoblast,test_scATAC,G/M prog,CD8+ T,test_scATAC
TATGGTCAGCGTGCGT-1_atac,CD4+ T naive,test_scATAC,CD8+ T,Normoblast,test_scATAC
GCTTTATTCTTGTTCG-1_atac,CD14+ Mono,test_scATAC,NK,CD14+ Mono,test_scATAC
CTATTACTCCTTGCAC-1_atac,Erythroblast,test_scATAC,CD8+ T,Erythroblast,test_scATAC
GCTGTAAGTTAAGCGC-1_atac,CD4+ T activated,test_scATAC,Normoblast,CD4+ T activated,test_scATAC
GAGGCAAGTAATGGAA-1_atac,CD14+ Mono,test_scATAC,Erythroblast,Naive CD20+ B,test_scRNA
ACTTAGGGTTACTTGC-1_atac,CD4+ T activated,test_scATAC,Erythroblast,CD4+ T activated,test_scRNA
GGACCGAAGTACCGCA-1_atac,CD8+ T,test_scATAC,ILC,CD4+ T activated,test_scATAC
CCAGGAACATTAGCCA-1_atac,CD8+ T,test_scATAC,CD16+ Mono,cDC2,test_scRNA
CGAATCTAGTAGCGCC-1_atac,ILC,test_scATAC,ILC,CD8+ T,test_scRNA
CGCTTACTCGATTTGA-1_atac,NK,test_scATAC,CD8+ T,Erythroblast,test_scRNA
CCTATTTAGCACGTTG-1_atac,CD8+ T,test_scATAC,Naive CD20+ B,Erythroblast,test_scRNA
TAGCCTTGTTACAAAC-1_atac,CD8+ T,test_scATAC,CD8+ T,CD4+ T naive,test_scRNA
GGAACTAAGAGCCGCT-1_atac,Naive CD20+ B,test_scATAC,CD8+ T,Transitional B,test_scATAC
GCAATGAAGCCTGATG-1_atac,CD4+ T activated,test_scATAC,CD4+ T activated,Erythroblast,test_scRNA
TTTCCGGGTACCAGGT-1_atac,CD4+ T naive,test_scATAC,NK,CD4+ T activated,test_scRNA
GGTCCATCATCACTTC-1_atac,NK,test_scATAC,CD4+ T activated,Naive CD20+ B,test_scATAC
CGATTTGCAGGATAAC-1_atac,CD14+ Mono,test_scATAC,Erythroblast,Erythroblast,test_scRNA
GAGTTGCGTTTATGGG-1_atac,CD14+ Mono,test_scATAC,B1 B,NK,test_scATAC
GATGCAGCACCTCAGG-1_atac,CD14+ Mono,test_scATAC,CD4+ T activated,CD4+ T naive,test_scATAC
CTTCAGGAGGCGCATC-1_atac,CD14+ Mono,test_scATAC,CD14+ Mono,Erythroblast,test_scATAC
CAAAGTGAGCAAGGAC-1_atac,CD4+ T activated,test_scATAC,CD14+ Mono,Naive CD20+ B,test_scRNA
GTACCTTGTAGGATCC-1_atac,NK,test_scATAC,CD8+ T,NK,test_scRNA
TTGCTTTAGACAAGTG-1_atac,CD8+ T,test_scATAC,Erythroblast,NK,test_scATAC
AGGACGTAGTTAGTGC-1_atac,CD4+ T naive,test_scATAC,B1 B,CD8+ T,test_scATAC
ATTTAGCCACAACCTA-1_atac,Erythroblast,test_scATAC,Erythroblast,CD8+ T,test_scATAC
GGCCTCTGTTGGTTCT-1_atac,Erythroblast,test_scATAC,CD4+ T naive,Normoblast,test_scRNA
CGCTTCTAGGTTTGAC-1_atac,CD8+ T,test_scATAC,Normoblast,Naive CD20+ B,test_scATAC
CGCTAACCACAACAGG-1_atac,B1 B,test_scATAC,CD4+ T activated,Normoblast,test_scATAC
AAGCCTTAGGCATTGT-1_atac,CD14+ Mono,test_scATAC,G/M prog,Transitional B,test_scATAC
AAGCGCTGTAACTACG-1_atac,Erythroblast,test_scATAC,NK,Normoblast,test_scRNA
AGGATTGAGCGATACT-1_atac,NK,test_scATAC,Erythroblast,CD4+ T activated,test_scRNA
GTTTGTCGTTAACGGC-1_atac,CD14+ Mono,test_scATAC,CD8+ T,cDC2,test_scRNA
CTAACCACATCTAGCA-1_atac,Erythroblast,test_scATAC,CD14+ Mono,ID2-hi myeloid prog,test_scATAC
GAGTTGCGTAGCCTAA-1_atac,CD14+ Mono,test_scATAC,CD14+ Mono,NK,test_scATAC
TGCGATTAGTGGACAA-1_atac,Normoblast,test_scATAC,Normoblast,CD8+ T,test_scRNA
TTTGCATTCTTTAGGA-1_atac,Naive CD20+ B,test_scATAC,CD14+ Mono,Erythroblast,test_scATAC
CCATAATCACAGGAAT-1_atac,Erythroblast,test_scATAC,CD8+ T,B1 B,test_scATAC
TTGCTTAGTAGTAAGA-1_atac,CD14+ Mono,test_scATAC,CD14+ Mono,CD8+ T,test_scRNA
GCTGAGGAGCCTCTCG-1_atac,Normoblast,test_scATAC,Plasma cell,Erythroblast,test_scRNA
GCACGAACAGCATGTC-1_atac,CD4+ T activated,test_scATAC,Erythroblast,CD8+ T,test_scATAC
TTGTGAGGTCCTAATC-1_atac,CD14+ Mono,test_scATAC,Erythroblast,CD14+ Mono,test_scRNA
CTTCAATTCCACCCTG-1_atac,CD4+ T activated,test_scATAC,CD4+ T activated,CD4+ T naive,test_scRNA
CGTTGCAAGGAACCAA-1_atac,CD4+ T naive,test_scATAC,CD14+ Mono,Naive CD20+ B,test_scRNA
GTAGTTATCTCGACCT-1_atac,Erythroblast,test_scATAC,Normoblast,CD14+ Mono,test_scRNA
CTAAGTCAGATGGAGC-1_atac,NK,test_scATAC,MK/E prog,CD4+ T naive,test_scRNA
AGGCAGGTCGCTAGCA-1_atac,Naive CD20+ B,test_scATAC,CD4+ T activated,B1 B,test_scRNA
CAACTAGGTTCAAGAT-1_atac,CD14+ Mono,test_scATAC,CD4+ T naive,NK,test_scRNA
AGTATAGCAGCTTAAT-1_atac,CD8+ T,test_scATAC,Normoblast,CD8+ T,test_scRNA
TGCTTGTGTATTACCC-1_atac,Normoblast,test_scATAC,B1 B,Erythroblast,test_scRNA
AATTGGGAGCCAGTAT-1_atac,CD4+ T activated,test_scATAC,CD8+ T,CD4+ T naive,test_scATAC
AGCACAGCAATAATCC-1_atac,CD4+ T activated,test_scATAC,Erythroblast,CD8+ T,test_scRNA
TTAAAGGCATTTAAGC-1_atac,CD8+ T,test_scATAC,Erythroblast,CD14+ Mono,test_scRNA
CGCTAATAGGTGTCCA-1_atac,CD4+ T activated,test_scATAC,Normoblast,CD4+ T naive,test_scRNA
GAGTGAGGTAGTCAAT-1_atac,G/M prog,test_scATAC,Naive CD20+ B,CD4+ T activated,test_scATAC
TGAGGCACAAAGGCCA-1_atac,Erythroblast,test_scATAC,CD4+ T activated,CD4+ T activated,test_scATAC
GATTATGTCAGAAACG-1_atac,CD14+ Mono,test_scATAC,Erythroblast,CD14+ Mono,test_scATAC
ACTTGTCGTGTTTGCT-1_atac,CD8+ T,test_scATAC,pDC,CD4+ T activated,test_scATAC
CTCGACAAGCAAGGAC-1_atac,NK,test_scATAC,Naive CD20+ B,CD4+ T naive,test_scATAC
TTGTTGCGTTATGTGG-1_atac,CD14+ Mono,test_scATAC,Lymph prog,CD14+ Mono,test_scRNA
ATGTGAGAGCAAGGAC-1_atac,CD4+ T activated,test_scATAC,Normoblast,Erythroblast,test_scATAC
AAGCCACGTTAGCGTA-1_atac,CD14+ Mono,test_scATAC,Erythroblast,Normoblast,test_scATAC
ACGACAAAGAACCTGT-1_atac,CD14+ Mono,test_scATAC,NK,CD8+ T,test_scRNA
CCAGCTGCATAGGCGA-1_atac,CD8+ T,test_scATAC,CD4+ T naive,CD14+ Mono,test_scRNA
CTCCAACTCGCACACA-1_atac,CD4+ T activated,test_scATAC,CD14+ Mono,Erythroblast,test_scATAC
TTTGTGTTCATTTGCT-1_atac,CD4+ T activated,test_scATAC,NK,CD14+ Mono,test_scATAC
CTGTTTAGTCCTTCAG-1_atac,CD4+ T activated,test_scATAC,Normoblast,B1 B,test_scRNA
GGTGCTGGTTGCTGGG-1_atac,CD4+ T naive,test_scATAC,CD4+ T activated,Erythroblast,test_scRNA
TCTTAGTTCCCTTGCG-1_atac,CD8+ T,test_scATAC,Naive CD20+ B,Normoblast,test_scRNA
CTTGTAAAGATGCCTG-1_atac,CD14+ Mono,test_scATAC,NK,CD16+ Mono,test_scRNA
ATTAGGTGTTGGGTTA-1_atac,B1 B,test_scATAC,Proerythroblast,Erythroblast,test_scATAC
GCTTGTTGTTTGGCGG-1_atac,B1 B,test_scATAC,CD14+ Mono,NK,test_scATAC
GAACTTATCCTCATCA-1_atac,NK,test_scATAC,CD4+ T activated,NK,test_scRNA
AGAAGGTGTGCCGCAA-1_atac,NK,test_scATAC,NK,CD8+ T,test_scATAC
CTTACCTCAACACCTA-1_atac,CD8+ T,test_scATAC,Erythroblast,CD8+ T,test_scATAC
GAAGTAAGTCACACCC-1_atac,NK,test_scATAC,Normoblast,Erythroblast,test_scATAC
AGTCAATGTGGATTAT-1_atac,Naive CD20+ B,test_scATAC,Normoblast,CD4+ T activated,test_scRNA
AAGCTATGTAATGGAA-1_atac,Normoblast,test_scATAC,CD14+ Mono,CD4+ T activated,test_scRNA
CACCTGTTCAGCAAAG-1_atac,Erythroblast,test_scATAC,CD8+ T,CD14+ Mono,test_scRNA
CAAACGCGTATTGGTG-1_atac,G/M prog,test_scATAC,CD8+ T,CD4+ T activated,test_scRNA
AATCTCAAGCCTGGTA-1_atac,B1 B,test_scATAC,Erythroblast,Erythroblast,test_scRNA
CTATTCAGTGCAACTA-1_atac,Normoblast,test_scATAC,ID2-hi myeloid prog,CD4+ T activated,test_scATAC
CATAATCCACCTCACC-1_atac,CD4+ T activated,test_scATAC,Naive CD20+ B,B1 B,test_scATAC
CGCCTCATCGGTTCCT-1_atac,NK,test_scATAC,CD4+ T naive,Normoblast,test_scRNA
GCTGTAAGTCAAAGAA-1_atac,CD4+ T naive,test_scATAC,CD8+ T,Erythroblast,test_scATAC
GGGAGTAGTAGTTGGC-1_atac,CD4+ T activated,test_scATAC,Transitional B,Naive CD20+ B,test_scATAC
GCACGAACATGGCCTG-1_atac,Naive CD20+ B,test_scATAC,CD4+ T naive,B1 B,test_scATAC
AGCTACGTCTACCTCA-1_atac,CD14+ Mono,test_scATAC,Normoblast,Naive CD20+ B,test_scATAC
CCAGCCTGTACCGGAT-1_atac,Normoblast,test_scATAC,B1 B,CD4+ T activated,test_scATAC
GCAATAGAGGCATGAA-1_atac,CD4+ T activated,test_scATAC,CD4+ T activated,Normoblast,test_scATAC
AGTCAAGAGTGCACGC-1_atac,CD4+ T naive,test_scATAC,Naive CD20+ B,CD4+ T activated,test_scATAC
ACCTTCATCGCTATAA-1_atac,CD8+ T,test_scATAC,CD4+ T activated,NK,test_scRNA
TCATGAGGTGCATTAG-1_atac,CD14+ Mono,test_scATAC,Erythroblast,B1 B,test_scRNA
CAACAGGCAAAGCTCC-1_atac,CD8+ T,test_scATAC,Erythroblast,CD14+ Mono,test_scRNA
CGCCAAATCTGCAACG-1_atac,CD8+ T,test_scATAC,Plasma cell,CD4+ T activated,test_scRNA
CTGCTATGTTTAGTCC-1_atac,Erythroblast,test_scATAC,CD4+ T naive,CD4+ T naive,test_scRNA
ACTCGCTTCGATAACC-1_atac,CD4+ T naive,test_scATAC,Normoblast,CD8+ T,test_scATAC
CGACTAAGTGGACCTG-1_atac,CD14+ Mono,test_scATAC,NK,CD14+ Mono,test_scATAC
GTTCGCTTCATGCAAC-1_atac,CD4+ T activated,test_scATAC,CD16+ Mono,CD4+ T activated,test_scATAC
TAGGAACCAGAAATTG-1_atac,CD4+ T activated,test_scATAC,CD8+ T,Erythroblast,test_scATAC
TACTAAGTCGCTAGCA-1_atac,CD4+ T naive,test_scATAC,Erythroblast,CD4+ T activated,test_scRNA
ACTAACGGTTATGTGG-1_atac,CD14+ Mono,test_scATAC,CD4+ T activated,Erythroblast,test_scRNA
AGCAATACAGCGCTTG-1_atac,G/M prog,test_scATAC,Naive CD20+ B,CD8+ T,test_scRNA
AAAGGTTAGCTGAGGG-1_atac,CD8+ T,test_scATAC,Normoblast,B1 B,test_scATAC
CCGCTAGCAGCTCATA-1_atac,CD8+ T,test_scATAC,Erythroblast,pDC,test_scRNA
CTCACACTCCGTTAAA-1_atac,CD14+ Mono,test_scATAC,CD14+ Mono,CD8+ T,test_scRNA
ATAAGCCTCTTGGATA-1_atac,CD14+ Mono,test_scATAC,B1 B,Erythroblast,test_scRNA
CTGCTCCCAAGCTAAA-1_atac,CD14+ Mono,test_scATAC,CD14+ Mono,CD14+ Mono,test_scRNA
GAGCTAGCAGGACCAA-1_atac,CD4+ T activated,test_scATAC,CD4+ T naive,CD4+ T activated,test_scRNA
AGAAAGGCAGGAATCG-1_atac,NK,test_scATAC,Plasma cell,CD4+ T naive,test_scATAC
CCTTATGTCATTACTC-1_atac,Normoblast,test_scATAC,CD8+ T,CD4+ T activated,test_scRNA
TGAGGCACACAATGCC-1_atac,CD4+ T naive,test_scATAC,CD4+ T activated,CD14+ Mono,test_scRNA
ATCATGTCACAAGCCT-1_atac,NK,test_scATAC,CD4+ T naive,CD4+ T naive,test_scATAC
ATTCAACCATCCTAGA-1_atac,CD14+ Mono,test_scATAC,Naive CD20+ B,Erythroblast,test_scRNA
GTTCCTGGTCTAACAG-1_atac,Erythroblast,test_scATAC,MK/E prog,Erythroblast,test_scRNA
CCGTTTGGTGCTGGTG-1_atac,CD4+ T naive,test_scATAC,CD14+ Mono,Erythroblast,test_scATAC
CTCACACTCTTAGTGA-1_atac,Erythroblast,test_scATAC,CD8+ T,Erythroblast,test_scRNA
CTCTCACAGAGGAGGA-1_atac,Naive CD20+ B,test_scATAC,Normoblast,CD14+ Mono,test_scATAC
AGCATCCCAAACTCAT-1_atac,NK,test_scATAC,B1 B,CD4+ T activated,test_scATAC
AATCATGTCCGGAACC-1_atac,CD4+ T naive,test_scATAC,Naive CD20+ B,CD14+ Mono,test_scRNA
CAAGTGAAGGCCTAAT-1_atac,CD14+ Mono,test_scATAC,NK,CD8+ T,test_scATAC
GAACTTATCACGCATG-1_atac,CD8+ T,test_scATAC,Erythroblast,CD14+ Mono,test_scRNA
TGATCAATCGCCTAAG-1_atac,Naive CD20+ B,test_scATAC,CD14+ Mono,CD8+ T,test_scATAC
TCAGCAAGTATTCGTC-1_atac,NK,test_scATAC,B1 B,Erythroblast,test_scATAC
TGTGCAAGTTGTGATG-1_atac,CD8+ T,test_scATAC,CD4+ T activated,CD4+ T activated,test_scRNA
CGCTGTGCATAATTGC-1_atac,CD4+ T naive,test_scATAC,Erythroblast,CD14+ Mono,test_scRNA
TTGAGCTAGGTTACGT-1_atac,Naive CD20+ B,test_scATAC,G/M prog,Erythroblast,test_scRNA
GCCTTAACATAATGAG-1_atac,ILC,test_scATAC,CD4+ T naive,ILC,test_scATAC
CAATATGTCTTGAGCG-1_atac,CD4+ T naive,test_scATAC,Naive CD20+ B,Erythroblast,test_scRNA
AATCTTGAGACCATAC-1_atac,CD4+ T activated,test_scATAC,CD4+ T activated,CD4+ T activated,test_scATAC
TGTTGTAAGGCATGAA-1_atac,CD4+ T activated,test_scATAC,CD4+ T naive,Naive CD20+ B,test_scRNA
GAGAAACGTTGAAGCC-1_atac,CD14+ Mono,test_scATAC,Naive CD20+ B,ID2-hi myeloid prog,test_scRNA
GGGCTAACATTGTCCT-1_atac,CD4+ T activated,test_scATAC,pDC,CD4+ T activated,test_scRNA
TCATTGTTCTATCGCC-1_atac,Naive CD20+ B,test_scATAC,CD14+ Mono,CD14+ Mono,test_scRNA
TAGTTGTCAACCGCCA-1_atac,G/M prog,test_scATAC,NK,NK,test_scRNA
TCACCTCAGAGGAAGG-1_atac,Normoblast,test_scATAC,Erythroblast,CD8+ T,test_scATAC
GTTTGTAAGGGTGAGT-1_atac,NK,test_scATAC,Erythroblast,NK,test_scRNA
AGTTGCAGTAATAACC-1_atac,Normoblast,test_scATAC,Erythroblast,CD4+ T activated,test_scRNA
TTAGCAGGTCATCATC-1_atac,CD8+ T,test_scATAC,NK,CD14+ Mono,test_scATAC
CTAATCGCATAATGTC-1_atac,NK,test_scATAC,Erythroblast,CD4+ T activated,test_scRNA
TCCAGCAAGTTGCCTC-1_atac,CD14+ Mono,test_scATAC,Normoblast,B1 B,test_scATAC
CTATTACTCCTTGCGT-1_atac,G/M prog,test_scATAC,Erythroblast,CD4+ T activated,test_scRNA
GTGAGCGAGGTGTTAC-1_atac,CD4+ T activated,test_scATAC,CD14+ Mono,B1 B,test_scATAC
TAACCTAAGTTAGCCG-1_atac,CD4+ T naive,test_scATAC,Erythroblast,NK,test_scRNA
GGATGAATCTCACATT-1_atac,CD8+ T,test_scATAC,CD8+ T,MK/E prog,test_scATAC
TCAGTAGGTGTTGCTT-1_atac,CD4+ T activated,test_scATAC,CD4+ T naive,CD14+ Mono,test_scATAC
CTACTTAGTGACCTGG-1_atac,Erythroblast,test_scATAC,CD14+ Mono,CD4+ T activated,test_scATAC
GTGCCTTTCAAACACC-1_atac,Normoblast,test_scATAC,Erythroblast,CD8+ T,test_scRNA
TTAGACTCAACTAGAA-1_atac,CD8+ T,test_scATAC,CD16+ Mono,Naive CD20+ B,test_scRNA
CGTCCTAGTTCAAGAT-1_atac,CD14+ Mono,test_scATAC,CD4+ T naive,Erythroblast,test_scRNA
CCGATGCAGTTCCTCA-1_atac,CD4+ T naive,test_scATAC,CD4+ T naive,Naive CD20+ B,test_scATAC
CATCCTCAGACAACGA-1_atac,NK,test_scATAC,CD4+ T naive,G/M prog,test_scRNA
CCTCAAACAACTGGGA-1_atac,CD4+ T activated,test_scATAC,CD4+ T activated,CD4+ T naive,test_scRNA
TCAGGTTAGAACCTAC-1_atac,Normoblast,test_scATAC,CD8+ T,CD14+ Mono,test_scRNA
GGCAGGATCCTTAGTT-1_atac,CD14+ Mono,test_scATAC,Normoblast,Erythroblast,test_scATAC
TATGGGCGTTGAATCG-1_atac,CD14+ Mono,test_scATAC,CD14+ Mono,Plasma cell,test_scRNA
CCAGCTGCAGCCAGTT-1_atac,CD4+ T naive,test_scATAC,CD4+ T activated,Erythroblast,test_scRNA
TGAGAACCACAAAGAC-1_atac,CD8+ T,test_scATAC,CD8+ T,Naive CD20+ B,test_scATAC
GCTGAGGAGGAGGACT-1_atac,CD4+ T naive,test_scATAC,Lymph prog,CD14+ Mono,test_scATAC
TGAAACTGTGTTGTGA-1_atac,Naive CD20+ B,test_scATAC,CD14+ Mono,CD4+ T activated,test_scATAC
GTACTTAAGGTGAAAT-1_atac,CD4+ T activated,test_scATAC,CD8+ T,NK,test_scRNA
GCCTTGCGTGAAACAA-1_atac,CD4+ T naive,test_scATAC,CD4+ T activated,CD14+ Mono,test_scRNA
CAGGCTATCCTCATCA-1_atac,CD8+ T,test_scATAC,Plasma cell,Normoblast,test_scRNA
GCGCAATGTCCTTTAA-1_atac,CD8+ T,test_scATAC,CD14+ Mono,CD4+ T naive,test_scRNA
AGCGTGCTCTGTAAGC-1_atac,Erythroblast,test_scATAC,Erythroblast,NK,test_scATAC
TACCTTAGTTACATCC-1_atac,Naive CD20+ B,test_scATAC,Normoblast,NK,test_scATAC
TCTAGCCTCCTTTACG-1_atac,CD14+ Mono,test_scATAC,CD4+ T naive,Erythroblast,test_scATAC
TAGTGTGGTTCATCTA-1_atac,Erythroblast,test_scATAC,Erythroblast,CD14+ Mono,test_scRNA
AGGTTAGAGGACCTGC-1_atac,Erythroblast,test_scATAC,Erythroblast,CD4+ T activated,test_scRNA
GGGTGTTGTCATAACG-1_atac,Normoblast,test_scATAC,CD4+ T activated,CD14+ Mono,test_scRNA
TTAGGCGTCTTCAATC-1_atac,Erythroblast,test_scATAC,CD4+ T activated,Erythroblast,test_scATAC
GCAGGCAAGGATGATG-1_atac,NK,test_scATAC,CD8+ T,Naive CD20+ B,test_scATAC
GATCAGGCATTAGGTT-1_atac,CD14+ Mono,test_scATAC,CD4+ T activated,Erythroblast,test_scRNA
TTACCGTGTCCGTAGG-1_atac,Naive CD20+ B,test_scATAC,Erythroblast,CD8+ T,test_scATAC
GGTTGAGCAGCCTGCA-1_atac,NK,test_scATAC,CD4+ T naive,NK,test_scATAC
ATTGACTCATCCCTCA-1_atac,CD4+ T naive,test_scATAC,MK/E prog,CD4+ T naive,test_scRNA
GCAAACCGTTAGACCA-1_atac,CD14+ Mono,test_scATAC,NK,ID2-hi myeloid prog,test_scRNA
ATGGCCGGTCAGTAAT-1_atac,Erythroblast,test_scATAC,CD14+ Mono,NK,test_scATAC
TCACCTCAGGACAACA-1_atac,CD4+ T naive,test_scATAC,CD14+ Mono,CD14+ Mono,test_scATAC
GGTGAGTAGGACCTTG-1_atac,Erythroblast,test_scATAC,Proerythroblast,CD14+ Mono,test_scATAC
ATCCCGCGTCACGGAT-1_atac,NK,test_scATAC,Erythroblast,Erythroblast,test_scRNA
AGATGCTTCTCAATAG-1_atac,Erythroblast,test_scATAC,CD14+ Mono,Normoblast,test_scRNA
GCTGTGCAGTATTGTG-1_atac,Naive CD20+ B,test_scATAC,NK,Normoblast,test_scATAC
GTTTCTAGTTAAGGTT-1_atac,CD4+ T activated,test_scATAC,CD4+ T naive,CD14+ Mono,test_scATAC
GAGCGGTCAGTTTGGC-1_atac,CD4+ T naive,test_scATAC,CD4+ T naive,Lymph prog,test_scRNA
GTATTGCAGTGAACGA-1_atac,CD8+ T,test_scATAC,CD4+ T activated,B1 B,test_scATAC
CCTAAGGTCCACCTTA-1_atac,Erythroblast,test_scATAC,CD14+ Mono,CD16+ Mono,test_scATAC
TGAACAACAATTAACC-1_atac,CD4+ T activated,test_scATAC,MK/E prog,ID2-hi myeloid prog,test_scRNA
ACAGGAATCTCAATTC-1_atac,CD14+ Mono,test_scATAC,CD4+ T activated,CD4+ T naive,test_scATAC
ACGCCACAGCCGCAGT-1_atac,Normoblast,test_scATAC,CD4+ T naive,Lymph prog,test_scRNA
AGCTAGTTCGACCTGA-1_atac,Erythroblast,test_scATAC,CD4+ T naive,CD4+ T naive,test_scRNA
CGTGTGTCATGTCGCG-1_atac,NK,test_scATAC,NK,CD16+ Mono,test_scRNA
CTAATCGCATCAGCAC-1_atac,Naive CD20+ B,test_scATAC,Erythroblast,Erythroblast,test_scRNA
CGGTGAGAGGTGCTGC-1_atac,B1 B,test_scATAC,CD4+ T activated,ILC,test_scRNA
ACTTGTCGTTAGTGAT-1_atac,CD8+ T,test_scATAC,NK,Lymph prog,test_scRNA
CTAGTAGGTTCGGGAT-1_atac,NK,test_scATAC,G/M prog,CD14+ Mono,test_scATAC
CTCTGTTCACTTCATC-1_atac,CD8+ T,test_scATAC,CD16+ Mono,CD4+ T activated,test_scRNA
GGAGCATAGCGTGCGT-1_atac,CD8+ T,test_scATAC,CD14+ Mono,CD14+ Mono,test_scRNA
AGAGAAGCATGAATCT-1_atac,B1 B,test_scATAC,CD4+ T activated,CD14+ Mono,test_scRNA
GAGCCACTCACCAATA-1_atac,Erythroblast,test_scATAC,CD16+ Mono,Erythroblast,test_scATAC
AGCAAGGGTTAACGGC-1_atac,CD14+ Mono,test_scATAC,Normoblast,CD4+ T naive,test_scRNA
CAATCCCTCCTCAGTC-1_atac,CD4+ T activated,test_scATAC,G/M prog,CD14+ Mono,test_scRNA
GCGCTTAAGCAGGTTT-1_atac,NK,test_scATAC,CD4+ T activated,B1 B,test_scATAC
TTTAGGATCCTCACAC-1_atac,CD14+ Mono,test_scATAC,NK,CD4+ T activated,test_scATAC
TCGCTAACACAGACTC-1_atac,G/M prog,test_scATAC,CD4+ T naive,Erythroblast,test_scRNA
ATCTTTGGTAATCACG-1_atac,NK,test_scATAC,CD4+ T naive,Erythroblast,test_scRNA
AGATGCTTCTAGCTAA-1_atac,CD8+ T,test_scATAC,Erythroblast,CD8+ T,test_scATAC
GCAGGCAAGCACTTGG-1_atac,CD4+ T activated,test_scATAC,CD14+ Mono,NK,test_scRNA
CCCAAATAGGAACGCG-1_atac,Naive CD20+ B,test_scATAC,NK,Normoblast,test_scRNA
GTTAAACGTTAGAGCC-1_atac,CD8+ T,test_scATAC,CD4+ T activated,NK,test_scATAC
TCGGTTACATGCTATG-1_atac,CD8+ T,test_scATAC,CD8+ T,Normoblast,test_scATAC
GTCTTGCTCTTGCATT-1_atac,G/M prog,test_scATAC,Proerythroblast,Erythroblast,test_scATAC
CCGTTTGGTTCCTGAT-1_atac,Erythroblast,test_scATAC,Erythroblast,CD8+ T,test_scATAC
CCTAATAAGATAACCC-1_atac,CD8+ T,test_scATAC,B1 B,CD14+ Mono,test_scATAC
CTCTAGCTCCTAATTC-1_atac,Normoblast,test_scATAC,CD4+ T activated,Naive CD20+ B,test_scRNA
TGTCCTGGTTGGATCA-1_atac,CD4+ T activated,test_scATAC,CD4+ T naive,ID2-hi myeloid prog,test_scRNA
CATCCTGGTATTACCC-1_atac,CD8+ T,test_scATAC,Plasma cell,NK,test_scRNA
ACTTACAAGTGAACAG-1_atac,CD14+ Mono,test_scATAC,CD14+ Mono,MK/E prog,test_scATAC
GCGCTTGCAGGAACTG-1_atac,CD14+ Mono,test_scATAC,CD14+ Mono,Erythroblast,test_scATAC
TACATCAAGCGAGTAA-1_atac,NK,test_scATAC,CD8+ T,CD8+ T,test_scRNA
GTAGCCATCCATAATG-1_atac,NK,test_scATAC,CD14+ Mono,B1 B,test_scRNA
AGATGAAGTGACATGC-1_atac,CD8+ T,test_scATAC,Normoblast,CD14+ Mono,test_scATAC
CGCTGTGCACGGTTTA-1_atac,Erythroblast,test_scATAC,Transitional B,CD4+ T activated,test_scRNA
TTAAGTGTCATTGCGG-1_atac,NK,test_scATAC,CD8+ T,Erythroblast,test_scATAC
TCATCCATCCTGTTCA-1_atac,NK,test_scATAC,CD4+ T activated,CD8+ T,test_scATAC
TCTATGTTCAATCATG-1_atac,CD14+ Mono,test_scATAC,CD8+ T,CD4+ T activated,test_scATAC
GTCTATCGTAGACAAA-1_atac,CD14+ Mono,test_scATAC,Normoblast,Transitional B,test_scRNA
TACCAAATCGATTCTT-1_atac,CD4+ T activated,test_scATAC,CD14+ Mono,NK,test_scRNA
GAGTCAAAGTTAGACC-1_atac,G/M prog,test_scATAC,NK,CD4+ T activated,test_scATAC
AGGTCATTCTACTAAG-1_atac,CD8+ T,test_scATAC,NK,Normoblast,test_scATAC
ATTTGTGAGTGACCTG-1_atac,CD4+ T activated,test_scATAC,CD4+ T activated,pDC,test_scATAC
CCACTTGGTGTGTCCC-1_atac,CD4+ T activated,test_scATAC,Normoblast,G/M prog,test_scATAC
GTCCATTGTTTAGCGA-1_atac,CD8+ T,test_scATAC,CD14+ Mono,CD4+ T activated,test_scATAC
AATGTCCAGGCGCTTA-1_atac,Erythroblast,test_scATAC,G/M prog,Transitional B,test_scRNA
CTCTAGCTCCTTCAAT-1_atac,CD14+ Mono,test_scATAC,Normoblast,Transitional B,test_scRNA
CTGCTCCCACCTAAGC-1_atac,NK,test_scATAC,CD14+ Mono,CD8+ T,test_scATAC
GCTAGCCAGCTATGAC-1_atac,CD4+ T naive,test_scATAC,CD4+ T activated,CD4+ T activated,test_scRNA
CTTGTTTAGCCGCAGT-1_atac,Normoblast,test_scATAC,CD4+ T activated,CD14+ Mono,test_scRNA
AAGACAAGTTCCATTA-1_atac,CD4+ T naive,test_scATAC,CD4+ T activated,CD4+ T naive,test_scRNA
CCTGCTCCACCTACTT-1_atac,NK,test_scATAC,CD14+ Mono,NK,test_scATAC
TCTATGTTCCTTAGGG-1_atac,NK,test_scATAC,CD8+ T,Erythroblast,test_scRNA
CGGTTTGAGCTAAGTC-1_atac,B1 B,test_scATAC,Normoblast,CD8+ T,test_scRNA
AACCTTGCATTGTTGG-1_atac,Erythroblast,test_scATAC,NK,CD8+ T,test_scRNA
GGTGAGTAGACTTATG-1_atac,CD14+ Mono,test_scATAC,CD4+ T naive,Normoblast,test_scRNA
ACGACAAAGTAAAGGT-1_atac,NK,test_scATAC,CD14+ Mono,CD4+ T naive,test_scATAC
ACCTTCATCGCAATCG-1_atac,CD8+ T,test_scATAC,Proerythroblast,NK,test_scATAC
ATGCAAACAGCACGAA-1_atac,B1 B,test_scATAC,B1 B,B1 B,test_scATAC
TGCTAGCCACTGGCTG-1_atac,CD4+ T activated,test_scATAC,Naive CD20+ B,Erythroblast,test_scRNA
CGCATGATCTAAGTCA-1_atac,CD14+ Mono,test_scATAC,ID2-hi myeloid prog,Erythroblast,test_scATAC
GTTCGCGCATCACAGC-1_atac,ILC,test_scATAC,CD4+ T activated,CD14+ Mono,test_scATAC
CATGGCGGTCACAGAC-1_atac,CD8+ T,test_scATAC,NK,Normoblast,test_scRNA
GTGCTTACACATAGCC-1_atac,CD14+ Mono,test_scATAC,Normoblast,Naive CD20+ B,test_scATAC
TGCTTCCAGTAGCCAT-1_atac,Erythroblast,test_scATAC,Normoblast,CD4+ T naive,test_scATAC
AAAGGAGCATGTCGCG-1_atac,CD14+ Mono,test_scATAC,CD8+ T,CD14+ Mono,test_scATAC
AAGTTACGTTACTAGG-1_atac,Normoblast,test_scATAC,CD14+ Mono,CD14+ Mono,test_scRNA
TCCATATTCGCTCCAT-1_atac,CD14+ Mono,test_scATAC,Erythroblast,Naive CD20+ B,test_scATAC
ACACGGACACTATGGC-1_atac,CD8+ T,test_scATAC,Transitional B,Transitional B,test_scATAC
AAGGTGCAGGCAACAA-1_atac,B1 B,test_scATAC,NK,NK,test_scRNA
GTGTTACAGTCTGGGC-1_atac,Erythroblast,test_scATAC,NK,NK,test_scRNA
TGTAAGCTCGTCCTTA-1_atac,CD14+ Mono,test_scATAC,CD4+ T activated,CD4+ T naive,test_scATAC
ACCACATAGCTAATCA-1_atac,Naive CD20+ B,test_scATAC,Erythroblast,Naive CD20+ B,test_scATAC
GAAGGCCCATAGCGAG-1_atac,CD8+ T,test_scATAC,Naive CD20+ B,NK,test_scATAC
ACATCAATCGTCCTTA-1_atac,CD4+ T activated,test_scATAC,CD8+ T,MK/E prog,test_scATAC
ACCGCAATCACCATTT-1_atac,B1 B,test_scATAC,CD4+ T naive,CD4+ T naive,test_scATAC
CTATGATCAAACGGGC-1_atac,Erythroblast,test_scATAC,CD4+ T activated,NK,test_scATAC
GATTGGTTCCGCAACA-1_atac,CD14+ Mono,test_scATAC,CD4+ T naive,Normoblast,test_scRNA
GCCAATAGTACGTTTC-1_atac,Normoblast,test_scATAC,CD8+ T,CD4+ T activated,test_scATAC
TATAGCTCAAAGGCCA-1_atac,CD4+ T activated,test_scATAC,CD4+ T naive,CD4+ T naive,test_scRNA
AGATGCTTCGGGATTT-1_atac,NK,test_scATAC,ID2-hi myeloid prog,Erythroblast,test_scATAC
CTTTAGTTCTAAGTGC-1_atac,B1 B,test_scATAC,CD14+ Mono,CD4+ T naive,test_scRNA
GAAGGCCCATTCAGCA-1_atac,Erythroblast,test_scATAC,Naive CD20+ B,NK,test_scATAC
TTGGGCCAGGAAGCTA-1_atac,Naive CD20+ B,test_scATAC,Erythroblast,CD4+ T activated,test_scRNA
GTGGACACACGTAATT-1_atac,Normoblast,test_scATAC,CD8+ T,CD4+ T activated,test_scRNA
GTTCTTGTCGATTCTT-1_atac,ILC,test_scATAC,CD14+ Mono,Erythroblast,test_scRNA
AACCGGCTCGCGCTAA-1_atac,CD8+ T,test_scATAC,Erythroblast,Erythroblast,test_scATAC
TGCTAGCCATCCCGCT-1_atac,Naive CD20+ B,test_scATAC,CD8+ T,CD4+ T naive,test_scRNA
TTTGTCCCACTAAGTT-1_atac,CD14+ Mono,test_scATAC,CD8+ T,Normoblast,test_scRNA
CCAACCCGTGGACATC-1_atac,CD4+ T activated,test_scATAC,Transitional B,Erythroblast,test_scATAC
ACCTTGTGTGATGAAA-1_atac,NK,test_scATAC,CD14+ Mono,Erythroblast,test_scRNA
CGTGCTGCAAGACTCC-1_atac,CD14+ Mono,test_scATAC,Normoblast,CD4+ T activated,test_scATAC
GGCCAACTCCTGTTCA-1_atac,CD4+ T activated,test_scATAC,Erythroblast,CD8+ T,test_scRNA
GAGGTAGGTCTCAGCC-1_atac,CD4+ T naive,test_scATAC,CD4+ T naive,ILC,test_scATAC
ACTTGTAAGAACAAGT-1_atac,Naive CD20+ B,test_scATAC,CD4+ T activated,CD8+ T,test_scRNA
TAGGAGGGTGACATAT-1_atac,CD4+ T activated,test_scATAC,CD4+ T activated,CD14+ Mono,test_scATAC
GTTCCCAGTAGGTTAT-1_atac,B1 B,test_scATAC,CD4+ T activated,Naive CD20+ B,test_scATAC
TTACGTTTCATGAAGG-1_atac,Erythroblast,test_scATAC,CD14+ Mono,Erythroblast,test_scRNA
ACGCAAGCAACTAGAA-1_atac,NK,test_scATAC,CD4+ T activated,NK,test_scRNA
CGATATTCATTATGAC-1_atac,CD4+ T activated,test_scATAC,CD4+ T naive,CD4+ T activated,test_scRNA
CTAATCGCAGCTTAGC-1_atac,NK,test_scATAC,G/M prog,CD14+ Mono,test_scRNA
GCGAGTGAGCCTGACA-1_atac,CD14+ Mono,test_scATAC,Naive CD20+ B,CD8+ T,test_scATAC
TAACCGGTCATGCAAC-1_atac,B1 B,test_scATAC,CD4+ T naive,B1 B,test_scRNA
CGTAGCGGTAACGTGC-1_atac,Erythroblast,test_scATAC,CD14+ Mono,CD14+ Mono,test_scATAC
TTGGGTTAGGCCAATT-1_atac,Erythroblast,test_scATAC,Erythroblast,MK/E prog,test_scRNA
ATCGGCCAGCCGCTAA-1_atac,CD8+ T,test_scATAC,Erythroblast,Transitional B,test_scATAC
AACAGGATCCTGGCTT-1_atac,CD4+ T naive,test_scATAC,CD8+ T,G/M prog,test_scATAC
GTAGCCATCGCTATGG-1_atac,Erythroblast,test_scATAC,NK,Erythroblast,test_scRNA
CCCGTAAAGGCGCTTA-1_atac,Erythroblast,test_scATAC,Erythroblast,CD8+ T,test_scRNA
CACCTCAGTCCGGTTC-1_atac,Normoblast,test_scATAC,Erythroblast,G/M prog,test_scATAC
GCTTACCTCGCTAAGT-1_atac,CD4+ T activated,test_scATAC,Naive CD20+ B,CD4+ T activated,test_scRNA
AACCTTAAGAGAGGCT-1_atac,CD14+ Mono,test_scATAC,Naive CD20+ B,Transitional B,test_scATAC
TGCTCTCAGTTATCTC-1_atac,ILC,test_scATAC,pDC,Lymph prog,test_scATAC
AGGGCTACATAAGCAA-1_atac,CD4+ T naive,test_scATAC,Proerythroblast,CD14+ Mono,test_scRNA
GACCTGATCAAGACTC-1_atac,Erythroblast,test_scATAC,Erythroblast,CD4+ T activated,test_scATAC
ACCTTGTGTGGAAACG-1_atac,Naive CD20+ B,test_scATAC,Erythroblast,CD4+ T activated,test_scATAC
AACAGCAAGATAGACG-1_atac,CD14+ Mono,test_scATAC,CD8+ T,CD14+ Mono,test_scATAC
AATCGCCCACGCAACT-1_atac,NK,test_scATAC,CD16+ Mono,CD14+ Mono,test_scRNA
GTGTGCGGTTTGCTGT-1_atac,B1 B,test_scATAC,G/M prog,NK,test_scRNA
TGTTGTGCATGCTTAG-1_atac,CD4+ T activated,test_scATAC,CD14+ Mono,NK,test_scATAC
GCCTTGCGTTAAGTGT-1_atac,CD4+ T naive,test_scATAC,Erythroblast,Proerythroblast,test_scRNA
GAGGTTAAGCGCTCAA-1_atac,Erythroblast,test_scATAC,NK,B1 B,test_scATAC
TGTGCTGAGCATCCAG-1_atac,CD14+ Mono,test_scATAC,CD8+ T,NK,test_scRNA
TATGCATCACAACAAA-1_atac,CD8+ T,test_scATAC,CD4+ T activated,NK,test_scRNA
TCGGTTTGTTTGTTGC-1_atac,CD14+ Mono,test_scATAC,B1 B,CD4+ T naive,test_scRNA
GTAAAGCCAGCTTAGC-1_atac,CD4+ T naive,test_scATAC,CD4+ T naive,NK,test_scRNA
TATGCATCACGTTACA-1_atac,Normoblast,test_scATAC,B1 B,CD14+ Mono,test_scATAC
ACTTGCACATAATCCG-1_atac,ILC,test_scATAC,B1 B,CD4+ T activated,test_scRNA
CGTCCTAGTTAGTACG-1_atac,CD4+ T activated,test_scATAC,Normoblast,CD8+ T,test_scRNA
ACGCAAGCATCAGTAT-1_atac,CD14+ Mono,test_scATAC,CD8+ T,CD4+ T activated,test_scRNA
GTTAACCAGCAACATC-1_atac,Normoblast,test_scATAC,NK,CD8+ T,test_scRNA
GATAAAGGTTGGCCGA-1_atac,Erythroblast,test_scATAC,CD4+ T activated,CD4+ T activated,test_scRNA
TTAGTCAAGCATGAAG-1_atac,CD4+ T activated,test_scATAC,CD4+ T naive,CD4+ T naive,test_scATAC
AGTGGACAGCAGCTAT-1_atac,B1 B,test_scATAC,CD4+ T activated,CD4+ T activated,test_scRNA
CCGGTTAAGTTATTCC-1_atac,Naive CD20+ B,test_scATAC,CD4+ T naive,CD4+ T activated,test_scATAC
GATCCGTCAGACAAAC-1_atac,CD8+ T,test_scATAC,CD4+ T activated,Erythroblast,test_scATAC
CCTCAATGTACGGTAC-1_atac,CD4+ T naive,test_scATAC,CD14+ Mono,CD4+ T activated,test_scATAC
CCATAAATCAGGAACA-1_atac,CD8+ T,test_scATAC,CD4+ T activated,ILC,test_scATAC
ACCCAACCATTGTGTG-1_atac,Naive CD20+ B,test_scATAC,CD14+ Mono,B1 B,test_scRNA
GGGCCTAGTTTCGCCA-1_atac,CD4+ T activated,test_scATAC,Normoblast,CD16+ Mono,test_scRNA
ACTTATGAGCTGCACA-1_atac,Erythroblast,test_scATAC,Normoblast,Erythroblast,test_scATAC
GGAAGCTAGGGACTAA-1_atac,CD14+ Mono,test_scATAC,CD8+ T,ID2-hi myeloid prog,test_scRNA
ATGTCATCAAGGTCGA-1_atac,NK,test_scATAC,CD14+ Mono,Naive CD20+ B,test_scATAC
TACGGTTAGGACCTTG-1_atac,CD8+ T,test_scATAC,CD14+ Mono,CD8+ T,test_scATAC
AATTAGGCAACAGGTG-1_atac,CD4+ T naive,test_scATAC,CD4+ T activated,Erythroblast,test_scRNA
GATCGATTCTAAGGAG-1_atac,CD8+ T,test_scATAC,ILC,CD8+ T,test_scATAC
CGCACCACAGTACCGT-1_atac,G/M prog,test_scATAC,CD4+ T activated,B1 B,test_scATAC
GCTCAACCATTGTGAT-1_atac,B1 B,test_scATAC,Erythroblast,NK,test_scATAC
GGTGTCCAGTGAAGTG-1_atac,Normoblast,test_scATAC,CD14+ Mono,CD14+ Mono,test_scATAC
TATAGCCAGCCGCTAA-1_atac,CD4+ T activated,test_scATAC,CD4+ T activated,CD8+ T,test_scRNA
GCAGGCAAGGCGAATA-1_atac,CD14+ Mono,test_scATAC,CD8+ T,CD14+ Mono,test_scRNA
AATGTCCAGGTAACGA-1_atac,CD4+ T activated,test_scATAC,NK,CD4+ T activated,test_scRNA
TCATTTGGTTCCTGAT-1_atac,CD4+ T naive,test_scATAC,CD4+ T activated,CD8+ T,test_scATAC
CCTGACTTCGTTACTT-1_atac,CD4+ T activated,test_scATAC,CD14+ Mono,CD4+ T naive,test_scRNA
AAAGGCTCAGGTTAAA-1_atac,CD14+ Mono,test_scATAC,Erythroblast,CD4+ T naive,test_scATAC
CCGTTGCGTATTCGTC-1_atac,B1 B,test_scATAC,CD4+ T activated,Naive CD20+ B,test_scATAC
GGCCTAATCGAGGAAC-1_atac,NK,test_scATAC,CD4+ T activated,ILC,test_scRNA
TCAAGTATCTAGCTAA-1_atac,Normoblast,test_scATAC,NK,CD4+ T activated,test_scATAC
TTTAGGATCTCACTCA-1_atac,CD4+ T activated,test_scATAC,CD8+ T,CD4+ T activated,test_scRNA
TAATCACCATGTGGGA-1_atac,CD4+ T activated,test_scATAC,CD4+ T naive,Normoblast,test_scATAC
ATCGCCCGTAGACAAA-1_atac,CD4+ T naive,test_scATAC,CD4+ T naive,Erythroblast,test_scATAC
ACTTTGTTCCTAGTAA-1_atac,ILC,test_scATAC,CD4+ T activated,CD14+ Mono,test_scATAC
ACGCCTAAGCAAGGGT-1_atac,Erythroblast,test_scATAC,CD8+ T,CD4+ T naive,test_scATAC
GGATTGCGTTACCGGG-1_atac,CD14+ Mono,test_scATAC,CD8+ T,Normoblast,test_scRNA
GCTTAAATCTGTGCCT-1_atac,Erythroblast,test_scATAC,G/M prog,NK,test_scATAC
GGTAATTGTAATCGGC-1_atac,Erythroblast,test_scATAC,CD4+ T naive,Normoblast,test_scATAC
TATGCATCAGTACCGT-1_atac,CD4+ T naive,test_scATAC,NK,CD4+ T activated,test_scRNA
GGCATTAGTACCGGAT-1_atac,B1 B,test_scATAC,CD14+ Mono,CD4+ T naive,test_scATAC
CGTCATTGTAATCACG-1_atac,CD4+ T activated,test_scATAC,Erythroblast,NK,test_scATAC
GTAGCTGTCGAGCAAA-1_atac,Naive CD20+ B,test_scATAC,CD14+ Mono,CD4+ T activated,test_scATAC
TATGGGCGTAATCGCA-1_atac,NK,test_scATAC,CD4+ T naive,NK,test_scATAC
TGTGAAACATCATGGC-1_atac,CD4+ T naive,test_scATAC,Erythroblast,Transitional B,test_scATAC
CACCGGTAGCGATAAG-1_atac,CD4+ T naive,test_scATAC,ILC,CD4+ T naive,test_scATAC
ATTAGTCCAACAGGTG-1_atac,CD4+ T activated,test_scATAC,CD4+ T activated,CD4+ T activated,test_scATAC
CTAATCCGTCTTTGAC-1_atac,CD14+ Mono,test_scATAC,CD14+ Mono,Normoblast,test_scRNA
AGATGCTTCTATCGCC-1_atac,CD8+ T,test_scATAC,Naive CD20+ B,CD14+ Mono,test_scATAC
CATAAGCTCCTCACAC-1_atac,CD8+ T,test_scATAC,CD14+ Mono,CD14+ Mono,test_scATAC
ACATCATCAGCTCAAC-1_atac,Naive CD20+ B,test_scATAC,CD8+ T,Normoblast,test_scATAC
CGCTTCTAGCTGGACC-1_atac,CD8+ T,test_scATAC,NK,CD4+ T naive,test_scRNA
GGCTTCAAGCAGGTTT-1_atac,CD14+ Mono,test_scATAC,CD4+ T naive,NK,test_scRNA
GGATTGCGTTAATCGG-1_atac,CD14+ Mono,test_scATAC,CD4+ T naive,NK,test_scATAC
AGCCTGGGTCACAGAC-1_atac,CD8+ T,test_scATAC,CD4+ T activated,Naive CD20+ B,test_scATAC
GTTTCTAGTGTTGCTT-1_atac,CD4+ T naive,test_scATAC,CD14+ Mono,CD14+ Mono,test_scATAC
ATCAGGTTCAAGTGTC-1_atac,NK,test_scATAC,Normoblast,CD4+ T activated,test_scATAC
CCTTATGTCTCAATAG-1_atac,Naive CD20+ B,test_scATAC,NK,CD4+ T naive,test_scRNA
CCGTTACTCCAATTAG-1_atac,CD8+ T,test_scATAC,B1 B,CD14+ Mono,test_scATAC
TACCCGGCAGAGGGAG-1_atac,Erythroblast,test_scATAC,Naive CD20+ B,CD14+ Mono,test_scATAC
ATTGTCCGTCCTAATC-1_atac,CD14+ Mono,test_scATAC,B1 B,Erythroblast,test_scATAC
GCAGCTATCCGCCTCA-1_atac,CD8+ T,test_scATAC,CD8+ T,CD4+ T activated,test_scRNA
GAGAGGCGTCAGTAAT-1_atac,CD4+ T activated,test_scATAC,Erythroblast,Erythroblast,test_scRNA
ATTCATGAGTTTGTCT-1_atac,NK,test_scATAC,Naive CD20+ B,Normoblast,test_scATAC
CGTAACTAGTAAGTCC-1_atac,Erythroblast,test_scATAC,B1 B,CD8+ T,test_scRNA
TAGTTTGAGAAGCTAG-1_atac,Erythroblast,test_scATAC,G/M prog,HSC,test_scRNA
CAGATTCAGCGGCTGT-1_atac,CD4+ T activated,test_scATAC,CD8+ T,NK,test_scATAC
GGTCTTTGTCCGTGAG-1_atac,Naive CD20+ B,test_scATAC,CD14+ Mono,CD4+ T activated,test_scRNA
GTCCATTGTTTCAGGA-1_atac,CD8+ T,test_scATAC,Erythroblast,CD16+ Mono,test_scRNA
CTTACTAGTTGAGGTC-1_atac,Erythroblast,test_scATAC,Naive CD20+ B,CD8+ T,test_scATAC
TGCTTCATCATGTTTC-1_atac,CD14+ Mono,test_scATAC,pDC,CD14+ Mono,test_scATAC
CCAAGGCTCCTGATTT-1_atac,CD4+ T activated,test_scATAC,CD4+ T activated,Proerythroblast,test_scATAC
GAGTTACTCCGGCTAA-1_atac,ILC,test_scATAC,CD14+ Mono,NK,test_scRNA
CCCAAATAGTCTATGA-1_atac,CD14+ Mono,test_scATAC,G/M prog,CD4+ T naive,test_scRNA
TTGGATTCACCTAATG-1_atac,Naive CD20+ B,test_scATAC,NK,CD8+ T,test_scRNA
TATCACAAGCTTTGGG-1_atac,CD4+ T activated,test_scATAC,MK/E prog,Naive CD20+ B,test_scATAC
TGGTTGAGTTTGTGGA-1_atac,CD14+ Mono,test_scATAC,CD4+ T naive,NK,test_scATAC
TCCCTGGTCGATATTG-1_atac,CD14+ Mono,test_scATAC,CD14+ Mono,Erythroblast,test_scRNA
CATAGTCAGGTCGATT-1_atac,Normoblast,test_scATAC,Erythroblast,Naive CD20+ B,test_scRNA
CTAGTGAGTCAAGTAT-1_atac,CD4+ T activated,test_scATAC,Naive CD20+ B,CD8+ T,test_scATAC
CCTGGATCAATTGCGC-1_atac,CD4+ T activated,test_scATAC,CD8+ T,CD4+ T naive,test_scRNA
CTGTAACAGGGTCCAC-1_atac,CD4+ T naive,test_scATAC,cDC2,NK,test_scATAC
GCTGGATGTTTGCTGT-1_atac,NK,test_scATAC,NK,Erythroblast,test_scRNA
TGATCAATCTAAGGAG-1_atac,Normoblast,test_scATAC,Erythroblast,B1 B,test_scATAC
CCCAAATAGGGACCTC-1_atac,CD4+ T naive,test_scATAC,CD4+ T activated,Erythroblast,test_scRNA
GACCTAGTCATTTAGG-1_atac,Normoblast,test_scATAC,Erythroblast,ILC,test_scRNA
GCATATATCCCTCGCA-1_atac,CD4+ T activated,test_scATAC,CD14+ Mono,Erythroblast,test_scATAC
AACTTAGTCGTTCACC-1_atac,CD4+ T naive,test_scATAC,Erythroblast,CD14+ Mono,test_scATAC
CTACTAAAGTCACCTC-1_atac,B1 B,test_scATAC,Normoblast,CD8+ T,test_scRNA
CATATCGCAACTCGCG-1_atac,Normoblast,test_scATAC,CD4+ T naive,Erythroblast,test_scATAC
GGTGTGACACACTAAT-1_atac,Erythroblast,test_scATAC,CD14+ Mono,CD4+ T activated,test_scATAC
ATAGCATGTCCGTGAG-1_atac,B1 B,test_scATAC,CD4+ T activated,G/M prog,test_scATAC
AGTTGCGTCCCTCATA-1_atac,Erythroblast,test_scATAC,CD4+ T naive,CD4+ T activated,test_scRNA
CGAGGAAGTTACCGGG-1_atac,NK,test_scATAC,CD8+ T,Naive CD20+ B,test_scATAC
CCTGTAACAATCGCAC-1_atac,Naive CD20+ B,test_scATAC,CD14+ Mono,Naive CD20+ B,test_scRNA
ACCAGGCTCAGTTCCC-1_atac,B1 B,test_scATAC,Naive CD20+ B,CD8+ T,test_scATAC
ATCGAGGCAATAGCAA-1_atac,CD14+ Mono,test_scATAC,Naive CD20+ B,CD4+ T activated,test_scRNA
TTTCTCACATAGCGGA-1_atac,NK,test_scATAC,CD14+ Mono,NK,test_scRNA
TGGATTCAGCTTACTT-1_atac,CD4+ T naive,test_scATAC,Normoblast,pDC,test_scATAC
ATTCAACCAATTGACT-1_atac,CD4+ T activated,test_scATAC,NK,CD14+ Mono,test_scATAC
CTAACCCTCTAAGGTC-1_atac,NK,test_scATAC,Naive CD20+ B,CD8+ T,test_scATAC
GCTTTGTGTCATTAGG-1_atac,CD8+ T,test_scATAC,Normoblast,CD4+ T activated,test_scRNA
CGAAATGAGGCCAATT-1_atac,Naive CD20+ B,test_scATAC,Naive CD20+ B,NK,test_scATAC
TCGATTAAGGTTACAC-1_atac,NK,test_scATAC,CD8+ T,CD4+ T activated,test_scATAC
AAACCGCGTAAGCACC-1_atac,CD4+ T activated,test_scATAC,CD14+ Mono,CD4+ T activated,test_scATAC
CCTATTGTCATGTTTC-1_atac,Erythroblast,test_scATAC,CD4+ T naive,CD14+ Mono,test_scATAC
CTGTTAAAGGTGAAGC-1_atac,Normoblast,test_scATAC,NK,CD4+ T activated,test_scRNA
GAGAACCAGGAGTAAT-1_atac,CD14+ Mono,test_scATAC,Normoblast,NK,test_scATAC
ATGCCTGAGGACTAAG-1_atac,CD14+ Mono,test_scATAC,CD4+ T activated,Erythroblast,test_scATAC
ACCTTCATCGTAACGT-1_atac,B1 B,test_scATAC,CD4+ T activated,CD14+ Mono,test_scATAC
TTGTTTGGTTGTTCAC-1_atac,Erythroblast,test_scATAC,ILC,CD8+ T,test_scATAC
ACATTAGTCGCATTAA-1_atac,CD14+ Mono,test_scATAC,Normoblast,CD4+ T naive,test_scRNA
TAAGGACCAGGTTATT-1_atac,CD4+ T activated,test_scATAC,pDC,B1 B,test_scATAC
GCGGATACAGCATGAG-1_atac,CD4+ T activated,test_scATAC,Normoblast,B1 B,test_scATAC
AGCCAGTGTACTTAGG-1_atac,Erythroblast,test_scATAC,NK,Normoblast,test_scATAC
AAGAATCAGTATTGCA-1_atac,CD14+ Mono,test_scATAC,CD4+ T naive,CD4+ T activated,test_scRNA
ACACTTAAGCTGTACG-1_atac,CD8+ T,test_scATAC,ILC,Naive CD20+ B,test_scATAC
ACCCGGTAGGAGCATA-1_atac,Erythroblast,test_scATAC,NK,Normoblast,test_scRNA
TAGCAGGCAAAGCTAA-1_atac,CD14+ Mono,test_scATAC,CD4+ T naive,CD14+ Mono,test_scATAC
GTTCCTGGTCCTTCTC-1_atac,B1 B,test_scATAC,CD4+ T activated,CD4+ T naive,test_scATAC
ACTCACTGTTAAGTGT-1_atac,Normoblast,test_scATAC,CD8+ T,Erythroblast,test_scRNA
CTAGCTGAGGGCCACT-1_atac,NK,test_scATAC,Normoblast,NK,test_scATAC
TCTAGCGAGGTTTGAC-1_atac,CD8+ T,test_scATAC,CD4+ T activated,MK/E prog,test_scATAC
TGGTTCTGTGAGGTGA-1_atac,Normoblast,test_scATAC,Erythroblast,Erythroblast,test_scATAC
TCCAGGTCATAGACCC-1_atac,CD14+ Mono,test_scATAC,CD4+ T activated,Erythroblast,test_scATAC
TCTCAATTCTCAATGA-1_atac,CD4+ T activated,test_scATAC,CD8+ T,CD4+ T activated,test_scRNA
TGTTACTTCAGGGCCT-1_atac,CD4+ T naive,test_scATAC,pDC,CD14+ Mono,test_scATAC
CACCGGTAGGCCTAAT-1_atac,CD14+ Mono,test_scATAC,CD4+ T activated,CD14+ Mono,test_scATAC
TCCACAACAGTCTATG-1_atac,Normoblast,test_scATAC,CD14+ Mono,Plasma cell,test_scRNA
CGGTTTCTCCCGCAAA-1_atac,Erythroblast,test_scATAC,CD4+ T naive,CD14+ Mono,test_scATAC
AGTCAGGCAACTCGCG-1_atac,CD14+ Mono,test_scATAC,Erythroblast,CD8+ T,test_scATAC
TTTCAGTTCCCTGACT-1_atac,CD8+ T,test_scATAC,Naive CD20+ B,CD8+ T,test_scRNA
TTTAGCTTCCGGCTAA-1_atac,NK,test_scATAC,CD4+ T naive,Erythroblast,test_scATAC
CCAGCTAAGTCATTTC-1_atac,Erythroblast,test_scATAC,Naive CD20+ B,NK,test_scRNA
AGTCCTGAGGTCATTA-1_atac,CD4+ T naive,test_scATAC,CD4+ T naive,NK,test_scRNA
TGTTGTGCATTAGGTT-1_atac,CD4+ T activated,test_scATAC,CD4+ T activated,CD4+ T activated,test_scATAC
TCAGTAGGTCACCAAA-1_atac,CD4+ T activated,test_scATAC,CD16+ Mono,CD14+ Mono,test_scATAC
TCTCCTCGTTCCGCAC-1_atac,Normoblast,test_scATAC,CD4+ T naive,CD14+ Mono,test_scRNA
TAGCGCGGTAACGAGG-1_atac,Naive CD20+ B,test_scATAC,Erythroblast,CD4+ T naive,test_scRNA
TCAAACCAGTAATCCA-1_atac,CD4+ T naive,test_scATAC,CD4+ T activated,CD8+ T,test_scRNA
GGAAGTATCCGCCTCA-1_atac,CD8+ T,test_scATAC,CD4+ T activated,Normoblast,test_scRNA
TACAATGTCCTGGTCT-1_atac,CD8+ T,test_scATAC,CD4+ T naive,Erythroblast,test_scATAC
CTAATCTTCATAGCCG-1_atac,CD4+ T naive,test_scATAC,CD4+ T activated,CD4+ T activated,test_scRNA
TATAGGTGTTAGCATG-1_atac,CD4+ T naive,test_scATAC,NK,CD4+ T naive,test_scATAC
CGGCTCACATGTCAAT-1_atac,CD4+ T activated,test_scATAC,CD4+ T activated,NK,test_scRNA
ACGAATCTCCTAGTCC-1_atac,CD14+ Mono,test_scATAC,CD4+ T naive,CD8+ T,test_scRNA
CATCATGCACTTACAG-1_atac,NK,test_scATAC,Naive CD20+ B,CD14+ Mono,test_scATAC
AGTGTGGCATGAATAG-1_atac,CD14+ Mono,test_scATAC,Normoblast,Naive CD20+ B,test_scRNA
TTTAAGGTCATTAGGC-1_atac,Normoblast,test_scATAC,CD4+ T activated,Naive CD20+ B,test_scATAC
CAAAGGATCAAGCCTG-1_atac,CD8+ T,test_scATAC,CD14+ Mono,Erythroblast,test_scRNA
CAAGTTATCAGGGCCT-1_atac,CD4+ T activated,test_scATAC,CD4+ T naive,CD4+ T activated,test_scRNA
TTGTGAGGTCGTAAAT-1_atac,CD14+ Mono,test_scATAC,Erythroblast,NK,test_scRNA
CGTGCTGCACAAACTT-1_atac,CD8+ T,test_scATAC,CD8+ T,Normoblast,test_scATAC
TTATCCTAGGCTTAAC-1_atac,CD14+ Mono,test_scATAC,CD14+ Mono,Normoblast,test_scATAC
GTGTCCAAGTTTGAGC-1_atac,Erythroblast,test_scATAC,CD4+ T activated,Erythroblast,test_scRNA
TAAGCTGGTTTCGCCA-1_atac,NK,test_scATAC,G/M prog,HSC,test_scRNA
CCTATTTAGTTCCCAC-1_atac,CD4+ T naive,test_scATAC,CD4+ T activated,Erythroblast,test_scRNA
ACTCGCTTCAATGAGG-1_atac,Naive CD20+ B,test_scATAC,NK,CD8+ T,test_scRNA
GAACCAGCAACCCTCC-1_atac,Erythroblast,test_scATAC,CD14+ Mono,MK/E prog,test_scRNA
ACCTAAATCGGTTACG-1_atac,NK,test_scATAC,CD4+ T naive,NK,test_scATAC
TTCACTGTCATCCTCA-1_atac,CD4+ T activated,test_scATAC,Erythroblast,NK,test_scRNA
CCTTATGTCTTTAGGA-1_atac,Naive CD20+ B,test_scATAC,ILC,CD8+ T,test_scRNA
AACATTGTCCACCCTG-1_atac,CD4+ T naive,test_scATAC,ILC,Naive CD20+ B,test_scRNA
TTTCATCAGGATTGCT-1_atac,Normoblast,test_scATAC,Erythroblast,HSC,test_scATAC
GACATAGAGCTATGAC-1_atac,CD4+ T activated,test_scATAC,cDC2,CD14+ Mono,test_scRNA
GTTGCGGGTTGTGATG-1_atac,Erythroblast,test_scATAC,Naive CD20+ B,NK,test_scRNA
GGGTTATTCGATTATG-1_atac,Naive CD20+ B,test_scATAC,B1 B,CD8+ T,test_scATAC
AGGGTTGCAAGCTTAT-1_atac,NK,test_scATAC,CD4+ T activated,NK,test_scRNA
GGCAAATCATCGCTTT-1_atac,CD8+ T,test_scATAC,NK,CD4+ T naive,test_scRNA
ACTTAGTCACCCACCT-1_atac,CD4+ T activated,test_scATAC,CD14+ Mono,CD14+ Mono,test_scATAC
TGCTTCATCTCACTAT-1_atac,Erythroblast,test_scATAC,CD14+ Mono,Naive CD20+ B,test_scATAC
CGCAAATTCGGTCATG-1_atac,Naive CD20+ B,test_scATAC,cDC2,Erythroblast,test_scATAC
CGGTTTGAGAGGAGTC-1_atac,CD14+ Mono,test_scATAC,Erythroblast,CD8+ T,test_scRNA
GGAATCTTCGTAATCA-1_atac,CD4+ T activated,test_scATAC,Normoblast,CD14+ Mono,test_scRNA
AGTGTGGCAGCTTAGC-1_atac,CD8+ T,test_scATAC,Naive CD20+ B,Erythroblast,test_scRNA
GTCATGAGTCTCAGCC-1_atac,Erythroblast,test_scATAC,B1 B,Erythroblast,test_scATAC
TGACCTTGTTAGACCA-1_atac,CD14+ Mono,test_scATAC,cDC2,CD4+ T naive,test_scRNA
ATGTAACGTGGACCTG-1_atac,NK,test_scATAC,CD4+ T activated,CD4+ T naive,test_scATAC
TTTGACTTCAGCCAAT-1_atac,CD14+ Mono,test_scATAC,CD8+ T,CD14+ Mono,test_scATAC
GCAACAGCACGAATCC-1_atac,CD8+ T,test_scATAC,CD14+ Mono,Erythroblast,test_scRNA
CGGTTGGGTTACTTGC-1_atac,CD8+ T,test_scATAC,CD14+ Mono,CD4+ T naive,test_scRNA
CTATGGCCAGCCTAAC-1_atac,G/M prog,test_scATAC,Erythroblast,CD8+ T,test_scATAC
GTTTGTAAGACCATAC-1_atac,CD4+ T activated,test_scATAC,Naive CD20+ B,B1 B,test_scATAC
ATGACGAAGCTCCTTA-1_atac,CD4+ T naive,test_scATAC,NK,NK,test_scRNA
CTTGTCCAGAGGAGGA-1_atac,NK,test_scATAC,Erythroblast,NK,test_scATAC
CGCAATAGTTGTTGGA-1_atac,CD4+ T naive,test_scATAC,CD4+ T naive,ID2-hi myeloid prog,test_scRNA
AGCTTCCTCACCGGTA-1_atac,CD14+ Mono,test_scATAC,CD4+ T activated,CD14+ Mono,test_scATAC
GTAAGCTTCGCTATGG-1_atac,Erythroblast,test_scATAC,CD14+ Mono,CD4+ T naive,test_scATAC
ATTAGCGGTCGTAAAT-1_atac,NK,test_scATAC,Normoblast,Normoblast,test_scRNA
GTGCGCAGTTCACTGT-1_atac,CD14+ Mono,test_scATAC,CD4+ T naive,CD8+ T,test_scRNA
AAAGCCGCAAACTAAG-1_atac,NK,test_scATAC,Normoblast,CD4+ T naive,test_scATAC
TGGCTTTGTCAATAGT-1_atac,CD8+ T,test_scATAC,CD14+ Mono,CD8+ T,test_scATAC
AAGACCAAGGGACGCA-1_atac,CD14+ Mono,test_scATAC,B1 B,Naive CD20+ B,test_scATAC
TCGATTAAGGCGGGTA-1_atac,CD4+ T activated,test_scATAC,NK,Lymph prog,test_scRNA
TATCCGGAGTTATTCC-1_atac,CD4+ T activated,test_scATAC,NK,CD14+ Mono,test_scATAC
AGCCTGGGTCATTGTC-1_atac,Erythroblast,test_scATAC,CD4+ T naive,Erythroblast,test_scATAC
ATTATCCTCCCTCGCA-1_atac,Erythroblast,test_scATAC,B1 B,Naive CD20+ B,test_scATAC
AACATCATCACGTTAA-1_atac,CD4+ T activated,test_scATAC,NK,CD4+ T activated,test_scRNA
CCAAACTAGTCATTAG-1_atac,Erythroblast,test_scATAC,NK,CD4+ T activated,test_scRNA
GTCATCACAATAAGCA-1_atac,Normoblast,test_scATAC,HSC,CD4+ T activated,test_scATAC
GTCGAGGAGGTTTGCG-1_atac,CD14+ Mono,test_scATAC,Normoblast,ILC,test_scRNA
GAATTTGTCTAAGTCA-1_atac,B1 B,test_scATAC,CD8+ T,Erythroblast,test_scATAC
TACCAAATCTAAATCG-1_atac,CD8+ T,test_scATAC,Erythroblast,NK,test_scRNA
TCCATAAAGCTAAGTC-1_atac,CD4+ T naive,test_scATAC,CD4+ T activated,CD14+ Mono,test_scRNA
TTCCACGGTCACTCGC-1_atac,ILC,test_scATAC,ID2-hi myeloid prog,Naive CD20+ B,test_scRNA
GTCGAGGAGCTCAATA-1_atac,CD14+ Mono,test_scATAC,ID2-hi myeloid prog,CD4+ T activated,test_scRNA
CTACCTCAGTTCCCGT-1_atac,CD14+ Mono,test_scATAC,Erythroblast,Naive CD20+ B,test_scRNA
AGTAACGAGCACCACA-1_atac,Erythroblast,test_scATAC,NK,CD14+ Mono,test_scRNA
TCCGGTTTCGGGACTC-1_atac,CD4+ T activated,test_scATAC,CD4+ T activated,CD14+ Mono,test_scATAC
AGTGTTTCAGGGAGGA-1_atac,NK,test_scATAC,cDC2,CD4+ T activated,test_scATAC
AGCGCTCAGAGAGGCT-1_atac,Erythroblast,test_scATAC,Naive CD20+ B,CD16+ Mono,test_scRNA
AGTGAGTCATTCAGCA-1_atac,CD14+ Mono,test_scATAC,Normoblast,CD4+ T naive,test_scATAC
TACGGTTAGCATTTCT-1_atac,G/M prog,test_scATAC,NK,Erythroblast,test_scRNA
GAAGTGATCCCTCGCA-1_atac,CD4+ T activated,test_scATAC,CD14+ Mono,CD4+ T activated,test_scRNA
TGCTTCCAGCGTGCAC-1_atac,Erythroblast,test_scATAC,CD8+ T,CD14+ Mono,test_scRNA
CAATGACTCTCCATAT-1_atac,Erythroblast,test_scATAC,CD4+ T naive,CD8+ T,test_scRNA
CCAACATAGGAGGTTA-1_atac,Erythroblast,test_scATAC,CD4+ T naive,CD4+ T naive,test_scATAC
CCTAAGTAGTTTGCGG-1_atac,Erythroblast,test_scATAC,CD16+ Mono,CD16+ Mono,test_scATAC
ATGACAACATGGCCCA-1_atac,B1 B,test_scATAC,CD4+ T activated,Normoblast,test_scRNA
TGTTCCTCAATAACGA-1_atac,Erythroblast,test_scATAC,CD8+ T,B1 B,test_scATAC
GGACTAAAGCAGCTCA-1_atac,Erythroblast,test_scATAC,CD4+ T naive,CD14+ Mono,test_scRNA
ATTGTCCGTAACTACG-1_atac,CD8+ T,test_scATAC,CD4+ T naive,Normoblast,test_scATAC
TCTGTGACATCTAGCA-1_atac,CD8+ T,test_scATAC,CD4+ T naive,Transitional B,test_scRNA
CCACATTGTTTGTCTA-1_atac,CD14+ Mono,test_scATAC,CD4+ T activated,CD14+ Mono,test_scATAC
GGACTAAAGCTTCCCG-1_atac,NK,test_scATAC,CD4+ T activated,Naive CD20+ B,test_scRNA
AGTAACACACCAACCG-1_atac,Naive CD20+ B,test_scATAC,CD4+ T naive,Proerythroblast,test_scRNA
TGGATTCAGGCTGGCT-1_atac,CD4+ T activated,test_scATAC,NK,CD4+ T activated,test_scATAC
GGCAAGCCACTTAGGC-1_atac,CD4+ T naive,test_scATAC,CD4+ T activated,CD14+ Mono,test_scATAC
TGTGCGCAGCTTCTCA-1_atac,Naive CD20+ B,test_scATAC,CD4+ T naive,CD14+ Mono,test_scATAC
CTTGCTCAGCTCCCTG-1_atac,CD4+ T activated,test_scATAC,CD8+ T,CD8+ T,test_scATAC
TTAGCTGCAAACTGTT-1_atac,CD8+ T,test_scATAC,CD4+ T naive,NK,test_scATAC
TGATCACAGTTTCCTG-1_atac,CD14+ Mono,test_scATAC,B1 B,CD14+ Mono,test_scATAC
TCAGTAATCCCTCATA-1_atac,NK,test_scATAC,CD4+ T activated,CD8+ T,test_scATAC
CAATCGCCAGTTTCTC-1_atac,B1 B,test_scATAC,CD14+ Mono,CD8+ T,test_scRNA
CTGTAACAGAAGCTAG-1_atac,CD4+ T activated,test_scATAC,Naive CD20+ B,CD8+ T,test_scATAC
GCAAACAAGTTAGCCG-1_atac,ILC,test_scATAC,NK,B1 B,test_scRNA
GGTTCTTGTGAGAAAC-1_atac,CD4+ T activated,test_scATAC,CD4+ T naive,B1 B,test_scATAC
TCAGGAGCATAATTGC-1_atac,CD8+ T,test_scATAC,B1 B,NK,test_scRNA
GCTGGTTCAAGCGAGC-1_atac,CD4+ T naive,test_scATAC,Naive CD20+ B,Plasma cell,test_scRNA
GCTCTGTTCCCGAAGC-1_atac,CD4+ T activated,test_scATAC,MK/E prog,Normoblast,test_scATAC
AGTGAACCAATTGCGC-1_atac,Naive CD20+ B,test_scATAC,NK,CD4+ T activated,test_scRNA
TCGGTTACAGCACCAT-1_atac,CD4+ T activated,test_scATAC,Erythroblast,Lymph prog,test_scRNA
CAACCCTTCGCTAGTG-1_atac,CD4+ T naive,test_scATAC,NK,Erythroblast,test_scATAC
ATTGAAGCAAATTCGT-1_atac,CD4+ T naive,test_scATAC,CD4+ T activated,CD4+ T naive,test_scATAC
ATTGAAGCACTGACTA-1_atac,CD8+ T,test_scATAC,Transitional B,Proerythroblast,test_scATAC
CGATCCTTCTGTGCCT-1_atac,CD4+ T activated,test_scATAC,NK,CD14+ Mono,test_scATAC
ATCCATAAGCTGTACG-1_atac,CD4+ T activated,test_scATAC,NK,Proerythroblast,test_scATAC
TAAGGCTTCAGCTAAC-1_atac,Erythroblast,test_scATAC,Erythroblast,Naive CD20+ B,test_scRNA
ACGTTACAGGCACAGG-1_atac,NK,test_scATAC,CD14+ Mono,G/M prog,test_scRNA
AGAGAGGAGGCTACTG-1_atac,CD8+ T,test_scATAC,CD14+ Mono,Normoblast,test_scATAC
CAGGCTATCAATGTCA-1_atac,CD14+ Mono,test_scATAC,CD8+ T,MK/E prog,test_scATAC
CGAGGAAGTGGGTACT-1_atac,Erythroblast,test_scATAC,CD14+ Mono,CD4+ T activated,test_scATAC
CGCAATTAGTTCCCGT-1_atac,CD8+ T,test_scATAC,NK,CD8+ T,test_scATAC
TCCGGTAAGGTGTTAC-1_atac,NK,test_scATAC,G/M prog,Normoblast,test_scATAC
AGACACGCATAGACCC-1_atac,CD4+ T activated,test_scATAC,G/M prog,NK,test_scATAC
AATCGCCCAATACTGT-1_atac,Erythroblast,test_scATAC,CD4+ T naive,CD4+ T naive,test_scRNA
CCTGATGAGTATTGTG-1_atac,CD14+ Mono,test_scATAC,CD4+ T activated,CD4+ T naive,test_scRNA
GCATGAGCACGAATTT-1_atac,Erythroblast,test_scATAC,B1 B,Erythroblast,test_scATAC
CAACCCGCACATTGCA-1_atac,Naive CD20+ B,test_scATAC,CD4+ T activated,CD16+ Mono,test_scRNA
TCGTTTCCAGAGGGAG-1_atac,CD4+ T activated,test_scATAC,Normoblast,NK,test_scATAC
TTCACTGTCCTAAGGT-1_atac,Erythroblast,test_scATAC,Erythroblast,NK,test_scATAC
AAGGATTAGCTATATG-1_atac,CD4+ T naive,test_scATAC,Naive CD20+ B,CD4+ T activated,test_scRNA
GTGTGAGCATTATGAC-1_atac,NK,test_scATAC,cDC2,NK,test_scRNA
CTATTGAAGGTCCACA-1_atac,NK,test_scATAC,ILC,Erythroblast,test_scRNA
TATTTGCTCCGCACAA-1_atac,NK,test_scATAC,CD4+ T naive,CD4+ T activated,test_scRNA
TACTCAAAGCAGCTAT-1_atac,Erythroblast,test_scATAC,Plasma cell,CD4+ T naive,test_scRNA
GACTTAGGTCTATCGT-1_atac,CD4+ T activated,test_scATAC,CD8+ T,CD4+ T naive,test_scATAC
GGTAACTTCAGGAACA-1_atac,CD14+ Mono,test_scATAC,B1 B,G/M prog,test_scATAC
ATTACCGCAGTTTACG-1_atac,G/M prog,test_scATAC,Erythroblast,CD4+ T naive,test_scRNA
ACTCGCGCAGCATGAG-1_atac,CD14+ Mono,test_scATAC,CD14+ Mono,Normoblast,test_scRNA
ACCCGTAAGGGTGAGT-1_atac,Naive CD20+ B,test_scATAC,Plasma cell,CD8+ T,test_scATAC
CTTCAAGCAAACAACA-1_atac,CD4+ T activated,test_scATAC,Naive CD20+ B,B1 B,test_scATAC
AGCAAATAGCGAGGTG-1_atac,CD4+ T activated,test_scATAC,B1 B,CD4+ T naive,test_scRNA
AAACCGGCAGGCCATT-1_atac,Erythroblast,test_scATAC,ID2-hi myeloid prog,Naive CD20+ B,test_scATAC
CCTAAATCATGGTTAT-1_atac,Erythroblast,test_scATAC,CD14+ Mono,pDC,test_scRNA
ACGGTTAGTTGCGCGA-1_atac,Erythroblast,test_scATAC,Erythroblast,CD4+ T naive,test_scATAC
ACTATGTCAAGCCAGA-1_atac,NK,test_scATAC,CD14+ Mono,ILC,test_scATAC
CGGGCTTAGTTACCGG-1_atac,NK,test_scATAC,CD4+ T activated,NK,test_scATAC
AAGAATCAGTCTGGGC-1_atac,B1 B,test_scATAC,CD4+ T activated,CD14+ Mono,test_scATAC
AGCCTGGGTTATCCTA-1_atac,Erythroblast,test_scATAC,CD8+ T,CD8+ T,test_scRNA
CTCTGTTCATCCTAGA-1_atac,CD4+ T naive,test_scATAC,CD4+ T activated,CD4+ T activated,test_scATAC
TATGACTCATGAATCT-1_atac,Erythroblast,test_scATAC,CD14+ Mono,Erythroblast,test_scATAC
TGAGGCACACTATGGC-1_atac,CD4+ T activated,test_scATAC,CD4+ T activated,pDC,test_scRNA
TGTCCTTCATCCATCT-1_atac,Naive CD20+ B,test_scATAC,CD14+ Mono,CD14+ Mono,test_scATAC
ACAGGAATCCTGATTT-1_atac,CD4+ T activated,test_scATAC,Plasma cell,B1 B,test_scATAC
AAGTTAGCAGTAGGAT-1_atac,CD4+ T activated,test_scATAC,Normoblast,Naive CD20+ B,test_scATAC
GTGCACGGTATTGTCC-1_atac,CD8+ T,test_scATAC,MK/E prog,CD14+ Mono,test_scATAC
CGTGACATCAATCTAG-1_atac,Naive CD20+ B,test_scATAC,CD8+ T,CD14+ Mono,test_scRNA
GCGCTTGCATAGACCC-1_atac,Erythroblast,test_scATAC,CD4+ T activated,CD8+ T,test_scATAC
GCTGGATGTTAACAGT-1_atac,CD4+ T activated,test_scATAC,Naive CD20+ B,CD14+ Mono,test_scATAC
TAGCTAATCCTCCATA-1_atac,CD4+ T activated,test_scATAC,Erythroblast,CD4+ T activated,test_scRNA
TACAGGTTCTCAATTC-1_atac,CD14+ Mono,test_scATAC,Erythroblast,Naive CD20+ B,test_scATAC
TTGACATCAAAGCTAA-1_atac,CD8+ T,test_scATAC,CD4+ T activated,Naive CD20+ B,test_scATAC
GGAAGCTAGCTAATCA-1_atac,CD8+ T,test_scATAC,CD14+ Mono,Normoblast,test_scRNA
AACCTAATCATCCACC-1_atac,CD4+ T activated,test_scATAC,CD4+ T activated,CD4+ T activated,test_scATAC
GTCTAATCAGCATGAG-1_atac,Erythroblast,test_scATAC,CD4+ T naive,CD14+ Mono,test_scATAC
AAGCCACGTGCGCATG-1_atac,CD14+ Mono,test_scATAC,CD14+ Mono,CD8+ T,test_scRNA
GTCGAAGCAGTTGCGT-1_atac,Erythroblast,test_scATAC,CD4+ T activated,CD14+ Mono,test_scRNA
TACTGCACATTCCTCG-1_atac,CD8+ T,test_scATAC,Erythroblast,Erythroblast,test_scRNA
GAAACTGAGTTTAACG-1_atac,CD4+ T activated,test_scATAC,B1 B,CD14+ Mono,test_scATAC
AATTGGGAGCTTACTT-1_atac,CD14+ Mono,test_scATAC,CD4+ T activated,B1 B,test_scATAC
AATTGTGTCATGGTTA-1_atac,Erythroblast,test_scATAC,CD14+ Mono,Lymph prog,test_scRNA
GCCGTGAGTAACCACA-1_atac,CD4+ T naive,test_scATAC,CD8+ T,CD4+ T activated,test_scATAC
CCCTCATAGGTAACGA-1_atac,CD14+ Mono,test_scATAC,Erythroblast,Normoblast,test_scATAC
GATCGCTCAAACTGCC-1_atac,Normoblast,test_scATAC,NK,ILC,test_scRNA
ACTCCTCAGCACTAAC-1_atac,CD8+ T,test_scATAC,Naive CD20+ B,NK,test_scATAC
TCCTTTACAGACAAAC-1_atac,CD14+ Mono,test_scATAC,NK,NK,test_scATAC
GCTAGCTCATTGTCAG-1_atac,Normoblast,test_scATAC,CD8+ T,Erythroblast,test_scRNA
AATATCCCATTGTGTG-1_atac,Erythroblast,test_scATAC,CD14+ Mono,CD14+ Mono,test_scATAC
AATACCGGTACCTTAC-1_atac,CD8+ T,test_scATAC,CD4+ T naive,Erythroblast,test_scATAC
GTGGTTAGTTCCTCCT-1_atac,Normoblast,test_scATAC,CD4+ T activated,CD14+ Mono,test_scATAC
GTGCATTAGTCGCAAT-1_atac,CD14+ Mono,test_scATAC,CD8+ T,Erythroblast,test_scRNA
TGCCATTGTGTGTGGT-1_atac,NK,test_scATAC,CD14+ Mono,NK,test_scATAC
GTACTAATCTACCTGC-1_atac,CD4+ T activated,test_scATAC,CD8+ T,CD4+ T activated,test_scRNA
GGAACCTGTAATCGCA-1_atac,Naive CD20+ B,test_scATAC,Erythroblast,Naive CD20+ B,test_scATAC
AAGCGTTTCCTAAGTA-1_atac,CD14+ Mono,test_scATAC,Naive CD20+ B,CD4+ T activated,test_scRNA
CGTTGCGCAGACAAAC-1_atac,NK,test_scATAC,CD14+ Mono,CD4+ T activated,test_scATAC
CTACCGGCAATTAACC-1_atac,Erythroblast,test_scATAC,CD8+ T,CD14+ Mono,test_scATAC
CTCCAAACATGAATCT-1_atac,Naive CD20+ B,test_scATAC,CD8+ T,CD14+ Mono,test_scRNA
AAAGCACCATCTAGCA-1_atac,CD8+ T,test_scATAC,Normoblast,CD14+ Mono,test_scATAC
CCGCTTAGTTTCCGGC-1_atac,NK,test_scATAC,NK,CD14+ Mono,test_scRNA
GCAGCTATCATAGACC-1_atac,CD4+ T activated,test_scATAC,CD4+ T naive,CD4+ T naive,test_scATAC
AAGTGTTGTCAGGCCA-1_atac,Normoblast,test_scATAC,Naive CD20+ B,CD4+ T activated,test_scRNA
CTACTTAGTACTGAAT-1_atac,CD14+ Mono,test_scATAC,Erythroblast,Erythroblast,test_scATAC
TCAGGTTAGCTAATCA-1_atac,ILC,test_scATAC,NK,Erythroblast,test_scRNA
GGGTGTTGTTGCACAA-1_atac,Naive CD20+ B,test_scATAC,HSC,CD8+ T,test_scRNA
CTTTGTCCATTATGCG-1_atac,CD14+ Mono,test_scATAC,ILC,CD8+ T,test_scRNA
AACAGGATCATAACGC-1_atac,CD14+ Mono,test_scATAC,Erythroblast,CD14+ Mono,test_scRNA
TAGCTAATCTGTAATG-1_atac,CD14+ Mono,test_scATAC,CD4+ T activated,CD4+ T activated,test_scRNA
TGGGCATGTCAGTAAT-1_atac,CD8+ T,test_scATAC,Normoblast,HSC,test_scATAC
TGCCTGTTCGCTAAGT-1_atac,CD14+ Mono,test_scATAC,CD8+ T,Naive CD20+ B,test_scATAC
ATGACGAAGCAAGATG-1_atac,CD4+ T naive,test_scATAC,CD8+ T,CD8+ T,test_scATAC
GCCTACTTCCTTGCAC-1_atac,Normoblast,test_scATAC,B1 B,CD4+ T activated,test_scRNA
GATGCTTAGCACTAGT-1_atac,CD4+ T naive,test_scATAC,Erythroblast,Erythroblast,test_scATAC
TCATGTTTCAACAAGG-1_atac,CD4+ T activated,test_scATAC,B1 B,CD4+ T naive,test_scATAC
CATAGACTCACCGGTA-1_atac,Erythroblast,test_scATAC,Erythroblast,Naive CD20+ B,test_scRNA
GATCCGTCAGTCTAAT-1_atac,Erythroblast,test_scATAC,Erythroblast,CD14+ Mono,test_scATAC
CGTAACTAGCGAGCGA-1_atac,Naive CD20+ B,test_scATAC,CD8+ T,CD4+ T naive,test_scATAC
CGGTTCCGTTGACTTC-1_atac,CD8+ T,test_scATAC,Normoblast,Normoblast,test_scATAC
GTTCCCAGTAACGAGG-1_atac,NK,test_scATAC,CD4+ T activated,Proerythroblast,test_scATAC
GGATACTTCATGGTGT-1_atac,B1 B,test_scATAC,Proerythroblast,NK,test_scRNA
GTAGGCGAGCCTGATG-1_atac,Normoblast,test_scATAC,CD4+ T activated,CD8+ T,test_scRNA
GCCCATAAGAGGGACT-1_atac,CD8+ T,test_scATAC,NK,Naive CD20+ B,test_scRNA
CCCGTAAAGCAGGTTT-1_atac,CD4+ T activated,test_scATAC,NK,CD8+ T,test_scRNA
TGCTTGCTCCGTGACA-1_atac,CD4+ T activated,test_scATAC,CD8+ T,Erythroblast,test_scRNA
TTCTTAGGTGCTCACC-1_atac,NK,test_scATAC,CD4+ T naive,CD14+ Mono,test_scRNA
GGCTAGACAATGAGGT-1_atac,CD8+ T,test_scATAC,CD4+ T activated,NK,test_scATAC
CTAATCCGTCATAACG-1_atac,Normoblast,test_scATAC,NK,Erythroblast,test_scATAC
TTTGTGGCAGCATTAT-1_atac,CD8+ T,test_scATAC,Erythroblast,CD4+ T naive,test_scATAC
CTTACTAGTTTAGTCC-1_atac,NK,test_scATAC,CD4+ T naive,CD8+ T,test_scATAC
CGGGCTTAGCCTGACA-1_atac,CD14+ Mono,test_scATAC,CD14+ Mono,CD8+ T,test_scRNA
ACGGGAAGTTAGGATT-1_atac,CD4+ T naive,test_scATAC,NK,CD14+ Mono,test_scRNA
CTTAAGATCCATAAGC-1_atac,NK,test_scATAC,CD4+ T activated,CD4+ T naive,test_scRNA
TATGGTCAGGCTAGAA-1_atac,Naive CD20+ B,test_scATAC,CD4+ T activated,CD8+ T,test_scATAC
AAGCATGAGCCATCAG-1_atac,CD8+ T,test_scATAC,CD4+ T activated,NK,test_scRNA
GCTGACCAGGAATAAC-1_atac,CD14+ Mono,test_scATAC,CD4+ T activated,CD4+ T activated,test_scATAC
GGTAATTGTACTGAAT-1_atac,Naive CD20+ B,test_scATAC,Naive CD20+ B,Erythroblast,test_scRNA
TACATCAAGCATGGTT-1_atac,CD14+ Mono,test_scATAC,Erythroblast,Naive CD20+ B,test_scRNA
CTTGTCCAGGATCCGC-1_atac,CD4+ T naive,test_scATAC,Transitional B,Erythroblast,test_scRNA
AGCGATTTCCGTCCAT-1_atac,B1 B,test_scATAC,Plasma cell,CD14+ Mono,test_scATAC
TAAGTAGCAGTAAGTA-1_atac,CD14+ Mono,test_scATAC,NK,CD14+ Mono,test_scATAC
TGGACGGAGTCACGAT-1_atac,Normoblast,test_scATAC,CD14+ Mono,CD8+ T,test_scRNA
AATAACCGTGTTGCAA-1_atac,CD4+ T activated,test_scATAC,Erythroblast,CD8+ T,test_scATAC
CGCTAATAGTGTTGTA-1_atac,CD8+ T,test_scATAC,Naive CD20+ B,G/M prog,test_scRNA
TAGAGCCGTCAAAGAA-1_atac,Naive CD20+ B,test_scATAC,Erythroblast,CD4+ T activated,test_scATAC
CGAATCTAGCATCCAG-1_atac,CD14+ Mono,test_scATAC,CD14+ Mono,Naive CD20+ B,test_scRNA
ACCGGCTAGGAGCATA-1_atac,CD4+ T activated,test_scATAC,NK,CD14+ Mono,test_scATAC
GCAATAGAGATAGACG-1_atac,CD4+ T activated,test_scATAC,B1 B,CD14+ Mono,test_scATAC
TTGCACACAACTAGCC-1_atac,CD8+ T,test_scATAC,Naive CD20+ B,CD14+ Mono,test_scRNA
GATTAGCTCCTTCGTA-1_atac,Normoblast,test_scATAC,CD4+ T activated,Naive CD20+ B,test_scRNA
TAGCAGGCAGATAGAC-1_atac,CD14+ Mono,test_scATAC,CD4+ T naive,CD4+ T activated,test_scATAC
TGGTTCTGTTACGCGG-1_atac,Naive CD20+ B,test_scATAC,CD4+ T activated,Erythroblast,test_scATAC
GCAAACTTCTATCGCC-1_atac,CD4+ T activated,test_scATAC,CD4+ T activated,ILC,test_scRNA
GGTCAGGAGGTCCTGA-1_atac,Normoblast,test_scATAC,G/M prog,NK,test_scRNA
GCAGCAACATGCTTAG-1_atac,CD8+ T,test_scATAC,CD4+ T activated,CD14+ Mono,test_scRNA
ACCAATATCGGTAACT-1_atac,B1 B,test_scATAC,CD4+ T activated,NK,test_scRNA
ACTAACTCAAATGCCC-1_atac,CD14+ Mono,test_scATAC,CD14+ Mono,CD14+ Mono,test_scRNA
GCTCCTTAGTTGCGTG-1_atac,Normoblast,test_scATAC,G/M prog,Erythroblast,test_scATAC
TATGGCCCATGAATCT-1_atac,Normoblast,test_scATAC,Naive CD20+ B,CD4+ T activated,test_scATAC
ATCGCTTGTCACCAAA-1_atac,Erythroblast,test_scATAC,CD4+ T naive,CD4+ T activated,test_scRNA
CAGGCTATCCCATAGG-1_atac,Erythroblast,test_scATAC,Normoblast,Erythroblast,test_scRNA
TAGGTTGGTTTCCGGC-1_atac,Naive CD20+ B,test_scATAC,CD4+ T activated,CD4+ T naive,test_scATAC
TCCGGTTTCCTTAAGA-1_atac,CD14+ Mono,test_scATAC,CD8+ T,CD14+ Mono,test_scRNA
CGAAGAATCTCGCCTG-1_atac,CD14+ Mono,test_scATAC,Erythroblast,CD14+ Mono,test_scATAC
ACCAGGCTCAGCACGC-1_atac,NK,test_scATAC,CD8+ T,Erythroblast,test_scATAC
CTCACAACAGTAGGTG-1_atac,NK,test_scATAC,Transitional B,B1 B,test_scRNA
AAGTGTTGTGAATCGC-1_atac,B1 B,test_scATAC,CD14+ Mono,CD8+ T,test_scATAC
CGTTGCGCATCACAGC-1_atac,CD14+ Mono,test_scATAC,Erythroblast,CD4+ T naive,test_scATAC
TAGCCTGAGCTGTCAG-1_atac,CD8+ T,test_scATAC,CD4+ T activated,CD4+ T activated,test_scRNA
TATGACATCACGAATC-1_atac,CD4+ T naive,test_scATAC,CD4+ T activated,CD14+ Mono,test_scATAC
AGTTACTCATTATGAC-1_atac,CD4+ T activated,test_scATAC,pDC,CD14+ Mono,test_scRNA
CTTGAATCATTATGCG-1_atac,CD8+ T,test_scATAC,CD8+ T,B1 B,test_scATAC
GCACGCTAGGTTAGCT-1_atac,NK,test_scATAC,CD8+ T,G/M prog,test_scATAC
ATGCAGGCAACTAGCC-1_atac,CD8+ T,test_scATAC,Normoblast,CD4+ T naive,test_scATAC
CGTTGCGCACAAACTT-1_atac,Naive CD20+ B,test_scATAC,CD4+ T activated,CD4+ T activated,test_scATAC
GGGTCAACAGGACCAA-1_atac,CD8+ T,test_scATAC,CD8+ T,Normoblast,test_scATAC
AAGCGGGTCTAACTGA-1_atac,CD4+ T activated,test_scATAC,CD8+ T,NK,test_scATAC
AATGTCCAGGCTCATG-1_atac,CD14+ Mono,test_scATAC,NK,Erythroblast,test_scATAC
GTGCACGGTATTCGTC-1_atac,CD4+ T naive,test_scATAC,cDC2,CD4+ T activated,test_scRNA
AGGGTTGCATCGCTCC-1_atac,Erythroblast,test_scATAC,Normoblast,Erythroblast,test_scRNA
AAAGCTTGTAGCCATA-1_atac,CD4+ T activated,test_scATAC,Erythroblast,Naive CD20+ B,test_scRNA
AGAACCAAGCGTGCGT-1_atac,CD14+ Mono,test_scATAC,Naive CD20+ B,CD8+ T,test_scRNA
TTTACGAAGTGAACCT-1_atac,Erythroblast,test_scATAC,CD14+ Mono,Erythroblast,test_scATAC
AGTAATGCACTGACCG-1_atac,Erythroblast,test_scATAC,CD4+ T activated,Erythroblast,test_scATAC
ACCCGGTAGTTCCCGT-1_atac,B1 B,test_scATAC,Erythroblast,ILC,test_scRNA
ACAACATGTGCATTTC-1_atac,CD4+ T activated,test_scATAC,CD8+ T,CD14+ Mono,test_scRNA
ACATCAATCATTACGA-1_atac,Normoblast,test_scATAC,pDC,CD4+ T naive,test_scATAC
CGCACACAGCGGCTGT-1_atac,CD4+ T naive,test_scATAC,CD8+ T,CD8+ T,test_scRNA
TGTCAATCAAGGTAAC-1_atac,CD4+ T naive,test_scATAC,CD8+ T,CD14+ Mono,test_scRNA
AGCTAACTCGAGCAAA-1_atac,CD4+ T activated,test_scATAC,CD14+ Mono,CD8+ T,test_scATAC
GTGCTCAAGGCATGTT-1_atac,CD14+ Mono,test_scATAC,NK,CD4+ T activated,test_scATAC
TCATGAGGTCCACAAA-1_atac,CD4+ T activated,test_scATAC,CD8+ T,CD4+ T activated,test_scRNA
TAGCCTCTCCTGAATA-1_atac,G/M prog,test_scATAC,B1 B,Proerythroblast,test_scRNA
GGCATTGTCCTCATCA-1_atac,Erythroblast,test_scATAC,CD4+ T activated,NK,test_scATAC
GGTTGCTCAATATAGG-1_atac,NK,test_scATAC,CD14+ Mono,CD4+ T activated,test_scATAC
CTCCTGAGTTGCATCT-1_atac,B1 B,test_scATAC,CD8+ T,pDC,test_scATAC
GTCGAAGCAGTAGGAT-1_atac,Erythroblast,test_scATAC,CD14+ Mono,CD4+ T naive,test_scATAC
ACTCGCTTCTTTAAGG-1_atac,NK,test_scATAC,Normoblast,ILC,test_scRNA
GTTGGCGGTTGCCTCA-1_atac,ILC,test_scATAC,CD14+ Mono,CD4+ T naive,test_scATAC
TAAGCCAGTTGTAAAC-1_atac,B1 B,test_scATAC,CD4+ T activated,Erythroblast,test_scATAC
CTTATTGGTGAGGTGA-1_atac,ILC,test_scATAC,Erythroblast,CD4+ T activated,test_scATAC
GTGCGGTTCGCTATGG-1_atac,CD4+ T activated,test_scATAC,Naive CD20+ B,NK,test_scATAC
TTGTTGTTCCTTAGGG-1_atac,CD4+ T activated,test_scATAC,Normoblast,CD4+ T activated,test_scRNA
CTGGACCAGTCAGGCC-1_atac,NK,test_scATAC,CD14+ Mono,CD4+ T naive,test_scATAC
ACAGGCTGTTCAAGAT-1_atac,CD4+ T activated,test_scATAC,CD4+ T activated,Normoblast,test_scATAC
CCATAAATCAATCATG-1_atac,CD4+ T naive,test_scATAC,NK,Normoblast,test_scRNA
TACCGTTGTAACGGGA-1_atac,Erythroblast,test_scATAC,ID2-hi myeloid prog,Naive CD20+ B,test_scRNA
GGTATTTCAGGCTTCG-1_atac,B1 B,test_scATAC,Erythroblast,NK,test_scRNA
GTGTTCCTCTAACCTT-1_atac,CD8+ T,test_scATAC,CD14+ Mono,Naive CD20+ B,test_scATAC
TAGGCTTAGGTGTTAC-1_atac,B1 B,test_scATAC,CD14+ Mono,Normoblast,test_scATAC
AGAAACCCAAAGGCCA-1_atac,Erythroblast,test_scATAC,Naive CD20+ B,CD14+ Mono,test_scRNA
TGACCAAGTAAGCACC-1_atac,Normoblast,test_scATAC,CD8+ T,CD8+ T,test_scRNA
GACCTTTGTAGCTGGT-1_atac,Normoblast,test_scATAC,CD4+ T activated,CD4+ T naive,test_scRNA
TAGCGGACATGCAACC-1_atac,Normoblast,test_scATAC,Erythroblast,Normoblast,test_scATAC
TACTTCGTCTCCTCAA-1_atac,CD8+ T,test_scATAC,CD14+ Mono,NK,test_scATAC
GATTAGTGTCATGAGC-1_atac,Erythroblast,test_scATAC,MK/E prog,Erythroblast,test_scRNA
AGGTTAACAACCCTAA-1_atac,NK,test_scATAC,CD4+ T naive,CD14+ Mono,test_scATAC
GTTAACCAGTTAGTTG-1_atac,CD8+ T,test_scATAC,ID2-hi myeloid prog,NK,test_scATAC
CGTTATTTCTTGGATA-1_atac,CD4+ T activated,test_scATAC,CD4+ T activated,Normoblast,test_scRNA
TACTTCGTCAAGTGAG-1_atac,Erythroblast,test_scATAC,NK,CD8+ T,test_scATAC
GGACAGCCACTTACAG-1_atac,CD4+ T naive,test_scATAC,CD4+ T naive,B1 B,test_scATAC
ATAGATGCAATAGCAA-1_atac,Erythroblast,test_scATAC,Erythroblast,CD8+ T,test_scRNA
CGAAGCCTCATAAGCC-1_atac,CD14+ Mono,test_scATAC,B1 B,NK,test_scATAC
GCAACAGCACGTAATT-1_atac,CD4+ T activated,test_scATAC,Normoblast,CD14+ Mono,test_scATAC
AAGTGCAAGTAACGGA-1_atac,NK,test_scATAC,CD4+ T activated,pDC,test_scRNA
AATTGTGTCGATAACC-1_atac,CD4+ T activated,test_scATAC,CD4+ T activated,ILC,test_scRNA
ACGTCAAGTATTCGTC-1_atac,CD4+ T activated,test_scATAC,MK/E prog,CD4+ T activated,test_scATAC
AATCTCAAGCGAGGTG-1_atac,CD8+ T,test_scATAC,Normoblast,CD8+ T,test_scRNA
ACGTACCCACCAGGTT-1_atac,Erythroblast,test_scATAC,CD4+ T naive,CD14+ Mono,test_scATAC
TTTAGCTTCCCATAGG-1_atac,CD8+ T,test_scATAC,CD4+ T naive,CD4+ T naive,test_scATAC
CGGGCTTAGTATTGTG-1_atac,B1 B,test_scATAC,HSC,Normoblast,test_scATAC
GCCAGGAAGTTGCGTG-1_atac,CD4+ T naive,test_scATAC,Erythroblast,CD4+ T activated,test_scATAC
CATTGTGCAGTGAACG-1_atac,CD4+ T naive,test_scATAC,Erythroblast,CD14+ Mono,test_scRNA
CGAAGCGAGGAGGTTA-1_atac,B1 B,test_scATAC,CD14+ Mono,CD14+ Mono,test_scATAC
ATCACACAGCTTACTT-1_atac,Naive CD20+ B,test_scATAC,CD8+ T,MK/E prog,test_scATAC
GTCTCACTCGTCAAGT-1_atac,Erythroblast,test_scATAC,CD4+ T activated,CD4+ T naive,test_scRNA
CTGCAATAGTACTGGT-1_atac,CD4+ T activated,test_scATAC,Erythroblast,Naive CD20+ B,test_scATAC
GCAATGAAGGAGCATA-1_atac,CD4+ T naive,test_scATAC,ID2-hi myeloid prog,CD4+ T naive,test_scRNA
CCCAACCGTGCATCGG-1_atac,Naive CD20+ B,test_scATAC,CD4+ T activated,B1 B,test_scATAC
CGCATGATCCGTTAAA-1_atac,CD4+ T activated,test_scATAC,Erythroblast,CD4+ T activated,test_scATAC
CTAAATGTCACTAGGT-1_atac,B1 B,test_scATAC,CD14+ Mono,CD4+ T activated,test_scRNA
GTCATCCTCCTAAGGT-1_atac,CD14+ Mono,test_scATAC,CD14+ Mono,CD8+ T,test_scATAC
CCAAACTAGTTTAACG-1_atac,CD14+ Mono,test_scATAC,CD4+ T activated,Naive CD20+ B,test_scATAC
GATGACTTCGCCTAAG-1_atac,Erythroblast,test_scATAC,NK,Erythroblast,test_scATAC
GTTTCCTCATTTAAGC-1_atac,CD14+ Mono,test_scATAC,CD4+ T activated,NK,test_scRNA
CCGTGCTGTATCTGGA-1_atac,NK,test_scATAC,MK/E prog,CD4+ T activated,test_scRNA
CTGTTAAAGTAACAGG-1_atac,CD14+ Mono,test_scATAC,CD8+ T,MK/E prog,test_scRNA
CCGATGCAGGTTACAC-1_atac,Erythroblast,test_scATAC,CD8+ T,CD8+ T,test_scATAC
GGAGCGATCGGTTACG-1_atac,CD14+ Mono,test_scATAC,CD8+ T,CD4+ T activated,test_scATAC
GGATAACCAAACGGGC-1_atac,CD14+ Mono,test_scATAC,CD4+ T naive,CD4+ T activated,test_scRNA
CCACACAAGGCACAGG-1_atac,CD4+ T activated,test_scATAC,Normoblast,CD4+ T naive,test_scRNA
GCAACAGCATCCAGGT-1_atac,CD8+ T,test_scATAC,Normoblast,CD8+ T,test_scATAC
AATGCATGTTAAGCCA-1_atac,Naive CD20+ B,test_scATAC,NK,Erythroblast,test_scATAC
GCCTACTTCTTGCAAA-1_atac,CD4+ T activated,test_scATAC,pDC,CD4+ T activated,test_scATAC
AGGACGTAGGACCGCT-1_atac,CD8+ T,test_scATAC,Naive CD20+ B,CD14+ Mono,test_scATAC
CATTGTGCAACTGGGA-1_atac,CD8+ T,test_scATAC,Normoblast,Erythroblast,test_scRNA
CTAAAGCTCCCTGGAA-1_atac,CD14+ Mono,test_scATAC,CD14+ Mono,CD4+ T naive,test_scRNA
GTCTATGCAACTGGCT-1_atac,ILC,test_scATAC,CD14+ Mono,B1 B,test_scRNA
CTGGATGTCTTGGACG-1_atac,CD14+ Mono,test_scATAC,CD4+ T activated,Naive CD20+ B,test_scATAC
AGTGGACAGCATTTCT-1_atac,B1 B,test_scATAC,CD4+ T naive,Lymph prog,test_scATAC
CACTGACCATTGCGGT-1_atac,CD8+ T,test_scATAC,Erythroblast,Plasma cell,test_scATAC
CAATATGTCTTCAATC-1_atac,Naive CD20+ B,test_scATAC,ILC,Transitional B,test_scATAC
GTCCTCAGTGAGCAAG-1_atac,CD4+ T activated,test_scATAC,ILC,Erythroblast,test_scRNA
AGCTTCCTCATTAGTG-1_atac,Naive CD20+ B,test_scATAC,pDC,Lymph prog,test_scATAC
GTGGCTTCATTGTCAG-1_atac,B1 B,test_scATAC,Erythroblast,CD8+ T,test_scATAC
GATTAGTGTCAGTAAT-1_atac,Erythroblast,test_scATAC,CD4+ T naive,CD4+ T activated,test_scRNA
AGATGAAGTCCAAATG-1_atac,Erythroblast,test_scATAC,CD4+ T activated,CD4+ T activated,test_scATAC
GATAACGAGAGAAGGG-1_atac,CD14+ Mono,test_scATAC,CD4+ T activated,CD4+ T naive,test_scRNA
GCAAGTGCAGGCTACT-1_atac,Naive CD20+ B,test_scATAC,CD4+ T activated,CD8+ T,test_scATAC
AAGTGTTGTCTAACCT-1_atac,CD8+ T,test_scATAC,Erythroblast,Lymph prog,test_scATAC
CTTGTTTAGCCGCTAA-1_atac,NK,test_scATAC,CD8+ T,NK,test_scATAC
GCAGGCAAGCCGCTAA-1_atac,Erythroblast,test_scATAC,Naive CD20+ B,CD14+ Mono,test_scATAC
CCTTTAGTCCCTGTTA-1_atac,Erythroblast,test_scATAC,CD14+ Mono,CD14+ Mono,test_scATAC
ATAGATGCATCCCGCT-1_atac,Naive CD20+ B,test_scATAC,Normoblast,CD14+ Mono,test_scRNA
CCAAGGCTCCGCCAAA-1_atac,CD4+ T activated,test_scATAC,NK,CD8+ T,test_scATAC
TGATTCAAGGCGGATG-1_atac,CD4+ T activated,test_scATAC,Erythroblast,ILC,test_scRNA
AAGTGAAGTACTGATG-1_atac,NK,test_scATAC,CD8+ T,CD4+ T naive,test_scATAC
GTATTGTCAAGGGTTG-1_atac,NK,test_scATAC,Erythroblast,Erythroblast,test_scATAC
TTAATCGAGGTGAAGC-1_atac,CD14+ Mono,test_scATAC,CD8+ T,CD4+ T naive,test_scATAC
TTAGGCGTCAAGCGCC-1_atac,CD4+ T naive,test_scATAC,CD4+ T activated,Naive CD20+ B,test_scRNA
GGTATTGGTGCAACTA-1_atac,Normoblast,test_scATAC,CD14+ Mono,Normoblast,test_scATAC
TGCTCTCAGGTGAAGC-1_atac,CD14+ Mono,test_scATAC,NK,CD4+ T naive,test_scATAC
ACCAAGTTCTTTGACT-1_atac,CD14+ Mono,test_scATAC,pDC,Erythroblast,test_scATAC
GAAGTGATCTGCAAGT-1_atac,NK,test_scATAC,Erythroblast,Erythroblast,test_scRNA
AATGGCGCATTGCGTA-1_atac,CD14+ Mono,test_scATAC,Normoblast,ILC,test_scRNA
CAACTAGGTCAATAGT-1_atac,Erythroblast,test_scATAC,CD4+ T naive,NK,test_scRNA
GCTGAGGAGCTCCTAC-1_atac,CD8+ T,test_scATAC,ID2-hi myeloid prog,CD4+ T naive,test_scRNA
TTGGGCCAGGACAATG-1_atac,CD8+ T,test_scATAC,Naive CD20+ B,Plasma cell,test_scRNA
TACTGACAGTCTATGA-1_atac,G/M prog,test_scATAC,NK,Normoblast,test_scRNA
TACCAAATCACTCAAA-1_atac,Erythroblast,test_scATAC,CD4+ T naive,CD4+ T activated,test_scRNA
TTACCTGTCCTGGTGA-1_atac,CD4+ T naive,test_scATAC,ILC,Erythroblast,test_scATAC
TAAGTGCTCTAAGGAG-1_atac,CD14+ Mono,test_scATAC,Erythroblast,ID2-hi myeloid prog,test_scATAC
GTTAAGCTCATCCTGC-1_atac,G/M prog,test_scATAC,Erythroblast,CD4+ T naive,test_scRNA
TGTTCATTCTAGCGAT-1_atac,Erythroblast,test_scATAC,CD14+ Mono,CD4+ T activated,test_scRNA
GCCAATTAGGAACCGG-1_atac,ILC,test_scATAC,Naive CD20+ B,Erythroblast,test_scATAC
TGCGCAGGTTTGTTGC-1_atac,NK,test_scATAC,Naive CD20+ B,CD14+ Mono,test_scATAC
CGGATTAGTCCGTAGG-1_atac,CD4+ T naive,test_scATAC,CD14+ Mono,Plasma cell,test_scRNA
GAAGCTAAGGACCTCA-1_atac,CD14+ Mono,test_scATAC,CD8+ T,Erythroblast,test_scRNA
TGGTAAACATCCTGAA-1_atac,CD4+ T activated,test_scATAC,CD14+ Mono,CD4+ T activated,test_scRNA
ATCGAGGCAGCTTAAT-1_atac,ILC,test_scATAC,Lymph prog,NK,test_scRNA
GATTAAGCATGCTCCC-1_atac,NK,test_scATAC,CD4+ T activated,CD4+ T activated,test_scRNA
GATGCGACATGCAACC-1_atac,Erythroblast,test_scATAC,CD14+ Mono,CD16+ Mono,test_scATAC
TTGCTTAGTGAACAAA-1_atac,NK,test_scATAC,NK,Normoblast,test_scRNA
GAAGGATGTAAGTCGC-1_atac,CD4+ T activated,test_scATAC,Normoblast,Erythroblast,test_scATAC
CCGTTGCGTTGCCTCA-1_atac,CD14+ Mono,test_scATAC,CD14+ Mono,CD14+ Mono,test_scRNA
CACCTGTTCTGTGAGT-1_atac,CD8+ T,test_scATAC,CD4+ T naive,ID2-hi myeloid prog,test_scATAC
CGGCCATAGCTCCTTA-1_atac,NK,test_scATAC,NK,Normoblast,test_scATAC
TCCGCCATCTTGACCC-1_atac,CD4+ T naive,test_scATAC,CD4+ T activated,CD4+ T naive,test_scATAC
GAAGGCCCAGGCGATA-1_atac,CD4+ T naive,test_scATAC,NK,Normoblast,test_scATAC
GACATTATCCATCAGG-1_atac,CD14+ Mono,test_scATAC,Erythroblast,Normoblast,test_scATAC
ACAGGATCACCCTCAC-1_atac,CD4+ T activated,test_scATAC,ID2-hi myeloid prog,CD14+ Mono,test_scATAC
CCACATTGTACGTTTC-1_atac,CD4+ T activated,test_scATAC,Naive CD20+ B,CD4+ T naive,test_scRNA
TGGGCATGTTGTTGCT-1_atac,Normoblast,test_scATAC,Lymph prog,Proerythroblast,test_scRNA
TTTCTCACATGAATAG-1_atac,NK,test_scATAC,CD4+ T activated,Plasma cell,test_scATAC
GCTAGCTCACCTCGCT-1_atac,CD8+ T,test_scATAC,MK/E prog,CD14+ Mono,test_scATAC
GCAGGAAGTGGACCTG-1_atac,NK,test_scATAC,CD8+ T,NK,test_scATAC
GCCTACTTCCCGAACA-1_atac,NK,test_scATAC,Erythroblast,pDC,test_scATAC
CACATTAAGAGGCTAA-1_atac,CD8+ T,test_scATAC,CD14+ Mono,CD8+ T,test_scRNA
GCAATAGAGCCGCTTT-1_atac,Erythroblast,test_scATAC,CD14+ Mono,NK,test_scRNA
CATGCGCAGGAGCACG-1_atac,CD14+ Mono,test_scATAC,CD4+ T naive,Lymph prog,test_scATAC
GCAGCCAGTCGTTATC-1_atac,CD4+ T naive,test_scATAC,CD4+ T activated,NK,test_scRNA
TGATCACAGCTTAGTA-1_atac,CD8+ T,test_scATAC,NK,CD4+ T naive,test_scRNA
GGTTTCCTCTCGCCTG-1_atac,Normoblast,test_scATAC,CD4+ T activated,NK,test_scRNA
ATGGTGCGTTCGCGCT-1_atac,Erythroblast,test_scATAC,NK,CD14+ Mono,test_scATAC
GTTGGCGGTCATAACG-1_atac,CD4+ T activated,test_scATAC,Erythroblast,Erythroblast,test_scRNA
CATCACACATGACTAT-1_atac,B1 B,test_scATAC,Naive CD20+ B,CD4+ T naive,test_scRNA
CAGCATTAGGTTAGCT-1_atac,CD4+ T activated,test_scATAC,Naive CD20+ B,CD4+ T naive,test_scRNA
ATCCATAAGAAAGCAT-1_atac,NK,test_scATAC,CD8+ T,CD4+ T activated,test_scRNA
CGGTTTCTCGTTAGCG-1_atac,Erythroblast,test_scATAC,Erythroblast,CD4+ T activated,test_scATAC
CTCCAAACAGGCTTCG-1_atac,CD4+ T naive,test_scATAC,Erythroblast,CD4+ T activated,test_scATAC
GCCTTGCGTATTGTCC-1_atac,CD4+ T activated,test_scATAC,Naive CD20+ B,CD4+ T activated,test_scATAC
GTGAATCTCCTCCTAA-1_atac,CD14+ Mono,test_scATAC,Erythroblast,NK,test_scRNA
CAGATTCAGGGATGAC-1_atac,CD8+ T,test_scATAC,CD4+ T activated,Transitional B,test_scRNA
AAGTTTGTCCTTAGGG-1_atac,Erythroblast,test_scATAC,CD14+ Mono,CD14+ Mono,test_scATAC
GTGTGAGCATTATGCG-1_atac,G/M prog,test_scATAC,CD8+ T,B1 B,test_scATAC
CAAGGCTGTTAGAGGG-1_atac,B1 B,test_scATAC,B1 B,CD4+ T naive,test_scATAC
CAATCGCCATGCATAT-1_atac,CD14+ Mono,test_scATAC,CD4+ T activated,CD8+ T,test_scRNA
TATAGCCAGCCTGTGA-1_atac,CD8+ T,test_scATAC,Erythroblast,CD8+ T,test_scRNA
CTCCAAACATGTTGGC-1_atac,CD4+ T activated,test_scATAC,Naive CD20+ B,B1 B,test_scATAC
CAATCTAAGTTATGGC-1_atac,Normoblast,test_scATAC,Naive CD20+ B,Naive CD20+ B,test_scRNA
AACGACAAGGACCGCT-1_atac,Normoblast,test_scATAC,Erythroblast,Normoblast,test_scRNA
GTGCTGATCAAATCGC-1_atac,CD14+ Mono,test_scATAC,CD8+ T,CD4+ T activated,test_scATAC
GTCCGTAAGTTGCGTG-1_atac,Erythroblast,test_scATAC,Erythroblast,Erythroblast,test_scATAC
CTTAGTTTCATTATGG-1_atac,CD8+ T,test_scATAC,ID2-hi myeloid prog,Erythroblast,test_scATAC
GTCCTCCCAGCAAATA-1_atac,CD4+ T naive,test_scATAC,CD14+ Mono,Erythroblast,test_scATAC
CATCGCTTCCTCATGC-1_atac,CD4+ T activated,test_scATAC,CD4+ T naive,Erythroblast,test_scRNA
ACCAAGCGTGCTTTAC-1_atac,Erythroblast,test_scATAC,NK,Erythroblast,test_scRNA
ACAACACTCCGTAAAC-1_atac,CD4+ T naive,test_scATAC,CD14+ Mono,CD4+ T activated,test_scRNA
ACCAGCTCAGCTAATT-1_atac,CD14+ Mono,test_scATAC,CD8+ T,CD8+ T,test_scATAC
GATAATCGTCATTGAG-1_atac,G/M prog,test_scATAC,Erythroblast,Naive CD20+ B,test_scRNA
AAGGATCCATTCCTGT-1_atac,Normoblast,test_scATAC,CD4+ T activated,G/M prog,test_scRNA
GTAGTTATCGGCCATA-1_atac,ILC,test_scATAC,CD4+ T naive,CD14+ Mono,test_scATAC
AATTTCCTCGCCTGTT-1_atac,Normoblast,test_scATAC,Plasma cell,CD14+ Mono,test_scATAC
CGGGACAAGGATCCGC-1_atac,CD8+ T,test_scATAC,NK,Erythroblast,test_scATAC
GATCAGGCAATCCTGA-1_atac,CD8+ T,test_scATAC,Normoblast,CD4+ T activated,test_scATAC
AAGCTTGGTTGGTTGA-1_atac,NK,test_scATAC,CD14+ Mono,CD8+ T,test_scATAC
ATCCACCTCACCAATA-1_atac,CD14+ Mono,test_scATAC,CD8+ T,CD4+ T activated,test_scATAC
GCCTTAGAGCGCAATT-1_atac,CD8+ T,test_scATAC,CD14+ Mono,Transitional B,test_scATAC
CTGAATATCGAAGCGG-1_atac,Normoblast,test_scATAC,NK,CD14+ Mono,test_scATAC
GCTGCAATCACTTTAC-1_atac,G/M prog,test_scATAC,CD16+ Mono,CD14+ Mono,test_scRNA
ACCCTGTTCCTTGCAC-1_atac,CD4+ T naive,test_scATAC,CD4+ T naive,CD4+ T activated,test_scRNA
GCAGGAAGTTTGGGTA-1_atac,CD14+ Mono,test_scATAC,CD14+ Mono,Normoblast,test_scATAC
ACTAACTCAATGCCTA-1_atac,Naive CD20+ B,test_scATAC,Erythroblast,Erythroblast,test_scRNA
GCGTTTCTCCCGCAAA-1_atac,CD4+ T activated,test_scATAC,NK,CD16+ Mono,test_scRNA
GCTGTAAGTGGTTCTT-1_atac,CD14+ Mono,test_scATAC,Erythroblast,CD8+ T,test_scRNA
GGGCTAACAAACGGGC-1_atac,CD4+ T activated,test_scATAC,B1 B,Naive CD20+ B,test_scRNA
AGTGGACAGTTAGCTA-1_atac,CD8+ T,test_scATAC,Naive CD20+ B,Erythroblast,test_scRNA
GTATTCAAGGTCCACA-1_atac,CD8+ T,test_scATAC,Erythroblast,CD16+ Mono,test_scATAC
GATCAAGAGGTCTTGG-1_atac,CD4+ T activated,test_scATAC,CD4+ T activated,CD16+ Mono,test_scATAC
GGTATGTTCATTACTC-1_atac,Erythroblast,test_scATAC,Erythroblast,B1 B,test_scATAC
AATTTGCCAATCTCTC-1_atac,NK,test_scATAC,CD8+ T,Naive CD20+ B,test_scATAC
GTAGGATCATTGTGCA-1_atac,CD4+ T activated,test_scATAC,CD4+ T naive,Transitional B,test_scRNA
TGTGATCAGCTGAGGG-1_atac,Erythroblast,test_scATAC,CD14+ Mono,MK/E prog,test_scRNA
CATTATGAGCCAGGTC-1_atac,NK,test_scATAC,Erythroblast,Naive CD20+ B,test_scRNA
CTCCGGACATGCTTAG-1_atac,NK,test_scATAC,CD4+ T activated,CD4+ T activated,test_scRNA
GTCCTCAGTGCTCACC-1_atac,G/M prog,test_scATAC,CD4+ T activated,Erythroblast,test_scATAC
GCTGTGATCACCGGTA-1_atac,NK,test_scATAC,Naive CD20+ B,ID2-hi myeloid prog,test_scRNA
TGGACAAAGTGAACAG-1_atac,CD4+ T activated,test_scATAC,CD14+ Mono,CD4+ T activated,test_scRNA
CTAATCGCATAACGGG-1_atac,ILC,test_scATAC,CD8+ T,NK,test_scATAC
ATTATGGTCGCGCTAA-1_atac,CD4+ T activated,test_scATAC,G/M prog,CD8+ T,test_scATAC
GTTGTGAGTAGGATTT-1_atac,Erythroblast,test_scATAC,NK,G/M prog,test_scRNA
GAGCTGCTCATTGCAA-1_atac,CD4+ T activated,test_scATAC,CD4+ T activated,Naive CD20+ B,test_scATAC
CTAGGCGGTCGAAGTC-1_atac,CD4+ T activated,test_scATAC,CD8+ T,ID2-hi myeloid prog,test_scRNA
GGCTTAAGTACCTTAC-1_atac,CD8+ T,test_scATAC,Normoblast,CD8+ T,test_scATAC
GAGTAATAGGTCCACA-1_atac,CD4+ T activated,test_scATAC,Proerythroblast,MK/E prog,test_scRNA
TAATCCGCAGGACCTT-1_atac,CD4+ T activated,test_scATAC,CD4+ T activated,CD14+ Mono,test_scRNA
GACTTACAGTGACCTG-1_atac,CD14+ Mono,test_scATAC,ILC,B1 B,test_scRNA
TGAGCACGTCGTAATG-1_atac,Erythroblast,test_scATAC,ID2-hi myeloid prog,CD4+ T activated,test_scATAC
GGTCATTAGCCAGGTC-1_atac,B1 B,test_scATAC,Transitional B,CD4+ T activated,test_scRNA
GGTCAAGCACTAAGTT-1_atac,CD4+ T naive,test_scATAC,CD4+ T naive,CD4+ T activated,test_scATAC
ACGAAGTCAGGCGAGT-1_atac,CD8+ T,test_scATAC,CD4+ T naive,CD16+ Mono,test_scATAC
CCTGTAACATTAGCGC-1_atac,CD4+ T activated,test_scATAC,Erythroblast,Erythroblast,test_scATAC
AGTTACTCATTGACAT-1_atac,CD4+ T activated,test_scATAC,NK,Erythroblast,test_scATAC
ACTTCGCTCACGTTAA-1_atac,Erythroblast,test_scATAC,CD4+ T naive,CD8+ T,test_scATAC
TGCATGAGTTACGCAA-1_atac,CD14+ Mono,test_scATAC,CD8+ T,CD14+ Mono,test_scRNA
GGCCTTCGTTTCCGGC-1_atac,Erythroblast,test_scATAC,Normoblast,CD14+ Mono,test_scATAC
GCCTAATAGCTGCACA-1_atac,CD4+ T naive,test_scATAC,CD14+ Mono,Erythroblast,test_scRNA
TTAGACTCAAATATCC-1_atac,ILC,test_scATAC,Naive CD20+ B,CD4+ T activated,test_scRNA
ACCCAACCAGTTGCGT-1_atac,Erythroblast,test_scATAC,NK,CD4+ T naive,test_scATAC
GATGGACAGGATCCGC-1_atac,CD4+ T naive,test_scATAC,CD8+ T,CD4+ T activated,test_scATAC
TCGGTTTGTATTGCAG-1_atac,CD14+ Mono,test_scATAC,Erythroblast,CD4+ T naive,test_scATAC
AAGACCAAGGCGCACT-1_atac,CD4+ T naive,test_scATAC,Transitional B,Naive CD20+ B,test_scRNA
CTAGTAATCAATCTCT-1_atac,Erythroblast,test_scATAC,CD4+ T activated,Erythroblast,test_scRNA
TAAACAGCAAACCTTG-1_atac,CD4+ T activated,test_scATAC,B1 B,Naive CD20+ B,test_scATAC
TAATGGTGTAATAACC-1_atac,NK,test_scATAC,CD8+ T,Normoblast,test_scRNA
CTTGCTCAGGCCGGAA-1_atac,NK,test_scATAC,CD8+ T,CD8+ T,test_scATAC
GCTGATCCACCCACCT-1_atac,CD14+ Mono,test_scATAC,NK,Erythroblast,test_scATAC
GGATATTGTAGTTAAC-1_atac,Naive CD20+ B,test_scATAC,Erythroblast,Erythroblast,test_scRNA
GTCATGCCAGTTTGGC-1_atac,Naive CD20+ B,test_scATAC,CD4+ T activated,Normoblast,test_scATAC
ACTTAGTCAGAAATTG-1_atac,Normoblast,test_scATAC,Plasma cell,NK,test_scRNA
GGTCGGTTCTTTGACT-1_atac,CD4+ T activated,test_scATAC,MK/E prog,Naive CD20+ B,test_scRNA
TGTGCGCAGTTACCGG-1_atac,Naive CD20+ B,test_scATAC,Erythroblast,CD4+ T naive,test_scATAC
CGGCTCACAATCGCAC-1_atac,Naive CD20+ B,test_scATAC,Normoblast,Normoblast,test_scRNA
GGTGCTGGTAATCACG-1_atac,Naive CD20+ B,test_scATAC,Erythroblast,Erythroblast,test_scRNA
CTATGTTTCACAGGAA-1_atac,CD8+ T,test_scATAC,CD4+ T naive,Plasma cell,test_scATAC
CAGATTCAGCGGATAA-1_atac,Normoblast,test_scATAC,Naive CD20+ B,Normoblast,test_scATAC
ATCAATCCATCCATCT-1_atac,Erythroblast,test_scATAC,Erythroblast,CD14+ Mono,test_scRNA
CGTTAGGTCACATTGA-1_atac,CD8+ T,test_scATAC,Naive CD20+ B,CD16+ Mono,test_scRNA
TGGTCCTTCATGGTGT-1_atac,CD8+ T,test_scATAC,CD4+ T activated,CD4+ T activated,test_scRNA
CCTTGCGTCCGTTATT-1_atac,CD4+ T naive,test_scATAC,HSC,CD8+ T,test_scATAC
GAGTCATTCATGAAGG-1_atac,Erythroblast,test_scATAC,NK,Normoblast,test_scRNA
CTTGGACCACAACAAA-1_atac,Naive CD20+ B,test_scATAC,CD4+ T naive,Proerythroblast,test_scRNA
TAAGGACCAAACCCTA-1_atac,Normoblast,test_scATAC,CD4+ T activated,CD8+ T,test_scRNA
CTAGCTTGTACCGTTT-1_atac,CD4+ T activated,test_scATAC,CD4+ T activated,CD14+ Mono,test_scRNA
AGCACTTAGCAGCTCA-1_atac,NK,test_scATAC,Erythroblast,Erythroblast,test_scATAC
GTGGTTAGTTAGGTGC-1_atac,CD8+ T,test_scATAC,NK,Erythroblast,test_scATAC
GGTATTGGTGTTTGCT-1_atac,CD8+ T,test_scATAC,CD8+ T,Naive CD20+ B,test_scATAC
TACTGAGGTAGCCATA-1_atac,Erythroblast,test_scATAC,CD4+ T activated,CD14+ Mono,test_scATAC
TGATGATGTCACAGAC-1_atac,CD4+ T naive,test_scATAC,CD4+ T activated,CD14+ Mono,test_scATAC
TGAAGCAAGCTAAGTC-1_atac,CD4+ T activated,test_scATAC,CD8+ T,ILC,test_scRNA
CATAGGCGTCTTACTA-1_atac,CD8+ T,test_scATAC,Normoblast,NK,test_scATAC
CGTAACCCATTAAACC-1_atac,Erythroblast,test_scATAC,ILC,ID2-hi myeloid prog,test_scRNA
TCGTGCTTCTCCATGC-1_atac,CD4+ T activated,test_scATAC,CD14+ Mono,Naive CD20+ B,test_scATAC
CGTTGCAAGCTAAGTC-1_atac,CD8+ T,test_scATAC,Erythroblast,CD4+ T activated,test_scATAC
GGATGTAAGTTATGTG-1_atac,CD4+ T naive,test_scATAC,CD14+ Mono,CD8+ T,test_scATAC
CTCCTGAGTGCTCCAC-1_atac,Erythroblast,test_scATAC,CD14+ Mono,Erythroblast,test_scATAC
CTATTCAGTGATTTGG-1_atac,CD4+ T activated,test_scATAC,CD4+ T naive,CD14+ Mono,test_scRNA
GTTAAGTGTCCCGAAG-1_atac,CD4+ T activated,test_scATAC,NK,CD4+ T activated,test_scRNA
TCACCGGCAAGCTAAA-1_atac,Naive CD20+ B,test_scATAC,CD4+ T activated,Erythroblast,test_scATAC
CGCACAATCGTTCACC-1_atac,CD4+ T naive,test_scATAC,CD14+ Mono,CD14+ Mono,test_scRNA
CGATTGAGTTGCAATG-1_atac,CD4+ T activated,test_scATAC,CD14+ Mono,Erythroblast,test_scATAC
TTGAGCTAGTCATTAG-1_atac,CD4+ T naive,test_scATAC,CD4+ T activated,CD8+ T,test_scATAC
CTAGTTGCAGGCGAGT-1_atac,NK,test_scATAC,G/M prog,CD4+ T activated,test_scATAC
ACGACAAAGTGAAGTG-1_atac,CD8+ T,test_scATAC,Transitional B,Naive CD20+ B,test_scRNA
GCTAAGCGTCGCGCAA-1_atac,CD4+ T naive,test_scATAC,CD8+ T,Naive CD20+ B,test_scATAC
GTGTCCAAGCATCCAG-1_atac,Naive CD20+ B,test_scATAC,CD14+ Mono,CD4+ T activated,test_scRNA
CCATAAATCATGCGTG-1_atac,Naive CD20+ B,test_scATAC,CD14+ Mono,Erythroblast,test_scATAC
AGATGCTTCATGTTTC-1_atac,CD4+ T naive,test_scATAC,NK,pDC,test_scRNA
GCGAAGCCAAACTAAG-1_atac,Naive CD20+ B,test_scATAC,Erythroblast,NK,test_scATAC
ATCCTTAGTCGTTACT-1_atac,CD4+ T naive,test_scATAC,CD14+ Mono,CD14+ Mono,test_scATAC
ATTGGCTAGTTATCTC-1_atac,NK,test_scATAC,NK,B1 B,test_scATAC
CGCAATGTCCGCCTAT-1_atac,Normoblast,test_scATAC,CD14+ Mono,CD4+ T activated,test_scATAC
GTTAACGGTCTCAGCC-1_atac,Erythroblast,test_scATAC,Naive CD20+ B,CD14+ Mono,test_scATAC
TCAGGTTAGGATCCGC-1_atac,CD14+ Mono,test_scATAC,Erythroblast,NK,test_scATAC
TAGCAGGCACAACCTA-1_atac,CD4+ T activated,test_scATAC,CD14+ Mono,CD4+ T activated,test_scATAC
TGTGAAACAGCTACGT-1_atac,CD4+ T naive,test_scATAC,NK,Normoblast,test_scATAC
CGGACAACAGGCAAGC-1_atac,CD14+ Mono,test_scATAC,Erythroblast,ID2-hi myeloid prog,test_scRNA
AATTGGGAGAGAGGCT-1_atac,Normoblast,test_scATAC,Plasma cell,ILC,test_scATAC
TCCTTCAAGCTGTAAC-1_atac,CD4+ T naive,test_scATAC,NK,CD4+ T activated,test_scRNA
GTGCTCCGTTAAGCCA-1_atac,CD8+ T,test_scATAC,CD4+ T activated,Naive CD20+ B,test_scATAC
CTCTATGTCCGTTAAA-1_atac,CD4+ T activated,test_scATAC,Normoblast,Erythroblast,test_scRNA
CGAGTCGGTGATTTGG-1_atac,Erythroblast,test_scATAC,CD4+ T activated,Naive CD20+ B,test_scATAC
TCGCTAACAACAGGAT-1_atac,Erythroblast,test_scATAC,pDC,CD8+ T,test_scRNA
GGTCGGTTCCCGAAGC-1_atac,CD14+ Mono,test_scATAC,Erythroblast,Erythroblast,test_scATAC
CCAGCTGCAAGCTACC-1_atac,CD4+ T naive,test_scATAC,NK,NK,test_scRNA
CTGTATTTCACTAATG-1_atac,NK,test_scATAC,CD14+ Mono,CD4+ T naive,test_scRNA
ATCACACAGAGGATAT-1_atac,Normoblast,test_scATAC,CD8+ T,Erythroblast,test_scATAC
TACTTGTTCTAAGTGC-1_atac,NK,test_scATAC,Naive CD20+ B,Erythroblast,test_scRNA
AGCCTAAGTTGCTTCG-1_atac,Naive CD20+ B,test_scATAC,Naive CD20+ B,CD4+ T naive,test_scATAC
TTGTCAAAGGGTTATC-1_atac,Normoblast,test_scATAC,CD4+ T activated,CD14+ Mono,test_scRNA
CCAAGGCTCTTGGATA-1_atac,CD8+ T,test_scATAC,Naive CD20+ B,Naive CD20+ B,test_scATAC
TAGGGTTTCCTAATGA-1_atac,NK,test_scATAC,ID2-hi myeloid prog,CD8+ T,test_scRNA
GATGCGACAGAATGAC-1_atac,CD4+ T activated,test_scATAC,CD14+ Mono,CD4+ T naive,test_scATAC
GTGAATCTCGCATTAA-1_atac,Normoblast,test_scATAC,CD8+ T,Erythroblast,test_scATAC
AGAACCGCAATCCTAG-1_atac,CD4+ T naive,test_scATAC,G/M prog,pDC,test_scRNA
CTACTTAGTGTTGCTT-1_atac,CD4+ T activated,test_scATAC,CD14+ Mono,NK,test_scATAC
GTCGAAGCATAAGGAC-1_atac,Erythroblast,test_scATAC,CD4+ T activated,Erythroblast,test_scRNA
GTTCCCAGTGTTTCAC-1_atac,Normoblast,test_scATAC,Normoblast,CD4+ T naive,test_scATAC
CCTTCGGTCCTAGTTT-1_atac,CD14+ Mono,test_scATAC,CD14+ Mono,NK,test_scATAC
CTGTAACAGTGCTGTG-1_atac,Erythroblast,test_scATAC,CD8+ T,CD14+ Mono,test_scATAC
CGTGCTTTCGTTATAG-1_atac,CD14+ Mono,test_scATAC,CD8+ T,Plasma cell,test_scRNA
GGTTATGGTCATGCAA-1_atac,NK,test_scATAC,Erythroblast,Erythroblast,test_scATAC
AACCGCTCAACACCTA-1_atac,NK,test_scATAC,NK,CD4+ T activated,test_scATAC
CTAGTAGGTGGGTACT-1_atac,CD4+ T activated,test_scATAC,CD4+ T activated,NK,test_scATAC
CCAACCCGTCCGCTGT-1_atac,CD4+ T activated,test_scATAC,Naive CD20+ B,HSC,test_scATAC
CAGTATGGTCCTTCAG-1_atac,CD14+ Mono,test_scATAC,Normoblast,CD8+ T,test_scRNA
TCAGCCTTCCTAAGTA-1_atac,CD14+ Mono,test_scATAC,CD4+ T activated,CD8+ T,test_scATAC
CCAGCTAAGGGACTAA-1_atac,CD4+ T naive,test_scATAC,CD4+ T activated,Erythroblast,test_scATAC
CTAATCTTCGGTCAAT-1_atac,Erythroblast,test_scATAC,Erythroblast,CD4+ T activated,test_scATAC
AATTAGCGTTCATTTG-1_atac,Erythroblast,test_scATAC,Erythroblast,CD14+ Mono,test_scATAC
GGGTGAAGTGATGAAA-1_atac,CD4+ T activated,test_scATAC,CD4+ T naive,NK,test_scRNA
CCGTTGCGTTTATGGG-1_atac,G/M prog,test_scATAC,CD14+ Mono,NK,test_scRNA
CGGTGAGAGCATTATG-1_atac,Naive CD20+ B,test_scATAC,CD14+ Mono,CD4+ T naive,test_scATAC
GGTTGCTCAGCAACAG-1_atac,CD14+ Mono,test_scATAC,Erythroblast,CD14+ Mono,test_scRNA
AGTGATGAGGCTTAAC-1_atac,CD4+ T naive,test_scATAC,CD4+ T naive,CD4+ T activated,test_scRNA
CGTAACTAGTTTGCGG-1_atac,CD4+ T activated,test_scATAC,CD4+ T activated,CD14+ Mono,test_scATAC
ATATAGGCAAGGAATC-1_atac,Naive CD20+ B,test_scATAC,ILC,Erythroblast,test_scATAC
TTCGGTACAATAACCT-1_atac,Erythroblast,test_scATAC,ILC,CD4+ T naive,test_scRNA
ATATGTCCATCCGTAA-1_atac,NK,test_scATAC,Erythroblast,CD4+ T naive,test_scRNA
CATGCGCAGCACGTTG-1_atac,CD8+ T,test_scATAC,CD4+ T activated,Lymph prog,test_scATAC
CGGCAATGTTGTTGCT-1_atac,CD14+ Mono,test_scATAC,CD8+ T,CD14+ Mono,test_scATAC
AAGTTAGCATGCTATG-1_atac,CD14+ Mono,test_scATAC,CD4+ T activated,Naive CD20+ B,test_scRNA
CAAACCGTCATGGTGT-1_atac,CD4+ T activated,test_scATAC,CD4+ T naive,G/M prog,test_scATAC
TAATGGACATAGCTGC-1_atac,Erythroblast,test_scATAC,Naive CD20+ B,CD4+ T activated,test_scRNA
ACCTTCCAGTAATCCA-1_atac,CD4+ T activated,test_scATAC,CD4+ T naive,Erythroblast,test_scATAC
CCTAAGGTCTATGACA-1_atac,Erythroblast,test_scATAC,Naive CD20+ B,CD4+ T activated,test_scATAC
CGCACAATCGTAATCA-1_atac,Normoblast,test_scATAC,Erythroblast,CD4+ T activated,test_scATAC
AGCTTCCTCTGCAACG-1_atac,Normoblast,test_scATAC,CD4+ T activated,CD14+ Mono,test_scRNA
GATGACTTCAGCCAAT-1_atac,CD14+ Mono,test_scATAC,Normoblast,CD8+ T,test_scRNA
AACGCTAGTTTATTCG-1_atac,Normoblast,test_scATAC,Erythroblast,Normoblast,test_scRNA
AGACAATAGAGGAGTC-1_atac,Erythroblast,test_scATAC,CD4+ T naive,NK,test_scRNA
AGGATGCAGGATAAAC-1_atac,CD8+ T,test_scATAC,CD4+ T activated,NK,test_scATAC
GCTAGTGTCTAATTGG-1_atac,Erythroblast,test_scATAC,HSC,CD4+ T activated,test_scRNA
ACTTCGCTCTTTAAGG-1_atac,CD4+ T activated,test_scATAC,CD4+ T activated,CD4+ T activated,test_scATAC
GTTGGCGGTATCTGGA-1_atac,CD4+ T naive,test_scATAC,HSC,CD4+ T activated,test_scRNA
CCCGTTGTCGCCTGTT-1_atac,Naive CD20+ B,test_scATAC,Plasma cell,CD14+ Mono,test_scRNA
AATGCGCGTTATGTGG-1_atac,CD8+ T,test_scATAC,Naive CD20+ B,Erythroblast,test_scATAC
CTAGGACGTACGCGCA-1_atac,CD4+ T naive,test_scATAC,NK,CD4+ T naive,test_scRNA
GAACCTTAGAAACTGG-1_atac,CD4+ T activated,test_scATAC,G/M prog,ID2-hi myeloid prog,test_scATAC
ACATCATCACTTAACG-1_atac,G/M prog,test_scATAC,Erythroblast,CD4+ T naive,test_scATAC
GCCTTGCGTTTACGTC-1_atac,Normoblast,test_scATAC,CD8+ T,Proerythroblast,test_scATAC
TATCACGCAATTGACT-1_atac,Erythroblast,test_scATAC,CD8+ T,NK,test_scRNA
TCCTTCAAGCGAGCGA-1_atac,CD4+ T naive,test_scATAC,NK,NK,test_scRNA
TATCACGCAGGCATGA-1_atac,NK,test_scATAC,B1 B,NK,test_scATAC
CGGCTAATCCCGTTTA-1_atac,B1 B,test_scATAC,CD4+ T activated,CD4+ T activated,test_scRNA
GGAAACTCAATGAAGC-1_atac,CD4+ T naive,test_scATAC,ID2-hi myeloid prog,Erythroblast,test_scATAC
CCAGCTGCATGAGTTT-1_atac,NK,test_scATAC,CD4+ T naive,CD4+ T activated,test_scRNA
CTACTTAGTAAGCTCA-1_atac,Naive CD20+ B,test_scATAC,Naive CD20+ B,Normoblast,test_scATAC
GCCAGGAAGGCATTGT-1_atac,CD4+ T naive,test_scATAC,Naive CD20+ B,CD4+ T naive,test_scATAC
GCGCTTAAGTTATCCT-1_atac,Normoblast,test_scATAC,CD14+ Mono,HSC,test_scRNA
ATAATGGCAGAGGCTA-1_atac,B1 B,test_scATAC,Naive CD20+ B,CD4+ T activated,test_scATAC
GCCACACAGTAAGGGC-1_atac,CD14+ Mono,test_scATAC,CD14+ Mono,Erythroblast,test_scRNA
CGAAGGCCACCTACGG-1_atac,CD14+ Mono,test_scATAC,ILC,CD4+ T naive,test_scATAC
CTAGGCGGTGCAATGC-1_atac,NK,test_scATAC,HSC,Erythroblast,test_scRNA
TTTGGTAAGGCACAGG-1_atac,Normoblast,test_scATAC,Erythroblast,CD4+ T activated,test_scATAC
GATTGTTCACCTGCTC-1_atac,CD4+ T naive,test_scATAC,CD4+ T activated,NK,test_scRNA
GCTGTAAGTTGCGGAT-1_atac,B1 B,test_scATAC,Normoblast,Erythroblast,test_scRNA
GGTCGGTTCCACCTGT-1_atac,CD4+ T activated,test_scATAC,CD4+ T activated,NK,test_scATAC
GATGGACAGCATTATG-1_atac,Normoblast,test_scATAC,G/M prog,CD4+ T naive,test_scATAC
TTGTGCGAGACACTTA-1_atac,CD14+ Mono,test_scATAC,CD14+ Mono,CD14+ Mono,test_scATAC
AGTCAATGTCCTTAGT-1_atac,CD14+ Mono,test_scATAC,CD14+ Mono,Erythroblast,test_scATAC
CGATCCTTCAGCACGC-1_atac,Naive CD20+ B,test_scATAC,Plasma cell,NK,test_scATAC
AGAATCTGTGAATCGC-1_atac,CD8+ T,test_scATAC,B1 B,CD4+ T naive,test_scATAC
TCTTAGCGTCCGGTTC-1_atac,Naive CD20+ B,test_scATAC,Erythroblast,NK,test_scATAC
CTGCAATAGCCGCAAC-1_atac,CD4+ T naive,test_scATAC,CD4+ T naive,B1 B,test_scATAC
ACAGCCGGTCACAGCG-1_atac,CD8+ T,test_scATAC,NK,CD4+ T activated,test_scATAC
TAGGCTTAGCACTAAC-1_atac,Naive CD20+ B,test_scATAC,NK,Normoblast,test_scRNA
GCTATCCTCCACCCTG-1_atac,Normoblast,test_scATAC,CD4+ T naive,ILC,test_scRNA
TCCATGCTCATGACCG-1_atac,G/M prog,test_scATAC,CD8+ T,ILC,test_scRNA
AATCTTGAGTACTGGT-1_atac,CD8+ T,test_scATAC,CD4+ T activated,Normoblast,test_scATAC
GTTCCCAGTTCGCGCT-1_atac,NK,test_scATAC,Normoblast,pDC,test_scATAC
ACCTGTTGTGCTGGTG-1_atac,Normoblast,test_scATAC,CD4+ T activated,CD14+ Mono,test_scATAC
CAGGTGGAGCATGTCG-1_atac,CD8+ T,test_scATAC,CD4+ T naive,Naive CD20+ B,test_scATAC
TGAAGTGAGCAAGATG-1_atac,Erythroblast,test_scATAC,CD4+ T activated,NK,test_scRNA
CCTAAGCCACAATGTT-1_atac,CD14+ Mono,test_scATAC,CD4+ T naive,NK,test_scATAC
GTCATTAAGTTTGGGT-1_atac,Normoblast,test_scATAC,Normoblast,pDC,test_scRNA
GCGGGTTTCATAAGCC-1_atac,B1 B,test_scATAC,CD14+ Mono,Normoblast,test_scRNA
CGTTGCAAGTCAATCA-1_atac,Erythroblast,test_scATAC,CD14+ Mono,Proerythroblast,test_scATAC
TCATTTGGTTCGGGAT-1_atac,CD4+ T naive,test_scATAC,B1 B,Erythroblast,test_scATAC
TCAGCCTTCGCTAGTG-1_atac,CD8+ T,test_scATAC,CD14+ Mono,CD4+ T naive,test_scATAC
CCTAGTTGTTAGCATG-1_atac,NK,test_scATAC,Normoblast,CD4+ T naive,test_scATAC
AAAGCAAGTTATGTGG-1_atac,G/M prog,test_scATAC,Erythroblast,Erythroblast,test_scATAC
TCTAATCTCCAGGTCA-1_atac,CD14+ Mono,test_scATAC,CD8+ T,CD14+ Mono,test_scRNA
CCCAACCGTTACCTGT-1_atac,Erythroblast,test_scATAC,ID2-hi myeloid prog,CD4+ T naive,test_scRNA
GTAGCGCTCATTATGG-1_atac,CD4+ T naive,test_scATAC,Erythroblast,CD14+ Mono,test_scRNA
GTCTTGCTCATTGTTC-1_atac,CD4+ T activated,test_scATAC,CD8+ T,Erythroblast,test_scRNA
CAGGTTTAGCTTATGA-1_atac,NK,test_scATAC,CD14+ Mono,Lymph prog,test_scRNA
TCTTGTCCAAGCCAGA-1_atac,CD4+ T naive,test_scATAC,CD14+ Mono,Naive CD20+ B,test_scATAC
CTGTATTTCCCTCAGT-1_atac,NK,test_scATAC,CD4+ T activated,MK/E prog,test_scRNA
GGAGCATAGGCTGTCA-1_atac,Naive CD20+ B,test_scATAC,CD14+ Mono,CD4+ T naive,test_scATAC
GTTTGCTGTGTCCAGG-1_atac,ILC,test_scATAC,CD8+ T,Naive CD20+ B,test_scATAC
GACATAGAGCCTCTCG-1_atac,CD4+ T activated,test_scATAC,CD4+ T activated,CD14+ Mono,test_scATAC
CCTGTAACATTAGCCA-1_atac,NK,test_scATAC,Erythroblast,Erythroblast,test_scATAC
ATCAAGACATAAGGAC-1_atac,CD8+ T,test_scATAC,CD4+ T naive,CD14+ Mono,test_scATAC
TGATGATGTCCAAATG-1_atac,CD4+ T naive,test_scATAC,MK/E prog,CD4+ T naive,test_scATAC
CCGACAGGTCTTGCTG-1_atac,NK,test_scATAC,CD14+ Mono,Normoblast,test_scATAC
AGCGGATAGCCAGTAT-1_atac,Normoblast,test_scATAC,ILC,CD8+ T,test_scRNA
ACAACATGTTAAGCGC-1_atac,CD14+ Mono,test_scATAC,NK,CD8+ T,test_scATAC
CCGTGCTGTGCAATGC-1_atac,CD4+ T activated,test_scATAC,NK,CD8+ T,test_scRNA
CAGGTTAGTAACCTAG-1_atac,CD4+ T naive,test_scATAC,CD8+ T,CD4+ T activated,test_scATAC
GGTTCCCGTTTGCAGA-1_atac,G/M prog,test_scATAC,CD14+ Mono,CD4+ T naive,test_scATAC
CCGCTTAGTATTGGTG-1_atac,CD4+ T naive,test_scATAC,CD14+ Mono,CD4+ T activated,test_scATAC
GTCTTTGTCGCAATCG-1_atac,CD8+ T,test_scATAC,NK,CD14+ Mono,test_scATAC
GTTTCCTCATGTTGCA-1_atac,Normoblast,test_scATAC,Erythroblast,B1 B,test_scRNA
CTTTAGTTCTTGAGGT-1_atac,CD8+ T,test_scATAC,Transitional B,CD4+ T naive,test_scRNA
GGCCTAATCACTTTAC-1_atac,CD8+ T,test_scATAC,Erythroblast,CD8+ T,test_scATAC
GCTGATCCATCAATCG-1_atac,CD4+ T naive,test_scATAC,CD8+ T,CD4+ T activated,test_scRNA
ACTTGAATCATGTTTC-1_atac,CD4+ T activated,test_scATAC,pDC,Erythroblast,test_scATAC
AAAGCCGCAAGCCAGA-1_atac,NK,test_scATAC,Naive CD20+ B,CD4+ T naive,test_scRNA
GGGCGAATCTGGCATG-1_atac,Normoblast,test_scATAC,CD4+ T naive,CD4+ T naive,test_scATAC
CAAAGGATCATGCAAC-1_atac,CD4+ T naive,test_scATAC,CD16+ Mono,CD4+ T activated,test_scATAC
TCCATTGTCAATGTGC-1_atac,CD4+ T activated,test_scATAC,Erythroblast,Normoblast,test_scRNA
CGAATATGTGTAACCA-1_atac,Erythroblast,test_scATAC,CD14+ Mono,CD8+ T,test_scRNA
CCAGTTTGTACAATGT-1_atac,Naive CD20+ B,test_scATAC,CD4+ T activated,CD14+ Mono,test_scATAC
GAACTTATCCCGTTGT-1_atac,Naive CD20+ B,test_scATAC,CD4+ T activated,CD4+ T activated,test_scRNA
TTGTCAAAGCTATTGA-1_atac,Normoblast,test_scATAC,CD4+ T naive,B1 B,test_scRNA
GATGACTTCCTAATAG-1_atac,CD14+ Mono,test_scATAC,NK,CD8+ T,test_scATAC
CAATAGCTCGTGCCTT-1_atac,CD8+ T,test_scATAC,Normoblast,CD14+ Mono,test_scRNA
TGCATCCTCTTGGATA-1_atac,Erythroblast,test_scATAC,Erythroblast,B1 B,test_scRNA
GCGGTTGGTTGCACGG-1_atac,CD8+ T,test_scATAC,CD4+ T naive,NK,test_scATAC
CGGAGTCTCCCGAACA-1_atac,CD14+ Mono,test_scATAC,NK,Naive CD20+ B,test_scRNA
CTAATGTCATGTCAAT-1_atac,CD4+ T naive,test_scATAC,Erythroblast,CD4+ T naive,test_scATAC
CGCGGATTCCATTACT-1_atac,CD4+ T activated,test_scATAC,CD14+ Mono,NK,test_scRNA
TCATACTTCATTACAG-1_atac,CD4+ T naive,test_scATAC,CD14+ Mono,Naive CD20+ B,test_scATAC
GTTAGGCGTAACAGGG-1_atac,CD8+ T,test_scATAC,Naive CD20+ B,Plasma cell,test_scATAC
AATTACCCACGAATCC-1_atac,ILC,test_scATAC,Transitional B,CD4+ T activated,test_scRNA
GTCAAACTCATTAGTG-1_atac,Naive CD20+ B,test_scATAC,CD4+ T naive,CD8+ T,test_scRNA
CTTTGAGCACATACTG-1_atac,Erythroblast,test_scATAC,CD14+ Mono,pDC,test_scATAC
CCCTGTTAGGACTTAC-1_atac,G/M prog,test_scATAC,Erythroblast,CD14+ Mono,test_scRNA
TATGGGCGTTCCTGAT-1_atac,Naive CD20+ B,test_scATAC,Normoblast,CD14+ Mono,test_scATAC
CAGAACCGTTTGCTGT-1_atac,NK,test_scATAC,Naive CD20+ B,pDC,test_scATAC
CCTTCGTAGGATTGCT-1_atac,Normoblast,test_scATAC,CD14+ Mono,Erythroblast,test_scATAC
TAGGGTTTCGAGGAAC-1_atac,B1 B,test_scATAC,CD14+ Mono,CD14+ Mono,test_scATAC
CGTATTGCACATACTG-1_atac,CD8+ T,test_scATAC,Normoblast,Naive CD20+ B,test_scRNA
GGTGCTTCATCAATCG-1_atac,CD4+ T activated,test_scATAC,CD4+ T activated,CD8+ T,test_scATAC
AGAGAAGCAACCCTAA-1_atac,NK,test_scATAC,NK,CD8+ T,test_scATAC
GAGTAATAGGAGTAAT-1_atac,CD8+ T,test_scATAC,B1 B,CD8+ T,test_scATAC
AGTGTGGCAAACGGGC-1_atac,CD14+ Mono,test_scATAC,Proerythroblast,NK,test_scATAC
GAAGTATAGGTCCACA-1_atac,Normoblast,test_scATAC,NK,B1 B,test_scATAC
TTTAACGAGCAAGACA-1_atac,CD14+ Mono,test_scATAC,CD8+ T,CD8+ T,test_scRNA
GAGTATCTCACTAATG-1_atac,Erythroblast,test_scATAC,NK,CD4+ T activated,test_scRNA
TCAGCCTTCACTAGGT-1_atac,G/M prog,test_scATAC,Erythroblast,Erythroblast,test_scATAC
AGTAACGAGCATGTCG-1_atac,CD14+ Mono,test_scATAC,NK,CD4+ T activated,test_scATAC
TCCCTCACATTAAACC-1_atac,CD4+ T naive,test_scATAC,CD4+ T activated,Normoblast,test_scATAC
AGTACGCGTGATCAGC-1_atac,CD8+ T,test_scATAC,CD14+ Mono,CD14+ Mono,test_scATAC
ATGACCAGTGAGGTAG-1_atac,CD14+ Mono,test_scATAC,Erythroblast,NK,test_scATAC
CTACTTAGTTCGCGCT-1_atac,CD4+ T activated,test_scATAC,CD14+ Mono,CD4+ T activated,test_scATAC
ATTACGTCACAGGATG-1_atac,Naive CD20+ B,test_scATAC,CD4+ T activated,CD14+ Mono,test_scATAC
TGGTTCTGTGCATTAG-1_atac,Normoblast,test_scATAC,Lymph prog,CD4+ T activated,test_scATAC
ACTAACCAGGGTTATC-1_atac,CD14+ Mono,test_scATAC,CD8+ T,CD4+ T naive,test_scATAC
GAAAGCCAGTAGCTTA-1_atac,NK,test_scATAC,NK,Naive CD20+ B,test_scRNA
AACAAGCCATAATCGT-1_atac,CD4+ T naive,test_scATAC,G/M prog,CD14+ Mono,test_scRNA
GAAACCCGTTGGCCGA-1_atac,CD14+ Mono,test_scATAC,cDC2,Erythroblast,test_scRNA
TAGCCTTGTTTACTTG-1_atac,Erythroblast,test_scATAC,NK,NK,test_scRNA
TCAGTGAGTGCATTAG-1_atac,CD8+ T,test_scATAC,Naive CD20+ B,CD4+ T activated,test_scATAC
CAAACGCGTCAGGCCA-1_atac,CD14+ Mono,test_scATAC,Erythroblast,CD4+ T activated,test_scATAC
AACGCCCAGGTCAAAG-1_atac,G/M prog,test_scATAC,Erythroblast,Normoblast,test_scATAC
CAGATTCAGCGCCTAA-1_atac,NK,test_scATAC,Erythroblast,NK,test_scATAC
TATCCAGCAGCAAATA-1_atac,NK,test_scATAC,CD4+ T naive,Erythroblast,test_scRNA
TGCTTGTGTGCGCATG-1_atac,CD8+ T,test_scATAC,CD4+ T naive,Erythroblast,test_scATAC
TTGTGCGAGGAGGTTA-1_atac,CD8+ T,test_scATAC,Erythroblast,NK,test_scATAC
CTATTGAAGCTGTAAC-1_atac,CD8+ T,test_scATAC,CD14+ Mono,B1 B,test_scATAC
CGACTAAGTTTGTGGA-1_atac,CD4+ T activated,test_scATAC,CD4+ T naive,CD4+ T activated,test_scATAC
ACCAATATCGTAATCA-1_atac,Naive CD20+ B,test_scATAC,CD14+ Mono,CD4+ T activated,test_scATAC
GGCCTTAAGTATTGTG-1_atac,CD14+ Mono,test_scATAC,NK,B1 B,test_scATAC
GGTACTAGTCGCAATA-1_atac,CD8+ T,test_scATAC,CD4+ T naive,CD4+ T naive,test_scATAC
AACATAGCACCTGCTC-1_atac,CD14+ Mono,test_scATAC,Normoblast,Erythroblast,test_scRNA
AGTCTTGCAAGGCCAA-1_atac,CD14+ Mono,test_scATAC,G/M prog,Erythroblast,test_scRNA
AATGAAGGTTAAGCGC-1_atac,CD4+ T naive,test_scATAC,CD8+ T,Naive CD20+ B,test_scRNA
CGGTTGGGTGACCTGG-1_atac,CD4+ T activated,test_scATAC,Normoblast,CD8+ T,test_scATAC
CAGAATCTCCGCAACA-1_atac,NK,test_scATAC,NK,CD14+ Mono,test_scRNA
ATGGTGCGTAGCTAGC-1_atac,Normoblast,test_scATAC,CD4+ T activated,CD4+ T activated,test_scATAC
GGTACAAAGCTATGAC-1_atac,CD8+ T,test_scATAC,CD14+ Mono,CD14+ Mono,test_scRNA
CCTGTATGTAATAACC-1_atac,Erythroblast,test_scATAC,Erythroblast,CD14+ Mono,test_scATAC
AACTAGTGTGTTGCTT-1_atac,CD4+ T activated,test_scATAC,CD8+ T,Erythroblast,test_scATAC
AGCGTGCTCAGCTAAC-1_atac,CD4+ T naive,test_scATAC,NK,CD4+ T activated,test_scRNA
TCTGTGACAACAGCCT-1_atac,CD4+ T naive,test_scATAC,B1 B,CD14+ Mono,test_scRNA
GCTAACCCAGCCGCTA-1_atac,Erythroblast,test_scATAC,CD4+ T activated,CD4+ T activated,test_scRNA
CTATTCAGTGTGCAAC-1_atac,CD14+ Mono,test_scATAC,CD14+ Mono,NK,test_scATAC
AATGGCGCAACAGGAT-1_atac,CD8+ T,test_scATAC,MK/E prog,Proerythroblast,test_scRNA
ATGACGAAGTCAATTG-1_atac,CD8+ T,test_scATAC,CD14+ Mono,Normoblast,test_scATAC
TAGTTTGAGTTGGGCC-1_atac,CD8+ T,test_scATAC,CD8+ T,CD4+ T activated,test_scATAC
AAGTAGCCAAGGTCCT-1_atac,CD14+ Mono,test_scATAC,NK,Naive CD20+ B,test_scRNA
GGTCTTTGTGTCCAAA-1_atac,G/M prog,test_scATAC,NK,CD4+ T activated,test_scRNA
ACAACAACAATAAGCA-1_atac,CD14+ Mono,test_scATAC,CD14+ Mono,CD14+ Mono,test_scATAC
TGAACAACAGAAATTG-1_atac,CD4+ T activated,test_scATAC,CD14+ Mono,Naive CD20+ B,test_scRNA
CTGTTCATCATGACCG-1_atac,Naive CD20+ B,test_scATAC,NK,Naive CD20+ B,test_scRNA
TCAGTGAGTCGCGCAA-1_atac,Naive CD20+ B,test_scATAC,NK,Erythroblast,test_scATAC
GCGGATACACAATACT-1_atac,NK,test_scATAC,CD4+ T activated,G/M prog,test_scRNA
GGTTCCCGTTAACAGT-1_atac,Naive CD20+ B,test_scATAC,Naive CD20+ B,CD4+ T activated,test_scRNA
AAGTTAGCATTGTGGC-1_atac,CD4+ T activated,test_scATAC,CD14+ Mono,CD4+ T naive,test_scATAC
TCCTCACAGGGCTAAA-1_atac,Erythroblast,test_scATAC,CD8+ T,Normoblast,test_scATAC
TGCCGGTAGGCCGGAA-1_atac,Erythroblast,test_scATAC,CD4+ T naive,Normoblast,test_scRNA
CAAGTAACAGGATTAA-1_atac,CD4+ T activated,test_scATAC,CD4+ T activated,NK,test_scATAC
GATCACTAGTCAATCA-1_atac,Erythroblast,test_scATAC,Erythroblast,CD4+ T activated,test_scRNA
ACGCTTGAGGTCCTGA-1_atac,CD8+ T,test_scATAC,NK,Erythroblast,test_scATAC
ACGCTTGAGTTTGCGG-1_atac,Naive CD20+ B,test_scATAC,ILC,CD4+ T activated,test_scRNA
GCTTAAATCTTAGCCC-1_atac,NK,test_scATAC,Naive CD20+ B,CD14+ Mono,test_scRNA
GTGTCCAAGTCTATGA-1_atac,ILC,test_scATAC,NK,CD4+ T naive,test_scRNA
TGGTTCTGTTAATCGG-1_atac,Naive CD20+ B,test_scATAC,Normoblast,Erythroblast,test_scATAC
TCGCCCATCACACAGT-1_atac,Naive CD20+ B,test_scATAC,Erythroblast,CD14+ Mono,test_scRNA
TGGTTGAGTGGGAACA-1_atac,CD4+ T activated,test_scATAC,CD4+ T naive,Normoblast,test_scATAC
GCATATATCCTCGATC-1_atac,NK,test_scATAC,CD8+ T,CD8+ T,test_scRNA
ACCCGTAAGTTTCCGC-1_atac,CD14+ Mono,test_scATAC,CD4+ T activated,CD4+ T activated,test_scATAC
TGAACAGAGCTGTCAG-1_atac,CD4+ T activated,test_scATAC,CD4+ T naive,CD14+ Mono,test_scATAC
AAAGCGGGTCCCGGAA-1_atac,CD8+ T,test_scATAC,NK,CD14+ Mono,test_scATAC
GGTTAGCGTTCCTGTG-1_atac,CD8+ T,test_scATAC,Erythroblast,CD14+ Mono,test_scATAC
CTTACCGGTCCTAAGA-1_atac,NK,test_scATAC,pDC,Erythroblast,test_scATAC
ATGACGAAGACAGGTA-1_atac,CD4+ T activated,test_scATAC,CD14+ Mono,CD4+ T activated,test_scATAC
TGCACCTTCGACCTGA-1_atac,Erythroblast,test_scATAC,Erythroblast,CD4+ T activated,test_scRNA
AACTGTTCATGAGTTT-1_atac,CD8+ T,test_scATAC,CD14+ Mono,CD14+ Mono,test_scRNA
AAGACATAGGAGCATA-1_atac,CD4+ T activated,test_scATAC,Normoblast,Naive CD20+ B,test_scATAC
TACAAGCTCTGGCATG-1_atac,Naive CD20+ B,test_scATAC,CD4+ T naive,Transitional B,test_scRNA
CCAACCAAGGGACTAA-1_atac,CD4+ T naive,test_scATAC,CD4+ T naive,CD4+ T activated,test_scRNA
CCGCAAATCATAGCCG-1_atac,CD14+ Mono,test_scATAC,Erythroblast,CD4+ T activated,test_scRNA
TACCGTTGTGCACGCA-1_atac,CD4+ T activated,test_scATAC,Normoblast,G/M prog,test_scATAC
AATTACCCATGTTGTG-1_atac,Erythroblast,test_scATAC,CD8+ T,Naive CD20+ B,test_scATAC
GTACTAGGTTGAGCCG-1_atac,CD8+ T,test_scATAC,ID2-hi myeloid prog,NK,test_scATAC
CTGATCACAACCGCCA-1_atac,CD4+ T naive,test_scATAC,CD4+ T activated,CD4+ T naive,test_scRNA
ATGCGATTCTAGCGTG-1_atac,Erythroblast,test_scATAC,CD14+ Mono,CD4+ T naive,test_scATAC
GCTATTGCACTGACTA-1_atac,Erythroblast,test_scATAC,NK,NK,test_scRNA
TATCACGCATGTCAAT-1_atac,CD8+ T,test_scATAC,MK/E prog,CD8+ T,test_scATAC
TGTTCCTCATCACTTC-1_atac,CD4+ T naive,test_scATAC,Erythroblast,CD14+ Mono,test_scRNA
TGATTGCAGTTTAACG-1_atac,Erythroblast,test_scATAC,Erythroblast,CD4+ T activated,test_scATAC
GGAGTCTGTTGCGCGA-1_atac,Naive CD20+ B,test_scATAC,CD8+ T,CD8+ T,test_scRNA
CTTCTAAGTTGGCGTG-1_atac,CD4+ T activated,test_scATAC,CD4+ T activated,Normoblast,test_scRNA
CTCGCTAGTCCTTTAA-1_atac,CD4+ T activated,test_scATAC,CD4+ T naive,Lymph prog,test_scATAC
TTATCCGTCATGAGCT-1_atac,CD4+ T activated,test_scATAC,cDC2,CD16+ Mono,test_scATAC
TATAACCCACAAAGCG-1_atac,CD4+ T naive,test_scATAC,CD8+ T,CD14+ Mono,test_scRNA
AGTGCACGTGCTCCGT-1_atac,B1 B,test_scATAC,CD14+ Mono,NK,test_scATAC
GAGGCTTGTTTCCGGC-1_atac,Erythroblast,test_scATAC,ILC,Erythroblast,test_scRNA
TATCGCACAGCAAATA-1_atac,CD8+ T,test_scATAC,CD8+ T,Naive CD20+ B,test_scRNA
TGGTCAAGTTTCGCGC-1_atac,Naive CD20+ B,test_scATAC,Erythroblast,Naive CD20+ B,test_scRNA
ATGTTTGAGGAGCACG-1_atac,NK,test_scATAC,CD4+ T naive,CD4+ T naive,test_scRNA
CCAGGAACAGGCTACT-1_atac,Naive CD20+ B,test_scATAC,CD8+ T,Normoblast,test_scATAC
TCCTTTACAAATTGCT-1_atac,CD14+ Mono,test_scATAC,CD4+ T naive,Transitional B,test_scATAC
ATTACCGCAACACCTA-1_atac,CD8+ T,test_scATAC,CD14+ Mono,CD8+ T,test_scRNA
TGTGGCCAGCGCTAAT-1_atac,Erythroblast,test_scATAC,Naive CD20+ B,HSC,test_scATAC
AGCTTAATCGCTTCTA-1_atac,CD8+ T,test_scATAC,CD16+ Mono,CD4+ T activated,test_scATAC
CTTAAGATCACTAATG-1_atac,CD14+ Mono,test_scATAC,CD4+ T naive,Normoblast,test_scATAC
ATCCTCATCGAAGTGA-1_atac,CD4+ T activated,test_scATAC,Proerythroblast,Normoblast,test_scRNA
TCTACTAGTGCGCGTA-1_atac,B1 B,test_scATAC,CD4+ T activated,Lymph prog,test_scATAC
TTAAGCCAGCTCAAAC-1_atac,Erythroblast,test_scATAC,CD8+ T,CD4+ T activated,test_scRNA
TTAGGATGTATGGTGC-1_atac,ILC,test_scATAC,NK,NK,test_scRNA
CTGTTTAGTCAAGTGC-1_atac,ILC,test_scATAC,Erythroblast,HSC,test_scRNA
GCACTTACATTAAAGG-1_atac,CD4+ T activated,test_scATAC,Erythroblast,pDC,test_scATAC
GGGTTTGTCTAAGGTC-1_atac,ILC,test_scATAC,CD14+ Mono,Normoblast,test_scRNA
GCGATTTAGATTCCTT-1_atac,Erythroblast,test_scATAC,Erythroblast,NK,test_scATAC
CTAAGGTTCAATACGC-1_atac,CD4+ T naive,test_scATAC,CD4+ T activated,CD16+ Mono,test_scATAC
ATGCTTAAGTTTGTCT-1_atac,CD4+ T activated,test_scATAC,Normoblast,NK,test_scRNA
CTCATGCTCCTCATGC-1_atac,NK,test_scATAC,CD4+ T activated,CD4+ T activated,test_scATAC
AAGACATAGCAAGGTA-1_atac,CD8+ T,test_scATAC,CD14+ Mono,CD4+ T activated,test_scATAC
GTACAATGTGCTTACT-1_atac,CD14+ Mono,test_scATAC,NK,Naive CD20+ B,test_scRNA
GGATAACCACAATTAC-1_atac,CD8+ T,test_scATAC,NK,Naive CD20+ B,test_scRNA
ACTTACAAGGTAACGA-1_atac,NK,test_scATAC,G/M prog,B1 B,test_scATAC
CAACAGGCACCTGGTG-1_atac,Erythroblast,test_scATAC,NK,CD4+ T activated,test_scRNA
GCGAAGTAGTTGCGTG-1_atac,Erythroblast,test_scATAC,Erythroblast,CD14+ Mono,test_scATAC
GAGCTTAGTGGAGCAA-1_atac,NK,test_scATAC,Naive CD20+ B,cDC2,test_scRNA
CACTGACCAGCTAACC-1_atac,CD4+ T naive,test_scATAC,NK,Normoblast,test_scATAC
GAAAGGCTCATTGTCT-1_atac,CD14+ Mono,test_scATAC,CD14+ Mono,CD14+ Mono,test_scATAC
ATCATCAAGTTCCCGT-1_atac,ILC,test_scATAC,NK,CD8+ T,test_scRNA
TGAGCACGTTGCGGAT-1_atac,CD14+ Mono,test_scATAC,pDC,CD4+ T activated,test_scATAC
CGAAATGAGGCATGAA-1_atac,CD4+ T naive,test_scATAC,Erythroblast,Erythroblast,test_scATAC
CTAATTGAGGAACCAA-1_atac,Naive CD20+ B,test_scATAC,Erythroblast,CD4+ T activated,test_scRNA
GGACCTCAGGCGAATA-1_atac,Erythroblast,test_scATAC,CD14+ Mono,CD4+ T activated,test_scATAC
GGCCAACTCCCTCAAC-1_atac,NK,test_scATAC,CD4+ T activated,CD8+ T,test_scATAC
CGGGTATGTACCGAAC-1_atac,CD4+ T activated,test_scATAC,CD8+ T,Erythroblast,test_scRNA
GATAAAGGTTCCTCCT-1_atac,CD4+ T activated,test_scATAC,CD14+ Mono,Erythroblast,test_scATAC
TAGCAGGCAGGCGATA-1_atac,NK,test_scATAC,Normoblast,CD14+ Mono,test_scATAC
TATTAGCCAGGACACA-1_atac,Erythroblast,test_scATAC,NK,CD8+ T,test_scRNA
TTTGTGTTCATGTGGT-1_atac,CD14+ Mono,test_scATAC,Naive CD20+ B,CD14+ Mono,test_scATAC
CAAGGGAGTCCCGAAG-1_atac,CD4+ T activated,test_scATAC,CD8+ T,Normoblast,test_scRNA
GCCTTAGAGGTGTCCA-1_atac,Naive CD20+ B,test_scATAC,Naive CD20+ B,CD4+ T naive,test_scATAC
TGGGCATGTACCGTTT-1_atac,CD14+ Mono,test_scATAC,Naive CD20+ B,CD4+ T activated,test_scRNA
TAGCGGCTCCTTGCGT-1_atac,NK,test_scATAC,CD4+ T activated,CD14+ Mono,test_scATAC
AGAAACTAGCTGTACG-1_atac,CD14+ Mono,test_scATAC,CD16+ Mono,Naive CD20+ B,test_scRNA
TCCCTCACACTGGCCA-1_atac,CD8+ T,test_scATAC,CD14+ Mono,Erythroblast,test_scATAC
ATGCAAACACTCGCTC-1_atac,CD4+ T activated,test_scATAC,G/M prog,Erythroblast,test_scRNA
ACAAACTGTATCTGGA-1_atac,CD14+ Mono,test_scATAC,Plasma cell,Naive CD20+ B,test_scRNA
CATGCATAGCTGTCAG-1_atac,CD4+ T activated,test_scATAC,CD4+ T activated,Transitional B,test_scRNA
CCCTAATGTCACGGAT-1_atac,Erythroblast,test_scATAC,Normoblast,Naive CD20+ B,test_scATAC
AACAGGATCGTTTCTG-1_atac,CD4+ T naive,test_scATAC,CD14+ Mono,Erythroblast,test_scRNA
ATCCAACAGCATTTCT-1_atac,Naive CD20+ B,test_scATAC,Erythroblast,CD8+ T,test_scATAC
CTCACACTCCTCACTA-1_atac,Normoblast,test_scATAC,CD8+ T,CD14+ Mono,test_scRNA
GTCCTCCCATTGTTGG-1_atac,CD14+ Mono,test_scATAC,NK,Naive CD20+ B,test_scATAC
AACTGTTCAAGGATTA-1_atac,CD4+ T activated,test_scATAC,ID2-hi myeloid prog,Erythroblast,test_scRNA
AGTTGTCAGCACAGAA-1_atac,NK,test_scATAC,CD4+ T naive,NK,test_scRNA
CGTGAGGAGGTTTGCG-1_atac,Erythroblast,test_scATAC,CD8+ T,Proerythroblast,test_scATAC
TGTCATAAGTGTTGCG-1_atac,CD8+ T,test_scATAC,Proerythroblast,CD14+ Mono,test_scRNA
ACCTCACTCCAGGAAA-1_atac,ILC,test_scATAC,CD14+ Mono,CD4+ T naive,test_scATAC
ACCAGGCTCGATATTG-1_atac,CD4+ T activated,test_scATAC,Lymph prog,B1 B,test_scRNA
AAACATGCACTAAGTT-1_atac,CD4+ T activated,test_scATAC,CD14+ Mono,CD14+ Mono,test_scATAC
CGTTGCAAGCTCCTTA-1_atac,CD8+ T,test_scATAC,Naive CD20+ B,B1 B,test_scRNA
CCGCTAGCATTGGGAG-1_atac,CD8+ T,test_scATAC,CD4+ T activated,NK,test_scRNA
GAGGCCTTCTCGACCT-1_atac,Naive CD20+ B,test_scATAC,CD14+ Mono,CD4+ T activated,test_scATAC
CCTCAGTTCCGTTAAA-1_atac,B1 B,test_scATAC,CD8+ T,B1 B,test_scRNA
TATCCAGCATAAGGAC-1_atac,Erythroblast,test_scATAC,CD4+ T naive,CD4+ T activated,test_scRNA
CATCATAAGGTTAGCT-1_atac,CD4+ T naive,test_scATAC,Erythroblast,Naive CD20+ B,test_scRNA
CGTTAACAGCAAGGTA-1_atac,CD4+ T naive,test_scATAC,CD14+ Mono,CD14+ Mono,test_scRNA
ACGAACAAGCCTAATA-1_atac,Erythroblast,test_scATAC,NK,CD4+ T activated,test_scATAC
CAAACTGGTTCATTTG-1_atac,CD8+ T,test_scATAC,pDC,NK,test_scRNA
CAGCCAATCCAGGAAA-1_atac,CD4+ T naive,test_scATAC,Erythroblast,cDC2,test_scATAC
GAGAACCAGGTCCACA-1_atac,Normoblast,test_scATAC,CD4+ T activated,NK,test_scATAC
ATTACGTCAAGCCAGA-1_atac,CD4+ T naive,test_scATAC,CD8+ T,NK,test_scRNA
GATTGCGTCCAATAGC-1_atac,CD8+ T,test_scATAC,CD14+ Mono,NK,test_scATAC
AGCTTTAAGCACGTTG-1_atac,NK,test_scATAC,Naive CD20+ B,Naive CD20+ B,test_scRNA
GGACCGAAGGGATGCG-1_atac,CD4+ T activated,test_scATAC,NK,CD4+ T activated,test_scATAC
TCGTGCTTCTTAGCCC-1_atac,NK,test_scATAC,Erythroblast,Naive CD20+ B,test_scRNA
AGCGCCTAGCAAGGGT-1_atac,NK,test_scATAC,Naive CD20+ B,CD14+ Mono,test_scATAC
CTATGACAGGTAGCTT-1_atac,Normoblast,test_scATAC,NK,Naive CD20+ B,test_scATAC
TCTAACTTCAGGTCCA-1_atac,Erythroblast,test_scATAC,Naive CD20+ B,CD14+ Mono,test_scRNA
TCCGGAATCCATAAGC-1_atac,CD14+ Mono,test_scATAC,CD4+ T naive,Normoblast,test_scATAC
GCTCGATCAACTAGGG-1_atac,CD4+ T activated,test_scATAC,Naive CD20+ B,Normoblast,test_scRNA
GCATCCTTCGATCAGT-1_atac,Erythroblast,test_scATAC,NK,CD4+ T activated,test_scRNA
GTTGGCCAGGCTGTCA-1_atac,CD14+ Mono,test_scATAC,CD8+ T,CD8+ T,test_scRNA
ATTAGCGGTATTTGGG-1_atac,Erythroblast,test_scATAC,Proerythroblast,pDC,test_scRNA
TCCTCTAAGGATAAAC-1_atac,CD4+ T activated,test_scATAC,NK,CD4+ T naive,test_scATAC
ACGTACCCAGGACCAA-1_atac,NK,test_scATAC,CD4+ T activated,CD4+ T activated,test_scATAC
ACTAACGGTTCCTGTG-1_atac,NK,test_scATAC,CD4+ T naive,CD4+ T activated,test_scATAC
TTACGTTTCGGCCATA-1_atac,CD8+ T,test_scATAC,CD4+ T activated,NK,test_scRNA
GGCTATGTCAGCTAAC-1_atac,Naive CD20+ B,test_scATAC,CD14+ Mono,CD8+ T,test_scRNA
CACAATATCATGCTTT-1_atac,Naive CD20+ B,test_scATAC,NK,Erythroblast,test_scATAC
TACGGTTAGAGGAGGA-1_atac,CD4+ T naive,test_scATAC,Normoblast,NK,test_scRNA
CTTTGAGCAAACTAAG-1_atac,NK,test_scATAC,CD8+ T,CD4+ T activated,test_scRNA
TGGTTGAGTTTGGTTC-1_atac,CD14+ Mono,test_scATAC,CD4+ T activated,Normoblast,test_scATAC
ATCAATCCACCACAAC-1_atac,ILC,test_scATAC,CD4+ T naive,CD14+ Mono,test_scATAC
TTAGGCCCAGCAGGTA-1_atac,B1 B,test_scATAC,CD14+ Mono,Erythroblast,test_scRNA
AGGATGTCACACCAAC-1_atac,Erythroblast,test_scATAC,CD8+ T,Proerythroblast,test_scRNA
CGTTTCTCAATGCGCT-1_atac,CD14+ Mono,test_scATAC,CD4+ T activated,CD4+ T activated,test_scATAC
GGTTTAATCCTAATGA-1_atac,CD8+ T,test_scATAC,CD4+ T activated,Erythroblast,test_scATAC
CATGAGGCAGCTAACC-1_atac,Erythroblast,test_scATAC,CD4+ T activated,NK,test_scRNA
GAACCTGTCTGGCAAT-1_atac,CD4+ T activated,test_scATAC,Erythroblast,ID2-hi myeloid prog,test_scATAC
GTAGTTTCATCATGTG-1_atac,Normoblast,test_scATAC,CD14+ Mono,CD14+ Mono,test_scRNA
CCAGCTAAGCTGTCAG-1_atac,NK,test_scATAC,Erythroblast,CD4+ T activated,test_scATAC
ACGCAAGCAGGCAAGC-1_atac,CD4+ T naive,test_scATAC,CD8+ T,CD8+ T,test_scRNA
GATCAAGAGCAAACCT-1_atac,NK,test_scATAC,CD8+ T,CD16+ Mono,test_scATAC
CTATTGAAGTAACGGA-1_atac,B1 B,test_scATAC,Erythroblast,CD14+ Mono,test_scATAC
ATGTCCACATAAAGCA-1_atac,G/M prog,test_scATAC,B1 B,B1 B,test_scRNA
TCCTGTTCAGGACCTT-1_atac,CD14+ Mono,test_scATAC,CD14+ Mono,CD8+ T,test_scATAC
GTACTAATCGGTTCCT-1_atac,CD8+ T,test_scATAC,CD8+ T,CD4+ T naive,test_scATAC
CGCATTTGTGGTTATG-1_atac,B1 B,test_scATAC,CD14+ Mono,Erythroblast,test_scATAC
AGTGCCGGTATTGCAG-1_atac,NK,test_scATAC,NK,CD4+ T activated,test_scATAC
CTCACACTCACCTGTC-1_atac,CD14+ Mono,test_scATAC,NK,CD4+ T activated,test_scRNA
TGATGATGTGATGAGG-1_atac,CD8+ T,test_scATAC,G/M prog,Erythroblast,test_scRNA
AAACCGAAGGTTACAC-1_atac,CD8+ T,test_scATAC,NK,CD14+ Mono,test_scRNA
TAGGTTATCAATGTGC-1_atac,CD8+ T,test_scATAC,MK/E prog,Erythroblast,test_scRNA
AGGATTGAGAGGAGGA-1_atac,CD14+ Mono,test_scATAC,CD14+ Mono,NK,test_scATAC
CTCCATCAGGCATGAA-1_atac,CD14+ Mono,test_scATAC,CD14+ Mono,CD4+ T activated,test_scRNA
CGGTTCCGTGTGAGAG-1_atac,Erythroblast,test_scATAC,CD4+ T activated,NK,test_scRNA
ACTTCGCTCAATTACG-1_atac,Normoblast,test_scATAC,NK,NK,test_scRNA
GAACCGCTCCCGAAGC-1_atac,Normoblast,test_scATAC,CD14+ Mono,Lymph prog,test_scATAC
AAATCCGGTGATTACG-1_atac,CD4+ T activated,test_scATAC,CD16+ Mono,MK/E prog,test_scATAC
ATTTGTGAGTCATCCC-1_atac,CD8+ T,test_scATAC,B1 B,Naive CD20+ B,test_scATAC
CTGCTCCCATCCCGCT-1_atac,CD14+ Mono,test_scATAC,CD14+ Mono,CD8+ T,test_scRNA
TGAAGTGAGTGAACCT-1_atac,CD14+ Mono,test_scATAC,CD14+ Mono,NK,test_scATAC
TGTTAGCAGGCGAATA-1_atac,Erythroblast,test_scATAC,CD8+ T,CD14+ Mono,test_scATAC
CTAAGTCAGGCTGGCT-1_atac,NK,test_scATAC,CD4+ T activated,Erythroblast,test_scATAC
TGCGCAGGTTTGGCTT-1_atac,CD8+ T,test_scATAC,Erythroblast,pDC,test_scRNA
ACACTAGGTTGTCCAT-1_atac,Normoblast,test_scATAC,HSC,CD14+ Mono,test_scATAC
CGGATAAAGGGCTTAT-1_atac,CD14+ Mono,test_scATAC,CD4+ T naive,NK,test_scATAC
AAAGGTTAGGGCTAAA-1_atac,CD4+ T naive,test_scATAC,CD14+ Mono,B1 B,test_scATAC
TCCCGTTAGCGAGGTG-1_atac,CD8+ T,test_scATAC,Erythroblast,Normoblast,test_scATAC
TTTCTCACACTTAGGC-1_atac,Erythroblast,test_scATAC,NK,Erythroblast,test_scATAC
TTTGTGGCACAATGTT-1_atac,CD8+ T,test_scATAC,CD14+ Mono,CD4+ T naive,test_scRNA
GCATTAGGTGTCCTGC-1_atac,CD14+ Mono,test_scATAC,CD14+ Mono,ID2-hi myeloid prog,test_scRNA
CATTTGTTCCCGAACA-1_atac,CD8+ T,test_scATAC,CD4+ T naive,CD8+ T,test_scATAC
AATCCATCAGCAGGTA-1_atac,Normoblast,test_scATAC,CD4+ T naive,CD4+ T naive,test_scRNA
GACTTAGGTTAGCCAA-1_atac,Erythroblast,test_scATAC,CD8+ T,Naive CD20+ B,test_scRNA
GGCCTTAAGGACCTTG-1_atac,CD4+ T activated,test_scATAC,CD8+ T,Erythroblast,test_scATAC
AAGCTCCCATCCGTAA-1_atac,CD14+ Mono,test_scATAC,CD8+ T,Erythroblast,test_scRNA
CTTATGTTCATGTTTC-1_atac,Naive CD20+ B,test_scATAC,Erythroblast,NK,test_scRNA
CAAGCTAGTTCAAGCA-1_atac,Normoblast,test_scATAC,CD4+ T activated,CD4+ T activated,test_scATAC
GATTTGCAGTTACCGG-1_atac,CD4+ T naive,test_scATAC,CD14+ Mono,NK,test_scRNA
TTGAGCTAGCAAGATG-1_atac,CD4+ T naive,test_scATAC,Proerythroblast,CD4+ T naive,test_scRNA
TACCGCAAGGAACCGG-1_atac,CD14+ Mono,test_scATAC,NK,ILC,test_scATAC
CAAGTGAAGACCATAC-1_atac,CD4+ T activated,test_scATAC,Normoblast,CD14+ Mono,test_scRNA
TTGTCCATCATTGCGG-1_atac,Naive CD20+ B,test_scATAC,Erythroblast,CD4+ T naive,test_scRNA
GTTAAACGTTAACGAT-1_atac,NK,test_scATAC,Erythroblast,CD14+ Mono,test_scATAC
CATCATAAGCTAATTG-1_atac,ILC,test_scATAC,CD4+ T activated,Erythroblast,test_scATAC
AAGCTAGAGCTTTGGG-1_atac,Naive CD20+ B,test_scATAC,CD14+ Mono,CD14+ Mono,test_scRNA
ATCTTTGGTGCTAGAC-1_atac,NK,test_scATAC,CD4+ T activated,Plasma cell,test_scRNA
CCTATATTCGCATTAA-1_atac,Naive CD20+ B,test_scATAC,Naive CD20+ B,NK,test_scRNA
GTGCACGGTATTTGGG-1_atac,Erythroblast,test_scATAC,CD4+ T naive,CD14+ Mono,test_scATAC
TTTAGCAAGAAAGCAT-1_atac,CD14+ Mono,test_scATAC,CD8+ T,Normoblast,test_scRNA
GCGAAGTAGCTCATAA-1_atac,Erythroblast,test_scATAC,Transitional B,CD8+ T,test_scRNA
TGGTTCCTCTCCTCTT-1_atac,NK,test_scATAC,CD14+ Mono,CD14+ Mono,test_scRNA
GTGATGAAGGTCAAAG-1_atac,NK,test_scATAC,CD4+ T activated,CD8+ T,test_scATAC
GCGATTAGTTCACCAT-1_atac,NK,test_scATAC,Erythroblast,Erythroblast,test_scATAC
CATGCGGGTTTGTTGC-1_atac,Erythroblast,test_scATAC,Naive CD20+ B,CD4+ T activated,test_scATAC
CGTGTTACAGTCTATG-1_atac,Normoblast,test_scATAC,HSC,G/M prog,test_scATAC
CCTGATGAGGTGAAAT-1_atac,CD8+ T,test_scATAC,CD4+ T activated,CD4+ T naive,test_scRNA
GGTGTCCAGGGATGAC-1_atac,CD8+ T,test_scATAC,G/M prog,Normoblast,test_scATAC
ACACTAATCCTTAATC-1_atac,Erythroblast,test_scATAC,Naive CD20+ B,CD14+ Mono,test_scRNA
GATTTGCAGCAAACCT-1_atac,CD14+ Mono,test_scATAC,CD4+ T activated,CD14+ Mono,test_scATAC
GTTTAGCAGTATTGCA-1_atac,ILC,test_scATAC,Erythroblast,CD14+ Mono,test_scRNA
TACGTAATCTCACAAA-1_atac,CD4+ T naive,test_scATAC,Erythroblast,CD8+ T,test_scRNA
TTTATGGAGGATAAAC-1_atac,NK,test_scATAC,Plasma cell,ID2-hi myeloid prog,test_scRNA
TCTTAGTTCCAAGTTA-1_atac,CD14+ Mono,test_scATAC,CD4+ T activated,CD14+ Mono,test_scATAC
TTTGTGAAGTAGCGGG-1_atac,Erythroblast,test_scATAC,Naive CD20+ B,Erythroblast,test_scRNA
GTTCTTAGTGCTGTAA-1_atac,CD4+ T activated,test_scATAC,Erythroblast,CD14+ Mono,test_scRNA
GGCATGGAGGTCGATT-1_atac,CD4+ T activated,test_scATAC,CD8+ T,CD14+ Mono,test_scATAC
TACGTAATCGCGACAC-1_atac,CD4+ T activated,test_scATAC,Naive CD20+ B,CD4+ T activated,test_scRNA
ATTGGTTCAACTGGGA-1_atac,CD4+ T naive,test_scATAC,G/M prog,Erythroblast,test_scRNA
CAGCCTAAGTTTCCTG-1_atac,CD8+ T,test_scATAC,CD14+ Mono,CD4+ T naive,test_scRNA
AGGTCCGGTCACAGAC-1_atac,CD8+ T,test_scATAC,CD4+ T naive,CD8+ T,test_scRNA
AATTAGCGTTATTGCC-1_atac,Erythroblast,test_scATAC,CD8+ T,CD14+ Mono,test_scRNA
ATTGGTTCATCCCTCA-1_atac,CD8+ T,test_scATAC,NK,NK,test_scATAC
AGGACGTAGGTAAGCA-1_atac,Erythroblast,test_scATAC,Erythroblast,CD4+ T activated,test_scRNA
CCCGCAACAGAGGCTA-1_atac,CD8+ T,test_scATAC,CD8+ T,CD14+ Mono,test_scATAC
TCCAGCAAGGAGGTTA-1_atac,CD4+ T activated,test_scATAC,cDC2,CD14+ Mono,test_scRNA
TGACTTAAGCAGGTTT-1_atac,Normoblast,test_scATAC,CD4+ T naive,CD14+ Mono,test_scRNA
CAATCCTGTGGTTATG-1_atac,CD4+ T naive,test_scATAC,Erythroblast,NK,test_scRNA
ACTCAGTAGTTGCGTG-1_atac,Naive CD20+ B,test_scATAC,CD14+ Mono,CD8+ T,test_scATAC
GCGCAATGTTTGCGCC-1_atac,CD4+ T naive,test_scATAC,CD4+ T activated,Erythroblast,test_scATAC
CTATTGAAGACAAAGT-1_atac,CD4+ T activated,test_scATAC,Proerythroblast,Normoblast,test_scATAC
CGGATAAAGAGAGCCG-1_atac,ILC,test_scATAC,G/M prog,Erythroblast,test_scRNA
CGGACCTAGCTGAGGG-1_atac,Naive CD20+ B,test_scATAC,pDC,CD14+ Mono,test_scATAC
AAAGGTTAGTACCGCA-1_atac,CD14+ Mono,test_scATAC,HSC,ILC,test_scATAC
AGAAACCCATGAATAG-1_atac,Normoblast,test_scATAC,CD4+ T activated,CD8+ T,test_scATAC
TGCTTGCTCGTTACAA-1_atac,Erythroblast,test_scATAC,Erythroblast,CD4+ T activated,test_scATAC
AGGCGGATCGGGATTT-1_atac,CD14+ Mono,test_scATAC,CD4+ T naive,Normoblast,test_scATAC
GGAGCGATCCTTCGTA-1_atac,CD14+ Mono,test_scATAC,CD8+ T,CD4+ T naive,test_scRNA
CCGTTTGGTGTTCCCA-1_atac,Naive CD20+ B,test_scATAC,CD8+ T,NK,test_scRNA
ATCACCCTCCTGATGG-1_atac,CD8+ T,test_scATAC,Erythroblast,ILC,test_scRNA
GACATAGAGCCTCTGT-1_atac,CD14+ Mono,test_scATAC,NK,CD4+ T naive,test_scATAC
TCCATTGTCTAAGGAG-1_atac,Erythroblast,test_scATAC,NK,Erythroblast,test_scRNA
AAGAATCAGCTAATTG-1_atac,CD4+ T naive,test_scATAC,CD4+ T activated,CD16+ Mono,test_scATAC
CATGGATTCTCCATGC-1_atac,NK,test_scATAC,CD8+ T,CD8+ T,test_scRNA
AGATGAAGTACCTTAC-1_atac,Naive CD20+ B,test_scATAC,NK,CD4+ T activated,test_scATAC
TCGTAATCACCTCGCT-1_atac,Erythroblast,test_scATAC,CD4+ T activated,Naive CD20+ B,test_scRNA
AAATCCGGTTAGTACG-1_atac,Erythroblast,test_scATAC,Normoblast,CD8+ T,test_scATAC
CGACCTGCACAGGGAC-1_atac,NK,test_scATAC,CD14+ Mono,NK,test_scRNA
ATCAGGTTCCGGTTGA-1_atac,CD4+ T naive,test_scATAC,Erythroblast,Naive CD20+ B,test_scATAC
CAGCTCAAGATGGAGC-1_atac,B1 B,test_scATAC,Naive CD20+ B,NK,test_scRNA
TTCCTTCTCATAAGCC-1_atac,CD4+ T naive,test_scATAC,CD4+ T naive,Lymph prog,test_scATAC
ACCACACCATTATGGT-1_atac,CD8+ T,test_scATAC,NK,CD14+ Mono,test_scRNA
ATCACCCTCGTGCTTC-1_atac,NK,test_scATAC,Naive CD20+ B,G/M prog,test_scATAC
CATGCATAGTTAGCTA-1_atac,Normoblast,test_scATAC,Normoblast,CD8+ T,test_scRNA
AGTACGCGTTCCTCCT-1_atac,CD4+ T activated,test_scATAC,NK,B1 B,test_scATAC
CTATGATCACATGCTA-1_atac,CD8+ T,test_scATAC,CD8+ T,CD4+ T activated,test_scATAC
GATTCATCATGAATCT-1_atac,CD8+ T,test_scATAC,CD14+ Mono,Erythroblast,test_scRNA
TAGGTGCGTCGCAAAC-1_atac,NK,test_scATAC,CD4+ T activated,CD4+ T activated,test_scRNA
CTACCTCAGTTCCCAC-1_atac,NK,test_scATAC,CD8+ T,Naive CD20+ B,test_scATAC
GGTTACTAGTGAGGTA-1_atac,CD14+ Mono,test_scATAC,NK,Naive CD20+ B,test_scATAC
ATTCCTCCATAGGCGA-1_atac,Naive CD20+ B,test_scATAC,CD8+ T,CD8+ T,test_scRNA
ATGTAAGCAGCACCAT-1_atac,Normoblast,test_scATAC,Erythroblast,Erythroblast,test_scRNA
CTGCTATGTGCTCCAC-1_atac,CD14+ Mono,test_scATAC,CD14+ Mono,ID2-hi myeloid prog,test_scRNA
GCAGCCAGTGGAGCAA-1_atac,Erythroblast,test_scATAC,CD8+ T,CD4+ T naive,test_scATAC
AAACGTACAGCATGGA-1_atac,CD8+ T,test_scATAC,Erythroblast,CD4+ T activated,test_scRNA
CAAACTGGTAACCAGC-1_atac,CD4+ T activated,test_scATAC,Normoblast,Plasma cell,test_scATAC
CCTGACTTCTTAGGAC-1_atac,CD4+ T naive,test_scATAC,CD14+ Mono,Naive CD20+ B,test_scRNA
GGAACAATCACAAGCT-1_atac,Naive CD20+ B,test_scATAC,NK,CD8+ T,test_scRNA
TACGCACCATGTTTGG-1_atac,CD4+ T naive,test_scATAC,CD16+ Mono,CD8+ T,test_scRNA
GACCTTTGTTCTTTAG-1_atac,CD4+ T activated,test_scATAC,CD4+ T activated,Erythroblast,test_scATAC
GCAATCTAGATGGAGC-1_atac,CD8+ T,test_scATAC,CD8+ T,Normoblast,test_scRNA
ATTGCACAGTATTGGC-1_atac,CD14+ Mono,test_scATAC,CD14+ Mono,Transitional B,test_scRNA
CCCTGTTAGATAGACG-1_atac,Normoblast,test_scATAC,CD4+ T naive,Plasma cell,test_scATAC
ACTATCCGTCATAAGT-1_atac,Normoblast,test_scATAC,NK,CD14+ Mono,test_scRNA
ATGGCTAGTCCGCTGT-1_atac,CD4+ T naive,test_scATAC,CD8+ T,CD4+ T activated,test_scRNA
CTAGGACGTCCTTCTC-1_atac,CD14+ Mono,test_scATAC,CD4+ T activated,NK,test_scATAC
GAACCAGCACCTCGCT-1_atac,NK,test_scATAC,CD14+ Mono,Erythroblast,test_scATAC
AAGACATAGCTCAAAC-1_atac,Erythroblast,test_scATAC,B1 B,Naive CD20+ B,test_scRNA
AGGATATAGCATGACT-1_atac,Normoblast,test_scATAC,ILC,NK,test_scRNA
GAGCCACTCTAAGGAG-1_atac,NK,test_scATAC,NK,CD8+ T,test_scATAC
AAGGTCAAGGCAATAG-1_atac,B1 B,test_scATAC,Naive CD20+ B,CD8+ T,test_scRNA
AACGCCCAGCATGACT-1_atac,CD4+ T naive,test_scATAC,CD8+ T,CD4+ T activated,test_scATAC
TTACCTGTCCCGCCTA-1_atac,Normoblast,test_scATAC,Normoblast,Normoblast,test_scRNA
CCACTTGGTATACTGG-1_atac,Erythroblast,test_scATAC,pDC,Normoblast,test_scATAC
AGGCTAAAGCACAGAA-1_atac,B1 B,test_scATAC,NK,CD8+ T,test_scRNA
GCAGCCAGTTGCTTCG-1_atac,B1 B,test_scATAC,CD4+ T activated,NK,test_scRNA
CGGAGCAAGTTCCTGC-1_atac,CD4+ T activated,test_scATAC,Erythroblast,CD4+ T activated,test_scRNA
CTACAACAGGCTATGT-1_atac,G/M prog,test_scATAC,NK,NK,test_scRNA
ACGTACCCACAAGCCT-1_atac,Naive CD20+ B,test_scATAC,NK,CD8+ T,test_scRNA
GCAGCTATCTAAGTGC-1_atac,CD8+ T,test_scATAC,CD8+ T,NK,test_scRNA
CTTCAGGAGTCTTGAA-1_atac,B1 B,test_scATAC,NK,pDC,test_scATAC
GTTGGCCAGTTCCCGT-1_atac,NK,test_scATAC,CD4+ T activated,NK,test_scATAC
CTAGTTGCAGCTTAAT-1_atac,CD8+ T,test_scATAC,CD8+ T,CD4+ T activated,test_scRNA
AACATTGTCTTGACCC-1_atac,CD4+ T activated,test_scATAC,CD4+ T activated,CD4+ T activated,test_scRNA
GCTTTGTGTCAATAGT-1_atac,CD8+ T,test_scATAC,Erythroblast,ID2-hi myeloid prog,test_scRNA
GTTGTGAGTGATGAAA-1_atac,CD8+ T,test_scATAC,Erythroblast,Naive CD20+ B,test_scRNA
AAAGCTTGTTGTTGGA-1_atac,CD4+ T naive,test_scATAC,Naive CD20+ B,Transitional B,test_scATAC
ATGTAAGCAGTTAAAG-1_atac,CD14+ Mono,test_scATAC,CD14+ Mono,CD14+ Mono,test_scRNA
CCTGATGAGCACAGAA-1_atac,CD14+ Mono,test_scATAC,CD4+ T naive,B1 B,test_scATAC
TCATTACTCCTCAGTC-1_atac,NK,test_scATAC,CD4+ T naive,Erythroblast,test_scRNA
CAGGACCTCACAGCGC-1_atac,CD4+ T naive,test_scATAC,Naive CD20+ B,CD14+ Mono,test_scATAC
GGACGGATCAGTGAAG-1_atac,Erythroblast,test_scATAC,ID2-hi myeloid prog,Transitional B,test_scRNA
ACGCACGGTTACAACG-1_atac,CD8+ T,test_scATAC,CD14+ Mono,G/M prog,test_scRNA
CGGTGAACATCCTAGA-1_atac,CD8+ T,test_scATAC,CD4+ T activated,Lymph prog,test_scRNA
GACCGAACATGTTGTG-1_atac,CD14+ Mono,test_scATAC,ILC,CD16+ Mono,test_scATAC
TTGCAAGGTATGGTGC-1_atac,CD4+ T activated,test_scATAC,CD8+ T,CD14+ Mono,test_scRNA
AAGACCAAGTCTTGAA-1_atac,Erythroblast,test_scATAC,NK,CD8+ T,test_scRNA
ATGAGCCGTTCTTTAG-1_atac,CD14+ Mono,test_scATAC,CD4+ T naive,CD14+ Mono,test_scRNA
GGATTATGTCCTTTAA-1_atac,CD8+ T,test_scATAC,CD4+ T naive,ID2-hi myeloid prog,test_scATAC
GCGAAGCCAGCAAATA-1_atac,CD4+ T activated,test_scATAC,ID2-hi myeloid prog,Normoblast,test_scRNA
GATTATGTCAGCCAAT-1_atac,B1 B,test_scATAC,cDC2,CD8+ T,test_scRNA
TGACTTAAGACTTACA-1_atac,Naive CD20+ B,test_scATAC,Normoblast,Naive CD20+ B,test_scRNA
TGCCGGTAGAAGCTAG-1_atac,Naive CD20+ B,test_scATAC,Erythroblast,Normoblast,test_scATAC
GATCAAGAGCTCAAAC-1_atac,CD14+ Mono,test_scATAC,G/M prog,CD4+ T naive,test_scRNA
TGTTCATTCGCAGGCT-1_atac,Erythroblast,test_scATAC,CD4+ T activated,CD14+ Mono,test_scATAC
AGCTATATCCAAGTTA-1_atac,ILC,test_scATAC,ILC,CD14+ Mono,test_scATAC
AGACCCGGTTCTTTAG-1_atac,CD4+ T activated,test_scATAC,CD4+ T activated,Normoblast,test_scRNA
GTGTTACAGACAGGTA-1_atac,CD4+ T naive,test_scATAC,CD4+ T activated,CD8+ T,test_scRNA
ACCAAACTCATTAGCA-1_atac,CD4+ T naive,test_scATAC,CD14+ Mono,HSC,test_scRNA
CTTAATGAGGGATGCG-1_atac,NK,test_scATAC,B1 B,Proerythroblast,test_scRNA
GTGTGAGCAGTTAGCC-1_atac,Normoblast,test_scATAC,CD4+ T naive,CD4+ T naive,test_scATAC
CTCCCTGAGTCACTAA-1_atac,CD14+ Mono,test_scATAC,CD4+ T activated,NK,test_scATAC
CCTTTAGTCCATAATG-1_atac,CD4+ T naive,test_scATAC,Normoblast,Erythroblast,test_scRNA
CAGCTCAAGGCCCAGT-1_atac,CD8+ T,test_scATAC,Erythroblast,CD8+ T,test_scATAC
GGCTGAGAGGGTGGAT-1_atac,CD14+ Mono,test_scATAC,CD8+ T,CD4+ T activated,test_scATAC
CGTTAAATCCACAATA-1_atac,CD14+ Mono,test_scATAC,CD4+ T activated,CD4+ T naive,test_scATAC
TGCTTTAGTAACCTAG-1_atac,CD4+ T activated,test_scATAC,Plasma cell,Plasma cell,test_scRNA
CGTGGTTCACCTAATG-1_atac,Normoblast,test_scATAC,CD4+ T naive,Normoblast,test_scATAC
GAGCTGCTCATTGCGG-1_atac,NK,test_scATAC,ID2-hi myeloid prog,Naive CD20+ B,test_scATAC
AACCTTAAGCGAGCGA-1_atac,Naive CD20+ B,test_scATAC,Naive CD20+ B,CD4+ T naive,test_scRNA
AACTTAGTCCTCACAC-1_atac,NK,test_scATAC,Normoblast,Erythroblast,test_scRNA
ACCACATAGCCAGGTC-1_atac,CD14+ Mono,test_scATAC,CD4+ T naive,CD14+ Mono,test_scRNA
AGCATCCCATACCCGG-1_atac,CD14+ Mono,test_scATAC,MK/E prog,CD4+ T naive,test_scRNA
AGGAACCAGATAACCC-1_atac,CD8+ T,test_scATAC,Erythroblast,CD8+ T,test_scRNA
GCATTAGGTATTGTCC-1_atac,CD8+ T,test_scATAC,CD14+ Mono,CD14+ Mono,test_scATAC
GGGTGTTGTTACATCC-1_atac,CD8+ T,test_scATAC,CD4+ T naive,NK,test_scATAC
ATGACCAGTTCACCAT-1_atac,CD4+ T naive,test_scATAC,Normoblast,ID2-hi myeloid prog,test_scRNA
CACTTAAAGGGTGGAT-1_atac,Naive CD20+ B,test_scATAC,NK,CD14+ Mono,test_scATAC
CTCATCATCAAACCGT-1_atac,CD4+ T activated,test_scATAC,CD4+ T activated,pDC,test_scRNA
AGGCTAGCATAATTGC-1_atac,Normoblast,test_scATAC,CD8+ T,CD14+ Mono,test_scATAC
GTTACTCGTTATCCTA-1_atac,ILC,test_scATAC,Erythroblast,Normoblast,test_scATAC
TCGTAATCATCAATCG-1_atac,Erythroblast,test_scATAC,CD8+ T,Transitional B,test_scATAC
GGCGGTAAGACACCGC-1_atac,Naive CD20+ B,test_scATAC,CD4+ T naive,CD8+ T,test_scATAC
GGTTGACGTTTGTCTA-1_atac,CD4+ T activated,test_scATAC,Normoblast,pDC,test_scATAC
ATTTAGCCAGCATTAT-1_atac,CD14+ Mono,test_scATAC,CD4+ T activated,NK,test_scRNA
TACTTCGTCTTTGAGA-1_atac,CD4+ T naive,test_scATAC,Erythroblast,G/M prog,test_scATAC
TTTGTGGCAAACTAAG-1_atac,CD4+ T naive,test_scATAC,CD4+ T activated,CD4+ T activated,test_scATAC
CTCTAGCTCTCCATAT-1_atac,Erythroblast,test_scATAC,CD4+ T activated,Naive CD20+ B,test_scATAC
GTTGGAGCATCAATCG-1_atac,CD14+ Mono,test_scATAC,Naive CD20+ B,Naive CD20+ B,test_scRNA
CAAGGGAGTCAGTAAT-1_atac,CD14+ Mono,test_scATAC,pDC,CD4+ T naive,test_scRNA
CCTAAGTAGAATCTCA-1_atac,CD4+ T naive,test_scATAC,Erythroblast,Normoblast,test_scRNA
GGCATTAGTGACATAT-1_atac,Erythroblast,test_scATAC,Normoblast,CD8+ T,test_scATAC
CTACTAAAGTGAGGGT-1_atac,NK,test_scATAC,ILC,ILC,test_scATAC
GAGGCTACAGTTTCTC-1_atac,CD14+ Mono,test_scATAC,B1 B,CD14+ Mono,test_scRNA
TTAGCAATCTAAGGAG-1_atac,CD14+ Mono,test_scATAC,CD4+ T activated,ILC,test_scRNA
AGCTTCCTCCGCAACA-1_atac,Naive CD20+ B,test_scATAC,Proerythroblast,CD8+ T,test_scATAC
TTGCAGCCACATAACT-1_atac,Naive CD20+ B,test_scATAC,Erythroblast,CD16+ Mono,test_scATAC
TTAACCAAGGAATAAC-1_atac,CD14+ Mono,test_scATAC,Erythroblast,NK,test_scRNA
CGCCTGTGTATTCGCT-1_atac,CD4+ T naive,test_scATAC,CD14+ Mono,Normoblast,test_scRNA
TTAAGGTGTAGCCATA-1_atac,Normoblast,test_scATAC,CD8+ T,B1 B,test_scRNA
CCTTGCGTCGTTATAG-1_atac,CD8+ T,test_scATAC,CD14+ Mono,CD4+ T naive,test_scATAC
ACCCAACCACAAAGAC-1_atac,NK,test_scATAC,Erythroblast,Naive CD20+ B,test_scRNA
ACCCAACCACACCAAC-1_atac,CD4+ T activated,test_scATAC,Naive CD20+ B,NK,test_scATAC
CACATAATCCAGGTCA-1_atac,CD14+ Mono,test_scATAC,G/M prog,Erythroblast,test_scRNA
CGTGCTTTCATTGCGG-1_atac,NK,test_scATAC,Erythroblast,CD4+ T activated,test_scATAC
CCTAAGGTCCATTACT-1_atac,CD4+ T activated,test_scATAC,B1 B,B1 B,test_scRNA
GATCAGGCATTGACAT-1_atac,NK,test_scATAC,B1 B,CD4+ T activated,test_scATAC
GCTAACCCAATGCCTA-1_atac,CD14+ Mono,test_scATAC,Normoblast,Naive CD20+ B,test_scRNA
TACCTTAGTGCGCGTA-1_atac,CD4+ T activated,test_scATAC,CD14+ Mono,CD14+ Mono,test_scATAC
GAACACAAGGCTGTGC-1_atac,CD8+ T,test_scATAC,CD4+ T naive,CD4+ T naive,test_scATAC
GCCTGACAGCAAGGAC-1_atac,Erythroblast,test_scATAC,CD16+ Mono,Normoblast,test_scATAC
ACTTGAATCTCACATT-1_atac,CD14+ Mono,test_scATAC,CD4+ T naive,Normoblast,test_scRNA
CATTATGAGTTGTCCC-1_atac,Erythroblast,test_scATAC,Erythroblast,B1 B,test_scRNA
TGTGATCAGGAACCGG-1_atac,Erythroblast,test_scATAC,CD4+ T naive,G/M prog,test_scATAC
CAGCTATAGGAAGTAT-1_atac,CD4+ T naive,test_scATAC,CD8+ T,NK,test_scATAC
AACATTGTCCTCACTA-1_atac,CD14+ Mono,test_scATAC,CD14+ Mono,ID2-hi myeloid prog,test_scATAC
TCAGTAGGTCAAAGGG-1_atac,Erythroblast,test_scATAC,Erythroblast,CD14+ Mono,test_scATAC
AGTAAACAGTCCTTTG-1_atac,CD14+ Mono,test_scATAC,Naive CD20+ B,CD8+ T,test_scATAC
TTTGCGGAGCGCCTTT-1_atac,CD8+ T,test_scATAC,B1 B,CD14+ Mono,test_scATAC
GGCGTTATCACATTGA-1_atac,CD4+ T naive,test_scATAC,CD14+ Mono,CD4+ T activated,test_scATAC
GTAAGCTTCACTCAAA-1_atac,CD14+ Mono,test_scATAC,Proerythroblast,Normoblast,test_scRNA
GGTTGAGCAGCAACAG-1_atac,Normoblast,test_scATAC,Erythroblast,Erythroblast,test_scRNA
TCTCAAGCAGCAAGGC-1_atac,CD4+ T activated,test_scATAC,CD4+ T naive,Naive CD20+ B,test_scATAC
CGCTCAGCATGGCCTG-1_atac,NK,test_scATAC,CD16+ Mono,Normoblast,test_scATAC
CGTGCACAGCGATACT-1_atac,CD4+ T activated,test_scATAC,Erythroblast,CD14+ Mono,test_scRNA
AACAAAGGTGCTTACT-1_atac,CD14+ Mono,test_scATAC,CD14+ Mono,G/M prog,test_scATAC
CATGAGGCAGCTCAAC-1_atac,Erythroblast,test_scATAC,CD4+ T naive,CD4+ T activated,test_scRNA
GGTCCATCAAAGCTCC-1_atac,CD8+ T,test_scATAC,Normoblast,CD14+ Mono,test_scATAC
TGTTGGCCAGAGGGAG-1_atac,G/M prog,test_scATAC,CD4+ T naive,CD14+ Mono,test_scRNA
CATATCGCAGCATTAT-1_atac,CD4+ T activated,test_scATAC,CD4+ T activated,CD14+ Mono,test_scRNA
GAAAGCCAGAAAGCAT-1_atac,Naive CD20+ B,test_scATAC,G/M prog,Erythroblast,test_scRNA
GTCATCCTCCTGAATA-1_atac,Erythroblast,test_scATAC,CD4+ T activated,Normoblast,test_scATAC
AAAGCCCGTTGGCCGA-1_atac,CD4+ T activated,test_scATAC,CD14+ Mono,NK,test_scRNA
AAGGCCCTCTTTGAGA-1_atac,NK,test_scATAC,CD8+ T,cDC2,test_scATAC
GTCATGAGTCCTAAGA-1_atac,CD4+ T activated,test_scATAC,B1 B,CD4+ T activated,test_scATAC
CTAGCTTGTGGTTCTT-1_atac,NK,test_scATAC,Erythroblast,Erythroblast,test_scATAC
GATTAGTGTCACAGAC-1_atac,CD14+ Mono,test_scATAC,CD4+ T activated,Naive CD20+ B,test_scRNA
GTTCCTGGTTGTAAAC-1_atac,Normoblast,test_scATAC,B1 B,Proerythroblast,test_scATAC
TTAAGGACATAATGTC-1_atac,CD8+ T,test_scATAC,NK,CD14+ Mono,test_scATAC
GTGGATGCAATTTGGT-1_atac,CD4+ T activated,test_scATAC,CD4+ T activated,CD14+ Mono,test_scRNA
TTAGAAGCATCACTTC-1_atac,CD14+ Mono,test_scATAC,Normoblast,CD14+ Mono,test_scRNA
CCAAACCCATGAATAG-1_atac,Erythroblast,test_scATAC,CD8+ T,Erythroblast,test_scRNA
CGCATATAGTGTGATC-1_atac,Erythroblast,test_scATAC,NK,CD4+ T activated,test_scATAC
CTTTAGGCAATATAGG-1_atac,CD8+ T,test_scATAC,CD8+ T,pDC,test_scRNA
GGAACTAAGTGAGCAA-1_atac,CD4+ T naive,test_scATAC,Naive CD20+ B,CD14+ Mono,test_scATAC
CGCATTTGTACTGAAT-1_atac,CD8+ T,test_scATAC,Normoblast,CD14+ Mono,test_scRNA
CGTGTTACACCTACGG-1_atac,Naive CD20+ B,test_scATAC,CD14+ Mono,NK,test_scATAC
ACGCACGGTTAAGCCA-1_atac,CD8+ T,test_scATAC,B1 B,NK,test_scRNA
GTAGGTGCAATAGTCT-1_atac,CD4+ T activated,test_scATAC,CD4+ T naive,Naive CD20+ B,test_scATAC
ATGTCAATCCTTAATC-1_atac,CD14+ Mono,test_scATAC,Normoblast,CD14+ Mono,test_scATAC
GGCTATTAGGTTAGCT-1_atac,CD14+ Mono,test_scATAC,CD14+ Mono,NK,test_scATAC
AAGCGCTGTTGCATCT-1_atac,CD14+ Mono,test_scATAC,Erythroblast,Naive CD20+ B,test_scATAC
CCCGTAAAGCTCCTTA-1_atac,CD8+ T,test_scATAC,ILC,Erythroblast,test_scATAC
AGCGATTTCTTGATGA-1_atac,CD4+ T activated,test_scATAC,CD14+ Mono,HSC,test_scRNA
TATATCCTCAAGCTTA-1_atac,Normoblast,test_scATAC,MK/E prog,CD4+ T naive,test_scATAC
TTGTCAAAGCTATATG-1_atac,CD4+ T activated,test_scATAC,CD4+ T naive,CD14+ Mono,test_scATAC
ATCCTTAGTATTGGAT-1_atac,Erythroblast,test_scATAC,CD4+ T naive,CD8+ T,test_scATAC
GAGCGGTCAGGAACTG-1_atac,NK,test_scATAC,CD4+ T activated,ILC,test_scATAC
ACCCTCCCAATTGCGC-1_atac,CD8+ T,test_scATAC,CD4+ T activated,CD4+ T activated,test_scATAC
AGGTCTTAGTTCCCAC-1_atac,CD4+ T naive,test_scATAC,CD16+ Mono,ILC,test_scRNA
ATGTAACGTTGGTTAG-1_atac,CD14+ Mono,test_scATAC,Erythroblast,CD14+ Mono,test_scRNA
TACCAGGTCGGTTTGG-1_atac,Normoblast,test_scATAC,Naive CD20+ B,Naive CD20+ B,test_scRNA
TTTGCGGAGCCTGTTC-1_atac,Erythroblast,test_scATAC,Erythroblast,CD4+ T activated,test_scATAC
ACGGTACGTATCTGGA-1_atac,CD4+ T activated,test_scATAC,NK,CD8+ T,test_scRNA
GACGCAACACCGGTAT-1_atac,CD4+ T naive,test_scATAC,Plasma cell,B1 B,test_scATAC
GGTACTTAGTGGACAA-1_atac,CD8+ T,test_scATAC,Erythroblast,CD14+ Mono,test_scATAC
ATGATGGAGTTAGTGC-1_atac,Naive CD20+ B,test_scATAC,Erythroblast,CD14+ Mono,test_scRNA
GCACATTAGTTCCCGT-1_atac,B1 B,test_scATAC,CD8+ T,CD14+ Mono,test_scATAC
GCAAGCCTCTCAATGA-1_atac,CD14+ Mono,test_scATAC,CD8+ T,CD14+ Mono,test_scRNA
ATATGTCCAACCCTAA-1_atac,Erythroblast,test_scATAC,G/M prog,CD8+ T,test_scRNA
ATCCTTAGTTTAGTCC-1_atac,B1 B,test_scATAC,CD8+ T,CD8+ T,test_scRNA
GGACTAAAGTATTGCA-1_atac,Erythroblast,test_scATAC,CD8+ T,Naive CD20+ B,test_scATAC
TCATTACTCCGGCTAA-1_atac,CD4+ T activated,test_scATAC,Lymph prog,pDC,test_scRNA
CCGTTACTCGCTCACT-1_atac,CD14+ Mono,test_scATAC,CD4+ T activated,CD4+ T activated,test_scRNA
TATGCATCATAATGTC-1_atac,Erythroblast,test_scATAC,CD14+ Mono,CD14+ Mono,test_scATAC
TTTCTTGCAGCACGTT-1_atac,NK,test_scATAC,CD4+ T naive,CD8+ T,test_scRNA
ACTAGGCGTGCATTTC-1_atac,Naive CD20+ B,test_scATAC,NK,CD14+ Mono,test_scATAC
CGTAATGGTTAAGCCA-1_atac,CD4+ T activated,test_scATAC,CD8+ T,CD4+ T naive,test_scRNA
TACCGCAAGACTAAGG-1_atac,Naive CD20+ B,test_scATAC,CD8+ T,CD14+ Mono,test_scATAC
TTCCTTCTCATTAGGC-1_atac,Erythroblast,test_scATAC,Naive CD20+ B,CD8+ T,test_scRNA
AGGGCTACATGAGCAG-1_atac,Naive CD20+ B,test_scATAC,CD4+ T activated,CD8+ T,test_scATAC
ACACAATGTTACAAAC-1_atac,Naive CD20+ B,test_scATAC,Naive CD20+ B,CD4+ T naive,test_scATAC
AGAGGATGTCACCTAT-1_atac,CD14+ Mono,test_scATAC,CD4+ T naive,Erythroblast,test_scRNA
AATGTCCAGTTAGCTA-1_atac,NK,test_scATAC,CD8+ T,B1 B,test_scRNA
CCTGTTGGTGCTTACT-1_atac,CD14+ Mono,test_scATAC,CD8+ T,CD14+ Mono,test_scATAC
TGTCCTTCATAGCGGA-1_atac,CD4+ T activated,test_scATAC,CD4+ T activated,CD8+ T,test_scATAC
CATCATAAGCGCCTTT-1_atac,CD4+ T naive,test_scATAC,Normoblast,CD4+ T activated,test_scRNA
CGTACGGGTAGCCTCC-1_atac,NK,test_scATAC,CD8+ T,Naive CD20+ B,test_scATAC
CGTTAGGTCCTTAATC-1_atac,CD4+ T activated,test_scATAC,Erythroblast,MK/E prog,test_scRNA
CTTGTTCCACTGACTA-1_atac,CD14+ Mono,test_scATAC,NK,CD8+ T,test_scATAC
ACCTCACTCGCTAGTG-1_atac,B1 B,test_scATAC,cDC2,Erythroblast,test_scATAC
TAGTGGCGTAGGTGTC-1_atac,CD4+ T activated,test_scATAC,CD8+ T,CD8+ T,test_scATAC
GCCAGGAAGTTTGTCT-1_atac,CD4+ T activated,test_scATAC,Transitional B,Erythroblast,test_scATAC
CTCCAACTCATTGCGG-1_atac,CD4+ T naive,test_scATAC,Erythroblast,CD14+ Mono,test_scRNA
GATAACGAGTTAGCCG-1_atac,CD14+ Mono,test_scATAC,CD4+ T activated,CD8+ T,test_scATAC
CTTAGGAGTGGGTACT-1_atac,Normoblast,test_scATAC,CD4+ T activated,B1 B,test_scATAC
ATCACACAGCAAGGGT-1_atac,Erythroblast,test_scATAC,CD14+ Mono,Normoblast,test_scATAC
TTGCAACAGGAACCAA-1_atac,CD8+ T,test_scATAC,Transitional B,CD8+ T,test_scRNA
GAAACTGAGCTTAACA-1_atac,Erythroblast,test_scATAC,B1 B,CD4+ T naive,test_scRNA
GCTCACAAGGACTTAC-1_atac,Naive CD20+ B,test_scATAC,Normoblast,Erythroblast,test_scRNA
AAAGCCCGTTAACAGT-1_atac,Normoblast,test_scATAC,CD4+ T activated,Erythroblast,test_scATAC
TGTAAGTGTGAGGTGA-1_atac,Erythroblast,test_scATAC,CD14+ Mono,Proerythroblast,test_scATAC
CGTAATGGTGCGCATG-1_atac,B1 B,test_scATAC,CD14+ Mono,CD4+ T activated,test_scRNA
GTGCTTACACCTACGG-1_atac,CD14+ Mono,test_scATAC,ID2-hi myeloid prog,NK,test_scRNA
GTCTTTAGTCAAGACC-1_atac,CD14+ Mono,test_scATAC,CD8+ T,Erythroblast,test_scATAC
GTGAGCGAGAGAGCCG-1_atac,Erythroblast,test_scATAC,CD14+ Mono,CD8+ T,test_scATAC
AAGGTATAGCGGTTAT-1_atac,CD4+ T naive,test_scATAC,CD8+ T,CD4+ T naive,test_scRNA
CAATAAGCAGGCTAAG-1_atac,Naive CD20+ B,test_scATAC,Erythroblast,Erythroblast,test_scATAC
GAGTCAAAGAGAAGGG-1_atac,CD4+ T activated,test_scATAC,NK,ID2-hi myeloid prog,test_scRNA
TATGGCCCAGATAGAC-1_atac,Erythroblast,test_scATAC,Normoblast,NK,test_scATAC
CGCCTCATCCTAAGTA-1_atac,NK,test_scATAC,CD14+ Mono,NK,test_scRNA
GTGGCTTCAGGCTAGA-1_atac,CD14+ Mono,test_scATAC,CD14+ Mono,CD8+ T,test_scATAC
CCTCCTCTCTAAATCG-1_atac,Normoblast,test_scATAC,cDC2,NK,test_scRNA
TCACGGATCTTAGTGA-1_atac,Erythroblast,test_scATAC,CD4+ T activated,Erythroblast,test_scATAC
GCAGGTTGTGAATCGC-1_atac,CD4+ T naive,test_scATAC,CD14+ Mono,NK,test_scATAC
TACCAAATCCTTGAGG-1_atac,NK,test_scATAC,CD4+ T activated,Erythroblast,test_scRNA
GTCTATCGTACAATGT-1_atac,CD14+ Mono,test_scATAC,CD14+ Mono,Normoblast,test_scRNA
CCGCACACAGCTACGT-1_atac,Erythroblast,test_scATAC,Erythroblast,CD4+ T activated,test_scATAC
TCACGGATCCGGTTAG-1_atac,CD14+ Mono,test_scATAC,Naive CD20+ B,CD4+ T activated,test_scATAC
AAAGGTTAGGAATAAC-1_atac,Erythroblast,test_scATAC,Erythroblast,CD8+ T,test_scRNA
TCTGTGACACCTGCTC-1_atac,CD8+ T,test_scATAC,CD8+ T,CD4+ T activated,test_scATAC
AGGGCCTTCGGTTACG-1_atac,CD14+ Mono,test_scATAC,CD8+ T,Erythroblast,test_scRNA
TCCTCAATCCCTGGAA-1_atac,NK,test_scATAC,B1 B,Naive CD20+ B,test_scRNA
GTGCTGGGTAACGAGG-1_atac,CD14+ Mono,test_scATAC,G/M prog,Normoblast,test_scATAC
TAAACAGCAAGGTATA-1_atac,CD14+ Mono,test_scATAC,CD14+ Mono,CD4+ T naive,test_scRNA
TCTTGTCCATAATGTC-1_atac,Erythroblast,test_scATAC,Naive CD20+ B,NK,test_scRNA
AGGAAACGTACCGGAT-1_atac,CD14+ Mono,test_scATAC,CD8+ T,B1 B,test_scRNA
AGAACAAGTGTGCACG-1_atac,Erythroblast,test_scATAC,HSC,Naive CD20+ B,test_scRNA
TTGCGAGTCTAATCAG-1_atac,Erythroblast,test_scATAC,CD8+ T,CD8+ T,test_scRNA
ATTGTCCGTAGGATTT-1_atac,B1 B,test_scATAC,Lymph prog,Normoblast,test_scRNA
ATGGTCTAGGAGGGTT-1_atac,CD4+ T activated,test_scATAC,Normoblast,CD14+ Mono,test_scRNA
TTAGGCGTCCTCCTAA-1_atac,CD4+ T activated,test_scATAC,CD4+ T activated,B1 B,test_scATAC
ACGTTACAGGTGCTGC-1_atac,Erythroblast,test_scATAC,NK,CD4+ T naive,test_scRNA
GTTCTTGTCATCAGTA-1_atac,CD14+ Mono,test_scATAC,HSC,Naive CD20+ B,test_scRNA
AAACGCGCATGGCCTG-1_atac,CD4+ T naive,test_scATAC,B1 B,CD14+ Mono,test_scRNA
TATGTGATCAATGTGC-1_atac,Naive CD20+ B,test_scATAC,CD4+ T naive,CD8+ T,test_scATAC
ATATGTCCACCTCACC-1_atac,NK,test_scATAC,Erythroblast,CD4+ T naive,test_scRNA
AAAGCTTGTTGTAACG-1_atac,Erythroblast,test_scATAC,CD14+ Mono,NK,test_scATAC
GCGTTTCTCATGCTTT-1_atac,NK,test_scATAC,Erythroblast,NK,test_scATAC
ACCGGCTAGATAGACG-1_atac,NK,test_scATAC,CD4+ T activated,Erythroblast,test_scATAC
GTAAGCAAGACAACAG-1_atac,Erythroblast,test_scATAC,Naive CD20+ B,CD8+ T,test_scATAC
CATAGACTCATGTCAA-1_atac,CD8+ T,test_scATAC,Erythroblast,Normoblast,test_scATAC
GTTTACCGTTAGCTGA-1_atac,Naive CD20+ B,test_scATAC,Naive CD20+ B,CD8+ T,test_scRNA
ACTAACCAGTTGTCAA-1_atac,CD4+ T activated,test_scATAC,CD14+ Mono,CD8+ T,test_scRNA
TGGCTAAGTTGGGTTA-1_atac,CD8+ T,test_scATAC,Erythroblast,CD4+ T activated,test_scRNA
TGATCGAGTTAACGGC-1_atac,CD8+ T,test_scATAC,CD4+ T activated,Transitional B,test_scATAC
ATTTGCAAGTTGGCCA-1_atac,CD4+ T activated,test_scATAC,CD4+ T activated,Normoblast,test_scRNA
GTAGTTTCAGTTATCG-1_atac,G/M prog,test_scATAC,CD14+ Mono,CD4+ T activated,test_scRNA
CCGTTAACAGAGGGAG-1_atac,NK,test_scATAC,CD4+ T activated,CD8+ T,test_scATAC
TGTGGCTCAATCCCTT-1_atac,Normoblast,test_scATAC,NK,CD14+ Mono,test_scATAC
CCCAAACCAGAACCGA-1_atac,Erythroblast,test_scATAC,Erythroblast,NK,test_scATAC
AGCAATTGTTAAGCGC-1_atac,CD4+ T naive,test_scATAC,CD8+ T,G/M prog,test_scATAC
TCCTTAGTCATGCCTC-1_atac,Naive CD20+ B,test_scATAC,Erythroblast,NK,test_scATAC
TTGCAATCAGAACCGA-1_atac,NK,test_scATAC,G/M prog,Normoblast,test_scATAC
CGCTATGAGTTATCTC-1_atac,CD4+ T naive,test_scATAC,pDC,CD4+ T activated,test_scATAC
CGCTACTTCCTAATGA-1_atac,CD14+ Mono,test_scATAC,CD8+ T,CD14+ Mono,test_scRNA
ACTTGCACAGCCTAAC-1_atac,CD4+ T activated,test_scATAC,Erythroblast,Naive CD20+ B,test_scATAC
GAAGCCTGTCACTCGC-1_atac,Erythroblast,test_scATAC,CD14+ Mono,NK,test_scRNA
CGGATAAAGCTAAAGG-1_atac,CD8+ T,test_scATAC,Proerythroblast,CD14+ Mono,test_scATAC
TCAGTAGGTGAGGTAG-1_atac,Naive CD20+ B,test_scATAC,CD14+ Mono,CD14+ Mono,test_scRNA
AGGTTTATCCCATAAA-1_atac,Erythroblast,test_scATAC,Erythroblast,Erythroblast,test_scRNA
GATAATCGTTGTGACA-1_atac,Erythroblast,test_scATAC,Erythroblast,Normoblast,test_scRNA
TGAAGGATCGCTAGAT-1_atac,CD4+ T activated,test_scATAC,Erythroblast,Naive CD20+ B,test_scRNA
CGATGTCCAGGAATCG-1_atac,CD4+ T activated,test_scATAC,Naive CD20+ B,CD4+ T activated,test_scATAC
CAAAGTGAGCGCTCAA-1_atac,CD4+ T activated,test_scATAC,CD14+ Mono,Erythroblast,test_scRNA
CCGCCAACAGAACCGA-1_atac,CD14+ Mono,test_scATAC,CD4+ T naive,NK,test_scATAC
TGTGAAACACTTCATC-1_atac,Naive CD20+ B,test_scATAC,CD14+ Mono,CD4+ T naive,test_scRNA
GACCTGCAGCATGACT-1_atac,Normoblast,test_scATAC,pDC,CD4+ T activated,test_scRNA
GGGTTTCCATGTTGGC-1_atac,CD8+ T,test_scATAC,Naive CD20+ B,ILC,test_scATAC
GGGTGAAGTTAGCTGA-1_atac,B1 B,test_scATAC,NK,CD4+ T naive,test_scRNA
AAGTTAGCAAGGTGGC-1_atac,CD4+ T activated,test_scATAC,Proerythroblast,Naive CD20+ B,test_scRNA
CATGGATTCCTTGCAC-1_atac,Erythroblast,test_scATAC,CD4+ T activated,Normoblast,test_scRNA
TATAACCCAGCTTACA-1_atac,NK,test_scATAC,B1 B,NK,test_scATAC
TTAAAGGCACCTAAGC-1_atac,CD8+ T,test_scATAC,CD4+ T activated,NK,test_scRNA
TTGCAAGGTTCAAGAT-1_atac,Erythroblast,test_scATAC,B1 B,CD8+ T,test_scRNA
GAACCGCTCCTTAGTT-1_atac,B1 B,test_scATAC,CD14+ Mono,CD14+ Mono,test_scATAC
ATATGGTGTGCAACTA-1_atac,CD4+ T activated,test_scATAC,CD8+ T,Naive CD20+ B,test_scRNA
AAACATGCAATAACCT-1_atac,Erythroblast,test_scATAC,Normoblast,Proerythroblast,test_scATAC
GAGCGGTCAGTGAACG-1_atac,NK,test_scATAC,ID2-hi myeloid prog,Normoblast,test_scRNA
TAGCCTGAGGACAACA-1_atac,G/M prog,test_scATAC,pDC,CD8+ T,test_scATAC
AAGTGAAGTGGTGAGA-1_atac,CD8+ T,test_scATAC,Naive CD20+ B,G/M prog,test_scATAC
ATGGCTTAGTAACCCG-1_atac,Naive CD20+ B,test_scATAC,CD4+ T activated,CD16+ Mono,test_scRNA
GTGCTTCTCCTGGCTT-1_atac,Erythroblast,test_scATAC,Erythroblast,CD14+ Mono,test_scATAC
TGTGCTGAGCTTCCCG-1_atac,B1 B,test_scATAC,Erythroblast,CD8+ T,test_scATAC
ACAGGCTGTGCATTAG-1_atac,CD4+ T naive,test_scATAC,Erythroblast,CD8+ T,test_scATAC
TCTACCTCATTTGCTC-1_atac,Erythroblast,test_scATAC,Erythroblast,ILC,test_scRNA
GTGAGCGAGCGATACT-1_atac,Erythroblast,test_scATAC,NK,CD4+ T naive,test_scATAC
GAAGGATGTTTGCGCC-1_atac,CD4+ T naive,test_scATAC,CD4+ T activated,CD14+ Mono,test_scATAC
GTAAGCTTCATGGTTA-1_atac,NK,test_scATAC,CD4+ T naive,Erythroblast,test_scATAC
CATCATAAGTTGCGTG-1_atac,CD8+ T,test_scATAC,CD4+ T activated,CD14+ Mono,test_scATAC
AGTCAGGCAGGTCCTG-1_atac,CD8+ T,test_scATAC,Erythroblast,CD14+ Mono,test_scATAC
CATTGTGCAAGCTAAA-1_atac,CD4+ T activated,test_scATAC,CD8+ T,CD14+ Mono,test_scRNA
CTTTATGGTGAGCGAA-1_atac,Normoblast,test_scATAC,Naive CD20+ B,CD4+ T activated,test_scRNA
CAAGTAACAAGTTATC-1_atac,CD4+ T naive,test_scATAC,Normoblast,Lymph prog,test_scRNA
GCGAAGTAGTCAGGCC-1_atac,CD14+ Mono,test_scATAC,CD4+ T naive,CD4+ T naive,test_scRNA
TGGCTTTGTCGACTAA-1_atac,CD8+ T,test_scATAC,CD4+ T activated,Erythroblast,test_scATAC
TGGATTGGTTGTTGCT-1_atac,CD14+ Mono,test_scATAC,NK,NK,test_scRNA
GGGTCAACATCAATCG-1_atac,CD4+ T activated,test_scATAC,CD14+ Mono,CD4+ T activated,test_scATAC
TTAACCAAGTAGCGCC-1_atac,CD8+ T,test_scATAC,CD8+ T,B1 B,test_scRNA
CAATCCTGTCATCATC-1_atac,NK,test_scATAC,CD14+ Mono,Naive CD20+ B,test_scRNA
GGAGCATAGCTGGACC-1_atac,CD4+ T naive,test_scATAC,CD4+ T activated,Erythroblast,test_scRNA
CCTAAGCCAAGGATTA-1_atac,Erythroblast,test_scATAC,Proerythroblast,B1 B,test_scRNA
GCATGAGCACCATATG-1_atac,Erythroblast,test_scATAC,Proerythroblast,CD4+ T naive,test_scRNA
GATTCCTGTTAGTGAT-1_atac,Naive CD20+ B,test_scATAC,CD14+ Mono,NK,test_scATAC
GTGTCCAAGTAAGGGC-1_atac,Erythroblast,test_scATAC,CD4+ T activated,CD4+ T activated,test_scRNA
AAGTTACGTCCTAATC-1_atac,Erythroblast,test_scATAC,Erythroblast,Erythroblast,test_scRNA
ATTGTCCGTTCATCTA-1_atac,ILC,test_scATAC,CD16+ Mono,Normoblast,test_scATAC
CGTGGTTCAGGCGAGT-1_atac,NK,test_scATAC,CD14+ Mono,NK,test_scRNA
TGCTTGCTCGTAACGT-1_atac,CD14+ Mono,test_scATAC,Normoblast,Erythroblast,test_scATAC
AGGAACCAGCATGTCG-1_atac,NK,test_scATAC,CD14+ Mono,Erythroblast,test_scATAC
TTTCCGGGTTGTGATG-1_atac,CD14+ Mono,test_scATAC,Erythroblast,Erythroblast,test_scRNA
CGCTCAGCACAATGCC-1_atac,NK,test_scATAC,Naive CD20+ B,Erythroblast,test_scRNA
GAGTGTTTCATTACTC-1_atac,CD8+ T,test_scATAC,Erythroblast,Erythroblast,test_scRNA
GCTGATCCATTTGCTC-1_atac,NK,test_scATAC,CD4+ T naive,CD14+ Mono,test_scATAC
ACCCTCCCATTAGCGC-1_atac,CD14+ Mono,test_scATAC,CD4+ T activated,CD4+ T activated,test_scRNA
CGAGGAAGTACCGGAT-1_atac,NK,test_scATAC,CD14+ Mono,Normoblast,test_scATAC
CCATTGTGTTACAAAC-1_atac,Erythroblast,test_scATAC,ID2-hi myeloid prog,Erythroblast,test_scRNA
TTCAACCGTTAAGTGT-1_atac,NK,test_scATAC,Transitional B,CD4+ T activated,test_scRNA
CTGCAATAGATGGAGC-1_atac,CD8+ T,test_scATAC,ILC,pDC,test_scRNA
CATGCGGGTTCCTCCT-1_atac,CD14+ Mono,test_scATAC,CD4+ T naive,CD4+ T activated,test_scATAC
GGGTCAACACCCTCAC-1_atac,Normoblast,test_scATAC,Naive CD20+ B,CD8+ T,test_scATAC
ACGCCTAAGTCCTGAG-1_atac,Erythroblast,test_scATAC,CD14+ Mono,CD4+ T activated,test_scATAC
CAGCATTAGGTCCAAT-1_atac,NK,test_scATAC,Erythroblast,CD8+ T,test_scRNA
TTACCGTGTACCGTAA-1_atac,Naive CD20+ B,test_scATAC,Erythroblast,Erythroblast,test_scRNA
AGAAACCCACTTACAG-1_atac,Normoblast,test_scATAC,CD4+ T naive,CD14+ Mono,test_scATAC
GCCTTGCGTGCATCGG-1_atac,Naive CD20+ B,test_scATAC,Erythroblast,Erythroblast,test_scRNA
GTTTAACCACAGAACG-1_atac,CD8+ T,test_scATAC,CD4+ T activated,CD8+ T,test_scRNA
GTCATGAGTGTGCAAC-1_atac,Erythroblast,test_scATAC,NK,CD4+ T activated,test_scRNA
CCTAAGCCAGAGAGCC-1_atac,NK,test_scATAC,Naive CD20+ B,Naive CD20+ B,test_scRNA
TTAACCAAGGTCCTGA-1_atac,Naive CD20+ B,test_scATAC,Erythroblast,Erythroblast,test_scATAC
TGTGTTAAGCCTGTTC-1_atac,G/M prog,test_scATAC,CD14+ Mono,NK,test_scRNA
GTACACCCAATGAGGT-1_atac,Erythroblast,test_scATAC,CD4+ T activated,CD8+ T,test_scRNA
TTGGAGGCAATTTAGC-1_atac,CD8+ T,test_scATAC,CD4+ T activated,Normoblast,test_scRNA
AGGATTGAGCACGATT-1_atac,CD4+ T naive,test_scATAC,Erythroblast,NK,test_scRNA
TATTTGCTCATGCCTC-1_atac,CD4+ T activated,test_scATAC,CD4+ T naive,CD14+ Mono,test_scRNA
CCATAGCCAGCCTGCA-1_atac,CD4+ T activated,test_scATAC,CD4+ T naive,CD4+ T activated,test_scATAC
CGCTAACCATTGACAT-1_atac,Erythroblast,test_scATAC,Erythroblast,CD4+ T activated,test_scRNA
CTGCTACTCAAATCGC-1_atac,Erythroblast,test_scATAC,Naive CD20+ B,CD14+ Mono,test_scRNA
GCTCATTGTTGTCATC-1_atac,NK,test_scATAC,CD4+ T activated,CD14+ Mono,test_scRNA
GCTATCCTCTACTAAG-1_atac,NK,test_scATAC,CD8+ T,NK,test_scATAC
GTCCTAGAGGGCCATC-1_atac,CD14+ Mono,test_scATAC,Naive CD20+ B,Erythroblast,test_scRNA
GTTAGACTCGGCCATA-1_atac,CD4+ T activated,test_scATAC,CD4+ T activated,CD8+ T,test_scATAC
AGCCGGTTCATCCACC-1_atac,CD14+ Mono,test_scATAC,CD14+ Mono,CD4+ T activated,test_scATAC
CACAATATCATGCAAC-1_atac,CD14+ Mono,test_scATAC,ILC,NK,test_scRNA
CGGACCTAGACTAAGG-1_atac,Naive CD20+ B,test_scATAC,Erythroblast,B1 B,test_scRNA
AGTACGCGTTACTAGG-1_atac,CD14+ Mono,test_scATAC,CD4+ T naive,CD14+ Mono,test_scATAC
CGTAATGGTTTGTTGC-1_atac,CD4+ T activated,test_scATAC,CD14+ Mono,CD8+ T,test_scATAC
CTTTCTTGTGCCTCAC-1_atac,CD14+ Mono,test_scATAC,CD4+ T naive,CD14+ Mono,test_scATAC
CAGCTAAGTTGCTTCG-1_atac,CD4+ T activated,test_scATAC,Erythroblast,CD4+ T activated,test_scRNA
CTCCTAATCGGCCATA-1_atac,Erythroblast,test_scATAC,CD14+ Mono,B1 B,test_scRNA
CGGCAATGTGTCCAAA-1_atac,CD14+ Mono,test_scATAC,NK,ID2-hi myeloid prog,test_scATAC
CTCCTAATCTAACCTT-1_atac,Erythroblast,test_scATAC,Erythroblast,Erythroblast,test_scATAC
AATATCCCACAGACTC-1_atac,CD14+ Mono,test_scATAC,CD14+ Mono,CD8+ T,test_scATAC
TGCATCCTCTTAGGAC-1_atac,NK,test_scATAC,Erythroblast,Erythroblast,test_scRNA
GTCTTTGTCAAGCTTA-1_atac,CD4+ T activated,test_scATAC,CD14+ Mono,Naive CD20+ B,test_scRNA
AGAGGAACATTGTCCT-1_atac,CD14+ Mono,test_scATAC,pDC,CD4+ T activated,test_scATAC
TCGGTTACAGAAATTG-1_atac,CD8+ T,test_scATAC,CD14+ Mono,NK,test_scATAC
ACGGGAAGTTTACTTG-1_atac,CD14+ Mono,test_scATAC,CD14+ Mono,Erythroblast,test_scRNA
TCTACTAGTAGCTGGT-1_atac,Erythroblast,test_scATAC,Erythroblast,Erythroblast,test_scATAC
TTATCCGTCCTAGTTT-1_atac,B1 B,test_scATAC,Transitional B,Erythroblast,test_scATAC
AACCTTGCAGTTAAAG-1_atac,CD14+ Mono,test_scATAC,CD4+ T activated,NK,test_scRNA
TAATCCGCATTAAAGG-1_atac,NK,test_scATAC,MK/E prog,CD8+ T,test_scRNA
GTCTAGCCAACCCTCC-1_atac,B1 B,test_scATAC,CD4+ T activated,CD4+ T naive,test_scATAC
GTACGTAGTCACCTAT-1_atac,CD14+ Mono,test_scATAC,Normoblast,CD14+ Mono,test_scRNA
CCCTGTTAGCTATATG-1_atac,Naive CD20+ B,test_scATAC,NK,NK,test_scRNA
CAATGCCCATTAAAGG-1_atac,CD14+ Mono,test_scATAC,ILC,CD14+ Mono,test_scRNA
CATTGTGCAGTACCGT-1_atac,Naive CD20+ B,test_scATAC,NK,Naive CD20+ B,test_scATAC
GGACCTCAGCTAAAGG-1_atac,Normoblast,test_scATAC,NK,CD14+ Mono,test_scRNA
TTTAGCAAGGGTGAGT-1_atac,Naive CD20+ B,test_scATAC,CD4+ T activated,Erythroblast,test_scATAC
GATTCGCCAATCCTGA-1_atac,Erythroblast,test_scATAC,CD4+ T activated,ILC,test_scATAC
CTGGTTACAACCCTAA-1_atac,NK,test_scATAC,Transitional B,CD8+ T,test_scRNA
AACCTTAAGGCTTAGT-1_atac,CD4+ T activated,test_scATAC,Erythroblast,G/M prog,test_scATAC
TGCTCAACAATTTGGT-1_atac,CD14+ Mono,test_scATAC,Erythroblast,CD14+ Mono,test_scRNA
GAGTTGCGTTATTGCC-1_atac,CD4+ T activated,test_scATAC,Normoblast,Naive CD20+ B,test_scRNA
TAAGCCAGTGCTCCAC-1_atac,CD4+ T activated,test_scATAC,Erythroblast,CD14+ Mono,test_scRNA
ATTTGTGAGTGAACAG-1_atac,Naive CD20+ B,test_scATAC,Proerythroblast,CD4+ T activated,test_scATAC
TCGATTAAGGGATGAC-1_atac,NK,test_scATAC,Normoblast,ILC,test_scATAC
TTTGACCGTAAAGCAA-1_atac,CD14+ Mono,test_scATAC,G/M prog,CD4+ T activated,test_scATAC
CCACTTGGTCACTCGC-1_atac,CD14+ Mono,test_scATAC,CD14+ Mono,B1 B,test_scRNA
TGCTGGATCGCCTAAG-1_atac,CD14+ Mono,test_scATAC,CD4+ T activated,CD4+ T activated,test_scATAC
TAGGAACCATCATGTG-1_atac,CD14+ Mono,test_scATAC,CD8+ T,CD8+ T,test_scRNA
AAGCTATGTTTGGCTT-1_atac,CD4+ T activated,test_scATAC,CD4+ T activated,CD4+ T activated,test_scRNA
ATCACCCTCCGTCCAT-1_atac,Normoblast,test_scATAC,Normoblast,CD14+ Mono,test_scATAC
CGCACCACATTATGAC-1_atac,CD4+ T activated,test_scATAC,Transitional B,CD4+ T naive,test_scRNA
CTAGCTTGTGCCGCAA-1_atac,Naive CD20+ B,test_scATAC,CD8+ T,CD8+ T,test_scATAC
GCTCTGGCAGCTTAGC-1_atac,CD8+ T,test_scATAC,Erythroblast,Erythroblast,test_scRNA
CTAATAGTCGTTAACA-1_atac,ILC,test_scATAC,MK/E prog,CD4+ T activated,test_scATAC
GAGCTAGCAGCTCAAC-1_atac,CD14+ Mono,test_scATAC,CD8+ T,Normoblast,test_scATAC
TCACCTCAGCACAGAA-1_atac,CD8+ T,test_scATAC,CD8+ T,NK,test_scRNA
TGACCTTGTCCACAAA-1_atac,NK,test_scATAC,Erythroblast,Erythroblast,test_scATAC
AGATGAAGTTACATCC-1_atac,ILC,test_scATAC,pDC,CD14+ Mono,test_scRNA
CTAATCCGTACGTTTC-1_atac,Erythroblast,test_scATAC,NK,Normoblast,test_scATAC
AATGAAGGTCAAAGGG-1_atac,Erythroblast,test_scATAC,Normoblast,MK/E prog,test_scATAC
GCACGAACACCATATG-1_atac,Erythroblast,test_scATAC,Naive CD20+ B,Erythroblast,test_scRNA
GGCTGGTTCATAGCCG-1_atac,B1 B,test_scATAC,Erythroblast,Plasma cell,test_scATAC
GTAAAGCCATTTGCTC-1_atac,CD14+ Mono,test_scATAC,CD8+ T,CD4+ T naive,test_scRNA
TTTGCGGAGCCTGATG-1_atac,CD14+ Mono,test_scATAC,B1 B,Erythroblast,test_scRNA
CTGTATTTCCCGCAAA-1_atac,NK,test_scATAC,Erythroblast,CD4+ T activated,test_scRNA
TGCTCAACATCACTTC-1_atac,CD4+ T activated,test_scATAC,Naive CD20+ B,CD14+ Mono,test_scRNA
GTAGGATCATTAGCCA-1_atac,Erythroblast,test_scATAC,CD16+ Mono,CD4+ T activated,test_scRNA
GGCTATGTCATGTCAA-1_atac,Erythroblast,test_scATAC,CD4+ T naive,CD4+ T naive,test_scRNA
AAGCAAGTCGTTACAA-1_atac,NK,test_scATAC,Normoblast,Erythroblast,test_scATAC
TTGAGGCGTTACAAAC-1_atac,Erythroblast,test_scATAC,Naive CD20+ B,Normoblast,test_scATAC
ATGTCATCAAACTGCC-1_atac,CD4+ T naive,test_scATAC,B1 B,CD14+ Mono,test_scRNA
CGGATAAAGGAACACA-1_atac,CD4+ T activated,test_scATAC,Erythroblast,Erythroblast,test_scRNA
CGACCTGCATAATGAG-1_atac,CD14+ Mono,test_scATAC,CD14+ Mono,Erythroblast,test_scATAC
ACAGTATGTTTACGTC-1_atac,Erythroblast,test_scATAC,Erythroblast,CD14+ Mono,test_scATAC
TATAGCCAGCACCACA-1_atac,B1 B,test_scATAC,CD4+ T naive,Erythroblast,test_scRNA
TAGCTTAAGCCGCTTT-1_atac,NK,test_scATAC,CD8+ T,Transitional B,test_scRNA
CAGGGCTTCGTTATCT-1_atac,CD14+ Mono,test_scATAC,Erythroblast,CD4+ T activated,test_scRNA
GCTCGATCAAATTGCT-1_atac,CD14+ Mono,test_scATAC,CD4+ T naive,NK,test_scRNA
CTTTGAGCAAACGGGC-1_atac,CD4+ T activated,test_scATAC,Normoblast,CD8+ T,test_scATAC
TAGGTTATCAACCAAC-1_atac,CD14+ Mono,test_scATAC,CD4+ T activated,CD14+ Mono,test_scRNA
GCCTGCTGTAATCGCA-1_atac,CD14+ Mono,test_scATAC,Normoblast,CD4+ T naive,test_scATAC
AATTGACGTACAAAGA-1_atac,Normoblast,test_scATAC,CD8+ T,CD8+ T,test_scATAC
AACTAGCTCTTGATGA-1_atac,CD14+ Mono,test_scATAC,CD4+ T activated,CD8+ T,test_scATAC
AGTCTTGCACTAAGCC-1_atac,Erythroblast,test_scATAC,MK/E prog,Naive CD20+ B,test_scATAC
CTCACAACAGGATGGC-1_atac,Normoblast,test_scATAC,Normoblast,CD4+ T activated,test_scATAC
TGGGCATGTTTGGCGG-1_atac,CD14+ Mono,test_scATAC,CD8+ T,CD8+ T,test_scRNA
CCTTCAGGTTTAAAGC-1_atac,B1 B,test_scATAC,CD8+ T,CD4+ T activated,test_scRNA
CGTGCTTTCCTAGTCC-1_atac,Erythroblast,test_scATAC,ILC,CD14+ Mono,test_scATAC
GCTTAGTAGTCAATCA-1_atac,CD4+ T activated,test_scATAC,CD8+ T,CD4+ T activated,test_scATAC
GGTTAGCGTTGCTGGG-1_atac,NK,test_scATAC,CD4+ T naive,Naive CD20+ B,test_scRNA
ACAGGTAAGCCTGGTA-1_atac,Normoblast,test_scATAC,CD4+ T activated,CD8+ T,test_scATAC
GGAGGTTAGAAGCTAG-1_atac,NK,test_scATAC,CD14+ Mono,Erythroblast,test_scATAC
TCATTTGGTGGCTTCC-1_atac,Erythroblast,test_scATAC,CD4+ T activated,CD4+ T activated,test_scATAC
AAGTCTATCTATGACA-1_atac,CD4+ T activated,test_scATAC,CD14+ Mono,Erythroblast,test_scATAC
AATGAAGGTAGGTTAT-1_atac,Erythroblast,test_scATAC,CD14+ Mono,CD14+ Mono,test_scRNA
CAGGCTGGTTGCACAA-1_atac,Erythroblast,test_scATAC,Plasma cell,Normoblast,test_scRNA
CGGCCATAGGAGGGTT-1_atac,CD14+ Mono,test_scATAC,CD4+ T activated,Naive CD20+ B,test_scATAC
CATGCATAGAGGAGGA-1_atac,Erythroblast,test_scATAC,CD4+ T naive,CD8+ T,test_scRNA
ATCCTGACACGGTTTA-1_atac,NK,test_scATAC,B1 B,CD14+ Mono,test_scRNA
GGAATCTTCGGGACTC-1_atac,CD4+ T activated,test_scATAC,NK,CD8+ T,test_scRNA
GATGCTTAGGCCTTAG-1_atac,CD14+ Mono,test_scATAC,CD4+ T activated,CD4+ T activated,test_scATAC
TCTTAGCGTCACAGCG-1_atac,CD14+ Mono,test_scATAC,Normoblast,ILC,test_scRNA
CATCACACAAAGGCCA-1_atac,NK,test_scATAC,NK,CD4+ T activated,test_scRNA
CCTAAGCCACGAATTT-1_atac,ILC,test_scATAC,Normoblast,B1 B,test_scATAC
TGCTCACTCGTAATCA-1_atac,CD8+ T,test_scATAC,Normoblast,Erythroblast,test_scRNA
CCAGCTGCACAGGAAT-1_atac,Naive CD20+ B,test_scATAC,Plasma cell,CD4+ T naive,test_scRNA
TGGCGGTTCAATGTCA-1_atac,Erythroblast,test_scATAC,NK,CD4+ T activated,test_scRNA
TTAGACTCATTAGCCA-1_atac,CD8+ T,test_scATAC,Erythroblast,Erythroblast,test_scATAC
GGCGGTAAGTAACAGG-1_atac,CD4+ T activated,test_scATAC,CD4+ T naive,CD4+ T activated,test_scATAC
CGTTTGGAGCGTGCGT-1_atac,CD8+ T,test_scATAC,CD14+ Mono,Erythroblast,test_scRNA
ATAAGCCTCCGCAAGC-1_atac,B1 B,test_scATAC,ILC,pDC,test_scRNA
ACAAAGGTCATAATCG-1_atac,G/M prog,test_scATAC,CD14+ Mono,CD8+ T,test_scRNA
CCAGACTCACAGGATG-1_atac,CD8+ T,test_scATAC,Erythroblast,CD14+ Mono,test_scATAC
GAGTATCTCCTGGTGA-1_atac,Normoblast,test_scATAC,Naive CD20+ B,NK,test_scATAC
AAGTGAAGTAGGTTTG-1_atac,CD4+ T naive,test_scATAC,Erythroblast,G/M prog,test_scRNA
GCATTGCCACCGGCTA-1_atac,CD4+ T naive,test_scATAC,CD8+ T,Erythroblast,test_scATAC
TAGCGGACACTGGCCA-1_atac,CD4+ T naive,test_scATAC,B1 B,CD8+ T,test_scATAC
GTACTAGGTACCGGAT-1_atac,CD8+ T,test_scATAC,Erythroblast,Erythroblast,test_scRNA
TGTATCCGTTTAACGG-1_atac,CD14+ Mono,test_scATAC,G/M prog,CD8+ T,test_scRNA
GACTTGGTCCTTCTAG-1_atac,CD14+ Mono,test_scATAC,CD14+ Mono,Proerythroblast,test_scRNA
AGGTACGCAGGATAAC-1_atac,CD14+ Mono,test_scATAC,Naive CD20+ B,Erythroblast,test_scATAC
TTAAGGACATGAAATG-1_atac,Naive CD20+ B,test_scATAC,B1 B,Transitional B,test_scRNA
ATCACTAAGGACGTAA-1_atac,CD4+ T activated,test_scATAC,CD4+ T activated,NK,test_scATAC
GCTAGCCAGTAAGTCC-1_atac,CD8+ T,test_scATAC,CD8+ T,CD4+ T activated,test_scRNA
GTAAGCTTCAAGCGCC-1_atac,CD4+ T naive,test_scATAC,CD4+ T activated,pDC,test_scATAC
ACAACAACAATTGAGA-1_atac,G/M prog,test_scATAC,CD4+ T naive,CD4+ T naive,test_scRNA
ATCCTGACAAACCTTG-1_atac,CD4+ T activated,test_scATAC,NK,CD14+ Mono,test_scATAC
CGATCCTTCATTGACA-1_atac,Erythroblast,test_scATAC,CD4+ T naive,CD8+ T,test_scATAC
GTCTATCGTCACACCC-1_atac,CD14+ Mono,test_scATAC,CD4+ T activated,CD8+ T,test_scRNA
AGCTAACTCATAGCCG-1_atac,Erythroblast,test_scATAC,CD4+ T activated,NK,test_scATAC
CATTCATTCTCATCAT-1_atac,Normoblast,test_scATAC,Erythroblast,NK,test_scATAC
GCATCCTTCCTGGTGA-1_atac,CD14+ Mono,test_scATAC,NK,CD4+ T naive,test_scATAC
TCCCGGACACGTTACA-1_atac,B1 B,test_scATAC,B1 B,CD14+ Mono,test_scRNA
GAGCGATAGCAAGGGT-1_atac,G/M prog,test_scATAC,CD4+ T naive,CD4+ T naive,test_scATAC
TGATGAACAACATAAG-1_atac,CD8+ T,test_scATAC,CD8+ T,CD4+ T naive,test_scATAC
CCTATTGTCACTTCAT-1_atac,CD8+ T,test_scATAC,Proerythroblast,Normoblast,test_scRNA
GATCGCTCACTGGCTG-1_atac,CD14+ Mono,test_scATAC,Normoblast,Lymph prog,test_scRNA
TAGGCTAGTTAGCCAA-1_atac,CD8+ T,test_scATAC,ID2-hi myeloid prog,Erythroblast,test_scRNA
ACCAGGACAGGAACAT-1_atac,Normoblast,test_scATAC,NK,CD8+ T,test_scATAC
TAAGTGCTCGTAACGT-1_atac,Erythroblast,test_scATAC,CD4+ T activated,CD4+ T activated,test_scATAC
GAACCGCTCAACCAAC-1_atac,CD14+ Mono,test_scATAC,CD14+ Mono,CD4+ T naive,test_scRNA
TCGCGCACATGAGCAG-1_atac,CD4+ T activated,test_scATAC,CD14+ Mono,CD4+ T activated,test_scATAC
GATTGGTTCGCTAGCA-1_atac,CD8+ T,test_scATAC,Erythroblast,cDC2,test_scRNA
TGAGCACGTCCTTCAG-1_atac,Normoblast,test_scATAC,NK,CD8+ T,test_scATAC
CTTTAGGCACGAACAG-1_atac,CD4+ T activated,test_scATAC,NK,CD4+ T activated,test_scRNA
CAGCCTAAGTCATTTC-1_atac,CD4+ T activated,test_scATAC,CD4+ T activated,G/M prog,test_scRNA
GCAGGATAGTAGAGGC-1_atac,Erythroblast,test_scATAC,Erythroblast,Naive CD20+ B,test_scRNA
GCCGTGAGTTACGCGG-1_atac,CD8+ T,test_scATAC,NK,Naive CD20+ B,test_scRNA
TCTATGTTCCGGTTAG-1_atac,Naive CD20+ B,test_scATAC,Plasma cell,Erythroblast,test_scRNA
GTGCTTACAATCATGT-1_atac,CD8+ T,test_scATAC,Normoblast,CD14+ Mono,test_scRNA
ATGACAACACCTAAGC-1_atac,CD8+ T,test_scATAC,Transitional B,Naive CD20+ B,test_scATAC
CCGCTAAAGGACCAGG-1_atac,Erythroblast,test_scATAC,Normoblast,Normoblast,test_scRNA
TTTGGTGCAGCAGGTA-1_atac,CD4+ T naive,test_scATAC,NK,Naive CD20+ B,test_scATAC
ACGGGAAGTACCTTAC-1_atac,Erythroblast,test_scATAC,CD4+ T activated,Naive CD20+ B,test_scATAC
TAATTGCCAGCATGAG-1_atac,NK,test_scATAC,CD4+ T naive,Erythroblast,test_scATAC
AAACCAACATTAAGCT-1_atac,CD14+ Mono,test_scATAC,NK,CD4+ T activated,test_scRNA
GGGCATGAGAACCTGT-1_atac,CD4+ T activated,test_scATAC,NK,NK,test_scATAC
CTTAATGAGACTCGCA-1_atac,B1 B,test_scATAC,Erythroblast,CD4+ T naive,test_scRNA
GTTACCTGTGCTCCAC-1_atac,CD4+ T activated,test_scATAC,CD8+ T,Normoblast,test_scRNA
CTGGCTAAGCCACATG-1_atac,CD4+ T naive,test_scATAC,CD4+ T activated,Erythroblast,test_scATAC
GAAGTGATCCGTGACA-1_atac,CD4+ T activated,test_scATAC,Naive CD20+ B,CD4+ T activated,test_scRNA
TTTGTCCCACAACCTA-1_atac,Normoblast,test_scATAC,CD4+ T activated,CD8+ T,test_scRNA
GTCGGTTCATATTGAC-1_atac,Normoblast,test_scATAC,CD14+ Mono,CD8+ T,test_scRNA
AAGCTTGGTCCTTCTC-1_atac,CD14+ Mono,test_scATAC,CD8+ T,Erythroblast,test_scRNA
AGTTGCGTCTCACAAA-1_atac,CD14+ Mono,test_scATAC,CD4+ T naive,CD4+ T naive,test_scRNA
CTTCATCCATTGCAGC-1_atac,Naive CD20+ B,test_scATAC,CD8+ T,CD8+ T,test_scATAC
TCTTGTCCACCTGCTC-1_atac,CD4+ T naive,test_scATAC,CD4+ T activated,CD14+ Mono,test_scRNA
GATAACGAGTCCTTCA-1_atac,CD8+ T,test_scATAC,NK,ILC,test_scATAC
ATTTAGCCAGGTTAAA-1_atac,Naive CD20+ B,test_scATAC,Erythroblast,CD4+ T activated,test_scRNA
CCCTCACCAGGAATCG-1_atac,B1 B,test_scATAC,ID2-hi myeloid prog,CD14+ Mono,test_scRNA
GGTTGCATCAAGCTAC-1_atac,NK,test_scATAC,Transitional B,ID2-hi myeloid prog,test_scRNA
GAGGACTAGGAAGCTA-1_atac,CD8+ T,test_scATAC,CD8+ T,NK,test_scATAC
GTTGCGGGTTCACCCA-1_atac,CD8+ T,test_scATAC,Erythroblast,NK,test_scATAC
GGATAACCAATCCTAG-1_atac,CD14+ Mono,test_scATAC,Normoblast,CD14+ Mono,test_scATAC
TTGCACACACAATACT-1_atac,CD8+ T,test_scATAC,CD14+ Mono,CD14+ Mono,test_scRNA
GATTAAGCATGGCCCA-1_atac,CD4+ T naive,test_scATAC,CD8+ T,CD8+ T,test_scRNA
CAATATGTCCTTCGTA-1_atac,Normoblast,test_scATAC,Erythroblast,CD8+ T,test_scRNA
ATTACGTCATCCGTAA-1_atac,CD8+ T,test_scATAC,Transitional B,Normoblast,test_scATAC
AAGAACAGTCTAACAG-1_atac,CD8+ T,test_scATAC,CD14+ Mono,Erythroblast,test_scRNA
CGACAAGCAGGGAGCT-1_atac,CD14+ Mono,test_scATAC,NK,Normoblast,test_scATAC
ACTCACTGTTTAGCGA-1_atac,CD14+ Mono,test_scATAC,Normoblast,CD4+ T activated,test_scRNA
TGTTGTTTCTTTGTAC-1_atac,CD14+ Mono,test_scATAC,CD8+ T,Erythroblast,test_scATAC
GACCTGCAGTTAGACC-1_atac,Erythroblast,test_scATAC,CD14+ Mono,CD8+ T,test_scRNA
GTATGTGGTCATAACG-1_atac,B1 B,test_scATAC,Plasma cell,G/M prog,test_scATAC
ACAGCGCTCATTGTTC-1_atac,Erythroblast,test_scATAC,CD8+ T,Normoblast,test_scRNA
ACCAAGCGTTTGCGCC-1_atac,CD4+ T activated,test_scATAC,NK,NK,test_scRNA
CACCAACCATCACAGC-1_atac,Erythroblast,test_scATAC,CD4+ T activated,Lymph prog,test_scATAC
TCTTAGTTCACAGCCA-1_atac,CD4+ T activated,test_scATAC,CD8+ T,B1 B,test_scRNA
CCGCACACACCTGGTG-1_atac,CD4+ T activated,test_scATAC,CD8+ T,CD8+ T,test_scRNA
GCTGATCCACCTAATG-1_atac,CD14+ Mono,test_scATAC,CD14+ Mono,Erythroblast,test_scRNA
ACGACAAAGTAACGGA-1_atac,Erythroblast,test_scATAC,CD14+ Mono,CD8+ T,test_scATAC
TTGGCTACACTGGCTG-1_atac,B1 B,test_scATAC,B1 B,NK,test_scRNA
CTAGTTGCATCTAGCA-1_atac,CD8+ T,test_scATAC,CD4+ T activated,Normoblast,test_scRNA
AAGCCTTAGGAGCATA-1_atac,CD4+ T activated,test_scATAC,CD4+ T activated,CD14+ Mono,test_scRNA
ATTGTGATCCGGAACC-1_atac,Erythroblast,test_scATAC,Normoblast,Erythroblast,test_scRNA
GAGGTAGGTCCGTGAG-1_atac,Erythroblast,test_scATAC,NK,CD14+ Mono,test_scRNA
CCCTAATGTAAGCTCA-1_atac,CD14+ Mono,test_scATAC,CD14+ Mono,Erythroblast,test_scRNA
GAAGTCAAGGAACGCG-1_atac,Normoblast,test_scATAC,CD14+ Mono,B1 B,test_scATAC
AGTAGGATCTCCATAT-1_atac,CD8+ T,test_scATAC,B1 B,Normoblast,test_scATAC
AGTGCACGTAATCGCA-1_atac,CD8+ T,test_scATAC,CD14+ Mono,CD8+ T,test_scATAC
TATTAGGTCAAGGACA-1_atac,CD8+ T,test_scATAC,CD14+ Mono,CD4+ T activated,test_scATAC
GACCTGATCCCTCAAC-1_atac,CD14+ Mono,test_scATAC,CD8+ T,CD14+ Mono,test_scATAC
CTGAAACTCATTTGCT-1_atac,CD4+ T naive,test_scATAC,B1 B,cDC2,test_scATAC
GGCTTCAAGCTTACTT-1_atac,Naive CD20+ B,test_scATAC,CD4+ T activated,NK,test_scRNA
GTATTGATCTAATTGG-1_atac,CD8+ T,test_scATAC,CD14+ Mono,ILC,test_scRNA
GGTAACCGTGAGAAAC-1_atac,Erythroblast,test_scATAC,CD8+ T,CD4+ T activated,test_scRNA
GCACATTAGTCAATTG-1_atac,CD8+ T,test_scATAC,NK,CD4+ T naive,test_scATAC
CGAAATGAGGGATGAC-1_atac,Erythroblast,test_scATAC,NK,CD4+ T activated,test_scATAC
ACCTCACTCAACCAAC-1_atac,G/M prog,test_scATAC,Erythroblast,CD4+ T activated,test_scRNA
GAAAGCCAGGGCTTTG-1_atac,Erythroblast,test_scATAC,Erythroblast,Naive CD20+ B,test_scATAC
CCAGGAACAAGATTCT-1_atac,CD8+ T,test_scATAC,CD14+ Mono,CD14+ Mono,test_scRNA
TTGCAATCAAACGGGC-1_atac,B1 B,test_scATAC,Erythroblast,Erythroblast,test_scRNA
TCTTGACGTGGAAGGC-1_atac,CD4+ T activated,test_scATAC,CD14+ Mono,Erythroblast,test_scATAC
GAGTGATCAGCAACCT-1_atac,Normoblast,test_scATAC,Normoblast,B1 B,test_scATAC
GTGGTTAGTAACCAGC-1_atac,CD4+ T naive,test_scATAC,MK/E prog,CD4+ T activated,test_scATAC
CATAATCCACTCAACA-1_atac,CD8+ T,test_scATAC,Plasma cell,CD14+ Mono,test_scATAC
CTGACATAGGTAGCTT-1_atac,CD4+ T activated,test_scATAC,B1 B,NK,test_scATAC
GGTTCTTGTCGCGCAA-1_atac,CD14+ Mono,test_scATAC,NK,Transitional B,test_scATAC
AGCTAGTTCCTGATTT-1_atac,CD4+ T naive,test_scATAC,CD4+ T naive,CD8+ T,test_scRNA
AGCCGCTAGAGCCGGA-1_atac,CD14+ Mono,test_scATAC,Erythroblast,Normoblast,test_scRNA
CTTCTAAGTTGCGCGA-1_atac,CD14+ Mono,test_scATAC,CD4+ T naive,CD14+ Mono,test_scATAC
GGCCTCTGTATTCGTC-1_atac,CD8+ T,test_scATAC,CD8+ T,Naive CD20+ B,test_scRNA
GAGTATCTCTCATCAT-1_atac,CD4+ T activated,test_scATAC,CD8+ T,NK,test_scRNA
ATCGCCCGTACCGGAT-1_atac,Normoblast,test_scATAC,Normoblast,CD8+ T,test_scRNA
TCGCGAGGTTAGCAGC-1_atac,NK,test_scATAC,CD4+ T activated,Naive CD20+ B,test_scATAC
AGCTACTAGGAAGTAT-1_atac,Erythroblast,test_scATAC,Transitional B,NK,test_scRNA
CAATCCCTCTAACCAA-1_atac,Normoblast,test_scATAC,CD14+ Mono,Erythroblast,test_scRNA
TCTCACCAGACAAACG-1_atac,CD4+ T activated,test_scATAC,CD8+ T,Erythroblast,test_scRNA
AGACACGCAATGCGCT-1_atac,CD14+ Mono,test_scATAC,pDC,CD8+ T,test_scATAC
CTCTGTTCAATAGCCC-1_atac,CD8+ T,test_scATAC,NK,Normoblast,test_scRNA
ATGAAGTAGGAGGCAT-1_atac,CD8+ T,test_scATAC,NK,Erythroblast,test_scATAC
CACTAAGGTGTGTCCC-1_atac,Erythroblast,test_scATAC,CD4+ T activated,CD4+ T activated,test_scRNA
AGGATTGAGTAATCCA-1_atac,CD4+ T naive,test_scATAC,Erythroblast,CD4+ T activated,test_scRNA
ACCACACCAATAGCAA-1_atac,Erythroblast,test_scATAC,B1 B,CD4+ T activated,test_scATAC
TCCACAACAAACAACA-1_atac,CD4+ T naive,test_scATAC,NK,CD8+ T,test_scATAC
ACCGGTTCATGGTTAT-1_atac,CD4+ T naive,test_scATAC,CD8+ T,Erythroblast,test_scRNA
GCAGCAACAAGGAATC-1_atac,NK,test_scATAC,CD14+ Mono,NK,test_scATAC
CGGTAACGTGCATTTC-1_atac,Erythroblast,test_scATAC,CD14+ Mono,CD14+ Mono,test_scATAC
CGCGGATTCCCTCTAA-1_atac,Erythroblast,test_scATAC,MK/E prog,Naive CD20+ B,test_scRNA
TTATCCGTCCGTTATT-1_atac,CD4+ T activated,test_scATAC,Erythroblast,CD4+ T activated,test_scRNA
CTCCTGAGTTGGCCGA-1_atac,Naive CD20+ B,test_scATAC,NK,CD14+ Mono,test_scATAC
CCGTTATGTAGTTAAC-1_atac,CD14+ Mono,test_scATAC,CD14+ Mono,CD4+ T activated,test_scATAC
AGCAATTGTCGCAATA-1_atac,B1 B,test_scATAC,CD4+ T naive,Transitional B,test_scRNA
AGCGGACCAGCACCAT-1_atac,G/M prog,test_scATAC,ID2-hi myeloid prog,CD8+ T,test_scATAC
CCTTCAATCTATCGCC-1_atac,ILC,test_scATAC,NK,Naive CD20+ B,test_scRNA
GTCTCACTCAAACTCA-1_atac,NK,test_scATAC,CD14+ Mono,CD8+ T,test_scRNA
CTTCAAGCAATAACGA-1_atac,CD14+ Mono,test_scATAC,NK,Erythroblast,test_scRNA
CACATTAAGCAATAGG-1_atac,CD14+ Mono,test_scATAC,Normoblast,Naive CD20+ B,test_scATAC
CAGGTTAGTTTATTCG-1_atac,Naive CD20+ B,test_scATAC,Erythroblast,Transitional B,test_scRNA
ACACGGACAAATGCCC-1_atac,G/M prog,test_scATAC,G/M prog,CD4+ T activated,test_scATAC
TATCGAGGTGTTGCTT-1_atac,CD14+ Mono,test_scATAC,CD4+ T naive,ILC,test_scRNA
TGGATTCAGGACTAAG-1_atac,CD8+ T,test_scATAC,ILC,CD14+ Mono,test_scRNA
GAAAGCCAGGCGAAAC-1_atac,CD4+ T activated,test_scATAC,CD4+ T naive,B1 B,test_scATAC
AACTAGCTCCGGCTAA-1_atac,Erythroblast,test_scATAC,CD14+ Mono,Erythroblast,test_scATAC
CTTCACTCAGGCTTCG-1_atac,CD8+ T,test_scATAC,Erythroblast,CD4+ T activated,test_scATAC
TCATTGCGTTGACTTC-1_atac,Erythroblast,test_scATAC,CD4+ T activated,ILC,test_scRNA
AGTCCTGAGTTATTCC-1_atac,CD4+ T activated,test_scATAC,pDC,Erythroblast,test_scRNA
ACGGGAAGTGGTGAGA-1_atac,CD8+ T,test_scATAC,Normoblast,CD16+ Mono,test_scATAC
TCATGAGGTTGCCTCA-1_atac,CD4+ T naive,test_scATAC,CD4+ T naive,CD4+ T activated,test_scRNA
TTTAGCTTCCTGAGTG-1_atac,CD4+ T naive,test_scATAC,Erythroblast,CD4+ T activated,test_scRNA
CAAGTAACACGGTACT-1_atac,NK,test_scATAC,CD4+ T activated,CD4+ T activated,test_scRNA
GACGTAAAGAGCCGCT-1_atac,CD14+ Mono,test_scATAC,Normoblast,Plasma cell,test_scATAC
GCCTGACAGACAGGCG-1_atac,CD8+ T,test_scATAC,CD8+ T,B1 B,test_scATAC
AATCCCTGTCATCAAG-1_atac,CD8+ T,test_scATAC,CD4+ T activated,CD8+ T,test_scATAC
TAGGAGGGTCACAAAT-1_atac,NK,test_scATAC,CD14+ Mono,Transitional B,test_scRNA
CAGCATTAGCCTGTTC-1_atac,CD4+ T activated,test_scATAC,Erythroblast,CD8+ T,test_scRNA
GGTAATTGTGTTGTAG-1_atac,CD14+ Mono,test_scATAC,CD14+ Mono,Erythroblast,test_scATAC
CAAAGCGCAAGGTACG-1_atac,NK,test_scATAC,Lymph prog,CD8+ T,test_scATAC
GCCTATTGTGGATTCA-1_atac,Erythroblast,test_scATAC,CD4+ T activated,CD14+ Mono,test_scATAC
TTTGTCCCAGTAGGAT-1_atac,Normoblast,test_scATAC,CD14+ Mono,CD14+ Mono,test_scATAC
TCCATGCTCATTTGTC-1_atac,CD14+ Mono,test_scATAC,CD4+ T activated,Erythroblast,test_scATAC
ATTACCCGTGTGTCCC-1_atac,CD4+ T naive,test_scATAC,Normoblast,cDC2,test_scRNA
GTTAGACTCCTGATGG-1_atac,NK,test_scATAC,CD8+ T,NK,test_scRNA
AGGGCTACATCTAGCA-1_atac,NK,test_scATAC,NK,CD4+ T activated,test_scRNA
GCTGCACAGCAGCTAT-1_atac,NK,test_scATAC,CD14+ Mono,CD4+ T activated,test_scRNA
CGTGTTACAGGATTAA-1_atac,CD14+ Mono,test_scATAC,CD14+ Mono,CD14+ Mono,test_scATAC
CGGCCATAGAAAGGAA-1_atac,CD4+ T naive,test_scATAC,CD8+ T,CD14+ Mono,test_scRNA
CTGACCAAGGCATTGT-1_atac,Naive CD20+ B,test_scATAC,Naive CD20+ B,HSC,test_scATAC
CGCCTGTGTTCCTGAT-1_atac,Erythroblast,test_scATAC,CD14+ Mono,CD4+ T activated,test_scATAC
CATTGCGAGGTTAGAG-1_atac,CD4+ T activated,test_scATAC,NK,Normoblast,test_scATAC
AATTTGGTCACGAATC-1_atac,Normoblast,test_scATAC,pDC,CD8+ T,test_scATAC
GATCAGTTCGATCAGT-1_atac,CD14+ Mono,test_scATAC,Erythroblast,B1 B,test_scRNA
AGTAATGCAGGATGGC-1_atac,CD4+ T activated,test_scATAC,Naive CD20+ B,CD4+ T naive,test_scRNA
GCCTTTATCGTCATTT-1_atac,Erythroblast,test_scATAC,CD14+ Mono,CD8+ T,test_scATAC
GGAAGCTAGCTTAGCG-1_atac,CD8+ T,test_scATAC,ID2-hi myeloid prog,cDC2,test_scATAC
CCATATTTCCCAGTAG-1_atac,CD14+ Mono,test_scATAC,Normoblast,CD16+ Mono,test_scRNA
CCTGCTCCAATCCTGA-1_atac,Naive CD20+ B,test_scATAC,CD16+ Mono,CD14+ Mono,test_scRNA
CCTTACTCAATGCCTA-1_atac,CD4+ T naive,test_scATAC,CD4+ T naive,NK,test_scRNA
TCAAGAACACGAACAG-1_atac,CD14+ Mono,test_scATAC,Erythroblast,Erythroblast,test_scATAC
CGCTGTGCATTGTCCT-1_atac,CD4+ T activated,test_scATAC,ID2-hi myeloid prog,CD8+ T,test_scATAC
GCGCTAGGTCATCAAG-1_atac,Erythroblast,test_scATAC,CD4+ T activated,NK,test_scATAC
TTGTAAGTCTTAATGG-1_atac,CD8+ T,test_scATAC,Erythroblast,CD14+ Mono,test_scRNA
CCCGTTGTCATTCATC-1_atac,CD8+ T,test_scATAC,CD4+ T naive,ILC,test_scATAC
ATGTTTGAGGCGAAAC-1_atac,CD8+ T,test_scATAC,Normoblast,Erythroblast,test_scRNA
GAGTGATCATTGTGGC-1_atac,Naive CD20+ B,test_scATAC,ID2-hi myeloid prog,CD4+ T naive,test_scATAC
GCTGGTTCATATTGAC-1_atac,Normoblast,test_scATAC,CD4+ T activated,MK/E prog,test_scATAC
CATGCGCAGCAAGGGT-1_atac,NK,test_scATAC,Naive CD20+ B,CD8+ T,test_scATAC
AAGCGTTTCCTTCGTA-1_atac,CD8+ T,test_scATAC,Normoblast,CD4+ T activated,test_scRNA
AGGTACGCAGTAAGTA-1_atac,CD4+ T activated,test_scATAC,CD14+ Mono,Naive CD20+ B,test_scRNA
GGCTGAGAGTGAACGA-1_atac,Erythroblast,test_scATAC,Erythroblast,CD8+ T,test_scRNA
GGGTGTTGTGCGCAAT-1_atac,NK,test_scATAC,Erythroblast,ILC,test_scATAC
AACGACAAGGAGTAAT-1_atac,CD8+ T,test_scATAC,Erythroblast,Normoblast,test_scATAC
GCTAAGCGTTGTTGGA-1_atac,CD4+ T naive,test_scATAC,Lymph prog,CD4+ T activated,test_scATAC
TCGCGCACAGTCTATG-1_atac,CD8+ T,test_scATAC,CD4+ T naive,CD16+ Mono,test_scATAC
GCTTACCTCGTCAAGT-1_atac,CD4+ T activated,test_scATAC,Normoblast,CD4+ T naive,test_scRNA
CGCCACACACCTGCCT-1_atac,Erythroblast,test_scATAC,Plasma cell,CD4+ T naive,test_scATAC
ATTTGCAAGGCAACAA-1_atac,Erythroblast,test_scATAC,Erythroblast,CD8+ T,test_scATAC
AATCCATCACCACAAC-1_atac,Erythroblast,test_scATAC,CD8+ T,CD14+ Mono,test_scRNA
ATAAGCCTCCCGTTGT-1_atac,Naive CD20+ B,test_scATAC,G/M prog,CD14+ Mono,test_scRNA
ATACCTGCATAAGCAA-1_atac,B1 B,test_scATAC,CD4+ T activated,ILC,test_scRNA
TTCTTAGGTTGCCTCA-1_atac,CD8+ T,test_scATAC,CD16+ Mono,NK,test_scATAC
TCTACTAGTCGTTATC-1_atac,Erythroblast,test_scATAC,CD4+ T activated,Normoblast,test_scRNA
CACTAAGGTGATTACG-1_atac,Erythroblast,test_scATAC,Normoblast,Erythroblast,test_scATAC
TTATCCTAGTTAACCA-1_atac,CD8+ T,test_scATAC,Erythroblast,Transitional B,test_scATAC
TGGACCGGTGTGAGGA-1_atac,CD4+ T activated,test_scATAC,NK,NK,test_scATAC
GAAGGATGTCAAACTG-1_atac,CD14+ Mono,test_scATAC,CD8+ T,CD14+ Mono,test_scRNA
CAGCCTAAGCTCATAA-1_atac,Erythroblast,test_scATAC,Normoblast,CD4+ T activated,test_scATAC
AATGAAGGTTCCATTA-1_atac,CD4+ T naive,test_scATAC,CD4+ T activated,Transitional B,test_scATAC
AGTGCACGTTACGCGG-1_atac,CD4+ T naive,test_scATAC,CD14+ Mono,Erythroblast,test_scATAC
TCAGTAGGTACTTCAC-1_atac,Erythroblast,test_scATAC,Erythroblast,NK,test_scATAC
TATTTGCTCATCCACC-1_atac,CD8+ T,test_scATAC,CD8+ T,CD8+ T,test_scRNA
GCCTCGACACCTAAGC-1_atac,CD4+ T activated,test_scATAC,CD4+ T activated,CD4+ T activated,test_scATAC
CATTGTAAGCTATATG-1_atac,Erythroblast,test_scATAC,Erythroblast,CD8+ T,test_scATAC
TTCCTCAAGGCGCATC-1_atac,CD4+ T activated,test_scATAC,Erythroblast,ILC,test_scATAC
TATCCAGCAGGATAAC-1_atac,NK,test_scATAC,CD14+ Mono,Normoblast,test_scRNA
AGTGAACCATGTTGGC-1_atac,Naive CD20+ B,test_scATAC,NK,CD8+ T,test_scRNA
TCGTTAAAGCGGTTAT-1_atac,Erythroblast,test_scATAC,ILC,CD4+ T activated,test_scATAC
CCCGCAACAACTGGCT-1_atac,B1 B,test_scATAC,CD4+ T activated,CD14+ Mono,test_scRNA
CTTATGTTCTAAGGTC-1_atac,Normoblast,test_scATAC,NK,Normoblast,test_scRNA
GGGTTATTCATTGTCT-1_atac,NK,test_scATAC,CD4+ T naive,Naive CD20+ B,test_scATAC
ATTACCGCATAATCCG-1_atac,Erythroblast,test_scATAC,CD8+ T,B1 B,test_scATAC
ATGTCATCAGACAAAC-1_atac,CD8+ T,test_scATAC,CD4+ T naive,CD8+ T,test_scRNA
CATCCTGGTGTGAGGA-1_atac,Normoblast,test_scATAC,CD8+ T,CD4+ T naive,test_scRNA
TTTACGCGTTTCCACG-1_atac,CD14+ Mono,test_scATAC,CD8+ T,CD14+ Mono,test_scATAC
TCCATAAAGGGTGAGT-1_atac,CD14+ Mono,test_scATAC,CD14+ Mono,NK,test_scATAC
TCGGTTTGTGCTGTAA-1_atac,CD14+ Mono,test_scATAC,CD4+ T naive,pDC,test_scATAC
GTGCTTACAGCCTGCA-1_atac,G/M prog,test_scATAC,CD4+ T naive,pDC,test_scRNA
CCTAAAGGTTAGCATG-1_atac,Erythroblast,test_scATAC,CD14+ Mono,CD14+ Mono,test_scATAC
TTGTTTGGTTGAGGTC-1_atac,CD4+ T activated,test_scATAC,Erythroblast,CD8+ T,test_scRNA
TCAGGAGCAGCAATAA-1_atac,ILC,test_scATAC,Plasma cell,NK,test_scATAC
TTTAAGGTCACCATTT-1_atac,CD4+ T activated,test_scATAC,CD8+ T,NK,test_scATAC
CATAGGCGTGCTTACT-1_atac,NK,test_scATAC,pDC,CD14+ Mono,test_scATAC
CGGTTTGAGACAGGTA-1_atac,CD4+ T naive,test_scATAC,Normoblast,NK,test_scRNA
CAATAAGCACAAAGCG-1_atac,CD4+ T activated,test_scATAC,NK,CD16+ Mono,test_scATAC
CATGAGGCATGTCAAT-1_atac,ILC,test_scATAC,Naive CD20+ B,CD14+ Mono,test_scATAC
GGTATTGGTCATCATC-1_atac,Erythroblast,test_scATAC,B1 B,Proerythroblast,test_scRNA
GTTTGCTGTTAGGATT-1_atac,CD4+ T activated,test_scATAC,CD8+ T,CD8+ T,test_scATAC
CAACCCGCAGCTTACA-1_atac,CD4+ T activated,test_scATAC,CD8+ T,CD4+ T naive,test_scRNA
CTGCTCCCACTGACTA-1_atac,CD8+ T,test_scATAC,Erythroblast,CD4+ T activated,test_scRNA
CATCATAAGTTAGCTA-1_atac,NK,test_scATAC,MK/E prog,CD4+ T activated,test_scRNA
AAGTGCAAGGTGTCCA-1_atac,CD4+ T naive,test_scATAC,CD4+ T naive,Normoblast,test_scRNA
AGTTGTCAGACACCGC-1_atac,Normoblast,test_scATAC,CD14+ Mono,CD8+ T,test_scRNA
AGAAACCCAGGATTAA-1_atac,B1 B,test_scATAC,CD8+ T,CD8+ T,test_scATAC
TAGGAACCAAGGTAAC-1_atac,Erythroblast,test_scATAC,CD14+ Mono,CD14+ Mono,test_scRNA
CAATGACTCTATTGTC-1_atac,CD14+ Mono,test_scATAC,NK,B1 B,test_scATAC
CTATTGAAGGCCCAGT-1_atac,CD14+ Mono,test_scATAC,CD8+ T,Erythroblast,test_scRNA
CGGACCTAGGTCTTGG-1_atac,NK,test_scATAC,CD4+ T activated,CD14+ Mono,test_scATAC
TAATGGTGTGGCTTCC-1_atac,CD14+ Mono,test_scATAC,Naive CD20+ B,CD4+ T naive,test_scRNA
ATGAAGCCAAGATTCT-1_atac,CD8+ T,test_scATAC,NK,HSC,test_scRNA
GTGGATGCAGCATGGA-1_atac,CD8+ T,test_scATAC,CD14+ Mono,B1 B,test_scRNA
GACCTGATCACGCGGT-1_atac,CD4+ T activated,test_scATAC,Plasma cell,CD14+ Mono,test_scATAC
GAGTGAGGTATGGTGC-1_atac,NK,test_scATAC,CD8+ T,B1 B,test_scRNA
GGTCAGGAGTAACTCA-1_atac,NK,test_scATAC,Erythroblast,CD4+ T activated,test_scRNA
GGCCTTCGTTGGTTCT-1_atac,CD8+ T,test_scATAC,B1 B,CD14+ Mono,test_scRNA
TAGTCAATCATAGCCG-1_atac,CD4+ T activated,test_scATAC,Erythroblast,CD8+ T,test_scRNA
GTATGTTCATTATGAC-1_atac,NK,test_scATAC,CD4+ T activated,CD8+ T,test_scRNA
GATCAAGAGTGAGAGC-1_atac,CD8+ T,test_scATAC,Erythroblast,Transitional B,test_scATAC
GGCGGTAAGGGCCACT-1_atac,NK,test_scATAC,Naive CD20+ B,CD4+ T activated,test_scATAC
GCTGACATCTTGATGA-1_atac,CD14+ Mono,test_scATAC,CD8+ T,CD14+ Mono,test_scATAC
GTATTGTCAAGTTATC-1_atac,Erythroblast,test_scATAC,CD4+ T activated,ILC,test_scRNA
TACTGCACAACCTGGT-1_atac,CD8+ T,test_scATAC,CD4+ T activated,Naive CD20+ B,test_scATAC
AAAGCACCAAGTAAGC-1_atac,Normoblast,test_scATAC,HSC,Transitional B,test_scATAC
GAGCATGCACAACAAA-1_atac,Naive CD20+ B,test_scATAC,CD8+ T,CD8+ T,test_scATAC
CTTAACAAGAGAGCCG-1_atac,B1 B,test_scATAC,CD4+ T activated,CD8+ T,test_scRNA
GAGGCCTTCCTTTACG-1_atac,CD14+ Mono,test_scATAC,ILC,pDC,test_scATAC
ATGACTCAGTTTGAGC-1_atac,Naive CD20+ B,test_scATAC,CD8+ T,CD14+ Mono,test_scRNA
GGAGGTTAGTTCCCAC-1_atac,CD4+ T naive,test_scATAC,Normoblast,CD4+ T naive,test_scRNA
CACAATATCCGCAAGC-1_atac,CD4+ T activated,test_scATAC,Lymph prog,NK,test_scATAC
AAACATGCAATAATGG-1_atac,CD8+ T,test_scATAC,CD14+ Mono,CD4+ T activated,test_scATAC
GTTTAGCAGACAGGCG-1_atac,NK,test_scATAC,CD14+ Mono,B1 B,test_scATAC
GGTTATGGTCAATGTG-1_atac,CD14+ Mono,test_scATAC,Normoblast,CD4+ T naive,test_scRNA
GGCCGTTAGTTCCCGT-1_atac,CD14+ Mono,test_scATAC,CD4+ T activated,Naive CD20+ B,test_scATAC
CGAAGCCTCGCCTAAG-1_atac,NK,test_scATAC,CD4+ T activated,Lymph prog,test_scRNA
AGTCAGGCAAATGCCC-1_atac,Normoblast,test_scATAC,CD14+ Mono,CD14+ Mono,test_scATAC
GATTGATGTTGCTTCG-1_atac,CD8+ T,test_scATAC,CD14+ Mono,CD4+ T activated,test_scATAC
ATGAAGTAGGAGTCGG-1_atac,CD4+ T activated,test_scATAC,Naive CD20+ B,G/M prog,test_scATAC
TCCGGAATCATGGTGT-1_atac,Normoblast,test_scATAC,CD14+ Mono,MK/E prog,test_scATAC
GCATGAGCACCGGCTA-1_atac,CD4+ T naive,test_scATAC,CD8+ T,CD14+ Mono,test_scATAC
AGTTACTCATTTAAGC-1_atac,Erythroblast,test_scATAC,NK,Erythroblast,test_scATAC
CTAGTGAGTTGGTGAC-1_atac,CD8+ T,test_scATAC,CD14+ Mono,HSC,test_scRNA
CTATGGCCACGAATCC-1_atac,CD4+ T activated,test_scATAC,Naive CD20+ B,CD4+ T activated,test_scRNA
CTTAAGGGTGTTCCCA-1_atac,Erythroblast,test_scATAC,CD14+ Mono,Naive CD20+ B,test_scRNA
CCGATGCAGGACTTAC-1_atac,B1 B,test_scATAC,Normoblast,CD4+ T naive,test_scRNA
GTGCACGGTTACCGGG-1_atac,CD4+ T activated,test_scATAC,ILC,CD14+ Mono,test_scATAC
CTGACCAAGCCAAATC-1_atac,CD14+ Mono,test_scATAC,CD8+ T,CD4+ T naive,test_scATAC
GCGATATTCCATAAGC-1_atac,G/M prog,test_scATAC,NK,B1 B,test_scATAC
TGCTCACTCAAACCTA-1_atac,CD14+ Mono,test_scATAC,CD8+ T,NK,test_scATAC
GGAAGTATCCATAAGC-1_atac,Normoblast,test_scATAC,Erythroblast,CD4+ T activated,test_scATAC
AAGTTTGTCATTGACA-1_atac,CD14+ Mono,test_scATAC,ILC,NK,test_scATAC
ATGGCCCAGGTAACGA-1_atac,CD4+ T activated,test_scATAC,ILC,Naive CD20+ B,test_scRNA
CGAAGAATCAACAAGG-1_atac,Erythroblast,test_scATAC,Erythroblast,CD4+ T naive,test_scRNA
CCAACCCGTAGCAGCT-1_atac,Erythroblast,test_scATAC,NK,Erythroblast,test_scATAC
CCTCCTCTCTTACTCG-1_atac,CD4+ T activated,test_scATAC,Transitional B,CD14+ Mono,test_scATAC
CTGTAACAGTGTTGCG-1_atac,NK,test_scATAC,MK/E prog,Naive CD20+ B,test_scATAC
ATGCAGGCATCAGTAT-1_atac,CD4+ T activated,test_scATAC,CD8+ T,Naive CD20+ B,test_scRNA
GGACTAAAGCTATATG-1_atac,B1 B,test_scATAC,CD8+ T,NK,test_scATAC
GGTCCTGCAGGCTACT-1_atac,CD14+ Mono,test_scATAC,CD4+ T activated,Normoblast,test_scRNA
GACCTCAAGTTTAACG-1_atac,CD8+ T,test_scATAC,Proerythroblast,CD4+ T activated,test_scRNA
GCCAGGAAGGGATGCG-1_atac,CD8+ T,test_scATAC,CD14+ Mono,CD4+ T naive,test_scATAC
AACTGTTCATGTGGGA-1_atac,Normoblast,test_scATAC,NK,CD4+ T activated,test_scRNA
CCTATTGTCTTAGGAC-1_atac,Erythroblast,test_scATAC,Erythroblast,Normoblast,test_scRNA
GTATGTGGTGGATTGC-1_atac,CD4+ T activated,test_scATAC,CD4+ T activated,CD14+ Mono,test_scATAC
GACGTAAAGGCCCAGT-1_atac,CD8+ T,test_scATAC,Erythroblast,Naive CD20+ B,test_scATAC
TCCGGTTTCATGCCTC-1_atac,NK,test_scATAC,cDC2,CD14+ Mono,test_scRNA
AGGCTAAAGCGCCTAA-1_atac,NK,test_scATAC,NK,CD4+ T naive,test_scRNA
CGTATTGCACTTAGGC-1_atac,CD14+ Mono,test_scATAC,CD14+ Mono,CD14+ Mono,test_scRNA
GTGGATGCACTAAGAA-1_atac,CD14+ Mono,test_scATAC,CD4+ T activated,CD4+ T activated,test_scRNA
AAAGGCTCATTAGGTT-1_atac,CD14+ Mono,test_scATAC,CD8+ T,CD14+ Mono,test_scRNA
AGGCTAAAGCTTTGGG-1_atac,CD4+ T naive,test_scATAC,CD8+ T,ILC,test_scRNA
GGATGAATCATGCTCC-1_atac,CD4+ T activated,test_scATAC,CD4+ T activated,MK/E prog,test_scATAC
CCTCCTGAGAGCCGGA-1_atac,NK,test_scATAC,Erythroblast,NK,test_scRNA
CAACTAGGTTTGGGTA-1_atac,Normoblast,test_scATAC,CD14+ Mono,Erythroblast,test_scATAC
GCCTTAGAGTAACCAC-1_atac,Normoblast,test_scATAC,Erythroblast,CD14+ Mono,test_scRNA
GCGGTTGGTGCCGCAA-1_atac,Erythroblast,test_scATAC,CD16+ Mono,NK,test_scATAC
CCAATATCACAAAGCG-1_atac,CD4+ T activated,test_scATAC,Erythroblast,Erythroblast,test_scATAC
TTGGATATCCAGGTCA-1_atac,CD8+ T,test_scATAC,NK,NK,test_scRNA
TCCATGCTCCGCAAGC-1_atac,Naive CD20+ B,test_scATAC,pDC,NK,test_scRNA
GGACGAAGTCATTAGG-1_atac,Erythroblast,test_scATAC,CD14+ Mono,CD4+ T activated,test_scRNA
GGTACAAAGGAAGCAC-1_atac,CD14+ Mono,test_scATAC,Naive CD20+ B,CD14+ Mono,test_scRNA
GTTTGCTGTAGGTTTG-1_atac,CD14+ Mono,test_scATAC,CD16+ Mono,CD4+ T naive,test_scATAC
CCGTGCTGTGGTTAGC-1_atac,CD4+ T naive,test_scATAC,CD14+ Mono,pDC,test_scATAC
TATTAGCCAGAAATGC-1_atac,CD14+ Mono,test_scATAC,CD4+ T activated,Erythroblast,test_scRNA
GTTACCTGTTGTTGCT-1_atac,Erythroblast,test_scATAC,MK/E prog,MK/E prog,test_scRNA
CCAATATCAAGCGAGC-1_atac,CD4+ T activated,test_scATAC,NK,NK,test_scATAC
TACTTGTTCATAATCG-1_atac,ILC,test_scATAC,CD14+ Mono,CD4+ T activated,test_scATAC
AACCGCTCACAAAGCG-1_atac,CD4+ T naive,test_scATAC,CD8+ T,Naive CD20+ B,test_scATAC
TTAGTCAAGTTGGGCC-1_atac,B1 B,test_scATAC,CD4+ T naive,NK,test_scATAC
TTGTCCATCACCTGCT-1_atac,Erythroblast,test_scATAC,Normoblast,B1 B,test_scATAC
TCCGGTTTCATTAGGC-1_atac,CD4+ T activated,test_scATAC,Erythroblast,CD14+ Mono,test_scATAC
CGGAGTCTCATGGCTG-1_atac,Normoblast,test_scATAC,NK,Erythroblast,test_scATAC
GGGTGAAGTTAGCAGC-1_atac,CD4+ T naive,test_scATAC,NK,Erythroblast,test_scATAC
GTAGGCGAGCGATACT-1_atac,Erythroblast,test_scATAC,Erythroblast,Plasma cell,test_scATAC
GGCGGTTTCGGGCCAT-1_atac,CD4+ T naive,test_scATAC,Plasma cell,NK,test_scATAC
AGTTGGCGTTCACCAT-1_atac,CD14+ Mono,test_scATAC,CD8+ T,Erythroblast,test_scATAC
ACAGGAATCGAAGCGG-1_atac,CD4+ T activated,test_scATAC,NK,CD8+ T,test_scRNA
CCTAAGCCATAGCGGA-1_atac,CD4+ T naive,test_scATAC,CD4+ T activated,ILC,test_scATAC
CCTGAGTCACAATGCC-1_atac,Naive CD20+ B,test_scATAC,NK,NK,test_scRNA
TGCCTGTTCAGGTTTA-1_atac,Normoblast,test_scATAC,CD4+ T naive,CD4+ T activated,test_scRNA
TCCGGTTTCTAAGTCA-1_atac,Erythroblast,test_scATAC,CD8+ T,CD4+ T activated,test_scRNA
AGGATGTCAGCACGTT-1_atac,Normoblast,test_scATAC,HSC,NK,test_scATAC
AATAGCTGTGGTTATG-1_atac,CD4+ T activated,test_scATAC,Erythroblast,NK,test_scRNA
GGTCCGTAGTAAGTGG-1_atac,B1 B,test_scATAC,Naive CD20+ B,Erythroblast,test_scATAC
TGAAGTGAGTTGGCCA-1_atac,CD4+ T naive,test_scATAC,CD4+ T activated,CD14+ Mono,test_scATAC
CTTGAATCATTGTCCT-1_atac,CD4+ T activated,test_scATAC,CD8+ T,CD4+ T naive,test_scRNA
CACTTTGTCACCGGTA-1_atac,CD8+ T,test_scATAC,Naive CD20+ B,pDC,test_scATAC
GTTTATCTCGTAACGT-1_atac,CD4+ T activated,test_scATAC,CD8+ T,NK,test_scRNA
AACCCGCAGCACGATT-1_atac,Normoblast,test_scATAC,Naive CD20+ B,CD4+ T activated,test_scRNA
TACGGATTCAAACACC-1_atac,CD4+ T activated,test_scATAC,NK,Proerythroblast,test_scATAC
TGTGAAACAATTAGGA-1_atac,CD4+ T activated,test_scATAC,Erythroblast,CD14+ Mono,test_scATAC
CCATAATCACTTCATC-1_atac,CD4+ T activated,test_scATAC,Naive CD20+ B,CD8+ T,test_scRNA
GATTGGCGTCCCGAAG-1_atac,CD8+ T,test_scATAC,CD4+ T activated,cDC2,test_scATAC
GCTAACAGTGCACGCA-1_atac,Naive CD20+ B,test_scATAC,CD4+ T activated,NK,test_scATAC
ATCCACCTCGCTAAGT-1_atac,CD8+ T,test_scATAC,CD8+ T,Erythroblast,test_scRNA
GGGCATGAGTGTGATC-1_atac,G/M prog,test_scATAC,CD4+ T activated,B1 B,test_scATAC
TATAGCCAGGTCGATT-1_atac,CD4+ T activated,test_scATAC,CD14+ Mono,Erythroblast,test_scATAC
CTGCTCCCAGCCAGAA-1_atac,CD8+ T,test_scATAC,CD4+ T naive,NK,test_scRNA
CGCATTACAATCCTGA-1_atac,NK,test_scATAC,CD8+ T,CD8+ T,test_scRNA
GTATCGCCAATATAGG-1_atac,CD8+ T,test_scATAC,CD8+ T,CD4+ T activated,test_scRNA
GTTCCTGGTATTCGTC-1_atac,CD4+ T activated,test_scATAC,MK/E prog,CD4+ T naive,test_scATAC
ACAAAGGTCCATCAGG-1_atac,CD8+ T,test_scATAC,NK,Transitional B,test_scRNA
GGGTTACGTAATCGCA-1_atac,Naive CD20+ B,test_scATAC,B1 B,CD14+ Mono,test_scATAC
GGCTATGTCCTACCTA-1_atac,CD8+ T,test_scATAC,CD14+ Mono,CD8+ T,test_scRNA
TGTTCATTCGTTTCTG-1_atac,CD8+ T,test_scATAC,NK,NK,test_scRNA
AGTAAGTAGGCATGAA-1_atac,CD14+ Mono,test_scATAC,G/M prog,Naive CD20+ B,test_scATAC
CTAACCCTCAAACCTA-1_atac,Normoblast,test_scATAC,NK,Naive CD20+ B,test_scATAC
TAAGCCTAGCCTGTGA-1_atac,Normoblast,test_scATAC,Normoblast,CD14+ Mono,test_scRNA
CGAGGAAGTGAGACTC-1_atac,CD14+ Mono,test_scATAC,Erythroblast,NK,test_scRNA
CTTCACTCACTAAGTT-1_atac,NK,test_scATAC,CD14+ Mono,CD16+ Mono,test_scATAC
GCAGGTGAGGGTTAGA-1_atac,CD4+ T naive,test_scATAC,CD8+ T,CD16+ Mono,test_scATAC
CGCCTCATCTTCAATC-1_atac,Naive CD20+ B,test_scATAC,Erythroblast,CD8+ T,test_scATAC
CCTTAACGTTAGCCAA-1_atac,CD4+ T naive,test_scATAC,G/M prog,CD4+ T naive,test_scATAC
GGCTCAATCATGGTTA-1_atac,CD4+ T activated,test_scATAC,CD4+ T activated,CD14+ Mono,test_scRNA
AGAAACTAGGTTTGCG-1_atac,CD14+ Mono,test_scATAC,MK/E prog,Normoblast,test_scRNA
CCTTGTTCAATAGCAA-1_atac,CD4+ T naive,test_scATAC,Proerythroblast,NK,test_scATAC
AGGGCCTTCAGCATTA-1_atac,CD14+ Mono,test_scATAC,Erythroblast,CD14+ Mono,test_scRNA
AGCTACGTCTTAGTGA-1_atac,CD4+ T activated,test_scATAC,ILC,CD14+ Mono,test_scATAC
GCATGAGCAACACCTA-1_atac,CD8+ T,test_scATAC,MK/E prog,Naive CD20+ B,test_scRNA
CGTCCTAGTTATCGAG-1_atac,CD8+ T,test_scATAC,CD8+ T,CD14+ Mono,test_scRNA
ATATGCATCCTGATGG-1_atac,CD14+ Mono,test_scATAC,Erythroblast,CD8+ T,test_scATAC
AGCTTTAAGTAGCCAT-1_atac,Erythroblast,test_scATAC,CD8+ T,Lymph prog,test_scATAC
TGCGGTTCAGTTTACG-1_atac,CD8+ T,test_scATAC,CD4+ T naive,pDC,test_scATAC
CTTCTCAAGGATGATG-1_atac,CD4+ T naive,test_scATAC,CD4+ T activated,CD4+ T activated,test_scRNA
TCGACAAGTCATGAGC-1_atac,CD4+ T activated,test_scATAC,Normoblast,CD4+ T activated,test_scATAC
CCTCCTCTCAAACTCA-1_atac,CD14+ Mono,test_scATAC,CD14+ Mono,CD4+ T naive,test_scRNA
CCACACAAGCGATAAG-1_atac,CD4+ T naive,test_scATAC,CD14+ Mono,Erythroblast,test_scATAC
GCCAACATCGATTTGA-1_atac,NK,test_scATAC,Erythroblast,Erythroblast,test_scATAC
GCTAGCCAGGTTACGT-1_atac,CD8+ T,test_scATAC,Erythroblast,Proerythroblast,test_scRNA
GGCGGTAAGCTGTACG-1_atac,B1 B,test_scATAC,Erythroblast,CD14+ Mono,test_scRNA
AGCCTCCGTTGGTGAC-1_atac,CD8+ T,test_scATAC,CD8+ T,ILC,test_scATAC
TGGACCGGTGTTCCCA-1_atac,Erythroblast,test_scATAC,Erythroblast,CD8+ T,test_scATAC
GTGTAACTCGTGCTTC-1_atac,NK,test_scATAC,CD4+ T activated,CD4+ T naive,test_scRNA
GAGGCAAGTGTAACCA-1_atac,Normoblast,test_scATAC,Erythroblast,Erythroblast,test_scATAC
CGCTAACCATCGCTTT-1_atac,NK,test_scATAC,Plasma cell,NK,test_scATAC
TCATGAGGTGGATTCA-1_atac,CD4+ T activated,test_scATAC,CD8+ T,NK,test_scRNA
GAACCAGCAATATAGG-1_atac,CD14+ Mono,test_scATAC,CD8+ T,CD14+ Mono,test_scRNA
TCAAGTATCGAGGTGG-1_atac,CD14+ Mono,test_scATAC,NK,cDC2,test_scATAC
GGACATAAGTCACTCC-1_atac,CD14+ Mono,test_scATAC,Lymph prog,NK,test_scATAC
CGATGTCCAGCAAATA-1_atac,Erythroblast,test_scATAC,CD4+ T activated,Normoblast,test_scATAC
CTCACTCAGCTTAGTA-1_atac,Normoblast,test_scATAC,CD4+ T naive,CD8+ T,test_scRNA
GGAACTAAGGCGGATG-1_atac,Erythroblast,test_scATAC,Normoblast,B1 B,test_scRNA
TCTACTAGTTACCGGG-1_atac,Naive CD20+ B,test_scATAC,CD14+ Mono,Normoblast,test_scRNA
CGGTTTCTCGAAGCGG-1_atac,CD14+ Mono,test_scATAC,CD14+ Mono,CD4+ T naive,test_scRNA
CTGTGTGAGGGACCTC-1_atac,CD8+ T,test_scATAC,NK,CD8+ T,test_scATAC
CTGGTTTGTGGAAACG-1_atac,Naive CD20+ B,test_scATAC,Normoblast,CD4+ T naive,test_scRNA
TAGTGTGGTACAAAGA-1_atac,CD4+ T naive,test_scATAC,CD4+ T activated,NK,test_scRNA
TACGCTTGTCGACTCC-1_atac,NK,test_scATAC,B1 B,CD4+ T naive,test_scATAC
GTTCCTTCATTAGGTT-1_atac,Erythroblast,test_scATAC,CD14+ Mono,CD8+ T,test_scRNA
AAGGTATAGGCAATAG-1_atac,CD4+ T activated,test_scATAC,B1 B,CD14+ Mono,test_scATAC
CCCAGCACATCCTAGA-1_atac,CD14+ Mono,test_scATAC,CD8+ T,Erythroblast,test_scRNA
TGAGAACCACAATGCC-1_atac,Normoblast,test_scATAC,CD4+ T activated,CD4+ T naive,test_scRNA
GAAACTGAGTGAACGA-1_atac,CD14+ Mono,test_scATAC,CD14+ Mono,Naive CD20+ B,test_scATAC
GGACTAAAGCTAAGTC-1_atac,Erythroblast,test_scATAC,Proerythroblast,CD4+ T activated,test_scATAC
TTCGGTACATTAGCGC-1_atac,CD4+ T naive,test_scATAC,CD14+ Mono,CD4+ T activated,test_scRNA
ATTCATGAGGTCCGTA-1_atac,Naive CD20+ B,test_scATAC,CD4+ T activated,Erythroblast,test_scRNA
CTCTATGTCAGTTCCC-1_atac,CD4+ T activated,test_scATAC,NK,NK,test_scATAC
CGATATTCATGTCAAT-1_atac,Erythroblast,test_scATAC,NK,Naive CD20+ B,test_scRNA
GGGTGAAGTCAATGTG-1_atac,CD14+ Mono,test_scATAC,CD14+ Mono,CD8+ T,test_scRNA
AACTTAGTCATCCTGC-1_atac,CD8+ T,test_scATAC,Erythroblast,CD4+ T activated,test_scRNA
GCAGCAACACAGACTC-1_atac,Erythroblast,test_scATAC,CD4+ T activated,Normoblast,test_scRNA
CCTTCAATCAAATCGC-1_atac,B1 B,test_scATAC,CD4+ T activated,CD14+ Mono,test_scATAC
AGCACTTAGCACTAAC-1_atac,CD14+ Mono,test_scATAC,CD8+ T,NK,test_scRNA
AAACGTACACAGAACG-1_atac,B1 B,test_scATAC,CD4+ T naive,CD8+ T,test_scATAC
GCTGGATGTGGCTTCC-1_atac,Naive CD20+ B,test_scATAC,Erythroblast,Erythroblast,test_scRNA
ATCGGCCAGTTTGCGG-1_atac,G/M prog,test_scATAC,Erythroblast,Naive CD20+ B,test_scATAC
GTGCCTTTCCCTGGAA-1_atac,CD14+ Mono,test_scATAC,Plasma cell,CD8+ T,test_scATAC
GTATTGTCATTGTGTG-1_atac,CD8+ T,test_scATAC,Proerythroblast,CD4+ T activated,test_scRNA
ATTCCGGAGGTGCGGA-1_atac,CD14+ Mono,test_scATAC,Naive CD20+ B,Erythroblast,test_scRNA
GTTTGTCGTGGTTCTT-1_atac,CD4+ T activated,test_scATAC,CD4+ T activated,CD14+ Mono,test_scATAC
CCTGATGAGGAGGCAT-1_atac,Erythroblast,test_scATAC,CD14+ Mono,NK,test_scATAC
TATAGCTCAGGGAGCT-1_atac,CD4+ T activated,test_scATAC,Erythroblast,NK,test_scATAC
GGTGATTTCGTCCTTA-1_atac,Erythroblast,test_scATAC,CD4+ T activated,CD8+ T,test_scRNA
TACTAAGTCTAAGGAG-1_atac,CD4+ T naive,test_scATAC,CD8+ T,CD14+ Mono,test_scATAC
CATTGTGCAAGTAAGC-1_atac,CD14+ Mono,test_scATAC,Naive CD20+ B,CD8+ T,test_scATAC
TTAGGATGTTGGTGAC-1_atac,CD4+ T naive,test_scATAC,B1 B,CD4+ T activated,test_scRNA
AGAAACCCATGTGGGA-1_atac,CD8+ T,test_scATAC,B1 B,CD8+ T,test_scATAC
GTAGGTGCAACCGCCA-1_atac,Erythroblast,test_scATAC,Erythroblast,Naive CD20+ B,test_scATAC
CGCTATGAGGTTTGCG-1_atac,CD4+ T naive,test_scATAC,CD4+ T naive,CD4+ T activated,test_scATAC
GAGTAACCATCCCTCA-1_atac,Naive CD20+ B,test_scATAC,Erythroblast,Normoblast,test_scRNA
AATCAGGAGCCTCTCG-1_atac,CD14+ Mono,test_scATAC,CD4+ T naive,Erythroblast,test_scATAC
ATACCTGCAGCTAACC-1_atac,CD4+ T naive,test_scATAC,CD14+ Mono,CD4+ T activated,test_scATAC
CTACCGGCAGCGCTTG-1_atac,NK,test_scATAC,Erythroblast,CD4+ T activated,test_scATAC
GTTCTTGTCACTTCAT-1_atac,CD14+ Mono,test_scATAC,CD4+ T naive,G/M prog,test_scRNA
GGTGATTTCCCATAAA-1_atac,CD8+ T,test_scATAC,Normoblast,CD14+ Mono,test_scRNA
CCATTGTGTCGACTAA-1_atac,Naive CD20+ B,test_scATAC,Erythroblast,CD4+ T naive,test_scRNA
TGTTACTTCATAGACC-1_atac,CD14+ Mono,test_scATAC,Naive CD20+ B,G/M prog,test_scRNA
ATGGCTTAGTCTTGAA-1_atac,Naive CD20+ B,test_scATAC,Erythroblast,CD14+ Mono,test_scATAC
CAGGGTGAGTCTGGGC-1_atac,CD8+ T,test_scATAC,CD8+ T,CD4+ T activated,test_scATAC
GAAGTATAGGTGAAAT-1_atac,NK,test_scATAC,Normoblast,CD4+ T naive,test_scRNA
GTATCGCCAGCATTAT-1_atac,CD8+ T,test_scATAC,Lymph prog,CD4+ T naive,test_scATAC
ATTCGTTTCTAATCTC-1_atac,CD14+ Mono,test_scATAC,CD4+ T activated,Proerythroblast,test_scATAC
AGCAAGGGTATTCGCT-1_atac,CD8+ T,test_scATAC,CD4+ T naive,CD14+ Mono,test_scRNA
CATTGTAAGGCCGGAA-1_atac,CD4+ T activated,test_scATAC,NK,CD14+ Mono,test_scRNA
CGAACCGGTGCACGCA-1_atac,Erythroblast,test_scATAC,Transitional B,B1 B,test_scRNA
GTCTAATCAGATTCAT-1_atac,CD14+ Mono,test_scATAC,CD4+ T activated,Erythroblast,test_scATAC
GATGACTTCCTGGCTT-1_atac,CD8+ T,test_scATAC,Normoblast,CD14+ Mono,test_scATAC
GATGCATTCTATGACA-1_atac,CD14+ Mono,test_scATAC,NK,CD4+ T activated,test_scRNA
CGTTAGGTCATAACTG-1_atac,Normoblast,test_scATAC,CD4+ T activated,CD14+ Mono,test_scRNA
GAGGACTAGCTTAGTA-1_atac,Naive CD20+ B,test_scATAC,CD8+ T,CD4+ T activated,test_scRNA
AGCCGCTAGCAAGGGT-1_atac,Erythroblast,test_scATAC,Erythroblast,cDC2,test_scRNA
GCTCAACCAGCTCAAC-1_atac,Erythroblast,test_scATAC,NK,CD4+ T naive,test_scRNA
CGTCAATAGTTGTCAA-1_atac,Erythroblast,test_scATAC,ILC,CD14+ Mono,test_scATAC
TAGCTAGGTTTCGCCA-1_atac,CD14+ Mono,test_scATAC,CD4+ T naive,CD8+ T,test_scRNA
TGATTGCAGTTACCGG-1_atac,CD4+ T activated,test_scATAC,CD8+ T,CD4+ T activated,test_scRNA
GATGGCTGTTACGCAA-1_atac,Erythroblast,test_scATAC,CD14+ Mono,Erythroblast,test_scRNA
GACCGAACATAGACCC-1_atac,CD14+ Mono,test_scATAC,CD4+ T activated,Normoblast,test_scATAC
GTACTTAAGGCATTGT-1_atac,NK,test_scATAC,CD8+ T,Naive CD20+ B,test_scATAC
TCAAGACTCGCTAAGT-1_atac,CD4+ T activated,test_scATAC,Erythroblast,Naive CD20+ B,test_scRNA
TGCGATTAGGCCAATT-1_atac,Naive CD20+ B,test_scATAC,CD8+ T,CD4+ T naive,test_scATAC
TACAGGTTCGCTAGAT-1_atac,CD14+ Mono,test_scATAC,Erythroblast,ID2-hi myeloid prog,test_scATAC
CTAGGCGGTTGAAGCC-1_atac,Naive CD20+ B,test_scATAC,CD4+ T activated,B1 B,test_scATAC
CTCCAACTCTCGCCTG-1_atac,NK,test_scATAC,CD14+ Mono,Normoblast,test_scATAC
CTCTAGCTCCCGAAGC-1_atac,CD4+ T activated,test_scATAC,ID2-hi myeloid prog,CD4+ T activated,test_scRNA
CAAGTAACATAGCGGA-1_atac,Erythroblast,test_scATAC,G/M prog,CD14+ Mono,test_scATAC
GTGCCTTTCTAACCTT-1_atac,NK,test_scATAC,CD4+ T naive,NK,test_scRNA
CCGACAGGTTTAGCTC-1_atac,CD4+ T activated,test_scATAC,CD14+ Mono,Erythroblast,test_scRNA
GCATTGCCAGTTAAAG-1_atac,Normoblast,test_scATAC,Naive CD20+ B,Erythroblast,test_scRNA
CTGTATTTCGGGACCT-1_atac,CD14+ Mono,test_scATAC,Naive CD20+ B,CD14+ Mono,test_scATAC
TCATGTTTCATAAGCC-1_atac,Erythroblast,test_scATAC,Normoblast,Lymph prog,test_scATAC
GTTCATTTCTTGTCCA-1_atac,NK,test_scATAC,CD14+ Mono,NK,test_scATAC
GCCTTACTCGTTTCTG-1_atac,CD14+ Mono,test_scATAC,CD4+ T naive,Naive CD20+ B,test_scRNA
TGTTACTTCTCACAAA-1_atac,Erythroblast,test_scATAC,B1 B,CD8+ T,test_scATAC
AGCGCTCAGTTGTCTT-1_atac,CD14+ Mono,test_scATAC,NK,Erythroblast,test_scRNA
ATGACGAAGACTCGCA-1_atac,CD8+ T,test_scATAC,CD4+ T naive,Erythroblast,test_scRNA
TCAGGAGCAGCTCATA-1_atac,CD8+ T,test_scATAC,CD8+ T,CD14+ Mono,test_scATAC
GTATTGCAGGGACTAA-1_atac,CD4+ T activated,test_scATAC,NK,Erythroblast,test_scRNA
CGCTTAACATGACTAT-1_atac,CD4+ T activated,test_scATAC,CD14+ Mono,Erythroblast,test_scRNA
GTGTTACAGGGATGCG-1_atac,CD8+ T,test_scATAC,CD4+ T naive,CD14+ Mono,test_scATAC
GGCCTTCGTGTAATAC-1_atac,Naive CD20+ B,test_scATAC,CD14+ Mono,CD8+ T,test_scRNA
ACCCAACCAGGAACCA-1_atac,Erythroblast,test_scATAC,Erythroblast,NK,test_scATAC
TGTATCCGTGTCACGG-1_atac,CD14+ Mono,test_scATAC,NK,Naive CD20+ B,test_scRNA
GGTATGTTCACGCATG-1_atac,CD4+ T naive,test_scATAC,CD14+ Mono,CD8+ T,test_scRNA
TTAAAGGCACAAGCCT-1_atac,CD8+ T,test_scATAC,Naive CD20+ B,CD4+ T activated,test_scATAC
CAACTAATCCAAATCA-1_atac,CD14+ Mono,test_scATAC,CD4+ T activated,CD14+ Mono,test_scATAC
GAGCAAGGTGGTGAGA-1_atac,Normoblast,test_scATAC,CD14+ Mono,NK,test_scATAC
ATCATGTCAATTGAGA-1_atac,Normoblast,test_scATAC,CD14+ Mono,CD4+ T naive,test_scATAC
TCTCAATTCCCAGTAG-1_atac,Naive CD20+ B,test_scATAC,G/M prog,CD8+ T,test_scATAC
GGAAGCTAGTTCCTGC-1_atac,NK,test_scATAC,NK,Erythroblast,test_scATAC
GGCTTCAAGGAACCGG-1_atac,CD4+ T activated,test_scATAC,CD8+ T,CD4+ T activated,test_scATAC
TATAACCCACTAAGTT-1_atac,CD8+ T,test_scATAC,CD14+ Mono,B1 B,test_scRNA
CCTCAAACAGCAAGAT-1_atac,B1 B,test_scATAC,CD4+ T naive,Erythroblast,test_scATAC
TCATTTGGTTAACAGT-1_atac,CD4+ T naive,test_scATAC,G/M prog,Plasma cell,test_scRNA
ACCCGTAAGGCAATAG-1_atac,CD4+ T naive,test_scATAC,Naive CD20+ B,CD4+ T activated,test_scRNA
ACGTACCCACCGGTAT-1_atac,Normoblast,test_scATAC,CD4+ T naive,Erythroblast,test_scATAC
ACTATGTCAGTTGCGT-1_atac,CD4+ T activated,test_scATAC,CD14+ Mono,NK,test_scRNA
AATAACCGTTCGGGAT-1_atac,Erythroblast,test_scATAC,CD14+ Mono,CD8+ T,test_scATAC
TCCATAAAGAACCTAC-1_atac,CD4+ T activated,test_scATAC,CD4+ T activated,CD4+ T activated,test_scATAC
ACTCGCGCACTTCATC-1_atac,Erythroblast,test_scATAC,CD14+ Mono,B1 B,test_scRNA
ATGATGACAATCCTGA-1_atac,NK,test_scATAC,CD4+ T activated,CD8+ T,test_scRNA
AGGATCCGTCACGAAC-1_atac,CD8+ T,test_scATAC,Erythroblast,CD16+ Mono,test_scRNA
CAACTAATCATGGTTA-1_atac,CD4+ T naive,test_scATAC,CD16+ Mono,CD4+ T activated,test_scATAC
ACTATGTCAGGTTACC-1_atac,CD4+ T activated,test_scATAC,B1 B,Erythroblast,test_scATAC
ATGTCCACACCTCACC-1_atac,CD4+ T naive,test_scATAC,Normoblast,CD4+ T activated,test_scRNA
ACCTCACTCCCTCACG-1_atac,Naive CD20+ B,test_scATAC,CD14+ Mono,Erythroblast,test_scRNA
GGTTAGCGTGATTACG-1_atac,CD8+ T,test_scATAC,Normoblast,CD14+ Mono,test_scATAC
GTACTTCGTGTGAGAG-1_atac,Erythroblast,test_scATAC,CD4+ T activated,CD4+ T activated,test_scATAC
CCGACAGGTAACCACA-1_atac,CD4+ T naive,test_scATAC,CD4+ T naive,ILC,test_scRNA
CCTGTTGGTATTGAGT-1_atac,CD4+ T activated,test_scATAC,Erythroblast,Plasma cell,test_scATAC
ATCACTAAGAACCTAC-1_atac,CD4+ T activated,test_scATAC,cDC2,CD14+ Mono,test_scATAC
TCACCTCAGCAACATC-1_atac,NK,test_scATAC,CD4+ T activated,CD4+ T activated,test_scATAC
CGTGGTTCATTTGCTC-1_atac,CD4+ T activated,test_scATAC,CD14+ Mono,Erythroblast,test_scATAC
CGGTTTCTCGCTTCTA-1_atac,CD14+ Mono,test_scATAC,CD4+ T naive,B1 B,test_scATAC
TGAGAACCATGTCAGC-1_atac,Erythroblast,test_scATAC,Normoblast,Normoblast,test_scRNA
GCTGTACCAACCTGGT-1_atac,CD8+ T,test_scATAC,B1 B,CD8+ T,test_scATAC
TTAGCGGTCATTTGTC-1_atac,Normoblast,test_scATAC,Plasma cell,CD14+ Mono,test_scATAC
GATAAAGGTTTACCGT-1_atac,NK,test_scATAC,Plasma cell,CD4+ T activated,test_scATAC
AATCCTAAGAAGCTAG-1_atac,Erythroblast,test_scATAC,CD14+ Mono,G/M prog,test_scRNA
TTTGTGGCAAATATCC-1_atac,CD8+ T,test_scATAC,Naive CD20+ B,NK,test_scRNA
AATCCCTGTTTGCAGA-1_atac,CD8+ T,test_scATAC,CD4+ T naive,Erythroblast,test_scATAC
CCAAACCCACACCAAC-1_atac,CD14+ Mono,test_scATAC,CD14+ Mono,Naive CD20+ B,test_scRNA
GTAGCTGTCAAGCTTA-1_atac,Normoblast,test_scATAC,CD4+ T naive,CD14+ Mono,test_scATAC
TATCCAGCACAATGTT-1_atac,CD4+ T naive,test_scATAC,Lymph prog,NK,test_scRNA
GCGATTAGTCCTTCTC-1_atac,B1 B,test_scATAC,pDC,CD8+ T,test_scATAC
TGAAGGATCTATCGCC-1_atac,CD8+ T,test_scATAC,CD14+ Mono,Naive CD20+ B,test_scATAC
CAAATCATCATGTCAA-1_atac,Erythroblast,test_scATAC,Erythroblast,CD14+ Mono,test_scRNA
GATCGAGCAGGGAGCT-1_atac,CD8+ T,test_scATAC,Naive CD20+ B,NK,test_scATAC
TTGGTGAGTACCGTAA-1_atac,Erythroblast,test_scATAC,CD4+ T naive,Naive CD20+ B,test_scATAC
CTGTACCTCCCTCGCA-1_atac,CD14+ Mono,test_scATAC,CD8+ T,CD4+ T naive,test_scRNA
CAGTATGGTTCATCTA-1_atac,CD14+ Mono,test_scATAC,CD8+ T,Erythroblast,test_scRNA
GTACACCCATTCCTGT-1_atac,CD14+ Mono,test_scATAC,ID2-hi myeloid prog,NK,test_scATAC
AGGCCCAGTCACTCGC-1_atac,Normoblast,test_scATAC,CD4+ T naive,NK,test_scATAC
TAGCATATCGCTAGCA-1_atac,NK,test_scATAC,Erythroblast,CD4+ T activated,test_scATAC
CAACTAATCGTTAGTA-1_atac,Naive CD20+ B,test_scATAC,CD8+ T,Erythroblast,test_scRNA
TACGTAATCCGCTAGA-1_atac,CD8+ T,test_scATAC,CD14+ Mono,Normoblast,test_scRNA
CTATGAGGTGAGCGAA-1_atac,CD14+ Mono,test_scATAC,Plasma cell,NK,test_scRNA
CCAACCCGTTATCCTA-1_atac,Erythroblast,test_scATAC,Erythroblast,CD14+ Mono,test_scATAC
AGTAATGCAGCTTAGC-1_atac,NK,test_scATAC,CD8+ T,Naive CD20+ B,test_scRNA
AATTACCCACCGGCTA-1_atac,Erythroblast,test_scATAC,CD4+ T naive,Normoblast,test_scRNA
CTAGATTCAAATATCC-1_atac,CD4+ T naive,test_scATAC,CD4+ T naive,NK,test_scATAC
TTGTCCCAGCTTAACA-1_atac,Normoblast,test_scATAC,Normoblast,Normoblast,test_scATAC
TTGCAGCCAGGTATTT-1_atac,CD4+ T naive,test_scATAC,CD4+ T activated,ID2-hi myeloid prog,test_scRNA
TCAACAATCTGCAAGT-1_atac,CD4+ T activated,test_scATAC,Erythroblast,B1 B,test_scATAC
CGCAATAGTGAAGCCT-1_atac,NK,test_scATAC,CD14+ Mono,Normoblast,test_scATAC
GCTTAACAGACTTATG-1_atac,NK,test_scATAC,CD4+ T naive,CD8+ T,test_scRNA
GGCTAGTGTTGCACGG-1_atac,CD4+ T naive,test_scATAC,CD14+ Mono,CD4+ T naive,test_scRNA
AGTGGACAGTTTCCTG-1_atac,CD4+ T activated,test_scATAC,NK,Proerythroblast,test_scATAC
CTTCAATTCATTACGA-1_atac,CD14+ Mono,test_scATAC,G/M prog,NK,test_scATAC
CGGACCTAGCTGCACA-1_atac,CD8+ T,test_scATAC,ILC,B1 B,test_scRNA
AAGTGAAGTAATCACG-1_atac,CD14+ Mono,test_scATAC,CD8+ T,Proerythroblast,test_scRNA
TGTGCAAGTTAATGAC-1_atac,CD14+ Mono,test_scATAC,CD8+ T,Naive CD20+ B,test_scRNA
CATCATGCAAAGGTAC-1_atac,CD8+ T,test_scATAC,CD14+ Mono,CD4+ T naive,test_scATAC
GCGCGATTCATTAGCA-1_atac,Naive CD20+ B,test_scATAC,CD4+ T naive,Normoblast,test_scRNA
CCTCAAACAGCACGAA-1_atac,CD8+ T,test_scATAC,Naive CD20+ B,Lymph prog,test_scRNA
ACAACAGAGTTGCGTG-1_atac,NK,test_scATAC,CD4+ T activated,CD14+ Mono,test_scRNA
TTGACTAAGCAAGGGT-1_atac,CD4+ T naive,test_scATAC,CD8+ T,NK,test_scATAC
GCGCTAGGTATTGAGT-1_atac,CD4+ T naive,test_scATAC,B1 B,CD4+ T activated,test_scATAC
TCAGTAATCATTGCAA-1_atac,CD8+ T,test_scATAC,CD4+ T activated,NK,test_scRNA
ATGTAACGTTGAAGCC-1_atac,NK,test_scATAC,NK,Erythroblast,test_scRNA
AATTGGGAGGAGGCAT-1_atac,CD4+ T activated,test_scATAC,CD4+ T activated,Erythroblast,test_scRNA
TTTGTTGGTACGGTAC-1_atac,CD4+ T naive,test_scATAC,CD14+ Mono,Erythroblast,test_scRNA
TTGGATTCATAAAGCA-1_atac,CD14+ Mono,test_scATAC,pDC,Normoblast,test_scRNA
CCGACAGGTACTTAGG-1_atac,CD4+ T activated,test_scATAC,Naive CD20+ B,Erythroblast,test_scRNA
CGCGATTCATAAGTTC-1_atac,Erythroblast,test_scATAC,Normoblast,CD4+ T naive,test_scRNA
CGGGCTTAGACAAGTG-1_atac,ILC,test_scATAC,CD14+ Mono,CD14+ Mono,test_scRNA
GATTCATCAACTAGGG-1_atac,Erythroblast,test_scATAC,CD8+ T,Erythroblast,test_scRNA
GATTCAATCTTAGGGT-1_atac,CD14+ Mono,test_scATAC,Erythroblast,CD14+ Mono,test_scATAC
ATCATCAAGGCGCATC-1_atac,G/M prog,test_scATAC,NK,CD8+ T,test_scATAC
ATCCTTAGTCCTAACT-1_atac,CD4+ T naive,test_scATAC,CD14+ Mono,CD4+ T activated,test_scATAC
GCAGGTGAGCGGATTT-1_atac,Normoblast,test_scATAC,Normoblast,CD4+ T activated,test_scATAC
CAGCCAATCGACCTGA-1_atac,NK,test_scATAC,NK,CD14+ Mono,test_scATAC
TAGCCTCTCGGTTACG-1_atac,Normoblast,test_scATAC,CD4+ T activated,NK,test_scATAC
TTTGCGGAGGATAAAC-1_atac,CD4+ T activated,test_scATAC,CD14+ Mono,CD8+ T,test_scRNA
AATGGCGCAATTATGC-1_atac,NK,test_scATAC,NK,CD14+ Mono,test_scATAC
TACTAAGTCTGGTCCT-1_atac,CD8+ T,test_scATAC,B1 B,CD4+ T activated,test_scATAC
ACCTCACTCTAATCCT-1_atac,CD4+ T activated,test_scATAC,CD14+ Mono,CD4+ T activated,test_scRNA
AGTGGACAGCACGATT-1_atac,Naive CD20+ B,test_scATAC,CD14+ Mono,CD14+ Mono,test_scATAC
GATGCATTCATCCTAT-1_atac,CD8+ T,test_scATAC,NK,ILC,test_scRNA
CTTCAAGCACAACAAA-1_atac,Erythroblast,test_scATAC,Naive CD20+ B,CD8+ T,test_scRNA
TTGTTGTTCATGGCTG-1_atac,CD14+ Mono,test_scATAC,Erythroblast,Erythroblast,test_scRNA
CTATTCAGTGCTAGCG-1_atac,CD4+ T naive,test_scATAC,Erythroblast,CD4+ T activated,test_scATAC
CGGGACAAGTAACTCA-1_atac,Normoblast,test_scATAC,NK,Erythroblast,test_scATAC
ACCAAGCGTGGATTCA-1_atac,G/M prog,test_scATAC,CD4+ T activated,CD8+ T,test_scRNA
ACAACACTCGAGCTAT-1_atac,Normoblast,test_scATAC,CD14+ Mono,Naive CD20+ B,test_scATAC
CCAGACTCAAGTTATC-1_atac,CD4+ T activated,test_scATAC,Normoblast,CD4+ T activated,test_scATAC
CGTAACTAGTAGCGGG-1_atac,CD4+ T activated,test_scATAC,CD4+ T naive,ILC,test_scATAC
AGAAAGGCATCCTAGA-1_atac,Naive CD20+ B,test_scATAC,NK,Erythroblast,test_scATAC
AGCATTTCAGTCTAAT-1_atac,Normoblast,test_scATAC,Normoblast,Naive CD20+ B,test_scATAC
TTAAGCCAGGCTAATC-1_atac,CD14+ Mono,test_scATAC,CD4+ T naive,CD4+ T activated,test_scATAC
CTTATTGGTACGCGCA-1_atac,CD4+ T naive,test_scATAC,Erythroblast,CD4+ T naive,test_scATAC
GTCATTAAGCATCCAG-1_atac,Erythroblast,test_scATAC,CD14+ Mono,Normoblast,test_scATAC
ACTAACCAGAAGGTGC-1_atac,NK,test_scATAC,CD14+ Mono,CD14+ Mono,test_scRNA
TACCAAATCCCTCACG-1_atac,Erythroblast,test_scATAC,B1 B,NK,test_scRNA
CGATGTCCAGGTTACC-1_atac,CD4+ T naive,test_scATAC,MK/E prog,CD8+ T,test_scATAC
CGTTATCGTATTTGCC-1_atac,Erythroblast,test_scATAC,CD4+ T naive,Lymph prog,test_scRNA
ATGGCCCAGTCAGGCC-1_atac,CD4+ T activated,test_scATAC,CD4+ T activated,CD14+ Mono,test_scATAC
TATAACCCACTAAGAA-1_atac,Erythroblast,test_scATAC,CD14+ Mono,pDC,test_scRNA
CGGCTAATCATTAGCA-1_atac,CD4+ T activated,test_scATAC,Naive CD20+ B,Normoblast,test_scRNA
TAGGAGTCAGTACCGT-1_atac,B1 B,test_scATAC,NK,Normoblast,test_scRNA
ATAGGTACAATATGGA-1_atac,CD14+ Mono,test_scATAC,NK,G/M prog,test_scATAC
AACAAGCCATAAAGCA-1_atac,CD4+ T activated,test_scATAC,Naive CD20+ B,CD4+ T activated,test_scRNA
TCTACCTCATGAGTTT-1_atac,Erythroblast,test_scATAC,CD4+ T naive,CD8+ T,test_scRNA
GATTAGCTCTAGCGAT-1_atac,CD14+ Mono,test_scATAC,B1 B,CD14+ Mono,test_scATAC
CAGTACCCAAGGACCA-1_atac,CD8+ T,test_scATAC,CD14+ Mono,Erythroblast,test_scRNA
TCCATCATCTTGTCTG-1_atac,Erythroblast,test_scATAC,Normoblast,Normoblast,test_scRNA
TGCTTCCAGTACCGCA-1_atac,CD4+ T activated,test_scATAC,B1 B,MK/E prog,test_scRNA
TCGGTTTGTCCTAGTT-1_atac,Naive CD20+ B,test_scATAC,Erythroblast,CD4+ T activated,test_scATAC
GATAAAGGTGACCTGG-1_atac,CD14+ Mono,test_scATAC,CD4+ T naive,NK,test_scRNA
ACTTACAAGGGACGCA-1_atac,G/M prog,test_scATAC,Erythroblast,Normoblast,test_scATAC
GGTGCTTCAATCATGT-1_atac,Erythroblast,test_scATAC,Proerythroblast,HSC,test_scATAC
GACTTAGGTCGCGCAA-1_atac,Normoblast,test_scATAC,NK,Normoblast,test_scRNA
GATGCAGCACACCAAC-1_atac,CD4+ T activated,test_scATAC,CD4+ T activated,CD4+ T activated,test_scATAC
GTAGGCGAGTTAGAGG-1_atac,CD8+ T,test_scATAC,Normoblast,CD8+ T,test_scATAC
CTCTAAGCATGTCAAT-1_atac,CD14+ Mono,test_scATAC,CD4+ T activated,MK/E prog,test_scATAC
CGTTAGTAGGTGAGAC-1_atac,Normoblast,test_scATAC,CD4+ T activated,B1 B,test_scRNA
CCACATTGTCCTTAGT-1_atac,B1 B,test_scATAC,CD8+ T,CD4+ T activated,test_scATAC
AGTTGGCGTGGATTAT-1_atac,CD14+ Mono,test_scATAC,Transitional B,CD4+ T activated,test_scRNA
ATCACTAAGTTACCGG-1_atac,CD14+ Mono,test_scATAC,CD4+ T activated,CD14+ Mono,test_scATAC
AGTTACATCCTAATGA-1_atac,CD8+ T,test_scATAC,CD14+ Mono,CD4+ T naive,test_scRNA
AGATGAAGTTTCCTCC-1_atac,B1 B,test_scATAC,Normoblast,NK,test_scATAC
ATGCAGGCACTGGCTG-1_atac,CD14+ Mono,test_scATAC,CD8+ T,CD14+ Mono,test_scATAC
GCAAACTTCAAACCGT-1_atac,CD8+ T,test_scATAC,pDC,CD4+ T naive,test_scATAC
TACCTTAGTATTGGAT-1_atac,Erythroblast,test_scATAC,CD14+ Mono,NK,test_scATAC
CTGTGTGAGGAAACTG-1_atac,B1 B,test_scATAC,CD4+ T activated,CD8+ T,test_scATAC
ATCCGTGAGCGATAGA-1_atac,CD4+ T activated,test_scATAC,CD4+ T activated,CD4+ T activated,test_scATAC
GTTTACCGTTGGCCGA-1_atac,CD8+ T,test_scATAC,CD4+ T naive,CD4+ T naive,test_scATAC
CCTGATGAGGAACACA-1_atac,CD4+ T activated,test_scATAC,NK,Naive CD20+ B,test_scRNA
CGGACAACAGATTCAT-1_atac,Erythroblast,test_scATAC,Normoblast,ILC,test_scATAC
GGAGGTTAGTGTGATC-1_atac,ILC,test_scATAC,Erythroblast,Erythroblast,test_scRNA
TGCTCAACACCACAAC-1_atac,CD8+ T,test_scATAC,CD8+ T,Transitional B,test_scATAC
TGTTGTAAGCCTTAAA-1_atac,NK,test_scATAC,Erythroblast,CD4+ T activated,test_scRNA
TACTGGCCATTGTGTG-1_atac,CD4+ T activated,test_scATAC,Lymph prog,CD16+ Mono,test_scATAC
AATGCATGTAATAGCT-1_atac,NK,test_scATAC,Erythroblast,CD14+ Mono,test_scATAC
TCTGGCTTCTATCGCC-1_atac,CD14+ Mono,test_scATAC,Erythroblast,Naive CD20+ B,test_scATAC
ACACTTAAGTGAACAG-1_atac,CD8+ T,test_scATAC,Erythroblast,CD14+ Mono,test_scATAC
ACGAACAAGCATGTTA-1_atac,CD4+ T naive,test_scATAC,NK,CD14+ Mono,test_scRNA
TTCCTCAAGAGGGACT-1_atac,NK,test_scATAC,Transitional B,NK,test_scATAC
TATGTGATCGGGATTT-1_atac,NK,test_scATAC,CD4+ T activated,CD4+ T activated,test_scATAC
AAACATGCAAAGCGCA-1_atac,CD4+ T activated,test_scATAC,ILC,CD14+ Mono,test_scATAC
CGCTGTGCAGGCTAAG-1_atac,Normoblast,test_scATAC,CD14+ Mono,Transitional B,test_scRNA
GCTCAACCATTATGGT-1_atac,CD4+ T naive,test_scATAC,CD4+ T naive,Erythroblast,test_scATAC
TGCGCGAGTAGGTTTG-1_atac,CD4+ T naive,test_scATAC,pDC,CD4+ T activated,test_scRNA
AAGTCTATCCCGTTAC-1_atac,CD14+ Mono,test_scATAC,CD4+ T activated,NK,test_scATAC
TTGTTCCCAGTAATAG-1_atac,Normoblast,test_scATAC,MK/E prog,pDC,test_scATAC
ACTTAGTCAAAGCGCA-1_atac,Erythroblast,test_scATAC,CD8+ T,Erythroblast,test_scRNA
CAAACGCGTGAACAAA-1_atac,CD4+ T naive,test_scATAC,CD16+ Mono,CD4+ T naive,test_scATAC
CCACTTGGTAAATTGC-1_atac,G/M prog,test_scATAC,CD4+ T naive,Erythroblast,test_scRNA
GCGAAGCCATCACTTC-1_atac,Naive CD20+ B,test_scATAC,Erythroblast,CD4+ T naive,test_scRNA
TTTATGGAGGGTGAAC-1_atac,CD14+ Mono,test_scATAC,CD4+ T activated,CD8+ T,test_scRNA
ACTAACTCAGAACCGA-1_atac,CD4+ T activated,test_scATAC,Erythroblast,Plasma cell,test_scRNA
TAGGAGGGTCATAACG-1_atac,CD4+ T naive,test_scATAC,CD14+ Mono,Normoblast,test_scATAC
TGATCACAGCAAACCT-1_atac,CD8+ T,test_scATAC,CD14+ Mono,CD8+ T,test_scATAC
TTCAACCGTGCTTAGA-1_atac,CD4+ T activated,test_scATAC,CD14+ Mono,CD8+ T,test_scATAC
CATCCCAGTCTTGCAT-1_atac,Erythroblast,test_scATAC,CD8+ T,Normoblast,test_scRNA
GGTACTTAGGAGTCGG-1_atac,CD14+ Mono,test_scATAC,Naive CD20+ B,ILC,test_scATAC
ATGTTTGAGTCCTGAG-1_atac,CD14+ Mono,test_scATAC,CD14+ Mono,Naive CD20+ B,test_scRNA
GATAAAGGTATTGGTG-1_atac,CD14+ Mono,test_scATAC,CD14+ Mono,B1 B,test_scRNA
CTCGTTATCACTAAGC-1_atac,Normoblast,test_scATAC,CD4+ T naive,CD8+ T,test_scATAC
CCAACCAAGAAAGGAA-1_atac,CD14+ Mono,test_scATAC,CD4+ T activated,NK,test_scRNA
CGTGCTTTCCCTGATC-1_atac,B1 B,test_scATAC,CD14+ Mono,CD8+ T,test_scRNA
GGTGAGTAGGTTTGAC-1_atac,Naive CD20+ B,test_scATAC,CD4+ T activated,G/M prog,test_scRNA
CATAGTCAGGATTTGC-1_atac,CD4+ T activated,test_scATAC,Transitional B,CD8+ T,test_scATAC
TGCTAGCCAGTTTGGC-1_atac,CD4+ T activated,test_scATAC,Naive CD20+ B,CD8+ T,test_scATAC
GCTCAACCAATTAACC-1_atac,CD4+ T activated,test_scATAC,Erythroblast,Erythroblast,test_scRNA
TGAGCTTAGCCAGTAT-1_atac,CD8+ T,test_scATAC,CD4+ T naive,Naive CD20+ B,test_scRNA
GGAGCAAGTCGCAATA-1_atac,Erythroblast,test_scATAC,CD4+ T naive,Naive CD20+ B,test_scRNA
AGAGGAACATAAGCAA-1_atac,CD8+ T,test_scATAC,CD4+ T naive,Erythroblast,test_scATAC
ACAAACTGTGTTGCTT-1_atac,CD4+ T activated,test_scATAC,CD4+ T activated,CD8+ T,test_scRNA
CAGTATGGTGGATTGC-1_atac,CD14+ Mono,test_scATAC,CD14+ Mono,CD4+ T activated,test_scRNA
TATGGTCAGCTTCCCG-1_atac,CD4+ T activated,test_scATAC,CD8+ T,CD16+ Mono,test_scRNA
CGAAGAATCCTGCGAA-1_atac,B1 B,test_scATAC,ILC,ILC,test_scATAC
TCGTTACGTACAAAGA-1_atac,Erythroblast,test_scATAC,NK,CD14+ Mono,test_scATAC
GCAAACTTCTACCTGC-1_atac,CD8+ T,test_scATAC,Naive CD20+ B,NK,test_scATAC
CTTGCGCGTCAAAGGG-1_atac,Naive CD20+ B,test_scATAC,HSC,Erythroblast,test_scRNA
ATCCTGACAAGCTTAT-1_atac,G/M prog,test_scATAC,CD4+ T activated,CD4+ T naive,test_scATAC
AAGACAAGTACTGAAT-1_atac,CD4+ T activated,test_scATAC,CD4+ T naive,CD14+ Mono,test_scRNA
TAAGTAGCATGCAACC-1_atac,CD8+ T,test_scATAC,CD4+ T naive,CD4+ T activated,test_scATAC
TCGCATTGTACCGAAC-1_atac,Naive CD20+ B,test_scATAC,Lymph prog,CD16+ Mono,test_scRNA
CTGAATATCTAACTGA-1_atac,CD4+ T activated,test_scATAC,Lymph prog,CD4+ T activated,test_scATAC
TGTCAATCAAATGCCC-1_atac,NK,test_scATAC,CD4+ T naive,CD14+ Mono,test_scATAC
TGGTCATAGGCGCTAC-1_atac,CD8+ T,test_scATAC,Naive CD20+ B,CD4+ T naive,test_scRNA
CCTTAGTGTCCTTCAG-1_atac,CD4+ T activated,test_scATAC,CD14+ Mono,CD8+ T,test_scATAC
TGTTCCTCAAATGCCC-1_atac,Erythroblast,test_scATAC,Naive CD20+ B,CD4+ T naive,test_scATAC
GGTATTTCAATATACC-1_atac,Naive CD20+ B,test_scATAC,pDC,CD4+ T naive,test_scATAC
CTGCTCCCATCAATCG-1_atac,CD14+ Mono,test_scATAC,Erythroblast,Normoblast,test_scATAC
CATGCGCAGCGAGGTG-1_atac,Naive CD20+ B,test_scATAC,CD4+ T naive,CD4+ T naive,test_scRNA
TATATCCTCCGCATGA-1_atac,NK,test_scATAC,CD8+ T,CD4+ T naive,test_scATAC
ACACGGACACCAGCAT-1_atac,NK,test_scATAC,Erythroblast,Erythroblast,test_scRNA
GGGCGAATCGATATTG-1_atac,B1 B,test_scATAC,Normoblast,NK,test_scRNA
ACCTGGATCATCCTAT-1_atac,Normoblast,test_scATAC,ID2-hi myeloid prog,B1 B,test_scRNA
TCCTTGCAGCGTGCAC-1_atac,Erythroblast,test_scATAC,CD4+ T activated,CD16+ Mono,test_scRNA
AGGTACGCAATAACGA-1_atac,CD4+ T naive,test_scATAC,G/M prog,NK,test_scRNA
TTTCCACCATAGGCGA-1_atac,CD8+ T,test_scATAC,Normoblast,CD4+ T activated,test_scRNA
TGTGGCCAGGCCGGAA-1_atac,CD14+ Mono,test_scATAC,CD4+ T activated,B1 B,test_scRNA
GGTGAGGTCACACAGT-1_atac,NK,test_scATAC,CD14+ Mono,Erythroblast,test_scATAC
CGATTCCTCTTTAAGG-1_atac,CD8+ T,test_scATAC,CD4+ T activated,Erythroblast,test_scRNA
TAAGTGCTCCTAGTCC-1_atac,Normoblast,test_scATAC,pDC,CD4+ T naive,test_scRNA
CCAAACCCACCTGCCT-1_atac,Naive CD20+ B,test_scATAC,CD4+ T naive,CD8+ T,test_scRNA
AAACCGCGTTACATCC-1_atac,Naive CD20+ B,test_scATAC,CD4+ T activated,CD4+ T naive,test_scATAC
CTCAATAAGTTGGCCA-1_atac,CD4+ T activated,test_scATAC,Normoblast,CD4+ T activated,test_scATAC
TGCAGGCTCGTTAGTA-1_atac,ILC,test_scATAC,CD14+ Mono,CD8+ T,test_scATAC
GAGCGATAGCAAACCT-1_atac,CD14+ Mono,test_scATAC,Erythroblast,Naive CD20+ B,test_scRNA
ATGCGATTCGAGCAAA-1_atac,NK,test_scATAC,CD4+ T naive,Normoblast,test_scATAC
ACCTTGCTCTTGGACG-1_atac,Naive CD20+ B,test_scATAC,CD14+ Mono,CD14+ Mono,test_scRNA
TCAACAATCCCTGTTA-1_atac,CD14+ Mono,test_scATAC,Naive CD20+ B,Normoblast,test_scRNA
ATTCATGAGCTCCTAC-1_atac,CD4+ T naive,test_scATAC,CD4+ T activated,NK,test_scATAC
AAGAATCAGTCACGAT-1_atac,NK,test_scATAC,CD4+ T naive,Erythroblast,test_scRNA
GGCAGGATCTCACATT-1_atac,Erythroblast,test_scATAC,NK,CD4+ T naive,test_scATAC
CTGTAACAGAAGGTGC-1_atac,CD4+ T activated,test_scATAC,CD14+ Mono,CD14+ Mono,test_scATAC
ATGTTCAAGGACCAGG-1_atac,CD4+ T naive,test_scATAC,CD14+ Mono,Erythroblast,test_scRNA
CAAGACAAGTCACCAG-1_atac,Naive CD20+ B,test_scATAC,pDC,ILC,test_scATAC
TGGCTATAGGCTACAT-1_atac,CD8+ T,test_scATAC,CD4+ T activated,B1 B,test_scATAC
CTGGATGTCCTTTACG-1_atac,CD14+ Mono,test_scATAC,Naive CD20+ B,CD14+ Mono,test_scRNA
AGGGCCTTCGGCCAGT-1_atac,CD8+ T,test_scATAC,cDC2,B1 B,test_scATAC
GTGTAACTCTAACCTT-1_atac,Normoblast,test_scATAC,CD4+ T activated,ID2-hi myeloid prog,test_scATAC
AAGCTTGGTGTGAGGA-1_atac,NK,test_scATAC,CD4+ T naive,NK,test_scATAC
GTGCGCAGTGAGGTGA-1_atac,Naive CD20+ B,test_scATAC,MK/E prog,CD8+ T,test_scATAC
AGTCTTGCATAGTCAT-1_atac,Erythroblast,test_scATAC,Transitional B,Naive CD20+ B,test_scRNA
CGTGAGGAGGATTGCT-1_atac,CD14+ Mono,test_scATAC,CD8+ T,G/M prog,test_scRNA
GTATGTTCATGTCGCG-1_atac,NK,test_scATAC,Naive CD20+ B,CD14+ Mono,test_scATAC
TATTCGTTCCCTGTTA-1_atac,Normoblast,test_scATAC,CD14+ Mono,CD4+ T activated,test_scRNA
CTAGTTGCAGCATTAT-1_atac,CD14+ Mono,test_scATAC,Plasma cell,MK/E prog,test_scRNA
CTGACCAAGAATCTCA-1_atac,NK,test_scATAC,Erythroblast,CD4+ T activated,test_scATAC
TTGCATTTCCTTAGTT-1_atac,Erythroblast,test_scATAC,CD4+ T activated,Erythroblast,test_scRNA
AGAACCGCATCAATCG-1_atac,CD8+ T,test_scATAC,Naive CD20+ B,CD4+ T naive,test_scRNA
TGGATTGGTTTGTCTA-1_atac,G/M prog,test_scATAC,Erythroblast,Normoblast,test_scRNA
TGTGTTAAGAAGGTGC-1_atac,G/M prog,test_scATAC,CD14+ Mono,Proerythroblast,test_scRNA
AATCATCCATGAGCAG-1_atac,Normoblast,test_scATAC,Erythroblast,cDC2,test_scRNA
CACCAACCACTAGGTC-1_atac,CD14+ Mono,test_scATAC,Lymph prog,CD4+ T activated,test_scATAC
TCTCAATTCCCTCATA-1_atac,Naive CD20+ B,test_scATAC,CD4+ T naive,CD8+ T,test_scATAC
TTAGCCTGTAGTCAAT-1_atac,Erythroblast,test_scATAC,CD8+ T,CD4+ T activated,test_scATAC
TTATGACCAAAGCTCC-1_atac,CD14+ Mono,test_scATAC,CD4+ T activated,Normoblast,test_scATAC
AGGTTAGAGGGTGAGT-1_atac,B1 B,test_scATAC,Lymph prog,CD14+ Mono,test_scATAC
ATTGTGATCCTGATGG-1_atac,CD14+ Mono,test_scATAC,Naive CD20+ B,Normoblast,test_scRNA
ACACGGACAATTTGGT-1_atac,Normoblast,test_scATAC,CD4+ T activated,Erythroblast,test_scRNA
CCTGTATGTCCTAGTT-1_atac,CD8+ T,test_scATAC,CD14+ Mono,CD8+ T,test_scATAC
CCAAATCAGCTATATG-1_atac,Naive CD20+ B,test_scATAC,CD14+ Mono,CD8+ T,test_scRNA
GCATGAGCATAAACCT-1_atac,Normoblast,test_scATAC,CD14+ Mono,Naive CD20+ B,test_scATAC
CCGTTACTCTTGTCCA-1_atac,B1 B,test_scATAC,ID2-hi myeloid prog,NK,test_scRNA
CGGTTTGAGCAAGGAC-1_atac,CD4+ T activated,test_scATAC,B1 B,CD4+ T naive,test_scRNA
GACATTATCAGCACGC-1_atac,NK,test_scATAC,CD8+ T,Normoblast,test_scATAC
GGAGCATAGCTTAGTA-1_atac,Normoblast,test_scATAC,CD4+ T naive,CD4+ T activated,test_scRNA
GATTAGTGTTCCAGGG-1_atac,CD4+ T naive,test_scATAC,Normoblast,Naive CD20+ B,test_scRNA
GGTATTTCAGGCTTGT-1_atac,CD4+ T activated,test_scATAC,CD4+ T activated,Transitional B,test_scRNA
AATGCAACATGCTATG-1_atac,Erythroblast,test_scATAC,Erythroblast,CD14+ Mono,test_scRNA
ATGAAGCCAGTAGCCT-1_atac,G/M prog,test_scATAC,CD4+ T naive,NK,test_scRNA
TTGCAACAGAGGGACT-1_atac,CD14+ Mono,test_scATAC,Erythroblast,NK,test_scRNA
AATTGACGTGCCTCAC-1_atac,CD4+ T activated,test_scATAC,NK,CD4+ T activated,test_scRNA
GGTTATGGTCGCATAA-1_atac,Normoblast,test_scATAC,cDC2,Erythroblast,test_scATAC
GCCTCGACAGGTATTT-1_atac,CD4+ T activated,test_scATAC,CD8+ T,Naive CD20+ B,test_scATAC
TGAAGGATCATAGACC-1_atac,CD4+ T naive,test_scATAC,Naive CD20+ B,Transitional B,test_scRNA
CTTCACTCAAGACTCC-1_atac,CD14+ Mono,test_scATAC,CD8+ T,NK,test_scRNA
ACCAATATCTGGTCCT-1_atac,CD8+ T,test_scATAC,NK,CD14+ Mono,test_scRNA
TGCTATGCAGGACACA-1_atac,CD14+ Mono,test_scATAC,ILC,CD14+ Mono,test_scRNA
TTCACTGTCAGCATTA-1_atac,Normoblast,test_scATAC,CD8+ T,CD4+ T naive,test_scRNA
CATGGATTCGATAACC-1_atac,CD14+ Mono,test_scATAC,NK,Erythroblast,test_scATAC
CTGCAATAGTAAGTCC-1_atac,CD4+ T activated,test_scATAC,CD4+ T naive,Erythroblast,test_scRNA
GAAGGCTAGGATTGAG-1_atac,Normoblast,test_scATAC,CD8+ T,CD4+ T activated,test_scATAC
GTTCACCTCAGGTTTA-1_atac,CD14+ Mono,test_scATAC,CD14+ Mono,Erythroblast,test_scRNA
ACGCCTAAGGAACGCG-1_atac,NK,test_scATAC,CD14+ Mono,Erythroblast,test_scRNA
GTGTGTTAGTTACCGG-1_atac,CD14+ Mono,test_scATAC,CD14+ Mono,Normoblast,test_scATAC
CGATCCTTCCTGGTCT-1_atac,CD4+ T naive,test_scATAC,G/M prog,Erythroblast,test_scRNA
GGACAGCCAGCCGCTA-1_atac,Erythroblast,test_scATAC,CD4+ T activated,CD14+ Mono,test_scRNA
CTGTATTTCAATACGC-1_atac,CD4+ T naive,test_scATAC,CD4+ T activated,NK,test_scRNA
CTCGACAAGTCCTGAG-1_atac,Erythroblast,test_scATAC,Normoblast,cDC2,test_scATAC
GTATTGTCAGTTTGTG-1_atac,NK,test_scATAC,Erythroblast,CD8+ T,test_scRNA
TTATGCGCAGGATAAC-1_atac,NK,test_scATAC,CD4+ T activated,MK/E prog,test_scRNA
CCAGACTCAAGACTCC-1_atac,CD4+ T activated,test_scATAC,MK/E prog,CD14+ Mono,test_scRNA
AGTGCACGTGTTGTGA-1_atac,NK,test_scATAC,Erythroblast,CD4+ T activated,test_scATAC
CCTCAAACAGCTAACC-1_atac,CD4+ T activated,test_scATAC,Normoblast,CD16+ Mono,test_scATAC
ACTTATCTCATTTGCT-1_atac,CD4+ T activated,test_scATAC,CD14+ Mono,CD4+ T activated,test_scATAC
ACTCACTGTTAGCATG-1_atac,NK,test_scATAC,CD14+ Mono,Erythroblast,test_scATAC
GATCGATTCATTAGTG-1_atac,ILC,test_scATAC,CD14+ Mono,Erythroblast,test_scATAC
AATTACCCAGGTTATT-1_atac,CD8+ T,test_scATAC,NK,Lymph prog,test_scRNA
ACCAGCTCATGTTTGG-1_atac,Normoblast,test_scATAC,CD8+ T,CD4+ T activated,test_scATAC
TGCTAACAGTACTGGT-1_atac,CD4+ T activated,test_scATAC,CD14+ Mono,CD4+ T activated,test_scATAC
GAGGTGAGTTTATGGG-1_atac,CD4+ T activated,test_scATAC,CD8+ T,Erythroblast,test_scATAC
AGTAATCGTTCATTTG-1_atac,CD4+ T activated,test_scATAC,Normoblast,CD4+ T naive,test_scRNA
AGAAACTAGCGGATAA-1_atac,CD4+ T naive,test_scATAC,CD8+ T,CD14+ Mono,test_scATAC
GGTGTGACAGCACGTT-1_atac,CD8+ T,test_scATAC,Normoblast,Naive CD20+ B,test_scATAC
CACTAAGGTAATGGAA-1_atac,NK,test_scATAC,CD4+ T activated,Plasma cell,test_scRNA
GCAATGAAGTTTGCGG-1_atac,Erythroblast,test_scATAC,Naive CD20+ B,CD14+ Mono,test_scRNA
CCCATAACAGACAAAC-1_atac,CD14+ Mono,test_scATAC,NK,CD14+ Mono,test_scRNA
CCTCAGTTCTAACCAA-1_atac,Normoblast,test_scATAC,CD4+ T activated,pDC,test_scATAC
CGGTTCCGTAGGTGTC-1_atac,Erythroblast,test_scATAC,CD4+ T naive,CD4+ T activated,test_scATAC
TTTCTCACACAGAAAC-1_atac,CD14+ Mono,test_scATAC,Naive CD20+ B,CD4+ T naive,test_scRNA
AATTACCCAAGTAAGC-1_atac,CD14+ Mono,test_scATAC,CD8+ T,CD16+ Mono,test_scRNA
CGATATTCACCTGGTG-1_atac,CD4+ T activated,test_scATAC,CD4+ T activated,CD4+ T naive,test_scATAC
ACCAAGTTCCAGCACA-1_atac,Erythroblast,test_scATAC,G/M prog,B1 B,test_scRNA
AGACCCGGTATTGGAT-1_atac,CD4+ T naive,test_scATAC,CD4+ T naive,Erythroblast,test_scRNA
GCAAACCGTCGTTACT-1_atac,B1 B,test_scATAC,CD8+ T,Erythroblast,test_scATAC
GCCTTAGAGCCAGTAT-1_atac,CD8+ T,test_scATAC,CD8+ T,G/M prog,test_scATAC
GACGTAAAGCCTGGTA-1_atac,NK,test_scATAC,CD4+ T activated,CD14+ Mono,test_scATAC
GCTGGATGTGCGCATG-1_atac,Erythroblast,test_scATAC,CD4+ T naive,Naive CD20+ B,test_scATAC
GCACTAAGTGAATCGC-1_atac,CD4+ T activated,test_scATAC,Erythroblast,CD14+ Mono,test_scATAC
ACTTGTAAGTTTGAGC-1_atac,Erythroblast,test_scATAC,cDC2,Erythroblast,test_scRNA
TCTGGCTTCGCTCCAT-1_atac,CD4+ T activated,test_scATAC,CD8+ T,CD8+ T,test_scRNA
CAGGAAGGTTTCCTCC-1_atac,Normoblast,test_scATAC,CD8+ T,Naive CD20+ B,test_scRNA
CCTGATGAGCAAACCT-1_atac,Erythroblast,test_scATAC,Transitional B,CD14+ Mono,test_scATAC
TCAAGGAAGGGACTAA-1_atac,CD8+ T,test_scATAC,Naive CD20+ B,Normoblast,test_scRNA
GTGAGCGAGGGACTAA-1_atac,CD4+ T activated,test_scATAC,CD8+ T,Naive CD20+ B,test_scRNA
TTAGCCTGTGATTACG-1_atac,CD4+ T activated,test_scATAC,Normoblast,CD14+ Mono,test_scATAC
TACTGGCCAGCTTACA-1_atac,CD8+ T,test_scATAC,NK,NK,test_scRNA
AAGCGAATCTCGCCTG-1_atac,CD8+ T,test_scATAC,CD8+ T,CD14+ Mono,test_scATAC
TGGCTATAGGCCCAGT-1_atac,CD4+ T activated,test_scATAC,CD4+ T activated,NK,test_scRNA
CCGATGCAGCACGTTG-1_atac,CD8+ T,test_scATAC,CD8+ T,CD4+ T naive,test_scATAC
AGTAGGATCACCTGTC-1_atac,CD4+ T activated,test_scATAC,CD4+ T activated,NK,test_scRNA
CATTGTAAGTTAGTGC-1_atac,CD4+ T naive,test_scATAC,Transitional B,NK,test_scATAC
GCCTTACTCAAAGGCA-1_atac,CD4+ T activated,test_scATAC,Erythroblast,CD8+ T,test_scATAC
AGAAACCCATTAAAGG-1_atac,CD4+ T activated,test_scATAC,Proerythroblast,CD4+ T activated,test_scRNA
ACTAAAGCAAACATAG-1_atac,CD4+ T naive,test_scATAC,NK,CD4+ T activated,test_scATAC
ACCAATATCTCACATT-1_atac,B1 B,test_scATAC,CD4+ T naive,Erythroblast,test_scRNA
GGGAATATCCAATTAG-1_atac,G/M prog,test_scATAC,NK,NK,test_scRNA
GTGCTGGGTTAGTACG-1_atac,Naive CD20+ B,test_scATAC,CD14+ Mono,CD14+ Mono,test_scRNA
TCACGGATCTGGTCCT-1_atac,Erythroblast,test_scATAC,CD14+ Mono,CD8+ T,test_scRNA
CCCTGTTAGCTTTGTT-1_atac,CD8+ T,test_scATAC,CD4+ T naive,NK,test_scATAC
GCATATATCTAACCTT-1_atac,CD8+ T,test_scATAC,CD8+ T,ID2-hi myeloid prog,test_scRNA
GCCCATAAGTCCTTCA-1_atac,B1 B,test_scATAC,Naive CD20+ B,Erythroblast,test_scATAC
GTCTATCGTGTCCAGG-1_atac,CD8+ T,test_scATAC,CD4+ T activated,Transitional B,test_scATAC
CAAACCGTCACTTCAT-1_atac,NK,test_scATAC,CD4+ T activated,CD8+ T,test_scATAC
GTGTGCGGTCATCAAG-1_atac,CD8+ T,test_scATAC,Erythroblast,CD4+ T naive,test_scRNA
ATTAGCTCATGAATCT-1_atac,Erythroblast,test_scATAC,Transitional B,G/M prog,test_scATAC
CTGGTTTGTGCCTCAC-1_atac,CD14+ Mono,test_scATAC,Normoblast,CD4+ T activated,test_scRNA
GTGCTCCGTGACATGC-1_atac,CD4+ T activated,test_scATAC,CD8+ T,CD4+ T activated,test_scRNA
GGAAACTCACTATGGC-1_atac,NK,test_scATAC,CD8+ T,CD14+ Mono,test_scATAC
AAGCTTGGTTACTTGC-1_atac,CD4+ T activated,test_scATAC,CD14+ Mono,CD8+ T,test_scATAC
CGTTGCAAGGAAGTAT-1_atac,G/M prog,test_scATAC,Lymph prog,Normoblast,test_scRNA
TGGCCTGCACGAATCC-1_atac,B1 B,test_scATAC,CD4+ T naive,Erythroblast,test_scATAC
AGAGAAGCAGCAAGTG-1_atac,CD14+ Mono,test_scATAC,Erythroblast,NK,test_scRNA
GACCGAACATGCTTAG-1_atac,Erythroblast,test_scATAC,NK,CD14+ Mono,test_scRNA
TCACATAAGGCCTTAG-1_atac,CD8+ T,test_scATAC,CD14+ Mono,CD4+ T activated,test_scRNA
TCCTTCAAGGTCTTGG-1_atac,CD4+ T activated,test_scATAC,MK/E prog,Erythroblast,test_scATAC
AGGTACGCAATATAGG-1_atac,Normoblast,test_scATAC,CD4+ T activated,CD4+ T naive,test_scRNA
GCTAACAGTGGGTACT-1_atac,Normoblast,test_scATAC,CD4+ T naive,CD4+ T naive,test_scATAC
CGAACCGGTTTGAGCA-1_atac,NK,test_scATAC,CD4+ T activated,CD4+ T activated,test_scATAC
TCGTTAGCACGGTACT-1_atac,Erythroblast,test_scATAC,Normoblast,CD8+ T,test_scATAC
AACAAGCCATCCCTCA-1_atac,CD4+ T activated,test_scATAC,Naive CD20+ B,G/M prog,test_scRNA
TCTTGACGTTACTTCA-1_atac,CD8+ T,test_scATAC,CD4+ T naive,NK,test_scRNA
TGTGCGGGTCACGAAC-1_atac,CD8+ T,test_scATAC,NK,CD4+ T activated,test_scATAC
GGTCAGGAGGATAAAC-1_atac,CD14+ Mono,test_scATAC,ILC,CD4+ T activated,test_scRNA
ATCGCCCGTGTCACGG-1_atac,Erythroblast,test_scATAC,CD14+ Mono,CD4+ T naive,test_scRNA
CTGCTATGTTAGGCTA-1_atac,CD4+ T naive,test_scATAC,Erythroblast,Naive CD20+ B,test_scATAC
CGTGACATCCTTAAGA-1_atac,B1 B,test_scATAC,CD4+ T activated,pDC,test_scATAC
CGTCCTAGTTGCAATG-1_atac,Erythroblast,test_scATAC,HSC,NK,test_scATAC
TTGGGCGGTTCGCTCA-1_atac,CD14+ Mono,test_scATAC,Erythroblast,Erythroblast,test_scATAC
TGGTCATAGCTATATG-1_atac,CD8+ T,test_scATAC,Normoblast,CD14+ Mono,test_scRNA
CAACAATGTGCTCCGT-1_atac,CD8+ T,test_scATAC,CD4+ T naive,CD8+ T,test_scATAC
TGCCGGTAGTTTAACG-1_atac,CD14+ Mono,test_scATAC,CD4+ T activated,CD4+ T naive,test_scRNA
GGTCATTAGAGGGACT-1_atac,CD14+ Mono,test_scATAC,CD4+ T activated,CD14+ Mono,test_scRNA
GCACGGTTCAGCACGC-1_atac,Naive CD20+ B,test_scATAC,CD4+ T activated,Erythroblast,test_scATAC
TATCCAGCAATAGTCT-1_atac,Naive CD20+ B,test_scATAC,CD8+ T,CD8+ T,test_scATAC
CAATGTCAGGCCAATT-1_atac,Naive CD20+ B,test_scATAC,CD4+ T activated,Naive CD20+ B,test_scATAC
CTTATGTTCAGCAAGA-1_atac,Normoblast,test_scATAC,CD14+ Mono,CD4+ T activated,test_scRNA
CTGATCACAGTAAAGC-1_atac,CD8+ T,test_scATAC,G/M prog,CD4+ T naive,test_scRNA
TTAGCTGCATCTTGAG-1_atac,CD4+ T activated,test_scATAC,MK/E prog,CD8+ T,test_scATAC
TTGTGTGCAAGGTCGA-1_atac,Erythroblast,test_scATAC,Erythroblast,CD4+ T naive,test_scRNA
CCTCCTCTCCTCCATA-1_atac,CD8+ T,test_scATAC,Erythroblast,CD14+ Mono,test_scATAC
TCCTGTTCATTATGAC-1_atac,NK,test_scATAC,CD4+ T naive,CD4+ T activated,test_scRNA
GATGGACAGCAGCTCA-1_atac,Erythroblast,test_scATAC,CD14+ Mono,CD14+ Mono,test_scATAC
AAATCCGGTGACATAT-1_atac,Normoblast,test_scATAC,CD4+ T activated,CD8+ T,test_scRNA
AGGTATTGTAAATTGC-1_atac,G/M prog,test_scATAC,Naive CD20+ B,CD14+ Mono,test_scRNA
GCAAACAAGGACCTCA-1_atac,Naive CD20+ B,test_scATAC,NK,CD4+ T naive,test_scRNA
AGGCTAGCACTGGCTG-1_atac,CD4+ T activated,test_scATAC,CD14+ Mono,CD14+ Mono,test_scATAC
ATCACCCTCACGCCAA-1_atac,Naive CD20+ B,test_scATAC,CD4+ T naive,Erythroblast,test_scATAC
CTTGTTCCATCATGTG-1_atac,NK,test_scATAC,Erythroblast,NK,test_scRNA
TGAGGGAGTGTTTGCT-1_atac,NK,test_scATAC,Erythroblast,CD4+ T activated,test_scATAC
ATTTAGCCAACTGGGA-1_atac,CD14+ Mono,test_scATAC,Normoblast,Naive CD20+ B,test_scATAC
GTTACTCGTTAACGAT-1_atac,CD8+ T,test_scATAC,Naive CD20+ B,CD4+ T naive,test_scATAC
GCGGGTTTCATAATCG-1_atac,NK,test_scATAC,Erythroblast,CD4+ T naive,test_scRNA
GGTGCTGGTTTACGTC-1_atac,CD4+ T activated,test_scATAC,CD16+ Mono,CD14+ Mono,test_scRNA
GGTCTTTGTCCAAGAC-1_atac,NK,test_scATAC,Erythroblast,CD4+ T activated,test_scATAC
TTGCTCTCAGCAACAG-1_atac,CD4+ T naive,test_scATAC,CD8+ T,Normoblast,test_scATAC
TGCCTGTTCGTCCTTA-1_atac,Erythroblast,test_scATAC,ILC,NK,test_scRNA
TTTAACGAGCTATATG-1_atac,CD8+ T,test_scATAC,pDC,Erythroblast,test_scATAC
CTACCGGCAAGGTAAC-1_atac,CD4+ T naive,test_scATAC,CD14+ Mono,ILC,test_scATAC
TTGTGTGCACGTAAGG-1_atac,CD4+ T activated,test_scATAC,ID2-hi myeloid prog,CD16+ Mono,test_scATAC
TGTAAGCTCTACTAAG-1_atac,Erythroblast,test_scATAC,Naive CD20+ B,CD14+ Mono,test_scATAC
AACTAGCTCTTGCAAA-1_atac,CD4+ T naive,test_scATAC,CD4+ T activated,Normoblast,test_scRNA
ATGTCATCAACCGCCA-1_atac,CD14+ Mono,test_scATAC,Naive CD20+ B,NK,test_scATAC
GAGGTACAGCTGGACC-1_atac,NK,test_scATAC,B1 B,CD4+ T activated,test_scRNA
ATGGCCCAGGCGCATC-1_atac,CD4+ T activated,test_scATAC,Erythroblast,NK,test_scATAC
CTATGTTTCATTAGGC-1_atac,Erythroblast,test_scATAC,Proerythroblast,CD8+ T,test_scRNA
TTGCAATCAATAGCAA-1_atac,CD8+ T,test_scATAC,CD14+ Mono,NK,test_scATAC
AAGAACAGTAGGATCC-1_atac,ILC,test_scATAC,NK,pDC,test_scRNA
AGGTCTTAGTGGCGGA-1_atac,Normoblast,test_scATAC,NK,ID2-hi myeloid prog,test_scATAC
GATTGTTCATCCGTAA-1_atac,NK,test_scATAC,CD4+ T naive,Erythroblast,test_scRNA
TCCTCTAAGTTGTCAA-1_atac,Normoblast,test_scATAC,CD14+ Mono,Erythroblast,test_scATAC
GACCGTTCAAGCCACT-1_atac,NK,test_scATAC,MK/E prog,CD14+ Mono,test_scRNA
AAGAATCAGTTAGTTG-1_atac,CD14+ Mono,test_scATAC,CD14+ Mono,G/M prog,test_scRNA
ATTCATGAGTCAATCA-1_atac,Erythroblast,test_scATAC,CD14+ Mono,CD8+ T,test_scRNA
GAAACTGAGGCGAAAC-1_atac,CD4+ T activated,test_scATAC,CD14+ Mono,Normoblast,test_scRNA
TAGTTGTCACCTGCTC-1_atac,Erythroblast,test_scATAC,NK,CD4+ T naive,test_scATAC
ACCCAGGGTAGTCAAT-1_atac,CD4+ T naive,test_scATAC,ID2-hi myeloid prog,NK,test_scRNA
AGGTCATTCTGGCAAT-1_atac,Erythroblast,test_scATAC,CD4+ T naive,CD4+ T naive,test_scATAC
TCACCTGGTTGACTTC-1_atac,Normoblast,test_scATAC,Naive CD20+ B,Normoblast,test_scRNA
CGATATTCACCTGCTC-1_atac,CD14+ Mono,test_scATAC,CD14+ Mono,NK,test_scRNA
CGCACAATCAATCTCT-1_atac,CD14+ Mono,test_scATAC,NK,CD4+ T activated,test_scRNA
CAATCCCTCATGACCG-1_atac,Naive CD20+ B,test_scATAC,CD8+ T,CD14+ Mono,test_scATAC
GTGTGTTAGTATTGCA-1_atac,Normoblast,test_scATAC,CD8+ T,CD14+ Mono,test_scATAC
TGGACTAGTTACATCC-1_atac,CD4+ T activated,test_scATAC,CD4+ T naive,CD4+ T activated,test_scRNA
CCTGTTGGTGTCCAAA-1_atac,CD4+ T activated,test_scATAC,CD8+ T,Normoblast,test_scATAC
GATGACTTCAAGTGTC-1_atac,NK,test_scATAC,Normoblast,NK,test_scRNA
GGTTTCTGTTGAGCCG-1_atac,Erythroblast,test_scATAC,CD8+ T,ID2-hi myeloid prog,test_scRNA
CTAGCTTGTCTCAGCC-1_atac,NK,test_scATAC,CD4+ T activated,CD4+ T activated,test_scATAC
TGCTCCGTCATCCTGC-1_atac,Normoblast,test_scATAC,CD4+ T naive,CD8+ T,test_scRNA
TCGTTACGTAATAGCT-1_atac,CD14+ Mono,test_scATAC,G/M prog,Normoblast,test_scATAC
GTCATCCTCACGAATC-1_atac,CD14+ Mono,test_scATAC,NK,Erythroblast,test_scRNA
AGTAGCTTCACTAAGC-1_atac,CD4+ T naive,test_scATAC,MK/E prog,CD4+ T activated,test_scATAC
TCCATATTCCAGGGAG-1_atac,NK,test_scATAC,CD8+ T,ID2-hi myeloid prog,test_scATAC
CGCCACACACAGGAAT-1_atac,CD8+ T,test_scATAC,CD4+ T naive,Normoblast,test_scRNA
CGTAGCGGTCCTTTAA-1_atac,G/M prog,test_scATAC,Naive CD20+ B,CD4+ T activated,test_scATAC
GGTTGCATCGGGATTT-1_atac,Normoblast,test_scATAC,Naive CD20+ B,Erythroblast,test_scRNA
GATCGATTCAAGGACA-1_atac,ILC,test_scATAC,Plasma cell,CD8+ T,test_scRNA
AAATGCCTCCCTGATC-1_atac,CD4+ T activated,test_scATAC,CD8+ T,CD4+ T activated,test_scRNA
TCACCGGCAAATTCGT-1_atac,CD4+ T activated,test_scATAC,CD8+ T,CD4+ T naive,test_scRNA
CGGTTATAGTAACTCA-1_atac,NK,test_scATAC,Normoblast,CD4+ T activated,test_scRNA
TGCGGTTCAATTGCGC-1_atac,NK,test_scATAC,CD14+ Mono,Normoblast,test_scATAC
ACCCGTAAGTCCTGAG-1_atac,Erythroblast,test_scATAC,NK,CD14+ Mono,test_scATAC
CTTCACTCACAACAAA-1_atac,Erythroblast,test_scATAC,NK,Lymph prog,test_scATAC
TCGGTTACAGTCTATG-1_atac,G/M prog,test_scATAC,B1 B,Normoblast,test_scRNA
GTTGCTGAGACTAAGG-1_atac,CD14+ Mono,test_scATAC,CD14+ Mono,CD14+ Mono,test_scRNA
ACCATAATCGCACACA-1_atac,G/M prog,test_scATAC,CD14+ Mono,CD14+ Mono,test_scRNA
GCGGAACCACACCAAC-1_atac,B1 B,test_scATAC,CD4+ T activated,Transitional B,test_scATAC
CGGAGCAAGGAGGTTA-1_atac,CD8+ T,test_scATAC,G/M prog,NK,test_scATAC
CCCAATTGTAACCACA-1_atac,B1 B,test_scATAC,CD14+ Mono,Proerythroblast,test_scATAC
TTGGGCGGTAACTACG-1_atac,CD4+ T activated,test_scATAC,Normoblast,CD4+ T activated,test_scRNA
CGCGGATTCTCAATTC-1_atac,CD4+ T activated,test_scATAC,CD14+ Mono,CD14+ Mono,test_scATAC
AGGTACGCACTAGCGT-1_atac,CD4+ T activated,test_scATAC,CD4+ T naive,Naive CD20+ B,test_scATAC
AAACCGCGTGCTCCGT-1_atac,Naive CD20+ B,test_scATAC,Erythroblast,NK,test_scATAC
GCTTTGTGTTGAAGCC-1_atac,G/M prog,test_scATAC,Naive CD20+ B,CD4+ T activated,test_scRNA
CGAGGAAGTTGGTGAC-1_atac,ILC,test_scATAC,CD4+ T activated,CD4+ T naive,test_scATAC
TCCTGGTTCCTAAGAC-1_atac,CD14+ Mono,test_scATAC,CD4+ T naive,CD8+ T,test_scATAC
CTTTGGTGTAAGCTTG-1_atac,NK,test_scATAC,Normoblast,CD8+ T,test_scRNA
TGTCAATCAGGGAGGA-1_atac,NK,test_scATAC,G/M prog,Erythroblast,test_scATAC
CACTAAGGTTTGAGGC-1_atac,ILC,test_scATAC,CD14+ Mono,pDC,test_scATAC
GATCGCTCAAACTAAG-1_atac,Erythroblast,test_scATAC,G/M prog,CD4+ T naive,test_scRNA
GCAATCTAGGAATAAC-1_atac,Erythroblast,test_scATAC,NK,CD8+ T,test_scRNA
TGCTTGCTCCCGAACA-1_atac,Erythroblast,test_scATAC,CD14+ Mono,CD14+ Mono,test_scATAC
AGGCTAAAGGCTTAAC-1_atac,Naive CD20+ B,test_scATAC,CD8+ T,Erythroblast,test_scATAC
ATATGGTGTGTTTGTC-1_atac,CD14+ Mono,test_scATAC,CD4+ T activated,Normoblast,test_scRNA
CAATGACTCCTGAGTG-1_atac,CD4+ T activated,test_scATAC,Normoblast,Lymph prog,test_scATAC
ATGTCATCACCAACCG-1_atac,CD14+ Mono,test_scATAC,CD14+ Mono,CD8+ T,test_scATAC
GATTACTCACTTCATC-1_atac,CD8+ T,test_scATAC,CD8+ T,Erythroblast,test_scATAC
TTTGACCGTTAATGCG-1_atac,CD4+ T activated,test_scATAC,Naive CD20+ B,ILC,test_scATAC
TCATGCCTCTTAGTCT-1_atac,NK,test_scATAC,ID2-hi myeloid prog,CD4+ T activated,test_scRNA
AAGTTACGTTGACTTC-1_atac,CD14+ Mono,test_scATAC,CD8+ T,B1 B,test_scRNA
GTCTAATCATTTAAGC-1_atac,CD14+ Mono,test_scATAC,Proerythroblast,B1 B,test_scATAC
TAGTTGTCAGGGAGCT-1_atac,CD4+ T activated,test_scATAC,NK,Erythroblast,test_scATAC
CGTCAATAGTAACTCA-1_atac,NK,test_scATAC,Erythroblast,CD8+ T,test_scATAC
TTGAGCTAGTTCCCAC-1_atac,Normoblast,test_scATAC,B1 B,CD4+ T naive,test_scRNA
CCTGTTGGTTGGTTCT-1_atac,NK,test_scATAC,CD8+ T,Normoblast,test_scRNA
GCGGTTGGTAGGTTTG-1_atac,CD4+ T activated,test_scATAC,CD8+ T,Transitional B,test_scRNA
AAGGATCCAAACTAAG-1_atac,CD14+ Mono,test_scATAC,CD8+ T,CD8+ T,test_scRNA
GCTGCAATCGTCCTTA-1_atac,G/M prog,test_scATAC,B1 B,CD4+ T activated,test_scATAC
AAAGCACCACACTAAT-1_atac,NK,test_scATAC,Naive CD20+ B,CD8+ T,test_scATAC
CGCCAAATCTTTGAGA-1_atac,CD14+ Mono,test_scATAC,Erythroblast,Transitional B,test_scATAC
GGTGAGGTCGTTCACC-1_atac,Erythroblast,test_scATAC,CD8+ T,MK/E prog,test_scRNA
CTTAGGAGTAATAGCT-1_atac,NK,test_scATAC,NK,CD8+ T,test_scRNA
ATCCTCATCAAAGGCA-1_atac,CD4+ T activated,test_scATAC,CD4+ T activated,CD4+ T naive,test_scATAC
GACCGAACATGAATAG-1_atac,CD14+ Mono,test_scATAC,Naive CD20+ B,NK,test_scATAC
CTCCGTCCAACCGCCA-1_atac,CD14+ Mono,test_scATAC,CD8+ T,CD14+ Mono,test_scRNA
TCGATTAAGCGAAGTA-1_atac,Erythroblast,test_scATAC,Erythroblast,Normoblast,test_scRNA
GGAACCTGTTAAGCCA-1_atac,CD14+ Mono,test_scATAC,CD14+ Mono,CD4+ T naive,test_scATAC
TGCTCTCAGCTGTACG-1_atac,Naive CD20+ B,test_scATAC,CD4+ T activated,Erythroblast,test_scRNA
AACAGCAAGCAGGTTT-1_atac,Normoblast,test_scATAC,Erythroblast,G/M prog,test_scRNA
GCTAGTGTCGTTAGCG-1_atac,Erythroblast,test_scATAC,CD14+ Mono,B1 B,test_scRNA
GACCTTTGTAAACAAG-1_atac,CD8+ T,test_scATAC,Erythroblast,Erythroblast,test_scATAC
TATCACGCACATTAAC-1_atac,CD14+ Mono,test_scATAC,NK,CD4+ T activated,test_scATAC
GGCCTCTGTACTAAAC-1_atac,CD14+ Mono,test_scATAC,NK,CD8+ T,test_scATAC
CAAACTGGTTAAGCGC-1_atac,CD8+ T,test_scATAC,Erythroblast,CD8+ T,test_scRNA
CTGTTGGAGAACCTAC-1_atac,NK,test_scATAC,CD8+ T,ID2-hi myeloid prog,test_scATAC
ACCGCAATCAATGAGG-1_atac,NK,test_scATAC,MK/E prog,CD8+ T,test_scRNA
GTAGTTTCAGACAAAC-1_atac,CD14+ Mono,test_scATAC,CD4+ T activated,CD4+ T activated,test_scATAC
ATAATGGCATTGACAT-1_atac,CD14+ Mono,test_scATAC,CD4+ T activated,CD14+ Mono,test_scATAC
GCTAGTGTCTTGAGGT-1_atac,NK,test_scATAC,CD8+ T,Naive CD20+ B,test_scRNA
TATGGCCCATAAGTCT-1_atac,Naive CD20+ B,test_scATAC,Normoblast,Erythroblast,test_scATAC
ATGAATGCAAGGTGCA-1_atac,CD14+ Mono,test_scATAC,CD4+ T activated,Normoblast,test_scATAC
AACCTTGCAGAAATGC-1_atac,CD4+ T activated,test_scATAC,Normoblast,NK,test_scATAC
GCTGAGGAGTCATGCG-1_atac,CD8+ T,test_scATAC,CD14+ Mono,B1 B,test_scRNA
GCCTTAGAGGCTGTCA-1_atac,CD4+ T naive,test_scATAC,CD8+ T,CD4+ T naive,test_scATAC
GTCGCAATCAAGCGCC-1_atac,CD14+ Mono,test_scATAC,Naive CD20+ B,NK,test_scATAC
GCTCGATCACTGGCTG-1_atac,CD8+ T,test_scATAC,Erythroblast,CD4+ T naive,test_scRNA
ATTGGCTAGTAACTCA-1_atac,Normoblast,test_scATAC,NK,Erythroblast,test_scATAC
AAGCTAGAGTAAAGGT-1_atac,CD4+ T activated,test_scATAC,CD4+ T activated,NK,test_scRNA
TAGCGGCTCGTTAACA-1_atac,CD8+ T,test_scATAC,Normoblast,CD14+ Mono,test_scATAC
CGCTATGAGCTTCCCG-1_atac,ILC,test_scATAC,CD14+ Mono,Erythroblast,test_scATAC
ACTTCGCTCTAATCCT-1_atac,CD14+ Mono,test_scATAC,B1 B,NK,test_scRNA
GCTTAACAGCACTAAC-1_atac,CD14+ Mono,test_scATAC,G/M prog,CD4+ T naive,test_scATAC
ACCGAAGCAGCGCTTG-1_atac,CD14+ Mono,test_scATAC,Erythroblast,CD14+ Mono,test_scRNA
CGCATATAGCAACAAG-1_atac,CD4+ T naive,test_scATAC,Normoblast,CD8+ T,test_scRNA
GTCTATCGTTGAGCCG-1_atac,CD14+ Mono,test_scATAC,Erythroblast,CD14+ Mono,test_scRNA
GTGAACAAGTGCACGC-1_atac,Erythroblast,test_scATAC,pDC,Erythroblast,test_scATAC
CATAGACTCAGGTTTA-1_atac,CD4+ T activated,test_scATAC,CD14+ Mono,NK,test_scRNA
ACCAGCTCAAGGTCGA-1_atac,Naive CD20+ B,test_scATAC,CD4+ T activated,CD14+ Mono,test_scRNA
CGGTTCCGTGACATAT-1_atac,Erythroblast,test_scATAC,CD8+ T,CD4+ T activated,test_scATAC
AATTTGCCATGCTTAG-1_atac,CD8+ T,test_scATAC,CD14+ Mono,CD4+ T naive,test_scRNA
GAGGCAAGTGCATCGG-1_atac,CD14+ Mono,test_scATAC,CD4+ T activated,CD4+ T activated,test_scRNA
AAGAACAGTAGCCTCC-1_atac,CD14+ Mono,test_scATAC,CD16+ Mono,CD4+ T activated,test_scRNA
GATGGACAGCTGTAAC-1_atac,NK,test_scATAC,Plasma cell,CD4+ T activated,test_scRNA
TTTCTTGCAGTATGTT-1_atac,CD4+ T activated,test_scATAC,Transitional B,CD4+ T activated,test_scRNA
TTTATGGAGAAGGTGC-1_atac,CD14+ Mono,test_scATAC,NK,HSC,test_scATAC
CCTGGTAAGGCGCTTA-1_atac,CD8+ T,test_scATAC,CD4+ T activated,Naive CD20+ B,test_scRNA
AGTCTTGCAGAGGGAG-1_atac,Naive CD20+ B,test_scATAC,CD4+ T naive,CD8+ T,test_scRNA
GCGGAACCAACTCGCG-1_atac,CD4+ T activated,test_scATAC,CD4+ T naive,CD8+ T,test_scATAC
GTTTAACCACATGCTA-1_atac,Naive CD20+ B,test_scATAC,HSC,Erythroblast,test_scATAC
CAAGAACCAGTCTAAT-1_atac,CD8+ T,test_scATAC,CD4+ T activated,G/M prog,test_scATAC
GGTCAAGCATCACTTC-1_atac,CD4+ T activated,test_scATAC,CD4+ T naive,CD4+ T activated,test_scATAC
TTGCAGCCATCCTGAA-1_atac,CD4+ T naive,test_scATAC,CD14+ Mono,CD8+ T,test_scRNA
GAAGCTAAGCTATTAG-1_atac,NK,test_scATAC,CD14+ Mono,CD4+ T activated,test_scATAC
GAGTGAGGTGCGCGTA-1_atac,CD14+ Mono,test_scATAC,CD14+ Mono,CD14+ Mono,test_scRNA
TTGCAGCCAGCCAGAA-1_atac,CD4+ T naive,test_scATAC,cDC2,Naive CD20+ B,test_scATAC
AACGACAAGTAGCGGG-1_atac,NK,test_scATAC,Naive CD20+ B,NK,test_scRNA
TTAGGCGTCTAGCGAT-1_atac,Erythroblast,test_scATAC,Naive CD20+ B,NK,test_scATAC
CTTATTGGTAGGTTGC-1_atac,CD4+ T activated,test_scATAC,CD8+ T,B1 B,test_scATAC
AGAGAAGCAAACTGTT-1_atac,CD4+ T activated,test_scATAC,Erythroblast,CD14+ Mono,test_scATAC
TACCTTTAGCGCAATT-1_atac,CD8+ T,test_scATAC,Erythroblast,CD14+ Mono,test_scATAC
TGATGATGTCGCGCAA-1_atac,Normoblast,test_scATAC,Erythroblast,Erythroblast,test_scATAC
TGTTAGCAGCAAGGAC-1_atac,G/M prog,test_scATAC,Normoblast,MK/E prog,test_scRNA
TAGCATATCCTAGTAA-1_atac,CD4+ T activated,test_scATAC,NK,CD4+ T activated,test_scATAC
AATTTGCCATCAGTAT-1_atac,Erythroblast,test_scATAC,CD14+ Mono,CD14+ Mono,test_scATAC
CATAGGTTCTAACCTT-1_atac,CD8+ T,test_scATAC,CD14+ Mono,Normoblast,test_scATAC
TTAGCCTGTCACTCGC-1_atac,CD14+ Mono,test_scATAC,CD14+ Mono,Erythroblast,test_scATAC
ACTCACCTCACCTGTC-1_atac,CD4+ T naive,test_scATAC,CD8+ T,Naive CD20+ B,test_scRNA
TCTTTGTAGGACCAGG-1_atac,CD14+ Mono,test_scATAC,ID2-hi myeloid prog,CD16+ Mono,test_scATAC
CGTAACCCAAAGCTCC-1_atac,CD4+ T naive,test_scATAC,Naive CD20+ B,CD14+ Mono,test_scRNA
CAGGACACAACACCTA-1_atac,NK,test_scATAC,CD8+ T,Proerythroblast,test_scRNA
CAATAGCTCCCGCATT-1_atac,NK,test_scATAC,Erythroblast,Normoblast,test_scATAC
AATACCGGTGATGAAA-1_atac,CD4+ T activated,test_scATAC,CD14+ Mono,CD14+ Mono,test_scATAC
CTCATGCTCAAGTGAG-1_atac,Erythroblast,test_scATAC,G/M prog,CD4+ T activated,test_scATAC
GCGGGTTTCAAGTGAG-1_atac,CD14+ Mono,test_scATAC,CD4+ T activated,CD16+ Mono,test_scATAC
CTTCAAGCAGCTTAAT-1_atac,B1 B,test_scATAC,CD8+ T,Erythroblast,test_scATAC
GGTTTCTGTAGTAAGA-1_atac,CD4+ T naive,test_scATAC,CD8+ T,Naive CD20+ B,test_scRNA
ATCACTAAGTTAGTTG-1_atac,CD4+ T activated,test_scATAC,CD4+ T naive,B1 B,test_scRNA
CTTAGGAGTTGAGGTC-1_atac,CD14+ Mono,test_scATAC,CD16+ Mono,MK/E prog,test_scATAC
GCCTGAGGTGATGAGG-1_atac,CD8+ T,test_scATAC,NK,CD8+ T,test_scRNA
GTACACCCAATATACC-1_atac,CD8+ T,test_scATAC,NK,CD14+ Mono,test_scRNA
TCTCCTCGTTCAAGAT-1_atac,CD8+ T,test_scATAC,CD14+ Mono,CD8+ T,test_scATAC
GCACGGTTCCAGGTCA-1_atac,G/M prog,test_scATAC,CD14+ Mono,CD14+ Mono,test_scRNA
CTGTTTAGTTTGAGGC-1_atac,NK,test_scATAC,CD4+ T activated,CD4+ T activated,test_scATAC
GTGATGAAGGTCCGTA-1_atac,NK,test_scATAC,CD14+ Mono,NK,test_scATAC
GCGAGTGAGCTAATTG-1_atac,Naive CD20+ B,test_scATAC,Normoblast,B1 B,test_scATAC
AAGACAAGTTTGGCGG-1_atac,Normoblast,test_scATAC,B1 B,CD4+ T naive,test_scATAC
CCTATTGTCTAACCTT-1_atac,NK,test_scATAC,CD4+ T activated,CD14+ Mono,test_scRNA
CTCGCTCCAAACTAAG-1_atac,CD14+ Mono,test_scATAC,Erythroblast,CD14+ Mono,test_scATAC
TGCACTTGTCCTTTAA-1_atac,Erythroblast,test_scATAC,CD4+ T activated,CD14+ Mono,test_scATAC
ACGAAGTCAGGGAGGA-1_atac,Naive CD20+ B,test_scATAC,Erythroblast,CD4+ T activated,test_scATAC
GATTGCGTCATTAGTG-1_atac,Normoblast,test_scATAC,CD4+ T activated,CD4+ T activated,test_scRNA
CCCTCATAGTAAAGGT-1_atac,Erythroblast,test_scATAC,CD8+ T,CD8+ T,test_scATAC
TCCGGAATCTTGCATT-1_atac,Erythroblast,test_scATAC,Erythroblast,Naive CD20+ B,test_scATAC
GCGATTTAGCTAATCA-1_atac,Normoblast,test_scATAC,CD14+ Mono,CD14+ Mono,test_scATAC
TGGATTCAGCGCCTAA-1_atac,CD14+ Mono,test_scATAC,CD14+ Mono,Normoblast,test_scATAC
TGAGGCACAATTATGC-1_atac,Erythroblast,test_scATAC,CD14+ Mono,Naive CD20+ B,test_scATAC
CAACTAGGTTTGGCTT-1_atac,CD14+ Mono,test_scATAC,CD4+ T naive,CD4+ T activated,test_scATAC
TATCACGCAACTAGCC-1_atac,CD8+ T,test_scATAC,CD8+ T,NK,test_scATAC
TAGCTAATCATGAGCT-1_atac,CD14+ Mono,test_scATAC,NK,CD4+ T naive,test_scATAC
GCACGCTAGCCGCAGT-1_atac,CD14+ Mono,test_scATAC,NK,Proerythroblast,test_scRNA
GGCTCACAGGTGTCCA-1_atac,CD8+ T,test_scATAC,CD4+ T activated,Normoblast,test_scRNA
CCTCAAACACAATTAC-1_atac,CD14+ Mono,test_scATAC,CD4+ T activated,NK,test_scATAC
TCCCTCACACCAGGTT-1_atac,CD14+ Mono,test_scATAC,Erythroblast,MK/E prog,test_scRNA
CTTATGTTCTTGTCTG-1_atac,Erythroblast,test_scATAC,CD4+ T activated,CD4+ T activated,test_scATAC
CTCACTCAGGGTGGAT-1_atac,Normoblast,test_scATAC,CD14+ Mono,CD8+ T,test_scRNA
TTGTTGCGTGGATTAT-1_atac,G/M prog,test_scATAC,Plasma cell,CD4+ T activated,test_scRNA
GTGCATTAGCACTAGT-1_atac,NK,test_scATAC,CD14+ Mono,CD14+ Mono,test_scRNA
AATCTCAAGCTTCCCG-1_atac,Erythroblast,test_scATAC,Naive CD20+ B,ID2-hi myeloid prog,test_scRNA
CAGCTAAGTGCCGCAA-1_atac,CD4+ T activated,test_scATAC,Naive CD20+ B,CD4+ T activated,test_scRNA
AGTATAGCAAACTAAG-1_atac,CD4+ T naive,test_scATAC,Erythroblast,Erythroblast,test_scATAC
TTTGGTGCAGGCTTCG-1_atac,Normoblast,test_scATAC,CD14+ Mono,NK,test_scATAC
CATTATGAGGGATGCG-1_atac,CD4+ T activated,test_scATAC,CD14+ Mono,CD4+ T naive,test_scRNA
GTTTGTAAGTGATTCA-1_atac,G/M prog,test_scATAC,CD4+ T naive,CD4+ T naive,test_scRNA
TGTAAGCTCATTGCAA-1_atac,Erythroblast,test_scATAC,CD4+ T naive,CD8+ T,test_scATAC
ATATGCATCCCTGTTA-1_atac,CD14+ Mono,test_scATAC,ID2-hi myeloid prog,Erythroblast,test_scATAC
TGACCTTGTCCTTTAA-1_atac,CD8+ T,test_scATAC,CD4+ T naive,pDC,test_scATAC
TTCCTTGAGTATCGCG-1_atac,NK,test_scATAC,CD4+ T activated,Erythroblast,test_scATAC
ATCCATAAGAGAAGGG-1_atac,CD14+ Mono,test_scATAC,CD4+ T activated,CD4+ T naive,test_scATAC
GGCTAGTGTTTATTCG-1_atac,Normoblast,test_scATAC,B1 B,NK,test_scATAC
CCGCAAGGTGGAAACG-1_atac,Erythroblast,test_scATAC,CD4+ T activated,NK,test_scRNA
GTGTAACTCCAAACAC-1_atac,CD14+ Mono,test_scATAC,CD14+ Mono,Erythroblast,test_scRNA
GGCGTTATCAATGAGG-1_atac,NK,test_scATAC,CD4+ T naive,NK,test_scRNA
TAAGTGCTCCGCAACA-1_atac,CD4+ T activated,test_scATAC,Erythroblast,CD14+ Mono,test_scATAC
AGTTGCGTCATAGCCG-1_atac,Naive CD20+ B,test_scATAC,Transitional B,CD4+ T activated,test_scRNA
GACTTAGGTTACATCC-1_atac,Erythroblast,test_scATAC,CD4+ T naive,Erythroblast,test_scRNA
CTGGACCAGCGCATTG-1_atac,Erythroblast,test_scATAC,CD14+ Mono,NK,test_scRNA
GTTCTTAGTGCTCCGT-1_atac,Erythroblast,test_scATAC,CD16+ Mono,CD4+ T naive,test_scATAC
TTGTCCATCATCACTT-1_atac,Erythroblast,test_scATAC,CD4+ T activated,CD8+ T,test_scATAC
TAGTTGTCAGGACACA-1_atac,Erythroblast,test_scATAC,Erythroblast,Erythroblast,test_scRNA
CATAATGTCCTTCTAG-1_atac,Erythroblast,test_scATAC,Erythroblast,Erythroblast,test_scRNA
AACCGGCTCGTGCTTC-1_atac,CD8+ T,test_scATAC,CD14+ Mono,Erythroblast,test_scATAC
CCGACAGGTGCTCACC-1_atac,CD8+ T,test_scATAC,CD8+ T,CD14+ Mono,test_scATAC
TCAGGTTAGGAACGGT-1_atac,Naive CD20+ B,test_scATAC,CD14+ Mono,G/M prog,test_scATAC
TCCTGGTTCGGTCAAT-1_atac,CD8+ T,test_scATAC,Erythroblast,CD4+ T activated,test_scATAC
ACCGGTTCATGTCAGC-1_atac,CD8+ T,test_scATAC,Erythroblast,B1 B,test_scRNA
TTTCAGTTCTTAGCCC-1_atac,CD8+ T,test_scATAC,Naive CD20+ B,ILC,test_scRNA
TTTAACGAGCGAGGTG-1_atac,NK,test_scATAC,CD4+ T activated,CD4+ T activated,test_scATAC
GCGTAACGTTAAGCCA-1_atac,CD4+ T naive,test_scATAC,Erythroblast,pDC,test_scRNA
CGGACAACAGCAACCT-1_atac,CD14+ Mono,test_scATAC,Erythroblast,B1 B,test_scATAC
AGACCCGGTTATCCTA-1_atac,CD4+ T activated,test_scATAC,CD4+ T activated,B1 B,test_scATAC
AGCTCATAGCTATATG-1_atac,CD4+ T activated,test_scATAC,CD4+ T naive,CD8+ T,test_scRNA
TACGTACAGGAAACTG-1_atac,CD4+ T naive,test_scATAC,CD4+ T activated,CD14+ Mono,test_scRNA
GGTTTCTGTTTATCTG-1_atac,CD8+ T,test_scATAC,Erythroblast,Erythroblast,test_scATAC
