,latent_0,latent_1,latent_2,latent_3,latent_4,latent_5,latent_6,latent_7,latent_8,latent_9,latent_10,latent_11,latent_12,latent_13,latent_14,latent_15
AAACAGCCAAATATCC-1,-0.8488157,4.9335456,-0.48494652,-0.52046955,-0.16056973,-1.5354478,-0.86230695,-1.0591625,1.0761107,-1.0141268,-0.9730388,-0.6396997,-1.6157352,5.3860216,-0.5756364,-1.1057227
AAACAGCCAGGAACTG-1,-0.5465833,0.86910194,-0.6605547,1.9018734,4.438795,0.118661314,-0.544676,-0.5494821,-0.647545,-0.5307432,-0.5574251,-0.53821695,-0.48388264,-1.2363604,-0.59226227,-0.44070044
AAACCAACAGATTCAT-1,-0.71577585,4.99827,-0.731074,-0.60522366,-0.9350902,-1.0849179,-0.78248394,-0.8262687,-0.27189976,-0.8072939,-0.84261835,-0.5587356,-1.109742,5.8104515,-0.6216117,-0.9159862
AAACCAACAGTTGCGT-1,-0.39897346,-1.0720656,-0.3344972,-0.5489633,-0.71610546,-0.04676065,-0.35140103,-0.26447618,-0.09518063,-0.20855203,-0.4049517,-0.3890056,-0.15525931,5.586504,-0.42581242,-0.17449978
AAACCAACATAGACCC-1,-0.49979174,-0.9348097,-0.71371037,-0.14421785,5.065062,-0.76264054,-0.4822653,-0.4494571,0.12151353,-0.5549215,-0.41702622,-0.49716765,-0.63688207,1.8523588,-0.41343522,-0.53260905
AAACCGCGTGAGGTAG-1,-0.9434563,-1.0015157,2.7630408,5.230857,-0.49146476,-0.82083786,-0.9728199,-0.9063058,-0.8354049,-0.8824824,-0.8883827,-1.013197,-0.9359559,3.5106566,-0.8842814,-0.92844975
AAACGTACAAATACCT-1,-0.5836609,1.0786155,-0.7281037,0.38158906,0.15001401,-0.83705425,-0.5310637,-0.5820031,1.470545,-0.57684654,-0.74317265,-0.4698369,-0.76508325,3.8664894,-0.4101983,-0.72022974
AAAGGACGTCATCCTG-1,-0.42979205,-0.9455751,-0.7062609,0.11883649,4.31372,-0.6439381,-0.27759284,-0.3115306,0.5332956,-0.3707701,-0.23309657,-0.4041049,-0.606629,0.67777723,-0.24219176,-0.47214782
AAAGGCTCACCGTTCC-1,-0.52934,-0.65455616,-0.24904639,0.43292105,-0.43361416,-0.10933471,-0.4613882,-0.455223,-0.77127635,-0.31951138,-0.4604896,-0.5344863,-0.060439646,5.6307096,-0.6721164,-0.3528085
AAATCCGGTTAGCGTA-1,-0.7884921,5.2325377,-0.6215998,-0.45119086,-0.5274385,-1.06034,-0.84756863,-0.93507636,-0.79149675,-0.86488867,-0.8168231,-0.67090726,-1.0280523,5.948025,-0.83931804,-0.93737125
AAATGCCTCCAGGAAA-1,-0.41488758,-1.0491571,-0.84911656,-0.70149684,4.7247806,-0.6015384,-0.19192715,-0.3359663,0.67260396,-0.24665347,-0.2669614,-0.16184303,-0.54759336,0.803998,-0.3377705,-0.49647096
AAATGCCTCGCTAAAC-1,-0.2880841,-0.9439049,-0.4824574,-0.044138804,5.1631513,-0.47769845,-0.3330078,-0.28734183,0.3094402,-0.34005612,-0.13791128,-0.41582084,-0.5080106,-0.68558353,-0.16539215,-0.36318374
AACAGGATCACTAGGT-1,-0.55883,-0.81780183,-0.6790472,-0.08967278,0.017051741,-0.74155855,-0.4234948,-0.35111043,2.2880254,-0.50809216,-0.70366836,-0.3087101,-0.80040765,4.3554835,-0.21426833,-0.4638984
AACAGGATCATCACTT-1,-0.44354957,-0.9832703,-0.78763694,-0.29235625,5.238433,-0.7446464,-0.34475338,-0.41396815,0.45678675,-0.42864382,-0.44082552,-0.31380504,-0.55834275,0.92894953,-0.38749874,-0.4848724
AACAGGATCTACCTGC-1,-0.79286015,4.9069,-0.6471446,-0.35686567,0.42861125,-1.2687993,-0.95784813,-0.9951113,-0.036072046,-1.0256062,-0.9234819,-0.85043573,-1.2959633,5.5997753,-0.682508,-1.1025898
AACCCGCAGTAACAGG-1,-0.770304,0.71233743,-0.01959876,2.9411356,3.5247798,-0.32501578,-0.7944264,-0.88584536,-0.92637414,-0.9266744,-0.8368749,-0.86329186,-0.84436405,1.7314202,-0.8936239,-0.82327944
AACCTCCTCCCTCACG-1,-0.26680225,-0.68313515,-0.60590476,-0.1617884,4.611937,-0.24208593,-0.25098172,-0.30122048,0.11681839,-0.25963244,-0.027566396,-0.27367204,-0.4127784,-0.8393416,-0.12547138,-0.2783747
AACGACAAGGACCGCT-1,-0.66695493,-1.1349738,-0.7796545,1.3031175,4.92895,-0.7687799,-0.497382,-0.536424,0.10989053,-0.60758865,-0.6431761,-0.6145346,-0.6564142,1.7320777,-0.52793455,-0.64021814
AACTAGTGTGTTGCTT-1,-0.7037679,-0.550416,-0.061123565,0.47541177,-0.2762958,0.19631205,-0.67796695,-0.6340997,-0.9718919,-0.5005957,-0.5502751,-0.85892344,0.071701154,6.489274,-1.0961549,-0.35118803
AACTCACAGCACTAAC-1,-0.7010183,1.8333888,-0.8118436,2.755443,4.6950874,-0.29219776,-0.78872395,-0.7938801,-1.0501454,-0.79100233,-0.83802927,-0.778997,-0.71997505,-0.18748268,-0.883565,-0.6470585
AACTGTTCAGCGCTTG-1,-0.8134999,-1.2845107,1.5181842,5.074363,-0.17378801,-0.7035223,-0.7922524,-0.75988704,-0.64722544,-0.83959556,-0.852689,-0.9112536,-0.81364065,3.5115106,-0.69616973,-0.8160234
AACTTAGTCGCGCTAA-1,-0.55658734,-0.54070616,-0.2757352,1.2378626,-0.46145535,-0.07757652,-0.6202736,-0.5470225,-1.0436087,-0.48943168,-0.4934098,-0.6879098,-0.11747518,5.941726,-0.796413,-0.4719838
AAGACCAAGTTGTCTT-1,-0.43802467,-0.28064075,-0.7112858,0.79575634,4.5236063,-0.44053492,-0.459349,-0.4608507,-0.2028428,-0.4957963,-0.44512615,-0.4154683,-0.5314026,0.40863925,-0.397576,-0.4491041
AAGCAAGTCATTGCAA-1,-0.4787047,-0.3956551,-0.4870252,0.40987676,-0.3217067,-0.4189381,-0.41521472,-0.41750497,-0.19634448,-0.3597309,-0.50121236,-0.4518528,-0.2864225,5.2411284,-0.4433645,-0.47732842
AAGCCTTAGGAATAAC-1,-0.7407665,0.9579484,-0.78552365,2.9267354,4.7941747,-0.2739731,-0.7573339,-0.7600421,-0.87440675,-0.73351234,-0.8176298,-0.79320055,-0.65288895,-0.005115479,-0.84680414,-0.637661
AAGCCTTAGGCTAAGA-1,-0.29041275,1.9047343,-0.76158553,-2.130628,3.959546,-0.744488,-0.18890923,-0.21986416,1.0864662,-0.3188467,0.30473566,-0.32286122,-0.88509136,-1.1344867,0.13437358,-0.39268193
AAGCGAGGTATCTGGA-1,-0.90006,-1.078075,1.9772819,5.3546996,-0.2642349,-0.60662436,-0.9203561,-0.91424936,-1.1913651,-0.99662083,-0.80121607,-1.0369822,-0.6853485,3.869466,-0.97207624,-0.8342389
AAGCGAGGTTACCGGG-1,-0.79830736,-1.2000614,1.4377339,5.409584,-0.31632966,-0.83280677,-0.8721143,-0.79477346,-0.60304695,-0.8840961,-0.91189665,-0.9756456,-0.89994043,3.8944013,-0.7342017,-0.91849864
AAGCGAGGTTGCACGG-1,-0.4724517,-1.0363449,-0.7354977,-0.62207794,5.6372166,-0.5786109,-0.24678203,-0.3394215,0.7626941,-0.26176518,-0.38186535,-0.336625,-0.49767134,-0.106007054,-0.34123275,-0.4435571
AAGCGCTGTATTGCAG-1,-0.5860318,-0.8855288,-0.42133316,1.6753827,-0.36999658,-0.23344496,-0.5931499,-0.5103959,-0.51748574,-0.44097456,-0.5791253,-0.6623386,-0.27703953,5.47777,-0.6213807,-0.45492718
AAGCGTTTCGCACACA-1,-0.7986237,3.5499346,-0.5105593,3.192853,4.6776905,-0.28614056,-0.9702748,-0.8733307,-1.1514633,-0.8464358,-0.90051234,-0.94524527,-0.6949047,-1.6875417,-1.0368859,-0.7185599
AAGCTATGTTACTTGC-1,-0.46564674,-0.46229082,-0.33219182,0.6363298,-0.4662392,-0.14540933,-0.49304694,-0.39123172,-0.4916358,-0.35334635,-0.45163757,-0.48232365,-0.2455046,5.015234,-0.5309984,-0.34006077
AAGGATGTCTCATCAT-1,-0.6052192,-0.949718,-0.33200133,0.6160882,-0.16185276,-0.30325568,-0.54798734,-0.46346742,-0.3821348,-0.43310767,-0.61878836,-0.6615508,-0.19908975,6.0804734,-0.619973,-0.41841525
AAGGTATAGTAGCGGG-1,-0.48253152,1.501913,-0.55881727,-1.1709968,-1.3523717,-0.40203097,-0.41606042,-0.33787602,0.8531603,-0.36925635,-0.50584364,0.03333489,-0.6701819,4.4987087,-0.23490864,-0.38624197
AAGGTCAAGAATGACG-1,-0.50291574,-1.0056604,-0.40971592,-0.17749435,-0.33839107,-0.27849767,-0.43624392,-0.3359251,0.28432527,-0.32667524,-0.58180773,-0.5332937,-0.29048204,5.6921835,-0.4508359,-0.3085699
AAGGTCAAGCACAGAA-1,-0.6083666,-0.63187027,-0.7473805,-0.45572135,-0.4566916,-0.7166817,-0.4443914,-0.35931197,2.4941878,-0.5140809,-0.72588193,-0.35377917,-0.7711884,5.0505223,-0.31352535,-0.44583914
AAGTAGCCACGGTTTA-1,-0.54845047,-0.33221996,-0.740266,2.190631,4.8008986,-0.40186518,-0.5131282,-0.5107258,-0.361719,-0.5240521,-0.6148578,-0.5337221,-0.555114,-0.3275624,-0.56703115,-0.4608147
AAGTAGCCAGTTTGGC-1,-0.43939742,-0.8123814,-0.45522502,0.34638286,-0.65138197,-0.16742983,-0.41709855,-0.3410688,0.08363101,-0.30536234,-0.47658738,-0.4263824,-0.30387235,5.0443144,-0.39505318,-0.28308722
AAGTGTTGTTTCGCCA-1,-0.486113,-0.5291297,-0.5054336,0.42682564,-0.4651451,-0.37455308,-0.4379723,-0.37883902,0.39008808,-0.38418514,-0.55279475,-0.4616173,-0.47768402,4.985629,-0.3553012,-0.39377457
AAGTTTGTCAAGGACA-1,-0.55728114,-0.71956885,-0.661342,1.4931359,-0.3123397,-0.4080192,-0.5681783,-0.5128535,0.21272594,-0.50627434,-0.622851,-0.5954555,-0.47630116,5.2193956,-0.46843073,-0.51636195
AAGTTTGTCTAAGTGC-1,-0.8364862,4.88143,-0.7052557,-0.82964534,-0.68250936,-1.3078218,-0.79357636,-0.9271865,0.70929736,-0.91555655,-0.9225905,-0.52910113,-1.4152682,5.7792683,-0.5424663,-0.96253216
AATAGAGGTATTCGTC-1,-0.45365882,-0.8894587,-0.4701169,-0.14227372,-0.6647543,-0.12862317,-0.39331025,-0.32962883,0.07418356,-0.2507823,-0.5028235,-0.49279314,-0.25263256,5.606456,-0.44872272,-0.26106042
AATCCCTGTTAGCCAA-1,-0.24426165,-0.9958918,-0.12503889,-0.53148615,-1.5453434,0.103244625,-0.2747577,-0.16886684,-0.25896916,-0.10409242,-0.24013317,-0.13925877,-0.11466345,5.0221143,-0.3659226,-0.016672865
AATCCTAAGCGGGCAA-1,-0.7151467,-1.1833522,-0.7257291,0.095277205,5.7131143,-0.89291435,-0.62219334,-0.570078,0.60332537,-0.6476877,-0.7156696,-0.64894515,-0.7627608,2.395412,-0.56807595,-0.7545753
AATCCTAAGTTGGATC-1,-0.48823756,-0.68075436,-0.5778331,0.35591713,-0.25788295,-0.4843982,-0.43757772,-0.40837276,0.15668835,-0.35524732,-0.5292845,-0.49188846,-0.19670027,5.319371,-0.45345777,-0.47034174
AATCGCCCACAGCCAT-1,-0.43182117,-0.77116746,-0.4982897,0.319198,-0.7476666,-0.2097254,-0.35819674,-0.3536868,-0.2421876,-0.23286448,-0.48643684,-0.48528945,-0.19958274,5.51527,-0.5268263,-0.2907272
AATCTCAAGCACTAGT-1,-0.5831911,1.066395,-0.7362808,2.6492388,4.895805,-0.43231285,-0.6951124,-0.6451117,-0.7212263,-0.6312324,-0.7007335,-0.6446025,-0.5829628,-1.0422394,-0.6671143,-0.52931863
AATGCAACACACTAAT-1,-0.58205545,-0.112301394,-0.7509583,-1.324977,3.9477599,-0.5270543,-0.7067536,-0.5249512,0.8625125,-0.64961857,-0.4382568,-0.67278504,-0.62727064,3.183659,-0.4482339,-0.6287148
AATGCAACACCACAAC-1,-0.55520844,-0.84683174,-0.55347395,0.34786463,-0.48928887,-0.28803647,-0.47896087,-0.4148559,0.05151917,-0.35927474,-0.6027586,-0.6018875,-0.29997677,6.0266223,-0.52780706,-0.40764493
AATGGCGCATCACTTC-1,-0.5569857,-0.9639783,-0.55590796,0.44659442,-0.36107594,-0.34465456,-0.515559,-0.4379952,-0.05404392,-0.39578474,-0.59786135,-0.6323176,-0.2707132,6.2309413,-0.5494735,-0.44118494
AATGGCGCATTAGCGC-1,-0.478796,-1.1559774,-0.2791647,-0.028975323,-0.53313386,-0.15112376,-0.42001885,-0.31568545,-0.0654811,-0.27601084,-0.49843293,-0.5050884,-0.19570115,5.612906,-0.47967142,-0.22964507
AATGGCGCATTAGGTT-1,-0.53393567,-0.96635044,-0.5102983,0.9858111,5.634481,-0.83452344,-0.6165053,-0.615551,-0.31211096,-0.67644954,-0.6517355,-0.6296794,-0.6979855,1.6132827,-0.5347365,-0.65371346
AATGTCCAGGTAACGA-1,-0.6991618,1.1482451,-0.7537133,2.9160662,4.5762897,-0.43304002,-0.7832679,-0.75662947,-0.7931841,-0.74190265,-0.76615816,-0.801325,-0.661162,-0.035517663,-0.78014016,-0.6353983
AATTACCCACCTGCCT-1,-0.6075605,-0.7760904,-0.7393644,0.44439152,-0.535339,-0.34196535,-0.49545136,-0.47531614,0.61107266,-0.42001647,-0.66201043,-0.61434627,-0.41091934,5.974909,-0.49143973,-0.46055338
AATTAGGCATTTAAGC-1,-0.6795845,1.1474297,-0.7166876,2.925315,4.462457,-0.38929713,-0.7565573,-0.6873371,-0.75392854,-0.6901315,-0.7427943,-0.7354099,-0.6465608,-0.38638604,-0.7589191,-0.5916075
AATTCGTCACTTAGGC-1,-1.0262251,3.921074,3.9205673,3.9484544,0.7609641,-1.2690341,-1.0101154,-1.1158175,-0.72887456,-0.99465495,-1.1794341,-1.1323259,-1.2714231,-0.7414085,-0.97753173,-1.1042149
AATTCGTCAGCAGGTA-1,-0.5025393,-0.9240692,-0.49797565,0.09739185,-0.39998776,-0.3260405,-0.45037544,-0.36615837,0.1996806,-0.3280421,-0.5650515,-0.54760313,-0.27140146,5.7152977,-0.47830898,-0.3548168
AATTGCCAGGGCTTTG-1,-0.6197362,-0.45538157,-0.72617686,2.6743252,4.9499645,-0.5373879,-0.573623,-0.5301854,-0.21991208,-0.60391957,-0.6812736,-0.6206505,-0.60997,-0.311231,-0.58813864,-0.5467037
AATTGGGAGCCAGGTC-1,-0.5197305,-0.22254252,-0.64066863,1.7889941,4.611937,-0.3885749,-0.4989239,-0.50940084,-0.46630794,-0.5324714,-0.5622219,-0.48397094,-0.56636554,-0.011871919,-0.55162287,-0.4462571
AATTGTGTCCATCAGG-1,-0.3208899,-0.92067707,-0.7445241,-1.5286942,4.201399,-0.6712483,-0.16850358,-0.18914282,1.1163642,-0.28148293,0.13654615,-0.30670428,-0.6248368,0.7285501,0.028390408,-0.45454553
AATTTGGTCCCGAAGC-1,-0.5877007,-0.83054733,-0.4594748,0.7969486,-0.39050192,-0.20019992,-0.54644203,-0.48107898,-0.43399447,-0.39705044,-0.55493796,-0.60530216,-0.24719082,5.9558196,-0.56858414,-0.44976336
ACAACAGAGGTCCTAG-1,-0.55985427,0.47603717,-0.42655042,2.264751,-0.3576434,-0.45436785,-0.7026769,-0.59623706,-0.7424052,-0.605124,-0.54011106,-0.6276295,-0.47529182,4.641411,-0.68415296,-0.61015487
ACACCTTGTCCTAAGA-1,-0.82076865,-1.1182564,0.67391694,5.535252,0.083041444,-0.9456389,-0.98645264,-0.87514323,-0.30733472,-0.9515352,-0.95211685,-1.0174592,-1.0204298,4.4342914,-0.72020036,-1.0111656
ACACGGACAGGCGATA-1,-0.35100317,-0.85806966,-0.2676854,-0.42801353,-0.7527139,-0.21229777,-0.29604775,-0.22344863,-0.050729908,-0.17332453,-0.41555414,-0.31262046,-0.1863555,5.1052785,-0.4225053,-0.15490863
ACACTAATCGCCTGTT-1,-0.5877118,-0.7661917,-0.87689203,0.2552972,-0.33131152,-0.49440926,-0.49639952,-0.4633553,0.9762537,-0.44005615,-0.6628157,-0.6403873,-0.42357457,5.9802184,-0.5225741,-0.5060908
ACACTTAAGCGCTCAA-1,-0.22081444,-1.1617178,-0.76103544,-1.5216304,4.5774117,-0.5078632,0.0002992563,-0.09676738,1.255097,-0.11981753,0.2849992,-0.14117765,-0.54383516,-0.7496667,0.03407164,-0.3275533
ACAGGAATCAAGCTAC-1,-0.46172988,-1.0420325,-0.6782946,-0.08392419,5.658742,-0.66022736,-0.40483612,-0.40424,0.38624838,-0.42596066,-0.41064256,-0.4214186,-0.5908979,0.38374132,-0.37739384,-0.46713412
ACAGGATCAAAGGCCA-1,-0.68417656,0.4557526,-0.7034646,2.79052,0.82665646,-0.98668313,-0.8261845,-0.7955607,-0.49745485,-0.8762617,-0.72786605,-0.7029003,-0.9347476,5.21741,-0.6278192,-0.9272196
ACAGGCTGTCAATGTG-1,-0.6548972,4.06667,-1.0190042,0.15189148,-0.7410396,-1.1026187,-0.70257586,-0.8294885,0.8243755,-0.7964991,-0.7470478,-0.66043043,-1.2323427,4.812918,-0.51838624,-0.8515246
ACATTGCAGGAATAAC-1,-1.109415,3.6120257,0.9836511,4.441224,3.1741195,-0.8113818,-1.1259661,-1.037458,-1.5674951,-1.0844352,-1.0478384,-1.153704,-0.7431047,0.04507172,-1.4153335,-1.1599604
ACATTGCAGGCACAGG-1,-0.5574399,-0.78544474,-0.6707362,0.54636884,-0.4920703,-0.35364288,-0.50505376,-0.44228837,0.1278666,-0.39546356,-0.627205,-0.64088976,-0.2818598,6.0978494,-0.57182205,-0.44816807
ACCAAACTCTTGGACG-1,-0.77190006,-1.2458766,-0.8615227,2.3264103,5.3178387,-0.8410202,-0.63647187,-0.66602564,-0.1351616,-0.68581986,-0.7524997,-0.7463486,-0.73862004,1.845457,-0.68861485,-0.71982455
ACCAAGCGTTGGCGTG-1,-0.4050842,0.46865684,-0.4582333,-0.064995036,4.505309,-0.4740684,-0.6021665,-0.5125111,0.057720497,-0.5484816,0.39990586,-0.6123306,-0.49812698,-0.6950935,-0.060548052,-0.4999532
ACCAATATCCCTGGTT-1,-0.8176519,4.8258133,-0.6893142,-0.52312046,-0.3003521,-1.2526335,-0.85653746,-0.9396376,0.31317276,-0.9561842,-0.92905706,-0.6769252,-1.3265557,5.765171,-0.6133189,-1.0228685
ACCACATAGGCTAAGA-1,-0.4937455,-0.66646224,-0.68574584,0.35167274,-0.23250228,-0.5426085,-0.45071942,-0.43010324,0.35010248,-0.41419047,-0.5478237,-0.5288661,-0.38788378,5.6148467,-0.42915827,-0.5068119
ACCAGCTCATGTGGGA-1,-1.0701593,4.3855934,-0.32466948,4.2048564,4.5891786,-0.50347215,-1.0932101,-1.1075622,-1.3412925,-1.0172538,-1.1770842,-1.136373,-0.96001697,-1.2190664,-1.290879,-0.9385891
ACCAGGGAGTAACAGG-1,-0.567003,-0.9128334,-0.48696315,1.0243117,-0.509906,-0.20956656,-0.5182869,-0.4652118,-0.3459713,-0.3627924,-0.55780417,-0.6365635,-0.22790202,5.7730756,-0.59614605,-0.40043667
ACCATAATCTTAGCGG-1,-0.43433553,-0.9097136,-0.46476412,-0.027987301,-0.74820316,-0.17154136,-0.3947731,-0.30861193,0.2553824,-0.27868086,-0.4853434,-0.42255527,-0.31369314,5.34066,-0.3877668,-0.24807256
ACCCAACCAGGTTCAC-1,-0.27697575,-0.43156728,-0.58268034,-0.32947895,4.6364326,-0.40461776,-0.28425047,-0.28003633,0.28325316,-0.30535215,0.034492586,-0.35898694,-0.42249867,-0.9509518,-0.03651826,-0.2902636
ACCCAGGGTACGATTG-1,-0.59654474,-0.7035088,-0.7071899,2.0368748,4.954015,-0.6768092,-0.5801408,-0.5254176,-0.25373614,-0.61625093,-0.62163323,-0.61314803,-0.65128636,0.6630597,-0.56735736,-0.540926
ACCCAGGGTGAACAAA-1,-0.88836545,3.623028,-0.43821335,3.663174,4.4541116,-0.24688646,-0.9930753,-0.93469805,-1.1295903,-0.8696875,-0.9757593,-0.99655586,-0.7175721,-1.7283163,-1.0823016,-0.7392921
ACCCAGGGTTATTGCC-1,-1.0111479,4.6040816,1.274584,4.668211,-0.51123583,-1.2757599,-1.0312917,-1.0555955,-0.51989067,-1.0127677,-1.1540148,-1.1369699,-1.148542,1.451889,-0.9747211,-1.1668288
ACCCGCTGTTTAGCTC-1,-0.5311206,-0.6817641,-0.6630963,0.38248307,-0.5800918,-0.31307018,-0.4638353,-0.43382114,0.45140082,-0.37638313,-0.5858905,-0.494305,-0.37802333,5.522627,-0.42034435,-0.43476486
ACCGGTTCAAGGTAAC-1,-0.8974457,-0.85347426,2.3423471,5.4130774,-0.45404488,-0.9282929,-0.96966344,-0.92626303,-1.0128508,-0.96831936,-0.9330454,-1.0425081,-0.92650723,3.988092,-0.86308163,-0.96802
ACCGGTTCACCTCAGG-1,-0.48705596,-0.6453181,-0.61581826,0.4923183,-0.6473033,-0.3248812,-0.4130426,-0.4098723,0.14616507,-0.32920232,-0.5291449,-0.4694656,-0.32733828,5.4056206,-0.44517463,-0.40048614
ACCTAAATCCAGGAAA-1,-0.6977347,2.4502034,-0.85788494,1.4607877,0.14517328,-0.9519255,-0.8207512,-0.8072732,-0.30259132,-0.80475175,-0.76590466,-0.76740307,-0.92463386,5.1068115,-0.5865254,-0.8755964
ACCTAAGGTGGAAGGC-1,-0.60471964,-0.80734396,-0.84809524,1.7044603,4.956511,-0.48081732,-0.50039834,-0.5677594,-0.20967361,-0.5339532,-0.6790756,-0.4518088,-0.5986064,0.68763983,-0.52721137,-0.5391482
ACCTACCTCTAACCTT-1,-0.86377335,5.1475663,-0.6089316,-0.19115967,-0.055366635,-1.4230958,-0.9275919,-1.04137,0.39761722,-1.0133203,-1.0292834,-0.760203,-1.4954042,5.696467,-0.70150185,-1.1306481
ACCTCACTCCCGAAGC-1,-0.45943278,-0.46313012,-0.49835324,1.0127343,-0.7659483,-0.19376625,-0.48959976,-0.45790392,-0.61752707,-0.38059837,-0.4571966,-0.49454224,-0.21369113,5.4854794,-0.56257606,-0.4439478
ACCTCACTCTTGCTAT-1,-0.35900882,-1.0777643,-0.6765151,-0.40614492,5.5713806,-0.5491297,-0.2543963,-0.2949817,0.5094364,-0.28899094,-0.31644797,-0.29753345,-0.54065764,-0.39691338,-0.2586855,-0.36364707
ACCTTCCAGGTGAGAC-1,-0.5660822,-0.8836238,-0.54365736,0.3174901,-0.58781874,-0.20616585,-0.46893406,-0.4029748,0.0953234,-0.34242192,-0.5992177,-0.60632527,-0.28019238,5.96394,-0.5316021,-0.3577375
ACCTTCCAGTAACGGA-1,-0.54173857,1.5819002,-0.3983631,0.8942124,-0.53210795,-0.5607667,-0.6197259,-0.57414556,-0.5981875,-0.5382992,-0.52658015,-0.5326437,-0.550589,4.719261,-0.65791947,-0.5643074
ACCTTCCAGTCAATCA-1,-0.7756274,-0.475307,-0.24182522,3.7171113,-0.27505028,-0.3432385,-0.66797125,-0.7126507,-0.9278991,-0.6254377,-0.60131013,-0.7626569,-0.12949513,4.385899,-1.0291053,-0.5354354
ACCTTGTGTGTTGCTT-1,-0.853612,3.9001029,-0.290554,0.61966276,0.2217844,-1.4002906,-0.8539597,-0.9952745,0.9246058,-0.9777079,-0.98034495,-0.73203963,-1.4350985,4.535076,-0.6049604,-1.0773892
ACGAATCTCGGGCCAT-1,-0.5415313,3.2919295,-0.449088,0.30771592,-0.1430909,-0.64429325,-0.5884756,-0.56748533,0.38197425,-0.6285667,-0.53711,-0.56130415,-1.0016706,2.8299654,-0.48014796,-0.6688213
ACGAGTAAGCACTAAC-1,-0.6318666,1.839756,-0.7255447,2.4984834,4.2637224,-0.31107277,-0.75529116,-0.76247257,-0.96539414,-0.74569106,-0.73381424,-0.71234584,-0.6782811,-0.110792115,-0.8399591,-0.6294364
ACGCCTAAGGAAGCTA-1,-0.35977584,-0.9625371,-0.475492,-0.70734096,-1.3406003,-0.5501817,-0.28571618,-0.12562545,1.9270675,-0.29676217,-0.48485124,0.09918072,-0.5916962,4.5114465,-0.13754137,-0.21957408
ACGCCTAAGTATTGGC-1,-0.25197965,-1.0938933,-0.54380244,-1.3271173,4.832569,-0.531155,-0.31405634,-0.19001341,1.239823,-0.30807382,0.35262775,-0.41406655,-0.698347,-0.45976728,0.13454667,-0.42729443
ACGCCTAAGTCTATGA-1,-0.5335993,0.63479227,-0.7042245,1.7891988,4.255995,-0.13395339,-0.5836684,-0.57982105,-0.62295735,-0.5817899,-0.6045266,-0.53028667,-0.5865107,-0.11452961,-0.6191782,-0.48494
ACGGGAAGTCGCATAA-1,-0.5229821,-0.40144682,-0.5359896,1.1243986,-0.36586732,-0.30600548,-0.48134476,-0.48843187,-0.3369404,-0.4376155,-0.48445648,-0.49628675,-0.33986348,5.044027,-0.48392928,-0.48726517
ACGGGAAGTTCGGTAA-1,-0.822091,-0.28111398,3.175615,4.225338,0.3276533,-0.7215912,-0.86736035,-0.8352552,-0.9564496,-0.9354474,-0.80981296,-0.97519946,-0.81630594,2.005278,-0.8892971,-0.82396054
ACGGTACGTCGCATAA-1,-0.88622636,-0.20478325,-1.1620858,1.3602405,0.99880713,-1.1287204,-0.7139131,-0.77748513,3.0028946,-0.92227435,-1.0647407,-0.68533856,-1.1080799,4.7137585,-0.40940088,-1.0126526
ACGGTTAGTGCATCGG-1,-0.5361574,-0.9866021,-0.71501046,0.5705186,-0.5203065,-0.40208608,-0.46180958,-0.3956179,0.44828925,-0.3482113,-0.5953946,-0.602785,-0.30439684,5.7519608,-0.5059564,-0.3964346
ACGTCAAGTTAATGCG-1,-1.1429121,4.2499857,-0.06666085,4.3419485,4.3828263,-0.6095492,-1.1692523,-1.0332593,-1.3393764,-1.0761744,-1.1264848,-1.2057927,-0.9454545,-0.87526727,-1.3384537,-1.0461228
ACGTCCTTCGCTAGAT-1,-0.81367046,3.3248417,-0.7327132,1.3457606,-0.0038292557,-0.85296476,-0.8944389,-0.8944114,-0.86204165,-0.86844957,-0.7075437,-0.82672393,-0.7014016,5.2247148,-0.8648511,-0.8722781
ACTAAAGCACAGAAAC-1,-0.5348158,-0.7878162,-0.7378979,0.058160968,5.1507826,-0.79310995,-0.59741896,-0.46468776,0.1858076,-0.63539535,-0.43789405,-0.62682825,-0.6358378,1.8798733,-0.41546023,-0.6074617
ACTAACTCAGAGGGAG-1,-0.47957897,1.5708222,-0.32546788,0.13964541,-0.7823533,-0.38205028,-0.55601925,-0.49370855,-0.44991827,-0.4932006,-0.40712577,-0.39920193,-0.47541344,4.626558,-0.6415744,-0.45141256
ACTAACTCAGGGAGGA-1,-0.7968474,-1.1268742,0.30326548,5.8002625,-1.0107462,-0.45581347,-0.78844315,-0.80289525,-0.90482384,-0.7596224,-0.6656798,-0.9440611,-0.50300854,4.2807508,-0.9245363,-0.7009265
ACTATGTCACCTACTT-1,-0.6017244,-0.29615,0.2144293,3.2212718,-0.9219544,-0.36816582,-0.6153549,-0.6015854,-1.1030582,-0.59469795,-0.51425266,-0.67154455,-0.3112117,4.627605,-0.8220389,-0.64156747
ACTCGCGCACCTACTT-1,-0.41888142,-0.8655913,-0.78393906,0.0747558,4.879065,-0.82722974,-0.27279884,-0.4196493,0.45166445,-0.37290585,-0.47663838,-0.31015706,-0.6313426,0.8766679,-0.37573862,-0.52728117
ACTCGCGCATAATCGT-1,-0.71088994,1.3300035,-0.73949397,2.9732196,4.8319626,-0.46423092,-0.78740776,-0.75536406,-0.7615495,-0.754292,-0.7849076,-0.77262056,-0.6601348,-0.5287591,-0.78024554,-0.63529015
ACTTACAAGCAGCTAT-1,-0.5056118,1.1874083,-0.46872896,0.6306631,2.1614895,-0.5768859,-0.5120246,-0.5251214,0.17462233,-0.57605046,-0.4280134,-0.5586023,-0.7828052,1.8097637,-0.44092664,-0.5891761
ACTTACAAGGCATGAA-1,-0.32562274,0.5160157,-0.5389568,-0.9960028,4.39131,-0.47639367,-0.47195438,-0.39448032,0.34677655,-0.47875223,0.42636934,-0.49489644,-0.55035007,-0.6660085,0.10499404,-0.3920479
ACTTACTTCCTTCAAT-1,-0.42808568,-0.5729931,-0.75950104,0.32352972,4.9129357,-0.886215,-0.32869938,-0.4330069,0.38114738,-0.43628934,-0.51710886,-0.38238236,-0.66340417,0.7162042,-0.40103653,-0.5250942
ACTTACTTCTCCTCAA-1,-0.5752025,-0.36568958,-0.7892385,1.2393696,4.4235373,-0.39983645,-0.56763786,-0.61945903,-0.4831024,-0.5742568,-0.6306859,-0.47942585,-0.6335717,1.5436201,-0.53340924,-0.5550111
ACTTATCTCAAGGACA-1,-0.82432175,4.583304,-0.6297417,-0.09773402,0.6982415,-1.3483902,-0.96409714,-1.0269309,0.624127,-1.0919856,-1.0092007,-0.8541036,-1.4519205,5.2318068,-0.65198994,-1.1870627
ACTTATCTCTTACTCG-1,-0.35061425,-0.8263539,-0.47850186,-0.7445519,-1.1074094,-0.030264467,-0.33286318,-0.2676979,0.20625553,-0.24358574,-0.3711444,-0.24890071,-0.24555692,5.5789156,-0.3634051,-0.17432141
ACTTCGCTCCACCCTG-1,-0.6864763,2.13701,-0.90868473,1.6360716,-0.0115734115,-0.9325223,-0.81435615,-0.7821512,-0.09233612,-0.80296373,-0.7412129,-0.71968126,-0.8462795,4.988709,-0.55479956,-0.86875385
AGAAAGGCAATTAGCT-1,-0.38111264,2.292608,-0.14493902,2.3061068,-1.0491982,-0.53323984,-0.30150747,-0.38177398,0.22183535,-0.15719783,-0.41003945,-0.5100074,-0.5059415,0.30424175,-0.3198799,-0.4299551
AGAACAAGTAGCCTAA-1,-0.538567,-0.6322918,-0.2791773,1.3163352,-0.5153028,-0.14260317,-0.5326303,-0.47727507,-0.8193493,-0.39933908,-0.47090638,-0.5938516,-0.16736345,5.3647704,-0.69803876,-0.41440958
AGAACCAAGTAAGAAC-1,-0.55406535,-0.86416817,-0.7030319,0.4670343,-0.4530376,-0.4294336,-0.49375203,-0.42471048,0.60920405,-0.40356815,-0.6392505,-0.61652863,-0.38136262,5.8259506,-0.5025536,-0.43672636
AGAAGGTGTCGCGCAA-1,-0.5881238,-1.289103,-0.8879669,0.77820146,4.661924,-0.7922696,-0.38557038,-0.4150431,0.64836264,-0.47696948,-0.5349705,-0.41043183,-0.67400324,1.4873425,-0.51007384,-0.61130536
AGAATCTGTCGCAAAC-1,-0.70839536,4.9493184,-0.7057904,-0.68352216,-0.5656457,-1.1165462,-0.7610708,-0.87188435,-0.436903,-0.7964007,-0.797418,-0.5860317,-1.0741363,5.745894,-0.6781294,-0.9133392
AGAGGATGTCAGGAAG-1,-0.33557832,-1.0640297,-0.6430199,-0.70385385,5.2141676,-0.48681358,-0.22406816,-0.27221426,0.5379214,-0.2378374,-0.028565943,-0.31675896,-0.49498144,-0.46100256,-0.13879064,-0.3445743
AGATGCTTCCGTCCAT-1,-0.75343597,5.1137805,-0.7256981,-0.6248351,-0.27600002,-1.1953927,-0.8841495,-0.9284137,0.3686608,-0.94261914,-0.9412481,-0.7300025,-1.3822253,5.61993,-0.635863,-1.0824876
AGATGCTTCCTGGTGA-1,-0.6156547,-0.9544207,-0.8427191,1.9123766,-0.3439895,-0.63320667,-0.59029865,-0.55658484,0.520847,-0.54465175,-0.68156046,-0.68788284,-0.51634145,5.700994,-0.5251804,-0.6417269
AGCAAATAGCTATATG-1,-0.54557484,-1.1877643,-0.7926046,0.3164931,4.735923,-0.6707803,-0.25109494,-0.39481658,0.48119396,-0.3707266,-0.4518218,-0.37640566,-0.52862865,0.95045304,-0.38381958,-0.5300248
AGCAATTGTAAAGCAA-1,-0.6352567,0.24865226,-0.7326426,2.7645447,5.121306,-0.49679065,-0.6676262,-0.60025954,-0.5413133,-0.6639914,-0.7195914,-0.6400512,-0.6000082,-0.62123615,-0.66893584,-0.5467996
AGCAATTGTCAATAGT-1,-0.6701232,0.025474407,-0.84284943,0.46470425,1.1857139,-1.0157889,-0.6652339,-0.6122674,2.1872334,-0.78930414,-0.8715355,-0.5409876,-1.0653045,4.392816,-0.3969936,-0.7855542
AGCACTTAGGAACACA-1,-0.6461611,-0.97367126,-0.70338684,-0.05875592,5.776467,-0.73851466,-0.48537362,-0.5758257,0.31792766,-0.49049526,-0.65113646,-0.5089154,-0.6190475,1.5366964,-0.5584125,-0.62139505
AGCAGGTAGACTTACA-1,-0.7674609,-0.15200226,-0.751006,2.216588,5.3341374,-0.63836116,-0.6699825,-0.7156415,-0.60565144,-0.748676,-0.8161685,-0.71595526,-0.6495703,1.0863427,-0.70704925,-0.69954354
AGCATCCCAAATACCT-1,-0.65962845,3.2036042,-0.7115175,0.46770912,-0.111140385,-1.1562074,-0.6710626,-0.7912025,1.0921888,-0.75614315,-0.83128405,-0.6206907,-1.1619095,4.127041,-0.5285406,-0.8912165
AGCATTTCAGTAAGTA-1,-0.29516158,-0.7153932,-0.28915972,-0.42901415,-1.387338,-0.09457204,-0.28541917,-0.18957219,0.133899,-0.17893907,-0.3080631,-0.11097893,-0.28991348,4.8455086,-0.29105687,-0.11482605
AGCCGCTAGTTATCCT-1,-0.34065878,-0.33287185,-0.29871553,-0.31566393,-1.161292,-0.14159359,-0.33166254,-0.24162988,-0.21245934,-0.21214192,-0.34434736,-0.17871742,-0.255749,4.955768,-0.4058048,-0.18246035
AGCCGGTTCCGGAACC-1,-1.0975542,2.693772,1.7177179,2.6558106,1.968314,-0.7530642,-1.1009979,-1.0377088,-0.70215803,-1.2716429,-0.83739835,-1.127085,-0.91768146,2.0788205,-1.2264643,-1.0426797
AGCCTAGTCGTCCTTA-1,-0.96693236,4.9635386,1.524759,4.918745,0.49769235,-1.1465156,-0.9464784,-0.98945767,-0.5765061,-0.8310233,-1.2210605,-1.0763495,-1.081562,-1.0301657,-1.0560062,-0.9826775
AGCGCCTAGCTTGCTC-1,-0.5516068,-0.55565417,-0.8409468,-1.7121879,3.786337,-0.54535973,-0.5773802,-0.45991024,1.2219807,-0.5799823,-0.40821972,-0.5953132,-0.6698128,3.3662636,-0.2681807,-0.61002684
AGCGCTCAGGCTGGCT-1,-0.41820565,-1.0729525,-0.75108993,-0.46294835,5.090472,-0.60717744,-0.19855343,-0.29549986,0.69192034,-0.26052666,-0.2948273,-0.26163504,-0.50599146,0.13051629,-0.3162767,-0.46722445
AGCGGACCAATCGCAC-1,-0.34065542,-0.6788608,-0.19673553,1.0064406,-0.95519245,-0.042896718,-0.44719175,-0.33501914,-0.7141464,-0.30761233,-0.36080196,-0.3919172,-0.15590498,4.715699,-0.5628668,-0.23233864
AGCGGACCAGCTTAGC-1,-0.47311842,-0.9528789,-0.1547767,0.37929016,-0.49726653,-0.120844826,-0.4309969,-0.3415467,-0.44564003,-0.29721725,-0.4791214,-0.48540944,-0.17378838,5.2763147,-0.5390177,-0.26398164
AGCGTGCTCTAATCTC-1,-0.5571927,-0.52979183,-0.6267855,2.7904084,-0.15889058,-0.58021593,-0.60833824,-0.59749854,-0.6714897,-0.5068904,-0.5746864,-0.65390444,-0.53431964,5.0594254,-0.6374699,-0.6123599
AGCTAAACATTGTGAT-1,-0.27164587,0.3966237,-0.55654544,-0.49393174,3.5649726,-0.6187474,-0.1779182,-0.2849943,0.56516033,-0.29710424,0.0800078,-0.28666857,-0.6118929,-0.60845625,-0.03484173,-0.36401772
AGCTAAACATTGTGGC-1,-0.46091217,-0.9188562,-0.52971137,0.15472415,-0.5189658,-0.2911719,-0.39218962,-0.34206778,0.20592065,-0.31247598,-0.5365224,-0.50201476,-0.31204855,5.5212245,-0.43107098,-0.33386183
AGCTAACTCATGGTGT-1,-0.44445854,0.56687295,-0.6636004,1.1990758,-0.8651038,-0.5769795,-0.46590257,-0.46182793,0.5034018,-0.49431723,-0.5630739,-0.34424818,-0.6795899,4.1736927,-0.36155456,-0.5223865
AGCTACGTCCGTAAAC-1,-1.2042247,2.6232,2.5165455,4.65217,0.034522846,-1.345648,-1.299556,-1.1674726,-0.23937659,-1.2255179,-1.3627746,-1.2096643,-1.4776094,2.9744515,-0.91575253,-1.3532931
AGCTATATCATGGTTA-1,-0.39572352,-0.78682584,-0.20623274,0.17080826,5.1993766,-0.47493255,-0.571642,-0.51804614,0.110021316,-0.55152386,0.004950732,-0.4940678,-0.5725487,-0.1682743,-0.25225228,-0.4930874
AGCTATATCGTCAAGT-1,-0.656568,-0.67014474,-0.71145004,0.51970196,0.3828919,-0.6744427,-0.5288732,-0.4931628,1.459789,-0.5402755,-0.7531186,-0.5345423,-0.71605027,4.876746,-0.39007306,-0.5704278
AGCTTGGTCAATGACC-1,-0.368454,-0.46866903,-0.6427462,0.16292039,5.131118,-0.2980295,-0.3654588,-0.40117046,-0.06655884,-0.32504556,-0.31516466,-0.3389396,-0.45701787,-0.57428133,-0.31027448,-0.36222738
AGCTTGGTCTAATTGG-1,-0.7822897,2.6888254,-0.887874,3.3850977,5.0674887,-0.4390692,-0.9331698,-0.9330756,-1.3143293,-0.9375501,-0.97145563,-0.92775506,-0.7767914,-0.35511476,-1.0482447,-0.83469296
AGCTTTAAGTAGGATG-1,-0.5378839,-0.8470875,-0.3559406,0.21453756,-0.40591383,-0.22368291,-0.4679209,-0.40241897,-0.32684985,-0.3352956,-0.57453555,-0.5915716,-0.2024436,5.997607,-0.57695794,-0.36364177
AGGACTAAGCGATAAG-1,-0.09376556,-0.7096377,-0.68521243,-3.7611687,3.9085066,-0.42542976,0.020937622,-0.06462346,1.6975802,-0.06244955,1.4511707,-0.08382466,-0.51392144,-1.2207403,0.7810088,-0.23842981
AGGATCCGTCGTAAAT-1,-0.4633094,1.5526476,-0.17131488,-0.19018157,-0.84906447,-0.24958162,-0.54573387,-0.44880235,-0.5013114,-0.43979746,-0.35620308,-0.32653135,-0.40593946,4.3507123,-0.592786,-0.3628028
AGGATCCGTTGTCCAT-1,-0.81919307,4.410539,-0.6910222,-0.07242563,-0.021438286,-1.1529452,-0.8781863,-0.9071674,0.06586844,-0.9284404,-0.8763012,-0.7502168,-1.1985501,5.423499,-0.6148447,-0.9891755
AGGATGCAGATAACCC-1,-0.7442448,2.730196,-0.38226315,1.3851509,0.34496197,-0.7787869,-0.8690982,-0.8372958,-0.8597921,-0.8665323,-0.68223834,-0.82888496,-0.6894158,4.8570824,-0.9169164,-0.86192274
AGGATGTCAAGCTTTG-1,-0.5773082,-0.8658809,-0.5533634,1.402453,-0.3030159,-0.45674318,-0.5509205,-0.46988612,0.12092438,-0.4684081,-0.6306032,-0.6241121,-0.4551835,5.4246197,-0.48391253,-0.5086595
AGGCAATCAATACTGT-1,-0.59494543,-0.8267188,-0.41404042,0.9663191,-0.35524854,-0.33044916,-0.531723,-0.491334,-0.4211289,-0.42436424,-0.6013154,-0.6511426,-0.23463136,5.9833703,-0.6399571,-0.43269017
AGGCAGGTCAGCAAGA-1,-0.59218025,-0.6602364,-0.36820453,1.4043016,-0.41273034,-0.28082547,-0.5816039,-0.5647995,-0.9121424,-0.46290743,-0.5279981,-0.65857965,-0.18284607,6.010072,-0.7088662,-0.5004533
AGGCTAAAGTAACTCA-1,-0.38852453,-1.0472958,-0.35938442,0.042200983,-0.81196105,-0.15060693,-0.340498,-0.27140155,-0.105183855,-0.19630367,-0.4288954,-0.39145184,-0.19787583,5.287544,-0.43488884,-0.2054734
AGGCTAGCACGTAATT-1,-0.77502525,4.1352267,-0.31689608,-0.46640784,-0.2543798,-1.1002396,-0.79607755,-0.84376067,-0.08229652,-0.9050278,-0.7884016,-0.5977146,-1.0900748,5.4046564,-0.61897206,-0.9046088
AGGCTAGCAGGCCAAA-1,-0.5246811,-0.77860504,-0.5730061,0.50642097,-0.57519376,-0.35330564,-0.4384988,-0.41556317,0.05780071,-0.3528847,-0.5713949,-0.54318297,-0.32080334,5.8058524,-0.5133461,-0.40960842
AGGGCCTTCCGTGACA-1,-0.67734605,-1.1499367,-0.6206997,0.7615318,5.323895,-0.91856974,-0.61235076,-0.5941464,-0.037996523,-0.6223028,-0.6753809,-0.6659841,-0.69510967,2.47132,-0.55559117,-0.73133254
AGGGTTGCAACTGGCT-1,-0.46695328,-0.9081748,-0.481834,0.2661817,-0.5387526,-0.3186673,-0.39923453,-0.32756627,0.30327305,-0.3137945,-0.52891904,-0.47424936,-0.340477,5.257657,-0.41712606,-0.31136316
AGGGTTGCATGAATAG-1,-0.35049546,-1.0419626,-0.3083075,-0.4574039,-0.9886851,-0.067569435,-0.31009364,-0.22108325,-0.009708419,-0.16189414,-0.38758546,-0.30297038,-0.18974513,5.3242993,-0.38836986,-0.13842574
AGGTACGCATAAGCAA-1,-0.7298018,3.852752,-0.7528496,-0.05824682,0.53657293,-1.0657641,-0.7863132,-0.8300947,0.64186263,-0.8858912,-0.8451946,-0.75226533,-1.1976805,4.422592,-0.6014037,-0.948274
AGGTCATTCAAACCGT-1,-0.5997228,-0.63472503,-0.4786657,2.249128,-0.4205492,-0.52517676,-0.57120705,-0.6124984,-0.73331726,-0.4576044,-0.5728181,-0.6500122,-0.3125214,5.618794,-0.70885247,-0.5902514
AGGTCCGGTAACCAGC-1,-0.44308668,-0.56806636,-0.62268025,1.1026458,4.723934,-0.7519968,-0.40294015,-0.5121656,-0.1902637,-0.49569124,-0.5678674,-0.45770717,-0.56529605,0.7212084,-0.43575746,-0.53426903
AGGTCTTAGCAAGGGT-1,-0.94450766,1.8950334,-0.6964389,3.7934072,5.1031084,-0.6933322,-1.0548757,-0.9948731,-0.98497206,-0.999672,-1.015733,-1.0388514,-0.8151941,0.39662737,-1.0460302,-0.9036954
AGGTGAGGTCATAACG-1,-0.37444675,-1.1720984,-0.63337946,-0.30906725,5.023499,-0.60181016,-0.28354365,-0.35088372,0.34822792,-0.34311074,-0.14865834,-0.3412398,-0.5830251,0.42948133,-0.21693666,-0.44300824
AGGTTAGAGTTCCCGT-1,-0.5545517,1.5177454,-0.42322695,0.9704198,-0.37108314,-0.5788523,-0.6617538,-0.59578836,-0.6115189,-0.58109987,-0.5288423,-0.55461514,-0.5622901,4.7765617,-0.64780563,-0.5932983
AGTAACCTCTTTGACT-1,-0.54771054,0.6372068,-0.6348797,2.1976683,4.6552134,-0.22970802,-0.6006596,-0.56058216,-0.63985384,-0.60679173,-0.55371153,-0.6565038,-0.54590106,-0.8480983,-0.54842997,-0.51725817
AGTAACGAGATAAAGC-1,-0.94248366,-0.8651557,1.8002197,4.7294073,1.481332,-0.78780377,-0.9458475,-0.8543509,-0.7271346,-1.0562067,-0.99571073,-1.0835758,-1.0148255,3.042867,-0.85257614,-0.92815447
AGTAACGAGCGCCTTT-1,-0.59372455,1.6371396,-0.7139352,2.3005745,4.4940205,-0.037291527,-0.6966722,-0.66863084,-0.8423015,-0.6640466,-0.55893224,-0.724019,-0.61153734,-1.0836084,-0.6626869,-0.5743484
AGTACGCGTTGTAACG-1,-0.6647012,4.833106,-0.7894466,-0.7047434,-0.48174262,-0.98259443,-0.72900987,-0.846625,-0.75752807,-0.7312218,-0.70022994,-0.6367563,-0.9237402,5.6719604,-0.75137764,-0.8053497
AGTATAGCATTATGAC-1,-0.5523831,0.18656349,-0.6382479,2.164667,4.9298863,-0.2970155,-0.5446957,-0.5343312,-0.5039639,-0.56813,-0.547828,-0.56965023,-0.536452,-0.95035166,-0.5370271,-0.50104016
AGTCAAGAGACAACAG-1,-0.5558412,-0.7632213,-0.40122324,0.7470942,-0.39624196,-0.3219087,-0.5064321,-0.4668972,-0.42610353,-0.39706582,-0.5782161,-0.6305433,-0.22860496,5.943314,-0.6135107,-0.404598
AGTCAAGAGGCAGGTG-1,-0.70486057,-1.247856,-0.8598769,1.8353853,4.8010764,-0.86597955,-0.50558877,-0.53028035,0.35241663,-0.5921695,-0.69352734,-0.5714922,-0.68751967,1.6141827,-0.61674774,-0.7271627
AGTCAAGAGGGCCACT-1,-0.56901836,-0.743865,-0.30215776,0.23972732,-0.43504155,-0.19207147,-0.48343164,-0.44379532,-0.55791616,-0.34716353,-0.5614352,-0.60914844,-0.14586028,6.1694336,-0.65620834,-0.36204746
AGTCAATGTGCTCACC-1,-0.42602327,-0.7633587,-0.557467,0.29630938,5.1656995,-0.5703242,-0.39590552,-0.41378358,-0.026680246,-0.45354387,-0.31636402,-0.4949831,-0.53698003,0.2658126,-0.3197919,-0.4526157
AGTCCTGAGCCTGGTA-1,-0.8518779,3.9018621,-0.60207623,3.3221035,4.773357,-0.18261105,-0.99102664,-0.89554334,-1.1756642,-0.8901311,-0.96178484,-1.0162792,-0.6860062,-1.8784217,-1.1405168,-0.7253835
AGTCCTTGTCCTAATC-1,-0.8227244,-1.2493459,0.8342508,5.622266,-0.12530166,-0.79701227,-0.90299714,-0.8888581,-0.8220508,-0.87476283,-0.85883194,-1.0014224,-0.7989955,4.387865,-0.83383095,-0.86824816
AGTGAGTCAGTACCGT-1,-0.545106,-0.6269521,-0.775962,-0.37450045,-0.4537425,-0.608816,-0.3725934,-0.36224478,1.7075686,-0.389445,-0.6048138,-0.36340183,-0.513479,5.0302973,-0.35374928,-0.3930601
AGTGAGTCATGTTGGC-1,-0.58359534,-0.15431707,-0.64083135,2.747542,4.983293,-0.3798961,-0.55840117,-0.5315817,-0.5618982,-0.5875565,-0.6536233,-0.5924026,-0.5439308,-0.8355795,-0.61451566,-0.49270582
AGTGCCGGTGGTTATG-1,-0.61127937,-0.7172023,-0.36294094,1.0224857,-0.2878292,-0.38085273,-0.52507985,-0.5194105,-0.61614597,-0.4407843,-0.57328904,-0.6168709,-0.2184926,5.9771686,-0.67045605,-0.45902023
AGTGGACAGTCACGAT-1,-1.1671106,5.55077,0.9812786,5.539377,0.21878415,-1.3614429,-1.2286022,-1.2015467,-0.4504609,-1.1897397,-1.3518254,-1.2150797,-1.3189939,0.5878929,-1.1801444,-1.2131561
AGTGTGGCATGCATAT-1,-0.4896019,-0.8389346,-0.3429066,0.5775636,-0.56797934,-0.20185877,-0.473701,-0.39930367,-0.45357287,-0.32513845,-0.48759538,-0.5154216,-0.18044452,5.5974684,-0.5482405,-0.3503331
AGTGTGGCATTGACAT-1,-0.59452,-0.707557,-0.40383685,1.4655349,-0.3766945,-0.4396751,-0.54165494,-0.5257224,-0.6329342,-0.4503008,-0.575892,-0.64187926,-0.2665025,5.837565,-0.6470794,-0.49885082
AGTGTTTCAGGGAGGA-1,-0.35413948,0.07168052,-0.5527981,0.88449466,3.7497697,-0.53284216,-0.27760616,-0.37210476,0.1904634,-0.3893204,-0.27084494,-0.36085087,-0.5567388,-0.61784375,-0.22300324,-0.38831562
AGTTACTCACTTCATC-1,-0.45453483,0.8948074,-0.22231989,0.046854198,-0.18906267,-0.398157,-0.5384752,-0.4149297,-0.3459956,-0.4757868,-0.45494485,-0.27871525,-0.5521255,4.3565807,-0.50819093,-0.46500403
AGTTATGTCCCTGTTA-1,-0.21808791,0.4465565,-0.23869058,-0.8154863,-1.6763561,-0.089852124,-0.30887604,-0.18535289,-0.191614,-0.16835654,-0.22997403,0.07802902,-0.2975831,4.392722,-0.36096102,-0.13611728
AGTTATGTCCTCACAC-1,-0.51852435,1.0012857,-0.62031525,1.542193,0.0047484785,-0.6288531,-0.66835994,-0.5973703,-0.3795237,-0.67274296,-0.56697994,-0.5733848,-0.6467253,4.53372,-0.5373055,-0.6718623
AGTTGCAGTCTTGCAT-1,-0.3763228,-0.5794856,-0.57119215,-0.028181821,4.0747037,-0.68424356,-0.30496937,-0.30135813,0.6420856,-0.3796373,-0.13085264,-0.42960846,-0.6140271,0.2514683,-0.06847169,-0.4999072
AGTTGGCGTATCTGGA-1,-0.8872979,3.945917,-0.4541809,3.9838228,4.772651,-0.55709696,-1.0407999,-0.9419108,-1.1616371,-0.9192092,-1.054599,-1.0230303,-0.77714354,-1.8934844,-1.1075768,-0.88442427
AGTTGGCGTGACATAT-1,-0.19927216,-1.1655933,-0.560773,-1.619844,4.356695,-0.49769107,-0.13955218,-0.15412882,1.0642775,-0.1494275,0.8733142,-0.2507922,-0.5334229,-1.0171314,0.33337626,-0.34003454
AGTTTGCAGCTATATG-1,-0.8680769,0.54550076,2.01225,3.8723602,-0.4410505,-0.8395964,-0.94132125,-0.8740853,-0.58374786,-0.9367429,-0.7672105,-0.87092745,-0.89097965,3.3205824,-0.7959677,-0.9409872
ATAACGACAATTATGC-1,-0.8216678,-0.52369726,-1.0000827,0.95428646,0.7187201,-0.9810525,-0.67406094,-0.6899302,2.34563,-0.7795068,-0.94355893,-0.7182678,-0.86864877,5.3270726,-0.54069006,-0.8045454
ATAAGCCTCTATCGCC-1,-0.5897304,0.50213534,-0.7278803,2.0399172,4.592946,-0.20037195,-0.5927874,-0.63470733,-0.7418561,-0.5877015,-0.7024789,-0.5635003,-0.6255029,0.060068615,-0.6556192,-0.5729312
ATAAGTCGTTCCTCCT-1,-0.43390965,-0.9711205,-0.70298684,1.4544446,4.2995644,-0.5405875,-0.30958262,-0.40156412,0.15938202,-0.3658576,-0.46653673,-0.3152356,-0.54353356,-0.07575843,-0.37496766,-0.41175014
ATAAGTCGTTCGGGAT-1,-0.6219442,-0.3320087,-0.40149614,3.050027,-0.3799918,-0.38454488,-0.71879935,-0.7437049,-1.3099409,-0.64695144,-0.550663,-0.8116591,-0.33142802,5.752707,-0.90538824,-0.6642127
ATACCGGTCACGAATC-1,-0.57477957,-1.2386172,-0.88973826,0.35561574,4.828606,-0.6912569,-0.24309477,-0.41068166,0.66646874,-0.35691017,-0.4999317,-0.3169992,-0.5870464,1.0218434,-0.47790945,-0.5855688
ATACCTGCAATTAGGA-1,-0.44807702,-0.36874548,-0.44988704,0.2489618,-0.60542834,-0.2698758,-0.4240737,-0.34930316,0.024843872,-0.3324799,-0.46933907,-0.35203314,-0.37510628,4.8956413,-0.3977245,-0.3273734
ATAGATGCATTTGCTC-1,-0.8176338,4.517867,-0.52013415,-0.5047138,-0.29524738,-1.1174061,-0.79632175,-0.86369187,-0.068089366,-0.88405085,-0.85544705,-0.6204505,-1.1557357,5.578599,-0.66512185,-0.93242145
ATAGCATGTAACCACA-1,-1.2976314,4.5659823,-0.08094829,4.7977943,4.3628383,-0.54149497,-1.1887574,-1.010606,-1.3885739,-0.9836564,-1.2265488,-1.2622193,-0.891855,-1.3766519,-1.4590806,-1.0185921
ATAGGTACACTGGCCA-1,-0.40538523,-1.1162438,-0.84008235,-0.76142144,4.32208,-0.74082494,-0.16615093,-0.23506676,0.7990798,-0.31102848,-0.22207165,-0.21886009,-0.6567013,1.3330655,-0.26826674,-0.5121221
ATATGCATCGCAATCG-1,-0.6927654,0.32360235,-0.6577629,2.944042,0.5603417,-0.9746017,-0.82914907,-0.79750973,-0.49531567,-0.7971843,-0.7466415,-0.7566715,-0.8784893,5.2933955,-0.62635595,-0.8689341
ATATGCTCACGAACAG-1,-0.62543267,1.5398749,-0.6296782,2.3638132,4.4625125,0.14519823,-0.6623485,-0.6439919,-0.7759728,-0.6731633,-0.5844147,-0.7034699,-0.5441317,-1.4399165,-0.67298055,-0.5558985
ATCAAGACAGGAACCA-1,-0.60492206,1.5421357,-0.7655916,2.4576786,4.7298017,-0.23418093,-0.6988263,-0.6672076,-0.7651396,-0.68962467,-0.6528882,-0.6943424,-0.6165943,-1.097485,-0.667778,-0.575035
ATCAAGCTCGGTCATG-1,-1.0029982,4.2784524,2.578947,4.320994,0.9111999,-1.0975411,-0.95966816,-1.0126982,-0.9285898,-0.8951479,-1.1665164,-1.0998156,-1.057878,-0.8284478,-1.072092,-0.96819973
ATCAATCCAGTAAGTA-1,-0.57473594,0.40638405,-0.7689641,2.216307,4.9292274,-0.15001136,-0.5810899,-0.58175033,-0.64698905,-0.5780148,-0.6899399,-0.56074274,-0.5819683,-0.70319307,-0.6115255,-0.522993
ATCACAATCTACCTCA-1,-0.9623528,0.090472385,-1.2464269,2.4778845,2.1616633,-1.392394,-0.80223376,-0.9846651,3.6662009,-1.0390208,-1.1894056,-0.6788662,-1.3977182,2.9355173,-0.41684762,-1.2218075
ATCACACAGGCCGGAA-1,-0.59894377,-0.016743109,-0.7572148,-0.381033,0.7464196,-0.84491616,-0.5674978,-0.5195056,2.0369155,-0.6639323,-0.74835277,-0.4183073,-0.937108,4.651193,-0.35970408,-0.6212698
ATCACCCTCCTAACGG-1,-0.5635565,-0.5054191,-0.43554747,1.2216437,-0.17350829,-0.33115393,-0.54851377,-0.542629,-0.66842353,-0.474909,-0.5145156,-0.6145426,-0.28459734,5.5230484,-0.57975125,-0.50762486
ATCACCCTCTATTGTC-1,-0.51847947,-1.0426685,-0.7171902,-0.09368412,5.2760515,-0.6445105,-0.29905075,-0.40856427,0.5864982,-0.31577617,-0.43433458,-0.3917519,-0.5221944,0.45888746,-0.42997098,-0.50326157
ATCACTAAGCTCAAAC-1,-0.5844547,2.921173,-0.44056723,-0.041513152,-0.49577788,-0.87481475,-0.64581245,-0.65955186,-0.38972172,-0.6475282,-0.62241197,-0.50605655,-0.7993637,5.095066,-0.60706,-0.70160484
ATCAGGTTCACTTCAT-1,-0.5324483,-0.7683683,-0.60765916,1.009963,-0.5128584,-0.42893475,-0.4802053,-0.4478538,0.47786224,-0.39536673,-0.601727,-0.5609744,-0.40613097,5.15461,-0.46593726,-0.43397135
ATCAGGTTCATTTGTC-1,-0.5747117,-0.8597303,-0.6427367,0.6789532,-0.44128752,-0.4516828,-0.48087156,-0.4459957,0.61673194,-0.43068928,-0.63582486,-0.5824843,-0.43044364,5.5886965,-0.47100824,-0.43691498
ATCCTTAGTGTCACGG-1,-0.7445957,1.601821,-0.74893683,3.2215164,4.873862,-0.3756308,-0.81956285,-0.78322935,-0.89136136,-0.7707889,-0.8376094,-0.8162358,-0.64810133,-0.73055696,-0.8406582,-0.6899318
ATCGGCCAGGTTTGCG-1,-0.4168458,-0.8533229,-0.08268739,-0.044461355,-0.7157391,0.027060524,-0.38602996,-0.32407725,-0.6186596,-0.25604987,-0.37267065,-0.41462988,-0.07519363,5.26896,-0.5565639,-0.1790886
ATGAATGCAAGGTAAC-1,-0.70016265,-1.2337035,-0.8690793,0.04853375,5.5493784,-1.047884,-0.580613,-0.5623692,0.41058135,-0.62864465,-0.6659451,-0.55579793,-0.7582807,2.9740515,-0.5972482,-0.78281736
ATGACAACACTATGGC-1,-0.40520626,-1.027385,-0.1716153,-0.155853,-0.7190955,-0.09068081,-0.3652442,-0.26732922,-0.33479762,-0.21339422,-0.41536516,-0.36200035,-0.16081995,5.3331466,-0.45917225,-0.18518779
ATGACAACAGCTCATA-1,-0.6889745,-0.34755468,-0.66892433,1.7437404,5.5197816,-0.63115376,-0.6375153,-0.6522882,-0.4626283,-0.63958067,-0.7373752,-0.67252177,-0.6026264,0.7600771,-0.6617584,-0.6206974
ATGACCAGTTACTTGC-1,-1.0938586,5.0858297,1.5036136,5.173582,-0.054689392,-1.1996882,-1.0425758,-1.0628517,-0.89611435,-0.8967476,-1.239472,-1.2197205,-1.077594,0.31999287,-1.1476527,-1.1520535
ATGAGCCGTTTCGCGC-1,-0.60993266,-0.23906946,-0.795316,-0.5279918,-0.07272747,-0.80475235,-0.52027726,-0.4644145,2.2445195,-0.62172675,-0.72663975,-0.3453029,-0.81866217,5.2103343,-0.3840149,-0.52402556
ATGCAGGCAAAGGTAC-1,-0.43535018,-0.765821,-0.52668196,0.46037853,-0.7735078,-0.32367605,-0.3963711,-0.3461669,0.08215528,-0.2991215,-0.4983036,-0.45434648,-0.32089698,5.3431706,-0.4258293,-0.31963173
ATGCATTCAAGTAAGC-1,-0.89567554,4.6275454,-1.030863,0.20627666,0.8655249,-1.2177739,-0.9951818,-1.0290257,0.53395426,-1.115782,-0.9907528,-0.95021176,-1.3225263,5.218713,-0.73485637,-1.1693648
ATGCGATTCATGACCG-1,-0.4571399,0.120684,-0.31446713,0.8727456,-0.7098166,-0.47830027,-0.49309576,-0.41904396,0.12240656,-0.40298724,-0.5555119,-0.42964238,-0.54024243,4.564388,-0.41037077,-0.46960545
ATGGCCCAGACAAACG-1,-0.75274086,4.6252375,-0.57996535,-0.44316643,-0.13753965,-1.0718815,-0.7934152,-0.9057709,-0.66794777,-0.83846533,-0.75344557,-0.7009546,-0.95994854,5.671651,-0.802386,-0.88926005
ATGGCTTAGCTCAAAC-1,-1.0391763,4.15454,-0.9831507,-1.8028538,4.350176,-0.9020362,-1.0815935,-0.98481417,0.78230536,-1.2399282,-0.5007454,-0.91877604,-1.065923,2.806277,-0.51805997,-1.0562414
ATGGTCTAGCGAGCGA-1,-0.7114032,0.26886433,-0.6570301,3.1144993,0.7509935,-0.8486734,-0.7671928,-0.84335226,-0.96392936,-0.74044394,-0.636713,-0.7412457,-0.772083,5.2288394,-0.868776,-0.8123545
ATGGTGCGTTACCTGT-1,-0.41079772,-0.3498369,-0.5226705,-0.02464822,-0.523959,-0.29550833,-0.38531744,-0.32108462,0.4881509,-0.34104753,-0.46045703,-0.30999815,-0.47216022,4.519783,-0.28160018,-0.3088476
ATGTAAGCACCAACCG-1,-0.57463753,-0.85626435,-0.516258,1.819463,-0.08806968,-0.56263673,-0.5777998,-0.5107093,-0.14118576,-0.5041702,-0.61002934,-0.64660704,-0.44811293,5.3077874,-0.54266715,-0.54810274
ATGTAAGCAGAGAGCC-1,-0.3897316,-0.5345795,-0.5200536,-0.41953844,-0.778381,-0.2874636,-0.3081457,-0.30479175,0.461048,-0.25032592,-0.42975014,-0.23188852,-0.35899192,4.9380283,-0.3180694,-0.26736552
ATGTAAGCAGCTTAGC-1,-0.55952585,-0.336578,-0.3686605,1.1026582,-0.31383437,-0.26494163,-0.5347537,-0.59318435,-0.9101767,-0.4776101,-0.43841958,-0.60126585,-0.2409705,5.7176037,-0.67583865,-0.5045014
ATGTCAATCTACCTGC-1,-0.5211016,-0.3583086,-0.6696328,1.8916478,4.601679,-0.09365402,-0.42560673,-0.51832604,-0.34848344,-0.44017363,-0.52743554,-0.46682155,-0.43774575,-0.85499287,-0.35703886,-0.47400546
ATGTCAATCTTGTCTG-1,-0.8968301,0.01353937,-1.2873186,2.6114135,0.9165002,-1.2499572,-0.83308303,-0.9688155,2.6918414,-1.0578974,-1.0037953,-0.80550224,-1.3119678,4.845183,-0.5653443,-1.0979656
ATGTCATCACCTATAG-1,-0.64246833,-0.5368441,-0.7626652,-0.50474805,0.20407668,-0.7814691,-0.51711774,-0.43842804,2.427561,-0.6109578,-0.7639909,-0.31173804,-0.81016016,4.9372053,-0.3647804,-0.52347505
ATGTTGTCAGCAACAG-1,-0.48955444,-0.44874242,-0.55656683,1.0579879,-0.46780363,-0.4247478,-0.47949603,-0.3811483,0.5452819,-0.41875425,-0.5608938,-0.47807816,-0.540498,4.425114,-0.3518216,-0.4302788
ATTAACCCAAACAACA-1,-0.45924938,-0.24955873,-0.56999296,0.22109163,-0.622212,-0.4506005,-0.39549792,-0.37210798,0.603021,-0.36541432,-0.5361703,-0.34564555,-0.51763695,4.765574,-0.3230601,-0.38254017
ATTACCGCATCATGTG-1,-0.5031893,-0.616235,-0.5520793,0.5247824,-0.5840644,-0.335221,-0.4400109,-0.43099064,-0.06115754,-0.3452504,-0.5247516,-0.4830476,-0.31137028,5.5717926,-0.48901814,-0.42018855
ATTAGCTCATAATCGT-1,-0.5276079,-0.80074924,-0.7272837,1.478715,5.2970557,-0.4889434,-0.40233973,-0.48879796,0.022237595,-0.41045657,-0.61623096,-0.41573685,-0.5136563,-0.5123943,-0.4537,-0.4401111
ATTCACTTCCTAACGG-1,-0.3932363,-1.1097369,-0.77554655,-0.06238404,4.6194677,-0.7191126,-0.24797766,-0.30731362,0.71413654,-0.35396257,-0.36448362,-0.21953788,-0.5835765,0.6327983,-0.35176384,-0.47777113
ATTCACTTCGGTAACT-1,-0.4800187,0.70244694,-0.59071517,0.64096546,-0.44716445,-0.45355782,-0.523152,-0.4422482,0.0062921643,-0.4708062,-0.48312953,-0.38470653,-0.5837345,4.38518,-0.4082583,-0.46739253
ATTCCTAGTGCTGTAA-1,-0.19487393,-1.140556,-0.68251586,-0.7740412,4.421778,-0.38466078,-0.010134064,-0.13662407,0.8917475,-0.036535412,0.23100975,-0.07191919,-0.43629658,-1.4284575,0.0131794885,-0.26110053
ATTGAAGCAATAATCC-1,-0.31441626,-0.9541279,-0.6319636,-0.5282421,5.1189704,-0.41542017,-0.23399368,-0.29415601,0.4355003,-0.23106256,-0.06966555,-0.26548755,-0.49565253,-0.6192868,-0.16863129,-0.33236456
ATTGCACAGTTAGAGG-1,-0.6041095,-0.0860489,-0.91762865,-0.7736847,-0.73718005,-0.854897,-0.43605667,-0.44577533,3.3219087,-0.6562458,-0.71789825,-0.1646,-0.991624,4.8445807,-0.18636544,-0.5943747
ATTGCAGGTACTGATG-1,-0.8991095,5.0132246,-0.056885853,-0.6741571,-0.15294996,-1.1548551,-0.90558124,-0.9374523,-0.6007808,-0.9750633,-0.892092,-0.7357036,-1.0809938,5.8948507,-0.84939235,-0.9930589
ATTGCGCCAAATGCCC-1,-0.9992801,-0.89481664,2.1972792,5.4111476,0.052449197,-0.911811,-1.034396,-0.91548365,-0.7719958,-1.0478528,-1.0352232,-1.0834029,-1.0235767,3.9828076,-0.92536515,-1.0004797
ATTGTGATCAATTACG-1,-0.5037043,-0.81815445,-0.5361483,-0.1603225,-0.28993005,-0.27183378,-0.41834873,-0.35707086,0.45351762,-0.34953403,-0.5641512,-0.40785515,-0.3972646,5.3379807,-0.36768836,-0.349492
ATTGTGATCATGCTCC-1,-0.5528234,-0.65998256,-0.6478331,0.60267127,-0.42809108,-0.5047256,-0.47459713,-0.44094232,0.6025567,-0.43504003,-0.63096464,-0.5193089,-0.48423472,5.466607,-0.41635975,-0.47693148
ATTGTGATCGGTCATG-1,-0.47210526,-0.4976673,-0.6255019,0.59554636,-0.27566653,-0.51531386,-0.419384,-0.42241013,0.14393191,-0.3885548,-0.49540657,-0.48434895,-0.37461275,5.1113873,-0.40610808,-0.47378552
ATTTAGCCAATCCCTT-1,-0.57243776,-0.80379957,-0.2109298,0.5823645,-0.48972845,-0.08957125,-0.53255177,-0.46377718,-0.78308463,-0.36192453,-0.49669695,-0.6041806,-0.07489468,5.953712,-0.70425075,-0.34824848
ATTTAGCCAGGGAGGA-1,-0.59190834,-0.85924834,-0.4989819,0.55979425,0.24812752,-0.53390056,-0.55169344,-0.49195147,0.025001697,-0.4861266,-0.6219864,-0.6136185,-0.37645632,5.8529587,-0.5347426,-0.52526706
ATTTGCAAGGATTGCT-1,-0.41414523,-1.2840687,-0.7768689,-0.5860013,4.707009,-0.7102462,-0.22386469,-0.26725405,0.772118,-0.3315553,-0.20790839,-0.2866189,-0.60639423,0.9732549,-0.27299893,-0.48445702
ATTTGTGAGTTGTCAA-1,-0.67102575,1.6662384,-0.28266868,1.4990609,-0.116916746,-0.70167935,-0.7451569,-0.6726711,-0.67682815,-0.6897683,-0.6098305,-0.67631996,-0.66606975,4.733478,-0.68916345,-0.7006788
CAAACCGTCATGAAGG-1,-0.5280325,-0.6893589,-0.7541422,1.1971655,-0.7011995,-0.6200866,-0.45420778,-0.40330115,1.2183901,-0.39990118,-0.6126185,-0.5390124,-0.5450223,4.6942034,-0.43609542,-0.42678052
CAAACGCGTGGATTAT-1,-0.528731,-0.2504986,-0.3451259,0.5842346,-0.17095976,-0.4561743,-0.46709675,-0.46957827,-0.38306195,-0.4311946,-0.50756586,-0.48518056,-0.33767122,5.189367,-0.5063236,-0.43443894
CAAACGCGTTATCGAG-1,-0.52968097,-1.2598383,-0.7218827,-0.002569431,5.1859627,-0.74220014,-0.3390684,-0.41006655,0.4489051,-0.42604294,-0.39396942,-0.4297112,-0.6206738,1.1604062,-0.3640615,-0.55550826
CAAAGCGCATACCCGG-1,-0.47070998,-0.64871883,-0.35603565,0.744372,4.951546,-0.64299816,-0.5103505,-0.55741507,-0.33858234,-0.5694425,-0.5960105,-0.5375195,-0.4691909,1.0937179,-0.49714422,-0.5955177
CAACCCGCATAATGTC-1,-0.79725933,2.8275447,-0.8322511,2.89419,4.570381,0.2390952,-0.88024986,-0.82558733,-1.2787225,-0.7667288,-0.7994956,-0.8797724,-0.74810296,-0.9600141,-1.0075065,-0.7555205
CAACCCGCATTCCTCG-1,-0.92425585,0.68569946,2.3602169,4.0852757,2.3967342,-0.9278042,-0.9413088,-0.82805055,-0.71750194,-1.0272563,-1.004377,-1.0361215,-1.059756,0.75531447,-0.86516285,-0.95164573
CAACTAGGTGCTTAGA-1,-0.7127174,-0.762278,0.5238741,4.533228,0.113597654,-0.7941743,-0.7280527,-0.6896869,-0.18684009,-0.7320082,-0.8094486,-0.8082138,-0.8193232,3.2938857,-0.6312674,-0.79057497
CAAGAACCAGCTAACC-1,-0.49179655,-0.05927469,-0.68592614,2.0162435,4.3539762,-0.2607345,-0.49161655,-0.51860446,-0.46211767,-0.486081,-0.60083646,-0.46462858,-0.58300126,-0.29126325,-0.54735297,-0.42698544
CAAGACAAGCACAGCC-1,-0.6167229,-1.3594009,-0.8218258,0.94009924,4.713929,-0.854711,-0.37642884,-0.45453972,0.39437306,-0.4357776,-0.58302385,-0.46998876,-0.7024268,1.7852145,-0.5113952,-0.64737415
CAAGGGAGTAACGAGG-1,-0.5090637,-0.9195596,0.104403645,-0.3230441,-0.54769063,0.24570858,-0.53268456,-0.4455484,-0.8794775,-0.37493917,-0.3944899,-0.6057464,0.107138366,6.09794,-0.84582925,-0.17711765
CAAGGGAGTCTCAGCC-1,-0.4896618,3.4106271,-0.62017924,-0.49381286,-1.201957,-0.69794047,-0.5163841,-0.48228145,-0.13829969,-0.48230356,-0.52682006,-0.29315263,-0.8350509,4.4430532,-0.44822037,-0.6276161
CAAGGGAGTTGCAGTA-1,-0.51523423,-0.46432647,-0.3878421,1.2589316,-0.1828205,-0.3754901,-0.48076692,-0.47888985,-0.5382682,-0.4209495,-0.5061147,-0.54015505,-0.3249825,4.941242,-0.51701057,-0.46732274
CAAGGTAAGTGACCTG-1,-0.44808438,-0.12701069,-0.40106288,1.4340521,2.629041,-0.60741866,-0.42934048,-0.46401218,0.17501773,-0.46836194,-0.4202039,-0.46462837,-0.6166979,1.109906,-0.40883437,-0.49236098
CAAGGTTTCATTACAG-1,-0.57771224,-0.87300456,-0.7140058,-0.3347382,-0.19554187,-0.6508622,-0.4044668,-0.33384514,1.7222884,-0.41076183,-0.64839906,-0.42608297,-0.5639718,5.1409354,-0.3568797,-0.37295085
CAAGTAACAGGCGAGT-1,-0.5422938,-0.8590021,-0.25348812,0.0064438283,-0.38856235,-0.14374119,-0.45157453,-0.36964735,-0.43550876,-0.34502628,-0.53042924,-0.5799581,-0.1278877,5.8482122,-0.58531034,-0.24222574
CAAGTTATCGCTAGCA-1,-0.48727423,-1.0852458,-0.71197534,-0.2901299,5.2759995,-0.69759214,-0.33148336,-0.39857823,0.4542908,-0.37503892,-0.39379066,-0.40983862,-0.57457656,0.93383646,-0.39529157,-0.5133117
CAATAAGCACATACTG-1,-0.75177234,-0.34022903,-0.21238199,3.4400938,-0.055338867,-0.43667787,-0.60452425,-0.7211824,-0.8605437,-0.5798335,-0.64373636,-0.6885487,-0.29406995,4.217791,-0.90329003,-0.56575537
CAATAGCTCATAGCCG-1,-0.6173485,-0.8015741,-0.506171,1.0700223,-0.43100327,-0.18651469,-0.58526033,-0.55264044,-0.6842166,-0.41358238,-0.59435767,-0.7157898,-0.15322132,6.326935,-0.6871593,-0.46811813
CAATATGTCAAACCTA-1,-0.7126665,4.8653574,-0.4654333,-0.37613142,-0.6612535,-1.1259137,-0.78674984,-0.8147395,0.052135423,-0.8130027,-0.8735699,-0.63600963,-1.2479029,5.187841,-0.63191867,-0.9600425
CAATCCTGTGCTGTAA-1,-0.61553085,-1.1204942,-0.7404562,-0.2896495,5.50064,-0.82132536,-0.4072345,-0.49285096,0.3143602,-0.47988462,-0.5725209,-0.5064085,-0.6541819,1.9901251,-0.46807986,-0.6365079
CAATCGCCACTTCACT-1,-1.0690169,2.2878172,2.0029526,2.41406,0.39154387,-0.97413313,-1.1726049,-1.0261618,-0.92291105,-1.2002752,-0.93826616,-1.0837634,-0.8881847,4.474667,-1.1424897,-1.1532341
CAATCTAAGTTTGGGT-1,-0.5526582,-0.7199637,-0.65150416,0.8925204,-0.17254634,-0.4933744,-0.48250538,-0.46256298,0.11717977,-0.43714237,-0.57439935,-0.5569226,-0.36345375,5.4237723,-0.4388495,-0.5275898
CAATGAACATTTGCTC-1,-0.5190463,-0.5276971,-0.55347145,0.47019824,-0.5192561,-0.10861988,-0.5153252,-0.43314293,-0.44413117,-0.40315458,-0.5447241,-0.5649984,-0.23316458,5.862106,-0.5777186,-0.3878537
CAATGACTCCGGTTAG-1,-0.8399092,-0.7669889,1.5808853,4.994714,-0.11587878,-0.8114764,-0.86044246,-0.8131543,-0.75480956,-0.8704146,-0.89593714,-0.9581135,-0.843671,3.6160502,-0.7823948,-0.8784588
CACAAGCGTGTTCCCA-1,-0.36051756,-0.96683764,-0.53065133,-0.21129656,5.613271,-0.519519,-0.32743117,-0.3516172,0.295192,-0.28352636,-0.27236164,-0.40623817,-0.4907268,-0.532454,-0.27953738,-0.3757482
CACAGGCTCATCCACC-1,-0.569973,-0.978987,-0.8847846,0.47707233,4.4400353,-0.38947633,-0.3417357,-0.52609,-0.06836122,-0.31685936,-0.6114397,-0.43400294,-0.5139494,1.7912564,-0.41385204,-0.65885246
CACAGGCTCTATCGCC-1,-0.543808,2.1591403,-0.5341828,0.7028289,-0.3981968,-0.6276295,-0.65768254,-0.60603094,-0.6592572,-0.6399698,-0.5236944,-0.57140946,-0.67279947,4.9034853,-0.6952157,-0.6355783
CACAGGGAGGCAACAA-1,-0.4687957,-0.8058541,-0.34574628,-0.07532929,-0.5172709,-0.08342509,-0.40919057,-0.38321367,-0.5285828,-0.26164094,-0.46847793,-0.49495485,-0.10688101,5.798904,-0.54875493,-0.3007861
CACCAACCAGCATTAT-1,-0.43019632,-1.0056788,-0.43350646,-0.32168227,-0.5938699,-0.18854558,-0.36977574,-0.28059387,0.24919099,-0.25802827,-0.48041496,-0.40417835,-0.2877145,5.41256,-0.3692126,-0.23835313
CACCTCAGTCCGGTTC-1,-0.78839856,-1.0238076,1.0693134,5.4247727,-0.49121076,-0.80931354,-0.81418777,-0.80115765,-0.7365746,-0.8003327,-0.8471817,-0.9347792,-0.78309435,3.9228132,-0.75613564,-0.83072513
CACCTGTTCACTCGCT-1,-0.64292645,3.7209163,-0.9929216,-0.82916605,-0.7057578,-0.98995495,-0.6174336,-0.6720808,0.6252344,-0.6735239,-0.6761202,-0.38318276,-1.033736,5.014937,-0.422877,-0.7214065
CACCTGTTCTGCAACG-1,-0.21071048,-0.68219453,-0.65612096,-1.9041066,4.052521,-0.6430507,-0.1567316,-0.15529548,1.1613319,-0.24154222,0.4475001,-0.27073127,-0.59744364,0.017332397,0.23253734,-0.39329582
CACGCAATCGATATTG-1,-0.52261853,-0.78950846,-0.5605295,0.60616434,-0.3871194,-0.3361377,-0.48118496,-0.42747962,0.06432511,-0.38704592,-0.5899095,-0.5778532,-0.35704917,5.651528,-0.49258816,-0.41299295
CACGCTAAGGTCCTGA-1,-0.7756649,4.9091964,-0.6248987,-0.42475906,-0.49818394,-1.1881897,-0.8145828,-0.8776841,0.07128676,-0.8619591,-0.9093132,-0.6448616,-1.2365888,5.504531,-0.66259825,-0.9657302
CACTAAGGTGGAGCAA-1,-0.5566062,2.280166,-0.45804662,0.19203223,-0.44833255,-0.5941646,-0.6309608,-0.6127934,-0.7487726,-0.5993686,-0.5213164,-0.53396326,-0.5407313,5.0469403,-0.7109485,-0.5631338
CACTGACCAATTTAGC-1,-0.59156036,0.77582747,-0.7371818,2.6817236,4.8737197,-0.27467752,-0.64216185,-0.6035954,-0.7468185,-0.6259379,-0.6865078,-0.6377665,-0.6020776,-0.9784289,-0.6912059,-0.5133508
CACTTAAAGTCATTTC-1,-0.5860845,-0.010863252,-0.4038826,1.9717822,3.3199928,-0.6120026,-0.5802375,-0.56890893,-0.24184093,-0.6071019,-0.580683,-0.6013018,-0.6982373,1.3241478,-0.5400375,-0.5847411
CAGAACCGTCACAGCG-1,-0.4350773,-0.88899416,-0.37704217,-0.20598893,-0.5442815,-0.14183204,-0.3959664,-0.3041529,-0.055320635,-0.25531173,-0.4813211,-0.46266454,-0.22294243,5.452371,-0.4342932,-0.24718158
CAGAATCTCAAGCTTA-1,-0.6087257,-0.52340424,-0.48489183,1.7215743,-0.22412461,-0.36762488,-0.60767585,-0.6195808,-0.8495107,-0.5449381,-0.515666,-0.69126093,-0.32618546,5.8624573,-0.6463402,-0.574103
CAGAATCTCGCTTCTA-1,-0.6961346,0.69151366,-1.1402025,-1.1175805,-1.043397,-0.869139,-0.48015493,-0.508151,3.6088917,-0.6091995,-0.79678106,-0.07646446,-1.0243803,4.822378,-0.16661392,-0.5945842
CAGATTCAGCGGGCAA-1,-1.3499285,2.7107494,2.5295293,2.372385,1.0357182,-1.042695,-1.4133856,-1.079902,-0.68179727,-1.3711126,-1.0462002,-1.4023031,-1.124567,4.6567025,-1.456144,-1.3370486
CAGCATGTCTACCTAT-1,-0.7284854,0.87008214,-0.6288675,-0.04186313,3.3574371,-0.5571558,-0.7859703,-0.64856917,0.39894405,-0.76427746,-0.4092791,-0.7585158,-0.71377087,2.553835,-0.44519603,-0.6983474
CAGCCAATCATTGTTC-1,-0.29973215,-1.1325878,-0.5868028,-0.9826658,5.356548,-0.61229557,-0.25939757,-0.25521094,0.7565776,-0.25608796,-0.111389816,-0.33801192,-0.5766877,-0.121579796,-0.1739499,-0.40672618
CAGCCTTTCTAATCCT-1,-0.6049876,0.89773774,-0.7484412,2.881348,4.90401,-0.29431126,-0.6681802,-0.63125205,-0.7667446,-0.63329196,-0.7566856,-0.64405334,-0.62236404,-1.0857637,-0.706434,-0.52058613
CAGCTAAGTCCAAGAC-1,-0.710339,-0.7456745,-0.48744637,1.2694304,-0.2502002,-0.36322904,-0.63331616,-0.59003645,-0.6242347,-0.51695323,-0.6472484,-0.7607896,-0.19556603,6.5070677,-0.7517521,-0.49971223
CAGCTCAAGCTCGCTT-1,-0.39930385,-0.96976376,-0.67840886,-0.9679202,4.417898,-0.71435475,-0.24093392,-0.24669212,0.6694972,-0.32857054,-0.19878812,-0.36355296,-0.60315007,1.322465,-0.1961801,-0.502241
CAGGAAGGTCGAAGTC-1,-0.62358296,4.0370946,-0.63458,-0.9200754,-0.7566936,-0.9564475,-0.6548706,-0.69686246,-0.114835024,-0.692842,-0.6743741,-0.48597267,-0.89410424,5.3000226,-0.5220021,-0.70987487
CAGGAAGGTTCAAGCA-1,-0.7447234,-0.92787856,-0.119423084,5.4303694,-0.20269057,-0.76452273,-0.77419937,-0.7750634,-0.46893418,-0.7140645,-0.81356305,-0.86589813,-0.76106644,4.0148063,-0.70631915,-0.80682945
CAGGACACAAAGGCCA-1,-0.13439949,-0.9691994,-0.6212299,-1.9857259,4.4385476,-0.44366896,-0.027679633,-0.14348066,0.9277624,-0.08990048,0.7630965,-0.1336878,-0.4656272,-1.1181432,0.25068396,-0.24734765
CAGGACACATTTAAGC-1,-0.68600166,4.529608,-0.8522895,-0.70230037,-0.7917212,-1.1984321,-0.70684403,-0.8236695,1.0826392,-0.7785068,-0.8471144,-0.52640927,-1.3562912,5.0811834,-0.48089755,-0.94295317
CAGGGTGAGTGAGAGC-1,-0.4924336,-0.9671316,-0.6310952,1.9175174,4.926334,-0.61295795,-0.37601286,-0.43072492,0.010034643,-0.43452948,-0.5676203,-0.48053646,-0.4896757,-0.46916896,-0.43760186,-0.46439677
CAGGTGGAGGATTTGC-1,-0.78929895,5.017506,-0.6908001,-0.30198497,0.11207302,-1.2545997,-0.9110945,-0.98604804,0.21807766,-0.99112386,-0.9491902,-0.80191267,-1.3334742,5.4436297,-0.7041949,-1.0775639
CATAACGGTTGCAATG-1,-0.24682212,2.511291,-0.75914586,-1.7946742,3.370808,-0.7552502,-0.18061566,-0.2279028,0.92198735,-0.3030656,0.10956809,-0.30014646,-0.8918643,-1.0984766,-0.04971829,-0.3059725
CATAAGCTCATTACAG-1,-0.71075654,-0.57795304,0.6149166,4.5532246,0.21969779,-0.82661444,-0.7283087,-0.7318499,-0.4580205,-0.7301732,-0.78265035,-0.8361927,-0.78238535,3.2347872,-0.66889125,-0.7888305
CATAAGCTCTACTAAG-1,-0.54313815,-0.66862273,-0.5952483,0.34835434,-0.23319547,-0.38197124,-0.4486068,-0.39242572,0.56966186,-0.37337542,-0.6160114,-0.48066103,-0.48936582,5.1082315,-0.41293967,-0.39068645
CATAGACTCATGAGCT-1,-0.74645853,4.36336,-0.7155844,-0.6012373,-0.68529737,-0.9271505,-0.72117937,-0.7295126,-0.21350637,-0.76554656,-0.7598773,-0.5073148,-0.99473333,5.4098945,-0.5889354,-0.81692076
CATAGCTAGCTATTAG-1,-0.44369933,-0.9697925,-0.6845027,-0.41192007,5.03819,-0.78414714,-0.36750597,-0.42634764,0.22042832,-0.47152475,-0.37741122,-0.44366446,-0.6167666,1.6246425,-0.34624168,-0.5397365
CATAGCTAGGAGGACT-1,-0.40652776,-0.797633,-0.63659793,-0.53786886,5.8288884,-0.408042,-0.23121062,-0.35993356,0.18810484,-0.19896822,-0.29359585,-0.31738615,-0.43032077,-0.70177287,-0.29834184,-0.39879438
CATAGGCGTCCGGTTC-1,-0.72436476,4.7861676,-0.6970458,-0.48623398,-0.45368734,-0.94027185,-0.7776669,-0.8337966,-0.74910367,-0.7672944,-0.71750057,-0.66775715,-0.91622555,5.548496,-0.78390753,-0.81980765
CATAGTCAGGAGGTTA-1,-0.5271295,0.9114827,-0.6988647,1.9014492,4.778759,-0.24448483,-0.644843,-0.5732722,-0.6569336,-0.5526471,-0.4951085,-0.6120995,-0.57645607,-0.97883856,-0.553075,-0.477938
CATATCGCAGTAATAG-1,-0.56322265,-0.7468248,-0.75487065,0.3398769,-0.46820366,-0.4474792,-0.44478595,-0.4291811,0.7699,-0.40391672,-0.6287319,-0.5364487,-0.4475659,5.6353936,-0.43169773,-0.442241
CATCAATCAGCCTTGG-1,-0.618299,-0.7199492,-0.5197919,1.6630421,-0.18833591,-0.32014406,-0.58161515,-0.5701336,-0.63547814,-0.4755062,-0.57182866,-0.6418456,-0.22079714,5.542479,-0.59142613,-0.5503704
CATCACACAACAGGAT-1,-0.706311,2.7931995,-0.44896778,2.732191,4.3327317,-0.2554322,-0.7771727,-0.69388974,-0.8633915,-0.7855331,-0.7815477,-0.8212408,-0.6517084,-1.6384692,-0.8480897,-0.5863686
CATCAGCCAACAGGAT-1,-0.7021386,1.7177114,-0.73837554,3.029263,4.6087494,-0.27202404,-0.7943606,-0.72697955,-0.9792037,-0.7665596,-0.82934606,-0.77580434,-0.6927115,-0.545279,-0.8991952,-0.63374573
CATCATAAGTAGCCAT-1,-0.6095861,1.5422685,-0.5390129,2.328382,4.429413,0.25898537,-0.6481255,-0.63078517,-0.8977925,-0.64579284,-0.62947506,-0.69033885,-0.63468057,-1.396741,-0.73483956,-0.5018783
CATCATGCACTTCATC-1,-0.7706577,1.4992146,-0.2862057,0.66052073,0.6886483,-0.85819983,-0.70287234,-0.67614514,0.86404717,-0.78703356,-0.72355,-0.4837392,-1.1127269,3.820252,-0.34973735,-0.7818147
CATCATGCATGCTCCC-1,-0.66995376,3.737452,-0.87773967,-0.2553547,-0.13840349,-1.0236053,-0.68392426,-0.8075387,0.9873435,-0.81745577,-0.757064,-0.65424,-1.1540875,4.49196,-0.5166226,-0.86076605
CATCCTCAGAGCCGGA-1,-0.23285094,-1.136788,-0.63090444,-1.0984386,5.1496572,-0.5144453,-0.16628963,-0.17909996,0.86102676,-0.14876741,0.011763627,-0.23815641,-0.5370699,-0.7204083,-0.102566965,-0.31666183
CATCCTGGTATTCGCT-1,-0.24911445,-0.7643863,-0.80010515,-0.9168776,4.1569204,-0.44103995,-0.14171161,-0.26069543,0.5730707,-0.19405624,-0.027855411,-0.069847845,-0.59449106,0.2878621,-0.16075516,-0.39691716
CATCCTGGTCACGAAC-1,-0.46696013,1.0026965,-0.6418265,-0.30951107,-0.7148437,-0.3970614,-0.4447952,-0.4105842,0.33256388,-0.39929712,-0.46232396,-0.27214998,-0.56809455,4.481029,-0.3371653,-0.39167625
CATCCTTCAAGCCAGA-1,-0.6091151,-0.8020866,-0.75059974,2.1562426,-0.50240076,-0.39134917,-0.5613096,-0.60175896,-0.16536853,-0.46369818,-0.61875653,-0.6352631,-0.29511338,5.3569865,-0.5367719,-0.5796373
CATCGCTTCTTAGTCT-1,-0.61380607,1.493014,-0.7105733,2.3077204,4.285772,0.29147953,-0.68119204,-0.6166012,-0.9369673,-0.61867857,-0.68050414,-0.6846872,-0.59246397,-0.94715744,-0.7741232,-0.5212313
CATGCAAGTAGGTGTC-1,-0.81661546,-0.4720792,1.6548568,3.6863134,0.76653695,-0.74040735,-0.8264934,-0.78828084,-0.8645129,-0.8836278,-0.72657704,-0.909255,-0.7417481,3.219039,-0.79296196,-0.7641871
CATGCATAGGGTGGAT-1,-0.5853653,-0.8904207,-0.45853433,0.9312639,-0.36845657,-0.1827127,-0.55303514,-0.47691235,-0.38910124,-0.39972314,-0.5834135,-0.6437087,-0.2299752,5.833504,-0.59133124,-0.4120783
CATGCGCAGGCGCTTA-1,-0.24790674,-1.0702688,-0.52345836,-0.979862,5.2955065,-0.47289035,-0.24569768,-0.261013,0.47030216,-0.23147917,0.113869905,-0.35413578,-0.5305095,-0.58613944,-0.053317145,-0.32300124
CATGGATTCCCTCATA-1,-0.615044,-0.40595028,-0.91263556,1.2965788,-0.11989501,-0.66245294,-0.51597524,-0.5731039,0.7835547,-0.5457721,-0.6660675,-0.53747797,-0.6274831,5.145837,-0.41212502,-0.6319879
CATTATCTCAATCTCT-1,-0.8993411,-0.6138288,1.9398377,4.9237194,0.13262787,-0.5723105,-0.8980106,-0.84201217,-1.1513298,-1.0292416,-0.8161683,-1.0581,-0.6661958,3.340058,-0.992394,-0.7973103
CATTATCTCGTTAGCG-1,-0.39587754,0.26994002,-0.06001018,0.19498631,-0.6356959,-0.15742896,-0.48689038,-0.38739234,-0.6381117,-0.40426773,-0.37950158,-0.3589123,-0.2721755,4.6708736,-0.6745784,-0.2849571
CATTCCTCACACAATT-1,-0.62328327,-0.92513597,-0.6981988,-0.21365736,0.037381675,-0.5322561,-0.498222,-0.40083462,1.3752903,-0.4483661,-0.68892103,-0.57677066,-0.4946099,5.5274425,-0.43749207,-0.40236622
CATTGTAAGTAACGGA-1,-0.75900054,4.778755,-0.582837,-0.59466875,-0.17804208,-1.0850897,-0.8023579,-0.8827579,-0.54590416,-0.8643762,-0.79487383,-0.691563,-1.0142784,5.704699,-0.7619959,-0.9257089
CCAAACCCAATATACC-1,-0.5616704,-0.5959277,-0.70244694,0.16951054,-0.3565231,-0.5541545,-0.44417718,-0.4075461,1.2514038,-0.41991204,-0.673157,-0.4869239,-0.55520475,5.1454387,-0.371367,-0.4373426
CCAAACTAGACAAGTG-1,-0.53258574,-0.8878164,-0.7357502,-0.44554535,5.6510286,-0.7869865,-0.41662857,-0.50468755,0.3401942,-0.45376995,-0.6036259,-0.41187742,-0.56920063,1.4435838,-0.5082247,-0.57810795
CCAAACTAGGGTTAGA-1,-0.7048111,4.763229,-0.7738091,-0.71920913,-0.58977824,-1.1649323,-0.7770108,-0.8387923,0.2681581,-0.8401447,-0.8698392,-0.60068476,-1.2112701,5.5939336,-0.5985569,-0.9364821
CCAAATCAGATAACCC-1,-0.52195835,-0.09156239,-0.5899155,2.4064605,5.0603204,-0.46528605,-0.5679996,-0.48901382,-0.4683194,-0.60166705,-0.5737555,-0.5657966,-0.5648911,-0.97434163,-0.5267817,-0.46549216
CCAACATAGCACCACA-1,-0.5475628,-0.07395962,-0.42210567,1.753359,3.179513,-0.5757967,-0.5337625,-0.5204812,0.0136777405,-0.5642068,-0.5388691,-0.55876386,-0.71302223,1.1582865,-0.46241382,-0.593892
CCAACCAAGTCGCTAG-1,-0.7418916,-0.4758942,-0.7163951,2.112697,5.0590606,-0.67968416,-0.65277404,-0.67443126,-0.54822296,-0.7229221,-0.7500053,-0.7600425,-0.69681996,1.6355743,-0.6937874,-0.69446176
CCAAGGCTCCATTACT-1,-0.42635447,-0.70516145,-0.6257857,-0.32416284,5.0263777,-0.5075381,-0.34584388,-0.4183637,0.0919569,-0.34543923,-0.2682763,-0.41068277,-0.4930465,0.55073667,-0.35472,-0.44369632
CCAAGGCTCGCGCTAA-1,-0.5458545,0.15281008,-0.64103276,2.4379592,0.16523811,-0.7532464,-0.6979019,-0.6431424,-0.6905112,-0.61290115,-0.60448116,-0.6172076,-0.67456627,5.043749,-0.598393,-0.7205177
CCACAATAGCCTGAGC-1,-0.77268565,3.0258527,-1.0600715,-1.5677834,3.7698915,-0.8755419,-0.94730794,-0.7621985,0.75147545,-0.9362522,-0.43184862,-0.8626799,-0.95292604,2.9772606,-0.48169544,-0.8734899
CCACACAAGAGGCTAA-1,-0.5415349,-0.7982675,-0.25252214,0.27474374,-0.48247758,0.03797505,-0.5048853,-0.44492844,-0.7145262,-0.3432324,-0.48696885,-0.62905633,-0.07351488,5.910816,-0.661535,-0.29008594
CCACATTGTCAATAGT-1,-0.5815073,-1.1222669,-0.80448794,-0.4454978,5.2599273,-0.88013005,-0.38819838,-0.44131416,0.5628442,-0.4474032,-0.5297031,-0.4199767,-0.6638059,2.0451565,-0.49932033,-0.64431584
CCACTTGGTTTACCGT-1,-0.6406615,-0.97502196,-0.75974905,0.94669414,-0.068477586,-0.5590459,-0.5679418,-0.49884918,0.55956167,-0.48654422,-0.6810204,-0.6773243,-0.425077,5.9156303,-0.56092215,-0.5212512
CCAGACTCAGTAGGTG-1,-0.82277745,-0.7792172,-1.0377628,1.605791,1.2172141,-1.0182444,-0.74078304,-0.715438,2.4964037,-0.7969343,-0.9209999,-0.7414511,-0.96709496,4.6196637,-0.552797,-0.84557223
CCAGCCTGTAGGTTGC-1,-0.55662763,-0.7648742,-0.5448953,0.122295104,-0.29010075,-0.1905438,-0.49240306,-0.40854773,0.08021861,-0.38462102,-0.62247753,-0.58689463,-0.32606015,5.856376,-0.50346124,-0.38738286
CCAGCTAAGAGGAAGG-1,-1.0930204,4.3101115,-0.20183337,4.5456142,4.65522,-0.33972746,-1.1945094,-1.0513119,-1.44673,-1.0080528,-1.174033,-1.1480637,-0.8104272,-1.7409525,-1.4037424,-0.8985419
CCAGCTGCAAAGCTAA-1,-0.9043424,4.4888196,-0.483953,0.33051765,0.7313191,-1.4471279,-0.93216217,-1.0796362,0.5669966,-1.0712466,-0.9944122,-0.8072607,-1.5499922,4.978754,-0.7149114,-1.1113626
CCAGGAACATTGTGCA-1,-0.5756941,-0.18370204,-0.90174097,0.09264109,-0.6137464,-0.15837818,-0.50746286,-0.46843624,0.56248176,-0.4445228,-0.66009355,-0.55229396,-0.4893291,5.866901,-0.527006,-0.439618
CCATAAATCACGCATG-1,-0.9428024,5.3004875,0.15349637,5.214855,-0.5678387,-1.0320897,-0.91237235,-0.9217968,-0.62350744,-0.83324707,-1.1287042,-1.0483602,-0.9246489,0.2521567,-1.0221055,-0.9635227
CCATAAATCCCTCATA-1,-0.8276851,-1.0189357,0.990759,5.4518185,-0.17785588,-0.7545471,-0.8693005,-0.81972647,-0.81845343,-0.8744451,-0.84990335,-0.99019647,-0.79551995,4.003334,-0.7909769,-0.858366
CCATAAGGTCTAACCT-1,-0.36173284,-1.1050986,-0.31767517,-0.1707247,-0.8416416,-0.08946662,-0.3263018,-0.23129095,0.009694561,-0.21208854,-0.39400226,-0.38422155,-0.23314355,5.1671968,-0.3838051,-0.12569775
CCATAGCCAATATGGA-1,-0.6386647,4.4193077,-0.56743824,-0.7574252,-0.80452347,-0.91606534,-0.65464914,-0.71446276,-0.5531573,-0.6850647,-0.6717762,-0.46634933,-0.8789234,5.3716455,-0.70569813,-0.7767551
CCATATTTCCTCCTAA-1,-0.6304092,1.3080766,-0.73095775,2.3008957,4.646944,0.14137849,-0.6696089,-0.64299124,-0.9157148,-0.6461056,-0.72661895,-0.671812,-0.6222447,-0.78137434,-0.8024556,-0.5570017
CCATCACTCTTCAATC-1,-0.58976173,1.3818159,2.0242004,0.18671751,-1.1662748,-0.5593015,-0.7262027,-0.5272287,-0.4309028,-0.5878947,-0.43743524,-0.20057264,-0.7591497,3.6368825,-0.6389446,-0.6059475
CCATCATGTAACCACA-1,-0.4399814,-0.9759928,-0.36590552,-0.2657572,-0.6038612,-0.07056448,-0.39578438,-0.3080204,-0.062583044,-0.23383982,-0.46795404,-0.45379472,-0.19563948,5.4971914,-0.44460708,-0.21290563
CCATTATTCTAACTGA-1,-0.6616914,-0.46549112,-0.40699893,5.3310976,-0.5680949,-0.3202482,-0.7754727,-0.76114315,-1.5241826,-0.69679916,-0.6075577,-0.92502,-0.22444321,4.317747,-1.0165693,-0.6951325
CCCAAACCAGGACCTT-1,-0.596659,1.0395157,-0.6344571,2.704606,4.8514,-0.3277083,-0.69588286,-0.61583674,-0.8092586,-0.67839926,-0.70388424,-0.67857444,-0.6264975,-0.9713585,-0.7306502,-0.52635497
CCCAGCACAATCATGT-1,-0.5853652,-1.2347445,-0.8295647,1.6728339,4.9378576,-0.6922145,-0.36864594,-0.463947,0.4798164,-0.43820465,-0.62205505,-0.4243467,-0.5831784,0.19081235,-0.5055964,-0.5334574
CCCAGTTTCCTCATCA-1,-0.7984798,5.156422,-0.6732657,-0.7286494,0.041154034,-1.3618735,-0.91255116,-1.0087272,0.5847828,-1.0044448,-0.95928025,-0.76874876,-1.4114354,5.611206,-0.66651833,-1.099591
CCCGCAACAGTTGCGT-1,-0.6293758,-0.7652063,-0.8551345,-0.07019805,-0.54058254,-0.57407063,-0.4247652,-0.37354693,1.8700811,-0.4738541,-0.6715115,-0.43710718,-0.59865886,5.2602262,-0.3464037,-0.36989212
CCCTCACCAAGACTCC-1,-0.78520846,-0.88611543,1.047328,4.8982153,0.01215999,-0.81045383,-0.79874235,-0.75806296,-0.3507801,-0.81540066,-0.8773628,-0.90231097,-0.8453444,3.4201186,-0.6773689,-0.87067103
CCCTCACCAATAACCT-1,-0.57553667,0.5238816,-0.72480875,2.413911,4.8963223,-0.2779259,-0.60505724,-0.56981987,-0.6499669,-0.5935024,-0.6762343,-0.59217477,-0.5900768,-0.8468703,-0.63319147,-0.4989498
CCCTCAGTCGGTTTGG-1,-0.5091411,-0.7162571,-0.43425092,0.6669893,-0.46896848,-0.1596877,-0.48666093,-0.4227312,-0.51055586,-0.36630014,-0.49817547,-0.5478555,-0.19581667,5.5857697,-0.5613971,-0.374961
CCCTCATAGTGACCTG-1,-0.8468232,-0.83079284,1.41128,4.9153047,0.30612275,-0.8129561,-0.8935381,-0.79001147,-0.54685926,-0.9383287,-0.92007047,-0.9814621,-0.9030569,3.4731674,-0.7351286,-0.90684724
CCCTGTTAGTCGCAAT-1,-0.51267177,-0.4543693,-0.6477868,0.7876054,-0.22975226,-0.4552464,-0.43069816,-0.45193416,0.075376615,-0.39475107,-0.53429025,-0.48062336,-0.38813096,5.023099,-0.41933918,-0.4864868
CCGATGCAGCGAGTAA-1,-1.0845782,-0.103771046,2.501682,5.013636,0.24651442,-0.88016284,-1.0395905,-0.9313165,-0.876086,-0.9413242,-1.0212083,-1.1216114,-0.97976625,3.3752406,-1.1096871,-1.0479712
CCGCAAATCATGCAAC-1,-0.4808952,-0.120893046,-0.35346013,1.8409832,2.4760642,-0.58650863,-0.45191884,-0.47885546,0.09996453,-0.49227569,-0.4788997,-0.5021471,-0.6183189,1.0822945,-0.4318992,-0.5032346
CCGCAAGGTAATCCCT-1,-0.87218285,-0.9827881,0.556874,5.605328,0.09218943,-0.7292814,-0.91656315,-0.8523586,-0.90764725,-0.8810508,-0.83610106,-1.0494145,-0.77461576,4.253806,-0.84442675,-0.8617674
CCGCACACACTTCACT-1,-0.52039504,-1.1646138,-0.8809297,0.46716452,4.4500756,-0.82112426,-0.32134414,-0.42411983,0.41878766,-0.3665681,-0.47738153,-0.32511526,-0.6971448,1.7511268,-0.47336364,-0.6150542
CCGCACACAGTTTCTC-1,-0.56973964,0.86001796,-0.7171829,1.3006662,0.098137416,-0.80132836,-0.6409114,-0.59878457,0.20631216,-0.6638467,-0.6679217,-0.51389825,-0.806703,4.6573873,-0.46369976,-0.67850494
CCGCACACATGTTTGG-1,-0.74693537,0.3454907,-0.042207096,3.3196373,0.032645814,-1.157703,-0.5652773,-0.78225666,2.3116674,-0.74568194,-0.90696824,-0.6102395,-1.0461396,1.825256,-0.3163246,-0.9149645
CCGGTAGGTAATGACT-1,-0.27487957,-0.99271035,-0.5124577,-0.561023,-1.2267196,-0.19047232,-0.19961165,-0.165024,0.45651132,-0.1167499,-0.35695946,-0.24651025,-0.2642948,5.026027,-0.3241334,-0.050992176
CCGGTAGGTCGTTACT-1,-0.5448827,-0.85862476,-0.37693948,0.44420075,-0.44466692,-0.24894598,-0.46925163,-0.40412807,-0.41171277,-0.35398144,-0.5393442,-0.5856852,-0.19198889,5.9105535,-0.5877682,-0.33683413
CCGTTACTCATCCTGC-1,-0.41986257,-0.5457759,-0.68366414,0.15774581,-0.83819026,-0.20598648,-0.3914063,-0.36214262,0.22259666,-0.31457907,-0.48263842,-0.37689787,-0.31024998,5.2993627,-0.4075309,-0.34078085
CCGTTGCGTTAGAGCC-1,-0.48411462,-0.38991347,-0.38561544,0.67800987,-0.49233648,-0.13577342,-0.5421622,-0.46033528,-0.8350568,-0.4334089,-0.49153486,-0.562047,-0.20213467,5.800395,-0.64793134,-0.41604033
CCGTTGCGTTTGTCTA-1,-0.7068237,4.390138,-0.7269573,-0.59722006,-0.05021979,-1.1194595,-0.7896831,-0.85571706,-0.09137212,-0.84865415,-0.77413905,-0.66887426,-1.0744731,5.421469,-0.61541295,-0.89260054
CCGTTTGGTGCTTTAC-1,-0.3547907,-0.9985873,-0.16039376,-0.3276651,-0.78748286,-0.011122987,-0.31023997,-0.22918253,-0.28595376,-0.16221817,-0.33175737,-0.31267315,-0.13312428,4.958664,-0.45009273,-0.103379354
CCTAAAGGTACGGGTT-1,-0.5905958,-0.64444536,-0.6604032,1.7256598,-0.1826875,-0.57728934,-0.48392564,-0.5227406,0.42952013,-0.4560945,-0.6198837,-0.54706573,-0.43598992,4.559942,-0.43700564,-0.5569948
CCTACTGGTTAATGCG-1,-0.3684962,-1.1102288,-0.70283717,-0.7847145,4.4505615,-0.62220246,-0.18200387,-0.27572817,0.5587553,-0.27805856,-0.12390455,-0.29385528,-0.5304146,0.88363343,-0.18834953,-0.43215686
CCTACTTCACAAGCCT-1,-0.51757026,-0.9958001,-0.5415838,-0.039010733,-0.13986477,-0.37931895,-0.42239177,-0.33939835,0.833171,-0.37681085,-0.5971138,-0.47846186,-0.4504072,5.1373816,-0.34902835,-0.34379193
CCTACTTCACAGAAAC-1,-0.5803869,0.9176357,-0.7339022,2.301355,4.643672,0.03750494,-0.604623,-0.5912948,-0.8328779,-0.5980434,-0.72570455,-0.58317584,-0.59925103,-0.8274503,-0.7230785,-0.5003787
CCTACTTCAGGAACCA-1,-0.5577494,-0.48998076,-0.69608474,0.9442947,-0.71709347,-0.22546522,-0.5697297,-0.5030647,-0.37005287,-0.4604159,-0.6063425,-0.6393314,-0.2517684,6.2459917,-0.6251876,-0.4780199
CCTAGTTGTGGGAACA-1,-0.7054907,0.6394108,-0.84251976,2.4675517,1.7918878,-1.0202637,-0.8713956,-0.85336375,-0.687759,-0.9211687,-0.72946197,-0.72634816,-0.9544897,5.0027256,-0.6522251,-0.93708944
CCTATTTAGCTTCTCA-1,-0.54064065,-0.86835146,-0.7431201,-0.5418577,-0.49694514,-0.3935368,-0.40266716,-0.35759127,1.0790453,-0.37721896,-0.5978352,-0.50546336,-0.39068604,5.883963,-0.40355963,-0.34353548
CCTATTTAGTTACTTC-1,-0.5948446,1.6129372,-0.7447602,1.9777715,4.099991,0.07422045,-0.6397045,-0.6736694,-0.87581396,-0.6364616,-0.6912881,-0.63760906,-0.5954859,-0.3567911,-0.74339896,-0.5750927
CCTCAGTTCCGGAACC-1,-0.48460877,-0.8338182,-0.41472197,-0.53373057,-0.47468197,-0.087977156,-0.43364906,-0.33886337,0.02200456,-0.28075695,-0.52054495,-0.49102587,-0.22579892,5.8468213,-0.4491433,-0.2995051
CCTCCTGAGGCGAATA-1,-0.9082514,3.5581222,-0.38498086,2.6939373,4.636323,0.057870053,-0.9436314,-0.8196481,-1.0932131,-0.8553713,-0.86117554,-0.9609158,-0.7677507,-1.5848777,-1.1056852,-0.6607514
CCTCCTGAGTTGGCCA-1,-0.52776957,-1.2766026,-0.8570657,-0.91146535,5.1110554,-0.80949485,-0.22321439,-0.2979686,0.8189723,-0.36986688,-0.39670068,-0.3463896,-0.60828865,1.6379485,-0.3517691,-0.59138024
CCTGAATAGGGTGAAC-1,-0.27904314,0.20462288,-0.53022885,-0.055325016,4.2478433,-0.5301878,-0.30651182,-0.3308295,0.198828,-0.374067,0.007902059,-0.3862561,-0.5288983,-0.9734587,-0.016573735,-0.34781617
CCTGACTTCCAGGTCA-1,-0.66478086,-0.06552611,-0.93315554,0.93627477,0.07450119,-0.43858206,-0.6156055,-0.55646384,0.9407568,-0.5559082,-0.70648324,-0.5225824,-0.779088,4.9360538,-0.46257058,-0.5868403
CCTGCTCCAGTTATCG-1,-0.18658489,-0.43990153,-0.63044846,-1.7968825,4.2682,-0.60695076,-0.07809542,-0.14455338,1.0981978,-0.16047014,0.60904586,-0.19810876,-0.5992702,-1.109188,0.29036573,-0.3153557
CCTGCTCCATAGCGGA-1,-0.80067277,4.3704367,-0.64408743,0.13248393,0.030192047,-1.2094167,-0.80233383,-0.9188417,0.22448243,-0.94160783,-0.86421907,-0.7190498,-1.282579,5.0135984,-0.6198666,-0.96851957
CCTGGATCACAACCTA-1,-0.8014121,4.9821014,-0.9625132,-0.68197227,0.3839614,-1.1496927,-0.89325535,-0.8743656,0.20845433,-0.9810003,-0.8421803,-0.8434666,-1.2032373,5.3792176,-0.6704507,-1.0501888
CCTGGATCAGTAGGTG-1,-0.47091877,-1.2020426,-0.018560708,-0.48096156,-0.5671774,0.13473994,-0.43367296,-0.3236814,-0.5164002,-0.2587083,-0.40467834,-0.48016202,-0.04817377,5.7765665,-0.5436254,-0.1625429
CCTGTAACAATTAACC-1,-0.70104307,4.951271,-0.757132,-0.66682816,-0.8831199,-1.1060094,-0.7109211,-0.81746995,-0.24139391,-0.77400714,-0.82264394,-0.5235489,-1.098661,5.667051,-0.64585185,-0.8696917
CCTTAACGTGTTGCTT-1,-0.8635837,5.161615,0.012408152,-0.8124147,-0.30777645,-1.373845,-0.8271579,-1.0017681,0.305359,-0.93184114,-0.8823117,-0.6644045,-1.4865128,5.3840747,-0.66247076,-1.0493693
CCTTCGTAGCTTACTT-1,-0.41071007,-0.5891292,-0.59343994,0.56119174,-0.8808863,-0.19358563,-0.4089764,-0.3582407,0.024310574,-0.33689728,-0.48930588,-0.4120957,-0.29947716,5.11702,-0.4294714,-0.30030638
CCTTTAGTCTGTTCAT-1,-0.35542485,1.8415213,-0.4792885,-0.9006026,-0.9772073,-0.33980295,-0.44863787,-0.35433584,-0.15918449,-0.38546285,-0.38702115,-0.14133245,-0.48554024,4.3624034,-0.4251692,-0.36491436
CGAAGCCTCAAAGGCA-1,-0.774025,4.8883295,-0.6569374,-0.5421803,0.01507809,-1.2465602,-0.8591529,-0.9662572,0.46214107,-0.9436805,-0.943684,-0.73814684,-1.3502297,5.3719616,-0.65199876,-1.0646578
CGAATCTAGGACCAGG-1,-0.6567986,1.4140443,-0.7782123,2.5944312,4.954595,-0.44971552,-0.71559197,-0.74741536,-1.0052024,-0.78149945,-0.8321062,-0.7052075,-0.7168037,-0.06584289,-0.84246093,-0.66621363
CGAATCTAGGATGATG-1,-0.7936403,4.997247,-0.983947,-0.5281904,0.31954604,-1.2456633,-0.8942384,-0.93363506,0.50006616,-0.98692125,-0.9156739,-0.82212245,-1.332787,5.3670607,-0.64788103,-1.0992202
CGACAAGCATAATGTC-1,-0.5655717,0.28687954,-0.7012468,1.7558752,-0.13296579,-0.7237416,-0.56647575,-0.58197194,0.12242907,-0.58447164,-0.61242455,-0.59045124,-0.6785552,4.6501236,-0.4322757,-0.64515525
CGACAAGCATTAAGTC-1,-0.79357326,-1.0135686,0.61726046,5.514305,-0.5415271,-0.6230912,-0.77736926,-0.81145996,-0.9408826,-0.8199354,-0.717569,-0.94618136,-0.6069196,4.0670767,-0.8684924,-0.7380723
CGAGCGAAGAGAGGCT-1,-0.78874004,-0.72742677,0.4330504,5.351845,-0.30738413,-0.74365366,-0.78110456,-0.82854915,-0.8249974,-0.7820461,-0.75845873,-0.917174,-0.7251798,4.003602,-0.809994,-0.7937881
CGAGCGAAGTACCGCA-1,-0.2172157,-0.52109987,-0.6065184,-2.0865812,4.3063073,-0.67090017,-0.24767026,-0.16657138,1.2784379,-0.30791664,0.52286077,-0.37392247,-0.68395203,-0.0938574,0.30934107,-0.44074148
CGAGCTGGTAACCACA-1,-0.7294355,3.8229215,-0.82408834,-0.19585961,-0.023529835,-0.9516302,-0.8207404,-0.8553133,-0.5593993,-0.87097573,-0.69245994,-0.6846837,-0.7899515,5.6491804,-0.6582833,-0.8157517
CGAGGTGAGTCACTAA-1,-0.5023807,-0.9647133,-0.47432923,-0.35264266,-0.53596896,-0.1743879,-0.40438056,-0.3352856,-0.041958317,-0.29201016,-0.5052996,-0.5474297,-0.14005691,6.0175834,-0.49958295,-0.24715659
CGATTTGCATAGACTT-1,-0.5360657,-0.36524495,-0.6403636,1.9984225,-0.3083849,-0.57169664,-0.59716713,-0.5603715,-0.394056,-0.5218284,-0.5619426,-0.6119963,-0.49035856,5.291848,-0.53283894,-0.5979556
CGCAAATTCTAATCCT-1,-0.7545364,4.4054284,-0.70196325,-0.5044571,-0.18060593,-1.2108179,-0.8244259,-0.85719985,0.5356239,-0.8907064,-0.87526727,-0.65759856,-1.2549585,5.3148723,-0.55079013,-0.9925975
CGCAATAGTGCCTCAC-1,-0.7068116,4.0707264,-0.6485188,-0.19617201,-0.20786841,-0.94452316,-0.75782263,-0.82361996,-0.6837716,-0.7848944,-0.6933667,-0.66275716,-0.8481437,5.459928,-0.7596473,-0.8127367
CGCACAATCCCTCAGT-1,-0.7251295,0.54798305,-1.3469601,-0.4982604,-0.417393,-0.83119845,-0.5456164,-0.61277163,2.8950703,-0.65426683,-0.7522721,-0.34465897,-1.0597914,5.240228,-0.31261837,-0.5823443
CGCACCACACCTGGTG-1,-0.9181172,1.5470012,0.079948954,3.515315,-0.33592638,-1.2481874,-0.84507555,-0.9859822,1.505766,-0.9601852,-1.0324551,-0.6739185,-1.4374274,3.3079815,-0.39941102,-1.1193268
CGCACCACATCGTTCT-1,-0.33023673,-0.45133173,-0.75327724,-1.1662565,3.9093745,-0.7424995,-0.1471148,-0.20100284,0.853982,-0.2728018,-0.018992499,-0.260769,-0.64231163,0.7816201,-0.09658775,-0.4617945
CGCATATAGTTATGTG-1,-0.5737397,1.1355716,-0.7798487,0.4910497,-0.23287229,-0.61199766,-0.5518522,-0.51966006,0.5854065,-0.50159436,-0.6747453,-0.4754038,-0.7270698,4.377478,-0.3663503,-0.5743721
CGCATGATCTTAGTGA-1,-0.46783453,1.361953,-0.59112215,0.054011315,-0.59193146,-0.5394145,-0.5178877,-0.46438318,0.12630314,-0.49521554,-0.50440454,-0.37036633,-0.6318632,4.487177,-0.3739468,-0.481075
CGCATTACAGCCAGAA-1,-0.6492116,-1.0219916,-0.74905,1.7234967,5.0153923,-0.7863863,-0.47760886,-0.5514488,-0.123459116,-0.5562846,-0.69537693,-0.5680308,-0.6014929,1.218552,-0.57220894,-0.6048907
CGCATTACATCTAGCA-1,-0.67650366,4.400606,-0.71301347,-0.61419755,-0.6735793,-1.1001745,-0.7093661,-0.7997404,-0.014471762,-0.76462024,-0.8019244,-0.5160902,-1.0813328,5.5264745,-0.6075975,-0.85446876
CGCATTACATTGTGAT-1,-0.69437885,3.8957834,-0.80900455,-0.5316158,0.72927105,-1.0015125,-0.81595397,-0.8602746,-0.51345605,-0.81592375,-0.6658558,-0.7309344,-0.90838516,5.300017,-0.7082585,-0.8695169
CGCCAAATCATGACCG-1,-0.84569335,-0.84993196,1.6636578,4.8045807,0.13611078,-0.8797826,-0.8049215,-0.77942264,-0.33130175,-0.9116269,-0.9169808,-0.94032484,-0.9327216,3.194605,-0.71844614,-0.8878003
CGCGATTCAGGCTTGT-1,-0.56876534,-1.1028063,-0.6570883,0.3482264,4.9732375,-0.8531641,-0.5032118,-0.46526104,0.12172836,-0.55020595,-0.5568916,-0.55041254,-0.6824791,2.1365714,-0.45933986,-0.6301379
CGCGGATTCGTTTCGC-1,-0.42307603,-0.3368722,-0.7087728,-0.33583465,-0.93633395,-0.37046695,-0.30330765,-0.29773355,1.3215677,-0.29623595,-0.50382096,-0.19897258,-0.5649396,4.476757,-0.2553287,-0.2666291
CGCTAACCATAACGGG-1,-0.4301805,0.51748085,-0.44759834,0.49656752,-0.600654,-0.35709852,-0.4864965,-0.42404568,-0.40570056,-0.4111219,-0.4342093,-0.41630048,-0.41039515,4.6977334,-0.49062902,-0.3973521
CGCTAATAGTTTGCGG-1,-0.64737386,-0.6315176,-0.61721486,-0.8094639,4.853463,-0.76671505,-0.70577264,-0.6307054,0.21691959,-0.72829187,-0.65500706,-0.6625766,-0.79745245,4.043483,-0.6166263,-0.84514815
CGCTACTTCTAAGTCA-1,-0.43508738,-0.75024897,-0.2882145,-0.48325026,-0.791831,0.045976877,-0.4059431,-0.335885,-0.59062105,-0.23083474,-0.46499604,-0.5417922,-0.0679367,6.150066,-0.58434445,-0.2250572
CGCTCAGCATAAGCAA-1,-0.6164315,-0.9500993,-0.7184679,0.8052238,5.219308,-0.7810567,-0.46946514,-0.514339,-0.08026832,-0.5635529,-0.6384097,-0.55404425,-0.62882423,1.5960233,-0.49968773,-0.60590875
CGCTTCTAGGCTATGT-1,-0.4930951,-0.71754974,-0.7240781,0.004399862,-0.40090293,-0.4736315,-0.40091228,-0.3576879,0.7484113,-0.33013433,-0.5466069,-0.48327875,-0.35229802,5.3667297,-0.44244492,-0.39692008
CGGACCTAGCTAATTG-1,-0.79793113,-0.9970246,1.8153615,4.9464192,-0.39594704,-0.8020677,-0.76315624,-0.7673122,-0.7461777,-0.8345377,-0.838137,-0.9127543,-0.74694425,3.3895552,-0.75107926,-0.798267
CGGACCTAGCTTACTT-1,-0.5758736,-1.3076159,-0.9183152,-0.037319005,4.8383675,-0.8664378,-0.25728652,-0.33687252,0.65689325,-0.39451867,-0.51002145,-0.36554545,-0.68531424,1.8926421,-0.4882267,-0.64455587
CGGATAAAGTTGGATC-1,-0.9094312,3.2110898,-0.68276906,3.4438279,4.485223,-0.19317052,-0.98025346,-0.8592659,-1.2940247,-0.9109514,-0.9720416,-0.88721526,-0.72787476,-0.7656032,-1.181144,-0.77639496
CGGATTAGTTGTTGCT-1,-0.87131226,-0.6280755,0.7152839,5.2592397,0.3692601,-0.83074045,-0.89751613,-0.8435389,-0.6462443,-0.90902615,-0.9158224,-1.032917,-0.87277687,3.8230813,-0.76642716,-0.9524679
CGGCAATGTCCACAAA-1,-0.20517519,-0.9541199,-0.060580045,-1.0504305,-1.2131875,0.116311826,-0.2256132,-0.15330973,-0.29454023,-0.09163457,-0.19291574,-0.062968254,-0.06467891,4.800538,-0.3570314,0.00933519
CGGCCATAGGCAGGTG-1,-0.5402152,-0.69143605,-0.5773599,0.07279358,0.53171736,-0.34053606,-0.4676438,-0.3903857,0.78683686,-0.40299612,-0.6134794,-0.43262595,-0.6162506,4.4049096,-0.28546423,-0.43786454
CGGGCTTAGCGATAAG-1,-0.47071055,1.5929933,-0.35826844,0.21231508,4.4931693,-0.073769264,-0.6099909,-0.5445881,-0.28678748,-0.5896519,0.068773106,-0.6260816,-0.5578509,-1.5282348,-0.26930523,-0.4520112
CGGGTATGTATTCGCT-1,-0.5364462,-1.0177858,-0.7368518,1.7387794,5.0236096,-0.6146935,-0.37330902,-0.44298705,0.25671068,-0.42795518,-0.6198716,-0.43456903,-0.5186678,-0.3781278,-0.45960554,-0.4582292
CGGGTATGTCTTTGAC-1,-0.4709354,0.53818494,-0.35238004,1.2451652,-0.5529255,-0.3459959,-0.5880471,-0.53995717,-0.9062143,-0.53412116,-0.4710632,-0.53948283,-0.39092523,5.1065974,-0.7128054,-0.48509413
CGGGTCTAGGCAAGTA-1,-0.83156323,0.4165348,-0.7854537,2.6724243,5.095378,-0.7365267,-0.8115616,-0.76571786,-0.72888327,-0.87843096,-0.8811197,-0.86559856,-0.73024154,1.4368775,-0.83690536,-0.76921177
CGGTAACGTGATTTGG-1,-0.74716216,-0.7647779,-0.9438322,-0.5429708,0.64998716,-0.80348074,-0.5348801,-0.50123817,2.5855558,-0.6049473,-0.8378667,-0.58501893,-0.7677845,5.4779735,-0.45648497,-0.6230724
CGGTAACGTTCCTCCT-1,-0.37175858,1.9900235,-0.8267026,-0.006258901,-0.9635501,-0.69600505,-0.36790925,-0.4687944,0.5301845,-0.44617033,-0.51671976,-0.20497443,-0.6926144,3.893311,-0.3400541,-0.5120072
CGGTAACGTTTAGCGA-1,-0.5589896,0.9012144,-0.6909979,2.3739247,4.821093,-0.39885205,-0.6425389,-0.5995051,-0.6951776,-0.6339504,-0.5704316,-0.64573824,-0.57184774,-0.97494304,-0.5932847,-0.5199752
CGGTGAACACCGGTAT-1,-0.4729917,-0.92699814,-0.66675353,1.3359509,4.7841105,-0.61037576,-0.35004026,-0.40135074,0.012885645,-0.4463625,-0.50903314,-0.43816984,-0.53903353,0.09234838,-0.40782255,-0.45636314
CGGTGAGAGCTAAAGG-1,-0.6780096,1.363987,-0.6688763,3.0561175,4.902659,-0.47305766,-0.76741767,-0.7190542,-0.7547282,-0.72880363,-0.7974794,-0.7332889,-0.6477748,-0.9909339,-0.75934255,-0.6039964
CGGTTATAGGACAACA-1,-0.28470495,-1.078443,-0.58318293,-1.0027993,5.1940937,-0.52926874,-0.19768262,-0.221095,0.6145492,-0.21107543,0.012039952,-0.28136975,-0.527429,-0.43766657,-0.10617359,-0.35979167
CGGTTCCGTATTGCAG-1,-0.92675096,1.1563474,0.39168632,3.4662619,0.35980844,-1.0381147,-0.8204767,-0.88145125,0.6080395,-0.9670328,-1.0278802,-0.81458503,-1.2137512,3.2893312,-0.5902547,-0.991177
CGGTTGGGTCACCAAA-1,-0.6062201,-1.1254882,-0.75457144,1.361869,4.572955,-0.8279396,-0.4213698,-0.45343745,0.1100576,-0.49457678,-0.5732471,-0.534423,-0.6915457,1.5360045,-0.4974012,-0.6006659
CGGTTTCTCCTAATAG-1,-0.8429531,-0.36971766,1.6985475,4.924084,-0.43390822,-0.7826832,-0.71618956,-0.8424176,-1.1197836,-0.789585,-0.7476262,-0.91370285,-0.57734185,3.2204418,-0.95308185,-0.7540825
CGGTTTGAGGCTCATG-1,-0.5030527,-0.27946338,-0.5094157,0.7118943,-0.012815982,-0.3434712,-0.49917465,-0.43428493,-0.08442339,-0.44925827,-0.52950937,-0.4904228,-0.49372274,4.767329,-0.42113787,-0.42907083
CGTAACCCAAGGAATC-1,-0.86262035,-0.7199609,0.8636199,5.6500077,-0.75412023,-0.5908302,-0.84156895,-0.8662294,-0.98512936,-0.86434364,-0.7580267,-1.0057541,-0.57848316,4.1722817,-1.0707451,-0.78809726
CGTAACCCAAGTAAGC-1,-0.60799503,-0.78165543,-0.77237475,2.4663894,-0.17810911,-0.6877551,-0.6568984,-0.59951603,-0.26896963,-0.5897727,-0.6267108,-0.6876408,-0.57288337,5.8253007,-0.5538856,-0.7075237
CGTAATGGTCCGTAGG-1,-0.5807754,-0.13335708,-0.31766343,1.6817929,5.029369,-0.5262208,-0.6408208,-0.6723433,-0.74582726,-0.7289063,-0.7116734,-0.6474378,-0.56010383,0.9351115,-0.69666195,-0.684481
CGTAATGGTCTCACTG-1,-0.44806537,0.40255022,-0.57670665,1.0469619,-0.46379283,-0.4346657,-0.5320848,-0.4981052,-0.5742489,-0.5212866,-0.44529524,-0.49007145,-0.5401683,5.1015844,-0.5142982,-0.5123069
CGTATTGCACTGACCG-1,-0.6726965,1.7485862,-0.7072598,2.965485,4.7648,-0.33132073,-0.76930285,-0.7208352,-0.9890449,-0.72555983,-0.7810708,-0.75415385,-0.6454892,-0.9192252,-0.85466886,-0.6082436
CGTATTGCAGGCGATA-1,-0.63069963,-0.66747534,0.7267475,3.8478513,-0.928089,-0.5469934,-0.62908936,-0.6235391,-0.42658222,-0.60653687,-0.6380974,-0.6549659,-0.56709445,3.536706,-0.55683017,-0.6353117
CGTGCACAGTCCTGAG-1,-0.40757263,-0.939318,-0.6631032,-0.4984119,5.697542,-0.59100366,-0.26863015,-0.32462138,0.5438739,-0.25735354,-0.38924688,-0.3329985,-0.47962433,-0.3151021,-0.3604154,-0.41401386
CGTGCTGCAACGTGCT-1,-0.62708384,1.4953518,-0.73666006,2.8280754,4.9419136,-0.4170828,-0.7445669,-0.70170164,-0.8569524,-0.7174133,-0.7548045,-0.6960742,-0.6390875,-1.0414448,-0.77769893,-0.55476993
CGTGCTGCAGGATTAA-1,-0.66576177,-0.70262,0.45730716,4.720223,-0.37041545,-0.7952665,-0.5880117,-0.6738503,-0.4882658,-0.61096376,-0.72225857,-0.7109699,-0.6520727,3.1570902,-0.6611336,-0.69303036
CGTGCTGCATCCGTAA-1,-0.69490397,0.6053807,-0.5462543,2.5049272,0.2550567,-0.6577126,-0.8343135,-0.73886883,-0.9036946,-0.7725104,-0.6027428,-0.7263572,-0.5967382,5.3076057,-0.8393853,-0.7594881
CGTTAAATCACAGACT-1,-0.6982001,2.1702712,-0.6987554,2.2500706,4.5315537,0.22263941,-0.75947285,-0.6829162,-1.0036652,-0.6693782,-0.5739697,-0.7887327,-0.6506358,-1.2192376,-0.81645066,-0.61312026
CGTTAGGTCATTAGTG-1,-0.8338434,3.1641097,1.7401534,0.4967967,-0.7372284,-0.8680081,-0.9301822,-0.7587352,-0.7593493,-0.8285444,-0.68714935,-0.6559699,-0.87145823,4.4633045,-1.0368711,-0.89702505
CGTTAGGTCCCTCGCA-1,-0.47894442,1.4862165,-0.43618995,-0.6606033,-0.22435062,-0.3120998,-0.5328775,-0.4405508,-0.17768238,-0.44155073,-0.42504025,-0.27845675,-0.5213776,4.279173,-0.43254328,-0.40312243
CGTTGCGCAAGTCGCT-1,-0.5975906,0.29008898,-0.75326806,2.5452135,0.48971844,-0.78456634,-0.75619864,-0.68742776,-0.8085329,-0.6690285,-0.60573786,-0.67768735,-0.76357466,5.223705,-0.67186654,-0.77324694
CTAAAGCTCGGTTAGT-1,-0.475108,1.4201292,-0.58632827,1.6948104,4.388549,-0.25839895,-0.64576435,-0.60946393,-0.62935185,-0.6250737,-0.2793336,-0.67949426,-0.5610517,-1.1803252,-0.4475377,-0.5262569
CTAAATGTCTATTGTC-1,-0.41471586,-0.90344524,-0.26775208,-0.64444256,-0.66908514,0.0778016,-0.4018568,-0.31837845,-0.42542264,-0.236617,-0.41599086,-0.45747766,-0.1010745,5.8574805,-0.505103,-0.17392042
CTAACCACACAAAGCG-1,-0.87652886,-0.77418464,-0.44052225,-0.8404746,2.886179,-0.5497666,-0.77165705,-0.7677733,-0.24947393,-0.7320406,-0.9219706,-0.8117386,-0.45014802,6.8957305,-0.8606013,-0.7350297
CTAAGGTTCCCATAGG-1,-0.2672733,-0.32299608,-0.24519597,-0.070818424,-0.21532287,-0.32307696,-0.20178927,-0.23537867,0.39632332,-0.21755092,-0.2874046,-0.18506487,-0.42798382,3.072023,-0.26155788,-0.20693277
CTAAGGTTCCTGCGAA-1,-0.51551294,-0.9945797,-0.60141873,-0.08648792,5.192568,-0.79768944,-0.49020323,-0.45923004,0.019800536,-0.54960144,-0.42743453,-0.54052985,-0.6135427,1.8532703,-0.42506406,-0.56434345
CTAAGGTTCTATTGTC-1,-0.5236963,-0.8289689,-0.71374923,-0.6487048,-0.5811001,-0.26420414,-0.39583084,-0.3650762,0.6205943,-0.32455686,-0.5752205,-0.54444534,-0.31351095,6.2174964,-0.43946815,-0.31955808
CTAAGTCAGGCTTAAC-1,-0.5636976,-1.2498565,-0.9136643,-0.47339535,5.006241,-0.8819571,-0.29456007,-0.3287527,0.5962682,-0.41142726,-0.5194454,-0.3563768,-0.67168564,2.1550264,-0.44719875,-0.64551806
CTAATCCGTCGTAATG-1,-0.8473053,-0.5043057,-1.1327662,1.0228775,1.6624143,-1.150233,-0.65979344,-0.7448322,2.8208606,-0.82430595,-0.9966916,-0.6015032,-1.0168235,4.3300104,-0.39482343,-0.9627792
CTAATCGCAGCTAACC-1,-0.67008495,-0.42860246,-0.68602014,1.0890671,5.1736374,-0.7956735,-0.5986241,-0.6163757,-0.44503522,-0.6590781,-0.70075375,-0.6770745,-0.61213267,1.9114841,-0.6284471,-0.65628666
CTAATCTTCGTTAAGC-1,-0.8040517,4.4880934,-0.71203285,-0.68937665,-0.12046665,-1.1301172,-0.8168684,-0.8486795,0.24264549,-0.86445075,-0.83315194,-0.61547613,-1.2216184,5.442112,-0.5788917,-0.937669
CTAATTGAGTATGTGC-1,-0.5553648,-0.399395,-0.23953107,2.9017832,-0.6002091,-0.4000329,-0.5146375,-0.559722,-0.60938907,-0.450154,-0.5144175,-0.5593483,-0.25279456,3.8638604,-0.5720732,-0.5385747
CTACGAAGTGTGAGAG-1,-0.6766005,-1.0933586,-0.7533365,-0.2075877,5.616462,-0.9325706,-0.5689678,-0.50005525,0.45861846,-0.584446,-0.68035,-0.5869037,-0.73014045,2.5378926,-0.5556393,-0.7430167
CTACTTAGTTATTGCC-1,-0.62101907,-0.92394054,-0.80999756,1.1307565,0.046349928,-0.6824649,-0.52809185,-0.4921425,0.824056,-0.50970954,-0.66748226,-0.615301,-0.49956125,5.38877,-0.4580152,-0.5822067
CTAGCTGAGTTTGGGT-1,-0.35248184,-0.8404804,-0.09721148,-0.25428173,-0.8114539,0.13397926,-0.3893947,-0.30750954,-0.7121162,-0.25077105,-0.36149013,-0.4119838,-0.005430177,5.3425956,-0.5443393,-0.13763049
CTAGGACGTCATCATC-1,-0.4814746,-0.82539415,-0.14398426,0.0044136047,-0.60705566,0.025947064,-0.4522746,-0.3742272,-0.72582793,-0.27430058,-0.45733276,-0.5319562,-0.039380014,5.7650533,-0.63881636,-0.24338973
CTAGTGAGTGATGATT-1,-0.40095487,-0.82688195,-0.62217444,1.2189054,4.4696198,-0.26018253,-0.23020026,-0.38489088,0.0012505613,-0.2421202,-0.40970102,-0.30725047,-0.36655033,-1.0246834,-0.22440276,-0.38978255
CTAGTGAGTTTGTGGA-1,-0.58493686,-0.49261203,-0.5445572,2.2135026,-0.18172342,-0.5399103,-0.5980307,-0.5696889,-0.7180691,-0.52847886,-0.5721042,-0.64322746,-0.44894913,5.45358,-0.65332913,-0.59146523
CTATTCAGTCGTAATG-1,-0.2973622,-0.6568208,-0.6936954,-0.0662379,4.229707,-0.80932736,-0.20533681,-0.28131512,0.72534263,-0.28813043,-0.2355916,-0.27900767,-0.5962601,0.123943835,-0.22849816,-0.44140944
CTATTGAAGTTATGTG-1,-0.45028466,-0.81257075,-0.07322027,-0.16615863,-0.6331356,0.20214741,-0.51089174,-0.43376136,-0.92485815,-0.35470247,-0.4230684,-0.5966279,0.061781257,6.0471687,-0.698692,-0.2331254
CTCAATAAGCATTATG-1,-0.83848584,-0.7877973,1.452478,5.114903,-0.13462245,-0.85843,-0.8491213,-0.8090955,-0.58358514,-0.89828676,-0.90139973,-0.9638736,-0.88055706,3.5779185,-0.74324954,-0.89679575
CTCACAACATTATGAC-1,-0.61079437,-0.79670954,-0.7567661,2.8455603,-0.3862814,-0.528253,-0.55253035,-0.5791226,0.4191611,-0.50909835,-0.64498836,-0.5974871,-0.4407594,4.1913447,-0.4437925,-0.60948277
CTCACTCAGCGAGCGA-1,-0.5995195,-1.0469003,-0.7025457,-0.5143686,5.606981,-0.8230782,-0.43094778,-0.4731508,0.46047974,-0.4369247,-0.5508216,-0.5234438,-0.6031761,1.7470223,-0.47026783,-0.6393377
CTCATGACAAATTGCT-1,-0.58545053,-0.89403665,-0.83363485,-0.34041256,5.265919,-0.87218213,-0.48498756,-0.55547416,-0.07599901,-0.5258392,-0.6031076,-0.43850937,-0.61789143,2.7306263,-0.5148523,-0.65416884
CTCATTTAGCCTGAGC-1,-0.5696173,0.24042183,0.087670214,2.9662144,2.605819,-0.70978165,-0.5993652,-0.635562,0.3821,-0.54845566,-0.7254782,-0.5990665,-0.61721385,-0.108665965,-0.5171965,-0.6518226
CTCCAAACAATAGTCT-1,-0.6049011,-0.013651438,-0.74220175,2.8656793,4.762631,-0.34015104,-0.53227067,-0.56662285,-0.5250246,-0.5276927,-0.6885007,-0.6010229,-0.59876025,-0.76044106,-0.6371741,-0.48989475
CTCCAAACATTGTGAT-1,-0.7651663,-0.92702204,1.1208375,5.3490734,-0.30231118,-0.92382467,-0.86511654,-0.80794203,-0.5274102,-0.840161,-0.8896396,-0.94623256,-0.9077243,3.932025,-0.78025013,-0.9191357
CTCCGTCCAAACCCTA-1,-0.7719035,-0.84137774,0.6267481,5.196703,0.029564338,-0.88934755,-0.87688434,-0.80546606,-0.3774067,-0.859705,-0.87219334,-0.93746483,-0.8929938,3.9149663,-0.7226614,-0.92057776
CTCCTAATCTAAGTGC-1,-0.28966945,-1.11154,-0.75105935,-1.2496009,5.3385544,-0.45524457,-0.041955415,-0.17508855,0.9400526,-0.075706676,0.0689865,-0.1082733,-0.47329897,-1.11563,-0.15643802,-0.34408814
CTCGACAAGATGGACA-1,-0.6134325,0.5030178,-0.6814187,2.7599192,4.737479,-0.3061382,-0.5952997,-0.6086688,-0.7080643,-0.609925,-0.702692,-0.65051043,-0.6092332,-0.6934409,-0.696622,-0.5249701
CTCGTTATCAAATCGC-1,-0.56365633,0.108955465,-0.04680498,1.0887967,-0.25884157,-0.26674113,-0.49376765,-0.51923645,-0.84401226,-0.44356313,-0.46664622,-0.4880714,-0.1378758,4.5789165,-0.7847812,-0.46267042
CTCTAGCTCAATGTGC-1,-0.7857646,4.7764244,-0.5852808,-0.39857748,0.16665937,-1.3937876,-0.83343625,-0.98018754,0.45886558,-0.94337547,-0.89844096,-0.70052385,-1.4054747,5.173204,-0.6335182,-1.0167859
CTCTATGTCAACAAGG-1,-0.6706337,-1.1344812,-0.93698967,-0.23657048,0.26161176,-0.64238346,-0.4971091,-0.41489393,1.6765406,-0.4730663,-0.7188406,-0.62238324,-0.48605803,5.843102,-0.4822531,-0.4655917
CTGAATATCCTCAGTC-1,-0.60739154,-0.9183721,-0.73953784,0.8666036,-0.37808985,-0.43235666,-0.53557426,-0.47380942,0.23876388,-0.4412276,-0.642679,-0.67421997,-0.3474931,6.149175,-0.5637589,-0.50003254
CTGAATATCGGCTAGC-1,-0.35074612,-0.4231718,-0.51047313,0.2806431,4.4875903,-0.5735403,-0.34057823,-0.414287,-0.16524464,-0.35997835,-0.44913563,-0.3626365,-0.45396784,0.41176993,-0.36432195,-0.41192213
CTGATCACAACCCTCC-1,-0.18085387,-0.97263753,-0.5535686,-1.4054024,4.494066,-0.45348078,-0.08382358,-0.20107435,0.68081653,-0.12211634,0.56520593,-0.18177754,-0.42888126,-1.1111659,0.2093129,-0.2546193
CTGCTCCCAGGGAGCT-1,-0.80409694,-0.59487355,-0.04447373,4.4156995,-0.85119927,-0.74985564,-0.7711408,-0.7217169,0.31126752,-0.68870246,-0.8041018,-0.7503005,-0.8858112,4.2106247,-0.47771397,-0.79360485
CTGGCTAAGCGCAATT-1,-0.73854923,-0.7288967,0.25352785,5.2220483,-0.122124515,-0.84340847,-0.78758883,-0.7779393,-0.45456707,-0.7595213,-0.8184452,-0.8735362,-0.845523,3.850535,-0.7169623,-0.85904896
CTGGCTTTCAGAAACG-1,-0.5606541,-0.91657156,-0.7292624,2.9923007,-0.55007803,-0.4803686,-0.49217093,-0.5136376,0.10384439,-0.4511295,-0.5519204,-0.6008887,-0.35379326,4.084929,-0.47119224,-0.5094069
CTGGTAAGTCAATAGT-1,-0.56931806,-0.8150111,-0.6821166,0.29187173,-0.36805284,-0.55247045,-0.43217725,-0.3896414,1.0997936,-0.39345664,-0.6675874,-0.48702252,-0.51569563,5.2847023,-0.37058932,-0.43322843
CTGTATTTCTTGGATA-1,-0.5999025,-0.73928475,-0.13060054,0.19661985,-0.43154082,0.089092016,-0.5765693,-0.48956886,-0.8784915,-0.39193323,-0.4966521,-0.6846868,0.021910712,6.228818,-0.7863673,-0.33084288
CTGTGTGAGCTTTGGG-1,-0.65944594,4.6126533,-0.72764546,-0.50176454,-0.7953887,-0.86999774,-0.6996668,-0.726233,-0.5706769,-0.72985774,-0.6756159,-0.5146327,-0.92696273,5.2865705,-0.709983,-0.7913521
CTGTTAAAGGAAACTG-1,-0.5518406,-0.018546283,-0.47941506,2.7412963,4.9904995,-0.5407261,-0.5955642,-0.51903814,-0.32120413,-0.6284889,-0.68451005,-0.63975835,-0.61431617,-1.0740311,-0.52387935,-0.5404777
CTGTTGGAGCTCGCTT-1,-0.52933806,-0.8367148,-0.7365013,-0.44226062,-0.5650549,-0.30365312,-0.3974883,-0.34226513,0.7393546,-0.33223385,-0.59574115,-0.5655908,-0.33006394,5.9975133,-0.4559459,-0.3040161
CTTACCGGTAAGCTCA-1,-0.52491987,-1.0024636,-0.53030276,0.3390109,-0.16877702,-0.29855108,-0.46449563,-0.3784524,0.45894995,-0.37315622,-0.58993065,-0.54912007,-0.3683078,5.24081,-0.39745858,-0.39283493
CTTACTAGTCATGCAA-1,-0.61292225,1.5969393,-0.60194063,2.2476697,4.369414,0.29540214,-0.6556855,-0.6140123,-0.8549263,-0.6584201,-0.6209425,-0.6785954,-0.58051,-1.3650486,-0.761737,-0.5046843
CTTCATCCATCACAGC-1,-0.6735877,4.6259346,-0.8007784,-0.77928483,-0.82180965,-1.0138588,-0.6658505,-0.7433255,0.009919405,-0.76750964,-0.734382,-0.44856107,-1.1153076,5.299026,-0.5547834,-0.81584096
CTTCTAAGTTGTTGGA-1,-0.30738586,0.06844735,-0.56003547,-0.14552903,4.78734,-0.21915847,-0.3946063,-0.38018316,-0.17225096,-0.37582642,0.08480125,-0.43662715,-0.42652458,-1.0263481,-0.15804905,-0.338064
CTTCTCAAGGATCACT-1,-0.501395,-1.0196848,-0.40154183,-0.5264794,-0.41431522,-0.13660191,-0.43536907,-0.31942654,-0.08656582,-0.29620862,-0.54155797,-0.5807682,-0.1813478,6.214687,-0.48954123,-0.28388315
CTTGAACAGCCACAAT-1,-0.3924817,-0.7421284,-0.3633374,-0.45189962,-0.74714696,-0.0104504675,-0.38233188,-0.30859262,-0.4195154,-0.24125358,-0.4186497,-0.42296395,-0.09271698,5.7416606,-0.51376617,-0.2344259
CTTGAACAGCTGTACG-1,-1.1115605,4.8816767,-0.65134937,4.5016217,4.1444683,-0.5419763,-1.0274194,-1.0202606,-1.1318004,-0.97717005,-1.3007833,-1.1004527,-0.89093494,-1.837968,-1.1421016,-0.7939892
CTTGAACAGGCAGGTG-1,-0.6234363,-0.9000613,-0.47265887,0.9448975,-0.07872012,-0.3922298,-0.53376454,-0.47408688,-0.33269048,-0.46500033,-0.6069988,-0.66086143,-0.2644891,5.9342327,-0.6062384,-0.46789336
CTTGACGAGGTAAGCA-1,-0.6048495,-0.90568304,-0.6980984,0.09703411,5.4957137,-0.699871,-0.44899273,-0.5471058,0.09530626,-0.44885087,-0.6114165,-0.53180474,-0.5968244,1.5143104,-0.5196568,-0.58921075
CTTGCAACACAACAGG-1,-0.6560929,-0.96025014,-0.6654409,1.143873,-0.09991221,-0.48743653,-0.56001514,-0.50521743,0.42808354,-0.51071787,-0.67365855,-0.66505915,-0.4241405,5.686522,-0.51818806,-0.532349
CTTGCATGTAGGTTGC-1,-0.90083635,4.4988456,-0.18889786,0.45104402,-0.45150554,-1.1901143,-0.851982,-0.8902599,0.046170544,-0.9445808,-1.0006213,-0.699787,-1.2828195,5.093794,-0.6638059,-1.0246437
CTTGCATGTCAAGTGC-1,-1.2200935,4.8185396,-0.35194993,4.485532,4.270041,-0.43138355,-1.114605,-1.0001616,-1.5128648,-0.96503526,-1.2400966,-1.232722,-0.77529436,-1.4435666,-1.3987641,-0.88757545
CTTGCGCGTTCCTCCT-1,-0.22250389,-0.7466211,-0.59329545,-0.113231614,4.3779435,-0.25202405,-0.20595062,-0.32389057,0.12520859,-0.2137658,-0.12338783,-0.1705246,-0.46590954,-0.5750325,-0.17557128,-0.32144278
CTTGCTCAGGACACTT-1,-0.5475818,-0.7549128,-0.5843884,1.3280671,-0.019441739,-0.5109959,-0.5260813,-0.44319463,0.27524644,-0.4837284,-0.60875773,-0.57313687,-0.5445303,4.9235954,-0.4395851,-0.49057364
CTTGTAAAGCGAGGTG-1,-0.5590863,-0.6815064,-0.6247324,1.1153388,0.6189333,-0.47398832,-0.53286445,-0.4480584,0.5757932,-0.5281563,-0.6378033,-0.5595393,-0.6116973,4.220679,-0.36789948,-0.50541234
CTTGTTCCAAGGTGGC-1,-0.75945175,-1.210424,0.3636066,5.3735666,-0.60843503,-0.8047221,-0.7402501,-0.72195196,-0.32806405,-0.71012604,-0.81017697,-0.8429494,-0.7268834,3.972469,-0.6301925,-0.81601477
CTTGTTCCACAGCCAT-1,-1.0103879,4.017963,-0.3565355,4.292773,4.5304203,-0.37738097,-1.0673084,-0.97019297,-1.2799735,-1.0310853,-1.0969603,-1.1356328,-0.745406,-1.537205,-1.2990501,-0.934038
CTTTAGGCACAGGGAC-1,-0.5516646,-0.98720706,-0.6184175,0.40687114,-0.030614048,-0.50896966,-0.462296,-0.3851385,0.8631801,-0.42253464,-0.640817,-0.54423743,-0.46290088,5.1679516,-0.39807564,-0.42513037
CTTTATCAGACAGGCG-1,-0.6471123,1.4170691,-0.25152057,1.9504037,0.32508904,-1.0191544,-0.57393426,-0.70719486,0.6014291,-0.6391052,-0.76938045,-0.56925446,-0.9618773,3.1968644,-0.5514761,-0.8008453
CTTTATCAGAGGAAGG-1,-0.70820504,2.0140083,-0.6516814,3.0986304,4.7718883,-0.25029564,-0.7845453,-0.7654301,-1.0175936,-0.74596417,-0.7804018,-0.7795808,-0.6240882,-1.3023562,-0.8423305,-0.6320541
CTTTATGGTAAGCACC-1,-0.565242,1.8768436,-0.473316,0.18765685,0.1568254,-0.53773713,-0.6876803,-0.59581894,-0.49660295,-0.6482832,-0.5080544,-0.5511202,-0.60847455,4.6337247,-0.6031762,-0.57954454
CTTTGAGCAAGTCGCT-1,-0.45840216,-0.2813186,-0.56518143,0.018205196,5.770592,-0.46591574,-0.47064638,-0.46234435,-0.13603233,-0.40805238,-0.36068696,-0.5193412,-0.47807366,-0.33286643,-0.39102387,-0.45891225
CTTTGAGCACCTCGCT-1,-1.053873,4.129328,-0.36095917,4.2025294,4.6344843,-0.2325111,-1.115889,-0.9708053,-1.4688766,-0.96083677,-1.1312805,-1.1529294,-0.7405472,-1.5620346,-1.3519776,-0.8638226
CTTTGTCCAAGCCAGA-1,-0.17754737,-1.1688776,-0.7156253,-1.5744343,4.684149,-0.37139648,0.04546295,-0.11473848,1.0110832,0.032791167,0.5995618,-0.02683054,-0.47579724,-1.5399238,0.0857759,-0.29365253
GAACCGCTCAGCATTA-1,-0.9912572,0.15786344,6.809909,5.8344984,-1.5377594,-0.8298471,-1.358528,-1.2996255,-2.43897,-1.1879747,-0.5194206,-1.4600908,-0.6700963,1.7805828,-1.519688,-0.7695967
GAACCTGTCCAAGTTA-1,-0.47082222,-0.7098034,-0.2399921,0.62058336,-0.69913954,0.035783708,-0.50229996,-0.43473256,-0.9291799,-0.36837745,-0.47060156,-0.59859014,-0.03943628,5.788159,-0.673434,-0.3081165
GAAGCTAAGTTAGAGG-1,-0.7706017,5.0260715,-0.5061758,-0.6364079,-0.7796688,-1.0104861,-0.79550046,-0.8258832,-0.44480377,-0.81584954,-0.81711936,-0.6023764,-1.0616816,5.617022,-0.6953754,-0.88116324
GAAGGATGTCTTGCAT-1,-0.759647,0.66288275,-0.8094197,2.2293353,4.8173656,-0.25520232,-0.6963585,-0.7463803,-0.83665895,-0.7452637,-0.79900634,-0.7878831,-0.65413624,0.8727301,-0.7791901,-0.7131671
GAAGGATGTTCCATTA-1,-0.5881149,-0.6995542,-0.8547897,0.18472882,0.0879761,-0.64858884,-0.44824806,-0.4174891,1.6755824,-0.5013808,-0.64868534,-0.5267014,-0.6030284,4.899581,-0.4473349,-0.46395218
GAAGGCTAGAACAAGT-1,-0.44229698,-0.8406061,-0.49826485,0.3962332,-0.16192752,-0.21145794,-0.43266892,-0.35528284,-0.06256716,-0.34450978,-0.5058948,-0.47124708,-0.35565156,5.008574,-0.40858692,-0.31384486
GAAGGCTAGTGAGCAA-1,-0.6309304,-0.9201343,-0.6354687,1.1234626,-0.18563926,-0.40189376,-0.5694618,-0.49015602,-0.034201756,-0.48764858,-0.6497768,-0.6930897,-0.33436123,6.0159097,-0.6027988,-0.50381124
GAAGTCAAGACCATAC-1,-0.77042675,4.2381063,-0.7260912,-0.10878316,0.17607848,-1.0334767,-0.8202869,-0.86021805,-0.37583503,-0.9031874,-0.7696849,-0.7863764,-1.0097346,5.3229446,-0.6764835,-0.89654505
GACAATACAGGTTAAA-1,-0.48692995,-0.687683,-0.6462766,0.63273674,4.620839,-0.59945524,-0.41524202,-0.56747735,-0.1571477,-0.4121197,-0.56935155,-0.4628513,-0.52146006,1.2710576,-0.44272065,-0.5559187
GACAATACATACCCGG-1,-0.5555708,-0.9652344,-0.5771218,0.92505145,-0.39905363,-0.34366882,-0.47799528,-0.39894903,0.05120325,-0.38430774,-0.5746507,-0.63672334,-0.2702157,5.556722,-0.55788285,-0.3916027
GACACCGGTGGGTACT-1,-0.5887311,4.879814,-0.9396849,-1.2179067,4.539006,-0.555368,-0.66092235,-0.6377218,0.0030740201,-0.66842544,-0.30407605,-0.66795224,-1.3089023,-1.074608,-0.4714606,-0.32613546
GACATAGAGGCATTGT-1,-0.6355344,-0.113665625,-0.94494545,0.1465028,-0.0008412674,-0.8287461,-0.5158571,-0.48469535,2.4511616,-0.65384126,-0.73873365,-0.43333304,-0.8753438,4.6167912,-0.36572003,-0.62319887
GACATTATCACGCCAA-1,-0.36405638,-0.7983727,-0.6397061,0.7986074,4.523031,-0.68678164,-0.2955217,-0.46587554,0.07195173,-0.31141338,-0.4931205,-0.31209356,-0.53481907,0.33329743,-0.35139146,-0.47373602
GACATTATCTCTAGCC-1,-0.8532996,-0.02169982,2.3352435,4.234535,0.5017578,-0.9101342,-0.7418345,-0.7969296,-0.795097,-0.85621667,-0.82770765,-0.9120921,-0.73889005,2.0177026,-0.8336328,-0.80170465
GACCGAACAGCCAGTT-1,-0.44568056,0.5329321,-0.50299424,0.72256225,-0.23372905,-0.41206115,-0.4530908,-0.45949024,-0.55156815,-0.43784028,-0.4317668,-0.43907595,-0.4948671,4.576613,-0.5114565,-0.45848703
GACCTAAGTTTGTTGC-1,-0.5485333,-0.60457534,-0.6315662,0.7628162,-0.09588601,-0.38572678,-0.4685886,-0.466798,0.013122134,-0.40840077,-0.56889224,-0.51265883,-0.36206627,5.209468,-0.4538237,-0.4778903
GACCTCAAGGGACTAA-1,-0.31199718,-0.12301533,0.75538164,0.05812198,-0.94849205,-0.21335886,-0.42903107,-0.28480977,-0.45395982,-0.33179682,-0.29946893,-0.20584978,-0.27899528,3.8380685,-0.49499673,-0.27580053
GACCTGCAGCGGATAA-1,-0.41336477,-0.8244525,-0.5611442,0.45143622,4.7196116,-0.4640851,-0.2898633,-0.39685863,0.04691377,-0.2882443,-0.22598472,-0.40411395,-0.44371134,-0.20353141,-0.285882,-0.4167251
GACCTGCAGGAACCAA-1,-0.5384727,-0.9537274,-0.53562146,0.55668783,-0.14015575,-0.33569658,-0.48028237,-0.38987118,0.2784682,-0.3886217,-0.6162901,-0.6060468,-0.36205357,5.377757,-0.46994317,-0.39613056
GACCTTTGTTTCCACG-1,-0.31040192,-0.8306471,-0.6946263,0.4566049,4.488805,-0.49896082,-0.22229049,-0.400927,0.2254535,-0.23536325,-0.3805905,-0.1763086,-0.5314002,-0.1709427,-0.3017706,-0.41663373
GACGCAACAATGCGCT-1,-0.5350911,-0.90259993,-0.7426871,0.4744888,-0.38511565,-0.4994135,-0.40266946,-0.36430854,0.7500388,-0.3396231,-0.5852988,-0.5708356,-0.34951618,5.3268094,-0.5150921,-0.35908642
GACTAATGTTATTGCC-1,-0.4890449,-0.61579174,-0.67740554,0.48190325,-0.6103938,-0.36854094,-0.4013011,-0.35897246,0.752828,-0.3469779,-0.5592653,-0.4000355,-0.4902832,4.8215466,-0.36706606,-0.37119982
GACTCACCATTAAGTC-1,-0.77755946,4.5287256,-0.7599678,-0.54782003,-0.18792306,-1.2027937,-0.82536703,-0.8371824,0.8198076,-0.9357123,-0.900635,-0.6934385,-1.2643722,5.164989,-0.5395819,-1.0411689
GACTTAGGTGCTTACT-1,-0.55330384,0.6281077,-0.68006045,1.4993026,-0.021435156,-0.79274225,-0.5206043,-0.5664428,0.35918963,-0.60591924,-0.5912029,-0.48350674,-0.8308254,4.1982346,-0.4207502,-0.6180407
GACTTGGTCCTGAGTG-1,-0.46084505,-1.0211437,-0.20990543,0.54774284,-0.5643067,0.056169003,-0.48239386,-0.38441682,-0.601882,-0.3245147,-0.45280313,-0.59386164,-0.09241401,5.3876243,-0.5481691,-0.2548805
GAGCATGCAGATAGAC-1,-0.88565224,2.1651642,-0.491537,1.6867694,2.0423813,-0.96654314,-0.9453695,-0.85171217,-0.4337222,-0.98266345,-0.8592819,-0.840095,-1.0012984,4.1030083,-0.7410435,-0.99840504
GAGCCACTCCTTGCGT-1,-0.65614057,-0.0119755715,-0.6374036,3.3380303,0.76388836,-0.84945524,-0.80686855,-0.7556429,-0.97936773,-0.832109,-0.65048444,-0.7542964,-0.748168,5.2489066,-0.7749438,-0.8939692
GAGCCACTCGCAACAT-1,-0.7512116,4.4020667,-0.73065853,-0.40496027,-0.57547885,-1.09608,-0.7320273,-0.80835694,0.5215438,-0.796521,-0.8520599,-0.56535995,-1.2761261,5.115158,-0.54436696,-0.90556103
GAGCCTTCAATGCCCG-1,-0.6578135,-0.39174122,-0.2531711,1.4593529,0.34181625,-0.5072593,-0.5209508,-0.6108705,-0.6290802,-0.48347992,-0.5769594,-0.58822274,-0.216383,4.83406,-0.7186351,-0.48066324
GAGCGAAGTGACATAT-1,-0.6102715,-0.50689757,-0.23031007,0.99812144,-0.26071984,-0.12897982,-0.5358067,-0.59283787,-0.8865752,-0.4514414,-0.48818094,-0.6167714,-0.07504599,5.5868907,-0.7600895,-0.44108433
GAGCGAAGTGTTGTGA-1,-0.52468944,-0.3004592,-0.5543023,1.9586635,-0.05427119,-0.47251594,-0.55227464,-0.5141349,-0.45350814,-0.505875,-0.5428971,-0.57480055,-0.54821134,4.7179856,-0.54509014,-0.5336198
GAGCGGTCAATCCTAG-1,-0.53751755,-0.94120395,-0.2944982,0.23369417,-0.11207461,-0.3096969,-0.46279183,-0.3688002,-0.18559077,-0.353835,-0.5571382,-0.55404735,-0.24674827,5.561929,-0.5067785,-0.36490157
GAGCTAGCAGCTCATA-1,-0.80749166,4.053328,-0.8181171,-0.15861459,0.41569668,-1.0614839,-0.8441376,-0.8933466,-0.10811694,-0.9555776,-0.8051214,-0.7647212,-1.0673074,5.3693023,-0.6384278,-0.915863
GAGCTGCTCACGCCAA-1,-0.6740455,-0.51957893,-0.8954579,0.29039598,0.16592535,-0.84410447,-0.4925433,-0.50194603,2.4584692,-0.5913805,-0.7700806,-0.5215931,-0.7663152,4.6896267,-0.41412306,-0.6132488
GAGCTTGTCACATTGA-1,-0.8032336,-1.0433428,-0.5082458,5.240092,0.22347687,-0.8258443,-0.8181628,-0.76984185,0.11824796,-0.772241,-0.85159487,-0.8685206,-0.8434694,4.041318,-0.67288935,-0.8457483
GAGCTTGTCCCTGGTT-1,-0.62664574,2.9545453,-0.6525216,-0.094149224,0.3609247,-0.8606312,-0.61639774,-0.67457277,-0.116516106,-0.68786955,-0.656094,-0.5735871,-0.93326926,4.426719,-0.53420955,-0.71572506
GAGCTTGTCGAGCAAA-1,-0.6100508,3.4138353,-0.39312994,0.21862599,-0.6109455,-0.84310573,-0.63390833,-0.6332759,-0.26516676,-0.6768334,-0.6393962,-0.50514877,-0.9015322,4.406322,-0.56016356,-0.76612663
GAGGGAGCATTATGGT-1,-0.90223897,-0.15139064,0.66314566,3.5951552,0.89297855,-0.9523049,-0.8178322,-0.842581,0.40673128,-0.97157264,-0.93714833,-0.780987,-1.0850402,3.3624563,-0.5814093,-0.897962
GAGGTTAAGAGGAGTC-1,-0.75645655,4.6349792,-0.70114887,-0.30320787,-0.0846646,-1.0653352,-0.8089958,-0.84750015,-0.2328919,-0.863693,-0.8577905,-0.7227977,-1.0965372,5.327426,-0.6708051,-0.95058036
GAGTCAAAGCGGATAA-1,-0.57313704,-0.8447552,-0.67659855,1.1551493,-0.4050799,-0.42155033,-0.48946095,-0.43925202,0.11128403,-0.41432518,-0.6125789,-0.65851283,-0.31018913,5.610278,-0.60328513,-0.4279865
GAGTGATCAATGCCTA-1,-0.632411,-0.1538764,-0.6621749,2.7687268,0.64160705,-0.7074945,-0.7339837,-0.6400561,-0.69247663,-0.70537686,-0.6307896,-0.6888206,-0.70949984,4.902428,-0.60810983,-0.74769205
GAGTTACTCGCACAAT-1,-0.51890624,-0.96054053,-0.5186397,0.27140278,-0.33423492,-0.35049316,-0.43226284,-0.36362904,0.44320634,-0.33767948,-0.5897458,-0.5473825,-0.34437364,5.3880444,-0.44254243,-0.3622236
GAGTTACTCTTGCTAT-1,-0.5434309,-0.13437203,-0.22400466,2.616093,4.8897376,-0.19492334,-0.5941862,-0.53077567,-0.6146189,-0.6117164,-0.5233953,-0.6353494,-0.5126848,-1.3759999,-0.4822403,-0.52813244
GAGTTGCGTGAGAAAC-1,-0.6369946,1.7755804,-0.8043672,-0.34451538,3.3047163,-0.5966735,-0.77765226,-0.6825211,0.17348713,-0.7693442,-0.40204492,-0.7386918,-0.7983384,2.5401945,-0.5137466,-0.72908866
GAGTTGCGTGTCCTGC-1,-0.8357054,-0.9291345,1.8623949,5.1687107,-0.54540884,-0.48217592,-0.7858088,-0.8468822,-1.1084815,-0.79865074,-0.74270153,-1.0384638,-0.52819526,3.493801,-1.0996566,-0.78364193
GATAAGCCAATGCGCT-1,-0.39941496,-0.18301731,-0.55577195,1.9635103,4.283052,-0.30876052,-0.32290238,-0.40252376,-0.12865475,-0.35897928,-0.39809722,-0.40100288,-0.5003716,-1.6258276,-0.30916232,-0.35207558
GATAGACCACTTCATC-1,-0.6868417,0.5987988,-0.58925194,2.0917344,1.3551328,-0.914578,-0.641199,-0.7701216,1.7987901,-0.7380314,-0.8547146,-0.6232896,-0.97659385,2.319614,-0.49026215,-0.87918633
GATCAAGAGCTTACTT-1,-0.55568933,-0.83318913,-0.30625418,0.7446121,-0.536409,-0.05725576,-0.50601184,-0.47252682,-0.75119305,-0.35887793,-0.51955926,-0.6685339,-0.07032591,5.9043922,-0.68439925,-0.32877877
GATCAGGCAAGTTATC-1,-0.5413201,-1.0384303,-0.46055174,0.08820702,-0.19635229,-0.32515383,-0.44946885,-0.34315902,0.17683704,-0.33353597,-0.5659419,-0.6004314,-0.21796666,5.640232,-0.5263097,-0.30665404
GATCAGTTCTCTAGCC-1,-0.72480595,-1.0305879,-0.63266486,1.6247721,0.9202858,-0.52421814,-0.68825597,-0.5872901,0.09009747,-0.64231014,-0.7756698,-0.7609094,-0.5635798,5.5257463,-0.57229435,-0.65831476
GATCGAGCAATTTAGC-1,-0.78093904,-1.0545137,-0.79643023,1.32624,5.14221,-0.8475852,-0.53460765,-0.6757731,0.015392147,-0.55402994,-0.85241926,-0.6325162,-0.63404965,2.2600725,-0.6547817,-0.72626865
GATGCATTCCTGATTT-1,-0.5316434,-0.4359951,-0.52311647,1.713083,-0.4194839,-0.29415786,-0.60134923,-0.51467955,-0.7569747,-0.50794154,-0.55116725,-0.6173254,-0.29741132,5.495269,-0.6526053,-0.5045006
GATGGCTGTAGCTGGT-1,-0.6871393,-0.6073581,-0.35582218,0.99774694,-0.3126103,-0.16569588,-0.57395256,-0.58421695,-0.899753,-0.4653674,-0.59797466,-0.76349914,-0.117877215,6.398038,-0.8277103,-0.43680784
GATGGCTGTGCTAGAC-1,-0.47874022,-0.9860692,-0.68807256,-0.071505494,5.0950937,-0.7105396,-0.37134552,-0.4355346,0.2593242,-0.39676017,-0.4217041,-0.40440595,-0.55808485,1.0997157,-0.41309822,-0.51827276
GATTAAGCAATGAATG-1,-0.8787234,-0.5063265,1.3558187,4.817236,0.6760092,-0.8233023,-0.8705321,-0.80745405,-0.61192304,-0.9324552,-0.94718605,-1.0046333,-0.8666805,3.128032,-0.7763016,-0.95157784
GATTAAGCATATAACC-1,-0.8445721,2.6985714,-0.33994555,3.6825855,4.7008367,-0.49338275,-0.8446873,-0.86925596,-0.87396187,-0.8797025,-0.9627133,-0.8140548,-0.77963454,-1.7657523,-0.9471782,-0.66715246
GATTACTCAATATGGA-1,-0.4361649,-0.97016674,-0.71433157,-0.52661526,5.264275,-0.52361774,-0.20019239,-0.34698087,0.5621764,-0.18697569,-0.2571258,-0.31542522,-0.4863159,-0.06315245,-0.35404262,-0.44534457
GATTATGTCAGCACCA-1,-0.6152841,-0.7309772,-0.71385163,0.35412157,5.062765,-0.72385865,-0.4966914,-0.5803228,-0.10375433,-0.5322163,-0.6136988,-0.56508654,-0.5855665,2.0125449,-0.54915,-0.6189736
GATTATGTCCTAGTCC-1,-0.5705209,2.7414773,-0.8517322,-0.79599315,-0.48413494,-0.83568156,-0.5768246,-0.56338716,0.5852022,-0.62528765,-0.5714383,-0.28388047,-0.90911543,4.731367,-0.3449635,-0.6450871
GATTATGTCCTGAGTG-1,-0.50527024,-0.84170574,-0.4870351,1.5934701,-0.41492724,-0.4111191,-0.47234118,-0.4078433,-0.077677175,-0.38127393,-0.55026495,-0.5631706,-0.3688727,4.796851,-0.48239458,-0.42642564
GATTATGTCGGCCAGT-1,-0.54311687,1.3297297,-0.4314714,2.17512,4.300857,-0.0014533047,-0.59624296,-0.579771,-0.73610246,-0.5636753,-0.48092124,-0.6554881,-0.54111254,-1.6490816,-0.54690415,-0.48036596
GATTCATCAATTTAGC-1,-0.33359435,-0.9025944,-0.5603575,0.047571257,-1.111615,-0.37324607,-0.25389013,-0.18298572,0.8562293,-0.23776692,-0.3804109,-0.20983717,-0.3967005,4.459524,-0.26103312,-0.15929294
GATTCATCAGCAAGTG-1,-0.31140637,-1.0686837,-0.77838767,-0.075639084,4.562472,-0.36248913,-0.05730345,-0.24585825,0.6561182,-0.06188683,-0.13535307,-0.055576142,-0.4874724,-0.9157784,-0.27452984,-0.3882255
GATTCATCATAATCGT-1,-0.44604224,-0.7860784,-0.4506902,0.43311143,-0.6401942,-0.19482556,-0.41217113,-0.34716,-0.24762511,-0.26935762,-0.49449378,-0.5221995,-0.21562198,5.4078236,-0.5167233,-0.29775202
GATTCCTGTTATCCTA-1,-0.8783983,3.7076018,-0.8777252,-0.21543342,1.6947052,-1.2180214,-0.89838487,-0.93873477,0.32450837,-1.0343806,-0.92858195,-0.86430925,-1.2040879,5.006057,-0.6373928,-1.0374213
GATTGATGTGCGCATG-1,-0.76862353,1.4350855,-0.7135159,1.4311278,1.6870037,-0.89174527,-0.8226268,-0.8099118,-0.58286434,-0.83762676,-0.7210426,-0.77786577,-0.8265888,4.749455,-0.6862415,-0.8640192
GATTGGTTCCATCAGG-1,-0.3383379,-1.1034106,-0.6010301,0.07320973,4.7768087,-0.47338867,-0.19990492,-0.30082804,0.35795915,-0.21119465,-0.099809,-0.2922052,-0.4668041,-0.5542338,-0.20500827,-0.3618219
GATTGTTCAGGCATGA-1,-0.5056192,-0.34591466,-0.29681027,1.7017024,-0.48142695,-0.26875883,-0.61965936,-0.51815015,-0.9440191,-0.50742775,-0.47816634,-0.630701,-0.20146495,5.3161554,-0.7254154,-0.49432367
GATTGTTCATTGCGTA-1,-0.4070704,0.11810367,-0.39860135,0.06880151,-0.5852561,-0.23806916,-0.42444456,-0.32766652,-0.11849566,-0.34073675,-0.374175,-0.24877368,-0.42844546,4.3860874,-0.3761142,-0.3051437
GCAAACAAGGCGTAAA-1,-0.5835718,-0.961362,-0.72503877,0.0018573571,5.307287,-0.6966357,-0.4075591,-0.5060135,0.20678236,-0.41290626,-0.55877876,-0.47350734,-0.575439,1.458596,-0.4981766,-0.5755342
GCAAACAAGGCTACAT-1,-0.5368391,-0.7001893,-0.65742505,1.0607532,-0.3912331,-0.2408705,-0.4994076,-0.45216358,0.00067670643,-0.41564423,-0.57184833,-0.5638926,-0.34824648,5.2481847,-0.51876193,-0.4130931
GCAACAGCAGCATGTC-1,-0.42778876,2.610374,-0.3560514,-1.0224361,-1.1362618,-0.5279516,-0.43062446,-0.40872166,-0.29251245,-0.3815482,-0.4020911,-0.15802135,-0.57372916,4.4281526,-0.49821153,-0.42257664
GCAAGCCTCTAATCAG-1,-0.57205003,3.7951698,-0.30515563,-0.7396716,-0.9974859,-0.8297878,-0.62330794,-0.644764,-0.34097597,-0.69400495,-0.6154706,-0.3617219,-0.85482967,5.127911,-0.6237191,-0.7201359
GCAAGCCTCTGTAAGC-1,-0.51037747,-0.6760512,-0.67555654,0.37214178,-0.54145706,-0.40333512,-0.3898612,-0.37096566,0.53372824,-0.35845828,-0.5919173,-0.5304114,-0.38740084,5.364752,-0.46773016,-0.3670994
GCAAGTGCAGGAACTG-1,-0.52790874,-0.24947715,-0.35032445,3.0780296,-0.3225543,-0.45962095,-0.7339071,-0.64066625,-0.95413625,-0.6507044,-0.5136591,-0.7041111,-0.38916832,4.930088,-0.86680853,-0.6450709
GCAATATGTCTTGCTG-1,-0.31107014,-0.78985214,-0.67437035,0.6938654,4.309904,-0.54629636,-0.2237836,-0.39391878,0.19517906,-0.2421486,-0.40166098,-0.2049734,-0.5120288,-0.18596125,-0.30156767,-0.41131607
GCAATATGTGATGAGG-1,-0.66788626,0.9641535,-0.7207946,2.5308323,4.8936076,-0.3393813,-0.7022431,-0.708609,-0.90166116,-0.71702254,-0.7864577,-0.70288783,-0.6838573,-0.026880398,-0.7598245,-0.6710873
GCAATATGTTGGCGTG-1,-0.85810137,1.6520063,-1.0805595,1.3629541,1.8435037,-1.1813105,-0.8980883,-0.8902124,1.0971075,-1.0208502,-0.9028775,-0.85854405,-1.2051408,4.6549444,-0.6438018,-1.0710295
GCAATCTAGTCGCTAG-1,-0.7806359,3.0457397,-0.9873822,-1.4204293,3.3412786,-0.7812705,-0.85915416,-0.7765641,0.7607957,-0.9477334,-0.4662693,-0.6988599,-0.9164529,2.7812636,-0.410509,-0.88381684
GCAATCTAGTGTGATC-1,-0.51875246,-1.006974,-0.43812057,0.44345418,-0.051242515,-0.15627298,-0.49491045,-0.38003466,-0.14750263,-0.36633816,-0.53906024,-0.5648804,-0.29127997,5.338298,-0.47931615,-0.3470667
GCAATCTAGTTAGGCT-1,-0.8382204,4.550635,-0.3551053,-0.40737796,0.0279691,-0.95869344,-0.86714023,-0.8728932,-0.65924966,-0.9231269,-0.7667115,-0.7613419,-0.9263813,5.4710107,-0.83370095,-0.8796723
GCAATGTTCGCTATAA-1,-0.7955125,-0.30661696,2.309594,3.9639006,0.19387607,-0.9414267,-0.7161186,-0.76239115,-0.6273688,-0.7748787,-0.75879455,-0.84219193,-0.7503242,2.3228521,-0.7488653,-0.7657334
GCAGGCTTCCCTCAAC-1,-0.81379706,4.6751685,-0.36802837,-0.41441113,-0.2890032,-1.262033,-0.7951613,-0.89136845,0.42683685,-0.90060115,-0.88190776,-0.65105265,-1.3806658,5.1195335,-0.58184457,-0.99166435
GCAGGCTTCTTAAGTG-1,-0.8517557,4.7973514,-0.5746047,0.056144644,-0.26359904,-1.288236,-0.8914489,-0.93961513,0.7597455,-0.9805585,-1.008392,-0.7448672,-1.4033074,5.0772133,-0.628531,-1.1155387
GCATATATCGCTAGTG-1,-0.346562,-0.09073856,-0.5244539,0.6033056,4.6072125,-0.05759251,-0.41244677,-0.40580073,-0.3259558,-0.36024657,-0.12282968,-0.45651242,-0.45103082,-0.989655,-0.29883245,-0.36786106
GCCAACATCTCGCCCA-1,-0.514866,-0.5751642,-0.59880054,0.70876205,-0.17357299,-0.46970072,-0.45197544,-0.40962687,0.38416684,-0.42519328,-0.5747529,-0.49838617,-0.51861453,4.9462914,-0.38119242,-0.4473746
GCCAATAGTGGTTAGC-1,-0.9357276,4.594231,0.5649011,-0.31251216,0.17733842,-1.2673862,-0.95368755,-0.9874573,-0.124845386,-1.050841,-0.92004824,-0.7921477,-1.2901359,5.130261,-0.7393605,-1.0925816
GCCACAATCCGGTATG-1,-0.3144508,-1.2015797,-0.70429176,-1.7422839,4.425124,-0.58417267,-0.07202405,-0.16264421,0.89228016,-0.18954472,0.15430158,-0.20795289,-0.49861833,0.60503757,0.013554484,-0.41273478
GCCACACAGTCAGGCC-1,-0.88402385,-0.91380805,1.9650775,4.70567,0.06651904,-0.6792399,-0.76936483,-0.7785923,-0.8216072,-0.83781123,-0.82602084,-0.9232647,-0.7338241,2.9817944,-0.7858279,-0.7656763
GCCAGGTTCCTAGTTT-1,-0.90665686,4.5298796,-0.71129876,0.0272334,0.8069605,-1.2920659,-0.96479523,-0.97447705,0.48784107,-1.0612737,-0.98664665,-0.8752704,-1.356212,5.102942,-0.6638136,-1.1623462
GCCAGGTTCGAGGAAC-1,-0.40118545,-0.9450197,-0.07382792,0.15852171,-0.76880366,0.123191856,-0.39741462,-0.32033807,-0.48860508,-0.2472828,-0.3678236,-0.44240427,-0.10109654,4.940249,-0.5176064,-0.15055418
GCCCAAATCGTGCTAG-1,-0.7396101,3.7208529,-0.89647734,-0.69557524,0.018686432,-1.1460648,-0.7231258,-0.8358388,1.9293294,-0.9238082,-0.8237076,-0.62214553,-1.343865,4.5142326,-0.44184676,-0.99103606
GCCCGTTGTTCGGGAT-1,-0.69778824,-0.4399726,-0.47959164,3.477799,0.44422615,-0.5487752,-0.72762156,-0.75974464,-1.0274397,-0.6739346,-0.575297,-0.77237153,-0.46807864,4.7634034,-0.82321286,-0.69159985
GCCCTCATCCGCCTCA-1,-0.7095952,-0.4704721,-0.9364517,2.454841,0.3045135,-0.8459298,-0.54570174,-0.6601475,1.499393,-0.6065708,-0.75588745,-0.5674013,-0.7430549,3.700264,-0.4257643,-0.6920348
GCCGTGAGTAGTTACG-1,-1.1179692,4.525095,-0.45428136,4.681283,4.806906,-0.55248123,-1.3265847,-1.1718107,-1.7856227,-1.142831,-1.0551268,-1.2887547,-0.8762038,-0.6392513,-1.4320871,-1.1702794
GCCTAATAGTGGCGGA-1,-0.52957666,-0.077564985,-0.63419867,0.9610599,5.106936,-0.5496259,-0.53802204,-0.5423876,-0.3496794,-0.5601792,-0.5768678,-0.54063314,-0.54937965,0.46592975,-0.5497768,-0.53603363
GCCTGACAGTTTCCTG-1,-0.57781196,0.07678989,-0.6912881,-0.14894885,0.44847322,-0.9970671,-0.5407269,-0.50360775,2.0480826,-0.67049956,-0.70863676,-0.331798,-0.9678761,4.4470315,-0.24514988,-0.6369662
GCCTTGCGTTGCCTCA-1,-0.30857408,-1.0754563,-0.7556298,0.07310122,4.147954,-0.613813,-0.15792206,-0.2736193,0.7212992,-0.21847892,-0.2361713,-0.15192926,-0.57003915,0.11498442,-0.27276313,-0.42294246
GCCTTGCGTTTACTTG-1,-0.85711884,-1.0703304,1.4452732,5.1450276,-0.041193143,-0.78774166,-0.7875058,-0.7754037,-0.63722354,-0.826801,-0.9008489,-0.9544666,-0.7884406,3.4358253,-0.75362694,-0.8454255
GCCTTTATCATGACCG-1,-0.38141352,-0.9438096,-0.6317959,-0.5512511,5.627357,-0.49253982,-0.22067952,-0.34812775,0.43190458,-0.18803513,-0.23247042,-0.2922671,-0.49510452,-0.5894582,-0.28659213,-0.40571722
GCCTTTATCTCGCCTG-1,-0.50412214,-0.8774137,-0.5649065,0.04779032,-0.42046803,-0.33887523,-0.38009065,-0.33337903,0.7945286,-0.32671666,-0.56664497,-0.41334033,-0.42981946,5.008064,-0.3654077,-0.3291986
GCCTTTGGTCAATAGT-1,-0.07918315,-0.095153585,-0.009195127,-2.6018322,-1.7742124,0.054451667,0.033748835,0.08678409,0.4693359,0.06676839,0.015434705,1.5402243,-0.14943688,2.4518533,-0.06151341,0.051925387
GCGAAGCCAACAGGTG-1,-0.32735217,-1.1200421,-0.6757531,-1.0132467,4.56627,-0.62034804,-0.17803492,-0.25796896,0.6092713,-0.26383895,-0.037574932,-0.26157922,-0.5256262,0.67546386,-0.15641193,-0.41322768
GCGAAGTAGCAAGATG-1,-0.46962637,-0.87911403,-0.5284788,-0.14242736,-0.39187884,-0.27004907,-0.37451375,-0.31142884,0.545753,-0.31591636,-0.5335503,-0.39350045,-0.4019357,5.1232953,-0.3572955,-0.2993327
GCGATTAGTTCCTGTG-1,-0.10485334,-1.0465151,-0.6811475,-2.319608,4.0128355,-0.3973884,0.05653724,-0.0925886,1.194299,0.004732698,1.1514698,-0.0037642047,-0.4980744,-1.4518849,0.43486732,-0.2589175
GCGCAAACATAATTGC-1,-0.5385184,-0.7473112,-0.56578636,0.57324624,-0.4326406,-0.26705813,-0.47056055,-0.42335838,-0.025784992,-0.35714608,-0.5929751,-0.5962993,-0.2816761,5.6607275,-0.5418006,-0.39305794
GCGCTAGGTCAAAGGG-1,-0.6825764,1.742482,-0.6481124,1.0549072,0.8450929,-0.7938114,-0.7741402,-0.7536274,-0.7757937,-0.7607821,-0.602783,-0.6977522,-0.7522945,5.1206274,-0.76024914,-0.76118696
GCGCTAGGTTCCATTA-1,-0.89485,3.174868,-0.35296947,1.4601516,4.6803927,0.44561523,-0.92411363,-0.78795505,-1.1566571,-0.7167812,-0.4147883,-1.0130227,-0.83907104,-1.1940972,-0.7978371,-0.66888475
GCGCTTGCACAAAGCG-1,-0.60933226,-0.5474272,-0.6144111,1.5721065,-0.3320276,-0.45147437,-0.52060866,-0.5665449,-0.66201884,-0.4540667,-0.565939,-0.66909873,-0.32090914,5.963532,-0.68137026,-0.54040915
GCGGAACCAGCTCAAC-1,-0.5532385,-0.68070406,-0.6310643,1.6199926,-0.2422418,-0.5278645,-0.529778,-0.49230176,-0.31294152,-0.47298473,-0.57865274,-0.63348246,-0.45270848,5.620358,-0.5710007,-0.5613867
GCGGAACCAGTTATCG-1,-0.6093526,-0.44621718,-0.626845,2.249472,4.4731245,-0.45484826,-0.49223074,-0.56486475,-0.38381958,-0.5671054,-0.6230041,-0.62980115,-0.54314053,0.30442345,-0.50866294,-0.5771276
GCGGATACAAGGGTTG-1,-0.64984965,0.16408604,-0.76026654,-1.1073779,4.01295,-0.5636879,-0.7254341,-0.5465442,0.6290472,-0.7073316,-0.58145106,-0.7002477,-0.64816475,3.3216758,-0.46399635,-0.6734072
GCGGTTATCACCTGTC-1,-0.6197466,2.6944687,-0.7618795,1.1851727,-0.34324303,-0.8458176,-0.68431246,-0.7496883,-0.5926216,-0.684442,-0.6153099,-0.663448,-0.7331136,4.789368,-0.63474995,-0.7406368
GCGGTTATCCTAATAG-1,-0.4777091,-0.875253,-0.73930335,-0.0608041,5.702478,-0.6427252,-0.38845077,-0.4204805,0.3173208,-0.4231395,-0.5071343,-0.35732496,-0.5591404,0.32448024,-0.41822648,-0.4745875
GCGTTTCTCATGCTTT-1,-1.1390666,4.946273,-0.57989424,3.914228,5.079564,-0.12449974,-1.1910521,-1.060457,-1.4039477,-1.0749688,-1.2116777,-1.2335306,-0.8847592,-1.7494236,-1.4375618,-0.84922683
GCTAACAGTGGTTCCC-1,-0.63543314,0.57104605,0.45852515,3.3460789,-0.458951,-0.8845595,-0.59681267,-0.722403,-0.16279541,-0.6350407,-0.67524624,-0.56306255,-0.6376703,2.9743967,-0.59784806,-0.7802242
GCTAAGAAGGAAGCTA-1,-0.33327475,-0.79843926,0.1178642,-0.108261496,-1.0991781,0.046277,-0.35482028,-0.24881658,-0.63576436,-0.21068913,-0.2963014,-0.2344876,-0.06872341,4.9245653,-0.58918047,-0.11076963
GCTAAGAAGGTCCGTA-1,-0.5730183,-0.7168438,-0.61872166,0.044680826,-0.43189597,-0.32878515,-0.5018722,-0.4492522,0.5763676,-0.3937112,-0.6297197,-0.5384383,-0.3847896,5.8323855,-0.43691742,-0.44946837
GCTAAGTTCATTACTC-1,-0.60607386,-0.37816823,-0.67500174,1.8563241,4.799038,-0.50207067,-0.53314114,-0.5031861,-0.36774045,-0.6205302,-0.6002631,-0.6242597,-0.5858448,0.43959552,-0.5731302,-0.52554744
GCTATAGGTGATTACG-1,-0.4472727,1.4700333,-0.56161284,0.8754202,-0.91602576,-0.4708564,-0.5767404,-0.47413006,-0.4100574,-0.518955,-0.50118184,-0.40612164,-0.5573424,4.5577617,-0.5317341,-0.53118443
GCTATAGGTTTCCACG-1,-0.8822143,3.3680444,-0.8736485,3.8327956,4.7926245,-0.5879195,-1.0856957,-1.0080961,-1.3856202,-0.9965738,-1.0026628,-1.0171908,-0.8355415,-0.23903802,-1.1775389,-0.9017248
GCTATAGGTTTCCGGC-1,-0.2959668,-0.72791755,-0.2695428,-0.09838633,-1.0582522,0.032854274,-0.36590052,-0.23602153,-0.23562749,-0.24190052,-0.3016768,-0.13972594,-0.22889502,4.7070417,-0.37842095,-0.16166134
GCTATCCTCATCACTT-1,-0.55924827,2.2459927,-0.66037846,1.8475964,4.2870774,-0.3273604,-0.620408,-0.578709,-0.6016942,-0.64274585,-0.59782684,-0.664916,-0.647219,-1.3619734,-0.6134098,-0.5047772
GCTATCCTCCGCACAA-1,-0.5842724,-0.9279114,-0.53609157,0.2655517,-0.22366448,-0.42600298,-0.4937781,-0.4381225,0.87684757,-0.41343355,-0.6653355,-0.57131743,-0.46452266,5.4553156,-0.4026742,-0.45058858
GCTCACAAGGTAAGCA-1,-0.54542375,1.9774975,-0.62603116,0.24059203,-0.5770836,-0.5643775,-0.60652745,-0.54255116,-0.065518185,-0.57397306,-0.53319174,-0.41564333,-0.6966205,4.572949,-0.46584904,-0.5782479
GCTCTGGCAGGATTAA-1,-1.0067471,-0.3183834,1.6385398,4.7582126,1.4151758,-1.0265219,-0.89234626,-0.89782447,-0.45629042,-0.9924214,-1.0320228,-1.0418639,-1.0737486,2.7165906,-0.83542943,-0.9549192
GCTGCACAGTCATTAG-1,-0.83856946,5.2828693,-0.5650581,-0.17885081,-0.66217333,-1.2848921,-0.85505706,-0.9478053,0.024725735,-0.9423789,-0.9751104,-0.6688371,-1.3976899,5.7511053,-0.70733863,-1.0349382
GCTGTAAGTAAACAAG-1,-0.4767611,-0.9012778,-0.47336525,-0.11751993,-0.64791274,-0.18311867,-0.41191155,-0.35209763,0.18924877,-0.27440345,-0.51400155,-0.49005347,-0.25352907,5.6463003,-0.43910927,-0.30048773
GCTGTAAGTCTATCGT-1,-0.62609535,-0.6131411,-0.6136499,3.1853037,5.37343,-0.5402528,-0.6290587,-0.5576593,-0.27268726,-0.6803175,-0.791847,-0.6940062,-0.6772002,-0.68183416,-0.6064467,-0.57453746
GCTGTGCAGAGGAGTC-1,-0.56381035,-0.48964155,-0.7350616,2.7500865,-0.31467253,-0.7301171,-0.70610684,-0.6739468,-0.20344268,-0.63575566,-0.6110591,-0.63341385,-0.64265615,5.4898787,-0.52768767,-0.77259344
GCTTACCTCCGGTTGA-1,-0.22188875,-0.23246604,-0.63430375,-1.3521357,3.8194714,-0.6479427,-0.17436905,-0.19328347,0.91851526,-0.291851,0.24541676,-0.28032595,-0.6376544,-0.0068182833,0.061596356,-0.37196088
GCTTAGTAGCGAGCGA-1,-0.79137224,4.4468055,-0.5802314,-0.0835882,-0.24352206,-1.2126712,-0.898485,-0.9105961,-0.0054967254,-0.9433871,-0.89613986,-0.7584707,-1.12564,5.6530547,-0.6593794,-0.99088055
GCTTAGTAGGTTTGCG-1,-0.61339307,-0.85299766,-0.19581142,0.41282097,-0.40357277,-0.13866073,-0.511731,-0.47026297,-0.6930593,-0.35240915,-0.5275358,-0.60976756,-0.06914212,6.1463428,-0.76212585,-0.35869393
GCTTATCGTTCCGGGA-1,-0.4124905,-0.45055938,-0.6654225,-0.3375716,-1.2895236,-0.44322532,-0.29865932,-0.2685132,1.3762975,-0.3072288,-0.5157761,-0.20860308,-0.564308,4.9394298,-0.28903896,-0.2648067
GCTTCGCGTGATTACG-1,-0.88312835,-0.23046818,1.6103141,4.455741,0.33273774,-0.94637525,-0.91064095,-0.86085314,0.25792897,-1.0445051,-1.0603584,-0.97647554,-1.0925947,3.0041773,-0.6567339,-0.9987656
GCTTGACCAGGATAAC-1,-0.5640832,0.26199728,-0.8289758,1.69037,-0.3262303,-0.6686499,-0.53887105,-0.6277425,0.12389435,-0.60070646,-0.56018245,-0.55329776,-0.6735749,4.929956,-0.43390158,-0.63000154
GCTTGACCAGGCGATA-1,-0.46342093,-0.73420495,-0.13102579,0.5193825,-0.35264802,-0.22465664,-0.44483054,-0.3422963,-0.25743228,-0.3312388,-0.491826,-0.45938438,-0.31177443,4.7984543,-0.44966137,-0.32343647
GCTTTACGTTACAACG-1,-0.400334,-0.24962184,-0.64594126,0.1713125,5.1012735,-0.43179327,-0.42656195,-0.4017359,-0.08123962,-0.42988378,-0.25092092,-0.4469415,-0.46358675,-0.34661108,-0.29212317,-0.40529066
GCTTTGTGTCCTAATC-1,-0.4209553,-1.0407246,-0.6504396,-0.37108815,5.0252175,-0.63708097,-0.37346047,-0.35285556,0.30560786,-0.4760489,-0.20685358,-0.46948755,-0.5842762,0.9495821,-0.2338971,-0.46323973
GCTTTGTGTTTCGCGC-1,-0.6313162,-0.64799553,-0.7232388,2.6305814,4.6698933,-0.71301866,-0.57418346,-0.5010853,0.13552189,-0.56413484,-0.7045484,-0.6960281,-0.7138891,0.24248382,-0.5735927,-0.6354495
GGAAACTCAGGCTTCG-1,-0.86757886,2.33976,-0.5468395,3.7267609,4.758973,-0.51654696,-0.9968673,-0.8538587,-1.0565875,-0.89239633,-0.92319655,-0.94715893,-0.7845832,-0.6074696,-1.0379351,-0.7944752
GGAACCACAATTGAGA-1,-0.5509349,-0.8315506,-0.55791277,0.49808344,-0.45411795,-0.40187183,-0.48411888,-0.44467127,0.27213466,-0.38829318,-0.60950375,-0.58852744,-0.3205122,5.792774,-0.5079843,-0.42299312
GGAACCTGTAGTCAAT-1,-0.5893551,-0.59439135,-0.66833174,2.1428187,-0.52267057,-0.48913294,-0.5182937,-0.6242206,-0.17448679,-0.46753109,-0.55414516,-0.5879858,-0.26684994,5.032822,-0.5349334,-0.58331275
GGAAGCTAGTTTAACG-1,-0.5343497,0.73411185,-0.43574724,2.3740518,2.4301302,-0.5083528,-0.5106514,-0.5384498,0.19202647,-0.54813987,-0.6142271,-0.53171,-0.6885272,0.27348986,-0.54513156,-0.5485236
GGACGGATCCTAAATG-1,-0.7772454,4.6402617,-0.7445085,-0.24124435,-0.84574366,-1.0220852,-0.80573237,-0.8110043,-0.35368398,-0.92319334,-0.86352086,-0.5421543,-1.0084833,5.980033,-0.7118225,-0.96987283
GGAGCAAGTATTGGTG-1,-0.48245955,0.12278007,-0.62128997,1.9259716,4.8423047,-0.5129311,-0.5571864,-0.560071,-0.5632919,-0.6308666,-0.6196871,-0.5515358,-0.62194484,-0.11332779,-0.56313425,-0.49332994
GGAGCATAGAGGGACT-1,-0.522078,-0.996463,-0.71682864,-0.17061199,5.1096687,-0.73217875,-0.44093406,-0.42107803,0.16782051,-0.5449563,-0.44565058,-0.53813845,-0.6290792,1.8043729,-0.35854822,-0.56531686
GGAGTCTGTAGCTGGT-1,-0.37541983,0.06917133,-0.6744506,-1.2144494,3.8596146,-0.7484642,-0.28038782,-0.25954595,0.8603385,-0.40205708,-0.04464461,-0.4004095,-0.6957743,0.8554802,-0.024392072,-0.52460915
GGATAACCACTTCACT-1,-0.25485432,-0.74066037,-0.40605754,-0.21286266,-1.6703721,-0.11027138,-0.24668543,-0.19534175,0.35952583,-0.1824906,-0.2889865,-0.03914477,-0.29882646,4.628653,-0.23146383,-0.11016096
GGATGAATCATGAGCT-1,-0.45534438,-0.78401756,-0.21088178,-0.11738764,-0.575112,-0.30456334,-0.38402206,-0.3180228,-0.17154057,-0.25470537,-0.5024215,-0.41294855,-0.22583969,5.49278,-0.500687,-0.27528602
GGATTCAGTTACTTCA-1,-0.59264255,-0.6030623,-0.73722804,0.7169392,-0.08808319,-0.6843314,-0.5267124,-0.5064002,0.96756995,-0.5067289,-0.6627246,-0.55807745,-0.4841393,5.274984,-0.44530478,-0.5640576
GGATTGCGTGTTTCAC-1,-0.82046413,0.36563388,-0.7397347,0.24910553,5.195863,-0.9204586,-0.9792437,-0.8607297,-0.67933905,-0.9299099,-0.9172184,-0.82577306,-0.9411641,4.7819343,-0.901715,-1.0767868
GGCATGGAGCAGCTCA-1,-0.44144607,-0.48289907,-0.33381784,0.9963779,-0.789177,-0.25640684,-0.46573418,-0.37228495,-0.27635753,-0.3125801,-0.47046733,-0.46060574,-0.31297988,4.8076777,-0.4781673,-0.3511318
GGCATTAGTCCCGAAG-1,-0.16461706,-0.8726074,-0.72732073,-2.0405598,4.0972147,-0.53425014,0.011733472,-0.10038836,1.2414724,-0.13665235,0.7101631,-0.13439785,-0.4969253,-0.8884535,0.35380667,-0.318218
GGCATTGTCACTAAGC-1,-0.53289413,-0.55571914,-0.60131276,-0.065909445,-0.7742691,-0.4662926,-0.37614915,-0.3521029,1.4737754,-0.3564119,-0.5904157,-0.28768903,-0.63786364,4.749853,-0.26137674,-0.36522233
GGCCAACTCCCTGACT-1,-0.6109226,0.9372554,-0.7576066,2.0918617,4.3585505,0.1102231,-0.6247937,-0.616756,-0.7842146,-0.6081144,-0.7011666,-0.59941,-0.59977895,-0.40823328,-0.6859285,-0.50096565
GGCCAACTCCGCAACA-1,-0.6460525,0.4748632,-0.2894618,2.4052067,2.8440886,-0.6974483,-0.6203931,-0.62949896,-0.20946643,-0.7165029,-0.6698885,-0.69713575,-0.74716115,1.4381822,-0.5635343,-0.67579687
GGCCATCAGCGATAAG-1,-0.58687365,-1.221869,-0.89954597,-0.40274736,5.1087537,-0.8796023,-0.4156499,-0.37505925,0.5029125,-0.47072732,-0.5732818,-0.47700113,-0.67050433,2.5839992,-0.5127093,-0.7100941
GGCCTTAAGGATAAAC-1,-0.8104613,-1.0481821,1.0550327,5.4796553,-0.37088773,-0.9619112,-0.92322505,-0.8930032,-0.14094256,-0.92645097,-0.9300232,-0.9629371,-1.0023196,4.151155,-0.7528342,-0.9626646
GGCTAGACACCTAATG-1,-0.8335631,-1.0036765,1.6492249,5.813729,-0.79484904,-0.9834701,-0.98427474,-0.9434105,-0.79213214,-0.8969418,-0.9148494,-1.0208719,-0.9057455,4.4486623,-0.889583,-0.94824827
GGCTAGTGTACGCGCA-1,-0.18906578,0.010466598,-0.48052204,-2.615154,4.15359,-0.62199116,-0.22664528,-0.2420874,1.1536834,-0.26812828,0.8004586,-0.4088537,-0.6333267,-0.5277798,0.49697596,-0.40162086
GGCTATTAGCAGCTCA-1,-0.5891324,-0.63556063,-0.22238955,-0.009943664,-0.41415092,0.033393357,-0.5400597,-0.45997933,-0.71798897,-0.3527369,-0.55803144,-0.66089296,-0.0924716,6.272291,-0.71589017,-0.33645597
GGCTCAATCATCCTAT-1,-0.8719105,0.6569029,-1.22501,1.1615665,-0.1302746,-0.99082255,-0.67904884,-0.8347005,3.3745728,-0.9282655,-0.9418491,-0.6706925,-1.1431104,4.56429,-0.4530617,-0.88858587
GGCTGTCAGGCTAGAA-1,-0.43262786,-1.1624418,-0.6950084,0.04176123,5.3166623,-0.594353,-0.22891964,-0.28886497,0.66233087,-0.28646648,-0.3722691,-0.36065495,-0.5262581,-0.3643129,-0.28586102,-0.42271608
GGCTTCAAGAGAAGGG-1,-0.44133118,-1.114483,0.09568539,-0.050654978,-0.8356309,0.1272246,-0.42066488,-0.32575133,-0.7047373,-0.2226764,-0.33899143,-0.4145296,0.0090027,5.51061,-0.7172508,-0.15582132
GGGATAATCCAGGTCA-1,-0.7275179,0.33274436,2.0022342,3.7566342,1.0969999,-1.0044918,-0.78489876,-0.81199664,-0.46156877,-0.85730094,-0.86296356,-0.91268224,-0.8515349,1.6360128,-0.7055217,-0.8441486
GGGATTAAGGGACGCA-1,-0.598974,-0.81356716,-0.43159154,1.3962435,-0.4238535,-0.30236045,-0.5794661,-0.5274966,-0.62695956,-0.42437688,-0.5471704,-0.6592175,-0.20275295,5.8775067,-0.6481062,-0.4878581
GGGCATGAGACAAGTG-1,-0.3701095,-0.7640474,-0.3932265,0.21210009,-1.0120089,-0.1780229,-0.3592611,-0.27815855,0.2455395,-0.2508719,-0.4111219,-0.29652494,-0.3503694,4.747297,-0.32624418,-0.21496885
GGGCATTGTTGGTTAG-1,-0.52232265,-1.157534,-0.8821069,-0.23770481,4.741705,-0.7239994,-0.23786423,-0.350744,0.56370604,-0.38338855,-0.43847844,-0.27669907,-0.5910207,1.4598273,-0.39339575,-0.56998
GGGCTAACAACCTGGT-1,-0.46592486,-0.62894106,-0.43337798,-0.033410415,-0.60228723,-0.17762963,-0.4384061,-0.37412268,-0.1905102,-0.31388134,-0.49580765,-0.4601056,-0.23729368,5.662857,-0.47090912,-0.3402502
GGGCTAACACCTAATG-1,-0.5501107,-0.55325,-0.76659715,1.5839609,4.207329,-0.71287346,-0.33573717,-0.37492305,0.3887329,-0.41840863,-0.5150398,-0.47641742,-0.67202324,0.18493299,-0.44190693,-0.5476679
GGGTATTTCGCTAAGT-1,-0.43476346,0.64106745,-0.62156117,0.3622563,-0.7994901,-0.5642001,-0.3850285,-0.46048075,0.1342793,-0.35098633,-0.48918116,-0.36707312,-0.42503116,4.6153374,-0.39828345,-0.4568609
GGGTCAACACAGAAAC-1,-0.81860185,5.4554863,-0.5109347,-0.38132617,-0.19848645,-1.3426472,-0.95787764,-1.0103745,0.067704074,-1.0040907,-1.0102519,-0.7967572,-1.4307472,5.817092,-0.7502886,-1.1278983
GGGTGTTGTTAGCTGA-1,-0.6222293,-0.08216238,-0.74745643,1.7592251,-0.38982794,-0.708955,-0.5809303,-0.57480055,1.1398871,-0.5210293,-0.75109166,-0.5454835,-0.7406661,4.421313,-0.42524576,-0.6305471
GGTAACCGTAATGGCC-1,-0.6411316,-0.5419725,-0.45949626,1.1445515,-0.30284417,-0.33258283,-0.5666173,-0.5842719,-0.8172306,-0.46479183,-0.5890382,-0.67666,-0.22181587,6.3569875,-0.7755407,-0.52754533
GGTAAGGGTGACATAT-1,-0.30661798,-1.0996842,0.14346048,-0.19177681,-1.3323078,0.21607795,-0.3735094,-0.24609691,-0.6646519,-0.20161206,-0.24465066,-0.25950873,0.031218886,5.1968055,-0.59054893,-0.07659736
GGTACCGGTCATTACC-1,-0.26077485,0.020906467,-0.5313812,-0.80808413,4.1387444,0.05237782,-0.35241652,-0.35399622,0.13463607,-0.34201777,0.53177875,-0.3624308,-0.44270146,-1.1726124,0.053588595,-0.3056171
GGTACTAGTGTTGCAA-1,-0.80043876,2.384678,-0.6165183,3.3392873,4.891773,-0.24989137,-0.9315373,-0.8425633,-1.1288228,-0.8554733,-0.9093659,-0.8826939,-0.68702716,-0.98062325,-1.04909,-0.6816934
GGTAGGAGTGATGAGG-1,-0.452871,-0.9842216,-0.3468412,0.36745882,-0.56472087,-0.27924752,-0.4143705,-0.31095088,0.30186856,-0.32752672,-0.51173043,-0.45876274,-0.39891115,5.0339823,-0.3798931,-0.2732622
GGTAGGAGTGTTAGCA-1,-0.517429,-0.31042272,-0.54994404,0.88772297,-0.33649394,-0.44743523,-0.45657983,-0.5005145,-0.25032547,-0.40680107,-0.5176549,-0.50744295,-0.291428,5.20132,-0.47853926,-0.5180323
GGTCAAGCAGAGGGAG-1,-0.5234771,0.13351323,-0.7245086,1.4647424,5.060847,-0.5639326,-0.58416647,-0.58161014,-0.41353846,-0.6267501,-0.63447905,-0.52988493,-0.64347637,0.24703652,-0.5449764,-0.53533924
GGTCAAGCAGGTTTGC-1,-1.1503832,0.2870718,7.424714,5.987884,-1.1855783,-0.9770736,-1.1161466,-1.4307415,-2.2004201,-1.1359792,-0.6800011,-1.7047286,-0.89903885,1.0706235,-1.367722,-0.9224804
GGTCAGGAGCGAGTAA-1,-0.5708173,-0.745109,-0.4444245,0.62463313,-0.31313562,-0.4234125,-0.51300114,-0.46634215,-0.19522409,-0.39984095,-0.6220944,-0.61796755,-0.27461123,6.018653,-0.60122377,-0.4560817
GGTCAGGAGGGTGAAC-1,-0.44548213,-0.69003206,-0.46952546,0.2997203,-0.6205843,-0.33199507,-0.38351005,-0.3592319,0.3470322,-0.31095502,-0.5271855,-0.45526063,-0.37174195,5.032945,-0.3903088,-0.32388452
GGTCATTAGTCGCTAG-1,-0.73517376,-0.5218188,-0.4634164,2.0138311,-0.18399867,-0.3206182,-0.72261167,-0.71711713,-1.0014999,-0.6107539,-0.6050672,-0.82272196,-0.19825408,6.440516,-0.9220704,-0.6292251
GGTCTTTGTAACGAGG-1,-0.59833324,-0.6621548,-0.39729556,0.8440821,-0.50628674,-0.16351369,-0.56325877,-0.51000416,-0.6897341,-0.3869733,-0.5647042,-0.6673006,-0.11694354,6.1379004,-0.7230785,-0.43240097
GGTGAGGTCGGTTTCC-1,-0.49010703,-1.1090914,-0.8311322,-0.75299776,4.9132905,-0.7445468,-0.22061048,-0.31752715,0.48497358,-0.35519838,-0.38322896,-0.3005461,-0.5691656,1.6143076,-0.3781518,-0.5602679
GGTGATTTCGGTCATG-1,-0.29589415,-0.7118901,-0.60996664,-0.64109755,5.436208,-0.4194747,-0.3032362,-0.32115284,0.12487121,-0.31791607,-0.17052257,-0.2931037,-0.4798338,-0.47124973,-0.19682446,-0.32891643
GGTGCTGGTCCTAATC-1,-0.7674507,-0.057516918,-0.9968358,0.37255856,-0.489893,-0.98692644,-0.56742454,-0.56017506,3.0962975,-0.6541647,-0.9301251,-0.41528782,-1.0580809,5.0395794,-0.3035526,-0.7210021
GGTGCTTCACCGGCTA-1,-0.501072,-0.76688147,-0.7797735,-0.32805204,4.309208,-0.7691841,-0.35015833,-0.3204258,0.50776345,-0.41837102,-0.3586955,-0.42787796,-0.6930388,1.7957252,-0.34187222,-0.55729353
GGTGTGACACCGGTAT-1,-0.8635727,3.0330641,-0.78351986,3.093081,4.62205,-0.08237181,-0.93075955,-0.919702,-1.3613151,-0.93575877,-0.90039897,-0.9944105,-0.74001825,-0.22593176,-1.1630437,-0.84739137
GGTTAATGTGGATTAT-1,-0.4005074,-0.9743741,-0.6913173,-0.17150997,5.3454895,-0.5142023,-0.18346256,-0.3167796,0.45752078,-0.19664443,-0.32524645,-0.26113993,-0.46061516,-0.63408846,-0.27288032,-0.40024275
GGTTACCCAACAGGTG-1,-0.7311992,5.064562,-0.40167356,-0.572965,-0.91533536,-1.2339745,-0.830293,-0.8880898,0.15052131,-0.85232246,-0.9216353,-0.56695426,-1.3252454,5.675167,-0.6615226,-0.98903936
GGTTACCCAACGTGCT-1,-0.28352442,-0.7441063,-0.09972483,-0.6588627,-1.4696742,0.023190409,-0.27347663,-0.16446024,-0.10430783,-0.13954648,-0.26520863,-0.08605564,-0.18449211,4.8501244,-0.33503494,-0.064840466
GGTTACTAGTCACTAA-1,-0.5834637,-0.58569974,-0.8132774,1.5656923,4.4173856,-0.5459319,-0.5106097,-0.57660544,-0.38957334,-0.543008,-0.61924165,-0.47517818,-0.6617479,1.3593966,-0.53123856,-0.5068987
GGTTAGCGTGAGACTC-1,-0.809782,5.0378013,-0.47574666,-0.37431422,-0.075013876,-1.2611012,-0.90824115,-0.982007,-0.19388944,-1.0098568,-0.93094635,-0.7747345,-1.2643303,5.781352,-0.72754216,-1.0316476
GGTTCCCGTGCTCACC-1,-0.77094805,-0.37865683,-0.41648373,5.1959424,-0.13637957,-0.9318161,-0.8385978,-0.88762176,-0.41998383,-0.7572057,-0.8273462,-0.8155941,-0.82596564,4.4364214,-0.76046014,-0.8653047
GGTTGCGGTCAAGTAT-1,-0.6224512,-0.5769887,-0.47696763,1.4510739,-0.33972555,-0.40409833,-0.58921754,-0.59746844,-0.77622545,-0.46110106,-0.58216923,-0.6731476,-0.2245882,6.175,-0.7250977,-0.57682717
GGTTGCGGTTGCTGGG-1,-0.3891937,-0.86878115,-0.39414734,-0.4187671,-0.7904053,-0.102969065,-0.34369516,-0.28663456,-0.05999638,-0.2174673,-0.3955549,-0.33301187,-0.18223481,5.422564,-0.4098575,-0.22984819
GGTTGCTCAGGACACA-1,-0.57452494,-0.18659137,-0.7782828,0.5083241,-0.16091381,-0.7543101,-0.46814513,-0.49050766,1.2392832,-0.49558562,-0.65011996,-0.48108304,-0.59171444,4.8293276,-0.3825807,-0.56257504
GGTTGGTGTTTCGCGC-1,-0.81573343,3.2796974,-0.48114452,2.9476342,4.799586,-0.075844824,-0.94652367,-0.8059335,-1.1195953,-0.88213074,-0.86904085,-0.9303874,-0.6636857,-1.7287439,-1.0372539,-0.6709001
GGTTTCCTCGCACACA-1,-0.6926042,-0.7919762,-0.8207935,0.64295495,5.404245,-0.8662816,-0.5726278,-0.61219394,-0.14628206,-0.6627923,-0.73302925,-0.59721804,-0.6616756,2.3609998,-0.5679729,-0.68275213
GGTTTCTGTAAGGTCC-1,-0.6768863,4.1697764,-0.82236254,-0.27209884,-0.8352337,-1.0961775,-0.6983818,-0.79280347,0.18225041,-0.7764955,-0.75372416,-0.5424547,-1.0542927,5.351283,-0.5619256,-0.82047355
GTAAAGCCACCAAAGG-1,-0.6022933,-0.79369956,-0.5261908,0.9017422,-0.03177067,-0.5777431,-0.5828306,-0.54864204,0.2048982,-0.45520425,-0.6791082,-0.6574494,-0.37746322,5.8840685,-0.588651,-0.5696629
GTAAGCAAGTGCACGC-1,-0.41862267,-0.935197,-0.5224093,-0.689135,6.030418,-0.5340243,-0.41450334,-0.34072858,0.544298,-0.3694117,-0.39462745,-0.4604985,-0.57094854,-0.1467674,-0.29556143,-0.48228073
GTACACCCAGTCTATG-1,-0.7048464,0.99289805,-0.7607744,0.8964902,0.5018862,-1.0709953,-0.68845904,-0.74122375,2.1583836,-0.8312485,-0.8733264,-0.5495847,-1.2145072,4.1170835,-0.32810062,-0.9036754
GTACCTTGTATTGTCC-1,-0.65268576,0.28690985,-0.21009366,3.4877706,5.1210136,-0.34041524,-0.7857783,-0.7375711,-0.94587374,-0.91944265,-0.84609497,-0.7561957,-0.7558648,-0.42981613,-0.81163394,-0.70422757
GTACTAGGTATCTGGA-1,-0.53786653,-0.4865631,-0.5590775,0.5109483,-0.19321665,-0.36897776,-0.51347727,-0.45584673,0.10386555,-0.41465306,-0.5852688,-0.49974644,-0.41639626,5.3030787,-0.42374963,-0.46305263
GTACTAGGTTTATGGG-1,-0.66663414,-1.0919259,-0.85175544,0.15554547,5.490343,-0.89640963,-0.49086815,-0.52863353,0.1166659,-0.6014992,-0.64068526,-0.51536304,-0.68060863,2.3899922,-0.523431,-0.66473293
GTAGGAGGTGGGAACA-1,-0.5269459,1.0428661,-0.6385597,1.4773284,4.7357745,0.255705,-0.5410159,-0.58433735,-0.6441425,-0.47593904,-0.41899478,-0.6318667,-0.47558248,-1.5701092,-0.5122617,-0.49191839
GTAGGCGAGTAACAGG-1,-0.44212306,2.6928134,-0.44906002,-1.3288372,-1.6102484,-0.46453953,-0.4379875,-0.3751779,0.23580141,-0.36008453,-0.42778182,0.017514795,-0.6802427,4.4129806,-0.3443003,-0.43872762
GTATGTTCACCTCGCT-1,-0.6628863,0.81066334,-0.6737299,2.9521372,4.6862803,-0.110873036,-0.6416697,-0.6437541,-0.7836053,-0.65282357,-0.73041445,-0.67202914,-0.57391596,-1.0167925,-0.73839295,-0.5481938
GTATTCAAGCCTGTGA-1,-0.5072334,-0.29680675,-0.7169305,0.5662875,5.6626472,-0.59222364,-0.5289346,-0.4875839,-0.12580976,-0.5376818,-0.5611013,-0.50249565,-0.5423962,0.119481005,-0.45580593,-0.49341223
GTCAATATCCCATAAA-1,-0.7258171,-0.6788726,-0.24743012,1.0979974,-0.26656055,-0.15196359,-0.6225842,-0.61972904,-0.8676355,-0.48468181,-0.5606313,-0.7560077,-0.047411084,6.371511,-1.0030926,-0.4370912
GTCATCCTCCTCACAC-1,-0.7281867,-0.14993398,-0.8470988,2.7913673,5.087119,-0.5043136,-0.6626911,-0.66835976,-0.6196325,-0.70014286,-0.7774879,-0.7163036,-0.6774117,0.5285345,-0.7326491,-0.6228093
GTCATTAAGCGGGCAA-1,-0.5001009,1.707456,-0.5239509,1.623983,3.7334576,-0.38178435,-0.44229156,-0.4317618,-0.08245114,-0.49375445,-0.45039177,-0.5152209,-0.69730395,-1.7430443,-0.34759742,-0.4552434
GTCCAAGTCAGCACCA-1,-0.33915806,-0.96654785,-0.75794995,-0.5807171,4.3149767,-0.6936543,-0.17556523,-0.22727706,0.85677373,-0.30777517,-0.16587926,-0.23145759,-0.6388713,0.5501319,-0.21314733,-0.42388213
GTCCGTAAGTTACCGG-1,-0.46773806,-0.66023535,-0.6467137,0.36111665,-0.7192371,-0.36964607,-0.3907536,-0.38729948,0.32603756,-0.30068403,-0.5394454,-0.49541196,-0.32015148,5.434084,-0.453173,-0.3707486
GTCCTCAGTTAGTGAT-1,-0.86491925,1.178149,-0.55387026,2.6214828,1.759245,-1.0967228,-0.9383969,-0.8757688,0.042105276,-1.0801247,-0.9607205,-0.81119096,-1.1429824,4.456297,-0.6730938,-1.0594887
GTCCTCCCAAGGATTA-1,-0.80725557,4.214449,-0.90157163,0.52789676,0.63147295,-1.2568369,-0.98388904,-1.0814562,-0.3084715,-1.0985389,-0.9063129,-0.8581237,-1.055274,5.65402,-0.72296387,-1.0471439
GTCCTCCCACAGAAAC-1,-0.37226546,-0.8588331,-0.42877603,0.3381167,-1.0146129,-0.19425467,-0.32637966,-0.27312404,0.038944878,-0.22368279,-0.4074267,-0.36162862,-0.2943991,4.9810343,-0.40521657,-0.19749627
GTCCTCCCACCTGCTC-1,-0.72688997,2.2859216,-0.44400838,1.3031524,0.16846752,-0.92367256,-0.8380041,-0.7738966,-0.18183771,-0.8318771,-0.7580763,-0.70749295,-0.9297668,4.797275,-0.59561825,-0.84367573
GTCGAGGAGCGCAATT-1,-0.5025315,-0.9820629,-0.32720065,0.36268187,-0.48024315,-0.24923505,-0.4351846,-0.38511252,-0.18685167,-0.28912878,-0.51455486,-0.5151011,-0.2067361,5.576207,-0.5248731,-0.3400725
GTCTATCGTAAACAAG-1,-0.7648117,1.0711972,0.7637258,2.0714526,0.42176276,-0.9420787,-0.75451726,-0.80257124,-0.037462454,-0.91013443,-0.77908576,-0.67264086,-1.0301032,3.8829055,-0.61125106,-0.90638715
GTCTATCGTGATCAGC-1,-0.77785313,1.020934,-0.69901454,3.321074,5.213312,-0.41260728,-0.78388715,-0.7408643,-0.9252707,-0.84710693,-0.8632029,-0.80666614,-0.69739544,-0.45001164,-0.8947958,-0.656644
GTCTATGCAACTAACT-1,-0.5579359,1.3176609,-0.6079514,1.3016703,-0.46504492,-0.64134383,-0.641107,-0.5728975,-0.3173038,-0.62235945,-0.5953214,-0.5522463,-0.604853,4.735338,-0.5412247,-0.6350799
GTCTTGCTCCTCAGTC-1,-0.8023602,1.6534559,-0.6309005,2.2861743,1.3467809,-1.0639399,-0.906288,-0.898479,-0.67890996,-0.992489,-0.820732,-0.7850654,-1.0052478,5.061513,-0.77024287,-0.9932697
GTCTTGCTCGTAATCA-1,-0.56047225,-0.9279136,-0.464087,0.3993922,-0.5503836,-0.20574182,-0.46201187,-0.40997922,0.23545468,-0.34387597,-0.5800968,-0.57780355,-0.30318165,5.609317,-0.49996185,-0.35865477
GTCTTTGTCATTGTCT-1,-0.26820248,-0.8665923,-0.61465985,-0.39668852,4.9791555,-0.3814151,-0.19662935,-0.25932714,0.28816697,-0.2451314,-0.110664845,-0.23981771,-0.45414913,-0.8642827,-0.09901504,-0.27074683
GTCTTTGTCGGTTACG-1,-0.6777438,-0.59658813,-0.54176146,1.8707896,-0.2707548,-0.39874792,-0.6234764,-0.65470195,-0.853742,-0.5064177,-0.58732927,-0.7188005,-0.25365543,6.2048216,-0.7905084,-0.60138315
GTGAACAAGCTTAGCG-1,-0.75593626,4.5594945,-0.65249926,-0.4731177,-0.37014222,-1.093737,-0.8266818,-0.8412737,0.09930891,-0.88605666,-0.83974576,-0.64244187,-1.2047986,5.4603596,-0.5896971,-0.94303477
GTGCAAGCAGCCGCTA-1,-0.6604345,0.16760819,-0.6594672,2.7049224,5.038869,-0.3601373,-0.62462866,-0.59618175,-0.6965877,-0.6961372,-0.7027371,-0.6649014,-0.6158749,-0.36080948,-0.71588516,-0.5576172
GTGCGCAGTAAGCTCA-1,-0.58717203,-0.8716267,-0.2859764,0.85476446,-0.37915564,-0.31006908,-0.53037155,-0.45407307,-0.47194976,-0.40303516,-0.5725583,-0.6142508,-0.21465302,5.865642,-0.6271029,-0.39841247
GTGCGCAGTTCCTCCT-1,-0.59669363,-0.27677947,-0.7515948,1.2033962,-0.2630883,-0.5170045,-0.5479289,-0.59943295,0.23711096,-0.54115176,-0.5965959,-0.57067096,-0.50657606,5.3719997,-0.43053523,-0.6144544
GTGCTGGGTCCCGAAG-1,-0.2773918,-1.125337,-0.6029431,-1.4918212,4.506009,-0.5573496,-0.15244156,-0.16948791,0.95961535,-0.22497252,0.31172174,-0.28173733,-0.5172097,-0.08517741,0.08702799,-0.37850493
GTGCTTACAGTAATAG-1,-0.53257024,-1.2251276,-0.89318466,-0.39535016,4.79704,-0.8579544,-0.34030503,-0.32572573,0.65507966,-0.42972285,-0.45002788,-0.3703946,-0.70634943,2.1436083,-0.4494593,-0.61955607
GTGCTTCTCATGTTTC-1,-1.3243227,4.9101815,-0.042594254,4.999325,4.2423983,-0.49142444,-1.2392552,-0.96946615,-1.4893565,-1.1262364,-1.2550559,-1.334435,-0.86491424,-1.3600211,-1.6055729,-1.0492499
GTGTGAGCAACACTTG-1,-0.53963596,-0.69339156,-0.36930442,0.5456712,-0.41474253,-0.3304602,-0.47968465,-0.4500364,-0.38185632,-0.35370946,-0.5532256,-0.5540432,-0.24360351,5.8073335,-0.5604555,-0.42885518
GTGTGTTAGAAGCTAG-1,-0.62991935,1.8058796,-0.6900889,0.56436217,0.15739545,-0.68512464,-0.6934174,-0.6196191,0.19009823,-0.6964284,-0.6297,-0.56607485,-0.84396434,4.4419827,-0.41829938,-0.68708205
GTGTGTTAGTTAGAGG-1,-0.6070569,-1.0328302,-0.6570444,0.4383328,-0.27314246,-0.36766136,-0.5228033,-0.42048764,0.3593002,-0.4216528,-0.62786096,-0.67618686,-0.3098117,6.094138,-0.5797128,-0.39551997
GTTAACCAGGGACCTC-1,-0.2688716,-0.6204909,-0.7822824,0.22103174,4.065263,-0.6806704,-0.112672575,-0.2513423,0.7663972,-0.20209108,-0.29237074,-0.14352836,-0.56549126,-0.4847871,-0.26148683,-0.38660628
GTTAACGGTACGGTAC-1,-0.8171825,4.252957,0.065641545,0.16283286,0.08758144,-1.038539,-0.8311794,-0.8489071,-0.64013356,-0.85021913,-0.8147584,-0.7509649,-1.026348,4.864689,-0.87691486,-0.9385543
GTTAACGGTCCTAAGA-1,-0.59582865,-0.9787251,-0.5451689,0.7683895,0.07586642,-0.4797104,-0.52351683,-0.44328523,0.088225596,-0.45673877,-0.6110978,-0.6130011,-0.4017517,5.714683,-0.5249669,-0.47337306
GTTAAGTGTTGGTTAG-1,-0.86289746,-0.6719829,1.5886605,5.251892,-0.34810543,-0.88916683,-0.88889307,-0.8031015,-0.7142337,-0.88161707,-0.9329271,-0.9962284,-0.8767753,3.7712507,-0.8251681,-0.9207064
GTTAATGTCGTTAACA-1,-0.5419302,-0.5402795,-0.69006574,0.9374968,-0.21377692,-0.36979958,-0.52146924,-0.45855746,0.2350803,-0.45893714,-0.601419,-0.5194329,-0.496367,5.1457996,-0.44589642,-0.4604456
GTTACAGGTGCTAGAC-1,-0.5285801,0.7414856,-0.5961044,2.1824772,4.3676553,0.08986577,-0.564055,-0.5235482,-0.64394957,-0.5552124,-0.5500866,-0.5859717,-0.51838255,-1.2669262,-0.6046424,-0.44402453
GTTACTAAGGCTTAAC-1,-0.31628346,0.6827315,-0.084911466,0.18469542,-0.87593937,-0.15180963,-0.48812175,-0.3529904,-0.5568881,-0.3925339,-0.3419389,-0.296718,-0.2617832,4.117626,-0.58303994,-0.28209442
GTTACTCGTACCGGAT-1,-0.68078256,-0.98444414,-0.64296687,1.2418435,0.3680353,-0.6266254,-0.6199093,-0.5383588,0.5686046,-0.5598389,-0.72894347,-0.7223507,-0.50392973,5.5994153,-0.59413815,-0.57561016
GTTCATTTCTCATCAT-1,-0.73112756,0.8817802,-0.9479792,0.24295391,1.0524468,-1.1756804,-0.7013479,-0.6972452,2.4920318,-0.87729436,-0.8815796,-0.54679716,-1.2286708,4.3651366,-0.3379042,-0.908723
GTTCGCTTCGCTTCTA-1,-0.8897054,3.5386238,-0.7789338,0.43811572,1.3286954,-1.4447355,-0.9163448,-0.9026018,1.206572,-1.0229528,-0.99100727,-0.8341794,-1.4251759,4.408505,-0.56225646,-1.1526189
GTTGCATAGCCATCAG-1,-0.798921,-0.853014,2.5930717,4.5999265,-1.2550777,-0.6830226,-0.55729544,-0.7075199,-0.87195444,-0.63702744,-0.7084681,-0.7994667,-0.5275258,2.7196572,-0.8394725,-0.6738898
GTTGCGGGTATGTGGC-1,-0.95028055,2.6392422,4.0390854,3.766896,1.9568844,-1.0511671,-0.99554527,-0.9739448,-1.0510032,-0.89036274,-1.0420786,-1.0943465,-1.0299662,-1.3128375,-1.0909331,-0.9196427
GTTGCGGGTCCTGATT-1,-0.54179186,-0.6342122,-0.490259,1.6270978,-0.15362664,-0.44406354,-0.4800287,-0.4977016,-0.4144168,-0.40057868,-0.5341546,-0.5713846,-0.36032122,4.913759,-0.5238417,-0.49447632
GTTGCTGAGCTTTGGG-1,-0.14330211,-1.0795385,-0.6997507,-1.681202,4.474293,-0.43529353,0.04259471,-0.09153785,1.028034,-0.020673342,0.6972272,-0.08946912,-0.4482336,-1.5175543,0.21426165,-0.24985531
GTTGCTGAGTAAGTGG-1,-0.39627266,-1.1073039,-0.59591454,-0.75485533,5.140547,-0.557257,-0.25869834,-0.29995525,0.5061626,-0.26501465,-0.04425755,-0.38859946,-0.5374566,0.15057193,-0.16037992,-0.43131685
GTTGGCGGTGGAAGGC-1,-0.41420507,0.062349334,-0.25331002,0.20001394,-0.39364672,-0.20693687,-0.46533406,-0.37300563,-0.3505637,-0.39472163,-0.40935576,-0.42152894,-0.3150103,4.526464,-0.4777975,-0.3134112
GTTTAACCAAGCGAGC-1,-0.6841371,-0.9205762,-0.8020233,2.07605,0.5688307,-0.79675364,-0.6715138,-0.5865202,0.82142115,-0.665846,-0.7539803,-0.69775975,-0.7575772,5.095317,-0.5057316,-0.7191999
GTTTAACCATGCAACC-1,-0.36210555,-0.89625746,-0.58505714,-0.3530447,-0.7519326,-0.31972313,-0.26800883,-0.2325768,0.63163656,-0.1967072,-0.4343053,-0.3771702,-0.3035488,5.0304055,-0.3691728,-0.21243112
GTTTAACCATTTGCTC-1,-0.26886183,-0.27977723,-0.623103,0.6043395,4.6295185,-0.2751863,-0.36361784,-0.3777018,-0.22858459,-0.33293504,-0.35451058,-0.32052892,-0.530354,-0.6555278,-0.31003615,-0.3131328
GTTTACCGTTAAGCTG-1,-0.31585968,-0.78531474,-0.8674444,0.32579875,4.3390903,-0.73485297,-0.11276303,-0.24348675,0.9792347,-0.2413473,-0.35666415,-0.14358026,-0.6041957,-0.4938508,-0.3204958,-0.42426828
GTTTAGCAGGTTTGAC-1,-0.29183805,1.4304267,-0.2761023,-0.9134425,-1.5420144,-0.22604816,-0.40037638,-0.2582748,-0.4316976,-0.28182548,-0.31444323,0.037959076,-0.35773945,4.590663,-0.5078893,-0.2573576
GTTTCAGCATGAATAG-1,-0.448838,-0.7701991,-0.43925363,0.98385817,-0.61691934,-0.13459463,-0.4657212,-0.3630138,-0.217303,-0.33999836,-0.46066052,-0.48200446,-0.3034013,4.84116,-0.47593886,-0.30717188
GTTTCCTCAATGAGGT-1,-0.5427682,-0.3482051,-0.6771794,2.418368,4.758858,-0.47735345,-0.48288715,-0.49557805,-0.34405577,-0.5206612,-0.6004337,-0.555869,-0.5351423,-0.62024236,-0.50435793,-0.47249293
GTTTCTAGTGGAGCAA-1,-0.58622706,4.524846,-0.36913604,-1.2823784,-1.8430636,-0.73393893,-0.5567459,-0.55237186,-0.53436756,-0.51838183,-0.5965316,-0.16538316,-0.7732266,5.2555556,-0.66002274,-0.60862577
GTTTGTTTCCGGTATG-1,-0.55050355,-0.019897498,-0.666502,2.5449047,4.5434704,-0.18270996,-0.47541487,-0.52508044,-0.48779273,-0.48591,-0.61986953,-0.5659939,-0.5269463,-0.98338455,-0.5317415,-0.46662867
TAAAGCCTCGTGCCTT-1,-0.5608037,0.71099377,0.0037374943,0.4197392,-0.71516085,-0.15574862,-0.5163739,-0.47861087,-0.3715865,-0.4498611,-0.3492095,-0.3724069,-0.23322688,4.3657937,-0.98324007,-0.31403542
TAACAAGCAGCTACGT-1,-0.40223897,-0.6733683,-0.39838094,1.2170081,5.058372,-0.7861197,-0.4903841,-0.4915353,-0.17763907,-0.5256365,-0.5674422,-0.5154837,-0.56437063,0.3172047,-0.4236163,-0.57636946
TAACCAGGTACTTAGG-1,-0.715504,-0.6823202,-0.7826275,2.5502532,4.96645,-0.6838586,-0.5898197,-0.6412176,-0.43923354,-0.66387695,-0.7476528,-0.7140304,-0.67003596,1.1380308,-0.6599463,-0.6646109
TAACCGGTCATGCTTT-1,-0.8574273,-1.0483739,1.5915883,5.3132043,-0.58755,-0.79181635,-0.7727038,-0.7980474,-0.8783958,-0.7894506,-0.83570904,-0.941343,-0.70875233,3.738235,-0.8198965,-0.813562
TAACCGGTCTGTGCAG-1,-0.780632,4.5554414,-0.60732776,-0.8760612,2.0951033e-05,-0.9367999,-0.8038087,-0.82272667,-0.47929788,-0.84108686,-0.7363638,-0.60032004,-0.93019843,5.4152665,-0.7350914,-0.8210138
TAAGCTGGTTAGGATT-1,-0.6128305,-0.7335099,-0.8120607,3.4895077,0.21824795,-0.53261584,-0.59026283,-0.63944674,0.20280781,-0.54703623,-0.5979618,-0.6193945,-0.5512554,3.4624138,-0.5107677,-0.62583494
TAAGGCTTCTTGCATT-1,-0.5283933,1.3235257,-0.5377039,2.179168,4.3320627,-0.12217207,-0.62892216,-0.57067543,-0.7717156,-0.61054236,-0.54875153,-0.6651692,-0.5994132,-1.1570189,-0.6150806,-0.47919822
TAAGTAGCATTATGCG-1,-0.65878224,-0.94404304,-0.7364838,1.2378585,-0.06395146,-0.5252955,-0.567474,-0.50612825,0.6808629,-0.54182833,-0.71682006,-0.665681,-0.54185677,5.601979,-0.50795215,-0.5444037
TAATTGCCAAGGTACG-1,-0.8257555,-1.0383527,1.3195565,4.5978556,-0.05503076,-0.54224277,-0.69821775,-0.6910007,-0.5554186,-0.78975743,-0.77507436,-0.85135627,-0.7102411,2.9345512,-0.624572,-0.6949434
TACAAGCTCGAGCAAA-1,-0.39527756,-0.35297436,-0.5648342,1.4228457,4.9008093,-0.65334016,-0.45681906,-0.4732861,-0.3321249,-0.5047258,-0.5240926,-0.4881633,-0.5697437,-0.11957781,-0.42947173,-0.45922327
TACATCAAGGTACCGC-1,-0.8577501,-0.6693333,1.6655389,4.7028,0.5364713,-0.79041827,-0.82825565,-0.79996395,-0.91008073,-0.91868997,-0.8803166,-0.9979338,-0.7729867,3.2037146,-0.82814395,-0.85465103
TACCCGGCAATGCCTA-1,-0.41255823,-0.9694096,-0.41388443,-0.29322162,-0.64071,-0.200692,-0.33722803,-0.24006504,0.15725069,-0.24678394,-0.47082308,-0.4143534,-0.24365953,5.337804,-0.41721973,-0.1944462
TACCCGGCACTTAACG-1,-0.60705024,-0.31682104,-0.3224334,2.2571838,4.8709383,-0.5501373,-0.6689828,-0.68257713,-0.755414,-0.70481926,-0.69119084,-0.67638063,-0.60714406,0.8884091,-0.7185172,-0.71506333
TACCGTTGTGATTTGG-1,-0.35470226,-0.92668045,-0.47628054,-0.22146401,-0.870916,-0.14388978,-0.30880815,-0.23039183,0.03772575,-0.1864998,-0.42254552,-0.42401728,-0.21121234,5.313996,-0.4394398,-0.13487393
TACCGTTGTGTAATAC-1,-0.8162451,0.94609046,-0.522007,3.5078344,5.0643115,-0.6359314,-0.8642341,-0.80018973,-0.8710362,-0.89865184,-0.8487053,-0.8870902,-0.70197785,-0.056547225,-0.86378527,-0.751835
TACCTGCTCCCTTGCG-1,-0.46551004,-0.72663033,-0.07710388,-0.5320163,-0.67853737,0.24997747,-0.5187769,-0.43114564,-0.88297963,-0.3452964,-0.4429042,-0.6345786,0.030491158,6.3094416,-0.6362064,-0.21822488
TACGGATTCTAACCTT-1,-0.4799826,-1.2360352,-0.8182418,-0.23606806,4.2752056,-0.69047934,-0.1526508,-0.262686,0.61155534,-0.29775646,-0.31683886,-0.2787937,-0.5448294,1.2305123,-0.2744009,-0.52850974
TACGTAATCAAATCGC-1,-0.71067655,4.438785,-0.44136474,-0.7999586,-0.7324668,-0.80224895,-0.728781,-0.7593448,-0.6782628,-0.7173691,-0.6535795,-0.5449207,-0.78579783,5.5326147,-0.87478054,-0.7418488
TACGTAATCCTGCGAA-1,-0.5176117,0.0152823925,-0.4964974,1.6065023,-0.14606376,-0.4417557,-0.56659824,-0.565864,-0.73768383,-0.5519756,-0.46993786,-0.5658037,-0.5306555,5.094067,-0.5795786,-0.54582644
TACGTACAGTTAGTTG-1,-0.57215893,-0.9294246,-0.58173215,0.75114226,-0.2477392,-0.2606351,-0.51674014,-0.44487995,0.19570343,-0.43024617,-0.59391856,-0.5805399,-0.36175838,5.468303,-0.4705177,-0.4248582
TACTAAGTCTTTAAGG-1,-0.95823187,3.983287,-0.50346196,3.1518545,4.8351374,-0.2545436,-1.0525494,-0.92170984,-1.3771662,-0.8890956,-1.0412421,-1.0633097,-0.7236415,-1.2277642,-1.1565629,-0.8009997
TACTGCACAAACTAAG-1,-0.4913697,-0.5490534,-0.6931372,1.5755657,-0.56493133,-0.5367982,-0.48439303,-0.44520822,0.637397,-0.4186006,-0.60270435,-0.548036,-0.5596836,4.594151,-0.43631288,-0.47688523
TACTGGCCATAATGTC-1,-0.4864743,-0.96712554,-0.56743324,-0.46999118,-0.39460066,-0.4495074,-0.3578395,-0.27868426,1.1898592,-0.32360408,-0.5671407,-0.33234096,-0.47244367,5.0689936,-0.29383743,-0.29782966
TACTGGCCATCAGTAT-1,-0.8858861,4.885665,-0.34884262,-0.70633876,0.47568414,-1.3884624,-0.9345064,-1.0385497,0.69495046,-1.0640815,-0.9656755,-0.7772075,-1.4658418,5.2645817,-0.60161436,-1.1438754
TACTTGTTCATGGTTA-1,-0.45999372,-0.34402257,-0.24863465,1.8234599,4.5512824,-0.49829996,-0.5144016,-0.4213676,-0.24739765,-0.52975833,-0.43455464,-0.5946977,-0.53641045,-0.6695619,-0.35042542,-0.5252166
TAGAGCCGTGATTACG-1,-0.79238856,4.6462455,-0.68558383,-0.23149683,0.3394097,-1.0951473,-0.87420034,-0.86776257,0.06503829,-0.9494382,-0.91267234,-0.81861144,-1.2629664,5.157061,-0.66244537,-1.0550407
TAGCAGGCATAGACTT-1,-0.70056427,2.1243415,-0.66252226,3.0724273,4.7349916,-0.2039719,-0.80134165,-0.75762874,-1.0483725,-0.7436188,-0.748879,-0.8346566,-0.6227281,-1.338583,-0.8259839,-0.6429093
TAGCATATCGGTTAGT-1,-0.30873865,-0.95483494,0.17273456,-0.7000562,-0.89331996,0.34194002,-0.50461257,-0.30700952,-0.9402013,-0.26937765,-0.29215944,-0.39819342,0.07318357,5.6825385,-0.60688287,-0.095009714
TAGCCGGGTCAGGAAG-1,-0.6443081,-0.77650416,-0.45179775,4.3552694,-0.13353044,-0.62756276,-0.71065605,-0.68069243,-0.83888507,-0.6616812,-0.5908741,-0.7190306,-0.61845756,4.473867,-0.6678877,-0.7072685
TAGCCTCTCGTGCCTT-1,-0.696341,4.4322853,-0.75536835,-0.628335,-0.06788566,-0.8100414,-0.72639525,-0.7464528,-0.35748482,-0.7745284,-0.6647832,-0.6852638,-0.98820055,4.979654,-0.6772624,-0.83359677
TAGCCTGAGGAGCACG-1,-0.494887,-1.0894914,-0.64286983,-0.4042894,5.397129,-0.6990983,-0.3578297,-0.4001984,0.3609254,-0.36703923,-0.3470193,-0.45974427,-0.57935685,0.96129096,-0.3513029,-0.5262187
TAGCGGCTCAGCAAGA-1,-0.7774683,-0.95146513,-1.0957127,1.1370589,1.4481214,-0.94562733,-0.6808001,-0.6669146,2.1886141,-0.80769634,-0.8401028,-0.7158433,-0.95772064,4.963451,-0.52566266,-0.7722317
TAGCGGCTCATTCATC-1,-0.6672785,-1.0451733,-0.47229257,0.9988165,-0.14508265,-0.31221685,-0.57606494,-0.48032424,-0.20444512,-0.48024502,-0.6351801,-0.71719456,-0.27291495,6.0666733,-0.6331762,-0.42390034
TAGCTAGGTACGCGCA-1,-0.67200375,-0.42720607,0.07428689,3.7785242,-0.99240935,-0.70484245,-0.6545031,-0.6323608,0.17206225,-0.60602516,-0.72836375,-0.61400956,-0.71467656,3.8984725,-0.49071586,-0.6862297
TAGCTTAAGGTCCAAT-1,-0.6815844,-0.30120185,-0.8961397,2.2949893,0.9924551,-0.83012885,-0.7810428,-0.6597624,0.24276015,-0.7543194,-0.7543161,-0.6815974,-0.9092118,5.011235,-0.47347903,-0.81865615
TAGCTTGCAAGGAATC-1,-0.2553898,-1.0696602,-0.5716914,-0.84777474,4.5611334,-0.48462445,-0.12860009,-0.23477745,0.51598847,-0.15771778,0.21653365,-0.25772744,-0.45907107,-0.49428362,-0.004221718,-0.32811546
TAGGAACCAGCAGGTA-1,-0.5373818,-0.8762194,-0.596853,0.36769998,-0.24350975,-0.41495168,-0.4626367,-0.38980168,0.46066988,-0.40712386,-0.6230924,-0.5329887,-0.4499445,5.5451922,-0.41919106,-0.41986758
TAGGCTTAGAGAGGAG-1,-0.5948905,-1.0991433,-0.74180377,2.0631497,-0.09226909,-0.67012393,-0.57500756,-0.49460128,0.50584555,-0.4980428,-0.63204026,-0.6733041,-0.5206717,5.135681,-0.55687475,-0.55590343
TAGGCTTAGGTGAGAC-1,-0.85664797,3.4616737,-0.6237757,0.73523337,1.4807216,-1.2872754,-0.957072,-0.95203435,0.4969611,-1.022529,-1.0276786,-0.8713619,-1.3934946,4.6513762,-0.70100784,-1.133088
TAGGGTTTCAGGTCCA-1,-0.8098707,0.6669494,-1.1095464,1.5045544,1.3651294,-1.1245476,-0.8314275,-0.83823085,2.0357177,-0.9966201,-0.9045957,-0.7784668,-1.20685,4.5771594,-0.5251987,-1.0241557
TAGTAACGTGTGTGGT-1,-0.45072475,-0.39660206,-0.2353087,0.9465772,-0.52224874,-0.18853429,-0.48083916,-0.39744595,-0.6266463,-0.38433072,-0.43792793,-0.4450638,-0.2618376,4.795627,-0.5989399,-0.31575474
TAGTAACGTTCACCAT-1,-0.65609944,3.0246854,-0.85762715,-0.2058211,0.5089287,-1.0410324,-0.6604664,-0.73078716,1.1680138,-0.78924465,-0.74195,-0.6607159,-1.1232909,4.084046,-0.50310135,-0.81553775
TAGTAGGAGAACCTGT-1,-0.5695777,-0.7670545,-0.5218942,1.7322015,-0.31404188,-0.37791276,-0.58050615,-0.4969347,-0.4075613,-0.4656006,-0.58869994,-0.661469,-0.37521523,5.5244017,-0.6251531,-0.5049821
TAGTGGCGTCTATCGT-1,-0.89712465,4.741167,0.01993899,-0.50428236,0.29740998,-1.340621,-0.89039946,-1.0131545,0.28816277,-0.9917376,-0.93254507,-0.7530874,-1.4216158,5.151666,-0.6644337,-1.0893428
TAGTGTGGTTGTAAAC-1,-0.6851095,-0.6002716,-0.97707534,0.787601,-0.25901288,-0.7465967,-0.4926187,-0.46535978,2.487459,-0.60191286,-0.7675797,-0.5437088,-0.7834979,4.539965,-0.35358185,-0.5386995
TAGTTGTCAATGAATG-1,-0.7113247,3.624087,-0.62332684,-0.049585514,0.44303358,-0.99990964,-0.75155634,-0.7564584,-0.2323493,-0.8105157,-0.7378074,-0.71568096,-1.0290109,4.81398,-0.62157243,-0.8420028
TATAACCCATTAAAGG-1,-0.8415249,3.8742914,-0.5834656,0.6504911,0.6114952,-1.3492193,-0.8815029,-0.98775166,0.9080962,-0.967104,-1.0008085,-0.78657466,-1.4556062,4.5350327,-0.63127434,-1.0945745
TATAGGTGTACTGAAT-1,-0.9849695,5.303973,0.3548885,5.322122,-0.5663464,-1.0708746,-0.89282036,-0.9640089,-0.58027864,-0.824072,-1.151142,-1.0551322,-0.93524337,0.060075104,-1.024075,-0.99209607
TATGACTCAGGATTAA-1,-0.70233744,1.1639782,-0.78971064,3.0387676,4.9468927,-0.52373636,-0.7358654,-0.7034895,-0.80479014,-0.7210983,-0.8420242,-0.69366044,-0.64564776,-0.5834715,-0.77512616,-0.62868047
TATGCATCAACTGGCT-1,-0.5726476,1.0509173,-0.6300075,2.582861,4.8856616,-0.25698188,-0.6254072,-0.61298037,-0.7757791,-0.6142913,-0.6429287,-0.66091347,-0.55848634,-1.434447,-0.6121932,-0.5223764
TATGGATGTGCTTTAC-1,-0.28885227,-1.0595366,-0.45930624,-0.6620299,5.245951,-0.53171784,-0.26781836,-0.27297214,0.3621951,-0.23331946,0.19542882,-0.39478397,-0.5195032,-0.7500211,-0.016596727,-0.34711716
TATGGGCGTCACCTAT-1,-0.7117141,5.21812,-0.5627538,-0.5272959,-0.9794554,-1.0429649,-0.7583257,-0.7670036,-0.30039406,-0.76782674,-0.86449444,-0.56923354,-1.2015067,5.450784,-0.6767222,-0.93921286
TATGGGCGTGGACATC-1,-0.80337626,4.373656,-0.6009722,-0.2960971,0.38622314,-0.97436756,-0.86528385,-0.87234116,-0.52872664,-0.8899449,-0.7751569,-0.79650724,-0.94816,5.338973,-0.8112037,-0.93671423
TATTAGCCAATTGACT-1,-0.5915476,-0.4987064,-0.6019464,1.8025757,-0.3562976,-0.3271035,-0.6213087,-0.5576102,-0.6995629,-0.5232715,-0.59949803,-0.6584322,-0.3472256,5.8006296,-0.67716104,-0.543534
TATTAGGTCGCTAGTG-1,-0.53001654,-0.78393286,-0.7063327,0.9205397,-0.54975563,-0.42152768,-0.44457567,-0.41879112,0.3077674,-0.3766539,-0.5980155,-0.6074132,-0.33745795,5.503724,-0.56418186,-0.393377
TATTCGTTCTTGCAAA-1,-0.7458948,1.7126132,-0.50610137,1.7393477,1.1282847,-0.76202154,-0.89922607,-0.840248,-0.81073046,-0.9146632,-0.66036135,-0.8066931,-0.7284674,4.854333,-0.8911699,-0.8690014
TATTTGCTCCTAACGG-1,-0.5673266,-0.8908375,-0.60373896,0.75174946,-0.37634575,-0.28398776,-0.53778416,-0.49736816,-0.38409942,-0.40912402,-0.5621615,-0.657861,-0.28813887,6.3543487,-0.568584,-0.4787407
TATTTGCTCTAAATCG-1,-0.6104489,-0.7623509,-0.67190915,1.886977,-0.059790164,-0.46267658,-0.6033709,-0.52716285,0.18887061,-0.5416978,-0.66175544,-0.6597403,-0.53023374,5.1030116,-0.5319954,-0.55572724
TCAACAATCTACTAAG-1,-0.6097051,1.5858254,-0.48972505,0.2055135,0.08836484,-0.7953565,-0.6122839,-0.58413523,0.6530067,-0.6698191,-0.64125514,-0.44679224,-0.929662,4.2950006,-0.38364792,-0.6653288
TCAAGAACATTGTGAT-1,-0.6936923,-1.0862718,-0.84714025,-0.0012203101,5.500965,-0.90701765,-0.44023544,-0.5292268,0.46109548,-0.49236813,-0.692434,-0.49102497,-0.6432209,2.1290267,-0.56774104,-0.69949406
TCAAGCTAGCATTAGC-1,-0.65880096,0.6103263,-0.57582057,2.082105,0.8953154,-0.84056425,-0.7771708,-0.7049707,-0.61092937,-0.79784393,-0.6418685,-0.6790898,-0.8380686,5.0015335,-0.6441419,-0.820011
TCAAGCTAGTTAGGCT-1,-0.6522946,-0.94193715,-0.36842674,0.7783216,-0.10331111,-0.11615308,-0.60220456,-0.48295927,-0.41218,-0.44050056,-0.6286807,-0.7266973,-0.21829514,6.0082984,-0.648441,-0.4445387
TCAAGTATCAGCAAGA-1,-0.5401025,-0.83709604,-0.4113605,0.69283444,-0.4170761,-0.19602937,-0.47168308,-0.44412327,-0.58703023,-0.35857534,-0.53249943,-0.612493,-0.20501506,5.8816414,-0.5867658,-0.37462652
TCAATCGCATGCTTAG-1,-0.4879836,-0.5573367,-0.40279743,1.3269801,-0.7280643,-0.081181735,-0.5672947,-0.47267827,-0.8598883,-0.43132207,-0.53175414,-0.63743746,-0.16883773,5.6350093,-0.656783,-0.3786297
TCACATAAGCCTGTTC-1,-0.31489465,1.0775448,-0.6960975,-1.7056603,3.536879,-0.7818196,-0.20559433,-0.23240665,0.94102156,-0.34104508,0.13777468,-0.34253103,-0.7869097,0.11653796,0.07945752,-0.48225677
TCACGGATCCGGCTAA-1,-0.6918253,-0.4834458,-0.39421806,3.421589,-0.5960766,-0.33490774,-0.68257856,-0.70414746,-1.2020409,-0.55892074,-0.584062,-0.7608117,-0.2430853,5.2850966,-0.8552594,-0.6153059
TCACTGACATTATCCC-1,-0.32955137,-0.7761089,-0.68888175,0.5069624,4.2761164,-0.5629289,-0.16441958,-0.35872024,0.37393564,-0.17821789,-0.42526987,-0.19825631,-0.48589268,-0.27257332,-0.31634605,-0.3998479
TCAGGAGCAACCCTAA-1,-0.60049784,-0.7882772,-0.6801291,1.5523055,-0.0792647,-0.57124853,-0.5457312,-0.5028206,0.43956167,-0.5222839,-0.66385925,-0.6288903,-0.56530267,5.198428,-0.5105139,-0.53147626
TCAGGAGCAATCCTGA-1,-0.39972246,0.7534892,-0.58799297,0.64784956,4.4201207,-0.109586716,-0.51828736,-0.48796755,-0.40570953,-0.472728,0.018537309,-0.56924284,-0.4776036,-1.129638,-0.2621117,-0.41940618
TCAGGTCCACAGGAAT-1,-0.7382485,-0.53107035,2.635602,3.9301138,-0.015768865,-0.7912236,-0.65960306,-0.7067159,-0.6396205,-0.6324621,-0.70922744,-0.8436783,-0.63120127,1.7690095,-0.74817777,-0.68772775
TCAGGTTAGCTAATCA-1,-0.8848747,-0.54711574,0.92359835,4.540233,0.6495334,-0.9497606,-0.91804117,-0.8278685,0.20187084,-1.0103276,-1.016211,-0.94951755,-1.0417751,3.4912257,-0.6543301,-1.0066396
TCAGGTTAGCTATATG-1,-0.4367515,-1.005638,-0.724458,-0.17313462,4.324111,-0.6326497,-0.23865284,-0.34487054,0.30118898,-0.35059404,-0.27712035,-0.33290315,-0.5634509,1.193074,-0.25235885,-0.48579186
TCAGTGAGTAATGACT-1,-0.543348,3.4104862,-0.4896533,-0.7991873,-0.9143863,-0.6154105,-0.63024014,-0.58127826,-0.4322691,-0.59508234,-0.47431493,-0.3211022,-0.6918086,4.9234242,-0.64053696,-0.60529256
TCATAACCAAGCCAGA-1,-0.22848094,-0.9694708,-0.7427276,-1.0599416,5.222762,-0.3643064,-0.078860894,-0.21199602,0.6272402,-0.0694036,0.039315417,-0.048299305,-0.4539296,-1.237719,-0.121347904,-0.30283388
TCATCCATCTTGCAAA-1,-0.6771674,0.16616794,-0.7837901,1.0116051,4.7179604,-0.4760921,-0.708623,-0.71707535,-0.6345531,-0.67929804,-0.69943255,-0.6977118,-0.6836677,2.2048664,-0.6330573,-0.71013147
TCATGCCTCACAGCCA-1,-0.9594517,2.5694408,1.05807,1.680642,0.15040195,-0.9792747,-0.9074649,-0.86342925,-0.19916537,-0.9445924,-0.9151961,-0.75477135,-1.125495,3.9363534,-0.6810444,-1.0650232
TCATGCCTCGTGCTTC-1,-0.80487853,4.7094955,-0.88659346,-0.3775897,0.3276822,-1.2038939,-0.88528955,-0.9342106,0.6013255,-1.0059665,-0.9347725,-0.8155742,-1.3492925,5.2860217,-0.61766756,-1.108796
TCATGTTTCATAGCCG-1,-0.75119424,4.293645,-0.5150324,-0.68619645,-0.28068477,-0.9228258,-0.78086936,-0.7590033,-0.43841314,-0.8305175,-0.71852666,-0.6053601,-0.9062872,5.444172,-0.70573825,-0.8371671
TCATTACTCTTAGTGA-1,-0.5878624,-0.42942163,-0.5427878,2.3242414,-0.365868,-0.39687887,-0.6548971,-0.6368995,-0.9722121,-0.552814,-0.5592724,-0.68746185,-0.42134222,5.754447,-0.6574391,-0.61353076
TCATTTGGTAATTAGC-1,-0.301079,-0.60842407,-0.5506032,0.7198793,4.6522694,-0.3739279,-0.3047308,-0.33669707,-0.02638647,-0.31638673,-0.24623513,-0.37440255,-0.47919238,-0.9095446,-0.23249865,-0.3120404
TCCATAAAGATTGAGG-1,-0.8625252,-0.81475365,1.5021632,4.7078633,0.2934027,-0.65556926,-0.80060625,-0.7536102,-0.70211774,-0.867243,-0.84731865,-0.9586869,-0.7896067,3.1456559,-0.7844155,-0.81263137
TCCATGCTCTCAATGA-1,-0.57164836,-0.65453994,-0.25308648,0.98284113,-0.5646279,-0.035888836,-0.57179654,-0.500275,-0.9099703,-0.409281,-0.52894557,-0.6883997,-0.078296185,5.887612,-0.7436801,-0.36001685
TCCCGTTAGGGACCTC-1,-0.87677217,4.8872957,0.22736226,-0.63219243,-0.6268597,-1.2331157,-0.8126265,-0.8957331,0.12443857,-0.8745445,-0.8782829,-0.6046441,-1.3440386,5.1851015,-0.6358563,-1.0095316
TCCCTCACATGAATCT-1,-0.64940894,1.9531926,-0.44125152,2.3038862,4.3170624,0.11584899,-0.68767345,-0.66089976,-0.8352765,-0.6566743,-0.5961944,-0.7350655,-0.57944965,-1.6322432,-0.6824938,-0.5333586
TCCGCCATCACTAATG-1,-0.6318909,-0.9835756,-0.6969441,0.021656644,5.5531683,-0.7887784,-0.4574817,-0.5525272,0.12841105,-0.49531427,-0.6238136,-0.5673379,-0.6188767,1.8440989,-0.5053841,-0.62541103
TCCGCCATCTGTTGCC-1,-0.53989357,1.1365376,-0.6972935,1.764437,4.6116104,-0.0063840747,-0.5924305,-0.57582325,-0.69895047,-0.5550131,-0.55683047,-0.60949165,-0.5556921,-1.0293785,-0.607285,-0.48811874
TCCTAGTGTGGAAACG-1,-0.56863517,1.2295979,-0.6883241,2.3988771,4.3372307,-0.03284104,-0.64881307,-0.5906737,-0.8219335,-0.6014637,-0.66205376,-0.63068324,-0.57759225,-0.95409477,-0.71565026,-0.47294676
TCCTCAATCGGGCCAT-1,-0.31538385,-1.2004445,-0.78342795,-1.4187498,4.5209103,-0.5576343,-0.033447254,-0.16443527,0.8911121,-0.14596282,0.086809814,-0.13558353,-0.4984432,0.27584606,-0.11606261,-0.40510303
TCCTCTAAGCTGTCAG-1,-0.49665588,-0.97984165,-0.41755527,-0.11650418,-0.28523296,-0.17990865,-0.42942214,-0.32925254,0.19836587,-0.32087415,-0.5297122,-0.41974628,-0.33372122,5.3604236,-0.40560418,-0.31475794
TCCTCTAAGGGATTAG-1,-0.502141,-0.7991241,-0.42891964,0.5033673,-0.22562069,-0.21460727,-0.45911953,-0.42269352,-0.39597127,-0.36445156,-0.50260687,-0.5203165,-0.22253743,5.444238,-0.47603545,-0.413461
TCCTTAGTCTCCTCTT-1,-0.55185336,-0.65756446,-0.6460682,1.9873513,-0.6785761,-0.33066973,-0.5869675,-0.56078696,-0.48405695,-0.47320694,-0.56688535,-0.65181035,-0.2959724,5.6332254,-0.63965034,-0.49650818
TCCTTGCAGGTCTTGG-1,-0.84068865,4.582139,-0.53164744,-0.36042178,-0.059329227,-1.1753078,-0.8199513,-0.8947896,0.21232477,-0.92490774,-0.8971478,-0.6902861,-1.3043916,5.312136,-0.61662185,-0.99110943
TCCTTGCAGTTCCCAC-1,-0.30961278,-0.7636918,-0.68448013,-0.66942173,5.4643154,-0.30120444,-0.17295639,-0.31743428,0.28799427,-0.13115992,-0.16082273,-0.21947749,-0.41835243,-1.0775745,-0.22431666,-0.30180395
TCGATTAAGGTCCTGA-1,-0.8431113,-0.6710808,-1.1322798,0.52487636,0.8544377,-0.9275516,-0.6420518,-0.6549226,2.8095226,-0.7901379,-0.9237194,-0.7174958,-0.86273026,5.283985,-0.538429,-0.7693119
TCGCATTGTACGTTTC-1,-0.43902916,-1.1488351,-0.7281873,-0.7047291,5.1689215,-0.6697978,-0.24191862,-0.2981376,0.72236323,-0.27242,-0.24521507,-0.34483805,-0.56471324,0.58951366,-0.33021125,-0.49276647
TCGCATTGTCTAACAG-1,-0.8085142,-0.99460465,-1.1016148,0.678294,1.0032743,-0.95565385,-0.6404755,-0.63052505,2.2329328,-0.7401618,-0.8560978,-0.71533906,-0.7425587,5.5896153,-0.565901,-0.7526705
TCGCATTGTGTTGTAG-1,-0.27092052,-1.0021551,-0.6136363,-0.55382353,4.9692364,-0.456127,-0.1830787,-0.25226268,0.45852894,-0.17416212,0.019308178,-0.2511624,-0.461249,-0.79379904,-0.13954432,-0.2951526
TCGCCCATCCTAGTTT-1,-0.54195577,-0.67293054,-0.5167102,0.7740144,-0.32603067,-0.2389759,-0.5269755,-0.45952433,-0.49751282,-0.40664965,-0.53389704,-0.5601923,-0.29552877,5.811326,-0.5701828,-0.43827438
TCGCGCACACCATATG-1,-0.6856738,-0.9079452,-0.7999996,0.5373557,0.016752254,-0.5590713,-0.5842844,-0.50406605,0.8511783,-0.5265946,-0.73261017,-0.7174535,-0.4617105,6.1936646,-0.59879214,-0.52074903
TCGGTTTGTAATCACG-1,-0.7352679,3.201805,-0.8931848,0.26596433,0.20720112,-1.0705781,-0.6970713,-0.792948,0.748927,-0.78421986,-0.7869085,-0.6417259,-1.2091873,4.536839,-0.4998832,-0.8497617
TCGTAATCATGCATAT-1,-0.79293513,4.2246404,-0.738219,-0.05588156,0.5250942,-0.9114387,-0.80589247,-0.81972504,-0.5112575,-0.86081016,-0.74086905,-0.7875961,-0.9540713,4.8441405,-0.7414843,-0.87369514
TCGTTACGTGCAACTA-1,-0.5621463,-0.19054441,-0.41952294,1.4807699,-0.060172275,-0.36702257,-0.59521943,-0.5741105,-0.8844001,-0.5121645,-0.47746664,-0.5895873,-0.4258116,5.36046,-0.64461964,-0.5384414
TCGTTAGCAGCTAATT-1,-0.5231686,-0.76226383,-0.36264592,0.12020199,-0.3564036,-0.13335659,-0.48906827,-0.41282684,-0.5084916,-0.3461734,-0.48495042,-0.5262825,-0.15824057,5.8558664,-0.52924985,-0.3829463
TCGTTAGCATGAATAG-1,-0.7584031,4.701324,-0.64548343,-0.6473824,-0.40697575,-1.0227253,-0.7663909,-0.8424468,-0.4661795,-0.82832426,-0.79698837,-0.6166876,-1.0035,5.6679063,-0.707244,-0.8604983
TCTAACCGTTTAACGG-1,-0.5445521,-0.9296736,-0.42352295,0.87628245,-0.4226297,-0.12887444,-0.527621,-0.42932713,-0.39333463,-0.37994814,-0.5325523,-0.6197521,-0.21461557,5.587343,-0.55694807,-0.36027354
TCTAACCGTTTCGCCA-1,-0.59765667,-0.29463863,-0.41158473,2.4870954,-0.4213633,-0.39016545,-0.6593472,-0.651357,-1.0959233,-0.600586,-0.5065534,-0.70971274,-0.39753217,5.6468205,-0.7893156,-0.6081799
TCTACCTCAGTCTAGC-1,-0.80888563,-0.25871265,1.8977942,3.4587486,-0.16702174,-0.72602487,-0.8083753,-0.6959895,-0.3723839,-0.8464868,-0.74490386,-0.8135018,-0.77052635,3.1310422,-0.7023593,-0.7724134
TCTACCTCATGACTAT-1,-0.7263006,2.4284298,-0.53126866,2.3242693,4.414112,0.39074716,-0.790545,-0.70601296,-1.0619822,-0.76869535,-0.6925048,-0.84117734,-0.70307714,-1.2804083,-0.88122755,-0.5743584
TCTAGCACAGGGAGGA-1,-0.27434042,-0.60996306,-0.5752305,-0.85290253,5.1736717,-0.38556653,-0.31418163,-0.31547567,0.17275049,-0.26410806,0.13745049,-0.35995814,-0.45548543,-0.661203,-0.09959705,-0.3158602
TCTAGCGAGGAGTAAT-1,-0.53064156,3.4712646,-0.39661583,-0.13389882,-0.69399536,-0.9707867,-0.5193174,-0.6333727,0.24084973,-0.55974805,-0.62929,-0.45065698,-0.9585645,3.9384751,-0.50804484,-0.6656574
TCTATGTTCATTGCAA-1,-0.4481994,-0.32580638,-0.6417784,-0.41362548,-0.46979618,-0.28022766,-0.37859637,-0.3193007,0.46335304,-0.31968844,-0.48119217,-0.3095882,-0.445665,5.037184,-0.36405444,-0.30301797
TCTCAATTCATGCCTC-1,-0.17989628,-0.72829217,-0.59154993,-0.7362604,4.5695887,-0.1232152,-0.1658,-0.26422566,0.25177062,-0.15276404,0.046933193,-0.1578953,-0.4180237,-1.0224125,-0.08443648,-0.24352089
TCTCACCAGAGGCTAA-1,-0.5772047,-1.1666324,-0.48717397,1.2467003,-0.27850235,-0.26525733,-0.5280583,-0.39917332,0.44695187,-0.41449493,-0.6191979,-0.63385797,-0.44679272,4.954545,-0.444103,-0.38774812
TCTCACCAGTATTGCA-1,-0.81671673,4.69562,-0.78984374,-0.51010925,-0.18784136,-1.2404162,-0.802427,-0.94070256,0.4370206,-0.9523432,-0.89462996,-0.66584647,-1.3127456,5.555067,-0.60861367,-0.96547174
TCTCCTCGTTAACAGT-1,-0.40697291,-0.89098454,-0.18135959,-0.4707174,-0.7171509,0.17741531,-0.46502098,-0.35123911,-0.7061112,-0.29280856,-0.38216743,-0.49262854,-0.022598177,5.9624977,-0.55383706,-0.20631614
TCTCGCCCAAACTGTT-1,-1.0302778,5.334226,0.0983213,5.3017964,0.48070127,-0.74861526,-0.8954588,-0.9666611,-1.01309,-0.86670923,-1.1431457,-1.0905219,-0.9080589,-0.43371275,-1.2080075,-0.91078544
TCTCGCCCACCTCAGG-1,-0.6147016,-1.0069809,-0.5979085,-0.32173234,0.1855269,-0.59024113,-0.45482934,-0.37630576,1.4608992,-0.45112216,-0.67199457,-0.471505,-0.57987684,5.279819,-0.37168252,-0.41736418
TCTGTGACATTAGGTT-1,-0.6287583,1.7236232,-1.1851808,-0.67277175,-0.97413284,-0.8773756,-0.4883921,-0.5577661,2.4343753,-0.5330577,-0.6764003,-0.0642121,-1.0903624,4.398128,-0.2096153,-0.5981011
TCTTGACGTGAGCACT-1,-0.7654248,-0.98106384,0.48383522,5.2301965,-0.044090055,-0.81582373,-0.7993236,-0.73548007,-0.45685577,-0.79364604,-0.84536046,-0.9116757,-0.7746788,3.7568917,-0.68656373,-0.8609367
TCTTGACGTTGTTGTC-1,-0.3952895,2.7389708,-0.8486052,-2.0121183,4.0123367,-0.740762,-0.3265829,-0.3337469,1.0907364,-0.46087778,0.19322392,-0.45581502,-0.9757563,-1.0385387,-0.022026114,-0.42514923
TGAACAGAGTATTGGC-1,-0.8722306,-0.59468544,1.4855888,5.121786,0.19230095,-0.82161367,-0.9339735,-0.8455892,-0.8787961,-0.95698935,-0.9352521,-1.03052,-0.87312216,3.7438505,-0.8661489,-0.93460536
TGAAGCAAGCTTCTCA-1,-0.56999546,-0.7789412,-0.66871905,0.49862003,-0.30328798,-0.43587786,-0.5013845,-0.4334212,0.43583524,-0.44004756,-0.62113345,-0.576436,-0.42124045,5.7384024,-0.4469182,-0.47545552
TGACTCCTCCTTCGTA-1,-0.3123657,-0.8514506,-0.0790007,-0.5680044,-0.94208187,0.18477921,-0.4170301,-0.28085005,-0.7901704,-0.26519078,-0.33592755,-0.36393797,-0.0067011267,5.698259,-0.5630257,-0.10730134
TGACTTAAGGTCCTGA-1,-0.90379536,4.1421304,-0.62157404,0.80401444,1.3082008,-1.2340475,-1.0309215,-1.0017972,-0.26079777,-1.113601,-0.98714423,-0.9248085,-1.1738793,4.9442725,-0.7864468,-1.159805
TGACTTCGTACTTCAC-1,-0.24046823,-0.9071664,-0.62586397,0.07544161,4.118462,-0.38702658,-0.059507117,-0.19198269,0.7288653,-0.073813766,-0.0025679097,-0.14831217,-0.44171438,-1.5061314,-0.043619588,-0.29459468
TGAGAACCAGTAAGTA-1,-0.55774057,-0.15237957,-0.5474512,2.0849438,3.101898,-0.6219511,-0.48381275,-0.49367815,0.3388146,-0.54703975,-0.5560703,-0.52664834,-0.7055485,0.7291977,-0.50601965,-0.556514
TGAGCCGGTAGGTTTG-1,-0.8308526,3.7513127,-0.5467676,-0.61756986,0.69069934,-0.9792641,-0.8223408,-0.84745,-0.23837581,-0.878407,-0.7579873,-0.66035336,-0.8685326,5.1147013,-0.6796954,-0.8291167
TGAGCCGGTCCCGAAG-1,-0.45357373,0.10240436,-0.6186491,0.88019276,5.0978036,-0.37110513,-0.51491344,-0.48031208,-0.3257661,-0.41383722,-0.2853452,-0.54327536,-0.4811208,-0.750986,-0.38890636,-0.45261005
TGAGCCGGTTGTCATC-1,-0.70868635,-0.9358908,-0.8492894,1.6710306,0.786165,-0.686296,-0.66256654,-0.5878333,0.80680466,-0.657949,-0.7901093,-0.68180704,-0.7209245,5.1899796,-0.4809452,-0.6916821
TGAGCTTAGCTTAGCG-1,-0.7855002,4.8041196,-0.83446497,-0.10343729,0.2716949,-1.198513,-0.8913397,-0.93719417,0.09512845,-0.9668351,-0.9309508,-0.82052207,-1.2720346,5.344378,-0.7037058,-1.0708227
TGAGTGAAGCAAGGTA-1,-0.9203481,-0.6099988,1.5574334,4.751084,1.2039027,-0.6960157,-0.96057093,-0.8544858,-0.9045368,-1.0770056,-0.92229617,-1.1101995,-0.94473034,3.2985356,-0.8855571,-0.92521024
TGAGTTTCAGGTTACC-1,-0.50404584,-0.8927729,-0.48916113,0.32898426,-0.58831483,-0.12287983,-0.46376604,-0.38890612,0.021857165,-0.33280092,-0.4982804,-0.51295185,-0.2571507,5.456377,-0.44942808,-0.30675977
TGAGTTTCATAGCGGA-1,-0.6105915,-1.0570807,-0.60097015,0.70772296,-0.17580363,-0.40931946,-0.51661676,-0.43699217,0.101365544,-0.42714632,-0.5860205,-0.6407195,-0.3106753,5.9273767,-0.53944,-0.42508912
TGATCAGGTACGTTTC-1,-0.43157035,-1.0611936,-0.72323245,0.5746772,4.3264875,-0.8497045,-0.28624743,-0.39307463,0.5018716,-0.37093616,-0.46204114,-0.3571025,-0.60676485,1.0503347,-0.37692344,-0.53458035
TGATCAGGTATTGTGG-1,-0.2743216,-1.0378827,-0.61227727,-0.4778475,5.241476,-0.6174088,-0.18981397,-0.28616974,0.566527,-0.17907894,-0.24686804,-0.23788977,-0.5081229,-0.5437211,-0.2399045,-0.35669643
TGATCGAGTAGACAAA-1,-0.852668,-0.763706,1.1703678,5.3481536,-0.12966965,-0.7284723,-0.8761972,-0.85040194,-1.0396581,-0.9173625,-0.830389,-1.0197321,-0.72824126,3.986782,-0.9254392,-0.84336686
TGATGAACAGCCTGCA-1,-0.48007163,-0.91912913,-0.39792666,-0.3054116,-0.49097195,-0.0922773,-0.42013577,-0.3385044,-0.024997339,-0.28971416,-0.47736648,-0.45586517,-0.2159245,5.62082,-0.43639287,-0.2761309
TGATGACTCCTTCGTA-1,-0.77879477,4.5309033,-0.80804586,-0.2398088,-0.1094708,-1.1375884,-0.7892071,-0.8668195,0.16276588,-0.89060915,-0.8695909,-0.68775594,-1.228924,5.2891574,-0.60714245,-0.969069
TGATGATGTAGCTAAT-1,-0.4713581,0.15217045,-0.64158946,1.6883157,-0.69462156,-0.5878184,-0.45793423,-0.4910833,0.110554054,-0.47451183,-0.571168,-0.4307529,-0.5698779,4.465545,-0.47370592,-0.5521641
TGATTAGTCATAACCA-1,-0.52231777,-0.540339,-0.51116884,0.57456326,-0.6265439,-0.10369447,-0.5255091,-0.44798234,-0.6013675,-0.3844527,-0.5443386,-0.6066841,-0.18274555,6.0389147,-0.628173,-0.3881611
TGATTAGTCGGGACTC-1,-0.77175874,4.760551,-0.6591884,-0.8601196,-0.6309281,-0.9553139,-0.7685599,-0.828789,-0.6106274,-0.8053339,-0.723495,-0.5821757,-0.89597726,5.865924,-0.7263446,-0.80786353
TGCAAGCGTTACTAGG-1,-0.5322216,-0.7180856,-0.68348813,1.9066969,-0.3299176,-0.49569577,-0.44129908,-0.4818914,0.26628947,-0.39306146,-0.5574303,-0.53198737,-0.3906439,4.3183193,-0.43829244,-0.49729115
TGCAATATCCTCATGC-1,-0.565313,-0.71192086,-0.67465794,0.10794346,-0.56951135,-0.15004016,-0.52209735,-0.47017926,0.0831316,-0.38555068,-0.58916056,-0.6085271,-0.25022888,6.259547,-0.5288576,-0.4245777
TGCACTTGTCTTGCAT-1,-0.73281837,-0.6686209,-0.70309293,0.64178,5.419819,-0.8169787,-0.58161956,-0.6704216,-0.27790457,-0.62819105,-0.77941656,-0.65718794,-0.6104099,2.3490148,-0.59924287,-0.6847089
TGCAGGCTCCTAAGTA-1,-0.28084734,-0.5006077,-0.5252038,-1.5450515,4.13726,-0.72222507,-0.20622812,-0.23566304,0.8242595,-0.26737338,0.2340141,-0.35227647,-0.5858151,0.3525897,0.11715272,-0.44398442
TGCATTAAGATAACCC-1,-1.024585,5.070231,1.0590062,5.049638,0.09580433,-1.0263001,-0.9375602,-0.99495065,-0.73124474,-0.8814279,-1.1836373,-1.1091715,-1.055546,-0.23635039,-1.0927166,-1.0011884
TGCCGGTAGCGAGGTG-1,-0.61278594,-0.7950311,-0.6478424,0.5545392,-0.38703606,-0.37841502,-0.51942575,-0.4622666,-0.004566431,-0.41283485,-0.6130034,-0.6641499,-0.26639426,6.2452865,-0.6120163,-0.42405763
TGCCGGTAGCTGAGGG-1,-0.73026013,-0.44540304,-0.52094805,2.7962186,-0.22003536,-0.42889798,-0.70802045,-0.7214841,-1.0728201,-0.6243223,-0.56569034,-0.79269654,-0.3431322,5.9937167,-0.9438819,-0.6723437
TGCGATTAGCCTAATA-1,-0.84519976,-0.88638216,1.0661476,5.0138392,0.11458182,-0.6594239,-0.811304,-0.76222533,-0.6310335,-0.8782538,-0.8673159,-0.9594975,-0.77778715,3.4716527,-0.7248722,-0.8629262
TGCGCAGGTCAAACTG-1,-0.28012794,-0.95249224,-0.8454121,-0.10573945,4.580821,-0.6821533,-0.05424595,-0.24230139,0.9541426,-0.15691496,-0.32425094,-0.07230157,-0.5783585,-0.52156043,-0.30693328,-0.41217148
TGCTAGCCAAGGTATA-1,-0.58144844,-0.18093005,-0.6762255,2.6276753,4.9215946,-0.5077387,-0.5320305,-0.53043824,-0.4167862,-0.5612911,-0.66827756,-0.5831291,-0.5601345,-0.6610853,-0.5849247,-0.5048297
TGCTATGCATGATTGT-1,-0.34198126,-0.5692856,-0.70536685,0.109989226,4.1058364,-0.23414883,-0.31973383,-0.41412386,-0.030772302,-0.34748638,-0.32289076,-0.24547724,-0.5612316,0.58868927,-0.2906846,-0.42133173
TGCTCCGTCAGCTAAC-1,-0.4375394,-0.93001276,-0.75218695,0.13708085,4.003201,-0.7192858,-0.21585271,-0.2915012,0.60299593,-0.31221816,-0.32210094,-0.34663352,-0.64227,1.0285639,-0.26295638,-0.5392841
TGCTTAAAGTGAGCAA-1,-0.7805538,4.799599,-0.6753632,-0.42839262,-0.44272056,-1.0610585,-0.77691805,-0.8269261,-0.28344285,-0.8430525,-0.8257611,-0.6319133,-1.1275187,5.4756765,-0.6668881,-0.9047668
TGCTTCATCCTTCGTA-1,-0.6730777,1.611919,-0.7742882,3.0193856,4.995252,-0.20395601,-0.7286552,-0.73032796,-0.9494152,-0.67674863,-0.8131027,-0.75325155,-0.62206185,-1.2863497,-0.79357696,-0.62174547
TGGACAAAGGTCCACA-1,-0.16342136,-0.92887527,-0.73410136,-1.0642192,4.59021,-0.26882166,-0.023632012,-0.16209847,0.6957057,0.023358122,0.14040993,0.05788915,-0.46890932,-1.3304589,-0.057213612,-0.30582166
TGGACAAAGTGGCGGA-1,-0.33655074,-1.1789107,0.16400315,-0.762835,-1.196049,0.24926767,-0.33559605,-0.24211761,-0.5528811,-0.16762266,-0.24706927,-0.24974516,0.042695463,5.3266273,-0.5140387,0.00082215667
TGGACCGGTGCTCACC-1,-0.4914982,3.902531,-0.16172224,-0.99804735,-1.253816,-0.57591677,-0.6792792,-0.5770848,-0.61865056,-0.5948365,-0.48719642,-0.35066226,-0.620131,5.0088515,-0.89222705,-0.61031425
TGGACCGGTTGCGGAT-1,-0.7341025,5.012245,-0.7671418,-0.665396,-0.16437772,-1.2312683,-0.83174646,-0.91766095,0.41768354,-0.9077467,-0.8835937,-0.7011533,-1.3416897,5.3545985,-0.62390375,-1.0147462
TGGACGGAGTAACGAG-1,-0.69330704,0.14757279,-0.18545058,2.8160233,3.2037413,-0.62127316,-0.6279484,-0.6936188,-0.69061077,-0.71193254,-0.60634506,-0.6911119,-0.6395972,1.3946002,-0.77618885,-0.62455356
TGGACTAGTCACCTAT-1,-0.58043027,-0.9635029,-0.54769754,0.23901178,-0.07317984,-0.21134055,-0.52784467,-0.42424038,0.19408372,-0.4302517,-0.5979978,-0.591884,-0.35074356,5.7472305,-0.45846698,-0.42274573
TGGATTCAGCCTGAGC-1,-0.5565172,-0.7997988,-0.46483076,-0.10715124,-0.5707091,-0.14519888,-0.45062745,-0.392672,-0.24054624,-0.29659957,-0.5466202,-0.5815079,-0.17812614,6.2192264,-0.58130467,-0.30701637
TGGATTCAGGCATTAC-1,-0.89255893,3.690179,-1.1462898,-0.5168881,-1.0543876,-1.2673335,-0.7560181,-0.83618563,3.0080798,-0.8617547,-1.0010736,-0.32890746,-1.4583168,4.7979107,-0.3147558,-1.0616992
TGGATTGGTCCACAAA-1,-0.52714556,-0.86438274,-0.5801471,0.2528084,-0.14139053,-0.34145513,-0.43430197,-0.4016496,0.247098,-0.3871643,-0.54622465,-0.49371308,-0.3215338,5.375426,-0.3811484,-0.4550748
TGGCCAATCTAACTGA-1,-0.5383205,0.57419634,-0.6564683,0.84276307,0.06350948,-0.8016381,-0.50617874,-0.55669457,1.1425382,-0.5566092,-0.64525205,-0.48018745,-0.8304182,3.9970524,-0.37743092,-0.67086124
TGGCCATCAAACCTTG-1,-0.7097567,3.7350192,-0.7914803,-0.24394467,-0.25728008,-0.9013169,-0.74854946,-0.7772357,-0.27952528,-0.7957647,-0.6834987,-0.61243194,-0.8783305,5.3260393,-0.6008816,-0.78106165
TGGCCTTTCTCACTCA-1,-0.2878573,-0.9281205,-0.2876067,-0.5147288,-1.0379043,0.071422204,-0.31581005,-0.22755882,-0.22724888,-0.1716604,-0.28816602,-0.24069664,-0.11503795,5.0382304,-0.37701234,-0.090244114
TGGCGGTTCCGCCTAT-1,-0.21196422,-0.6696602,-0.4878837,-1.0328557,4.4229627,-0.27854878,-0.21540758,-0.2732622,0.3430686,-0.18738051,0.55486083,-0.2922452,-0.4048612,-1.1530042,0.1538992,-0.26771778
TGGCTAAGTTGGTTCT-1,-0.2821489,1.3234069,-0.23704772,-0.7892623,-1.0918175,-0.15335776,-0.46915978,-0.31803894,-0.5026507,-0.32287842,-0.3081581,-0.11287846,-0.33313596,4.420845,-0.54487306,-0.27884436
TGGGCATGTAATGGAA-1,-0.6308564,-0.59983295,-0.5533527,2.4810586,-0.49334353,-0.3667968,-0.5717369,-0.6112433,-0.72194695,-0.45880502,-0.5815352,-0.66466093,-0.21450733,5.2041225,-0.658854,-0.5577088
TGGGCATGTGAGCACT-1,-0.73989224,-0.93686414,0.7809055,5.1889367,-0.5120672,-0.7774328,-0.76605976,-0.7096288,-0.41097558,-0.75453186,-0.8517027,-0.8783941,-0.77110434,3.6437664,-0.68224907,-0.8227066
TGGGCCTAGCCGCTTT-1,-0.5726086,-0.16674478,-0.63088405,0.77250785,0.092771836,-0.4774384,-0.5398967,-0.5098087,0.033103973,-0.5376192,-0.55983377,-0.5591488,-0.59611535,5.2220235,-0.40951812,-0.56079024
TGGTCATAGCACGTTG-1,-0.85899466,-0.667166,1.4602207,5.1113687,0.11295264,-0.8431632,-0.91926193,-0.803676,-0.73900217,-0.95191383,-0.9469744,-1.0047002,-0.8858283,3.6862068,-0.81344736,-0.93662095
TGGTCATAGTTATTCC-1,-0.51596093,-0.81742656,-0.5175278,0.2586187,-0.32420748,-0.36660263,-0.41141102,-0.3756658,0.03548614,-0.33814508,-0.48824993,-0.4963177,-0.2394683,5.4283724,-0.46437708,-0.36711648
TGGTCCTTCAGGATGA-1,-0.913412,4.23259,-0.7428856,0.15333484,1.6848207,-1.3730522,-0.9827827,-1.0540292,0.18731134,-1.096569,-0.982332,-0.8512361,-1.3657316,5.0127964,-0.7584511,-1.1503726
TGTAAAGCAAGCTAAA-1,-0.7957231,-0.73109305,0.36367124,5.314619,0.1627095,-0.8636949,-0.8906568,-0.8082379,-0.55763257,-0.8502673,-0.8804593,-0.9651855,-0.8735925,4.053369,-0.75235534,-0.9254706
TGTAAAGCAATTGAGA-1,-0.8815546,-0.73795867,1.664458,4.8554187,0.36059594,-0.7022958,-0.8537624,-0.80079067,-0.7683049,-0.909049,-0.9019431,-1.0044525,-0.866866,3.2517557,-0.81539553,-0.88985544
TGTAAGTGTCCTTAGT-1,-0.4938596,-1.3031037,-0.9090922,-0.9925682,4.872863,-0.84107053,-0.19134732,-0.31050798,0.8701566,-0.3310289,-0.3459929,-0.31089216,-0.6333699,1.929838,-0.39353216,-0.6164916
TGTAAGTGTTCGCTTG-1,-0.36369014,-1.0200801,-0.7300791,0.33677065,4.3385453,-0.7689982,-0.33153304,-0.34369433,0.9922156,-0.4350366,-0.4270218,-0.34081203,-0.5997776,0.50264436,-0.33069208,-0.4787606
TGTAATGTCACAGCCA-1,-0.63906157,-1.0212817,-0.750932,1.9795203,4.866297,-0.75473654,-0.48573503,-0.55514824,-0.07606457,-0.5576203,-0.6979083,-0.6260773,-0.6002915,1.1063006,-0.5653744,-0.6218865
TGTCAATCAAGCCACT-1,-0.9490483,-0.76320946,0.5062758,5.1141114,0.8797883,-0.7184902,-0.85804546,-0.8024789,-0.36599737,-0.90253615,-0.9648211,-1.0157548,-0.9053604,3.4374387,-0.7107713,-0.98110056
TGTCAATCATCGTTCT-1,-0.5588857,-1.0782301,-0.69830275,-0.20815314,5.2054143,-0.77697074,-0.35661656,-0.46462733,0.30847877,-0.4107077,-0.4980125,-0.46705216,-0.5875875,1.6282412,-0.44127417,-0.595714
TGTCCTGGTAGGTTGC-1,-0.545622,-0.96510446,-0.6774074,-0.1622403,5.298658,-0.79359806,-0.40735105,-0.49230424,0.22496825,-0.4325749,-0.5095328,-0.4897519,-0.5832765,1.5942432,-0.46685198,-0.5922539
TGTCCTTCAAAGCGCA-1,-0.49504748,-0.3258119,-0.5969039,2.2973442,4.8773704,-0.38404843,-0.44920543,-0.44812545,-0.3715358,-0.47198573,-0.5719832,-0.49280092,-0.5067533,-1.1569288,-0.48839286,-0.41519144
TGTCCTTCAAGTGAAC-1,-0.5531596,-1.109419,-0.6050764,0.03224457,5.09161,-0.8653246,-0.48944086,-0.5029836,0.10198686,-0.53282404,-0.5116655,-0.5670935,-0.66639566,2.254613,-0.4465626,-0.63050836
TGTCCTTCAATAGTCT-1,-0.51257735,0.27871162,-0.5456903,2.1999216,4.7641244,-0.31265208,-0.5498164,-0.48758453,-0.5850894,-0.54651475,-0.5264726,-0.57658744,-0.5292542,-1.0664952,-0.5430918,-0.46093148
TGTGCTGAGCGCTCAA-1,-0.55085623,-0.6701368,-0.50876796,0.5998771,-0.45139095,-0.16290009,-0.49732903,-0.44063166,-0.35090888,-0.3867965,-0.54403853,-0.57914937,-0.2318849,5.731342,-0.5731547,-0.38327336
TGTGTTAAGAACCTGT-1,-0.6037158,-1.3381928,-1.0000957,-0.094716996,5.0308013,-0.9993234,-0.39304763,-0.44605327,0.48949713,-0.4655419,-0.5761003,-0.4238615,-0.7074279,2.9226594,-0.6241962,-0.7706848
TGTGTTAAGGAATAAC-1,-0.48906058,-0.2962227,-0.59763926,1.7474904,4.998699,-0.4054668,-0.44320714,-0.4680044,-0.33882517,-0.44027084,-0.5583921,-0.4679429,-0.49188626,-0.8360697,-0.4872216,-0.4259799
TGTGTTAAGGGATTAG-1,-0.47807795,-0.5527719,-0.6566912,1.062733,5.3434453,-0.7660211,-0.48552954,-0.5336132,-0.23341525,-0.5071943,-0.6201381,-0.47572833,-0.63059866,0.52598107,-0.45879942,-0.53358066
TGTGTTAAGTAAGGGC-1,-0.4458211,-0.7795285,-0.043869644,-0.21996003,-0.6277262,0.1781677,-0.48171788,-0.39274007,-0.8762025,-0.33174568,-0.404068,-0.540961,0.034257308,5.801544,-0.65074044,-0.21888825
TGTTACTTCGCTAGAT-1,-0.69119966,-1.1394303,0.4521273,5.200854,-0.5490353,-0.73577726,-0.6637753,-0.69711834,-0.5941232,-0.65577775,-0.7515938,-0.79006505,-0.67568773,3.718686,-0.6823749,-0.74570864
TGTTGCACAATTGAGA-1,-0.32207906,-0.09849432,0.028637245,0.109226495,-0.8600196,-0.069001734,-0.40937,-0.32760656,-0.72619855,-0.31397367,-0.3320561,-0.3033728,-0.14501369,4.6124825,-0.63925856,-0.20390159
TGTTGCACAGCCAGAA-1,-0.5958234,-0.877861,-0.587512,0.37542987,-0.44217953,-0.30296108,-0.5039252,-0.42544708,0.078316644,-0.3935087,-0.59981227,-0.6260791,-0.2796733,6.1366835,-0.544489,-0.41115847
TGTTGTAAGGCATGTT-1,-0.59497285,-0.7240997,-0.5713015,1.1211722,-0.22723123,-0.2642406,-0.54362965,-0.48084354,-0.16369933,-0.45663112,-0.59379154,-0.61402774,-0.35657808,5.463361,-0.54249305,-0.4509933
TGTTGTGCAAGGATTA-1,-0.67940336,-0.9378265,-0.71387273,0.77766824,5.237949,-0.8783265,-0.5053432,-0.606333,-0.049593844,-0.57646173,-0.70862603,-0.6284079,-0.641447,2.1592617,-0.5762386,-0.67299813
TGTTGTGCACCTGCCT-1,-0.5765362,-0.68410134,-0.54942554,0.7868103,-0.39608258,-0.20415185,-0.5147537,-0.45057666,-0.06270149,-0.39055508,-0.60425127,-0.5909463,-0.29909587,5.474483,-0.5477036,-0.39041203
TTAAAGGCATAACGGG-1,-0.5928766,-0.8624322,-0.60712785,0.19206576,-0.009410575,-0.23457408,-0.51881254,-0.44411772,0.22639039,-0.41834593,-0.6223957,-0.5808484,-0.37514123,5.738951,-0.4665535,-0.42477185
TTAAGCCAGACAACGA-1,-0.58428186,-0.76342875,-0.6285156,0.06359878,0.04713369,-0.5405864,-0.48695272,-0.43634844,0.8631409,-0.46298718,-0.64962953,-0.52315915,-0.52204865,5.494491,-0.37559605,-0.49483
TTAAGGACAGGTTCAC-1,-0.4086753,2.1235907,-0.19315784,-0.5649071,-1.0118903,-0.33891076,-0.58366925,-0.48964214,-0.6625905,-0.50355554,-0.39241183,-0.37049782,-0.3509171,4.9147034,-0.7738914,-0.39357746
TTAAGGTGTTGAGCCG-1,-0.6600707,1.9515098,-0.62726605,2.7329092,4.6025124,-0.09286784,-0.8045271,-0.69813156,-0.958256,-0.7267569,-0.64257145,-0.79968834,-0.6154659,-1.248747,-0.8019243,-0.6106583
TTACACCGTATTGTGG-1,-0.8031972,4.683977,-0.87068033,-0.13782339,0.31692356,-1.3118081,-0.8797481,-0.9921252,0.6495116,-0.9854173,-0.9752521,-0.7895129,-1.4028563,5.2318525,-0.64114296,-1.0927016
TTACACCGTTGGTTAG-1,-0.28183383,1.0944486,-0.11822043,-0.7285337,-1.389147,-0.04544702,-0.46429104,-0.31028408,-0.66376525,-0.29886526,-0.27985805,-0.02345489,-0.19460969,4.4723873,-0.57147014,-0.19705553
TTACCGTGTCATCAAG-1,-0.5713463,-0.73309445,-0.3144356,1.7175885,-0.33354294,-0.17186834,-0.5967439,-0.50218767,-0.7647315,-0.45256215,-0.5057911,-0.6546178,-0.23638521,5.210429,-0.67070377,-0.420007
TTACCGTGTTAGACCA-1,-0.81745726,1.7662755,-0.9559284,1.552408,0.55899835,-0.95311815,-0.8235699,-0.7712959,0.44065738,-0.84863704,-0.83604664,-0.76304656,-0.9317861,4.7516785,-0.49666348,-0.87246835
TTACCTGTCTCACTCA-1,-0.38303217,-0.9081054,-0.5956069,-0.13417742,5.0222383,-0.6005024,-0.3090293,-0.39031106,0.10621557,-0.3309695,-0.282466,-0.37472674,-0.53658044,0.42418128,-0.28473774,-0.4223903
TTACGTTTCAAACTCA-1,-0.9667469,3.517857,-0.5096097,2.7321253,4.6889052,0.3380751,-0.9840621,-0.8268254,-1.2582606,-0.8823441,-0.8853594,-1.026137,-0.78773904,-1.2622797,-1.1783807,-0.70921826
TTAGACTCACAGGAAT-1,-0.45176223,2.3531518,-0.49624366,0.13801272,4.048748,-0.069590494,-0.572829,-0.5294626,-0.29662803,-0.60917115,-0.1331579,-0.64949816,-0.6963713,-1.2539399,-0.34198472,-0.43927333
TTAGCAGGTGGATTGC-1,-0.3337772,-1.0490425,-0.6600123,0.009822287,5.036989,-0.8100953,-0.2531411,-0.35074437,0.51024127,-0.30833706,-0.41217548,-0.29245356,-0.5907966,0.26796165,-0.31632257,-0.4481162
TTAGCTGCAGGTTAAA-1,-0.75797796,-0.7445949,0.31127638,5.191206,-0.07625298,-0.7914336,-0.83611256,-0.7841114,-0.637681,-0.79823524,-0.81403744,-0.89113045,-0.82522583,4.054055,-0.73516786,-0.8645764
TTAGGATGTTCCGGGA-1,-0.6573056,-0.84525746,-0.56239754,1.3553398,-0.29651377,-0.41035682,-0.57358724,-0.5121256,-0.2617187,-0.47959208,-0.6279222,-0.7087979,-0.29988173,5.997389,-0.6517143,-0.46555787
TTATCCGTCCAGGTCA-1,-0.7517767,1.4612345,-0.40577707,2.9957335,4.4931116,-0.12818536,-0.7644948,-0.85168314,-1.1118889,-0.87266797,-0.86379606,-0.7792872,-0.73401695,0.04865399,-0.9292812,-0.8058782
TTATCCTAGTTAGACC-1,-0.64080775,1.6885793,-0.6582507,1.3902545,0.11396726,-0.6428827,-0.762735,-0.6627183,-0.5363176,-0.69772756,-0.5897758,-0.6616303,-0.64055455,4.600777,-0.6061487,-0.6940292
TTATGACCAACTAGGG-1,-0.5352588,-0.2857228,-0.5731894,1.9028708,-0.56885713,-0.42700952,-0.5969469,-0.5144878,-0.6397855,-0.53000784,-0.5800624,-0.60503346,-0.41614568,5.587023,-0.65899587,-0.5583905
TTATGCGCAGTTTACG-1,-0.57643783,-0.8812953,-0.6644459,3.041934,-0.21213298,-0.5594079,-0.5095758,-0.5265656,0.20737524,-0.46177125,-0.5691847,-0.5893307,-0.41137516,3.7007732,-0.48753768,-0.5010216
TTATGCGCATTATGGT-1,-0.6531184,0.24772401,-0.964943,2.9022353,-0.45110336,-0.7032873,-0.5279403,-0.65150815,0.66389346,-0.59105814,-0.7055305,-0.5519872,-0.6781054,3.8528593,-0.5135674,-0.67456275
TTCAACCGTTGTTGTC-1,-0.4484133,-1.1967863,-0.5244928,-0.60462177,-0.40992457,-0.34820664,-0.34431532,-0.23878583,0.78985244,-0.2594975,-0.47742707,-0.39246112,-0.33721766,5.351447,-0.34299174,-0.21615815
TTCACTGTCTCGACCT-1,-0.56277835,-0.8248184,-0.68776566,-0.5321489,-0.15875106,-0.44232678,-0.39872682,-0.34981996,1.3516731,-0.39711273,-0.62610126,-0.38359427,-0.57221377,5.264899,-0.3105728,-0.36984104
TTCACTGTCTTTGAGA-1,-0.85043466,-0.48474443,1.4555321,4.9000173,0.18127874,-0.86718464,-0.9074987,-0.79807496,-0.7603388,-0.9613503,-0.9071413,-0.9669317,-0.88825667,3.5666904,-0.80841887,-0.9031433
TTCAGCACACCGGCTA-1,-0.5996018,-1.0427878,-0.79305565,-0.24392147,5.3339853,-0.83856595,-0.39559168,-0.45553112,0.5524475,-0.44797814,-0.5677754,-0.4537599,-0.60669327,1.7455571,-0.5457882,-0.64094
TTCATTCAGGTCATTA-1,-0.37114525,-0.7349311,-0.44262075,0.37969667,3.3918326,-0.43042797,-0.3276931,-0.34904474,0.63297534,-0.35078508,-0.4588812,-0.33414727,-0.4546647,0.616095,-0.33571,-0.4305483
TTCCACGGTACCGTAA-1,-0.32663816,-0.35324138,-0.6294189,0.7473032,4.5643764,-0.32517737,-0.35111725,-0.42323738,-0.22960232,-0.31038457,-0.45234013,-0.30475008,-0.5080762,-0.375224,-0.34588283,-0.37658918
TTCCCACAGCTAAAGG-1,-0.8293965,4.799869,-0.6970277,-0.41109404,0.76321995,-1.3776262,-0.92402244,-1.0264728,0.47506502,-1.033687,-0.95100653,-0.81797254,-1.4146734,5.2331834,-0.67918134,-1.1091774
TTCCCGCCATTAGGTT-1,-1.0069101,4.7258763,0.8419458,4.6626987,0.11717528,-1.078723,-0.9788477,-0.98373026,-0.5384867,-1.0121241,-1.183114,-1.030386,-1.1340735,0.5974866,-0.9510214,-1.0477655
TTCCTCAAGCACAGCC-1,-0.7140959,-0.48476774,-1.0175983,-0.68171406,2.4163878,-0.99431676,-0.5466658,-0.5688034,2.1999655,-0.598404,-0.4560113,-0.35904306,-1.047872,3.511773,0.006637484,-0.6654716
TTCCTCAAGTTGGATC-1,-0.74618804,2.4888504,-0.6827157,2.962903,4.4163,-0.123731315,-0.8890923,-0.76685417,-1.0882581,-0.7872822,-0.59271055,-0.9185748,-0.6710649,-1.0383027,-0.83137584,-0.7319022
TTCGGTACACGGTACT-1,-0.67614186,1.7760019,-0.823896,2.6877956,5.067824,-0.33903053,-0.80560505,-0.74830395,-0.92272896,-0.682318,-0.6816691,-0.77603424,-0.6442306,-1.0373871,-0.7564089,-0.6378672
TTCGGTACAGTAATAG-1,-0.79746354,4.888888,-0.72226083,-0.06459622,-0.07658158,-1.2488896,-0.8639842,-0.93941164,0.04324566,-0.9369533,-0.949244,-0.7680533,-1.2866465,5.466855,-0.7124797,-1.0324247
TTCGTTAGTCTTGCTG-1,-0.8186173,1.1110394,-0.5591464,2.5196629,0.24797955,-0.91273016,-0.6513511,-0.7631287,0.9978137,-0.6984928,-0.89904815,-0.6346215,-0.94382006,3.4485247,-0.56819516,-0.875869
TTCTTAGGTAAAGCAA-1,-0.7225669,-0.75561464,0.43740618,4.4728866,0.36540976,-0.91014326,-0.7549636,-0.72042906,-0.110031635,-0.77442336,-0.8239624,-0.8052146,-0.8102817,3.3516912,-0.6217292,-0.81803364
TTCTTAGGTACCGAAC-1,-0.29390898,-0.7029275,-0.58015114,0.07153712,4.623061,-0.3207995,-0.2176905,-0.283043,0.23638165,-0.23425952,-0.071004465,-0.29226884,-0.43893203,-1.1466026,-0.0906636,-0.25872797
TTGACATCAAACCTTG-1,-0.54136443,-1.0644271,-0.35587102,0.33928993,-0.37258896,-0.26796347,-0.46558467,-0.38195208,-0.09692229,-0.31959867,-0.54230845,-0.56715786,-0.22432652,5.70959,-0.52690923,-0.3219051
TTGACGTAGAACCTAC-1,-0.8191319,4.770489,-0.8436711,-0.052531824,0.04669161,-1.344564,-0.9010384,-1.0231462,0.6418273,-0.99315554,-0.9799796,-0.7599662,-1.4292333,5.4296045,-0.673255,-1.0689387
TTGAGGCGTAAATTGC-1,-0.3702433,0.15389842,-0.7937423,-1.4162245,3.7330453,-0.7525748,-0.19278292,-0.25431764,0.78720176,-0.33193657,0.007710904,-0.3104899,-0.6405909,0.9845357,-0.10133101,-0.50215805
TTGATGTCATTAAGTC-1,-0.565539,0.3676625,-1.1077871,-0.17835803,-1.6242068,-0.6605712,-0.4334888,-0.45081383,2.9718344,-0.49215257,-0.65583414,-0.12608342,-0.9052673,4.450452,-0.1407915,-0.44905543
TTGCACACACGGTACT-1,-0.5189284,-0.7374604,-0.5722788,0.7259245,-0.5177656,-0.32454467,-0.48886675,-0.41510254,0.20800588,-0.37423247,-0.54572386,-0.51479495,-0.36027855,5.2833385,-0.44723243,-0.40005964
TTGCAGCCACGGTACT-1,-0.5088808,1.7483134,0.8306939,0.5874318,-0.78862715,-0.37822998,-0.78516966,-0.53644925,-0.9515216,-0.5854619,-0.5047009,-0.49670738,-0.4647655,4.2770376,-0.8562425,-0.5867204
TTGCGAGTCCGTTAAA-1,-0.55951846,-0.7345296,-0.46562657,1.0040517,-0.421073,-0.3524686,-0.52544117,-0.49264476,-0.47982618,-0.41159436,-0.58241177,-0.6236758,-0.291828,6.004138,-0.5998751,-0.4676763
TTGCGAGTCTGGCAAT-1,-0.55443466,-0.44161335,-0.54054093,1.9108336,-0.5256052,-0.36233267,-0.5459188,-0.5800102,-0.7779206,-0.47032294,-0.514084,-0.5979326,-0.26137155,5.41201,-0.596871,-0.55388534
TTGCTCTCATAAGTCT-1,-0.82415557,-0.6335091,0.94679385,5.302378,0.07487911,-0.9071819,-0.94793445,-0.86102235,-0.6605044,-0.9480555,-0.9008203,-0.9908975,-0.9100522,4.0155454,-0.82579195,-0.9296715
TTGGAGGCAGCCAGAA-1,-0.776263,4.9623256,-0.53674424,-0.25180322,-0.42217615,-1.1794903,-0.8396965,-0.85255826,-0.04338157,-0.87245023,-0.87209606,-0.6650162,-1.3490391,5.345332,-0.667436,-0.9795073
TTGGATATCCGTTAAA-1,-0.4858861,-0.6711976,-0.6122965,0.44996226,-0.5204642,-0.30136597,-0.44902033,-0.3936749,0.12019656,-0.34607834,-0.54899263,-0.4903403,-0.36353868,5.442676,-0.46235597,-0.3676232
TTGGATTCAATTAAGG-1,-0.64416504,-1.1426564,-0.8500589,0.41990933,5.442842,-1.0051981,-0.4798995,-0.5534347,0.13833597,-0.5749059,-0.6349435,-0.5180677,-0.7098414,2.3649862,-0.54952514,-0.703377
TTGGCTGAGCGATACT-1,-0.26165602,-1.0184567,-0.58532727,-0.65599906,4.9704504,-0.5809783,-0.1696474,-0.19100013,0.7964948,-0.17032057,-0.10574988,-0.2689595,-0.49959508,-0.85229474,-0.092853494,-0.3141074
TTGGCTTGTACGTTTC-1,-0.42473277,-0.37620816,-0.67195773,-0.41975352,-1.2263091,-0.5641351,-0.31277063,-0.24934575,1.8622836,-0.32663497,-0.51852953,-0.087891966,-0.6912911,4.439539,-0.13930124,-0.29296023
TTGGGCCAGCGGCTGT-1,-0.5971794,-0.28663683,-0.23284134,2.7079473,0.07569685,-0.5599568,-0.50531197,-0.59382653,-0.5720335,-0.49880168,-0.57924354,-0.5870584,-0.28847408,3.672564,-0.64779174,-0.5070523
TTGGGTTAGTCCTGAG-1,-0.9718795,4.92975,-0.7129904,-0.108928755,0.48053002,-1.2179844,-1.0009531,-1.0103564,-0.10056107,-1.17756,-0.9239423,-0.8415533,-1.2731705,5.726254,-0.72956747,-1.0670866
TTGGGTTAGTTATCTC-1,-0.5513923,-0.83354527,-0.71592,0.6895767,-0.41086835,-0.48052752,-0.503239,-0.44508868,0.4032514,-0.42331988,-0.6251331,-0.6195274,-0.3919112,5.8861966,-0.5139505,-0.4646021
TTGTAAGTCGGGACTC-1,-0.56133246,-0.8880345,-0.3810234,0.6173394,-0.2346324,-0.41493046,-0.50807023,-0.43654466,-0.12817681,-0.3829233,-0.58686644,-0.57526726,-0.30148816,5.7172217,-0.51203585,-0.42323524
TTGTAAGTCGGTTTCC-1,-0.546077,-0.80791116,-0.18431932,0.50574386,-0.46978346,-0.0029729456,-0.5149238,-0.45782575,-0.8240391,-0.35142657,-0.4616486,-0.6112102,-0.028789744,5.788965,-0.7063533,-0.32742855
TTGTCAAAGGAACCGG-1,-0.87254673,3.7824278,-0.6723869,-0.081673004,0.24877957,-0.9231487,-0.92359143,-0.8396948,-0.40118334,-0.9847749,-0.7766949,-0.75153214,-0.9036508,5.696314,-0.68965155,-0.90699184
TTGTCCCAGCTCAAAC-1,-0.5424255,-1.1415433,-0.8448415,-0.2679565,5.4490595,-0.82108986,-0.31086275,-0.3867085,0.5995616,-0.42337367,-0.4978651,-0.3624924,-0.60867083,1.1735342,-0.4339146,-0.5804107
TTGTCCGGTGCATTAG-1,-0.50676614,0.4338331,-0.4617176,0.36648855,3.9449263,-0.674047,-0.585347,-0.50805074,0.33430815,-0.6401885,-0.35683644,-0.60683715,-0.75400615,0.9347303,-0.32498872,-0.59550077
TTGTGTGCACTGGCCA-1,-0.44629046,-0.089934394,-0.2652586,0.394342,-0.3405083,-0.2628008,-0.45371792,-0.35989216,-0.13067678,-0.37171337,-0.44860372,-0.38781205,-0.41715446,4.3347583,-0.42924336,-0.32549357
TTGTTCCCACGAATTT-1,-0.8699243,-0.5496538,1.6535553,5.361615,-0.17513424,-0.925179,-0.97051436,-0.88768417,-0.79710627,-0.9840488,-0.9643356,-1.0617006,-0.93552786,3.94636,-0.88360214,-0.9571196
TTGTTCCCAGCCAGTT-1,-0.66760427,0.89206105,-0.7604483,3.3072238,5.131662,-0.19819254,-0.6960912,-0.67835623,-0.9338893,-0.682528,-0.8394012,-0.7543749,-0.68863595,-1.0520656,-0.80999106,-0.5693677
TTTAACCTCTTGGACG-1,-0.26811582,-0.69545346,-0.696965,-0.13250796,4.813399,-0.5080079,-0.18794455,-0.30639863,0.29068857,-0.26458055,-0.2471462,-0.20557208,-0.47580415,-0.61340034,-0.21026202,-0.29192907
TTTAAGGTCATAATCG-1,-0.2718324,-0.79660183,0.015854537,-0.24177939,-1.336777,0.15507847,-0.36659503,-0.21690175,-0.6624229,-0.21075526,-0.24843103,-0.22208464,-0.05017206,5.0359526,-0.5083193,-0.07421246
TTTAGCTTCCACCTTA-1,-0.31151587,-0.72391343,-0.58978987,0.0048636273,5.0255446,-0.4368397,-0.2532555,-0.29778385,0.21111202,-0.3068959,-0.20192038,-0.33200705,-0.48413402,-0.8294161,-0.17166929,-0.30237883
TTTCACCCACAGCCAT-1,-0.8558624,-0.271675,0.15870784,4.6425605,-0.19040625,-1.0418187,-0.734739,-0.84402233,1.7391864,-0.8695586,-1.0365142,-0.8399429,-1.0658802,2.7667298,-0.5428134,-1.0139514
TTTCGTCCACAACAAA-1,-0.5955123,-0.69334614,-0.3607634,0.65170217,-0.3616282,-0.06954953,-0.61449087,-0.528324,-0.82441914,-0.44276705,-0.54389584,-0.7104136,-0.08414766,6.29041,-0.6865504,-0.42630395
TTTCGTCCATGACTAT-1,-0.57794523,-0.92335665,-0.7387248,0.1380683,5.2214227,-0.82740974,-0.47598746,-0.5130745,-0.030157335,-0.58288205,-0.54677486,-0.5607885,-0.6749909,2.1471474,-0.43687037,-0.61767554
TTTCGTCCATTCCTGT-1,-0.7314926,2.1790283,-0.7539308,2.9451363,4.608753,0.111516096,-0.7705592,-0.762579,-1.1905481,-0.7945523,-0.88942987,-0.7941457,-0.7133208,-0.7988961,-1.0180943,-0.62688535
TTTCTCACACTTAGGC-1,-1.3485786,4.472079,0.0963527,4.6777697,4.7233214,-0.09365052,-1.3017528,-1.1225888,-1.7084992,-1.173809,-1.2522892,-1.3878728,-0.8515259,-0.9983748,-1.7362535,-0.99432683
TTTGAGTCAAGGTATA-1,-0.4993962,-0.27762628,-0.6187702,0.7354655,-0.19205497,-0.5922409,-0.44122773,-0.44738442,0.1000278,-0.41142,-0.5158347,-0.5088064,-0.366175,4.9543805,-0.4224317,-0.49650574
TTTGAGTCAGTACCGT-1,-0.764433,2.730689,-0.75167704,1.0894839,0.7838458,-0.9189805,-0.9348122,-0.9012226,-0.877846,-0.9332737,-0.6818267,-0.7961172,-0.80131245,5.4470897,-0.81046283,-0.87914395
TTTGCATTCACTCAAA-1,-0.54897916,-0.9491031,-0.7152822,0.96231186,4.9001923,-0.4687556,-0.2950552,-0.46770602,-0.109949164,-0.36292285,-0.5782449,-0.43659446,-0.4702513,0.47599146,-0.38383064,-0.5518208
TTTGCATTCGTGCCTT-1,-0.35590184,-0.43910939,-0.23465787,0.19263595,5.422031,-0.4687726,-0.45697546,-0.4294663,-0.17769377,-0.46512777,-0.1487364,-0.5140656,-0.46132988,-0.74777865,-0.25601274,-0.45903808
TTTGCGACAATCCTGA-1,-0.4750535,-0.47017878,-0.62920713,0.030872282,-0.3164419,-0.38081878,-0.4204821,-0.35970122,0.54461396,-0.32976955,-0.55283153,-0.34019768,-0.46615,4.891244,-0.3469724,-0.37892562
TTTGCGACATGCATAT-1,-0.57842,-0.556586,-0.2326555,0.65510136,-0.5554592,0.0028950423,-0.5710554,-0.52489036,-1.0160395,-0.4244001,-0.5120916,-0.71822864,-0.008450925,6.2385616,-0.82197857,-0.37630242
TTTGCGACATGTCGCG-1,-0.53657305,-0.8427473,-0.45653677,0.733694,-0.5174457,-0.34411854,-0.4737326,-0.41018313,-0.3046354,-0.36670238,-0.5468272,-0.5706726,-0.25932953,5.8345537,-0.5504487,-0.38829547
TTTGCGGAGCGAAGTA-1,-0.4829747,-0.81443465,-0.6056203,0.857681,5.6374965,-0.69267005,-0.5006792,-0.4698571,0.012104288,-0.5265613,-0.59497166,-0.4880324,-0.5672756,0.20120631,-0.45694864,-0.50846225
TTTGCGGAGGTCGATT-1,-0.33583048,-0.059988067,-0.6340131,0.38558295,4.495871,-0.60514253,-0.29723343,-0.32807156,0.28751242,-0.3634917,-0.25373957,-0.37625688,-0.59280187,-0.73209625,-0.22757694,-0.3627241
TTTGTGGCATCCGTAA-1,-0.7597148,-1.1825169,0.62040377,5.2244735,-0.20208342,-0.7998052,-0.7115904,-0.7328918,-0.2975437,-0.74177927,-0.84842396,-0.86602503,-0.7467152,3.5317385,-0.69348466,-0.7940415
TTTGTGGCATTGCGAC-1,-0.9406357,4.6665325,0.09462341,0.4156597,0.55691755,-1.4454715,-1.0262792,-1.1185576,0.17952491,-1.1076527,-1.0390757,-0.88,-1.5537196,5.1507945,-0.7998326,-1.1528281
AAACAGCCAGGCTTCG-1_rna,-0.20332836,-0.75788325,-0.66844124,-1.0513972,4.6607695,-0.71218365,-0.2056531,-0.26654208,0.79578155,-0.26473963,0.091639064,-0.2570634,-0.63734925,-0.21840318,0.053453535,-0.35865933
AAACCAACACCTGCTC-1_rna,-0.7201296,-0.63090837,0.3814049,5.322742,-0.1518204,-0.89464414,-0.82996225,-0.81710184,-0.6106285,-0.78984594,-0.82908237,-0.8709134,-0.82388175,3.8387706,-0.7441704,-0.8298286
AAACCAACATAACGGG-1_rna,-0.65781945,0.72125256,0.39863345,3.3421624,-0.8262771,-0.65633005,-0.8030621,-0.70357287,-0.89079076,-0.72718394,-0.59438986,-0.68519276,-0.5818661,4.385861,-0.95760405,-0.76382065
AAACGCGCATACCCGG-1_rna,-0.77686095,2.414374,-0.8144892,2.2444272,3.8562045,-0.83292896,-0.9355554,-0.72501844,-0.0768514,-0.88441914,-0.7109868,-0.648283,-0.8407226,0.13503593,-0.59353083,-0.8103953
AAACGGATCCTAGTAA-1_rna,-0.33242643,0.3987913,-0.37151527,0.59496146,1.8537871,-0.2513445,-0.28059077,-0.28360033,0.37811857,-0.3360589,-0.09659791,-0.33958519,-0.649872,0.22621581,-0.14943849,-0.36084437
AAAGCACCACCCACCT-1_rna,-0.57302815,0.092827626,-0.6165589,0.36661404,-0.2378329,-0.839118,-0.5024011,-0.48800522,1.0952594,-0.567405,-0.6126045,-0.56931686,-0.75416756,4.985991,-0.36801338,-0.41224033
AAAGCTTGTGTGTGGT-1_rna,-0.51237154,-0.9569307,-0.6567198,0.07594703,5.1530685,-0.69594395,-0.42834216,-0.4176486,0.05571052,-0.5238331,-0.54045737,-0.6055884,-0.5737076,1.5781794,-0.43798423,-0.5133781
AAAGGACGTATTGTGG-1_rna,-0.7880431,4.6539054,-0.47766995,-0.14146061,0.044171423,-1.3963177,-0.85849756,-0.9658825,0.5676952,-0.9460507,-0.95567113,-0.7183529,-1.3802582,5.0495043,-0.6323749,-1.0546963
AAAGGACGTTAAGCCA-1_rna,-0.45093828,0.6325501,-0.24413408,1.7233194,2.455125,-0.5434849,-0.5177845,-0.5158952,-0.120819554,-0.4920416,-0.57676834,-0.49941945,-0.55474055,0.58920395,-0.3747059,-0.50946623
AAAGGACGTTCACCAT-1_rna,-0.80582315,-1.0316908,1.1202276,5.3213634,-0.17787302,-0.7908398,-0.7947719,-0.8053999,-0.790199,-0.79268944,-0.83180445,-0.88909453,-0.79329705,3.6394742,-0.7778607,-0.79972154
AAAGGAGCACAAACTT-1_rna,-0.46451515,0.086632565,-0.45617825,0.5682296,-0.48945224,-0.32484645,-0.68711835,-0.51996773,-0.6887941,-0.52270216,-0.52734697,-0.5464933,-0.32088363,5.6469173,-0.4590764,-0.29440492
AAAGGAGCATAGCTGC-1_rna,-0.4344296,-1.0808066,-0.7848259,-0.05649439,4.439819,-0.67782736,-0.22569135,-0.3436427,0.65027666,-0.2883665,-0.2726493,-0.30863303,-0.6284865,0.8267677,-0.32867873,-0.48633114
AAAGGCTCACTTCACT-1_rna,-0.89076144,-0.71884423,2.0307295,5.155612,-0.3494439,-0.89852744,-0.75881666,-0.88181776,-1.0094107,-0.78015786,-0.700502,-0.93255377,-0.61698216,3.2086203,-0.9841775,-0.8729661
AAAGGTTAGCAAGGGT-1_rna,-0.8236995,1.8094585,-0.8084696,3.328979,4.988031,-0.62023926,-0.95272255,-0.8836663,-0.8049508,-0.9233792,-0.9030955,-0.91657424,-0.8080603,0.16166973,-0.9939641,-0.84931684
AAAGGTTAGGGTGGAT-1_rna,-0.5566867,-1.0052698,-0.3775174,0.5322372,-0.52694505,-0.26581186,-0.4445187,-0.41248548,-0.28964254,-0.334336,-0.56883687,-0.55425656,-0.25061363,5.9714847,-0.5299704,-0.38683116
AACAAAGGTAATGGAA-1_rna,-0.98351336,3.8106942,1.4639901,4.587829,1.6437656,-0.9578594,-0.9521886,-0.94779944,-0.93237984,-0.8290695,-1.164661,-1.044419,-0.96655285,-0.4750131,-1.2504997,-1.0023224
AACAAGCCAGGTTCAC-1_rna,-0.8047528,2.2934613,-0.7193696,2.1603055,3.8041468,-0.7453919,-0.93975353,-0.7368211,-0.05596094,-0.88699996,-0.7418337,-0.67817956,-0.8567586,0.41548875,-0.7028564,-0.8047237
AACAGATAGAGGCTAA-1_rna,-0.60475403,-0.83035505,-0.62452763,0.9741843,-0.2580787,-0.5377585,-0.5295742,-0.46590018,0.40891832,-0.49696773,-0.61409295,-0.61658084,-0.47514135,5.5769873,-0.48981053,-0.41654813
AACAGATAGGGTCCAC-1_rna,-0.41189918,0.54504204,-0.5564791,0.35584027,-0.6814686,-0.5139644,-0.4051361,-0.45011225,0.23780262,-0.3923778,-0.547055,-0.531397,-0.49338153,4.806324,-0.47195598,-0.48978165
AACAGCAAGGAAGCTA-1_rna,-0.75776505,4.833912,-0.67243904,-0.3431428,-0.3242184,-1.2360821,-0.8158034,-0.89941895,0.35342705,-0.93899286,-0.9639193,-0.6681557,-1.3283464,5.411804,-0.63223165,-1.0186276
AACATAGCATAAAGCA-1_rna,-0.34314716,-0.13712695,-0.22804168,-0.069179386,-1.1117629,-0.032541394,-0.42414665,-0.33035314,-0.7061925,-0.30844074,-0.36351597,-0.2315939,-0.11423278,5.2418056,-0.57856095,-0.26296893
AACATCATCCGTTATT-1_rna,-0.4846925,-0.15591666,-0.73547804,0.8258421,4.195318,-0.30825073,-0.46476394,-0.5722458,-0.32842767,-0.51172864,-0.48610944,-0.4663124,-0.60653234,0.97351193,-0.39506662,-0.47914732
AACATCATCGAGGAAC-1_rna,-0.4347946,-0.7619171,-0.4644212,0.2143525,-0.5269644,-0.15884124,-0.45783943,-0.37974882,-0.062386215,-0.28740293,-0.44245774,-0.46581817,-0.23832388,5.4222465,-0.5203331,-0.43535018
AACATCATCGGCTATG-1_rna,-0.98662984,-0.4848381,1.9212861,4.718183,1.5415471,-0.7348844,-0.93136513,-0.8109976,-0.79989696,-0.93254197,-0.89429593,-1.0829773,-0.8461944,2.0742588,-0.8642565,-0.8863969
AACCCGCAGTCACTAA-1_rna,-0.47709468,-0.7808851,-0.51932025,0.9099721,-0.593838,-0.37314144,-0.47116908,-0.4232717,-0.35086665,-0.36255053,-0.52812946,-0.48283872,-0.2455259,5.626637,-0.53981483,-0.38816282
AACCGGCTCCGTAAAC-1_rna,-0.45086044,-0.06946033,-0.61151797,0.5851084,4.7994733,-0.39656144,-0.43060791,-0.37113833,-0.086911365,-0.42453998,-0.56145877,-0.40182984,-0.46489882,-0.4276865,-0.32486802,-0.3622421
AACCGGCTCGATCAGT-1_rna,-0.52821285,0.22844753,-0.7301101,0.30427182,4.831196,-0.61835194,-0.49215555,-0.51528805,-0.054365978,-0.47130078,-0.5250561,-0.5490655,-0.55077887,0.5033766,-0.3053378,-0.5272682
AACCGGCTCGTTAGCG-1_rna,-0.6498834,-0.28235176,-0.33144087,1.3133607,-0.35223186,-0.28374526,-0.622574,-0.60616374,-0.57838744,-0.5101004,-0.5959853,-0.68995184,-0.090194255,5.4260077,-0.74788046,-0.3984781
AACCTTAAGGTCTTGG-1_rna,-0.5212006,-0.78003365,-0.6514256,0.75755227,-0.8799925,-0.35653383,-0.41254568,-0.40814093,0.6320789,-0.34116033,-0.6015204,-0.4479514,-0.38132215,5.1297493,-0.3879179,-0.34963536
AACCTTGCAATAATCC-1_rna,-0.4612112,-0.6308555,-0.6424604,0.6424281,-0.6650483,-0.38674128,-0.4269929,-0.3799821,0.23335022,-0.4064693,-0.48467046,-0.42423683,-0.3514164,5.1702104,-0.3891725,-0.39673156
AACCTTGCAGCCTGCA-1_rna,-0.27874005,-0.8930188,-0.64527214,-0.8305632,4.3342757,-0.73362863,-0.18665609,-0.22678769,0.66027224,-0.2767838,-0.020542229,-0.28459266,-0.63455003,0.5019467,-0.10869881,-0.37666097
AACCTTGCAGGACCTT-1_rna,-1.1956424,4.505751,-0.13171506,4.4638534,4.280869,-0.70984334,-1.1942534,-0.9802629,-1.2327939,-1.0138602,-1.0575532,-1.2175539,-1.0007172,-1.1924884,-1.2823659,-1.0414237
AACGCCCAGTTTGAGC-1_rna,-0.85013986,-0.6343928,2.373424,4.976939,-0.5089905,-0.88142043,-0.78022105,-0.8671817,-0.98963356,-0.7259507,-0.8374076,-0.9372715,-0.78801847,3.1560273,-0.8622166,-0.8435461
AACGGTAAGCTGCACA-1_rna,-0.5434716,-0.88735616,-0.5700103,0.35230786,-0.35647678,-0.46519113,-0.4519794,-0.3940531,0.27279735,-0.35742152,-0.5704088,-0.59337205,-0.3886972,5.8101783,-0.4725005,-0.38434494
AACTAGTGTAACCAGC-1_rna,-0.7488937,0.017693609,-0.6481104,2.445701,4.945195,-0.68625504,-0.7620699,-0.69658715,-0.5060672,-0.7742795,-0.69063044,-0.7684675,-0.68008,0.9847202,-0.7326613,-0.6992071
AACTAGTGTCGTAATG-1_rna,-0.5488192,-0.7098608,-0.37375194,0.19796243,-0.44521344,-0.29229188,-0.4662944,-0.42997134,-0.43766898,-0.31784648,-0.512307,-0.5408686,-0.17747888,5.902205,-0.5423421,-0.30545178
AACTCACAGCTAATTG-1_rna,-0.51095843,-0.71663845,-0.6577286,0.10565803,-0.6925425,-0.44747257,-0.37394452,-0.3342822,0.87560236,-0.3417335,-0.60279924,-0.42580068,-0.3663372,5.1806493,-0.36666092,-0.32501072
AACTCACAGGAAGCAC-1_rna,-0.9158735,3.5867846,-0.71547306,3.5468662,4.800863,-0.19942945,-1.0367256,-0.94931924,-1.3918108,-0.85650086,-0.89190805,-1.0424215,-0.77083373,-1.1367074,-1.2089901,-0.8185196
AACTCACAGGGCTAAA-1_rna,-0.6283596,0.39027444,-0.70713073,1.387362,4.902975,-0.6752599,-0.6232535,-0.58988214,-0.06116657,-0.6603718,-0.26542342,-0.65960616,-0.6267143,-0.21026331,-0.36655617,-0.60662407
AACTGTTCAAGACTCC-1_rna,-0.51745427,-0.78181106,-0.6756939,0.57110167,4.9939604,-0.6437066,-0.39835012,-0.39912254,0.1115375,-0.41896784,-0.48282272,-0.5155846,-0.5057981,0.55788213,-0.40606976,-0.48909998
AACTTAGTCACTTCAT-1_rna,-0.70085794,0.55290866,-0.6268474,0.08305859,1.3752835,-0.70915633,-0.6840266,-0.5969806,0.55140305,-0.73265564,-0.6690846,-0.6569494,-0.9277958,4.9513764,-0.55216247,-0.65751314
AACTTAGTCCATAATG-1_rna,-0.87490374,-0.5613366,1.7255858,4.6727195,0.2946365,-0.7773046,-0.8531566,-0.8283366,-0.89920974,-0.9500867,-1.0224164,-1.0127094,-0.81873155,3.6901293,-0.8753771,-0.909502
AAGAACAGTATTCGTC-1_rna,-0.90200853,-1.0701392,1.2827901,5.2010717,0.17189278,-0.72606796,-0.8510896,-0.8307903,-0.7740601,-0.90777904,-0.9106932,-0.9911718,-0.8308301,3.8087223,-0.7823691,-0.88747793
AAGAATCAGGCTACAT-1_rna,-0.5571878,-0.84471184,-0.5729517,1.2154082,-0.49160033,-0.20190357,-0.51081985,-0.47270483,-0.013530754,-0.38223213,-0.5772083,-0.6163988,-0.31121778,5.2623477,-0.53333634,-0.3919525
AAGACATAGTAAGGGC-1_rna,-0.6535535,0.031296536,-0.659039,2.2620444,5.037653,-0.57729757,-0.6322359,-0.6426064,-0.63818586,-0.6737144,-0.53866065,-0.67171955,-0.6403749,0.12541465,-0.50320077,-0.6258198
AAGACCAAGAGAGGAG-1_rna,-0.6011925,1.559047,-0.68144625,0.8201535,-0.12937275,-0.9075711,-0.5185746,-0.7031733,0.029735658,-0.5238967,-0.6916777,-0.47125775,-0.83646095,4.771162,-0.5648705,-0.55060416
AAGCAAGTCGTTTCGC-1_rna,-0.48482525,-0.9146844,-0.57294905,0.36512607,4.5827556,-0.7400898,-0.5048435,-0.35882512,0.51065195,-0.4501188,-0.4653956,-0.4783492,-0.60176396,1.0771309,-0.40504223,-0.5587772
AAGCCTCCACAATGCC-1_rna,-0.59260345,-0.30432087,-0.74106365,0.3478058,-0.60019803,-0.5427948,-0.4919498,-0.46006262,1.0652965,-0.38047236,-0.6334462,-0.46016836,-0.67663306,5.3419976,-0.36181384,-0.50957286
AAGCCTCCACACTAAT-1_rna,-0.5098842,-0.30423194,-0.71487236,0.12322538,-0.4092927,-0.35520184,-0.4222126,-0.43933326,0.67006004,-0.4064082,-0.56430185,-0.37061167,-0.5105707,4.90367,-0.30499715,-0.3850367
AAGCCTCCAGACAAAC-1_rna,-0.5280613,1.4925853,-0.65379053,0.29759383,-0.6199105,-0.6255365,-0.4975512,-0.4216506,0.16680199,-0.51206404,-0.6355266,-0.5356681,-0.68334365,4.782976,-0.50880706,-0.5180472
AAGCGAATCATGCCTC-1_rna,-0.67308384,0.3749041,-0.7632647,2.2173347,5.128991,-0.5477907,-0.73169833,-0.6277286,-0.4429853,-0.7284729,-0.70835346,-0.6563078,-0.6301099,-0.04285592,-0.57243234,-0.5961466
AAGCGAGGTCGACTCC-1_rna,-0.37136996,-0.10449731,-0.41982532,-0.1805117,-0.6217225,-0.3038854,-0.3816703,-0.2986592,-0.011846095,-0.23343636,-0.45010662,-0.3869208,-0.3951264,4.8548255,-0.41864306,-0.27660412
AAGCGTTTCATTGTCT-1_rna,-1.090398,-0.17036098,1.7829291,4.769656,1.1488929,-1.0371494,-1.0007036,-0.8953332,-0.61572623,-1.0381321,-0.99581015,-1.1099648,-1.0338928,3.1796055,-0.87113833,-1.0224739
AAGCGTTTCCTGATTT-1_rna,-0.8713469,-0.8621078,0.94140774,4.9877057,1.1263204,-0.6734828,-0.8215937,-0.88072836,-0.69354355,-0.93965465,-0.92365795,-1.035596,-0.8985539,3.192344,-0.7402414,-0.90727013
AAGCTAGAGATGGACA-1_rna,-0.42710918,-0.27753454,-0.5239611,0.8846199,-0.62697756,-0.14401272,-0.5151211,-0.3701023,-0.39994818,-0.42220503,-0.42792243,-0.43562979,-0.40526104,4.9423738,-0.48368496,-0.3675238
AAGCTATGTTTAACCC-1_rna,-0.88174826,-0.5052014,1.7129215,4.3407845,0.51737326,-0.8992453,-0.8472042,-0.8278729,-0.52443045,-0.95419854,-0.9430974,-1.0722373,-0.853366,3.3817112,-0.7406768,-0.9035121
AAGCTCCCAGCAATAA-1_rna,-0.54512155,0.9555627,-0.40616578,2.0074878,0.47503263,-0.76892227,-0.5618753,-0.56842977,1.0113461,-0.6670017,-0.51799965,-0.5292188,-0.8184364,1.9660673,-0.38381872,-0.6485064
AAGCTTGGTCGCAATA-1_rna,-0.5516983,-0.84144163,-0.2725527,0.37407613,-0.5267062,-0.019040331,-0.55086637,-0.47865894,-0.68719673,-0.29845464,-0.51638925,-0.58373785,-0.08512212,5.981689,-0.6595181,-0.28438202
AAGGATCCAGTCTAGC-1_rna,-0.53175485,-0.7157975,-0.5879721,0.76243806,-0.33003455,-0.42223436,-0.44943613,-0.4497801,0.375172,-0.4023749,-0.575717,-0.49657905,-0.43731803,5.1663723,-0.42697906,-0.478005
AAGGATTAGTAGCGCC-1_rna,-0.44329906,-0.63439107,-0.68618083,0.33863252,4.7692056,-0.652238,-0.29518223,-0.3928023,0.29471105,-0.4234718,-0.3030547,-0.39883882,-0.63610375,0.18032825,-0.26782602,-0.44948852
AAGGCCCTCTTGATGA-1_rna,-0.52968466,-0.2493846,-0.6609645,0.6086503,5.130151,-0.560126,-0.52344364,-0.45707715,-0.11278726,-0.5005113,-0.3920812,-0.50712425,-0.5616331,0.1888206,-0.40246385,-0.4703405
AAGGTCAAGGTCCGTA-1_rna,-0.57445055,-0.39042026,-0.675481,1.0577077,5.019112,-0.63184,-0.5823759,-0.502106,-0.12544094,-0.55897,-0.42469925,-0.5917732,-0.55993325,0.64989287,-0.5398856,-0.5693369
AAGTGAAGTATGTGGC-1_rna,-0.4513548,-0.9337255,-0.6046266,0.24268,5.1285324,-0.680642,-0.46508467,-0.43507862,0.07584644,-0.5016423,-0.503547,-0.5643446,-0.5941852,1.1595745,-0.34247363,-0.52992916
AAGTGTTGTGAGACTC-1_rna,-0.4885586,-0.867861,-0.6078921,0.36517555,4.9424977,-0.66015774,-0.4411937,-0.43635237,0.46402967,-0.47558564,-0.57572067,-0.47519815,-0.6108474,0.8805938,-0.48937017,-0.5235599
AAGTGTTGTGCTCCGT-1_rna,-0.6542434,-0.4574861,-0.41608375,2.1645093,-0.22891212,-0.37479407,-0.63903093,-0.639543,-0.94012463,-0.5116504,-0.4845233,-0.63232213,-0.28041297,5.6028857,-0.8916261,-0.616642
AAGTGTTGTTGAGGTC-1_rna,-1.0526891,4.207875,-0.2044017,4.2467775,4.615878,-0.49972194,-1.1542292,-0.98286647,-1.4108732,-1.0172136,-1.0477779,-1.0772681,-0.8155709,-1.5184786,-1.3375514,-0.95188826
AAGTGTTGTTTGCAGA-1_rna,-0.48594928,-1.0418365,-0.6261805,-0.008702897,5.6824894,-0.85767615,-0.5259687,-0.5097315,0.3888978,-0.50858927,-0.5217876,-0.552626,-0.67417383,1.3746388,-0.53333557,-0.5994682
AAGTTACGTAGCTAGC-1_rna,-0.5057057,-0.6961392,-0.68375564,0.5455117,-0.60869765,-0.4963799,-0.3813283,-0.4229505,1.0229955,-0.39785257,-0.5872375,-0.5168422,-0.42903596,4.9573216,-0.40297833,-0.39692494
AAGTTAGCACCTCAGG-1_rna,-0.528304,2.7801702,-0.48350605,0.37684447,1.636967,-0.55246097,-0.38901967,-0.41398126,0.29414278,-0.43999973,-0.27698523,-0.4634434,-0.7604724,0.16386402,-0.36604795,-0.5777677
AAGTTAGCACTAAGAA-1_rna,-0.5927068,-0.26203406,-0.63265014,-0.19064713,-0.4758549,-0.4684622,-0.44431856,-0.39093283,0.6941042,-0.39580545,-0.6057943,-0.56328106,-0.39188302,5.442465,-0.4266235,-0.2955749
AAGTTTGTCCAATTAG-1_rna,-0.5613866,-0.88132185,-0.460944,0.9471747,-0.4734218,-0.24608137,-0.52136207,-0.38273603,-0.16529371,-0.45003784,-0.49775672,-0.5508031,-0.3095804,5.4632807,-0.4781543,-0.4315762
AATACCGGTTCCATTA-1_rna,-0.598586,1.8343664,-0.77494353,0.8237884,-0.68641436,-0.6633515,-0.62037694,-0.6250724,0.31089163,-0.5632802,-0.70848775,-0.61784434,-0.73352814,4.8538785,-0.5386524,-0.6923872
AATAGAGGTGAGGTAG-1_rna,-0.50055903,-0.88361895,-0.7064962,0.5105925,5.1269784,-0.6656712,-0.3910864,-0.37750894,0.2310599,-0.45994526,-0.39247173,-0.44230765,-0.61194885,0.34442854,-0.32053155,-0.46091354
AATCAGGAGCGAAGTA-1_rna,-0.54315436,-0.8463197,-0.40222284,0.9490415,-0.50464535,-0.26316053,-0.46448675,-0.5089724,-0.79895794,-0.35579714,-0.4119886,-0.5624095,-0.070614606,5.7226176,-0.67239547,-0.26653385
AATCATCCAATCCTGA-1_rna,-0.4577039,1.2017448,-0.6484825,1.2240772,4.4472976,-0.410994,-0.6452965,-0.54093045,-0.27208984,-0.5842178,-0.386191,-0.6155045,-0.6384652,-0.6997119,-0.4862755,-0.4872564
AATCATGTCATTACTC-1_rna,-0.53276545,-0.85829145,-0.54524654,0.310571,-0.4936297,-0.14867969,-0.44846296,-0.40969676,0.01670383,-0.33691114,-0.55002236,-0.5165074,-0.25473887,5.6122313,-0.46248925,-0.38206434
AATCCATCACCTCAGG-1_rna,-0.87359524,-0.3246273,1.4091214,4.7754703,-0.5156591,-0.61589766,-0.89408576,-0.8885963,-0.95791423,-0.89602077,-0.75670457,-0.9645989,-0.6408481,3.9007754,-0.9876839,-0.7691355
AATCCCTGTGCAATAT-1_rna,-0.50131476,-0.7436553,-0.6637325,1.014821,-0.40217152,-0.3142133,-0.48228857,-0.4497809,0.20100099,-0.3542239,-0.5337193,-0.5125594,-0.3020071,4.886916,-0.4151052,-0.42796585
AATCCTAAGATGGAGC-1_rna,-0.45252082,-1.0986623,-0.76723933,-0.6385269,4.649933,-0.73436415,-0.2903025,-0.30735272,0.7072897,-0.32976127,-0.4431478,-0.24715775,-0.64372015,1.3432996,-0.21235996,-0.53540623
AATGAAGGTAGGTTAT-1_rna,-0.45492375,-1.0806912,-0.63164425,-0.3656445,5.268254,-0.6706244,-0.26723897,-0.36402947,0.55564296,-0.29836214,-0.42946124,-0.33146012,-0.5502329,0.3009001,-0.30226636,-0.37821782
AATGCAACAAGGTATA-1_rna,-0.53794485,-0.582288,-0.48988712,0.26084486,-0.2961536,-0.2793334,-0.4700488,-0.45150822,0.16919236,-0.38272154,-0.5142814,-0.5632659,-0.2688059,5.240181,-0.40610403,-0.42787534
AATGCATGTGTTTCAC-1_rna,-0.63995266,1.466038,-0.7067989,2.945592,4.8983483,-0.3620979,-0.7713493,-0.71885526,-0.88159585,-0.7339699,-0.7609049,-0.67636025,-0.62533534,-1.0144238,-0.748654,-0.6696799
AATGCGCGTACCGGAT-1_rna,-0.41098326,-0.8551465,-0.69305164,-0.06950544,4.8137755,-0.6799052,-0.2943877,-0.30954856,0.50638753,-0.37520438,-0.22950374,-0.38855922,-0.6095807,0.25389487,-0.22424275,-0.4344386
AATGGCGCAAGCCACT-1_rna,-0.8191975,4.2792606,-0.80132794,-0.39638036,0.06942898,-1.2662828,-0.8055797,-0.8782077,0.6495167,-0.89549303,-0.92582655,-0.6744151,-1.3121724,5.3864484,-0.5427355,-1.0670364
AATGGCGCAGTCTATG-1_rna,-0.6639623,-1.0083386,-0.7691523,1.4172239,5.0045114,-0.87378323,-0.5094979,-0.50674784,0.07605312,-0.62874067,-0.6357955,-0.60153,-0.6786813,1.5466821,-0.5330648,-0.6351761
AATTCGTCAGGCTAAG-1_rna,-0.45425144,-0.011239171,-0.24833909,0.30734375,-0.31833884,-0.2977706,-0.5445913,-0.45459172,-0.6658194,-0.4024407,-0.45618722,-0.5628116,-0.25828466,5.3143263,-0.55807376,-0.3889301
AATTGCCAGTACTGGT-1_rna,-0.64333,0.24367514,-0.49862,2.2691293,-0.24055985,-0.45531598,-0.6807108,-0.601702,-0.8802769,-0.5845876,-0.57751894,-0.6226691,-0.43894288,5.1670814,-0.90643847,-0.54921377
AATTGGACATCGCTCC-1_rna,-0.6626052,2.9378684,-0.42203116,0.86232406,-0.42690814,-1.0228891,-0.7271454,-0.7583789,-0.14708878,-0.8520283,-0.7219362,-0.64757067,-0.92223346,4.9421024,-0.5796406,-0.8518387
ACAAAGGTCCCTGTTA-1_rna,-0.5707259,1.3072965,-0.5023885,1.0204388,-0.62855947,-0.5294237,-0.6415366,-0.5900755,-0.42324492,-0.6106396,-0.5403452,-0.4789813,-0.5881469,5.004437,-0.61773944,-0.6103654
ACAACACTCCTGAATA-1_rna,-0.8913375,-0.7940366,2.0626075,5.3612666,-0.43263662,-0.8916506,-0.81140405,-0.8670296,-1.0008652,-0.74269176,-0.8713065,-0.9589255,-0.74132466,3.3456845,-0.8890382,-0.8773119
ACACCTTGTACGTTTC-1_rna,-0.39459556,-0.88193357,-0.65696543,-0.40300763,4.9773507,-0.7976791,-0.17212202,-0.27408326,0.72115666,-0.27890798,-0.13899618,-0.35033667,-0.53101337,-0.2758116,-0.109860376,-0.4331946
ACACCTTGTCATCAAG-1_rna,-0.5532883,-0.58573824,-0.692206,-0.39544195,-0.7250415,-0.56365615,-0.4229005,-0.36633754,1.527134,-0.3787765,-0.5755517,-0.19680503,-0.6358227,5.3144197,-0.30928367,-0.44070393
ACACGGACATGGTTAT-1_rna,-0.4735805,-0.48772958,-0.6958601,0.541582,-0.7782641,-0.46847025,-0.4108442,-0.4013559,0.81881225,-0.36234346,-0.5531246,-0.3953923,-0.45955405,4.9349475,-0.34592265,-0.46290037
ACACTAATCGTTAGCG-1_rna,-0.8692324,4.663108,0.15100618,-0.19288889,-0.20339954,-1.2571844,-0.8251723,-0.9584702,0.23222649,-0.8951589,-0.93075335,-0.666904,-1.3730065,4.8337126,-0.6880766,-1.0198059
ACACTTGCACTATGGC-1_rna,-0.78860086,-0.96420807,0.76154196,5.2321153,0.0040107295,-0.8916053,-0.8348416,-0.7557956,-0.064338654,-0.94325536,-0.8634119,-0.9250832,-0.9734369,3.597561,-0.6681479,-0.9225041
ACAGGAATCAATGACC-1_rna,-0.5815265,0.18032847,-0.62250704,1.3212179,4.9415417,-0.49926424,-0.5718666,-0.598572,-0.40199208,-0.65036964,-0.5850395,-0.59407043,-0.58566606,0.33669773,-0.52902764,-0.55988425
ACAGGAATCAATGTCA-1_rna,-0.4766015,-0.9304981,-0.63567865,0.27422822,-0.42535177,-0.2643663,-0.43947062,-0.37140933,0.38071588,-0.35964164,-0.5383246,-0.5222343,-0.3853972,5.499805,-0.41131178,-0.39446345
ACAGGAATCCAGGTCA-1_rna,-0.48906904,-0.32977378,-0.6287397,1.2706974,4.876004,-0.35105848,-0.40925902,-0.35887355,-0.09995659,-0.37339538,-0.4984306,-0.46511304,-0.483769,-0.8553451,-0.4240383,-0.3798799
ACAGGATCAAGCCAGA-1_rna,-0.4532215,0.5985685,-0.40585762,0.6837955,-0.36913198,-0.57116336,-0.58436185,-0.46493244,-0.4469539,-0.47495937,-0.4570092,-0.4425701,-0.5246134,5.1049485,-0.51523983,-0.6772983
ACAGGATCACCTGCCT-1_rna,-0.7773031,4.6603637,-0.26978272,0.14797017,-0.46625918,-1.2408408,-0.8452083,-0.9119899,0.21258777,-0.9127779,-0.9034227,-0.70380646,-1.3032897,4.9058633,-0.58027554,-1.0118293
ACATAGCTCATGACCG-1_rna,-0.48189422,-0.15482184,-0.7116869,0.15591785,-0.70927286,-0.4130874,-0.46649268,-0.4155866,0.6339466,-0.3314503,-0.6016057,-0.4083911,-0.49272713,5.138403,-0.39892852,-0.34232202
ACATAGCTCTAGCGTG-1_rna,-0.6308136,1.5491557,-0.35458207,1.8052498,2.118393,-0.5720837,-0.6314632,-0.6302239,-0.39470357,-0.7783754,-0.63734066,-0.56606215,-0.7396039,1.6439747,-0.55933666,-0.62218404
ACATCAATCACAGCCA-1_rna,-1.0696115,4.5175204,-0.24689996,3.9072742,4.6218653,-0.5548169,-1.1412585,-1.025506,-1.318634,-0.96209365,-1.0019941,-1.1034405,-0.92173713,-1.3950937,-1.3158388,-0.9897347
ACATCAATCTCAATTC-1_rna,-0.4473092,-1.0084411,-0.68258965,0.062462404,4.957013,-0.7996964,-0.31771946,-0.4246302,0.47433385,-0.31097016,-0.22064313,-0.3316876,-0.6675098,0.6234449,-0.3788097,-0.5272477
ACATCATCACTATGGC-1_rna,-0.3703319,-0.33589697,-0.6232377,0.4823045,4.5220156,-0.40875423,-0.44323543,-0.4831968,-0.14380798,-0.42246416,-0.16062106,-0.40230346,-0.5370878,0.0608553,-0.32833967,-0.4058981
ACCAATATCTATGACA-1_rna,-0.54418737,0.6529498,-0.5280868,1.1636808,-0.09094481,-0.5044919,-0.60735834,-0.5454753,-0.42373747,-0.56910217,-0.58577394,-0.43628687,-0.6340347,4.764188,-0.58514225,-0.52619654
ACCACACCAAGTAAGC-1_rna,-0.58789605,0.16793083,-0.43266654,1.9094056,3.9784398,-0.58482325,-0.63213825,-0.6216477,-0.040986937,-0.65462303,-0.50464624,-0.64454025,-0.6745455,0.5119734,-0.5259815,-0.66325444
ACCACATAGCTGCACA-1_rna,-0.58442146,-1.0898155,-0.62458664,1.5820471,-0.27075365,-0.36362454,-0.6604684,-0.5471724,-0.2234605,-0.48992354,-0.5103638,-0.62148124,-0.37265226,5.8339396,-0.5784283,-0.47883433
ACCACATAGTTATCCT-1_rna,-0.48437852,-0.6897447,-0.6456899,0.3240373,4.648177,-0.56652987,-0.2645055,-0.37816423,0.05765822,-0.44429034,-0.36800885,-0.4009915,-0.5138495,0.43690336,-0.34437722,-0.36624599
ACCAGCTCATGTCAGC-1_rna,-0.4987256,-0.9918916,-0.7509163,0.1687869,5.0899987,-0.77555895,-0.394604,-0.48628473,0.30025867,-0.4801455,-0.48374245,-0.5250721,-0.6322526,1.3921709,-0.46395946,-0.4680623
ACCAGGCTCCAGCACA-1_rna,-0.80763584,4.615621,-0.5041068,-0.08251536,-0.10544117,-1.0815265,-0.82121724,-0.8608853,-0.33848086,-0.8839113,-0.8300877,-0.76953393,-1.0888975,5.103966,-0.66376054,-0.8815872
ACCAGGCTCCGGAACC-1_rna,-0.4371854,-0.21517849,-1.0011939,-0.6336982,4.6157794,-0.95755047,-0.15748234,-0.2975014,0.764315,-0.3630292,-0.052317582,-0.38453275,-0.7920962,0.7766115,-0.38534117,-0.47959888
ACCAGGGAGCGCTCAA-1_rna,-0.43566766,-0.8897667,-0.3833529,-0.115482,-0.83544683,-0.13119423,-0.35248074,-0.2865538,-0.013967067,-0.16647503,-0.44132075,-0.40269944,-0.20793778,5.3278766,-0.45712295,-0.20840862
ACCAGGGAGGCCAATT-1_rna,-0.52611953,-0.5682855,-0.3102669,1.202662,-0.44940656,-0.2753628,-0.5806327,-0.5347801,-0.66087395,-0.39636207,-0.56073827,-0.61937505,-0.28595346,5.643191,-0.6271925,-0.45050347
ACCATAATCGCAGGCT-1_rna,-0.5572443,0.81727624,-0.424933,0.17265934,0.51159525,-0.7057898,-0.50205183,-0.50537765,0.58809066,-0.5848243,-0.6458291,-0.63509643,-0.7883284,4.5489473,-0.56768036,-0.7214135
ACCATAATCTGGTCCT-1_rna,-0.5218275,-0.7737311,-0.7292667,0.37868387,-0.05174184,-0.6259895,-0.48029298,-0.32836723,0.79857385,-0.49896955,-0.6163373,-0.563953,-0.4718113,5.4418497,-0.45665962,-0.50016
ACCATTAAGCAAGACA-1_rna,-0.5764884,-0.91065204,-0.67698455,1.5595319,-0.468674,-0.5894083,-0.4620716,-0.46492845,0.6325106,-0.48937148,-0.6836361,-0.5382623,-0.48012424,5.1475205,-0.4911015,-0.50785965
ACCATTAAGGAGCAAC-1_rna,-0.6250212,3.3107142,-0.66748595,0.60070866,1.0392201,-0.5683607,-0.6898235,-0.6144279,0.0021490604,-0.6219815,-0.36443496,-0.5444827,-0.88565,1.6134429,-0.5437861,-0.44078034
ACCCAACCACCTGCTC-1_rna,-0.19021067,-0.3650297,-0.78154135,-1.8563527,4.3755198,-0.87554896,-0.15492356,-0.171292,1.1161394,-0.22952364,0.30779645,-0.28316855,-0.7551209,0.08770329,0.18298832,-0.40743518
ACCCAACCACTAGGTC-1_rna,-0.591699,-0.2507327,-0.7109828,0.93054676,5.0395613,-0.5021746,-0.5297904,-0.53156435,-0.29233566,-0.5496855,-0.49683926,-0.5994301,-0.59597814,0.747367,-0.5402707,-0.5259912
ACCCAGGGTGAATCGC-1_rna,-0.8789637,2.084625,-0.88140124,2.591596,4.7639413,-0.8798345,-0.9586017,-0.85055417,-0.5524323,-0.93800575,-0.8184185,-0.920551,-0.82109034,0.6462629,-0.7270306,-0.85954124
ACCCAGGGTGCTCCAC-1_rna,-0.6051423,-0.026842058,-0.6622779,-0.11487341,-0.6229269,-0.44757771,-0.43255544,-0.4136237,0.6744092,-0.44672132,-0.6095677,-0.5139088,-0.49743694,5.5176244,-0.39614806,-0.4024312
ACCCGTAAGCAGCTAT-1_rna,-0.5661689,-0.2014742,-0.28383857,1.4614279,-0.30496025,-0.2427098,-0.54954386,-0.5535584,-0.69623226,-0.40529424,-0.47549868,-0.5958939,-0.38240784,4.967791,-0.6777947,-0.49384314
ACCGAAGCAAAGGCCA-1_rna,-0.5722712,0.1982686,-0.20124368,0.58389854,-0.33436698,-0.24302538,-0.58057815,-0.5686426,-0.68557465,-0.4381348,-0.4949329,-0.5756186,-0.24516337,5.320028,-0.6883208,-0.47432226
ACCGAAGCACCTCGCT-1_rna,-0.71654105,2.8014846,-0.5902623,0.44412425,-0.101288766,-0.7704885,-0.7125164,-0.6997453,-0.5633087,-0.6524875,-0.6354809,-0.70254743,-0.7566304,4.9999695,-0.721194,-0.6230868
ACCGAAGCAGCCAGTT-1_rna,-0.5666057,1.3789406,-0.6183111,2.3963766,4.6633334,-0.27544016,-0.7192211,-0.695126,-0.80180275,-0.6460448,-0.69400734,-0.7063906,-0.5780406,-0.91988975,-0.6823972,-0.5353732
ACCGAAGCAGGCCAAA-1_rna,-0.5439484,-0.8582003,-0.43848836,0.7132324,-0.31752563,-0.35255402,-0.5199436,-0.4585076,-0.3856529,-0.40174812,-0.56474096,-0.5276998,-0.2827173,5.953149,-0.563746,-0.45090777
ACCGAAGCAGTACCGT-1_rna,-0.54658496,-0.3783335,-0.4143467,1.0361254,-0.26237488,-0.27562964,-0.5558129,-0.47732317,-0.5945826,-0.43937665,-0.44989735,-0.62049675,-0.17056231,5.286723,-0.614557,-0.52297026
ACCGCAATCATGTTTC-1_rna,-0.35266382,-0.9054008,-0.65484655,0.16064419,4.7325697,-0.37735546,-0.20127873,-0.3383168,0.2752372,-0.22731906,-0.23180822,-0.21164483,-0.4878865,-0.6370168,-0.22461383,-0.3182994
ACCGGCTAGCCGCTAA-1_rna,-0.7202429,-0.86247855,0.42706424,4.349485,0.57805425,-0.8563858,-0.75262755,-0.7242678,-0.3198737,-0.6278287,-0.6534465,-0.84706384,-0.82566625,3.3907976,-0.73209983,-0.8234194
ACCTAAATCAATCATG-1_rna,-0.8775742,5.065783,-0.3303822,-0.14225486,-0.1438973,-1.4217743,-0.82475567,-1.0270284,0.31262198,-0.92889,-0.9850941,-0.6667814,-1.4877836,5.265896,-0.700963,-1.1071223
ACCTAAATCCTAAGGT-1_rna,-0.53467876,-0.92670465,-0.69599503,0.0039033592,-0.22690876,-0.5755125,-0.38390893,-0.3176204,1.4277346,-0.4721778,-0.61916167,-0.45815676,-0.5852631,5.126106,-0.35018098,-0.41147488
ACCTAAGGTTCACCAT-1_rna,-0.3626616,0.22268084,-0.6129667,1.2207559,4.3829675,-0.2654341,-0.42022693,-0.49912673,-0.38446867,-0.4469275,-0.22333376,-0.39745814,-0.42251217,-1.0685483,-0.32009286,-0.40264648
ACCTCACTCTAGCTTT-1_rna,-0.5980971,1.6531209,-0.4348125,0.86361116,-0.26929653,-0.70260924,-0.73731667,-0.5408441,-0.122804165,-0.5851039,-0.6366748,-0.5762596,-0.84769255,4.8301635,-0.5613484,-0.7340359
ACCTGTTGTAGGTTAT-1_rna,-1.2334368,3.749145,3.152324,4.1170397,1.3324699,-1.0384653,-1.1888832,-1.1242975,-0.7985579,-0.9112619,-1.1012334,-1.3119212,-1.1934547,-0.058939964,-1.2934558,-1.0970715
ACCTGTTGTTAGGCGT-1_rna,-0.6033009,1.9505112,-0.41900688,0.31329668,-0.17321037,-0.6351362,-0.7582319,-0.60936564,-0.19805618,-0.73080355,-0.58340466,-0.65251714,-0.71595234,5.1471705,-0.516116,-0.81587636
ACCTTGCTCAGCTAAC-1_rna,-0.5344702,-0.52927506,-0.5720235,0.78211504,-0.1407365,-0.4000876,-0.49376976,-0.4814911,0.19334596,-0.43722647,-0.5484357,-0.5321373,-0.32997495,4.970727,-0.4815759,-0.46498388
ACCTTGCTCCCTGGTT-1_rna,-1.0693656,-0.5564656,2.4215913,5.3545184,0.23913747,-0.9266198,-0.9847691,-0.90014195,-0.85264283,-0.9905362,-1.044553,-1.0948637,-1.0123905,3.4155169,-0.97270495,-1.0257106
ACGAACAAGGCCTGGT-1_rna,-0.5721046,-0.64157,-0.69933236,0.553248,-0.4502466,-0.45171437,-0.5271654,-0.45270053,0.35579404,-0.42058507,-0.61661696,-0.5377909,-0.4083438,5.640252,-0.4225053,-0.34861794
ACGAACAAGGTGCGGA-1_rna,-0.81813097,2.7467535,-0.7497948,3.4277606,4.8058968,-0.5222932,-0.901178,-0.88202703,-1.0706452,-0.88914824,-0.94218254,-0.9342936,-0.76973003,-0.7369445,-0.9305303,-0.8335119
ACGAACAAGGTTAGCT-1_rna,-0.5040481,-0.64174104,-0.36173248,0.62021875,-0.3853256,-0.38142902,-0.53531325,-0.4408061,-0.46195042,-0.31671587,-0.5103817,-0.6045604,-0.19613788,5.627299,-0.54309225,-0.3642835
ACGACTTAGCCAGTAT-1_rna,-0.86813265,2.4595077,-0.73853177,0.08799883,3.0293987,-0.88897085,-0.9114194,-0.78874147,0.13196167,-0.9057664,-0.7579943,-0.78949296,-1.0050944,3.3787081,-0.62335753,-0.81007355
ACGAGTAAGGATAAAC-1_rna,-0.37344933,-0.8974084,-0.604011,-0.36974138,4.798245,-0.5562811,-0.28626084,-0.3607908,0.25751567,-0.3229469,0.04914772,-0.32810634,-0.51597387,0.067419045,-0.17256688,-0.38479054
ACGATTCAGAACCTGT-1_rna,-0.49707085,-0.061380856,-0.8619505,0.06958429,4.3782663,-0.8362014,-0.39346468,-0.4398419,0.4141245,-0.46677846,-0.4370474,-0.4612306,-0.7249944,1.217963,-0.36019042,-0.5397865
ACGATTCAGCATTTCT-1_rna,-0.29800573,-0.3793098,-0.6151414,0.1015117,4.2647824,-0.36289608,-0.19339938,-0.32259983,0.10462446,-0.28909707,-0.34237063,-0.19039203,-0.42933562,-0.49400643,-0.2777747,-0.2765897
ACGCAAGCATAATCGT-1_rna,-0.9902116,3.5101442,-0.6665788,2.5898964,5.0817466,-0.92997366,-1.0723002,-1.0631452,-0.76981395,-1.0115274,-1.0765531,-0.86229825,-1.1532483,0.4147579,-0.93384594,-1.0670485
ACGCACGGTACGGGTT-1_rna,-0.8784976,4.622312,-0.3546539,0.0954036,0.009009227,-1.3258243,-0.8930448,-1.002969,0.30444676,-0.9446212,-0.9821601,-0.6861032,-1.4631162,5.328266,-0.72376907,-1.104679
ACGCACGGTTAATGAC-1_rna,-0.50264794,-0.75819045,-0.85292864,-0.66174823,4.609919,-0.7458319,-0.19875515,-0.34305227,0.8799268,-0.2583077,-0.011732794,-0.3119026,-0.70507073,0.4961719,-0.074560836,-0.5612886
ACGCACGGTTACGCAA-1_rna,-0.46193665,0.3272724,-0.43698752,1.3027642,-0.9263873,-0.37521166,-0.5004705,-0.49602538,-0.5615735,-0.48704863,-0.4448002,-0.4015562,-0.52104485,4.9032865,-0.55476516,-0.36551577
ACGCCTAAGGCGGGTA-1_rna,-0.8011051,4.2887096,-0.8472422,-0.5337117,0.5624909,-1.1921318,-0.9269885,-0.88925636,0.7159748,-0.98042303,-0.97894865,-0.7495479,-1.2967802,5.2683992,-0.60279375,-1.036645
ACGCCTAAGTGAGGGT-1_rna,-0.49930084,-0.79336524,-0.13241138,0.9770395,-0.6722452,-0.039213732,-0.5173212,-0.526501,-0.8467461,-0.35286224,-0.41556525,-0.6756049,-0.060618594,5.689281,-0.751545,-0.3830197
ACGCCTTTCATTTGCT-1_rna,-0.8589456,-0.1265574,-1.0812867,1.9842784,1.2836196,-1.2386494,-0.91480577,-1.0026405,2.9632108,-0.96667796,-1.1394293,-0.7673046,-1.3617117,4.5843806,-0.25717533,-1.100306
ACGCTTGAGCTCATAA-1_rna,-0.5687636,-0.5812048,-0.63725615,0.77148354,5.219865,-0.82296765,-0.49714306,-0.5020205,-0.10790242,-0.6437106,-0.6277454,-0.62497056,-0.5870539,1.2943448,-0.52683663,-0.5581173
ACGCTTGAGGTCATTA-1_rna,-0.7729649,0.8648505,-0.93516296,1.1527495,1.9158494,-1.2284843,-0.67667246,-0.8449822,2.0624807,-0.87410843,-1.0060102,-0.677338,-1.2623836,3.6254056,-0.35635024,-0.9868782
ACGGGAAGTTTGAGGC-1_rna,-0.6639855,-0.9704526,-0.7321247,1.506827,0.13357171,-0.61951166,-0.6417118,-0.5134386,0.6693398,-0.5274295,-0.72436255,-0.64746267,-0.58100325,5.372695,-0.46884304,-0.5921075
ACGGTTAGTGTGCAAC-1_rna,-0.5096768,-1.1595584,-0.68075895,-0.055225432,0.19501376,-0.66758144,-0.45604387,-0.40304706,1.3050884,-0.46831945,-0.60079217,-0.57489336,-0.4997678,5.4454374,-0.38595757,-0.48391715
ACGGTTTAGCCGCAGT-1_rna,-0.5368774,0.36228287,-0.4508506,1.399292,-0.22127983,-0.48479193,-0.65939933,-0.55732834,-0.73892736,-0.571103,-0.52791935,-0.5478105,-0.48961616,5.2294893,-0.5987192,-0.60644114
ACGTACCCAATGAAGC-1_rna,-0.56085044,-0.77568597,-0.22868326,1.1503286,-0.6235238,-0.03505525,-0.58754265,-0.4836411,-0.8975541,-0.40280604,-0.4793033,-0.6112917,-0.14037976,5.7658296,-0.7315894,-0.35825115
ACGTCCAAGCAGCTAT-1_rna,-0.5000609,-0.33407813,-0.5978939,1.2100594,4.68362,-0.7799414,-0.4698996,-0.5388953,0.029315941,-0.58689094,-0.5857804,-0.57598984,-0.676118,0.81374496,-0.4429989,-0.64819306
ACGTCCTTCAAAGGCA-1_rna,-0.5733521,1.4384536,-0.8288932,2.6278815,4.849367,-0.38904998,-0.68737364,-0.7195431,-0.9115103,-0.7544046,-0.80877703,-0.78455216,-0.70791,-0.37999102,-0.7191152,-0.65123034
ACGTCCTTCCTAATTC-1_rna,-0.39998817,-0.53870356,-0.47340298,0.11202529,-0.8377532,-0.18784434,-0.35720584,-0.3244644,0.17480141,-0.29413876,-0.49882352,-0.2875489,-0.33823058,4.933103,-0.37282306,-0.30900243
ACGTTGTAGGCGCTAC-1_rna,-0.8469968,3.9484296,-0.90671206,0.5361408,3.3896408,-0.7186353,-0.92627776,-0.9073927,-0.36110687,-0.87118983,-0.6120834,-0.93591595,-1.2676983,1.9936181,-0.7535035,-0.76031697
ACTAACCAGCACAGAA-1_rna,-0.2079238,-1.163127,-0.865651,-1.1249751,4.3237567,-0.6741129,0.033010572,-0.112690315,1.0233954,-0.06126435,0.10600747,-0.11757976,-0.56651926,-0.21717887,0.015540004,-0.39068776
ACTAACGGTTACGCGG-1_rna,-0.5934613,0.801998,-0.41108087,1.1584982,-0.36777398,-0.28992105,-0.64035475,-0.50282896,-0.8409183,-0.593156,-0.47636518,-0.5600902,-0.51323795,4.939579,-0.58975375,-0.52113307
ACTAACTCAAGGTGCA-1_rna,-0.48717856,-0.69468725,-0.33469433,0.77685803,-0.37960917,-0.2837372,-0.515522,-0.40130806,-0.45028478,-0.3703639,-0.53658813,-0.5438911,-0.22949621,5.3480906,-0.56407344,-0.33351466
ACTAATCCAGGTATTT-1_rna,-0.9385652,-0.04251951,-1.1177342,0.9672132,1.1487278,-1.1300356,-0.72373986,-0.784034,3.4650278,-0.960177,-1.0006499,-0.62851924,-1.2557544,4.3958516,-0.37728816,-1.0178031
ACTAGGCGTACTGAAT-1_rna,-0.52848625,0.76836747,-0.6034658,1.5415163,-0.3191464,-0.5865468,-0.6052115,-0.63405704,-0.36102733,-0.5962119,-0.5994172,-0.5326639,-0.649515,4.7804775,-0.5667572,-0.507855
ACTATCCGTAGGATTT-1_rna,-0.722179,2.189758,-0.6784987,2.8672533,4.49224,-0.021935277,-0.80917406,-0.73668045,-1.0176436,-0.7555399,-0.74241626,-0.8174494,-0.66936016,-1.092335,-0.8574726,-0.6285671
ACTATCCGTTCACTGT-1_rna,-0.5067867,-0.66187656,-0.58551013,0.4336076,-0.6448895,-0.37157935,-0.42627922,-0.38225302,0.45565575,-0.35118946,-0.5608853,-0.5432558,-0.39223197,5.284835,-0.42250904,-0.32485205
ACTATGTCACCGGTAT-1_rna,-0.6177858,-0.77433753,-0.34557256,0.6261865,-0.13078165,-0.24950564,-0.5723939,-0.5296987,-0.3511009,-0.36453006,-0.5563066,-0.693261,-0.25250137,5.9289904,-0.6553389,-0.4620618
ACTATGTCAGTTTGTG-1_rna,-0.60005134,0.9279362,-0.6794549,2.4995294,4.543483,-0.13442653,-0.61970186,-0.6562851,-0.75632864,-0.59894454,-0.58646476,-0.65193284,-0.6399797,-0.82542914,-0.74863356,-0.47331592
ACTCAGTAGCTTAACA-1_rna,-0.5694814,-1.0698922,-0.6523644,0.45907936,-0.34698707,-0.51761603,-0.4817786,-0.42589602,0.76556396,-0.39793035,-0.67876244,-0.6021925,-0.41030246,5.84122,-0.4848424,-0.42781726
ACTCAGTAGGAAGCAC-1_rna,-0.86209327,4.7473035,0.12946464,-0.15808016,0.49052998,-1.3388538,-0.8682081,-1.0105431,0.45745954,-1.0055623,-0.9910942,-0.6559591,-1.4869981,4.362165,-0.7203801,-1.08915
ACTCAGTAGGCATGTT-1_rna,-0.6496327,1.5453147,-0.5940354,2.4409568,4.3264112,0.03969102,-0.673545,-0.6474713,-0.73896766,-0.6436181,-0.5271185,-0.7403075,-0.5695619,-1.3420061,-0.68847865,-0.5376308
ACTCGCGCAAGGAATC-1_rna,-0.9368372,-0.6429453,1.7800273,4.678822,1.0580701,-0.68313456,-0.9315373,-0.8318094,-0.89124274,-0.98152244,-0.98959434,-1.07653,-0.84287906,3.0257847,-0.8999256,-0.83474743
ACTCGCTTCATGAAGG-1_rna,-0.7716879,0.55715346,-0.81228536,1.0230831,1.388285,-1.0155187,-0.7749205,-0.6400765,0.9596379,-0.92051643,-0.8489146,-0.7842403,-1.0474303,4.996383,-0.48966408,-0.819288
ACTGAAACATAAAGCA-1_rna,-0.5858581,-0.66557926,-0.16513222,1.0252346,-0.32340795,-0.10237318,-0.561205,-0.5692006,-0.9088249,-0.4501108,-0.47966862,-0.7355507,-0.15080121,5.9390798,-0.8354547,-0.43114722
ACTTACTTCAGGGCCT-1_rna,-0.6035118,1.1939915,-0.64821655,2.416338,4.69362,-0.25429708,-0.67539257,-0.67471826,-0.7322504,-0.67452455,-0.67754483,-0.66137075,-0.60756916,-0.88209647,-0.67761564,-0.5348423
ACTTACTTCATAGCCG-1_rna,-0.52540374,0.30983338,-0.6858765,0.7638149,-0.38612527,-0.4953744,-0.51744473,-0.58539844,0.40351078,-0.43112677,-0.62586594,-0.46390674,-0.62806034,4.76734,-0.36656007,-0.5333562
ACTTAGGGTAGGTTTG-1_rna,-0.4507266,-0.71058047,-0.39507142,0.8974962,-0.8266845,-0.19766644,-0.46263692,-0.45335993,-0.58799934,-0.34954336,-0.50290716,-0.47486547,-0.20289552,5.6951904,-0.5941756,-0.38357374
ACTTAGGGTAGTAAGA-1_rna,-0.59838456,0.2918016,0.07333422,1.9102093,-0.04736559,-0.73123085,-0.60938203,-0.63367426,-0.48927194,-0.5662609,-0.58138245,-0.6096348,-0.5592875,4.3518353,-0.54869473,-0.6526111
ACTTAGGGTAGTTGGC-1_rna,-0.49609584,0.12893584,-0.39735532,0.5677284,-0.3506227,-0.37001157,-0.536431,-0.4714033,-0.6006287,-0.4034176,-0.43082362,-0.5052775,-0.43798137,5.3132067,-0.63119715,-0.37862545
ACTTCGCTCGTAACGT-1_rna,-0.54108995,-0.296125,-0.6876028,1.644056,5.0389266,-0.45547307,-0.53745437,-0.46816146,-0.3007605,-0.5046245,-0.52279747,-0.5190206,-0.5388396,-0.46604753,-0.39295983,-0.45202613
ACTTCGCTCTAAGGTC-1_rna,-0.4695834,-0.9469297,-0.39682758,0.7119002,-0.5722344,-0.17996292,-0.45504117,-0.40759695,-0.3648311,-0.2910642,-0.46127605,-0.5480717,-0.29666722,5.634273,-0.55096734,-0.40511942
ACTTGAATCCAAGTTA-1_rna,-0.49673092,0.18517376,-0.60331666,0.8850234,4.5950994,-0.13037436,-0.48894364,-0.5153773,-0.2827896,-0.4838971,-0.42613637,-0.4615382,-0.54307914,-0.4240468,-0.30351257,-0.5055539
ACTTGCACAACCTAAT-1_rna,-0.543223,-0.7610325,-0.7173909,0.39260352,-0.59289336,-0.41143525,-0.4051109,-0.41271353,0.77179176,-0.35334453,-0.59381706,-0.50969905,-0.40511554,5.32973,-0.42208332,-0.3662662
ACTTGTCGTACCGTAA-1_rna,-0.5154667,2.0832746,-0.46699563,0.42145467,-0.28384334,-0.5285113,-0.7209296,-0.64746714,-0.63497996,-0.6966826,-0.502252,-0.53957117,-0.66520655,4.9745293,-0.66928244,-0.60807025
AGAAACCCATAATGTC-1_rna,-0.8132024,2.8923116,-0.12372491,1.57607,-0.4383429,-0.8862188,-0.76774144,-0.80904174,-0.6164913,-0.78820753,-0.8066305,-0.6850692,-0.8392937,4.687433,-0.733631,-0.8482189
AGAAAGGCATCCATCT-1_rna,-0.5401524,0.8460901,-0.6264123,0.25411367,5.079352,-0.65691227,-0.4838165,-0.48213392,-0.14735757,-0.562982,-0.6030962,-0.5435916,-0.58082455,-0.088174656,-0.33552694,-0.52857476
AGAACAAGTCCTTCAG-1_rna,-0.44846505,-0.680164,-0.30612302,-0.08490977,-0.6084909,0.13423416,-0.49646348,-0.42474407,-0.7100868,-0.30800658,-0.451819,-0.6198343,0.008923292,5.8534384,-0.5933932,-0.2640955
AGAACCAAGCCGGTAC-1_rna,-0.48968607,-1.0707116,-0.6303076,0.81882733,5.1238284,-0.79518425,-0.44386613,-0.45897025,0.3082354,-0.5155256,-0.57020587,-0.4819203,-0.63247836,0.80113196,-0.43747866,-0.52568835
AGAACCAAGGACACTT-1_rna,-0.75510985,3.9870465,-0.7662671,0.72391224,3.0806782,-0.90944856,-0.7792295,-0.8401409,-0.18731432,-0.85393506,-0.8677631,-0.79327255,-1.0558745,1.7615619,-0.69456583,-1.0502777
AGAACCGCACCTAATG-1_rna,-0.62948084,-0.23539974,-0.7105606,0.5190939,0.19594808,-0.8142373,-0.54171395,-0.6382335,1.6089219,-0.6527068,-0.68466455,-0.3612824,-1.0816146,4.952611,-0.25448936,-0.67219114
AGAAGGTGTAACGGGA-1_rna,-0.58886087,1.2722646,-0.581626,1.6865097,4.6384478,-0.22084959,-0.56701434,-0.5412941,-0.75096345,-0.57109004,-0.65987885,-0.6388525,-0.5598992,-0.6881549,-0.69853497,-0.530204
AGAATCTGTACTAAAC-1_rna,-0.9129822,-0.2721324,1.6488436,4.9639354,0.15601066,-1.0027982,-0.890535,-0.8005607,-0.39465883,-0.9477886,-0.94676983,-0.95340824,-0.8898903,2.9780068,-0.7869961,-0.94827557
AGACAATAGGCCTTAG-1_rna,-0.8466077,3.9016771,-0.66246575,0.089636974,0.6695065,-1.1507928,-0.8582013,-0.93899894,0.61324495,-0.99064875,-0.93266094,-0.7809094,-1.3432403,4.9007173,-0.5756549,-1.0946021
AGACCCGGTAAGCACC-1_rna,-0.48379904,-0.9992608,-0.80509365,-0.40071896,4.184758,-0.7681167,-0.1489403,-0.25539297,0.92253065,-0.25542104,-0.40036115,-0.17246538,-0.6113844,1.1604668,-0.4290697,-0.5377312
AGACTATGTATGGTGC-1_rna,-0.59616965,-0.28262782,-0.7438265,1.4290557,-0.42632508,-0.4421134,-0.54943967,-0.5360633,0.15130198,-0.56863666,-0.63517183,-0.52144724,-0.5425507,5.3963666,-0.48544633,-0.6469057
AGAGAAGCATAGCTGC-1_rna,-0.4576413,1.7102613,-0.688952,0.30296934,-0.69325256,-0.7299801,-0.4744537,-0.51006895,0.7933827,-0.4973266,-0.5851083,-0.54885095,-0.69872123,4.004596,-0.37499392,-0.5518599
AGAGATTAGTCATGCG-1_rna,-0.53129876,0.070119455,-0.7137788,0.46179032,5.201763,-0.777836,-0.5161023,-0.4503845,-0.09611212,-0.5959026,-0.30389464,-0.5706705,-0.531859,0.068510965,-0.18726648,-0.5270782
AGAGGAACACGAATCC-1_rna,-0.3234514,1.252599,-0.2508085,1.0723019,-1.1034567,-0.49879843,-0.6002778,-0.47893268,-0.80900043,-0.63334346,-0.4851572,-0.51426166,-0.5120792,4.7969985,-0.63378555,-0.27854586
AGAGGAACACTTACAG-1_rna,-0.49404836,0.72910416,-0.66392714,0.4858364,4.518467,-0.57874215,-0.4904993,-0.46123707,-0.025482545,-0.45456094,-0.35180506,-0.5197012,-0.60244316,-0.14703347,-0.44432324,-0.49960393
AGAGGAACAGCTTAAT-1_rna,-0.4461948,0.81976175,0.57740974,1.6244284,-1.2488034,-0.7065095,-0.5758617,-0.3905182,-0.44200125,-0.49838355,-0.5662787,-0.3973432,-0.57810736,3.7912605,-0.53587544,-0.4269834
AGAGGATGTTAACAGT-1_rna,-0.68486726,1.084323,-0.6620705,2.0542672,5.0268245,-0.5097406,-0.7365211,-0.6757585,-0.59527385,-0.74296045,-0.7048638,-0.6873201,-0.644796,-0.29726774,-0.62695074,-0.5970242
AGATGAAGTAATAACC-1_rna,-0.507967,1.4887183,-0.51756823,0.94558966,-0.17582169,-0.5743321,-0.7460892,-0.6407331,-0.72586715,-0.68717027,-0.54008317,-0.5239036,-0.53448844,4.9379487,-0.69502366,-0.503209
AGATGAAGTACGTTTC-1_rna,-0.53407323,1.5085989,-0.6277756,0.5872301,4.5801864,-0.2346174,-0.56736916,-0.5923488,-0.44619852,-0.5430454,-0.46582913,-0.51711273,-0.503898,-0.66277087,-0.4696111,-0.5113653
AGATGAAGTGTAACCA-1_rna,-0.47507876,-0.42457289,-1.0100213,-0.81445295,4.778174,-0.8608717,-0.24754348,-0.37191173,0.6704631,-0.420524,0.14323811,-0.3742829,-0.7542281,0.92464286,-0.23079509,-0.53223556
AGATGAAGTGTCCAAA-1_rna,-0.61745775,-0.32457244,-0.35177976,1.1718935,-0.5041046,-0.40139723,-0.573667,-0.6220782,-0.6071066,-0.5314447,-0.49034142,-0.62104845,-0.23788752,5.947595,-0.67685705,-0.5597462
AGATGAAGTGTCCAGG-1_rna,-0.5355044,-0.5912565,-0.48820835,0.13558039,0.14015406,-0.46238828,-0.5426282,-0.5221358,0.21125148,-0.43599617,-0.55044436,-0.5979999,-0.37507963,5.5860767,-0.5306262,-0.44079536
AGATGAAGTTGGTTCT-1_rna,-0.5182893,1.8563116,-0.44422707,0.76304066,-0.39260265,-0.3891956,-0.67536116,-0.6561537,-0.672438,-0.66098404,-0.46022055,-0.46442506,-0.6576526,4.708173,-0.65508616,-0.6808889
AGATGCTTCGTTCACC-1_rna,-0.43281096,-0.5520318,-0.62849206,0.5519647,4.131423,-0.8209346,-0.43143085,-0.3410261,0.48585194,-0.45325914,-0.33758757,-0.36174327,-0.63788754,0.5705218,-0.26403993,-0.4785179
AGCAAATAGCCAGTAT-1_rna,-0.5226373,-0.77070564,-0.6329156,0.61566126,-0.44989163,-0.45736784,-0.48062503,-0.42762762,0.46014702,-0.37507927,-0.5947279,-0.42902595,-0.37907523,5.229895,-0.41882288,-0.36720178
AGCAAATAGGTGTTAC-1_rna,-0.3124839,-0.705569,-0.42886424,0.19837758,-0.88532573,-0.2724311,-0.28262806,-0.24797362,-0.16266608,-0.19966477,-0.38187706,-0.35945356,-0.29952273,5.110452,-0.4553008,-0.31506917
AGCAATTGTGGGTACT-1_rna,-0.6866177,2.5805595,-0.5584216,0.45346653,0.07989614,-0.8941642,-0.73492175,-0.76353055,0.17902802,-0.7599537,-0.6928332,-0.7365521,-0.963079,4.8099236,-0.49211907,-0.8206813
AGCACAGCAAGGGTTG-1_rna,-0.46291986,-0.47287253,-0.37768322,0.4730753,-0.7328417,-0.284193,-0.46060076,-0.4112559,-0.08086126,-0.26082286,-0.55420417,-0.4802409,-0.29776546,5.2078857,-0.48869428,-0.31600484
AGCACAGCATACTCCT-1_rna,-0.55307925,-0.9913721,-0.5995313,-0.21700862,0.022895783,-0.6540623,-0.4917945,-0.42954084,1.5265951,-0.40868136,-0.6021682,-0.4743285,-0.5713408,5.1581607,-0.33049497,-0.38424847
AGCACAGCATTCCTGT-1_rna,-0.43979156,-0.85653263,-0.5568615,0.34562522,-0.6714079,-0.4306171,-0.34074146,-0.33528292,0.6883975,-0.31573117,-0.5404599,-0.4414999,-0.41811758,5.0250525,-0.37478113,-0.3372504
AGCACTTAGTTAGCCG-1_rna,-0.6297011,1.0769467,-0.56062555,1.2073078,-0.103176996,-0.564638,-0.65137357,-0.6886815,-0.33837765,-0.74276966,-0.526412,-0.6097262,-0.6479511,4.947188,-0.5649837,-0.60302544
AGCCAGTGTAATGACT-1_rna,-1.1152556,4.5321865,-0.23069489,3.90675,4.626801,-0.69317645,-1.1796446,-1.0599866,-0.95237154,-1.0853181,-1.085185,-1.1539156,-0.9035856,-1.1723647,-1.3635719,-1.0706668
AGCCGGTTCCTTCTAG-1_rna,-0.84125185,-1.1384481,1.3316338,5.204642,0.1319127,-0.88964283,-0.89558893,-0.7994466,-0.4094932,-0.9522549,-0.9696052,-1.0031209,-1.0258529,3.8285975,-0.6935481,-0.8785322
AGCCGGTTCTGCAACG-1_rna,-0.4838665,-0.7099457,-0.5954598,0.6752448,-0.43256813,-0.3906655,-0.40120456,-0.38593295,0.7075632,-0.3772545,-0.58007103,-0.51295644,-0.55233103,4.8869224,-0.3878973,-0.45957708
AGCCTAAGTGCTTACT-1_rna,-0.36660618,-0.7910023,-0.6997714,-0.23171613,4.1394963,-0.4519349,-0.23641695,-0.31038356,0.40820828,-0.25620556,-0.21012451,-0.23998523,-0.50863713,0.40058896,-0.2763476,-0.3691622
AGCCTAGTCTTTGACT-1_rna,-0.6826979,3.3854456,-0.5178801,-0.07535453,-0.2665354,-0.8936833,-0.7502972,-0.7963674,-0.3214506,-0.84486246,-0.72058773,-0.65788114,-0.89355433,5.4347496,-0.569824,-0.8292191
AGCCTGGGTAACCAGC-1_rna,-0.50525486,0.047134623,-0.62045085,0.9452703,-0.4097625,-0.5010081,-0.48211157,-0.56902826,0.5563599,-0.4595418,-0.6100847,-0.4423272,-0.5941832,4.6139984,-0.40176064,-0.56724936
AGCCTGGGTAGCTGGT-1_rna,-0.4612619,-0.23368374,-0.6182849,0.6230147,4.7813344,-0.37280956,-0.38283315,-0.4398996,-0.0027684793,-0.45828602,-0.34394222,-0.368758,-0.4697868,-0.70262665,-0.17092252,-0.37848535
AGCCTGGGTTAGTTGG-1_rna,-0.6020774,-0.3871103,-0.22450718,0.98290193,0.06439704,-0.32634556,-0.55464494,-0.6249812,-0.6322541,-0.54244024,-0.52492714,-0.5980364,-0.09174302,5.263721,-0.672708,-0.5292443
AGCGATTTCGTTCACC-1_rna,-0.37851983,-0.96006405,-0.7371439,-1.1953931,4.410906,-0.5585914,-0.13727342,-0.20468459,0.9668867,-0.100235656,-0.264045,-0.12870692,-0.524691,0.5577363,-0.3342954,-0.4118846
AGCGATTTCTGCAACG-1_rna,-0.8701075,4.419578,-0.59047705,-0.056527868,-0.117107585,-1.3499804,-0.879296,-1.0125399,1.0178188,-0.990129,-1.0637825,-0.723475,-1.4408337,5.3894854,-0.596885,-1.1357409
AGCGCTCAGGTCCTAG-1_rna,-0.7712265,4.5650063,-0.49565732,-0.40991235,-0.31834877,-1.0408398,-0.82613295,-0.80586886,-0.41992044,-0.86312777,-0.7786484,-0.6245816,-1.0255489,5.389794,-0.6472398,-0.9277473
AGCGGATAGTTACTTC-1_rna,-0.7361121,1.1786523,-0.8144751,3.1936207,5.0453005,-0.5240396,-0.7966831,-0.75921214,-0.9357887,-0.7618124,-0.7810663,-0.74643874,-0.70842165,-0.40889567,-0.8302037,-0.6144239
AGCTACGTCCGCTAGA-1_rna,-0.5578102,-0.79892105,-0.24740557,0.6312393,-0.1532809,-0.32380486,-0.505489,-0.41847062,-0.45560354,-0.4102704,-0.5536796,-0.5632966,-0.20068519,5.5067067,-0.5963227,-0.35290617
AGCTAGTTCCGTTATT-1_rna,-0.76320946,1.8893657,-0.7874773,3.650016,5.1419625,-0.54399127,-0.91280514,-0.9230656,-1.1417037,-0.9398419,-0.8783485,-0.9477479,-0.77688634,-0.35975403,-0.8979097,-0.80860376
AGCTATATCGCACAAT-1_rna,-0.6320323,0.1470937,-0.7634926,1.3268825,5.0216,-0.6095396,-0.61104536,-0.6103928,-0.30627432,-0.58968115,-0.54173803,-0.6474931,-0.5915781,0.6366621,-0.59599054,-0.6329801
AGCTATATCGGCCAGT-1_rna,-0.37894282,-0.8876286,-0.72463536,-0.42887938,4.3552947,-0.7965569,-0.1811204,-0.2838036,1.0042852,-0.36186075,-0.043618068,-0.30594814,-0.6777132,0.30874664,-0.096196845,-0.50142235
AGCTGCTCATGAAATG-1_rna,-0.4029491,-0.36693934,-0.9437156,-0.7775768,4.5902133,-0.8242971,-0.2104294,-0.35443473,0.8038944,-0.39909834,-0.013750851,-0.37465483,-0.76637316,0.7966722,-0.22483397,-0.5317271
AGCTTCCTCAATGAGG-1_rna,-0.40442592,-0.8968022,-0.5288973,0.28225496,4.9236526,-0.6510218,-0.43833876,-0.38834876,0.3960371,-0.4592046,-0.25034022,-0.56575847,-0.673384,0.33640182,-0.24959452,-0.43222988
AGGAAACGTCAAACTG-1_rna,-0.7619771,4.377561,-0.4637776,-0.60376894,-0.26013255,-1.0350387,-0.7958132,-0.77288693,-0.26529056,-0.8386528,-0.7559921,-0.6294073,-1.0541747,5.3745008,-0.6197238,-0.89542556
AGGAAACGTGGTTATG-1_rna,-0.37699917,-0.9403243,-0.6701544,-0.4758129,5.2608986,-0.7537323,-0.2522608,-0.30347914,0.51112723,-0.2689646,-0.43067077,-0.29939976,-0.6430663,0.36780584,-0.28493676,-0.4400306
AGGAACGGTTGGTTCT-1_rna,-0.5099574,-1.0872175,-0.7392232,-0.7048906,5.2391176,-0.77053684,-0.23294143,-0.2966249,0.84948033,-0.35761255,-0.24071671,-0.43280154,-0.7302491,0.9183318,-0.3571297,-0.54702824
AGGACTAAGGCGGATG-1_rna,-0.5344585,-0.8814854,-0.55936956,1.7510413,4.913891,-0.7392395,-0.4219702,-0.4667542,0.1331103,-0.505504,-0.5663954,-0.46739942,-0.5033103,-0.15613823,-0.44735068,-0.5486669
AGGACTAAGTTGCCTC-1_rna,-0.6779773,1.6290627,-0.76982784,3.083547,4.801572,-0.23887908,-0.77537525,-0.7056455,-0.9877619,-0.6763238,-0.7244935,-0.72412366,-0.6316125,-1.1309054,-0.8576117,-0.6136441
AGGAGCTAGAACCTGT-1_rna,-0.78001285,3.6653323,-0.73803675,2.026279,2.2205417,-0.6542754,-0.7035225,-0.7934845,0.038390443,-0.79906034,-0.5008986,-0.81339556,-0.95699215,0.19162239,-0.636495,-0.7659928
AGGAGCTAGATGGAGC-1_rna,-0.56468296,-0.627594,-0.7300489,0.5742314,-0.07477184,-0.6833688,-0.48596588,-0.4166549,1.1079098,-0.50053596,-0.6740259,-0.5370542,-0.6845931,5.2344837,-0.35886624,-0.5784621
AGGATGCAGGCTAATC-1_rna,-0.28040594,0.10257241,-0.8697007,-1.4648864,4.761482,-0.8207693,-0.21132801,-0.32549718,0.89033246,-0.37738058,-0.12763238,-0.32288718,-0.69247663,0.49902728,-0.25891423,-0.50153553
AGGATGTCAGCAAATA-1_rna,-0.50602484,-0.62842464,-0.6148596,0.6224004,4.9495792,-0.5529449,-0.47314885,-0.45729044,0.09071831,-0.50032103,-0.5573051,-0.48385754,-0.51026356,0.3501411,-0.25548366,-0.47291502
AGGATTGAGGCTATGT-1_rna,-0.6127119,-0.91469336,-0.5151428,1.1589587,-0.058143675,-0.45695987,-0.5705316,-0.35139295,0.21152481,-0.4315329,-0.6147367,-0.6346698,-0.5750717,5.1925054,-0.38917676,-0.43822488
AGGCAATCATGAGTTT-1_rna,-0.45446938,0.7005891,-0.60349095,0.18653044,-0.87757236,-0.4002023,-0.44143617,-0.45481193,0.17538479,-0.38572237,-0.59521484,-0.37161982,-0.52347875,4.8413005,-0.41731614,-0.37847006
AGGCGGATCGCTAGTG-1_rna,-0.5023607,-0.711069,-0.44186607,0.8586899,-0.41293564,-0.4397476,-0.50501835,-0.45345238,-0.43333963,-0.33447507,-0.5422174,-0.47361842,-0.34358552,5.7294626,-0.59884894,-0.3956178
AGGCTAAAGTATTGTG-1_rna,-0.3734784,-0.5392339,-0.3630286,-0.1838566,-0.61596036,-0.3863707,-0.30148223,-0.24932009,-0.15400127,-0.17300346,-0.38560674,-0.3349566,-0.29945463,5.0382385,-0.39831343,-0.28017157
AGGCTAAAGTCTATGA-1_rna,-0.5124514,-0.15193872,-0.77094537,-0.14457394,0.33772105,-0.8615926,-0.49203837,-0.44823587,1.8008184,-0.49595416,-0.62361443,-0.4403482,-0.59909564,4.2671614,-0.3025698,-0.5623421
AGGCTAGCACAATACT-1_rna,-0.9877573,-0.74176645,1.9878278,5.154318,-0.19445474,-0.7588924,-0.85443604,-0.8551488,-1.0328252,-0.91006196,-0.9246124,-1.0850444,-0.74582374,3.5777364,-0.80798423,-0.82107425
AGGCTAGCACCTGTAA-1_rna,-0.39200422,-0.6262752,-0.50668347,0.11456272,-0.8390609,-0.1706225,-0.3800293,-0.35945085,-0.0924606,-0.35443643,-0.42210135,-0.364822,-0.21812311,5.429865,-0.4660788,-0.35227934
AGGGCCTTCACGCATG-1_rna,-0.5233836,-0.64507604,-0.5759015,0.49661466,-0.40684482,-0.3471733,-0.42958567,-0.48380777,-0.20508566,-0.3825051,-0.51673555,-0.4252285,-0.2619963,5.631451,-0.49586168,-0.4288806
AGGGCCTTCAGGAAGC-1_rna,-0.46069217,-0.4797154,-0.6333304,0.17205022,-0.78933764,-0.4859867,-0.3908621,-0.38181996,0.7229596,-0.2967382,-0.5756476,-0.27930635,-0.50951105,5.1278048,-0.34386843,-0.39599895
AGGGCTACAGAATGAC-1_rna,-0.5075427,-0.957269,-0.6666087,-0.37156534,5.355167,-0.7739176,-0.30206352,-0.42531675,0.52865374,-0.3815267,-0.4985807,-0.46337134,-0.62143195,0.91382235,-0.29148352,-0.5369649
AGGTAACCAGGCTAGA-1_rna,-0.53446305,-0.69226754,-0.6730381,0.87570643,-0.41667855,-0.48635072,-0.41908306,-0.4373554,0.672993,-0.43111527,-0.65537673,-0.45999217,-0.49302506,5.0362086,-0.38617915,-0.4999833
AGGTACGCAGCCAGAA-1_rna,-0.8513117,2.262167,-0.5372774,3.6440005,4.8648367,-0.27683234,-0.9297452,-0.8516668,-1.0983307,-0.86116946,-1.0321765,-0.984977,-0.64354235,-0.9161948,-1.0427657,-0.7450144
AGGTATTGTGCTAGCG-1_rna,-0.8673003,3.9435177,0.19958875,1.1207217,0.29121146,-1.3371543,-0.840204,-1.0476327,0.7809739,-0.97610414,-1.0307808,-0.70378435,-1.4990338,3.7374973,-0.6769704,-1.0945456
AGGTCAAAGGCAAGTA-1_rna,-0.9223392,2.4430618,-0.9174106,2.7644289,4.871619,-0.74190205,-0.9788601,-0.850095,-0.7030724,-0.9539307,-0.88481754,-0.9429171,-0.8825247,0.3630424,-0.8869868,-0.77729577
AGGTCATTCAAGCTAC-1_rna,-0.8279221,-0.5447743,1.8042724,4.438976,0.6628765,-1.0639052,-0.82663846,-0.8475071,-0.24636927,-0.9551798,-0.89436233,-0.9556925,-1.0138817,2.9069939,-0.7323284,-0.9045572
AGGTCATTCTTGCAAA-1_rna,-0.41178975,-0.7236873,-0.5430092,0.7060994,-0.94476336,-0.37793735,-0.29569945,-0.31612635,-0.023073174,-0.1967383,-0.4876573,-0.39826322,-0.28708258,5.1252575,-0.50051147,-0.32501787
AGGTCCGGTTAGCGTA-1_rna,-0.5275706,-0.7999846,-0.4679726,0.2803433,-0.41999277,-0.35218117,-0.37770346,-0.35896024,-0.07909413,-0.35132226,-0.5368947,-0.5166776,-0.25302142,5.5786734,-0.49160722,-0.3260335
AGGTCTTAGCAGCTCA-1_rna,-0.89533186,4.161389,-0.73236215,-0.26291394,0.12412984,-1.1847057,-0.8011516,-0.84632516,0.28104115,-0.85776085,-0.9251399,-0.60703313,-1.2667327,5.280791,-0.60527223,-0.8626211
AGGTCTTAGTGGACAA-1_rna,-0.5436165,0.2341708,-0.6030763,1.1900806,4.8685055,-0.20733921,-0.54880947,-0.5711025,-0.509801,-0.5972412,-0.56787646,-0.5256232,-0.4968481,-0.021180645,-0.5712947,-0.5289478
AGGTGAATCTAATCTC-1_rna,-0.47826898,-1.3175693,-0.9362913,-0.08433925,4.3409004,-0.9089305,-0.23812115,-0.31507435,0.9619666,-0.33876038,-0.3467888,-0.343428,-0.6159916,1.6367815,-0.38291246,-0.6331726
AGGTTAACAGCAAGTG-1_rna,-0.8085873,-0.9997425,1.1865586,5.354637,0.010065669,-0.7997364,-0.9475583,-0.8773869,-0.5483545,-0.90311956,-0.93627787,-0.9805465,-0.9516001,3.9958613,-0.82426393,-0.9699491
AGGTTAACAGGTCCTG-1_rna,-0.52549255,-0.34147155,-0.6388063,0.38694525,-0.5502207,-0.4932258,-0.48138845,-0.41769725,0.7637239,-0.41323966,-0.66421455,-0.44032186,-0.55821764,5.286929,-0.405276,-0.5080255
AGGTTAACATGAGCAG-1_rna,-0.5805385,-0.6244324,-0.4216991,0.62939376,-0.094423875,-0.37912935,-0.54624367,-0.45172906,-0.37312353,-0.5124072,-0.6045102,-0.6191421,-0.36789483,6.0534286,-0.5911113,-0.5164381
AGGTTTATCACTCAAA-1_rna,-0.3375982,-0.27149934,-0.6218321,0.45902115,4.6976194,-0.3279444,-0.3835714,-0.3904127,-0.05786355,-0.37725472,-0.42034084,-0.39251584,-0.45812047,-0.63615984,-0.11757831,-0.36394858
AGGTTTATCTTAGTCT-1_rna,-0.34303957,-0.90453476,-0.6109143,-0.5174161,5.1752176,-0.70788234,-0.28596473,-0.36912537,0.45015347,-0.3396635,-0.37350082,-0.356889,-0.5936468,0.5596249,-0.33949625,-0.44292194
AGTAAACAGCAATAGG-1_rna,-0.7779719,1.1138622,-0.8022936,2.2234843,5.1486797,-0.61098,-0.8207156,-0.73814565,-0.50228333,-0.83982193,-0.7417054,-0.78228116,-0.7309016,0.33136055,-0.764407,-0.70587945
AGTAAACAGCAGGTTT-1_rna,-0.62517256,-0.09810287,-0.77415186,1.0904682,4.696282,-0.635164,-0.6048115,-0.5375902,-0.104726985,-0.64179707,-0.31282187,-0.60808164,-0.6138251,0.89830726,-0.5325899,-0.59622186
AGTAACACAGCTTAAT-1_rna,-0.22508481,-0.3893028,-0.6204368,0.39449415,4.8194685,-0.45338628,-0.3362992,-0.32185102,0.0091421595,-0.30939665,-0.21588773,-0.3317303,-0.50911826,-0.8894552,-0.21937063,-0.40178522
AGTAACACATCGCTTT-1_rna,-0.49148336,0.627213,-0.5120913,1.1545447,-0.7821076,-0.6565292,-0.49591437,-0.4435418,-0.41170236,-0.48613122,-0.48215887,-0.27301082,-0.54478264,4.779669,-0.5190815,-0.46289155
AGTAACGAGACACCGC-1_rna,-0.5175327,-0.8971443,-0.6650363,0.5317661,5.253518,-0.5794423,-0.4138742,-0.46962002,0.07149361,-0.43503165,-0.44797093,-0.49677956,-0.6160847,0.6942874,-0.43308574,-0.57946235
AGTAACGAGAGAGCCG-1_rna,-0.51836,0.3228153,-0.6979618,0.52716684,4.9971123,-0.66785777,-0.5652298,-0.5095985,0.14066169,-0.65213287,-0.34407476,-0.61050606,-0.59801793,-0.10284534,-0.18511197,-0.53605926
AGTAATGCAACCTGGT-1_rna,-0.6208762,1.1812441,-0.63600504,1.1382898,-0.3310098,-0.71567106,-0.5343275,-0.602921,0.044518348,-0.5756196,-0.5881537,-0.5347761,-0.77294385,4.670932,-0.5247413,-0.59793866
AGTACGCGTTAACGAT-1_rna,-0.47666204,-0.8562508,-0.50874466,0.52715385,-0.46425653,-0.3455316,-0.44827747,-0.35091287,0.24488707,-0.36539015,-0.547799,-0.4902321,-0.3033055,5.1958017,-0.45795637,-0.3525235
AGTAGCTTCATAGACC-1_rna,-0.33101192,0.40765756,-0.7513361,-1.9015043,4.283792,-0.8310512,-0.24072024,-0.17351003,1.2712983,-0.33389997,0.42369768,-0.29916686,-0.7902091,-0.46190932,0.11943231,-0.39155927
AGTAGCTTCTCCATAT-1_rna,-0.58828247,-0.85159254,-0.27971262,0.61220276,-0.38940075,0.036589548,-0.4647,-0.43385556,-0.903357,-0.32368928,-0.46483794,-0.5494565,-0.006309837,5.6873546,-0.75250864,-0.32844377
AGTAGCTTCTGTGAGT-1_rna,-0.511045,-1.0236009,-0.69980824,-0.26229882,5.2130556,-0.8696649,-0.3230392,-0.4790049,0.44765267,-0.44502345,-0.36565056,-0.5378182,-0.648903,1.5699372,-0.46321943,-0.6015687
AGTCAAGAGTCATTAG-1_rna,-0.8683493,-0.19326848,2.5678675,4.9039173,0.21243156,-0.8087392,-0.9188905,-0.84014165,-0.7788259,-0.9217924,-0.91018844,-1.0011709,-0.88382316,2.1724994,-0.8446034,-0.88692284
AGTCGCATCATGCTAA-1_rna,-0.34985715,-1.0470134,-0.6469288,-0.5408418,4.9620533,-0.71979725,-0.17955084,-0.16645527,0.6884693,-0.26538187,-0.23257695,-0.26625985,-0.5756149,-0.061085142,-0.2187313,-0.3804283
AGTCTTGCAATTATGC-1_rna,-0.44536045,-0.22989205,-0.68674684,0.20483172,-0.85062206,-0.4150332,-0.37359414,-0.43521813,0.76933753,-0.4355844,-0.547454,-0.40421954,-0.59650445,5.144889,-0.289608,-0.40922078
AGTCTTGCACAAAGAC-1_rna,-0.8456523,3.5652573,-0.58655363,2.9400256,4.5601974,-0.27766478,-0.94405043,-0.87155205,-1.1389836,-0.9305532,-0.91086483,-0.95325935,-0.775358,-1.189817,-1.0185795,-0.6225916
AGTCTTGCATTGTGGC-1_rna,-0.45151109,-0.5758977,-0.388236,0.14216912,-0.5312354,-0.19955392,-0.49015695,-0.42054653,-0.34371573,-0.33812678,-0.5118509,-0.36347407,-0.21114506,5.537582,-0.53987265,-0.31442797
AGTGAGTCAGCACGTT-1_rna,-0.5793574,0.38016447,-0.4017259,1.2481639,-0.2726431,-0.1584681,-0.68739563,-0.5473758,-0.761953,-0.55280834,-0.5622983,-0.6237116,-0.39583325,5.100535,-0.6619423,-0.5233503
AGTGAGTCATTAAAGG-1_rna,-0.50993985,-0.58489674,-0.6137761,1.4902328,4.905323,-0.5442748,-0.41685206,-0.45811987,-0.11011405,-0.4674791,-0.50963694,-0.5087793,-0.47672063,-0.2865916,-0.5106678,-0.39770705
AGTGGACAGCTTACTT-1_rna,-0.52920216,-0.77702886,-0.7287113,0.66861653,-0.39084268,-0.46454513,-0.4595557,-0.4141397,0.5295445,-0.38098234,-0.5321103,-0.5110429,-0.38825744,5.2169642,-0.41714442,-0.4215626
AGTGGACAGGCGAATA-1_rna,-0.4447933,-0.27329752,-0.3424383,0.82432866,-0.26423642,-0.31746033,-0.60545063,-0.5226606,-0.6204355,-0.44312647,-0.45798722,-0.5618491,-0.3615637,5.402442,-0.57632935,-0.4351422
AGTGTTTCAACAGGTG-1_rna,-0.634568,0.97392946,-0.5171634,0.87570333,3.2930753,-0.7182557,-0.7625359,-0.71701336,0.24715416,-0.6997951,-0.7972302,-0.66384095,-0.99234724,2.4855087,-0.6381554,-0.7344653
AGTTACTCAATGCCTA-1_rna,-0.57391363,-0.52050996,-0.65901434,0.8387469,-0.4807846,-0.54916275,-0.43447244,-0.46716815,0.61979496,-0.42354298,-0.6189815,-0.5157901,-0.45627385,5.1323447,-0.41230214,-0.47897023
AGTTGCAGTAGCCTAA-1_rna,-0.47013116,-0.65358555,-0.5458716,0.43495786,-0.23069088,-0.36188012,-0.4518752,-0.3699836,0.22742838,-0.3759753,-0.58202434,-0.55324775,-0.44835502,5.26056,-0.45655704,-0.42276883
AGTTGCAGTAGGTTTG-1_rna,-0.45279807,-0.9140979,-0.67083913,-0.22517823,5.131741,-0.80344516,-0.20423919,-0.372774,0.6676542,-0.31962562,-0.35984486,-0.35805875,-0.6829848,0.3431676,-0.2994148,-0.47926217
AGTTGCAGTGAGGTAG-1_rna,-0.5632082,-0.88626623,-0.31798998,1.1700857,-0.116708815,-0.349663,-0.5713825,-0.5562817,-0.64492774,-0.40901223,-0.51147604,-0.64693177,-0.18026358,5.7179894,-0.65092325,-0.48304054
AGTTGCGTCCAACTGG-1_rna,-0.4592297,-0.82572156,-0.24819762,1.0286653,-0.3145914,-0.1799275,-0.49888337,-0.4284805,-0.66382915,-0.42538434,-0.4364708,-0.5296606,-0.2529919,5.206159,-0.59574306,-0.3757128
AGTTGGCGTACAAAGA-1_rna,-0.6708817,1.8903853,-0.7189875,3.1489816,4.7407117,-0.3843491,-0.7816256,-0.76538736,-1.0431656,-0.7383258,-0.7222666,-0.8706256,-0.6318656,-0.950166,-0.8388654,-0.66356647
AGTTGGCGTTAGTTGG-1_rna,-0.50594425,-0.7772946,-0.56478226,0.5608094,-0.3165557,-0.42638046,-0.4026894,-0.385392,0.17751034,-0.36499232,-0.54361093,-0.4971388,-0.38534647,5.3028393,-0.44405526,-0.4269765
AGTTGTCAGATGGACA-1_rna,-0.5886941,-0.5573118,-0.25348508,1.4020338,-0.28811523,-0.18072134,-0.5389112,-0.4367598,-0.86123157,-0.38122633,-0.4743444,-0.6238197,-0.1768226,5.250209,-0.7707162,-0.52008355
AGTTGTCAGTAAACCC-1_rna,-0.6503651,1.512174,-0.7869599,2.6205668,4.866329,-0.36096624,-0.72044265,-0.6675062,-0.7846379,-0.67207825,-0.7091571,-0.57388484,-0.6640549,-1.0547751,-0.810418,-0.5438236
ATAACGACACATTAAC-1_rna,-0.8534577,-0.06360659,-1.0356954,1.1875808,0.62029004,-1.1576602,-0.7044121,-0.6795523,2.5340972,-0.8756321,-0.9244367,-0.47465238,-0.99713004,4.615862,-0.3094979,-0.8820963
ATAAGCCTCTAGCTTT-1_rna,-0.8905693,3.4569607,0.6246735,3.1606915,-0.40079919,-0.8545377,-0.9552045,-0.9914167,-0.6204351,-1.0346842,-0.82051384,-0.9893954,-0.89013255,3.09155,-0.89133,-0.99485755
ATAAGTCGTGAGGTAG-1_rna,-0.53566027,-0.91784984,-0.6659284,0.23098183,5.2844167,-0.9048397,-0.54130626,-0.46111983,0.595805,-0.5246211,-0.35826123,-0.5575794,-0.7293791,1.2407064,-0.49752253,-0.6578428
ATACCTGCAATCCTGA-1_rna,-0.4839956,-0.7887832,-0.3104428,-0.06451362,-0.44137403,-0.08730018,-0.4697307,-0.37447575,-0.39929453,-0.2372213,-0.45822242,-0.5186422,-0.096710145,5.47374,-0.5068903,-0.23614293
ATAGATGCACTTACAG-1_rna,-0.3902236,-0.63177323,-0.61876595,-0.0364967,-0.8457775,-0.34605935,-0.36499897,-0.3210382,0.7146081,-0.2510108,-0.5159122,-0.31666043,-0.4023703,4.9303946,-0.29820034,-0.30571473
ATATAGGCAGAAACGT-1_rna,-0.92737985,-0.45190743,2.0081582,5.0691257,-0.18585974,-0.7889414,-0.9410083,-0.845242,-0.9429364,-0.935511,-0.9736986,-0.9977757,-0.78112316,3.4225636,-0.90207565,-0.8263879
ATATGCATCAGCTAAC-1_rna,-0.5394926,-0.33370972,-0.670257,-0.10212113,-0.5540782,-0.58251953,-0.39777145,-0.40420637,1.4103674,-0.38319167,-0.64807093,-0.32908696,-0.6247548,4.889464,-0.28994897,-0.44062218
ATATGCATCCGCATGA-1_rna,-0.7265549,-0.81592286,-0.21669626,1.2592945,-0.22685081,-0.13407627,-0.6531404,-0.6081686,-1.1148823,-0.42326465,-0.56648386,-0.6581843,-0.092901215,6.5431743,-0.97414684,-0.5911951
ATATGCTCAAGGACCA-1_rna,-0.5240731,-0.8980726,-0.39913407,0.4812305,-0.42561308,-0.34214947,-0.48652652,-0.38615915,-0.16462705,-0.3336111,-0.5731126,-0.5105766,-0.34274405,5.739824,-0.4656091,-0.3690461
ATATGCTCAATAGCAA-1_rna,-0.7934823,4.6027074,-0.58842,-0.10840246,-0.35372114,-1.0491272,-0.85847473,-0.80299,-0.40818578,-0.8733266,-0.81543416,-0.74775374,-1.0092033,5.3795137,-0.6881962,-0.88550323
ATCAAGACACTGACCG-1_rna,-0.9292075,3.9728029,-0.3348149,3.925793,4.5738664,-0.38604355,-0.9742276,-0.95727175,-1.2591746,-0.9321856,-1.0864486,-1.0093846,-0.88936764,-1.6084201,-1.1906842,-0.91523236
ATCAAGCTCCTTCTAG-1_rna,-0.94583905,4.8188434,-0.5515375,0.24407028,-0.19766515,-1.2667822,-0.92014587,-0.9914937,0.17562194,-1.0400141,-0.9543531,-0.66368353,-1.3935084,5.443898,-0.6914555,-1.065955
ATCAATCCAAACCTTG-1_rna,-0.7234601,2.5960042,-0.7105182,2.8903427,4.647561,-0.13969436,-0.8490099,-0.78904873,-1.0909249,-0.80292696,-0.7190328,-0.84625626,-0.6804787,-1.1961328,-0.8849884,-0.7014358
ATCAATCCAAGCTTTG-1_rna,-0.4080509,-0.34258276,-0.083235905,0.7436966,-0.72697085,-0.07560991,-0.508989,-0.37670594,-0.7979304,-0.38516545,-0.46514952,-0.50648105,-0.2240213,5.0947013,-0.66568166,-0.27182323
ATCACAATCTCCATAT-1_rna,-0.6956073,2.7223237,-0.526198,0.65516233,0.023674987,-0.78000236,-0.7564666,-0.7769669,-0.3601847,-0.7783787,-0.7116296,-0.6424849,-0.9140562,4.871227,-0.561304,-0.76910865
ATCACTAAGATGGACA-1_rna,-0.8408853,-0.8049878,0.47554326,5.3985753,0.38688573,-0.870159,-0.81545913,-0.87928885,-0.41943836,-0.80354494,-0.8399402,-0.9903349,-0.85033816,3.5811207,-0.830176,-0.897572
ATCAGGTTCCCTGTTA-1_rna,-0.69975066,2.3552158,-0.6651929,2.6720366,4.5745754,-0.0035482422,-0.81821287,-0.78667885,-1.0430738,-0.7074625,-0.66404164,-0.7992004,-0.65534127,-1.2473965,-0.8328657,-0.6790626
ATCATCAAGCCAGTAT-1_rna,-0.94738233,4.5719604,0.02670707,1.3648087,-0.10987208,-1.2896209,-0.9178516,-1.0774175,0.5033442,-1.0304441,-1.0905131,-0.8322857,-1.4238788,4.1605196,-0.73497105,-1.1731039
ATCATCAAGGGCCACT-1_rna,-0.33469188,0.32192332,-0.7501866,-1.8151671,4.3671083,-0.80474705,-0.20109683,-0.16598271,1.229528,-0.34364963,0.08411568,-0.29498512,-0.7401708,-0.20053615,0.015442278,-0.36690402
ATCCAACAGCGGCTGT-1_rna,-0.50972104,-0.15291983,-0.43658814,0.33780074,-0.16787711,-0.50933933,-0.5298368,-0.5309788,-0.38963506,-0.48859736,-0.5511793,-0.55407727,-0.4383506,5.8746514,-0.5447277,-0.4086239
ATCCACCTCAGAAACG-1_rna,-0.7257419,0.323985,-0.34504527,2.555328,0.290403,-0.542208,-0.72389674,-0.701174,-0.5757068,-0.67689353,-0.6378838,-0.7273079,-0.509256,4.444736,-0.7527841,-0.6965542
ATCCACCTCGTCAAGT-1_rna,-0.74068445,-0.51337266,0.36209896,4.9581914,0.42000812,-0.98957974,-0.81426156,-0.805199,-0.45179152,-0.577921,-0.7665059,-0.8676467,-0.921196,3.3323245,-0.7196175,-0.9048474
ATCCGTGAGACTCGCA-1_rna,-0.50845855,-0.3377574,-0.27461722,1.3927462,-0.62994766,-0.1518904,-0.57260525,-0.5097533,-0.82322854,-0.39046276,-0.45646214,-0.5107232,-0.30587184,5.136643,-0.64717424,-0.41043687
ATCCGTGAGGTCATTA-1_rna,-1.0405041,1.7674336,2.286998,4.7958503,1.2347972,-0.8484001,-1.031812,-0.92840564,-0.8953695,-1.0478632,-1.0681494,-1.0934272,-1.0179627,0.84569836,-0.9250549,-1.0338286
ATCCTCATCTGGTCCT-1_rna,-0.24479684,-1.1479579,-0.80731374,-1.7149816,4.676511,-0.50819635,-0.12302679,-0.25780496,0.8568793,-0.06502819,0.6155079,-0.09215614,-0.56290674,-0.25832236,0.08737829,-0.45378488
ATCCTCATCTGTGAGT-1_rna,-0.9621008,0.37902397,0.49133688,5.5596232,-0.3772251,-0.40197045,-0.9755847,-0.88785416,-1.0673403,-0.925505,-0.7809764,-1.0698078,-0.59902084,3.6230636,-1.1105889,-0.8950728
ATCCTGACAATGCGCT-1_rna,-0.54734135,-0.6553079,-0.5583017,0.68252003,-0.44755334,-0.3743931,-0.45028508,-0.43632227,0.46264082,-0.41125727,-0.58644253,-0.4953308,-0.45303243,5.0807734,-0.43177158,-0.3785947
ATCCTGACATGTCAAT-1_rna,-0.5448837,0.25253853,-0.63892686,0.8756428,-0.3203211,-0.5102289,-0.5080952,-0.5555773,0.31389865,-0.43379655,-0.58290744,-0.483762,-0.63809836,4.616969,-0.34753758,-0.49491373
ATCGAGGCAACAGGAT-1_rna,-0.53693485,-0.8922106,-0.6124909,0.44021273,-0.54075,-0.33341506,-0.47972682,-0.43161222,0.4462513,-0.38526323,-0.5348257,-0.54556406,-0.41746268,5.710888,-0.40221682,-0.48487934
ATCTATGAGCAAACCT-1_rna,-0.6066442,-0.70643735,-0.08878285,0.8699818,-0.36861342,-0.18327084,-0.5888494,-0.55529135,-0.9382241,-0.4929989,-0.4372002,-0.70602775,-0.024855077,6.1489778,-0.8746612,-0.44710308
ATCTTTGGTTGTTGGA-1_rna,-0.6474424,2.0620832,-0.065049455,1.565431,-0.5304707,-0.7286523,-0.708198,-0.75752246,-0.7452453,-0.7802052,-0.6622115,-0.48149788,-0.6740593,4.8293223,-0.9622524,-0.7140297
ATGAAGCCAGCACCAT-1_rna,-0.7616428,0.59469974,-0.9103334,0.7640469,0.92868006,-1.0931718,-0.64657295,-0.7337961,2.2628648,-0.8331288,-0.8773353,-0.5668502,-1.15711,4.1971054,-0.31232414,-0.8551314
ATGAAGTAGTAACCAC-1_rna,-0.49227375,-0.999186,-0.6209255,0.5478257,0.10382544,-0.5349006,-0.5135695,-0.36612028,0.64382064,-0.520602,-0.59107333,-0.52825934,-0.46748358,5.3070583,-0.4676376,-0.500499
ATGACTCAGCACGTTG-1_rna,-0.7426125,2.7858748,-0.72672504,3.2037802,4.6252317,-0.45046103,-0.8850027,-0.79602635,-1.0592861,-0.8223999,-0.7906868,-0.8692586,-0.7189536,-1.0724902,-0.8662111,-0.8147729
ATGATGGAGCTTCTCA-1_rna,-0.6926839,1.352886,-0.70980334,3.329093,5.012853,-0.49314743,-0.7891538,-0.7758703,-0.7735762,-0.7720747,-0.8144749,-0.7605765,-0.64728904,-0.9224252,-0.803686,-0.7400705
ATGCATTCACCGGCTA-1_rna,-0.4138969,-0.7254525,-0.65037614,-0.011472791,4.9437795,-0.75345,-0.3437357,-0.40653467,0.31226018,-0.3141396,-0.30859166,-0.33480224,-0.55999714,0.2617752,-0.2646182,-0.43074733
ATGCTTAAGCAACATC-1_rna,-0.5864602,3.0087118,-0.71431404,0.21960387,-0.88763106,-0.8461075,-0.5824756,-0.6132463,0.25448474,-0.7307197,-0.6938311,-0.39788026,-0.8691016,4.6171613,-0.5290769,-0.6491175
ATGCTTAAGGACCAGG-1_rna,-0.4105478,-0.43815804,-0.46971756,0.9961507,-0.42702258,-0.3853665,-0.497701,-0.44990718,-0.32121247,-0.50182414,-0.40230852,-0.41720748,-0.3482623,4.9910855,-0.49925292,-0.4187476
ATGCTTAAGGTCTTGG-1_rna,-0.69167256,2.2111552,-0.78790486,2.9694304,4.5984592,-0.193261,-0.79154897,-0.7076304,-0.97106576,-0.77129114,-0.7784897,-0.7441838,-0.6623199,-1.1713631,-0.8714746,-0.6368393
ATGGCTAGTGTGAGAG-1_rna,-0.48756975,-0.23822665,-0.3457901,0.675455,-0.5141217,-0.36235392,-0.462009,-0.49252886,-0.5108127,-0.31526423,-0.5133186,-0.5311994,-0.30745956,5.371984,-0.4801327,-0.48665208
ATGGCTAGTTTGCGCC-1_rna,-0.5520848,2.218036,-0.40413585,0.70986664,-0.73221046,-0.55496174,-0.6934184,-0.73569,-0.7181369,-0.61012423,-0.5876972,-0.44258842,-0.6728577,5.1683364,-0.67785925,-0.71447384
ATGGCTTAGCCGCAAC-1_rna,-0.863935,2.4675927,-0.83644074,2.9033012,4.86778,-0.82105035,-0.9511254,-0.88243437,-0.76107365,-0.99364084,-0.95441496,-1.0078022,-0.87673825,0.368899,-0.8178246,-0.84109265
ATGGTGCGTTGGTTAG-1_rna,-0.5681523,0.34897593,-0.6288016,0.7594241,4.9688616,-0.7813555,-0.5731622,-0.57894516,0.27393752,-0.66038275,-0.48018214,-0.6087651,-0.4929268,-0.08191514,-0.43757334,-0.45903733
ATGGTTATCTCCATGC-1_rna,-0.64564675,2.1355422,-0.5432717,2.4938695,4.2185955,-0.0120263025,-0.71510607,-0.6815608,-0.92745835,-0.7352824,-0.5772758,-0.7710724,-0.7718917,-1.1030496,-0.79441667,-0.5699485
ATGTAACGTTTAGCTC-1_rna,-0.50580716,-0.6838145,-0.2741902,0.36460328,-0.57158697,-0.013744906,-0.50378966,-0.4192609,-0.79831195,-0.30699405,-0.3804392,-0.5241823,-0.115930706,5.6605325,-0.6261674,-0.30091605
ATGTAAGCATTAGCGC-1_rna,-0.469003,-0.78451395,-0.5108839,0.32436088,-0.39802226,-0.24623463,-0.47059605,-0.4142703,0.018699877,-0.3601738,-0.5295762,-0.48625967,-0.2859856,5.4354825,-0.4608669,-0.36215743
ATGTAAGCATTGTGAT-1_rna,-1.1012282,4.374233,-0.20332205,3.9459422,4.643845,-0.57556885,-1.1476103,-1.024912,-1.324671,-1.0169314,-1.050279,-1.0862329,-0.8798771,-1.2124902,-1.3192688,-1.0216278
ATGTCATCAAGGTCCT-1_rna,-0.43530452,-0.69894415,-0.51288134,0.78156704,-0.39426848,-0.3013299,-0.50560105,-0.46438277,0.15213822,-0.41637212,-0.5867628,-0.496279,-0.34880644,5.1795874,-0.44645423,-0.50590575
ATGTCCACATAAGTTC-1_rna,-0.4996883,-0.6383586,-0.3371292,0.2657454,-0.75384736,-0.023231298,-0.43492302,-0.39216974,-0.7472005,-0.24584848,-0.42791525,-0.42672578,-0.058915228,5.5766006,-0.6524273,-0.20396641
ATGTTCAAGACTTATG-1_rna,-0.57919574,0.93732524,-0.7178558,0.5799004,4.872129,-0.42754158,-0.5959704,-0.55890024,-0.3346537,-0.61089313,-0.32446995,-0.642401,-0.54885685,-0.09167114,-0.3880849,-0.5688603
ATGTTTGAGCCGCTAA-1_rna,-0.6895893,1.6889646,-0.77029586,3.214952,4.86318,-0.4658109,-0.8060859,-0.80288094,-0.98349774,-0.7365581,-0.7331923,-0.8094233,-0.6387113,-0.8195116,-0.8373182,-0.6742212
ATTAACCCACAACAGG-1_rna,-0.5702756,0.0104886815,-0.726062,0.79518735,4.423611,-0.6315863,-0.55900687,-0.4465376,0.024281897,-0.58113277,-0.13406266,-0.6158272,-0.5532666,0.47296667,-0.34592748,-0.5628505
ATTAACCCATTGTCAG-1_rna,-1.1359318,3.4961035,4.0503373,4.1339817,1.0955262,-1.1737115,-1.303611,-1.2550491,-1.1397907,-1.1272647,-1.1254611,-1.1871188,-1.1949358,0.28489438,-1.3150939,-1.1028748
ATTACCCGTGGAGCAA-1_rna,-0.5063692,-0.8132459,-0.48738784,0.50944006,-0.58907723,-0.3591634,-0.44585556,-0.35971457,0.20236127,-0.37766385,-0.50172263,-0.496953,-0.33089703,5.3728538,-0.4923244,-0.32428074
ATTACCCGTTTACCGT-1_rna,-0.81672126,-0.60510665,1.8093876,4.6060886,0.3723625,-0.85283875,-0.7365061,-0.7571415,-0.52387184,-0.8385689,-0.8834469,-0.941902,-0.76295936,2.4898958,-0.7014184,-0.8572526
ATTACGTCATTAAAGG-1_rna,-0.5840109,-0.63450146,-0.5168312,1.3276523,-0.16843705,-0.4690084,-0.5329184,-0.4938928,-0.50199485,-0.4096464,-0.5957241,-0.6235894,-0.3126794,5.5097857,-0.60341984,-0.39078397
ATTAGCTCAGCAGGTA-1_rna,-0.53975224,0.84490395,-0.6604007,2.1313882,4.5798197,-0.22927809,-0.56685084,-0.5516523,-0.6707025,-0.5999926,-0.52244955,-0.59809524,-0.54055494,-0.96277106,-0.6327153,-0.48089686
ATTAGGTGTCTCAGCC-1_rna,-0.48480678,0.14337607,-0.60270566,1.1662445,-0.8705725,-0.5805374,-0.44853657,-0.49962044,0.4099869,-0.42165908,-0.57411695,-0.4027974,-0.5786836,4.6132736,-0.43047455,-0.43837005
ATTCAACCACTAGCGT-1_rna,-0.35488227,-0.7598152,-0.6292534,-0.1301827,5.150371,-0.46632555,-0.26262653,-0.33201268,0.17403686,-0.315828,-0.29361144,-0.28736892,-0.44514576,-0.40645573,-0.27138618,-0.36951312
ATTCAACCAGGAACAT-1_rna,-0.77219653,4.9328504,-0.6232249,-0.087977305,-0.661432,-1.1174626,-0.7604802,-0.79056627,-0.3166629,-0.7923001,-0.8362343,-0.6124699,-1.1005371,5.197868,-0.65621245,-1.0029613
ATTCCGGAGCTACTGG-1_rna,-0.56236196,0.41419303,-0.21059147,1.0402657,-0.57321537,-0.43113968,-0.64207447,-0.5634067,-0.74708116,-0.39177713,-0.5698496,-0.59978855,-0.395636,5.2872095,-0.6817658,-0.3729805
ATTCCTAGTATTGTGG-1_rna,-0.38397425,-0.98822653,-0.71155083,-0.15230718,4.5404773,-0.47856212,-0.21048047,-0.2969014,0.33466488,-0.30121294,-0.36503536,-0.28489354,-0.4942076,0.5549816,-0.23928063,-0.523491
ATTCCTAGTCATAACG-1_rna,-0.44207358,-0.47685748,-0.45232433,0.8768794,-0.8905165,-0.15372644,-0.49904948,-0.4539091,-0.4601888,-0.3243913,-0.5341989,-0.22452976,-0.25792438,5.395084,-0.5870486,-0.51522446
ATTCCTAGTTGTTGGA-1_rna,-0.7532259,4.151674,-0.41053706,0.46340582,-0.26167363,-1.048507,-0.7573619,-0.8732841,-0.5315408,-0.8661655,-0.75464606,-0.6306263,-1.0229242,4.890339,-0.72149056,-0.8734357
ATTCCTCCAAGGTGGC-1_rna,-0.61448514,1.6501497,-0.6113206,0.10629664,3.84327,-0.86343753,-0.72998214,-0.65389895,0.87851024,-0.7626035,-0.628808,-0.64225876,-0.7406868,0.9414736,-0.4450898,-0.72712886
ATTCGTTTCCAGGAAA-1_rna,-0.7367741,3.902448,-0.8474506,0.065691054,-0.5912914,-1.1319109,-0.755407,-0.91382456,0.6067951,-0.8372345,-0.8640356,-0.4162082,-1.3135343,5.3214736,-0.54883635,-0.9399003
ATTGACTCAATCCTGA-1_rna,-0.5448937,1.501076,-0.57106954,0.65462637,-0.6450778,-0.6845618,-0.54867804,-0.5192042,0.06220911,-0.4728656,-0.61743253,-0.49915624,-0.5856915,4.586283,-0.5253191,-0.5902444
ATTGACTCACTTAGGC-1_rna,-0.4906388,-0.01002115,-0.44371837,1.0028214,-0.6983234,-0.35561073,-0.54060096,-0.49868482,-0.514701,-0.41148537,-0.479398,-0.45515937,-0.42110455,5.232066,-0.54916936,-0.36627156
ATTGACTCATCAGTAT-1_rna,-0.44094384,-0.16940399,-0.4301147,0.1130893,-0.55814177,-0.3369856,-0.4259295,-0.4487096,0.034609795,-0.42201155,-0.5277164,-0.49877918,-0.3975702,5.4379826,-0.50404435,-0.4253313
ATTGCACAGCCTGTTC-1_rna,-0.3164575,-0.68851423,-0.6352527,-1.279825,5.09827,-0.74567723,-0.15430158,-0.30638444,1.1679765,-0.24368188,0.17144524,-0.33381227,-0.6875038,-0.7005513,-0.060837388,-0.28489217
ATTGCAGGTGGGTACT-1_rna,-0.89019233,3.6824825,-0.605634,0.8878237,4.370859,-0.6674232,-0.9980283,-0.97121716,-0.42371744,-0.9756584,-0.9814954,-0.772573,-1.0240902,1.0454961,-0.7870334,-0.88959914
ATTGCTCGTAAGGTCC-1_rna,-0.23685645,-0.732411,-0.5883823,-1.2380238,4.5680046,-0.69219345,-0.21284623,-0.10370681,1.0262363,-0.22517698,-0.029445894,-0.21914108,-0.639315,-0.3458357,0.015231177,-0.3461374
ATTGCTCGTACGCGCA-1_rna,-0.56862545,0.3564523,-0.6247014,0.23783419,-0.057658106,-0.8774369,-0.56214607,-0.45313123,1.3574764,-0.4902108,-0.6707256,-0.46686152,-0.85546756,4.628864,-0.33090332,-0.6227585
ATTGGCTAGTAAGTCC-1_rna,-0.47069412,-0.36264533,-0.5079345,0.18307884,-0.66713846,-0.26086903,-0.44171053,-0.38264352,0.17929018,-0.36854136,-0.55177784,-0.39454436,-0.345075,5.299006,-0.48888165,-0.41891927
ATTTGCAAGAGAAGGG-1_rna,-0.6024423,-0.54015774,-0.52017146,1.8927574,-0.70353734,-0.43383247,-0.5668477,-0.60011274,-0.8542361,-0.45307022,-0.5397371,-0.49887806,-0.16707596,5.9146776,-0.79273415,-0.5346012
ATTTGCGCAGTTTGGC-1_rna,-0.4556384,0.45702872,-0.6393687,0.6701175,-0.4067589,-0.40666932,-0.4596799,-0.5307289,0.09219805,-0.44873327,-0.48612535,-0.48745996,-0.52579045,4.582487,-0.4447387,-0.51013964
CAAACACTCCACCCTG-1_rna,-0.51671004,-0.71109736,-0.5648069,0.7610851,-0.58194876,-0.44971097,-0.5051522,-0.44012266,0.41014457,-0.40892947,-0.56644714,-0.55581284,-0.43842,5.481943,-0.4572575,-0.4567576
CAAACACTCGTAACGT-1_rna,-0.5818602,1.3411485,-0.64573824,2.5420096,4.72246,-0.37734076,-0.7348865,-0.6985067,-0.77183175,-0.64762414,-0.72646177,-0.7093048,-0.6006298,-0.82716286,-0.7173351,-0.56693494
CAAACATGTACTTAGG-1_rna,-1.017268,3.2321231,-0.78718114,3.72333,5.052682,-0.7602145,-1.12675,-1.0664047,-1.0649623,-1.0948606,-1.0822523,-1.1493175,-0.9036379,-0.009675369,-1.0292175,-0.9163933
CAAACCGTCAAGTGTC-1_rna,-0.6793854,-0.59057933,-0.2134987,1.4718158,-0.3397298,-0.06789772,-0.54009634,-0.5218355,-1.0249782,-0.38992214,-0.5103011,-0.6898235,-0.099070355,5.661613,-0.9079118,-0.55839926
CAAACGCGTTTGGCTT-1_rna,-0.33410695,-0.9705832,-0.64337885,-0.6193273,4.9590445,-0.8342743,-0.18690452,-0.35545763,0.66229844,-0.35317805,-0.2412818,-0.37509218,-0.6204108,0.7838266,-0.29560423,-0.5755696
CAAACTGGTCCCGGAA-1_rna,-0.55633503,-0.8560582,-0.4510808,1.0750245,-0.44770432,-0.36926013,-0.5099069,-0.4452719,-0.1965367,-0.37167108,-0.57404757,-0.55867517,-0.2751199,5.4981117,-0.5001353,-0.4613331
CAAAGCGCAGCCAGTT-1_rna,-0.5085856,-1.042685,-0.7676152,0.29176143,5.359527,-0.72390974,-0.37798595,-0.36598447,0.42900082,-0.39311737,-0.45114714,-0.37107912,-0.55124104,0.2965032,-0.3753444,-0.44809726
CAAAGTGAGTAGGATG-1_rna,-0.76120836,-0.8613532,1.5821164,5.288836,-0.26993993,-0.64710665,-0.84261715,-0.8363536,-0.7090605,-0.7916525,-0.8635709,-0.87701637,-0.79260206,3.0675817,-0.7871274,-0.89892536
CAAATCATCAGCAAGA-1_rna,-0.7414954,4.664688,-0.8704513,-0.24588192,-1.0709345,-1.0994167,-0.71177953,-0.85061926,0.6677862,-0.76634866,-0.8793331,-0.6443131,-1.0976021,5.282049,-0.7058415,-0.9305062
CAAATCATCTATGACA-1_rna,-0.4002493,-0.65878725,-0.58654135,0.36500344,5.370148,-0.5239354,-0.38162494,-0.434054,0.12686855,-0.3810195,-0.4838538,-0.34577256,-0.5348957,-0.3773901,-0.32373974,-0.4301569
CAACAATGTCATGCAA-1_rna,-0.45085514,-0.9559439,-0.6100423,-0.3960948,5.081184,-0.74704283,-0.333001,-0.27257675,0.6517044,-0.34570813,-0.31790486,-0.3704321,-0.6026884,0.32292333,-0.2845663,-0.36895508
CAACAGGCAGCATGGA-1_rna,-0.84160113,-0.21509391,2.405044,4.8504834,-0.342706,-0.77866644,-0.8869273,-0.81404006,-1.027489,-0.8243752,-0.82784516,-0.9869669,-0.6976933,2.6824484,-0.8883782,-0.80619365
CAACCCGCACGCAACT-1_rna,-1.0322837,2.7938027,0.9803514,3.2391877,0.51989937,-1.336685,-1.0557249,-1.116331,0.531473,-1.1834383,-0.99672437,-0.8458774,-1.4265885,2.8477323,-0.7359705,-1.1828228
CAACTAATCCTTCGTA-1_rna,-0.4489183,-0.7169899,-0.7963826,-0.19030112,4.1462793,-0.72771555,-0.25348598,-0.34254557,0.7043299,-0.3387284,-0.25827894,-0.32011908,-0.5594281,0.8506359,-0.24196127,-0.5063906
CAAGACAAGGTATTGC-1_rna,-0.5158362,-0.3782317,-0.36172757,0.31337073,-0.44030815,-0.20146325,-0.48823643,-0.39433092,-0.44038504,-0.33413664,-0.45921957,-0.577232,-0.26307052,5.430177,-0.52834797,-0.36102238
CAAGGCTGTACCGGAT-1_rna,-0.7341424,4.8479476,-0.6151039,0.33117634,-0.53841716,-1.0205379,-0.7891526,-0.96232235,-0.6844526,-0.9582006,-0.7977376,-0.7011116,-0.95161355,5.228936,-0.7495978,-0.9056702
CAAGGCTGTGAACAAA-1_rna,-0.73223114,1.3009739,-0.44504732,1.7094946,-0.6434424,-0.62700737,-0.72713566,-0.73290336,-0.86995363,-0.58071107,-0.7009258,-0.48141563,-0.47062594,5.53139,-0.8096246,-0.7208347
CAAGGGAGTGATCAGC-1_rna,-0.87688243,-0.91464806,1.6837472,4.8553295,0.30659735,-0.78244144,-0.83848524,-0.8266996,-0.8936028,-0.9136807,-0.97543824,-1.0375972,-0.8298445,3.790071,-0.8033214,-0.9431035
CAAGGTAAGTCATTGA-1_rna,-0.46919006,-0.18479337,-0.37369007,0.42731696,-0.63352364,-0.3311525,-0.50042254,-0.41539502,-0.50973165,-0.3342666,-0.4366923,-0.5178642,-0.27464598,5.455693,-0.5428097,-0.35883224
CAAGGTTTCAGTTCCC-1_rna,-0.9003235,-0.5495829,2.4584372,4.8953104,0.10332088,-1.0692096,-0.96299183,-0.9303678,-0.44898638,-0.99927187,-0.9101006,-0.99325573,-0.97319824,3.042069,-0.7556059,-1.0062432
CAAGGTTTCCCTGACT-1_rna,-0.37961572,-0.55561507,-0.52883506,0.2129243,-0.42793375,-0.3535956,-0.39985383,-0.39684063,0.3143313,-0.2766952,-0.5343081,-0.53837705,-0.28906727,4.933073,-0.4156909,-0.36390078
CAAGGTTTCCGCCTAT-1_rna,-0.5367661,-1.0339103,-0.7212023,-0.21352245,5.3601227,-0.75420725,-0.43088323,-0.42063808,0.5741804,-0.42450327,-0.49822706,-0.50553167,-0.6365102,1.3349545,-0.44746357,-0.6458925
CAAGTATGTCGTTATC-1_rna,-0.3277305,-0.87426144,-0.5683697,-1.0011406,4.9879823,-0.6445949,-0.1971201,-0.18389261,1.0773085,-0.19130647,-0.18312064,-0.25547662,-0.6072781,-0.5740314,-0.14283213,-0.31413558
CAAGTATGTGTTAAAC-1_rna,-0.5370892,-0.05248385,-0.66053796,-0.3781557,-0.7219783,-0.5702622,-0.35048506,-0.34783238,1.766346,-0.4088775,-0.5964447,-0.37363112,-0.65654707,4.661447,-0.32920283,-0.44426513
CAAGTGAAGCGCAATT-1_rna,-0.6035936,-0.823918,-0.2601788,0.62007725,-0.43163344,-0.069005385,-0.48976186,-0.49537125,-0.83462477,-0.3203714,-0.454084,-0.65557134,-0.048826575,5.783293,-0.6811553,-0.2352741
CAAGTGAAGTTCCTGC-1_rna,-0.8790718,3.8906925,-0.59884316,3.336182,4.659977,-0.44685137,-0.94745076,-1.0013274,-1.1355422,-0.98148835,-0.99964726,-1.1143796,-0.86009276,-1.0568634,-1.106118,-0.7591751
CAAGTTATCACCTGCT-1_rna,-0.6829659,-0.7941939,-0.009600587,5.265665,0.3060009,-0.64568275,-0.7666527,-0.6529412,-0.26369756,-0.5492878,-0.8429046,-0.7204847,-0.856323,2.5548,-0.6229977,-0.71873283
CAATAAGCAATGCCCG-1_rna,-0.85170686,2.4064472,-0.9478037,2.9009833,5.0028167,-0.7192249,-0.94270504,-0.9107968,-0.90932465,-0.88992375,-0.8715823,-0.9047839,-0.8270776,0.27203244,-0.93660575,-0.87074476
CAATAAGCACTAGCGT-1_rna,-0.49571532,-0.8315938,-0.4118414,0.5798165,-0.12793423,-0.3548416,-0.50385255,-0.41351974,0.032123804,-0.36728227,-0.54859,-0.5707431,-0.44282436,5.35382,-0.49897552,-0.39804667
CAATAAGCAGCCTTGG-1_rna,-0.7782343,-0.16242641,-0.927646,1.366761,0.8193621,-1.1208832,-0.7340016,-0.65804046,2.3213634,-0.78738594,-0.90284544,-0.56324524,-1.1281239,4.521297,-0.3208889,-0.9450621
CAATAAGCAGGTATTT-1_rna,-0.29439837,-0.46305883,-0.49721247,-0.18302743,-0.8658243,-0.2816831,-0.24154826,-0.32284844,0.14671132,-0.22379433,-0.37334907,-0.40981263,-0.3066182,5.0158362,-0.40006262,-0.2993093
CAATCCCTCACATTGA-1_rna,-0.58338916,0.8940295,-0.70729023,2.6561902,4.875288,-0.4140798,-0.68281376,-0.6070284,-0.7278438,-0.61764145,-0.67564595,-0.6198168,-0.59056526,-0.9839378,-0.69214183,-0.5233138
CAATCCCTCCCGCCTA-1_rna,-0.49174222,-0.98852456,-0.6900035,-0.49258915,5.534018,-0.67209625,-0.30428335,-0.41481093,0.5119372,-0.42665598,-0.42705986,-0.45170102,-0.5728034,0.7780273,-0.4013892,-0.49032268
CAATCGCCATTGTCCT-1_rna,-0.36537474,-0.8737848,-0.7330867,-0.18148306,4.2347827,-0.62302846,-0.2694036,-0.36789972,0.8166518,-0.32763264,-0.026347347,-0.2764472,-0.568671,0.22358969,-0.19116056,-0.47070444
CAATCTAAGCTTCCCG-1_rna,-0.50434476,-0.4181559,-0.35933685,0.6382663,-0.22551191,-0.31192678,-0.55891466,-0.3654639,-0.48918325,-0.38423038,-0.4915464,-0.5728457,-0.29622304,5.3322906,-0.5847052,-0.40816838
CAATGAACAAGCTAAA-1_rna,-0.6005795,1.210477,-0.6396842,1.5733343,4.026241,-0.27174664,-0.6391723,-0.5465114,-0.30999008,-0.58790934,-0.5272647,-0.60992527,-0.5922749,-0.45953694,-0.5102434,-0.5152136
CAATGAACATAATCCG-1_rna,-0.44291037,-0.026221752,-0.44859016,-0.07313758,-1.008059,-0.19472829,-0.3592788,-0.29680955,-0.24147844,-0.29719928,-0.40751225,-0.28016096,-0.32018715,5.14368,-0.47630155,-0.27110505
CAATGACTCAAATCGC-1_rna,-0.7311543,0.15815341,-0.48399052,1.6794,-0.33292687,-0.4880115,-0.6367165,-0.6900947,-0.9196236,-0.47547904,-0.63375044,-0.7090553,-0.30522123,5.9975653,-0.8090898,-0.62000453
CAATGACTCGAGCAAA-1_rna,-0.5775769,-0.46101967,-0.29295635,1.391102,-0.43711016,-0.1982244,-0.5658785,-0.59225965,-1.1997222,-0.53653896,-0.54830503,-0.58180904,-0.031407103,5.8819537,-0.829913,-0.42033437
CAATGTCAGGAACACA-1_rna,-0.2250217,-1.0786679,-0.7188983,-1.7015793,4.468643,-0.45817778,0.08865861,-0.11437977,1.1496313,-0.09600113,0.21829262,-0.054925658,-0.41262725,-0.81929755,0.06476925,-0.31041884
CAATGTCAGGCAACAA-1_rna,-0.69612676,-0.38557488,-1.0213854,0.4742794,-0.84843755,-0.90020484,-0.48456675,-0.597945,3.0705805,-0.62102664,-0.74987185,-0.29985148,-0.9562271,4.8561344,-0.28728116,-0.55249494
CAATGTCAGGGCCATC-1_rna,-0.29513457,-0.7786807,-0.6001576,0.08043367,4.5648546,-0.3622955,-0.32415017,-0.30912548,0.17212977,-0.36539719,-0.32531995,-0.2909299,-0.42535493,-0.1767019,-0.21145424,-0.3527158
CAATGTCAGTAGGATG-1_rna,-0.36529276,-0.9342928,-0.628438,-0.053554043,4.9490323,-0.68170077,-0.44677627,-0.392157,0.6244624,-0.39495245,-0.2875265,-0.57522637,-0.70622915,0.6052072,-0.2590827,-0.4534731
CACAAGCGTGATTACG-1_rna,-0.4387098,0.13436261,-0.38716924,0.9731252,-0.6102218,-0.51965874,-0.5395367,-0.43391043,-0.6221723,-0.27644652,-0.45150858,-0.518538,-0.2688442,4.920157,-0.6314012,-0.32952738
CACAATATCAATTACG-1_rna,-0.46814072,-0.8352809,-0.6159663,0.090949595,-0.67035,-0.35073924,-0.4200678,-0.33622837,0.51458824,-0.3548864,-0.55673593,-0.5182939,-0.35444796,5.6445346,-0.4214999,-0.34743512
CACAGGCTCTTAGCGG-1_rna,-0.5437362,-0.6752697,-0.42783037,0.8057741,-0.5365784,-0.36803702,-0.5272807,-0.43561378,-0.38331035,-0.40448985,-0.5826678,-0.6022086,-0.29700458,6.042678,-0.6082431,-0.45618126
CACAGGGAGGAACGGT-1_rna,-0.5055979,0.25167307,-0.64917547,-0.13918453,4.9237666,-0.5315965,-0.47008693,-0.4457149,0.27741846,-0.53746855,-0.40298945,-0.54481286,-0.4987536,-0.045465916,-0.2623735,-0.41963822
CACAGGGAGTTATGTG-1_rna,-0.51527244,-0.8866582,-0.74886346,0.9369403,5.095724,-0.66101944,-0.48168194,-0.43160737,0.1761485,-0.55127484,-0.51429677,-0.6346694,-0.6696754,0.8103038,-0.36475188,-0.55934584
CACCAACCAATTGCGC-1_rna,-0.6200131,0.4185083,-0.7217077,1.3981699,4.948128,-0.5346703,-0.6946636,-0.609906,-0.20047052,-0.6867341,-0.6134943,-0.6627523,-0.6780636,0.45712584,-0.6506136,-0.5488432
CACCGGTAGTGAACGA-1_rna,-0.6176315,-0.48299086,-0.3088771,1.7029355,-0.27318054,-0.49398935,-0.59988797,-0.5546515,-0.7876261,-0.48765624,-0.5800477,-0.7019412,-0.23139246,5.6664724,-0.73397994,-0.5155557
CACCTCAGTTTGGGCG-1_rna,-0.71879214,-0.43616605,-0.9065497,0.71206975,1.244317,-1.0269799,-0.7446173,-0.7036742,2.436245,-0.78685987,-0.94360644,-0.5906978,-1.0618756,4.623523,-0.37529054,-0.72104555
CACCTGTTCCAACTGG-1_rna,-0.33966684,-0.45739833,-0.57133245,-0.28477782,-0.9291477,-0.2940749,-0.29240727,-0.30888286,0.46544623,-0.2935501,-0.44282922,-0.23515657,-0.39647606,5.038069,-0.30486396,-0.35295102
CACTAGCCAATAATCC-1_rna,-0.7295619,3.291697,-0.82136697,0.17270938,3.6337214,-1.0090823,-0.86222845,-0.8148402,0.65829974,-0.8835801,-0.6740221,-0.66623497,-0.8636494,0.97421557,-0.621847,-0.7842294
CACTAGCCATAAAGCA-1_rna,-0.5877268,0.13961005,-0.9249668,-0.15631503,-0.6776611,-0.5862498,-0.42169178,-0.39475816,1.757092,-0.39499754,-0.6049207,-0.3610014,-0.7051569,4.6766763,-0.3788868,-0.37904552
CACTTTGTCAGCTAAC-1_rna,-0.49639255,1.4335079,-0.724418,1.6500428,4.4208055,-0.023770198,-0.57162464,-0.59475666,-0.6260459,-0.5890466,-0.59128386,-0.64338297,-0.5611614,-0.9600835,-0.6054303,-0.51695967
CAGAACCGTGCTTAGA-1_rna,-0.37999216,-0.8055264,-0.6939928,-0.057791337,4.668027,-0.5326958,-0.21264046,-0.3022841,0.6366414,-0.22519585,-0.07855162,-0.2408061,-0.477335,-0.6648571,-0.25202426,-0.38097522
CAGATTCAGGAGTAAT-1_rna,-0.5769336,-0.83261395,-0.8139932,-0.2550847,4.369474,-0.78553236,-0.31117454,-0.36701453,0.6462493,-0.36555225,-0.3900429,-0.34640077,-0.633299,1.6303132,-0.3501915,-0.61820304
CAGCAAGCACTTAGGC-1_rna,-0.56265604,-0.8741578,-0.67614686,0.2099366,5.203666,-0.70150375,-0.47446224,-0.43180183,0.09375965,-0.5597409,-0.5057132,-0.63075805,-0.6378362,1.5514507,-0.39787525,-0.6061611
CAGCATTAGTCGCTAG-1_rna,-0.5684778,-0.49054885,-0.56253976,0.9250457,-0.18585928,-0.54396397,-0.5791322,-0.5359114,0.10190413,-0.4051097,-0.6446209,-0.55486035,-0.43477684,5.5323796,-0.5464376,-0.50709075
CAGCCAATCCTGCGAA-1_rna,-0.43383962,-0.35274386,-0.53707004,-0.21325903,-0.80661756,-0.3022213,-0.3889826,-0.314714,0.30611217,-0.3483932,-0.5459756,-0.36834478,-0.36331338,5.409311,-0.4203099,-0.31963795
CAGCCTAAGCCTGTGA-1_rna,-0.6141866,0.3583666,-0.88310313,0.7940432,0.233432,-0.81484294,-0.54577154,-0.6253091,1.1419026,-0.63891643,-0.7035952,-0.56896895,-0.7535103,4.8400292,-0.48545814,-0.7341112
CAGCCTAAGGTCCACA-1_rna,-0.48011154,-0.74506915,-0.5180465,0.2729054,-0.44955814,-0.30646616,-0.45116836,-0.37668645,0.15406674,-0.34930632,-0.5652304,-0.4570921,-0.30352345,5.443687,-0.47978318,-0.38861728
CAGCTAAGTTGAAGCC-1_rna,-0.83935446,2.243467,-0.47698486,3.276571,4.8333664,-0.4880814,-0.9303638,-0.8535775,-0.8481755,-0.9645909,-0.9614847,-0.9342202,-0.79738575,-0.4887647,-0.8706136,-0.8998076
CAGCTCAAGAGGAGGA-1_rna,-0.65608054,3.7021637,-0.5834645,-0.30766475,-0.554247,-0.80144,-0.71414715,-0.7800021,-0.34620416,-0.7100987,-0.66633236,-0.5208543,-0.9086553,5.28133,-0.59690523,-0.8373977
CAGGAAGGTCCTTCTC-1_rna,-0.36433566,-0.8398874,-0.64360887,-0.7043681,5.1049027,-0.59474856,-0.24843092,-0.2843114,0.79741615,-0.2421989,-0.3176543,-0.3328883,-0.60578406,-0.16863821,-0.1911907,-0.36427373
CAGGACCTCCGTCCAT-1_rna,-0.55450225,-0.2922358,-0.77414626,1.0752658,4.7105765,-0.6323712,-0.5602972,-0.5121041,-0.10447794,-0.5898586,-0.4582106,-0.5549846,-0.5963226,0.8850329,-0.49947494,-0.5418889
CAGGCTATCCGCAAGC-1_rna,-0.49414998,0.2335707,-0.29640895,0.74152595,-0.8262231,-0.34470618,-0.4895833,-0.4457881,-0.47756988,-0.38568926,-0.47999644,-0.5216646,-0.29653168,5.058731,-0.57645774,-0.3990581
CAGGGTGAGCATGTCG-1_rna,-0.8088428,4.1473656,0.40161934,-0.15916917,0.541471,-1.2806038,-0.79617,-0.9776788,0.4428981,-0.94358814,-0.9471406,-0.588104,-1.4196445,4.1061454,-0.69292724,-1.0256305
CAGGTCCAGAGAGCCG-1_rna,-0.7155752,-0.5355098,0.67876005,4.2872977,-0.588013,-0.66450155,-0.74116206,-0.6969408,-0.68397635,-0.7448506,-0.6499858,-0.6651514,-0.6472008,3.7125244,-0.5814255,-0.76428974
CAGGTCCAGGTCGAGG-1_rna,-0.25282082,0.40284014,-0.8707825,-1.4484527,3.7753663,-0.86225814,-0.21165815,-0.30122495,1.1078327,-0.41680676,0.16964273,-0.35575682,-0.8066662,0.6423178,-0.08219242,-0.48938006
CAGGTGGAGCAGCTCA-1_rna,-0.54580134,-0.8410179,-0.24466741,1.0240104,-0.51495695,-0.12773517,-0.4935453,-0.5425224,-0.830896,-0.40510136,-0.5298925,-0.5844969,-0.115485236,5.94755,-0.7603214,-0.43512076
CAGGTGGAGGAGGCAT-1_rna,-0.67081857,1.5727408,-0.73310435,0.22514543,4.962306,-0.79514086,-0.76465946,-0.7971627,0.22671416,-0.84682065,-0.6430687,-0.736348,-0.99828607,1.2077445,-0.3818001,-0.82744145
CAGGTTTAGTATTGTG-1_rna,-0.5190451,-0.58117354,-0.4450843,0.98989606,-0.4486535,-0.36930624,-0.49279335,-0.44579408,-0.093358025,-0.39187834,-0.57671654,-0.5251626,-0.26651466,5.1001434,-0.45552698,-0.4790319
CATAGACTCCATTACT-1_rna,-0.8582791,3.5976753,-0.97341686,0.44955254,0.3621853,-1.2960618,-0.77871925,-0.91942567,1.8665519,-0.9979613,-1.0903853,-0.79332757,-1.4066138,4.494017,-0.5227596,-1.1330321
CATAGACTCCTACCTA-1_rna,-0.5178168,-0.50736403,-0.7653394,0.26203877,-0.94488496,-0.4876602,-0.35503203,-0.33785284,1.4505277,-0.3835592,-0.5616563,-0.37316117,-0.6195536,4.807909,-0.3157668,-0.35082802
CATAGGCGTCATCCTG-1_rna,-0.3750214,-0.6942916,-0.583601,-0.8687241,4.8928385,-0.5863893,-0.13435602,-0.24887687,1.144065,-0.25976908,0.002163589,-0.25828013,-0.6003152,-0.8352181,-0.24784538,-0.34637892
CATAGGCGTCCGTGAG-1_rna,-0.49763492,-0.90337527,-0.56939363,0.56247723,4.9258466,-0.74282134,-0.3919972,-0.48426875,0.27942806,-0.432897,-0.5851908,-0.5055069,-0.5639478,0.8286998,-0.37363273,-0.5457858
CATAGGCGTTACTTCA-1_rna,-0.5178884,0.13510573,-0.40792114,1.2323127,-0.4021423,-0.4045273,-0.64655924,-0.5493704,-0.87037766,-0.54953194,-0.4098444,-0.5178708,-0.2672587,5.46171,-0.8066672,-0.479169
CATAGGTTCTGTTGCC-1_rna,-0.65444577,-0.6485773,-0.5096397,1.930642,-0.33754742,-0.36752936,-0.57562345,-0.57147765,-0.68143135,-0.40690455,-0.55313027,-0.54143196,-0.22101077,5.2259607,-0.6624916,-0.42536163
CATAGTCAGCTCAAAC-1_rna,-0.8268946,3.2980988,-0.74482083,3.1526506,4.720928,-0.5732346,-0.9326025,-0.843566,-0.9437791,-0.91580737,-0.9041792,-0.9603001,-0.77347606,-0.9890287,-1.035919,-0.72806954
CATATCGCAAATTCGT-1_rna,-0.7139095,0.7785354,-0.63935673,1.0147333,4.479626,-0.8414652,-0.89834934,-0.6823584,0.80778784,-0.8483079,-0.70085084,-0.64834666,-0.7916396,0.9156565,-0.48958963,-0.7421651
CATATCGCACTAAGTT-1_rna,-0.7709421,2.0235617,-0.8539689,-0.4819209,3.9152594,-0.8497034,-0.83327234,-0.7408651,0.5964518,-0.87950623,-0.662761,-0.8595542,-0.89544123,2.6265595,-0.5533307,-0.7805666
CATATCGCACTTCATC-1_rna,-0.9058385,4.6387296,-0.14685638,-0.1775934,0.29387587,-1.4574287,-0.93965274,-1.1147705,1.0345591,-1.0659552,-1.1258447,-0.72576904,-1.6159548,5.163069,-0.6696076,-1.1849617
CATCACACATGCTCCC-1_rna,-0.9385171,4.3178287,-0.61800027,0.7028961,0.34048954,-1.4443372,-0.9270526,-1.0876522,1.2491713,-1.0404764,-1.1834506,-0.8552978,-1.5409743,4.922574,-0.69677484,-1.200426
CATCATAAGTACTGGT-1_rna,-0.9695325,-0.39639997,1.3828524,5.500098,0.6319333,-0.53379744,-0.99282503,-0.9560782,-1.1296483,-1.0248488,-0.87932855,-1.1178635,-0.7069302,3.1286714,-1.070007,-0.8662955
CATCATGCACTGACCG-1_rna,-0.5801332,0.5820036,-0.6979058,0.9251903,4.435433,-0.46851915,-0.48295537,-0.51193523,-0.21157211,-0.5533383,-0.42296338,-0.53237903,-0.5874462,-0.07195672,-0.2945141,-0.5270083
CATCCTCAGACTTATG-1_rna,-0.37902308,-0.34463322,-0.5456212,0.01158236,-0.90944207,-0.21252432,-0.28536877,-0.34443098,0.30826712,-0.35687703,-0.5177118,-0.3515798,-0.43220216,5.0215325,-0.3229012,-0.33906633
CATCCTGGTACGGGTT-1_rna,-0.563515,-1.109227,-0.7394996,1.4179518,5.390647,-0.8163891,-0.56574255,-0.5337437,0.025596216,-0.572946,-0.6618153,-0.5937219,-0.58930314,1.0021827,-0.5041536,-0.5863204
CATCCTGGTTACTTGC-1_rna,-0.48236582,-0.34818655,-0.7495348,-0.061427057,-1.0352992,-0.43509707,-0.37929365,-0.32069185,1.3888763,-0.3955881,-0.5860906,-0.31211656,-0.7485789,5.0608063,-0.28994295,-0.3054698
CATCCTTCACCCACAG-1_rna,-0.291844,-0.14544496,-0.6803289,0.5683801,4.7732344,-0.4353721,-0.3858037,-0.51551116,-0.27997825,-0.34438354,-0.32671094,-0.3934691,-0.53826416,-0.40068653,-0.2513384,-0.35247874
CATGCGCAGGAGTCGG-1_rna,-0.88758594,3.536844,-0.70667833,3.4882467,4.8431644,-0.40344977,-1.0445515,-0.91567546,-1.2584544,-0.9486014,-0.9853588,-1.0148969,-0.75653976,-1.035335,-1.0976996,-0.81342816
CATGGATTCAAGCTTA-1_rna,-0.9301029,0.36781028,2.2586732,4.7911334,0.9657515,-0.82618004,-0.92786604,-0.82581705,-0.68834656,-0.99376476,-0.98451805,-1.0453353,-0.96271753,1.7029079,-0.9007117,-1.0009171
CATGGATTCATAACCA-1_rna,-0.64283055,-0.9568184,-0.57566077,1.054132,0.32349962,-0.5867121,-0.57050353,-0.48694044,0.046668444,-0.54246813,-0.59536093,-0.67086655,-0.40076905,5.76146,-0.5757581,-0.5810717
CATTATCTCAGTTCCC-1_rna,-0.46836436,-0.838885,-0.5637487,-0.16962191,-0.42527074,-0.35297662,-0.3949095,-0.2987705,0.55677605,-0.25907028,-0.5423563,-0.39651477,-0.32710263,5.1805706,-0.36198562,-0.33776984
CATTCATTCGCATTAA-1_rna,-0.57678,1.4761515,-0.7379883,1.5185617,4.3222637,-0.4808752,-0.7138183,-0.6219213,-0.21994153,-0.65464616,-0.59448093,-0.51698005,-0.57083845,-0.5664577,-0.5324953,-0.529754
CATTGCGAGCATGTCG-1_rna,-0.8698231,2.3361318,-0.940522,2.8553355,4.9946923,-0.728192,-0.963807,-0.9116259,-0.90689445,-0.9317454,-0.94289166,-0.8944476,-0.8199992,0.45674774,-0.8793614,-0.85359776
CATTGCGAGTAACGGA-1_rna,-0.40583268,-0.3640626,-0.8593527,-1.1553019,4.4783454,-0.8510368,-0.1020469,-0.19630346,0.8487109,-0.36273307,0.21640328,-0.2997098,-0.7813879,0.37583476,-0.085526556,-0.4560003
CATTGTAAGGACCGCT-1_rna,-0.5298845,0.52179974,-0.26254898,0.7584013,-0.18364878,-0.26684904,-0.58381915,-0.62355053,-0.6480695,-0.4995839,-0.4320764,-0.5207449,-0.42314678,4.8933434,-0.6325622,-0.5670595
CATTGTAAGGCAGGTG-1_rna,-0.41982284,0.3147683,-0.5267763,0.20151058,4.3917656,-0.053067744,-0.52295256,-0.43290433,-0.35213408,-0.39207014,-0.4030458,-0.46232167,-0.48470542,-0.11201155,-0.34066877,-0.4055632
CATTTGTTCTAAGTGC-1_rna,-0.87785673,4.5779533,-0.45096812,0.017156105,-0.048805453,-1.3300918,-0.93904376,-0.9871447,0.71011186,-0.98828006,-0.999786,-0.8165722,-1.4701058,5.392097,-0.63720393,-1.1514599
CCAAACCCAAACGCGA-1_rna,-0.6095183,0.99883646,-0.35726136,1.3142772,-0.48081416,-0.52406853,-0.6616836,-0.5602724,-0.7012078,-0.6379188,-0.47828943,-0.5181281,-0.35682213,4.9227247,-0.7970409,-0.55281276
CCAAACCCACCTGTAA-1_rna,-0.4763446,-0.80053854,-0.58503324,0.11648602,-0.035188556,-0.6037589,-0.44908935,-0.36632776,0.9879571,-0.3806262,-0.57743794,-0.5382915,-0.4979244,4.984197,-0.3441922,-0.43388706
CCAAACCCATAGACTT-1_rna,-0.44175082,0.018848978,-0.49081594,0.2300682,-0.3517396,-0.32787392,-0.48488683,-0.41569,-0.029459685,-0.38176206,-0.4985981,-0.43953586,-0.4675591,4.904081,-0.4371348,-0.38619158
CCAAATCAGGTCCGTA-1_rna,-0.7545439,3.8938403,-0.39461434,0.04833832,-0.34765142,-0.78068775,-0.786493,-0.75296074,-0.7111941,-0.7749861,-0.7122975,-0.5591136,-0.77815455,4.971763,-0.77766156,-0.7835831
CCAACATAGGCCCAGT-1_rna,-0.67439646,-0.4662007,-0.27496755,1.0053874,-0.32975036,-0.07534547,-0.6125557,-0.5761164,-0.9775433,-0.41921407,-0.49506265,-0.65712535,-0.15201811,6.0247607,-0.7981077,-0.52174467
CCAACCAAGCGCTAAT-1_rna,-0.5955631,0.6869294,-0.7536333,2.10277,4.883985,-0.3392849,-0.6044352,-0.6293409,-0.58702046,-0.56796104,-0.6558235,-0.62260455,-0.60794747,-0.5972825,-0.58625704,-0.5265305
CCAACCCGTGCAATGC-1_rna,-0.6240818,-0.3591513,-0.6264429,0.8498943,0.72013164,-0.8374416,-0.63866484,-0.67167467,0.23905292,-0.4927919,-0.66895413,-0.6461766,-0.5847586,5.5766225,-0.50653213,-0.72903097
CCAACCCGTGTGAGGA-1_rna,-0.93423915,2.0330226,-1.101027,1.4434816,1.5690594,-1.4974967,-0.9789535,-0.890804,1.6907774,-0.9563352,-0.99612796,-0.8103699,-1.2918874,4.16871,-0.3726974,-1.0751128
CCAAGTTAGTAACCAC-1_rna,-0.36318845,-0.8053201,-0.73357224,0.7595318,4.8559284,-0.72611827,-0.428231,-0.4827885,-0.04103789,-0.45515,-0.38262016,-0.49352092,-0.5950935,0.7948159,-0.4333979,-0.4702372
CCACAGGGTTAGCGTA-1_rna,-0.5532311,-0.4822892,-0.34924364,1.9638487,0.6933257,-0.59087217,-0.65958405,-0.5890862,-0.2864954,-0.70066905,-0.62908065,-0.6296774,-0.64312565,4.7657094,-0.6063873,-0.70314205
CCACATTGTATGTGGC-1_rna,-0.1969775,-0.592764,-0.5674515,-0.54217744,4.1221437,-0.5253468,-0.06789804,-0.21099973,0.57456183,-0.12877601,-0.17059188,-0.10816581,-0.3974861,-0.73495543,-0.17055981,-0.28255528
CCACTTGGTGGTTCTT-1_rna,-0.42024252,1.4726136,-0.55472517,0.18321094,-0.9849206,-0.4999371,-0.49707726,-0.39156538,-0.21786386,-0.4104307,-0.5340684,-0.36050916,-0.5429567,4.774149,-0.53618515,-0.47949126
CCAGACTCAGTTATCG-1_rna,-0.51378435,-0.76933223,-0.51131374,0.6586812,-0.32598042,-0.34009102,-0.48480207,-0.41625297,0.39675862,-0.41577637,-0.6052599,-0.52974755,-0.34534687,5.08259,-0.4598801,-0.42046243
CCAGACTCATAGCGGA-1_rna,-0.51344633,-0.8848182,-0.32593128,0.70930374,-0.35398003,-0.22883281,-0.5029856,-0.40790883,-0.45496204,-0.370793,-0.546625,-0.56318307,-0.21631202,5.6294985,-0.57936966,-0.38965437
CCAGACTCATTGCGAC-1_rna,-0.41130948,-0.824259,-0.5976154,0.3017757,5.314276,-0.46227533,-0.29440004,-0.43205518,-0.09184225,-0.339512,-0.45633173,-0.40059268,-0.5541971,-0.035072636,-0.25387472,-0.46271455
CCAGCCTGTTCACCCA-1_rna,-0.59628755,-0.11442511,-0.5816741,1.3487567,-0.18075745,-0.44924498,-0.61213195,-0.5577921,-0.22317706,-0.48248607,-0.60025567,-0.66418916,-0.4725808,5.3297305,-0.55182105,-0.59166473
CCAGCCTGTTTAGCGA-1_rna,-1.0799334,4.568978,-0.23971784,4.023275,4.5696077,-0.35167795,-1.1441245,-1.0818477,-1.3522768,-1.0038226,-1.1099708,-1.1417103,-0.8240207,-1.5871592,-1.3497069,-0.8958922
CCAGCTAAGCCGCTTT-1_rna,-0.81120425,-0.6351957,0.8000889,5.8183346,-0.31458303,-0.8940599,-0.82664967,-0.8273905,-0.8836288,-0.8132558,-0.7955756,-0.8202738,-0.8661181,3.6582253,-0.8491102,-0.93960375
CCAGCTGCACCAACCG-1_rna,-0.46672416,-0.6658878,-0.30450517,0.68182683,-0.49443108,-0.11046402,-0.51484096,-0.4184848,-0.71949077,-0.3410939,-0.4044907,-0.62103045,-0.17394166,5.5493755,-0.5951343,-0.400683
CCAGGAACAAACTAAG-1_rna,-0.18709573,-0.21607006,-0.76376367,-1.580236,4.2166047,-0.86793756,-0.1569186,-0.15634423,1.0207388,-0.29213393,0.2168478,-0.36751527,-0.7740376,0.1751237,0.10493979,-0.37220216
CCAGGAACATAATCAC-1_rna,-0.5547143,-0.46572235,-0.27602732,1.1899688,-0.6935741,-0.13309446,-0.60397863,-0.55656993,-0.93763185,-0.38572147,-0.44258532,-0.6054919,-0.21822149,5.861532,-0.7235137,-0.45465407
CCAGGATGTGGTGAGA-1_rna,-0.51500934,-0.93483514,-0.47637826,0.95774686,-0.06671563,-0.5805568,-0.48819566,-0.531016,-0.38678068,-0.40836322,-0.57641226,-0.56980115,-0.25878054,5.9033284,-0.5832964,-0.48493403
CCAGGATGTTGGTTAG-1_rna,-0.44411448,-0.13226417,-0.59430623,1.7679052,4.341399,-0.35200694,-0.5125762,-0.49469814,-0.3286727,-0.49814454,-0.47289035,-0.5410068,-0.50442827,-0.25363246,-0.46064398,-0.5199189
CCAGTTTGTAGTCAAT-1_rna,-0.49430722,-0.9664365,-0.7146885,0.29294702,5.276495,-0.78362626,-0.39392608,-0.4469005,0.20335807,-0.49154246,-0.49230176,-0.5352,-0.6022629,0.98986214,-0.42315528,-0.4183148
CCATAAGGTTTGTCTA-1_rna,-0.54925936,1.5777757,-0.6140243,-0.002207838,-0.111692525,-0.72718257,-0.48822665,-0.6274607,0.31250036,-0.5824629,-0.61256117,-0.4592129,-0.8297034,4.7312827,-0.3957212,-0.62184346
CCATAATCAGCGCTTG-1_rna,-0.8174133,-0.21701786,-1.1025044,0.070525676,1.7362125,-0.9881412,-0.593333,-0.6507674,3.0373344,-0.75296485,-0.84340537,-0.35898754,-1.1580433,3.6686301,-0.3355675,-0.6945571
CCATAGCCAATAAGCA-1_rna,-0.85811114,4.244854,-0.55019027,0.52295536,0.6980779,-1.2932779,-0.9361391,-0.97945,0.12005409,-1.0158471,-0.98525095,-0.7738261,-1.3577887,4.847633,-0.7055882,-0.978105
CCATAGCCAATTGACT-1_rna,-0.34917575,-1.0031221,-0.90154433,-0.33180577,4.2884536,-0.87783474,-0.06512183,-0.29851794,0.8640031,-0.1649303,-0.033693694,-0.20496738,-0.6457327,0.51719576,-0.29055077,-0.50265515
CCATCACTCGGTTTGG-1_rna,-0.45288286,1.2100083,-0.4103147,1.9648293,-1.1985328,-0.52273095,-0.73065746,-0.6095311,-0.7993433,-0.6094794,-0.46834782,-0.21339495,-0.59932494,4.80877,-0.76114774,-0.6079196
CCATCATGTGCTTAGA-1_rna,-0.41907388,-0.4425718,-0.6467153,1.2700338,4.3451495,-0.27367103,-0.3573415,-0.4678952,-0.292556,-0.4273534,-0.43036965,-0.4427706,-0.5811241,-0.0075396057,-0.38102484,-0.44517642
CCCAAACCAGAAATGC-1_rna,-0.6092206,-0.7324496,-0.7151305,0.9294124,5.2043667,-0.7604353,-0.4887635,-0.5595154,-0.17317836,-0.53629625,-0.65875167,-0.5589758,-0.60624844,1.1858178,-0.3655816,-0.55505
CCCAAACCAGGATTAA-1_rna,-0.76081246,3.5186064,-0.8186565,3.2190006,4.562,-0.5391731,-0.86052006,-0.8611104,-1.0762569,-0.88161373,-0.82846016,-0.8899597,-0.69947225,-1.2823596,-0.98813605,-0.8130759
CCCAAATAGTGAGCGG-1_rna,-0.61206496,-0.6092515,-0.25961366,1.2398435,-0.6016537,-0.15245837,-0.5805247,-0.53214645,-0.83429515,-0.40558442,-0.4736646,-0.6231729,-0.18047702,5.853622,-0.7651746,-0.4633833
CCCAACCGTCCTAAGA-1_rna,-0.5584806,-0.88566387,-0.6783047,0.46019486,0.058011908,-0.63401794,-0.5073689,-0.45429114,0.93116283,-0.47899106,-0.68649924,-0.58414674,-0.46274766,5.3659854,-0.40989068,-0.47495243
CCCAGTTTCTGTTGCC-1_rna,-0.6458933,2.5658958,-0.86527914,0.4083445,-0.045411013,-1.0039905,-0.7114557,-0.8244475,1.1408712,-0.8009517,-0.8694807,-0.6682141,-1.075285,4.7938595,-0.5004871,-0.8980749
CCCAGTTTCTTGGACG-1_rna,-0.6017772,1.8462665,-0.39951828,1.0209655,-0.19231638,-0.66097474,-0.63687,-0.58851993,-0.55573237,-0.6655898,-0.67311025,-0.57770073,-0.6006504,4.5799756,-0.5846752,-0.7097721
CCCATAACAGGAACCA-1_rna,-0.7149065,1.7921162,-0.50364184,0.85416484,0.0010920167,-0.80056983,-0.73456514,-0.66113317,-0.34883317,-0.61523974,-0.61486554,-0.6299399,-0.757553,5.090059,-0.650863,-0.7053209
CCCGTAAAGTTAGAGG-1_rna,-0.53340316,-0.7356708,-0.52243066,0.82323855,0.087684795,-0.3992973,-0.46725506,-0.39786792,-0.12373786,-0.46219945,-0.540452,-0.61327195,-0.54661924,5.408897,-0.4765079,-0.501107
CCCGTTGTCAACAAGG-1_rna,-0.54972625,0.3410979,-0.61795694,2.4712298,4.911947,-0.6037952,-0.5569678,-0.5807152,-0.48384,-0.61969066,-0.65762997,-0.5975987,-0.62961936,-0.6664454,-0.60148495,-0.5588047
CCCTCACCAACACCTA-1_rna,-0.70809925,1.7019163,-0.49348333,2.1622937,0.5286915,-0.78114444,-0.83467716,-0.72062105,-0.77142274,-0.7415995,-0.75040114,-0.7122618,-0.69496715,4.4938474,-0.793368,-0.8847029
CCCTCACCACTAAGTT-1_rna,-0.4991402,-0.69477403,-0.37123728,0.5777971,-0.5020751,-0.25152272,-0.4997155,-0.38121188,-0.28889346,-0.31883013,-0.50551915,-0.5264893,-0.3089624,5.468044,-0.5881399,-0.3093297
CCCTCACCAGGCTAGA-1_rna,-0.7972605,3.3693824,-0.5493098,0.806711,0.2834083,-1.0394856,-0.8411399,-0.85667,-0.42995542,-0.9077759,-0.7431128,-0.6714554,-0.89390785,4.968397,-0.7835152,-0.91431093
CCCTCAGTCATTTGTC-1_rna,-0.5330159,0.871349,-0.6545063,0.8386296,-0.6873944,-0.5488382,-0.5844808,-0.544486,0.26894706,-0.5008275,-0.6280137,-0.4731442,-0.76181054,4.8703794,-0.46350798,-0.46927974
CCCTCATAGCTATTAG-1_rna,-0.17529243,-1.1014153,-0.7931094,-1.4856786,4.581099,-0.5298191,-0.009169653,-0.14711827,1.1079644,-0.008947849,0.6142192,-0.017294653,-0.5869028,-1.3645039,0.26632297,-0.35035396
CCCTGTTAGCTGTCAG-1_rna,-0.59159124,-1.1570928,-0.71028095,0.6845814,-0.16329286,-0.46889699,-0.452298,-0.4124735,0.89020693,-0.52597773,-0.64640534,-0.5418208,-0.5749167,5.49006,-0.37470227,-0.44509888
CCCTTAATCGATCAGT-1_rna,-1.0421193,4.4957066,-0.46731657,2.3741956,-0.0706148,-1.5193383,-0.9433365,-1.1280113,0.36486113,-1.0789967,-1.1006018,-0.86227065,-1.6431568,4.608636,-0.7511664,-1.2364697
CCGCAAATCTCGCCCA-1_rna,-0.7778648,2.9609373,-0.66511893,1.346374,2.8929884,-0.680731,-0.7148168,-0.8174013,-0.11951534,-0.7409291,-0.4039532,-0.7256826,-0.8939239,0.60659254,-0.50742584,-0.75952935
CCGCAAGGTTCAAGCA-1_rna,-0.68226075,1.6342974,-0.95483106,1.0202534,-0.022332344,-0.9071885,-0.65383655,-0.6265876,0.4331389,-0.7879098,-0.77742636,-0.83981735,-0.7599613,5.2394285,-0.5048065,-0.81016034
CCGCACACATGAGCAG-1_rna,-0.46963727,-0.8116926,-0.61816424,0.8825595,5.3201437,-0.7566569,-0.40798783,-0.5348522,-0.073363245,-0.5281421,-0.5588936,-0.5823014,-0.5365278,0.7127743,-0.46412998,-0.5731283
CCGCCAACAACCCTCC-1_rna,-0.52553475,0.8895001,-0.58591735,0.26601267,-0.6437615,-0.54055536,-0.5115819,-0.5000094,0.41633272,-0.46272302,-0.5325648,-0.3201623,-0.6265009,4.61332,-0.40627187,-0.52958196
CCGCTAAAGCTGGAAA-1_rna,-1.0038425,-0.52337545,1.9662706,5.2308917,0.07099879,-0.80380154,-0.9912274,-0.87032443,-0.9685625,-0.92869216,-0.9943887,-1.0638182,-0.859981,3.5311718,-0.9099791,-0.88134
CCGCTAGCATGCTATG-1_rna,-0.6857456,-0.6702409,-0.80400324,0.9011415,0.5979287,-0.94824433,-0.6172612,-0.5802908,1.4947301,-0.68142366,-0.74293923,-0.6732744,-0.7616644,5.3211317,-0.475391,-0.674453
CCGCTTAGTATCTGGA-1_rna,-0.5056386,-0.011823222,-0.60921496,0.5772887,-0.19787373,-0.561934,-0.48612738,-0.44142574,0.26681337,-0.43008053,-0.57761115,-0.47995633,-0.5436403,4.926301,-0.35800248,-0.5670745
CCGGTAGGTACTAAAC-1_rna,-0.55653954,-0.99481034,-0.25528505,0.58738124,-0.55561376,-0.09536934,-0.47811726,-0.46115884,-0.68931866,-0.3289968,-0.45063475,-0.5952703,-0.048636854,5.907349,-0.6678587,-0.3171197
CCGGTTAAGGAAGTAT-1_rna,-0.46511436,-0.81309897,-0.8045409,0.0052999184,-0.080395296,-0.7706358,-0.43027657,-0.3661099,1.8546304,-0.5241968,-0.6101942,-0.4207856,-0.6221238,4.786705,-0.34937674,-0.38978642
CCGGTTAAGGCCTAAT-1_rna,-0.813176,3.502006,-0.8983022,2.019669,3.620235,-0.86143005,-0.91059726,-0.8496613,-0.11569227,-0.9528276,-0.8424615,-0.77738136,-0.8866328,0.26656336,-0.62108886,-0.8792225
CCGGTTAAGTCAGGCC-1_rna,-0.517841,1.2300714,-0.41812482,1.193402,-0.40831313,-0.36151418,-0.6493658,-0.5559205,-0.7886188,-0.5861161,-0.5411328,-0.527565,-0.5823674,4.8415804,-0.65333486,-0.67483926
CCGGTTAAGTTTGGTA-1_rna,-0.47129083,-1.0086167,-0.50390595,0.7032174,-0.27424246,-0.48898476,-0.43752313,-0.36215353,0.2154192,-0.34059215,-0.5109491,-0.5115524,-0.25331056,5.124845,-0.4959768,-0.38438326
CCGTTACTCTAGCGAT-1_rna,-0.52454025,-0.96016616,-0.5837997,0.9138068,-0.33869958,-0.4450068,-0.46188766,-0.46225405,-0.032407984,-0.38112965,-0.5964637,-0.59501475,-0.3030132,5.711715,-0.52920645,-0.41193175
CCGTTATGTGCTTAGA-1_rna,-0.4510819,-1.1066101,-0.8960671,-0.06532287,4.5265775,-0.8592077,-0.29961178,-0.49443159,1.0575186,-0.46002156,-0.036675967,-0.34848708,-0.67690724,0.89341784,-0.30125117,-0.48183796
CCGTTTGGTCCTTAGT-1_rna,-0.5724446,1.1944182,-0.72864395,2.3955126,4.8468075,-0.3116638,-0.64608437,-0.64977854,-0.7672144,-0.59943837,-0.7714264,-0.6236754,-0.5955268,-0.9515409,-0.6676701,-0.55163085
CCTAAGCCAGTAGGTG-1_rna,-0.6620427,-0.5041085,-0.36338693,1.8113432,-0.3883496,-0.2202156,-0.62034434,-0.6176322,-0.8979554,-0.4946636,-0.56050754,-0.7256879,-0.1881441,5.787371,-0.83942604,-0.5162498
CCTAAGCCATAAGTTC-1_rna,-0.39410147,-0.41723874,-0.5074266,0.5456249,-0.6522865,-0.31511563,-0.35188985,-0.3657405,0.11154231,-0.31451595,-0.4532679,-0.4062355,-0.40320608,4.6968827,-0.35277572,-0.4202495
CCTAAGCCATTGTGCA-1_rna,-0.6166692,-0.80234253,-0.6947148,0.54215676,0.075456314,-0.7573767,-0.528038,-0.43948853,1.4781897,-0.5003566,-0.7414456,-0.5920397,-0.70630616,5.233102,-0.4180954,-0.53203195
CCTAAGGTCCTGGCTT-1_rna,-0.559348,-0.84658474,-0.4576077,0.8641187,-0.42812264,-0.2182101,-0.5128685,-0.41641915,-0.31305534,-0.39917278,-0.5327535,-0.60168964,-0.26303008,5.7475443,-0.57883304,-0.48396719
CCTAATCGTGTAACCA-1_rna,-0.6473791,1.6525209,-0.69474584,3.0663724,4.7202134,-0.2353641,-0.7616712,-0.6644589,-0.9709172,-0.7011861,-0.6954109,-0.76696473,-0.58744043,-1.2855057,-0.81337094,-0.61469144
CCTAATCGTTAGGCTA-1_rna,-0.6738886,-0.5358565,-0.46821904,0.72543615,-0.28888556,-0.2947367,-0.59380376,-0.48458803,-0.44868225,-0.4995867,-0.61692226,-0.7464541,-0.18718237,6.246147,-0.65514123,-0.47763658
CCTACTGGTCAAGTGC-1_rna,-0.5510715,-0.46578035,-0.61506474,0.9768983,-0.30911598,-0.5284599,-0.49143168,-0.47210798,0.34689596,-0.47875544,-0.5771824,-0.5216664,-0.51428366,5.092545,-0.4142815,-0.47713813
CCTACTTCATAAGCAA-1_rna,-0.54683894,-1.0655816,-0.67767084,0.80693394,-0.66468495,-0.5210905,-0.4288396,-0.29049107,0.7102129,-0.36725172,-0.58568704,-0.5344948,-0.41037688,5.4263377,-0.4489027,-0.40157387
CCTATAGCAATTAGCT-1_rna,-0.63436896,0.47634238,-0.7170619,2.3761377,5.071287,-0.5481565,-0.72408324,-0.6175022,-0.48480552,-0.70848507,-0.69074976,-0.6594633,-0.63913983,-0.3118304,-0.6080926,-0.5800277
CCTATATTCCTCACAC-1_rna,-0.83946276,3.7984948,-0.8982879,0.48666698,2.9412308,-0.687407,-0.7855935,-0.7387208,-0.09939954,-0.5597877,-0.63180566,-0.47337553,-1.2952015,1.0422868,-0.644984,-0.61465335
CCTATATTCTAACCAA-1_rna,-0.48215157,0.33485848,-0.5513924,0.44004405,-0.45576042,-0.5584031,-0.47233498,-0.4048977,0.15156727,-0.3892814,-0.5216652,-0.46959502,-0.54002964,4.7496047,-0.41132015,-0.4192425
CCTATTGTCCCTCAAC-1_rna,-0.6939324,-0.22337541,-0.6978972,0.3192202,1.1513194,-0.7232388,-0.6453146,-0.6342001,1.1836227,-0.5872822,-0.67669475,-0.53110564,-0.84697306,4.609729,-0.44288167,-0.5609951
CCTCAAACATCGTTCT-1_rna,-0.77082723,3.5142524,-0.8166463,0.46333,-0.0274082,-1.1212716,-0.72252995,-0.9204176,0.8258559,-0.86166185,-0.900792,-0.5787995,-1.2071401,4.6395397,-0.5131023,-1.0023814
CCTCAATGTTGGATAT-1_rna,-0.504328,-0.9224156,-0.56705797,0.24051884,0.14100324,-0.7042124,-0.48325256,-0.36112854,1.4552944,-0.46494904,-0.5748582,-0.53253615,-0.6034428,4.659987,-0.3074198,-0.47120222
CCTCCTCTCGTGCTAG-1_rna,-0.39301026,-0.8030556,-0.44753033,-0.28015858,-0.72012275,-0.011395857,-0.39302135,-0.2996449,-0.25818244,-0.25859976,-0.47123855,-0.46292126,-0.13601327,5.758088,-0.48321587,-0.3399775
CCTCCTGAGTTCCTCA-1_rna,-0.84599143,4.7112775,-0.6648132,-0.003525257,0.19880614,-1.3468132,-0.9935542,-1.0432425,1.2375885,-1.1216811,-1.070521,-0.8540749,-1.4371575,5.1040664,-0.69605744,-1.1743064
CCTGAGTCAGGCCAAA-1_rna,-0.53905517,1.9394164,-0.5100906,0.83351403,-0.1747485,-0.5198902,-0.7051869,-0.7226601,-0.62825656,-0.720842,-0.54370105,-0.5547963,-0.69832784,4.919171,-0.659672,-0.714874
CCTGATGAGGGACGCA-1_rna,-0.50800896,-0.073621646,-0.529925,1.6277349,4.86966,-0.641411,-0.4509064,-0.57513434,-0.3359552,-0.4624011,-0.55768555,-0.56314033,-0.53409964,-0.22759865,-0.45275557,-0.5847511
CCTGGATCAGTTTACG-1_rna,-0.5479727,-0.71385247,-0.36199296,0.7790179,-0.298878,-0.20706181,-0.56867766,-0.46940553,-0.27009726,-0.42851192,-0.509829,-0.65371466,-0.20364003,5.5386553,-0.6159933,-0.46804577
CCTGTAACAGGTTAAA-1_rna,-0.611116,0.4344942,-0.44845766,1.7390112,0.2062264,-0.6974244,-0.72120976,-0.52781683,-0.54423785,-0.6858921,-0.54229003,-0.5728476,-0.6178445,4.863137,-0.5610254,-0.71270627
CCTGTTGGTCACAGCG-1_rna,-0.87385076,-0.6056201,1.6844304,4.806016,0.2392247,-0.76543874,-0.8322812,-0.79886216,-0.93427,-0.8635083,-0.9604094,-1.0577934,-0.79530364,3.487883,-0.8624177,-0.8677988
CCTTAACGTTACAACG-1_rna,-0.9997493,3.3833723,-0.3099933,4.1525445,3.160842,-0.79442614,-0.99669784,-0.9823553,-0.5414617,-1.0160125,-1.0107678,-1.0176232,-1.0069752,0.06970574,-0.9829525,-1.10745
CCTTAGTGTCACTCGC-1_rna,-1.0824264,3.886324,1.5460684,4.5568776,1.2495954,-0.96291333,-1.070805,-0.96748227,-0.78385085,-0.93505746,-1.1257049,-1.1194694,-0.9549534,0.19189468,-1.361909,-1.0661881
CCTTAGTGTCCTAGTT-1_rna,-0.5604166,-0.30565935,-0.4852981,1.1818789,-0.3461221,-0.40479636,-0.5096769,-0.5329372,-0.42342448,-0.5121063,-0.5155525,-0.56936544,-0.38422704,5.3956494,-0.5509983,-0.47694802
CCTTAGTGTCTATCGT-1_rna,-0.5260935,-0.9826901,-0.5740839,0.92919004,-0.15762803,-0.49216244,-0.45351437,-0.36060843,0.7159765,-0.44511572,-0.58797896,-0.5696697,-0.45831737,4.77746,-0.3290561,-0.48570803
CCTTAGTGTGTGTCCC-1_rna,-0.5841291,0.43340796,-0.29464543,1.9710487,-0.3795326,-0.4596509,-0.6212419,-0.59069455,-0.7573273,-0.51888216,-0.57670224,-0.5795872,-0.48750076,4.707816,-0.7206236,-0.54175496
CCTTATGTCACACAGT-1_rna,-0.75244176,3.7993288,-0.5617417,0.23407112,0.009202298,-1.2013825,-0.8055515,-0.7909299,0.31653568,-0.8835331,-0.9002286,-0.66469204,-1.214706,5.0535684,-0.62310123,-1.0143982
CCTTCGGTCACAGACT-1_rna,-0.4709116,0.060833782,-0.6097398,1.2471268,4.7357445,-0.2637419,-0.46218935,-0.546772,-0.37407038,-0.5309216,-0.41495404,-0.51592207,-0.46994135,-0.26726067,-0.5315683,-0.5857123
CCTTGCGTCACAGGAA-1_rna,-0.5589975,-1.014906,-0.5565456,0.5134593,0.47272506,-0.6307148,-0.5207639,-0.45060512,0.40360644,-0.41114405,-0.5757135,-0.68476903,-0.482352,5.569247,-0.534371,-0.53815496
CCTTTAGTCGATTATG-1_rna,-0.8768011,4.074655,-0.43590498,0.460199,1.0353657,-1.2793214,-0.94694257,-1.03077,0.9260721,-1.0388503,-1.1184402,-0.809696,-1.3719159,4.1746364,-0.6241882,-1.1380978
CCTTTAGTCTAGCTAA-1_rna,-0.52918786,0.3642099,-0.6735678,0.6367866,-0.56180006,-0.5700301,-0.46623975,-0.49250442,0.74681675,-0.47582835,-0.5979973,-0.4872257,-0.61211866,4.6130085,-0.38417357,-0.51014805
CGAAATGAGGGCCATC-1_rna,-0.93846905,3.2714806,-1.2330039,-0.024797693,-0.83796984,-1.1857661,-0.84713626,-1.0448513,3.2792778,-0.91058844,-1.0138206,-0.25332516,-1.2852801,4.6425385,-0.5029939,-1.1152942
CGAAATGAGGTTAGCT-1_rna,-0.33162892,-0.79474825,-0.7630021,0.11988336,4.8678255,-0.8311865,-0.439764,-0.394802,0.43904698,-0.38071504,-0.292358,-0.35585546,-0.62379396,0.5587882,-0.29444906,-0.4832406
CGAAATGAGTGAACCT-1_rna,-0.36485165,-0.1475671,-0.8155998,-1.225086,4.408771,-0.7869148,-0.1096479,-0.17475171,0.91037583,-0.33325192,0.23189497,-0.36374813,-0.8209608,0.024223149,0.0048990548,-0.43778422
CGAACAAAGGAACACA-1_rna,-0.546191,-0.28207022,-0.2840477,0.9585898,-0.44596955,-0.22042134,-0.5973929,-0.4789959,-0.7488345,-0.47724286,-0.49229488,-0.55006564,-0.18576157,5.4284487,-0.6146977,-0.46305284
CGAACAAAGTCATTTC-1_rna,-0.44266456,-0.4544484,-0.29589403,1.0780255,5.046722,-0.602022,-0.5052974,-0.5340501,-0.273132,-0.5730354,-0.67868525,-0.5471354,-0.50805086,0.35543633,-0.4927323,-0.57303596
CGAAGGCCAACCTAAT-1_rna,-0.51772124,1.0043952,-0.603403,0.94921565,4.748381,-0.43366534,-0.5504233,-0.5684353,-0.37910694,-0.62042797,-0.5245935,-0.56938434,-0.58352095,-0.23174497,-0.5257349,-0.59383047
CGAATATGTGTGAGGA-1_rna,-0.34805417,-0.95529175,-0.73220694,0.37632397,5.0068617,-0.42929006,-0.26759028,-0.4516856,0.18357795,-0.25291842,-0.32419056,-0.3057378,-0.5133872,-0.22605532,-0.33253548,-0.42781976
CGAATATGTTCATTTG-1_rna,-0.51061654,-0.29838797,-0.73702043,1.2131718,4.099351,-0.026265271,-0.38648123,-0.5573777,-0.32922018,-0.5005154,-0.19427185,-0.42909443,-0.5861984,0.15384679,-0.4388364,-0.47208405
CGAGGCAAGTCACCAG-1_rna,-0.49841902,-0.77079344,-0.2965511,0.46976304,-0.19359243,-0.24825364,-0.5193869,-0.4440939,-0.3561212,-0.34530464,-0.5513139,-0.5424075,-0.26148048,5.6842437,-0.5398928,-0.5863955
CGAGGTGAGGTCAAAG-1_rna,-1.2300014,4.727946,-0.1977436,5.155076,4.3247023,-0.4400596,-1.1708318,-1.0952611,-1.487251,-1.0523124,-1.2415669,-1.3141618,-0.8360032,-1.6916804,-1.4202529,-1.0305977
CGAGTCGGTATTCGCT-1_rna,-0.3816551,0.5459446,-0.62688744,0.196366,4.480279,-0.3320827,-0.32742256,-0.40849352,-0.03890925,-0.36953044,-0.18578163,-0.39073288,-0.5072429,-0.9743513,-0.26058924,-0.41891056
CGAGTCGGTGGCTTCC-1_rna,-0.59246635,-0.9231968,-0.7430687,0.5234071,0.16799158,-0.72427154,-0.5943109,-0.43303898,0.8243283,-0.48688272,-0.69716716,-0.6160003,-0.47929123,5.788218,-0.5252168,-0.48903415
CGATGTCCAAAGCGCA-1_rna,-0.8000272,4.078404,-0.5448937,0.15588194,0.3924328,-1.1695648,-0.9097816,-0.8964871,0.18292405,-1.0420007,-0.9381538,-0.79742336,-1.2269324,5.1963797,-0.7112786,-0.96947885
CGATGTCCAACTAGCC-1_rna,-0.7090999,2.8975997,-0.60640526,0.39898893,0.13401507,-0.8354285,-0.791896,-0.8179635,-0.40215775,-0.84299743,-0.64379346,-0.6189661,-0.8945569,5.22651,-0.73594344,-0.7579061
CGATGTCCAAGCTACC-1_rna,-0.56025386,-0.93728745,-0.49691778,0.99494886,-0.27602434,-0.26962897,-0.47806668,-0.41405421,-0.07874301,-0.3801903,-0.54656965,-0.54572207,-0.36225286,5.2138076,-0.4548573,-0.40818763
CGATGTCCAATTAGCT-1_rna,-0.17922089,0.16341805,-0.8388867,-1.6401731,4.4449024,-0.8702082,-0.14092782,-0.20585477,1.0359092,-0.34922674,0.2628233,-0.30879232,-0.7894629,-0.12866305,0.029098354,-0.48473486
CGATGTCCAGGCTTGT-1_rna,-0.8156942,0.26427636,-1.1065768,0.601678,1.6783087,-1.3099785,-0.71320355,-0.7593001,2.7042065,-0.8785312,-1.0193189,-0.652272,-1.1865007,4.55828,-0.47218025,-0.89319336
CGATGTCCAGGTTAAA-1_rna,-0.418917,1.723133,-0.43683428,0.6495143,-1.0862575,-0.5441152,-0.555815,-0.56896186,-0.45558608,-0.567218,-0.50957656,-0.363748,-0.68934,4.998845,-0.54064685,-0.6344763
CGATTCCTCAGCACCA-1_rna,-0.67963845,0.14342202,-0.7919973,1.8959087,4.654523,-0.31680095,-0.60166925,-0.54690045,-0.6396062,-0.57842934,-0.59113395,-0.53270894,-0.64405435,0.4768672,-0.59257776,-0.65520376
CGATTCCTCTTGATGA-1_rna,-0.5820995,0.6859186,-0.729632,1.8484519,4.927875,-0.40900677,-0.5937347,-0.58527017,-0.54913414,-0.525116,-0.66888994,-0.6460056,-0.5197855,-0.60030323,-0.5641056,-0.48916268
CGCAATCCAATATACC-1_rna,-0.61245954,0.32653186,-0.46026516,1.4978734,0.4949435,-0.5999675,-0.6166155,-0.67358685,-0.7375707,-0.713411,-0.5360494,-0.6600984,-0.5990901,5.215551,-0.7026943,-0.6230913
CGCAATGTCCCATAGG-1_rna,-0.7959105,-0.4544219,-0.29198578,1.8321658,-0.20940542,-0.27645937,-0.7145283,-0.7273282,-0.9936427,-0.5780207,-0.5858295,-0.8128902,-0.092295825,6.2332783,-0.9621382,-0.57058716
CGCAATTAGCTTAGCG-1_rna,-0.5390502,-0.47735983,-0.6769679,1.1324381,-0.36485982,-0.438722,-0.4635278,-0.45668685,0.5379158,-0.43011367,-0.65815717,-0.568005,-0.5892675,4.9182715,-0.46937776,-0.45652992
CGCATGATCCCTGGTT-1_rna,-0.77310437,4.1843076,-0.56575906,-0.11077502,0.112294465,-1.0753275,-0.81365675,-0.92636937,0.100467,-0.97152555,-0.8932355,-0.72175854,-1.3065721,5.298335,-0.6004391,-0.9368811
CGCATGATCGTTATCT-1_rna,-0.92912483,2.7930694,-0.5688536,3.9592066,4.9547796,-0.37113267,-1.0382683,-0.9988054,-1.3592333,-0.8852409,-0.9484894,-1.031329,-0.7643142,-0.8105451,-1.186317,-0.81540215
CGCATTACAGGTCCTG-1_rna,-0.5789453,1.0719572,-0.4305798,2.4857216,4.595449,-0.28341275,-0.67483485,-0.65968716,-0.7396413,-0.6712067,-0.6948987,-0.65383995,-0.7646098,-0.58756196,-0.72525156,-0.68865836
CGCATTACAGTTGCGT-1_rna,-0.407571,-0.8104813,-0.85098183,-0.27892253,4.3658867,-0.7985385,-0.11418142,-0.20736516,1.0395092,-0.279158,0.16437258,-0.26281506,-0.71386474,-0.2383379,-0.07156236,-0.5359886
CGCCACACAACTAGAA-1_rna,-0.6117259,-0.39943284,-0.49038613,1.1741204,-0.422611,-0.32987416,-0.5418727,-0.5063962,-0.47311604,-0.4515242,-0.55338866,-0.5470523,-0.33349812,5.470123,-0.52289325,-0.46047115
CGCCACACACAATGTT-1_rna,-0.7214669,-0.36759382,-0.24498746,1.8075278,-0.13704419,-0.13859186,-0.7346005,-0.6506386,-0.9562666,-0.607988,-0.5412653,-0.7966743,-0.0076117665,5.5437484,-0.96421343,-0.48233342
CGCCTGTGTGCTAGAC-1_rna,-0.81046456,4.6812115,-0.7025838,-0.6012521,0.25333634,-1.2063596,-0.857275,-0.8989266,0.18903917,-0.9783064,-0.91922843,-0.61502343,-1.3349702,5.4170794,-0.62774026,-0.98853624
CGCCTGTGTGGTTCTT-1_rna,-0.512753,-0.019278422,-0.6867072,1.5844162,5.15308,-0.27169192,-0.46498007,-0.509006,-0.573434,-0.48405355,-0.620084,-0.5472696,-0.54927427,-0.4610911,-0.4890886,-0.54878414
CGCTAACCAATTGCGC-1_rna,-0.5836205,-0.73581463,-0.72147286,1.2229445,4.985737,-0.7578065,-0.42577052,-0.5204231,-0.1615334,-0.56601083,-0.5857117,-0.53353876,-0.64450365,1.0093805,-0.36385757,-0.6179978
CGCTAACCATAATGTC-1_rna,-0.5870439,-0.038669005,-0.67551625,1.1200278,5.009035,-0.7354841,-0.54929364,-0.5136694,-0.28628284,-0.6024195,-0.5346936,-0.60678625,-0.5777317,0.60913765,-0.45848987,-0.5721208
CGCTAATAGCGCTAAT-1_rna,-0.7941717,-0.979271,0.6410834,5.0720854,0.031966224,-0.89583164,-0.81462,-0.7665966,-0.16364181,-0.7949064,-0.9021583,-0.89804494,-0.9121933,3.718033,-0.67308563,-0.86864626
CGCTAATAGTGAGGTA-1_rna,-0.42282224,-0.6304035,-0.23628572,0.53477293,-0.5697169,-0.063912034,-0.49573684,-0.40658182,-0.7486112,-0.38350028,-0.45370382,-0.5216541,-0.15111187,5.4866652,-0.6061833,-0.3312146
CGCTACTTCGTTACAA-1_rna,-0.8165952,4.5077333,-0.45574236,-0.2522372,-0.49931693,-1.0598466,-0.8645811,-0.8146101,-0.36979026,-0.8923291,-0.81576836,-0.74260086,-0.9838049,5.6553288,-0.7433964,-0.8524431
CGCTCAGCACAAAGCG-1_rna,-0.4928089,-0.45124605,-0.5269482,1.2577367,-0.082615435,-0.44635656,-0.59097517,-0.51869607,-0.41836217,-0.473722,-0.5022718,-0.57203496,-0.27674153,5.0304704,-0.49244705,-0.44298145
CGCTCCATCACCGGTA-1_rna,-0.86906254,4.4228115,-0.3851652,0.07488694,0.09432359,-1.3063877,-0.8472345,-0.9746083,0.59962237,-0.87883496,-0.93855906,-0.7411417,-1.4157351,4.850031,-0.62378836,-1.0611577
CGCTGTGCAATCGCAC-1_rna,-0.56002486,-0.32960984,-0.621861,1.6571591,5.044345,-0.6295804,-0.5384021,-0.5407083,-0.25430736,-0.4931567,-0.5634177,-0.5983105,-0.5300647,0.059342436,-0.53259075,-0.5688125
CGCTTAACACTTGTTC-1_rna,-0.92268014,2.37266,-0.74113965,3.4079678,4.9465103,-0.070064455,-0.9740871,-1.0189126,-1.4558414,-0.788033,-0.81306744,-1.0296117,-0.7711643,-0.2655002,-1.0961082,-0.7809274
CGCTTACTCCTGAGTG-1_rna,-0.41014636,-0.6896809,-0.45195854,0.37076342,-0.4607833,-0.15272205,-0.46002805,-0.36863804,-0.40944767,-0.3028059,-0.4024673,-0.36213,-0.25951803,5.2666483,-0.4986031,-0.40848237
CGCTTCTAGTCATTGA-1_rna,-0.4423228,-1.0377585,-0.7691169,-0.038180053,4.740239,-0.7915377,-0.2501771,-0.37191558,0.4450047,-0.33625147,-0.25038952,-0.3754971,-0.56260645,0.86578965,-0.30031,-0.5249704
CGGAATCGTGAGCAAG-1_rna,-0.67617095,4.723271,-0.66892517,-0.53186667,-0.23420295,-1.1262016,-0.7452071,-0.81764746,0.32710776,-0.8956351,-0.80498195,-0.63816833,-1.1367098,4.6535068,-0.5588206,-0.869347
CGGACAACACCCTCAC-1_rna,-1.1116847,0.95664465,2.7089233,3.8491888,0.59806263,-0.93718886,-1.0767732,-1.0683736,-1.0454855,-1.1250782,-0.93351716,-1.2458874,-0.7584538,3.406031,-1.286259,-0.9301488
CGGACCTAGGATGATG-1_rna,-1.0932902,3.3178005,3.161325,3.97572,1.6453805,-0.98616683,-1.1103729,-1.0105493,-1.1817951,-0.96757793,-1.1199127,-1.1029526,-0.9909935,-0.25456402,-1.2161833,-1.0658677
CGGAGCAAGAGAGCCG-1_rna,-0.51717526,-0.6908685,-0.49125457,1.2800639,0.07928187,-0.43861026,-0.49807012,-0.48369092,-0.51703787,-0.46285605,-0.5067698,-0.53063184,-0.3406952,5.1291885,-0.573708,-0.43716574
CGGATAAAGCCATCAG-1_rna,-0.51416427,-0.66756725,-0.6677439,0.53801423,-0.45167774,-0.5630233,-0.39239067,-0.36632764,0.71075124,-0.3550802,-0.6046675,-0.48585618,-0.40648705,5.084485,-0.4445718,-0.4136926
CGGATTAGTTTCCTCC-1_rna,-0.28966168,-0.77942604,-0.66575646,0.15980875,4.6364107,-0.47892785,-0.15380198,-0.29008228,0.2910187,-0.19356763,-0.12679684,-0.16668609,-0.4373072,-0.9100621,-0.23272118,-0.36244112
CGGCAATGTGTGCAAC-1_rna,-0.5430064,-0.5562149,-0.5498086,0.6127924,-0.41378877,-0.43870845,-0.48149046,-0.44296357,0.21323805,-0.37853155,-0.6099535,-0.57148683,-0.34945408,5.348074,-0.48063156,-0.35806584
CGGCTCACATGAATCT-1_rna,-0.78915405,-0.18575762,0.025376797,4.5697584,0.2734708,-1.0379548,-0.820297,-0.61314297,0.5220771,-0.8658048,-0.9817705,-0.79271054,-1.0243868,3.0373156,-0.40240625,-0.91461325
CGGGACAAGACAGGTA-1_rna,-0.5588941,-0.8974344,-0.522616,1.3628509,-0.08785805,-0.27645406,-0.5198111,-0.4456045,-0.39213562,-0.41006693,-0.5604709,-0.6024422,-0.30988604,5.28671,-0.5887444,-0.47714227
CGGGACAAGCCTAACG-1_rna,-0.79564786,-1.0265857,0.39688,5.622958,-0.102060616,-0.8339987,-0.81702816,-0.85409844,-0.5524448,-0.8033757,-0.86671495,-0.94663787,-0.8440875,4.1041517,-0.8828273,-0.79848206
CGGGACAAGCTCGCTT-1_rna,-0.41078162,-0.97040576,-0.60900515,0.08482051,5.565708,-0.8198633,-0.45073396,-0.49259657,0.23904054,-0.51879,-0.4678489,-0.49401677,-0.6638215,1.0433882,-0.4337526,-0.60134137
CGGGCTTAGCTCATAA-1_rna,-0.7514366,-0.44342637,-0.91635686,0.7951494,-0.011455186,-0.8630087,-0.5165842,-0.49061054,2.4980123,-0.75332403,-0.7714499,-0.5506063,-0.8782326,4.7127624,-0.40477175,-0.65466094
CGGGCTTAGTAGCGGG-1_rna,-0.41241682,-0.45563275,-0.37870997,0.15904874,-0.49503887,-0.34594238,-0.43030906,-0.3457811,-0.12262511,-0.27634287,-0.42458063,-0.35244328,-0.38902754,5.1091604,-0.39237452,-0.4469843
CGGGTATGTTACTTCA-1_rna,-0.5470381,1.6589853,-0.3610513,0.46403015,0.19072214,-0.7225499,-0.5381367,-0.5518894,-0.3926579,-0.57449067,-0.5834745,-0.42771718,-0.79964685,4.326346,-0.5790647,-0.56236625
CGGGTCTAGCAACATC-1_rna,-0.61342734,-0.38433588,-0.58016557,0.5921396,0.43424433,-0.5729606,-0.608877,-0.53021765,-0.03308423,-0.44151396,-0.58973247,-0.69195825,-0.4321695,5.478865,-0.4929732,-0.53383374
CGGGTCTAGGTCTTGG-1_rna,-0.818982,4.4650216,-0.7764864,0.3032431,0.2358311,-1.2518944,-0.8148257,-0.8972337,0.40575844,-1.0525639,-0.8914672,-0.7528793,-1.2474214,4.7614307,-0.58469176,-1.0828391
CGGTGAACAAGTTATC-1_rna,-0.63693583,1.1242487,-0.652549,1.3607664,0.09263432,-0.5727787,-0.6789256,-0.60175234,-0.5519581,-0.6035529,-0.61716264,-0.58353794,-0.6677703,4.768216,-0.5536211,-0.6253212
CGGTGAGAGCGAAGTA-1_rna,-0.42923406,-1.090189,-0.6278618,0.1698728,4.9599237,-0.61107355,-0.28333655,-0.3621139,0.25305116,-0.30951047,-0.20189792,-0.33795822,-0.57332176,0.06856075,-0.20420375,-0.42070785
CGGTTCCGTGCTTACT-1_rna,-0.56822425,-0.8164498,-0.6304757,0.8321951,-0.6466099,-0.3498994,-0.41269064,-0.37417346,0.4600827,-0.38202304,-0.6242027,-0.42786014,-0.3986401,5.228999,-0.46284205,-0.42718607
CGGTTTGAGCATCCAG-1_rna,-0.6409935,-0.96344745,-0.62487805,0.97494245,-0.23766616,-0.3178367,-0.45990613,-0.4785665,0.6812695,-0.4653521,-0.6337459,-0.6329409,-0.45668074,5.1891446,-0.46270934,-0.4706333
CGTAACCCAAGGTGCA-1_rna,-0.7837987,0.2620594,0.6653735,4.205942,1.0397602,-0.76066387,-0.7649559,-0.76863575,-0.48644352,-0.89324635,-0.760508,-0.94433933,-0.96980685,2.5226777,-0.7200977,-0.8433173
CGTAATGGTGGTTAGC-1_rna,-0.33265585,-0.77952045,-0.12335706,0.53041327,-1.085062,0.081178084,-0.4830143,-0.38121623,-0.7977604,-0.30542237,-0.34083515,-0.46279836,-0.0860855,5.4279814,-0.59794503,-0.26390028
CGTACGGGTAGTAAGA-1_rna,-0.5488744,-0.92326427,-0.42939335,1.2218174,-0.23510525,-0.29976583,-0.5008268,-0.4479562,-0.4403653,-0.3945524,-0.57165086,-0.5886222,-0.24895236,5.378525,-0.5482421,-0.42277032
CGTACGGGTTCCGCAC-1_rna,-0.5564678,-0.567062,-0.33778498,1.2735599,-0.6268954,-0.19094917,-0.56598043,-0.45829013,-0.83633804,-0.4683104,-0.45471838,-0.5624504,-0.21286047,5.734372,-0.67773795,-0.49208674
CGTAGCGGTAATGGAA-1_rna,-0.83640987,-0.5995009,1.0581309,4.8568664,0.49205405,-0.74175996,-0.83459383,-0.7650459,-0.6514591,-0.9146147,-0.8727101,-0.9728666,-0.79031634,3.1821868,-0.79298425,-0.81697667
CGTCAATAGTCCTTCA-1_rna,-0.4945181,0.8690508,-0.7184381,1.7274796,4.610754,0.06416379,-0.5412383,-0.51426595,-0.7095315,-0.51050675,-0.701582,-0.55900145,-0.6333418,-0.8438801,-0.65699387,-0.38815027
CGTGCTGCAACACCTA-1_rna,-0.37387472,-1.0164664,-0.8692671,-0.04845503,4.218768,-0.895017,-0.2350364,-0.29865775,0.7176665,-0.3102907,0.019086182,-0.32943296,-0.70798004,0.93020546,-0.22836462,-0.57288396
CGTGCTGCAAGCCACT-1_rna,-0.48726106,-0.69479287,0.080213144,0.030975401,-0.64647037,0.07558115,-0.5560993,-0.4658621,-0.7187799,-0.35732692,-0.32130986,-0.4327597,-0.0012620091,5.264741,-0.57574177,-0.19384468
CGTGCTGCATGTGGGA-1_rna,-0.5585255,-0.6886172,-0.71984655,0.63007087,0.034563407,-0.59080976,-0.44769746,-0.36675823,0.8360314,-0.44613397,-0.66417974,-0.5805384,-0.47746694,4.975391,-0.45441854,-0.48106432
CGTGCTTTCCACAATA-1_rna,-0.6791508,-0.68147534,-0.37455446,1.6509104,-0.16077696,-0.30180538,-0.54239744,-0.64330983,-0.6706749,-0.58135533,-0.5650557,-0.6083358,-0.17600824,5.4778414,-0.6026464,-0.54120576
CGTGCTTTCGGTAACT-1_rna,-0.38219413,-0.60865605,-0.5642562,0.28204858,-0.86974955,-0.29809317,-0.36263636,-0.33882952,0.45529228,-0.2969582,-0.48047468,-0.30730486,-0.43880847,4.883034,-0.33117202,-0.34124193
CGTTAAATCCACCTGT-1_rna,-0.6004659,-0.5854533,-0.6647966,0.101134196,-0.15724057,-0.6698904,-0.49930027,-0.3936731,1.3441384,-0.39884707,-0.69405305,-0.42195925,-0.62963986,5.0750527,-0.34031793,-0.46468762
CGTTAACAGCTTAGCG-1_rna,-0.59546965,-0.9274911,-0.46561426,1.2967119,-0.13581926,-0.42863375,-0.5866842,-0.44719088,-0.4712627,-0.3990355,-0.5444739,-0.5467487,-0.29276246,5.581279,-0.565393,-0.47141123
CGTTAGTAGGCCCAGT-1_rna,-0.8424259,0.020770729,-1.0478845,1.3642145,0.6805178,-1.1839298,-0.74044275,-0.75658524,2.8186078,-0.96757984,-0.94466954,-0.5035914,-1.2152106,4.6878676,-0.38447937,-0.98517966
CGTTTCTCAGCTAACC-1_rna,-0.6057389,1.4291126,-0.6810729,2.3090613,4.257464,-0.19097254,-0.62327236,-0.59265214,-0.6988293,-0.61695427,-0.51603585,-0.64226896,-0.5892899,-1.1099654,-0.63119984,-0.49738517
CGTTTCTCATACTCCT-1_rna,-0.79620045,3.6407309,-0.9626895,0.08036817,-0.18691134,-1.0901784,-0.7471126,-0.85720646,0.9239953,-0.7713683,-0.8010215,-0.6190239,-1.3999091,5.0041323,-0.5381979,-0.879407
CGTTTGGAGTCATCCC-1_rna,-0.5667386,2.7805872,-0.6201017,-0.09997147,3.5298812,-0.6610742,-0.58593524,-0.5893318,0.12666297,-0.5917876,-0.25295383,-0.6342015,-0.8856109,0.070040256,-0.38818696,-0.63127804
CGTTTGTGTCAATGTG-1_rna,-1.2760025,3.6250024,-0.18584678,4.633767,4.9040203,-0.823053,-1.2515941,-1.0313222,-1.5210547,-1.1604872,-0.91585886,-1.3543891,-0.88254905,-0.21654436,-1.5151873,-1.0289
CGTTTGTGTTTGCAGA-1_rna,-0.9109564,-0.91542864,1.6124909,4.7167387,0.34633085,-0.75717354,-0.8628131,-0.79728824,-0.8055053,-0.8919242,-0.93379503,-1.0010897,-0.8224484,3.7093163,-0.81216115,-0.8742932
CTAAAGCTCAATGAGG-1_rna,-0.8826183,4.5880275,-0.39560378,-0.07837044,0.19883369,-1.3917668,-0.9032051,-0.9205927,0.49803832,-0.9703676,-0.93256503,-0.79348874,-1.435633,5.187833,-0.6681111,-1.1004097
CTAAAGCTCCTCCCTC-1_rna,-0.60691977,0.9237263,-0.5387728,1.4505032,-0.35724437,-0.50387096,-0.6159582,-0.58053505,-0.5015657,-0.5807798,-0.5177963,-0.5212287,-0.6235621,4.835351,-0.58950734,-0.671839
CTAAATGTCAATCATG-1_rna,-0.5213075,-0.77893907,-0.515821,0.6385767,-0.29020295,-0.39809752,-0.49602276,-0.41967148,0.3895421,-0.4174106,-0.5581194,-0.5481863,-0.41358972,5.1781487,-0.40397966,-0.44491965
CTAACCACAGCTTAAT-1_rna,-0.4404261,-0.6513301,-0.49855685,0.22663139,-0.25322872,-0.3071525,-0.4168449,-0.4027471,0.46193242,-0.39558482,-0.5269594,-0.48123378,-0.3947441,4.919435,-0.4205202,-0.4186706
CTAACCTGTTCCGCAC-1_rna,-0.3460527,-0.6077632,-0.59990907,0.49908388,4.913755,-0.42687345,-0.3134384,-0.3942006,0.02361533,-0.3093857,-0.24337706,-0.37401226,-0.5049843,-0.67071635,-0.28354108,-0.36220005
CTAACCTGTTGGTGAC-1_rna,-0.5722967,-0.99984753,-0.45796221,1.0028746,-0.38469243,-0.3036359,-0.5291239,-0.48341477,-0.21647666,-0.46192604,-0.57887226,-0.57497627,-0.31109804,5.7724557,-0.49231845,-0.40868884
CTAAGGTTCGGCCATA-1_rna,-0.6067046,2.0627193,-0.64057744,0.2690526,-0.175062,-0.8173547,-0.6770983,-0.627061,0.09276655,-0.6804217,-0.6833993,-0.52106833,-0.84132016,5.0103993,-0.4398007,-0.72506964
CTAAGTCAGGTCATTA-1_rna,-0.58760357,-1.017357,-0.5795437,1.0955848,-0.23936102,-0.2536409,-0.48479095,-0.4340047,0.16192925,-0.4213386,-0.60230947,-0.635587,-0.31865108,5.2212377,-0.4670957,-0.43746802
CTAAGTCAGTCTATGA-1_rna,-0.41270053,-0.8220197,-0.22790608,0.24818116,-0.6815519,0.016563073,-0.5020777,-0.37926537,-0.7408759,-0.2881534,-0.44161773,-0.50940585,-0.061185837,5.624056,-0.5306104,-0.29142934
CTAATCCGTCATAGAT-1_rna,-0.60388446,-1.0844758,-0.61247545,1.1023983,-0.11573066,-0.32623172,-0.5480558,-0.40813512,0.4536752,-0.47671252,-0.6222882,-0.60292923,-0.44322717,5.195876,-0.40103626,-0.5067674
CTAATGTCAAGGTAAC-1_rna,-0.26573935,-1.0603275,-0.80488837,-0.52551615,4.5766478,-0.5563956,-0.14529559,-0.2689986,0.5163018,-0.17191488,-0.03736546,-0.124533616,-0.57482386,-0.07723816,-0.11756818,-0.3623445
CTAATGTCAGTGAACG-1_rna,-0.44862556,-1.2060996,-0.73815084,0.006372869,4.555626,-0.80588526,-0.2208599,-0.32816875,0.55868757,-0.3480397,-0.33439338,-0.3677835,-0.6674898,1.075082,-0.22298726,-0.50728464
CTAATTGAGCTTTGGG-1_rna,-0.55984724,-0.3369852,-0.6454936,0.38639042,0.2676744,-0.6310977,-0.54848695,-0.43770817,0.62706935,-0.50627303,-0.66901517,-0.5502876,-0.64056695,5.1960697,-0.4194967,-0.5319457
CTACCTCAGGTAAGGC-1_rna,-1.0056475,2.9343994,0.8763896,4.628786,0.9518678,-1.0099446,-0.92984104,-0.98392093,-0.59547853,-1.0675975,-1.0387791,-0.9942266,-1.0785629,1.3766365,-0.96534204,-1.0987382
CTACTTAGTTTATGGG-1_rna,-1.0765545,4.256696,1.4506572,4.622289,1.5250056,-0.9969784,-1.1008167,-1.0231433,-0.7750721,-0.9157219,-1.1243131,-1.1244731,-1.0783898,-0.29906017,-1.3307471,-1.0093778
CTAGCTTGTATTTGGG-1_rna,-0.55092406,-0.54105246,-0.40873355,1.1064249,-0.3457471,-0.3089413,-0.5569177,-0.47371274,-0.4911381,-0.41942686,-0.53698003,-0.6177352,-0.2952206,5.4331865,-0.5618248,-0.43125683
CTAGCTTGTCTTGCTG-1_rna,-0.39208135,0.32154632,-0.61918306,-1.0405233,4.4288473,-0.76650536,-0.21151197,-0.32041436,0.5933652,-0.25334123,-0.3256791,-0.29900318,-0.6082572,0.108746424,-0.19674051,-0.41926447
CTAGCTTGTTGAGGTC-1_rna,-0.4999479,0.00461936,-0.52645844,0.28680366,0.8988194,-0.6190323,-0.51578104,-0.41802126,0.5897573,-0.42754453,-0.5113368,-0.577095,-0.61486334,3.8643618,-0.4468094,-0.48747128
CTAGGCGGTTACCGGG-1_rna,-0.5431144,-0.36875865,-0.67403525,1.1648445,4.8848166,-0.5640939,-0.47581774,-0.4800387,-0.19124556,-0.52641934,-0.5947089,-0.5968266,-0.5997795,0.46612003,-0.4245066,-0.47643596
CTAGTAATCAATACGC-1_rna,-0.376394,-1.0266476,-0.7330779,-0.33509153,4.230502,-0.7454645,-0.14087088,-0.24351081,0.6524567,-0.19639862,-0.24309856,-0.24382979,-0.6503373,0.8089328,-0.24742919,-0.50974065
CTAGTAATCGGTTAGT-1_rna,-0.34344608,-0.90635806,-0.6395693,-0.5095482,5.04764,-0.6050615,-0.26493436,-0.29460645,0.53583175,-0.3128832,-0.21506506,-0.3312896,-0.5308623,-0.022397004,-0.2384551,-0.3689955
CTAGTAATCGTTTCGC-1_rna,-0.37976944,0.4662045,-0.48114982,-0.4103757,1.2778683,-0.2047776,-0.32343146,-0.3436245,0.46900973,-0.39075133,-0.16808832,-0.3335036,-0.6606047,2.1411524,-0.3030028,-0.35515577
CTAGTAGGTCAGGAAG-1_rna,-0.5594466,-1.0272324,-0.36434728,0.57864696,0.07127694,-0.4602036,-0.55565405,-0.45593655,-0.415964,-0.34523726,-0.5376481,-0.6086043,-0.28797922,5.912801,-0.5425575,-0.40191424
CTAGTCGAGCAAGATG-1_rna,-0.5939871,1.0660839,-0.72760797,1.5971849,0.29133028,-0.531977,-0.77684075,-0.65567666,-0.546754,-0.66090304,-0.63805276,-0.63787585,-0.6836673,4.824439,-0.64367104,-0.6820249
CTAGTGAGTCCACAAA-1_rna,-0.43081635,-0.07200284,-0.6448327,1.7349082,4.5918036,-0.219588,-0.49495494,-0.4964249,-0.3772853,-0.46003902,-0.4956422,-0.49288994,-0.5370538,-0.79505384,-0.42926425,-0.38086373
CTAGTTGCAAACTGTT-1_rna,-0.45455664,-0.092165515,-0.64142853,0.33317772,-0.630788,-0.5696615,-0.44056517,-0.3981791,0.77758634,-0.40714315,-0.5434747,-0.42847633,-0.5468982,4.829463,-0.31946164,-0.46742803
CTATGATCAGTAGGTG-1_rna,-0.5168554,-0.8635584,-0.6220996,0.4509635,4.613495,-0.8083235,-0.37570232,-0.45225453,0.10591091,-0.5080681,-0.55109453,-0.4961214,-0.59188366,1.5004202,-0.42103028,-0.4637974
CTATGGCCAGATTCAT-1_rna,-0.4227386,0.3910496,-0.5896225,0.0862505,3.9275422,-0.50115496,-0.3172819,-0.43779695,0.33572003,-0.3664796,-0.18521345,-0.43061644,-0.7156954,0.0453548,-0.34311488,-0.47620252
CTATTGAAGTCACTAA-1_rna,-0.58401275,2.7087963,-0.32088345,0.2366979,-0.20210995,-0.87237453,-0.6008102,-0.6669267,-0.3482507,-0.70992357,-0.66032743,-0.5671291,-0.8556758,4.8018465,-0.5619228,-0.7969936
CTCACTCAGTAGGCGG-1_rna,-0.4610906,-0.569602,-0.44685522,0.24233848,5.061526,-0.6116483,-0.5327251,-0.47011712,-0.15006092,-0.5868372,-0.5219834,-0.49471036,-0.5228411,0.98572147,-0.39023533,-0.5308789
CTCAGGATCAGGTCCA-1_rna,-0.5739348,0.4487676,-0.72079265,0.21265195,0.40464807,-0.8937354,-0.58903813,-0.700297,1.5286261,-0.7634349,-0.6312653,-0.50536513,-0.8654522,4.5510383,-0.27755016,-0.62486655
CTCAGGATCGAGGTGG-1_rna,-0.5209847,-0.8917125,-0.5867586,0.76556516,4.981686,-0.55088866,-0.36659056,-0.40894085,0.09104868,-0.4176314,-0.48593295,-0.41652763,-0.48356706,0.16262577,-0.38636136,-0.48502958
CTCATTAGTCGACTAA-1_rna,-0.4474951,-0.6292095,-0.45615548,0.7810672,-0.44108725,-0.24122979,-0.51062876,-0.43214315,-0.3404693,-0.31769115,-0.46047336,-0.5028629,-0.31248522,5.2490296,-0.48079365,-0.45737225
CTCATTAGTGGGTACT-1_rna,-0.52642244,-1.0704374,-0.50867105,0.87205136,0.110292986,-0.6264169,-0.46569264,-0.37890548,0.4498902,-0.36612397,-0.51824623,-0.5903307,-0.43577576,5.014366,-0.5018502,-0.45772827
CTCCCTGAGCGAAGTA-1_rna,-0.78234935,3.9873796,-0.63777125,0.17987338,0.49588323,-1.1921862,-0.8788074,-0.96321964,0.37161466,-0.8875897,-0.92733836,-0.74546564,-1.3352633,5.009452,-0.66896415,-1.0252473
CTCCCTGAGGCGGATG-1_rna,-0.7870751,4.5538206,-0.49802876,-0.048288837,-0.31943336,-1.21028,-0.8775038,-0.93413866,0.12848622,-0.86977863,-0.89687574,-0.66382515,-1.3186454,5.365759,-0.64010924,-0.9840833
CTCCGGACACAACCTA-1_rna,-0.4646407,-0.71822405,-0.49124196,0.49920374,-0.29708165,-0.27731594,-0.4561343,-0.3659933,0.0077103525,-0.43334487,-0.5225272,-0.46355203,-0.38214985,5.172926,-0.41546997,-0.39216426
CTCCGTCCAATTAGCT-1_rna,-0.3532886,-0.42502505,-0.53251743,0.8157119,4.8332477,-0.38150233,-0.31223065,-0.43339032,-0.121346,-0.420672,-0.48687518,-0.37685657,-0.44064814,-0.69072616,-0.26310116,-0.41077983
CTCCGTCCAGTGAACG-1_rna,-0.40727124,-1.1916313,-0.73247796,-0.40174064,4.504067,-0.61952114,-0.17823836,-0.2729464,0.6146865,-0.2905834,-0.30133945,-0.2714048,-0.50475466,0.8158872,-0.23027734,-0.53245395
CTCCTAATCGAGGAGT-1_rna,-0.61900544,0.023634702,-0.6221212,2.4807947,4.80779,-0.6030222,-0.6290202,-0.57930946,-0.5909147,-0.6255927,-0.71189106,-0.5948912,-0.6282809,0.058882304,-0.61471987,-0.5523329
CTCCTCACACATACTG-1_rna,-0.79846245,2.4345968,-0.7806363,2.933872,4.7021513,-0.11640924,-0.9061637,-0.8771937,-1.154242,-0.75796604,-0.7877845,-0.89375526,-0.74090254,-0.58801204,-0.92460096,-0.7444913
CTCCTGAGTGTTCCCA-1_rna,-0.5590793,0.13420361,-0.50731456,1.6463923,-0.24732366,-0.426892,-0.6210284,-0.658098,-0.6995889,-0.5750375,-0.5638608,-0.5613483,-0.47042522,5.376776,-0.6639749,-0.6034007
CTCGACAAGACTCGCA-1_rna,-0.5220869,0.6090606,-0.44763398,0.40034986,0.65601236,-0.7665637,-0.58773136,-0.49829835,0.5174411,-0.50488997,-0.6294005,-0.59716076,-0.81410676,4.1756196,-0.4342903,-0.5563208
CTCGCTAGTACAATGT-1_rna,-0.48581326,-0.7620511,-0.2501573,0.84623176,-0.5549241,-0.078554034,-0.4814561,-0.44264972,-0.8697212,-0.3916517,-0.4398991,-0.56925243,-0.17803597,5.692974,-0.6582248,-0.37681508
CTCGCTCCACCAGCAT-1_rna,-0.6787915,2.9502077,-0.54721117,0.04411301,0.345482,-0.79832613,-0.72532785,-0.7064799,-0.32918227,-0.74418294,-0.63747716,-0.6623492,-0.9172399,4.750155,-0.5976635,-0.7457261
CTCGCTCCATCGCTTT-1_rna,-0.5216849,-0.9011425,-0.674072,0.54377997,-0.2254563,-0.620268,-0.43225572,-0.3746504,1.0710121,-0.4221494,-0.6239008,-0.42203364,-0.45953318,4.9442,-0.40017244,-0.4816726
CTCTATGTCGCAACAT-1_rna,-0.55981743,1.1628839,-0.6092658,1.0523778,-0.1372028,-0.48610502,-0.65094024,-0.56000775,-0.40933812,-0.60817087,-0.595581,-0.5615558,-0.60740536,4.7749424,-0.5350618,-0.66975194
CTCTATGTCGTGCTTC-1_rna,-0.8185386,-1.0619755,0.828349,5.294101,-0.8036006,-0.5861898,-0.78171176,-0.79761153,-0.83596486,-0.8417043,-0.6279581,-0.93217355,-0.61177856,4.155672,-0.8942086,-0.68470675
CTCTCACAGTTAGAGG-1_rna,-0.48007587,-0.88986343,-0.752151,-0.35556966,4.759157,-0.7883157,-0.2074284,-0.30667374,0.6040606,-0.33247906,-0.3667211,-0.29780382,-0.6819327,0.9283723,-0.30459908,-0.5279765
CTCTGTTCAGGCTTGT-1_rna,-0.5777542,-0.41628337,-0.6335072,0.41001958,0.35844553,-0.60999733,-0.5968536,-0.46263146,0.5627813,-0.53758675,-0.6691937,-0.6225511,-0.5452941,5.334866,-0.4413967,-0.55306304
CTCTGTTCATTCCTCG-1_rna,-0.41943324,-1.0189353,-0.6689273,0.4221825,4.851256,-0.6301382,-0.21028051,-0.40184134,0.3172168,-0.2816264,-0.2804399,-0.28925896,-0.49324876,-0.24410276,-0.24882701,-0.4035957
CTCTTGATCCCGTTGT-1_rna,-0.50233984,-0.9345634,-0.52535605,0.47410694,-0.41392407,-0.18504971,-0.4378104,-0.3401715,0.034939945,-0.32555318,-0.553293,-0.44480184,-0.23536196,5.1985507,-0.4344212,-0.37495148
CTGAATATCTATCGCC-1_rna,-0.60831976,-0.73002493,-0.3206951,0.8120961,-0.17246523,-0.2571124,-0.5590029,-0.49526468,-0.46805403,-0.4541873,-0.5488094,-0.6394882,-0.21846247,5.69245,-0.6431055,-0.38955435
CTGACCAAGGTGCGGA-1_rna,-0.5136434,-0.92057425,-0.7140481,0.82250893,4.9218407,-0.7209745,-0.3581221,-0.43957114,0.13579659,-0.38184065,-0.55982524,-0.47285676,-0.6139657,0.64392626,-0.28276646,-0.5458841
CTGACCAAGTGCTGTG-1_rna,-0.85901845,4.8159575,-0.45016637,-0.36548033,0.18578637,-1.3134943,-0.8566034,-0.9018798,0.22585677,-0.97095275,-0.92219925,-0.7392281,-1.3546882,5.163201,-0.61712027,-1.0399698
CTGCAATAGGCATGAA-1_rna,-0.39873108,-0.96139085,-0.84637725,-0.25794178,4.148775,-0.8124484,-0.14425643,-0.23896696,0.7045232,-0.28799045,-0.13675585,-0.2661173,-0.6270523,0.865347,-0.23284313,-0.50777346
CTGCTACTCAGAAACG-1_rna,-0.48930246,-0.46579093,-0.45760065,1.0421116,-0.4998356,-0.24370079,-0.4692785,-0.4678436,-0.45876724,-0.39764577,-0.47753155,-0.53229004,-0.31368178,5.129212,-0.54412574,-0.3539287
CTGGACCAGACAGGCG-1_rna,-0.6454881,1.053563,-0.48477578,2.3603296,4.5945716,-0.20278655,-0.6869122,-0.6588508,-0.6741039,-0.65650606,-0.49539137,-0.7271892,-0.52197057,-1.0938153,-0.60229,-0.55838406
CTGGACCAGCATGGTT-1_rna,-0.8561964,2.2088184,-0.8085679,3.4472327,4.9527144,-0.21297401,-0.94672763,-0.8796334,-1.3413785,-0.9830544,-0.93880475,-1.019034,-0.7730273,-0.087899804,-0.9190794,-0.8423883
CTGGCTAAGAAAGGAA-1_rna,-0.6663217,0.41148895,-0.41735744,1.6257572,0.4781938,-0.6185099,-0.7200579,-0.7263184,-0.5522959,-0.62523234,-0.6180695,-0.69489413,-0.52597255,5.0157614,-0.7011174,-0.66505384
CTGGCTAAGCTATATG-1_rna,-0.47285295,-0.73214614,-0.6862222,0.27160743,5.0832253,-0.7469911,-0.3399582,-0.48782456,0.15901363,-0.37815002,-0.54723996,-0.41608873,-0.5855124,0.6388156,-0.23468247,-0.524993
CTGGTAAGTGCTTACT-1_rna,-0.53385323,-0.7666723,-0.54308635,0.4742968,-0.39995295,-0.45622396,-0.47112703,-0.36834663,-0.027218565,-0.3496064,-0.53552055,-0.5902246,-0.2631083,5.7965345,-0.51115835,-0.45473224
CTGGTCAAGAGGAAGG-1_rna,-0.51211727,-0.7562647,-0.5413356,0.5578347,-0.41472146,-0.42546287,-0.42193642,-0.43559954,0.39306423,-0.40350828,-0.538766,-0.5277691,-0.3909952,5.323984,-0.4691575,-0.43724874
CTGGTCAAGGCACAGG-1_rna,-0.46348995,0.38381523,-0.539105,1.1965119,-0.4301294,-0.27171147,-0.60654855,-0.52374274,-0.65152425,-0.45856363,-0.49032062,-0.5579259,-0.60641646,5.019326,-0.5606075,-0.43956834
CTGGTTACAACTAGCC-1_rna,-0.37126186,0.7590339,-0.48439065,0.28696823,-0.9623972,-0.4653897,-0.41673455,-0.4357545,-0.059298724,-0.36244056,-0.47613463,-0.32639185,-0.5329716,4.6282253,-0.41918704,-0.36187473
CTGGTTACAAGGTGGC-1_rna,-0.4714619,-0.7736622,-0.49287456,0.44261315,-0.18075378,-0.39301556,-0.4567395,-0.35021853,0.08832467,-0.41340852,-0.48721176,-0.49851125,-0.39495456,5.121384,-0.39401472,-0.34549528
CTGTACCTCTCGCCCA-1_rna,-0.86907345,4.402287,-0.6194716,-0.15007792,0.524143,-1.3240916,-0.93536115,-0.9881848,0.43609262,-0.99715817,-0.96648836,-0.73427963,-1.3885872,5.3088145,-0.6092484,-1.089315
CTGTATTTCACAAGCT-1_rna,-0.45007408,-0.7787836,-0.3934735,0.46766937,-0.62078613,-0.17993657,-0.39627546,-0.34061158,-0.2626304,-0.3314647,-0.41087347,-0.48142874,-0.281919,5.355305,-0.51449126,-0.3802259
CTGTGTGAGCGCCTAA-1_rna,-0.37624404,0.53266895,-0.29809466,1.1345962,-0.92950106,-0.4893171,-0.52676547,-0.4498987,-0.8340137,-0.43424252,-0.4559805,-0.49155995,-0.46322504,5.0331864,-0.6339822,-0.31762692
CTGTTCATCAGTTCCC-1_rna,-0.47990966,-0.7756444,-0.79956555,0.035514668,4.891742,-0.72360295,-0.21386921,-0.35338426,0.6080882,-0.29734918,-0.44106567,-0.2842827,-0.58387524,0.38890505,-0.42952824,-0.54217356
CTGTTGGAGCATGTTA-1_rna,-0.99496543,-0.57315034,2.1179497,5.0701556,0.17124456,-0.8242956,-0.9521095,-0.812028,-0.9673086,-0.91231793,-0.9476375,-1.0642091,-0.8810873,3.4164631,-0.93743193,-0.9092713
CTGTTGGAGCCGCAGT-1_rna,-0.9256443,-0.30242515,1.7922456,4.630315,0.29577786,-0.7874973,-0.8880288,-0.83395386,-0.8562577,-0.90712804,-0.9505206,-1.0372555,-0.88219625,3.4297194,-0.84798795,-0.9291624
CTGTTGGAGGCTACAT-1_rna,-0.9406402,-0.83732784,1.8703882,4.812189,0.18532532,-0.68664813,-0.90923035,-0.77227277,-0.97499704,-0.9156271,-0.9301767,-1.0645622,-0.78810817,3.6212883,-0.83071166,-0.838888
CTTAACAAGGAACACA-1_rna,-0.48380804,0.42429036,-0.47340542,0.5248967,0.5549671,-0.56704426,-0.48084402,-0.5253573,0.17952918,-0.438424,-0.49256432,-0.49979717,-0.6924043,4.0045767,-0.5166669,-0.5179447
CTTAAGGGTTCCTGTG-1_rna,-1.1127951,4.3089976,-0.22673488,4.2356577,4.805695,-0.5300264,-1.1686423,-0.9894859,-1.3392558,-1.0039825,-1.1101954,-1.1214321,-0.9181356,-1.4419022,-1.3528519,-1.0349107
CTTAAGGGTTGGTTCT-1_rna,-0.666352,1.5621321,-0.66938275,2.5859637,4.4079823,0.15995377,-0.6999216,-0.66697586,-0.9552185,-0.68956363,-0.6754729,-0.7618866,-0.632692,-0.96857625,-0.8174719,-0.5125179
CTTAATGAGAGGAAGG-1_rna,-0.5054792,0.311828,-0.57861793,-0.11985174,4.4010134,-0.4695357,-0.5367106,-0.43502074,0.00079613924,-0.5840598,-0.47386086,-0.5294406,-0.53995895,0.86627126,-0.3049705,-0.5024012
CTTACTAGTTCCGGGA-1_rna,-0.33425963,-0.9493651,-0.60458905,0.33727604,5.3593593,-0.660704,-0.36859453,-0.41561925,0.23615392,-0.46740723,-0.30198717,-0.5524858,-0.6199641,0.1303047,-0.37963748,-0.4084801
CTTAGGAGTTACAAAC-1_rna,-0.92464614,4.6758056,-0.33458555,-0.16677675,0.5292139,-1.5120388,-0.9352622,-1.1488585,1.1503814,-1.1101454,-1.1646487,-0.81989247,-1.5877476,5.2198124,-0.72205186,-1.1485589
CTTAGTTTCGATTTAG-1_rna,-0.532907,0.07626983,-0.66611063,0.7714187,-0.4930739,-0.4392955,-0.4923888,-0.5388974,0.32826987,-0.43446603,-0.57652915,-0.483911,-0.57768965,4.9850707,-0.43007198,-0.495688
CTTATTGGTCGACTAA-1_rna,-0.4819575,-0.9480355,-0.7129605,-0.6746243,5.2978425,-0.86469245,-0.22902107,-0.30419633,0.8030009,-0.35785425,-0.26255673,-0.28736624,-0.7122431,0.55548775,-0.32079744,-0.50002587
CTTCAATTCAGCATTA-1_rna,-0.40347907,-0.30946332,-0.581444,0.72954345,4.6838164,-0.35025254,-0.37347057,-0.390084,-0.08801907,-0.3901318,-0.4508336,-0.37718317,-0.44806632,-0.5382066,-0.3494502,-0.36327574
CTTCACTCACACTAAT-1_rna,-0.4507917,-0.53073573,-0.67857134,0.6930345,-0.8969048,-0.54269207,-0.40317604,-0.36228886,1.083983,-0.35879537,-0.5304431,-0.3743026,-0.5410484,4.641125,-0.28195742,-0.46643522
CTTCATCCAACAGGTG-1_rna,-0.49151778,-0.45897567,-0.6785818,1.2812135,-0.6088667,-0.54823875,-0.48562092,-0.41137663,0.6475897,-0.46279687,-0.58664256,-0.44417578,-0.5784366,4.706911,-0.36669,-0.51379395
CTTCGCGTCAGCAAGA-1_rna,-0.5217941,-0.9396373,-0.45334718,0.8990638,-0.49400428,-0.32808185,-0.50230336,-0.44551763,-0.34418508,-0.40378788,-0.54241467,-0.53294396,-0.25076357,5.7951527,-0.5369415,-0.39849374
CTTCGCGTCATGCGTG-1_rna,-0.63363725,-0.8311343,-0.23242559,1.3509445,-0.06366779,-0.29076988,-0.5195927,-0.64028883,-0.6144856,-0.49723995,-0.58642733,-0.5803423,-0.1490833,5.4731126,-0.6925544,-0.4924075
CTTCGCGTCCGTTATT-1_rna,-0.5122798,-0.7462888,-0.6386998,0.70743555,5.206578,-0.696172,-0.50308526,-0.49752957,-0.12908481,-0.5866303,-0.5532866,-0.5727168,-0.60586846,1.2435807,-0.5312062,-0.58474535
CTTCTCAAGGAGGACT-1_rna,-0.55417717,-0.9296844,-0.36883685,0.9102851,-0.4489186,-0.34038788,-0.48391894,-0.48734972,-0.31890503,-0.378893,-0.5669725,-0.55785394,-0.3136077,5.814219,-0.5919187,-0.3830798
CTTGAACAGCTAAGTC-1_rna,-0.5137663,-0.040346116,-0.67118806,0.08364068,-0.54842323,-0.42474586,-0.45804352,-0.4116739,0.6385677,-0.38459557,-0.6277894,-0.47188294,-0.5585101,5.2949257,-0.40700328,-0.49916542
CTTGAATCATTCCTCG-1_rna,-0.39558402,-0.526968,-0.27543202,1.0086474,-0.8191762,-0.011796206,-0.49839523,-0.37201825,-0.8487649,-0.34824505,-0.3657467,-0.43953308,-0.13640904,5.029254,-0.61766243,-0.38217065
CTTGACGAGTCACTCC-1_rna,-0.48981115,-0.54544604,-0.63258266,0.25982994,-0.7321482,-0.465059,-0.4005917,-0.39406,1.1312895,-0.34298486,-0.5957451,-0.3917685,-0.68869984,5.0765967,-0.36983967,-0.4189792
CTTGCAACACAGACTC-1_rna,-0.46382707,-0.61883783,-0.36554575,0.8007296,-0.73498774,-0.084327355,-0.50807744,-0.44355422,-0.6246818,-0.31044555,-0.52058667,-0.53381443,-0.20749496,5.5410953,-0.61098766,-0.31465644
CTTGCGCGTCCGGTTC-1_rna,-0.34129763,0.59324515,-0.45608583,-0.13670772,0.18042558,-0.23026994,-0.29838607,-0.3725666,0.81832457,-0.3674632,-0.2621377,-0.34055394,-0.53414917,2.435764,-0.28819463,-0.39994702
CTTGCGCGTTAACGGC-1_rna,-0.4260592,-0.28303027,-0.49677068,0.7437374,-0.3968817,-0.5582596,-0.41700256,-0.41180915,0.051186234,-0.38014698,-0.49441224,-0.35484087,-0.51751167,4.9212832,-0.46165323,-0.5178294
CTTGGACCAAACTGCC-1_rna,-0.93700445,4.7077284,-0.15366638,0.056298524,0.69393533,-1.4948444,-0.97989166,-1.1121014,0.5508461,-1.1460743,-1.1049836,-0.85010743,-1.5790293,5.1573496,-0.6421791,-1.1662762
CTTGGACCACCAACCG-1_rna,-0.44518182,-1.0074407,-0.7487477,-0.18083632,4.0551667,-0.78746426,-0.19621421,-0.19986023,0.8909987,-0.19821616,-0.26735204,-0.19980432,-0.59827363,0.6032964,-0.19192412,-0.52814674
CTTGTAAAGAGAGGAG-1_rna,-0.8683505,3.7465434,-0.5429301,3.478788,4.6791396,-0.41858155,-0.99255514,-0.9823235,-1.034478,-0.9055784,-0.9572104,-1.0258151,-0.7765082,-1.4784449,-1.1256497,-0.79604495
CTTGTCCAGACAAGTG-1_rna,-0.4210881,-1.070352,-0.74593264,-0.80359733,4.3287897,-0.66707224,-0.30062652,-0.33326757,0.7420933,-0.32765883,-0.4937443,-0.26320955,-0.57804924,1.7805481,-0.33902073,-0.50781244
CTTTAGGCAAGGCCAA-1_rna,-1.0225737,-0.55271816,2.3963692,4.924957,0.246941,-0.8633248,-1.0136366,-0.85381967,-0.8839812,-0.9668611,-0.9777932,-1.1021662,-0.9225567,3.4032333,-0.87462866,-0.9374401
CTTTAGTTCATGCATA-1_rna,-0.5416451,-0.6063357,-0.64916295,0.5319649,-0.80164236,-0.39433193,-0.46339583,-0.485568,0.29294333,-0.36046705,-0.5509631,-0.49348772,-0.33718908,5.6730337,-0.445436,-0.36831748
CTTTAGTTCATTTGTC-1_rna,-0.7128752,0.5763502,-0.7245341,0.6251361,0.63198006,-0.9737343,-0.69523776,-0.66879797,1.4132686,-0.7741674,-0.7859827,-0.6050106,-1.0548329,4.8291845,-0.37295946,-0.70778674
CTTTATCAGGGATTAG-1_rna,-0.5367797,-0.74672884,-0.4097253,0.85296375,-0.312001,-0.26792216,-0.49735016,-0.48738962,-0.37716782,-0.37782836,-0.5677312,-0.58196276,-0.25725478,5.5366254,-0.5633073,-0.40643996
CTTTATGGTGCATCGG-1_rna,-0.6516049,1.680586,-0.6220666,3.0488055,4.7511044,-0.18512523,-0.7754991,-0.7336055,-0.9720918,-0.7255496,-0.748736,-0.757231,-0.60459924,-1.1635686,-0.8580433,-0.68277514
CTTTATGGTTGTCCAT-1_rna,-0.3651692,-0.67829275,-0.390061,-0.0990679,-1.0439856,-0.025436476,-0.3683189,-0.27559516,-0.21046254,-0.28649908,-0.3855529,-0.26052874,-0.19123664,5.3058815,-0.44961235,-0.27606216
CTTTATGGTTTCGCCA-1_rna,-0.82237613,4.512867,-0.53787667,-0.20417546,-0.19641457,-1.3874027,-0.8159635,-0.9500622,1.0196365,-0.9279737,-0.9334722,-0.74203867,-1.4514594,5.103449,-0.5953071,-1.0714307
CTTTCTTGTACCGTTT-1_rna,-0.5629713,1.6879137,-0.7108031,2.150564,4.4350414,-0.20427975,-0.70456827,-0.772272,-0.83083445,-0.75613654,-0.30573097,-0.76807225,-0.7301547,-0.6184503,-0.7133103,-0.5959351
CTTTCTTGTCCAAATG-1_rna,-0.45491105,-0.43059927,-0.59440947,1.0518832,4.4282975,-0.32043824,-0.41371524,-0.52125853,-0.3052538,-0.4878189,-0.4097787,-0.44895744,-0.623306,0.41842026,-0.4128079,-0.47534615
CTTTGGTGTACCTTAC-1_rna,-0.4839973,-1.0580132,-0.78670895,-1.399735,4.315064,-0.6529961,-0.13788903,-0.21300259,0.98095405,-0.26418406,0.2948248,-0.22835016,-0.55651987,0.760818,-0.07429738,-0.49596727
CTTTGGTGTCGCATAA-1_rna,-0.5415013,-0.04116179,-0.21324207,1.0424544,-0.5616211,-0.2072397,-0.58060807,-0.5273923,-0.72126335,-0.43625337,-0.398355,-0.4705227,-0.21334572,4.9594088,-0.6574229,-0.4319337
CTTTGGTGTCGTTATC-1_rna,-1.0174137,4.9821777,2.1296732,4.8680263,-0.048498705,-1.0299814,-1.0207914,-1.0052977,-0.97863805,-0.956998,-1.1673781,-1.0422312,-1.0914316,-0.49798653,-1.1217779,-1.0014529
GAAACCCGTATTTGGG-1_rna,-0.33702058,-0.6395089,-0.42030412,0.27595425,-0.902266,-0.11792195,-0.3984056,-0.35508108,-0.43176866,-0.24496362,-0.42682666,-0.38040167,-0.20642507,5.3638935,-0.49991798,-0.279036
GAAACCCGTGACCTGG-1_rna,-0.58003026,-0.84402186,-0.75684667,1.2456359,-0.1895811,-0.6701257,-0.51362896,-0.45216918,0.77777016,-0.4871456,-0.68893147,-0.6016387,-0.5468916,5.357704,-0.4849798,-0.56511897
GAAACTGAGCTAGAAG-1_rna,-0.82545114,2.8743048,-0.8942786,1.0480076,3.4084227,-0.95959693,-0.9706628,-0.8519058,0.50421196,-0.9833446,-0.82697093,-0.8248555,-0.86294067,1.8140877,-0.7819389,-0.86708874
GAACACAAGGATCACT-1_rna,-0.9236914,-0.13331118,-0.802377,4.3555574,3.2267787,-1.068355,-0.9673435,-1.0315658,-0.7592032,-0.9941834,-0.9824229,-0.8911308,-1.0023737,3.9677098,-0.94300276,-1.0510851
GAACCTGTCATGTGGT-1_rna,-0.2852285,-1.0282757,-0.8679412,-0.48147637,3.908182,-0.83521354,-0.18591475,-0.26158887,0.85902244,-0.22845091,-0.08292171,-0.19251752,-0.6533052,0.91732824,-0.08876017,-0.49293828
GAACGAATCATTGCGG-1_rna,-0.64751005,-0.43480945,-0.37509978,1.1816356,-0.3463121,-0.3080222,-0.6070625,-0.5319024,-0.6195609,-0.57907075,-0.5798564,-0.5551515,-0.27711695,5.9498,-0.69592047,-0.5740397
GAAGCTAAGGACCGCT-1_rna,-0.43316698,0.43618482,-0.7259476,-1.6461753,4.531704,-0.83028233,-0.223012,-0.26387557,1.1322818,-0.3413206,0.015595317,-0.3686239,-0.7274243,-0.1596323,0.02795941,-0.42426458
GAAGCTAAGTCTGGGC-1_rna,-0.6416668,2.5366693,-0.4933592,0.889973,-0.24741468,-0.90737176,-0.75096345,-0.643473,-0.28791732,-0.8080188,-0.6068608,-0.4696105,-0.92811894,4.8723254,-0.60443115,-0.9097613
GAAGGAACAGAAATTG-1_rna,-0.5350734,-0.7977432,-0.43937033,0.94499177,-0.38500017,-0.29311237,-0.5471452,-0.44403124,-0.31365073,-0.41772616,-0.57993376,-0.5256816,-0.30606747,5.5551987,-0.5662338,-0.34942105
GAAGGCTAGGCAATAG-1_rna,-0.59456885,1.1842948,-0.450989,1.4511551,0.10403802,-0.53128076,-0.6723472,-0.6733448,-0.6618042,-0.75625503,-0.6005146,-0.6455828,-0.7056958,4.752142,-0.51828676,-0.6809598
GAAGTAAGTCGTAATG-1_rna,-0.46029922,-0.20799989,-0.28870174,0.49884105,-0.54016054,-0.32070443,-0.52037895,-0.4647102,-0.71418405,-0.35120973,-0.41782978,-0.5122043,-0.271283,5.5687428,-0.6369295,-0.3609883
GAAGTAAGTCTTTGAC-1_rna,-0.5008182,0.2078201,-0.5046544,1.6293094,3.313375,-0.50652444,-0.57281023,-0.5089693,0.26041186,-0.4754392,-0.575577,-0.45332998,-0.7078314,0.48093778,-0.5011603,-0.5847397
GAAGTATAGGAAACTG-1_rna,-0.41107535,-0.673946,-0.4978841,0.10660432,-0.8912033,-0.2983118,-0.30163196,-0.31494263,0.013506118,-0.24491066,-0.46309078,-0.4222488,-0.24199393,5.3168855,-0.46395344,-0.21180284
GAATTTGTCACAGCCA-1_rna,-0.46878156,-0.9902475,-0.7119057,-0.37016693,5.196797,-0.84728587,-0.31994778,-0.30913135,0.5664847,-0.36548033,-0.32274598,-0.37928304,-0.70406187,0.8577088,-0.33903337,-0.4929187
GACAATACAGCAAGAT-1_rna,-0.86602247,4.018511,-0.45515868,3.873288,4.528159,-0.40936568,-0.99267566,-0.96985614,-1.0975231,-0.9236616,-1.0386897,-1.0244274,-0.8786793,-1.6359037,-1.2038999,-0.9240943
GACATTATCCATAATG-1_rna,-0.44101077,1.1034641,-0.78504395,-0.2540422,-0.5211867,-0.45762575,-0.48960024,-0.4815274,0.41217571,-0.48560953,-0.62666345,-0.4622627,-0.6867785,4.9800873,-0.37822253,-0.42615306
GACCGAACAACTCGCG-1_rna,-0.55403477,-0.47606736,-0.6804489,0.7488674,-0.49075705,-0.48301542,-0.46652865,-0.44733357,0.42983222,-0.44862556,-0.5889258,-0.57027465,-0.45073676,5.4223256,-0.44399834,-0.50027835
GACCGAACAGAAACGT-1_rna,-0.5262873,-0.871434,-0.6451212,0.63906175,-0.27594563,-0.5268421,-0.47986454,-0.4214707,0.68156487,-0.43727624,-0.5705609,-0.4911775,-0.46877557,5.319996,-0.43256342,-0.4933033
GACCGAACATGTTGGC-1_rna,-0.8561476,3.6663675,-0.40361655,0.8963427,0.8515844,-1.3106725,-0.90096045,-0.93001103,0.68995446,-1.036464,-0.94297934,-0.7547096,-1.3300792,4.1363435,-0.6019203,-1.1730318
GACCTAGTCCTGATGG-1_rna,-0.5704842,-0.91982895,-0.3773837,0.9286123,-0.26985586,-0.47070307,-0.44345748,-0.49666774,-0.40802735,-0.37556702,-0.5998233,-0.59914654,-0.21424474,5.855029,-0.6191449,-0.41930598
GACCTGATCATCCTCA-1_rna,-0.7173606,1.9089063,-0.81749153,3.4681995,5.068913,-0.32432348,-0.8588314,-0.8762458,-1.2041467,-0.87712085,-0.8937127,-0.83406126,-0.74293125,-0.6873856,-0.91857547,-0.69383216
GACGCAACAATTAACC-1_rna,-0.6682585,-0.70131344,-0.33022004,1.1155182,-0.3555408,-0.033032715,-0.54631424,-0.60054916,-1.1406679,-0.45393473,-0.55740285,-0.73881197,-0.048602834,6.4930243,-0.96748435,-0.46640915
GACTATTCACGTAATT-1_rna,-0.5050122,0.16446549,-0.6270191,0.6539392,5.006907,-0.5404221,-0.54391086,-0.5070711,-0.060730666,-0.5524992,-0.57787776,-0.54817903,-0.5396921,0.0990827,-0.4201857,-0.50179416
GACTATTCAGTGAACG-1_rna,-0.8335195,4.8352423,-0.58416575,-0.06289582,0.19143456,-1.3686191,-0.940814,-1.0035723,0.42896837,-0.9846873,-0.99531174,-0.78389835,-1.414682,5.2793717,-0.68780476,-1.0750456
GACTCACCACCACAAC-1_rna,-0.9611814,-0.37815344,1.8974719,4.700389,0.73557216,-0.8358996,-0.91690767,-0.8344443,-0.72605526,-0.91360646,-0.931871,-0.97413146,-0.8749636,2.7316577,-0.8348809,-0.88299567
GACTTACAGCTACTGG-1_rna,-0.39550087,-0.7934978,-0.4340932,-0.0021903664,-0.606539,-0.13665944,-0.45328012,-0.3870611,-0.049086824,-0.2865492,-0.47338364,-0.34845403,-0.25120884,5.442132,-0.5017718,-0.32285517
GACTTACAGTGGCGGA-1_rna,-1.075177,4.202228,-0.18304849,4.1021285,4.5544705,-0.5607686,-1.1318107,-0.99501926,-1.362937,-1.0126331,-1.0464306,-1.0555212,-0.82713467,-1.3291185,-1.2733426,-1.0058851
GACTTAGGTACTTCAC-1_rna,-0.58627844,0.4963735,-0.6848656,1.5574064,4.836123,-0.29176018,-0.539801,-0.5421369,-0.57928264,-0.5606183,-0.60359263,-0.53341806,-0.60045695,-0.21001464,-0.58475995,-0.5729177
GACTTAGGTTGTTGTC-1_rna,-0.50683844,-0.3164196,-0.6515693,1.0502,5.0965166,-0.49314833,-0.49264538,-0.51607305,-0.16979216,-0.54669124,-0.606132,-0.50777954,-0.5647675,0.24723765,-0.4575346,-0.5645632
GACTTAGGTTTAAAGC-1_rna,-0.5182824,-1.0689299,-0.69438624,0.39322132,5.0782332,-0.8093393,-0.4690558,-0.52549267,0.10364044,-0.54686654,-0.53961194,-0.5015991,-0.62506056,1.7862422,-0.45857838,-0.6041341
GACTTGGTCATTAGGC-1_rna,-0.5415137,-0.57073224,-0.5425589,0.53263754,-0.4048629,-0.42802772,-0.49178717,-0.4540945,0.2664155,-0.4042345,-0.5963714,-0.39638034,-0.43266693,5.381608,-0.44550934,-0.4719214
GAGAAACGTAGCCTAA-1_rna,-0.5386688,-0.7027925,-0.3517944,0.9693398,-0.93661714,-0.16998076,-0.3782767,-0.5067938,-0.610846,-0.2662802,-0.4601556,-0.51518124,-0.1199508,5.577617,-0.6210233,-0.36859572
GAGATAAGTTCACCCA-1_rna,-0.3508737,-0.8267342,-0.6898774,0.30306274,4.5869784,-0.5240518,-0.25392038,-0.28153622,0.36823434,-0.29025453,-0.33163017,-0.15766053,-0.43195236,-0.5206835,-0.2599343,-0.33916593
GAGCAAATCATTGCAA-1_rna,-0.46968314,0.0011921525,-0.13846084,0.601416,-0.39073774,-0.25813517,-0.6025083,-0.55163383,-1.0351211,-0.38102946,-0.4509879,-0.6207913,-0.1193901,5.555076,-0.7494831,-0.38972214
GAGCAAGGTAGACAAA-1_rna,-0.59985983,0.99126935,-0.7797452,2.909146,4.845837,-0.3877974,-0.6631088,-0.6735507,-0.8064698,-0.68332803,-0.8015752,-0.6500881,-0.6276543,-0.83803236,-0.653005,-0.5820379
GAGCAAGGTTGTTCAC-1_rna,-0.5714601,-0.8418524,-0.31332225,0.8895812,-0.29966682,-0.14220007,-0.5697402,-0.51976186,-0.5396546,-0.41898817,-0.511145,-0.65896356,-0.19054087,5.738581,-0.65088403,-0.3999827
GAGCCTTCAGCCTGCA-1_rna,-0.60237247,0.32153547,-0.4433996,1.6386251,-0.41994375,-0.5337436,-0.63332486,-0.58216906,-0.660827,-0.5430504,-0.49838597,-0.6413369,-0.41001254,5.243078,-0.68859816,-0.54607433
GAGCCTTCATTGTCCT-1_rna,-0.7696675,4.541409,-0.8332838,-0.32361546,-0.22801447,-1.2033917,-0.7951684,-0.86235416,0.35276166,-0.9426178,-0.9538307,-0.6760901,-1.3515229,5.542627,-0.47890016,-1.0183406
GAGCGATAGTTATGGC-1_rna,-0.56366324,-1.1147006,-0.7126851,1.1373594,5.4536986,-0.81058425,-0.4974026,-0.4692257,0.052919254,-0.57343566,-0.49985415,-0.49945027,-0.5829519,0.75404125,-0.4954068,-0.5786581
GAGCGGTCAAGGGTTG-1_rna,-0.47934055,-0.5044711,-0.5563996,0.6683451,4.796792,-0.66781163,-0.44974804,-0.41550672,0.06864409,-0.5301901,-0.35071474,-0.43925387,-0.49037147,-0.1080693,-0.08210263,-0.45980173
GAGCGGTCACCCTCAC-1_rna,-0.8190153,-0.7184509,0.68647796,5.2560644,0.17126432,-0.8705092,-0.972034,-0.83999026,-0.568112,-0.865276,-0.8632083,-0.9397267,-0.9059106,3.9888504,-0.84019166,-0.9002325
GAGCTAGCACACCAAC-1_rna,-0.7734929,-0.84822494,1.0008843,5.2604723,0.0990178,-0.8393976,-0.8854326,-0.78594524,-0.50119996,-0.8751442,-0.7388269,-1.0819877,-0.9495696,3.7225883,-0.8566613,-0.9470798
GAGCTGCTCATAACTG-1_rna,-0.6768029,2.7092755,-0.48396978,0.5589515,-0.4037811,-0.894624,-0.68982875,-0.6426122,0.10635322,-0.8129264,-0.7207581,-0.5419718,-0.9640093,4.8286867,-0.53646135,-0.83552086
GAGCTGCTCATGCCTC-1_rna,-0.4131737,0.19318825,-0.84454465,-1.3437665,4.331225,-0.88808495,-0.31655443,-0.39390072,0.9148692,-0.38692707,0.10127472,-0.38974175,-0.7611586,1.1832716,-0.35051167,-0.6354645
GAGCTGCTCCATAAGC-1_rna,-0.45773923,-0.98337674,-0.48472375,-0.06616372,-0.56699896,-0.22173044,-0.40091962,-0.3113065,0.22186881,-0.27579415,-0.46372187,-0.4889245,-0.24708831,5.56273,-0.47303635,-0.3430745
GAGCTGCTCCTGTTCA-1_rna,-0.88869226,4.2728596,-0.8751743,-0.22704987,0.51764834,-1.2633252,-1.0040491,-1.0657533,1.3599678,-1.032956,-1.0916352,-0.79232204,-1.428442,5.2682114,-0.6179273,-1.1313608
GAGCTTGTCACGCGGT-1_rna,-0.54301006,0.45025957,-0.61723936,0.17906521,-0.26949835,-0.62061375,-0.5122693,-0.49670416,0.21540806,-0.4914692,-0.56529295,-0.5910147,-0.44862813,5.443159,-0.6073042,-0.5248479
GAGCTTGTCCTCCTAA-1_rna,-0.4718066,-0.83758265,-0.5883125,0.63029826,4.913718,-0.5870099,-0.36287236,-0.43658346,0.18317261,-0.5078791,-0.4965005,-0.5781907,-0.5532205,0.49927935,-0.3013469,-0.50516367
GAGCTTGTCCTGAATA-1_rna,-0.49231416,-0.59444684,-0.42999226,1.1244264,-0.6475497,-0.2953428,-0.47585142,-0.47652382,-0.2719298,-0.37472558,-0.44860905,-0.45312977,-0.33084553,5.149003,-0.5484989,-0.43366957
GAGGACTAGCTAAAGG-1_rna,-0.5836395,0.34248176,-0.54895115,0.7358372,-0.19087934,-0.53703713,-0.57484806,-0.49812034,0.13668394,-0.53206134,-0.66360426,-0.6346562,-0.6306695,5.237832,-0.48686293,-0.57150483
GAGGAGGCATGCTATG-1_rna,-0.33472443,0.057646304,-0.7788167,-0.3917606,4.383074,-0.9999454,-0.3142504,-0.39237696,0.5637007,-0.40297538,-0.18372254,-0.3329702,-0.7300926,0.5394774,-0.09375512,-0.5885076
GAGGCTTGTATTGAGT-1_rna,-0.5267769,0.14214917,-0.45419666,1.5598704,-0.19778967,-0.5348128,-0.6866002,-0.51176655,-0.4573517,-0.5155523,-0.5473281,-0.6147163,-0.41663697,4.906811,-0.60665524,-0.5386467
GAGGGAGCAAGGGTTG-1_rna,-0.6669233,-0.58648497,-0.26018107,1.4822924,-0.44259477,-0.2308966,-0.6246174,-0.5711076,-0.7608838,-0.44360578,-0.5279443,-0.71473813,-0.19948812,5.805305,-0.78090143,-0.47723
GAGGGAGCAGCATGTC-1_rna,-0.6826133,0.43595767,-0.2412159,1.9953417,-0.20622294,-0.33015794,-0.7341887,-0.62826645,-0.9422885,-0.5456443,-0.5980706,-0.8123492,-0.23523264,4.9913287,-0.9546586,-0.5117192
GAGGTACAGGACCGCT-1_rna,-0.8221096,3.010605,-0.31662047,3.7065148,4.4005136,-0.25158954,-0.8879056,-0.97225153,-1.1865532,-0.92068136,-0.94991934,-1.0624326,-0.8198068,-0.97578573,-1.1300552,-0.82192254
GAGGTAGGTAGGTTAT-1_rna,-0.47197503,-0.86139464,-0.47629493,-0.07899332,-0.63416547,-0.13932921,-0.41401494,-0.35353237,0.04512655,-0.27477807,-0.48466617,-0.45134258,-0.20282443,5.5143056,-0.44305772,-0.27306318
GAGGTGAGTAAGCACC-1_rna,-0.8211256,4.9164925,-0.68600845,-0.3524096,0.23413597,-1.396104,-0.8707746,-1.0238285,0.56254405,-0.9781028,-0.98489666,-0.70423645,-1.4165217,5.360198,-0.73603123,-1.1033313
GAGGTGAGTAGCCTAA-1_rna,-0.8698824,2.681409,-0.79163706,3.71123,4.8450603,-0.46627873,-0.9979655,-0.9791834,-1.1073079,-0.9229359,-0.9009749,-1.0323559,-0.7674906,-0.5795891,-1.0037353,-0.8183628
GAGGTGAGTAGGTTAT-1_rna,-0.49336994,-0.7420425,-0.6767781,0.6616962,5.260495,-0.72323334,-0.41160458,-0.4487672,0.19483988,-0.4302557,-0.4494117,-0.49087012,-0.63407654,0.26948655,-0.36941922,-0.5166886
GAGGTGAGTGTGTGGT-1_rna,-0.59524244,0.2508191,-0.4689479,1.4635084,-0.002220124,-0.28578573,-0.59007126,-0.592349,-0.691916,-0.5234236,-0.59622186,-0.60613656,-0.48038012,4.8845434,-0.6395316,-0.5266447
GAGGTGAGTGTTTCAC-1_rna,-0.502393,-0.96406305,-0.27743912,0.5310694,-0.48571387,-0.20062599,-0.52313435,-0.434005,-0.3193671,-0.3481491,-0.50194466,-0.4522402,-0.26000956,5.6436596,-0.61049104,-0.2951529
GAGTAACCAGATAGAC-1_rna,-0.56331646,-0.88837504,-0.75714743,-0.657748,5.147874,-0.82924795,-0.32484865,-0.5222105,0.7188693,-0.34955058,-0.008287024,-0.4641276,-0.711892,1.2034056,-0.399161,-0.59423673
GAGTAACCATGAGCAG-1_rna,-0.53374326,-0.56725556,-0.6671432,0.9605419,5.2043924,-0.68468195,-0.47376978,-0.48786855,-0.19836847,-0.5918108,-0.56450087,-0.6002324,-0.55714744,0.79332405,-0.4537866,-0.5779495
GAGTGATCAATAACGA-1_rna,-0.70470345,1.0895969,-0.3467558,1.3764813,0.77043885,-0.6430775,-0.740354,-0.6750339,-0.30399257,-0.796733,-0.6910343,-0.7182803,-0.8540453,4.5923886,-0.6682668,-0.6866288
GATAAAGGTTTATGGG-1_rna,-0.48260927,0.18592635,-0.6339295,0.94000816,5.0615954,-0.7754461,-0.5028995,-0.48264015,-0.13337818,-0.6223641,-0.6430564,-0.588862,-0.54003304,0.17657359,-0.43566555,-0.5232199
GATAACGAGCTTAGCG-1_rna,-0.78975964,4.688034,-0.4951139,-0.2628615,0.33112735,-1.3168253,-0.9265647,-0.9832727,0.512384,-1.0249201,-0.98844707,-0.7535832,-1.3915038,5.105581,-0.6309094,-1.073365
GATAACGAGTCAATTG-1_rna,-0.2968592,-0.5832262,-0.6428048,0.6490578,4.532984,-0.5822233,-0.35368782,-0.42578417,0.016775204,-0.38870102,-0.18905005,-0.43681008,-0.53448117,-0.060635313,-0.292054,-0.41249973
GATAACGAGTTAGCTA-1_rna,-0.55925596,0.48330927,-0.7388904,0.44969648,-0.17847368,-0.48422515,-0.49379045,-0.51655006,0.63556904,-0.51283085,-0.6203778,-0.5177591,-0.658502,4.7093186,-0.41609466,-0.58114374
GATAAGCCAAGACTCC-1_rna,-0.5137037,-0.36475793,-0.79944664,1.2103016,-0.47455734,-0.46580315,-0.45015544,-0.46374613,0.7954273,-0.385163,-0.60163605,-0.45816088,-0.63159084,4.5246725,-0.4407552,-0.48092544
GATAATCGTACAAAGA-1_rna,-0.5492656,-0.7111633,-0.67326605,0.9967246,-0.3630406,-0.36089912,-0.4549648,-0.48124394,0.36098638,-0.42346475,-0.56316113,-0.572487,-0.42398688,5.102636,-0.4302658,-0.45313784
GATAGACCACTCAACA-1_rna,-0.46198192,-0.59789824,-0.700068,0.66390395,5.2098403,-0.6579895,-0.4878681,-0.48639128,-0.014210582,-0.62494254,-0.47088107,-0.561286,-0.5580989,0.776175,-0.4680117,-0.56029093
GATCACTAGGACCTCA-1_rna,-0.7067152,-0.8435193,0.7518698,5.275474,-0.20098913,-0.7909393,-0.84656644,-0.7571371,-0.44254613,-0.8243502,-0.7647039,-1.0129211,-0.8663519,3.746581,-0.8294165,-0.8877689
GATCAGTTCAATCATG-1_rna,-0.32255608,0.21797329,-0.9059226,-0.87579566,4.8827457,-0.8230165,-0.31980956,-0.33873707,0.8490375,-0.39348084,-0.16984296,-0.31363192,-0.754687,0.07518616,-0.29234767,-0.5151147
GATCAGTTCGGTCAAT-1_rna,-0.98724157,-0.3689524,1.6655998,4.8770823,1.2423068,-1.0271724,-0.98259765,-0.8513265,-0.5535308,-1.0135411,-1.0014865,-1.015696,-0.98384,2.762493,-0.7609996,-1.0010971
GATCCGTCAGTTAAAG-1_rna,-0.5719081,-0.48020917,-0.33691645,2.2001057,-0.3287694,-0.28345817,-0.6470153,-0.58175415,-1.0047204,-0.5295391,-0.4867525,-0.61435306,-0.2810442,5.309331,-0.761814,-0.6011822
GATCGCTCATTAGCCA-1_rna,-0.5047411,-0.8336656,-0.10917923,0.91821,-0.66730833,0.061140314,-0.60686195,-0.5188737,-1.1380044,-0.43235913,-0.38887826,-0.6768042,0.05573885,5.9342637,-0.8160733,-0.27660397
GATGCAGCAAGGATTA-1_rna,-0.3052461,-0.7971056,-0.7699934,-1.3169124,4.1398573,-0.7197656,-0.054249093,-0.15913297,0.8207945,-0.17601603,0.39698732,-0.14021377,-0.50582385,-0.2362127,0.19847664,-0.37544417
GATGCAGCACGTTACA-1_rna,-0.46422958,-0.96797955,-0.67069775,-0.6370608,4.5193357,-0.7696805,-0.2610336,-0.36773217,0.54084706,-0.34169716,-0.3325547,-0.2994395,-0.61149406,1.5690793,-0.3746854,-0.53097737
GATGCTTAGGAGCACG-1_rna,-0.48905173,-0.508749,-0.29747388,1.0433345,-0.6664455,-0.34221056,-0.5330596,-0.539204,-0.59846234,-0.38517997,-0.45985207,-0.52545464,-0.11454368,5.594368,-0.6682757,-0.5097393
GATGGCTGTACGATTG-1_rna,-0.3756407,-0.0109600425,-0.8878446,-0.6357217,4.850143,-0.8433478,-0.19917674,-0.26724803,0.69280785,-0.33433893,-0.14979379,-0.22958311,-0.70396715,-0.18150906,-0.29651725,-0.42730168
GATGGCTGTCCGCTGT-1_rna,-0.5493897,-0.78902537,-0.6611368,0.43340254,5.341653,-0.6687553,-0.4916414,-0.4436565,0.07489319,-0.5227237,-0.48739058,-0.60252494,-0.5656849,0.898006,-0.40312636,-0.5628989
GATTACGGTTGGATCA-1_rna,-0.53191704,0.15944485,-0.7561708,0.86014235,-0.59617686,-0.4680609,-0.49659282,-0.5037375,0.6339655,-0.42040706,-0.604835,-0.49758488,-0.64334136,4.80418,-0.4582684,-0.48064005
GATTACTCAATTGAAG-1_rna,-0.51687986,-0.09253174,-0.45021367,1.1178753,-0.5409839,-0.40889013,-0.46279025,-0.4763596,-0.45121968,-0.38954675,-0.46463984,-0.48907804,-0.37238026,4.941056,-0.5468921,-0.39652508
GATTACTCAGGAACTG-1_rna,-0.8865465,-0.5690776,2.225223,4.890917,-0.17189774,-0.6617907,-0.9101529,-0.90475893,-1.2870404,-0.9958155,-0.817281,-0.9851508,-0.64860094,3.5855198,-1.036389,-0.82715786
GATTACTCAGTTAAAG-1_rna,-0.84727263,4.802134,-0.39347208,-0.03587462,0.13510665,-1.3236055,-0.8377321,-0.9870019,0.41235042,-0.9372734,-0.9524814,-0.74095225,-1.4413214,4.8814726,-0.6474863,-1.0865906
GATTAGCTCCTTAATC-1_rna,-0.7435262,3.18437,-0.5978182,2.3780599,3.87246,-0.48708302,-0.7693906,-0.7885155,-0.6925765,-0.82331264,-0.69036365,-0.6882306,-0.7386511,-1.0200584,-0.6773064,-0.7180571
GATTAGCTCTAAGTGC-1_rna,-0.6114956,-0.39464104,-0.7505466,1.0256877,-0.29900834,-0.5531609,-0.5441021,-0.47040454,1.3528059,-0.54048455,-0.6800232,-0.43213433,-0.73944795,4.5369644,-0.37827238,-0.52173626
GATTATGTCAAACACC-1_rna,-0.9099965,-0.38896382,1.7916452,4.501374,1.0097082,-1.0113816,-0.8387857,-0.8538826,-0.32439357,-1.007178,-0.9758804,-1.0352755,-1.0338712,2.757055,-0.69152385,-0.9886499
GATTATGTCCTCACTA-1_rna,-0.45148307,-0.69612217,-0.55995405,1.03524,-0.1238697,-0.34742844,-0.54069316,-0.37490708,0.30706865,-0.3565538,-0.538229,-0.55730754,-0.45259428,4.4740033,-0.42127675,-0.39589328
GATTCAATCGCTTCTA-1_rna,-0.598452,-0.28446862,-0.5843507,-0.16345356,-0.37398854,-0.47021943,-0.4922781,-0.38809836,0.6952252,-0.34744617,-0.6427569,-0.5420624,-0.5030261,5.446816,-0.3932006,-0.35824007
GATTCAATCTGTAATG-1_rna,-0.514236,0.57488143,-0.451838,0.9808872,-0.22717121,-0.5564939,-0.46103677,-0.4899231,-0.3587127,-0.6272286,-0.5296812,-0.5067351,-0.50038075,4.6989346,-0.54036915,-0.4908965
GATTGCAGTGAGGTGA-1_rna,-0.5755753,-0.7028377,-0.5777409,1.7533684,4.927535,-0.8091931,-0.4933005,-0.51559347,0.06108768,-0.5253726,-0.6414538,-0.57615954,-0.6563833,0.47512597,-0.5256331,-0.6178734
GATTGGCGTACCAGGT-1_rna,-0.43534648,-0.14398007,-0.5139836,0.31455398,-0.5914868,-0.42128068,-0.38994265,-0.391703,0.056192636,-0.265274,-0.4100253,-0.35564697,-0.4033991,4.746646,-0.4285108,-0.36681312
GATTGGCGTGTTAGCA-1_rna,-0.550865,2.2930844,-0.41804528,-0.20705266,-0.2914616,-0.6239165,-0.6175181,-0.651816,-0.50679314,-0.6299944,-0.49650526,-0.44871658,-0.6156403,5.085186,-0.6392143,-0.6807317
GATTGGTTCATGCTCC-1_rna,-0.5386848,-0.75511956,-0.5377621,0.7597428,-0.40198016,-0.3360179,-0.525551,-0.41698778,-0.16875218,-0.4274966,-0.5625165,-0.5190665,-0.29501063,5.6052656,-0.5057459,-0.3743177
GATTGGTTCCCGAAGC-1_rna,-0.86204726,-0.9435124,1.940926,4.8138576,0.08882711,-0.78627795,-0.9209992,-0.8169929,-0.85803485,-0.8972237,-0.94390315,-0.9730893,-0.80288994,3.6584995,-0.7981278,-0.89901185
GCAAACAAGCAAACCT-1_rna,-0.38798216,-1.0275844,-0.6682906,-0.62193584,5.046849,-0.77753365,-0.24110237,-0.21429147,0.73612124,-0.26895773,-0.24101004,-0.3314367,-0.62050134,0.22622116,-0.18944015,-0.4191246
GCAAACTTCACTCAAA-1_rna,-0.65192497,0.81493694,-0.69717133,2.3449786,4.5958114,-0.14427489,-0.65866184,-0.639489,-0.70335805,-0.5526881,-0.5806088,-0.69349086,-0.6222611,-0.6731363,-0.6276148,-0.5110467
GCAAACTTCAGGATGA-1_rna,-0.48024815,-1.1149758,-0.6386458,0.4724378,5.7113767,-0.8045688,-0.53190136,-0.57213235,0.2636415,-0.5715601,-0.5224461,-0.6596105,-0.76504695,1.2861327,-0.45571578,-0.61673725
GCAAGCCTCTCGCCTG-1_rna,-0.70482033,3.3521767,-0.57448936,0.89091593,-0.3309577,-0.86405414,-0.7983374,-0.69472957,0.0062915683,-0.8734874,-0.8243731,-0.7336877,-0.9334724,4.5994654,-0.6590253,-0.85741484
GCAAGTGCAAAGGCCA-1_rna,-0.4743868,-0.7192954,-0.49199682,1.013131,-0.87949383,-0.26261747,-0.4727391,-0.4203906,-0.4505635,-0.32678193,-0.53094894,-0.5848702,-0.22893019,5.759577,-0.51427275,-0.41542047
GCAATAGAGATTGAGG-1_rna,-0.40836576,-0.9644413,-0.7707535,-0.8233038,4.7407093,-0.67595696,-0.26794055,-0.45355442,0.45129287,-0.42221743,-0.1326487,-0.35535046,-0.5703287,1.507353,-0.33109692,-0.5233965
GCAATATGTAGGTTGC-1_rna,-0.7021571,1.0420451,-0.83504766,2.5757854,5.1004586,-0.58940893,-0.78461844,-0.75163394,-0.7651114,-0.85461247,-0.73209244,-0.7239521,-0.7352703,0.22460009,-0.78052056,-0.688464
GCAATCTAGGAAACTG-1_rna,-0.51318526,-0.55537057,-0.25541237,1.7662538,-0.6704203,-0.0598056,-0.7056941,-0.5949522,-1.1728278,-0.5129646,-0.42556533,-0.79362273,0.055420868,5.869112,-0.91289246,-0.5180731
GCAATGAAGTAGCGGG-1_rna,-0.7559409,4.6242175,-0.5430924,-0.4209314,-0.09128022,-1.3056014,-0.7975919,-0.9503297,0.53192484,-0.9008675,-0.9142274,-0.75259036,-1.3325977,5.281293,-0.6218936,-1.0504913
GCAATGTTCATGACCG-1_rna,-0.7203216,2.1755784,-0.6234498,2.3216155,4.5675917,0.10393146,-0.7766929,-0.6851194,-0.98950493,-0.75107694,-0.6312837,-0.7970318,-0.62862426,-1.2144363,-0.84240514,-0.50876987
GCAATGTTCCTGGTCT-1_rna,-0.45654976,-0.7776688,-0.74020654,-0.14536007,4.364879,-0.71033037,-0.22268601,-0.33803147,0.5215197,-0.30419466,-0.22902998,-0.32831675,-0.5687257,0.69443643,-0.24681266,-0.51292276
GCACCTAAGGTGAAAT-1_rna,-0.4925089,-1.0359589,-0.71404517,0.60334486,5.5675473,-0.8954054,-0.48809898,-0.5319803,0.15503529,-0.55468947,-0.56659,-0.6197575,-0.67614293,1.3821194,-0.49305075,-0.63981885
GCACGAACAGACAAAC-1_rna,-0.6014037,-0.38687617,-0.23424405,1.4230142,-0.20272365,-0.21264878,-0.6197707,-0.53944486,-0.84839326,-0.58334213,-0.44754535,-0.7104138,-0.21642467,5.5304027,-0.8565528,-0.4936329
GCACGAACAGGAACCA-1_rna,-0.49200177,-0.8856644,-0.4436034,0.53988427,-0.3278585,-0.40470058,-0.4315098,-0.39297676,0.09573649,-0.35919565,-0.5382379,-0.5515926,-0.2687655,5.34213,-0.4979766,-0.38366693
GCACGCTAGGAAACTG-1_rna,-0.37280557,-0.9043067,-0.66114616,-0.60469806,5.0685415,-0.5287899,-0.26244083,-0.43697754,0.21695195,-0.32558227,-0.17993806,-0.27615258,-0.50446177,0.49140838,-0.35327107,-0.36633116
GCACGGTTCCTTAAGA-1_rna,-0.5184791,-0.64519465,-0.4456348,1.9610995,-0.9250051,-0.1792053,-0.53147745,-0.4657925,-0.59175086,-0.40215984,-0.49961236,-0.5895604,-0.26548693,5.172046,-0.57479095,-0.49899527
GCACTAAGTAACCAGC-1_rna,-0.65649486,0.9720304,-0.71800375,0.5833435,-0.35523963,-0.76378596,-0.6063301,-0.5544993,1.0185351,-0.5967708,-0.7735918,-0.5680008,-0.81432045,4.8463573,-0.4259079,-0.5873204
GCACTAAGTTCATCTA-1_rna,-0.5783705,-0.4917966,-0.55194277,0.71640044,-0.23295407,-0.4511127,-0.51915693,-0.4924087,0.26464093,-0.41045123,-0.55711114,-0.5451874,-0.4486854,5.1503587,-0.39977157,-0.4524513
GCACTTACAGCAGGTA-1_rna,-0.8322023,-0.88991195,1.0543504,5.327437,-0.1180821,-0.9958293,-0.94148266,-0.8815848,-0.27254677,-0.9164423,-0.9420774,-0.9889364,-0.9681891,4.1128035,-0.7706147,-0.9766903
GCAGCTATCTGTTGCC-1_rna,-0.64715517,-0.50085974,-0.80847,1.25347,4.9440017,-0.73007095,-0.69175065,-0.57847923,-0.14746939,-0.65115494,-0.31198126,-0.6546943,-0.70111746,1.2344744,-0.4028829,-0.6058602
GCAGGAAGTCCCGAAG-1_rna,-0.8354018,4.2988334,-0.37618515,0.30050915,0.11181029,-1.2447231,-0.8675662,-0.8970189,0.38088152,-0.9060638,-0.9414809,-0.71610475,-1.291487,4.7213254,-0.69046235,-1.0468659
GCAGGATAGAAAGGAA-1_rna,-0.5607395,-0.81170875,-0.24977559,0.92021203,-0.3518371,-0.12112644,-0.50384563,-0.42197323,-0.968216,-0.3914557,-0.43169874,-0.573585,-0.069705665,5.60534,-0.7358786,-0.334006
GCAGGATAGTTAGGCT-1_rna,-0.82629544,4.537597,-0.7592308,-0.27830875,0.270114,-1.2819592,-0.91387016,-0.9468281,0.52789545,-0.8951049,-0.96907824,-0.82683885,-1.3013822,5.3833027,-0.6353542,-1.0846587
GCAGGCAAGCAGGTTT-1_rna,-0.90703535,2.2059443,-0.93604946,2.4990003,4.8327537,-0.76656425,-0.9805341,-0.94834507,-0.6111394,-0.9494419,-0.8906201,-0.94684124,-0.84959996,0.92178917,-0.87128294,-0.8020334
GCAGGCAAGGACCTGC-1_rna,-0.5021179,-0.551247,-0.253996,1.3469181,-0.56900185,-0.16075449,-0.544127,-0.37291098,-0.84685946,-0.40125698,-0.4613678,-0.5529074,-0.24574436,5.235249,-0.7304255,-0.3894508
GCAGGTGAGGAATAAC-1_rna,-0.56094176,-0.88337594,-0.4281065,0.9027444,-0.401729,-0.38902134,-0.55141914,-0.5152666,0.103880025,-0.3926779,-0.60773534,-0.6147213,-0.31306702,5.662414,-0.5182882,-0.4926883
GCAGGTTGTGACATGC-1_rna,-0.9616964,3.0690162,-0.21065322,4.533239,4.817897,-0.532318,-1.2131866,-1.0311561,-1.5829716,-0.9888054,-0.9295907,-1.0723102,-0.8565239,-0.7740221,-1.2877333,-0.9791838
GCATGAAAGCGAGGTG-1_rna,-0.5448755,0.5151212,-0.6182362,0.55065227,0.054931007,-0.81253326,-0.6301342,-0.5540997,0.5958797,-0.6680213,-0.6738919,-0.5319544,-0.8706465,5.194701,-0.35238793,-0.65450466
GCATGAAAGCGCCTTT-1_rna,-0.5306475,-0.4498736,-0.2868655,1.4572285,-0.7862617,-0.18385893,-0.50142634,-0.4465631,-0.878906,-0.31659183,-0.42411825,-0.50658786,-0.3024685,5.2653284,-0.744622,-0.36376664
GCATGAAAGGCAATAG-1_rna,-0.59307903,-0.29311603,-0.216824,1.8268524,-0.37844747,-0.30088127,-0.6004486,-0.62061954,-0.77884984,-0.52728546,-0.45061916,-0.6391368,-0.18142968,5.1029744,-0.8231094,-0.5259805
GCATTAGGTATGGTGC-1_rna,-0.5338044,1.3524714,-0.6543908,2.2990255,4.5945215,-0.26353765,-0.6815001,-0.6796123,-0.6870403,-0.6667528,-0.60619235,-0.67663693,-0.57734287,-0.975605,-0.7047926,-0.5388105
GCATTAGGTATTCGTC-1_rna,-0.49184772,-0.27540186,-0.55043256,0.32107842,-0.6095506,-0.38183203,-0.42110553,-0.37644356,0.36956927,-0.3357688,-0.49542937,-0.35938272,-0.44663122,4.865069,-0.3652747,-0.44661614
GCATTAGGTTAGCCAA-1_rna,-0.45508313,-0.79100496,-0.39993978,1.0424205,-0.4099661,-0.28500384,-0.47436655,-0.45097727,-0.41644406,-0.38958526,-0.49687415,-0.47856396,-0.25092524,5.148023,-0.55265856,-0.33904994
GCCAACATCCGGCTAA-1_rna,-0.549062,0.73747027,-0.6954531,0.40962207,5.0581884,-0.7236475,-0.5153763,-0.5158325,0.10000681,-0.60233736,-0.47400153,-0.63421756,-0.5509059,-0.29110152,-0.24717917,-0.5061735
GCCAATTAGGCAAGTA-1_rna,-0.5256345,-0.76975846,-0.492727,0.96356344,-0.40673932,-0.34341988,-0.48900566,-0.4908822,-0.2160762,-0.34506387,-0.5595019,-0.5874753,-0.3956947,5.5933766,-0.5516869,-0.38327363
GCCACACAGGTCCTGA-1_rna,-0.71638954,-0.29745656,-0.92384326,0.9219552,1.0985504,-1.022647,-0.7664131,-0.69647044,2.430361,-0.82249266,-0.90046734,-0.5756316,-1.1775614,4.602507,-0.40706408,-0.74693674
GCCACTAAGGAACCGG-1_rna,-0.6211538,0.4280629,-0.72333276,0.47965032,-0.48794252,-0.3142183,-0.54084814,-0.5703749,0.5566964,-0.49144465,-0.63176465,-0.4495318,-0.56051475,4.8536634,-0.4078841,-0.5190629
GCCAGGAAGGAACCGG-1_rna,-0.5742719,-0.45903382,-0.6615616,1.2177464,5.2376575,-0.68293977,-0.52434623,-0.56123376,-0.2462655,-0.670601,-0.6192739,-0.6096698,-0.58166146,0.84521174,-0.51362455,-0.59613216
GCCAGGTTCCAAACAC-1_rna,-0.53279173,-0.94603866,-0.6418819,-0.3132887,5.3097315,-0.76793075,-0.29687777,-0.38948223,0.6013062,-0.39847907,-0.5342406,-0.46086943,-0.6324791,0.9584871,-0.41869706,-0.5364673
GCCAGGTTCGTCAAGT-1_rna,-0.50948393,-0.41654906,-0.62061024,0.77265275,5.1895084,-0.6221224,-0.42714545,-0.4622765,-0.15665394,-0.54312253,-0.5010358,-0.5524626,-0.5117693,0.31381068,-0.4667538,-0.4859865
GCCATTACAGCCTAAC-1_rna,-0.42023265,-0.5328658,-0.39931935,0.6402244,-0.8172403,-0.01839605,-0.42584407,-0.42454702,-0.44251323,-0.4243167,-0.4265579,-0.42554474,-0.21411179,5.184146,-0.46005774,-0.39282268
GCCCAAATCCTTGTTG-1_rna,-0.5848904,-0.7799173,-0.6115637,0.97840244,-0.16893609,-0.298032,-0.51631105,-0.49288398,-0.45523834,-0.4095356,-0.5303351,-0.56692123,-0.27430296,5.760068,-0.6337915,-0.4158113
GCCCATAAGCCGCAGT-1_rna,-0.52247113,0.15306276,-0.5732163,0.53910697,-0.4533217,-0.35991153,-0.5090605,-0.49133652,0.1426454,-0.4407413,-0.5781463,-0.47224814,-0.3914702,4.865777,-0.45538652,-0.453282
GCCTATTGTCATTGTC-1_rna,-0.57109934,-1.0053864,-0.9215846,0.1143723,4.486264,-0.8508053,-0.21183118,-0.30688787,0.7659003,-0.23896416,-0.07929107,-0.35711193,-0.57948464,0.693115,-0.25788802,-0.6793174
GCCTATTGTTATCCGT-1_rna,-0.6156864,0.70368266,-0.5627116,1.2031015,0.038277805,-0.5995635,-0.6300969,-0.7105391,-0.27643177,-0.7353864,-0.47703943,-0.5712837,-0.62579143,5.1724167,-0.61390686,-0.69904137
GCCTCGACACGAATCC-1_rna,-0.4685862,-0.29729706,-0.7357694,0.5146416,-0.9850216,-0.650292,-0.39739412,-0.42040843,0.9100628,-0.50256795,-0.5950702,-0.26679593,-0.42646658,5.159859,-0.38471115,-0.4541828
GCCTCGACAGTGAACG-1_rna,-0.6223506,1.1014173,-0.6839456,2.2595294,4.8492436,-0.37489098,-0.6480861,-0.58464956,-0.6545444,-0.642377,-0.60084915,-0.6878127,-0.6087162,-0.8887463,-0.6285568,-0.5846648
GCCTGTGCAGGCGAGT-1_rna,-0.44638425,-0.85019743,-0.7497938,-0.47834265,4.3003597,-0.7363698,-0.17533457,-0.21653147,0.6597777,-0.3109852,-0.3452413,-0.24908556,-0.57012427,0.99974144,-0.32526177,-0.50622684
GCCTTAACACAATGTT-1_rna,-0.3857475,-0.6609381,-0.6972794,0.114273086,4.454605,-0.2292469,-0.16557401,-0.28720784,0.12378643,-0.19856626,-0.14895871,-0.17384668,-0.4328289,-0.79732555,-0.16934095,-0.34580386
GCCTTAACACTTAGGC-1_rna,-0.3478369,0.04895155,-0.25472564,0.5426657,-0.63081104,-0.15017423,-0.5171934,-0.45697814,-0.7450078,-0.4209559,-0.3768927,-0.4120248,-0.19546592,4.7988405,-0.5298068,-0.35258514
GCCTTAACAGCATGAG-1_rna,-0.7046918,0.0016601905,1.5919445,5.3673425,-0.40818352,-0.9525652,-0.88179344,-0.8071943,-0.5193107,-0.84239894,-0.90540147,-0.930182,-0.8516308,2.3447928,-0.6404455,-0.861942
GCCTTAACAGGCGAGT-1_rna,-0.7888642,1.9951036,-0.8212992,3.5967207,4.8565235,-0.37944216,-0.9258665,-0.7462129,-1.1227307,-0.83132166,-0.7038337,-0.9102099,-0.6798368,-0.99618423,-0.8694853,-0.6730605
GCCTTACTCACTAAGC-1_rna,-0.5061642,0.002122417,-0.7163938,1.0629766,-0.5059693,-0.84158444,-0.43353757,-0.56723917,1.3318512,-0.62910295,-0.66334033,-0.49112198,-0.6832752,4.654291,-0.35816824,-0.65534437
GCCTTACTCTTGCTAT-1_rna,-0.7843626,3.4329805,0.2727599,-0.1363173,0.60101986,-1.2448732,-0.803538,-0.9548512,0.7365965,-0.94186,-0.95366806,-0.64150625,-1.3702339,4.4659066,-0.6688083,-1.0092444
GCCTTAGAGCTGCACA-1_rna,-0.7839367,2.7812295,-0.84678787,3.2617762,4.837937,-0.35605,-0.93403554,-0.82673526,-1.1235478,-0.8381333,-0.8425189,-0.9184638,-0.70929295,-0.9807122,-0.94563353,-0.77509505
GCCTTAGAGTTATGGC-1_rna,-0.4577781,1.4968383,-0.5127136,0.054882698,-0.9605834,-0.59511626,-0.43961495,-0.37373728,-0.15711108,-0.42076445,-0.48371166,-0.40509894,-0.5079711,4.700733,-0.48050487,-0.4577489
GCCTTGCGTACAAAGA-1_rna,-0.60813856,-0.6340444,-0.8304734,-0.13189915,0.52106166,-0.86645997,-0.5613446,-0.46502385,2.0039275,-0.68520427,-0.69517326,-0.4791192,-0.76234925,5.159671,-0.39508173,-0.5703486
GCCTTGCGTCATAACG-1_rna,-0.43322697,-0.16040477,-0.9725243,-1.0396745,4.595967,-0.853009,-0.31836706,-0.33483583,0.78923965,-0.3017766,-0.100628965,-0.29739013,-0.6974577,1.0372578,-0.3741593,-0.53900933
GCCTTGCGTCATTGTC-1_rna,-0.6162546,-0.4502496,-0.44157845,0.32374138,-0.13678767,-0.36383212,-0.6447598,-0.4751814,-0.3976946,-0.4373682,-0.5217106,-0.64514345,-0.121080264,5.745449,-0.42298925,-0.39456028
GCCTTGCGTTAAGCTG-1_rna,-0.97939986,4.79711,-0.2813995,0.29725373,0.4888518,-1.483588,-0.9769092,-1.1541734,0.9158664,-1.1230865,-1.1457323,-0.8112739,-1.6593323,5.0035934,-0.6858651,-1.201916
GCGAAGTAGGGTGAAC-1_rna,-0.57831043,-0.040396288,-0.61238766,2.2507935,4.9821715,-0.6431462,-0.6395038,-0.58200645,-0.36805874,-0.64572155,-0.6583559,-0.60822964,-0.6328291,-0.05125265,-0.53969485,-0.63307184
GCGAGTGAGGGATTAG-1_rna,-0.5431316,-0.84520006,-0.4642507,0.8246256,0.08786084,-0.6114689,-0.53456974,-0.42218485,0.0013480633,-0.52983093,-0.56127334,-0.6006632,-0.42498627,5.6241074,-0.5373652,-0.4630166
GCGCAAACATAAGCAA-1_rna,-0.5314771,-0.7108551,-0.47921494,0.6799563,-0.297995,-0.4824284,-0.48154047,-0.45554945,-0.034182757,-0.39020446,-0.555488,-0.5565522,-0.27001515,5.585696,-0.5123956,-0.5077541
GCGCAAACATAGCTGC-1_rna,-0.5015909,-0.19451697,-0.5533102,0.36366075,-0.5293761,-0.47362608,-0.45640987,-0.44776672,0.30828968,-0.39239186,-0.5940474,-0.54735154,-0.38067746,5.3151007,-0.45982605,-0.4561594
GCGCGATTCAATCTCT-1_rna,-0.42468265,-0.5575851,-0.6022012,0.031131677,-0.76822436,-0.3333496,-0.3870097,-0.3376572,0.5168489,-0.2980707,-0.5467291,-0.403147,-0.3663814,5.19986,-0.40212777,-0.32067472
GCGCGATTCATAGACC-1_rna,-0.89663255,2.6803687,-0.35959506,3.7803092,4.675421,-0.7330818,-0.90887177,-1.0081335,-0.8676472,-0.9166802,-1.1548063,-1.0489278,-1.0428652,-0.18618637,-1.0574319,-0.9552399
GCGCTAGGTTTGCGCC-1_rna,-0.53691876,-0.57734203,-0.48357195,0.7516505,-0.47696602,-0.19733351,-0.51436293,-0.4927749,-0.36009014,-0.41428506,-0.5079952,-0.5573045,-0.2786384,5.564647,-0.58701277,-0.3317013
GCGCTTAAGCTCCCTG-1_rna,-0.8472102,4.767472,-0.40750396,-0.07800022,-0.17966883,-1.2534285,-0.8718513,-1.0237824,0.25690883,-0.9314681,-0.95683813,-0.7010636,-1.4110217,5.259143,-0.56362736,-1.0580591
GCGCTTGCATTAGCCA-1_rna,-0.8152091,3.9493032,-0.37748533,-0.015133902,0.14218707,-1.0804377,-0.8923985,-0.9414062,-0.12098335,-0.87303734,-0.85427505,-0.7311657,-1.0185332,5.297578,-0.6957388,-0.9732638
GCGGAACCAAGCTTTG-1_rna,-0.948265,3.6771474,1.01532,0.900898,0.6000782,-1.3366894,-0.9708913,-1.0908525,0.52182275,-1.0449718,-1.05581,-0.7638294,-1.4593637,3.7642078,-0.74558467,-1.0632161
GCGGAACCACAAAGGT-1_rna,-0.756618,2.5010185,0.12447573,1.3630257,-0.29043773,-1.0522237,-0.72478855,-0.76688945,-0.26734263,-0.7769655,-0.79075146,-0.6907524,-0.9387158,4.567802,-0.6400995,-0.8607372
GCGGAACCATCACAGC-1_rna,-0.6150645,0.112945415,-0.41420057,1.9421902,-0.110106796,-0.44141182,-0.6734626,-0.62309635,-0.83770096,-0.64572906,-0.5039799,-0.5745573,-0.40597102,5.15201,-0.84704375,-0.51482093
GCGGGTTTCCCTGTTA-1_rna,-0.47126734,-0.99469876,-0.65208477,-0.19498105,5.429792,-0.72396463,-0.45227778,-0.42701197,0.56350857,-0.549295,-0.35046017,-0.54957247,-0.6287789,0.9183054,-0.43142253,-0.4857902
GCGTGCTAGCCTGATG-1_rna,-0.6528082,-0.20281638,-0.40436232,1.0755805,-0.36832368,-0.35933185,-0.64769214,-0.66843194,-0.4600994,-0.5284874,-0.5399942,-0.6651069,-0.16769521,5.7524824,-0.73344016,-0.42947292
GCTAACAGTAAATTGC-1_rna,-0.66393244,-0.51195586,-0.832047,0.49756873,-0.46947488,-0.32786345,-0.5781517,-0.5051255,0.916767,-0.43793294,-0.6767026,-0.54011965,-0.42613935,5.486581,-0.4856995,-0.44577172
GCTAACAGTGGATTAT-1_rna,-0.41024032,-0.29122654,-0.31126007,0.9458389,-0.6846957,-0.14126399,-0.4045005,-0.41308448,-0.5850928,-0.41638288,-0.3901963,-0.375061,-0.3133342,4.6475387,-0.46734294,-0.38969585
GCTAACAGTTTAACCC-1_rna,-0.56198996,0.10644595,-0.7507552,0.5688661,4.960794,-0.61986285,-0.55337363,-0.57025903,0.13199644,-0.65383244,-0.49198723,-0.5999654,-0.59580237,0.47896814,-0.3732192,-0.47602326
GCTAACCCAAGGAATC-1_rna,-0.38482133,-0.84456795,-0.66162497,-0.08049923,4.4285216,-0.6795357,-0.29613668,-0.2609961,0.4421165,-0.4052336,-0.26998913,-0.31283835,-0.5984882,0.69203943,-0.30138564,-0.46656102
GCTAACCCAGTGAACG-1_rna,-0.54650587,-0.8294213,-0.46314907,0.5564201,-0.10174456,-0.43228966,-0.47562343,-0.4149534,0.21437323,-0.41754955,-0.5796734,-0.6555416,-0.40192026,5.5029173,-0.48586732,-0.46947104
GCTAAGCGTTAAGCGC-1_rna,-0.5529462,0.030182451,-0.519063,1.0589349,-0.19735721,-0.42820856,-0.5538509,-0.620499,-0.5378448,-0.52907157,-0.5688013,-0.6183113,-0.39658812,5.5501585,-0.5787331,-0.53800106
GCTAGCTCATAAACCT-1_rna,-0.42248195,-0.7898653,-0.3982767,-0.07619734,-0.6557077,-0.13465393,-0.44519633,-0.30357647,-0.07295081,-0.3274636,-0.47163576,-0.5194522,-0.24438843,5.597917,-0.4319589,-0.304112
GCTAGCTCATCCATCT-1_rna,-0.49007094,0.002273798,-0.46106797,0.7191197,-0.7691489,-0.08507632,-0.57831323,-0.51670426,-0.81621695,-0.39669657,-0.4567147,-0.664424,-0.18655275,5.6874423,-0.5952251,-0.39262402
GCTAGTGTCAAACACC-1_rna,-0.7182037,0.54184544,-0.53127974,2.7695649,4.862037,-0.75666445,-0.8471562,-0.637596,-0.1730277,-0.8414745,-0.7175656,-0.69848794,-0.70008296,-0.22143477,-0.6896859,-0.64078754
GCTATAGGTGACCTGG-1_rna,-0.5221202,-0.86668867,-0.63740736,0.58710116,-0.5411893,-0.39442873,-0.41856593,-0.4234662,0.3889982,-0.35353053,-0.57751703,-0.5492404,-0.368262,5.5193043,-0.41983312,-0.42315483
GCTATCCTCAAATCGC-1_rna,-1.0099914,4.322693,-0.3090337,3.8262978,4.729121,-0.3756348,-0.96976274,-1.1018319,-1.3930061,-0.93394345,-1.0638826,-1.0915675,-0.84439427,-1.6227348,-1.2649665,-0.8973618
GCTATTGCAACCCTAA-1_rna,-0.48100647,-1.0320557,-0.6913245,0.37681305,5.2620845,-0.80228186,-0.4586495,-0.41529658,0.27279758,-0.5297824,-0.36110246,-0.5648043,-0.6534412,0.8952925,-0.3496272,-0.46761551
GCTCAACCATTTGCTC-1_rna,-0.61043465,-0.83255446,-0.84977984,0.11930635,-0.026857719,-0.6775439,-0.395212,-0.34376764,2.4612653,-0.5119053,-0.6707325,-0.43694094,-0.76109767,4.392798,-0.36460155,-0.4919416
GCTCACAAGCTCGCTT-1_rna,-0.54564315,1.1658772,-0.5037348,1.0558424,-0.05709921,-0.6043407,-0.6597295,-0.6689537,-0.58451027,-0.5987984,-0.520748,-0.5834469,-0.49402034,4.827429,-0.5760648,-0.652059
GCTCATTGTAGTTAAC-1_rna,-0.54395956,-1.000406,-0.5667498,1.1938152,-0.52631813,-0.37068924,-0.48501933,-0.3838904,0.22246182,-0.37584436,-0.56231326,-0.5461111,-0.3045234,5.178959,-0.50511014,-0.42430103
GCTCCTTAGCTTTGTT-1_rna,-0.41081133,-1.0467311,-0.7683257,0.10541479,4.308994,-0.7576126,-0.24071552,-0.38991016,0.5009185,-0.30074802,-0.34494105,-0.31132665,-0.56489086,0.99887335,-0.27376688,-0.50442106
GCTCGATCAGTCTAAT-1_rna,-0.8411253,-0.6841989,1.7388167,5.0165877,0.19822021,-0.857536,-0.7572526,-0.7709443,-0.54920703,-0.88556683,-0.89704597,-0.9930402,-0.8580007,2.6992304,-0.7154264,-0.84351057
GCTCTGGCAGTAGGTG-1_rna,-0.394408,-0.98360676,-0.7877173,-0.28763127,4.1462746,-0.7818814,-0.20792826,-0.26291895,0.80325055,-0.26324797,-0.4049824,-0.23765178,-0.5488855,1.0781825,-0.35181898,-0.51502913
GCTCTGTTCCATAATG-1_rna,-0.7816664,-0.6886822,2.5487554,5.017533,-0.3388957,-0.7590457,-0.8883745,-0.8551478,-0.91862875,-0.8464294,-0.88013846,-0.9354511,-0.6775454,2.6354482,-0.8009774,-0.83075374
GCTCTGTTCTGTTGCC-1_rna,-0.4478781,-0.93899226,-0.6858152,-0.091246285,5.063467,-0.83669025,-0.3036219,-0.36757466,0.5243262,-0.34768385,-0.3394281,-0.31986818,-0.58265215,0.59022224,-0.41370347,-0.5028604
GCTCTGTTCTTAGCGG-1_rna,-0.4412259,-0.856772,-0.66361195,1.1107583,4.4238772,-0.755133,-0.4779232,-0.51874137,0.56755656,-0.5355919,-0.47219294,-0.49057215,-0.60574675,0.61475366,-0.37235188,-0.5270823
GCTGACCAGTCCTGAG-1_rna,-0.5320488,-0.69063056,-0.69741863,0.81997323,4.9679155,-0.6975528,-0.48229343,-0.40755016,0.09267954,-0.4835623,-0.4753285,-0.48599857,-0.6166663,0.48707667,-0.2480753,-0.55051947
GCTGAGGAGCACCACA-1_rna,-0.54276186,-0.77731156,-0.70803964,0.92250013,4.693669,-0.8240113,-0.4436192,-0.47350395,0.19005242,-0.4964084,-0.6383238,-0.48114908,-0.6240674,1.183486,-0.47242677,-0.5080846
GCTGAGGAGGCTTAGT-1_rna,-0.5287222,-0.1838154,-0.65394074,0.33864826,-0.37177783,-0.49565524,-0.48489976,-0.46325213,0.73984575,-0.44471264,-0.6692591,-0.52054864,-0.55908465,5.228469,-0.42289317,-0.5084013
GCTGCACAGTTTGCGG-1_rna,-0.73611605,1.1673733,-0.7074226,3.230365,5.0397983,-0.51202273,-0.82634664,-0.75113976,-0.4683762,-0.7720804,-0.836308,-0.7427355,-0.66609347,-0.8849746,-0.78021646,-0.7537041
GCTGGATGTGCATTAG-1_rna,-0.54442734,0.48046035,-0.6975238,0.5641844,5.1852694,-0.6661105,-0.5629423,-0.49832106,-0.00828699,-0.57248694,-0.3721038,-0.5868285,-0.59788656,-0.20470206,-0.407588,-0.5107062
GCTGTACCAGTAAAGC-1_rna,-0.58909535,-0.417233,-0.56673545,0.7775123,0.098489165,-0.6219422,-0.5532297,-0.5267253,0.21504733,-0.46410406,-0.617226,-0.7253354,-0.48025244,5.6096144,-0.62025696,-0.51852715
GCTGTGCAGCTAATCA-1_rna,-0.40154868,-0.44698775,-0.30024314,0.7727967,-0.60691726,-0.35936624,-0.52321595,-0.43945253,-0.6384023,-0.32275856,-0.40800488,-0.4307754,-0.23745933,5.2618694,-0.5267751,-0.39275926
GCTGTGCAGCTGTCAG-1_rna,-0.5712485,-0.70994395,-0.45457953,1.1846526,-0.42483592,-0.37657368,-0.53809917,-0.51697415,-0.5052893,-0.5219174,-0.56568545,-0.5532042,-0.34124804,5.9988995,-0.5859879,-0.51796454
GCTTAAATCCTTTACG-1_rna,-0.37765267,-1.0625267,-0.62755704,-0.32095587,5.060617,-0.6737913,-0.30589202,-0.30134457,0.5254692,-0.312109,-0.39966032,-0.3032432,-0.5406296,0.29231343,-0.23771691,-0.41532013
GCTTACCTCGAGGAAC-1_rna,-0.44942868,-0.9588212,-0.6075726,-0.38271546,4.9826345,-0.6237561,-0.3315764,-0.42521346,0.5976115,-0.31544137,-0.45450914,-0.29865682,-0.5326388,0.47385246,-0.2684632,-0.40530515
GCTTAGTAGTCACCTC-1_rna,-0.46141583,-0.8467588,-0.39143497,0.1240093,-0.5468925,-0.37388468,-0.46860886,-0.41558552,-0.15069517,-0.31788766,-0.50856525,-0.54412913,-0.218079,5.9098296,-0.3907836,-0.3991177
GCTTCGCGTCAGGCAT-1_rna,-0.80212486,1.8445791,-0.84719586,3.3636744,5.0417266,-0.54771626,-0.90136933,-0.7872728,-0.8347087,-0.8550129,-0.8330498,-0.89529824,-0.740121,-0.58890116,-0.8914546,-0.7257546
GCTTCGCGTGCTTACT-1_rna,-0.59488225,3.7213874,-0.37015125,-0.17854103,-0.43109596,-0.93267363,-0.7264582,-0.67466825,-0.558475,-0.71531206,-0.6817646,-0.40489978,-0.86715657,4.7585397,-0.62098664,-0.7228619
GCTTGACCAGCATGGA-1_rna,-0.7156984,0.93505186,-0.7920113,2.2178211,4.9312773,-0.52348155,-0.73132443,-0.66857827,-0.25658107,-0.73448336,-0.74335533,-0.69293815,-0.68309635,-0.19785582,-0.72444516,-0.6203007
GCTTGTTGTACCGAAC-1_rna,-0.30796313,-1.0288361,-0.7425905,-0.4245664,4.5817213,-0.7019907,-0.25233513,-0.27788857,0.8202985,-0.24218783,-0.18109402,-0.22454554,-0.65273046,0.3167314,-0.16786408,-0.5141583
GCTTTACGTCTAACCT-1_rna,-0.62773913,1.1682941,-0.7860778,2.4244025,4.3552704,-0.4621507,-0.7454096,-0.72813743,-0.24930918,-0.7058492,-0.60163414,-0.7801315,-0.66326976,-0.308379,-0.72397393,-0.56590563
GCTTTACGTGGTTATG-1_rna,-0.53262097,-0.81738406,-0.49765778,0.7810884,-0.49058545,-0.30925936,-0.4896961,-0.43036693,0.074430436,-0.3467731,-0.5287843,-0.5093976,-0.30078185,5.352812,-0.47100723,-0.48401624
GCTTTATTCGGCCAGT-1_rna,-0.94236904,-0.4682933,2.017375,4.6846666,0.6119455,-0.88155997,-0.9504217,-0.8642306,-0.8180225,-0.97895557,-0.9327315,-1.0710883,-0.9414224,3.3868482,-0.86005354,-0.9916871
GCTTTCATCATGCAAC-1_rna,-0.7183708,3.5715687,-0.5235132,1.0123531,-0.45039257,-1.0613179,-0.77211773,-0.8276088,-0.47778234,-0.80989575,-0.7678312,-0.57007754,-0.91366434,4.841157,-0.6965512,-0.8359555
GCTTTGTGTGTAACCA-1_rna,-0.39852643,-0.58566463,-0.605039,0.2623463,4.144426,-0.5356884,-0.30654564,-0.41198707,0.16210711,-0.40762454,-0.3329934,-0.35226953,-0.56744075,0.5916835,-0.27904978,-0.3777337
GCTTTGTGTTCACCCA-1_rna,-0.35800618,-0.14500612,-0.5853174,-0.5219185,4.0599566,-0.72820306,-0.19880407,-0.2682382,0.72941077,-0.35100257,-0.32252508,-0.23922074,-0.6576957,0.27384692,-0.26741016,-0.41986638
GGAAACTCAAGCCAGA-1_rna,-0.44905603,-1.0206623,-0.657141,0.3726684,5.0503135,-0.8077556,-0.3807215,-0.42890185,0.26337212,-0.414402,-0.42817968,-0.45151412,-0.59437966,0.85855114,-0.41812193,-0.4940697
GGAAACTCACCAAAGG-1_rna,-0.54515177,0.72282004,0.40489376,1.2867854,-0.35123998,-0.66849226,-0.5953596,-0.4513269,-0.44109714,-0.5645154,-0.4685725,-0.5743863,-0.644089,4.365528,-0.7210231,-0.75477344
GGAAACTCAGGTTCAC-1_rna,-1.1022466,3.8159854,3.0961835,4.1587515,0.9648609,-1.1618752,-1.1773138,-1.0431933,-0.9431896,-0.9822043,-1.1082159,-1.1483438,-1.2093809,0.070703745,-1.1766021,-1.0539194
GGAACCACAAGGTATA-1_rna,-0.41416836,-0.8262066,-0.63727427,0.33200896,4.7722983,-0.5703157,-0.3493666,-0.37899745,0.108780906,-0.4343512,-0.23514892,-0.38071424,-0.51327205,0.22722936,-0.33841282,-0.36208993
GGAACCACACTAGCGT-1_rna,-0.5135776,-0.8347354,-0.45968518,0.9386225,-0.30188546,-0.2939224,-0.51888037,-0.42774794,0.037173644,-0.37048152,-0.548175,-0.5275326,-0.28116697,4.9594703,-0.44233224,-0.41514364
GGAACCACAGTAGGTG-1_rna,-0.49152288,-0.71047926,-0.36586335,0.99012256,-0.3750147,-0.25638676,-0.51947284,-0.48222926,-0.607643,-0.37354347,-0.51416683,-0.5180923,-0.21579406,5.5018945,-0.5702224,-0.49158576
GGAAGCTAGGCAAGTA-1_rna,-0.7590672,4.8364673,-0.5447845,-0.38324088,-0.2775417,-1.2214829,-0.82438344,-0.91841274,0.19757493,-0.9458944,-0.9599468,-0.7465006,-1.3369116,5.534842,-0.6076309,-1.0430865
GGAATCTTCCCATAAA-1_rna,-0.8665806,4.432909,-0.40735385,0.42107922,0.21475267,-1.4057924,-0.9237411,-1.0332032,0.7945858,-1.0092491,-1.0452232,-0.7594987,-1.4974278,4.8701973,-0.6870476,-1.0984063
GGACAGCCATAATGAG-1_rna,-0.32554126,-0.2883255,-0.4783523,0.19587782,-0.7933365,-0.42486018,-0.22868964,-0.2559058,-0.060278773,-0.13591704,-0.20933837,-0.3464598,-0.37666285,4.2900214,-0.25517267,-0.3070589
GGACAGCCATGTTGTG-1_rna,-0.43706858,-0.65373456,-0.29620475,0.9981863,-0.59590584,-0.1581273,-0.4546436,-0.41299367,-0.7794831,-0.35913527,-0.46082532,-0.57878995,-0.27579498,5.4142175,-0.64028,-0.30941653
GGACCTCAGGAGTCTT-1_rna,-0.22374436,-0.6758146,-0.61888987,-0.037413076,4.1737847,-0.38624445,-0.21447027,-0.3171306,0.08114103,-0.22098646,-0.08959085,-0.18205902,-0.44902235,-0.34849578,-0.20704281,-0.2840211
GGACCTCAGTAGAGGC-1_rna,-1.2496743,4.605782,-0.1625579,4.235086,4.6354885,-0.60897714,-1.1986154,-1.0224686,-1.3442589,-0.9411218,-1.0194342,-1.2173014,-0.89707685,-1.3946542,-1.411667,-1.0085489
GGACCTCAGTTAGAGG-1_rna,-0.4417788,0.5849747,-0.3261529,1.3867794,-0.6752114,-0.34840706,-0.5911838,-0.5259242,-0.9341723,-0.5851126,-0.5176145,-0.59226084,-0.34233972,5.2019873,-0.84104156,-0.45254186
GGACCTCAGTTCCCAC-1_rna,-0.45104757,-0.68074524,-0.5203048,0.17884435,-0.74358773,-0.15369213,-0.3967478,-0.3912823,0.09440249,-0.27886963,-0.48476836,-0.39202937,-0.28967473,5.230579,-0.42396936,-0.29710677
GGACGAAGTGCGCATG-1_rna,-0.67984533,-0.8184997,-0.37567103,2.7358108,-0.39617836,-0.43751568,-0.6230558,-0.6755576,-0.81159675,-0.5272131,-0.69249177,-0.70144516,-0.2729844,5.77643,-0.80325633,-0.69692993
GGACGAAGTGTGTCCC-1_rna,-0.92302716,3.8898382,-0.33309397,4.076199,4.794736,-0.5713959,-1.0877371,-0.9652455,-1.2254548,-0.93163884,-1.0753807,-1.0327108,-0.83306134,-1.553556,-1.2152895,-1.0131814
GGACGAAGTTGAGCCG-1_rna,-0.42241657,-1.1058638,-0.7595628,-0.14336288,4.4012938,-0.64978623,-0.1619147,-0.295476,0.61112845,-0.22305954,-0.2638185,-0.30999786,-0.5802985,0.6647127,-0.26284975,-0.4987278
GGACGGATCCTCAGTC-1_rna,-0.46695602,-0.7785119,-0.36488312,0.40560132,-0.31474465,-0.39480215,-0.418724,-0.4123767,0.15443586,-0.3553396,-0.5311031,-0.47951907,-0.21090318,5.020891,-0.42182124,-0.4312436
GGAGGTTAGACTAAGG-1_rna,-0.55575514,-0.10024102,-0.47624663,0.8593308,0.14420514,-0.48749748,-0.580724,-0.4444016,-0.38181856,-0.485862,-0.5506718,-0.539855,-0.3925288,5.197281,-0.53692174,-0.668293
GGAGGTTAGACTTATG-1_rna,-0.5047292,0.08966617,-0.58943444,1.2250298,-0.35554016,-0.48624384,-0.48068118,-0.53882605,-0.3195483,-0.50845206,-0.5062046,-0.4743967,-0.53621584,4.8436646,-0.50375724,-0.35433084
GGAGGTTAGGCTCATG-1_rna,-0.6418575,-0.502692,-0.22782087,1.1097869,-0.13555631,-0.2167027,-0.63172674,-0.5585965,-0.9753953,-0.4509044,-0.5094627,-0.61332965,-0.22697473,5.8892374,-0.78282714,-0.5251776
GGAGTCTGTTATCCGT-1_rna,-0.7652576,3.8452277,0.44178104,-0.22194134,-0.3201353,-1.1072042,-0.7753614,-0.8544893,0.012771845,-0.8389813,-0.78524005,-0.6104029,-1.1275276,4.5732017,-0.56486154,-0.9015796
GGATAACCAAGATTCT-1_rna,-0.59890497,1.6151024,-0.5032034,1.0048704,0.05950436,-0.4187943,-0.688923,-0.7246125,-0.78156173,-0.7122036,-0.58075655,-0.594033,-0.6769942,4.864154,-0.6735859,-0.5900576
GGATAACCAATTAGGA-1_rna,-0.33369738,-0.45777977,-0.6397222,0.20488323,4.618725,-0.41167456,-0.34856975,-0.33562034,0.0854758,-0.41750842,-0.21465994,-0.3963263,-0.5088766,-0.1656226,-0.26385832,-0.4151674
GGATGAATCGTTAACA-1_rna,-0.52737707,-0.9452058,-0.7102985,0.42022723,5.1343455,-0.66877544,-0.3744036,-0.42930835,-0.014777444,-0.4781227,-0.53419405,-0.51441586,-0.5699149,1.2401184,-0.4754479,-0.5524493
GGATGGCCACACTAAT-1_rna,-0.2710253,-1.1169769,-0.7804971,-1.1238797,4.338467,-0.42870814,-0.085945286,-0.16757253,0.7070991,-0.041337512,0.30785084,-0.041377343,-0.54290146,-0.285855,-0.061025776,-0.4063156
GGATTATGTAAGCTTG-1_rna,-1.0266373,-0.3616069,2.1809878,5.239252,-0.039178357,-0.91908735,-0.9608875,-0.8587808,-0.95267886,-0.943819,-0.98312646,-1.0817246,-0.9452278,3.5113816,-0.89753765,-0.96132874
GGATTATGTTGTTCAC-1_rna,-0.502799,-0.120155856,-0.7054744,0.61749554,-0.22519921,-0.36678457,-0.45258915,-0.4434827,0.40808046,-0.38680452,-0.5484272,-0.4760604,-0.6058141,4.6906834,-0.39371294,-0.48895526
GGATTTATCACCGGTA-1_rna,-0.5701149,-0.9576996,-0.6350482,0.26216543,-0.21227555,-0.5632854,-0.48998588,-0.36452162,0.7613606,-0.42811048,-0.63536453,-0.5388404,-0.3242774,5.5498867,-0.434605,-0.41928333
GGCAAATCAAGCCAGA-1_rna,-0.89275926,2.340965,-0.7592789,3.9439898,5.07332,-0.37738848,-0.9899456,-1.0661805,-1.5313828,-0.91845185,-1.045227,-0.9997836,-0.7119039,0.046902046,-1.273196,-0.8396786
GGCAAATCAGGATTAA-1_rna,-0.6463903,1.3886675,-0.64099437,2.4848244,4.2737465,-0.21639635,-0.6123799,-0.6479869,-0.7479718,-0.6984794,-0.55181265,-0.6775754,-0.61772895,-0.8190842,-0.7275668,-0.54287153
GGCAAATCAGGCTACT-1_rna,-0.4898126,-0.7222227,-0.51501274,0.53970605,-0.35636455,-0.6183414,-0.4196717,-0.37930983,0.22099696,-0.3970036,-0.5133207,-0.44431663,-0.3059258,5.285172,-0.4571674,-0.42740554
GGCAAATCATAATCGT-1_rna,-0.66219676,0.73606974,-0.3900292,1.6276854,0.13233677,-0.49223173,-0.777327,-0.68786097,-0.82385826,-0.73960346,-0.5478802,-0.57975185,-0.39031965,5.0448065,-0.8025245,-0.64731526
GGCAAATCATTAAGTC-1_rna,-0.4540373,0.8603404,-0.35770977,0.84247327,-0.55841833,-0.4594382,-0.60574436,-0.53983694,-0.67286515,-0.5094798,-0.52136165,-0.5981224,-0.49155378,5.230938,-0.69513005,-0.4700541
GGCAAGCCAGTTATCG-1_rna,-0.30998066,0.49316707,-0.9860755,-1.4177374,4.694458,-0.9150982,-0.19644421,-0.32690763,0.8601116,-0.42381167,0.08382374,-0.41126674,-0.82446885,0.46349642,-0.20508304,-0.5781825
GGCATGGAGCACAGAA-1_rna,-0.6551076,1.3332553,-0.70943886,3.1962924,4.9491444,-0.43724227,-0.7745946,-0.77135104,-0.82294285,-0.7180533,-0.80435085,-0.7926354,-0.6457275,-0.87382627,-0.7934873,-0.6799344
GGCCGTTAGCACTAGT-1_rna,-0.6387897,0.8089099,-0.4389847,0.07835515,0.72070056,-0.5966275,-0.54849553,-0.6234388,-0.42250955,-0.490739,-0.5365301,-0.58092046,-0.37282103,4.80274,-0.64887017,-0.51197916
GGCCTAATCACGCCAA-1_rna,-0.49519923,-0.9990095,-0.5604744,0.59328294,-0.50401163,-0.43153462,-0.4260603,-0.3350534,0.68948436,-0.34717807,-0.5701847,-0.41742805,-0.42820868,4.9955945,-0.3505219,-0.41349754
GGCCTAATCATTGTCT-1_rna,-0.5465002,-0.081020266,-0.73171794,0.81811404,0.083537415,-0.6217928,-0.4824711,-0.45969862,0.35042718,-0.56077385,-0.6448601,-0.54394794,-0.7272323,5.072779,-0.37471074,-0.550132
GGCCTCTGTCACGAAC-1_rna,-1.0272665,4.1196585,3.2895455,4.050482,1.3820928,-1.1048039,-1.1644409,-1.1325237,-1.0175374,-0.9029422,-1.1625429,-1.1656959,-1.2737255,-0.62284863,-1.1348139,-1.1326373
GGCGGTAAGGTCCTAG-1_rna,-0.47101134,-0.79283565,-0.34192517,0.253215,-0.5104091,-0.16203347,-0.4757141,-0.37497377,-0.44096702,-0.2832259,-0.49273396,-0.44266933,-0.17695051,5.606916,-0.5733614,-0.32132098
GGCGGTTTCACCTGCT-1_rna,-0.30018222,-1.0335246,-0.76493096,0.10259996,4.5727944,-0.4567109,-0.208814,-0.25589198,0.6022093,-0.17375241,-0.16505904,-0.16912371,-0.49268362,-0.79917586,-0.06099906,-0.39675552
GGCGGTTTCCTTTACG-1_rna,-0.47802776,-0.82885575,-0.44075406,0.13950104,-0.60027593,-0.16478176,-0.44691318,-0.370098,0.022612564,-0.31428444,-0.5104101,-0.45168918,-0.2867399,5.493199,-0.46894705,-0.29353553
GGCGTTATCCAGGAAA-1_rna,-1.0839187,5.0822535,1.30809,5.2075086,-0.19518071,-1.0736845,-0.9408804,-1.0307409,-0.96559393,-0.8906201,-1.2102474,-1.1692917,-1.0428486,0.14981918,-1.1100332,-1.0346309
GGCGTTATCGAGGTGG-1_rna,-0.5250145,0.7685858,-0.52521724,0.6822214,-0.46692717,-0.52237916,-0.56185645,-0.5463762,0.118122645,-0.5134675,-0.5665549,-0.45930064,-0.4683733,4.600703,-0.47041917,-0.54374635
GGCTAGACAAACGGGC-1_rna,-0.6163503,2.2325902,-1.0336566,-0.10816436,-0.9937451,-0.6099777,-0.50849545,-0.5841073,0.7492156,-0.5513724,-0.7074249,-0.23331863,-1.0455664,5.073776,-0.4560548,-0.60734713
GGCTAGTGTCCAAGAC-1_rna,-0.5449578,1.1529977,-0.57209086,2.4095073,4.840176,-0.39973235,-0.72061753,-0.6796678,-0.74515367,-0.7204604,-0.7602982,-0.6899485,-0.64233047,-0.66980964,-0.65640396,-0.60120976
GGCTAGTGTTGTTCAC-1_rna,-0.54865557,0.11433267,-0.5737274,0.3318809,-0.23757797,-0.41266572,-0.58678895,-0.48644966,0.035383932,-0.46343547,-0.6064608,-0.601077,-0.58466005,5.586109,-0.46401107,-0.50219715
GGCTAGTGTTTAAAGC-1_rna,-0.42496026,-0.45462674,-0.7597079,0.42122626,4.364472,-0.88490605,-0.3155481,-0.34467527,0.35075486,-0.4367658,-0.24622887,-0.3895178,-0.6288508,0.665994,-0.37277663,-0.54388297
GGCTATGTCTCCTCAA-1_rna,-0.59026927,1.394804,-0.7008977,2.4914079,4.420908,-0.058728207,-0.65302956,-0.6594235,-0.726493,-0.6335757,-0.5515314,-0.6795772,-0.6284048,-1.2927063,-0.631503,-0.50098056
GGCTATTAGGACTTAC-1_rna,-0.522748,-0.8627362,-0.674803,0.22819124,-2.2470951e-05,-0.7189915,-0.48576567,-0.39508525,1.0515546,-0.44170788,-0.6430352,-0.49495515,-0.43107745,5.311968,-0.38965222,-0.5311338
GGCTCAATCATGCGTG-1_rna,-0.599543,1.472919,-0.626968,1.8863406,4.4626627,-0.15799423,-0.6338937,-0.6410594,-0.60929525,-0.5841991,-0.51129675,-0.70584404,-0.5489439,-1.1161723,-0.59401786,-0.49269482
GGCTCAATCGTTAACA-1_rna,-0.7970871,4.711634,-0.4108296,-0.06455217,-0.27523643,-1.215229,-0.82921004,-0.9195468,0.2463234,-0.87920606,-0.8715953,-0.65968454,-1.2509838,4.7203116,-0.5974397,-0.90766853
GGCTCACAGCTACTGG-1_rna,-0.52099717,0.058832668,-0.55272555,0.56461054,-0.55758333,-0.31929085,-0.55096793,-0.43453035,-0.06953405,-0.48147956,-0.5445484,-0.459551,-0.32999945,5.133156,-0.47779426,-0.45759752
GGCTCACAGTTGTCCC-1_rna,-0.7990654,0.7090778,-0.8794662,0.24088295,-0.0084395725,-0.7712252,-0.6052081,-0.6221983,1.37664,-0.54089946,-0.7784476,-0.46296462,-0.7928029,4.9095335,-0.41392264,-0.5614943
GGCTCACAGTTTCCTG-1_rna,-0.64330673,0.49709934,-0.58556974,0.1325554,2.1542144,-0.8693228,-0.657218,-0.5820521,0.8962319,-0.6961595,-0.7021537,-0.65951574,-0.909925,3.8499672,-0.5222794,-0.70256567
GGCTGAGAGACCATAC-1_rna,-0.9178631,4.7417965,-0.58729994,0.39438546,0.22851676,-1.2438089,-1.0009224,-1.0278422,0.6047988,-1.0532123,-1.0709403,-0.86668456,-1.3935674,5.1305895,-0.77209026,-1.1658559
GGCTGAGAGGTCAAAG-1_rna,-0.4116027,-0.48036686,-0.47641346,0.33649814,-0.56584275,-0.26053402,-0.39693382,-0.34723127,-0.12527883,-0.24969697,-0.41854772,-0.36169812,-0.27280492,4.7904873,-0.4276602,-0.33237365
GGGAGTAGTGCTTACT-1_rna,-0.8084802,-0.13346374,1.5618681,4.8499656,-0.005812181,-0.9699549,-0.845108,-0.8334645,-0.54073894,-0.90041053,-0.8964531,-1.0086168,-0.87621903,3.105484,-0.78682345,-0.91177225
GGGATAATCCCGTTGT-1_rna,-0.4759621,-0.650851,-0.4514506,0.5368553,-0.67472285,-0.25033242,-0.5084504,-0.31580943,-0.3084219,-0.303001,-0.4932437,-0.46613938,-0.33083546,5.5000973,-0.53052336,-0.27720904
GGGATTAAGGCTTAGT-1_rna,-0.8558036,4.5778756,-0.47906256,0.20150383,0.2893324,-1.3057295,-0.9224401,-0.9372913,0.75027883,-1.008734,-0.9858472,-0.7475744,-1.3687508,4.5918665,-0.6842472,-1.1153767
GGGCAATAGACTCGCA-1_rna,-0.5257747,-0.60078037,-0.45506525,1.0768319,-0.4841122,-0.37548912,-0.49883097,-0.46146125,-0.1847653,-0.36701804,-0.54296964,-0.51464593,-0.32829112,5.2465806,-0.49796015,-0.48624867
GGGCAATAGGGACTAA-1_rna,-0.60108,-1.0674366,-0.6436131,0.54529595,0.17393124,-0.70610833,-0.49219412,-0.41297734,1.4406618,-0.56605786,-0.65664923,-0.5918033,-0.5968397,5.1269617,-0.4277475,-0.52434415
GGGCCTAGTAAGGTCC-1_rna,-0.4560371,-1.0639507,-0.68410844,-0.37656748,5.304451,-0.7336371,-0.2869717,-0.434044,0.5829551,-0.3657862,-0.41412824,-0.4175874,-0.6341823,0.7882696,-0.34792852,-0.4607467
GGGCCTAGTAGGTGTC-1_rna,-0.47993082,-0.70043665,-0.3183998,0.84966403,-0.46394557,-0.2384645,-0.4932782,-0.37868458,-0.4322896,-0.40061426,-0.43501353,-0.5113559,-0.1807498,5.0784163,-0.5273444,-0.3675726
GGGCGAATCGAAGCGG-1_rna,-0.69136393,0.22976857,-0.3287593,2.3796856,-0.040884554,-0.5320194,-0.72938555,-0.69882655,-0.5383325,-0.6148067,-0.59805197,-0.69588405,-0.57578313,4.8569336,-0.7381778,-0.6841123
GGGCGAATCGGGATTT-1_rna,-0.8350798,4.5735984,-0.6427642,0.6376655,-0.056551307,-1.3028387,-0.93313575,-0.9534981,1.1444763,-1.0541035,-1.032487,-0.8065696,-1.3366107,4.303205,-0.5781883,-1.1271178
GGGTATTTCAGTTCCC-1_rna,-0.42882308,0.10026786,-0.31610122,0.9468137,-0.2879373,-0.27285197,-0.5635667,-0.4754397,-0.6940739,-0.57896817,-0.4229726,-0.49302855,-0.47993097,5.106992,-0.54183865,-0.5985408
GGGTATTTCGGCTATG-1_rna,-0.4827745,0.12381298,-0.56819296,0.95886797,4.6132984,-0.2563161,-0.53822285,-0.4871421,-0.41365892,-0.49484056,-0.4405594,-0.42669493,-0.4994588,-0.23579156,-0.32867596,-0.52365065
GGGTGAAGTACTTAGG-1_rna,-0.75601315,4.6048903,-0.5018924,-0.4372633,-0.22403158,-1.2066253,-0.7841312,-0.9098158,0.12388776,-0.8484768,-0.8950223,-0.6840789,-1.2235771,5.347865,-0.6014749,-1.0042402
GGGTGAAGTCACAAAT-1_rna,-0.75736713,-0.6640215,0.34572265,5.228221,-0.08946052,-0.92655694,-0.84960485,-0.7848034,-0.43380994,-0.80486,-0.7257861,-0.9167384,-0.9250339,3.9252412,-0.72092235,-0.9002192
GGGTGTTGTTACTTGC-1_rna,-0.90922946,-0.87569386,1.7036246,4.943403,0.23389891,-0.7355879,-0.90019137,-0.80472076,-0.98230606,-0.91188806,-0.97470313,-0.9775124,-0.7221111,3.6031332,-0.844612,-0.8455032
GGGTGTTGTTTCCACG-1_rna,-0.84363747,3.255102,-0.9040823,0.32891434,3.5048814,-0.8891696,-0.92088723,-0.88395226,0.6562406,-0.94057214,-0.7346846,-0.74658597,-0.89709663,1.6951289,-0.7875706,-0.89202845
GGGTTACGTAACTACG-1_rna,-0.58066857,0.093884364,-0.7170545,1.7717429,5.0555153,-0.6858746,-0.6793659,-0.6687447,-0.19516772,-0.6729722,-0.70374334,-0.7167423,-0.6744604,0.65894437,-0.62350214,-0.66179085
GGGTTACGTGAGGTGA-1_rna,-0.67276806,0.8373338,-0.78907204,1.8292288,4.889055,-0.5695799,-0.7614624,-0.6791361,-0.2798653,-0.74867237,-0.58488077,-0.6878724,-0.71881557,0.21555674,-0.64460105,-0.6344484
GGGTTACGTGATGAGG-1_rna,-0.5575616,-0.52668875,-0.2890225,0.9056741,-0.21296012,-0.2894603,-0.57308733,-0.59197754,-0.6299656,-0.50603646,-0.5967099,-0.6305902,-0.119885266,5.8623433,-0.7465274,-0.4975446
GGGTTATTCCGGTTAG-1_rna,-0.8645744,1.8130682,-0.5833682,3.2153072,4.8655257,-0.689928,-0.9055623,-0.851429,-0.70405215,-0.93361855,-0.8910799,-0.8225905,-0.8309745,-0.12546502,-0.85416746,-0.83709127
GGGTTATTCGACAAAG-1_rna,-0.6319171,-0.5045874,-0.3655347,0.7095535,-0.3798804,-0.29464692,-0.5761851,-0.57192516,-0.58083177,-0.4254022,-0.53091776,-0.5711225,-0.08248073,5.9129367,-0.65796876,-0.4490898
GGGTTTCCACAACAAA-1_rna,-0.44441473,-0.9637805,-0.8939953,-0.4637908,4.5073977,-0.8079469,-0.16958866,-0.25314507,0.7151152,-0.3134678,0.04564254,-0.2387781,-0.61301064,0.69367385,-0.30649015,-0.4934203
GGGTTTGTCATCCTCA-1_rna,-0.85086805,3.1697283,-0.91895276,2.4666884,4.5469084,-0.6591307,-0.9326189,-0.9141618,-0.8510503,-0.9718882,-0.7934712,-0.72932047,-0.81988627,-0.008800356,-0.8017068,-0.93146896
GGTAAACCATTGTCCT-1_rna,-0.4528643,-0.2550755,-0.66438705,-0.17092848,-0.6937231,-0.3704728,-0.36338037,-0.38080958,0.8919038,-0.34472433,-0.55875915,-0.18620718,-0.51658356,4.7512426,-0.33716714,-0.3480642
GGTAACTTCACCGGTA-1_rna,-0.5255244,-0.0069719106,-0.31406403,1.5126249,-0.4888869,-0.2318169,-0.5727578,-0.5234062,-0.77507967,-0.52755725,-0.4974031,-0.5858745,-0.27774423,4.9952602,-0.68604356,-0.49475473
GGTAACTTCTTGAGCG-1_rna,-0.19433796,-0.047916025,-0.7009699,-1.9989356,4.1894855,-0.8285288,-0.13909866,-0.14731574,1.1744312,-0.26498485,0.33959702,-0.21276206,-0.75091183,-0.28994238,0.21144193,-0.33925188
GGTAATTGTTCCGGGA-1_rna,-0.4369283,-1.1636401,-0.87894654,-0.682225,4.6743617,-0.7477964,-0.1290783,-0.25043827,0.73350847,-0.2958439,0.11239435,-0.24671397,-0.6383045,0.7992046,-0.33896437,-0.51058954
GGTACTAGTAAGTCGC-1_rna,-0.36597192,-0.908212,-0.69251144,-0.1414342,4.890401,-0.60631055,-0.31370336,-0.39315492,0.4243194,-0.36930484,0.083995,-0.3327558,-0.6347431,0.043187387,-0.2159686,-0.4678322
GGTACTAGTATTCGCT-1_rna,-0.5307843,-0.6064483,-0.51951075,0.9387513,-0.20482707,-0.5858146,-0.5142069,-0.4546252,0.083210856,-0.40911162,-0.5709043,-0.51878744,-0.37938455,5.2699094,-0.5031372,-0.49432904
GGTACTAGTATTTGCC-1_rna,-0.6614031,-0.455642,-0.88299537,0.09005423,-0.029714622,-0.8544552,-0.45633528,-0.5861064,2.7151096,-0.60599554,-0.7323066,-0.30497536,-1.0037593,4.541781,-0.23341551,-0.5398403
GGTACTAGTCGCAATA-1_rna,-0.5758464,-0.63859636,-0.50141853,0.5987449,-0.19727616,-0.32596797,-0.45252585,-0.440495,0.0018106103,-0.39352643,-0.5163901,-0.52624524,-0.36640245,5.1845055,-0.42277676,-0.42759395
GGTACTAGTTCCATTA-1_rna,-0.6639043,0.44752145,-0.7266898,2.2800367,4.597195,-0.23955572,-0.5997461,-0.6014197,-0.74240494,-0.60675716,-0.6766188,-0.61641395,-0.62916756,0.014916332,-0.6652864,-0.57170486
GGTAGGAGTCACTCGC-1_rna,-0.89306474,-0.7636471,2.0136304,5.040778,-0.31988257,-0.66371036,-0.8821995,-0.8155738,-1.0507665,-0.9548974,-0.79391754,-1.0179375,-0.6600821,3.5965495,-1.0384781,-0.7968006
GGTAGGAGTTAACAGT-1_rna,-0.6145694,-0.8301221,-0.5250423,0.7554581,-0.03236331,-0.48376146,-0.54236114,-0.4755809,0.31002975,-0.42564514,-0.6632564,-0.65380156,-0.4454259,5.649263,-0.5252799,-0.49754146
GGTAGGAGTTCCGGCT-1_rna,-0.53787124,-0.8236924,-0.44399303,1.1875196,-0.49475092,-0.25594714,-0.5507172,-0.49230343,-0.376983,-0.3484975,-0.49995404,-0.5843933,-0.22597113,5.411505,-0.5667626,-0.3971877
GGTATTGGTGGCTTCC-1_rna,-0.4962033,-0.044747546,-0.5686375,0.34562027,-0.8214484,-0.32108426,-0.4375434,-0.43789726,0.0435967,-0.39664316,-0.50930625,-0.45003736,-0.40992022,5.323227,-0.4479525,-0.37102294
GGTATTTCAGGCGATA-1_rna,-0.5318388,-0.75204384,-0.32093924,0.81648433,-0.27978575,-0.37927616,-0.5104473,-0.44714016,-0.3799606,-0.39293957,-0.5536798,-0.5267388,-0.26424003,5.576534,-0.5796607,-0.47432768
GGTCAAGCAGGACACA-1_rna,-0.8582134,3.0559266,-1.0617201,0.6945722,1.7162104,-1.1730055,-0.9389036,-0.89809215,1.530916,-1.0419701,-1.0459296,-0.81488353,-1.2887981,3.8663332,-0.6113855,-1.1310569
GGTCAATTCCTAAGAC-1_rna,-0.37367398,-1.0633008,-0.7866414,-0.087133326,4.2539787,-0.79546356,-0.088303424,-0.20351924,0.9799821,-0.24555728,0.022523254,-0.24628565,-0.5958025,-0.06474388,-0.13588494,-0.5701742
GGTCAATTCGTCCTTA-1_rna,-0.4534337,1.6773353,-0.47514033,0.75540376,-0.46773213,-0.4752941,-0.7265903,-0.55560887,-0.7274539,-0.54684126,-0.5007275,-0.47803718,-0.5728388,4.7655773,-0.61140525,-0.6072134
GGTCATTAGGTGCGGA-1_rna,-0.8046127,1.5666825,-1.1856074,0.14656892,-0.614505,-1.0309972,-0.5406265,-0.63441044,2.5561335,-0.69211686,-0.80993074,-0.42385262,-1.1271927,4.454462,-0.27393132,-0.58606297
GGTCATTAGTGAGAGC-1_rna,-0.8196908,-0.044275712,-1.0673151,1.0550485,0.6896021,-1.0833607,-0.67947006,-0.6825133,2.9014037,-0.8630349,-0.8920355,-0.4935371,-1.182565,4.5101357,-0.41600594,-0.932386
GGTCCATCAACAGCCT-1_rna,-0.26448613,-1.213953,-0.77577764,-1.2509102,4.4693646,-0.4373244,-0.032282427,-0.18166915,0.84108967,-0.046782307,0.31907356,-0.068465635,-0.52167517,-0.35514218,-0.1350357,-0.34602404
GGTCCGTAGGAAGCTA-1_rna,-0.56034994,0.5812194,-0.5861751,0.59411955,-0.097038224,-0.6358821,-0.5257916,-0.5074572,-0.24373846,-0.3837508,-0.5309211,-0.5298962,-0.57866347,5.091623,-0.4714254,-0.61587226
GGTCCGTAGTGAACAG-1_rna,-0.98708844,-0.14184783,1.77284,4.6843348,1.563137,-0.72402126,-0.97285587,-0.87968224,-0.9611221,-1.0092721,-0.94759387,-1.1270548,-0.8604168,2.5985415,-0.9677798,-1.040118
GGTCGGTTCACTTTAC-1_rna,-0.6100279,-0.66250706,-0.24581599,0.8618958,-0.4149656,-0.2163432,-0.5409423,-0.55591655,-0.66092217,-0.36001322,-0.4305689,-0.5713464,-0.1571387,5.610343,-0.68069386,-0.36503676
GGTCGGTTCATCAGTA-1_rna,-0.8030059,-0.79169065,1.5444057,4.61525,0.51483154,-0.817282,-0.8613621,-0.7813504,-0.65092796,-0.8561767,-0.85893214,-0.94140524,-0.7760655,3.0552554,-0.73344254,-0.8581012
GGTCTTGAGGCCGGAA-1_rna,-0.50504375,-0.6706775,-0.5755009,1.4217176,4.5232887,-0.8301879,-0.37308425,-0.47947112,0.023803495,-0.5370835,-0.6057695,-0.5724466,-0.59080416,0.81821203,-0.47174007,-0.57521296
GGTCTTGAGGGATGCG-1_rna,-0.53209907,0.054796875,-0.47823453,1.2337537,-0.5591191,-0.50398386,-0.55938226,-0.58573645,-0.7680313,-0.44807363,-0.47638643,-0.46285683,-0.27281904,5.5322976,-0.66486865,-0.50925696
GGTCTTTGTTGGTGAC-1_rna,-0.58428586,-0.43024713,-0.5868944,0.5691953,-0.31893024,-0.39689928,-0.49875742,-0.4528526,0.36797634,-0.44725287,-0.6308795,-0.52823067,-0.43314302,5.2417727,-0.4856043,-0.38496706
GGTGAGGTCATTACGA-1_rna,-0.47995824,-0.564194,-0.40898448,1.0310607,-0.25902224,-0.42057824,-0.52029085,-0.4531629,-0.30720752,-0.4374826,-0.5441548,-0.47178692,-0.4246533,5.229246,-0.5071274,-0.46170312
GGTGAGTAGCGAGTAA-1_rna,-0.5562384,-0.16765109,-0.4837465,1.2482431,-0.49633107,-0.4561123,-0.5373974,-0.44843212,-0.4543433,-0.4022746,-0.561687,-0.5785229,-0.37999347,5.455382,-0.6842102,-0.49668476
GGTGATTTCCTCATGC-1_rna,-0.53923535,0.20570436,-0.60507107,0.6402079,4.493567,-0.08257547,-0.5314987,-0.424898,-0.3654973,-0.52286905,0.04876072,-0.45824212,-0.6028179,-0.5841218,-0.0673303,-0.6040827
GGTGCTTCAAACCTAT-1_rna,-0.7319252,1.4626911,-0.9237147,0.44900376,0.60492027,-1.0504509,-0.81722397,-0.7976811,1.9891027,-0.9223673,-0.86162883,-0.76594573,-1.1124537,4.865584,-0.49966282,-0.88824725
GGTGCTTCAAATATCC-1_rna,-0.5613393,-0.63475233,-0.5817025,0.927297,-0.3961925,-0.45596498,-0.56556356,-0.45661545,0.32836407,-0.41573167,-0.5911583,-0.6440555,-0.3589974,5.336546,-0.49201554,-0.4381178
GGTGCTTCACCGTTCC-1_rna,-0.8722792,2.5654092,-0.8535579,3.6048632,4.749042,-0.83646023,-0.9889192,-0.908856,-0.96375257,-1.0526185,-0.90871173,-0.91128796,-0.89145744,0.19484234,-1.0509082,-0.8753479
GGTGCTTCATTATGCG-1_rna,-0.43321413,-0.9661452,-0.67768455,-0.008842796,5.0505505,-0.79061645,-0.28129965,-0.4447406,0.5037357,-0.35756123,-0.3737905,-0.31623596,-0.58746785,0.5226696,-0.39277524,-0.44658142
GGTGTGACACTTCACT-1_rna,-0.5656422,-0.6458018,-0.4024681,1.0254403,0.05134687,-0.46955365,-0.517334,-0.6021732,-0.49927312,-0.5343548,-0.5380013,-0.5789168,-0.22708134,5.554709,-0.54171455,-0.5091812
GGTGTTGTCCTTGCAC-1_rna,-0.84066826,1.9945521,-0.826477,3.6204593,5.019997,-0.43374372,-1.0264311,-0.90868396,-1.3011587,-0.9352787,-0.8179501,-0.98848563,-0.7644467,0.07000976,-1.0371625,-0.82453245
GGTGTTGTCGAAGCGG-1_rna,-0.89681506,2.1682749,-0.8265968,2.6803503,4.9757276,-0.7604833,-0.90324235,-0.8662587,-0.6462614,-0.9930816,-0.9113275,-0.90484136,-0.8287215,0.3560391,-0.87423205,-0.7685298
GGTGTTGTCGAGGAGT-1_rna,-0.4010059,-0.46504864,-0.4165744,0.59904635,-0.5227523,-0.32989463,-0.40104613,-0.38351968,-0.40817288,-0.30523348,-0.41079476,-0.46467748,-0.24345648,4.9779506,-0.48627612,-0.33854446
GGTTACCCACAGCCAT-1_rna,-0.6158029,-0.19473284,-0.71291286,2.2299218,5.234744,-0.44681358,-0.51938975,-0.56840307,-0.61636007,-0.5644548,-0.54902345,-0.6078545,-0.6069528,-0.34895006,-0.51139987,-0.6016153
GGTTACCCATAGACCC-1_rna,-0.5590228,-0.3712493,-0.6478169,0.8671236,-0.22233924,-0.42049298,-0.4620886,-0.51006687,0.38998008,-0.40828568,-0.5728996,-0.45448253,-0.6122484,4.838056,-0.3667329,-0.48743424
GGTTATATCTAACCTT-1_rna,-0.8615922,4.1370163,-0.42102766,0.36624005,0.45945874,-1.1458536,-0.8369734,-0.8418325,0.5848166,-0.93038845,-0.8900384,-0.6781646,-1.207641,3.6771166,-0.41357663,-0.99756
GGTTATGGTGTCCAAA-1_rna,-0.42211336,-0.60397464,-0.46363533,0.13909729,-0.6868011,-0.16782472,-0.3721881,-0.34448552,0.045473672,-0.3007317,-0.48566508,-0.30201456,-0.2741689,4.9514422,-0.37435097,-0.33805907
GGTTATGGTTCATCTA-1_rna,-0.58523554,1.2952559,-0.64370906,1.8672194,0.016643263,-0.72698736,-0.76370573,-0.8029964,-0.62172174,-0.6537262,-0.58252615,-0.64346737,-0.7154673,4.9607916,-0.66048497,-0.7398821
GGTTCTTGTAGGTTTG-1_rna,-0.36456645,-0.024456058,-0.5867945,-0.022097819,-0.03787043,-0.49165347,-0.33043697,-0.38783914,-0.05636686,-0.35698375,-0.31840536,-0.30819052,-0.43152833,4.467557,-0.35326582,-0.39710158
GGTTGACGTCCGTGAG-1_rna,-0.7219298,0.7132276,-0.802482,0.9211584,1.451691,-1.0941542,-0.78218484,-0.72168726,1.3334583,-0.87418854,-0.85208446,-0.6824999,-1.2005293,4.474559,-0.30048436,-0.8618692
GGTTGAGCAATTTGGT-1_rna,-0.5179891,0.64522934,-1.020362,-0.35452515,4.4993577,-0.89371485,-0.23416218,-0.34041512,0.6364998,-0.43286467,-0.16018577,-0.37538677,-0.7746151,0.24380918,-0.42584044,-0.49483496
GGTTGCATCTTTGAGA-1_rna,-0.545924,0.027027704,-0.7374915,0.8125348,0.22928275,-0.66689354,-0.5968472,-0.5069047,0.5066938,-0.51490134,-0.6563917,-0.5973093,-0.7699652,4.935022,-0.35983098,-0.5581014
GGTTGCTCAAACAACA-1_rna,-0.4766801,1.1826099,-0.6152393,0.7527244,-0.471911,-0.66745406,-0.61855483,-0.54935426,0.2348467,-0.54304916,-0.6621369,-0.48296428,-0.7781501,4.803483,-0.46729165,-0.64087784
GGTTGGTGTCTCAGCC-1_rna,-0.48816624,-0.3854542,-0.55132556,1.1517832,4.8284516,-0.4889805,-0.46886006,-0.4996586,-0.14572757,-0.3582445,-0.5081552,-0.5278697,-0.46676037,-0.13526744,-0.5246849,-0.43107995
GGTTTAATCCTTAATC-1_rna,-0.333943,-0.07950166,-0.5535649,0.12806502,-0.7065264,-0.35055414,-0.32110152,-0.32091093,0.7097069,-0.30733007,-0.39385977,-0.14939329,-0.43355206,3.725934,-0.26745856,-0.34600973
GGTTTAATCCTTCGTA-1_rna,-0.57996017,1.3739934,-0.64287144,0.68918836,-0.19778904,-0.6211055,-0.57332325,-0.52306944,0.09000029,-0.61319,-0.61632186,-0.46463317,-0.7511628,4.4422226,-0.49079072,-0.52118725
GGTTTCCTCACATTGA-1_rna,-0.6674249,-0.12653401,-0.7895271,2.2954268,5.1737804,-0.5782237,-0.5303894,-0.57219553,-0.50182277,-0.65726954,-0.6403455,-0.60959893,-0.66035557,-0.0017277747,-0.52596176,-0.60783094
GTAAGCGCAGGACCTT-1_rna,-0.5286941,-0.5825832,-0.4989974,0.7316743,-0.11175765,-0.39549494,-0.5313368,-0.4096257,0.20571965,-0.44033796,-0.57372224,-0.49319392,-0.45705795,4.866729,-0.41901785,-0.36230326
GTAAGCTTCATTGCGG-1_rna,-0.9142778,4.3699503,-0.6944277,-0.010622773,2.864604,-0.9233631,-0.93734694,-1.0072526,-0.54060847,-0.96074975,-0.9447019,-0.8327757,-0.9547063,3.3207161,-0.91610575,-0.91833234
GTAAGGTCAAGGGTTG-1_rna,-0.57262194,-0.58193517,-0.63776445,0.8739674,0.6005287,-0.48756728,-0.5894792,-0.48392394,-0.019322857,-0.57304347,-0.680238,-0.5795896,-0.61670136,5.239467,-0.4041216,-0.48765507
GTAAGGTCAATTAGGA-1_rna,-0.5376484,0.52239347,-0.9294191,-0.38503343,4.5757265,-0.8933373,-0.27666515,-0.37056273,0.6322691,-0.43068224,-0.19392595,-0.35203505,-0.74949604,0.27222174,-0.39427117,-0.48953462
GTAATAGCAAATATCC-1_rna,-0.40694416,0.42101318,-0.44279492,0.84923524,-0.3830093,-0.4272259,-0.5416372,-0.49039018,-0.6455843,-0.47824305,-0.43307406,-0.56212413,-0.45501333,5.0809507,-0.52799654,-0.5571623
GTAATAGCAACTGGCT-1_rna,-0.79876447,1.8505563,-1.105869,-0.36263174,-0.5186375,-1.012046,-0.54899305,-0.7159211,2.3131814,-0.76431215,-0.7761179,-0.28715348,-1.0698745,4.890912,-0.3628609,-0.7314683
GTAATAGCAGGAAGCC-1_rna,-0.8392402,4.828934,-0.37390116,0.0030773133,-0.10131824,-1.2610666,-0.88429224,-0.93910384,0.28197777,-0.9642885,-0.9612349,-0.7320522,-1.3391981,5.027579,-0.67701626,-1.0688558
GTACTAGGTGCTTTAC-1_rna,-0.506501,-0.30093834,-0.6634049,-0.28557035,-0.7491129,-0.65749896,-0.39534634,-0.36720473,1.5661929,-0.3168509,-0.59831166,-0.1995455,-0.6552947,4.893893,-0.29062757,-0.4738783
GTACTGGTCACTAGGT-1_rna,-0.48871142,-0.9535948,-0.6352394,0.67619205,5.1324415,-0.73223335,-0.43454605,-0.49414122,0.011792749,-0.5042289,-0.37157667,-0.6026079,-0.5823406,0.85174584,-0.3810627,-0.49188924
GTACTTAAGAGGAGTC-1_rna,-0.49351072,-0.75343585,-0.2030802,0.9164754,-0.5864455,-0.06972253,-0.53091365,-0.43773293,-0.8720057,-0.3728851,-0.45887482,-0.5762895,-0.20710188,5.6582384,-0.6858077,-0.32690805
GTACTTCGTAATGGAA-1_rna,-0.41207904,-0.71685094,-0.31713873,0.683433,-0.38260227,-0.14937685,-0.40082496,-0.49355054,-0.61086583,-0.41509748,-0.47647524,-0.578196,-0.21531187,5.3704257,-0.583917,-0.30157256
GTAGCCATCCGTTAAA-1_rna,-0.66322494,-0.37590426,-0.02438888,0.9914157,-0.36985505,0.0007945895,-0.74422264,-0.6508278,-0.8451725,-0.5568629,-0.46827137,-0.7740278,0.05699569,5.811659,-0.9236866,-0.46441984
GTAGCCATCTAATCAG-1_rna,-0.4989606,-0.69949704,-0.5944995,0.64665484,-0.19478631,-0.5067983,-0.48571658,-0.39921182,0.6066586,-0.41405344,-0.5837136,-0.44273126,-0.45983654,4.9017496,-0.39623427,-0.47902358
GTAGCGCTCACAGCCA-1_rna,-0.9791336,4.624772,1.3835069,4.717743,0.51507956,-0.98623526,-1.0805281,-1.0086664,-0.8639437,-0.82803786,-1.1853918,-1.039503,-1.1033493,0.058966756,-1.177716,-1.047563
GTAGGAGGTAATGGCC-1_rna,-0.4157184,-0.8016639,-0.6239809,0.09736636,3.6976392,-0.7276602,-0.24018723,-0.2726055,0.5429013,-0.30428758,-0.278246,-0.28012097,-0.5844396,0.94240296,-0.26779303,-0.48360655
GTAGGAGGTGCTGGTG-1_rna,-0.51943034,-0.9535161,-0.40821028,0.48297682,-0.37603408,-0.33479452,-0.45669782,-0.43393105,-0.14545509,-0.38016152,-0.535819,-0.5250471,-0.19289577,5.6903777,-0.5377867,-0.3735748
GTAGGAGGTTGGTTCT-1_rna,-0.76698536,1.9366469,-0.78566366,3.4816747,4.819577,-0.31651884,-0.9255635,-0.8589863,-1.2417272,-0.88960904,-0.70054334,-0.96120495,-0.7466719,-0.30097172,-0.9579254,-0.7855276
GTAGGATCAGCTCATA-1_rna,-0.47228903,-0.8940015,-0.70434535,0.014902554,4.7034006,-0.71806765,-0.2851717,-0.3656202,0.5274787,-0.3548723,-0.4423386,-0.36124355,-0.59892005,0.89384365,-0.37778825,-0.56496763
GTAGGATCATGTTGCA-1_rna,-0.37381488,-0.15060608,-0.7262567,-1.2092386,4.460054,-0.7455483,-0.23689964,-0.33532083,0.7407065,-0.33997577,-0.06527692,-0.24524969,-0.6498966,0.67406815,-0.25891873,-0.5378255
GTAGGATCATTAGGCC-1_rna,-0.4460709,-0.6117173,-0.4380139,0.16075262,-0.36393535,-0.24377446,-0.3738249,-0.4112153,-0.21809898,-0.3379594,-0.5152206,-0.44266582,-0.266809,5.401686,-0.46926785,-0.42386526
GTAGTTTCAAAGCCTC-1_rna,-0.6287482,-0.91105074,-0.30833596,1.2637842,-0.4160359,-0.19429193,-0.55999196,-0.5534988,-0.84031606,-0.33159387,-0.53215677,-0.67869204,-0.084273696,5.892971,-0.73478884,-0.38298082
GTATCGCCAGCCTGCA-1_rna,-0.5457775,-0.4939735,-0.64624435,1.0750668,-0.44767088,-0.18275133,-0.54816896,-0.5246244,-0.12102015,-0.44374925,-0.55122256,-0.5794483,-0.3806698,5.4274497,-0.54608935,-0.49110585
GTATTCAAGTTTGGGT-1_rna,-0.67609954,2.7235205,-0.6356021,0.2927184,-0.2847759,-0.7824552,-0.7309998,-0.71571386,0.23755912,-0.7125809,-0.71322393,-0.63268304,-0.8058778,4.8289213,-0.6133598,-0.77934766
GTATTGATCCCGAAGC-1_rna,-0.65469503,4.1029024,-0.56900966,-0.47292563,-0.41617522,-0.9223138,-0.75039136,-0.75780153,-0.43324456,-0.8244854,-0.67154753,-0.6180407,-0.90665436,5.3609843,-0.65527225,-0.8113296
GTCAAACTCATGCAAC-1_rna,-0.5338417,-1.0465688,-0.70459193,0.61239,5.111281,-0.8540489,-0.44255888,-0.45475554,0.17637923,-0.51543933,-0.593813,-0.47197783,-0.60670125,1.3263141,-0.45799392,-0.5440736
GTCAAACTCCGGTTGA-1_rna,-0.4713831,-0.7225666,-0.33304292,0.7590646,-0.05859357,-0.35336626,-0.48427224,-0.44592375,-0.47078294,-0.3235429,-0.52564186,-0.5645614,-0.20874119,5.146527,-0.5423507,-0.4008217
GTCAATATCTAGCGAT-1_rna,-0.35501173,-1.0764241,-0.40067646,0.1373957,-0.458748,-0.2729379,-0.26558465,-0.32067925,-0.24317726,-0.21465814,-0.4406775,-0.46653894,-0.29790702,5.504337,-0.49674907,-0.33196256
GTCAGGCTCGCAGGCT-1_rna,-0.6701523,-0.26602328,-0.350066,2.4450996,-0.32063806,-0.33878142,-0.5652794,-0.6577548,-0.75859714,-0.50197196,-0.6267056,-0.6621275,-0.33309644,4.9367566,-0.76941186,-0.56125015
GTCATCACACATAGCC-1_rna,-0.38888508,-0.5559328,-0.50591797,0.29286766,-0.83878505,-0.28261483,-0.38289016,-0.25802666,0.07191246,-0.2684524,-0.4590628,-0.30059046,-0.32214993,4.9155154,-0.4270718,-0.28991586
GTCATCCTCACTTCAT-1_rna,-0.43309897,1.1387503,-0.90216905,-1.2884709,4.15198,-0.9376153,-0.19644001,-0.35295984,0.7570731,-0.37910226,-0.062620565,-0.36316293,-0.8032264,0.62913424,-0.39352325,-0.56454796
GTCATTAAGGCGCTTA-1_rna,-0.1310226,-0.9132133,-0.671818,-1.5407476,4.471432,-0.4718119,-0.01902493,-0.08106853,1.000832,-0.13612023,0.4135688,-0.092703864,-0.4826514,-1.1304673,0.08538599,-0.30056927
GTCATTAAGTTAGACC-1_rna,-0.5397414,-0.2720794,-0.67409086,0.9951241,5.123324,-0.54171777,-0.43936116,-0.4572785,-0.20061566,-0.5671348,-0.3986981,-0.58318895,-0.56102645,0.042388737,-0.39601403,-0.5298899
GTCCGTAAGTTCCCGT-1_rna,-0.47266024,-0.15007444,-0.5367645,0.6865231,-0.6531745,-0.3938732,-0.41328108,-0.42647743,0.12791759,-0.41561878,-0.54737717,-0.29765075,-0.3679027,4.7593665,-0.40812618,-0.4908259
GTCCTCCCAATAACGA-1_rna,-0.4840437,-0.8803636,-0.5825479,1.1421295,5.358637,-0.6682389,-0.49801192,-0.43034187,-0.2186898,-0.5890323,-0.43536195,-0.5140426,-0.5301515,0.43950862,-0.54281723,-0.56663215
GTCCTCCCAATGCCCG-1_rna,-0.44078362,-0.50552464,-0.45636493,0.43975168,-0.5758145,-0.31833798,-0.4504212,-0.3968805,-0.026259974,-0.36138922,-0.48248005,-0.41832024,-0.3539362,5.13864,-0.40688968,-0.38498873
GTCCTCCCACTCAACA-1_rna,-0.6796975,-0.960359,-0.66079587,1.7476021,-0.102643296,-0.4979459,-0.56630653,-0.49099046,0.4258787,-0.5166113,-0.64993346,-0.68540424,-0.46731943,5.130061,-0.49018478,-0.53535
GTCGAAGCATTTGCTC-1_rna,-0.7740128,1.9321678,-0.6392504,3.1003978,4.9442353,-0.39083508,-0.87407994,-0.7519798,-0.9537504,-0.8421836,-0.76140213,-0.868238,-0.60903347,-1.0385383,-0.79948807,-0.67400897
GTCGAGGAGGCGGGTA-1_rna,-0.78643274,2.8561778,-0.76423776,3.3247147,4.8404026,-0.49816194,-0.8971293,-0.94524,-1.0916647,-0.89011717,-0.85793054,-1.0156891,-0.7445389,-0.7630187,-0.9395504,-0.82758415
GTCGAGGAGTTTCCTG-1_rna,-0.76049066,4.152955,-0.721247,-0.42686278,-0.12337385,-1.2077026,-0.6965911,-0.8507651,0.27716446,-0.880213,-0.9026257,-0.66378796,-1.2554064,5.602349,-0.60719216,-0.93620944
GTCGCAATCATCAGTA-1_rna,-0.61271876,-0.2754308,-0.4725204,1.5079135,-0.0625045,-0.33338618,-0.64913666,-0.55077785,-0.5606583,-0.52118,-0.56537116,-0.6219761,-0.43245816,5.335595,-0.61194545,-0.5734439
GTCGCAATCATGCTCC-1_rna,-0.400432,-0.33829334,-0.4983403,0.39224625,-0.5266291,-0.24515218,-0.45010358,-0.3797164,0.271129,-0.3506773,-0.49945366,-0.375507,-0.4432609,4.584247,-0.34687644,-0.3931803
GTCGGTTCAATTTGGT-1_rna,-0.50826234,0.5857023,-0.62691945,0.031212851,-0.022470549,-0.8704789,-0.59854996,-0.6089231,1.3258929,-0.63716555,-0.6615148,-0.46491045,-0.8927224,5.04289,-0.35435057,-0.73942965
GTCTAACAGTAACGAG-1_rna,-0.34441912,-0.5833242,-0.6618302,-1.074383,4.4261374,-0.78489876,-0.15489596,-0.26983413,0.72608113,-0.28944555,0.094152294,-0.20915489,-0.60645485,0.46567193,-0.26813325,-0.46526897
GTCTAATCATGTTGGC-1_rna,-0.5130806,0.9231605,-0.5591743,1.3181565,-0.4560832,-0.5341319,-0.625422,-0.5769299,-0.66202193,-0.5299382,-0.480395,-0.43815455,-0.5797453,4.8592114,-0.59268785,-0.55276376
GTCTAGCCAGCTCAAC-1_rna,-0.5600305,-0.80521196,-0.40706325,1.1623154,-0.68450207,-0.24347547,-0.47287673,-0.42946953,-0.52957064,-0.3040865,-0.4844318,-0.49206877,-0.18243244,5.2655873,-0.60078937,-0.23189378
GTCTAGCCAGTTTACG-1_rna,-0.57479775,0.4249665,-0.4086286,0.34868592,0.09295711,-0.64010024,-0.60467017,-0.6120057,-0.44223246,-0.43122378,-0.5647403,-0.58905447,-0.5162703,5.5825047,-0.52382076,-0.5415696
GTCTATGCATAATGAG-1_rna,-0.70384574,1.4024458,-0.69691885,2.827002,4.9226046,-0.37900135,-0.7576667,-0.6932639,-0.7947264,-0.72906935,-0.7716993,-0.7488247,-0.6372771,-0.87809956,-0.76429546,-0.59736407
GTCTATGCATAGCGAG-1_rna,-0.6684201,2.548014,-0.7390525,-0.06894683,-0.10414814,-1.012596,-0.7532164,-0.78327286,1.0270367,-0.7386338,-0.7547345,-0.63198173,-1.0549276,4.99497,-0.3966988,-0.863391
GTCTTTAGTCACAGCG-1_rna,-0.77738476,0.53030634,-0.91298574,0.7712039,2.2323952,-1.1727475,-0.8764003,-0.81336284,1.7355286,-0.9374141,-0.90836006,-0.7388884,-1.2007008,4.44073,-0.55108285,-0.8208367
GTCTTTGTCCTAATTC-1_rna,-0.8768176,3.905832,-0.98615015,0.94751847,0.5440589,-1.436528,-1.021816,-1.0418204,1.8365697,-0.9938276,-1.1905516,-0.83914185,-1.5068251,4.3006954,-0.52560973,-1.1155863
GTGAATCTCCGGTATG-1_rna,-0.5663841,-0.6335901,-0.44548655,0.94088703,-0.28085417,-0.2531252,-0.50342804,-0.42679912,-0.326607,-0.3926829,-0.50473773,-0.56250924,-0.3062451,5.1239204,-0.47982538,-0.38253278
GTGATGAAGGAGGACT-1_rna,-0.5373627,-0.76917154,-0.50053036,1.015884,-0.12685429,-0.5607965,-0.5583057,-0.51448387,0.66029835,-0.5735925,-0.6002506,-0.57211894,-0.616261,5.111885,-0.33237392,-0.5259655
GTGATGAAGGATAAAC-1_rna,-0.5071523,0.12172599,-0.59734154,0.3847156,-0.59401083,-0.6303482,-0.52725637,-0.4368879,0.7687769,-0.4824119,-0.6436856,-0.5368105,-0.47366127,5.0803223,-0.38085592,-0.54511833
GTGCAAGCACTAAGTT-1_rna,-0.5190993,-0.8658212,-0.65782326,0.65194786,-0.095842496,-0.6201008,-0.5131523,-0.4188885,0.7897419,-0.48286378,-0.56487864,-0.49282217,-0.4486264,5.221071,-0.47492152,-0.50792
GTGCAAGCATTCCTGT-1_rna,-0.45657524,-0.47241896,-0.6765211,0.523359,4.448607,-0.35679188,-0.41274703,-0.5152908,-0.21486369,-0.44671285,-0.18191527,-0.41075638,-0.5539668,0.44315743,-0.2540219,-0.46254176
GTGCCTTTCAATTACG-1_rna,-0.5259787,1.3682687,-0.70038253,0.31552142,-0.4905702,-0.71497566,-0.527987,-0.5678343,0.28946176,-0.5320684,-0.5642179,-0.39079076,-0.8008735,4.7783136,-0.36291307,-0.5729735
GTGCCTTTCCTGATGG-1_rna,-0.4255687,-1.0546638,-0.7752724,-0.48256284,4.705232,-0.61769474,-0.17979015,-0.3197163,0.8068611,-0.2945197,-0.41150916,-0.23523562,-0.532585,0.5822201,-0.26119268,-0.5040024
GTGCGCAGTGGTTAGC-1_rna,-1.0077264,-0.52836275,2.4579325,4.762114,0.30283403,-0.73503953,-0.9535248,-0.8882758,-1.0712724,-0.99391365,-0.8667043,-1.1135086,-0.84089255,3.3246484,-0.9453572,-0.9029503
GTGCGCAGTTTGCAGA-1_rna,-0.886227,4.3999586,-0.5094622,0.0051782373,0.57408875,-1.310406,-0.8855038,-0.96050894,0.25001734,-0.88796943,-0.98240036,-0.8270355,-1.4071969,5.237587,-0.7229746,-1.0871451
GTGCGGTTCAATCTCT-1_rna,-0.58411133,-0.5376341,-0.47214782,1.0305369,-0.07563956,-0.58965725,-0.5338329,-0.5436089,0.018302597,-0.48431814,-0.6012568,-0.69859546,-0.54000676,5.675796,-0.56227946,-0.5015466
GTGCGGTTCTCACACC-1_rna,-0.36209965,-0.8077126,-0.69904685,0.9703234,4.289795,-0.8820013,-0.35516834,-0.4927842,0.3158375,-0.50530547,-0.47323745,-0.44851327,-0.6521557,0.957774,-0.26372766,-0.59197754
GTGCTCCGTCGCAATA-1_rna,-0.3631992,-0.25966915,-0.55111605,0.28238183,-0.88319093,-0.37582487,-0.34139118,-0.3683137,0.3505119,-0.36842525,-0.44927755,-0.31886914,-0.3887697,4.7488937,-0.37065035,-0.34309044
GTGCTCCGTGCAACTA-1_rna,-0.46492434,-0.76443994,-0.50385106,0.59724575,-0.5358789,-0.25905252,-0.4350394,-0.3801446,0.20129165,-0.4005015,-0.50093436,-0.454692,-0.3119275,5.0101256,-0.4099747,-0.38730252
GTGCTCCGTTACCTGT-1_rna,-0.7997733,4.6859665,-0.6730975,0.25669706,-0.21201158,-1.1370413,-0.8507487,-0.8500345,-0.20401937,-0.9223927,-0.92078114,-0.74239045,-1.3418589,5.3910255,-0.6673679,-1.0121725
GTGCTGATCGTTTCCA-1_rna,-0.47234476,-0.7314116,-0.65007395,0.1938645,-0.5309737,-0.3002283,-0.42731225,-0.35073286,0.69722867,-0.33986428,-0.5453167,-0.47229123,-0.43873948,5.1282787,-0.35731697,-0.40276575
GTGCTGGGTACCTTAC-1_rna,-0.49332044,-0.7542951,-0.45631406,0.70768774,-0.5202719,-0.21584526,-0.43542,-0.39920154,-0.10776836,-0.38373742,-0.5048897,-0.5355381,-0.34131542,5.2002454,-0.47975656,-0.28025886
GTGCTGGGTCGCGCAA-1_rna,-0.4358893,-1.0931504,-0.83215606,-0.07618294,4.124765,-0.8160061,-0.20575967,-0.22459577,0.5736652,-0.33827484,-0.27569842,-0.35693097,-0.6282524,1.3340847,-0.23304221,-0.51657593
GTGCTTCTCATTACAG-1_rna,-0.81641155,-1.0638714,0.99115616,5.322382,0.18950331,-0.9173042,-0.9613329,-0.86737156,-0.41490677,-0.8985949,-0.9866461,-1.0283887,-0.8744127,4.018244,-0.7607505,-0.93129414
GTGCTTCTCTGCAACG-1_rna,-0.70432967,0.25510147,-0.5175488,2.5962918,-0.22927177,-0.6950486,-0.60590154,-0.620895,-0.64030355,-0.6016228,-0.5793659,-0.7652797,-0.46310747,4.9604917,-0.7245266,-0.6646835
GTGGACACAATCCCTT-1_rna,-0.886281,4.5679574,-0.43763408,0.4247511,-0.14253032,-1.3493462,-0.9403434,-0.9524293,0.35747835,-1.0029833,-1.0018377,-0.833351,-1.3742613,5.341194,-0.66652644,-1.1038564
GTGGACACAATCGCAC-1_rna,-0.63460696,-0.5221627,-0.38870397,1.6384348,-0.3861154,-0.29887924,-0.65403914,-0.57865524,-1.0734003,-0.45724097,-0.53310347,-0.69086003,-0.13045382,6.1377697,-0.9166107,-0.51137257
GTGGACACACGGTACT-1_rna,-0.5208001,-0.42871606,-1.0010488,-0.4597997,4.209371,-0.9880029,-0.24942748,-0.26868603,0.82523346,-0.344694,0.032804757,-0.44307512,-0.72184855,1.2317483,-0.16947149,-0.70358706
GTGGACACATAATCCG-1_rna,-0.5034547,-0.8017422,-0.06303057,0.27331457,-0.60380644,0.079179615,-0.4795829,-0.39642286,-0.8106483,-0.33585393,-0.4022606,-0.52557355,-0.002309531,5.401907,-0.6066801,-0.22303507
GTGGATGCAACCCTAA-1_rna,-0.60322773,-0.42901635,-0.40145195,1.9117188,-0.060693204,-0.21630332,-0.6328199,-0.658227,-0.8309095,-0.5298488,-0.500475,-0.68287945,-0.32210666,5.3658032,-0.8114768,-0.598086
GTGGATGCAGTTAAAG-1_rna,-0.9189904,4.7642937,-0.35848323,0.17642376,0.2849772,-1.3393611,-0.9425769,-1.0548655,0.14964172,-0.9821743,-1.0254976,-0.7274147,-1.4529033,5.23812,-0.7109421,-1.1002473
GTGTAACTCCTGAGTG-1_rna,-0.5594563,0.6172865,-0.60515285,1.2498502,-0.61135,-0.4934358,-0.6337133,-0.5177609,-0.37892205,-0.49556816,-0.5487388,-0.54423964,-0.53426445,5.104303,-0.5848784,-0.46395904
GTGTCCAAGGAAACTG-1_rna,-0.872898,-1.1026788,1.2931365,5.4224358,-0.065434426,-0.8310211,-0.9321425,-0.87906265,-0.7736647,-0.8977276,-0.9246479,-1.0555441,-0.8643131,4.205646,-0.7987108,-0.9233726
GTGTCCAAGTTATCCT-1_rna,-0.42296243,0.10606046,-0.8268994,-0.8820594,3.9624257,-0.7565539,-0.17662686,-0.25406963,0.7480946,-0.32293105,0.020046718,-0.29751584,-0.67683613,0.64651906,-0.3436914,-0.5230004
GTGTGAGCAAACAACA-1_rna,-0.3879115,-0.54783434,-0.4707554,0.35477257,-0.71167326,-0.2826026,-0.3349644,-0.33483917,-0.21358456,-0.23638885,-0.41062212,-0.46902806,-0.2844963,5.1191425,-0.48790264,-0.30131155
GTGTGAGCAGCACGTT-1_rna,-0.48164502,-0.7426851,-0.43737462,0.9218143,-0.47343865,-0.26439846,-0.5173894,-0.49120858,-0.26526576,-0.39562544,-0.49916872,-0.53605473,-0.27663627,5.413519,-0.5610119,-0.39343122
GTGTGCGGTAACCACA-1_rna,-0.6453519,1.486433,-1.1799595,0.11747638,-1.0091791,-0.8124978,-0.5218027,-0.66036385,2.4027536,-0.6130922,-0.76268154,-0.44832417,-0.91652775,4.546549,-0.3830506,-0.6003807
GTGTGCGGTATTGTCC-1_rna,-0.55833983,-1.0199699,-0.6687838,0.6329696,5.021733,-0.809747,-0.44199747,-0.5056271,0.37671572,-0.4404406,-0.45644546,-0.3924988,-0.63310444,0.7820244,-0.34723094,-0.53925705
GTGTGCGGTCGCAAAC-1_rna,-0.63234776,2.5357504,-0.60308635,1.7136556,3.1037126,-0.7183897,-0.60347587,-0.6790969,0.09841919,-0.59010637,-0.6785254,-0.5743834,-0.8371528,-0.11653929,-0.6361833,-0.7822507
GTGTGTTAGGTGTCCA-1_rna,-0.5754233,0.4101125,-0.74617136,0.35984498,3.80509,-0.52402365,-0.54330397,-0.52618223,-0.0863388,-0.6015269,-0.39535242,-0.58613825,-0.6541502,1.4898971,-0.28004265,-0.5462905
GTGTTACAGCCTCTGT-1_rna,-0.49169588,0.2779689,-0.57300735,1.0147753,-0.2868799,-0.42716175,-0.50883996,-0.51457256,-0.15774047,-0.49538803,-0.46524578,-0.45519388,-0.55641663,4.640943,-0.43986136,-0.5616835
GTGTTACAGTCGCTAG-1_rna,-1.0267181,-0.21737282,2.6777792,4.903814,0.22192962,-0.8019982,-1.0002582,-0.9177407,-0.9997607,-1.0173869,-0.8963424,-1.1044517,-0.9775441,3.0541077,-0.9260511,-0.97200614
GTGTTACAGTTACCGG-1_rna,-0.5976798,-0.96719533,-0.62977284,-0.108345136,-0.32312167,-0.5572538,-0.3840918,-0.35785168,1.5026516,-0.361309,-0.6033056,-0.32736278,-0.65671146,5.1914134,-0.33582872,-0.48423564
GTGTTCCTCGTGCTTC-1_rna,-0.9117305,3.2927582,-0.8476987,3.5366464,4.8511577,-0.60816413,-0.97607756,-0.8861388,-0.98620796,-0.9716921,-0.97479916,-1.0001562,-0.7996636,-0.9628496,-0.9760014,-0.7793821
GTGTTCCTCTATCGCC-1_rna,-0.8559509,-0.8859681,1.4881239,5.0342345,0.270864,-0.7802546,-0.8611371,-0.82820636,-0.90202177,-0.86046827,-0.9437799,-1.0076683,-0.777006,3.6085532,-0.82804376,-0.8712708
GTTAACGGTCCGGTTC-1_rna,-0.60964423,-0.5212885,-0.70187455,0.99940807,5.292552,-0.73477,-0.5561207,-0.5347324,-0.23565716,-0.6246411,-0.52509177,-0.6431186,-0.6301298,1.1241,-0.50647545,-0.5925157
GTTAAGCTCTTGCAAA-1_rna,-0.5622008,-0.30095908,-0.62569654,1.592423,5.0745687,-0.54450345,-0.47383437,-0.52114487,-0.22126684,-0.5211289,-0.52629995,-0.5157124,-0.5612968,-0.43043324,-0.37813216,-0.48438212
GTTAATGTCATTATGG-1_rna,-0.4714489,-0.4207564,-0.60293895,0.62787664,0.09319577,-0.7516663,-0.48179793,-0.43382567,0.7791012,-0.59429324,-0.658421,-0.5039979,-0.7414638,5.15951,-0.41737658,-0.58169746
GTTACAGGTCATAAGT-1_rna,-0.5103179,-0.60318524,-0.6159418,0.8277928,4.93435,-0.6366493,-0.49528873,-0.50209475,-0.110335544,-0.52892184,-0.5750696,-0.50518113,-0.5871344,0.7682,-0.3282017,-0.53201985
GTTACAGGTTGGTGAC-1_rna,-0.5612238,-0.62257755,-0.34262297,2.0681844,-0.3285197,-0.29941347,-0.63395953,-0.51284194,-0.665127,-0.5093169,-0.50937957,-0.57938623,-0.31765607,5.056654,-0.7267006,-0.5161127
GTTACTAAGCTTGCTC-1_rna,-0.5267419,-0.11587839,-0.6657894,1.4482551,5.1913137,-0.3522553,-0.49726725,-0.48831624,-0.37834862,-0.55646765,-0.44634765,-0.54434323,-0.5170105,-0.63864297,-0.43726426,-0.47489524
GTTACTCGTCAGTAAT-1_rna,-0.53030014,0.48600113,-0.75283754,0.98477834,-0.6547055,-0.76265615,-0.4870708,-0.49565524,0.73787177,-0.48317862,-0.63260573,-0.502397,-0.6387035,4.729071,-0.41146082,-0.5861516
GTTACTCGTTAGGACC-1_rna,-0.63050896,1.5680825,-0.7805889,0.5529568,0.030109523,-0.76691264,-0.60062444,-0.6727992,0.4637469,-0.6731128,-0.7621356,-0.6208214,-0.85642755,4.8305674,-0.42960936,-0.65192163
GTTCCCAGTAATCCCT-1_rna,-0.4019119,-1.2258422,-0.82236856,-0.11943053,4.1991124,-0.80082947,-0.1268667,-0.18355894,1.0087842,-0.21514662,-0.026929509,-0.18802112,-0.60181653,0.1665572,-0.09340039,-0.5683313
GTTCCCAGTCCAAGAC-1_rna,-0.97503734,-0.3918757,2.7618535,4.775345,0.28801155,-0.6966603,-0.94874156,-0.7624817,-0.8859974,-0.982113,-0.9140916,-0.9753244,-0.74845684,2.345769,-1.0088754,-0.88132346
GTTCCTTCAAGCTAAA-1_rna,-0.53641677,0.55065197,-0.63791084,1.2022667,-0.09517273,-0.7648834,-0.5613071,-0.5359776,0.14211538,-0.4821945,-0.62937963,-0.50230193,-0.6350812,4.685037,-0.48100802,-0.71843755
GTTCCTTCAATCATGT-1_rna,-0.5694343,1.5299358,-0.7473638,2.3857272,4.7064743,-0.23797658,-0.6582339,-0.6602052,-0.79602647,-0.6516019,-0.72213477,-0.7017263,-0.6137317,-1.1249027,-0.6224098,-0.5163899
GTTCCTTCAGGCATCT-1_rna,-0.5752765,-0.46127245,-0.6522238,0.8477471,0.2697411,-0.85984933,-0.51734257,-0.37949094,0.38483623,-0.5558106,-0.6371877,-0.6254735,-0.61427546,5.3390493,-0.45926377,-0.50390744
GTTCTTAGTGTTGCTT-1_rna,-0.47259086,-0.8197571,-0.7123028,0.64981914,5.2521367,-0.7905477,-0.3579186,-0.4321326,0.18284807,-0.43502608,-0.5914526,-0.39541006,-0.6423658,0.46311787,-0.43771675,-0.46070123
GTTCTTAGTTGTTGCT-1_rna,-0.8169971,1.8449523,-0.9613386,2.7896163,5.273906,-0.77546006,-0.95523936,-0.92256063,-0.8135055,-0.98338217,-0.9252832,-0.77531236,-0.8918221,0.597516,-0.83286405,-0.8522257
GTTCTTGTCATTTAGG-1_rna,-0.46862322,-1.0515459,-0.726513,0.40044707,5.328328,-0.82580423,-0.35814404,-0.47809833,0.3380199,-0.4258017,-0.5015226,-0.51065886,-0.6654499,0.90489244,-0.49220854,-0.467317
GTTGCCCGTTTACCGT-1_rna,-0.4771082,0.3373073,-0.451436,1.4191258,-0.19918773,-0.48919258,-0.6057074,-0.53090954,-0.63696325,-0.62282693,-0.42176142,-0.5043223,-0.66047823,5.0194755,-0.5737493,-0.6022657
GTTGCTGAGCTCAAAC-1_rna,-0.760942,-0.31081352,-1.0332836,0.6828283,-0.049826935,-0.8674656,-0.56368077,-0.49835625,2.7723277,-0.7604606,-0.86142766,-0.51839054,-0.9175031,4.9705534,-0.4630756,-0.8204832
GTTGGCCAGGGTGGAT-1_rna,-0.43729052,0.1842925,-0.42149618,0.1710877,-0.03256032,-0.42786977,-0.5027051,-0.56391764,-0.4901844,-0.36040285,-0.45381507,-0.47244683,-0.36589238,5.102418,-0.5168568,-0.41236076
GTTGGCGGTGCTGTAA-1_rna,-0.31564325,-0.9382838,-0.6380162,-0.21547396,4.9698367,-0.8222657,-0.26322424,-0.3986708,0.5555764,-0.36675006,-0.37532276,-0.40827328,-0.59989613,0.6452213,-0.3629735,-0.46584028
GTTGTTGCACATTAAC-1_rna,-1.058357,0.03212563,1.126354,4.2575927,2.3631144,-0.927222,-0.9961068,-0.96499336,-0.32748467,-1.0572965,-0.9995965,-1.0792755,-1.2532779,2.6558874,-0.8097347,-0.9617289
GTTGTTGCACGAACAG-1_rna,-0.4985658,-0.6370728,-0.2510357,1.4197,-0.7416295,-0.1853494,-0.57206,-0.5546742,-0.8910749,-0.3402204,-0.4435342,-0.5510391,-0.14574236,5.478095,-0.6737485,-0.41204834
GTTTAACCAGTCTATG-1_rna,-0.78049535,0.3726603,-0.0041280836,5.592172,-0.10817338,-0.80094695,-0.75590014,-0.77533793,-0.041564234,-0.7854745,-0.9220625,-0.7132155,-1.0542096,2.1101818,-0.5223908,-0.81111515
GTTTAACCATCATGGC-1_rna,-0.60847616,0.17846772,-0.67609704,0.66652477,-0.4003109,-0.4270363,-0.56907344,-0.49630472,0.5501658,-0.56648755,-0.71007526,-0.5692364,-0.5638913,5.2066154,-0.5108354,-0.50394857
GTTTACCGTTTAAAGC-1_rna,-0.43789595,-0.58992016,-0.42878073,1.1725013,-0.812042,-0.27664715,-0.508486,-0.4118548,-0.67239046,-0.31882995,-0.46851945,-0.44890738,-0.16999117,5.3686943,-0.61304903,-0.38388127
GTTTATCTCGCTCCAT-1_rna,-0.55266935,-0.05551848,-0.39945447,1.1383992,0.20830959,-0.54992473,-0.5551794,-0.48087335,-0.6709117,-0.56263906,-0.48723477,-0.5410716,-0.46597296,5.162721,-0.5793157,-0.60866404
GTTTGCTGTATCTGGA-1_rna,-0.6673256,2.1901855,-0.677312,3.0697079,4.4910307,-0.15525368,-0.81548285,-0.7803476,-1.0438123,-0.81061935,-0.77310884,-0.8140416,-0.6475315,-1.01997,-0.8798959,-0.66622293
GTTTGCTGTTGCAATG-1_rna,-0.52465427,0.08299729,-0.6282807,-0.09499164,-0.2254983,-0.7111493,-0.47626072,-0.4855237,1.4160452,-0.455199,-0.5686518,-0.47145516,-0.5269614,4.4350667,-0.2916245,-0.4738589
GTTTGTAAGGCCAATT-1_rna,-0.392961,-0.90457284,-0.70900047,0.34458098,4.7807207,-0.71864474,-0.36883348,-0.4042029,0.29056618,-0.40010783,-0.20697437,-0.39337233,-0.60426533,0.49224618,-0.3580074,-0.4471711
GTTTGTCGTTGAGGTC-1_rna,-1.0359099,4.526107,1.2122662,4.684351,-0.42351654,-1.1998074,-1.0270299,-1.0217406,-0.565143,-1.0760376,-1.1976134,-1.0844041,-1.1603364,1.36402,-0.8829987,-1.1122056
TAAAGCCTCAATGAGG-1_rna,-0.45856285,-0.91429937,0.03108935,-0.09335324,-0.47729844,-0.016070545,-0.41113323,-0.35485643,-0.7539642,-0.36920327,-0.35978878,-0.5030977,-0.005770594,5.506436,-0.647698,-0.17242917
TAACCGGTCATTAGTG-1_rna,-0.4071368,0.7498663,-0.78392047,-0.8953359,4.2359195,-0.8745762,-0.22123598,-0.36666238,0.78467065,-0.400747,0.069671676,-0.33562207,-0.7604364,0.05820681,-0.2770637,-0.5755975
TAACCTAAGGATCACT-1_rna,-1.1902391,3.6020377,-0.19540319,4.4133263,4.8313026,-0.7507919,-1.1721146,-0.98216784,-1.4481069,-0.8929173,-0.95450914,-1.1869719,-0.8406949,-0.97250676,-1.3378365,-0.92240596
TAACCTAAGTAGCGGG-1_rna,-0.7395395,0.7085091,-0.8085364,2.0612621,5.0629463,-0.66449416,-0.81434685,-0.6952265,-0.46199548,-0.819373,-0.7510467,-0.8086664,-0.69976354,0.8668356,-0.76128274,-0.67528224
TAAGCCAGTAAGCACC-1_rna,-0.29583204,-0.80553806,-0.6563544,-0.5456007,4.560208,-0.542633,-0.20354508,-0.2645799,0.48503143,-0.27945405,-0.001332555,-0.2958989,-0.47873235,-0.25061655,-0.090884805,-0.33423662
TAAGCCAGTACAAAGA-1_rna,-0.3790115,-0.40613145,-0.7756879,-1.1381989,4.701143,-0.88946736,-0.30774075,-0.43346384,0.95072263,-0.3773962,0.09428523,-0.3967377,-0.77342683,0.57156354,0.016684785,-0.45713654
TAAGCCTAGACAGGCG-1_rna,-0.50018704,0.48444933,-0.45652786,0.455097,-0.23137751,-0.5694318,-0.521791,-0.5653976,-0.1967411,-0.6222662,-0.49251726,-0.38794753,-0.5804765,5.2525344,-0.5151144,-0.55230427
TAAGCTGGTTAATGCG-1_rna,-0.5288119,-0.57390016,-0.37653548,0.7138798,-0.23853499,-0.257418,-0.4965151,-0.40890723,-0.39139664,-0.41256887,-0.37802076,-0.54731977,-0.3291173,5.1879616,-0.5021609,-0.46063447
TAAGCTGGTTATCGAG-1_rna,-0.71520454,3.031063,-0.68307567,2.8068104,4.590068,-0.16844147,-0.8838058,-0.82457066,-1.2543569,-0.8107704,-0.8255222,-0.8690518,-0.72481847,-1.0156815,-0.8593964,-0.7932458
TAAGGACCACCTGGTG-1_rna,-0.7272499,1.6933548,-0.89592254,2.8749003,5.149857,-0.21379374,-0.8602965,-0.7657902,-1.1056637,-0.81503254,-0.77513814,-0.89826095,-0.74377316,-0.30744773,-0.9541373,-0.65560615
TAAGGACCATAGCGGA-1_rna,-0.73070836,0.18220276,-0.7055929,2.083453,5.2947903,-0.5648688,-0.6948689,-0.62218297,-0.6606523,-0.74470794,-0.6043463,-0.63913167,-0.64304006,0.33818364,-0.66731167,-0.6212183
TAAGGCTTCACGCATG-1_rna,-0.801983,3.589226,-0.6523855,3.7544634,4.7295375,-0.43705392,-1.0201775,-0.9542905,-1.187048,-0.91644585,-0.98624456,-1.0115589,-0.7727231,-1.4100707,-1.0916061,-0.83163893
TAAGGCTTCAGGGCCT-1_rna,-0.502627,-1.1690016,-0.59100676,1.0122526,5.23482,-0.8788098,-0.6509278,-0.57911825,0.07620126,-0.6395457,-0.43116543,-0.641019,-0.65899146,1.4905174,-0.4374179,-0.6341609
TAAGGCTTCATAATCG-1_rna,-0.38945568,-0.8409239,-0.73247564,0.077410504,4.3978276,-0.7073662,-0.23976414,-0.32430652,0.47395465,-0.32144293,-0.19377941,-0.34325248,-0.54946136,0.514151,-0.27776468,-0.5433506
TAAGGCTTCGGCTATG-1_rna,-0.2662037,-0.5594385,-0.6507558,0.15889996,4.513631,-0.77661973,-0.29367396,-0.30863586,0.3404438,-0.31318894,-0.32994726,-0.34407267,-0.5735614,0.07637436,-0.24421,-0.42904097
TAATCCGCAAACGCGA-1_rna,-0.5352047,-0.8835252,-0.7193875,1.4147083,4.2580805,-0.8148553,-0.4828369,-0.50705475,0.16461599,-0.52857435,-0.53106755,-0.49268013,-0.6035394,1.3326902,-0.4898194,-0.58154976
TAATGCATCCGCAACA-1_rna,-0.4552449,-0.724557,-0.631467,0.6955795,5.05351,-0.6932586,-0.43368948,-0.44119042,0.2201661,-0.4721129,-0.545587,-0.51327246,-0.5753699,0.42535412,-0.35385776,-0.55500245
TAATGCATCCGCCTAT-1_rna,-0.7499707,4.809305,-0.7703414,-0.54052114,-0.63959634,-1.2513165,-0.77722657,-0.91620696,0.62839997,-0.973969,-0.86521244,-0.5505613,-1.3419113,5.5103154,-0.59369516,-0.9774914
TAATGGACATAGGCGA-1_rna,-0.54224914,0.47883958,-0.6521115,1.2202625,4.913404,-0.7970155,-0.5695867,-0.6187109,-0.08071813,-0.68737966,-0.3177321,-0.55766535,-0.6291142,-0.2231162,-0.35767573,-0.5794309
TAATGGTGTAGCAGCT-1_rna,-0.5802556,2.183139,-0.44253612,-0.36542988,0.008663058,-0.7964022,-0.6771209,-0.52250963,-0.4129938,-0.58453435,-0.4532193,-0.51180094,-0.60388076,4.9949255,-0.617478,-0.6185658
TAATGGTGTGTGTCCC-1_rna,-1.2982416,4.6218495,-0.05863446,4.943219,4.4837265,-0.62060356,-1.2362704,-1.0644441,-1.4075677,-0.99431974,-1.2264929,-1.2893436,-0.9362573,-1.4333999,-1.4620306,-1.021189
TAATTGCCAAATGCCC-1_rna,-0.79087883,0.7849705,-0.035279915,5.152295,-0.18731427,-0.7223863,-0.72827363,-0.8287471,-0.07876036,-0.6192343,-0.8142252,-0.9365638,-0.76415837,2.0229785,-0.6123996,-0.8420223
TAATTGCCACCTGCTC-1_rna,-0.37397552,-0.3038414,-0.44726324,0.444225,-0.7208874,-0.38666797,-0.38757205,-0.4038942,-0.077215314,-0.36533296,-0.4671418,-0.3771829,-0.43085855,5.073062,-0.3999912,-0.3754621
TACAATGTCATCAGTA-1_rna,-0.48449355,-0.6967669,-0.49301493,1.291179,-0.55625623,-0.382604,-0.5071081,-0.49355125,-0.3136899,-0.45065737,-0.44604313,-0.51019657,-0.28072476,5.1856027,-0.5029658,-0.35870922
TACAATGTCGAAGTAG-1_rna,-0.42593372,-0.9998187,-0.67562157,0.06259724,4.936009,-0.7661954,-0.3601761,-0.36164933,0.5822999,-0.41064608,-0.5312904,-0.43168873,-0.5800945,0.8972205,-0.41361034,-0.5214014
TACAGCTAGCTCCTTA-1_rna,-0.5953857,-0.21201804,-0.048765093,0.48880613,-0.49948585,-0.07065588,-0.5168163,-0.4618209,-0.6893438,-0.4124624,-0.426579,-0.5849259,-0.16021389,5.1521244,-0.6462349,-0.3162229
TACATCAAGGGCTTAT-1_rna,-0.5568514,-0.9101032,-0.6289922,0.43917274,-0.27935076,-0.4205493,-0.52188694,-0.4529918,0.60451806,-0.41600117,-0.6159227,-0.5338093,-0.4148771,5.6521583,-0.47604898,-0.4684647
TACCGAAGTTGCCTCA-1_rna,-0.6731543,1.8521578,-0.58710885,0.09838055,4.7560024,-0.96520996,-0.87872225,-0.7867271,-0.3062601,-0.7717922,-0.81172866,-0.8425964,-0.92617285,2.4007638,-0.76569396,-0.7921376
TACCGAAGTTGGGTTA-1_rna,-0.73132944,-0.72314084,-0.12603746,1.4565594,-0.40007645,-0.14140539,-0.65001726,-0.69198745,-1.0651883,-0.4664966,-0.56544757,-0.6746873,-0.117111936,6.2778254,-0.9391923,-0.44226635
TACCGCAAGACTCGCA-1_rna,-0.5465394,0.0356417,-0.32976264,0.7623082,-0.38934433,0.016816393,-0.66195047,-0.4985516,-0.89429814,-0.3317182,-0.43324792,-0.5970441,-0.19654194,5.2607145,-0.76149166,-0.43499047
TACCGCAAGGCGAAAC-1_rna,-0.626449,-0.97952175,-0.71300596,1.0603588,-0.25055853,-0.49398124,-0.52863044,-0.45882076,0.5222651,-0.45611513,-0.68747425,-0.61308646,-0.35619488,5.5235376,-0.45569885,-0.4866246
TACCTCATCCGCAACA-1_rna,-0.42398113,-0.6229561,-0.55884194,0.7664289,-0.9832237,-0.21745798,-0.43155926,-0.40579307,-0.083764866,-0.38384423,-0.50413424,-0.36216733,-0.36313558,5.404011,-0.50235313,-0.3272275
TACCTTAGTTCAAGCA-1_rna,-0.53425515,-0.7872701,-0.3983022,0.8313708,-0.3389877,-0.3252251,-0.60250366,-0.517107,-0.3763528,-0.4252004,-0.54051983,-0.5246539,-0.21093082,5.7133355,-0.52369756,-0.4396999
TACCTTAGTTGCGGAT-1_rna,-0.40321085,0.24273506,-0.749627,-0.26976463,4.1836157,-0.88629997,-0.29574683,-0.30677667,0.6737133,-0.3642572,-0.26324996,-0.3686991,-0.7175381,0.13313198,-0.11082136,-0.49720463
TACCTTTAGGACAACA-1_rna,-0.9208044,4.522915,-0.33829966,0.20572518,0.6494093,-1.460741,-0.90491486,-1.0875338,0.8376138,-1.0189239,-1.0709786,-0.77147734,-1.545312,4.736502,-0.6603757,-1.1728036
TACCTTTAGGCTGTGC-1_rna,-1.1437793,3.3012483,2.089429,4.7737007,1.2130885,-1.1093565,-1.1805295,-1.0996513,-1.0068777,-1.1414402,-1.1822252,-1.2585888,-1.2156415,1.2860953,-1.0895901,-1.2358822
TACCTTTAGGTGAAAT-1_rna,-0.50794595,-0.6469663,-0.28360015,0.8044626,-0.524535,-0.094504476,-0.5485407,-0.4506637,-0.8067933,-0.38518882,-0.47009218,-0.59634715,-0.06849569,5.6267757,-0.6746725,-0.37289226
TACCTTTAGGTGTCCA-1_rna,-0.22356956,-1.029568,-0.7860979,-0.5602485,4.3980284,-0.44084978,-0.045206007,-0.19974466,0.77618784,-0.07103145,0.06054744,-0.09090681,-0.4525097,-1.0475757,-0.0152503215,-0.27220538
TACCTTTAGTCTTGAA-1_rna,-0.60253614,-0.23093788,-0.6466242,0.29651958,-0.562305,-0.44998902,-0.4740876,-0.49187422,0.5919084,-0.40301013,-0.65361184,-0.6273142,-0.38610142,5.501134,-0.45671976,-0.40445083
TACGCACCATGTTTGG-1_rna,-0.3907987,-0.5053209,-0.43545938,0.20538577,-0.90299743,-0.13962956,-0.39280558,-0.3447339,-0.26879483,-0.3425939,-0.36954314,-0.28635722,-0.21108432,5.169847,-0.44981903,-0.3352949
TACGGTTAGCTTAACA-1_rna,-0.6974875,0.44824767,-0.9989585,-0.24204342,-0.863195,-0.877341,-0.48842567,-0.6803998,3.1571279,-0.57687265,-0.78615004,-0.33672744,-1.0541313,4.7874804,-0.19408618,-0.59703755
TACGTACAGTTAGTGC-1_rna,-0.51926064,0.24567899,-0.7487744,0.40489256,5.0083985,-0.73610437,-0.54442155,-0.5449035,0.19532031,-0.66248333,-0.32992956,-0.6366867,-0.5942544,0.26234725,-0.26267546,-0.5371437
TACTAAGTCCAATAGC-1_rna,-0.54536796,-0.3477951,-0.8664323,-0.057946496,5.0251966,-0.8422055,-0.25019586,-0.3891216,0.454408,-0.48012954,-0.13374786,-0.33196598,-0.745539,0.564044,-0.4709713,-0.5822295
TACTCGCTCCTCCATA-1_rna,-0.789988,-0.24803445,-1.0134581,0.6440493,0.85332096,-0.9630302,-0.6662598,-0.6181403,2.5570474,-0.82065386,-0.8672773,-0.5699624,-1.0801072,4.692101,-0.40216744,-0.7074393
TACTGAGGTTAATGCG-1_rna,-0.59911036,0.064765684,-0.57196736,2.248948,-0.043612704,-0.4505437,-0.5902737,-0.6195298,-0.7418221,-0.50573236,-0.62968445,-0.6500827,-0.73419124,5.2044063,-0.7145043,-0.6670653
TACTGCACAGCAACCT-1_rna,-0.49967498,-0.82558686,-0.6242772,0.6530468,5.1383514,-0.73620665,-0.3950805,-0.47194153,0.14250539,-0.50185823,-0.2679543,-0.5501786,-0.6161243,0.35145873,-0.32516646,-0.47131234
TACTGGCCAGCTTAAT-1_rna,-0.5106892,-0.7549557,-0.61244035,0.25491565,4.892035,-0.68345267,-0.3324914,-0.394336,0.07530094,-0.41705126,-0.2965597,-0.4451213,-0.48531157,0.5632697,-0.40353656,-0.44957536
TACTTGTTCCGCCTAT-1_rna,-0.7669016,4.17159,-0.6139013,0.38359147,-0.15783012,-0.8297689,-0.81864583,-0.85653704,-0.79231143,-0.8361672,-0.6438494,-0.62832314,-0.9125088,4.974327,-0.8209655,-0.8517979
TAGCAGGCAAGGTACG-1_rna,-0.5676573,0.26092243,-0.70433843,0.83948153,4.9576726,-0.7351356,-0.538327,-0.56333846,-0.17006348,-0.6682215,-0.40135616,-0.56437576,-0.62639874,0.24173668,-0.23359178,-0.5270093
TAGCAGGCAAGTTATC-1_rna,-0.48594695,0.07147266,-0.72073406,0.6481325,4.9860506,-0.7120802,-0.53310275,-0.47672892,0.23735982,-0.5970172,-0.48041815,-0.56518537,-0.5508807,-0.1254426,-0.2070477,-0.48843062
TAGCAGGCATAATCAC-1_rna,-0.6064279,-0.89365745,-0.44542897,1.6880425,-0.43871176,-0.2557359,-0.601427,-0.5599197,-0.791244,-0.3953644,-0.5145463,-0.625472,-0.082951024,5.7379637,-0.6774617,-0.5376584
TAGCATATCCGGTATG-1_rna,-0.43770778,-0.73894906,-0.8600933,-0.46390635,4.3214393,-0.7638634,-0.20419464,-0.27130437,0.8146959,-0.25705177,-0.1775828,-0.25179487,-0.6448635,0.6288241,-0.118687555,-0.5749602
TAGCCTCTCGTAACGT-1_rna,-0.556373,0.0965427,-0.6032244,0.6361103,-0.4137331,-0.38767362,-0.5002525,-0.48824474,0.22246283,-0.4364842,-0.6115998,-0.5405805,-0.47156522,4.903042,-0.35854438,-0.48988208
TAGCCTTGTCATAACG-1_rna,-0.63270843,-0.35671115,-0.69512963,1.5666622,5.1167617,-0.7005296,-0.5520588,-0.5838752,-0.19974968,-0.59008276,-0.541363,-0.642321,-0.62281895,0.50421566,-0.48246893,-0.5878228
TAGCGCGGTACGCGCA-1_rna,-0.5875789,-0.03391224,-0.59739983,0.9405929,-0.2830048,-0.46988598,-0.5844685,-0.57101595,0.13826026,-0.41199145,-0.6242753,-0.6206248,-0.5237719,5.2024894,-0.47035924,-0.5030534
TAGCGCGGTTGCCTCA-1_rna,-0.85197616,3.9778118,-0.5497438,1.2793628,-0.4237334,-0.9964453,-0.8857954,-0.84564346,-0.77662563,-0.87559456,-0.90718657,-0.77234507,-0.95261973,5.3046403,-0.8904779,-0.8336278
TAGCGGACAGGACCTT-1_rna,-0.8414064,3.1014655,-0.8573075,2.8483875,4.1022224,-0.85925704,-0.93420756,-0.88612103,-0.28558618,-0.9699265,-0.89312243,-0.8823746,-0.8777015,-0.008078858,-0.83669436,-0.92029154
TAGCGGCTCCGCCAAA-1_rna,-0.67545396,1.9438405,-0.6502542,2.9059534,4.722788,-0.25227773,-0.7910787,-0.7506769,-1.009214,-0.73289573,-0.7443013,-0.7822751,-0.6179657,-1.1612011,-0.78194535,-0.6230421
TAGCGGCTCTCCATGC-1_rna,-0.4885068,-0.4148507,-0.67854744,1.7989271,4.52186,-0.34862912,-0.4631291,-0.5177947,-0.12900047,-0.46073592,-0.55004627,-0.5358859,-0.5338436,-0.2911721,-0.46408474,-0.44456047
TAGCTAATCACGTTAA-1_rna,-0.5016327,-0.7857927,-0.6369169,0.34283268,-0.6449969,-0.30229366,-0.39806917,-0.38385475,0.42223322,-0.37628642,-0.52106714,-0.4856928,-0.32152143,5.350405,-0.42854935,-0.32879743
TAGCTAATCATGCGTG-1_rna,-0.8479059,4.4759865,-0.5262788,-0.08394006,0.08288814,-1.4002955,-0.8567611,-0.9841468,0.91352713,-0.9582885,-1.0391569,-0.76381975,-1.5141745,5.2257547,-0.6067453,-1.1166439
TAGCTAATCTCCATAT-1_rna,-0.4682377,1.3460325,-0.6732866,0.7108902,4.67723,-0.15424916,-0.5468778,-0.54779667,-0.49510998,-0.6041325,-0.514118,-0.48533356,-0.54450965,-0.6920024,-0.4716071,-0.53689134
TAGCTAGGTTGCAATG-1_rna,-0.5187528,-1.1083728,-0.788996,-0.3477618,4.7145243,-0.69694173,-0.24841385,-0.38921088,0.47242233,-0.28105754,-0.4896956,-0.32111257,-0.6551242,1.4336122,-0.22046012,-0.5546588
TAGCTTAAGGCGCTAC-1_rna,-0.498765,-0.8558805,-0.40867728,0.61731744,-0.12712574,-0.38042653,-0.43120086,-0.3872034,-0.02213718,-0.3423831,-0.5044061,-0.56333315,-0.3855785,5.131645,-0.4028654,-0.4389801
TAGCTTGCATCAATCG-1_rna,-0.70338374,-0.6014346,-0.44318122,1.9613938,-0.31326482,-0.242237,-0.59482014,-0.61790353,-0.95329434,-0.48649216,-0.5776254,-0.75552446,-0.15119085,5.8540354,-0.8227763,-0.5523008
TAGGAGGGTTACAACG-1_rna,-0.6278361,0.07918596,-0.48173144,1.0976583,0.2875154,-0.6094837,-0.6016116,-0.52266705,-0.29843923,-0.513003,-0.64378965,-0.66510046,-0.45558032,5.10516,-0.6455538,-0.5047234
TAGGAGGGTTATCGAG-1_rna,-0.579152,-0.9518083,-0.13228703,0.73089725,-0.5209063,0.01102826,-0.44946212,-0.43334204,-0.8502169,-0.27346742,-0.40540344,-0.6035174,-0.09058145,5.561828,-0.6680452,-0.3455637
TAGGAGTCATCGCTCC-1_rna,-0.62660074,0.80969465,-0.559,1.2510744,-0.0874599,-0.6990752,-0.59913534,-0.7141409,-0.15632382,-0.57404757,-0.65424794,-0.5644071,-0.61958766,4.9870934,-0.48959506,-0.7042409
TAGGAGTCATTGTGGC-1_rna,-0.2364139,-0.6179384,-0.5922462,-0.52114284,4.024381,-0.78804636,-0.1746472,-0.19358099,0.914292,-0.35021028,-0.24670798,-0.2275429,-0.6588092,0.09705158,0.03343374,-0.4618725
TAGGCTGTCAATGAGG-1_rna,-0.62784684,1.3628395,-0.6325952,2.4026923,4.571497,-0.27722603,-0.7159439,-0.7052611,-0.75350606,-0.6821116,-0.66433126,-0.72652155,-0.5928674,-0.6715883,-0.7243991,-0.56283015
TAGGCTGTCAATTGGC-1_rna,-0.7238373,3.1693292,-0.6186239,0.6361995,-0.57277226,-0.7368418,-0.7554407,-0.7396188,-0.34428465,-0.68618053,-0.6344672,-0.6401229,-0.91646916,4.9978585,-0.6423432,-0.7923846
TAGGCTGTCGAGCTAT-1_rna,-0.7337438,-0.03542137,-0.71394837,2.445497,4.77274,-0.81556594,-0.7442708,-0.75230443,-0.21508199,-0.7718816,-0.6975006,-0.74514365,-0.6315154,0.9566227,-0.615193,-0.7032887
TAGGCTTAGGAAACTG-1_rna,-0.7530419,4.4996376,-0.52046686,-0.27279848,0.13426387,-1.2306412,-0.88006645,-0.90972555,0.27924418,-0.81472075,-0.93161964,-0.66402763,-1.3196442,5.0805078,-0.6607249,-1.036176
TAGGGTTTCGCATCCT-1_rna,-0.79565513,0.64503497,-0.520212,2.3932717,-0.12447823,-0.43518773,-0.7249977,-0.7658865,-0.8107451,-0.6132754,-0.6430217,-0.7576817,-0.43975076,5.1611595,-0.88701344,-0.6815607
TAGGTTATCTTGAGCG-1_rna,-0.6638439,-0.5811809,-0.5243671,0.7923137,-0.3404833,-0.3625172,-0.5383361,-0.49510294,-0.18605852,-0.5433061,-0.65150726,-0.65021735,-0.36057177,6.0902114,-0.56737274,-0.4176603
TAGTAACGTTGTTGTC-1_rna,-0.52907723,-0.18150948,-0.48673356,0.377398,-0.061818913,-0.5631526,-0.57858884,-0.50552726,-0.013653442,-0.47285378,-0.59247464,-0.60518944,-0.5136323,5.697798,-0.5044716,-0.46651214
TAGTAAGCATCCCGCT-1_rna,-0.50651944,1.6164116,-0.48661643,0.6782734,-0.24118207,-0.4616109,-0.6867608,-0.5812299,-0.6731835,-0.66109806,-0.53199714,-0.43688166,-0.6380557,4.9242687,-0.678471,-0.6353468
TAGTACGGTGGATTGC-1_rna,-0.4621142,0.3578021,-0.32595465,0.71779644,-0.43428195,-0.45675385,-0.54660827,-0.42708284,-0.5355931,-0.49083918,-0.36917865,-0.5031979,-0.48589766,5.0075083,-0.57116944,-0.4744348
TAGTACGGTTAAGCCA-1_rna,-0.5475131,-0.45694977,-0.20921409,1.3451488,-0.33639538,-0.22347134,-0.62160534,-0.5542564,-0.9837593,-0.48016357,-0.24638242,-0.67998797,-0.055267125,5.4231424,-0.83865225,-0.5346734
TAGTCAATCGTTCACC-1_rna,-0.44605413,-0.6924753,-0.7325547,-0.5359765,4.89116,-0.8578046,-0.2897479,-0.29480004,0.7590261,-0.29379594,0.0065641366,-0.31578675,-0.7126334,0.1631402,-0.20473261,-0.44352883
TAGTGGCGTGTCCAGG-1_rna,-0.8496829,4.41322,-0.7501899,-0.29627588,0.3792734,-0.9760718,-0.99619997,-0.9728245,0.80018306,-1.0150001,-0.9610058,-0.89211357,-1.2010753,4.9563084,-0.6948607,-0.9436845
TAGTGTGGTCGACTCC-1_rna,-0.56086224,-0.29431814,-0.53827924,0.9735678,-0.15435101,-0.42863876,-0.5305358,-0.49028158,0.168791,-0.6453917,-0.57588524,-0.5985362,-0.4793918,5.165872,-0.47225946,-0.5395
TAGTTGTCACCGGTAT-1_rna,-0.829607,2.3534892,-0.8315916,2.0387752,4.8986387,-0.87650913,-0.9374118,-0.8338816,-0.3381272,-0.92543197,-0.82685405,-0.96017396,-0.80953217,0.44742692,-0.74972534,-0.8194842
TAGTTTGAGCACAGAA-1_rna,-0.55056065,-0.9625601,-0.4924959,0.83307445,-0.20042892,-0.49028182,-0.5225623,-0.43809432,0.14714436,-0.41054404,-0.57330567,-0.55940336,-0.4559605,5.6916375,-0.5409271,-0.47473186
TATAACCCACTTACAG-1_rna,-0.7214454,3.469636,-0.76476824,0.21917965,-0.6857611,-1.0288967,-0.6939033,-0.92681676,0.4777063,-0.745711,-0.77582467,-0.5994695,-1.1663282,5.2901473,-0.53821206,-0.80953234
TATAGCCAGCTTAGTA-1_rna,-0.4785025,-0.78023446,-0.54194283,0.39654145,-0.30397666,-0.3367017,-0.42124146,-0.38443142,0.22787133,-0.37052953,-0.5316162,-0.46715355,-0.36255535,5.1699276,-0.4498306,-0.36562386
TATATCCTCATTAGCA-1_rna,-0.40395865,-0.48916644,-0.64386135,-1.563592,4.781526,-0.76929206,-0.15225622,-0.23605105,1.1971885,-0.24355182,0.062395237,-0.24487215,-0.707332,-0.11797059,-0.08897399,-0.38023174
TATCACAAGCAAGGGT-1_rna,-0.6521831,0.24619596,-0.56929386,1.2539188,4.4783287,-0.19838792,-0.5790798,-0.37965128,-0.4472341,-0.50332355,-0.47869515,-0.5011471,-0.5156878,-0.30576143,-0.3400046,-0.50799376
TATCACAAGTTTGCGG-1_rna,-0.5393694,-0.67092675,-0.8388741,-0.5280558,4.0865226,-0.8532438,-0.17473814,-0.24852231,0.8287471,-0.27889812,-0.4277081,-0.2329528,-0.6507998,1.4572691,-0.3415966,-0.5868533
TATCACGCAAGGTACG-1_rna,-0.6540081,-0.72415805,-0.45276445,1.2576609,-0.5087319,-0.25005323,-0.4907844,-0.49643505,-0.59651715,-0.361465,-0.5072705,-0.4760422,-0.29449132,5.532507,-0.62406874,-0.35337776
TATCCAGCACAAAGCG-1_rna,-0.68659717,0.9567322,-0.45779565,1.464702,2.4406626,-0.6947524,-0.77697694,-0.76555073,-0.080521695,-0.7829605,-0.83965623,-0.7063219,-0.7011426,3.1363454,-0.6969408,-0.8092255
TATCGAGGTTGTAAAC-1_rna,-0.44226867,-0.8379475,-0.049357772,-0.13335481,-0.6568112,0.13026388,-0.44650573,-0.38077837,-0.77448726,-0.3253324,-0.39841765,-0.51986617,-0.066922665,5.6772785,-0.61280584,-0.16268629
TATCGAGGTTTATCTG-1_rna,-0.6209772,0.95482844,-0.75159436,0.21629475,0.10946562,-0.9216406,-0.62659734,-0.6754521,1.4526093,-0.71198744,-0.75111306,-0.51050955,-1.0563242,5.0819316,-0.3459744,-0.8429597
TATCGCACAAGTGAAC-1_rna,-0.95979124,0.30022526,2.4586582,4.796527,1.3522496,-1.0098033,-0.9480852,-0.87978613,-0.67253023,-0.96883255,-1.0752809,-1.0922198,-1.0522833,1.6197824,-0.8255324,-1.0432978
TATCGCGAGGATCACT-1_rna,-0.55388474,-1.0857944,-0.6178001,0.7041912,-0.41756153,-0.2707199,-0.45934993,-0.3977704,0.1988109,-0.35693276,-0.521311,-0.6163989,-0.29029614,5.6067867,-0.4966001,-0.42536932
TATGAAGCAATAATCC-1_rna,-0.56580204,1.4979352,-0.57007927,0.9940814,4.641196,-0.1446803,-0.59779924,-0.5899574,-0.57553065,-0.5605134,-0.5890793,-0.6127787,-0.56057835,-0.6197046,-0.6734269,-0.47328222
TATGACTCACTTAACG-1_rna,-0.5694251,-0.7768246,-0.3426771,0.65507424,-0.6433873,-0.028051347,-0.49033722,-0.47214082,-0.636011,-0.38905117,-0.5268824,-0.6157017,-0.15842882,6.0102,-0.6439948,-0.37236115
TATGACTCAGTTTGTG-1_rna,-0.48292947,-0.7968149,-0.353914,1.41925,-0.79420143,-0.18670082,-0.53341806,-0.49876368,-0.6299575,-0.39649653,-0.4881419,-0.6156439,-0.17629915,5.515579,-0.59727436,-0.38427407
TATGCATCATGTTTGG-1_rna,-0.43878603,-0.6198053,-0.41243905,0.7176162,-0.76164865,-0.14977299,-0.4370439,-0.40003133,-0.45331794,-0.2721215,-0.42982334,-0.4972396,-0.25153732,5.30923,-0.47619808,-0.42708063
TATGGATGTGGACCTG-1_rna,-0.9271444,4.3517003,-0.8282764,0.78409386,0.3422902,-1.4438632,-1.0360445,-1.0751319,1.286081,-0.99723005,-1.1725625,-0.8254162,-1.4781672,4.9329762,-0.6311827,-1.2821226
TATGGCCCAAATTCGT-1_rna,-0.51257426,0.99119866,-0.5002673,0.7686535,-0.5591941,-0.37577528,-0.5967662,-0.5096638,-0.47923356,-0.45217448,-0.48970056,-0.54525965,-0.52106154,4.795227,-0.6082874,-0.40512103
TATGGCCCATAGCGGA-1_rna,-0.88978213,3.910925,-0.7886445,3.5306659,4.878676,-0.39636576,-1.0121653,-1.03378,-1.422414,-0.942499,-1.0451919,-0.982215,-0.76674676,-1.071485,-1.0677354,-0.9012417
TATGGGCGTTACCTGT-1_rna,-0.89600194,1.1271038,-1.057771,1.4294,1.6651827,-1.240345,-0.9323219,-0.83658934,2.2071993,-1.0003159,-1.0560633,-0.84888124,-1.1685475,4.1212664,-0.43813652,-1.0751784
TATGGGCGTTAGCTGA-1_rna,-0.93435216,-0.3152391,2.0961485,4.742984,0.17787334,-0.90594625,-0.9253155,-0.8695755,-0.8448467,-0.8788104,-0.9732392,-1.0680959,-0.8978801,3.281142,-0.82084954,-0.8639977
TATGGGCGTTCCGCAC-1_rna,-0.6893728,1.7539265,-0.71913546,1.289673,0.2279962,-0.73597205,-0.65054125,-0.7237355,-0.42282104,-0.72400403,-0.6858608,-0.61164427,-0.855105,4.87544,-0.6683685,-0.6604753
TATGGTCAGTGAGCAA-1_rna,-0.488118,0.16429268,-0.7268654,0.35923368,4.998676,-0.6968773,-0.5548028,-0.52134347,0.14799795,-0.5926819,-0.535469,-0.61111736,-0.56621355,0.37910694,-0.24761286,-0.5082055
TATGTGATCCACCTTA-1_rna,-0.9076842,-0.3985768,1.73598,4.3801947,0.5686184,-1.0138555,-0.81484103,-0.8337821,-0.34342718,-0.95756006,-0.92797875,-1.0271177,-1.0256276,3.2800891,-0.76659167,-0.94783914
TATGTGATCCTAGTCC-1_rna,-0.5847831,1.6582277,-0.6713592,1.0243688,-0.44684997,-0.70434463,-0.69129515,-0.5760083,-0.01736138,-0.64387715,-0.62362516,-0.5093609,-0.8203914,4.8448496,-0.5175631,-0.7206266
TATGTGATCGGTAACT-1_rna,-0.95896685,-0.5560533,1.9348214,4.802812,0.7902633,-0.8549932,-0.8994905,-0.9350612,-0.8035016,-1.0458564,-1.0662142,-1.1122744,-1.0038725,3.6356955,-0.90535057,-1.0219578
TATTAGCCAGCAAATA-1_rna,-0.3440734,-0.55155146,-0.6142334,0.52878916,4.267394,-0.90440416,-0.29445544,-0.4945691,0.32465902,-0.46716642,-0.30649096,-0.406439,-0.6474763,0.60880053,-0.1376519,-0.56113124
TATTAGCCATGTTGTG-1_rna,-0.4498044,0.10551456,-0.48653775,1.727805,3.2503595,-0.5688253,-0.446766,-0.5212509,0.28126875,-0.46705005,-0.65330786,-0.4318546,-0.7510985,0.39580148,-0.40181038,-0.58244365
TATTAGCCATTGTGTG-1_rna,-0.7643616,4.724471,-0.6172787,-0.32677543,-0.2975176,-1.2268043,-0.81973076,-0.91407335,0.2834878,-0.94246924,-0.9129808,-0.715285,-1.3206584,5.539876,-0.67470354,-1.0151957
TATTAGGTCCCGTTGT-1_rna,-0.53088784,0.75659716,-0.55063283,0.8616935,-0.78117764,-0.4760445,-0.47889903,-0.4990684,-0.14708884,-0.46135625,-0.53475976,-0.45095524,-0.5901725,4.90232,-0.5112654,-0.508302
TATTGACCAGGCATGA-1_rna,-0.3216607,-0.6972337,-0.62929857,-0.35224324,4.819764,-0.75988644,-0.2064731,-0.32946348,0.51993555,-0.290716,-0.42551607,-0.30517262,-0.60336435,0.2582195,-0.2919773,-0.38491356
TATTGACCAGGCTAGA-1_rna,-0.77133274,1.9718199,-0.7717768,3.3686569,4.795175,-0.4241342,-0.8729604,-0.8105975,-1.0029755,-0.8011043,-0.78697264,-0.9037537,-0.6633277,-0.81956863,-0.8242166,-0.6829313
TATTGACCATGAGTTT-1_rna,-0.5963638,1.5957996,-0.6047412,1.7019985,4.3964834,0.048699707,-0.5940256,-0.6301973,-0.64625823,-0.5971755,-0.4760705,-0.5878401,-0.5467988,-1.3503734,-0.6153209,-0.49781594
TATTTGCTCACAGGAA-1_rna,-0.46415234,-0.8578319,-0.21449068,0.8019558,-0.7595174,0.05527699,-0.51113194,-0.36005974,-0.8602007,-0.35412925,-0.4671964,-0.5028198,-0.11895189,5.622743,-0.6546158,-0.354878
TATTTGCTCGTTCACC-1_rna,-0.6060784,-0.7434386,-0.4168993,0.760641,-0.5873624,-0.1212765,-0.46296915,-0.44908413,-0.4744999,-0.34786257,-0.50091696,-0.59358335,-0.24331868,5.7656703,-0.56488633,-0.41413602
TATTTGCTCTGTGCAG-1_rna,-0.48466802,-0.29894936,-0.7427082,0.7836351,-0.858073,-0.38932693,-0.4314162,-0.46325427,0.4606247,-0.35669422,-0.6041209,-0.42425114,-0.5280867,5.0912933,-0.38994122,-0.36406285
TATTTGGAGTTTGGTA-1_rna,-0.90959764,-0.9872557,1.6498137,4.9995537,0.33181858,-0.74730253,-0.8800719,-0.84692967,-0.8349323,-0.94087684,-0.9764966,-1.0123388,-0.84129894,3.7633085,-0.85193515,-0.91545796
TCAACAATCATCGTTT-1_rna,-0.69308954,0.18317705,-0.42847246,4.2691565,0.06824072,-0.857799,-0.7312549,-0.9232077,-0.63504237,-0.7319143,-0.77778774,-0.6690911,-0.92519563,4.5127172,-0.7959507,-0.8644856
TCAACAATCCAAGTTA-1_rna,-0.48740083,1.123732,-0.62134826,0.56649816,-0.6520349,-0.43494916,-0.53455704,-0.4617772,-0.084255904,-0.47835952,-0.54686147,-0.47147697,-0.7782015,4.8365498,-0.49255908,-0.4829979
TCAAGAACATGACTAT-1_rna,-0.5155436,-0.9876485,-0.56773895,0.6161258,-0.34886408,-0.25418973,-0.51388496,-0.42722666,-0.11526509,-0.32846546,-0.52497995,-0.48097503,-0.29871988,5.615849,-0.49754423,-0.370929
TCAAGACTCTCCATAT-1_rna,-0.6372504,-1.0095673,-0.74740404,0.96979564,-0.2806449,-0.58438694,-0.49314654,-0.38109118,1.4148065,-0.46810162,-0.70376164,-0.55523217,-0.61060184,4.9719954,-0.37862593,-0.50678265
TCAAGGAAGCACTAAC-1_rna,-0.30145702,-0.8310557,-0.7004576,0.23236376,4.4840274,-0.40435427,-0.22182027,-0.30392087,0.24091715,-0.2173369,0.13051912,-0.17093161,-0.51480204,-0.81702095,-0.23975131,-0.36491895
TCAAGGAAGTCACTCC-1_rna,-0.45482993,-0.95797855,-0.6333725,0.39460364,4.7362123,-0.6344515,-0.29959178,-0.38891643,0.10016393,-0.3916109,-0.34972304,-0.42224985,-0.5770455,0.4882265,-0.2024926,-0.40694335
TCAAGGAAGTTATTCC-1_rna,-0.5067202,-1.0501384,-0.72519696,0.8507583,4.985233,-0.87488186,-0.4130041,-0.49287024,0.06848901,-0.47889253,-0.58955896,-0.49885324,-0.66622007,1.370745,-0.43956932,-0.5393193
TCAAGGTTCCCTCTAA-1_rna,-0.77610123,4.211382,-0.70855296,0.0603137,-0.8234896,-1.1035695,-0.7232769,-0.754698,0.14128509,-0.96833426,-0.76613843,-0.6334189,-1.2062628,5.3577566,-0.52683514,-0.7800595
TCAAGTATCCTGCGAA-1_rna,-0.54973984,1.5771179,-0.66906506,0.6589893,-0.5447828,-0.6752146,-0.5555064,-0.5592478,0.09162739,-0.56124455,-0.6331921,-0.5618772,-0.7452532,4.7502413,-0.4695444,-0.55330735
TCAATCGCAATATACC-1_rna,-0.6197715,-0.7092023,-0.7470841,0.29073155,0.10926293,-0.82871515,-0.54140866,-0.47128808,1.6764805,-0.52535313,-0.6902377,-0.47617608,-0.6847193,5.1230645,-0.34645095,-0.5591328
TCAATCGCATACCCGG-1_rna,-0.79029065,3.1269934,-0.62163556,1.8882905,3.711138,-0.60569566,-0.82268834,-0.82121456,-0.48461628,-0.9201366,-0.7184824,-0.72013444,-0.835268,0.1135205,-0.6972862,-0.8024942
TCAATCGCATTGCAGC-1_rna,-0.8707781,-0.54356575,2.320163,4.832633,0.066459805,-0.8709949,-0.9062035,-0.82117176,-0.8512802,-0.96680653,-0.92632055,-1.0524942,-0.8667947,3.223022,-0.8807639,-0.8851037
TCACATAAGTTCCCGT-1_rna,-0.8691173,2.2839231,-0.7731462,3.9786377,5.0345993,-0.5053691,-1.0203454,-1.0263805,-1.4698116,-0.9541295,-1.0787457,-1.0096326,-0.7546759,0.16330822,-1.1000963,-0.8990179
TCACCGGCAACTAGAA-1_rna,-0.5610383,-0.9274045,-0.7155728,0.91612613,5.109089,-0.7739201,-0.53030014,-0.43130058,0.13898848,-0.54851127,-0.60951877,-0.49057335,-0.6123765,1.1065202,-0.52536374,-0.54484326
TCACCGGCACGGTTTA-1_rna,-0.56604004,-1.027633,-0.7703595,0.101885736,-0.042350486,-0.62232924,-0.505973,-0.3957479,1.3743141,-0.49264207,-0.503873,-0.53618145,-0.45405468,5.3335786,-0.4407809,-0.4518136
TCACCTGGTGTTTGCT-1_rna,-0.26458177,-0.7423484,-0.6854905,-0.12712467,4.330799,-0.5507057,-0.16489008,-0.25105155,0.77221394,-0.2219598,-0.24609599,-0.2046256,-0.48239508,-0.63125825,-0.15598634,-0.3744996
TCAGCAAGTAATCACG-1_rna,-0.51769507,-0.0072828606,-0.91997147,-0.56264186,4.4221587,-0.87989825,-0.27217257,-0.34351045,0.57839155,-0.41593525,-0.21287444,-0.29504657,-0.73029864,1.0490509,-0.34984452,-0.54242945
TCAGCCTTCACGAATC-1_rna,-0.6430829,-0.11745834,-0.7003699,0.5837218,0.048245482,-0.71720535,-0.5773732,-0.55510575,1.29906,-0.50306827,-0.7276501,-0.6074241,-0.76928675,5.0687556,-0.4117598,-0.66999793
TCAGCCTTCCACAATA-1_rna,-0.5878419,-1.027263,-0.21400689,0.93676627,-0.18476291,-0.35753632,-0.5119941,-0.50605106,-0.43808013,-0.35561013,-0.5447457,-0.5393149,-0.2534305,5.5997086,-0.6120951,-0.4037423
TCAGCCTTCCCTGACT-1_rna,-0.7759656,2.9295256,-0.72059083,2.8276968,4.7449884,-0.17818856,-0.8759148,-0.808595,-1.1024234,-0.84988886,-0.875648,-0.9198575,-0.6564,-1.1971899,-0.8729626,-0.668586
TCAGCCTTCGAGGTGG-1_rna,-0.6988145,3.5722609,-0.68176377,0.21149799,-0.58964,-0.96566445,-0.7135886,-0.75792056,-0.15247127,-0.7155634,-0.75440556,-0.6127865,-0.9563258,5.211946,-0.5742258,-0.8225349
TCAGCCTTCTTTAAGG-1_rna,-0.94260526,-0.17720911,1.2293024,4.582592,1.253065,-0.90528035,-0.8886788,-0.8721287,-0.38254336,-0.9965833,-1.0361824,-1.0972008,-1.0030181,3.0830164,-0.8404335,-1.0061121
TCAGCGATCCTTGCAC-1_rna,-0.5448841,-0.13069181,-0.7258735,2.1623175,4.934557,-0.5993232,-0.6151268,-0.5906306,-0.23022456,-0.69387794,-0.73845094,-0.6179828,-0.6629685,0.03203991,-0.36767775,-0.6112017
TCAGGAGCATGGCCCA-1_rna,-0.41281506,-1.1661999,-0.7601571,-0.4923338,5.4177246,-0.8951397,-0.31916007,-0.43077722,0.4507051,-0.34799132,-0.3341501,-0.4564491,-0.7357724,1.4495212,-0.31656456,-0.65044045
TCAGGTCCATCTTGAG-1_rna,-0.8592764,-0.058724478,0.85676706,4.549011,2.1632156,-0.58991325,-0.84047556,-0.7593181,-0.6663271,-0.8906671,-0.76027966,-1.007807,-0.9626477,1.4465549,-0.80611897,-0.81399333
TCAGTGAGTTAATGAC-1_rna,-0.6124381,0.23653844,-0.65593004,2.5031247,4.8157597,-0.42729366,-0.59625304,-0.58151567,-0.63546145,-0.66565394,-0.6023016,-0.570796,-0.5682635,-0.5324703,-0.6045249,-0.50252116
TCATAACCAAGCCACT-1_rna,-1.1251638,3.0141556,1.2073227,4.6664724,0.25274074,-1.204608,-1.120899,-1.0862794,-0.80448353,-1.1430167,-1.1359153,-1.1069154,-1.2842823,3.3716881,-1.2885212,-1.2122955
TCATACTTCATTTGTC-1_rna,-0.6034175,-0.37552232,-0.6415259,0.21701577,-0.17752649,-0.39559793,-0.48719513,-0.476785,0.4441725,-0.49236983,-0.64101547,-0.5935646,-0.41158122,5.452322,-0.45733798,-0.36007088
TCATACTTCTAACCAA-1_rna,-0.6664461,1.9479505,-0.23126225,1.0430896,-0.22675703,-0.79259604,-0.65458006,-0.55444574,-0.5293686,-0.6895263,-0.61552966,-0.60400224,-0.6296994,4.5605164,-0.6947802,-0.66256297
TCATACTTCTCTAGCC-1_rna,-0.7201894,-0.19025847,-0.7760591,0.539634,0.0080733225,-0.641227,-0.5743103,-0.5907172,1.5852607,-0.46507156,-0.6563178,-0.3492291,-0.90305465,4.611915,-0.3629046,-0.51554406
TCATCCATCAGCCAAT-1_rna,-0.7615301,3.723494,-0.46522868,0.16347769,-0.12727346,-1.1802719,-0.84964734,-0.816865,0.115255356,-0.84049344,-0.8541914,-0.65225494,-1.2495025,5.329157,-0.64121175,-0.8929135
TCATCCATCCCGTTGT-1_rna,-0.5472958,-0.62767345,-0.6243567,0.060695775,-0.25326324,-0.32552987,-0.45826876,-0.38180655,0.75742024,-0.3894394,-0.55067533,-0.31837353,-0.6255289,4.897429,-0.21155322,-0.4017805
TCATTACTCCCTCAGT-1_rna,-0.32108104,0.09451346,-0.5642418,0.406828,-0.7855187,-0.4349993,-0.24599798,-0.26660925,0.24413337,-0.2699362,-0.22807972,-0.1974438,-0.41495895,3.6094043,-0.2616771,-0.36433518
TCATTACTCTGCAAGT-1_rna,-1.086923,4.04743,-0.5538902,3.5477,4.904514,-0.046482727,-1.0102566,-0.98186016,-1.3645613,-0.98862886,-1.0611612,-1.2374369,-0.8833635,-1.0351821,-1.3146751,-0.9352219
TCATTGCGTAATCGTG-1_rna,-0.38492855,-0.79525286,-0.7596175,-0.29850817,3.9842868,-0.7600863,-0.19237557,-0.2771492,0.6113202,-0.22119853,-0.24563688,-0.25423473,-0.62277746,1.000473,-0.29467642,-0.4896378
TCATTGCGTTAGCAGC-1_rna,-0.5045575,-0.5742953,-0.59639657,1.7036703,-0.80434567,-0.3386313,-0.49243826,-0.40520585,-0.4799866,-0.37910956,-0.5643886,-0.5687842,-0.410653,5.456896,-0.55019623,-0.4915771
TCATTTGGTCACAGCG-1_rna,-0.6131102,0.11419678,-0.5865809,0.722011,-0.057607353,-0.38705242,-0.56876355,-0.4908365,-0.015538029,-0.46541685,-0.5908346,-0.5415831,-0.49123436,4.967702,-0.47750813,-0.5178442
TCCACAACAGTTTACG-1_rna,-0.49331808,-0.76227707,-0.43778658,0.5904547,-0.23998171,-0.391003,-0.48523003,-0.40723783,-0.18583265,-0.3706715,-0.5389117,-0.5685204,-0.32531035,5.5727882,-0.5697995,-0.38736218
TCCAGCAAGGCTGTCA-1_rna,-0.7273227,-0.59665,0.4762534,4.4696145,-0.15965365,-0.60816944,-0.7340929,-0.70641476,-0.73736465,-0.7896843,-0.6511233,-0.83832014,-0.6589562,3.6655653,-0.6645678,-0.7391133
TCCAGGTCAAGGTCCT-1_rna,-0.7993975,-0.6599568,1.2052978,5.123208,-0.12203034,-0.9776227,-0.8755779,-0.76331276,-0.6163361,-0.8156869,-0.8787388,-0.9710619,-0.91171616,3.6755397,-0.69081324,-0.92179495
TCCATCATCCAATTAG-1_rna,-0.49050486,-0.2627095,-0.7230549,2.5381494,4.8350964,-0.41271716,-0.6274398,-0.599349,-0.5096672,-0.4917444,-0.5626393,-0.6032836,-0.55782384,-0.426439,-0.5860909,-0.5197819
TCCATGCTCATGCGTG-1_rna,-0.38324204,-0.09466503,-0.8259194,-0.40239227,4.5327563,-0.9146174,-0.30841324,-0.46901706,0.5775244,-0.39679798,-0.14417426,-0.46719563,-0.7628418,1.1523243,-0.4834262,-0.6099024
TCCATGCTCGGGATTT-1_rna,-0.36514914,-0.54005194,-0.53073335,0.45814407,4.588688,-0.44992322,-0.32232273,-0.43804663,0.051920965,-0.3035835,-0.43680555,-0.31874138,-0.4228863,-0.3656546,-0.22724919,-0.37760514
TCCCGGACAGCTACGT-1_rna,-0.45540708,-0.37340355,-0.3829003,0.5278158,-0.25269663,-0.35973942,-0.46480006,-0.37698746,-0.36030626,-0.36703885,-0.5026072,-0.516156,-0.28912246,5.0221443,-0.49157006,-0.35722542
TCCCTCACAAATACCT-1_rna,-0.7577352,-0.23312797,-0.9661399,0.9724062,1.3732337,-1.0868891,-0.65194005,-0.5886732,2.4832954,-0.79611117,-0.8739126,-0.53392506,-1.0897808,3.903439,-0.3568189,-0.79731977
TCCCTCACAAGTGTTT-1_rna,-0.5308212,-0.8143159,-0.49323133,0.79787314,-0.50485194,-0.35464936,-0.4514468,-0.38786867,0.030003354,-0.39627656,-0.56241953,-0.5446743,-0.27632195,5.314655,-0.47487167,-0.35078213
TCCCTCACAATAATGG-1_rna,-0.64506906,1.3579066,-0.33006763,1.9181054,-0.0973416,-0.6257578,-0.72738534,-0.6805507,-0.82984656,-0.73596793,-0.61346114,-0.68861055,-0.5781054,4.7657456,-0.773048,-0.7165462
TCCCTGGTCTAATCAG-1_rna,-0.19533393,-0.92162,-0.76552385,-0.544794,4.9082584,-0.735618,-0.08891265,-0.22715852,1.0956435,-0.1380319,0.07257689,-0.11042559,-0.62674826,-1.2216933,-0.17733482,-0.32328442
TCCGGAATCATGCTAA-1_rna,-0.45030525,1.1678288,-0.5155723,0.21269321,-0.78040993,-0.55665636,-0.43812498,-0.2984595,-0.1733559,-0.37514898,-0.3986299,-0.47634098,-0.6800761,4.7503037,-0.46410093,-0.52364457
TCCGGTAAGCTGTACG-1_rna,-0.25620297,-1.0475103,-0.7167892,-0.598812,4.729146,-0.7457728,-0.19820735,-0.22469516,0.75987875,-0.23790368,-0.28913885,-0.31298634,-0.6070143,0.1686658,-0.010940177,-0.41171712
TCCGGTTTCGAGGTGG-1_rna,-0.7993448,2.5248744,-0.60918117,3.517596,4.9339314,-0.19697776,-0.94902694,-0.92057085,-1.2934272,-0.7544671,-0.9297111,-0.927827,-0.6846933,-1.1381526,-1.0010073,-0.7720146
TCCTCAATCGACCTGA-1_rna,-0.54790366,-0.3420961,-0.44946033,1.680826,-0.7322074,-0.3257947,-0.53642464,-0.49717897,-0.6482566,-0.42245942,-0.51549745,-0.56956166,-0.35557264,5.2837934,-0.63397807,-0.38822758
TCCTCAATCTTCAATC-1_rna,-0.6011106,0.47328195,-0.78077996,1.3996886,4.7062273,-0.12583496,-0.48878357,-0.6189853,-0.4888682,-0.55373704,-0.40806523,-0.5923017,-0.58178174,-0.38362652,-0.4198247,-0.5354986
TCCTCACAGACAACGA-1_rna,-0.83060527,3.1535738,-0.37033784,0.22405198,0.6243841,-1.0444368,-0.81680745,-0.8335711,-0.4489603,-0.90203434,-0.8225103,-0.6413258,-1.0949948,5.3750696,-0.66875714,-0.9027385
TCCTCACAGATACTTG-1_rna,-0.39342594,0.4173857,-0.6472603,0.3336839,0.5481696,-0.7540214,-0.535734,-0.4550323,1.2738684,-0.61107594,-0.63923776,-0.55223477,-0.76109385,3.8285217,-0.33598953,-0.7165236
TCCTCACAGCCTGGTA-1_rna,-0.53449637,0.9437446,-0.4083178,1.1341666,-0.30377388,-0.5942626,-0.62776166,-0.54539573,-0.65134656,-0.57523113,-0.4892006,-0.5546715,-0.37214553,4.7166266,-0.5739267,-0.5640078
TCCTCACAGTGCTGTG-1_rna,-0.5815352,-1.0667663,-0.7032107,0.53207314,0.21290232,-0.5314461,-0.4888367,-0.3956856,0.8632405,-0.50589645,-0.68224853,-0.58757323,-0.47698426,5.381433,-0.44830465,-0.5211611
TCCTCACAGTTGGATC-1_rna,-0.49401858,1.586426,-0.3397204,0.59568197,-0.0738444,-0.6402831,-0.6096779,-0.5987489,-0.5394645,-0.5625944,-0.49898574,-0.5411947,-0.6051514,4.603147,-0.55992484,-0.72164595
TCCTCTAAGGGTGGAT-1_rna,-0.627827,-0.7010466,-0.6564717,0.4205526,0.578324,-0.8082871,-0.6124301,-0.5572432,1.178361,-0.7151302,-0.69004023,-0.61035746,-0.6169636,5.535687,-0.46820462,-0.64892274
TCCTGTTCAGCAACCT-1_rna,-0.5456864,-0.72377366,-0.4532085,1.3947424,-0.70931095,-0.14836851,-0.5788868,-0.49161124,-0.64840174,-0.39501387,-0.5444513,-0.58094513,-0.30233595,5.7593436,-0.645491,-0.38660085
TCCTTAGTCCCGAAGC-1_rna,-0.6116033,1.4158359,-0.79283965,1.0461061,4.621916,-0.39706075,-0.69375986,-0.6659809,-0.3606437,-0.6957833,-0.55229855,-0.6261633,-0.5861736,0.14710644,-0.5844847,-0.66417235
TCCTTAGTCCGGTATG-1_rna,-0.99035203,-0.3414613,1.6948566,4.864565,1.1557524,-0.8200997,-0.9610156,-0.82682014,-0.71268827,-0.9993025,-0.9182891,-1.1191633,-0.8708261,2.677218,-0.8833471,-0.9490269
TCCTTCAAGGCCTTAG-1_rna,-0.5329319,-0.9985571,-0.4102268,0.6935085,-0.4325954,-0.29739034,-0.4828594,-0.3632323,0.17147326,-0.40601787,-0.5635483,-0.46416953,-0.2786849,5.178308,-0.4444504,-0.3686255
TCCTTGCAGTACCGCA-1_rna,-0.48437563,-0.19913349,-0.44390544,0.112110846,0.26806778,-0.38907087,-0.5371716,-0.5441681,-0.29747686,-0.45014045,-0.4974855,-0.4509938,-0.48775515,5.3059897,-0.45897695,-0.4455146
TCCTTTACAGCACCAT-1_rna,-0.37170628,-0.52074134,-0.51185465,0.4402649,-0.52599454,-0.2881454,-0.44164762,-0.36169,0.07259956,-0.41698262,-0.4478555,-0.33586064,-0.3989223,4.884738,-0.3949724,-0.3812292
TCCTTTACAGTAAGTA-1_rna,-0.52419305,-0.15429778,-0.86104,-0.8041991,4.8304615,-0.8989427,-0.17260808,-0.32780305,0.55697656,-0.30000693,-0.10140842,-0.40396935,-0.7709857,0.955858,-0.43347594,-0.5903654
TCGACAAGTAATAACC-1_rna,-0.5163089,-0.5396053,-0.36734474,0.61576754,-0.33068097,-0.43864858,-0.49313754,-0.4787172,-0.3974564,-0.37430722,-0.48323065,-0.5508345,-0.30900458,5.6923275,-0.5901743,-0.438644
TCGCCCATCCCATAGG-1_rna,-0.54005617,-0.46334875,-0.44470137,0.9437855,-0.050867528,-0.5237926,-0.5866151,-0.49453163,-0.34788024,-0.46696603,-0.59465516,-0.6337327,-0.40193623,5.5818706,-0.58359635,-0.39297605
TCGCCCATCGGGACCT-1_rna,-0.3892076,-0.9160077,-0.7272994,-0.043753453,4.907306,-0.6153443,-0.21334851,-0.35606372,0.44499087,-0.29482698,-0.3674472,-0.26581776,-0.50184137,0.089018494,-0.30687994,-0.44347787
TCGCGAGGTACAAAGA-1_rna,-0.600042,0.0028017908,-0.60318327,1.7074119,4.9753766,-0.4887288,-0.5965233,-0.56270444,-0.39925686,-0.614069,-0.53136086,-0.59542024,-0.6183617,0.006634712,-0.5428617,-0.53971267
TCGCGAGGTATTGGTG-1_rna,-0.60532373,-0.57934755,-0.31665584,0.58743393,-0.26352423,-0.22087616,-0.5250385,-0.47397244,-0.4131915,-0.37088782,-0.552523,-0.6248186,-0.23010835,5.5607734,-0.569959,-0.4019807
TCGCGCACACTCAACA-1_rna,-0.6915747,-0.1870355,-0.9021806,0.42010725,0.39443186,-0.91694003,-0.60051507,-0.58568615,2.4461904,-0.76338303,-0.78499615,-0.49449116,-0.9602458,4.752487,-0.3491201,-0.7770483
TCGCGCACAGCAAGTG-1_rna,-1.1069481,5.1382093,1.1238226,5.253394,0.38544142,-1.0968378,-0.986516,-1.0549171,-0.9319242,-0.9524268,-1.2762506,-1.1751431,-1.0567229,0.055759773,-1.2460868,-1.0728534
TCGCGCACATAGCTTG-1_rna,-0.49253774,0.74909836,-0.6669928,2.1113133,4.30692,-0.030944481,-0.63657105,-0.5911938,-0.5639915,-0.63491654,-0.5285798,-0.5895402,-0.61963785,-0.65970933,-0.5561293,-0.59658724
TCGCGCACATGTTGGC-1_rna,-0.64929545,0.6614497,-0.5290518,2.4125323,3.5761006,-0.73682857,-0.592324,-0.7306943,-0.12549114,-0.560766,-0.67416847,-0.62017405,-0.84136724,0.5565965,-0.5867051,-0.55981284
TCGGTAAGTATTGTCC-1_rna,-0.29933727,-0.31210276,-0.7408236,-1.1145428,4.8818564,-0.67324567,-0.3127554,-0.26819724,0.60124373,-0.3136977,0.07037063,-0.23553167,-0.6994933,-0.094457336,-0.06962726,-0.4196587
TCGGTAAGTCGCAAAC-1_rna,-0.5123088,-0.83256066,-0.18878388,-0.04501897,-0.5449167,0.028546005,-0.4933629,-0.4148016,-0.72152996,-0.3699562,-0.3189484,-0.42111486,-0.038650155,5.751823,-0.5942384,-0.28417724
TCGGTTACAATGAATG-1_rna,-0.43640912,-0.39378083,-0.44620228,0.79355717,-0.5030967,-0.26727396,-0.5145062,-0.47338295,-0.52325475,-0.4016866,-0.4637882,-0.49213552,-0.3191693,5.4876227,-0.5872708,-0.45922267
TCGTAATCAGCCTAAC-1_rna,-0.8681907,-0.55737466,2.085492,5.1698394,-0.44723344,-0.79319304,-0.8592174,-0.85581243,-1.0011743,-0.88725954,-0.89982337,-1.0536653,-0.77262515,3.6321018,-0.9593515,-0.93251175
TCGTCAACAAAGCTAA-1_rna,-0.5874874,-0.7673198,-0.380184,0.63814217,-0.21307984,-0.25818816,-0.5090646,-0.5165059,-0.49166507,-0.47740084,-0.52690417,-0.53715503,-0.21197829,5.8052716,-0.6055055,-0.36097497
TCGTCAACAAGGGTTG-1_rna,-0.4255795,-0.8581394,-0.59200823,0.4921355,5.146266,-0.56455314,-0.26306087,-0.3931377,0.008446373,-0.30927584,-0.5336778,-0.36279362,-0.4865686,-0.15213649,-0.31047192,-0.39544502
TCGTCAACAGCAAATA-1_rna,-0.5868989,-0.9165908,-0.4372659,1.1256899,-0.03473422,-0.5233636,-0.52549565,-0.41427276,-0.17626095,-0.4981151,-0.5618005,-0.6132611,-0.46428916,5.663151,-0.5762073,-0.46028486
TCGTGCTTCCCGAACA-1_rna,-0.6154246,0.9185761,-0.7407527,3.2202487,4.8614,-0.44896638,-0.7079541,-0.7432534,-0.7650803,-0.7404019,-0.8013689,-0.6748171,-0.67199665,-0.7673625,-0.7021377,-0.6207089
TCGTTAGCAGGCCTTG-1_rna,-0.18147436,-1.0116087,-0.8087687,-1.62955,4.4777603,-0.5561669,0.016492814,-0.14405678,1.010937,-0.028326012,0.4450631,-0.056830008,-0.5387009,-0.799899,0.16921376,-0.36408538
TCGTTATTCACCGGTA-1_rna,-0.5370134,-0.7073854,-0.22573441,2.059301,-0.3687551,-0.28787288,-0.5743444,-0.43410516,-1.116292,-0.4546069,-0.5603816,-0.7455625,-0.2533928,5.5400963,-0.797674,-0.53627616
TCGTTTCCAGCTTAAT-1_rna,-0.5253512,-0.6264841,-0.22389084,0.59793365,-0.5570693,-0.16150099,-0.4752512,-0.43579918,-0.7963885,-0.38198948,-0.42309666,-0.59800464,-0.11181232,5.6879644,-0.64870906,-0.32055002
TCTAACCGTCACCTAT-1_rna,-0.529511,0.34929103,-0.65353286,0.9571054,0.34572715,-0.43263945,-0.6468513,-0.481106,-0.08909382,-0.5493828,-0.6251204,-0.5642805,-0.73442185,4.7075315,-0.44638184,-0.6073333
TCTACCTCAATGCGCT-1_rna,-0.39454657,-0.43193334,-0.61724436,0.4437627,-1.0077939,-0.23185253,-0.4033239,-0.32487577,0.35583198,-0.32151535,-0.4920966,-0.20505056,-0.36153224,4.678268,-0.3733261,-0.31277147
TCTAGCACACAAAGGT-1_rna,-0.52726066,2.6458843,-0.64499366,-0.0036333501,3.349597,-0.60714877,-0.48654437,-0.6610377,0.097405076,-0.61475194,-0.2703225,-0.5457947,-0.8460077,0.18493503,-0.33242065,-0.73790514
TCTAGCACATTATGGT-1_rna,-0.8160791,2.3540735,-0.6428617,3.4881992,4.847495,-0.1404526,-0.84040695,-0.8575837,-1.2209578,-0.85014933,-0.88067144,-0.9922152,-0.69019234,-0.95270056,-1.0667591,-0.7387381
TCTAGCCTCACCGGTA-1_rna,-0.49230596,-0.6408608,-0.6634301,0.60104895,4.8990626,-0.5904931,-0.40612552,-0.52342856,-0.16731322,-0.42828146,-0.4544308,-0.43259266,-0.60363305,0.8732655,-0.4322733,-0.5382082
TCTAGCGAGATAGACG-1_rna,-0.49243075,-0.8372713,-0.2772708,1.273511,-0.42345428,-0.18238951,-0.5453655,-0.55666965,-0.6569509,-0.37682533,-0.5221952,-0.55937827,-0.19412456,5.3957667,-0.6372474,-0.40770477
TCTCAAGCAAGGTCGA-1_rna,-1.0249597,4.006761,-0.5428734,3.5318165,4.309655,-0.89699674,-1.0416225,-1.1280196,-0.8593826,-0.99755836,-1.0167315,-1.0473133,-1.0031295,-0.32363987,-1.086416,-0.87958896
TCTCAAGCACGTGCTG-1_rna,-0.8710133,4.5911374,-0.53226936,0.11280087,0.022795003,-1.130975,-0.9396528,-0.89366996,0.0073799305,-0.98545647,-0.9397961,-0.7459316,-1.1648712,5.236148,-0.7592968,-1.0073289
TCTCAAGCATTAGGTT-1_rna,-0.77309257,2.9628975,-0.79629874,1.2019659,-0.3115526,-1.0060685,-0.60501873,-0.7870805,0.18345171,-0.83631146,-0.8657345,-0.7138136,-1.1170785,4.782964,-0.51274014,-0.8064893
TCTCACCAGCCATCAG-1_rna,-0.83721554,4.7742743,-0.7528438,-0.0910953,-0.3826626,-1.3529677,-0.83127654,-0.9788143,0.6384847,-0.93031245,-0.95797664,-0.6497763,-1.3500061,5.2923884,-0.5743831,-1.0158178
TCTCACCAGTAATCCA-1_rna,-0.54655206,-0.54709435,-0.6395055,0.008721292,-0.12836957,-0.47720915,-0.4516158,-0.3448988,0.72240376,-0.4126079,-0.61440814,-0.45899004,-0.51648974,5.187525,-0.38036323,-0.4005455
TCTCACCAGTGAACGA-1_rna,-0.68089557,0.5442127,-0.63107014,0.14127517,0.017225504,-0.8419063,-0.5724857,-0.5877942,1.5875845,-0.586684,-0.76327753,-0.48907605,-0.81002104,4.5773644,-0.4070631,-0.49738905
TCTCCTCGTGATGAGG-1_rna,-0.5533476,-0.92644083,-0.3931084,1.6816934,-0.19982854,-0.53207886,-0.58901286,-0.5410248,-0.6338618,-0.45237646,-0.50600123,-0.6033591,-0.21260068,5.619234,-0.6578623,-0.5000243
TCTCGCCCAATTGAGA-1_rna,-0.48425928,0.10268151,-0.3741034,1.2154807,-0.28067473,-0.33339843,-0.5301032,-0.4831033,-0.72165716,-0.4725251,-0.4856576,-0.5655024,-0.44315448,5.000955,-0.6031178,-0.54186034
TCTGGCTTCGGTTTGG-1_rna,-0.77540314,-1.0945687,0.67732006,5.7071776,0.17605925,-0.79231685,-0.800996,-0.76073104,-0.3658687,-0.9092144,-0.9028065,-1.0076594,-0.89950055,3.4684079,-0.8588449,-0.8610548
TCTTCAAGTGTTGTGA-1_rna,-0.6532555,0.03189361,-0.6186813,2.4840558,5.0743957,-0.59398115,-0.67421144,-0.6010519,-0.6268001,-0.70953417,-0.6342898,-0.6059013,-0.64991134,0.007159129,-0.64743906,-0.58244663
TCTTGTCCAATAACGA-1_rna,-0.79901457,-0.9214343,0.6011697,5.4368753,0.01838587,-0.78918684,-0.8240763,-0.7626399,-0.4170472,-0.78559303,-0.9251182,-1.0137689,-0.86414146,3.6760986,-0.76030314,-0.87020564
TCTTTGTAGTCATTTC-1_rna,-0.42930514,-0.5613738,-0.37884504,1.4254249,-0.78369534,-0.3369546,-0.5624234,-0.49025524,-0.36642724,-0.38228387,-0.47043633,-0.47095978,-0.27145004,4.965512,-0.5295055,-0.3570208
TGAAACTGTGACATAT-1_rna,-0.77645755,2.5901175,-0.8542204,2.9040306,3.6859326,-0.6006753,-0.8786589,-0.8369734,-0.94671214,-0.8581872,-0.7842116,-0.6955116,-0.80564475,0.6259129,-0.89332366,-0.87541723
TGAACAACACCAGGTT-1_rna,-0.5392783,-0.6162454,-0.529124,0.88989466,-0.14861377,-0.40285546,-0.5199181,-0.40166843,0.15770747,-0.47761494,-0.60353625,-0.63925415,-0.39180553,5.1361504,-0.48093057,-0.43290722
TGAAGGATCCGGTTGA-1_rna,-0.933349,2.6830857,-1.2454314,0.16349298,-0.3543885,-1.2021496,-0.7362881,-0.77942824,2.8334773,-1.0168476,-0.9663243,-0.53224707,-1.2692919,4.760304,-0.5008311,-0.90378296
TGAAGTGAGCACAGAA-1_rna,-0.88237405,4.8336005,-0.39099738,0.09560521,-0.09745625,-1.3306488,-0.89733636,-0.9941814,0.24425009,-0.9599134,-0.9377136,-0.77807236,-1.3937911,5.2613926,-0.7165333,-1.05583
TGACTCCTCTTAGTCT-1_rna,-0.70637286,0.34539998,-0.9184364,0.8906121,0.77303827,-1.0008211,-0.63129365,-0.5733031,2.0178015,-0.7859657,-0.8092344,-0.55378544,-0.9142916,3.9149175,-0.28668907,-0.76157594
TGACTTAAGAGAGGAG-1_rna,-0.6642223,-0.81156737,-0.5724134,2.777028,-0.47439998,-0.5153216,-0.6197041,-0.68409544,-0.80518645,-0.538587,-0.63423395,-0.71391356,-0.37227058,6.026337,-0.7512995,-0.64614993
TGAGAACCAAGCCAGA-1_rna,-0.39345396,-0.8854469,-0.8754314,-0.74878836,4.1671195,-0.75193787,-0.1155155,-0.3082242,0.91368055,-0.21208173,-0.20532718,-0.3021744,-0.67783105,1.279059,-0.27436012,-0.6092864
TGAGAACCAGGATAAC-1_rna,-0.4548375,-0.9309488,-0.70872736,0.058884025,4.935567,-0.6908942,-0.35696423,-0.4481972,0.21360162,-0.45732123,-0.309462,-0.4901626,-0.6013161,0.98759055,-0.3350557,-0.41175616
TGAGCACGTTAGAGGG-1_rna,-0.5566872,-0.4470033,-0.44048053,0.76504856,-0.04157102,-0.43476886,-0.49383837,-0.51132995,-0.35382563,-0.40873832,-0.61973256,-0.5745023,-0.28304416,5.5590625,-0.63292986,-0.52565926
TGAGGAGGTGACATAT-1_rna,-0.5250185,-0.06922521,-0.52129155,1.5452024,-0.08537789,-0.5357443,-0.6306319,-0.42869473,-0.5967279,-0.47162747,-0.49417222,-0.60546833,-0.37636977,4.9043846,-0.5875866,-0.5216501
TGAGGGAGTCAATACG-1_rna,-0.54035425,-0.94176304,-0.38841578,0.495997,0.2958023,-0.471916,-0.46556106,-0.3447148,-0.17409176,-0.44717053,-0.5327165,-0.64917207,-0.39381573,5.475487,-0.5373372,-0.38025782
TGAGGTGCACAGGATG-1_rna,-0.50833774,-0.80862737,-0.4616601,1.0696431,-0.37805486,-0.3067869,-0.52281445,-0.49527127,-0.34144348,-0.39650965,-0.5374381,-0.55051804,-0.30087173,5.5154405,-0.5402083,-0.43654203
TGAGGTGCAGGAACAT-1_rna,-0.88824797,-0.58975756,1.5999717,4.772285,0.47850412,-0.80073905,-0.8788717,-0.7944963,-0.7460774,-0.8833343,-0.93648076,-0.9978634,-0.80070865,3.2105436,-0.8485166,-0.89621043
TGAGTGAAGTTCCTGC-1_rna,-0.7453357,4.4680376,-0.6469667,-0.08803345,0.004543178,-1.1484259,-0.86760235,-0.89088464,0.35257694,-0.93194616,-0.9036161,-0.7182374,-1.3643415,5.1708117,-0.6782906,-1.0122889
TGAGTTTCAAATACCT-1_rna,-0.62713146,-0.5435927,-0.3241328,1.4447095,-0.32469097,-0.33432183,-0.57383966,-0.6261251,-0.665753,-0.40556386,-0.5186969,-0.5978097,-0.22674078,5.5378222,-0.69416046,-0.5199728
TGATCAATCATCCTGC-1_rna,-0.44726944,-0.71179914,-0.6306684,0.5672916,4.364225,-0.77495414,-0.2699965,-0.44771093,0.18817656,-0.36866647,-0.40568447,-0.36081213,-0.5646345,0.5978079,-0.20688947,-0.52841526
TGATCAATCCCGTTAC-1_rna,-0.5275121,-0.29329056,-0.7141355,0.4477536,0.2700058,-0.8230876,-0.5046184,-0.45971367,1.3749524,-0.60371006,-0.64579713,-0.5883193,-0.6886374,4.7967887,-0.39660248,-0.64407635
TGATCAATCGAGCTAT-1_rna,-0.3982462,-0.376529,-0.43974575,0.47423086,3.396434,-0.2677339,-0.36971417,-0.35435447,0.49470732,-0.3506278,-0.25142518,-0.42514428,-0.6023416,0.023985501,-0.2404168,-0.31307855
TGATCAATCTTAGTCT-1_rna,-0.46451244,-0.8988675,-0.49737206,0.391344,-0.40854213,-0.31952408,-0.4158472,-0.35867336,0.057343796,-0.3665391,-0.48483852,-0.5046396,-0.24744186,5.2918725,-0.43175235,-0.34201017
TGATCACAGGAAACTG-1_rna,-0.5389399,-0.8767261,-0.037640423,0.5096489,-0.46545303,-0.08868173,-0.49370182,-0.42930603,-0.777381,-0.37899208,-0.41079473,-0.51620775,-0.1134561,5.6029325,-0.6031995,-0.38210183
TGATCACAGTAATCCA-1_rna,-0.45595452,-0.7701067,-0.7226697,0.067509696,-0.8376746,-0.4835153,-0.36836383,-0.38280132,1.053116,-0.35322544,-0.5250251,-0.31472933,-0.46263978,5.236108,-0.34103447,-0.3389933
TGATCCTGTGTAACCA-1_rna,-0.57140064,-0.6894188,-0.35503134,1.265619,-0.35714063,-0.2800025,-0.5104153,-0.55969465,-0.621166,-0.40060654,-0.5557914,-0.55811477,-0.13066939,5.433564,-0.6728233,-0.43690756
TGATCGAGTGGATGTC-1_rna,-0.77054936,1.4819893,-0.76490045,1.5697311,0.26473483,-0.8157247,-0.7875978,-0.8002949,0.21737993,-0.7995658,-0.8757947,-0.7626436,-0.8443155,4.9654207,-0.58147836,-0.6963911
TGATGAACAAGGTACG-1_rna,-0.24169669,-1.1151681,-0.743703,0.014847428,4.5254903,-0.38103282,-0.06732968,-0.21328814,0.41443276,-0.106273636,0.0012258254,-0.09347698,-0.44536573,-1.144377,-0.08169752,-0.32258728
TGATGATGTATTGTGG-1_rna,-0.5478407,1.1685275,-0.67533815,1.176685,4.6704473,-0.10482776,-0.58855414,-0.6153201,-0.7356713,-0.48595577,-0.4974388,-0.6179544,-0.5570689,-0.49708992,-0.5902886,-0.502311
TGATGATGTCTTTGAC-1_rna,-0.5600545,-1.0929655,-0.8047829,0.18731676,4.878066,-0.79182607,-0.34043747,-0.38927776,0.42811614,-0.34765393,-0.32555962,-0.33564073,-0.7238977,1.0963987,-0.25163454,-0.6261668
TGATTAGTCAGCACGC-1_rna,-0.5590201,-0.84385145,-0.43282694,0.69069046,-0.3575806,-0.4583819,-0.42575526,-0.4259187,-0.17807163,-0.3936876,-0.5521699,-0.5620992,-0.26659274,5.737039,-0.5494932,-0.42228073
TGATTAGTCTACCTGC-1_rna,-0.5460095,-0.6673013,-0.2823982,1.2070868,-0.6707711,-0.0802809,-0.5174719,-0.44196385,-0.85113287,-0.3740661,-0.43627554,-0.6345477,-0.1913574,5.5868616,-0.69071096,-0.409661
TGATTCAAGGGATGAC-1_rna,-0.59383243,2.7506373,-0.62914634,0.46513072,2.6948287,-0.5072082,-0.5148263,-0.5228232,0.16416079,-0.58030003,-0.30977648,-0.6585984,-0.95028627,0.16556853,-0.4447444,-0.5287837
TGCACTTGTTAGAGGG-1_rna,-0.6062591,-0.056969672,-0.6876097,0.9094631,-0.29107922,-0.6556341,-0.5840511,-0.45722705,0.41679305,-0.5359378,-0.65494925,-0.5892866,-0.57285523,5.3231416,-0.4657874,-0.49175155
TGCATCCTCTTTGTAC-1_rna,-0.87387776,3.8066807,0.30326843,-0.035608917,0.62748873,-1.1750189,-0.8929647,-0.90298355,0.20144558,-0.941996,-0.87583876,-0.7122468,-1.1750584,4.286072,-0.6532676,-0.98609424
TGCCATTGTCCGTAGG-1_rna,-0.5475484,-0.5745851,-0.38881874,1.0643935,-0.30360326,-0.15563983,-0.5250767,-0.42296904,-0.6981284,-0.42346078,-0.48218817,-0.64780796,-0.20205638,5.3425446,-0.6122207,-0.42283452
TGCCATTGTTGCATCT-1_rna,-0.9878434,2.7880557,-0.4920183,3.9158685,5.173668,-0.3649024,-1.1398103,-0.9606509,-1.4032933,-1.0455489,-0.9250289,-1.0237057,-0.7313732,-0.68560994,-1.2984502,-0.8193568
TGCCGGTAGGATCCGC-1_rna,-0.7402166,1.868279,-1.0610368,-0.019386258,-0.318899,-0.690742,-0.5391306,-0.5850148,1.1351945,-0.5550964,-0.7242389,-0.27029634,-0.94437313,4.5032372,-0.4408533,-0.61742663
TGCGGTTCATTATGGT-1_rna,-0.8571935,4.45363,-0.8027685,-0.04065367,0.03767656,-1.2246755,-0.83902043,-0.86121756,0.4534347,-0.88531667,-0.8761449,-0.62314063,-1.2659011,4.6719685,-0.58176905,-0.7589076
TGCTATGCAACTAGAA-1_rna,-0.5185264,-0.68448585,-0.40608478,0.6891977,-0.40003127,-0.35517338,-0.50242907,-0.47324204,-0.3671903,-0.4026839,-0.536257,-0.5981029,-0.23715878,5.77875,-0.55888456,-0.42769778
TGCTATGCATAGGCGA-1_rna,-0.35428748,-0.6421552,-0.59788907,0.45667973,4.9095955,-0.5521258,-0.32477918,-0.3945818,-0.051297195,-0.38393867,-0.33678728,-0.4074352,-0.4900904,-0.17126477,-0.26531276,-0.3943302
TGCTCAACAGCTCATA-1_rna,-0.34620374,-0.71417284,-0.6935213,0.5349867,4.1683416,-0.321657,-0.28908956,-0.44837767,-0.10706144,-0.31237957,-0.45276892,-0.3283851,-0.5176236,0.6665577,-0.3327102,-0.5059351
TGCTCACTCCCTGGAA-1_rna,-0.53649247,0.5962409,-0.6670735,0.47813067,-0.42616385,-0.5194844,-0.47782618,-0.4406145,0.5176962,-0.4344063,-0.60457325,-0.45536384,-0.64914185,4.49259,-0.40229967,-0.4712178
TGCTCACTCGCAGGCT-1_rna,-0.48105842,-0.8096641,-0.61176515,0.7273436,4.867081,-0.7835049,-0.46606344,-0.42353833,0.21742018,-0.5393886,-0.59892106,-0.52513015,-0.64520925,1.2158563,-0.49950343,-0.6439549
TGCTCTCAGCAATAGG-1_rna,-0.62874407,2.6858716,-0.82665664,0.15622786,0.13460624,-1.0381005,-0.63932645,-0.82569355,0.805387,-0.6497983,-0.84729654,-0.49600697,-1.044257,4.5628705,-0.46528235,-0.8838007
TGCTTCATCGCTAGAT-1_rna,-0.71549344,4.0901976,-0.70975184,-0.43579072,0.014556661,-1.1547031,-0.8322993,-0.8283307,0.51552147,-0.9650778,-0.86871463,-0.6805875,-1.2135632,5.285414,-0.5073943,-0.9939833
TGCTTTAGTGTTAAAC-1_rna,-0.9586967,2.6164896,-0.60903656,3.8426783,5.0445776,-0.38284835,-1.1457866,-1.0689224,-1.4904151,-0.97564137,-0.9642587,-1.0256705,-0.87875783,0.17990245,-1.2892758,-0.8943378
TGCTTTAGTTTCCGGC-1_rna,-0.6521354,-0.4270594,-0.32031876,1.661557,-0.35442996,-0.1981744,-0.63874334,-0.6860127,-0.85773826,-0.47111487,-0.580942,-0.7189909,-0.23084413,5.762188,-0.77170354,-0.5155374
TGGAACAAGTTCCTGC-1_rna,-0.99979174,3.8715687,-0.043356422,1.80768,0.1694017,-1.2627788,-0.98129624,-1.0724567,0.13820842,-1.0636083,-1.0461838,-0.89686954,-1.3427055,4.6745687,-0.8409798,-1.1114007
TGGACCGGTGTGCAAC-1_rna,-0.610937,-0.73629874,-0.1188349,1.8203081,-0.4073009,-0.19826873,-0.6876216,-0.46201956,-0.7821054,-0.5377653,-0.4730783,-0.6154226,-0.24596311,5.30953,-0.7623485,-0.49187332
TGGACGGAGTTACCGG-1_rna,-0.5005194,0.43181577,-0.5730056,1.100172,4.5166793,-0.30377162,-0.52241564,-0.52201957,-0.45179373,-0.57293206,-0.40203607,-0.53518575,-0.44795293,-0.28406417,-0.44386023,-0.48911053
TGGATTGGTAGACAAA-1_rna,-0.7167471,-1.0583701,0.0008493364,4.906627,-0.16536285,-0.36159545,-0.6793645,-0.75695467,-0.9521727,-0.71946585,-0.59695894,-0.8280155,-0.4962811,3.9966354,-0.9327391,-0.64008456
TGGCCATCACCATATG-1_rna,-0.7380481,4.605843,-0.69027984,-0.6314635,-0.48688194,-1.1965318,-0.77992725,-0.8877367,0.6293981,-0.81544685,-0.8950043,-0.68824685,-1.3161547,5.4519053,-0.5594888,-1.0019358
TGGCCATCACCGGCTA-1_rna,-0.70791256,-1.04262,0.5490291,5.3216715,-0.2983022,-0.8091798,-0.7866616,-0.76850116,-0.54099524,-0.79150033,-0.7805712,-0.8857409,-0.74921334,3.8497047,-0.6958419,-0.86336493
TGGCCATCATTGCGAC-1_rna,-0.57819796,0.90169686,-0.70949525,1.7360458,4.5127897,0.1612574,-0.5321312,-0.62238026,-0.7509226,-0.54258996,-0.6599695,-0.59751093,-0.4986488,-0.62895566,-0.7143646,-0.47662327
TGGCCTGCAACAGGTG-1_rna,-0.7697476,0.8525956,-0.86868817,1.0736225,1.7333217,-1.1755587,-0.8076313,-0.79045653,1.4039812,-0.8601395,-0.8812639,-0.7183613,-1.1640699,4.2017403,-0.35252324,-0.87682146
TGGCCTTTCTTGAGGT-1_rna,-0.47659475,-0.62536174,-0.49787337,0.1218899,-0.35081798,-0.35781908,-0.47323984,-0.39332134,0.45100772,-0.33907348,-0.5080882,-0.55141723,-0.33919358,5.0728245,-0.38177246,-0.3511489
TGGCTTTGTCACCTAT-1_rna,-0.42474627,-0.7241587,-0.75611204,-0.07474407,4.8168726,-0.8218288,-0.2885186,-0.43721938,0.6411447,-0.37011677,-0.28651306,-0.38946962,-0.6903351,0.5477804,-0.26670122,-0.47533405
TGGCTTTGTTTATGGG-1_rna,-0.9325857,-0.4041962,2.0970984,4.9568853,0.09424326,-0.8390657,-0.90124464,-0.8378018,-0.852039,-0.94417906,-0.9893179,-1.0098267,-0.8943356,3.2952902,-0.91021454,-0.92871
TGGGCATGTCTTTGAC-1_rna,-0.385843,-0.96578896,-0.77427495,0.20997092,4.8111835,-0.89594233,-0.3404559,-0.4419008,0.6355753,-0.3846877,-0.26197648,-0.38886762,-0.6508858,0.76686645,-0.4098652,-0.52310765
TGGTCAGTCGTTAGTA-1_rna,-0.59663993,-0.94795495,-0.6802952,0.5481098,-0.11033879,-0.47885352,-0.5007648,-0.39345503,0.7287212,-0.44897658,-0.61229867,-0.5619503,-0.4958042,5.4840226,-0.46152455,-0.47199726
TGGTCAGTCGTTTCTG-1_rna,-0.75139725,-0.864958,0.015001282,4.756517,0.30322617,-0.70052314,-0.7558436,-0.7448094,-0.52488405,-0.7457959,-0.80497503,-0.77329,-0.72958046,3.8414989,-0.75518197,-0.7650043
TGGTCATAGCGGGCAA-1_rna,-0.67031157,-0.1109779,-0.9484464,1.1554099,-0.7597054,-0.34895715,-0.47768065,-0.44683862,1.3052647,-0.4892307,-0.7076092,-0.4056244,-0.74370056,4.5193,-0.402057,-0.46883532
TGGTGATTCCGTTATT-1_rna,-0.8350296,4.616305,-0.5430632,-0.13194795,0.16261259,-1.4447395,-0.8422062,-1.0097071,0.6273143,-1.0007474,-0.93988305,-0.64691854,-1.504843,5.299187,-0.7146976,-1.0916361
TGGTGCATCGTCATTT-1_rna,-0.5517264,-0.78896606,-0.65918833,1.1493781,-0.44560558,-0.48038244,-0.50392973,-0.44287544,0.6240157,-0.44999385,-0.61440194,-0.59211177,-0.43150055,5.115882,-0.4751807,-0.45341283
TGGTTAATCAAGCGCC-1_rna,-0.52513856,-0.8753365,-0.43448496,0.0653444,-0.5061232,-0.25397325,-0.39728183,-0.35694218,-0.01917985,-0.3024071,-0.54037637,-0.48362547,-0.20849699,5.6014643,-0.4579246,-0.3055173
TGGTTAATCAGCACCA-1_rna,-0.44267133,-0.9501513,-0.6053058,0.8428451,4.585781,-0.33762696,-0.22128135,-0.35970333,0.01184921,-0.3245035,-0.4338392,-0.34397098,-0.43488562,-0.24467143,-0.30757004,-0.43429443
TGGTTAATCCGGTTGA-1_rna,-0.44830948,-0.78660846,-0.5258214,0.17818958,-0.6088133,-0.33438587,-0.4010015,-0.29456425,0.24468964,-0.32246,-0.4556355,-0.49993646,-0.32054603,5.3488855,-0.36281037,-0.41087192
TGGTTAATCCGTCCAT-1_rna,-0.58124113,-0.124431156,-0.44358107,1.2559525,4.3737016,-0.61468834,-0.62877256,-0.59103125,0.004550536,-0.5901191,-0.5499125,-0.5910064,-0.6873434,0.9059081,-0.4678429,-0.6701428
TGGTTAATCCTAAGAC-1_rna,-0.8864023,-0.9234279,1.2728617,5.3764076,0.023267906,-0.8298668,-0.9344692,-0.83077896,-0.50637513,-0.9401205,-0.9527569,-0.99108464,-0.9011918,3.6891327,-0.7565147,-0.9086809
TGGTTCTGTTCCTGTG-1_rna,-0.37091446,-0.22077066,-0.6179129,0.4534332,4.888949,-0.55233264,-0.3746104,-0.42841175,-0.1820814,-0.40518287,-0.36621016,-0.42192724,-0.4861255,-0.2932083,-0.14337817,-0.47931555
TGTAAAGCAGCTCATA-1_rna,-0.668826,1.746874,-0.68104994,3.0043695,4.567219,-0.383373,-0.77996063,-0.7304176,-0.9046675,-0.7265891,-0.75205505,-0.69982195,-0.6135211,-0.92034686,-0.7893858,-0.66844773
TGTAACTCACCAGGTT-1_rna,-0.8101255,4.7047977,-1.0282347,-0.1308387,0.17694315,-1.1660709,-0.85455203,-0.96816343,0.5526188,-1.041779,-0.96687216,-0.8268477,-1.2923164,5.398197,-0.6587981,-1.0879583
TGTAAGCTCCAAGTGT-1_rna,-0.8217833,4.204217,-0.8313954,0.68904454,3.419706,-0.82509387,-0.731202,-0.77799416,-0.18678948,-0.8885088,-0.5891163,-0.8759104,-1.1076097,0.8122446,-0.61329436,-0.876514
TGTAAGTGTCAAGTAT-1_rna,-0.45668006,-0.6904378,-0.39413244,0.49641478,-0.45940566,-0.3695625,-0.43495387,-0.360759,-0.19060159,-0.35048398,-0.558483,-0.5226994,-0.29374972,5.3504806,-0.4505139,-0.31443265
TGTATCCGTTCACCCA-1_rna,-0.6185218,-0.5863122,-0.04211712,0.23327982,-0.40455732,-0.003328532,-0.6395302,-0.5640081,-0.8952812,-0.51930594,-0.53408456,-0.7608845,0.03869015,6.4854913,-0.85160303,-0.33792606
TGTATCGCAGTACCGT-1_rna,-0.7745126,-0.9433777,0.9778054,4.7822604,-0.20340596,-0.5852543,-0.7464608,-0.8117589,-0.9354579,-0.7749494,-0.6592628,-0.9275635,-0.53976125,3.6447725,-0.8518354,-0.65123755
TGTCAATCATGTCAAT-1_rna,-0.37240714,1.0906354,-0.49437517,0.44264287,-0.58779615,-0.5492389,-0.53988284,-0.52376795,-0.22053938,-0.5926031,-0.53774315,-0.36191,-0.49777365,4.6678905,-0.5110849,-0.41204655
TGTCATAAGGTCATTA-1_rna,-0.7499664,2.830979,-0.69032747,3.3614168,4.8493104,-0.4102956,-0.8536058,-0.9065785,-1.1930113,-0.86656815,-0.9027272,-1.0010276,-0.74627125,-0.9650629,-0.9496153,-0.80664915
TGTCATAAGGTCCACA-1_rna,-0.25377482,-1.151817,-0.9146214,-1.288839,4.4857483,-0.49389657,-0.050674394,-0.23459856,1.0004315,-0.06786713,0.17156148,-0.07996409,-0.56422746,-0.041733675,-0.10126131,-0.4144658
TGTCATAAGGTTTGCG-1_rna,-0.50955635,-0.70574427,-0.6487304,0.11385523,5.3559475,-0.732414,-0.5260649,-0.46056366,0.09415619,-0.54219145,-0.42361438,-0.55725944,-0.5640116,1.0956299,-0.4690295,-0.52040845
TGTCCTGGTTCGCGCT-1_rna,-0.9250972,-0.419855,1.6020252,4.8074713,1.3797976,-0.810663,-0.9546314,-0.8867752,-0.75570434,-0.9648623,-0.9518932,-1.0223316,-0.9313351,2.5882227,-0.8723828,-0.8819859
TGTGCACCAATATACC-1_rna,-0.5465287,1.338,-0.47196314,0.9200107,-0.53476393,-0.44292584,-0.6562016,-0.5915873,-0.5978483,-0.57695675,-0.57030714,-0.53213716,-0.5350206,5.061367,-0.7225944,-0.54054296
TGTGCACCATTGTGTG-1_rna,-0.4959228,-0.5728092,-0.75578654,0.44346505,4.4752645,-0.8344544,-0.39916012,-0.47920492,0.19473375,-0.4304654,-0.48548368,-0.47420138,-0.6581581,1.4714938,-0.44960108,-0.54971015
TGTGCGCAGTAAGTGG-1_rna,-0.7277638,1.30462,-0.43365845,3.010164,-0.5439788,-0.4520842,-0.83390546,-0.7394986,-1.2127433,-0.8055123,-0.6316954,-0.848112,-0.31945932,5.0742455,-1.0709378,-0.7696806
TGTGCGGGTGATGAGG-1_rna,-0.58009183,0.048528895,-0.27964556,1.8083076,4.8093934,-0.57178843,-0.49151236,-0.56644416,-0.42807007,-0.70185983,-0.652167,-0.5920067,-0.5740301,-0.23810987,-0.41781455,-0.5726896
TGTGGCCAGCGAGTAA-1_rna,-1.1027119,3.3075333,0.5965705,4.4374022,0.43408984,-1.142009,-1.1017013,-1.0969383,-0.75946164,-1.1161073,-1.1174171,-1.0279934,-1.2111368,3.2295768,-1.0842896,-1.2454064
TGTTATGAGCTCAATA-1_rna,-0.4681071,2.5790641,-0.60180336,0.3990624,-0.6496911,-0.6138294,-0.6127032,-0.58301616,-0.5802907,-0.5730643,-0.55502737,-0.58054733,-0.7315214,4.803705,-0.56821054,-0.66402024
TGTTCATTCCAAATCA-1_rna,-0.45221272,-0.48814902,-0.6091064,1.1282738,4.921113,-0.43082514,-0.45228782,-0.46049735,-0.31388205,-0.49631265,-0.47095785,-0.50119805,-0.5671295,0.12318769,-0.48210433,-0.44791183
TGTTGCACAGTTTACG-1_rna,-0.5238854,-0.45758307,-0.5234844,1.2377244,4.952424,-0.5654831,-0.5748189,-0.487935,-0.41851622,-0.62533945,-0.4609871,-0.5973119,-0.5025344,0.49313098,-0.47447073,-0.47092968
TGTTGCACATTATGGT-1_rna,-0.43742657,-0.31422642,-0.36013126,0.8882326,-0.78184706,-0.29117456,-0.44461858,-0.4169144,-0.4395302,-0.2878288,-0.4179387,-0.35563272,-0.29814765,4.835279,-0.47058594,-0.4075092
TGTTGGCCATCTTGAG-1_rna,-0.5902473,-0.930992,-0.69581294,0.9461365,-0.13590723,-0.49474564,-0.4776133,-0.43110666,1.0192577,-0.48890826,-0.6896378,-0.66005623,-0.6101661,5.194675,-0.44424996,-0.5106263
TGTTGTAAGTAACCAC-1_rna,-0.54189825,-0.9523376,-0.52065957,1.1268492,-0.4583123,-0.2953878,-0.4506881,-0.39556405,0.17992283,-0.3603504,-0.58923626,-0.57372785,-0.33254364,4.998115,-0.40974322,-0.42443815
TGTTGTGCATTGTGTG-1_rna,-0.5744939,0.22048448,-0.2999866,0.43834293,0.33396894,-0.5842472,-0.5337405,-0.5060714,0.37009907,-0.464409,-0.62437,-0.61697286,-0.70190877,4.6523905,-0.5233229,-0.58576256
TGTTGTTTCATAACGC-1_rna,-0.8129267,4.724263,-0.49878317,0.21977167,-0.11887564,-1.2610115,-0.89807576,-0.96235174,0.4634356,-0.9752502,-0.9615994,-0.75682914,-1.3773082,4.929905,-0.65527445,-1.0590898
TGTTGTTTCATTTAGG-1_rna,-0.47080013,-0.57219505,-0.56535494,0.53784144,-0.40909734,-0.45753852,-0.41280988,-0.4256083,0.4161791,-0.36341977,-0.5719601,-0.47904602,-0.4022918,5.0529327,-0.39612392,-0.48070678
TGTTTGTTCTACCTGC-1_rna,-0.55383986,-0.40459895,-0.6523135,2.0436018,5.0411057,-0.42996246,-0.49671406,-0.48073304,-0.37795985,-0.5299787,-0.676931,-0.55927604,-0.55473685,-0.4300369,-0.49786568,-0.43976063
TTAAGCCAGCTATGAC-1_rna,-0.4517854,-0.25333917,-0.63247454,0.56171894,4.788128,-0.54973876,-0.42098576,-0.46181673,-0.15264617,-0.47159004,-0.37763372,-0.4753852,-0.49617416,0.16885775,-0.33552974,-0.43960547
TTAAGGACACCAAAGG-1_rna,-0.6890439,3.5687613,-0.7206875,-0.12247726,-0.6353239,-0.8995726,-0.6746143,-0.79134023,-0.016079836,-0.6911806,-0.72899556,-0.47750095,-1.1106833,5.204342,-0.4664217,-0.7491814
TTAAGGACATTGACAT-1_rna,-0.8741817,-0.5929369,1.4055351,4.671777,1.1553202,-0.79010725,-0.79154897,-0.84774053,-0.41016662,-0.9479103,-0.9494332,-1.0056938,-1.0552174,2.7575157,-0.74947375,-0.9757374
TTAAGGTGTGCTAGCG-1_rna,-0.5586756,-0.7413187,-0.32101458,0.899843,-0.116068885,-0.2553087,-0.5293856,-0.41674483,-0.43014103,-0.34723502,-0.5109487,-0.5206305,-0.14691849,4.98487,-0.5973678,-0.39295453
TTAATCGAGCCGCTTT-1_rna,-0.54855,0.48244375,-0.6261176,0.7615694,0.16488446,-0.6786653,-0.5062289,-0.5520849,0.13023008,-0.627898,-0.6276045,-0.38947096,-0.7880491,4.812917,-0.437799,-0.5695772
TTACACCGTTAACGGC-1_rna,-0.5680259,1.5673885,-0.5685581,0.6899384,-0.524485,-0.58333933,-0.50442684,-0.55693847,-0.28334272,-0.6065005,-0.5709762,-0.5708125,-0.5568374,4.8892493,-0.6432136,-0.60911983
TTACAGCAGTGAGCAA-1_rna,-0.647848,-0.7227808,-0.4609051,1.0358274,-0.16802248,-0.26146725,-0.59669757,-0.5045959,-0.41305676,-0.54136646,-0.6120497,-0.6762668,-0.26011914,5.978843,-0.62853587,-0.5209584
TTACCGTGTTCACCAT-1_rna,-0.47356334,-0.97489977,-0.809692,0.10147123,4.3957987,-0.8380307,-0.2813536,-0.30206117,0.646497,-0.3234744,-0.4791496,-0.28351063,-0.6395532,1.3507504,-0.44335157,-0.64587724
TTACCTGTCTTTAGGA-1_rna,-0.31538647,-1.0210532,-0.6275587,-0.21390599,4.8164177,-0.7902893,-0.33732992,-0.18768087,0.55202997,-0.23916103,-0.38660276,-0.33651316,-0.5943979,0.1931802,-0.11321054,-0.39853802
TTAGAAGCACTTAGGC-1_rna,-0.43350482,-0.9998462,-0.73204905,-0.556447,5.110188,-0.81601727,-0.30317187,-0.33691204,0.67548496,-0.37556282,-0.45047328,-0.29928187,-0.6856112,1.1326813,-0.35648897,-0.57298756
TTAGCGGTCAGCACCA-1_rna,-0.50472444,-0.4652977,-0.6104557,0.5184314,-0.69770265,-0.55157614,-0.40120238,-0.36544874,0.78422636,-0.38058016,-0.58026737,-0.47702366,-0.46000677,4.9874477,-0.39219478,-0.4036247
TTAGCTGCAAGCTTAT-1_rna,-0.2923621,-0.40148336,-0.61594284,0.13657609,4.7211785,-0.48077273,-0.34966284,-0.36286002,0.1080687,-0.35832566,-0.18837753,-0.41410547,-0.463746,-0.5499502,-0.12831485,-0.35991973
TTAGCTGCACCTCAGG-1_rna,-0.77878064,0.87022233,-0.8279973,1.4037598,0.97632164,-1.2446417,-0.84432024,-0.8729895,1.9160215,-0.85491437,-0.9729205,-0.6959022,-1.239523,4.5789256,-0.40448338,-1.0087781
TTAGCTGCATTGCGAC-1_rna,-0.51063347,-0.32913202,-0.7230267,1.3222435,4.9521585,-0.41919458,-0.55488414,-0.459989,-0.29447022,-0.42891085,-0.4603626,-0.49847412,-0.51882637,-0.27158105,-0.36647603,-0.43844056
TTAGGATGTAAGTCGC-1_rna,-0.48949927,-0.41313726,-0.5111754,0.8767105,-0.086961225,-0.49382997,-0.4970978,-0.49139023,-0.043757036,-0.49451643,-0.5789681,-0.583729,-0.4584794,5.294803,-0.41844457,-0.6105274
TTAGGATGTCCGTAGG-1_rna,-0.55299973,-0.90144753,-0.4807779,0.50039953,-0.39836505,-0.40516207,-0.44836774,-0.37045994,-0.08949746,-0.3310296,-0.5470557,-0.5490687,-0.26516762,5.7623386,-0.5124233,-0.41091588
TTAGGATGTTGCATCT-1_rna,-0.4307914,-0.85185564,-0.42767426,0.40125984,-0.7533785,-0.26793674,-0.4299542,-0.33065912,-0.1038341,-0.29755098,-0.49290767,-0.4791809,-0.289336,5.5052147,-0.45331505,-0.29809934
TTAGGCCCACTTACAG-1_rna,-0.5830043,-0.6436282,-0.21528769,0.48015603,-0.6179025,-0.009781763,-0.5038644,-0.47585618,-0.9055411,-0.339814,-0.43581772,-0.61791,-0.0119987875,5.9913087,-0.7270937,-0.38396472
TTAGGCGTCCTAATGA-1_rna,-0.9517227,-0.22705524,1.5858868,4.7097435,0.8581063,-0.6735193,-0.92230976,-0.8276952,-0.8508436,-0.9494721,-0.9056061,-1.0965639,-0.8598858,2.802485,-0.8142301,-0.877318
TTAGGCTAGCTATTGA-1_rna,-0.3782079,-0.8384952,-0.7493131,-0.5164715,4.6864796,-0.5691289,-0.17574814,-0.2783109,0.60568166,-0.22752132,-0.3279696,-0.23763601,-0.6332303,0.21558449,-0.1917874,-0.38392526
TTAGTCAAGCCTCTCG-1_rna,-1.0473427,-0.007042017,2.6301415,4.9266367,0.334813,-0.9098297,-1.0401932,-0.95446783,-0.88498306,-1.0533245,-0.98565084,-1.1552755,-1.0017854,3.1401508,-0.9545008,-1.0373468
TTATAGCCAGCTTACA-1_rna,-0.47686434,-0.3833074,-0.71567214,-1.1754829,5.035519,-0.90652597,-0.23241994,-0.25595045,1.004236,-0.3102361,0.15892443,-0.4407826,-0.7068313,-0.014677731,-0.13058291,-0.44934565
TTATAGCCAGGCGATA-1_rna,-0.559548,-0.86995834,-0.7665489,0.6737638,-0.06807375,-0.66467905,-0.48389846,-0.40454984,1.3077849,-0.48474413,-0.6137238,-0.50025266,-0.5299373,4.945384,-0.45032865,-0.5306901
TTATCCTAGGCATTAC-1_rna,-0.32611516,-0.24236575,-0.46080342,0.42112124,-0.870463,-0.25187305,-0.42918167,-0.32335958,-0.38079908,-0.3263813,-0.3606471,-0.27107286,-0.348188,5.0147643,-0.4459323,-0.39870355
TTATCCTAGGGATTAG-1_rna,-0.42051998,-0.41429502,-0.79221493,-0.40628177,4.0668683,-0.7147253,-0.24791643,-0.35276818,0.5670987,-0.3960687,-0.1958942,-0.34091908,-0.6514838,1.1298927,-0.3256931,-0.5050791
TTATGACCATTTAAGC-1_rna,-0.4928398,-0.78918767,-0.6453227,-0.23021649,5.146729,-0.81391394,-0.37770003,-0.35366184,0.57345676,-0.47254235,-0.50139016,-0.4888419,-0.64505583,0.9511022,-0.24244143,-0.6181733
TTATTGCTCAATCATG-1_rna,-0.46420243,-0.2890766,-0.6498196,0.3193246,-0.36633468,-0.5109657,-0.4528503,-0.41894868,0.5689019,-0.33438358,-0.50820315,-0.3524179,-0.57131433,4.7722197,-0.30271304,-0.43921652
TTATTGCTCATTTAGG-1_rna,-0.73402095,4.214784,-0.71718585,0.20726901,-0.3391228,-0.9375903,-0.8197452,-0.81127584,-0.3109017,-0.7728354,-0.8086088,-0.56382555,-1.1636815,5.210788,-0.62029797,-1.0337489
TTATTGCTCTGCAACG-1_rna,-0.46962517,0.27030763,-0.6237322,0.8268492,-0.45876104,-0.5622664,-0.5286555,-0.43356806,0.19778326,-0.44913,-0.4911661,-0.37775907,-0.53429914,4.497816,-0.37710994,-0.48668325
TTCAACCGTTACGCAA-1_rna,-0.485241,1.274457,-0.6091915,1.0060384,4.6009827,-0.2599311,-0.54311216,-0.55189794,-0.32670867,-0.5403149,-0.5475768,-0.6123899,-0.5567143,-0.84408396,-0.529452,-0.47486383
TTCAGCACAGGTTATT-1_rna,-0.46927023,-0.66162246,-0.22753714,0.2557963,-0.59346056,0.048406005,-0.5540921,-0.4393602,-0.7744568,-0.32467633,-0.47563344,-0.6153809,-0.08816694,5.805664,-0.6043786,-0.28183097
TTCAGGTAGCTGTCAG-1_rna,-0.48974377,-1.0669054,-0.8059919,-0.45815927,5.172806,-0.8258985,-0.32238322,-0.37248456,0.5724676,-0.41815215,-0.4210347,-0.36371619,-0.64420885,1.3877312,-0.37441832,-0.5699079
TTCCACGGTTAAATGC-1_rna,-0.3413776,-0.42779437,-0.4607583,-0.10766503,-0.8990166,-0.22887394,-0.2686456,-0.292745,-0.032839254,-0.21973258,-0.38867602,-0.31336853,-0.29689538,4.977758,-0.351608,-0.34776172
TTCCACGGTTGAGCCG-1_rna,-0.5556325,-0.6408632,-0.3179981,0.21389034,-0.25900418,-0.26483613,-0.45171785,-0.46884853,-0.42470133,-0.4403823,-0.48604232,-0.53313696,-0.17168744,5.7044883,-0.5403333,-0.36319435
TTCCCACAGCGCCTAA-1_rna,-0.5035732,-0.8799864,-0.5232132,-0.49545377,-0.32252482,-0.5392335,-0.37929094,-0.33027694,1.7408724,-0.40122366,-0.5919075,-0.35657763,-0.5540492,4.821431,-0.29271618,-0.3922764
TTCCCACAGGCGAATA-1_rna,-0.5770778,-0.8012026,-0.6591308,1.0477762,4.898116,-0.71140337,-0.49957782,-0.44046527,0.26287264,-0.6086315,-0.50495857,-0.6015203,-0.5344054,0.5649819,-0.34560406,-0.48976934
TTCCTTCTCAGGAAGC-1_rna,-0.46201777,-0.10004522,-0.6366973,-0.10985505,4.657699,-0.737962,-0.33634695,-0.36979297,0.2554347,-0.45077848,-0.44699398,-0.40541327,-0.59374464,0.5560844,-0.36092326,-0.45864737
TTCCTTCTCATTGCGG-1_rna,-0.6939382,-0.20207971,-0.9206178,0.7654128,-0.1300233,-0.89883184,-0.5656589,-0.5389973,2.528666,-0.7094113,-0.7373018,-0.44605735,-0.9990066,4.5309734,-0.2599299,-0.72319865
TTCGCAACAACAGCCT-1_rna,-0.57433677,-0.53276277,-0.57963985,0.7018174,-0.42061108,-0.49865603,-0.48385555,-0.41547012,0.37275448,-0.3955263,-0.569481,-0.5544615,-0.39727676,5.2478538,-0.48240554,-0.417942
TTCGGTACACCGGTAT-1_rna,-1.107393,2.7934458,4.046263,3.8371844,1.398526,-1.0984125,-1.1657281,-1.0161572,-1.1931859,-1.0510701,-1.1213849,-1.2131147,-1.065771,0.3168746,-1.2482077,-1.1118696
TTCGGTACACGAACAG-1_rna,-0.5133779,-0.15100293,-0.6865493,1.3504108,4.82563,-0.43218732,-0.5378002,-0.4998315,-0.35753602,-0.54240924,-0.5040828,-0.45889193,-0.5477943,0.01316867,-0.4567026,-0.50104344
TTCGGTACAGCAACCT-1_rna,-0.504329,-0.7810839,-0.58524865,0.1172827,-0.51672304,-0.34027898,-0.43844926,-0.34331107,0.28756323,-0.33456063,-0.53577024,-0.49679446,-0.36054337,5.6156445,-0.45124918,-0.33214796
TTCGTGCTCCTGGTGA-1_rna,-0.62591904,0.135143,-0.5971208,0.73287547,-0.19584818,-0.39718258,-0.6090396,-0.58503395,0.16260675,-0.55346394,-0.6460441,-0.5539479,-0.625245,5.360034,-0.46239322,-0.5394213
TTCGTGCTCGCAATCG-1_rna,-0.60153794,-1.0111496,-0.72959244,1.087009,5.149042,-0.8895718,-0.5257658,-0.47561392,0.035855535,-0.5752845,-0.6918602,-0.57564497,-0.647491,1.6152381,-0.55242777,-0.6112051
TTCGTTAGTGCACGCA-1_rna,-0.53146183,-0.78990936,-0.7184952,0.28269112,-0.6754607,-0.46316093,-0.40504044,-0.38031024,0.77116627,-0.3686725,-0.62764597,-0.37810236,-0.3916583,5.4448547,-0.41213167,-0.35666293
TTGACATCAACGTGCT-1_rna,-0.5308713,1.0248775,-0.6550772,1.3627572,4.671027,-0.090934545,-0.5569931,-0.5729357,-0.5667812,-0.5709372,-0.5179318,-0.6574444,-0.53636974,-0.8544434,-0.5337205,-0.4142214
TTGACATCATAGCTGC-1_rna,-0.43389016,-0.48220462,-0.40332186,0.27042526,-0.6266062,-0.10773732,-0.46378553,-0.40775162,-0.4493345,-0.3617155,-0.4214176,-0.36948562,-0.2673366,5.379364,-0.49311608,-0.36208576
TTGACGTAGCAACAAG-1_rna,-0.7949519,3.7691212,-0.57093287,0.5755152,1.0953795,-1.3499464,-0.8456202,-0.8945472,0.15728599,-0.9717347,-1.0311209,-0.7661814,-1.377895,4.7037687,-0.65961176,-1.0385281
TTGACGTAGGTTAGAG-1_rna,-0.9461976,-0.35466686,2.2122977,4.6346765,0.089214176,-0.6686194,-0.88614666,-0.95537424,-1.0910674,-0.9807215,-0.80494726,-1.0670347,-0.5641593,3.214413,-1.0135742,-0.8180914
TTGACTAAGTAAAGGT-1_rna,-0.8696298,3.1324234,-0.77963376,3.2497985,4.9604816,-0.8243653,-0.9794758,-1.0179162,-0.89248794,-1.0058457,-0.95416695,-1.0911171,-0.84062684,-0.1680859,-1.0195438,-0.8998086
TTGACTAAGTTTAACG-1_rna,-0.41021618,-0.8140904,-0.6311135,0.07706875,-0.8782519,-0.40034643,-0.38001055,-0.29965523,0.42713356,-0.25314426,-0.51201904,-0.4432216,-0.2951503,5.4159694,-0.42392364,-0.17902872
TTGATGTCAATTGAAG-1_rna,-0.52064645,-0.6630641,-0.4094586,1.3094623,-0.4034607,-0.36370137,-0.5286572,-0.542006,-0.50651383,-0.4360589,-0.52499294,-0.6202233,-0.32238477,5.5921316,-0.60130644,-0.4591188
TTGCAAGGTGGGAACA-1_rna,-0.93689704,3.3595777,-0.77086145,3.5230231,4.8237386,-0.31467396,-1.0369,-0.8903309,-1.2946253,-0.970971,-0.92748225,-1.0945905,-0.799404,-0.7265992,-1.1300876,-0.8129159
TTGCAAGGTTAAGTGT-1_rna,-0.5636803,-0.26609457,-0.71574074,0.44056287,-0.37241244,-0.576813,-0.44168413,-0.42760497,0.3777831,-0.405052,-0.58366394,-0.54914176,-0.3571315,5.368706,-0.52522206,-0.40281087
TTGCAAGGTTGGCCGA-1_rna,-0.38690242,-0.8307376,-0.5584972,0.04606439,-0.7341212,-0.24991116,-0.26278782,-0.27862355,0.010008797,-0.2953112,-0.42901483,-0.31724116,-0.24125919,5.232456,-0.4681454,-0.2359769
TTGCAATCAGACAAAC-1_rna,-0.341178,-0.5644898,-0.37859344,-0.07724275,-1.0923072,-0.0059286654,-0.39225715,-0.28005874,-0.40319407,-0.20279466,-0.3177117,-0.31532043,-0.24082415,5.3613005,-0.45888203,-0.29051745
TTGCAATCATGGCCTG-1_rna,-0.49762106,-0.58950526,-0.59223425,0.41873205,-0.89950013,-0.14257976,-0.40148473,-0.4364007,-0.015867777,-0.2943256,-0.44605845,-0.38357604,-0.27069327,5.226904,-0.37759843,-0.29819056
TTGCAGCCAATTAACC-1_rna,-1.0122313,2.8059888,-0.39044327,3.708766,5.1521163,-0.25526178,-1.1311514,-0.985465,-1.6335924,-1.0641172,-0.9240193,-1.0770268,-0.77285725,-0.3346417,-1.3210125,-0.7650512
TTGCAGCCAGCTTAAT-1_rna,-0.8846374,1.3239939,-1.0763252,-0.015621319,-0.05355893,-1.0939554,-0.7239842,-0.70819545,2.8725533,-0.7988464,-0.8337989,-0.40041667,-1.2526689,4.83101,-0.32113922,-0.8644095
TTGCATTTCGCCTGTT-1_rna,-0.81615514,-0.6331014,1.6290989,4.6056995,-0.13537402,-0.9618603,-0.8596157,-0.8813308,-0.5031186,-0.8678959,-0.83507776,-0.96224445,-0.8822118,3.6486325,-0.7252194,-0.8202257
TTGCGAGTCCCTGTTA-1_rna,-0.57462466,-0.21291526,-0.6341213,2.0229993,5.110456,-0.3495615,-0.45464325,-0.56389225,-0.5151321,-0.56604356,-0.60900545,-0.54561514,-0.5536899,-0.4969613,-0.542274,-0.51497567
TTGCGTCTCCGTAAAC-1_rna,-0.56232727,-0.5787548,-0.42544156,0.5191251,-0.095549464,-0.44360834,-0.4531117,-0.5350321,-0.40822214,-0.40393484,-0.5314501,-0.63977855,-0.19857258,5.7877426,-0.623282,-0.4078021
TTGCTCTCATTAAAGG-1_rna,-0.46840653,0.36232966,-0.3256474,1.4986339,-1.2623168,-0.24612287,-0.5893415,-0.51139367,-0.7878946,-0.42526338,-0.38528773,-0.45784065,-0.26132384,4.9283495,-0.68524015,-0.3832337
TTGCTTAGTCCTTTAA-1_rna,-0.5950324,2.7976053,-0.60926855,0.6482979,1.1597905,-0.7001147,-0.5912667,-0.56517243,-0.047333315,-0.57882345,-0.34572136,-0.6585936,-0.9266411,2.0071099,-0.5128195,-0.4820165
TTGCTTTAGCTGTACG-1_rna,-0.70979184,3.7579148,-0.6217964,-0.017191462,-0.41635442,-0.74450296,-0.8151002,-0.74739355,-0.16230673,-0.8278664,-0.7032489,-0.6962564,-0.91217625,5.1096663,-0.7043653,-0.78923064
TTGGATATCAGGTTTA-1_rna,-0.3618657,-0.26590577,-0.65626454,0.19065905,4.605256,-0.45117372,-0.3988302,-0.35900316,0.050344914,-0.4018182,-0.118264996,-0.37865326,-0.5269068,-0.20680512,-0.2967724,-0.42399618
TTGGATCAGCGATAAG-1_rna,-0.7938828,4.2829843,-0.73129535,0.122287385,0.3355204,-1.1962267,-0.9095212,-1.0009061,0.47062224,-0.98307073,-0.9393651,-0.84361744,-1.3336787,5.378771,-0.6978233,-1.1607972
TTGGCTTGTGTCCAGG-1_rna,-0.53631675,-0.59136534,-0.3652749,0.7335416,-0.15735933,-0.13559595,-0.572454,-0.4350501,-0.7558321,-0.50868917,-0.540378,-0.58738434,-0.18664193,5.6234827,-0.6959804,-0.28870183
TTGGCTTGTGTGTGGT-1_rna,-0.8719997,3.9856765,-0.3019411,3.7885432,4.546749,-0.52034813,-0.99883324,-0.9885743,-1.1035643,-0.9401285,-0.95264083,-0.9505275,-0.8665232,-1.6814156,-1.2019243,-0.94254893
TTGGGCCAGTAACGAG-1_rna,-0.5041978,-0.3706368,-0.5155457,-0.012319297,-0.7102918,-0.16270618,-0.43199772,-0.4003221,-0.06606869,-0.3620099,-0.54719526,-0.39678615,-0.28472725,5.502998,-0.4782551,-0.259938
TTGGGCGGTCCGTGAG-1_rna,-0.49843794,-0.7826066,-0.5756623,1.028991,4.747218,-0.7804395,-0.4864586,-0.48852426,0.1962941,-0.50648576,-0.5648689,-0.4895795,-0.606665,0.8199696,-0.44884634,-0.56389797
TTGGGCGGTCTCAGCC-1_rna,-0.48871288,-0.97330666,-0.7038944,-0.28591794,5.371037,-0.7107439,-0.3812237,-0.39144522,0.52952886,-0.4612657,-0.3314109,-0.5135031,-0.6300031,1.0079598,-0.43911478,-0.5979835
TTGGTGAGTCAAACTG-1_rna,-0.58466506,1.1133599,-0.59660774,0.11488746,-0.3350426,-0.5934378,-0.4760514,-0.52419114,0.0524904,-0.48024553,-0.6385169,-0.4816447,-0.5652534,5.0475907,-0.4866925,-0.5659801
TTGTCAAAGCGATAGA-1_rna,-0.8895418,4.022258,-0.48354352,3.9082768,4.632056,-0.544414,-1.0152705,-1.009596,-1.1559014,-0.9808095,-0.9911365,-1.0409874,-0.89074796,-1.5131345,-1.1318302,-0.9156777
TTGTCAAAGTTGGATC-1_rna,-0.59240097,-0.22046518,-0.2829534,0.92373526,-0.37320888,-0.3077325,-0.60637075,-0.55018455,-0.64190996,-0.45130962,-0.46224016,-0.6440386,-0.26940507,5.5861073,-0.64145255,-0.46617073
TTGTCAAAGTTTGGTA-1_rna,-0.77756816,4.976881,-0.540975,-0.004735023,-0.47125047,-1.0964133,-0.83347917,-0.85069776,-0.46024698,-0.91562045,-0.7769276,-0.7015012,-1.091596,5.198652,-0.7116094,-0.9429124
TTGTCCGGTTAGGCTA-1_rna,-0.58549863,-0.1998038,-0.6625785,1.9124364,4.916314,-0.5838559,-0.58300215,-0.63681394,-0.19915515,-0.6445392,-0.5172154,-0.61565053,-0.62883544,-0.021797463,-0.37427074,-0.57573366
TTGTGCCTCATGGTGT-1_rna,-0.7779161,4.254575,-0.8267046,-0.52497053,-0.4165962,-1.126526,-0.7874123,-0.8479115,0.8123809,-0.79851747,-0.83577657,-0.64671254,-1.1421163,5.1108203,-0.4651704,-0.98144495
TTGTGTGCAGCATGGA-1_rna,-0.59338945,-0.1835653,-0.6455108,1.2518834,5.0674686,-0.605378,-0.5751572,-0.5150989,-0.10953587,-0.50682,-0.563796,-0.59647804,-0.5702312,0.13610543,-0.47083026,-0.51966596
TTGTTCCCAGGCTTCG-1_rna,-0.86295795,3.1348116,-0.5626163,0.18913274,0.8791143,-1.0356216,-0.85710114,-0.85355514,0.29529935,-0.9206323,-0.8396773,-0.71473813,-1.1999391,4.907583,-0.6774059,-0.88169646
TTGTTGCGTGTGCAAC-1_rna,-0.5928093,-0.8416179,-0.43060273,0.67814034,0.2394756,-0.46099472,-0.5734422,-0.54288524,-0.22864011,-0.56041855,-0.5932905,-0.62065613,-0.34251505,5.8113966,-0.560475,-0.38066578
TTTACGAAGACAACAG-1_rna,-0.5312607,-0.45892477,-0.4866283,0.536614,-0.32553667,-0.2786482,-0.57236093,-0.42080128,-0.05197759,-0.40765578,-0.510822,-0.59130317,-0.33194786,5.301038,-0.47617722,-0.39360708
TTTACGAAGCAGGTTT-1_rna,-0.78329587,-1.1687686,1.2558365,5.587442,-0.0884736,-0.7256345,-0.86655027,-0.8802286,-0.7608562,-0.79697996,-0.8842414,-0.9593989,-0.8847882,3.6044245,-0.85280716,-0.79567975
TTTAGCAAGGTAGCTT-1_rna,-0.43650234,-0.71266085,0.11580333,0.2447258,-0.49010164,0.042768598,-0.5804006,-0.36745816,-1.0248187,-0.39019388,-0.39705056,-0.67016476,0.08308616,5.774592,-0.7873252,-0.40429962
TTTAGGATCGAAGCGG-1_rna,-0.6971348,0.86800355,-0.7759201,2.891069,4.972766,-0.51629597,-0.8205931,-0.6641018,-0.7851258,-0.76175976,-0.77921206,-0.7658315,-0.68650484,-0.045858085,-0.79859287,-0.6349077
TTTATGGAGTTGTCCC-1_rna,-0.43495432,-0.94076943,-0.62613237,-0.42787275,5.0125046,-0.79561794,-0.19622114,-0.29464662,0.55378246,-0.35168797,-0.39932173,-0.40550184,-0.61263585,0.6739428,-0.35274023,-0.4021281
TTTCACCCAGTAGGTG-1_rna,-0.6239319,2.1343167,-0.7008689,2.839038,4.491636,-0.20744058,-0.7447131,-0.7773541,-0.9407071,-0.799143,-0.69925976,-0.81517625,-0.6614597,-0.96918786,-0.8692262,-0.6565218
TTTCATCAGCCTGGTA-1_rna,-0.9603661,3.7647667,0.02405753,2.0238473,-0.15419266,-1.3290807,-0.8887026,-1.0240206,-0.1441598,-0.9549209,-0.99091023,-0.80569875,-1.3534356,4.5907764,-0.7393448,-1.0586153
TTTCCACCACATAACT-1_rna,-0.4081263,-0.21980296,-0.498905,0.72478634,-0.69398093,-0.22553478,-0.50685006,-0.41269666,-0.540735,-0.36932427,-0.43129438,-0.35470283,-0.33012128,5.162033,-0.5386541,-0.35609043
TTTCCGGGTTTAGTCC-1_rna,-0.49930578,-0.8455523,-0.6979554,1.0569763,4.60033,-0.85721415,-0.46986336,-0.4580683,0.16977854,-0.4885903,-0.5202614,-0.4829867,-0.66273874,1.2210455,-0.4830435,-0.5825506
TTTCCTGAGTTGTCCC-1_rna,-0.36748046,-0.8653282,-0.8057176,-0.92113936,4.1293054,-0.33941653,-0.17286631,-0.3450837,0.43882737,-0.09385258,-0.066196434,-0.06548395,-0.5969337,0.6710428,-0.18391904,-0.41575754
TTTCGTCCAAGACTCC-1_rna,-0.53261024,-0.6530699,-0.6449937,0.15410896,5.120803,-0.6573468,-0.5069431,-0.46460855,0.1293061,-0.53285664,-0.5229196,-0.6207247,-0.5663028,1.2803133,-0.46583295,-0.51632226
TTTCGTCCAGAGGGAG-1_rna,-0.3708734,-0.90893096,-0.4460463,0.22029221,-0.6595193,-0.19598152,-0.28896624,-0.3371023,-0.29068714,-0.23363696,-0.42517668,-0.48735476,-0.19170155,5.355371,-0.45922083,-0.28046548
TTTCTCACATTCCTGT-1_rna,-0.72133625,3.5744226,-0.73817366,1.4988171,-0.101028666,-0.8342663,-0.8222367,-0.70102537,-0.6895678,-0.8835118,-0.733389,-0.7592151,-0.8243194,4.567066,-0.83445764,-0.99777794
TTTCTTGCAGCACGTT-1_rna,-0.64228344,-0.2634781,-0.74886817,1.492171,5.1393237,-0.77214915,-0.5597004,-0.5551534,-0.25503826,-0.6460047,-0.5384169,-0.6542306,-0.63741374,0.7476057,-0.52645725,-0.57990634
TTTGACCGTAGTAAGA-1_rna,-0.44757384,-0.8957353,-0.64211786,-0.37393662,4.898576,-0.7820659,-0.33917513,-0.35476017,0.6300813,-0.3633019,-0.28883278,-0.39852294,-0.668595,0.79471475,-0.27160218,-0.49715197
TTTGCATTCTAAGGTC-1_rna,-0.54464483,-0.7431051,-0.4755175,1.2233471,-0.41879594,-0.35127825,-0.52380306,-0.47797078,-0.22948574,-0.4242766,-0.561392,-0.59792745,-0.37154508,5.4318323,-0.50655115,-0.42888582
TTTGCGGAGCAGGTTT-1_rna,-0.86056656,4.7920322,-0.475458,0.058036134,0.23893411,-1.2822826,-0.94630045,-1.0070047,0.15378708,-1.0067348,-0.99411863,-0.7784939,-1.3542533,5.2546263,-0.73910624,-1.053097
TTTGGCTGTTTACGTC-1_rna,-0.44812095,-0.80194247,-0.48154747,0.07475267,-0.4716555,-0.17232259,-0.45000935,-0.39647096,0.049322903,-0.33303088,-0.41398954,-0.41118324,-0.32331926,5.4259467,-0.43311208,-0.4133184
TTTGTGGCATTAGCCA-1_rna,-0.59197295,-1.1857872,-0.498429,1.4117968,-0.2367446,-0.45363617,-0.4888299,-0.5030844,-0.26505256,-0.4778251,-0.5852437,-0.6591469,-0.26430565,5.7908983,-0.5921731,-0.40046328
TTTGTGTTCCGCCTAT-1_rna,-0.810317,0.6732557,-1.1163801,1.5259639,0.9593307,-1.1699986,-0.79213774,-0.83081764,2.414724,-0.99082255,-0.9218759,-0.8195815,-1.2144727,4.5188026,-0.4360516,-0.989622
TTTGTGTTCCGTGACA-1_rna,-0.8246661,4.198653,-0.42021883,0.16995731,0.038986064,-1.2960918,-0.8688342,-0.95394033,0.507246,-0.896709,-0.9437515,-0.7179469,-1.3856091,5.0785604,-0.63979924,-1.045836
TTTGTTGGTAGGTTTG-1_rna,-0.9680587,0.10185641,1.0848044,4.57514,2.84618,-0.6061062,-0.9304773,-0.87721986,-0.6432283,-1.0184654,-0.9315665,-1.0393784,-1.0791764,1.1359988,-0.7862629,-0.8640397
AAACAGCCAGGCTTCG-1_atac,-0.43896198,-0.5864751,-0.6925481,0.43091407,4.8793573,-0.42565227,-0.27605343,-0.43358928,0.6301965,-0.4385924,-0.39517224,-0.3668285,-0.5664701,-0.5819104,-0.29017833,-0.4480359
AAACCAACACCTGCTC-1_atac,-0.84090817,-0.80964744,0.4425219,5.4762483,0.045727756,-0.93064094,-0.88885355,-0.8764208,-0.51534045,-0.8462481,-0.8890489,-1.0312834,-0.866523,4.3058105,-0.8099396,-0.9654542
AAACCAACATAACGGG-1_atac,-0.84125865,1.8161447,-0.68088996,2.2334988,1.5856603,-1.0882504,-0.9482229,-0.91697514,-0.26414883,-0.9948211,-0.9104347,-0.86858857,-1.0573273,4.800425,-0.8306371,-1.0341743
AAACGCGCATACCCGG-1_atac,-0.6588905,0.15454343,-0.66474664,1.1384573,3.691422,-0.71755123,-0.64093935,-0.5710778,0.03672649,-0.6679758,-0.79414487,-0.6250124,-0.934412,2.6598217,-0.6281935,-0.7780268
AAACGGATCCTAGTAA-1_atac,-0.8027554,1.1870941,-0.33179906,2.7510478,3.2984276,-0.7199379,-0.75389504,-0.84405416,-0.10978058,-0.9085514,-0.8063481,-0.77560157,-0.9931641,1.3902943,-0.76153994,-0.81943667
AAAGCACCACCCACCT-1_atac,-0.8528591,4.7145486,-0.39720476,-0.25934586,-0.043965325,-1.1472716,-0.93462914,-0.94047433,-0.37165886,-0.9615359,-0.8706462,-0.7442667,-1.0873973,5.64556,-0.7572823,-0.9915711
AAAGCTTGTGTGTGGT-1_atac,-0.32863992,-0.523821,-0.56609046,0.051984005,5.2426863,-0.46468684,-0.28134176,-0.38533416,0.09285071,-0.3193105,-0.19044784,-0.4321399,-0.4644297,-0.73759544,-0.27081543,-0.4228677
AAAGGACGTATTGTGG-1_atac,-0.7190124,5.0114636,-0.63300383,-0.47363552,-0.21939006,-1.2092017,-0.82279205,-0.8850988,0.168899,-0.95667243,-0.89317656,-0.6687013,-1.3462663,5.314598,-0.6535965,-1.014413
AAAGGACGTTAAGCCA-1_atac,-0.63389945,0.8750327,-0.4332161,2.1133518,2.6734731,-0.8324707,-0.5751492,-0.57314926,-0.10744724,-0.72291476,-0.6424841,-0.70882523,-0.78259593,1.468085,-0.51093155,-0.6068595
AAAGGACGTTCACCAT-1_atac,-0.8071482,0.24786122,0.966372,4.0918922,0.63627875,-0.8604227,-0.8568007,-0.81497777,-0.654993,-0.8386831,-0.8232169,-0.94739616,-0.8320219,3.0150633,-0.7193367,-0.8024702
AAAGGAGCACAAACTT-1_atac,-0.5074663,-0.23845324,-0.4923531,0.15916191,-0.6950383,-0.27706113,-0.42372546,-0.40493652,0.62722695,-0.3881147,-0.47118917,-0.45500466,-0.4267963,4.7606263,-0.42765233,-0.33922437
AAAGGAGCATAGCTGC-1_atac,-0.35398754,-0.5242565,-0.6622162,0.010045819,5.4500613,-0.39439848,-0.3711644,-0.42540905,0.2991476,-0.39998618,-0.3202358,-0.33398747,-0.48616216,-0.79476863,-0.2746553,-0.41802737
AAAGGCTCACTTCACT-1_atac,-0.80892575,-0.79352534,1.1175869,5.452792,-0.47603813,-0.84349835,-0.8427067,-0.8431685,-0.9037945,-0.8360114,-0.8518044,-0.953912,-0.8098732,4.060022,-0.80985034,-0.8572923
AAAGGTTAGCAAGGGT-1_atac,-0.6876021,1.132798,-0.7473627,2.7891762,4.7156153,-0.373322,-0.6476105,-0.68576956,-0.59947675,-0.7289565,-0.7804147,-0.693714,-0.616186,-0.712664,-0.7432205,-0.6212902
AAAGGTTAGGGTGGAT-1_atac,-0.56129915,-0.86715204,-0.19428268,-0.012099966,-0.50212866,-0.12229881,-0.4762193,-0.46791446,-0.23351863,-0.3568045,-0.55091214,-0.5968121,-0.11284822,6.1487107,-0.75376284,-0.34065738
AACAAAGGTAATGGAA-1_atac,-1.0699935,4.52152,1.1470249,4.455984,0.44583428,-1.0343153,-1.0454245,-1.0958538,-0.720025,-0.9750932,-1.1635222,-1.1651196,-1.0522914,0.97600985,-1.1424885,-1.0822463
AACAAGCCAGGTTCAC-1_atac,-0.37835103,-0.19862506,-0.89768964,-2.0373406,3.6647277,-0.74825144,-0.621186,-0.21009605,1.0520835,-0.4187935,-0.18216883,-0.47771797,-0.71549904,2.8174458,-0.027228417,-0.62130934
AACAGATAGAGGCTAA-1_atac,-0.56635624,-0.80134994,-0.6374428,0.99740446,-0.105577394,-0.5106533,-0.63311565,-0.52469057,0.097253986,-0.5467293,-0.6163704,-0.65403557,-0.38837475,5.9631066,-0.540435,-0.53263366
AACAGATAGGGTCCAC-1_atac,-0.71146053,0.285078,-0.77256083,1.3113573,0.030361291,-0.70355535,-0.59397715,-0.63855815,0.6964477,-0.7247554,-0.78172976,-0.62773347,-0.7636531,5.1446285,-0.46420503,-0.685684
AACAGCAAGGAAGCTA-1_atac,-0.75486666,4.6620812,-0.6286239,-0.3962735,-0.06995286,-1.2285492,-0.8149346,-0.84663045,0.41135776,-0.9133261,-0.88141906,-0.6368171,-1.3957015,5.100479,-0.619678,-0.9871449
AACATAGCATAAAGCA-1_atac,-0.42122042,-0.43895108,-0.42261165,-0.19855809,-0.6964343,-0.21580252,-0.37927943,-0.25921085,0.49766514,-0.27551696,-0.4280702,-0.2761044,-0.42650986,4.5113363,-0.27992254,-0.29080933
AACATCATCCGTTATT-1_atac,-0.2535039,-0.6602977,-0.54019946,0.083207995,4.7545137,-0.37411588,-0.2306509,-0.27269942,0.10093352,-0.26655877,-0.1100072,-0.2559141,-0.5377373,-0.8696986,-0.19909516,-0.36817703
AACATCATCGAGGAAC-1_atac,-0.52697766,-0.80026025,-0.33833998,-0.10043138,-0.5175876,-0.153067,-0.4739468,-0.43481266,-0.30017605,-0.27838734,-0.4858321,-0.589686,-0.12451428,6.093736,-0.68875194,-0.2809653
AACATCATCGGCTATG-1_atac,-1.036545,-0.41140497,1.3749738,4.2212267,1.1088278,-0.7296294,-0.86392784,-0.8049512,-0.2535352,-0.83347917,-0.8229342,-0.96007,-0.89010125,2.585616,-0.82607824,-0.85798776
AACCCGCAGTCACTAA-1_atac,-0.5337436,-0.5733521,-0.51899886,0.9296862,-0.39872918,-0.4806408,-0.5205325,-0.4286572,0.25287753,-0.44924584,-0.6317562,-0.52130985,-0.34377998,5.235848,-0.60220885,-0.41545638
AACCGGCTCCGTAAAC-1_atac,-0.54476655,-0.24808398,-0.6871885,1.2488545,5.3157263,-0.61546767,-0.51816833,-0.58531284,-0.012004793,-0.5828327,-0.60018134,-0.5435132,-0.5594665,-0.08485673,-0.4502354,-0.5325023
AACCGGCTCGATCAGT-1_atac,-0.30672362,-0.6488329,-0.6372956,-0.1275168,5.0752325,-0.40313175,-0.40560606,-0.28409547,0.30694404,-0.3246694,-0.19245142,-0.30416378,-0.48528454,-0.7037401,-0.28119352,-0.27747175
AACCGGCTCGTTAGCG-1_atac,-0.5970972,-0.8384129,-0.45056808,0.79225206,-0.22142744,-0.37690806,-0.6038277,-0.5548103,-0.18270585,-0.51213163,-0.61861,-0.7006833,-0.22607234,6.359728,-0.72356606,-0.5451591
AACCTTAAGGTCTTGG-1_atac,-0.50867647,-0.80828243,-0.46031064,0.32740605,-0.537365,-0.19762743,-0.46417016,-0.39211607,-0.27566692,-0.36842757,-0.5234377,-0.5249818,-0.2277503,5.8513303,-0.53200513,-0.35791868
AACCTTGCAATAATCC-1_atac,-0.6698922,-0.031234145,-0.7144484,0.85596585,0.04506831,-0.5521525,-0.5580504,-0.586082,0.6058148,-0.6625,-0.6611563,-0.61539686,-0.64500433,5.338564,-0.5198655,-0.6296303
AACCTTGCAGCCTGCA-1_atac,-0.66147316,-0.68006754,-0.7021921,1.1925621,4.7648306,-0.6357413,-0.64868724,-0.6242825,0.028343905,-0.63883394,-0.6595193,-0.648427,-0.6575437,1.8560463,-0.60652316,-0.6784918
AACCTTGCAGGACCTT-1_atac,-1.1005682,3.6363714,-0.2988404,3.0958042,3.6715088,-1.1717023,-1.0125034,-1.1420113,-0.14387214,-1.1089009,-1.130289,-1.2986213,-1.3937117,1.8091756,-1.290606,-1.1212333
AACGCCCAGTTTGAGC-1_atac,-0.859616,-1.0491632,1.2369919,5.204256,-0.12810831,-0.814106,-0.8574621,-0.78345585,-0.58882207,-0.8731651,-0.91280323,-0.93970126,-0.77076983,3.7100937,-0.73878247,-0.8353864
AACGGTAAGCTGCACA-1_atac,-0.600562,-0.8868844,-0.85120904,0.13852876,-0.04434137,-0.5149141,-0.52139926,-0.46192133,1.0758867,-0.45239472,-0.63421863,-0.63151956,-0.46750885,5.847741,-0.52520436,-0.47007883
AACTAGTGTAACCAGC-1_atac,-0.33876377,-0.14659178,-0.6559812,0.48476514,4.999825,-0.3718258,-0.4235658,-0.54611945,0.0055787116,-0.5519702,-0.39672852,-0.26177868,-0.4409889,-0.5024553,-0.46780932,-0.38558996
AACTAGTGTCGTAATG-1_atac,-0.41334504,-0.8230667,-0.321908,-0.3589571,-0.5506495,-0.1969357,-0.37399948,-0.29964137,0.16042916,-0.31179768,-0.45713907,-0.44850165,-0.30704665,5.349856,-0.3869027,-0.26039428
AACTCACAGCTAATTG-1_atac,-0.5576593,-0.873701,-0.52171123,0.18616122,-0.48588789,-0.22323287,-0.5229551,-0.40816522,0.32776427,-0.39786217,-0.5979326,-0.5877381,-0.29793322,5.8783035,-0.52001965,-0.3974309
AACTCACAGGAAGCAC-1_atac,-0.5804205,1.338725,-0.69814956,2.3916028,4.635112,-0.26921773,-0.5299541,-0.6223985,-0.67651904,-0.7227309,-0.71174765,-0.6800463,-0.58848023,-1.0479139,-0.6787127,-0.5591488
AACTCACAGGGCTAAA-1_atac,-0.57739687,-0.04745716,-0.75281197,1.5422434,4.9388547,-0.47064716,-0.5747715,-0.49212676,-0.52633554,-0.555013,-0.6048194,-0.608875,-0.644768,0.55831486,-0.6150883,-0.5693024
AACTGTTCAAGACTCC-1_atac,-0.61401653,-1.0761698,-0.79243076,0.089522526,5.01211,-0.7628903,-0.272628,-0.35129303,0.54794157,-0.51435053,-0.45904374,-0.49621052,-0.72510225,1.4118837,-0.44138873,-0.55593383
AACTTAGTCACTTCAT-1_atac,-0.7432428,5.111964,-0.5942628,-0.5042842,-0.66237235,-1.2190411,-0.8540089,-0.78986835,-0.002030015,-0.8506628,-0.89666504,-0.5677796,-1.3010311,5.5254664,-0.68267715,-0.9695042
AACTTAGTCCATAATG-1_atac,-0.827131,-0.5041107,0.5044964,5.3460236,0.18757543,-0.83532715,-0.9278254,-0.82945657,-0.62697446,-0.868294,-0.9761311,-0.9721669,-0.9126027,3.9806623,-0.80117494,-0.9375632
AAGAACAGTATTCGTC-1_atac,-0.88990664,-0.44134158,0.54440665,5.319494,0.11596231,-0.9428648,-0.94752675,-0.8762379,-0.4170215,-0.9038944,-0.95943034,-1.0367371,-0.94698477,4.181165,-0.8659114,-0.93317056
AAGAATCAGGCTACAT-1_atac,-0.37024122,-0.70815355,-0.2781204,-0.40506905,-1.1552713,-0.05412382,-0.31280035,-0.23276769,0.19932559,-0.20719273,-0.31297016,-0.25692225,-0.23756988,4.8833127,-0.3950284,-0.15640716
AAGACATAGTAAGGGC-1_atac,-0.39015192,-0.21743771,-0.5764299,0.68893546,4.4668684,-0.49317768,-0.42833576,-0.38729584,0.40543142,-0.34690267,-0.45712146,-0.30618727,-0.5472713,-0.7198873,-0.30043265,-0.3906039
AAGACCAAGAGAGGAG-1_atac,-0.79600173,5.127484,-0.45091367,-0.50432605,-0.26206622,-1.2318689,-0.8779408,-0.96636724,-0.2685848,-0.9133121,-0.9195608,-0.68018186,-1.2477245,5.720696,-0.74976975,-0.9795618
AAGCAAGTCGTTTCGC-1_atac,-0.61506987,-0.9506526,-0.72239304,-0.008468989,5.1635404,-0.847883,-0.50289345,-0.5333847,0.09347181,-0.589545,-0.60819256,-0.5672965,-0.6970779,2.6243968,-0.50657415,-0.7319765
AAGCCTCCACAATGCC-1_atac,-0.5594264,-0.7915244,-0.5191045,0.38631833,-0.1444703,-0.2976936,-0.5690012,-0.5011456,-0.06835958,-0.46303657,-0.6081033,-0.68154037,-0.22354555,6.2558246,-0.7607173,-0.45447406
AAGCCTCCACACTAAT-1_atac,-0.28220546,0.40318847,0.08443442,-0.52384305,-1.0081123,-0.14486788,-0.35421932,-0.22484638,-0.67270327,-0.29337376,-0.2762407,-0.08179568,-0.292544,4.497917,-0.6665932,-0.16419561
AAGCCTCCAGACAAAC-1_atac,-0.51848656,0.86200297,-0.55411404,0.6027891,-0.5966806,-0.346802,-0.5431667,-0.46621853,-0.12795411,-0.49388134,-0.53952473,-0.46481293,-0.554836,4.7113132,-0.47609955,-0.49352837
AAGCGAATCATGCCTC-1_atac,-0.5513249,0.6623372,-0.67661756,2.3362179,4.61291,-0.18530515,-0.5326765,-0.54653084,-0.7427574,-0.51612306,-0.70846146,-0.5723495,-0.5415565,-0.9018235,-0.66345805,-0.4724806
AAGCGAGGTCGACTCC-1_atac,-0.5622266,0.52726996,-0.67619544,0.8912338,-0.46456346,-0.65642756,-0.51948005,-0.5076765,0.34673825,-0.54219186,-0.63074404,-0.5020287,-0.5545691,4.923683,-0.56736094,-0.5054604
AAGCGTTTCATTGTCT-1_atac,-0.9809246,-0.03411781,1.3103284,4.110128,0.1151943,-0.7754037,-0.75745916,-0.66990566,-0.38850406,-0.790797,-0.7526467,-0.8856632,-0.7230852,2.7873716,-0.74032545,-0.82418966
AAGCGTTTCCTGATTT-1_atac,-0.8246655,-0.6822402,0.6396543,4.8853087,0.22210893,-0.7352438,-0.7548111,-0.71200854,-0.4092402,-0.8553093,-0.86110204,-0.9201468,-0.8314143,3.3916316,-0.69653183,-0.85599
AAGCTAGAGATGGACA-1_atac,-0.42407718,-0.12896678,0.7763558,0.21732125,-0.8432788,-0.16729936,-0.4134908,-0.20881727,-0.8256795,-0.34607455,-0.2856067,-0.11672149,-0.48500404,3.959712,-0.4145976,-0.29377475
AAGCTATGTTTAACCC-1_atac,-0.8838843,-0.74148244,0.87063736,5.1823316,0.22869423,-0.7945737,-0.9023192,-0.84514755,-0.6684124,-0.882834,-0.910667,-0.98686653,-0.8503654,3.9510934,-0.8268998,-0.9393046
AAGCTCCCAGCAATAA-1_atac,-0.7015779,0.09538601,3.7581942,4.3573685,-0.67172515,-0.62527025,-0.8813231,-0.579551,-1.9800115,-0.89928555,-0.5298625,-0.77830744,-0.77762365,1.6849252,-0.77195597,-0.6993799
AAGCTTGGTCGCAATA-1_atac,-0.4894355,-0.8484863,-0.48884076,0.63067204,-0.604739,-0.11413434,-0.4808914,-0.45071447,-0.5285586,-0.35092115,-0.5154538,-0.5231865,-0.054010823,5.746113,-0.5302034,-0.39720815
AAGGATCCAGTCTAGC-1_atac,-0.43588364,-0.7790039,-0.41870582,-0.057151556,-0.49467188,-0.164605,-0.39713103,-0.34810883,-0.06778689,-0.31085914,-0.462817,-0.44883293,-0.27404714,5.3758163,-0.40649587,-0.30971587
AAGGATTAGTAGCGCC-1_atac,-0.44911158,-0.8702839,-0.68004036,0.065483645,5.103162,-0.5699834,-0.39441955,-0.36929625,0.27545398,-0.42817277,-0.35300392,-0.45666182,-0.51557,0.44926798,-0.30732036,-0.4995036
AAGGCCCTCTTGATGA-1_atac,-0.37481427,-0.96155286,-0.74584186,-0.43886197,4.4513044,-0.62650204,-0.24557249,-0.25602958,0.37701815,-0.35538024,-0.21429802,-0.25757608,-0.5438062,1.0091916,-0.32481587,-0.49246264
AAGGTCAAGGTCCGTA-1_atac,-0.45692688,-1.0462527,-0.7959793,-0.29183543,4.734812,-0.7422401,-0.29610676,-0.36749864,0.5963703,-0.44804382,-0.2453908,-0.25426108,-0.6003167,1.0030385,-0.30834788,-0.4810204
AAGTGAAGTATGTGGC-1_atac,-0.7023727,1.1270576,-0.6480323,1.9522285,4.456582,-0.6955359,-0.61034703,-0.68259364,0.018237527,-0.89803445,-0.7321835,-0.663486,-0.86741024,0.38945556,-0.7509035,-0.6926619
AAGTGTTGTGAGACTC-1_atac,-0.22393942,-0.020953387,-0.55751246,-1.3148543,4.165411,-0.457717,-0.2478792,-0.2999875,0.64040095,-0.32016417,0.69088054,-0.38448304,-0.5671017,-0.9971951,0.28563273,-0.390538
AAGTGTTGTGCTCCGT-1_atac,-0.5858408,-0.5538764,-0.5696924,1.4173399,0.20109418,-0.48003334,-0.57500845,-0.53333825,-0.33638528,-0.4691592,-0.60380894,-0.57764584,-0.43671274,5.120599,-0.50874656,-0.50878483
AAGTGTTGTTGAGGTC-1_atac,-0.9953237,4.392869,-0.26818907,4.282181,4.8054504,-0.50575805,-1.129163,-1.0430076,-1.3043811,-1.01021,-1.14869,-1.1311445,-0.78802353,-1.794347,-1.4043984,-0.95786434
AAGTGTTGTTTGCAGA-1_atac,-0.6792936,-0.90739834,-0.8909651,0.7647714,5.3401527,-1.0348803,-0.66337067,-0.6973715,-0.03640087,-0.37280416,-0.71830815,-0.5308951,-0.70873857,2.5436947,-0.629724,-0.77846867
AAGTTACGTAGCTAGC-1_atac,-0.6017537,-0.6983673,-0.65361446,0.6018864,0.014406495,-0.504554,-0.550251,-0.5108173,0.30553442,-0.55387354,-0.60463375,-0.62967944,-0.41838437,5.9002523,-0.5510686,-0.5450823
AAGTTAGCACCTCAGG-1_atac,-0.7394099,0.9646132,-0.32872024,2.4356678,3.3533704,-0.6723406,-0.69152963,-0.73628086,-0.4236129,-0.79913414,-0.7792273,-0.74039245,-0.9032556,1.4075676,-0.62906736,-0.71824837
AAGTTAGCACTAAGAA-1_atac,-0.47920027,-0.6686202,-0.5647675,0.22070728,-0.49110898,-0.35402066,-0.43420544,-0.3706096,0.12974113,-0.29663274,-0.55249715,-0.45448932,-0.33198628,5.367421,-0.40092006,-0.31881163
AAGTTTGTCCAATTAG-1_atac,-0.47796246,-0.9049376,-0.5202788,0.37448153,-0.2930557,-0.3338039,-0.44125035,-0.3439138,0.14943242,-0.36674783,-0.5728861,-0.47271714,-0.35658062,5.322638,-0.39567813,-0.36673972
AATACCGGTTCCATTA-1_atac,-0.6204152,1.7594713,-0.63882613,0.7843903,-0.015759546,-0.77625805,-0.61470014,-0.6227752,0.12937315,-0.6229252,-0.6635445,-0.5944814,-0.74990386,4.451168,-0.5393832,-0.6654307
AATAGAGGTGAGGTAG-1_atac,-0.3397711,-0.91665494,-0.6585483,-0.060937487,5.1052375,-0.54448426,-0.21603051,-0.28258926,0.5332232,-0.24425074,-0.18724474,-0.25532174,-0.500752,-0.812515,-0.26476339,-0.35459733
AATCAGGAGCGAAGTA-1_atac,-0.58598727,-0.87692684,-0.5213778,0.41935626,-0.31188843,-0.27853656,-0.48129964,-0.45727026,0.3159539,-0.3888236,-0.63328856,-0.57810795,-0.29207802,5.602923,-0.497073,-0.43557507
AATCATCCAATCCTGA-1_atac,-0.53523254,0.458781,-0.53789496,-0.80630505,3.31176,-0.5175936,-0.70884585,-0.45743433,0.70638454,-0.7359431,-0.3103456,-0.73849964,-0.8191179,2.7386112,-0.42698482,-0.62133944
AATCATGTCATTACTC-1_atac,-0.5011835,-0.6720393,-0.5206946,-0.17957377,-0.6373374,-0.19646841,-0.45588374,-0.3524934,0.5153025,-0.3979307,-0.4909221,-0.411179,-0.26505056,5.2904615,-0.43185222,-0.29315504
AATCCATCACCTCAGG-1_atac,-0.82937455,-0.7903951,0.58231205,5.363708,-0.009550907,-0.9553273,-0.844728,-0.84856564,-0.4973167,-0.8512301,-0.8885263,-0.9703934,-0.8769541,4.0933037,-0.78323495,-0.8937267
AATCCCTGTGCAATAT-1_atac,-0.6363616,0.13835846,-0.589311,1.2244658,0.15100326,-0.5622478,-0.6266104,-0.5351684,0.20962802,-0.53023195,-0.72078854,-0.6768327,-0.544145,4.9658937,-0.62767446,-0.6399774
AATCCTAAGATGGAGC-1_atac,-0.61690426,-0.78823674,-0.7445506,0.6304386,5.2139206,-0.7140637,-0.49471533,-0.5878556,-0.5853093,-0.56957734,-0.58527815,-0.5589568,-0.6393916,2.3359652,-0.66514575,-0.63033897
AATGAAGGTAGGTTAT-1_atac,-0.38199306,-0.7965069,-0.6837027,0.22900245,4.8534927,-0.57305837,-0.3659573,-0.40029925,0.16749308,-0.5312861,-0.34671292,-0.21788403,-0.60690796,0.41481626,-0.2612891,-0.49920705
AATGCAACAAGGTATA-1_atac,-0.6495056,0.2576458,-0.44163477,1.2236432,-0.157611,-0.52827173,-0.5947931,-0.5621266,0.14260723,-0.60090554,-0.66476077,-0.59304506,-0.50594157,4.99573,-0.6433594,-0.67767113
AATGCATGTGTTTCAC-1_atac,-0.30979887,1.0107261,-0.78699106,0.8270441,4.3346295,-0.45418888,-0.4210527,-0.36171377,-0.07141973,-0.6011096,-0.21672952,-0.48344976,-0.6479995,-1.1673291,-0.21565953,-0.43495765
AATGCGCGTACCGGAT-1_atac,-0.4734123,-0.42184487,-0.66959,0.19256572,5.7918434,-0.61319697,-0.53603244,-0.45318344,0.06902331,-0.5119263,-0.49582794,-0.48352465,-0.50511074,-0.07096213,-0.33390716,-0.48491386
AATGGCGCAAGCCACT-1_atac,-0.5793464,-0.025230289,-0.25740528,2.1948237,-0.14162803,-0.7262802,-0.5617809,-0.590688,0.15122317,-0.43713912,-0.580145,-0.69949627,-0.44774714,3.9676812,-0.6884599,-0.5783813
AATGGCGCAGTCTATG-1_atac,-0.4260143,-0.9889493,-0.66353405,-0.4257716,5.2864776,-0.5738771,-0.29158643,-0.30930158,0.36993986,-0.29372275,-0.3959672,-0.30648774,-0.5303925,0.23055395,-0.27925286,-0.40211388
AATTCGTCAGGCTAAG-1_atac,-0.5043107,0.09809693,-0.37047154,2.0660958,-0.59588313,-0.38808155,-0.5836299,-0.5331353,-0.21422839,-0.48944685,-0.5054129,-0.40042973,-0.63764304,4.122405,-0.58091825,-0.48300633
AATTGCCAGTACTGGT-1_atac,-0.5796536,-0.014231861,-0.35742354,2.0241327,-0.060308427,-0.5571889,-0.5455398,-0.65041155,-0.26392436,-0.4911334,-0.58667934,-0.617263,-0.2605718,3.8703933,-0.3586495,-0.55154663
AATTGGACATCGCTCC-1_atac,-0.76437706,4.784214,-0.6929293,-0.088368446,-0.29505515,-1.238253,-0.8840769,-0.86501646,0.190462,-0.98355764,-0.9375927,-0.69458914,-1.2384553,5.4375234,-0.7024441,-1.0274847
ACAAAGGTCCCTGTTA-1_atac,-0.57623434,0.54056257,-0.5367249,1.1975381,-0.08642675,-0.6927114,-0.47751957,-0.524018,0.192636,-0.5201165,-0.50265616,-0.47537875,-0.65226215,4.1525445,-0.43016976,-0.60906285
ACAACACTCCTGAATA-1_atac,-0.8993465,-0.9810473,1.3750572,5.582344,-0.68490875,-0.88758415,-0.952673,-0.91412246,-0.36403605,-0.93108135,-0.92445797,-0.9128442,-0.89341664,4.1343503,-0.79841256,-0.9478206
ACACCTTGTACGTTTC-1_atac,-0.37892264,-1.0688016,-0.7016665,-0.14044607,5.22797,-0.5487155,-0.26280704,-0.38452202,0.6952082,-0.3438533,-0.3340778,-0.3717149,-0.49431983,-0.25747952,-0.22776473,-0.40808704
ACACCTTGTCATCAAG-1_atac,-0.65070283,-0.73050046,-0.5398505,1.725469,-0.26148966,-0.42927825,-0.5961631,-0.5391482,-0.2375001,-0.5357781,-0.63335544,-0.66192424,-0.22471064,5.462787,-0.59607816,-0.55177665
ACACGGACATGGTTAT-1_atac,-0.5906019,-0.94590485,-0.5621615,0.8934204,-0.2777394,-0.39330697,-0.48187923,-0.45155782,0.83034617,-0.45465267,-0.6413844,-0.6379747,-0.4949649,5.1751122,-0.526063,-0.44068724
ACACTAATCGTTAGCG-1_atac,-0.8093553,5.063674,-0.46121424,-0.11275126,-0.39790958,-1.2238721,-0.91493106,-0.93432593,-0.008708164,-0.96567607,-0.8889926,-0.7037725,-1.3292011,5.4832697,-0.7294616,-1.0667719
ACACTTGCACTATGGC-1_atac,-0.8163194,-1.1477026,0.5066097,5.719558,-0.6572884,-0.7500531,-0.8616452,-0.86993694,-0.4583249,-0.8404158,-0.85056365,-0.95607734,-0.76105475,4.351574,-0.761354,-0.847005
ACAGGAATCAATGACC-1_atac,-0.54641855,1.4137214,-0.6074873,2.3954616,4.4191604,-0.18754059,-0.5932559,-0.5811943,-0.66670644,-0.55924404,-0.61510503,-0.64650655,-0.5954304,-1.4082053,-0.7268759,-0.49437335
ACAGGAATCAATGTCA-1_atac,-0.4559692,-1.0450643,-0.4970801,0.12730142,-0.51052874,-0.21326093,-0.3757614,-0.30684304,0.47740513,-0.30520934,-0.49339217,-0.46127176,-0.2551512,5.0670457,-0.47544217,-0.2767781
ACAGGAATCCAGGTCA-1_atac,-0.6837547,0.2576127,-0.7370752,2.482323,5.169463,-0.5010636,-0.66206837,-0.5737133,-0.44627962,-0.6498302,-0.7613034,-0.5334389,-0.6112765,-0.31527948,-0.8574203,-0.57689524
ACAGGATCAAGCCAGA-1_atac,-0.57497686,1.5952554,-0.48294264,1.4920746,-0.41748768,-0.61956465,-0.5460376,-0.586583,-0.85596025,-0.6471671,-0.5636411,-0.5374944,-0.6904797,4.5365963,-0.51677024,-0.5848211
ACAGGATCACCTGCCT-1_atac,-0.7387306,4.975282,-0.6716954,-0.1636092,-0.8846753,-1.051194,-0.8078773,-0.8519143,-0.2995084,-0.879448,-0.8181348,-0.6048318,-1.1549265,5.5769973,-0.66073996,-0.96499366
ACATAGCTCATGACCG-1_atac,-0.36211383,-1.0579046,-0.26055643,-0.23920116,-0.7732174,0.090543665,-0.3519101,-0.28728384,0.008749828,-0.2210978,-0.3720197,-0.44223535,-0.2354927,5.141579,-0.5382015,-0.09963834
ACATAGCTCTAGCGTG-1_atac,-0.62970555,1.4784944,-0.40724143,2.5513163,2.8050106,-0.54632187,-0.70909715,-0.647202,-0.31104004,-0.8426721,-0.6164013,-0.74766386,-0.70405614,0.5526645,-0.637313,-0.58877134
ACATCAATCACAGCCA-1_atac,-1.0600762,4.1066484,-0.27077535,4.384869,4.6377463,-0.40462634,-1.1438545,-1.0331755,-1.3403401,-0.9808928,-1.1194032,-1.1093246,-0.7556652,-1.6044899,-1.3656725,-0.94096816
ACATCAATCTCAATTC-1_atac,-0.45632434,-1.0610132,-0.70843655,-0.28332737,5.3140936,-0.6376502,-0.35374507,-0.3420057,0.70179653,-0.27965865,-0.39954555,-0.33208728,-0.5465337,0.15670444,-0.303453,-0.46881402
ACATCATCACTATGGC-1_atac,-0.7503307,-0.64701855,-0.82671916,2.2031136,4.9826984,-0.7672596,-0.64848423,-0.6669625,-0.31142873,-0.7272929,-0.7433466,-0.7054168,-0.69589925,1.7296875,-0.65672207,-0.76861846
ACCAATATCTATGACA-1_atac,-0.6046154,-0.51007175,-0.59296787,2.2063065,-0.07113683,-0.6149529,-0.6402669,-0.60594267,-0.49194264,-0.54633564,-0.62283903,-0.63693106,-0.4113242,5.423929,-0.6246433,-0.65626556
ACCACACCAAGTAAGC-1_atac,-0.70295185,0.23630972,-0.49218625,2.9348776,3.5423315,-0.70830345,-0.6104462,-0.63698894,-0.58195573,-0.74669886,-0.6038043,-0.7279428,-0.79280245,1.1657338,-0.64883214,-0.62633955
ACCACATAGCTGCACA-1_atac,-0.7384608,-0.5368048,-0.5165546,1.6259218,-0.25134346,-0.40827623,-0.6575358,-0.65880656,-0.7873461,-0.534799,-0.6286999,-0.8075062,-0.1961095,6.462799,-0.73518395,-0.631294
ACCACATAGTTATCCT-1_atac,-0.4291432,-0.689585,-0.6679656,0.46719667,5.7424164,-0.56286806,-0.39955044,-0.4957462,-0.105531365,-0.5541293,-0.56476575,-0.38410538,-0.45169228,-0.2789016,-0.24947286,-0.3761561
ACCAGCTCATGTCAGC-1_atac,-0.2654789,-0.83199644,-0.5730169,-0.5355284,4.926795,-0.34171146,-0.19507861,-0.19053197,0.4715464,-0.23628241,0.06519321,-0.26318857,-0.4834471,-1.1381366,-0.09467454,-0.31446248
ACCAGGCTCCAGCACA-1_atac,-0.7594981,4.65837,-0.5994909,-0.46708405,-0.46725827,-1.1126152,-0.76249605,-0.8174505,-0.17045783,-0.8305423,-0.827174,-0.5956032,-1.1439022,5.4518127,-0.634512,-0.92209834
ACCAGGCTCCGGAACC-1_atac,-0.5677143,-1.1157146,-0.8195446,-0.033313055,5.1228642,-0.907122,-0.3959306,-0.38786006,-0.021720558,-0.5110651,-0.66519797,-0.49237502,-0.7187946,2.812636,-0.59548664,-0.70366067
ACCAGGGAGCGCTCAA-1_atac,-0.52289265,-0.9863037,-0.39204183,0.43485197,-0.26459864,-0.37036413,-0.39484507,-0.35957822,0.1685949,-0.27516735,-0.56588984,-0.5091318,-0.38768846,5.2511377,-0.49039754,-0.33568525
ACCAGGGAGGCCAATT-1_atac,-0.67282635,0.45587897,-0.43258923,2.502935,1.0472326,-0.85123426,-0.7446344,-0.7321196,-0.49665898,-0.84743553,-0.68722713,-0.66173524,-0.8515956,4.589449,-0.7036438,-0.91379553
ACCATAATCGCAGGCT-1_atac,-0.85891944,4.527174,-0.6047465,0.27181578,0.06143425,-1.1942893,-0.91698265,-0.97225535,-0.091131836,-1.0271298,-0.9095764,-0.83997077,-1.1901125,5.434418,-0.66856474,-1.0211632
ACCATAATCTGGTCCT-1_atac,-0.51416385,-0.4983011,-0.50647455,0.52132803,-0.5373294,-0.24736942,-0.4875148,-0.41304588,0.047838237,-0.36460626,-0.5617998,-0.5567187,-0.2954393,5.3046203,-0.5123452,-0.3786782
ACCATTAAGCAAGACA-1_atac,-0.63615334,-0.8053134,-0.72531956,0.6621466,-0.38325697,-0.4049306,-0.47002244,-0.46154606,0.7160133,-0.41134387,-0.7025505,-0.5878993,-0.40180635,5.573181,-0.49188012,-0.46931893
ACCATTAAGGAGCAAC-1_atac,-0.33046976,-0.29647604,0.06296441,0.07068391,0.069173366,-0.005303532,-0.44492206,-0.06434953,0.03700106,-0.16584918,-0.10948169,-0.16120636,-0.13475075,1.8122061,-0.20351407,-0.13570592
ACCCAACCACCTGCTC-1_atac,-0.74990386,-0.8615079,-0.841776,0.79737145,5.6727858,-1.0378523,-0.79598916,-0.64633954,0.2230668,-0.6443401,-0.8003318,-0.7187849,-0.6918073,2.619797,-0.8022385,-0.7221493
ACCCAACCACTAGGTC-1_atac,-0.2999877,-0.51256794,-0.57675135,-0.25177452,5.045562,-0.54333645,-0.34503505,-0.30944455,0.37466195,-0.30260694,-0.20475525,-0.32543522,-0.49836627,-0.68143433,-0.23427224,-0.3344559
ACCCAGGGTGAATCGC-1_atac,-0.6505524,0.911886,-0.6817585,2.8637977,4.834457,-0.29257977,-0.6146171,-0.68303585,-0.6534132,-0.7206117,-0.7298448,-0.7164391,-0.58341265,-0.9172795,-0.7408689,-0.62572694
ACCCAGGGTGCTCCAC-1_atac,-0.500773,-0.7899869,-0.4015339,0.69747674,-0.5644257,-0.27573466,-0.47511393,-0.34655046,0.06933541,-0.32138908,-0.53863204,-0.46709573,-0.34899503,5.052322,-0.44632268,-0.34258068
ACCCGTAAGCAGCTAT-1_atac,-0.61970186,-0.40485317,-0.5920161,2.6145153,-0.14555217,-0.7149362,-0.6036419,-0.61092126,0.14815938,-0.56393814,-0.6372517,-0.6043917,-0.5445907,4.544216,-0.596902,-0.66819346
ACCGAAGCAAAGGCCA-1_atac,-0.51976645,1.4464002,-0.30193982,0.7653407,-0.5015602,-0.551915,-0.62889075,-0.61623734,0.011820961,-0.5529185,-0.5673143,-0.47226036,-0.5790966,4.138651,-0.39547417,-0.6748392
ACCGAAGCACCTCGCT-1_atac,-0.6354663,0.9445102,-0.5632927,1.7165089,-0.24769315,-0.74152976,-0.6854014,-0.66795474,0.51276433,-0.65680575,-0.7201642,-0.57635444,-0.6406305,4.2635984,-0.6498968,-0.65219223
ACCGAAGCAGCCAGTT-1_atac,-0.57694983,-0.08129974,-0.701455,2.5834515,5.1868806,-0.45129567,-0.5770881,-0.58421946,-0.6372017,-0.65291095,-0.67646563,-0.5841443,-0.6386454,-0.33071965,-0.70494455,-0.5729924
ACCGAAGCAGGCCAAA-1_atac,-0.49234828,-1.0647117,-0.5567813,0.14476442,-0.43151703,-0.3224172,-0.32973224,-0.29652524,0.721547,-0.29350993,-0.5284115,-0.40690252,-0.49846914,5.0976505,-0.3914065,-0.35122928
ACCGAAGCAGTACCGT-1_atac,-0.5351621,-0.78645587,-0.5590241,1.0243764,-0.46535298,-0.297866,-0.44870654,-0.440883,-0.24553466,-0.4260871,-0.5644009,-0.5575347,-0.29546034,5.5828657,-0.5117698,-0.47300437
ACCGCAATCATGTTTC-1_atac,-0.21330673,-0.58470446,-0.6145515,-0.22167653,4.6018767,-0.33279517,-0.32231867,-0.25469086,0.25910643,-0.2238523,-0.12748837,-0.3049652,-0.5224789,-0.6669853,-0.11510033,-0.3560691
ACCGGCTAGCCGCTAA-1_atac,-0.7368958,-0.88004816,1.2609965,4.958293,-0.1874401,-0.88658595,-0.8166969,-0.8208796,-0.69588625,-0.89242554,-0.8137344,-0.8950232,-0.794333,3.7573605,-0.71007574,-0.8466253
ACCTAAATCAATCATG-1_atac,-0.790197,4.7913465,-0.61511004,-0.15317921,-0.42440578,-1.1690878,-0.8121555,-0.8729619,0.53121364,-0.91453326,-0.8757756,-0.7027323,-1.4149258,5.0528107,-0.61649704,-1.0138096
ACCTAAATCCTAAGGT-1_atac,-0.59261066,-0.7269167,-0.20193216,0.08442808,-0.50401044,0.003404215,-0.57716745,-0.37641498,-0.51458186,-0.4114905,-0.560368,-0.6660131,-0.08674891,6.156316,-0.6803124,-0.3455813
ACCTAAGGTTCACCAT-1_atac,-0.40180844,-0.62309384,-0.6302928,0.2879749,5.1399975,-0.4724705,-0.25434324,-0.3360493,0.31622806,-0.35249007,-0.2017565,-0.4589164,-0.47117922,-0.84049094,-0.24395514,-0.45735452
ACCTCACTCTAGCTTT-1_atac,-0.65296865,1.0010033,-0.79036665,2.347409,0.31293422,-0.8180634,-0.7851802,-0.75950575,-0.08200565,-0.8701477,-0.6745753,-0.7325971,-0.76911986,4.878236,-0.7390008,-0.86605144
ACCTGTTGTAGGTTAT-1_atac,-1.0952178,4.9804316,1.3523875,5.009156,-0.0028586537,-1.211261,-1.0020387,-1.0513831,-0.7827234,-0.9426043,-1.2210718,-1.2028337,-1.103633,0.49015567,-1.1317364,-1.084769
ACCTGTTGTTAGGCGT-1_atac,-0.43271932,-0.611236,-0.46598408,1.7694851,-0.8662162,-0.3320602,-0.4646282,-0.40920928,-0.10022619,-0.32804272,-0.41446528,-0.31237766,-0.38124123,4.0774107,-0.34308627,-0.3854031
ACCTTGCTCAGCTAAC-1_atac,-0.599419,-0.32592613,-0.7091261,1.5099177,-0.011889145,-0.5564947,-0.53561735,-0.6146066,0.26904315,-0.60017633,-0.5755346,-0.565238,-0.5769516,5.107168,-0.56233287,-0.6528169
ACCTTGCTCCCTGGTT-1_atac,-0.8674716,-1.2120842,1.3038925,5.5704613,-0.9218327,-0.839378,-0.90593183,-0.8763392,-0.26570213,-0.909605,-0.90169084,-0.9114567,-0.8267306,4.2795963,-0.81462085,-0.90110636
ACGAACAAGGCCTGGT-1_atac,-0.50956154,-0.95406353,-0.48999292,0.28349835,-0.6776856,-0.18496063,-0.42370033,-0.2760664,0.51308644,-0.32494769,-0.46935982,-0.4730839,-0.3153954,5.0056887,-0.43355358,-0.269902
ACGAACAAGGTGCGGA-1_atac,-0.55629206,1.4243723,-0.75634825,2.5640297,4.739684,-0.12096366,-0.58641326,-0.65342635,-0.71593183,-0.70986384,-0.7515999,-0.6761932,-0.65018183,-1.1082572,-0.727217,-0.7153984
ACGAACAAGGTTAGCT-1_atac,-0.49372017,-0.9529933,-0.46064848,0.5339198,-0.6604843,-0.22915864,-0.4419871,-0.40029,0.5147162,-0.3281717,-0.49933177,-0.49158,-0.3357328,5.0390716,-0.44292653,-0.35068265
ACGACTTAGCCAGTAT-1_atac,-0.5918665,-0.2882046,-0.94426554,-1.2039816,3.8905854,-0.7322509,-0.6884742,-0.46679258,1.4040825,-0.66352606,-0.4293642,-0.670114,-0.7844329,3.1568244,-0.32404992,-0.66416925
ACGAGTAAGGATAAAC-1_atac,-0.3696934,-0.94368315,-0.6197868,-0.22748499,5.6552253,-0.4788295,-0.29004526,-0.4139015,0.50570744,-0.42076474,-0.46047688,-0.41432285,-0.5235307,-0.41192007,-0.2068414,-0.3796516
ACGATTCAGAACCTGT-1_atac,-0.5061902,-0.5469645,-0.8053835,0.69788927,4.772564,-0.5583519,-0.33773994,-0.37636644,0.06008338,-0.47223276,-0.3955074,-0.30493104,-0.58336455,0.21971582,-0.35287178,-0.5103484
ACGATTCAGCATTTCT-1_atac,-0.4137113,1.3558353,-0.40343648,-0.07244196,4.099344,-0.166664,-0.5226551,-0.42066836,-0.23174366,-0.49971753,0.2514535,-0.6054869,-0.5162727,-1.5860988,0.07315543,-0.34089103
ACGCAAGCATAATCGT-1_atac,-0.668635,-0.78745914,-0.64051914,0.1735637,5.788845,-0.6337683,-0.69466996,-0.60645235,0.31072754,-0.5821047,-0.7051251,-0.52591515,-0.47185102,1.2293518,-0.6872642,-0.49872437
ACGCACGGTACGGGTT-1_atac,-0.809427,4.987361,-0.6299366,-0.03578052,-0.009011485,-1.345952,-0.9041366,-0.9772472,0.36879376,-0.97533625,-0.9510792,-0.7947003,-1.4094582,5.322432,-0.6847407,-1.1517808
ACGCACGGTTAATGAC-1_atac,-0.30518255,0.4533831,-0.5500683,-0.42394683,4.2324553,-0.44784898,-0.19549268,-0.36803108,0.17090806,-0.25076982,-0.065074116,-0.35268793,-0.54819155,-0.93510973,-0.06261576,-0.35172713
ACGCACGGTTACGCAA-1_atac,-0.4063874,-0.3563646,0.22057769,0.057535585,-1.1567051,-0.24750394,-0.50567573,-0.28862724,0.7142577,-0.43918943,-0.28504878,0.0017091855,-0.53747046,3.883516,-0.3500615,-0.30456212
ACGCCTAAGGCGGGTA-1_atac,-0.812719,4.848193,-0.7761852,0.04776749,0.23690175,-1.2564285,-0.9186345,-0.99968725,0.2046585,-1.0353812,-1.0035657,-0.84387773,-1.3733791,5.4999604,-0.73418283,-1.0834404
ACGCCTAAGTGAGGGT-1_atac,-0.2532393,-0.46533546,-0.24116471,-0.45959458,-1.2729515,-0.14709532,-0.29916325,-0.19587034,-0.3564438,-0.21417633,-0.31811628,0.033759966,-0.38000908,4.9282503,-0.30720773,-0.051642567
ACGCCTTTCATTTGCT-1_atac,-0.5152776,2.6988304,-0.21506411,-0.8616197,-1.3678216,-0.67210495,-0.53647155,-0.44271734,0.08658104,-0.47016057,-0.53059924,-0.057255782,-0.6906555,4.5242753,-0.48810765,-0.46183106
ACGCTTGAGCTCATAA-1_atac,-0.5058257,-1.0899172,-0.83185464,-0.4643554,4.7834682,-0.7120108,-0.27588877,-0.35303766,0.4247936,-0.46346083,-0.39713958,-0.43303517,-0.59721273,1.8154247,-0.33512017,-0.5648275
ACGCTTGAGGTCATTA-1_atac,-0.67859304,3.8757854,-0.63636315,0.079335205,-0.16963738,-1.1245444,-0.7452953,-0.85918,0.41946483,-0.80272055,-0.7717508,-0.63912714,-1.1621773,4.8138285,-0.6628909,-0.93613374
ACGGGAAGTTTGAGGC-1_atac,-0.6154197,-0.79522103,-0.30893046,0.45912564,-0.5002773,-0.1008362,-0.5360218,-0.4872331,-0.2898705,-0.40298492,-0.6166627,-0.6812425,-0.19874673,6.1361437,-0.7003703,-0.36145198
ACGGTTAGTGTGCAAC-1_atac,-0.5751024,-0.91010326,-0.42477328,0.45553797,-0.38857496,-0.16408652,-0.51898926,-0.45665026,-0.2681285,-0.36263224,-0.5683606,-0.6303677,-0.2084876,5.969464,-0.5878841,-0.3608611
ACGGTTTAGCCGCAGT-1_atac,-0.5484138,-0.11326375,-0.46530253,1.9148911,-0.02757489,-0.5633036,-0.4856828,-0.4605524,-0.18290657,-0.6261548,-0.58357185,-0.5092256,-0.54230595,4.218586,-0.4518478,-0.573371
ACGTACCCAATGAAGC-1_atac,-0.3282231,-1.0436035,-0.21810305,-0.037365064,-1.1215575,0.045066074,-0.30068117,-0.24936602,-0.120928675,-0.22099847,-0.2665554,-0.32624143,-0.12653741,4.925794,-0.5755037,-0.035196006
ACGTCCAAGCAGCTAT-1_atac,-0.67536277,-0.5904856,-0.84070116,1.6556847,4.6757894,-0.5741473,-0.5764721,-0.64699644,-0.13518003,-0.61783415,-0.66838473,-0.62266654,-0.6906078,1.5607735,-0.6527092,-0.60069996
ACGTCCTTCAAAGGCA-1_atac,-0.5881098,0.8806451,-0.67997426,1.2419312,5.0758147,-0.17547034,-0.62426937,-0.55540246,-0.10426138,-0.62614715,-0.36293316,-0.48978567,-0.595965,-1.4714761,-0.46618128,-0.45841485
ACGTCCTTCCTAATTC-1_atac,-0.45409513,-1.0685693,-0.41033167,0.09708482,-0.6731542,-0.05650367,-0.3856051,-0.29612532,0.07710555,-0.33923844,-0.47857487,-0.45757985,-0.26619786,5.3585253,-0.40263087,-0.24410951
ACGTTGTAGGCGCTAC-1_atac,-0.8251476,-0.83087355,-0.7268554,-0.034309864,4.802136,-0.817602,-0.87687576,-0.7447209,-0.14643793,-0.6385067,-0.8410632,-0.70894915,-0.81398135,4.831627,-0.7429383,-0.88550174
ACTAACCAGCACAGAA-1_atac,-0.2649089,1.0639023,-0.63852686,-0.6452415,3.7278287,-0.7406194,-0.42264676,-0.4204073,0.21574129,-0.4308542,-0.22913852,-0.51547956,-0.7909524,0.90213925,-0.31140104,-0.49943513
ACTAACGGTTACGCGG-1_atac,-0.47006005,0.8847955,-0.6116926,0.67803955,-0.2236709,-0.5016821,-0.56944215,-0.4857713,0.07781237,-0.5356448,-0.6198214,-0.47450566,-0.52076167,4.3595057,-0.4099015,-0.5771989
ACTAACTCAAGGTGCA-1_atac,-0.5337716,-0.7611776,-0.5060033,0.58887875,-0.43503636,-0.3533132,-0.4520781,-0.37329888,0.526396,-0.3693654,-0.6072669,-0.5685364,-0.35241318,5.04455,-0.4400388,-0.40752494
ACTAATCCAGGTATTT-1_atac,-0.53268844,0.050554473,-0.57037586,1.3823776,-0.47584897,-0.54888195,-0.5183945,-0.45361006,0.3820821,-0.5314429,-0.644917,-0.42747277,-0.6201228,4.464145,-0.3273235,-0.6280811
ACTAGGCGTACTGAAT-1_atac,-0.91723526,0.9456326,-0.63550633,3.275464,1.7744772,-1.0401949,-0.98392344,-0.8969145,-0.74508333,-0.86514175,-0.96539617,-0.86591876,-1.0485147,4.849206,-0.876585,-1.004366
ACTATCCGTAGGATTT-1_atac,-0.5402032,1.3153603,-0.5705563,2.2312815,4.397543,-0.21104084,-0.5894347,-0.5926677,-0.7197944,-0.72651863,-0.5823855,-0.58989125,-0.49332678,-1.1475409,-0.5999799,-0.5808449
ACTATCCGTTCACTGT-1_atac,-0.39314753,-0.82501143,-0.45498443,0.23554145,-0.71057254,-0.11189468,-0.39663297,-0.2839691,-0.06937243,-0.24739723,-0.3974856,-0.43201917,-0.30556947,5.1343565,-0.47894007,-0.26290148
ACTATGTCACCGGTAT-1_atac,-0.5917275,-0.81301665,-0.6343415,0.7286376,-0.46631148,-0.2575263,-0.5448687,-0.4563999,-0.032752663,-0.40515673,-0.6123954,-0.6976323,-0.24991381,6.0964775,-0.62760067,-0.43547097
ACTATGTCAGTTTGTG-1_atac,-0.6999844,1.2219335,-0.670397,2.54339,4.4080853,-0.43828386,-0.59581834,-0.6213369,-0.19314134,-0.81350875,-0.74071187,-0.49788427,-0.69630396,-1.1584017,-0.5668387,-0.48079777
ACTCAGTAGCTTAACA-1_atac,-0.7923321,-0.65172577,-0.4342211,1.8350548,0.06059953,-0.29475826,-0.6648776,-0.64702094,-0.938561,-0.54307073,-0.78073096,-0.81145334,-0.26504624,6.374539,-0.89329857,-0.5530965
ACTCAGTAGGAAGCAC-1_atac,-0.90167636,4.7688937,-0.62077135,0.2539485,0.5904454,-1.3642755,-0.9413573,-1.0707517,0.31989473,-1.0517812,-1.0209497,-0.8688046,-1.4822235,5.190872,-0.6598203,-1.1416423
ACTCAGTAGGCATGTT-1_atac,-0.58794105,1.2340189,-0.56433487,2.2852783,4.5497046,-0.21970637,-0.62537324,-0.5075768,-0.6795123,-0.6112762,-0.63305956,-0.5932116,-0.56264913,-1.291627,-0.66233206,-0.5304018
ACTCGCGCAAGGAATC-1_atac,-0.76699847,-1.1642708,0.87775964,5.5261216,-0.8233416,-0.7509647,-0.818405,-0.84068364,-0.54513866,-0.7592496,-0.8096301,-0.86412406,-0.68384206,4.0054574,-0.8362541,-0.74643636
ACTCGCTTCATGAAGG-1_atac,-0.71741825,1.7592583,-0.7626437,1.599313,-0.0009718165,-0.8398322,-0.8056794,-0.7685174,0.020896107,-0.775752,-0.6979212,-0.7357921,-0.80852926,4.9586535,-0.60516286,-0.81990075
ACTGAAACATAAAGCA-1_atac,-0.5684757,-0.7389932,-0.4490462,0.41184095,-0.40342098,-0.11549169,-0.5327413,-0.4318313,-0.3851073,-0.34146783,-0.6149113,-0.6098475,-0.24277022,5.9861655,-0.578772,-0.38512996
ACTTACTTCAGGGCCT-1_atac,-0.5276278,-0.3195118,-0.72343016,1.1805687,5.427809,-0.42294505,-0.3958544,-0.483362,0.16432807,-0.64613056,-0.548071,-0.54675794,-0.55768585,-0.6341033,-0.48236528,-0.48486015
ACTTACTTCATAGCCG-1_atac,-0.52669954,0.4461726,-0.46007523,1.6301714,-0.35878566,-0.5609182,-0.5627322,-0.53115463,-0.3748065,-0.5709939,-0.56565857,-0.54394174,-0.60251164,4.667419,-0.51126695,-0.5742183
ACTTAGGGTAGGTTTG-1_atac,-0.51218045,-1.0408385,-0.31596744,-0.3570631,-0.37739724,-0.17896298,-0.4596113,-0.3803513,0.61467046,-0.35951415,-0.50098217,-0.4740765,-0.24584642,5.2646656,-0.41554147,-0.26100335
ACTTAGGGTAGTAAGA-1_atac,-0.84816206,0.9758427,-0.69251823,2.7016594,1.9044265,-1.1059734,-0.9294425,-0.9172225,-0.17746511,-1.0503029,-0.89736927,-0.8072798,-1.0507983,4.800329,-0.8487649,-1.0569587
ACTTAGGGTAGTTGGC-1_atac,-0.47043285,1.4810787,-0.18118778,0.32590276,-0.7827331,-0.38683996,-0.50716454,-0.5057542,-0.5403426,-0.49200287,-0.39360407,-0.3316072,-0.42993686,4.219758,-0.6206584,-0.38447502
ACTTCGCTCGTAACGT-1_atac,-0.45317626,-0.65664744,-0.65518045,0.8058483,5.0272846,-0.44484907,-0.34593308,-0.4600792,0.635868,-0.43050617,-0.40714473,-0.42580146,-0.58651114,-0.7778716,-0.42748553,-0.39781475
ACTTCGCTCTAAGGTC-1_atac,-0.61614645,-0.73560596,-0.4352212,1.1402204,-0.31841302,-0.3625874,-0.6326702,-0.58138627,-0.7761051,-0.4487173,-0.5484887,-0.5953426,-0.15919982,6.2221107,-0.64669836,-0.5057486
ACTTGAATCCAAGTTA-1_atac,-0.53483146,-0.64551437,-0.7747014,1.4481223,5.066268,-0.60296553,-0.55219287,-0.512652,0.0397247,-0.5344217,-0.6754501,-0.54778296,-0.67292684,0.59102386,-0.55651104,-0.53518903
ACTTGCACAACCTAAT-1_atac,-0.68340755,-0.6786722,-0.41229448,0.5678643,-0.2300702,-0.2664478,-0.6016065,-0.5296129,-0.10490188,-0.50438154,-0.6150094,-0.78313136,-0.21905184,6.347225,-0.8700719,-0.41643026
ACTTGTCGTACCGTAA-1_atac,-0.5764724,0.42997354,-0.48583743,1.7559154,-0.061107457,-0.70724785,-0.6544193,-0.703272,0.31292972,-0.5131917,-0.63873374,-0.5249524,-0.53146183,4.121329,-0.594805,-0.6286466
AGAAACCCATAATGTC-1_atac,-0.7772894,4.245133,-0.3641129,-0.1291694,-0.08064672,-1.0295446,-0.79769814,-0.8600764,-0.6072345,-0.9076834,-0.7702291,-0.7235147,-0.9213172,5.360364,-0.745852,-0.89112806
AGAAAGGCATCCATCT-1_atac,-0.2650506,0.6208472,-0.57104695,0.12298849,4.29126,-0.19241852,-0.426647,-0.42515254,-0.14748268,-0.5030958,-0.053175136,-0.4260642,-0.55425817,-1.0149057,-0.058052927,-0.3977453
AGAACAAGTCCTTCAG-1_atac,-0.33988917,-1.0816096,-0.074508026,-0.20393609,-0.8126236,-0.008003131,-0.32295853,-0.27398902,-0.22213374,-0.18291537,-0.32170588,-0.31747848,-0.17143665,5.014022,-0.5427392,-0.1380953
AGAACCAAGCCGGTAC-1_atac,-0.49890488,-1.0681564,-0.70534605,-0.46074456,4.9677877,-0.7651495,-0.2632725,-0.37590852,0.4665635,-0.418737,-0.36487004,-0.4971919,-0.61242765,1.4535081,-0.36655518,-0.49059498
AGAACCAAGGACACTT-1_atac,-0.34206706,-0.742777,-0.2611354,0.3014215,-0.0058033913,-0.18256553,-0.42500472,-0.32991713,0.16665432,-0.26213366,-0.35765415,-0.3740666,-0.22260322,3.8254166,-0.4703989,-0.3173656
AGAACCGCACCTAATG-1_atac,-0.4532619,1.3651699,-0.41028154,0.6901918,-1.094351,-0.6047905,-0.4194156,-0.47889423,-0.23414263,-0.4538322,-0.52277064,-0.24607182,-0.503308,4.3218493,-0.4499703,-0.5061207
AGAAGGTGTAACGGGA-1_atac,-0.6319473,0.4227805,-0.3824492,2.383404,4.667269,-0.21954292,-0.5667635,-0.590752,-0.51900065,-0.5139893,-0.576577,-0.5751781,-0.49958217,-1.3616743,-0.51135236,-0.5246449
AGAATCTGTACTAAAC-1_atac,-0.6233615,0.077708215,-0.048285127,1.9673669,0.23072733,-0.51215994,-0.5023334,-0.56255347,0.30905452,-0.5722751,-0.59760004,-0.5074743,-0.484321,2.8622427,-0.46505708,-0.57167846
AGACAATAGGCCTTAG-1_atac,-0.8181313,4.896755,-0.6505377,-0.16988087,-0.28120676,-1.197168,-0.88212025,-0.95824575,0.08437984,-0.92265606,-0.86187553,-0.7328211,-1.2508116,5.51928,-0.76803446,-1.0069257
AGACCCGGTAAGCACC-1_atac,-0.50282896,-0.8919741,-0.7987125,-0.12180167,4.474548,-0.7907527,-0.3946333,-0.399953,0.76141614,-0.6212825,-0.4285053,-0.33685553,-0.71068597,1.6945927,-0.36986315,-0.5627079
AGACTATGTATGGTGC-1_atac,-0.60538644,-0.35763913,-0.21882017,2.2184038,-0.20372649,-0.5203841,-0.51906055,-0.589806,-0.5576797,-0.3891995,-0.5938115,-0.57862127,-0.29923493,4.316409,-0.5645679,-0.53687537
AGAGAAGCATAGCTGC-1_atac,-0.6493305,2.7308052,-0.56849825,1.1885755,-0.1598782,-0.88063896,-0.768641,-0.7544783,-0.53933597,-0.76044416,-0.6977305,-0.68626446,-0.8084475,4.8858757,-0.6587143,-0.8728542
AGAGATTAGTCATGCG-1_atac,-0.5163546,-1.1423463,-0.780057,-0.087730065,5.052001,-0.68981373,-0.30641782,-0.37242866,0.504034,-0.44634926,-0.36569393,-0.43202466,-0.60972196,1.0637133,-0.34344393,-0.52736616
AGAGGAACACGAATCC-1_atac,-0.55241275,0.98819304,-0.5450387,0.82334566,-0.24593264,-0.6166954,-0.5652263,-0.5733422,-0.12075296,-0.53749955,-0.5580354,-0.5395509,-0.6138296,4.8026204,-0.5467423,-0.59910023
AGAGGAACACTTACAG-1_atac,-0.56478566,1.279675,-0.612736,1.9139677,4.4330645,-0.269575,-0.6104968,-0.6255826,-0.49090135,-0.6992623,-0.45028195,-0.5547898,-0.4984578,-1.1176658,-0.62874925,-0.5034233
AGAGGAACAGCTTAAT-1_atac,-0.8287169,2.4933584,-0.5123704,1.5060606,0.646283,-0.9477049,-0.8726081,-0.8854058,-0.24219164,-0.9064739,-0.7792901,-0.7961125,-0.7931635,4.6011963,-0.7117269,-0.9711336
AGAGGATGTTAACAGT-1_atac,-0.38067895,1.2046927,-0.5272318,-1.65506,3.9829428,0.05251068,-0.27241176,-0.34091696,0.16960625,-0.41935658,0.77922356,-0.5333774,-0.6269225,-1.5242655,0.4114224,-0.32017705
AGATGAAGTAATAACC-1_atac,-0.5950912,-0.34783265,-0.39492,2.0379233,0.18698215,-0.80491525,-0.5716657,-0.5924373,0.64710325,-0.54625785,-0.6276361,-0.5591817,-0.63146454,4.036835,-0.6293406,-0.6081013
AGATGAAGTACGTTTC-1_atac,-0.67512655,0.31901592,-0.7327983,2.6028335,5.149403,-0.4497999,-0.6956483,-0.61172324,-0.4550606,-0.6895979,-0.7418546,-0.50049335,-0.64506036,-0.53862405,-0.747229,-0.58823615
AGATGAAGTGTAACCA-1_atac,-0.6459017,-0.7572229,-0.8869239,-0.3081595,4.9755344,-0.78959525,-0.51383257,-0.4816416,0.77277756,-0.46661922,-0.56249297,-0.4914038,-0.78038824,2.1806686,-0.5550175,-0.6897813
AGATGAAGTGTCCAAA-1_atac,-0.6001153,-0.6915046,-0.65317,1.4519584,0.044084437,-0.5036822,-0.55792737,-0.5282982,-0.06721252,-0.54975075,-0.63850933,-0.63527954,-0.4155252,5.460336,-0.5484057,-0.5669985
AGATGAAGTGTCCAGG-1_atac,-0.8246288,3.7711864,-0.7503848,0.7883734,0.23103616,-1.1283053,-0.94099694,-0.9586523,-0.07372958,-1.0396929,-0.89387244,-0.86570346,-1.0782406,5.5044465,-0.71958196,-1.0212538
AGATGAAGTTGGTTCT-1_atac,-0.7087338,1.5263133,-0.68027616,1.8794701,0.8171301,-0.90601265,-0.8119509,-0.77925813,-0.21847478,-0.8913021,-0.7298465,-0.7037084,-0.80689335,4.549297,-0.6763873,-0.8593664
AGATGCTTCGTTCACC-1_atac,-0.6386647,-0.77799994,-0.80336446,0.47187716,4.7166376,-0.7927082,-0.64906514,-0.46885377,-0.24287857,-0.49149138,-0.52440345,-0.65435714,-0.74438477,2.6788876,-0.46395725,-0.61527395
AGCAAATAGCCAGTAT-1_atac,-0.4705529,-0.914083,-0.540806,0.15939742,-0.5677538,-0.280109,-0.33377942,-0.27578712,0.5230442,-0.2637447,-0.47192684,-0.3980749,-0.4957668,5.013428,-0.38218766,-0.30129746
AGCAAATAGGTGTTAC-1_atac,-0.52740544,-0.8304203,-0.45029843,0.44224554,-0.36219412,-0.3664375,-0.53845036,-0.47220892,0.060072206,-0.4210077,-0.61511713,-0.6027383,-0.26926917,5.941507,-0.5528903,-0.4353869
AGCAATTGTGGGTACT-1_atac,-0.8672633,2.4842484,-0.52930856,1.9548736,1.1450659,-1.0710523,-0.98226523,-0.9710065,-0.39324307,-1.0135558,-0.9301894,-0.85283864,-1.1006523,4.9356227,-0.73553467,-1.0729008
AGCACAGCAAGGGTTG-1_atac,-0.5282904,-0.88679266,-0.46942967,0.23391393,-0.4830079,-0.18483384,-0.4383763,-0.36295217,0.5005305,-0.39491135,-0.5694304,-0.48675424,-0.29866332,5.2604837,-0.48010635,-0.41138
AGCACAGCATACTCCT-1_atac,-0.5577353,-0.33882302,-0.60960597,0.8702814,-0.076915145,-0.5232398,-0.46521932,-0.55376166,-0.060408637,-0.5023074,-0.59219456,-0.5777548,-0.38985354,5.4253635,-0.49014068,-0.5576854
AGCACAGCATTCCTGT-1_atac,-0.5396858,-0.44922101,-0.6442827,0.7321234,-0.13816671,-0.39296585,-0.50122637,-0.4944769,0.508962,-0.54739714,-0.59692794,-0.5390825,-0.4811821,5.1172714,-0.51501673,-0.51872456
AGCACTTAGTTAGCCG-1_atac,-0.6354284,0.80007917,-0.7590601,1.6347148,0.29942876,-0.7835449,-0.7253328,-0.65691644,-0.016074613,-0.7297296,-0.693608,-0.639328,-0.83270174,5.026244,-0.5125608,-0.7761816
AGCCAGTGTAATGACT-1_atac,-0.98185277,4.3352466,-0.114263654,4.1807995,4.657664,-0.41784674,-1.1426868,-0.9874902,-1.292234,-0.99318063,-1.1050519,-1.1161454,-0.81790054,-1.8221759,-1.4638721,-0.91900873
AGCCGGTTCCTTCTAG-1_atac,-0.8449495,-1.0202398,0.93849635,5.6487556,-0.35867465,-0.81913626,-0.90970874,-0.8879566,-0.7447933,-0.88137734,-0.8736836,-1.0066161,-0.80226123,4.283439,-0.816864,-0.90443003
AGCCGGTTCTGCAACG-1_atac,-0.5452928,-0.69105595,-0.507612,0.44084722,-0.45988768,-0.10473704,-0.4499218,-0.4044178,-0.6575875,-0.31959277,-0.5696669,-0.5853192,-0.19720031,6.0122237,-0.5820057,-0.3787735
AGCCTAAGTGCTTACT-1_atac,-0.5691612,-0.2490121,-0.6709472,2.2537756,4.5183396,-0.5448444,-0.6775765,-0.56423175,-0.5149134,-0.5509707,-0.588374,-0.5300088,-0.7045691,0.545594,-0.579236,-0.57386476
AGCCTAGTCTTTGACT-1_atac,-0.6150117,2.2161098,-0.55064744,0.75336844,0.14614229,-0.9085129,-0.6264856,-0.6908787,0.38204968,-0.6338644,-0.6429373,-0.55664593,-0.8752896,3.6999516,-0.45267957,-0.6446689
AGCCTGGGTAACCAGC-1_atac,-0.60255945,0.40664124,-0.6507471,1.6770911,-0.08088061,-0.7891,-0.6283377,-0.59919196,0.21607016,-0.61823905,-0.51387125,-0.5978075,-0.67029244,4.581547,-0.46959835,-0.66072375
AGCCTGGGTAGCTGGT-1_atac,-0.49862543,0.16049275,-0.6677625,0.8196794,5.287916,-0.3932047,-0.31027603,-0.4056315,-0.39801145,-0.29048696,-0.48405036,-0.56113267,-0.44503835,-0.8216804,-0.5232699,-0.4689181
AGCCTGGGTTAGTTGG-1_atac,-0.568251,-0.75859004,-0.44873017,0.62536436,-0.3973928,-0.2656403,-0.49758118,-0.47754383,-0.32235086,-0.37760746,-0.57932836,-0.58694166,-0.22438014,5.8616905,-0.5435348,-0.43918258
AGCGATTTCGTTCACC-1_atac,-0.16060375,-0.6527406,-0.60996693,-2.9126382,3.8055134,-0.41561496,-0.007656567,-0.061636973,1.5357779,-0.08823362,1.1799235,-0.076562375,-0.5344987,-1.2319759,0.49075395,-0.2598405
AGCGATTTCTGCAACG-1_atac,-0.62561023,2.3995497,-0.425404,0.43611678,0.242943,-0.8454292,-0.6064326,-0.71857864,0.4219227,-0.73355645,-0.67513716,-0.55097693,-0.82576483,3.7615616,-0.5703337,-0.6848698
AGCGCTCAGGTCCTAG-1_atac,-0.80800366,4.903138,-0.5620539,-0.4650468,-0.058388844,-1.2266567,-0.8828789,-0.9363049,-0.0059214383,-0.98646486,-0.92917466,-0.74401045,-1.2729684,5.7162585,-0.7358471,-1.0056758
AGCGGATAGTTACTTC-1_atac,-0.6543129,1.9661396,-0.69426817,1.4029266,4.7151976,-0.6760223,-0.8952801,-0.7300266,-0.60728574,-0.81473583,-0.708344,-0.6771375,-0.72110903,0.52188486,-0.6523687,-0.7752572
AGCTACGTCCGCTAGA-1_atac,-0.5126792,-0.9243163,-0.5484581,0.57889366,-0.307092,-0.35444683,-0.4694613,-0.3807275,0.1789903,-0.3676981,-0.5681484,-0.526507,-0.36469024,5.3436856,-0.4054375,-0.3719066
AGCTAGTTCCGTTATT-1_atac,-0.5404467,1.8693709,-0.6795527,1.9594961,4.633916,-0.31220078,-0.68884236,-0.7489575,-1.2303365,-0.6765474,-0.6844614,-0.6410869,-0.66113365,-0.18355711,-0.8296599,-0.58599985
AGCTATATCGCACAAT-1_atac,-0.54662395,-0.39125973,-0.672598,0.9030691,5.6505723,-0.53768283,-0.46671093,-0.44999284,-0.023471817,-0.46060395,-0.6569212,-0.49622315,-0.46133798,-0.5366563,-0.4519958,-0.4015627
AGCTATATCGGCCAGT-1_atac,-0.346148,-0.3970359,-0.6854192,-1.5207677,4.292856,-0.7471234,-0.18449292,-0.27485728,0.9972942,-0.28531545,0.16311358,-0.50865597,-0.623932,0.6865326,-0.03687447,-0.5291741
AGCTGCTCATGAAATG-1_atac,-0.5493783,-0.7225586,-0.72612244,0.9128907,4.7609043,-0.63751817,-0.48183012,-0.53234303,-0.1988838,-0.4436084,-0.5840606,-0.43916273,-0.6318852,1.289054,-0.4905082,-0.5249893
AGCTTCCTCAATGAGG-1_atac,-0.6209108,-1.0199522,-0.7344251,-0.17362572,5.3882737,-0.78634644,-0.40800023,-0.45585644,0.38398403,-0.566436,-0.55404645,-0.42509413,-0.5959097,1.6989272,-0.4633097,-0.6672721
AGGAAACGTCAAACTG-1_atac,-0.5568603,-0.13666733,-0.49081314,1.7514466,0.5637408,-0.69180965,-0.63872355,-0.56570303,0.27916983,-0.5636404,-0.56838113,-0.5401959,-0.6742584,3.8000002,-0.36775404,-0.59955025
AGGAAACGTGGTTATG-1_atac,-0.3431038,-1.1261982,-0.5617093,-0.6243647,5.209761,-0.53443944,-0.2240667,-0.2984617,0.43557432,-0.24780115,-0.17687362,-0.42639786,-0.494142,-0.0041768327,-0.21210387,-0.3714963
AGGAACGGTTGGTTCT-1_atac,-0.23985016,-0.7681956,-0.5108548,-1.0858519,4.5304356,-0.46866733,-0.18446748,-0.1719851,0.7547717,-0.31183437,0.38158533,-0.4354925,-0.5372126,-0.7373543,0.123192064,-0.33821872
AGGACTAAGGCGGATG-1_atac,-0.58670074,-1.1097064,-0.68715894,-0.2522387,4.7529173,-0.7892754,-0.31407505,-0.45434278,0.76665545,-0.5862236,-0.5055788,-0.5211263,-0.5942108,1.9467545,-0.42494977,-0.64074016
AGGACTAAGTTGCCTC-1_atac,-0.753349,0.8822405,-0.79568297,2.553016,5.182326,-0.49057817,-0.9126526,-0.64310384,-0.6752111,-0.64820015,-0.79356927,-0.5632696,-0.6407098,-0.16759565,-0.88706803,-0.6465919
AGGAGCTAGAACCTGT-1_atac,-0.6389531,0.19196197,-0.47292373,2.5308425,3.5463002,-0.54089665,-0.6708529,-0.692961,-0.7466246,-0.730736,-0.68161523,-0.64647317,-0.78561854,1.6575989,-0.7002175,-0.6188315
AGGAGCTAGATGGAGC-1_atac,-0.6333983,-0.7865441,-0.6665391,0.64812446,-0.42157295,-0.4322386,-0.51365674,-0.45984045,0.6892173,-0.42959794,-0.6490607,-0.57831943,-0.354657,5.6104236,-0.53590775,-0.48643234
AGGATGCAGGCTAATC-1_atac,-0.67326486,-0.7968823,-0.8288748,-0.29481843,5.3270893,-0.81438863,-0.47362432,-0.5501882,0.22016843,-0.6454332,-0.60563827,-0.44701162,-0.6742395,2.471034,-0.4846762,-0.7292515
AGGATGTCAGCAAATA-1_atac,-0.57712716,-1.0620148,-0.7462929,1.161135,5.0590744,-0.53741425,-0.41814563,-0.45771694,-0.19519585,-0.47271204,-0.6328431,-0.43225992,-0.55082357,0.89505565,-0.54922765,-0.48349136
AGGATTGAGGCTATGT-1_atac,-0.42324612,-0.67111135,-0.49550667,-0.026702046,-0.891883,-0.29396728,-0.34671906,-0.29754505,0.7605753,-0.30959126,-0.53229165,-0.3071679,-0.45934847,4.866985,-0.34470895,-0.22777116
AGGCAATCATGAGTTT-1_atac,-0.6707555,2.228868,-0.51560783,-0.4954355,0.34932676,-0.7840127,-0.7185972,-0.8013967,1.1098472,-0.7528758,-0.7320838,-0.51352954,-0.9052448,4.618021,-0.641575,-0.7749486
AGGCGGATCGCTAGTG-1_atac,-0.49168685,-0.8855444,-0.5159373,0.5114736,-0.46696463,-0.3416971,-0.42812327,-0.3322427,0.601951,-0.36547512,-0.56696117,-0.4018198,-0.47990146,4.9320602,-0.38224146,-0.38688955
AGGCTAAAGTATTGTG-1_atac,-0.46737334,-0.60110104,-0.56613135,1.202719,-0.35163704,-0.18670788,-0.4684442,-0.3737242,-0.24818414,-0.3820937,-0.539677,-0.55311775,-0.44920692,4.9788365,-0.58621144,-0.40794554
AGGCTAAAGTCTATGA-1_atac,-0.5295985,0.3024629,-0.6060637,0.8688643,0.011141211,-0.62709165,-0.55088973,-0.55178523,-0.005016044,-0.56085,-0.49273422,-0.55446017,-0.5151135,4.9110703,-0.47938803,-0.6205481
AGGCTAGCACAATACT-1_atac,-0.793411,-1.077825,0.5324278,5.54367,-0.3056691,-0.7684926,-0.843994,-0.8744029,-0.47087792,-0.87458825,-0.84368384,-0.9757588,-0.77013934,4.1690497,-0.82514656,-0.82115805
AGGCTAGCACCTGTAA-1_atac,-0.56394255,-0.54860556,-0.68087983,0.61277914,-0.121890426,-0.6168984,-0.47685125,-0.42069605,0.2554784,-0.46376207,-0.6311097,-0.5495229,-0.3617514,5.4825964,-0.38092822,-0.53401554
AGGGCCTTCACGCATG-1_atac,-0.5666702,-0.8385337,-0.48342,0.84845936,-0.4022118,-0.31110823,-0.4955992,-0.48568535,-0.23100066,-0.37849826,-0.588012,-0.651318,-0.2808451,5.9513135,-0.65535617,-0.43151456
AGGGCCTTCAGGAAGC-1_atac,-0.510679,-0.9078679,-0.4621308,0.08406759,-0.41482666,-0.21787348,-0.4074321,-0.30048817,0.32823282,-0.31913728,-0.507316,-0.4248365,-0.33780035,5.090477,-0.41267493,-0.2797136
AGGGCTACAGAATGAC-1_atac,-0.45780683,-1.089551,-0.72168946,-0.9146507,4.871374,-0.6722938,-0.3238413,-0.32233748,0.54433453,-0.38224187,-0.2570208,-0.4564167,-0.6053591,1.3856853,-0.20336956,-0.39481544
AGGTAACCAGGCTAGA-1_atac,-0.4364967,-0.6514386,-0.5264647,0.5347273,-0.3321958,-0.22990218,-0.2893708,-0.34537366,0.26150715,-0.35079467,-0.4784557,-0.40848675,-0.5046035,4.3626976,-0.2905117,-0.31483746
AGGTACGCAGCCAGAA-1_atac,-0.8470434,3.7339313,-0.4779015,3.9105709,4.6994467,-0.45069054,-0.9697757,-0.90664697,-1.1333295,-1.020996,-1.052785,-0.99507856,-0.795632,-1.7829741,-1.069394,-0.8417009
AGGTATTGTGCTAGCG-1_atac,-0.77320635,4.8259892,-0.70893276,0.15036008,0.80048954,-1.3439319,-0.9877732,-1.0646884,0.2438777,-1.0998104,-1.0570618,-0.9015248,-1.4581423,5.283576,-0.7008498,-1.2083712
AGGTCAAAGGCAAGTA-1_atac,-0.5732883,1.8157445,-0.5906151,2.0967891,4.090175,-0.03970036,-0.55259824,-0.59428,-0.7323827,-0.68824023,-0.63224864,-0.6529522,-0.6003692,-1.2844203,-0.6666161,-0.39499712
AGGTCATTCAAGCTAC-1_atac,-0.84792393,-0.75153196,0.5216637,5.1990466,-0.02344438,-0.9313239,-0.8745375,-0.84606767,-0.1242955,-0.89703804,-0.9137114,-0.9461823,-0.9221515,3.9978337,-0.72543687,-0.914899
AGGTCATTCTTGCAAA-1_atac,-0.51083267,-0.7665819,-0.491665,0.23273161,-0.3516299,-0.28870398,-0.45731091,-0.3840922,0.29874277,-0.35841292,-0.53957874,-0.49475318,-0.40640545,5.259474,-0.38896972,-0.35201168
AGGTCCGGTTAGCGTA-1_atac,-0.5510492,-0.8226113,-0.48602766,1.0196457,-0.3776198,-0.17137346,-0.52184385,-0.4319204,-0.52537173,-0.3534223,-0.59039026,-0.6697287,-0.24835086,5.6959853,-0.58798474,-0.3779363
AGGTCTTAGCAGCTCA-1_atac,-0.6585866,4.836009,-0.55028033,-0.6209583,-0.7368567,-1.1473724,-0.75063396,-0.7619164,-0.22955903,-0.7577673,-0.8213438,-0.543344,-1.1029087,5.332812,-0.59261763,-0.8946761
AGGTCTTAGTGGACAA-1_atac,-0.6371079,-0.09344636,-0.65829915,2.6420884,4.936685,-0.5446454,-0.6418352,-0.71774316,-0.5153028,-0.74794424,-0.7424333,-0.7807282,-0.6973024,0.7257871,-0.734548,-0.79322463
AGGTGAATCTAATCTC-1_atac,-0.21517043,-0.7715211,-0.8394423,-1.5519747,4.5574174,-0.64551026,-0.2575596,-0.21064371,0.6922533,-0.5666376,-0.01977158,-0.302038,-0.62944096,1.3441684,-0.11612082,-0.46800834
AGGTTAACAGCAAGTG-1_atac,-0.81829655,-1.0514611,0.7397393,5.62426,-0.19303575,-0.8732927,-0.8866322,-0.86083925,-0.77013135,-0.8437196,-0.91277945,-1.0038092,-0.8185588,4.34842,-0.80539596,-0.87446713
AGGTTAACAGGTCCTG-1_atac,-0.5342804,-0.9174933,-0.39497864,0.72704405,-0.43406725,-0.32208592,-0.4747697,-0.44667,-0.35359275,-0.35604674,-0.582251,-0.55613714,-0.18666692,5.829093,-0.56643695,-0.43066013
AGGTTAACATGAGCAG-1_atac,-0.6991612,-0.730972,-0.7270898,0.8909617,0.1760531,-0.556088,-0.65435916,-0.6022762,0.9965714,-0.5827954,-0.7031638,-0.7249998,-0.43964452,5.746778,-0.69907045,-0.6907444
AGGTTTATCACTCAAA-1_atac,-0.33424914,1.3190857,-0.609572,-0.46425632,4.1967626,-0.22257945,-0.5383577,-0.4882661,0.29964387,-0.6205503,0.2956893,-0.57026863,-0.5950878,-1.1905245,-0.04873196,-0.42873722
AGGTTTATCTTAGTCT-1_atac,-0.43377784,-0.9250244,-0.66493165,-0.43225268,5.549404,-0.49613273,-0.24375606,-0.3567707,0.5334899,-0.28671303,-0.3654716,-0.39923477,-0.49617064,-0.22790125,-0.29447475,-0.46028203
AGTAAACAGCAATAGG-1_atac,-0.76343,0.7574202,-0.82710785,2.4379425,4.8000727,-0.5448107,-0.7194501,-0.68834364,-0.4039961,-0.768405,-0.8186008,-0.5856516,-0.6770564,0.29628748,-0.83380485,-0.6610657
AGTAAACAGCAGGTTT-1_atac,-0.4386642,-1.035641,-0.72295964,-0.11543347,5.6309876,-0.56880045,-0.30624163,-0.4234485,0.5606748,-0.43946362,-0.4317919,-0.36754918,-0.5311799,-0.009346515,-0.30662537,-0.49451703
AGTAACACAGCTTAAT-1_atac,-0.4290728,-0.7332378,-0.63844585,-0.074645475,5.7089825,-0.5050051,-0.33439147,-0.5331632,0.14168553,-0.5197708,-0.39798158,-0.3478182,-0.42999202,-0.2950155,-0.20640899,-0.40571934
AGTAACACATCGCTTT-1_atac,-0.62590516,0.33933422,-0.69112384,1.7802358,-0.024894893,-0.6911795,-0.6681591,-0.65321374,0.497574,-0.64009726,-0.61218,-0.5600482,-0.7145891,4.547664,-0.5438162,-0.7396014
AGTAACGAGACACCGC-1_atac,-0.62940305,-1.3135648,-0.7238477,0.08344703,5.186136,-0.8098771,-0.3361888,-0.3060424,0.364899,-0.5597564,-0.5217226,-0.51333696,-0.6105672,1.7325575,-0.39034292,-0.6523894
AGTAACGAGAGAGCCG-1_atac,-0.5070743,-0.33185643,-0.7206526,1.2539439,5.0933247,-0.44447362,-0.5759304,-0.57429826,-0.37512875,-0.6235486,-0.53353333,-0.50537753,-0.60815907,0.42008176,-0.43394095,-0.5333764
AGTAATGCAACCTGGT-1_atac,-0.40591073,0.7041422,-0.17194603,0.2182785,-0.8542822,-0.18305112,-0.48141724,-0.41162062,-0.4078492,-0.3864566,-0.33286148,-0.2962078,-0.36690146,4.1626987,-0.51727325,-0.26934165
AGTACGCGTTAACGAT-1_atac,-0.5005994,-0.91305196,-0.34094304,0.21560383,-0.37318328,-0.14971787,-0.4360879,-0.35931283,-0.28858942,-0.33373967,-0.56155044,-0.5911963,-0.21853465,5.669647,-0.50991297,-0.308831
AGTAGCTTCATAGACC-1_atac,-0.6742555,0.8073323,-0.5269712,1.7836957,3.819823,-0.8708148,-0.6664083,-0.7312912,0.05155644,-0.81929946,-0.70673704,-0.6300374,-0.80138385,1.4413841,-0.7625114,-0.7140813
AGTAGCTTCTCCATAT-1_atac,-0.47213474,-0.91567516,-0.39631835,0.3243775,-0.47397646,-0.31044182,-0.40992096,-0.37479314,0.15228827,-0.31685567,-0.47833917,-0.48581365,-0.32786784,5.264053,-0.46190438,-0.31667724
AGTAGCTTCTGTGAGT-1_atac,-0.40008876,-0.7777164,-0.67731225,0.029307783,5.295738,-0.53904486,-0.3269153,-0.48716447,0.46994638,-0.45626828,-0.40358123,-0.35284284,-0.5545875,-0.113426715,-0.31044248,-0.3956016
AGTCAAGAGTCATTAG-1_atac,-0.90720415,-0.3689382,0.679596,5.2053246,0.06756213,-0.91380984,-1.002157,-0.90659726,-0.23175137,-0.90570354,-0.9276904,-0.94359803,-0.9433689,3.9147882,-0.7754506,-1.0410019
AGTCGCATCATGCTAA-1_atac,-0.3435306,-0.48887706,-0.47842693,0.75089645,4.6969256,-0.30601245,-0.27943647,-0.3302024,-0.65755373,-0.21900792,-0.35421026,-0.24379365,-0.37932622,-0.64051014,-0.3167506,-0.4101832
AGTCTTGCAATTATGC-1_atac,-0.73195505,3.9577677,0.3637116,-0.5405053,-0.8208125,-1.0971388,-0.7185401,-0.76849085,-0.036876135,-0.772327,-0.77589095,-0.48357928,-1.2242341,5.0690784,-0.49334592,-0.9268615
AGTCTTGCACAAAGAC-1_atac,-0.6196599,1.1990011,-0.651908,2.6567447,4.775724,-0.4001636,-0.6141671,-0.63107896,-0.72944194,-0.71087414,-0.7496015,-0.6066401,-0.60931957,-1.1255665,-0.6683999,-0.5146485
AGTCTTGCATTGTGGC-1_atac,-0.6444118,-0.7822348,-0.588025,1.1458604,-0.20124336,-0.4680509,-0.60832775,-0.47285938,0.46017593,-0.5192639,-0.6636055,-0.6366965,-0.4194975,5.550573,-0.6143327,-0.5380605
AGTGAGTCAGCACGTT-1_atac,-0.49312893,-0.34551516,-0.3946966,1.8433919,-0.90324354,-0.41062424,-0.48026946,-0.4491581,-0.05308629,-0.36374164,-0.46730027,-0.4134052,-0.46285424,4.1785417,-0.37957546,-0.40533462
AGTGAGTCATTAAAGG-1_atac,-0.87636364,-0.23042339,-0.68346876,2.786767,5.5462837,-0.5966781,-0.79237986,-0.62808067,-0.53726137,-0.60575897,-0.9690231,-0.69376063,-0.6524178,0.6249069,-0.8917539,-0.80058753
AGTGGACAGCTTACTT-1_atac,-0.32252038,-0.8365479,-0.10160999,-0.43570477,-0.99188364,-0.10523407,-0.3436498,-0.21851726,0.09404464,-0.18039216,-0.37531662,-0.21696596,-0.19669573,4.8406816,-0.40824282,-0.20144488
AGTGGACAGGCGAATA-1_atac,-0.5344008,1.3282298,-0.61562157,1.3361106,-0.31806773,-0.63093007,-0.63174176,-0.56863105,-0.415413,-0.62274945,-0.53453577,-0.44455442,-0.81941783,4.5225472,-0.43092057,-0.6199033
AGTGTTTCAACAGGTG-1_atac,-0.832474,4.5699368,-0.8161088,0.5205035,0.3780732,-1.270787,-0.956213,-1.0266521,0.19910306,-1.0531571,-1.0255122,-0.86279225,-1.38701,5.430261,-0.75472176,-1.112449
AGTTACTCAATGCCTA-1_atac,-0.46713054,-0.8013078,-0.46419913,0.024592303,-0.43530232,-0.19696902,-0.42387038,-0.37024295,-0.004565403,-0.33011252,-0.5301369,-0.46492237,-0.25584978,5.505577,-0.4329043,-0.3526559
AGTTGCAGTAGCCTAA-1_atac,-0.5694728,-0.41000494,-0.6575315,0.8546703,-0.14914247,-0.50888324,-0.41922143,-0.56695795,0.34375596,-0.48649552,-0.5750524,-0.53710806,-0.4507145,5.1461697,-0.47994688,-0.5340644
AGTTGCAGTAGGTTTG-1_atac,-0.47706482,-1.1760511,-0.7231729,-0.2866382,5.0011206,-0.6356343,-0.2660967,-0.32072318,0.520334,-0.33464906,-0.2889588,-0.39080855,-0.5602008,0.64899015,-0.24202514,-0.4684213
AGTTGCAGTGAGGTAG-1_atac,-0.57650787,-0.37536287,-0.5593048,1.187938,-0.31474924,-0.4830932,-0.5392632,-0.60704356,-0.2370631,-0.56752855,-0.541685,-0.5320061,-0.4612509,5.6353273,-0.5090732,-0.5193334
AGTTGCGTCCAACTGG-1_atac,-0.35772353,0.8219633,-0.016574353,-0.39411008,-1.3668818,-0.15059993,-0.41447216,-0.266546,-0.24994159,-0.33273405,-0.34939057,-0.036822855,-0.37402374,4.3101473,-0.5991612,-0.22312889
AGTTGGCGTACAAAGA-1_atac,-0.22374271,-0.6124831,-0.5686759,-0.44841927,4.30185,-0.31568432,-0.09611204,-0.1681277,0.39395362,-0.29556948,0.2567069,-0.19082078,-0.46591848,-1.220708,-0.0062032277,-0.3400451
AGTTGGCGTTAGTTGG-1_atac,-0.6499881,-0.61635196,-0.4403637,1.4013149,-0.22529861,-0.3623622,-0.59070474,-0.5535028,-0.82464695,-0.43573183,-0.5821523,-0.6166364,-0.23235595,5.895613,-0.684851,-0.4819814
AGTTGTCAGATGGACA-1_atac,-0.31491628,1.1178782,0.06524483,-0.3189866,-1.0932897,-0.1329965,-0.53022444,-0.38789326,-0.32361752,-0.40693456,-0.38072604,-0.12411496,-0.3475634,4.2751503,-0.63807863,-0.4589315
AGTTGTCAGTAAACCC-1_atac,-0.5857915,0.8471664,-0.6448469,1.8267875,4.897496,-0.36853814,-0.54331625,-0.6234958,-0.682812,-0.58645624,-0.5551085,-0.6287694,-0.5381702,-0.7079783,-0.61504185,-0.49112475
ATAACGACACATTAAC-1_atac,-0.4875364,-0.71380293,-0.5698558,0.4965197,-0.46715108,-0.39466685,-0.42424938,-0.38857943,0.42691568,-0.36201948,-0.55621713,-0.4985337,-0.4268768,5.1966877,-0.42505935,-0.4055747
ATAAGCCTCTAGCTTT-1_atac,-0.46326852,-0.25401735,1.0099791,0.538094,-1.1428065,-0.29167664,-0.42847395,-0.27310652,-0.26015538,-0.38147807,-0.41591305,-0.22869931,-0.4649623,3.9102902,-0.5331662,-0.32063955
ATAAGTCGTGAGGTAG-1_atac,-0.7175783,-0.59948957,-0.86298954,0.78204155,5.0291595,-0.78640985,-0.7637862,-0.7025115,0.22810794,-0.7317841,-0.7045721,-0.67631316,-0.7181296,2.5859895,-0.6354986,-0.7262355
ATACCTGCAATCCTGA-1_atac,-0.5188898,-0.7968296,-0.59218013,0.30792582,-0.40679073,-0.38175416,-0.45957035,-0.37629288,0.7855482,-0.3754558,-0.53941226,-0.46242934,-0.46091348,5.0235777,-0.3570292,-0.3895045
ATAGATGCACTTACAG-1_atac,-0.334874,0.68916386,-0.29171896,-0.3928432,-1.4946055,-0.13058254,-0.40051293,-0.26925987,-0.019940853,-0.3320528,-0.43845844,0.06743045,-0.3444178,4.402603,-0.48488015,-0.22505021
ATATAGGCAGAAACGT-1_atac,-0.838813,-1.123355,0.9343834,5.413061,-0.24713068,-0.7642158,-0.84551936,-0.81232816,-0.6466355,-0.8281688,-0.8526586,-0.89501286,-0.7882915,3.9714692,-0.8081477,-0.8686368
ATATGCATCAGCTAAC-1_atac,-0.5194522,-0.87972677,-0.46311527,0.27245498,-0.4165429,-0.25388598,-0.43647236,-0.39698476,0.03288824,-0.32585868,-0.51824766,-0.5008116,-0.33167794,5.460219,-0.42092544,-0.30186054
ATATGCATCCGCATGA-1_atac,-0.49525255,-0.8327943,-0.38450658,-0.15217851,-0.49787587,-0.23744427,-0.4021355,-0.34598738,0.27727884,-0.319081,-0.5570832,-0.47957838,-0.33210146,5.469853,-0.41455013,-0.2965625
ATATGCTCAAGGACCA-1_atac,-0.5997141,-0.7864751,-0.3860345,0.30614865,-0.41075808,-0.20780821,-0.5320607,-0.50168234,0.050448578,-0.39030445,-0.644869,-0.6809325,-0.27557808,6.1326585,-0.6456842,-0.4273541
ATATGCTCAATAGCAA-1_atac,-0.798832,4.065009,-0.67141926,0.37375832,0.5856457,-1.2995691,-0.8266993,-0.98913926,0.22909424,-0.9476307,-0.9094201,-0.73505783,-1.2273078,4.848823,-0.66641515,-1.0308402
ATCAAGACACTGACCG-1_atac,-1.1841097,3.8402371,-0.2760449,4.4075856,4.363594,-0.40247428,-1.1356382,-0.92823786,-1.0508802,-1.0396395,-1.1826348,-1.1812608,-0.89104635,-0.9982613,-1.3687854,-0.9724042
ATCAAGCTCCTTCTAG-1_atac,-0.8266085,5.1332846,-0.5295495,-0.7478888,-0.76152223,-1.218954,-0.8178607,-0.9369751,0.43337703,-0.90936244,-0.90598786,-0.52255523,-1.2994565,5.5914416,-0.65983003,-1.0215526
ATCAATCCAAACCTTG-1_atac,-0.49526656,-0.090654284,-0.6173873,2.4347866,4.720362,-0.27940208,-0.5535807,-0.5188616,-0.6482624,-0.47479802,-0.52218246,-0.56718004,-0.4982531,-0.869175,-0.58717465,-0.43297017
ATCAATCCAAGCTTTG-1_atac,-0.489605,1.3464395,-0.2537024,0.16422568,-0.83944416,-0.40376186,-0.47641057,-0.44939727,-0.16957171,-0.49372268,-0.43205172,-0.27778614,-0.4482243,4.3495207,-0.6403222,-0.4861856
ATCACAATCTCCATAT-1_atac,-0.7818116,3.9774404,-0.6435784,-0.042921066,-0.2586441,-0.9662015,-0.813613,-0.85835934,-0.04479213,-0.9266682,-0.7697527,-0.67753094,-0.8668383,5.303116,-0.7034264,-0.92641836
ATCACTAAGATGGACA-1_atac,-0.856088,-1.0183904,0.6378083,5.7251062,-0.2836666,-0.86511385,-0.91812146,-0.86066145,-0.69102186,-0.8393622,-0.9270781,-1.0006882,-0.8426556,4.4992876,-0.7994487,-0.95990527
ATCAGGTTCCCTGTTA-1_atac,-0.21899442,-0.4779749,-0.50725114,-1.535656,4.2783256,-0.43963343,-0.19810177,-0.17222396,0.7026864,-0.12624738,0.54985774,-0.23859785,-0.6070806,-0.9908717,0.30021977,-0.31845617
ATCATCAAGCCAGTAT-1_atac,-0.8418702,5.067978,-0.8042688,-0.34941286,0.7801816,-1.3260915,-0.9947934,-1.035898,0.31970006,-1.0804201,-1.0544804,-0.89010566,-1.4011319,5.4941516,-0.6685495,-1.2149887
ATCATCAAGGGCCACT-1_atac,-0.5250849,-1.1381521,-0.79172236,-0.5491984,4.7642465,-0.6689228,-0.25632688,-0.36879385,0.556816,-0.36032486,-0.42450905,-0.3426435,-0.5722909,1.5483305,-0.29014015,-0.5812825
ATCCAACAGCGGCTGT-1_atac,-0.60700965,-1.001456,-0.62374514,0.994242,-0.13925755,-0.30309373,-0.53457654,-0.42100656,0.5982789,-0.4186806,-0.6366897,-0.6287472,-0.4479444,5.0891256,-0.51200354,-0.4074356
ATCCACCTCAGAAACG-1_atac,-0.65837115,-0.59675187,-0.5202909,2.9041305,0.10737822,-0.7827555,-0.62063676,-0.6563428,0.39483327,-0.49130452,-0.6785297,-0.6434184,-0.5787276,3.985732,-0.49552608,-0.66941917
ATCCACCTCGTCAAGT-1_atac,-0.7849191,-1.0025551,0.94593227,5.232166,-0.35236472,-0.75498,-0.8043316,-0.7690361,-0.5443898,-0.8013808,-0.8808894,-0.9433049,-0.758344,3.7246604,-0.7015854,-0.8046775
ATCCGTGAGACTCGCA-1_atac,-0.5433598,-0.22521204,-0.56308603,1.4336095,-0.45462608,-0.48586816,-0.43357682,-0.42072317,0.41864502,-0.534636,-0.6098467,-0.4994294,-0.581098,4.313459,-0.3742764,-0.4399746
ATCCGTGAGGTCATTA-1_atac,-0.82826734,-0.0732166,1.7824106,4.1079683,-0.5436909,-0.6880027,-0.6361898,-0.631636,-0.37594146,-0.7606652,-0.6878829,-0.71228564,-0.840518,2.3712885,-0.8024354,-0.6809349
ATCCTCATCTGGTCCT-1_atac,-0.40486673,-0.7763182,-0.75696266,-0.06977086,4.940696,-0.68177116,-0.2720427,-0.4724166,0.6331836,-0.49733946,-0.4372069,-0.20921674,-0.5994617,0.22907752,-0.15139818,-0.4741852
ATCCTCATCTGTGAGT-1_atac,-0.7916786,-1.0680366,0.5881878,5.23275,0.06417659,-0.8419733,-0.84237033,-0.8134356,-0.22082005,-0.82903934,-0.84493595,-0.93800694,-0.8603757,3.7946832,-0.747931,-0.8811939
ATCCTGACAATGCGCT-1_atac,-0.55159473,-0.8931599,-0.55959207,1.3378421,-0.46311957,-0.2370889,-0.5134167,-0.51181406,0.043556295,-0.35211134,-0.59521437,-0.7349743,-0.29742372,5.2799387,-0.5047172,-0.44711024
ATCCTGACATGTCAAT-1_atac,-0.45032936,-0.59206724,-0.49989772,0.613055,-0.5976042,-0.22341865,-0.4321906,-0.38870478,0.3209239,-0.33607468,-0.48245174,-0.40050703,-0.4372329,4.574222,-0.37916678,-0.2885552
ATCGAGGCAACAGGAT-1_atac,-0.4935817,-0.9623971,-0.5880479,0.46532786,-0.4060797,-0.43133473,-0.4499997,-0.37631464,0.9128123,-0.35535908,-0.5388973,-0.44224763,-0.5031103,4.9770207,-0.42078984,-0.38700122
ATCTATGAGCAAACCT-1_atac,-0.37222627,-0.61338806,-0.24406627,-0.9369426,-1.4294643,-0.23641053,-0.37573978,-0.15612897,1.1832787,-0.2959931,-0.35022387,0.06141059,-0.44252834,4.4374585,0.031821445,-0.26085725
ATCTTTGGTTGTTGGA-1_atac,-0.5880591,0.17048979,-0.06287984,2.707227,0.42201403,-0.6674286,-0.6290241,-0.7085296,-0.46341118,-0.5291647,-0.57116646,-0.70579946,-0.45904973,3.4703095,-0.7681994,-0.61732817
ATGAAGCCAGCACCAT-1_atac,-0.8280181,3.9559555,-0.8115251,0.90637267,0.22160207,-1.2912804,-0.93671864,-0.9742113,0.047781497,-1.0367705,-0.90416616,-0.8444924,-1.0625142,5.3308253,-0.71079403,-1.0620465
ATGAAGTAGTAACCAC-1_atac,-0.57415116,-0.8396797,-0.41405615,0.39800185,-0.3857467,-0.259222,-0.53064,-0.41149268,-0.2695523,-0.38495117,-0.5771059,-0.60895324,-0.24563119,6.131898,-0.61537206,-0.41334495
ATGACTCAGCACGTTG-1_atac,-0.5571823,0.6188234,-0.6861795,1.911385,4.8899603,-0.18954661,-0.6455554,-0.498072,-0.69759035,-0.5187849,-0.55377066,-0.50972056,-0.5399753,-0.95890343,-0.5331166,-0.5317713
ATGATGGAGCTTCTCA-1_atac,-0.7088243,2.473693,-0.5026652,2.1306086,4.3972807,-0.17804807,-0.5579774,-0.69060385,-0.67329544,-0.6368167,-0.66253793,-0.6342743,-0.72447497,-1.7512686,-0.6589909,-0.6218043
ATGCATTCACCGGCTA-1_atac,-0.534337,-0.8533724,-0.72733134,1.2657223,5.2400684,-0.4487111,-0.4679445,-0.5649254,-0.25003165,-0.5191996,-0.6594086,-0.45095682,-0.5994377,0.7184011,-0.5739946,-0.57454145
ATGCTTAAGCAACATC-1_atac,-0.8186376,4.531361,-0.067058176,-0.65242165,-0.26937008,-1.0798458,-0.80613637,-0.8670769,-0.37890625,-0.84597707,-0.83222026,-0.6119128,-1.1177909,5.4587507,-0.6612403,-0.9815179
ATGCTTAAGGACCAGG-1_atac,-0.5849002,-0.4352094,-0.62426573,1.615339,-0.17130192,-0.59851724,-0.385858,-0.5360522,0.01779212,-0.42431647,-0.5523436,-0.5605839,-0.40749592,4.636468,-0.45170897,-0.53704536
ATGCTTAAGGTCTTGG-1_atac,-0.63450086,0.6630479,-0.7163106,2.3740945,4.9253373,-0.24749494,-0.557687,-0.60124475,-0.6320538,-0.51573443,-0.71423286,-0.58455104,-0.5644947,-1.0991298,-0.60112184,-0.49392372
ATGGCTAGTGTGAGAG-1_atac,-0.55858326,-0.23794058,-0.45642003,1.8311936,-0.52870834,-0.46798512,-0.53069913,-0.48799625,-0.10190207,-0.44266734,-0.6073619,-0.53617585,-0.5033163,4.578979,-0.4684141,-0.48200288
ATGGCTAGTTTGCGCC-1_atac,-0.61158705,0.5690785,-0.7578563,1.7450312,-0.25982574,-0.6800163,-0.6568216,-0.63707936,0.6157771,-0.6000391,-0.6298505,-0.5867881,-0.73942745,4.507239,-0.6148661,-0.6629682
ATGGCTTAGCCGCAAC-1_atac,-0.61602515,0.387443,-0.695221,2.4532213,4.568328,-0.5434663,-0.5978091,-0.61333203,-0.34955314,-0.6228646,-0.534482,-0.68270177,-0.53904516,-0.32863832,-0.74694806,-0.53890586
ATGGTGCGTTGGTTAG-1_atac,-0.3317428,-1.0750955,-0.62139994,-0.20710525,5.094569,-0.45079985,-0.2545069,-0.28407383,0.36781505,-0.2731367,-0.21364331,-0.3586921,-0.44787177,-0.38439256,-0.24378881,-0.3161345
ATGGTTATCTCCATGC-1_atac,-0.44526234,1.0286857,-0.6443136,2.2314234,4.455083,-0.20647144,-0.6514381,-0.61099285,-0.71478117,-0.7983327,-0.5556093,-0.5332971,-0.46255115,-1.1716156,-0.44466743,-0.4758593
ATGTAACGTTTAGCTC-1_atac,-0.52876234,-0.8015621,-0.3868436,0.4179202,-0.5350386,-0.23936573,-0.41326705,-0.39941254,-0.46750173,-0.32260737,-0.5143001,-0.54330754,-0.1666438,5.8268447,-0.57189,-0.35426232
ATGTAAGCATTAGCGC-1_atac,-0.53188986,-0.5543891,-0.5338069,0.44936574,-0.39540434,-0.3367257,-0.5068711,-0.40392768,0.21072748,-0.34292573,-0.5196903,-0.5235936,-0.44317997,5.2129407,-0.44147408,-0.3391555
ATGTAAGCATTGTGAT-1_atac,-1.1616584,3.4516268,-0.20109954,4.277004,4.382233,-0.40754816,-1.127574,-0.91681075,-1.2843859,-1.0818143,-1.0785618,-1.1272981,-0.8106475,-0.736344,-1.3672712,-0.8098495
ATGTCATCAAGGTCCT-1_atac,-0.52373934,-0.8358836,-0.47637418,-0.0836997,-0.58327687,-0.1584644,-0.46345404,-0.3349305,0.015733704,-0.30824137,-0.51262105,-0.56242275,-0.20432273,5.930018,-0.5739111,-0.32441014
ATGTCCACATAAGTTC-1_atac,-0.56704885,-0.90634036,-0.4723363,0.28412414,-0.59589946,-0.2289384,-0.54933345,-0.4715262,0.41452664,-0.37272364,-0.59019935,-0.6368424,-0.20390964,5.889267,-0.6476348,-0.34518516
ATGTTCAAGACTTATG-1_atac,-0.68527055,1.2167379,-0.7955154,2.8286293,4.803489,-0.35442322,-0.81986666,-0.68156505,-0.5616245,-0.67559135,-0.7886065,-0.7432748,-0.6706903,-0.69574,-0.727666,-0.6490216
ATGTTTGAGCCGCTAA-1_atac,-0.6989363,1.3971463,-0.77532154,2.7252789,4.98655,-0.28547776,-0.69770205,-0.64145416,-0.8186336,-0.61632365,-0.6488428,-0.6753073,-0.59396696,-1.2636911,-0.75776273,-0.6355549
ATTAACCCACAACAGG-1_atac,-0.5938856,-0.60922384,-0.74219954,0.75689703,5.3993044,-0.67479587,-0.47895116,-0.4171937,0.004821006,-0.54285866,-0.6163251,-0.39450336,-0.5766099,0.5394861,-0.48087102,-0.573091
ATTAACCCATTGTCAG-1_atac,-0.9737922,4.632576,0.9289354,4.698587,-0.5268744,-1.2924683,-1.0263777,-1.0666202,-0.55561066,-1.0296196,-1.0551327,-1.1847439,-1.2024292,1.8406874,-1.0244762,-1.1626412
ATTACCCGTGGAGCAA-1_atac,-0.585166,-0.8984685,-0.508603,0.43761533,-0.48585394,-0.29494596,-0.4896064,-0.4000506,0.16872339,-0.35327289,-0.6085769,-0.5726954,-0.32738125,5.769111,-0.45961294,-0.3912166
ATTACCCGTTTACCGT-1_atac,-0.75617546,-0.825768,0.21655254,5.6814322,-0.9358666,-0.6455663,-0.8132326,-0.83228767,-0.5688277,-0.8017433,-0.77929723,-0.8814298,-0.61671275,4.2123713,-0.8856355,-0.76781297
ATTACGTCATTAAAGG-1_atac,-0.57343537,-0.4338463,-0.6002813,0.82822347,-0.24493296,-0.40303272,-0.4962672,-0.5553283,0.006556779,-0.53192985,-0.49956965,-0.57021207,-0.3365367,5.53849,-0.5490688,-0.57882804
ATTAGCTCAGCAGGTA-1_atac,-0.41696888,-0.85236627,-0.6905287,-0.37044,5.462853,-0.5936292,-0.39192218,-0.31858742,0.37223446,-0.32890552,-0.34299457,-0.28237784,-0.53804666,-0.002590403,-0.26958996,-0.43613988
ATTAGGTGTCTCAGCC-1_atac,-0.6541068,-0.023178607,-0.6170124,2.0204263,-0.23613212,-0.6149454,-0.6758873,-0.58233654,-0.64480066,-0.59559727,-0.5608032,-0.6362959,-0.47087032,5.622944,-0.66040653,-0.6709972
ATTCAACCACTAGCGT-1_atac,-0.5249574,-0.45657945,-0.7667186,0.92596614,5.6813183,-0.665739,-0.50735617,-0.46135783,-0.061268553,-0.5449345,-0.64618367,-0.42603177,-0.57260644,0.05287455,-0.57361037,-0.45281482
ATTCAACCAGGAACAT-1_atac,-0.7902024,5.285539,-0.6882362,-0.48777372,-0.35939103,-1.1870005,-0.915385,-1.007782,-0.2666208,-0.9881785,-0.9142076,-0.73394966,-1.137684,5.955962,-0.77635264,-0.9887376
ATTCCGGAGCTACTGG-1_atac,-0.48301673,2.5275915,-0.26131168,-0.6814534,-1.1260285,-0.43706968,-0.4446044,-0.5090942,-0.38965824,-0.53458816,-0.4769137,-0.34346086,-0.5457158,4.7110906,-0.60191363,-0.403853
ATTCCTAGTATTGTGG-1_atac,-0.36805466,-0.5729616,-0.6367403,-0.12748563,4.6275687,-0.41554475,-0.28965783,-0.31087992,1.016631,-0.55730754,-0.4068324,-0.18883604,-0.5457181,-0.6276094,-0.28139648,-0.31517488
ATTCCTAGTCATAACG-1_atac,-0.53137946,-0.6312386,-0.49232835,1.0648618,-0.49328345,-0.19530544,-0.4972654,-0.43899256,-0.5497371,-0.39904225,-0.5643436,-0.5411069,-0.22074461,5.382048,-0.4381097,-0.45403254
ATTCCTAGTTGTTGGA-1_atac,-0.9339566,4.826661,-0.6267648,0.4272229,0.44204468,-1.3243369,-1.0134028,-1.0884223,0.002126716,-1.0696479,-1.0975468,-0.86584157,-1.3442605,5.5403414,-0.7767819,-1.0974348
ATTCCTCCAAGGTGGC-1_atac,-0.54652125,-0.43309534,-0.7128357,-1.1636136,4.0139923,-0.6811034,-0.4860557,-0.2939418,0.701098,-0.43798718,-0.32817796,-0.6783251,-0.58639,2.5964053,-0.3326275,-0.6308211
ATTCGTTTCCAGGAAA-1_atac,-0.7367712,3.4445598,-0.8314425,-0.18242952,-1.0265507,-1.082581,-0.71891135,-0.7751333,2.3577929,-0.7444344,-0.78772134,-0.42571768,-1.1980743,4.302314,-0.6818272,-0.91307175
ATTGACTCAATCCTGA-1_atac,-0.6060294,2.1378236,-0.60383904,0.44600242,-0.5509626,-0.70607567,-0.62435514,-0.5659734,0.5086206,-0.687888,-0.62713814,-0.468731,-0.75980043,4.399341,-0.5406336,-0.75036156
ATTGACTCACTTAGGC-1_atac,-0.588545,0.31498396,-0.63801086,1.289493,-0.30970886,-0.6972464,-0.49778736,-0.6288347,0.6564274,-0.6641407,-0.65209484,-0.5493747,-0.6945199,4.725757,-0.43224978,-0.63414824
ATTGACTCATCAGTAT-1_atac,-0.58859974,-0.7057183,-0.47278768,0.6344767,0.024407066,-0.2713272,-0.594173,-0.5401672,-0.58754486,-0.4686433,-0.6157526,-0.68442065,-0.114351854,6.2152734,-0.765302,-0.4653685
ATTGCACAGCCTGTTC-1_atac,-0.6495371,-0.996457,-0.9102998,0.39128536,4.6150594,-0.82770944,-0.25158992,-0.44965342,0.56765044,-0.42452192,-0.51162374,-0.47350958,-0.59056365,1.5982682,-0.49839082,-0.5884068
ATTGCAGGTGGGTACT-1_atac,-0.66149896,1.019248,-0.6419282,2.6790602,4.769864,-0.44395947,-0.6353656,-0.6096938,-0.72427857,-0.620637,-0.703967,-0.6745365,-0.5832817,-1.0536027,-0.57833457,-0.53708816
ATTGCTCGTAAGGTCC-1_atac,-0.52720404,-1.3178781,-0.81184363,0.10117331,4.9261174,-0.8699242,-0.30009675,-0.418827,0.38783538,-0.4405621,-0.45384842,-0.35162783,-0.6537874,1.7920462,-0.4282022,-0.6333705
ATTGCTCGTACGCGCA-1_atac,-0.6812175,1.0541006,-0.5803082,2.3110282,0.8011637,-0.8945763,-0.8403516,-0.7946295,-0.49738127,-0.88668585,-0.66890055,-0.7734318,-0.91059375,4.9464607,-0.70830625,-0.87637043
ATTGGCTAGTAAGTCC-1_atac,-0.3541881,-1.0085579,-0.11812863,-0.3781928,-0.7986331,0.016350567,-0.41645554,-0.31496665,-0.5385084,-0.2028484,-0.3451095,-0.324205,-0.011654228,5.6052465,-0.6461623,-0.16398674
ATTTGCAAGAGAAGGG-1_atac,-0.5995207,-0.6998187,-0.4655249,0.9371659,-0.5634322,-0.22225606,-0.53332895,-0.46250933,-0.43567014,-0.41026992,-0.6129192,-0.6501564,-0.23944351,5.964112,-0.6164254,-0.39000213
ATTTGCGCAGTTTGGC-1_atac,-0.5182317,0.5224502,-0.46455282,1.3774531,-0.5395473,-0.5370417,-0.5396327,-0.56431997,0.32603848,-0.6250115,-0.6826039,-0.5060672,-0.5023365,4.333964,-0.5237947,-0.5567658
CAAACACTCCACCCTG-1_atac,-0.49289086,-0.7827712,-0.444311,0.23174359,-0.6023557,-0.21791801,-0.4328054,-0.38609147,-0.096832424,-0.29448763,-0.49180695,-0.50344646,-0.24448118,5.5320296,-0.45426413,-0.3193114
CAAACACTCGTAACGT-1_atac,-0.8488717,3.068575,-0.35086298,2.6190867,4.292868,-0.2325592,-0.8152443,-0.85315716,-0.9111829,-0.9190446,-0.9956341,-0.7278623,-0.77483916,-0.8367777,-0.8941773,-0.82031643
CAAACATGTACTTAGG-1_atac,-0.8722639,3.4781075,-0.52925354,2.2114353,4.4383187,-0.114350036,-0.7744709,-0.76897717,-1.0500773,-0.76105726,-0.7783207,-0.7903271,-0.65108126,-1.5675521,-0.85609764,-0.6140324
CAAACCGTCAAGTGTC-1_atac,-0.39793193,-0.72078913,-0.28308964,-0.2643999,-0.9337951,-0.24592446,-0.32957435,-0.28697467,0.30812854,-0.2528597,-0.46591473,-0.24661209,-0.36684704,5.103249,-0.3898852,-0.22678022
CAAACGCGTTTGGCTT-1_atac,-0.7126462,-0.8755353,-0.72191226,0.7333937,5.208768,-0.9053381,-0.57948494,-0.70099175,-0.16362052,-0.4232138,-0.7266563,-0.5853594,-0.70094264,2.4850745,-0.62700593,-0.7045288
CAAACTGGTCCCGGAA-1_atac,-0.5696528,-0.7660241,-0.57076055,0.35762793,-0.4577369,-0.2027564,-0.47968554,-0.45017046,-0.21823397,-0.35474807,-0.5708786,-0.6009313,-0.23518506,6.130153,-0.60296553,-0.40805155
CAAAGCGCAGCCAGTT-1_atac,-0.30035362,-0.97092223,-0.49823248,-0.92466074,5.4694834,-0.48015165,-0.16342925,-0.2343749,0.49646387,-0.23051745,0.031357467,-0.29115534,-0.4926143,-0.91599655,-0.1292501,-0.3656462
CAAAGTGAGTAGGATG-1_atac,-0.8295331,-1.0171388,0.82220817,5.71128,-0.6061591,-0.9093765,-0.9212874,-0.86086,-0.43644688,-0.8511609,-0.96206594,-1.0022413,-0.8422586,4.4764314,-0.82027555,-0.9511156
CAAATCATCAGCAAGA-1_atac,-0.6051557,3.33632,-0.5638697,0.414857,-0.46345076,-0.8981788,-0.6416687,-0.68100214,0.09501736,-0.6615609,-0.68631554,-0.5438485,-0.957157,4.0930166,-0.5235858,-0.71341705
CAAATCATCTATGACA-1_atac,-0.4881233,-0.49380428,-0.6574451,1.04903,5.223005,-0.54980797,-0.56449246,-0.55636543,-0.20889227,-0.5185272,-0.5982678,-0.5436437,-0.6164354,0.5282725,-0.4056517,-0.5988511
CAACAATGTCATGCAA-1_atac,-0.54122204,-1.1839852,-0.69420975,-0.3380397,5.387718,-0.8212032,-0.2833836,-0.4893291,0.37736648,-0.4578833,-0.5189961,-0.36133987,-0.5965758,1.5381789,-0.4684372,-0.54865855
CAACAGGCAGCATGGA-1_atac,-0.76800203,-1.2394737,0.6802113,5.4351716,-0.4665989,-0.70923555,-0.85273266,-0.7541975,-0.536644,-0.8181994,-0.74564517,-0.8420639,-0.7250004,3.9893115,-0.85459673,-0.79230404
CAACCCGCACGCAACT-1_atac,-0.88575447,0.37942728,1.0346656,3.6578414,0.56287646,-0.980447,-0.710989,-0.84810853,-0.25785676,-0.84115475,-0.8316757,-0.8089945,-0.9383459,3.0284345,-0.68565464,-0.8742641
CAACTAATCCTTCGTA-1_atac,-0.55063355,-0.41221595,-0.7345066,2.1373518,4.1284513,-0.63284457,-0.5441356,-0.7029588,-0.27385154,-0.5445578,-0.5408225,-0.5194236,-0.7798573,1.1796042,-0.5727236,-0.63687575
CAAGACAAGGTATTGC-1_atac,-0.59540755,0.38480523,-0.5829924,0.90680945,-0.054559194,-0.69943446,-0.53181046,-0.55139434,0.7981025,-0.5774437,-0.6056,-0.5394868,-0.5807952,4.2878337,-0.4772596,-0.5813675
CAAGGCTGTACCGGAT-1_atac,-0.799915,5.3106985,-0.6375888,-0.74800557,-0.8185249,-1.3799965,-0.83783334,-0.8530928,-0.095075816,-0.9299663,-0.85365224,-0.5505514,-1.2343721,6.061015,-0.65281695,-0.98032206
CAAGGCTGTGAACAAA-1_atac,-0.83787894,1.1887152,-0.4366743,2.691221,0.92521876,-1.0942526,-0.9252141,-0.933657,0.111797154,-1.0267196,-0.9111554,-0.8378915,-1.136935,5.0297713,-0.8057762,-1.0005689
CAAGGGAGTGATCAGC-1_atac,-0.84216154,-1.0912297,1.2588447,5.594942,-0.6028853,-0.765708,-0.9275203,-0.9083049,-0.60292363,-0.9320936,-0.86217976,-0.84749067,-0.7769379,4.037294,-0.8659806,-0.8656647
CAAGGTAAGTCATTGA-1_atac,-0.6709925,-0.29834092,-0.2915756,1.1718719,0.21860844,-0.5012956,-0.57678235,-0.554805,0.061535433,-0.57820606,-0.633941,-0.627365,-0.5524346,5.056176,-0.62482744,-0.59762555
CAAGGTTTCAGTTCCC-1_atac,-0.8183677,-0.6463171,1.2464751,5.029116,0.21314201,-0.823722,-0.87844986,-0.75806314,-0.6659671,-0.8922173,-0.89111924,-1.0014435,-0.8610452,3.4149315,-0.791522,-0.8754306
CAAGGTTTCCCTGACT-1_atac,-0.5637274,-0.4196822,-0.6400247,0.76867795,-0.07844028,-0.51319885,-0.4810211,-0.5195634,-0.032755286,-0.4790749,-0.5495081,-0.60512453,-0.4298843,5.544049,-0.40270883,-0.5980126
CAAGGTTTCCGCCTAT-1_atac,-0.33407116,-1.1723902,-0.74433416,-1.0935711,4.7356825,-0.60388345,-0.24299772,-0.2827649,0.7778277,-0.22723922,-0.054810345,-0.24593088,-0.52711254,0.6455822,-0.2005353,-0.4294517
CAAGTATGTCGTTATC-1_atac,-0.3953933,-0.54179823,-0.7978114,0.16698249,4.722549,-0.6312332,-0.3574334,-0.48791188,0.29415557,-0.48431832,-0.37494326,-0.3005256,-0.5954031,0.52396035,-0.2751846,-0.46569145
CAAGTATGTGTTAAAC-1_atac,-0.36023694,-0.7667862,-0.40804434,-0.63079387,-1.0461602,-0.07986684,-0.39976835,-0.3588599,0.78474766,-0.2647801,-0.38393122,-0.30749616,-0.37242985,5.3520827,-0.56767684,-0.18999895
CAAGTGAAGCGCAATT-1_atac,-0.4398235,-0.9442764,-0.45762587,-0.25660616,-0.41918814,-0.25265825,-0.36592668,-0.32872236,-0.044478253,-0.27375358,-0.4827801,-0.45457333,-0.1913053,5.6578116,-0.45346957,-0.29262424
CAAGTGAAGTTCCTGC-1_atac,-0.76593727,2.7833714,-0.46247536,2.7633154,4.210988,-0.23330699,-0.8877614,-0.76645786,-0.7588528,-0.7514859,-0.91361207,-0.82614535,-0.6937102,-1.2230184,-0.8619533,-0.6129585
CAAGTTATCACCTGCT-1_atac,-1.0420518,3.4249482,2.0312817,4.1335874,0.64767706,-0.90271574,-1.0053117,-1.0826643,-0.8296969,-1.0542407,-1.0583932,-1.15622,-1.0445058,0.97972405,-0.9322302,-1.1091886
CAATAAGCAATGCCCG-1_atac,-0.41494521,-0.5107774,-0.56453085,0.7626254,4.9722486,-0.4391271,-0.3464137,-0.5225052,0.09092732,-0.34009504,-0.3027535,-0.36582157,-0.4830647,-0.77731156,-0.35232767,-0.40612757
CAATAAGCACTAGCGT-1_atac,-0.5344013,-0.84918165,-0.66087115,0.16111608,-0.42689195,-0.24677029,-0.44894508,-0.4108993,0.18417145,-0.35050267,-0.5893351,-0.5705333,-0.26608226,5.9374475,-0.54007816,-0.3882435
CAATAAGCAGCCTTGG-1_atac,-0.58578104,-0.2513458,-0.4029094,2.165945,0.12506184,-0.613007,-0.5185119,-0.5941369,0.19057482,-0.5410256,-0.603746,-0.574221,-0.4085229,3.8940089,-0.6824303,-0.59995216
CAATAAGCAGGTATTT-1_atac,-0.5825921,-0.8973819,-0.62099373,0.34851623,-0.4114782,-0.29415,-0.48744127,-0.4239708,0.26441184,-0.38341448,-0.6118808,-0.5982064,-0.23989552,5.917453,-0.57331836,-0.40565786
CAATCCCTCACATTGA-1_atac,-0.6072986,0.8417741,-0.711843,2.8752925,4.9243984,-0.40141663,-0.6986654,-0.6495142,-0.7755141,-0.69344735,-0.77919245,-0.7298063,-0.555485,-0.7280189,-0.7272004,-0.5840628
CAATCCCTCCCGCCTA-1_atac,-0.5483939,-1.1503446,-0.80549324,0.007008258,5.1191235,-0.7671137,-0.40584135,-0.43844455,0.52581674,-0.4281866,-0.507182,-0.3962887,-0.5951492,1.4213188,-0.438672,-0.5921575
CAATCGCCATTGTCCT-1_atac,-0.91451645,-0.75192666,-0.7715303,1.9300333,5.331823,-0.7123329,-0.7568778,-0.624686,-0.24787436,-0.47108513,-0.86317825,-0.62770236,-0.6410873,1.5694957,-0.7195597,-0.7289943
CAATCTAAGCTTCCCG-1_atac,-0.6229707,-0.8424947,-0.5049447,1.0400056,-0.3136568,-0.49058554,-0.6155753,-0.54160476,0.38413623,-0.47328356,-0.6500732,-0.6456244,-0.2711357,5.742486,-0.595368,-0.5993105
CAATGAACAAGCTAAA-1_atac,-0.69129336,3.203303,-0.7653874,-1.1771567,3.5047946,-0.92564416,-0.9800595,-0.8832621,0.87547845,-0.93203014,-0.33920854,-0.8883275,-1.0819303,2.4391778,-0.42769092,-0.9307631
CAATGAACATAATCCG-1_atac,-0.71271867,0.3225525,-0.80433947,1.3692343,0.27788147,-0.7507774,-0.62413466,-0.6870672,0.79862815,-0.7574219,-0.70631224,-0.61653507,-0.9324858,5.077462,-0.56419915,-0.68976694
CAATGACTCAAATCGC-1_atac,-0.44913346,-0.7867952,-0.5108568,-0.19862056,-0.60266554,-0.28185946,-0.439386,-0.34529588,0.58840156,-0.35017157,-0.5031562,-0.4863571,-0.21500587,5.4291396,-0.5491774,-0.2990601
CAATGACTCGAGCAAA-1_atac,-0.662382,-0.7032325,-0.5242758,1.0553753,-0.19091582,-0.40013298,-0.61489403,-0.58401144,-0.4585416,-0.46219507,-0.5968628,-0.6596558,-0.18133026,6.172717,-0.6828706,-0.5067915
CAATGTCAGGAACACA-1_atac,-0.7185636,0.37094298,-0.7095965,1.9814068,3.782743,-0.7233106,-0.63198483,-0.7056506,0.1518603,-0.5218766,-0.76079077,-0.61927146,-0.65877503,0.96643066,-0.48414463,-0.7194194
CAATGTCAGGCAACAA-1_atac,-0.4309628,-0.19158685,-0.26045743,1.1427863,-0.41702008,-0.38913757,-0.43395472,-0.4242292,-0.36885786,-0.37791598,-0.49508995,-0.41613644,-0.29398328,4.5645,-0.75332373,-0.45463014
CAATGTCAGGGCCATC-1_atac,-0.37704355,-0.8542031,-0.7244712,0.062442742,5.6480083,-0.6558857,-0.3823077,-0.3741057,0.30260634,-0.43652022,-0.38015014,-0.43703848,-0.49119973,-0.15067405,-0.301608,-0.44784975
CAATGTCAGTAGGATG-1_atac,-0.36096048,-1.0156533,-0.6168711,-0.3519932,5.2497663,-0.48917902,-0.29083884,-0.36253762,0.59531033,-0.32537872,-0.24042885,-0.32396507,-0.46261626,-0.3540036,-0.2582705,-0.39238
CACAAGCGTGATTACG-1_atac,-0.43102512,0.3973113,-0.4807419,0.7195231,-1.0189345,-0.40973982,-0.4935936,-0.37873366,0.056002505,-0.4301069,-0.45027456,-0.32475162,-0.39501205,4.5383654,-0.43859044,-0.4596981
CACAATATCAATTACG-1_atac,-0.5025674,-1.1054144,-0.30179602,-0.1608212,-0.5253234,-0.08547279,-0.38764188,-0.33449107,0.0032423362,-0.29843074,-0.51323164,-0.5699822,-0.091127455,5.6199923,-0.48969302,-0.2572415
CACAGGCTCTTAGCGG-1_atac,-0.6385499,-0.8170061,-0.6264285,0.521858,-0.45582303,-0.4611608,-0.48777828,-0.5133476,0.7522949,-0.40551186,-0.65671766,-0.5565697,-0.41918704,5.732282,-0.49372372,-0.47463033
CACAGGGAGGAACGGT-1_atac,-0.7658372,-0.8025409,-0.837028,1.7155616,5.112225,-0.838182,-0.6654947,-0.65411234,-0.21501812,-0.5886625,-0.6739446,-0.6471169,-0.80321085,2.0381129,-0.6284516,-0.7463
CACAGGGAGTTATGTG-1_atac,-0.3368234,-0.9057634,-0.65817535,-0.9343077,4.43713,-0.6215094,-0.2859037,-0.24381836,0.53893155,-0.23657902,-0.08254152,-0.23108019,-0.51394117,0.7689431,-0.23772053,-0.4568408
CACCAACCAATTGCGC-1_atac,-0.601735,1.6816162,-0.7194638,1.2568506,4.2679644,-0.6950919,-0.56288344,-0.5842039,-0.46446806,-0.6860576,-0.6731213,-0.619666,-0.821661,0.5500196,-0.7362573,-0.5918413
CACCGGTAGTGAACGA-1_atac,-0.4861887,-1.1049991,-0.28808177,-0.12489745,-0.41115683,-0.08895187,-0.4280377,-0.3182056,-0.160395,-0.318648,-0.46155882,-0.496736,-0.14820051,5.6373596,-0.54105777,-0.26024482
CACCTCAGTTTGGGCG-1_atac,-0.56867236,-0.57333297,-0.23902121,2.0738952,-0.46332562,-0.23622862,-0.5072604,-0.40814376,-0.4834206,-0.35244524,-0.44359,-0.5525673,-0.5419774,4.1953955,-0.4287352,-0.47057033
CACCTGTTCCAACTGG-1_atac,-0.5548234,-0.8515905,-0.5467869,0.96439385,-0.54671204,-0.28196162,-0.50199366,-0.44974127,0.015637137,-0.3298753,-0.60664237,-0.5723498,-0.24916705,5.4844637,-0.58008087,-0.39277014
CACTAGCCAATAATCC-1_atac,-0.6433247,-0.35410547,-0.7542584,-0.58697164,4.048708,-0.55546385,-0.6919231,-0.40849292,0.5854592,-0.61496335,-0.37207645,-0.63443017,-0.7324778,2.8746266,-0.5437272,-0.6165785
CACTAGCCATAAAGCA-1_atac,-0.66371554,-0.7050518,-0.45650315,1.2129345,-0.42234027,-0.3841272,-0.56270677,-0.55696243,-0.42794257,-0.5042954,-0.5571307,-0.61006606,-0.21428998,6.008968,-0.6365763,-0.5201943
CACTTTGTCAGCTAAC-1_atac,-0.42494485,0.812616,-0.5827994,1.8718145,4.518785,-0.307024,-0.62242794,-0.51917934,-0.5997202,-0.6258631,-0.47511533,-0.49637738,-0.53237486,-1.0213424,-0.51759523,-0.47845122
CAGAACCGTGCTTAGA-1_atac,-0.53867805,0.70687675,-0.67471004,1.3802742,4.6115003,-0.25546527,-0.54079604,-0.5933533,-0.84036505,-0.5214516,-0.50126183,-0.5453403,-0.53066576,-0.06586778,-0.6608268,-0.42986944
CAGATTCAGGAGTAAT-1_atac,-0.59536815,-0.18691115,-0.5679108,1.1030301,4.472422,-0.64147615,-0.58710843,-0.6850094,-0.4088344,-0.6614894,-0.63772786,-0.4996159,-0.71369106,1.6954802,-0.5980589,-0.48773062
CAGCAAGCACTTAGGC-1_atac,-0.490748,-0.49268013,-0.6732219,0.4513948,5.1173673,-0.7056649,-0.5082944,-0.52198106,0.4688847,-0.5233441,-0.5741512,-0.4550401,-0.6072277,0.2994094,-0.3100059,-0.47469676
CAGCATTAGTCGCTAG-1_atac,-0.51488686,-0.9390112,-0.40604475,0.4069009,-0.34055796,-0.28575802,-0.41720173,-0.42487594,-0.13202184,-0.35880065,-0.5663645,-0.61870515,-0.23642549,5.662893,-0.48433796,-0.34480157
CAGCCAATCCTGCGAA-1_atac,-0.53749347,-0.22482027,-0.4796915,0.6269553,-0.38571423,-0.31529766,-0.5268986,-0.47054553,-0.4478984,-0.43033093,-0.52202696,-0.5131545,-0.3010586,5.5783496,-0.5870798,-0.4632941
CAGCCTAAGCCTGTGA-1_atac,-0.63975453,1.6132281,-0.700389,1.5844265,-0.44995883,-0.69373214,-0.6909791,-0.65237105,0.12631993,-0.6443572,-0.6684675,-0.5992526,-0.84466565,4.5740027,-0.6267835,-0.68726635
CAGCCTAAGGTCCACA-1_atac,-0.40540123,-1.0414221,-0.2427699,-0.46069926,-0.750896,-0.053493857,-0.36863923,-0.28391427,-0.1363608,-0.30533686,-0.43669754,-0.41195065,-0.12029174,5.7327056,-0.5269471,-0.1878855
CAGCTAAGTTGAAGCC-1_atac,-0.5885675,2.6607957,-0.4789361,2.527288,4.134306,-0.14430791,-0.67845374,-0.6325428,-0.86425304,-0.79813176,-0.69759035,-0.73911756,-0.6621512,-1.6497247,-0.78071064,-0.6079022
CAGCTCAAGAGGAGGA-1_atac,-0.7387853,4.6389475,-0.75883055,-0.53150463,-0.49817127,-1.0486376,-0.76752275,-0.7941125,-0.1793477,-0.77920264,-0.8812387,-0.51224023,-1.1643431,5.4416475,-0.6277104,-0.7989477
CAGGAAGGTCCTTCTC-1_atac,-0.4031211,-0.6976881,-0.69781625,-0.850467,4.4175544,-0.60694367,-0.31459796,-0.31467682,0.4545173,-0.30517554,-0.10838381,-0.31061947,-0.5747245,0.9497549,-0.14519052,-0.49242175
CAGGACCTCCGTCCAT-1_atac,-0.2989952,-0.59460765,-0.5748523,0.49216208,4.388958,-0.45225477,-0.47003794,-0.35873666,0.8170169,-0.5415476,-0.5080406,-0.23101783,-0.52215904,-0.38466254,-0.44910544,-0.31211907
CAGGCTATCCGCAAGC-1_atac,-0.66718745,0.24704191,-0.70967245,1.4574476,-0.26020375,-0.6635145,-0.64153063,-0.65438783,0.6727762,-0.57650876,-0.76865876,-0.63457227,-0.62933326,4.942673,-0.49011663,-0.6242528
CAGGGTGAGCATGTCG-1_atac,-0.805853,5.211552,-0.59814566,-0.16067947,-0.54966176,-1.2681059,-0.8825367,-0.9030135,0.27124137,-0.937915,-0.9508962,-0.6832463,-1.4204215,5.459227,-0.7137736,-1.0677718
CAGGTCCAGAGAGCCG-1_atac,-0.8893593,-0.32692724,0.09723731,4.232175,-0.75646454,-0.7992934,-0.7960249,-0.7377216,0.2307094,-0.8055635,-0.7753839,-0.8135996,-0.7965,4.1624203,-0.49058393,-0.7351199
CAGGTCCAGGTCGAGG-1_atac,-0.8546014,-0.586614,-0.7012346,2.0498958,5.3398104,-0.60135615,-0.5449089,-0.6108606,-0.43162218,-0.5006143,-0.9363812,-0.60005665,-0.56437933,1.0971477,-0.8501272,-0.7040969
CAGGTGGAGCAGCTCA-1_atac,-0.573297,-0.93993676,-0.60863245,0.19244802,-0.31035498,-0.20582846,-0.48048255,-0.4416307,0.18852378,-0.34333646,-0.6097069,-0.6151458,-0.26544425,5.9496603,-0.5708735,-0.3659622
CAGGTGGAGGAGGCAT-1_atac,-0.60867846,-1.0559372,-0.75507534,-0.1887759,5.2938924,-0.82123744,-0.43351656,-0.50892174,0.40983295,-0.48991746,-0.54703695,-0.4763853,-0.59201354,1.845169,-0.43647963,-0.6349191
CAGGTTTAGTATTGTG-1_atac,-0.62043005,-0.041,-0.50061953,1.1422964,-0.23127775,-0.43567902,-0.5862753,-0.5300266,0.05779893,-0.5345047,-0.6576618,-0.5622029,-0.47116905,5.138511,-0.62211007,-0.54565024
CATAGACTCCATTACT-1_atac,-0.7953578,5.1487355,-0.60890317,-0.48836386,-0.2850095,-1.2233015,-0.8748019,-0.9446546,-0.16818023,-0.92431545,-0.90084636,-0.68743837,-1.3391657,5.862055,-0.75087684,-1.0195745
CATAGACTCCTACCTA-1_atac,-0.61295235,-0.98057044,-0.49050543,0.15218899,-0.030938417,-0.34219155,-0.4532459,-0.38679972,0.36126563,-0.3156695,-0.6154789,-0.5211054,-0.43778327,5.5389123,-0.52073705,-0.34438887
CATAGGCGTCATCCTG-1_atac,-0.41257536,-0.2790522,-0.74498314,-1.4218705,4.209692,-0.7282966,-0.25009507,-0.24056676,0.763851,-0.42315292,-0.04767226,-0.37079656,-0.704843,1.250419,-0.09437297,-0.50568473
CATAGGCGTCCGTGAG-1_atac,-0.59448063,-1.1537472,-0.73823476,-0.6153126,5.1542587,-0.8311789,-0.33994246,-0.38521928,0.68756604,-0.47065845,-0.5190425,-0.46248057,-0.59817004,1.977871,-0.47804418,-0.6331842
CATAGGCGTTACTTCA-1_atac,-0.34856093,-0.27770138,-0.09657478,-0.3332744,-1.0136297,-0.10455373,-0.37350237,-0.2155,-0.12480387,-0.26850918,-0.3831464,-0.13289273,-0.28348657,4.5730867,-0.4041435,-0.21280742
CATAGGTTCTGTTGCC-1_atac,-0.4446125,-0.7265752,-0.46979773,-0.08140722,-0.55571043,-0.18405364,-0.3412035,-0.27669466,0.04204002,-0.31096435,-0.4679488,-0.42279047,-0.3556897,5.1616826,-0.34769332,-0.21858142
CATAGTCAGCTCAAAC-1_atac,-0.63540405,1.1425709,-0.809386,2.989364,4.8003426,-0.28727806,-0.6837133,-0.63021666,-0.86805403,-0.717665,-0.74866474,-0.7573464,-0.5933838,-0.91353416,-0.69549245,-0.5921386
CATATCGCAAATTCGT-1_atac,-0.58785564,-0.5020862,-0.77979237,-0.92294365,4.06674,-0.5046571,-0.65212804,-0.37685025,0.52898216,-0.46131814,-0.51587427,-0.65123177,-0.61434245,2.9947746,-0.3686667,-0.65275013
CATATCGCACTAAGTT-1_atac,-0.5400876,1.5290748,-0.9149591,-1.397225,3.5491009,-0.6839268,-0.6866214,-0.37138772,0.7422068,-0.38966888,-0.35163322,-0.65943503,-0.73871326,2.083256,-0.35176206,-0.8182179
CATATCGCACTTCATC-1_atac,-0.8006632,5.3356915,-0.6106501,-0.70587313,-0.5640811,-1.3248589,-0.8476368,-0.82849145,0.2475219,-0.96231514,-0.95494217,-0.5775953,-1.3450269,5.6625443,-0.68348134,-1.0401423
CATCACACATGCTCCC-1_atac,-0.6641696,3.9614923,-0.6173555,0.07336629,-0.579475,-1.0146122,-0.72496146,-0.8192446,0.62619597,-0.76383686,-0.7405843,-0.5760602,-1.1803195,4.55883,-0.624105,-0.9151599
CATCATAAGTACTGGT-1_atac,-0.8012042,-1.2522488,1.7025962,5.3799562,-0.4714043,-0.79163396,-0.8713076,-0.8371067,-0.66325784,-0.81145096,-0.9125472,-1.0244999,-0.79522616,3.7964694,-0.851814,-0.7953202
CATCATGCACTGACCG-1_atac,-0.7925174,0.63989383,-0.7783391,2.639564,5.34878,-0.39621055,-0.919441,-0.63783306,-0.6053861,-0.72832084,-0.7904404,-0.6243092,-0.6047741,-0.12197678,-0.91895175,-0.7097379
CATCCTCAGACTTATG-1_atac,-0.36469144,-0.40744245,-0.11578584,-0.34296006,-0.7241942,-0.10374415,-0.40454608,-0.26651892,-0.023495153,-0.26568845,-0.37725997,-0.23199081,-0.25179398,4.565279,-0.38707548,-0.29809195
CATCCTGGTACGGGTT-1_atac,-0.60673,-1.0034069,-0.7399043,0.6258261,4.9414473,-0.7721212,-0.34773514,-0.4002235,0.146129,-0.652997,-0.5508375,-0.4916477,-0.6479734,1.5347825,-0.43539166,-0.5992166
CATCCTGGTTACTTGC-1_atac,-0.47110385,-0.54626554,-0.5997269,-0.19035289,-0.47706664,-0.37508819,-0.38565063,-0.30599937,0.5973795,-0.33175236,-0.53369284,-0.36487222,-0.3539166,5.04125,-0.3463444,-0.3567971
CATCCTTCACCCACAG-1_atac,-0.56358194,1.7256769,-0.92761207,1.0158099,4.3916607,-0.6770469,-0.60275024,-0.7570118,0.52449065,-0.909532,-0.6386885,-0.5953427,-0.74466795,0.064472124,-0.5682141,-0.7376618
CATGCGCAGGAGTCGG-1_atac,-0.8080361,1.299852,-0.4697295,2.8810008,4.4582133,-0.29056978,-0.709944,-0.5040928,-0.80553985,-0.6161684,-0.50614285,-0.62988186,-0.60230863,-1.4179143,-0.7194853,-0.5592531
CATGGATTCAAGCTTA-1_atac,-0.85141057,-0.60163236,1.0287457,4.792252,0.7248225,-0.7703408,-0.8737943,-0.82723445,-0.5036465,-0.8946768,-0.9257411,-1.0246849,-0.897838,3.283472,-0.7440111,-0.91428113
CATGGATTCATAACCA-1_atac,-0.556251,-0.5628682,-0.5529306,1.5582067,-0.2198114,-0.4995426,-0.6093441,-0.58225787,-0.4883368,-0.5264936,-0.56984204,-0.6353405,-0.37592512,5.7914734,-0.5884424,-0.58229303
CATTATCTCAGTTCCC-1_atac,-0.5613818,-0.7927246,-0.48964885,0.23599179,-0.39852175,-0.3306927,-0.5167048,-0.42672244,0.20942342,-0.3855621,-0.5755414,-0.6048088,-0.30613512,5.790764,-0.46691385,-0.38082135
CATTCATTCGCATTAA-1_atac,-0.70516586,-0.19306259,-0.87900114,-1.3453639,4.207708,-0.68337905,-0.670056,-0.23908013,0.8208293,-0.42746657,-0.38203242,-0.72330856,-0.7193645,2.956137,-0.3431901,-0.67420363
CATTGCGAGCATGTCG-1_atac,-0.22882375,-0.6211622,-0.5976313,0.114645444,4.3438206,-0.2683046,-0.33978248,-0.24635091,0.48669574,-0.2163097,0.15827349,-0.38565475,-0.5033103,-1.4408069,0.06226003,-0.31755862
CATTGCGAGTAACGGA-1_atac,-0.22586998,-0.33090186,-0.50718457,-0.67595845,4.2519107,-0.5439342,-0.450279,-0.25737917,0.5360446,-0.3197384,0.31613308,-0.38874358,-0.5383428,-0.5838101,0.13027991,-0.41222596
CATTGTAAGGACCGCT-1_atac,-0.8091266,1.5676881,-0.7073752,2.04149,1.0308067,-1.0597548,-0.89969015,-0.85858715,0.38913172,-0.9802825,-0.8404924,-0.8295504,-1.1542014,4.7544637,-0.6276793,-1.0168399
CATTGTAAGGCAGGTG-1_atac,-0.24301064,-0.33506507,-0.5724876,-1.4527457,4.540904,-0.36114198,-0.26675725,-0.16970685,0.593504,-0.123488255,0.6648693,-0.2659604,-0.5497506,-1.3225033,0.07695472,-0.21361417
CATTTGTTCTAAGTGC-1_atac,-0.7970553,4.7604566,-0.6919396,-0.21638891,-0.3003888,-1.207853,-0.83546686,-0.89830166,0.45845303,-0.9348078,-0.94716966,-0.6489241,-1.30507,5.210114,-0.6219334,-1.0237241
CCAAACCCAAACGCGA-1_atac,-0.7008867,2.1891365,0.024405124,0.98749125,-0.2533985,-0.7309481,-0.71369565,-0.7375377,0.080069765,-0.81074995,-0.74811447,-0.687453,-0.8655308,4.4225254,-0.63612986,-0.8191831
CCAAACCCACCTGTAA-1_atac,-0.54972184,-0.80063546,-0.5437623,1.0493727,-0.35500386,-0.3717133,-0.5085987,-0.44876775,-0.026492909,-0.4207103,-0.57684815,-0.6024226,-0.32052845,5.477408,-0.5667789,-0.43479624
CCAAACCCATAGACTT-1_atac,-0.6223059,-0.32841736,-0.65014255,1.9821248,-0.048382923,-0.5861609,-0.6578545,-0.5278292,-0.12666868,-0.5059116,-0.58900064,-0.6030622,-0.47875857,4.959994,-0.59952766,-0.6180962
CCAAATCAGGTCCGTA-1_atac,-0.78441,4.568772,-0.59356797,-0.42494625,0.1769434,-1.0192099,-0.8728949,-0.9247685,-0.5436954,-0.9191666,-0.8583037,-0.759271,-0.990313,5.5531163,-0.68812114,-0.9201626
CCAACATAGGCCCAGT-1_atac,-0.5341362,-0.86907613,-0.48986393,0.49927968,-0.26110625,-0.26762068,-0.4700238,-0.41649348,-0.14088708,-0.3440798,-0.5739111,-0.57392156,-0.26241595,5.550358,-0.49232066,-0.35378093
CCAACCAAGCGCTAAT-1_atac,-0.5586036,0.6498787,-0.78435266,2.8659182,4.715617,-0.45874614,-0.58472013,-0.67695034,-0.9447484,-0.694513,-0.74250734,-0.6767025,-0.70261586,-0.16391876,-0.72037154,-0.52266383
CCAACCCGTGCAATGC-1_atac,-0.55193925,-0.8479128,-0.63437223,0.5357925,-0.33527306,-0.39705133,-0.5090759,-0.463542,0.444897,-0.39642224,-0.62317014,-0.61523616,-0.30847925,5.623146,-0.52494705,-0.39641392
CCAACCCGTGTGAGGA-1_atac,-0.43674386,-0.6058966,-0.47879124,0.36019182,-0.4664138,-0.34656823,-0.3981797,-0.32134038,0.38231766,-0.36682093,-0.496948,-0.3777209,-0.50942,4.8096824,-0.35085213,-0.3964963
CCAAGTTAGTAACCAC-1_atac,-0.3982846,-0.40310064,-0.57943153,0.24059406,5.421455,-0.42788607,-0.5609412,-0.44442123,-0.11940965,-0.31417355,-0.26871467,-0.43847543,-0.5002745,-0.4765045,-0.3097604,-0.42067093
CCACAGGGTTAGCGTA-1_atac,-0.8808336,-0.86073285,0.48543793,4.795627,-0.47081065,-0.82880676,-0.7878936,-0.75402385,-0.23351763,-0.8673478,-0.85190433,-0.79183036,-0.8116785,4.376102,-0.5851951,-0.93259233
CCACATTGTATGTGGC-1_atac,-0.5881841,0.6051119,-0.7686089,2.1493223,4.7347913,-0.52026176,-0.64682025,-0.63105386,-0.6390566,-0.6257649,-0.7008477,-0.6465189,-0.6383324,0.1761645,-0.7296356,-0.5303049
CCACTTGGTGGTTCTT-1_atac,-0.55735826,-0.20272014,-0.5919999,0.7648411,0.05298289,-0.5117408,-0.5576988,-0.4835512,0.5723473,-0.53055435,-0.6010074,-0.48757857,-0.6600869,4.7465005,-0.46834296,-0.48403198
CCAGACTCAGTTATCG-1_atac,-0.49932313,-0.7214937,-0.39803284,0.1876548,-0.53849053,0.029702142,-0.5106616,-0.40047395,-0.39645666,-0.40800458,-0.51491356,-0.54529715,-0.12180138,5.751994,-0.5987466,-0.31565467
CCAGACTCATAGCGGA-1_atac,-0.5210899,-0.6049762,-0.44573185,0.7572446,-0.23396999,-0.31952497,-0.45217702,-0.44039145,0.08614322,-0.4695283,-0.53012705,-0.4924359,-0.35467902,4.9002585,-0.45717874,-0.42183593
CCAGACTCATTGCGAC-1_atac,-0.78310436,1.1061399,-0.55546266,2.1206913,5.4944177,0.030168815,-0.56961465,-0.70283777,-0.5246463,-0.8309381,-0.7951449,-0.5920123,-0.491013,-1.5767887,-0.65382075,-0.67603415
CCAGCCTGTTCACCCA-1_atac,-0.49394006,-0.698817,-0.4780671,0.44131953,-0.31993505,-0.41168857,-0.44820774,-0.33354712,0.29956216,-0.38069922,-0.519483,-0.38690192,-0.5181501,4.9780064,-0.4058408,-0.32361025
CCAGCCTGTTTAGCGA-1_atac,-1.0070511,4.0977507,-0.24220783,4.1656876,4.5387726,-0.24175471,-1.1794457,-1.0197456,-1.1792132,-0.9974067,-1.1941696,-1.133981,-0.7659112,-1.671475,-1.2948438,-0.8750056
CCAGCTAAGCCGCTTT-1_atac,-0.8794669,-0.58908105,1.6743469,4.55082,0.58230627,-0.97000337,-0.7894452,-0.806311,-0.45622206,-0.8510249,-0.84959966,-0.9398198,-0.81912357,2.8103507,-0.80123377,-0.8664923
CCAGCTGCACCAACCG-1_atac,-0.6252049,-0.5964539,-0.3500269,2.2563548,0.24351895,-0.6867252,-0.5343388,-0.68864864,0.08833281,-0.4011937,-0.6765288,-0.73510253,-0.4292152,4.328582,-0.5871169,-0.60623306
CCAGGAACAAACTAAG-1_atac,-0.25734013,-0.91077554,-0.65812737,-0.8928475,5.3254147,-0.4400142,-0.19279975,-0.2521263,0.66302264,-0.112951264,-0.038410533,-0.2630237,-0.4219101,-0.9959873,-0.1850932,-0.3670301
CCAGGAACATAATCAC-1_atac,-0.58331466,-0.84850466,-0.47870156,0.93805695,-0.45474944,-0.23074883,-0.5221709,-0.43543127,-0.35846278,-0.37968066,-0.55933475,-0.5992001,-0.26133513,5.880217,-0.68688786,-0.41975132
CCAGGATGTGGTGAGA-1_atac,-0.5699642,-0.74491143,-0.55935574,1.7820455,-0.11861339,-0.41488138,-0.5978699,-0.5323478,-0.20556796,-0.469856,-0.6182753,-0.59895706,-0.5143527,5.2622385,-0.5798192,-0.51951206
CCAGGATGTTGGTTAG-1_atac,-0.7279201,-0.049935237,-0.71211123,3.0741692,5.1407413,-0.46698248,-0.5799213,-0.6346353,-0.6231262,-0.7062546,-0.6709484,-0.74932575,-0.6061801,-0.3411246,-0.7308543,-0.6155912
CCAGTTTGTAGTCAAT-1_atac,-0.44345722,-0.5946636,-0.619828,1.136413,5.131143,-0.48909566,-0.39907715,-0.5681788,-0.4249883,-0.5204612,-0.6312442,-0.44817236,-0.52201533,0.36903405,-0.4777346,-0.49767408
CCATAAGGTTTGTCTA-1_atac,-0.54036087,3.885782,-0.5062933,-0.38540822,-0.87857795,-0.9060297,-0.5611744,-0.6069898,-0.36500794,-0.63658315,-0.6350099,-0.37048584,-0.95086694,4.831438,-0.5684405,-0.8059916
CCATAATCAGCGCTTG-1_atac,-0.5202949,-0.46610144,-0.4146414,-0.68816805,2.7765622,-0.5546465,-0.6236489,-0.56784356,0.8268484,-0.5331631,-0.53900933,-0.6151742,-0.6972933,3.5157285,-0.30856228,-0.59059215
CCATAGCCAATAAGCA-1_atac,-0.7741779,4.889639,-0.5253271,-0.16076836,-0.626685,-1.2191601,-0.7440765,-0.8250997,-0.013934642,-0.8714955,-0.84338427,-0.67197716,-1.2772758,5.2955246,-0.6644279,-0.9673737
CCATAGCCAATTGACT-1_atac,-0.5923736,-1.1299233,-0.6458639,-0.72901106,4.924567,-0.8682528,-0.33190334,-0.43743214,0.69265014,-0.4707721,-0.57567656,-0.35052785,-0.65741307,2.158444,-0.3736797,-0.6128315
CCATCACTCGGTTTGG-1_atac,-0.59649175,0.7226534,-0.6275737,1.7593428,0.17594126,-0.7192198,-0.6768501,-0.5856755,0.60266376,-0.6198737,-0.62176424,-0.57156205,-0.8414052,3.7097442,-0.44634807,-0.66358143
CCATCATGTGCTTAGA-1_atac,-0.4723626,0.16809481,-0.63115716,1.7040533,4.773697,-0.2069746,-0.4916415,-0.5013509,-0.68096006,-0.47795507,-0.47468874,-0.45240662,-0.48639318,-0.7946341,-0.5520308,-0.4232895
CCCAAACCAGAAATGC-1_atac,-0.3293538,-0.91026914,-0.6212622,-0.17757523,5.319153,-0.4223977,-0.2065852,-0.282134,0.11051522,-0.19835299,-0.056273535,-0.31128436,-0.51088846,-0.8453908,-0.17705722,-0.38084388
CCCAAACCAGGATTAA-1_atac,-0.58453053,0.5922336,-0.69043916,2.2377603,4.6385016,-0.10210134,-0.5472003,-0.49553162,-0.7493601,-0.62773156,-0.7334078,-0.6591441,-0.5020783,-0.5214577,-0.78261083,-0.47290212
CCCAAATAGTGAGCGG-1_atac,-0.6175251,-0.8296749,-0.6437531,-0.1773097,-0.8314228,-0.48997754,-0.40438825,-0.31605554,1.9904841,-0.3392319,-0.6725118,-0.40954447,-0.6347904,5.023053,-0.3497696,-0.29758197
CCCAACCGTCCTAAGA-1_atac,-0.60885555,-0.7328603,-0.60521215,1.0200766,-0.35901624,-0.32074195,-0.5183358,-0.45072734,-0.23765443,-0.44198465,-0.6139507,-0.650901,-0.28623247,5.821358,-0.60081005,-0.41415244
CCCAGTTTCTGTTGCC-1_atac,-0.7812429,3.9203992,-0.736728,0.47087228,0.20882747,-1.0563346,-0.86202586,-0.90573233,-0.42780837,-0.9615345,-0.80475193,-0.78323054,-0.9055507,5.3007584,-0.715499,-0.96041846
CCCAGTTTCTTGGACG-1_atac,-0.89023197,0.19741443,-0.57415736,3.8194091,1.7200584,-1.088344,-1.0486052,-0.9647778,-0.71701545,-0.87808526,-0.9202043,-0.9363755,-0.9547782,5.1114335,-0.8976685,-0.9780725
CCCATAACAGGAACCA-1_atac,-0.5441712,-0.51385146,-0.4350835,1.6224248,1.0302346,-0.57104886,-0.44248575,-0.4885453,-0.62230694,-0.44071072,-0.5830969,-0.5034204,-0.40535587,3.9513493,-0.5361621,-0.5177697
CCCGTAAAGTTAGAGG-1_atac,-0.50861216,-0.6065916,-0.48998109,0.50411415,-0.33250043,-0.36376926,-0.4397094,-0.39027324,0.81036234,-0.44366357,-0.555568,-0.47820023,-0.4698299,4.4951787,-0.2942194,-0.4367366
CCCGTTGTCAACAAGG-1_atac,-0.740918,0.09843044,-0.82845056,2.5093405,5.0916805,-0.58481234,-0.5387023,-0.7027417,-0.28164947,-0.6522647,-0.7682628,-0.664217,-0.75716233,0.21219355,-0.7216298,-0.6708341
CCCTCACCAACACCTA-1_atac,-0.61377424,0.6740371,-0.607697,1.5766735,0.07706624,-0.67321557,-0.62290835,-0.5530063,-0.23135178,-0.6075319,-0.63514256,-0.5174288,-0.7615275,4.5484467,-0.4299959,-0.62264353
CCCTCACCACTAAGTT-1_atac,-0.45390594,-0.8945408,-0.32635933,-0.144401,-0.6795378,-0.015273586,-0.39012015,-0.26312143,0.35647014,-0.29138404,-0.49559933,-0.5041295,-0.26116085,5.17347,-0.539959,-0.27044702
CCCTCACCAGGCTAGA-1_atac,-0.8083155,4.443608,-0.60202575,-0.25282258,-0.2727934,-1.0567168,-0.8396512,-0.858123,-0.00418368,-0.91242194,-0.8051533,-0.6937529,-1.024584,5.267692,-0.68857676,-0.89217836
CCCTCAGTCATTTGTC-1_atac,-0.6019541,-0.7531189,-0.6273426,1.4253422,-0.2917015,-0.40190893,-0.58389896,-0.5211174,0.027020857,-0.51730144,-0.6080059,-0.620441,-0.4347396,5.640728,-0.60583556,-0.5257256
CCCTCATAGCTATTAG-1_atac,-0.18110876,-0.97822315,-0.57176673,-0.77498156,4.953988,-0.5555069,-0.15229863,-0.24029881,0.4315247,-0.14497636,0.14515194,-0.25303996,-0.40993628,-0.8436122,-0.10223423,-0.3226812
CCCTGTTAGCTGTCAG-1_atac,-0.58136535,-0.70299304,-0.6296841,1.176852,-0.29646248,-0.426049,-0.5029387,-0.4685768,0.646855,-0.49445128,-0.6422806,-0.58796686,-0.57260394,5.0003896,-0.45850873,-0.46021587
CCCTTAATCGATCAGT-1_atac,-0.8201659,5.0569396,-0.75825787,-0.4600541,0.21954724,-1.2268203,-0.89938396,-0.9752709,0.18861884,-0.98288685,-0.9624035,-0.80725265,-1.2752334,5.4947476,-0.71028906,-1.0818342
CCGCAAATCTCGCCCA-1_atac,-0.6595409,0.07912868,-0.36991882,2.5397038,3.4075553,-0.66416526,-0.64019966,-0.65633583,-0.21904111,-0.6928706,-0.5889145,-0.6723541,-0.71536064,1.089469,-0.6049229,-0.6322323
CCGCAAGGTTCAAGCA-1_atac,-0.5282341,-0.8818126,-0.42808646,0.22007555,-0.21964389,-0.24403399,-0.43505293,-0.40343797,-0.20713097,-0.3518732,-0.5917669,-0.5814443,-0.2707936,5.773383,-0.46685767,-0.3832903
CCGCACACATGAGCAG-1_atac,-0.50626606,-0.8294588,-0.8013348,0.6253728,4.9837317,-0.6937157,-0.30076295,-0.44405758,0.26352093,-0.457671,-0.5274286,-0.34303272,-0.5824157,0.45863742,-0.35876662,-0.48635215
CCGCCAACAACCCTCC-1_atac,-0.61999065,0.7735162,-0.5264121,1.7445452,-0.13756154,-0.7058512,-0.6456643,-0.6271343,-0.14505132,-0.5780178,-0.5786132,-0.5712422,-0.61561894,4.358692,-0.5110357,-0.6145598
CCGCTAAAGCTGGAAA-1_atac,-0.8169582,-1.011648,0.69748706,5.3146553,-0.53236026,-0.75726855,-0.7290004,-0.68318063,-0.621822,-0.77334034,-0.8089465,-0.8637919,-0.66484135,3.7580326,-0.7484073,-0.75860965
CCGCTAGCATGCTATG-1_atac,-0.5568001,-0.88295364,-0.6276108,0.71561027,-0.3630926,-0.41084883,-0.46554843,-0.41787454,0.4583865,-0.3889646,-0.6282171,-0.5039066,-0.42755333,5.477005,-0.49896118,-0.47867015
CCGCTTAGTATCTGGA-1_atac,-0.6355095,0.23660466,-0.6636141,1.6583213,0.3625512,-0.8495252,-0.6639738,-0.6139557,1.091491,-0.6112783,-0.68447024,-0.66588295,-0.8643119,4.138635,-0.5073731,-0.72770864
CCGGTAGGTACTAAAC-1_atac,-0.68491256,-0.33164284,-0.5284388,1.6003921,2.4086518,-0.69147587,-0.526795,-0.68064356,0.066029176,-0.56650233,-0.6791539,-0.60317314,-0.50344515,2.7498646,-0.4985421,-0.53021216
CCGGTTAAGGAAGTAT-1_atac,-0.592958,-0.49418214,-0.53837574,2.646563,-0.12657008,-0.6115916,-0.59947336,-0.6001079,-0.20180744,-0.62256515,-0.561198,-0.595459,-0.5589299,4.687201,-0.6277263,-0.60281956
CCGGTTAAGGCCTAAT-1_atac,-0.5981641,-0.66663444,-0.92465687,-2.0010715,3.947355,-0.63946295,-0.39566743,-0.40847656,1.4514965,-0.4870573,-0.39974853,-0.52405655,-0.62821364,3.0776625,-0.25794894,-0.54535544
CCGGTTAAGTCAGGCC-1_atac,-0.20548242,0.04486662,-0.09823066,-0.7588178,-1.0642105,-0.31375107,-0.07979427,-0.040754125,-0.3804781,-0.13187504,-0.047557563,0.007963583,-0.38387385,3.9269288,-0.28026193,-0.19467178
CCGGTTAAGTTTGGTA-1_atac,-0.7437836,-0.7526583,-0.5558564,1.693474,-0.103708506,-0.3693031,-0.7478318,-0.5919675,-0.8724769,-0.50694966,-0.66520077,-0.7364973,-0.17363486,6.467915,-0.78021884,-0.56130123
CCGTTACTCTAGCGAT-1_atac,-0.69324005,-0.5394038,-0.5576601,1.5165014,-0.05815418,-0.40952185,-0.6760154,-0.60487187,-0.71265304,-0.48406675,-0.60978734,-0.7512003,-0.25946045,6.2228107,-0.7935457,-0.5897316
CCGTTATGTGCTTAGA-1_atac,-0.2221293,-0.43664104,-0.4788064,-0.10632749,3.540154,-0.49115136,-0.2993142,-0.29386386,0.1279231,-0.49004278,0.033917002,-0.3131594,-0.5142697,0.36929253,0.012297658,-0.43787846
CCGTTTGGTCCTTAGT-1_atac,-0.68544275,1.2667816,-0.6880439,3.1336324,4.715983,-0.41688806,-0.64877594,-0.7422032,-0.932788,-0.7330009,-0.7986253,-0.83499813,-0.6231416,-0.53050286,-0.83553576,-0.64645064
CCTAAGCCAGTAGGTG-1_atac,-0.5797267,-0.73837274,-0.4033813,0.6290449,-0.4601255,-0.2908352,-0.518825,-0.45802063,-0.2375298,-0.39642376,-0.57999116,-0.6074135,-0.26525384,5.9530478,-0.6264217,-0.4197721
CCTAAGCCATAAGTTC-1_atac,-0.59687346,-0.82477283,-0.63710517,0.41893524,-0.27447635,-0.53464514,-0.45713955,-0.4477622,1.1765018,-0.45061523,-0.64017487,-0.5848057,-0.49888033,5.2398114,-0.4514364,-0.43656152
CCTAAGCCATTGTGCA-1_atac,-0.6470419,-0.60296524,-0.59002817,1.9139689,0.26539567,-0.6469204,-0.5367992,-0.5625183,-0.089371994,-0.60428625,-0.5801678,-0.6258678,-0.47035664,4.9523067,-0.6103529,-0.5649946
CCTAAGGTCCTGGCTT-1_atac,-0.55455935,-0.75762844,-0.6901597,1.5673306,-0.35274765,-0.5399618,-0.5512477,-0.5195073,0.21632099,-0.4646066,-0.5992576,-0.5877881,-0.5020946,5.33926,-0.483655,-0.5196979
CCTAATCGTGTAACCA-1_atac,-0.5905236,1.6140481,-0.6410534,2.4103422,4.5208817,-0.20272125,-0.6583851,-0.6237395,-0.97397345,-0.70056236,-0.73553014,-0.6657579,-0.62732697,-0.8961155,-0.6801209,-0.5494626
CCTAATCGTTAGGCTA-1_atac,-0.6509983,-0.8570644,-0.5266697,1.096187,-0.16377132,-0.47606456,-0.57113594,-0.52846396,0.1806463,-0.52252316,-0.6257608,-0.6885429,-0.3606879,5.842673,-0.6259435,-0.5218799
CCTACTGGTCAAGTGC-1_atac,-0.467646,-0.8473417,-0.52769345,0.48650527,-0.5060308,-0.38415313,-0.4274112,-0.3644092,0.5548977,-0.33871448,-0.59302163,-0.42561162,-0.40890634,5.0178056,-0.39590925,-0.37235963
CCTACTTCATAAGCAA-1_atac,-0.60948926,-0.8789226,-0.73061675,1.0042781,0.08529964,-0.5653423,-0.5165541,-0.49088317,0.9197848,-0.48541945,-0.6948135,-0.62257934,-0.6113227,5.1612535,-0.48821777,-0.4764545
CCTATAGCAATTAGCT-1_atac,-0.50537944,0.15826726,-0.49057266,2.3922377,4.7806454,-0.13141027,-0.6458887,-0.5631106,-0.70188665,-0.5836377,-0.5255642,-0.57687616,-0.50626063,-1.0837688,-0.53891456,-0.47787973
CCTATATTCCTCACAC-1_atac,-0.614483,-0.24463367,3.7637448,4.32416,-0.90127754,-0.8116182,-0.68258774,-0.7867706,-1.1133727,-0.6045618,-0.5956813,-0.86567175,-0.47920635,1.0897118,-0.708485,-0.7692667
CCTATATTCTAACCAA-1_atac,-0.63704276,0.39051914,-0.5723754,1.9117763,0.20003869,-0.6158152,-0.68745416,-0.6644481,-0.53477496,-0.6929805,-0.5842179,-0.6377089,-0.60931927,5.068917,-0.66761905,-0.6674945
CCTATTGTCCCTCAAC-1_atac,-0.51366574,-0.70405704,-0.652606,1.1760085,-0.34977722,-0.33608097,-0.49430317,-0.4140333,-0.051142693,-0.45231336,-0.5553533,-0.55550116,-0.39730793,5.323212,-0.59002644,-0.43305272
CCTCAAACATCGTTCT-1_atac,-0.7361541,4.241072,-0.5663335,-0.42809814,-0.26291248,-1.0310242,-0.7960026,-0.8061938,-0.3286577,-0.8041352,-0.7298279,-0.63336396,-0.9817031,5.3147507,-0.5904424,-0.86097354
CCTCAATGTTGGATAT-1_atac,-0.5047505,-0.70024025,-0.60152745,1.2272525,-0.22881006,-0.42672545,-0.48938477,-0.47909802,0.6224258,-0.5220085,-0.6614146,-0.56359047,-0.5550191,4.7623725,-0.43610507,-0.44337636
CCTCCTCTCGTGCTAG-1_atac,-0.27678683,-1.0819721,-0.17697412,-0.14763951,-1.1210146,0.06419569,-0.20900303,-0.24083832,-0.31201237,-0.11427158,-0.25006333,-0.2763523,-0.06567803,4.726933,-0.46350032,-0.055022
CCTCCTGAGTTCCTCA-1_atac,-0.77397233,5.3309727,-0.54192865,-0.7692269,-0.6077821,-1.1669893,-0.8744804,-0.8348352,0.016984873,-0.87790436,-0.8409149,-0.59439534,-1.32995,5.4723406,-0.6513144,-0.95660377
CCTGAGTCAGGCCAAA-1_atac,-0.8444797,3.6976614,-0.760214,0.5878696,0.3825159,-1.1525555,-0.9459895,-0.9811866,0.38449878,-0.9994739,-0.9157851,-0.8499613,-1.1846839,5.290708,-0.6756254,-1.033299
CCTGATGAGGGACGCA-1_atac,-0.70701015,-0.6955114,-0.7622993,1.1963924,5.391817,-0.8065831,-0.616549,-0.69310987,-0.28651398,-0.67103267,-0.6794123,-0.5888711,-0.6043467,1.8885266,-0.64775264,-0.71774405
CCTGGATCAGTTTACG-1_atac,-0.5879077,-0.372576,-0.5564488,2.0637121,-0.24177608,-0.38017178,-0.67052156,-0.59805715,-0.70813596,-0.5238384,-0.495884,-0.64133245,-0.40730363,5.3926544,-0.72049093,-0.5519218
CCTGTAACAGGTTAAA-1_atac,-0.46835127,0.91153586,-0.44126377,0.17352009,-0.7470919,-0.47699472,-0.5316813,-0.50527704,0.41885552,-0.51148224,-0.45120808,-0.27247503,-0.5671288,4.3164744,-0.35890427,-0.48852763
CCTGTTGGTCACAGCG-1_atac,-0.8571659,-1.095263,0.91765237,5.323979,-0.034379505,-0.8131988,-0.83758307,-0.7737232,-0.57544845,-0.8955964,-0.8708099,-0.9615485,-0.86643744,4.0173573,-0.792654,-0.8851801
CCTTAACGTTACAACG-1_atac,-0.57299906,2.0037398,-0.33072922,1.969127,2.2776752,-0.8204789,-0.6991019,-0.68739593,-0.2749781,-0.6093465,-0.7081889,-0.66230047,-0.822482,1.2796093,-0.57962596,-0.76252437
CCTTAGTGTCACTCGC-1_atac,-0.95838594,2.8227518,1.9050088,3.9837732,1.6877098,-0.8791808,-0.80644727,-0.8431411,-0.5961499,-0.98312306,-0.96722686,-1.1345772,-0.84061,-0.47612867,-1.0709119,-0.8433608
CCTTAGTGTCCTAGTT-1_atac,-0.63010603,0.32865357,-0.62793434,1.6199921,0.14365648,-0.65798855,-0.5478636,-0.6131731,-0.15732662,-0.62458307,-0.5589788,-0.550132,-0.67153484,4.576719,-0.3954717,-0.63392854
CCTTAGTGTCTATCGT-1_atac,-0.51519513,-0.67200017,-0.50437653,0.27360266,-0.45338777,-0.20982283,-0.4173012,-0.43044564,-0.007081501,-0.3497613,-0.54392743,-0.5626426,-0.29970333,5.536171,-0.49188277,-0.3522448
CCTTAGTGTGTGTCCC-1_atac,-0.5613333,0.34434775,-0.6102892,1.8660774,-0.115678385,-0.6176103,-0.63956547,-0.55223435,-0.1744092,-0.6212141,-0.55141467,-0.6028,-0.6163349,4.6462646,-0.5659809,-0.6278249
CCTTATGTCACACAGT-1_atac,-0.83717954,4.77725,-0.58852994,-0.67672217,-0.27401114,-1.0674096,-0.8161335,-0.8258982,0.0121745095,-0.78903615,-0.8686081,-0.6073531,-1.1843206,5.3426466,-0.59682107,-1.0000483
CCTTCGGTCACAGACT-1_atac,-0.5087977,-0.25601214,-0.71117395,1.4741809,5.2186832,-0.38952732,-0.5505075,-0.59928,-0.6784268,-0.593317,-0.6714032,-0.5735272,-0.5823914,0.52555203,-0.59697187,-0.50708044
CCTTGCGTCACAGGAA-1_atac,-0.61318696,-0.8593101,-0.48695004,0.89568204,-0.31948513,-0.3736869,-0.56329256,-0.48755217,0.052948147,-0.41124523,-0.63038,-0.6481027,-0.39596295,5.921181,-0.6517372,-0.4289195
CCTTTAGTCGATTATG-1_atac,-0.86733407,5.0469985,-0.5300771,0.07769172,-0.011679441,-1.2335019,-0.9700452,-1.015905,0.1063834,-1.0319095,-0.9764348,-0.85454005,-1.3255827,5.483833,-0.7933777,-1.1045191
CCTTTAGTCTAGCTAA-1_atac,-0.5628569,-0.5875528,-0.5692437,0.9904301,0.014138579,-0.45981437,-0.40855092,-0.44000047,0.76842594,-0.39208305,-0.58647305,-0.52966654,-0.7250401,4.299709,-0.42399776,-0.3874238
CGAAATGAGGGCCATC-1_atac,-0.77388763,4.5121183,-0.7462081,-0.30196297,-0.19688141,-1.1273081,-0.7595208,-0.9174777,0.2785077,-0.82448095,-0.80778116,-0.6028715,-1.2049642,5.0544844,-0.68029165,-0.90147364
CGAAATGAGGTTAGCT-1_atac,-0.45895588,-1.1993831,-0.7416153,-0.42913002,5.0183573,-0.65050054,-0.23716307,-0.3850237,0.3741666,-0.37739152,-0.23783734,-0.41109073,-0.5756139,1.1433779,-0.35003912,-0.4821577
CGAAATGAGTGAACCT-1_atac,-0.77251554,-0.85221815,-0.7902498,0.7392789,5.3498344,-0.99058986,-0.6075492,-0.57047915,-3.259629e-06,-0.6554241,-0.66132736,-0.65112877,-0.71861315,2.5329194,-0.6088928,-0.7430419
CGAACAAAGGAACACA-1_atac,-0.63292915,-0.8304696,-0.55392015,0.888567,-0.09783149,-0.35579455,-0.540288,-0.5059385,-0.3311953,-0.41414273,-0.5872604,-0.7004298,-0.32538646,6.1526785,-0.6307991,-0.5348607
CGAACAAAGTCATTTC-1_atac,-0.46057376,0.2809779,-0.75684536,1.5755551,4.424923,-0.15497136,-0.41776243,-0.61169124,0.31269786,-0.51472294,-0.06341786,-0.60202473,-0.5552988,-1.4641697,-0.4047011,-0.5879744
CGAAGGCCAACCTAAT-1_atac,-0.7211652,0.21303159,-0.8105468,2.417448,4.9377933,-0.5810498,-0.6291168,-0.6894835,0.011053778,-0.7025004,-0.8366892,-0.67215806,-0.7615998,0.21130604,-0.7001085,-0.6862147
CGAATATGTGTGAGGA-1_atac,-0.43026745,-0.9941851,-0.68284976,0.36777544,5.21615,-0.6503684,-0.273533,-0.31322938,0.1488679,-0.42948347,-0.39909953,-0.37102014,-0.5541198,0.092700176,-0.29549283,-0.4318446
CGAATATGTTCATTTG-1_atac,-0.73895174,2.38963,-0.47301066,2.5312252,4.352453,0.0007293001,-0.80096376,-0.7249035,-0.84474283,-0.7144642,-0.7335707,-0.81437224,-0.67535937,-1.5252185,-0.7124491,-0.5160313
CGAGGCAAGTCACCAG-1_atac,-0.34180912,-0.577777,-0.44070932,0.065209776,-1.0433517,-0.33846697,-0.28741035,-0.21349835,0.2901672,-0.2179248,-0.4064813,-0.19992495,-0.3507711,4.4913616,-0.30403927,-0.124574184
CGAGGTGAGGTCAAAG-1_atac,-1.2301561,4.2293386,-0.32122028,4.2724075,4.6216526,-0.39388388,-1.1256938,-0.98531616,-1.3559383,-1.0387098,-1.1328638,-1.1613314,-0.8796967,-1.2369522,-1.3702784,-0.8913585
CGAGTCGGTATTCGCT-1_atac,-0.2745485,-0.5231753,-0.6000488,-0.3500119,4.7675548,-0.22200358,-0.39479056,-0.2712716,0.6127207,-0.29588553,0.25782079,-0.44940877,-0.42656973,-1.4143051,-0.016249284,-0.39982787
CGAGTCGGTGGCTTCC-1_atac,-0.4648432,-0.8339653,-0.65260047,0.61367476,-0.3860286,-0.38247448,-0.47323406,-0.35190123,0.69519746,-0.39437354,-0.5648199,-0.42205894,-0.53970724,4.8833632,-0.3743528,-0.35187602
CGATGTCCAAAGCGCA-1_atac,-0.8333566,4.5166707,-0.8085983,-0.20524758,0.74608946,-1.2113926,-0.92838955,-0.95342803,0.026664093,-1.0269339,-0.95043933,-0.8335365,-1.2285395,5.4494915,-0.70464873,-1.054405
CGATGTCCAACTAGCC-1_atac,-0.7281524,4.00728,-0.7682501,-0.34904045,-0.26054916,-1.0220177,-0.71523416,-0.79817605,-0.014766827,-0.779554,-0.7206359,-0.6485286,-0.98687744,5.2152557,-0.5915599,-0.8391931
CGATGTCCAAGCTACC-1_atac,-0.38765663,-0.5391257,-0.5257988,-0.044096634,-0.82190746,-0.39640868,-0.2792688,-0.21144117,0.12681073,-0.2075216,-0.5196964,-0.26302302,-0.32483792,4.932224,-0.39109242,-0.14715971
CGATGTCCAATTAGCT-1_atac,-0.64350414,-0.88992435,-0.7490895,0.58402425,5.4788637,-0.7632659,-0.561532,-0.6080233,-0.004600629,-0.46122384,-0.62858385,-0.5889676,-0.62852776,1.6098698,-0.5118713,-0.63364375
CGATGTCCAGGCTTGT-1_atac,-0.41963357,1.5496784,0.08819474,0.09425805,-1.0222253,-0.4817568,-0.49663126,-0.4352134,-0.51862854,-0.50901604,-0.4061737,-0.25174922,-0.48969227,4.1471515,-0.48394108,-0.36462122
CGATGTCCAGGTTAAA-1_atac,-0.57165325,-0.683723,-0.6385008,1.6461699,-0.4572636,-0.28858465,-0.53924966,-0.56976587,-0.41550815,-0.4591059,-0.6008357,-0.6055327,-0.314763,5.611754,-0.58897847,-0.5244592
CGATTCCTCAGCACCA-1_atac,-0.3986378,-0.5479313,-0.76614845,0.78175163,4.982464,-0.5472934,-0.36557284,-0.47177333,0.55163085,-0.45147,-0.4961206,-0.37940452,-0.55419767,-0.5644319,-0.3086518,-0.46421248
CGATTCCTCTTGATGA-1_atac,-0.57608044,1.3996309,-0.60614085,1.9269353,4.052266,-0.034505833,-0.4761255,-0.45509127,-0.19708824,-0.4638336,-0.26306546,-0.6292202,-0.771121,-1.9235882,-0.36480922,-0.6181623
CGCAATCCAATATACC-1_atac,-0.6654165,1.9758645,-0.53062904,1.1598203,0.24523138,-0.7815312,-0.74136746,-0.7089156,-0.046012044,-0.81208444,-0.64213884,-0.55897105,-0.816134,4.174451,-0.53453803,-0.7176286
CGCAATGTCCCATAGG-1_atac,-0.49837387,-0.9495167,-0.5077104,0.3373468,-0.2775119,-0.28488088,-0.43760872,-0.40641224,0.101018704,-0.34257168,-0.5819973,-0.55401963,-0.2881077,5.5049644,-0.45824277,-0.35637623
CGCAATTAGCTTAGCG-1_atac,-0.4807291,-0.40262866,-0.5319403,0.6578137,-0.2904182,-0.5140974,-0.4565043,-0.4057958,0.46140802,-0.42397708,-0.5296771,-0.441656,-0.52134466,4.76833,-0.4202798,-0.46850318
CGCATGATCCCTGGTT-1_atac,-0.81223845,4.545492,-0.5950172,0.10744485,-0.099278435,-1.0878016,-0.8010638,-0.87785184,-0.31007376,-0.88885784,-0.8502245,-0.73326313,-1.1519076,5.2253075,-0.6911465,-0.9795196
CGCATGATCGTTATCT-1_atac,-0.60703325,2.5350745,-0.47933108,2.477765,4.24407,0.075399585,-0.6177404,-0.67075026,-0.87628806,-0.6637472,-0.66396856,-0.79073656,-0.65599453,-1.8161044,-0.9412643,-0.5493504
CGCATTACAGGTCCTG-1_atac,-0.59921557,-0.1698118,-0.5413476,1.9917922,3.9007428,-0.7325153,-0.5663987,-0.7353431,-0.31441283,-0.6320834,-0.6587452,-0.7210422,-0.63213474,1.4884739,-0.53193694,-0.5460213
CGCATTACAGTTGCGT-1_atac,-0.32671338,-0.8570133,-0.6917235,-0.71077,5.4572616,-0.35714462,-0.14522558,-0.35965943,0.656724,-0.18774341,-0.080452114,-0.24404022,-0.45220217,-1.0651422,-0.24296728,-0.3931886
CGCCACACAACTAGAA-1_atac,-0.5076267,-1.040216,-0.4309984,0.3016542,-0.5831325,-0.2893863,-0.39908895,-0.34248975,0.22839779,-0.3228694,-0.5311651,-0.44030604,-0.298098,5.342181,-0.40185085,-0.28500512
CGCCACACACAATGTT-1_atac,-0.5342975,-0.21045388,-0.41811037,2.3194542,0.39869902,-0.48970628,-0.51257694,-0.5088504,-0.24714054,-0.48258,-0.5226333,-0.5402491,-0.49052066,3.3856819,-0.6120737,-0.534642
CGCCTGTGTGCTAGAC-1_atac,-0.79569364,3.9678032,-0.62381434,-0.06204015,0.8001367,-1.2155967,-0.8333504,-0.89170396,0.12363233,-0.9485264,-0.877856,-0.74661934,-1.1749674,4.8812156,-0.65389097,-0.94872797
CGCCTGTGTGGTTCTT-1_atac,-0.19005203,-0.41183025,-0.6269077,-0.17782906,4.9296093,-0.3016081,-0.16374485,-0.23207818,0.13679841,-0.29051036,0.14983886,-0.45767736,-0.5192102,-1.4521403,-0.04042248,-0.35223562
CGCTAACCAATTGCGC-1_atac,-0.638429,-1.0055075,-0.7589995,0.4678655,5.418732,-0.73368764,-0.5344017,-0.5014641,0.24790885,-0.5889236,-0.60996425,-0.48504674,-0.61464643,1.3991317,-0.45663548,-0.60593235
CGCTAACCATAATGTC-1_atac,-0.5039001,-0.8900831,-0.6625071,-0.17345619,5.0429525,-0.64379686,-0.25795248,-0.35156137,0.60084283,-0.47875398,-0.22814241,-0.45111245,-0.5438392,0.24839297,-0.23890471,-0.46817827
CGCTAATAGCGCTAAT-1_atac,-0.8398782,-0.17446348,1.2906015,4.349874,0.6659542,-0.8316278,-0.8782087,-0.79408824,-0.7122577,-0.7933169,-0.7620865,-0.9729884,-0.75563383,2.7424839,-0.7042508,-0.8301127
CGCTAATAGTGAGGTA-1_atac,-0.55193055,-0.008811191,-0.48109746,0.80245626,0.032418095,-0.49165738,-0.50864726,-0.46988273,0.2423459,-0.5022885,-0.62736595,-0.44089597,-0.7920994,4.7683096,-0.48322886,-0.48762476
CGCTACTTCGTTACAA-1_atac,-0.7985804,4.6302814,-0.72075963,-0.5104766,0.108760886,-1.2256424,-0.87308735,-0.9379462,0.40800953,-0.9184391,-0.9119852,-0.76894236,-1.2812748,5.498879,-0.6928936,-1.005903
CGCTCAGCACAAAGCG-1_atac,-0.56139565,-0.7266116,-0.62723565,0.26794446,-0.28493884,-0.3999289,-0.5317345,-0.45757788,0.9740727,-0.4387492,-0.67464364,-0.5254821,-0.45847386,5.3152857,-0.4321315,-0.43839926
CGCTCCATCACCGGTA-1_atac,-0.84024394,5.3647957,-0.62731993,-0.8620825,-0.6427089,-1.2474324,-0.8641272,-0.901072,0.34420812,-0.90436184,-0.96387374,-0.55353916,-1.3297902,5.669196,-0.62619436,-1.0154532
CGCTGTGCAATCGCAC-1_atac,-0.24817255,-0.09820922,-0.59693706,-0.69987535,4.707139,-0.14441492,-0.36794615,-0.2963766,0.25375205,-0.39264342,0.24089655,-0.42194316,-0.43796852,-1.0763748,-0.10190442,-0.3190217
CGCTTAACACTTGTTC-1_atac,-0.7094496,2.2885795,-0.72541463,3.0925982,4.510617,-0.21554564,-0.78591555,-0.72857547,-1.0821314,-1.020046,-0.7737903,-0.7746433,-0.75762856,-0.88260645,-0.86610794,-0.5699398
CGCTTACTCCTGAGTG-1_atac,-0.698071,-0.23985936,-0.2925349,0.7803561,-0.44760162,-0.1534551,-0.60192895,-0.57846254,-0.50999486,-0.5672526,-0.7085376,-0.7771305,-0.287147,6.325396,-0.80561984,-0.4381562
CGCTTCTAGTCATTGA-1_atac,-0.6513865,-1.1270025,-0.6906942,-0.09414947,5.5366044,-0.8065069,-0.44999173,-0.5084872,0.3390116,-0.553169,-0.6589867,-0.54052436,-0.63886225,2.0614154,-0.5500158,-0.6672548
CGGAATCGTGAGCAAG-1_atac,-0.7989558,5.107278,-0.6114565,-0.6711674,-0.81147945,-1.2008424,-0.81186795,-0.859843,0.35497046,-0.8606421,-0.9494186,-0.62360734,-1.2915738,5.654999,-0.64953375,-0.9768587
CGGACAACACCCTCAC-1_atac,-0.8090168,-0.4388739,2.959675,4.168379,0.3704813,-0.56443864,-0.7294415,-0.82597774,-1.1456268,-0.78592855,-0.88245237,-0.8638397,-0.84683454,2.068479,-0.92904997,-0.7455339
CGGACCTAGGATGATG-1_atac,-1.0539923,5.2774734,0.5934665,5.0737453,-0.013023511,-1.1511693,-0.93289524,-1.0045886,-0.6674658,-0.905847,-1.2319698,-1.1281853,-0.9935176,0.27800298,-1.104521,-1.035512
CGGAGCAAGAGAGCCG-1_atac,-0.45295933,-0.87914634,-0.420346,0.14596084,-0.62801576,-0.15671514,-0.41384032,-0.3502703,0.07060431,-0.3228423,-0.5216203,-0.48277774,-0.31452888,5.364309,-0.37719375,-0.26061803
CGGATAAAGCCATCAG-1_atac,-0.50695,-0.5752828,-0.6250061,0.004168242,-0.22796074,-0.36697057,-0.45385244,-0.351868,0.25152552,-0.35676616,-0.5658593,-0.44055304,-0.427798,5.4650764,-0.5022278,-0.31967518
CGGATTAGTTTCCTCC-1_atac,-0.2785314,-1.1056842,-0.6202221,-0.60315573,5.4066787,-0.46142352,-0.13864504,-0.2584399,0.5079354,-0.12582995,-0.06125427,-0.3572207,-0.4861475,-0.91450465,-0.13235588,-0.3711991
CGGCAATGTGTGCAAC-1_atac,-0.5629225,-0.2094903,-0.6154225,1.62115,0.014219299,-0.60697484,-0.63034153,-0.55494016,-0.1999718,-0.48229712,-0.58110744,-0.56590104,-0.65283865,5.074803,-0.51250017,-0.5354642
CGGCTCACATGAATCT-1_atac,-0.799577,-1.037232,1.2567966,5.275729,-0.38448495,-0.7932486,-0.81715,-0.73584837,-0.58034265,-0.846035,-0.89019054,-0.9665012,-0.78550154,3.7906997,-0.8014018,-0.88571227
CGGGACAAGACAGGTA-1_atac,-0.3635326,-0.4296772,-0.26582742,-0.37897527,-1.187238,-0.1884244,-0.34417778,-0.24848793,0.6628017,-0.26850826,-0.42104542,-0.1978784,-0.4489357,4.5712113,-0.2715569,-0.21974786
CGGGACAAGCCTAACG-1_atac,-0.8182409,-0.96297026,0.29595864,5.5094895,-0.103619665,-0.7152587,-0.8170769,-0.88038397,-0.49765024,-0.8389081,-0.8328769,-0.9720491,-0.7820686,4.140202,-0.90233505,-0.8222116
CGGGACAAGCTCGCTT-1_atac,-0.42435026,-0.8197923,-0.6406112,-0.35407642,5.192873,-0.39817956,-0.20376295,-0.2904848,0.40625954,-0.26744446,-0.17832322,-0.38918906,-0.5100983,-0.51539034,-0.2500422,-0.3573877
CGGGCTTAGCTCATAA-1_atac,-0.56454134,-0.7839548,-0.5976515,1.0109576,-0.32104063,-0.3836177,-0.45794994,-0.4385414,0.06658515,-0.3942997,-0.6246313,-0.6002209,-0.41541296,5.4923377,-0.59086055,-0.3971578
CGGGCTTAGTAGCGGG-1_atac,-0.5182543,-0.44831634,-0.44969678,1.096829,-0.33388144,-0.33828223,-0.46137238,-0.38571107,-0.0108578205,-0.40053028,-0.55689335,-0.5100682,-0.4368297,4.568084,-0.3966859,-0.41753262
CGGGTATGTTACTTCA-1_atac,-0.6010195,0.27237457,-0.42729068,2.326388,1.0752358,-0.6274746,-0.5737128,-0.6199866,0.011357471,-0.620206,-0.58538187,-0.5515757,-0.76445234,2.924268,-0.61664504,-0.62187874
CGGGTCTAGCAACATC-1_atac,-0.65285146,-0.75970674,-0.5674108,2.235909,-0.007752508,-0.6086094,-0.6582485,-0.6678173,-0.5766568,-0.5245755,-0.62626743,-0.66864866,-0.42019087,5.773633,-0.6474696,-0.6233359
CGGGTCTAGGTCTTGG-1_atac,-0.83154684,5.2145944,-0.6247151,-0.737042,-0.75288945,-1.2096777,-0.8272331,-0.9156801,0.29035378,-0.95031416,-0.88788,-0.6574611,-1.1465998,5.7989683,-0.76523525,-0.99764204
CGGTGAACAAGTTATC-1_atac,-0.44806373,0.5006967,-0.6376985,0.66909385,-0.29200047,-0.57997936,-0.5621042,-0.4260782,0.24003807,-0.46928012,-0.6029589,-0.37308502,-0.6885329,4.598305,-0.39198333,-0.5363686
CGGTGAGAGCGAAGTA-1_atac,-0.27731973,-0.30731452,-0.5498049,-0.9191232,4.803138,-0.1993581,-0.3409338,-0.24024603,0.34958163,-0.37649536,0.2858794,-0.36489248,-0.5141609,-1.2028507,0.15320006,-0.2992991
CGGTTCCGTGCTTACT-1_atac,-0.6433392,-0.5846202,-0.72090626,3.0905895,0.04921948,-0.81295216,-0.60499144,-0.64247364,0.26122528,-0.53340155,-0.6335783,-0.6270152,-0.60929996,4.24536,-0.54465264,-0.6891634
CGGTTTGAGCATCCAG-1_atac,-0.7320098,-0.6751215,-0.27679515,1.528016,-0.45585185,-0.10624651,-0.63113874,-0.570658,-0.35013998,-0.51491064,-0.7767696,-0.7457422,-0.3338055,5.9071355,-0.71284026,-0.5531217
CGTAACCCAAGGTGCA-1_atac,-1.0170995,0.5494778,1.4097761,3.7202647,0.7744748,-0.76410186,-0.7551989,-0.7357456,-0.6545389,-0.8822032,-0.83391047,-0.8974515,-0.77742827,2.3991966,-0.7669614,-0.7685505
CGTAATGGTGGTTAGC-1_atac,-0.4897034,-0.75706196,-0.43960395,0.29893616,-0.25911164,-0.2619201,-0.4324713,-0.35533956,0.06836137,-0.34449992,-0.5462049,-0.42743477,-0.4254286,5.122279,-0.394035,-0.3567621
CGTACGGGTAGTAAGA-1_atac,-0.54233444,-0.77725637,-0.6525805,1.1174366,-0.46545854,-0.4627981,-0.50760055,-0.4483814,0.8044784,-0.4092851,-0.61322796,-0.5478424,-0.5017384,4.953722,-0.44196555,-0.5051676
CGTACGGGTTCCGCAC-1_atac,-0.53816247,-0.70532167,-0.61870265,1.2710798,-0.3457282,-0.28512913,-0.47580627,-0.48139903,-0.076869816,-0.4684362,-0.561736,-0.5118494,-0.43084362,5.1690454,-0.4771376,-0.4630036
CGTAGCGGTAATGGAA-1_atac,-0.81768966,-0.82088137,1.192071,5.0535316,0.21915561,-0.84279144,-0.85544795,-0.80857986,-0.77842855,-0.9518008,-0.86987495,-0.9252523,-0.81365746,3.708783,-0.8303824,-0.85875404
CGTCAATAGTCCTTCA-1_atac,-0.6600486,1.3758892,-0.69475204,2.8976223,4.8376365,0.1145483,-0.68004596,-0.5966676,-1.129823,-0.72173834,-0.72834057,-0.7035932,-0.5973698,-1.2505686,-0.7188235,-0.74392515
CGTGCTGCAACACCTA-1_atac,-0.42744803,-1.1294123,-0.71350825,-0.6339829,4.318366,-0.62041664,-0.16240972,-0.24454135,0.29369983,-0.31385115,-0.20004594,-0.30491135,-0.5229709,1.2003595,-0.12439993,-0.4145266
CGTGCTGCAAGCCACT-1_atac,-0.5886446,-0.93892133,-0.5480411,1.1708472,-0.28581196,-0.4574646,-0.5379617,-0.48341134,0.005324319,-0.44521186,-0.64061487,-0.69414246,-0.33166695,5.8916526,-0.6324557,-0.4834756
CGTGCTGCATGTGGGA-1_atac,-0.5739395,-0.8411714,-0.5634894,0.38939863,-0.39562124,-0.2217698,-0.6100824,-0.4176554,-0.09187657,-0.36755586,-0.62218416,-0.6391473,-0.25340098,6.2305884,-0.6080644,-0.41402894
CGTGCTTTCCACAATA-1_atac,-0.5548498,-0.4319389,-0.49841946,2.3288372,0.4116067,-0.5043539,-0.46426374,-0.52215403,0.2641822,-0.47870767,-0.52211004,-0.56568253,-0.44956368,3.1039417,-0.5925426,-0.5239814
CGTGCTTTCGGTAACT-1_atac,-0.50045645,-0.9238079,-0.4313032,0.47365698,-0.4485557,-0.19506985,-0.47952867,-0.39128995,-0.11047825,-0.33785707,-0.5171243,-0.54341894,-0.25260362,5.382312,-0.43580747,-0.28866717
CGTTAAATCCACCTGT-1_atac,-0.37942797,-0.4082929,-0.49412596,-0.016619623,-0.92738116,-0.43612897,-0.36181813,-0.27357528,0.5154023,-0.33662918,-0.46804476,-0.24383602,-0.4060712,4.8158092,-0.3551191,-0.22414142
CGTTAACAGCTTAGCG-1_atac,-0.46479136,-0.6730147,-0.5519374,0.22968717,-0.32674867,-0.34510684,-0.4213168,-0.38260776,0.2411446,-0.3928163,-0.5466356,-0.44473827,-0.37831402,5.261401,-0.46558917,-0.33861637
CGTTAGTAGGCCCAGT-1_atac,-0.6938842,1.675441,-0.84207547,1.6124718,0.96115893,-0.9601216,-0.82421464,-0.7666959,-0.44418693,-0.8393618,-0.728851,-0.7839835,-0.94659704,5.026318,-0.5954012,-0.8500164
CGTTTCTCAGCTAACC-1_atac,-0.51557016,1.5936749,-0.6884271,2.2400944,4.235059,0.03596067,-0.6540524,-0.6084243,-0.90735567,-0.6540432,-0.6196239,-0.6954895,-0.66010654,-1.1812886,-0.6245165,-0.29589093
CGTTTCTCATACTCCT-1_atac,-0.61037695,2.0948396,-0.46476367,0.12885019,0.52384984,-0.8117839,-0.5442203,-0.62406325,0.6189903,-0.68486774,-0.59850264,-0.6000776,-0.90128744,3.7437303,-0.6131799,-0.65713644
CGTTTGGAGTCATCCC-1_atac,-0.6828544,0.5473323,-0.70804036,2.477403,3.7216475,-0.6670952,-0.6469334,-0.6883627,-0.35616678,-0.7715593,-0.59623337,-0.7056025,-0.8151578,1.3991877,-0.7638449,-0.7437195
CGTTTGTGTCAATGTG-1_atac,-0.72246945,1.7020723,-0.4895772,2.3080575,3.8633714,-0.6233827,-0.76588327,-0.6720111,-0.36701116,-0.8920553,-0.7925552,-0.7053678,-0.8013595,0.51525766,-0.826178,-0.7309079
CGTTTGTGTTTGCAGA-1_atac,-0.68096113,0.5652561,-0.5512421,2.2873437,2.9919496,-0.51580024,-0.6563519,-0.6891582,0.54153395,-0.79238117,-0.7054434,-0.68349516,-0.71031857,0.9953526,-0.73647845,-0.6598058
CTAAAGCTCAATGAGG-1_atac,-0.78078514,5.1356936,-0.7362379,-0.5678601,0.06809585,-1.2602642,-0.91726196,-0.9675782,0.35092446,-0.9625282,-0.9628178,-0.8140218,-1.3139399,5.5034285,-0.7053473,-1.0694991
CTAAAGCTCCTCCCTC-1_atac,-0.8018716,1.3055379,-0.67848504,1.3790082,1.1306467,-0.9347817,-0.71330166,-0.8091871,0.4900943,-0.89821815,-0.7467256,-0.7597369,-0.9714823,4.555066,-0.65559655,-0.890967
CTAAATGTCAATCATG-1_atac,-0.60290533,-0.3763399,-0.67524207,0.85967165,0.02981329,-0.5517154,-0.5197915,-0.5627578,0.4781918,-0.5781579,-0.6152421,-0.53223705,-0.7004636,5.3759704,-0.46148705,-0.5673071
CTAACCACAGCTTAAT-1_atac,-0.53860074,-0.76681995,-0.4707057,0.29079068,-0.3576411,-0.25630516,-0.49657863,-0.41046405,0.6211023,-0.408759,-0.6198822,-0.47317928,-0.4295264,5.2076497,-0.4794473,-0.41163284
CTAACCTGTTCCGCAC-1_atac,-0.39614895,-1.0854177,-0.67909265,-0.42789337,4.980558,-0.61139655,-0.34391764,-0.35952064,0.3513771,-0.36236012,-0.23977965,-0.17402391,-0.57717377,0.49999237,-0.15379985,-0.42140305
CTAACCTGTTGGTGAC-1_atac,-0.4309729,-1.0130202,-0.28312698,0.35600546,-0.8774284,0.016467243,-0.30982578,-0.24165621,-0.27700278,-0.23050687,-0.3931109,-0.37762806,-0.37741044,5.040933,-0.4274861,-0.1742303
CTAAGGTTCGGCCATA-1_atac,-0.77654624,3.8090038,-0.619215,0.29338104,-0.051742256,-1.018595,-0.79642284,-0.8694828,-0.44205713,-0.86756724,-0.7711004,-0.720852,-0.82293636,5.3260202,-0.79068094,-0.88120705
CTAAGTCAGGTCATTA-1_atac,-0.56516224,-0.655938,-0.63349205,0.6160627,-0.34785396,-0.42955798,-0.5266069,-0.44601637,0.43266654,-0.4588408,-0.6076011,-0.54712826,-0.37755018,5.48673,-0.4863512,-0.45335954
CTAAGTCAGTCTATGA-1_atac,-0.6273645,-0.46679902,-0.59210104,2.045201,-0.025173545,-0.68532926,-0.45310324,-0.5821719,0.18671757,-0.5429396,-0.6448655,-0.5685005,-0.54752845,4.570691,-0.4710489,-0.5956842
CTAATCCGTCATAGAT-1_atac,-0.53469694,-0.8085226,-0.6092732,0.5076956,-0.22040564,-0.45765623,-0.48792896,-0.4172912,1.064494,-0.41706762,-0.5938798,-0.5042187,-0.5688008,4.9602413,-0.49034885,-0.42234048
CTAATGTCAAGGTAAC-1_atac,-0.77062285,-0.93600726,-0.66002846,1.5273309,5.421106,-0.7387425,-0.70187557,-0.6739085,-0.3792322,-0.5738715,-0.84144723,-0.7596301,-0.6167338,2.2273104,-0.80634344,-0.7173039
CTAATGTCAGTGAACG-1_atac,-0.3332774,-0.57774913,-0.7358027,-1.3968221,4.395567,-0.64112353,-0.17118171,-0.18922634,0.91028106,-0.24156949,0.024109311,-0.33989733,-0.62359375,0.43065482,-0.042885423,-0.46748346
CTAATTGAGCTTTGGG-1_atac,-0.5593496,-0.76693803,-0.42136973,0.54639786,-0.40209788,-0.23001392,-0.49739617,-0.41132087,-0.30630708,-0.3881384,-0.54883116,-0.5917008,-0.30041593,5.887713,-0.61278594,-0.39744473
CTACCTCAGGTAAGGC-1_atac,-0.8243552,2.4859366,0.049967956,2.7249084,0.42029488,-0.78073853,-0.8258106,-0.7727465,-0.039934337,-0.9104514,-0.7923547,-0.6851466,-0.82918495,2.2290802,-0.6691928,-0.78027266
CTACTTAGTTTATGGG-1_atac,-1.1003926,3.744155,2.0728278,4.194315,0.6444775,-1.1351593,-1.0474002,-1.080512,-0.8322663,-1.0740366,-1.0538256,-1.16594,-1.1458468,1.047389,-0.9419945,-1.1257904
CTAGCTTGTATTTGGG-1_atac,-0.5164694,-0.6505362,-0.65680254,0.5605564,-0.24724996,-0.36771938,-0.47507858,-0.41872567,0.26386952,-0.3960402,-0.5942833,-0.5285983,-0.3739331,5.273285,-0.42786014,-0.44441402
CTAGCTTGTCTTGCTG-1_atac,-0.5264516,0.6877552,-0.6804898,1.1814644,5.0728035,-0.40243948,-0.59450954,-0.5371244,-0.3503213,-0.62389463,-0.6821385,-0.5565956,-0.5636817,-0.43282706,-0.5326846,-0.45886487
CTAGCTTGTTGAGGTC-1_atac,-0.5880372,-0.4623385,-0.7075116,1.2768054,-0.06709151,-0.5438291,-0.57278043,-0.5474296,0.354217,-0.6412197,-0.5842801,-0.59963715,-0.69669145,5.362193,-0.4526412,-0.5297281
CTAGGCGGTTACCGGG-1_atac,-0.78560334,-0.6734642,-0.78400546,1.4276452,5.172001,-0.79211015,-0.6615329,-0.68764275,-0.2932152,-0.6309265,-0.68338525,-0.7911405,-0.6456303,2.3355818,-0.71970236,-0.78686905
CTAGTAATCAATACGC-1_atac,-0.6321902,0.8893652,-0.65017974,2.8022661,4.65705,-0.32633546,-0.6760099,-0.65159047,-0.7891507,-0.8435335,-0.67618954,-0.6301955,-0.6056739,-0.51964355,-0.7732295,-0.5747596
CTAGTAATCGGTTAGT-1_atac,-0.2530135,-0.5076057,-0.62987715,-0.22042342,5.3623605,-0.4319101,-0.3084284,-0.31737107,0.06290035,-0.2330124,-0.17356043,-0.31859994,-0.49858493,-0.80382735,-0.2766161,-0.45243073
CTAGTAATCGTTTCGC-1_atac,-0.58070326,-0.09386508,-0.50337803,2.2955148,0.39406046,-0.6589594,-0.46771607,-0.60651445,0.573202,-0.5170411,-0.5647354,-0.5738745,-0.5411731,2.966003,-0.54678833,-0.5740317
CTAGTAGGTCAGGAAG-1_atac,-0.60092586,-0.60058486,-0.58390886,1.6060915,0.08760938,-0.5719164,-0.5912814,-0.6118669,0.010571942,-0.56604177,-0.5619069,-0.623876,-0.49140096,5.1951423,-0.50272185,-0.592983
CTAGTCGAGCAAGATG-1_atac,-0.5010476,-0.31471714,-0.21139044,1.8077786,-0.9008081,-0.24653265,-0.4824654,-0.42292,-0.14884485,-0.35924214,-0.48070765,-0.3077838,-0.46489358,3.930163,-0.47078383,-0.42580432
CTAGTGAGTCCACAAA-1_atac,-0.4244765,0.5950755,-0.60923696,0.2160685,4.5885315,-0.47596368,-0.4134616,-0.34382984,0.13366038,-0.3361857,-0.19523548,-0.45160022,-0.65594876,-0.85713255,-0.21974403,-0.55052054
CTAGTTGCAAACTGTT-1_atac,-0.6039155,0.2633257,-0.5509454,1.1872467,-0.2555193,-0.6461567,-0.65821147,-0.61950564,0.59545994,-0.6735669,-0.63159585,-0.6620712,-0.7053112,5.163076,-0.56848687,-0.6338218
CTATGATCAGTAGGTG-1_atac,-0.6685951,-0.32742614,-0.78397465,2.210773,5.0427184,-0.41064858,-0.6563561,-0.6891068,-0.36899439,-0.68759716,-0.68765676,-0.6684345,-0.6011341,0.664868,-0.69585335,-0.67258185
CTATGGCCAGATTCAT-1_atac,-0.72155124,0.9219108,-0.71885914,2.536081,3.8385537,-0.696672,-0.71297055,-0.7504843,-0.22254544,-0.85465825,-0.67148453,-0.8140278,-0.8918141,1.1679385,-0.6546331,-0.7547833
CTATTGAAGTCACTAA-1_atac,-0.7346271,4.479814,-0.53398275,-0.95498496,-0.52435535,-1.0226609,-0.7540276,-0.87906975,0.43735784,-0.83136064,-0.9130524,-0.57949716,-1.064378,5.291227,-0.5225289,-0.89387333
CTCACTCAGTAGGCGG-1_atac,-0.20916249,-0.0614851,-0.50662196,-1.479573,4.0017767,-0.14204672,-0.107268244,-0.19458623,0.37579477,-0.24653459,0.71023023,-0.4081871,-0.56478673,-1.1187264,0.20021975,-0.24904294
CTCAGGATCAGGTCCA-1_atac,-0.59391725,1.1344625,-0.57017386,0.86534846,0.668733,-0.82976,-0.59244066,-0.65550935,0.31747553,-0.6874095,-0.6425833,-0.58061856,-0.8905083,4.1707773,-0.47602755,-0.6378482
CTCAGGATCGAGGTGG-1_atac,-0.6449984,-0.76297736,-0.6861704,0.696837,5.172132,-0.7755339,-0.526272,-0.6370192,-0.0052237287,-0.685568,-0.7001363,-0.58934706,-0.6969091,2.1118987,-0.56204146,-0.70867085
CTCATTAGTCGACTAA-1_atac,-0.6255226,-0.5449754,-0.5774547,2.317313,0.41191754,-0.64632523,-0.5473256,-0.62238026,0.17863333,-0.49101326,-0.6192506,-0.6016791,-0.5673855,4.0560293,-0.5070066,-0.61357397
CTCATTAGTGGGTACT-1_atac,-0.7039159,-0.6924352,-0.5676314,2.874137,0.4642185,-0.72563386,-0.5936257,-0.59857523,0.106626526,-0.61123365,-0.6667766,-0.6898538,-0.61840624,4.257009,-0.56163204,-0.6722708
CTCCCTGAGCGAAGTA-1_atac,-0.79625535,5.222269,-0.5287101,-0.6924535,-0.6221218,-1.2164018,-0.82729256,-0.89908123,0.22020912,-0.9164671,-0.8976141,-0.60222554,-1.3265837,5.5449185,-0.66932285,-0.99286735
CTCCCTGAGGCGGATG-1_atac,-0.82043934,4.859283,-0.6283648,-0.14030021,-0.16458513,-1.2093953,-0.8711103,-0.86817,-0.004866369,-0.92103326,-0.90160024,-0.7129681,-1.3283181,5.4772024,-0.72474885,-1.040585
CTCCGGACACAACCTA-1_atac,-0.46458352,-0.65218645,-0.47987622,0.2167874,-0.46573675,-0.23027001,-0.43168062,-0.35389495,0.30184597,-0.36195588,-0.5339715,-0.40586615,-0.43080008,5.090711,-0.46005237,-0.33846986
CTCCGTCCAATTAGCT-1_atac,-0.5086441,0.12599248,-0.7488017,1.9563048,4.887017,-0.39148286,-0.49514487,-0.57415044,-0.2810646,-0.5090873,-0.57612574,-0.6156362,-0.5178635,-0.7225697,-0.52884185,-0.49990097
CTCCGTCCAGTGAACG-1_atac,-0.32544452,0.28659022,-0.59330076,-0.4842835,3.8929772,-0.61068743,-0.16314436,-0.36367714,0.43536848,-0.34582853,0.031198706,-0.38303095,-0.597774,-0.15550761,-0.24883527,-0.37462056
CTCCTAATCGAGGAGT-1_atac,-0.3647405,0.6701561,-0.53533036,0.28010854,4.4160113,-0.13556415,-0.44897726,-0.4234108,-0.122425444,-0.51395124,-0.06594413,-0.494696,-0.50707716,-1.1469597,-0.22205725,-0.3851418
CTCCTCACACATACTG-1_atac,-0.64006877,1.8516065,-0.70251435,2.4505494,4.577219,-0.3091774,-0.69945526,-0.6211731,-0.87651575,-0.8405936,-0.85535455,-0.64569503,-0.6879767,-0.5725621,-0.8776324,-0.5506562
CTCCTGAGTGTTCCCA-1_atac,-0.6019978,0.51678157,-0.7230032,1.4385366,-0.21208917,-0.6306499,-0.5406267,-0.61071724,0.39725244,-0.670755,-0.6293836,-0.6075213,-0.7517207,4.881913,-0.6953179,-0.5607013
CTCGACAAGACTCGCA-1_atac,-0.8024664,4.430154,-0.68413687,-0.4461437,0.4526195,-1.1784374,-0.85663444,-0.97414255,-0.106330186,-0.91990435,-0.85923773,-0.75448805,-1.1831024,5.5334277,-0.67219347,-0.978984
CTCGCTAGTACAATGT-1_atac,-0.593652,-0.7256584,-0.70839214,1.304913,0.09894578,-0.45575914,-0.54653513,-0.5136831,0.078063615,-0.5383203,-0.6138538,-0.650121,-0.5537989,5.596726,-0.6228498,-0.5560249
CTCGCTCCACCAGCAT-1_atac,-0.73191494,2.031874,-0.8331929,1.0164654,0.84312254,-0.9814297,-0.88558686,-0.838435,0.23352805,-0.8865894,-0.7394017,-0.7986258,-0.92702687,5.0464325,-0.7078362,-0.8413826
CTCGCTCCATCGCTTT-1_atac,-0.5719014,-0.8032891,-0.55207044,0.415132,-0.50600463,-0.18405463,-0.47723597,-0.44973665,0.42546922,-0.3692605,-0.60306007,-0.5741987,-0.3213951,5.5158877,-0.52905655,-0.41522527
CTCTATGTCGCAACAT-1_atac,-0.5186013,1.8284782,-0.6249491,0.026391616,-0.45104462,-0.5694177,-0.62385046,-0.6202332,0.47413227,-0.5657098,-0.55008984,-0.4393691,-0.7214894,4.4049516,-0.44778514,-0.6014137
CTCTATGTCGTGCTTC-1_atac,-0.8535297,-0.96889234,1.3997308,5.356341,-0.25791144,-0.84150153,-0.89558744,-0.76204884,-0.67551625,-0.85643035,-0.8820031,-1.0052263,-0.85061824,3.8732965,-0.8993321,-0.8807712
CTCTCACAGTTAGAGG-1_atac,-0.7773515,1.6116576,-0.48997527,1.7570493,4.026452,-0.19850183,-0.73835343,-0.61398745,-0.084309876,-0.5520635,-0.3787316,-0.7770521,-0.6520043,-1.0952795,-0.48544946,-0.55209917
CTCTGTTCAGGCTTGT-1_atac,-0.6045467,-0.7942879,-0.65339285,1.3526523,-0.2120901,-0.47899157,-0.5512988,-0.5287199,0.37518793,-0.56877506,-0.5982765,-0.60174274,-0.44944018,5.39398,-0.53228253,-0.54797554
CTCTGTTCATTCCTCG-1_atac,-0.44344065,-0.61457473,-0.6467039,0.30535012,5.6069417,-0.5518118,-0.3178172,-0.37253374,0.31920344,-0.36491176,-0.47898695,-0.49149224,-0.4845825,-0.68245417,-0.36919266,-0.41299322
CTCTTGATCCCGTTGT-1_atac,-0.49640945,-0.8696742,-0.33645183,-0.0160864,-0.6303804,-0.23815712,-0.43182227,-0.3641065,0.22666833,-0.34455284,-0.57663155,-0.5226296,-0.3194185,5.6295395,-0.43491587,-0.27497143
CTGAATATCTATCGCC-1_atac,-0.6253972,-0.37796935,-0.5088165,1.2929126,-0.06923139,-0.4407151,-0.6653577,-0.5757705,-0.32932588,-0.5693954,-0.65080273,-0.6986848,-0.48941395,5.8669486,-0.632872,-0.526109
CTGACCAAGGTGCGGA-1_atac,-0.34785396,-0.98538065,-0.65519476,-0.24803153,5.2694807,-0.4583396,-0.26769793,-0.39162228,0.56584316,-0.29741305,-0.23870796,-0.3486483,-0.485442,-0.4751962,-0.26509285,-0.37070292
CTGACCAAGTGCTGTG-1_atac,-0.76567197,4.879501,-0.57118905,-0.7173084,-0.62747425,-1.1206912,-0.74423546,-0.868331,0.14981318,-0.7878499,-0.80312926,-0.5325507,-1.2715704,5.3063235,-0.6178848,-0.90775126
CTGCAATAGGCATGAA-1_atac,-0.5753086,-1.1761705,-0.7542846,0.108782135,5.4367537,-0.5726267,-0.3873663,-0.49625903,0.25662842,-0.439829,-0.5486322,-0.47912496,-0.5850403,1.2317615,-0.44807595,-0.5712072
CTGCTACTCAGAAACG-1_atac,-0.50205195,-0.9320692,-0.632064,0.14826785,-0.19626324,-0.3577472,-0.41661978,-0.42444462,0.4629584,-0.34878033,-0.6162712,-0.57687414,-0.31428188,5.595472,-0.4829777,-0.40625292
CTGGACCAGACAGGCG-1_atac,-0.66476524,-0.7083887,-0.7406519,1.2991874,5.227172,-0.7668318,-0.62744,-0.71014345,-0.13769597,-0.6666325,-0.75397635,-0.64338505,-0.5924178,1.8610568,-0.68524545,-0.6898422
CTGGACCAGCATGGTT-1_atac,-0.64367527,1.2452391,-0.5067154,2.8733027,4.6630516,0.11649813,-0.9830863,-0.66312337,-0.91183954,-0.793523,-0.7178635,-0.66351205,-0.7044751,-1.1470151,-0.79774755,-0.3655154
CTGGCTAAGAAAGGAA-1_atac,-0.5827423,-0.49771285,-0.50562656,1.6047385,0.59480476,-0.6381799,-0.5300059,-0.594349,0.27043104,-0.46342784,-0.56134474,-0.5523959,-0.46637225,3.897459,-0.43346763,-0.5418087
CTGGCTAAGCTATATG-1_atac,-0.5067748,0.0042428263,-0.62699914,0.66748637,4.6994543,-0.16412696,-0.3948845,-0.44721192,0.22889572,-0.34650326,-0.39550716,-0.42436874,-0.48467004,-0.9764236,-0.35578856,-0.476821
CTGGTAAGTGCTTACT-1_atac,-0.6042054,-0.49041325,-0.61607784,2.0168757,0.03543759,-0.55994266,-0.5284238,-0.5768189,-0.3183881,-0.51498085,-0.62889594,-0.60471016,-0.4578967,4.909194,-0.46759766,-0.5931561
CTGGTCAAGAGGAAGG-1_atac,-0.49498624,-0.96889955,-0.54408395,-0.36361977,-0.2791219,-0.27977237,-0.40721667,-0.31081116,0.8413413,-0.35667962,-0.5332735,-0.4243701,-0.4391197,5.288194,-0.3887251,-0.3388562
CTGGTCAAGGCACAGG-1_atac,-0.5473784,-0.23970126,-0.6113148,1.4920316,-0.16901432,-0.5416044,-0.50906444,-0.46489364,-0.015781745,-0.48042572,-0.6278788,-0.5166852,-0.6085541,4.770038,-0.42615032,-0.5036228
CTGGTTACAACTAGCC-1_atac,-0.33527416,-0.60506636,-0.33680367,-0.31278688,-1.2890079,-0.15684046,-0.31355113,-0.22589578,0.46551526,-0.2110209,-0.3786977,-0.17781885,-0.40295684,4.7059836,-0.28389865,-0.14187987
CTGGTTACAAGGTGGC-1_atac,-0.52404165,-0.94929063,-0.41030905,-0.05694662,-0.4164404,-0.25881237,-0.3430647,-0.2612404,0.06607053,-0.28474244,-0.49320808,-0.38303354,-0.30443424,5.3210526,-0.46747896,-0.23408014
CTGTACCTCTCGCCCA-1_atac,-0.7916572,4.5420637,-0.3902781,-0.22995485,0.10360426,-1.2332257,-0.79795307,-0.86732304,0.046646014,-0.86295855,-0.8357241,-0.7223788,-1.2732255,4.8103294,-0.599624,-0.8983401
CTGTATTTCACAAGCT-1_atac,-0.5689138,-0.60373175,-0.6021302,1.8959758,-0.26202554,-0.4246923,-0.54651105,-0.51629996,-0.5413606,-0.49019936,-0.54713583,-0.5849129,-0.59240603,5.441925,-0.5116621,-0.5459192
CTGTGTGAGCGCCTAA-1_atac,-0.6349334,0.47520646,-0.26360893,2.5175686,0.5872686,-0.62007165,-0.7195038,-0.6529632,-0.45758557,-0.7311798,-0.63947725,-0.6784453,-0.7496834,3.9504051,-0.64179945,-0.7411969
CTGTTCATCAGTTCCC-1_atac,-0.29926974,-0.5166917,-0.6056194,-0.23104043,5.050132,-0.41479027,-0.29275322,-0.22933047,0.30171198,-0.37530512,-0.20543338,-0.3786242,-0.5054766,-0.72366416,-0.2764668,-0.29737806
CTGTTGGAGCATGTTA-1_atac,-0.905179,-1.0562439,0.8053212,5.319906,0.17220849,-0.7907613,-0.88648856,-0.8450853,-0.39592376,-0.85064083,-0.9050174,-1.0417986,-0.8555455,4.0651197,-0.9110424,-0.91882867
CTGTTGGAGCCGCAGT-1_atac,-0.8073658,-1.1127107,0.11125109,5.2210507,0.23246376,-0.7834827,-0.8299952,-0.75575167,-0.4253809,-0.8404657,-0.81148994,-0.88188523,-0.8187044,4.028081,-0.6406184,-0.8849964
CTGTTGGAGGCTACAT-1_atac,-0.82948905,-0.9844902,0.87141544,5.030116,-0.08564733,-0.82466775,-0.8532729,-0.7466429,-0.24680762,-0.9003944,-0.88782156,-0.8637549,-0.87430537,3.7576723,-0.7037405,-0.8581689
CTTAACAAGGAACACA-1_atac,-0.53268087,-0.08355789,-0.10951844,1.683899,0.17433918,-0.59618807,-0.45167682,-0.48358348,0.23153386,-0.50921273,-0.6843704,-0.45992658,-0.81524897,3.6600997,-0.4751883,-0.5487194
CTTAAGGGTTCCTGTG-1_atac,-1.0058303,4.0827494,-0.32862943,4.2823706,4.605894,-0.33630162,-1.1383474,-0.98149234,-1.2660084,-1.0314002,-1.0961561,-1.0917675,-0.7842397,-1.617465,-1.338546,-0.9548299
CTTAAGGGTTGGTTCT-1_atac,-0.3586349,1.0917184,-0.50405324,0.9451679,4.189736,-0.12467831,-0.52887636,-0.5919096,-0.050905377,-0.5293663,-0.15213938,-0.48255843,-0.54739034,-1.454006,-0.43318075,-0.4689231
CTTAATGAGAGGAAGG-1_atac,-0.43147647,-0.46526676,-0.87101805,-1.8719127,3.6786387,-0.6925946,-0.5749212,-0.21200287,1.082192,-0.41907567,-0.1976789,-0.63342077,-0.6154077,2.918686,-0.056431808,-0.6383088
CTTACTAGTTCCGGGA-1_atac,-0.43533844,-1.0163888,-0.7790688,-0.48973215,5.402144,-0.62462944,-0.323779,-0.30842614,0.41884094,-0.24156632,-0.2645002,-0.32740992,-0.50140315,0.20069137,-0.26479226,-0.4446419
CTTAGGAGTTACAAAC-1_atac,-0.65346074,3.709949,-0.69521725,0.16808265,-0.4458465,-1.108354,-0.6916548,-0.73169804,0.8584709,-0.7994,-0.87279516,-0.5725521,-1.2472938,4.3708916,-0.45846456,-0.8306573
CTTAGTTTCGATTTAG-1_atac,-0.5894542,-0.21718824,-0.63796365,1.8592005,0.07375109,-0.84496045,-0.5290552,-0.5724576,0.8146556,-0.5750815,-0.64275706,-0.54851687,-0.6319328,4.1978874,-0.49748287,-0.65864384
CTTATTGGTCGACTAA-1_atac,-0.6259878,-0.8487638,-0.72807705,0.63454694,4.91694,-0.7790942,-0.36033726,-0.44188553,-0.09843588,-0.5338077,-0.5322575,-0.50994015,-0.66722,1.7301491,-0.50851387,-0.64731526
CTTCAATTCAGCATTA-1_atac,-0.4709972,-0.0030779317,-0.67129254,1.6758494,5.2522507,-0.2616701,-0.54752654,-0.5408557,-0.46499074,-0.4251681,-0.5653804,-0.5340311,-0.556393,-0.82328594,-0.5587762,-0.5046547
CTTCACTCACACTAAT-1_atac,-0.5803989,-0.8475179,-0.6325998,0.5397169,-0.5744512,-0.5171936,-0.50751245,-0.44735423,1.1050558,-0.39749107,-0.6895786,-0.56835884,-0.4559818,5.4810324,-0.46259296,-0.4447742
CTTCATCCAACAGGTG-1_atac,-0.362005,-0.4336295,-0.30019903,0.4906525,-0.67980915,-0.24473922,-0.3904373,-0.33914924,-0.14041589,-0.27754825,-0.41819125,-0.34810507,-0.34948212,4.5891433,-0.42707914,-0.36900562
CTTCGCGTCAGCAAGA-1_atac,-0.5424084,-0.39260644,-0.6773837,0.7517892,0.26059413,-0.57355684,-0.47689277,-0.48153383,0.15751165,-0.4938419,-0.6660987,-0.5391953,-0.59534883,5.301933,-0.4602753,-0.5726858
CTTCGCGTCATGCGTG-1_atac,-0.5333264,-0.8294488,-0.5745211,0.47009686,-0.50050306,-0.174364,-0.47878104,-0.43506074,-0.27669626,-0.36525488,-0.58717734,-0.57931,-0.2184025,6.003077,-0.51545364,-0.4048736
CTTCGCGTCCGTTATT-1_atac,-0.56162626,-0.916056,-0.74809355,0.63598853,4.855379,-0.61603266,-0.64067686,-0.53288835,0.08314593,-0.6328373,-0.59446335,-0.57814544,-0.6512409,2.1942923,-0.6729925,-0.62375283
CTTCTCAAGGAGGACT-1_atac,-0.5526089,-0.4479763,-0.5572484,0.954121,-0.12879772,-0.4868443,-0.5803994,-0.5381559,-0.11008747,-0.5785271,-0.5623889,-0.61129504,-0.43823624,5.733139,-0.51616234,-0.5785324
CTTGAACAGCTAAGTC-1_atac,-0.4472287,-0.86383104,-0.43935475,0.14615715,-0.661548,-0.19027296,-0.3763812,-0.30523804,0.17117813,-0.27292827,-0.4490951,-0.41134426,-0.36181188,5.072672,-0.4015982,-0.20937467
CTTGAATCATTCCTCG-1_atac,-0.41835055,-0.26571205,-0.46236643,0.5927297,-0.88073075,-0.20936286,-0.3841783,-0.3214553,0.0099267885,-0.31897205,-0.4326155,-0.3583462,-0.40894875,4.646651,-0.41584435,-0.37242416
CTTGACGAGTCACTCC-1_atac,-0.51074576,-0.8616864,-0.5367946,0.2854586,-0.3218905,-0.33847618,-0.4541185,-0.37596887,0.53322417,-0.3402508,-0.54242605,-0.43798238,-0.4477412,5.0877748,-0.39957297,-0.33880305
CTTGCAACACAGACTC-1_atac,-0.3102268,-0.90331244,-0.2979622,-0.3009017,-1.247189,-0.24612242,-0.3343286,-0.18531999,0.6368308,-0.26994792,-0.36404246,0.023454979,-0.40353048,4.6201057,-0.3106783,-0.10682899
CTTGCGCGTCCGGTTC-1_atac,-0.8067929,2.271676,-0.6667811,2.0608156,0.6033323,-1.0333123,-0.8872371,-0.84920526,0.065490626,-0.9377086,-0.82579046,-0.82548475,-0.9810072,4.524485,-0.72953737,-0.9829428
CTTGCGCGTTAACGGC-1_atac,-0.6796946,1.5577196,-0.6129356,1.6896182,-0.21047682,-0.8059738,-0.6861969,-0.6334081,-0.1832129,-0.6430892,-0.6442097,-0.64354026,-0.8218506,4.4712605,-0.5009911,-0.6530187
CTTGGACCAAACTGCC-1_atac,-0.783602,0.38773257,-0.50510335,2.60757,0.9080963,-0.88560706,-0.70442444,-0.77616245,1.1550335,-0.6964914,-0.717063,-0.7208143,-0.8509328,2.9416094,-0.66585743,-0.6939836
CTTGGACCACCAACCG-1_atac,-0.34771633,-0.89951384,-0.68785226,-1.2524221,4.3933635,-0.64615756,-0.21723439,-0.31799397,0.72726387,-0.37227815,0.054498054,-0.32629758,-0.5711899,1.0175524,-0.10427113,-0.4497506
CTTGTAAAGAGAGGAG-1_atac,-0.8127374,3.6992772,-0.42441642,3.9612398,4.51148,-0.43448502,-0.9440562,-0.9272397,-1.1701651,-0.9172495,-0.9434491,-1.009503,-0.8301782,-1.8847879,-1.0879266,-0.7858035
CTTGTCCAGACAAGTG-1_atac,-0.3235291,-0.9653907,-0.5878,-0.44826344,5.2952633,-0.52162933,-0.2865829,-0.26538077,0.26614255,-0.23855451,-0.10936336,-0.33175844,-0.53264296,-0.47596106,-0.0939344,-0.38061506
CTTTAGGCAAGGCCAA-1_atac,-0.87542415,-1.0826707,1.0912106,5.5839777,-0.55205894,-0.74021566,-0.88110256,-0.8441994,-0.59186137,-0.9393836,-0.853132,-0.88506055,-0.7455902,4.0225897,-0.9084306,-0.79864824
CTTTAGTTCATGCATA-1_atac,-0.411106,-0.04988338,-0.22280559,-0.6028793,-1.4026124,-0.31398514,-0.24789417,-0.32467604,0.898296,-0.31201974,-0.54927135,-0.003828168,-0.39967406,4.5441484,-0.24227098,-0.35953826
CTTTAGTTCATTTGTC-1_atac,-0.80357313,3.4596488,-0.81933016,1.4764019,-0.1478781,-1.0176135,-0.8402966,-0.8463859,-0.564125,-0.90873456,-0.80329925,-0.7189664,-0.88617575,5.1422577,-0.81068367,-0.9112463
CTTTATCAGGGATTAG-1_atac,-0.54432064,-0.20081803,-0.37765187,0.79420996,-0.1531952,-0.53939766,-0.46618652,-0.52893937,0.38600767,-0.47288024,-0.5677992,-0.48591578,-0.5180049,4.6733246,-0.40360636,-0.5948267
CTTTATGGTGCATCGG-1_atac,-0.5410997,1.419785,-0.64872634,2.484624,4.261469,-0.26983327,-0.562113,-0.5421598,-1.0018824,-0.63242745,-0.7636677,-0.58800536,-0.7655706,-0.5541807,-0.7545684,-0.5416433
CTTTATGGTTGTCCAT-1_atac,-0.63247824,-0.51759166,-0.47178525,1.933039,0.0706871,-0.68755543,-0.54587996,-0.5945237,0.6633119,-0.50021356,-0.62581295,-0.60836095,-0.5614987,4.286268,-0.5191359,-0.68847007
CTTTATGGTTTCGCCA-1_atac,-0.6550696,3.3593009,-0.5780828,0.7899049,-0.08669086,-1.052372,-0.70383126,-0.79840356,0.20623893,-0.74895537,-0.74218386,-0.5833228,-0.95706946,3.9984736,-0.64891374,-0.799023
CTTTCTTGTACCGTTT-1_atac,-0.6786706,1.4005541,-0.63515437,2.7386892,4.6534343,-0.3224153,-0.59496266,-0.6734465,-0.7100426,-0.7423429,-0.75970006,-0.6907415,-0.6757293,-0.9578415,-0.787695,-0.5639355
CTTTCTTGTCCAAATG-1_atac,-0.60746545,0.527564,-0.733289,1.2409377,5.318846,-0.76642394,-0.6585526,-0.66935116,0.19847697,-0.66457534,-0.63910115,-0.619198,-0.6613467,-0.23087852,-0.50184655,-0.53379655
CTTTGGTGTACCTTAC-1_atac,-0.62838215,-1.0020565,-0.776405,-0.38038698,5.296028,-0.896608,-0.46725017,-0.510473,0.2573694,-0.51104754,-0.5658829,-0.49235985,-0.67137,2.5539024,-0.47947747,-0.7256
CTTTGGTGTCGCATAA-1_atac,-0.5223235,-0.07462558,-0.51219755,1.2322631,-0.14472106,-0.6629311,-0.5532298,-0.5730902,0.42921913,-0.5822809,-0.68481225,-0.39606357,-0.64086485,4.6104946,-0.3185737,-0.60626274
CTTTGGTGTCGTTATC-1_atac,-0.8703663,4.518758,0.81931174,4.427054,0.37221783,-1.0139275,-0.916316,-0.96798974,-0.66685516,-0.9264185,-0.98219055,-1.0145919,-1.0019791,0.066192254,-0.87266034,-0.97023815
GAAACCCGTATTTGGG-1_atac,-0.6051736,-0.25750697,-0.59957314,2.6676912,0.53252673,-0.72551554,-0.5931214,-0.6916279,0.5690905,-0.5728905,-0.645484,-0.6357977,-0.58421683,3.3035111,-0.4931354,-0.6687767
GAAACCCGTGACCTGG-1_atac,-0.652029,-0.6143512,-0.21114141,1.0837377,-0.5811584,-0.06848541,-0.70488477,-0.6235582,-0.6840859,-0.49523318,-0.59079254,-0.8441067,-0.13828261,6.400854,-0.80571806,-0.4707644
GAAACTGAGCTAGAAG-1_atac,-0.6366598,-0.41776162,-0.6330202,1.4795616,3.515707,-0.873266,-0.62661815,-0.65421885,0.29753643,-0.668154,-0.6198167,-0.561353,-0.78046733,2.505879,-0.62905383,-0.6982942
GAACACAAGGATCACT-1_atac,-0.6152334,0.5561227,-0.25123936,2.6887832,2.9945831,-0.5737623,-0.638806,-0.6347116,-0.4265516,-0.7493954,-0.6842934,-0.5406041,-0.7275537,0.8156284,-0.61284673,-0.60011995
GAACCTGTCATGTGGT-1_atac,-0.5599271,-1.0341942,-0.6672147,-0.22859214,4.9306226,-0.92854595,-0.5161095,-0.49611324,0.29821408,-0.49582696,-0.5419931,-0.50141746,-0.68175274,2.595442,-0.49475276,-0.67783874
GAACGAATCATTGCGG-1_atac,-0.5389149,-0.83086336,-0.36808228,0.26677185,-0.5025482,-0.15758544,-0.47495347,-0.4414038,-0.0024562627,-0.31497598,-0.56754977,-0.65993315,-0.21795475,5.800393,-0.62568456,-0.36425894
GAAGCTAAGGACCGCT-1_atac,-0.30017287,1.006268,-0.78456473,-1.4227498,3.741132,-0.701834,-0.36882406,-0.39064378,0.716906,-0.40006542,-0.14625475,-0.45588535,-0.76992595,1.1195252,-0.31049678,-0.53241366
GAAGCTAAGTCTGGGC-1_atac,-0.5960216,0.9361883,-0.58227783,0.70497173,0.19298413,-0.9120111,-0.58179593,-0.55303454,1.4627461,-0.5920221,-0.6601493,-0.4989385,-0.9421249,3.7634718,-0.39967698,-0.74230933
GAAGGAACAGAAATTG-1_atac,-0.48396564,-0.76194495,-0.5292483,0.3259174,-0.5165963,-0.33299166,-0.45259017,-0.33919576,0.20428018,-0.32273367,-0.5669535,-0.46509975,-0.34398127,5.4717197,-0.49427873,-0.39233762
GAAGGCTAGGCAATAG-1_atac,-0.66771626,0.22900519,-0.70565975,1.8216707,0.1167824,-0.7477318,-0.6608607,-0.5875531,0.91028184,-0.5759455,-0.76576227,-0.588179,-0.8636264,4.2431464,-0.49166355,-0.66618836
GAAGTAAGTCGTAATG-1_atac,-0.63829374,-0.16010037,-0.6537225,1.8842307,0.10741157,-0.78798425,-0.560448,-0.59904325,0.9903203,-0.5952991,-0.6990749,-0.6017481,-0.64020973,4.103261,-0.4621936,-0.6871058
GAAGTAAGTCTTTGAC-1_atac,-0.53711015,0.5879826,-0.49291617,1.6814084,3.2743642,-0.6982522,-0.518351,-0.55440134,-0.21701293,-0.6384483,-0.60500133,-0.57873374,-0.63943046,0.97241056,-0.5176362,-0.51887167
GAAGTATAGGAAACTG-1_atac,-0.57743824,-0.8899915,-0.58486974,0.59379226,-0.2606588,-0.31230146,-0.50954616,-0.459162,0.22656968,-0.4128914,-0.6283312,-0.6253988,-0.3249259,5.7566795,-0.5403047,-0.45122147
GAATTTGTCACAGCCA-1_atac,-0.32665402,-0.8962107,-0.67014045,-0.700604,4.4115815,-0.5805018,-0.21699384,-0.281707,0.4734045,-0.24001564,-0.11189228,-0.2903013,-0.51786524,0.56231344,-0.18924858,-0.42516416
GACAATACAGCAAGAT-1_atac,-1.1267405,4.175182,-0.38276133,4.070302,4.653857,-0.35997006,-1.0721473,-1.0384202,-1.250222,-1.0068152,-1.1012695,-1.1319952,-0.84150386,-1.3558524,-1.3051227,-0.9265214
GACATTATCCATAATG-1_atac,-0.65339965,4.5369225,-0.5634748,-0.7473518,-0.7867929,-0.9634929,-0.7327105,-0.7587954,-0.29138923,-0.7699805,-0.7906964,-0.54614526,-1.000701,5.534957,-0.63861024,-0.82833904
GACCGAACAACTCGCG-1_atac,-0.51742953,-0.74896854,-0.48545706,0.34475696,-0.48456067,-0.36171603,-0.4222098,-0.34689206,0.05233401,-0.31635034,-0.5546548,-0.48121566,-0.28011608,5.380397,-0.404135,-0.37378216
GACCGAACAGAAACGT-1_atac,-0.5810263,-0.8133738,-0.5247855,0.3712368,-0.5077381,-0.2066955,-0.51819956,-0.4573371,0.021463305,-0.38748625,-0.6071683,-0.60917974,-0.22613639,6.029874,-0.54953814,-0.43390903
GACCGAACATGTTGGC-1_atac,-0.6705368,3.43244,-0.5074606,1.2645098,-0.82862335,-1.0458053,-0.7309753,-0.77426374,0.80788845,-0.73690724,-0.85680974,-0.60830146,-1.1882944,4.077827,-0.73953986,-0.89514756
GACCTAGTCCTGATGG-1_atac,-0.43367675,-1.0303915,-0.2545733,-0.16399473,-0.62996745,0.08801752,-0.3652878,-0.2966476,-0.21533188,-0.28834003,-0.3860809,-0.39576426,-0.21467358,5.2278733,-0.476943,-0.16421789
GACCTGATCATCCTCA-1_atac,-0.6011842,1.2715647,-0.63205594,2.1218438,4.3818836,-0.22176114,-0.57649046,-0.45435542,-0.811366,-0.7287374,-0.4051199,-0.51947206,-0.5345607,-1.174925,-0.69687873,-0.41838562
GACGCAACAATTAACC-1_atac,-0.5264628,-0.86615235,-0.46440846,0.13579008,-0.5210479,-0.19261155,-0.48265296,-0.42190737,0.4123096,-0.34509447,-0.5635471,-0.5881837,-0.32087,5.681583,-0.5510694,-0.3856744
GACTATTCACGTAATT-1_atac,-0.37171584,-1.0098842,-0.6768399,-0.21208604,5.611217,-0.5473844,-0.30824077,-0.34125364,0.47774613,-0.31787592,-0.33905804,-0.38902432,-0.56719434,-0.3948642,-0.22689776,-0.38664377
GACTATTCAGTGAACG-1_atac,-0.74638253,4.9877667,-0.6127702,-0.40761077,-0.42854053,-1.2046391,-0.78372204,-0.8709288,0.15370178,-0.89347416,-0.9017833,-0.6194534,-1.3340495,5.2476873,-0.5711847,-1.0146171
GACTCACCACCACAAC-1_atac,-0.7901737,0.43130416,1.5623866,3.8808753,0.9533063,-0.92799807,-0.6872925,-0.78677136,-0.4964856,-0.8730739,-0.84278905,-0.91298777,-0.843273,1.8741,-0.6996717,-0.8414555
GACTTACAGCTACTGG-1_atac,-0.64788866,-0.04212787,-0.6575457,0.8552022,0.17391185,-0.5570889,-0.58497906,-0.54470915,0.6111049,-0.5906365,-0.6421414,-0.61177784,-0.6179381,4.951679,-0.455177,-0.63988805
GACTTACAGTGGCGGA-1_atac,-0.862526,3.9234972,-0.32970643,3.9758203,4.4660454,-0.36741507,-1.078356,-0.9615875,-1.2386355,-0.9666429,-0.98622745,-0.99834305,-0.8572435,-1.7177539,-1.111267,-0.88965863
GACTTAGGTACTTCAC-1_atac,-0.54799694,0.5670782,-0.6487224,2.3064358,4.8241844,-0.24384771,-0.5853635,-0.54106474,-0.73710585,-0.50318646,-0.66530657,-0.59671205,-0.5244735,-1.0456411,-0.6432909,-0.41498667
GACTTAGGTTGTTGTC-1_atac,-0.6905609,-0.28090417,-0.75362337,2.388544,5.253764,-0.5215587,-0.6970837,-0.533779,0.05374976,-0.6402379,-0.70503265,-0.6210181,-0.6391382,-0.41951844,-0.62187326,-0.57173014
GACTTAGGTTTAAAGC-1_atac,-0.6697305,-0.8949573,-0.7661736,1.3704067,5.1962433,-0.7276905,-0.5680522,-0.6085675,-0.22487003,-0.60743123,-0.718918,-0.6611081,-0.644128,1.899807,-0.6752646,-0.6995654
GACTTGGTCATTAGGC-1_atac,-0.5734161,-0.320692,-0.6365826,0.70510983,-0.068486944,-0.5701998,-0.50222087,-0.4822688,0.6341978,-0.507545,-0.66146487,-0.54018,-0.55551606,5.073159,-0.37225664,-0.6216372
GAGAAACGTAGCCTAA-1_atac,-0.5499577,-0.7976304,-0.61484706,0.9578135,-0.05271493,-0.5291817,-0.6029478,-0.46253282,0.15086204,-0.5305531,-0.64960355,-0.5728816,-0.40198904,5.6769,-0.48914808,-0.53158754
GAGATAAGTTCACCCA-1_atac,-0.28565103,-0.65911794,-0.5946013,-0.6446614,5.0883164,-0.2753917,-0.2185867,-0.2450015,0.23795761,-0.31982514,0.35735545,-0.4456697,-0.5515555,-1.0859655,0.040080484,-0.39768264
GAGCAAATCATTGCAA-1_atac,-0.3179098,-0.9307176,-0.20719478,-0.51777697,-1.4754846,-0.14409125,-0.31246802,-0.20740613,0.78979707,-0.21975908,-0.3750154,-0.0029010475,-0.26621363,4.665475,-0.3628755,-0.11545789
GAGCAAGGTAGACAAA-1_atac,-0.6311539,1.0645131,-0.5212412,2.6312256,4.484634,-0.11843856,-0.64592266,-0.59848106,-0.8543524,-0.6904764,-0.48238015,-0.6598928,-0.43293715,-1.2289143,-0.77913004,-0.53705204
GAGCAAGGTTGTTCAC-1_atac,-0.64467925,-0.57864624,-0.44165838,2.9081519,0.050395012,-0.714073,-0.6264703,-0.63623774,0.18722272,-0.54620814,-0.66162854,-0.608939,-0.5449515,4.0046487,-0.49975508,-0.6471707
GAGCCTTCAGCCTGCA-1_atac,-0.62898576,0.27899286,-0.6984837,1.5059555,-0.23068917,-0.7234876,-0.54592645,-0.60208356,0.63133574,-0.6157718,-0.6735333,-0.5682548,-0.7997329,4.726798,-0.47299656,-0.5831361
GAGCCTTCATTGTCCT-1_atac,-0.75103855,4.801987,-0.6024172,-0.38812697,-0.6591802,-1.1851707,-0.8139597,-0.81276053,0.3441103,-0.878593,-0.849126,-0.5446878,-1.3290637,5.3407927,-0.6395178,-1.0332484
GAGCGATAGTTATGGC-1_atac,-0.2869798,-0.7629911,-0.6214291,0.017240606,4.7337637,-0.4695982,-0.34924158,-0.33248147,0.49247852,-0.3889552,-0.3681887,-0.20305917,-0.48722252,-0.26528794,-0.28437364,-0.42367467
GAGCGGTCAAGGGTTG-1_atac,-0.7039601,-1.08439,-0.83394796,0.65629554,5.518998,-0.92701364,-0.59310085,-0.5443764,0.09867459,-0.5966253,-0.71892333,-0.47177565,-0.7054023,2.2735002,-0.60258114,-0.7653715
GAGCGGTCACCCTCAC-1_atac,-0.9200189,-1.0137018,1.208053,5.672665,-0.3849724,-0.9309986,-0.9857835,-0.91102934,-0.54765195,-0.9299093,-0.9453372,-1.0188102,-0.9690477,4.4719796,-0.8642369,-0.9312002
GAGCTAGCACACCAAC-1_atac,-0.84304714,-0.9749898,0.9033828,5.3368897,-0.28549984,-0.8929392,-0.8618988,-0.8237736,-0.33976018,-0.8680314,-0.8858063,-1.0162777,-0.87049973,4.105335,-0.7882458,-0.89483845
GAGCTGCTCATAACTG-1_atac,-0.73907983,4.1984587,-0.5881268,-0.12449896,-0.17532621,-1.1178697,-0.7939292,-0.85573614,0.111599624,-0.86243594,-0.8364986,-0.6560167,-1.2135398,5.1720166,-0.631788,-0.88722897
GAGCTGCTCATGCCTC-1_atac,-0.60493565,-0.8922682,-0.8145212,0.0041370504,4.6978307,-0.824477,-0.45877004,-0.33800632,0.38756335,-0.48918307,-0.43647277,-0.5804959,-0.7145737,2.144993,-0.44900966,-0.6318106
GAGCTGCTCCATAAGC-1_atac,-0.54715097,-0.8327143,-0.49524906,0.9244859,-0.40915617,-0.3292956,-0.5735222,-0.47665069,-0.29676548,-0.4035454,-0.5908866,-0.6448239,-0.2292586,5.955229,-0.61434877,-0.43634734
GAGCTGCTCCTGTTCA-1_atac,-0.85755444,4.506626,-0.72326833,0.6138461,1.319874,-1.4502895,-1.0803257,-1.1004016,0.21634157,-1.1658868,-1.102691,-0.8842102,-1.3598993,5.0203123,-0.71598846,-1.2364855
GAGCTTGTCACGCGGT-1_atac,-0.570912,-0.8298547,-0.5713181,0.50297594,-0.51905924,-0.29886752,-0.48616773,-0.44368517,0.14367996,-0.3770259,-0.6164376,-0.61780804,-0.2464637,5.9330387,-0.5578116,-0.44428378
GAGCTTGTCCTCCTAA-1_atac,-0.48267338,-1.2741301,-0.7252604,-0.42799416,5.138109,-0.6661209,-0.27218336,-0.3179886,0.6467265,-0.4232631,-0.27539235,-0.48577783,-0.6252446,1.0144943,-0.32125178,-0.50204927
GAGCTTGTCCTGAATA-1_atac,-0.47091615,-0.8022189,-0.51823527,0.3539542,-0.39414543,-0.28228104,-0.43235046,-0.34738976,0.3752479,-0.35974097,-0.5657308,-0.4438457,-0.43308246,5.1218667,-0.4698649,-0.33126652
GAGGACTAGCTAAAGG-1_atac,-0.36192313,-0.71224993,-0.37462395,0.54512084,-0.88766855,-0.1614505,-0.34266564,-0.23458529,-0.22336015,-0.28621542,-0.39341497,-0.37210786,-0.27395657,4.695739,-0.42847222,-0.18816543
GAGGAGGCATGCTATG-1_atac,-0.35622573,0.7938663,-0.7074283,-0.91251016,3.7479,-0.7493638,-0.23958436,-0.4026711,0.48314714,-0.3777132,-0.0811647,-0.42531997,-0.66085726,0.64659077,-0.2339187,-0.524747
GAGGCTTGTATTGAGT-1_atac,-0.48325413,-0.8400893,-0.52030236,0.486405,-0.518961,-0.24625456,-0.42581743,-0.39002758,0.57090986,-0.37447342,-0.59285516,-0.4961031,-0.3615823,4.9838033,-0.40769884,-0.38369882
GAGGGAGCAAGGGTTG-1_atac,-0.8123517,-0.68043065,-0.5749763,1.9847728,-0.038314074,-0.29806522,-0.6927328,-0.63263667,-0.85022247,-0.52479863,-0.81572676,-0.8309746,-0.23625097,6.364191,-0.8162664,-0.5452161
GAGGGAGCAGCATGTC-1_atac,-0.6038052,0.5141798,-0.686652,1.8843557,-0.41154706,-0.5730416,-0.5897802,-0.5706681,0.12795946,-0.52859163,-0.71928334,-0.53015643,-0.6838907,4.5315604,-0.58303416,-0.57760507
GAGGTACAGGACCGCT-1_atac,-0.743257,0.5342667,-0.27685714,2.7305167,3.3647306,-0.61445,-0.5890247,-0.72642225,-0.5615293,-0.84501225,-0.79528195,-0.7493525,-0.85537016,1.58437,-0.71363705,-0.7436893
GAGGTAGGTAGGTTAT-1_atac,-0.5859716,-0.81982505,-0.31616583,0.82496285,-0.39494422,-0.12181923,-0.5844295,-0.422004,-0.47795376,-0.35019332,-0.629531,-0.69188595,-0.22333175,5.8548827,-0.66059136,-0.4011993
GAGGTGAGTAAGCACC-1_atac,-0.78383994,5.2644033,-0.5483161,-0.41310704,-0.43840522,-1.2804834,-0.8798039,-0.95045316,-0.00034027547,-0.9234661,-0.91651976,-0.68604714,-1.3608487,5.735165,-0.76641184,-1.051526
GAGGTGAGTAGCCTAA-1_atac,-0.5441308,1.377681,-0.59770584,2.2152574,4.2794433,-0.13671918,-0.5940187,-0.5702046,-0.8231023,-0.6100342,-0.63575745,-0.59606516,-0.63953716,-0.9951514,-0.6193796,-0.51057506
GAGGTGAGTAGGTTAT-1_atac,-0.63461536,-1.0148807,-0.779886,1.3986483,5.032149,-0.7083507,-0.49438304,-0.5798173,-0.09644799,-0.5753232,-0.60901386,-0.5443458,-0.6653635,1.4153932,-0.52527595,-0.61848736
GAGGTGAGTGTGTGGT-1_atac,-0.34891412,0.08529212,-0.059326276,-0.1322976,-1.0427083,-0.12776086,-0.41953275,-0.13836938,-0.2213535,-0.37922445,-0.34040096,-0.12695354,-0.35300043,4.375152,-0.56589615,-0.20470604
GAGGTGAGTGTTTCAC-1_atac,-0.55900776,-0.94909114,-0.5313974,0.64314514,-0.36369514,-0.28290087,-0.47240102,-0.44685936,0.025659777,-0.34480315,-0.6193632,-0.6750343,-0.31863475,5.7264857,-0.46801293,-0.36408985
GAGTAACCAGATAGAC-1_atac,-0.31456995,-0.84916645,-0.549525,-0.20248708,5.5144877,-0.4958178,-0.31499594,-0.43588063,0.17723574,-0.2634319,-0.2707184,-0.40253487,-0.45058128,-0.47872344,-0.2822993,-0.38099134
GAGTAACCATGAGCAG-1_atac,-0.35019204,-0.45348898,-0.60774595,-0.1880649,5.3954415,-0.4705433,-0.38219395,-0.33034337,-0.07104128,-0.21156693,-0.23943383,-0.27248523,-0.45003614,-0.70635784,-0.27064028,-0.39130744
GAGTGATCAATAACGA-1_atac,-0.6212044,-0.23024207,-0.5684426,1.6400054,-0.12510744,-0.52138245,-0.61942315,-0.61909986,-0.55357015,-0.6242248,-0.59683,-0.66475356,-0.4396589,5.7929897,-0.5997567,-0.6492989
GATAAAGGTTTATGGG-1_atac,-0.46268427,-0.7188536,-0.6821003,1.2028121,5.40482,-0.54233444,-0.49656802,-0.48722142,-0.3168257,-0.49468952,-0.551255,-0.41591114,-0.5778346,0.15979204,-0.44551706,-0.5756288
GATAACGAGCTTAGCG-1_atac,-0.7744482,5.334389,-0.46400577,-0.40725034,-0.61970115,-1.2517346,-0.85289145,-0.8971757,-0.07914697,-0.92565227,-0.9318186,-0.61966544,-1.3368804,5.5434227,-0.6906644,-1.0267762
GATAACGAGTCAATTG-1_atac,-0.5260221,-0.7554709,-0.74918675,0.66937304,5.686648,-0.5961122,-0.39631766,-0.54946554,0.38932645,-0.55916864,-0.69385505,-0.4549334,-0.5490931,0.2799728,-0.6001102,-0.5955849
GATAACGAGTTAGCTA-1_atac,-0.6302934,0.367912,-0.7207836,1.6253959,0.18253174,-0.81266624,-0.63913167,-0.5946679,0.9343118,-0.5528933,-0.7587332,-0.6201603,-0.8084718,4.291569,-0.5625141,-0.7014051
GATAAGCCAAGACTCC-1_atac,-0.31929278,0.15492418,-0.014565229,-0.13664378,-1.1889049,-0.09425034,-0.4330004,-0.19377767,-0.39832598,-0.36544222,-0.35245144,0.023136035,-0.3104323,4.4531183,-0.6282547,-0.19583692
GATAATCGTACAAAGA-1_atac,-0.4071766,-0.7934705,-0.31446242,-0.10761215,-0.6978475,-0.2564332,-0.32614887,-0.23128875,-0.00082853436,-0.23273613,-0.46868062,-0.36716175,-0.40895176,5.1194673,-0.2919674,-0.21470095
GATAGACCACTCAACA-1_atac,-0.6388313,1.1834981,-0.48386407,2.6751802,4.496964,-0.1535785,-0.63216335,-0.6382259,-0.862704,-0.6630616,-0.48542714,-0.6263727,-0.45920193,-1.3708915,-0.7402473,-0.6010727
GATCACTAGGACCTCA-1_atac,-0.7696898,-1.0294222,0.4373389,5.6565323,-0.33700883,-0.8630506,-0.90060925,-0.8367179,-0.5424023,-0.8387607,-0.9237938,-0.96939516,-0.8294796,4.4699416,-0.7802228,-0.9432597
GATCAGTTCAATCATG-1_atac,-0.30558178,0.51489973,-0.67713284,-1.3438876,3.801989,-0.7342361,-0.3187559,-0.32086298,0.8847273,-0.38157263,-0.06670647,-0.43790305,-0.7626793,0.8545321,-0.21473989,-0.49208987
GATCAGTTCGGTCAAT-1_atac,-0.7303834,-0.9881551,0.9924396,5.137892,-0.04072775,-0.63278127,-0.73564893,-0.7766712,-1.0317903,-0.8600579,-0.7762053,-0.86379623,-0.72448266,3.5697675,-0.7195768,-0.8198214
GATCCGTCAGTTAAAG-1_atac,-0.40789044,-0.81009376,-0.48839897,0.2920025,-0.92622447,-0.25927427,-0.36042085,-0.31377226,0.26403993,-0.29829282,-0.44137686,-0.39257967,-0.32573074,5.061322,-0.38641825,-0.20689103
GATCGCTCATTAGCCA-1_atac,-0.5731168,-0.84091735,-0.505289,0.6894869,-0.37515932,-0.29604244,-0.5298329,-0.5028044,-0.10262114,-0.40772128,-0.5842097,-0.608383,-0.29651892,5.9447036,-0.5326986,-0.47887588
GATGCAGCAAGGATTA-1_atac,-0.8111552,-1.0207704,-0.76349944,0.6366502,5.6330132,-0.88627386,-0.6531429,-0.7275707,0.09605483,-0.603645,-0.9054239,-0.7101745,-0.6672982,2.6265686,-0.5305981,-0.71273434
GATGCAGCACGTTACA-1_atac,-0.6231277,-1.189094,-0.4049152,-0.5229596,5.180748,-0.78887045,-0.38831773,-0.44273928,0.5506003,-0.47982076,-0.53948003,-0.4610584,-0.6141459,1.7803713,-0.4213512,-0.63583934
GATGCTTAGGAGCACG-1_atac,-0.33986002,-1.1121163,-0.23190069,-0.25854757,-0.9490879,0.027888298,-0.30118155,-0.24465293,-0.10818964,-0.21071607,-0.33394462,-0.30052394,-0.13327599,5.152163,-0.500912,-0.15514162
GATGGCTGTACGATTG-1_atac,-0.691626,1.9041852,-0.8647356,0.8968485,4.439439,-0.8008124,-0.65921944,-0.6783156,0.4522268,-0.83112204,-0.7764878,-0.63970053,-0.78127205,0.49588063,-0.80446446,-0.6608241
GATGGCTGTCCGCTGT-1_atac,-0.4166764,-0.8725061,-0.68584,-0.2040162,5.72655,-0.5628762,-0.3821931,-0.3376066,0.4708277,-0.38433415,-0.44075894,-0.4021101,-0.51617783,-0.3222887,-0.26248872,-0.4075048
GATTACGGTTGGATCA-1_atac,-0.45912713,0.71588635,-0.50526446,1.3570522,-0.30724835,-0.6134353,-0.57343626,-0.5659364,-0.26064622,-0.5846469,-0.48443252,-0.5337319,-0.68923753,4.653406,-0.5447531,-0.60444856
GATTACTCAATTGAAG-1_atac,-0.6042151,1.1431702,-0.6140777,1.9083977,-0.23305583,-0.753343,-0.68496275,-0.57278425,-0.0992117,-0.6289331,-0.6395935,-0.6308906,-0.6656897,4.2831106,-0.5391971,-0.6687244
GATTACTCAGGAACTG-1_atac,-0.84015083,-0.9743816,0.7592359,5.713744,-0.7235618,-0.85648054,-0.889703,-0.8471506,-0.6314666,-0.8602981,-0.896522,-0.99128574,-0.838506,4.523496,-0.7276157,-0.919354
GATTACTCAGTTAAAG-1_atac,-0.9925517,4.9370832,-0.6782384,0.28958732,0.8679391,-1.3291049,-1.0666162,-1.05799,0.19988777,-1.0843873,-1.1859125,-0.86782336,-1.3879776,5.439643,-0.8898929,-1.1936455
GATTAGCTCCTTAATC-1_atac,-0.48838586,0.38956827,-0.48170066,1.3029467,3.027062,-0.5492326,-0.5685188,-0.64068335,-0.28666046,-0.5288835,-0.6879992,-0.48134404,-0.6417252,1.8137525,-0.43313545,-0.74506027
GATTAGCTCTAAGTGC-1_atac,-0.34776253,-0.44837695,-0.3990004,-0.15090808,-0.7704681,-0.2315825,-0.37554944,-0.23334858,0.39170557,-0.27359748,-0.4113348,-0.19243765,-0.39656603,4.432538,-0.28954098,-0.30377033
GATTATGTCAAACACC-1_atac,-0.7877022,-0.9758854,0.93830574,5.199243,-0.17192057,-0.7676024,-0.7428858,-0.82390225,-0.4453795,-0.77463806,-0.84911627,-0.93375057,-0.80222917,3.4446359,-0.7095303,-0.7976424
GATTATGTCCTCACTA-1_atac,-0.61801493,-0.22730184,-0.5697885,1.8572624,-0.5612151,-0.45286924,-0.593203,-0.59239006,0.068581164,-0.5206819,-0.64287746,-0.58868927,-0.5081244,4.9059534,-0.5287357,-0.42790526
GATTCAATCGCTTCTA-1_atac,-0.50791615,-0.5978329,-0.502988,0.5927284,-0.41000926,-0.2967493,-0.4789673,-0.44110644,0.011141352,-0.40591627,-0.55498904,-0.5338936,-0.34343624,5.3290997,-0.43829387,-0.42087126
GATTCAATCTGTAATG-1_atac,-0.5342688,0.6987259,-0.59312093,1.2624899,-0.13396795,-0.6197404,-0.6036174,-0.54831177,-0.41387916,-0.592735,-0.51526463,-0.51222736,-0.62132066,4.796928,-0.47538203,-0.59430796
GATTGCAGTGAGGTGA-1_atac,-0.63152254,-0.7648593,-0.67122126,1.3759848,5.429179,-0.6737715,-0.6386783,-0.68705535,-0.34747946,-0.6418116,-0.56885564,-0.6725143,-0.63567746,1.4900016,-0.6533272,-0.70839167
GATTGGCGTACCAGGT-1_atac,-0.60381836,-0.5213783,-0.71066296,2.1258996,-0.08631493,-0.6204946,-0.5919335,-0.52509266,0.16687627,-0.52762055,-0.5829791,-0.5972387,-0.5406883,4.8039265,-0.58478254,-0.603698
GATTGGCGTGTTAGCA-1_atac,-0.6661431,0.6516106,-0.4014984,2.2829306,-0.18813337,-0.695624,-0.6293004,-0.8026214,0.37488258,-0.6399969,-0.7910775,-0.6434322,-0.6840027,4.245733,-0.6763432,-0.73698324
GATTGGTTCATGCTCC-1_atac,-0.5323721,-0.7788271,-0.42007518,0.4830415,-0.46845013,-0.16804767,-0.45955765,-0.44197983,-0.4540264,-0.352252,-0.5501616,-0.5962212,-0.17473629,5.8946753,-0.5867785,-0.3942315
GATTGGTTCCCGAAGC-1_atac,-0.9325011,-0.24609885,1.2933716,4.8276844,0.26325345,-0.8515383,-0.8643851,-0.8356786,-0.67853093,-0.8612685,-0.9024751,-1.001788,-0.8388394,3.311851,-0.8343096,-0.84874666
GCAAACAAGCAAACCT-1_atac,-0.54058945,-0.9455682,-0.7662002,-0.27939567,5.353949,-0.7888286,-0.35185596,-0.52117026,0.44485825,-0.5443175,-0.5466974,-0.3509509,-0.5797813,1.4346632,-0.43427834,-0.58383715
GCAAACTTCACTCAAA-1_atac,-0.6232251,1.1728759,-0.7454675,2.643311,4.8579254,-0.16902941,-0.5934862,-0.6524687,-0.8420094,-0.67190796,-0.7781068,-0.61527795,-0.62842757,-1.1224809,-0.65226275,-0.57996154
GCAAACTTCAGGATGA-1_atac,-0.44129288,-0.5121268,-0.5369822,0.90205973,4.9763813,-0.5889371,-0.5138378,-0.48454875,-0.5009761,-0.534462,-0.49563634,-0.4537061,-0.6000713,0.86918455,-0.6547174,-0.43033105
GCAAGCCTCTCGCCTG-1_atac,-0.9141975,0.9731128,-0.6935278,3.2381382,2.0293312,-1.0964557,-1.0167923,-0.95353645,-0.5799928,-1.060822,-1.0069869,-0.9078104,-1.0424684,4.8732433,-0.8991286,-0.942107
GCAAGTGCAAAGGCCA-1_atac,-0.48735413,-0.89038396,-0.40910915,0.22206524,-0.62695587,-0.08304334,-0.3956038,-0.33911526,-0.35667077,-0.30857548,-0.49484786,-0.48182788,-0.19229394,5.6594024,-0.51647365,-0.29921237
GCAATAGAGATTGAGG-1_atac,-0.37226215,-0.9528965,-0.59010124,-0.7657764,5.4287467,-0.5554627,-0.2502685,-0.3038837,0.7361648,-0.31847152,-0.20787054,-0.45072088,-0.5648314,-0.27533707,-0.16976632,-0.3872628
GCAATATGTAGGTTGC-1_atac,-0.6611717,1.5740525,-0.80240977,2.8517017,4.7273517,-0.4403569,-0.81552476,-0.69569963,-0.9391694,-0.755818,-0.80241936,-0.59597105,-0.74889493,-0.40082085,-0.83890903,-0.6559408
GCAATCTAGGAAACTG-1_atac,-0.49219385,-0.91875994,-0.4435009,0.4365664,-0.5869981,-0.27796975,-0.43146268,-0.3887369,0.121359535,-0.29707024,-0.4955555,-0.551155,-0.36335534,5.378031,-0.41864428,-0.27055413
GCAATGAAGTAGCGGG-1_atac,-0.8643423,5.23512,-0.49158818,0.21523705,-0.30272287,-1.3185654,-0.95027584,-0.9925479,0.065604955,-1.0378098,-1.0600309,-0.7408324,-1.4146276,5.478388,-0.7385231,-1.0824828
GCAATGTTCATGACCG-1_atac,-0.27577534,0.19800739,-0.59991163,-0.026890501,4.4646883,-0.33720353,-0.3333595,-0.2913026,-0.10268832,-0.3783157,-0.060648583,-0.3447541,-0.45822376,-1.0616775,-0.09775535,-0.294189
GCAATGTTCCTGGTCT-1_atac,-0.90435976,-0.7848105,-0.6983881,0.17142531,5.7493815,-0.9376488,-0.91362,-0.6482703,0.129814,-0.6490017,-0.8740293,-0.7392438,-0.7621247,3.4446762,-0.77838,-0.8054204
GCACCTAAGGTGAAAT-1_atac,-0.6060523,-0.7873862,-0.6980602,-0.2041993,5.2230163,-0.8707219,-0.47440177,-0.55291694,0.37922937,-0.5525641,-0.5972242,-0.5721369,-0.67080677,2.1943274,-0.47619492,-0.7339079
GCACGAACAGACAAAC-1_atac,-0.47073096,-0.8549292,-0.39336312,0.08538357,-0.563937,-0.08047488,-0.41696513,-0.3338343,-0.32460076,-0.28567123,-0.4994002,-0.5033311,-0.20912503,5.6695833,-0.5336537,-0.2849509
GCACGAACAGGAACCA-1_atac,-0.5620251,-0.8917892,-0.4782499,0.53013986,-0.34656695,-0.25861236,-0.48808324,-0.41929102,-0.15131912,-0.3724428,-0.59662765,-0.58755547,-0.25903153,5.7940984,-0.523351,-0.3892928
GCACGCTAGGAAACTG-1_atac,-0.27895725,-0.58291113,-0.64729035,-0.2493183,4.970098,-0.5555632,-0.2802099,-0.26231208,0.38766265,-0.31985638,-0.19551137,-0.32620972,-0.5060071,-0.58433723,-0.26027676,-0.30899987
GCACGGTTCCTTAAGA-1_atac,-0.5708071,-0.8331397,-0.56431586,0.4777764,-0.3925687,-0.37322366,-0.51930946,-0.45264447,0.9600083,-0.412418,-0.6259312,-0.59103966,-0.4325689,5.208141,-0.47580254,-0.40215594
GCACTAAGTAACCAGC-1_atac,-0.6123819,0.35196233,-0.64268833,1.5717185,-0.22259825,-0.611117,-0.60168624,-0.6423994,0.09465109,-0.66638714,-0.600566,-0.5644057,-0.56931514,4.891594,-0.5059213,-0.67045933
GCACTAAGTTCATCTA-1_atac,-0.49602473,-0.7770038,-0.49392277,0.34069252,-0.2156733,-0.343265,-0.4741881,-0.3762527,0.10854623,-0.3521294,-0.5339579,-0.46731937,-0.34036937,5.2270675,-0.45294642,-0.35325316
GCACTTACAGCAGGTA-1_atac,-0.8196039,-1.1210679,0.86864454,5.6717434,-0.37185222,-0.8747076,-0.93553054,-0.89003515,-0.7330888,-0.8685999,-0.85625845,-0.924332,-0.82803637,4.3429804,-0.7892525,-0.87100327
GCAGCTATCTGTTGCC-1_atac,-0.7512693,-0.42473882,-0.78557295,2.0444787,4.996858,-0.657168,-0.77584434,-0.70106107,-0.33151984,-0.76308423,-0.72558516,-0.8468308,-0.83422804,2.084976,-0.6979167,-0.831494
GCAGGAAGTCCCGAAG-1_atac,-0.827983,5.2192917,-0.5529493,0.011749081,-0.14627278,-1.3458552,-0.9398112,-0.95778096,0.049793765,-1.0086182,-1.0008647,-0.8157265,-1.4153684,5.552545,-0.69843066,-1.1237185
GCAGGATAGAAAGGAA-1_atac,-0.43459815,-0.9188264,-0.49357885,0.30669385,-0.5740494,-0.27628636,-0.44702262,-0.35379016,0.32545972,-0.35266703,-0.52672035,-0.47598374,-0.33855218,5.321692,-0.43431306,-0.3274576
GCAGGATAGTTAGGCT-1_atac,-0.8364483,5.1434603,-0.6236331,-0.2225975,-0.24620543,-1.2772233,-0.93081397,-0.996026,0.21997944,-1.0183938,-0.9838832,-0.72804004,-1.4145964,5.681566,-0.6808602,-1.0862848
GCAGGCAAGCAGGTTT-1_atac,-0.4879292,1.5408357,-0.60138494,1.7082274,4.385496,-0.014652036,-0.6115864,-0.508069,-0.82958823,-0.61345994,-0.4574276,-0.5520023,-0.6368782,-1.2691482,-0.6114738,-0.44095942
GCAGGCAAGGACCTGC-1_atac,-0.3071226,-0.4495315,-0.42481214,-0.04919541,-0.9766841,-0.20875484,-0.34966952,-0.2902062,0.259947,-0.27906734,-0.41781515,-0.18561786,-0.44810688,4.493183,-0.21572262,-0.15082398
GCAGGTGAGGAATAAC-1_atac,-0.45429677,-0.79323244,-0.5294053,0.16631398,-0.69886523,-0.31697136,-0.3664353,-0.33837536,0.5991357,-0.29256448,-0.4737321,-0.4729008,-0.37765655,5.078551,-0.45123726,-0.27832708
GCAGGTTGTGACATGC-1_atac,-0.7774003,3.9748409,-0.6540881,3.2768164,4.7336836,-0.15128393,-0.9575093,-0.94681716,-1.1004195,-0.92360115,-0.94672596,-0.99027276,-0.7975794,-1.8972273,-1.0392114,-0.80320466
GCATGAAAGCGAGGTG-1_atac,-0.61794347,-0.87809205,-0.5718273,1.2809032,-0.3724814,-0.3504566,-0.5725612,-0.5557566,0.32856965,-0.48645616,-0.6245366,-0.6321278,-0.3250432,5.5545535,-0.578942,-0.59780186
GCATGAAAGCGCCTTT-1_atac,-0.6255034,-0.5898144,-0.6526985,1.0151875,-0.46390536,-0.40427902,-0.53982973,-0.55936503,0.68740165,-0.4940612,-0.6661935,-0.52939475,-0.410715,5.253152,-0.49395642,-0.5260247
GCATGAAAGGCAATAG-1_atac,-0.54204524,1.8709707,-0.5845771,0.41801935,-0.3174454,-0.6093279,-0.6135932,-0.5635221,-0.27773958,-0.5888019,-0.55845755,-0.4950391,-0.71584785,4.7850633,-0.5905401,-0.6171166
GCATTAGGTATGGTGC-1_atac,-0.5119572,0.88419926,-0.71373856,2.40753,4.38041,-0.3715293,-0.49510026,-0.56107616,-0.4326585,-0.6274907,-0.59113216,-0.68952817,-0.60131615,-0.8585113,-0.6434809,-0.5746201
GCATTAGGTATTCGTC-1_atac,-0.6952276,-0.22942823,-0.5407597,2.0589113,-0.27856943,-0.4905475,-0.6378052,-0.60552156,-0.905851,-0.54176533,-0.5619823,-0.6916355,-0.3782893,5.9276853,-0.7573066,-0.67190695
GCATTAGGTTAGCCAA-1_atac,-0.52317625,-0.8241431,-0.38283318,0.59822124,-0.42780036,-0.20137201,-0.4910736,-0.4150663,-0.25458616,-0.33834308,-0.5976782,-0.5857629,-0.20467623,5.642512,-0.59498537,-0.39923614
GCCAACATCCGGCTAA-1_atac,-0.37127078,0.859563,-0.66106457,-0.6618401,4.3275433,-0.53779995,-0.268208,-0.42352182,0.25021103,-0.2925733,-0.026762072,-0.38680843,-0.55389106,-0.77786404,-0.052237965,-0.42347527
GCCAATTAGGCAAGTA-1_atac,-0.5430027,-0.8958539,-0.5239513,0.546919,-0.35628858,-0.28133792,-0.4806638,-0.44790724,0.021881789,-0.3583187,-0.57168436,-0.59274685,-0.26298687,5.698889,-0.5466529,-0.4062946
GCCACACAGGTCCTGA-1_atac,-0.5386168,-0.77375257,-0.74416435,0.5673168,-0.75234544,-0.53110015,-0.44969,-0.40996018,1.8167868,-0.42877355,-0.63515985,-0.37407452,-0.531451,4.591612,-0.31541374,-0.49121335
GCCACTAAGGAACCGG-1_atac,-0.49021643,-0.98757684,-0.37521327,0.127517,-0.6087544,-0.29055196,-0.36491656,-0.2988984,0.46727937,-0.3254587,-0.505794,-0.41054642,-0.4007728,5.1320353,-0.3721372,-0.29599464
GCCAGGAAGGAACCGG-1_atac,-0.38626868,-0.43768334,-0.5618328,0.3401632,5.3829784,-0.4490658,-0.38727435,-0.38333693,-0.24061668,-0.2537933,-0.25884733,-0.38417313,-0.5282434,-0.74033725,-0.2839939,-0.42767483
GCCAGGTTCCAAACAC-1_atac,-0.42711946,-0.7531754,-0.695215,-0.600405,4.264496,-0.49327585,-0.2711622,-0.27761245,0.31373635,-0.31167325,-0.17158659,-0.35578927,-0.5290673,0.9537511,-0.19969253,-0.44620875
GCCAGGTTCGTCAAGT-1_atac,-0.24855147,-0.94425875,-0.5724603,-0.77120733,5.266084,-0.4688846,-0.21601798,-0.27824998,0.32977661,-0.16665362,0.05637283,-0.36096382,-0.46740663,-0.74129903,-0.103465006,-0.31281477
GCCATTACAGCCTAAC-1_atac,-0.4194845,0.072771415,0.32476813,0.020927705,-0.9694596,-0.16716275,-0.5048924,-0.270357,-0.040571973,-0.46494406,-0.459185,-0.18641114,-0.47501695,4.346537,-0.54223263,-0.2652865
GCCCAAATCCTTGTTG-1_atac,-0.44277805,-0.9160406,-0.44647247,0.030332662,-0.6695458,-0.23577721,-0.37189168,-0.30272335,0.19952255,-0.24234428,-0.48746836,-0.46557707,-0.30158103,5.326372,-0.40302485,-0.2710023
GCCCATAAGCCGCAGT-1_atac,-0.69726795,1.4670407,-0.43648487,2.1509714,-0.25489992,-0.84432876,-0.7456366,-0.6202632,-0.40709013,-0.74729085,-0.7593377,-0.5878026,-0.6450472,4.623925,-0.7202697,-0.7762179
GCCTATTGTCATTGTC-1_atac,-0.634596,-1.1003056,-0.8175224,-0.40536857,5.624561,-0.9247885,-0.6204971,-0.62734675,0.028809614,-0.57800806,-0.58293915,-0.4029714,-0.71004033,3.0106015,-0.5153069,-0.7442811
GCCTATTGTTATCCGT-1_atac,-0.4416931,0.14256644,0.4317435,0.2529981,-0.8407285,-0.23806646,-0.50165296,-0.20069382,-0.3237367,-0.50867283,-0.43811658,-0.19569856,-0.32764837,4.078702,-0.5932555,-0.2960468
GCCTCGACACGAATCC-1_atac,-0.34644473,-1.0214969,-0.06483185,-0.26129407,-1.0827427,0.014390424,-0.3670451,-0.22916946,-0.022876352,-0.18737036,-0.36387372,-0.20378271,-0.16378582,4.6695046,-0.2906162,-0.07856557
GCCTCGACAGTGAACG-1_atac,-0.39465046,-0.47502613,-0.7044412,0.14393352,4.8525906,-0.49972707,-0.42871958,-0.51911783,0.83762646,-0.53532934,-0.43091226,-0.26460904,-0.5476669,-0.34642965,-0.30317068,-0.38435018
GCCTGTGCAGGCGAGT-1_atac,-0.31269592,-0.9983346,-0.59215087,-0.58968437,5.483885,-0.54311144,-0.2708093,-0.31058204,0.42529583,-0.25889724,-0.22135128,-0.3317603,-0.4966632,-0.38926727,-0.22842814,-0.36544466
GCCTTAACACAATGTT-1_atac,-0.26280165,-0.1512624,-0.6250779,-1.1063192,4.645258,-0.4995532,-0.3025601,-0.31358796,0.79732233,-0.2586681,0.039629683,-0.24067697,-0.55274904,-0.81495935,0.018471718,-0.37246588
GCCTTAACACTTAGGC-1_atac,-0.64271116,0.49631998,-0.8119316,1.4867793,-0.24081725,-0.6680412,-0.6285083,-0.61493766,0.642052,-0.6849649,-0.6664413,-0.63004446,-0.67024034,4.9612007,-0.66878784,-0.6589255
GCCTTAACAGCATGAG-1_atac,-0.85211015,-1.0991306,0.9747925,5.671284,-0.25704807,-0.83082235,-0.9397745,-0.871506,-0.794379,-0.8994746,-0.97026217,-1.0357074,-0.83529794,4.466745,-0.80813277,-0.91917634
GCCTTAACAGGCGAGT-1_atac,-0.63992053,1.8938107,-0.7695988,2.4200923,4.8269706,-0.24506322,-0.75661653,-0.68754035,-0.9246343,-0.6249446,-0.5898733,-0.6979522,-0.61992806,-1.3868771,-0.61916155,-0.57876277
GCCTTACTCACTAAGC-1_atac,-0.679374,0.40167916,-0.92304355,1.9830465,-0.14230141,-0.7621466,-0.68925434,-0.6871434,1.0249524,-0.66885036,-0.6768201,-0.6610218,-0.7455888,4.516801,-0.61298025,-0.67795414
GCCTTACTCTTGCTAT-1_atac,-0.79007804,5.456115,-0.5500068,-0.4944299,-0.71746874,-1.23145,-0.8488598,-0.9207978,-0.34395176,-0.88292825,-0.8927368,-0.64047945,-1.296778,5.9120812,-0.7412617,-1.0169686
GCCTTAGAGCTGCACA-1_atac,-0.46264184,-0.056201816,-0.5584185,1.351665,4.7030535,-0.29162693,-0.41866863,-0.5365713,-0.23332725,-0.4558823,-0.08873707,-0.6407369,-0.4666072,-1.0736219,-0.28272903,-0.48894775
GCCTTAGAGTTATGGC-1_atac,-0.4208945,-0.8455822,-0.33858067,0.48130333,-0.56067616,-0.34370416,-0.37425,-0.33724535,0.33452955,-0.32366502,-0.45108032,-0.34145778,-0.42998898,4.61114,-0.36864424,-0.29120314
GCCTTGCGTACAAAGA-1_atac,-0.6484235,-0.5175367,-0.7765461,1.6412175,-0.30827254,-0.49276584,-0.5367505,-0.48078454,0.14995992,-0.5942338,-0.58754116,-0.64028215,-0.4353873,5.348131,-0.4948389,-0.62594575
GCCTTGCGTCATAACG-1_atac,-0.325247,0.24261534,-0.7314241,-1.2818488,3.9811554,-0.70973814,-0.31484634,-0.35267097,0.7071401,-0.3168669,-0.0711791,-0.47951347,-0.65366757,0.95787036,-0.14124426,-0.51053464
GCCTTGCGTCATTGTC-1_atac,-0.59457374,-0.6855374,-0.49914193,0.36204743,-0.53494984,-0.1454871,-0.54278934,-0.496139,-0.27116668,-0.3753832,-0.59015334,-0.6089809,-0.20365427,6.2348824,-0.6218238,-0.42714924
GCCTTGCGTTAAGCTG-1_atac,-0.6025529,0.41393036,-0.20425023,3.012754,0.88904685,-1.0009843,-0.645782,-0.7506101,-0.1827083,-0.58427376,-0.7033948,-0.59231406,-0.67288357,2.9554508,-0.57929105,-0.7521367
GCGAAGTAGGGTGAAC-1_atac,-0.8835008,-0.7749772,-0.68152905,1.504909,5.4068656,-0.8427923,-0.8981571,-0.651304,-0.14190492,-0.6358843,-0.8487954,-0.7097758,-0.7202606,2.3926852,-0.7836877,-0.7318908
GCGAGTGAGGGATTAG-1_atac,-0.5735458,-0.36308032,-0.62681997,1.5990216,-0.37386346,-0.37417465,-0.5273339,-0.5230505,-0.26975054,-0.5201548,-0.5641503,-0.5773897,-0.44901174,5.311029,-0.58242154,-0.585303
GCGCAAACATAAGCAA-1_atac,-0.6051131,-0.890902,-0.49220967,0.82451427,-0.19418474,-0.3721962,-0.59696656,-0.51115817,0.1091224,-0.47176373,-0.6668055,-0.67896307,-0.31485856,6.051189,-0.6367778,-0.55292684
GCGCAAACATAGCTGC-1_atac,-0.419872,-1.0370505,-0.46606272,-0.20040976,-0.42156667,-0.23598741,-0.3280201,-0.24852385,0.28090012,-0.30982345,-0.4679584,-0.38556677,-0.2782883,5.1395698,-0.38085967,-0.2404802
GCGCGATTCAATCTCT-1_atac,-0.40595794,-0.66753274,-0.03066045,-0.25679255,-0.70311403,0.20716429,-0.49087894,-0.37199253,-0.61238176,-0.30770844,-0.4131269,-0.49930042,-0.15567265,5.492587,-0.58447677,-0.2001553
GCGCGATTCATAGACC-1_atac,-0.3933555,1.4004029,-0.5699729,-0.16575152,4.313859,-0.130167,-0.57739943,-0.39680368,0.064908825,-0.54554087,0.121296234,-0.56106496,-0.60946757,-1.3717825,-0.1380294,-0.44113183
GCGCTAGGTTTGCGCC-1_atac,-0.58388126,-0.8602952,-0.5454727,1.2483519,-0.35425073,-0.4361397,-0.5645758,-0.51084286,0.12892014,-0.46847767,-0.58973444,-0.5904109,-0.34577042,5.5323987,-0.5442827,-0.5155368
GCGCTTAAGCTCCCTG-1_atac,-0.8347857,5.147702,-0.6154574,-0.13140444,-0.09792945,-1.3659762,-0.9338241,-0.9766801,0.08170367,-1.0082196,-0.94760245,-0.76889837,-1.3587339,5.6029115,-0.68346846,-1.1093373
GCGCTTGCATTAGCCA-1_atac,-0.9838779,4.516159,-0.70850056,0.6409996,1.3369427,-1.380615,-1.1168321,-1.1015893,0.10925009,-1.1957805,-1.0531958,-0.8918802,-1.3501096,5.2287893,-0.8563759,-1.1933833
GCGGAACCAAGCTTTG-1_atac,-0.82329285,4.6166177,-0.5082722,0.5952012,-0.08781719,-1.3321747,-0.9208944,-0.942129,0.31242102,-0.98931617,-0.9726551,-0.77477723,-1.2476305,4.9153256,-0.71542865,-1.1251776
GCGGAACCACAAAGGT-1_atac,-0.7645473,4.6022835,-0.46826315,0.06429263,-0.8440548,-1.041538,-0.7437755,-0.757466,-0.25337481,-0.73477536,-0.73011756,-0.554467,-1.2204431,4.9658484,-0.6920204,-0.8275809
GCGGAACCATCACAGC-1_atac,-0.77517235,0.91803765,-0.6257995,2.4510915,0.47911772,-0.8222589,-0.91692716,-0.7435272,0.02790076,-0.86777043,-0.81581646,-0.7591564,-0.8259713,4.7122374,-0.54117167,-0.8948135
GCGGGTTTCCCTGTTA-1_atac,-0.4640528,-1.0625952,-0.66947275,-0.506847,5.5904536,-0.6318222,-0.38587326,-0.37897867,0.5809613,-0.34292608,-0.34551698,-0.3915833,-0.5092197,0.27134448,-0.24718949,-0.50668156
GCGTGCTAGCCTGATG-1_atac,-0.59923863,-0.847584,-0.5878937,1.0543175,-0.28403723,-0.53479314,-0.5758548,-0.525476,0.5061313,-0.50747216,-0.68326473,-0.6498264,-0.4023188,5.762447,-0.58870065,-0.53643537
GCTAACAGTAAATTGC-1_atac,-0.31407988,-0.64398557,0.00895451,0.009739682,-1.3648095,-0.17442596,-0.29982454,-0.24916717,0.28401494,-0.2882414,-0.35112876,-0.19345316,-0.3407663,4.4027166,-0.31158644,-0.1739572
GCTAACAGTGGATTAT-1_atac,-0.65528244,0.6134101,-0.81657135,1.2608582,-0.39358765,-0.6987396,-0.6139647,-0.55705225,0.9119369,-0.68856096,-0.6969581,-0.59602207,-0.6336224,4.7469187,-0.54066837,-0.6420941
GCTAACAGTTTAACCC-1_atac,-0.54471904,1.7283767,-0.725613,2.0380855,4.5332737,-0.49341738,-0.7557829,-0.62101996,-0.83750534,-0.75065523,-0.6681384,-0.45748007,-0.74730474,-0.28303087,-0.8225462,-0.5925227
GCTAACCCAAGGAATC-1_atac,-0.53519344,0.6371939,-0.6735889,2.1407301,4.7155647,-0.2035001,-0.55711055,-0.534869,-0.75836647,-0.5281747,-0.7013089,-0.57277787,-0.558639,-0.8349922,-0.54394525,-0.49102265
GCTAACCCAGTGAACG-1_atac,-0.6302441,-0.8206893,-0.59723675,0.8449034,-0.38626382,-0.30123985,-0.5923977,-0.51108253,-0.18625006,-0.36967212,-0.6005144,-0.67817575,-0.18795049,6.2196407,-0.7834482,-0.4193793
GCTAAGCGTTAAGCGC-1_atac,-0.55352706,-0.4702869,-0.6845602,2.9605703,-0.27705044,-0.77135396,-0.73843807,-0.6370502,-0.56295604,-0.6095395,-0.5299507,-0.6779115,-0.63485724,5.5025826,-0.6184422,-0.69722915
GCTAGCTCATAAACCT-1_atac,-0.47503844,-1.1023853,-0.15509349,0.13441,-0.53312397,0.11010587,-0.52003527,-0.43185565,-0.24131325,-0.35822347,-0.44841078,-0.4599962,-0.1972782,5.3868737,-0.49961713,-0.20901883
GCTAGCTCATCCATCT-1_atac,-0.38526657,-0.63166595,-0.23366606,-0.19172078,-0.95919895,-0.35746655,-0.34470615,-0.25192606,0.30293316,-0.22923052,-0.3943204,-0.22952884,-0.3806664,4.891127,-0.38829467,-0.21640193
GCTAGTGTCAAACACC-1_atac,-0.49904916,0.9791826,-0.643762,2.4105415,4.4538918,-0.3226569,-0.4889181,-0.52633274,-0.69368136,-0.64786875,-0.62711704,-0.63454044,-0.49693337,-1.1087705,-0.6796818,-0.4743041
GCTATAGGTGACCTGG-1_atac,-0.5918519,-0.8007189,-0.7625551,1.0853828,-0.443182,-0.44488996,-0.55424786,-0.5022528,0.8319389,-0.44773674,-0.6582777,-0.60754627,-0.46385002,5.3202286,-0.45647407,-0.50396705
GCTATCCTCAAATCGC-1_atac,-0.5864967,0.7965442,-0.6833178,2.4569812,4.8922114,-0.37011966,-0.5852752,-0.5265336,-0.91373277,-0.5571705,-0.7019383,-0.5134145,-0.5452142,-1.1213481,-0.59244347,-0.44873205
GCTATTGCAACCCTAA-1_atac,-0.608291,-0.91116685,-0.8122583,-0.25526404,5.0751066,-0.71837866,-0.46098533,-0.33213344,0.14867435,-0.524396,-0.49875695,-0.529231,-0.6938567,2.2176743,-0.40480006,-0.6919362
GCTCAACCATTTGCTC-1_atac,-0.59552264,-0.6838994,-0.66892743,1.2619066,-0.14445198,-0.54660046,-0.5467839,-0.55680704,0.23869705,-0.46572587,-0.675485,-0.6125221,-0.47728547,5.520232,-0.53057766,-0.51624715
GCTCACAAGCTCGCTT-1_atac,-0.6385338,1.1140263,-0.699463,0.95822275,-0.32095897,-0.5929506,-0.64830554,-0.61608756,0.9373438,-0.6205885,-0.73114055,-0.5496963,-0.7170311,4.2404366,-0.4717009,-0.64357245
GCTCATTGTAGTTAAC-1_atac,-0.49699718,-0.92161644,-0.39838362,0.3606949,-0.44087034,-0.24871214,-0.44097203,-0.35936642,-0.069318056,-0.31621993,-0.56837434,-0.4942723,-0.2540807,5.48668,-0.4885245,-0.34966677
GCTCCTTAGCTTTGTT-1_atac,-0.5964813,-0.9771174,-0.7352849,0.5415809,4.685997,-0.64362454,-0.4421648,-0.4701249,0.34153697,-0.5000391,-0.6240976,-0.44471383,-0.74144113,1.8502687,-0.62156427,-0.6227298
GCTCGATCAGTCTAAT-1_atac,-0.80651444,-0.6138305,1.014367,4.8592653,-0.0030814447,-0.8790121,-0.7038627,-0.78439885,-0.51273894,-0.7474206,-0.8563382,-0.9371452,-0.7735488,3.3413324,-0.7993487,-0.7977237
GCTCTGGCAGTAGGTG-1_atac,-0.42443287,-0.7883185,-0.6632049,-0.017625615,4.200621,-0.5873836,-0.38760522,-0.26880676,0.22538695,-0.40782106,-0.29489887,-0.42031822,-0.5226675,1.0212293,-0.19172561,-0.4724281
GCTCTGTTCCATAATG-1_atac,-0.81348765,-1.1102465,1.008116,5.765614,-0.6998917,-0.8790413,-0.8990563,-0.83162415,-0.7570853,-0.7877629,-0.91235566,-0.98794067,-0.80731785,4.354491,-0.7956259,-0.8467853
GCTCTGTTCTGTTGCC-1_atac,-0.52303475,-1.1840676,-0.85237414,-0.584227,5.1169405,-0.7484397,-0.33854464,-0.40330568,0.7703768,-0.43144938,-0.48469597,-0.25470814,-0.5773953,1.5235182,-0.43355483,-0.59503764
GCTCTGTTCTTAGCGG-1_atac,-0.68487024,-1.1862682,-0.8726926,0.08179599,5.5906243,-1.0048919,-0.6647756,-0.6164974,0.31211984,-0.60574365,-0.6004785,-0.5336501,-0.78272825,2.9251072,-0.5490332,-0.8080174
GCTGACCAGTCCTGAG-1_atac,-0.47120208,-0.0046745837,-0.6661754,0.7600367,4.7850213,-0.3595401,-0.47454858,-0.39024383,0.3628767,-0.6025389,-0.42146665,-0.31971627,-0.52946854,-0.8457402,-0.47269654,-0.349923
GCTGAGGAGCACCACA-1_atac,-0.43911332,-0.9145651,-0.5805938,-0.013998754,4.6746097,-0.59130377,-0.36023065,-0.2637218,0.5800836,-0.30709156,-0.2372371,-0.1464037,-0.4945463,-0.25678116,-0.22999021,-0.4191163
GCTGAGGAGGCTTAGT-1_atac,-0.4259745,-1.0999241,-0.234543,-0.058162853,-0.7339362,-0.03658843,-0.34048808,-0.26792797,-0.24654913,-0.25622234,-0.37497532,-0.38212633,-0.16966459,5.1712,-0.38976103,-0.1543555
GCTGCACAGTTTGCGG-1_atac,-0.599224,0.5088612,-0.779531,2.2688851,4.8447537,-0.49979004,-0.5657808,-0.5722211,-0.5322467,-0.5526902,-0.71869147,-0.54321384,-0.5462594,-0.64899576,-0.5608125,-0.50304365
GCTGGATGTGCATTAG-1_atac,-0.5239179,-1.1521988,-0.63144493,-0.4391839,5.1667533,-0.9034941,-0.42681846,-0.46810403,0.7909472,-0.45619702,-0.4048527,-0.3761316,-0.64221704,1.5912511,-0.4435938,-0.68079746
GCTGTACCAGTAAAGC-1_atac,-0.5691676,-0.7268545,-0.60733527,1.3610975,-0.14593685,-0.51408345,-0.5377657,-0.46295732,-0.035482734,-0.46224254,-0.63759667,-0.6015069,-0.47485334,5.3363667,-0.40876186,-0.5129197
GCTGTGCAGCTAATCA-1_atac,-0.36240548,0.093688354,0.37063116,0.018258467,-0.914258,-0.1676848,-0.42844498,-0.3048215,-0.8391086,-0.39578855,-0.37083262,-0.26276496,-0.34044147,4.5399117,-0.42958736,-0.20635155
GCTGTGCAGCTGTCAG-1_atac,-0.6315615,-0.81396663,-0.5603068,0.8110254,-0.084214106,-0.49457988,-0.59113944,-0.54970324,0.2709247,-0.52693665,-0.688653,-0.6844878,-0.34646246,6.0142703,-0.5923463,-0.5318625
GCTTAAATCCTTTACG-1_atac,-0.52988946,-1.1675328,-0.8683408,-0.2643778,5.3734617,-0.83585346,-0.43089193,-0.45665833,0.5489127,-0.47343773,-0.50435907,-0.48500848,-0.6367317,1.8204827,-0.46182272,-0.6279535
GCTTACCTCGAGGAAC-1_atac,-0.4313075,-0.68430877,-0.6865274,0.8142853,4.432892,-0.43263638,-0.30651665,-0.5019702,0.3873322,-0.63126814,-0.47803757,-0.3759756,-0.54758453,0.42667446,-0.39496577,-0.59008527
GCTTAGTAGTCACCTC-1_atac,-0.72995436,0.20382345,-0.68489486,1.5179305,0.016632,-0.6932437,-0.6131658,-0.66736436,0.7427021,-0.75344825,-0.7875964,-0.6940178,-0.6574225,4.998679,-0.48872232,-0.7099367
GCTTCGCGTCAGGCAT-1_atac,-0.6334667,1.1459417,-0.6935581,2.4433355,4.822172,-0.44540188,-0.48002514,-0.64122736,-0.66131926,-0.6739886,-0.75259185,-0.58708715,-0.6053176,-1.1221567,-0.61322427,-0.50208485
GCTTCGCGTGCTTACT-1_atac,-0.6682206,0.7652542,-0.6011681,2.0304408,0.3977994,-0.78465134,-0.56075305,-0.56319785,0.2807666,-0.66082376,-0.7507163,-0.578264,-0.7096378,3.6957576,-0.5799445,-0.71264124
GCTTGACCAGCATGGA-1_atac,-0.6012135,1.187671,-0.5986641,2.6654243,4.556772,-0.15362854,-0.67679274,-0.60271144,-0.7228547,-0.702457,-0.75272614,-0.6717765,-0.6602027,-1.1468415,-0.6109394,-0.50905913
GCTTGTTGTACCGAAC-1_atac,-0.6013013,-1.2970363,-0.8512981,0.036505908,5.1366744,-0.83062094,-0.2594673,-0.39658004,0.78451157,-0.5592271,-0.5108659,-0.48018712,-0.6652194,1.6518096,-0.4845929,-0.67310476
GCTTTACGTCTAACCT-1_atac,-0.9634662,0.724962,1.3507388,3.4569263,3.7992086,-0.8460149,-0.8658316,-0.97678334,-0.92783976,-0.75526506,-0.6774552,-0.9483541,-0.90841,0.28889665,-1.0374224,-0.7138898
GCTTTACGTGGTTATG-1_atac,-0.4938277,-0.8022927,-0.3872341,0.5818248,-0.32452622,-0.16722244,-0.44910997,-0.43131799,-0.5705912,-0.3595149,-0.5506309,-0.5860213,-0.25165102,5.7208204,-0.55808276,-0.3706219
GCTTTATTCGGCCAGT-1_atac,-0.86034787,-1.1377296,1.4489644,5.5951576,-0.7360474,-0.9571854,-0.97594965,-0.901314,-0.14770474,-0.9592663,-0.9716722,-1.0007399,-1.0355006,4.4343038,-0.82179844,-0.97317016
GCTTTCATCATGCAAC-1_atac,-0.7966598,3.9943094,-0.46139187,-0.033517987,-0.2935562,-0.94687873,-0.8363735,-0.82249737,-0.2989208,-0.8758784,-0.75912637,-0.68079436,-0.8985224,5.3203435,-0.66000295,-0.9505326
GCTTTGTGTGTAACCA-1_atac,-0.45433587,-1.1530147,-0.6841015,0.75269455,5.000374,-0.47976,-0.21409073,-0.3555396,-0.42981422,-0.34505618,-0.46375883,-0.35455635,-0.43482208,0.49170423,-0.4069001,-0.46902198
GCTTTGTGTTCACCCA-1_atac,-0.7932258,-0.4399045,-0.8295789,2.2161322,4.993697,-0.76717544,-0.69751096,-0.6517954,-0.43559325,-0.6412992,-0.77836376,-0.7504714,-0.74111485,1.7506683,-0.6921684,-0.74229574
GGAAACTCAAGCCAGA-1_atac,-0.5066336,-0.052407846,-0.71777445,0.5042483,4.1335597,-0.63804317,-0.40355992,-0.3176358,-0.05943951,-0.34565818,-0.34875613,-0.4443223,-0.717935,0.8190595,-0.30262104,-0.6020805
GGAAACTCACCAAAGG-1_atac,-0.6305056,2.5608642,-0.1833062,0.3945,-0.17932707,-0.7713233,-0.6396861,-0.6935568,-0.24454871,-0.72754085,-0.6955178,-0.6428846,-0.78798425,4.534382,-0.5792292,-0.71433526
GGAAACTCAGGTTCAC-1_atac,-1.0164826,5.2101927,0.41753927,5.0760264,-0.5207404,-1.1405618,-0.95521104,-1.0038683,-0.6394299,-0.8782693,-1.1241353,-1.0687166,-0.9946549,0.6993356,-1.0332373,-1.0277863
GGAACCACAAGGTATA-1_atac,-0.4623623,1.9152672,-0.69734055,1.0192685,4.4586062,-0.46342933,-0.53804994,-0.6329413,-0.8234742,-0.6466203,-0.7368848,-0.31833243,-0.6390865,-0.35698402,-0.5797688,-0.49786758
GGAACCACACTAGCGT-1_atac,-0.5362312,0.47810444,-0.45807225,1.55285,-0.016367093,-0.552136,-0.4511798,-0.5418896,-0.46800083,-0.55930734,-0.612859,-0.5353817,-0.534376,4.34544,-0.5484551,-0.56213826
GGAACCACAGTAGGTG-1_atac,-0.5358416,-0.39607486,-0.47335848,0.9130899,0.43004772,-0.62320065,-0.40550324,-0.45263818,0.3761671,-0.46831754,-0.6059238,-0.50761414,-0.5100781,4.3564835,-0.5993601,-0.4978775
GGAAGCTAGGCAAGTA-1_atac,-0.8303643,5.260204,-0.566663,-0.23718405,-0.11385496,-1.3901808,-0.9456486,-0.9751112,-0.055941984,-0.99316055,-1.0205481,-0.76605034,-1.4304783,5.8360276,-0.6766635,-1.0943811
GGAATCTTCCCATAAA-1_atac,-0.976783,5.433409,-0.5982924,-0.21129905,-0.19646819,-1.2622849,-0.9495689,-1.0186417,-0.054112867,-0.9219969,-1.0348259,-0.7047543,-1.3968215,5.744354,-0.8291377,-1.022776
GGACAGCCATAATGAG-1_atac,-0.62498987,0.34922373,-0.74359703,0.38108686,0.11361477,-0.555912,-0.60082525,-0.64941645,1.0086064,-0.6400575,-0.6238203,-0.5444487,-0.87584054,5.143713,-0.516438,-0.6208989
GGACAGCCATGTTGTG-1_atac,-0.54320717,-0.42299116,-0.60792345,0.87930506,0.11039924,-0.51566094,-0.45825225,-0.45583075,-0.09193145,-0.5302416,-0.6336143,-0.52122325,-0.53632206,5.3648844,-0.504109,-0.5332815
GGACCTCAGGAGTCTT-1_atac,-0.20190686,-0.721015,-0.4878643,-0.4685128,4.440468,-0.34143904,-0.27944475,-0.11937351,0.35279563,-0.23461834,0.14949828,-0.30658245,-0.47230342,-0.9706873,0.037650984,-0.37666506
GGACCTCAGTAGAGGC-1_atac,-0.9659201,4.073606,-0.28656447,4.111639,4.882946,-0.22054741,-0.9971651,-1.0323291,-1.3643855,-1.063152,-1.1467752,-1.179629,-0.7347933,-1.9134488,-1.3138938,-0.8495871
GGACCTCAGTTAGAGG-1_atac,-0.32566133,0.22215939,-0.3269014,-1.1573342,-1.2825704,-0.22852492,-0.39483204,-0.03499344,0.50040233,-0.21993437,-0.34485814,0.06700209,-0.60976434,4.310224,-0.003589049,-0.1708242
GGACCTCAGTTCCCAC-1_atac,-0.46808493,-0.87473935,-0.45229685,-0.21055815,-0.5678725,-0.17141181,-0.29269373,-0.291288,-0.016095698,-0.27831152,-0.45839918,-0.36810428,-0.2773583,5.369337,-0.39772356,-0.24439925
GGACGAAGTGCGCATG-1_atac,-0.51591516,-0.85099125,-0.5187422,0.5841017,-0.36534363,-0.2351834,-0.45329738,-0.37730992,-0.07293905,-0.39858246,-0.5483862,-0.53869295,-0.277124,5.3981347,-0.46808934,-0.3616398
GGACGAAGTGTGTCCC-1_atac,-1.0846522,0.24364285,0.015748948,3.8159819,3.7681255,-0.78556365,-0.8019567,-0.8147589,-0.29673177,-0.86457235,-0.9447274,-0.91146183,-1.0894462,1.6505617,-0.91764313,-0.9825468
GGACGAAGTTGAGCCG-1_atac,-0.30205274,-0.95160884,-0.5661357,-0.4551012,5.5226374,-0.49343258,-0.25498343,-0.3581357,0.24466917,-0.17666245,-0.25321364,-0.34937885,-0.51904607,-0.45154393,-0.2593036,-0.37670842
GGACGGATCCTCAGTC-1_atac,-0.6245856,-0.15124366,-0.7909045,0.54363817,0.49157774,-0.8075667,-0.5237455,-0.5677615,1.616626,-0.6133527,-0.6536169,-0.47357482,-0.77315366,4.2918773,-0.30593282,-0.6582809
GGAGGTTAGACTAAGG-1_atac,-0.47193134,-0.60235393,-0.59494907,0.31297752,-0.3490702,-0.38862067,-0.4059527,-0.31906042,0.26915777,-0.3654899,-0.5186902,-0.38146585,-0.4994123,5.0104856,-0.37870795,-0.31691626
GGAGGTTAGACTTATG-1_atac,-0.49993068,-0.6189971,-0.4164127,0.501899,-0.27990234,-0.26622623,-0.42451394,-0.43315792,0.028044298,-0.3807847,-0.5266495,-0.47957885,-0.38331968,4.9667935,-0.39644146,-0.39082205
GGAGGTTAGGCTCATG-1_atac,-0.70373315,-0.03535623,-0.4924177,2.162756,0.39142463,-0.533101,-0.578107,-0.70848215,0.15040141,-0.53748155,-0.63405114,-0.6524657,-0.74279094,4.014801,-0.50312966,-0.598267
GGAGTCTGTTATCCGT-1_atac,-0.82161057,4.903394,-0.5177479,-0.636634,-0.2835533,-1.1677642,-0.79527235,-0.90419555,0.13074921,-0.9348376,-0.8598795,-0.62516356,-1.3464249,5.481429,-0.6371311,-0.9853585
GGATAACCAAGATTCT-1_atac,-0.6342577,2.3017008,-0.20439592,-0.056208536,-0.18251646,-0.78184295,-0.66904944,-0.6480646,0.36185068,-0.70207345,-0.6553399,-0.5123334,-0.9352395,4.519744,-0.47020006,-0.7317738
GGATAACCAATTAGGA-1_atac,-0.2918679,-0.19986884,-0.55336666,-2.1421661,4.5882564,-0.15222117,-0.26271862,-0.22049902,0.69503725,-0.23306741,0.7892923,-0.44991082,-0.5263006,-1.318092,0.4374597,-0.15996632
GGATGAATCGTTAACA-1_atac,-0.36772266,-0.39362818,-0.58399045,-0.16804767,5.49451,-0.50818956,-0.38835213,-0.40031782,0.11340806,-0.27880764,-0.33436707,-0.4034472,-0.4810767,-0.5773326,-0.30147606,-0.42116234
GGATGGCCACACTAAT-1_atac,-0.2672414,-1.106477,-0.5223725,-1.2756128,4.518902,-0.58397317,-0.1442684,-0.2591004,0.9779225,-0.16802861,0.40356132,-0.34351864,-0.49116623,-0.42164588,0.07838583,-0.39536652
GGATTATGTAAGCTTG-1_atac,-0.896389,-1.0687647,1.1168205,5.4303994,0.22508559,-0.94434893,-0.9829102,-0.92320836,-0.50253266,-0.97914654,-0.9396906,-1.0846963,-0.9200515,4.2568617,-0.83969194,-0.94773626
GGATTATGTTGTTCAC-1_atac,-0.4955358,-0.14632279,-0.52210915,0.68587184,-0.2673469,-0.51137173,-0.47819483,-0.4006408,0.42486873,-0.46805257,-0.572231,-0.42323828,-0.581706,4.5125685,-0.41241074,-0.34414834
GGATTTATCACCGGTA-1_atac,-0.58798385,-0.5384922,-0.5561662,1.237182,0.26368627,-0.5703906,-0.62632436,-0.5571207,0.1928556,-0.5463084,-0.5517289,-0.6377515,-0.48809844,5.179857,-0.5536722,-0.6595434
GGCAAATCAAGCCAGA-1_atac,-0.5913366,0.7271788,-0.70747364,2.4379168,4.5916586,0.010993414,-0.6075932,-0.57397974,-0.7643151,-0.6275742,-0.80436075,-0.636575,-0.5336369,-0.48557952,-0.92217207,-0.5131507
GGCAAATCAGGATTAA-1_atac,-0.6466681,0.24052458,-0.63527197,2.6795278,4.8311186,-0.24704237,-0.6174669,-0.6345,-0.67298573,-0.64480305,-0.7522979,-0.72905403,-0.61386466,-0.37044454,-0.6417743,-0.5449973
GGCAAATCAGGCTACT-1_atac,-0.5836744,-0.7642591,-0.5486356,0.96541214,0.06436353,-0.46693647,-0.56075764,-0.50957793,-0.2274681,-0.4713164,-0.6266718,-0.6408457,-0.38525975,5.800774,-0.5891562,-0.4559912
GGCAAATCATAATCGT-1_atac,-0.734607,3.3078747,-0.41932586,-0.1585426,0.53448606,-0.92054296,-0.92225516,-0.82130915,0.078229696,-0.9337476,-0.7401479,-0.6834625,-0.94621235,4.9949765,-0.6624692,-0.9729448
GGCAAATCATTAAGTC-1_atac,-0.5395842,1.6617529,-0.5005335,0.7945107,-0.3304689,-0.6479979,-0.57136077,-0.587753,-0.45783615,-0.599053,-0.54377335,-0.4956863,-0.6739571,4.6123013,-0.55569553,-0.56486493
GGCAAGCCAGTTATCG-1_atac,-0.51478684,-0.24967797,-0.67618304,1.2679589,5.1373525,-0.6342737,-0.52452695,-0.6237307,-0.3212512,-0.62791735,-0.53813994,-0.42876118,-0.6169493,0.4072426,-0.55638576,-0.49997008
GGCATGGAGCACAGAA-1_atac,-0.61452276,0.926152,-0.684148,2.3035178,4.7114315,-0.022355907,-0.5741626,-0.6001934,-0.56211525,-0.5975938,-0.6583148,-0.7080517,-0.54270905,-1.2061782,-0.6565383,-0.5142178
GGCCGTTAGCACTAGT-1_atac,-0.5915266,-0.54419625,-0.51164955,1.551751,0.7230049,-0.69281423,-0.420067,-0.5115197,0.29879168,-0.4481206,-0.5722452,-0.6032509,-0.5164573,3.819517,-0.4157046,-0.565513
GGCCTAATCACGCCAA-1_atac,-0.6213536,-0.7322215,-0.5840079,0.4630088,-0.3527521,-0.4232638,-0.5150699,-0.47207928,0.60721666,-0.4365921,-0.6317886,-0.58887774,-0.37766588,5.650268,-0.5354699,-0.4493515
GGCCTAATCATTGTCT-1_atac,-0.67781913,0.44845665,-0.655061,1.9029648,0.32815593,-0.83225006,-0.7533004,-0.7831508,0.48749715,-0.8193797,-0.7171288,-0.7245618,-0.83613086,5.115195,-0.6469029,-0.8365841
GGCCTCTGTCACGAAC-1_atac,-1.1248682,5.1256313,1.6624613,4.905957,0.35862806,-1.2245741,-1.0072424,-1.0735784,-0.8794512,-0.95553035,-1.27883,-1.2218235,-0.9897961,0.033315353,-1.1584406,-1.1718588
GGCGGTAAGGTCCTAG-1_atac,-0.5683793,-0.7028583,-0.4939307,0.3444665,-0.461784,-0.10293093,-0.44380212,-0.42165637,-0.44117683,-0.34599945,-0.57350945,-0.59264004,-0.2357642,5.912372,-0.5225103,-0.3498965
GGCGGTTTCACCTGCT-1_atac,-0.4583918,-0.041337073,-0.6909015,1.3927517,4.602093,-0.37681556,-0.4460565,-0.5318342,-0.43311352,-0.55797845,-0.5001808,-0.4207219,-0.54797435,0.035761513,-0.48741716,-0.53788364
GGCGGTTTCCTTTACG-1_atac,-0.49820518,-0.72847074,-0.53842187,0.7894198,-0.02921392,-0.48023587,-0.49218082,-0.4135055,-0.05080311,-0.48825097,-0.63302845,-0.5345554,-0.44721025,5.50404,-0.47627378,-0.48310345
GGCGTTATCCAGGAAA-1_atac,-1.073106,5.236282,0.8291818,5.101054,0.2574271,-1.1788871,-0.980717,-1.0317938,-0.74635345,-0.8971527,-1.2414734,-1.1475606,-0.94682187,0.0035717785,-1.09745,-1.0862007
GGCGTTATCGAGGTGG-1_atac,-0.6440114,-0.5644265,-0.7227172,1.8199567,0.14642678,-0.5147701,-0.5194626,-0.5725736,0.16596583,-0.611143,-0.6268361,-0.64769924,-0.55194014,5.050423,-0.5579178,-0.6492744
GGCTAGACAAACGGGC-1_atac,-0.58893365,-0.8419521,-0.58198154,0.7593754,-0.70351285,-0.28965926,-0.47460765,-0.48035353,0.9544141,-0.45755893,-0.63822657,-0.6967585,-0.3972205,5.433404,-0.5433562,-0.4530719
GGCTAGTGTCCAAGAC-1_atac,-0.5598051,0.50521886,-0.59047705,2.2784936,4.933392,-0.25307786,-0.63328713,-0.5898701,-0.72377306,-0.6500537,-0.5018247,-0.5822541,-0.5043363,-1.0909449,-0.5654149,-0.47198588
GGCTAGTGTTGTTCAC-1_atac,-0.32705986,-0.90315247,-0.2812374,-0.41769475,-1.5354427,-0.13807124,-0.29830483,-0.23176911,0.86471796,-0.16901195,-0.2949384,-0.1496957,-0.3082421,4.646865,-0.31575406,-0.14120829
GGCTAGTGTTTAAAGC-1_atac,-0.4934866,0.77948356,-0.7066324,2.2413535,4.5063252,-0.4260037,-0.44194788,-0.5655462,-0.43400127,-0.62788755,-0.6085892,-0.61956245,-0.6148939,-0.82308215,-0.59386146,-0.5716677
GGCTATGTCTCCTCAA-1_atac,-0.7192516,1.013266,-0.6994803,3.145836,5.0829163,-0.2764488,-0.74503165,-0.66525406,-0.89426476,-0.72518116,-0.82123834,-0.8109159,-0.61369437,-0.7504006,-0.8980611,-0.6227963
GGCTATTAGGACTTAC-1_atac,-0.6164155,-0.79361725,-0.49761358,0.962145,-0.0061153024,-0.42002657,-0.57785094,-0.5174352,-0.3992358,-0.454945,-0.6149101,-0.63100123,-0.32439396,5.9682217,-0.5827038,-0.49410275
GGCTCAATCATGCGTG-1_atac,-0.20798329,0.3302287,-0.5471758,-0.51054174,4.0231028,-0.042253505,-0.2599856,-0.30533063,0.18755227,-0.4368493,0.20578435,-0.45833293,-0.44578135,-1.2746934,0.12754205,-0.38528264
GGCTCAATCGTTAACA-1_atac,-0.79773486,4.5057344,-0.5881895,-0.05947444,-0.104435965,-1.1157783,-0.82896173,-0.88139415,-0.26097757,-0.90026724,-0.81564486,-0.74476075,-1.1145853,5.3340516,-0.69352794,-0.93405354
GGCTCACAGCTACTGG-1_atac,-0.45577168,-0.31573498,-0.48494232,0.6753375,-0.24402447,-0.4432906,-0.48778707,-0.4877447,0.35482627,-0.47942543,-0.51081866,-0.42968982,-0.45955622,4.49356,-0.3831557,-0.3417821
GGCTCACAGTTGTCCC-1_atac,-0.51629007,-0.3094122,-0.60952467,1.7117944,-0.3493176,-0.5808965,-0.5739342,-0.52423394,0.4165726,-0.52406335,-0.6190059,-0.612977,-0.57609254,4.602572,-0.43654156,-0.49864942
GGCTCACAGTTTCCTG-1_atac,-0.66895676,-0.3700327,-0.6638193,1.9086721,2.1692362,-0.6934578,-0.5772149,-0.6687071,0.37912768,-0.53498435,-0.62943846,-0.62330544,-0.5979375,2.9478183,-0.75587505,-0.62112474
GGCTGAGAGACCATAC-1_atac,-0.81936264,5.0473447,-0.42209536,-0.70475465,-0.16657637,-1.228668,-0.83519614,-0.9892078,0.22535744,-0.93403786,-0.8880736,-0.67170393,-1.3075501,5.33593,-0.58936685,-1.0520386
GGCTGAGAGGTCAAAG-1_atac,-0.4049672,-0.5593915,-0.44760752,-0.15642808,-0.7739651,-0.43239558,-0.35367435,-0.28642046,0.68436486,-0.31905502,-0.43630958,-0.32829052,-0.42380762,4.8285728,-0.318339,-0.27228588
GGGAGTAGTGCTTACT-1_atac,-0.7837374,0.47029763,1.5070659,3.7899888,1.8361601,-0.9405702,-0.83737737,-0.8092734,-0.40191847,-0.940346,-0.87302977,-0.7050407,-0.85806316,0.9336878,-0.5625477,-0.8252959
GGGATAATCCCGTTGT-1_atac,-0.6322577,-0.59715945,-0.53692853,1.678258,0.662572,-0.69147646,-0.47011977,-0.5961155,0.20698853,-0.5323555,-0.60265934,-0.60207516,-0.49505514,4.3250704,-0.5045447,-0.6121415
GGGATTAAGGCTTAGT-1_atac,-0.7753855,5.3918495,-0.6557164,-0.6860771,-0.21411973,-1.167992,-0.87977016,-0.93426716,-0.088094875,-0.9333224,-0.9307083,-0.69577825,-1.3298444,5.737671,-0.7602713,-1.0781727
GGGCAATAGACTCGCA-1_atac,-0.5310334,-0.93861496,-0.5293708,0.086361036,-0.5350865,-0.24108997,-0.47029904,-0.38119283,0.6279886,-0.34540093,-0.5760646,-0.55946267,-0.34435028,5.58759,-0.47715202,-0.3728222
GGGCAATAGGGACTAA-1_atac,-0.52720696,-0.7939197,-0.5827964,0.33430305,-0.34091187,-0.3532567,-0.47904086,-0.37859243,0.25242087,-0.35899663,-0.55151105,-0.5352589,-0.37886554,5.507369,-0.4487415,-0.36499417
GGGCCTAGTAAGGTCC-1_atac,-0.49040192,-1.0061945,-0.7080292,-0.2342659,4.996355,-0.68357265,-0.28486067,-0.40040413,0.24891157,-0.43847185,-0.2154407,-0.4540358,-0.53536695,1.0065621,-0.3068757,-0.49390873
GGGCCTAGTAGGTGTC-1_atac,-0.49560338,-0.5182024,-0.50076765,0.4878511,-0.3625924,-0.32689387,-0.5115856,-0.40362006,0.32651678,-0.41512167,-0.5459513,-0.4188255,-0.45490646,5.022417,-0.46578574,-0.41692907
GGGCGAATCGAAGCGG-1_atac,-0.613222,-0.24407738,-0.60920286,1.9580756,1.2091292,-0.726652,-0.47819698,-0.58425206,0.30508202,-0.4441586,-0.6040633,-0.60855484,-0.55303025,3.0081937,-0.43564385,-0.5794262
GGGCGAATCGGGATTT-1_atac,-0.7887957,5.158923,-0.7556845,-0.29290965,-0.12096727,-1.348905,-0.8802514,-0.9241594,0.24233739,-0.96028745,-0.94140625,-0.75811636,-1.389827,5.559063,-0.7070178,-1.0919955
GGGTATTTCAGTTCCC-1_atac,-0.73704445,2.561402,-0.41776502,0.437673,0.5712591,-0.88774467,-0.8524423,-0.7710242,0.5149479,-0.9297974,-0.74287,-0.7060089,-1.0388181,4.44214,-0.5722058,-0.87170094
GGGTATTTCGGCTATG-1_atac,-0.6822622,-0.9720148,-0.8556335,0.515133,5.294385,-0.9397255,-0.7224817,-0.6694534,0.21118568,-0.6508659,-0.6023307,-0.62194026,-0.68436813,2.6898615,-0.5427903,-0.7666987
GGGTGAAGTACTTAGG-1_atac,-0.78031945,5.131701,-0.6912662,-0.4626311,-0.06637703,-1.2709342,-0.8903099,-0.95565313,-0.030952811,-0.93123275,-0.9372615,-0.67050517,-1.3739064,5.6976566,-0.7003342,-1.0676737
GGGTGAAGTCACAAAT-1_atac,-0.87423235,-1.0045904,1.4599168,5.5983443,-0.76248616,-0.7696025,-0.9325598,-0.88166904,-0.45855927,-0.923758,-0.8914032,-1.0812366,-0.77608854,4.1332526,-0.95403475,-0.8812937
GGGTGTTGTTACTTGC-1_atac,-0.9134301,-0.99139106,1.5576906,5.483493,-0.4798299,-0.746652,-0.89376146,-0.8059852,-0.8477672,-0.928512,-0.822581,-1.0282216,-0.7957519,4.0052586,-0.95404565,-0.8385131
GGGTGTTGTTTCCACG-1_atac,-0.4275046,-0.8119548,-0.6638826,-0.8068395,3.861154,-0.5994551,-0.2746625,-0.2534603,0.55382186,-0.43102252,-0.3166787,-0.42416352,-0.48934966,1.7303866,-0.16218472,-0.48420388
GGGTTACGTAACTACG-1_atac,-0.62710094,-0.45221263,-0.8316781,1.5076478,4.7947187,-0.59585005,-0.5698207,-0.5008207,-0.11676748,-0.66583014,-0.6647624,-0.46310246,-0.5918029,0.9412807,-0.5595919,-0.6043068
GGGTTACGTGAGGTGA-1_atac,-0.64991456,0.98550427,-0.7351267,2.945706,5.0155735,-0.32300168,-0.60202926,-0.7182432,-0.62938666,-0.65558666,-0.7226881,-0.760402,-0.5633119,-1.230599,-0.7471637,-0.6093301
GGGTTACGTGATGAGG-1_atac,-0.5774398,-0.76017815,-0.414953,0.9477265,0.005468458,-0.46565807,-0.5517703,-0.48216808,-0.6571328,-0.46938974,-0.55951434,-0.6461975,-0.26740342,5.9945517,-0.649066,-0.44687533
GGGTTATTCCGGTTAG-1_atac,-0.48645616,0.002776377,-0.72162896,1.9319408,4.8400426,-0.5772377,-0.72211,-0.601475,-0.463638,-0.677636,-0.6908762,-0.5936633,-0.62573546,0.52521676,-0.55244297,-0.58707666
GGGTTATTCGACAAAG-1_atac,-0.61524826,-0.5412563,-0.5743046,1.2747167,-0.4236856,-0.40202916,-0.5795743,-0.5664994,0.17143834,-0.49362707,-0.6394,-0.6361835,-0.4464379,5.559895,-0.5519209,-0.53588367
GGGTTTCCACAACAAA-1_atac,-0.43312758,-1.0279081,-0.65733814,0.28249043,5.584565,-0.5275552,-0.2188922,-0.4192332,0.3827082,-0.30351472,-0.27386343,-0.50514835,-0.47046554,-0.5564234,-0.32008892,-0.5362051
GGGTTTGTCATCCTCA-1_atac,-0.82993793,-0.358409,-0.6616524,0.5492898,4.1548643,-0.30436933,-1.0099382,-0.6162848,0.81791824,-0.7277425,-0.73144,-0.8344596,-0.7454234,2.593712,-0.54977465,-0.7463525
GGTAAACCATTGTCCT-1_atac,-0.5622115,-0.49809843,-0.17918032,0.22930719,-0.50385106,0.017677885,-0.57725203,-0.4315343,-0.29199237,-0.4633618,-0.5894939,-0.6821649,-0.22594887,5.8230634,-0.6637065,-0.4012524
GGTAACTTCACCGGTA-1_atac,-0.45532286,0.37627777,-0.410838,-0.17447498,-0.07260749,-0.4209851,-0.5080777,-0.42594367,0.5616218,-0.47128707,-0.50931454,-0.28524885,-0.5702049,4.358794,-0.48785585,-0.5045329
GGTAACTTCTTGAGCG-1_atac,-0.27096266,-0.84769934,-0.62469476,-0.44746825,4.187006,-0.45473307,-0.17162839,-0.1764371,0.55401695,-0.17028221,0.105105996,-0.37601158,-0.50950754,-0.41187546,0.057315998,-0.4421448
GGTAATTGTTCCGGGA-1_atac,-0.66917497,-0.95562625,-0.76943606,-0.28102225,5.333469,-0.83283794,-0.50087905,-0.5506238,0.19035983,-0.5769436,-0.5672979,-0.5051122,-0.64413035,2.5242052,-0.4791302,-0.71581984
GGTACTAGTAAGTCGC-1_atac,-0.29700935,-0.8683738,-0.5706079,-0.9112093,5.033994,-0.4221064,-0.2294919,-0.28721958,0.55770326,-0.2225046,0.06147652,-0.18100844,-0.50280774,-0.77924824,-0.10080786,-0.280779
GGTACTAGTATTCGCT-1_atac,-0.50368905,-0.7301171,-0.5871696,0.78361857,-0.15083438,-0.44715875,-0.4744578,-0.44952327,-0.066407815,-0.48235798,-0.58005077,-0.53864455,-0.4207865,5.591596,-0.42085814,-0.52315885
GGTACTAGTATTTGCC-1_atac,-0.7442132,-0.7130059,-0.33303326,1.7229712,-0.44925898,-0.24719752,-0.6844291,-0.6134462,-0.39928156,-0.47062707,-0.76622224,-0.8258736,-0.32044256,6.0953836,-0.77276355,-0.4785596
GGTACTAGTCGCAATA-1_atac,-0.51533836,-0.30987355,-0.5000466,0.61079615,-0.673058,-0.41766572,-0.41363895,-0.43354976,0.44475985,-0.4516359,-0.5623285,-0.42292988,-0.50886005,4.9714394,-0.42124242,-0.39682773
GGTACTAGTTCCATTA-1_atac,-0.63065946,0.8772208,-0.77487373,2.829283,4.9069867,-0.53762156,-0.72497153,-0.669668,-0.4900733,-0.7335215,-0.7608571,-0.7422277,-0.6287768,-0.5458685,-0.7499106,-0.6244608
GGTAGGAGTCACTCGC-1_atac,-0.82812285,0.38390887,1.6620628,3.8886945,1.1101449,-0.8990368,-0.76690006,-0.8140502,-0.5212376,-0.89155877,-0.80106694,-0.94646966,-0.9283929,1.8361778,-0.7010417,-0.7831112
GGTAGGAGTTAACAGT-1_atac,-0.59129417,-0.7645112,-0.6933097,0.40000808,-0.47342098,-0.44316602,-0.5237447,-0.42162555,0.96928793,-0.4151749,-0.64511764,-0.59240305,-0.39568305,5.4776983,-0.46893805,-0.41860604
GGTAGGAGTTCCGGCT-1_atac,-0.5596489,-0.5613677,-0.57727164,1.7900267,-0.2824726,-0.41591936,-0.4992196,-0.51059234,-0.28713417,-0.47434556,-0.5980323,-0.63341856,-0.53664964,5.157451,-0.51919764,-0.49220753
GGTATTGGTGGCTTCC-1_atac,-0.61101294,-0.017901063,-0.8046917,0.66505945,-0.025548354,-0.72028035,-0.56086683,-0.57458144,1.1246635,-0.6237472,-0.5541364,-0.5317822,-0.8109753,5.0947466,-0.44784278,-0.60110253
GGTATTTCAGGCGATA-1_atac,-0.48760888,-0.69821334,-0.546852,0.3119529,-0.6393465,-0.27314353,-0.44328323,-0.36193126,0.983068,-0.4258469,-0.54997027,-0.40787235,-0.4734188,4.838413,-0.47348198,-0.35246417
GGTCAAGCAGGACACA-1_atac,-0.7520928,4.5873365,-0.5284706,-0.30962032,-0.1140963,-1.1841125,-0.79430926,-0.87211436,0.14066432,-0.8845013,-0.8722876,-0.68731844,-1.1912485,5.0838656,-0.63558537,-0.98610955
GGTCAATTCCTAAGAC-1_atac,-0.5774432,-1.0670277,-0.81778747,-0.42739946,5.0494723,-0.8672048,-0.48852438,-0.33218414,0.33496797,-0.4315933,-0.52915835,-0.44504225,-0.6811559,2.454227,-0.5428901,-0.63125634
GGTCAATTCGTCCTTA-1_atac,-0.55522466,-0.02521731,-0.52261287,0.8736375,-0.08565363,-0.4520129,-0.55029625,-0.48567986,0.095396206,-0.51189035,-0.6185343,-0.48128927,-0.7574552,5.0817366,-0.48478508,-0.52011836
GGTCATTAGGTGCGGA-1_atac,-0.49007463,-0.73460966,-0.6077257,0.14913665,-0.3200382,-0.2820285,-0.48318666,-0.3687051,0.31997153,-0.3269766,-0.5314977,-0.47930288,-0.43275058,5.3584228,-0.4482416,-0.32239288
GGTCATTAGTGAGAGC-1_atac,-0.5485976,-0.49917236,-0.530674,0.8976431,-0.51274824,-0.45657513,-0.53498244,-0.41915578,0.5873538,-0.41157684,-0.6005086,-0.44878516,-0.53555524,4.9423814,-0.49277934,-0.43626758
GGTCCATCAACAGCCT-1_atac,-0.219607,-0.7120904,-0.6847913,-0.029114708,4.9262185,-0.5268891,-0.30990186,-0.41924554,0.45191476,-0.36879328,-0.40372485,-0.22266427,-0.507606,-0.40268594,-0.25857243,-0.31244624
GGTCCGTAGGAAGCTA-1_atac,-0.54240596,-0.7624443,-0.6023183,0.699686,-0.23784925,-0.30968887,-0.50258106,-0.43458766,0.31861335,-0.39960992,-0.58118296,-0.48964655,-0.42131823,5.056,-0.39778113,-0.3928854
GGTCCGTAGTGAACAG-1_atac,-0.9112714,-0.6104796,1.7085106,5.085612,-0.28985763,-0.62765276,-0.6373651,-0.9907222,-0.5834815,-0.83906376,-0.89084107,-1.1309239,-0.77681625,2.9755895,-0.84105504,-0.6401818
GGTCGGTTCACTTTAC-1_atac,-0.5017877,-0.92556226,-0.4821629,0.9064689,-0.47585887,-0.22660263,-0.48011214,-0.35471874,0.2550459,-0.36337852,-0.5689383,-0.5169185,-0.4333033,5.0341067,-0.50246215,-0.36381543
GGTCGGTTCATCAGTA-1_atac,-0.8775978,-1.2752889,1.0884928,5.5669813,0.14454903,-0.84897923,-0.9662715,-0.9296005,-0.7788919,-0.91532624,-0.8975888,-1.0449792,-0.8436071,4.3415403,-0.8512027,-0.91222966
GGTCTTGAGGCCGGAA-1_atac,-0.556585,-0.62870073,-0.7227168,1.489384,4.985514,-0.66746753,-0.44819605,-0.5235133,-0.00076367334,-0.4977793,-0.5625887,-0.44807696,-0.5832527,0.28798586,-0.5500202,-0.5732231
GGTCTTGAGGGATGCG-1_atac,-0.7798722,0.788575,-0.7482295,2.642282,0.6988856,-0.913915,-0.8709492,-0.7811462,0.33118576,-0.90833545,-0.8206609,-0.81321055,-0.87656254,4.5219746,-0.5265513,-0.94347
GGTCTTTGTTGGTGAC-1_atac,-0.6165557,-0.9587176,-0.6011584,0.7126274,-0.35142156,-0.39964485,-0.5839453,-0.4874868,0.5899763,-0.46472624,-0.67817616,-0.6583185,-0.32018653,5.9113636,-0.59409785,-0.49953106
GGTGAGGTCATTACGA-1_atac,-0.5623987,-0.5636951,-0.62141883,0.23561566,-0.07137005,-0.56807613,-0.43746427,-0.4122775,0.8431649,-0.45783356,-0.64168894,-0.41413674,-0.5882294,5.0439973,-0.39545223,-0.3887363
GGTGAGTAGCGAGTAA-1_atac,-0.57198524,-0.2170711,-0.6932122,1.7951835,-0.15964694,-0.47145617,-0.6268891,-0.6260979,-0.41421086,-0.4512661,-0.5736638,-0.5163526,-0.54597324,5.1605635,-0.51944107,-0.56848055
GGTGATTTCCTCATGC-1_atac,-0.6351901,0.6688232,-0.4572992,2.359205,4.548554,-0.053634036,-0.6306839,-0.5128574,-0.24764031,-0.60451216,-0.63345337,-0.64128625,-0.38385758,-1.2785909,-0.80882615,-0.6887506
GGTGCTTCAAACCTAT-1_atac,-0.7781339,4.785656,-0.5260225,-0.46786296,-0.31606936,-1.1376357,-0.79720366,-0.8783995,-0.013062879,-0.9087561,-0.869232,-0.6992824,-1.2594801,5.4445295,-0.63224417,-0.94680065
GGTGCTTCAAATATCC-1_atac,-0.56118584,-0.17733207,-0.6082895,1.6377523,0.13992426,-0.62554944,-0.54636383,-0.5602876,0.6877489,-0.5305196,-0.62985253,-0.5449687,-0.7724643,4.1360903,-0.42449185,-0.62021065
GGTGCTTCACCGTTCC-1_atac,-0.50549585,0.9645869,-0.641249,2.3420098,4.730216,-0.20524088,-0.67175204,-0.6248025,-0.795458,-0.60886556,-0.66292626,-0.6862763,-0.6308929,-0.9395382,-0.6453872,-0.41892785
GGTGCTTCATTATGCG-1_atac,-0.5817089,-1.0787504,-0.70579004,0.013640275,5.4091935,-0.8027962,-0.36268437,-0.48349136,0.2375838,-0.46384174,-0.5848921,-0.43226677,-0.6236464,1.5642718,-0.5016029,-0.60321796
GGTGTGACACTTCACT-1_atac,-0.6093598,-0.30721235,-0.7768335,1.8268425,0.011769742,-0.6761639,-0.6382443,-0.61404866,0.3693176,-0.5569721,-0.6553203,-0.56604636,-0.59152144,5.0386915,-0.5643082,-0.69059014
GGTGTTGTCCTTGCAC-1_atac,-0.5706691,1.0065395,-0.6196792,2.4519079,4.5337195,-0.19398178,-0.63604724,-0.61175084,-0.7399698,-0.63960147,-0.5900938,-0.64924717,-0.58250743,-1.0845788,-0.59701854,-0.4770211
GGTGTTGTCGAAGCGG-1_atac,-0.5443289,0.54856825,-0.68584216,2.2769399,4.7049117,-0.17749244,-0.6918602,-0.6371636,-0.96418965,-0.5402013,-0.6933122,-0.6128113,-0.54306895,-0.22969738,-0.7405833,-0.46986854
GGTGTTGTCGAGGAGT-1_atac,-0.4904008,-0.5288097,-0.53849083,0.434753,-0.6070528,-0.27844173,-0.42807364,-0.34965682,0.49940532,-0.3742165,-0.5062552,-0.37559777,-0.47903317,4.742369,-0.37173545,-0.3487631
GGTTACCCACAGCCAT-1_atac,-0.26028478,-0.64621586,-0.6184621,-0.37673312,4.513472,-0.22828662,-0.27752048,-0.31686226,0.6389909,-0.22472611,0.2294724,-0.26434106,-0.53857994,-1.3799311,0.07254242,-0.32253423
GGTTACCCATAGACCC-1_atac,-0.5353101,-0.42513978,-0.51527995,2.2378802,0.47321808,-0.64264876,-0.49405748,-0.47697312,-0.062655985,-0.48147923,-0.51172936,-0.6025197,-0.5321251,3.6034133,-0.48698884,-0.54760396
GGTTATATCTAACCTT-1_atac,-0.9152162,-0.85072404,2.0383692,4.222081,-0.9835566,-0.71467555,-0.9201347,-0.8309589,0.17325354,-0.86684716,-0.7564322,-0.75808126,-0.835925,3.7394931,-0.86731476,-0.8733307
GGTTATGGTGTCCAAA-1_atac,-0.5185688,-0.25470638,-0.5255685,0.5250433,-0.46577436,-0.40792954,-0.39696306,-0.3912838,0.18714696,-0.38308048,-0.47746813,-0.42142135,-0.49469233,4.7907295,-0.40019202,-0.3652711
GGTTATGGTTCATCTA-1_atac,-0.8444896,1.6399844,-0.534374,2.4142878,1.5232508,-1.0276904,-0.94875216,-0.91123915,-0.4499674,-1.078832,-0.8729315,-0.79439867,-1.0382345,4.74675,-0.8008138,-1.0225502
GGTTCTTGTAGGTTTG-1_atac,-0.51811194,-0.47275102,-0.64369863,1.1411216,-0.3978212,-0.38961095,-0.5116098,-0.47218442,0.49637085,-0.50907564,-0.61454767,-0.5381146,-0.48512214,4.7863545,-0.415879,-0.45532054
GGTTGACGTCCGTGAG-1_atac,-0.6873236,1.5737016,-0.52476776,0.77296257,0.85205805,-0.9617053,-0.6251267,-0.6784805,0.39305133,-0.7445195,-0.666921,-0.62984455,-0.814986,4.0259047,-0.5500041,-0.73399913
GGTTGAGCAATTTGGT-1_atac,-0.66166556,0.2105595,-0.71868396,1.8067222,4.022899,-0.6985839,-0.6412737,-0.6832117,-0.032350637,-0.72374016,-0.63170505,-0.5702556,-0.7804684,1.4731634,-0.6512558,-0.72014964
GGTTGCATCTTTGAGA-1_atac,-0.66426957,0.15768248,-0.5729617,2.6072178,0.8802591,-0.8032521,-0.7784299,-0.7271145,0.007358983,-0.8677913,-0.70407015,-0.87409234,-0.7473671,4.6373944,-0.74694973,-0.80361474
GGTTGCTCAAACAACA-1_atac,-0.55776966,-0.52079064,-0.6133581,1.1486859,-0.1511868,-0.53444,-0.4886155,-0.50068974,0.29277167,-0.47340012,-0.6181526,-0.5393584,-0.567757,5.033544,-0.39186722,-0.51761556
GGTTGGTGTCTCAGCC-1_atac,-0.25923085,-0.97084475,-0.5492488,-0.45785657,4.950547,-0.5395726,-0.26881695,-0.20359308,0.44946808,-0.17543986,-0.056100085,-0.3104227,-0.42891434,-0.71689916,-0.15153368,-0.311542
GGTTTAATCCTTAATC-1_atac,-0.42640907,-0.297839,-0.5992321,0.37743768,-0.85033154,-0.4185109,-0.32984012,-0.28656143,0.31777036,-0.309834,-0.56052965,-0.27119035,-0.3720703,4.669699,-0.40045547,-0.24210347
GGTTTAATCCTTCGTA-1_atac,-0.6830363,1.237186,-0.7269525,1.9892887,0.2943239,-0.7438972,-0.6981477,-0.6730048,-0.41000962,-0.7633204,-0.692804,-0.6321679,-0.7682545,4.7277093,-0.72760427,-0.7293089
GGTTTCCTCACATTGA-1_atac,-0.5384486,0.63599724,-0.5057386,1.9741505,4.646908,0.007514689,-0.747222,-0.52028906,-0.6701329,-0.5944038,-0.41203535,-0.6118123,-0.39051577,-1.148083,-0.63069147,-0.4951975
GTAAGCGCAGGACCTT-1_atac,-0.5200433,-0.5127573,-0.495009,0.23890102,-0.5677484,-0.30992642,-0.3987288,-0.35684824,0.45328256,-0.36519906,-0.49482328,-0.4083717,-0.5047412,4.9804873,-0.37345818,-0.3650161
GTAAGCTTCATTGCGG-1_atac,-0.6336693,-0.07056199,-0.50772345,1.7766773,-0.10267179,-0.6183249,-0.6445941,-0.6436283,-0.6356972,-0.564172,-0.5888258,-0.61685187,-0.48974586,5.602216,-0.6061001,-0.65632623
GTAAGGTCAAGGGTTG-1_atac,-0.75653183,2.5850923,-0.3607611,0.8695027,0.34204373,-0.93470675,-0.8261532,-0.8898725,0.0515206,-0.82800984,-0.79558206,-0.7867215,-0.96226645,4.8979554,-0.6631502,-0.94235927
GTAAGGTCAATTAGGA-1_atac,-0.61372983,-1.1512042,-0.89998454,0.48985934,4.9711127,-0.80925304,-0.46455365,-0.5221729,0.4823419,-0.49694598,-0.5485022,-0.47534752,-0.677208,1.8475345,-0.4996932,-0.6322532
GTAATAGCAAATATCC-1_atac,-0.60871303,2.5818412,-0.4067868,0.2801601,-0.52111053,-0.74050444,-0.6348002,-0.687773,0.09468509,-0.58131844,-0.6234278,-0.47237915,-0.8533834,4.5077634,-0.6627138,-0.6715389
GTAATAGCAACTGGCT-1_atac,-0.6314113,1.713513,-0.6625204,1.0608929,-0.52001023,-0.68634945,-0.6382404,-0.6410984,0.21960431,-0.5898208,-0.64398986,-0.5357845,-0.64053977,4.407762,-0.5854678,-0.62653965
GTAATAGCAGGAAGCC-1_atac,-0.8020967,5.28776,-0.63613665,-0.22267881,-0.15047681,-1.3418562,-0.8965548,-0.93553066,-0.034282982,-0.970312,-0.951146,-0.7646055,-1.3773685,5.6180763,-0.7072233,-1.1155668
GTACTAGGTGCTTTAC-1_atac,-0.4482847,-0.90140915,-0.4622432,0.19615757,-0.6314118,-0.2053507,-0.4033633,-0.32177526,0.031663187,-0.2687389,-0.50777435,-0.4520133,-0.30317032,5.3200665,-0.40612727,-0.23622456
GTACTGGTCACTAGGT-1_atac,-0.43982595,-1.0427738,-0.6931014,-0.23336951,4.8662424,-0.6433724,-0.35941976,-0.36623883,0.46014678,-0.42243123,-0.2565006,-0.33846974,-0.5542632,0.7821813,-0.2739942,-0.48480922
GTACTTAAGAGGAGTC-1_atac,-0.27920192,-0.9431881,-0.08592288,-0.051141217,-1.2205195,0.05879587,-0.2981192,-0.27449661,-0.336142,-0.16674332,-0.28227186,-0.33954674,-0.11581184,4.9537168,-0.5805092,-0.038897693
GTACTTCGTAATGGAA-1_atac,-0.34876388,-0.67852455,-0.4328969,-0.15978515,-0.92969644,-0.25194517,-0.32863423,-0.2502957,0.498918,-0.25345135,-0.38084066,-0.25123143,-0.41498953,4.672105,-0.30240858,-0.18755892
GTAGCCATCCGTTAAA-1_atac,-0.62035465,-0.18486854,-0.7373574,0.71914923,-0.028005257,-0.56296957,-0.58699214,-0.4945834,0.7783947,-0.59306014,-0.6737881,-0.5862647,-0.576987,5.10217,-0.34564662,-0.6088364
GTAGCCATCTAATCAG-1_atac,-0.58413124,-0.51515496,-0.5835398,1.8645698,-0.11111008,-0.4865647,-0.48063862,-0.54149675,-0.2505048,-0.4981863,-0.5519953,-0.5833345,-0.37852395,4.781288,-0.4979921,-0.5826848
GTAGCGCTCACAGCCA-1_atac,-1.0559819,4.8980875,0.78699356,4.95426,0.31684774,-1.1401355,-1.0291524,-1.0214791,-0.7631201,-0.9693585,-1.1956778,-1.193099,-1.1253569,0.7179416,-1.1034031,-1.0773668
GTAGGAGGTAATGGCC-1_atac,-0.6457975,-1.0137223,-0.8140831,1.4074419,5.038329,-0.8055778,-0.49325794,-0.64198226,0.1669033,-0.659273,-0.6984559,-0.54461306,-0.65733254,1.5766627,-0.5535926,-0.66164863
GTAGGAGGTGCTGGTG-1_atac,-0.5298819,-0.72849786,-0.5751883,0.5479673,-0.13814546,-0.47079712,-0.43520236,-0.37957388,0.5443322,-0.3810222,-0.5893577,-0.5141746,-0.5111028,5.0326924,-0.448071,-0.42397684
GTAGGAGGTTGGTTCT-1_atac,-0.63455,1.1686794,-0.6334994,2.6924884,4.7800055,-0.33778405,-0.5767585,-0.6481414,-0.70746005,-0.82802343,-0.65578353,-0.70308876,-0.6569122,-0.86376774,-0.7392043,-0.65619993
GTAGGATCAGCTCATA-1_atac,-0.593374,-0.78224814,-0.7217668,-0.59423304,4.7694507,-0.91557086,-0.44534567,-0.4201098,0.3181989,-0.45421833,-0.41581446,-0.3738458,-0.6801256,2.192164,-0.32042715,-0.5627339
GTAGGATCATGTTGCA-1_atac,-0.3034072,-0.66409624,-0.6001583,-0.48578575,4.1794605,-0.61256015,-0.18928412,-0.23466356,0.69371873,-0.25242886,-0.04806456,-0.4160842,-0.5664067,0.025903381,-0.062556736,-0.46358648
GTAGGATCATTAGGCC-1_atac,-0.57297254,-0.7584425,-0.47736353,0.7100408,-0.30915055,-0.30673632,-0.48260307,-0.45860207,-0.28782085,-0.396973,-0.5940519,-0.5930377,-0.33658218,5.8421593,-0.53444606,-0.44341767
GTAGTTTCAAAGCCTC-1_atac,-0.5360363,-0.39235854,-0.32193464,1.0917182,-0.15088518,-0.5925848,-0.44070005,-0.51516116,0.16176888,-0.43516415,-0.52096426,-0.47873038,-0.42031193,4.542814,-0.44757324,-0.5438961
GTATCGCCAGCCTGCA-1_atac,-0.45745414,0.03582012,-0.5308207,0.47266626,-0.8864206,-0.5106299,-0.4428115,-0.35890216,0.7431784,-0.46075553,-0.51058674,-0.26008838,-0.4919904,4.4068856,-0.4103337,-0.33775705
GTATTCAAGTTTGGGT-1_atac,-0.6405029,0.94199836,-0.72542924,1.5067813,0.60602087,-0.84742904,-0.75675136,-0.76637954,0.16848837,-0.7840037,-0.676558,-0.6906928,-0.7943276,4.771646,-0.5935719,-0.71928865
GTATTGATCCCGAAGC-1_atac,-0.63005924,3.807479,-0.81852126,-0.19713585,-0.226615,-1.0415958,-0.69591063,-0.77040666,0.5012874,-0.79517365,-0.72110987,-0.6520711,-1.1175274,4.713827,-0.52266514,-0.8338023
GTCAAACTCATGCAAC-1_atac,-0.6054761,-0.21752037,-0.7981417,1.2314613,5.3817596,-0.59785324,-0.49854624,-0.5649129,-0.2957402,-0.5646121,-0.6842789,-0.3501898,-0.5741501,0.22140831,-0.50560194,-0.57760584
GTCAAACTCCGGTTGA-1_atac,-0.62782526,-0.73096955,-0.51820505,1.1217408,-0.2506266,-0.33609787,-0.57384515,-0.5225767,-0.8471991,-0.45858935,-0.6108769,-0.6723881,-0.123215795,6.3777175,-0.7456192,-0.481423
GTCAATATCTAGCGAT-1_atac,-0.62890327,-0.6923462,-0.55305636,1.4494212,-0.337554,-0.35334632,-0.617682,-0.61021113,-0.71000624,-0.5232384,-0.5495393,-0.6984649,-0.21276683,6.283597,-0.6535518,-0.5923512
GTCAGGCTCGCAGGCT-1_atac,-0.4898243,-0.80592346,-0.47706783,0.2111569,-0.37717342,-0.18224366,-0.4186762,-0.39989072,-0.10469112,-0.34455508,-0.5514237,-0.57459,-0.24703787,5.6484036,-0.53655094,-0.34991235
GTCATCACACATAGCC-1_atac,-0.4817411,-0.8889469,-0.55283844,0.3216592,-0.38461277,-0.3064208,-0.3927649,-0.330259,-0.056715265,-0.30050448,-0.53914523,-0.49418077,-0.30632353,5.50167,-0.45498434,-0.33389118
GTCATCCTCACTTCAT-1_atac,-0.43357816,-0.045605406,-0.7758757,-0.16223016,3.9771485,-0.598855,-0.50394845,-0.5205258,0.38464972,-0.696591,-0.38288242,-0.38556534,-0.7442024,1.6931379,-0.21807516,-0.5870007
GTCATTAAGGCGCTTA-1_atac,-0.42769602,0.19340235,-0.6801497,1.4213986,4.6130633,-0.33817375,-0.506722,-0.4677213,-0.6085326,-0.3695174,-0.4697205,-0.45278326,-0.5038419,-0.5956543,-0.46440384,-0.34294778
GTCATTAAGTTAGACC-1_atac,-0.3402354,-0.8222468,-0.58523667,0.16668405,5.401364,-0.531342,-0.2489481,-0.3985379,0.18788326,-0.31296796,-0.31126556,-0.35323128,-0.49629077,-0.6587815,-0.33185565,-0.3649916
GTCCGTAAGTTCCCGT-1_atac,-0.48383662,-0.51851845,-0.6000351,0.59610766,-0.6716337,-0.41833457,-0.42878678,-0.38654462,0.73581076,-0.3654239,-0.47402045,-0.43212405,-0.41606978,4.549048,-0.34864035,-0.33699822
GTCCTCCCAATAACGA-1_atac,-0.56477976,-1.0686631,-0.75575435,-0.5038717,5.277985,-0.7892045,-0.34940204,-0.45448408,0.34341857,-0.4660299,-0.51544404,-0.3930504,-0.5109068,1.8420385,-0.49739814,-0.59445333
GTCCTCCCAATGCCCG-1_atac,-0.4738176,-0.8418813,-0.4822098,0.37127393,-0.5453515,-0.38360792,-0.42505038,-0.3596564,0.26271504,-0.3446799,-0.5052226,-0.4817878,-0.35692668,5.3660283,-0.4717396,-0.3280856
GTCCTCCCACTCAACA-1_atac,-0.53760016,-1.0210594,-0.4494117,-0.10266177,-0.40627056,-0.27037072,-0.3687727,-0.32331234,0.5477724,-0.30000985,-0.5192652,-0.42499673,-0.38164282,5.3097687,-0.4335931,-0.31857413
GTCGAAGCATTTGCTC-1_atac,-0.61137176,0.54339504,-0.86165607,2.6844432,4.7276907,-0.46269923,-0.7712269,-0.56205225,-0.7494821,-0.6432906,-0.7704385,-0.46499908,-0.6630264,0.036160015,-0.8416002,-0.58984613
GTCGAGGAGGCGGGTA-1_atac,-0.27360302,0.5834784,-0.47131288,-0.3952319,4.4093375,-0.1258499,-0.5169506,-0.37419745,-0.15151179,-0.37265226,0.19513077,-0.5174426,-0.47530985,-1.0995833,-0.019506112,-0.394795
GTCGAGGAGTTTCCTG-1_atac,-1.0564703,4.397321,0.22015959,-0.5290264,2.041764,-1.4009614,-1.1334413,-1.1826264,0.75506896,-1.2547575,-1.0032299,-1.006568,-1.5137522,4.8166523,-0.832732,-1.3174006
GTCGCAATCATCAGTA-1_atac,-0.530174,-0.5246065,-0.5484688,0.25821334,-0.2650649,-0.3432095,-0.42512375,-0.43049455,0.37266195,-0.38748103,-0.597811,-0.44889086,-0.43591624,5.047175,-0.37692893,-0.36387974
GTCGCAATCATGCTCC-1_atac,-0.5054912,-0.7547268,-0.611486,0.19791597,-0.37720707,-0.35291764,-0.42655858,-0.36330625,0.6910066,-0.36093616,-0.5648346,-0.40666172,-0.5259266,5.0840507,-0.3574149,-0.36550546
GTCGGTTCAATTTGGT-1_atac,-0.5803174,-0.8268013,-0.4652464,1.0206522,-0.2932952,-0.24031314,-0.52441585,-0.46167865,-0.5570762,-0.39007482,-0.5869839,-0.63579535,-0.24670532,5.889174,-0.6919645,-0.40915838
GTCTAACAGTAACGAG-1_atac,-0.3610758,-0.6476412,-0.7119132,-0.850753,4.1373324,-0.7020036,-0.24666607,-0.24153426,0.8062273,-0.29983655,-0.021048412,-0.37758258,-0.6006274,0.6882633,-0.05267487,-0.51846623
GTCTAATCATGTTGGC-1_atac,-0.47092843,0.39695388,-0.56558776,0.5562331,-0.30412698,-0.5666491,-0.4708516,-0.36769903,0.11897953,-0.4700966,-0.5155401,-0.35398853,-0.53042406,4.4429173,-0.43143648,-0.46775502
GTCTAGCCAGCTCAAC-1_atac,-0.48702824,-0.8138962,-0.5458938,0.3400523,-0.6158307,-0.31386524,-0.43955302,-0.37649167,0.37905416,-0.29314294,-0.5534598,-0.5150915,-0.29767615,5.366108,-0.45162475,-0.38166058
GTCTAGCCAGTTTACG-1_atac,-0.5917133,-0.87684906,-0.6774484,0.64346415,-0.23685019,-0.44375062,-0.47290808,-0.41510183,0.37702018,-0.4571452,-0.6349712,-0.59159046,-0.29527402,5.632274,-0.54683214,-0.4123237
GTCTATGCATAATGAG-1_atac,-0.61524314,0.13230637,-0.6846063,2.3027835,5.074294,-0.5175103,-0.53812,-0.6358352,-0.4905129,-0.6731021,-0.6539656,-0.56928325,-0.5557661,-0.43097836,-0.6150367,-0.5294235
GTCTATGCATAGCGAG-1_atac,-0.76375693,4.437939,-0.65563303,-0.5105612,-0.32234293,-1.061103,-0.79827565,-0.8340447,-0.21014984,-0.80803525,-0.7776244,-0.63701576,-1.0604954,5.53341,-0.63942635,-0.89288515
GTCTTTAGTCACAGCG-1_atac,-0.5417752,1.7366989,-0.5689018,0.4284004,-0.930376,-0.70970625,-0.59910125,-0.52298343,0.5809261,-0.4732137,-0.5844826,-0.34299418,-0.7274953,4.2668633,-0.46784648,-0.5440124
GTCTTTGTCCTAATTC-1_atac,-0.84614205,5.2465444,-0.48302034,0.0006948784,-0.1829367,-1.3622496,-0.95558083,-1.0198321,0.14718862,-0.9986253,-1.0437638,-0.8164389,-1.4289967,5.5826807,-0.71899235,-1.1205302
GTGAATCTCCGGTATG-1_atac,-0.6186645,-0.6216103,-0.5882493,2.0702808,-0.0669208,-0.5912092,-0.681026,-0.56065,-0.217668,-0.5850426,-0.6691172,-0.6433103,-0.44130805,5.4007835,-0.5332366,-0.6530515
GTGATGAAGGAGGACT-1_atac,-0.50953096,-0.8714798,-0.58810365,0.3358146,-0.10730387,-0.37424952,-0.44476986,-0.37498766,0.28709036,-0.3862558,-0.57047755,-0.53321815,-0.39070755,5.3048844,-0.4180268,-0.3586787
GTGATGAAGGATAAAC-1_atac,-0.48056042,-0.69093025,-0.5257723,0.9306665,-0.52290165,-0.22742626,-0.4341743,-0.40152156,0.3051892,-0.3949914,-0.55345076,-0.55748516,-0.42947626,4.805531,-0.49070328,-0.3319928
GTGCAAGCACTAAGTT-1_atac,-0.5438107,-0.6837341,-0.53897005,0.56756055,-0.38240469,-0.17014253,-0.5226519,-0.49421036,-0.3503832,-0.4511758,-0.5806864,-0.68503433,-0.14584625,6.2349005,-0.8220724,-0.4313379
GTGCAAGCATTCCTGT-1_atac,-0.36933398,0.1802127,-0.41279504,-0.2470555,4.7244153,-0.11680335,-0.5675107,-0.30460623,-0.1294296,-0.3651472,0.19260001,-0.46275726,-0.50403035,-1.091491,-0.13282394,-0.3934444
GTGCCTTTCAATTACG-1_atac,-0.39623532,1.369149,-0.33372223,-0.361167,-0.7692697,-0.42613614,-0.42625755,-0.41216248,-0.1954296,-0.42294383,-0.40316272,-0.14240246,-0.5138898,4.3228064,-0.47605085,-0.41312563
GTGCCTTTCCTGATGG-1_atac,-0.30727574,-0.91252905,-0.56958836,-0.2385746,4.903479,-0.34882885,-0.3358906,-0.27517787,0.29262745,-0.25701478,-0.2511576,-0.22706062,-0.45851701,-0.48880714,-0.20724285,-0.31844163
GTGCGCAGTGGTTAGC-1_atac,-0.91073996,-0.8201206,1.5909058,5.028903,-0.013275588,-0.7778808,-0.8873763,-0.8264762,-0.39708313,-0.9101231,-0.9055287,-1.0004661,-0.8212679,3.3781285,-0.7937117,-0.93388695
GTGCGCAGTTTGCAGA-1_atac,-0.79291964,5.428701,-0.59944046,-0.4367874,-0.334435,-1.2500211,-0.89130485,-0.95455813,-0.09051387,-0.95110095,-0.96778905,-0.72884333,-1.3799735,5.7340546,-0.7156286,-1.0694387
GTGCGGTTCAATCTCT-1_atac,-0.65348697,-0.58846277,-0.56235164,2.0487938,-0.12005162,-0.48017645,-0.5831645,-0.6023302,-0.18253785,-0.64800084,-0.5840057,-0.6299134,-0.39888513,5.306736,-0.7187557,-0.60340685
GTGCGGTTCTCACACC-1_atac,-0.7128528,1.6035624,-0.6925881,1.88558,4.7164135,-0.6568878,-0.86201864,-0.8103632,-0.4014638,-0.8626795,-0.7404456,-0.6867188,-0.7100673,0.5518202,-0.81726676,-0.804024
GTGCTCCGTCGCAATA-1_atac,-0.39855653,-0.57979107,-0.2707476,0.035337955,-0.91535693,-0.30098513,-0.345156,-0.24916625,0.32190216,-0.24801439,-0.4274696,-0.26981786,-0.40007406,4.551523,-0.26959673,-0.23403156
GTGCTCCGTGCAACTA-1_atac,-0.49935263,-0.41234666,-0.4606313,0.50636256,-0.49826562,-0.37623483,-0.4466148,-0.38552177,0.25224313,-0.4445595,-0.5324982,-0.44626564,-0.46112937,4.977033,-0.37919748,-0.39302087
GTGCTCCGTTACCTGT-1_atac,-0.8161483,5.0044045,-0.91300654,-1.1380103,-0.68548024,-1.294937,-0.7708584,-0.8170228,0.7642995,-0.8280556,-0.98568594,-0.45766124,-1.2222847,5.5566335,-0.58282316,-0.8133638
GTGCTGATCGTTTCCA-1_atac,-0.37245828,-0.7159429,-0.40363336,0.33972174,-0.8426902,-0.13422816,-0.36024225,-0.301983,-0.0973105,-0.335252,-0.3912592,-0.34756923,-0.2649579,4.908437,-0.46278042,-0.21785112
GTGCTGGGTACCTTAC-1_atac,-0.48033184,-0.35336387,-0.6061133,0.5902638,-0.39542055,-0.39811784,-0.45480382,-0.36075735,0.6861567,-0.39138627,-0.54824764,-0.46639776,-0.59354824,4.527329,-0.3727209,-0.38253975
GTGCTGGGTCGCGCAA-1_atac,-0.54791534,-0.16632953,-0.70985687,1.4774504,4.7994323,-0.5014422,-0.61139345,-0.6099167,0.043318592,-0.60920215,-0.53051436,-0.62158525,-0.5719409,0.312287,-0.5739949,-0.57839644
GTGCTTCTCATTACAG-1_atac,-0.83623326,-1.1125896,0.64245665,5.6826057,-0.47936842,-0.7561506,-0.8400543,-0.8935534,-0.61057496,-0.8459126,-0.92468166,-0.95937896,-0.7764963,4.3420625,-0.81108534,-0.821046
GTGCTTCTCTGCAACG-1_atac,-0.51431835,-0.73856604,-0.5805913,0.29418606,-0.46557933,-0.31730986,-0.43034452,-0.38380772,0.7561832,-0.3942713,-0.5254663,-0.47817612,-0.45033652,4.9677567,-0.39285535,-0.34650362
GTGGACACAATCCCTT-1_atac,-0.80252606,4.8938775,-0.5103093,-0.514186,-0.22738267,-1.1854147,-0.83777225,-0.93342584,0.11023554,-0.9124723,-0.88583785,-0.6820692,-1.247298,5.3655143,-0.622788,-1.0081456
GTGGACACAATCGCAC-1_atac,-0.55828094,-0.7775694,-0.33808634,0.9707489,-0.43615392,-0.14952204,-0.5227605,-0.412716,-0.79387736,-0.38686588,-0.5809804,-0.61224353,-0.22346067,5.8405247,-0.6522664,-0.3664906
GTGGACACACGGTACT-1_atac,-0.57872,-0.5621777,-0.7067272,0.6267131,5.527092,-0.7077903,-0.50871253,-0.4169346,-0.026645228,-0.5617832,-0.602734,-0.52985275,-0.54723567,0.656727,-0.5168913,-0.54432756
GTGGACACATAATCCG-1_atac,-0.3984248,-0.6373644,-0.4687258,-0.11078274,-0.8787943,-0.4240257,-0.32196766,-0.23629442,0.6119389,-0.29989263,-0.49844348,-0.29447386,-0.4151724,4.890897,-0.30292246,-0.21555063
GTGGATGCAACCCTAA-1_atac,-0.7618982,1.7870882,-0.3253235,2.2827597,0.79565054,-1.0178797,-0.9004834,-0.88178843,-0.57666284,-0.97746295,-0.7425621,-0.8522771,-1.043133,4.8896403,-0.7033953,-0.97227186
GTGGATGCAGTTAAAG-1_atac,-0.86064297,5.0770264,-0.3912983,-0.016870849,0.16376105,-1.3717147,-0.9829209,-0.99940157,0.2109374,-1.0520358,-0.9914211,-0.86388785,-1.477004,5.4420342,-0.7174781,-1.1690825
GTGTAACTCCTGAGTG-1_atac,-0.5665265,0.18785903,-0.6197082,1.3851212,-0.09401029,-0.60004365,-0.44494593,-0.58248436,0.1905962,-0.63924617,-0.5716366,-0.53062266,-0.6463909,4.551761,-0.4461587,-0.57356375
GTGTCCAAGGAAACTG-1_atac,-0.97789735,-1.0832062,0.8209461,5.729135,-0.30090278,-0.8474688,-0.96805817,-0.867724,-0.638147,-0.7632332,-1.0186049,-0.98847204,-0.84687,4.5869346,-0.92070526,-0.9157265
GTGTCCAAGTTATCCT-1_atac,-0.38948277,0.6380827,-0.59573615,0.30126595,4.1200886,-0.65256727,-0.33869433,-0.50616056,0.35858786,-0.32359886,-0.25926033,-0.46937975,-0.6485275,-0.49705657,-0.29289722,-0.44466352
GTGTGAGCAAACAACA-1_atac,-0.48312724,-0.8067723,-0.4842766,0.31968284,-0.49691284,-0.3214643,-0.45410204,-0.36764976,0.22034393,-0.3066783,-0.5759933,-0.51609814,-0.25427064,5.3185377,-0.4180836,-0.37313527
GTGTGAGCAGCACGTT-1_atac,-0.63459915,-0.6122164,-0.50174844,2.1827154,0.2946061,-0.66409326,-0.49588948,-0.5745902,0.10809556,-0.45871532,-0.6152597,-0.64933527,-0.42352068,4.1712046,-0.5273755,-0.59927833
GTGTGCGGTAACCACA-1_atac,-0.68484163,-0.6815805,-0.52235925,1.6697329,-0.5413052,-0.009272631,-0.59888864,-0.56447804,-0.40380716,-0.48813152,-0.6976931,-0.7509054,-0.33868468,5.788646,-0.71570045,-0.46073076
GTGTGCGGTATTGTCC-1_atac,-0.59076834,-0.4529143,-0.714991,1.0318689,5.536204,-0.6255142,-0.5294508,-0.59430426,0.21011639,-0.5604522,-0.75132585,-0.4875443,-0.51003087,0.031146482,-0.46053207,-0.5315074
GTGTGCGGTCGCAAAC-1_atac,-0.647978,0.094089925,-0.5516438,2.316685,3.3960438,-0.84431696,-0.59883815,-0.60659647,0.0323376,-0.6958695,-0.67806625,-0.7368035,-0.76424867,1.5289453,-0.63388836,-0.609852
GTGTGTTAGGTGTCCA-1_atac,-0.6658628,-0.41101995,-0.81959057,-0.32922333,4.2483,-0.6224475,-0.66324246,-0.44621807,0.30009073,-0.450385,-0.61763084,-0.6739695,-0.6546565,2.908601,-0.38820714,-0.7145382
GTGTTACAGCCTCTGT-1_atac,-0.6480951,0.42310852,-0.737408,2.7413476,0.2535936,-0.83311105,-0.72766566,-0.68806857,-0.3225714,-0.76030284,-0.68976915,-0.6548083,-0.72045505,4.827938,-0.6560595,-0.80767304
GTGTTACAGTCGCTAG-1_atac,-0.8537803,-0.8998879,0.63931763,4.788661,0.37008774,-0.822986,-0.892005,-0.8282012,0.105791904,-0.92082477,-0.94011724,-0.929893,-1.0282598,3.8882067,-0.7729137,-0.9031962
GTGTTACAGTTACCGG-1_atac,-0.51074266,-0.7469168,-0.4399727,0.34889567,-0.5721196,-0.20912519,-0.467512,-0.3882916,0.47213313,-0.34878373,-0.53199506,-0.4548568,-0.42927527,5.010309,-0.41856623,-0.3131808
GTGTTCCTCGTGCTTC-1_atac,-0.6250712,0.7743497,-0.4074561,2.5809417,4.651011,-0.26812917,-0.5535087,-0.56670463,-0.73211384,-0.545347,-0.6066728,-0.81017107,-0.35203755,-1.0385252,-0.73426986,-0.76629496
GTGTTCCTCTATCGCC-1_atac,-0.8385502,-1.1737874,0.7591106,5.6045585,-0.25413206,-0.7268575,-0.9082702,-0.8820625,-0.520623,-0.8957811,-0.8491245,-0.9692541,-0.8186239,4.136679,-0.83809125,-0.8251912
GTTAACGGTCCGGTTC-1_atac,-0.29598165,-0.41519544,-0.5757796,-0.57379574,5.3244967,-0.4959851,-0.27435702,-0.3969246,0.15826392,0.057987772,-0.17120704,-0.37518713,-0.59181786,-0.7543182,-0.16378215,-0.45641708
GTTAAGCTCTTGCAAA-1_atac,-0.49626625,0.034599412,-0.57131416,1.226222,4.8920326,-0.31923592,-0.52212137,-0.44501108,-0.46563148,-0.41150463,-0.44465333,-0.48357308,-0.4074297,-0.7713978,-0.3922732,-0.42244273
GTTAATGTCATTATGG-1_atac,-0.5626391,-0.27170748,-0.60222757,1.6471918,-0.032250658,-0.58822346,-0.6065457,-0.5444777,-0.41137537,-0.5026865,-0.56098735,-0.53596187,-0.510425,5.212999,-0.5657896,-0.5648936
GTTACAGGTCATAAGT-1_atac,-0.42485258,-0.66386473,-0.7273426,0.18101019,5.2320786,-0.6777469,-0.47533825,-0.5791129,0.9855223,-0.5722189,-0.45436433,-0.3220049,-0.64570785,0.0012544096,-0.37616333,-0.48114803
GTTACAGGTTGGTGAC-1_atac,-0.64791995,-0.60716915,-0.6338358,2.2441034,-0.041315004,-0.5573377,-0.6792791,-0.59412426,-0.20046234,-0.64253026,-0.6047,-0.6768726,-0.5167684,5.3860497,-0.59520096,-0.6326373
GTTACTAAGCTTGCTC-1_atac,-0.39418015,-0.54325783,-0.6781461,0.24103537,5.5684376,-0.45155263,-0.3607469,-0.4326079,0.34609202,-0.5234836,-0.4589548,-0.44922543,-0.56375563,-0.55559486,-0.3174226,-0.42663652
GTTACTCGTCAGTAAT-1_atac,-0.5648601,-0.8327216,-0.6574999,0.44255796,-0.39218402,-0.43390822,-0.5422218,-0.46967813,0.8822657,-0.39900568,-0.6226282,-0.59555364,-0.34267542,5.517393,-0.5480952,-0.4411851
GTTACTCGTTAGGACC-1_atac,-0.73088866,1.3093226,-0.5778507,1.6658733,0.43520173,-0.76047266,-0.7330491,-0.73250115,0.41093,-0.7988809,-0.7221223,-0.7635466,-1.037339,4.5472064,-0.6924704,-0.8194124
GTTCCCAGTAATCCCT-1_atac,-0.6181857,-0.72589093,-0.8443624,0.83222777,4.4514456,-0.8023074,-0.6062713,-0.6348004,-0.1338218,-0.5960105,-0.56998384,-0.5642588,-0.65380156,2.6553907,-0.5846727,-0.60469645
GTTCCCAGTCCAAGAC-1_atac,-0.8123864,-0.8062092,1.160749,4.5740576,0.26198936,-0.8408258,-0.6901475,-0.72230697,-0.1179849,-0.83247054,-0.8354603,-0.8253208,-0.8611293,2.9027574,-0.75137323,-0.80393815
GTTCCTTCAAGCTAAA-1_atac,-0.7888086,0.97426164,-0.5857872,3.3538978,0.78451085,-0.9892962,-0.9586781,-0.84597933,-0.7918081,-0.76748216,-0.9157791,-0.8149724,-1.0451685,5.1025853,-0.817086,-0.89441013
GTTCCTTCAATCATGT-1_atac,-0.48163277,1.8169363,-0.6175353,2.0836167,4.5960355,-0.25291708,-0.77597874,-0.647384,-0.8683129,-0.72026104,-0.5590046,-0.57623696,-0.6219982,-1.14948,-0.70084363,-0.52500325
GTTCCTTCAGGCATCT-1_atac,-0.551415,-0.8151189,-0.5795378,0.4946538,-0.39023823,-0.29551443,-0.49818695,-0.45435202,0.090887785,-0.43507415,-0.6112395,-0.6220296,-0.29499656,5.977389,-0.5825285,-0.43269855
GTTCTTAGTGTTGCTT-1_atac,-0.5547447,-0.85981846,-0.7185688,1.2785168,5.078435,-0.54063356,-0.55515456,-0.57811,-0.121248245,-0.5922122,-0.66544247,-0.4683425,-0.5276873,0.85977817,-0.5139985,-0.5207683
GTTCTTAGTTGTTGCT-1_atac,-0.60355246,0.8760365,-0.6443569,2.4709818,4.5986843,-0.34750924,-0.45165187,-0.5575473,-0.6560203,-0.73071444,-0.6777069,-0.670379,-0.64640546,-0.78611183,-0.6623461,-0.51140094
GTTCTTGTCATTTAGG-1_atac,-0.51670665,-0.22749232,-0.79206914,0.7525678,4.7676606,-0.63870716,-0.4141397,-0.5131705,0.22451934,-0.5663521,-0.571436,-0.45385224,-0.5735848,0.42751944,-0.36633438,-0.5384222
GTTGCCCGTTTACCGT-1_atac,-0.52924716,1.5383968,-0.5031732,0.79237753,-0.3878811,-0.6696233,-0.55552644,-0.5758294,-0.2601276,-0.5666934,-0.5381312,-0.5252468,-0.6038351,4.5663114,-0.58355844,-0.5982124
GTTGCTGAGCTCAAAC-1_atac,-0.45241982,1.1034591,-0.3976031,0.3059775,-0.7393086,-0.43479335,-0.45382625,-0.45316398,0.06370473,-0.489933,-0.4126596,-0.2999618,-0.51354194,4.182883,-0.5209974,-0.4878152
GTTGGCCAGGGTGGAT-1_atac,-0.6041778,1.6001396,-0.63427347,0.53395915,-0.28043324,-0.6011023,-0.57838094,-0.58823395,-0.27515602,-0.54730153,-0.5623375,-0.5785166,-0.7191668,5.118686,-0.66432416,-0.61938083
GTTGGCGGTGCTGTAA-1_atac,-0.6212753,-1.1128814,-0.8500856,0.1955857,4.556529,-0.73067826,-0.3846935,-0.45458674,1.049258,-0.505637,-0.47019958,-0.43727878,-0.6810393,1.555881,-0.46574014,-0.6431579
GTTGTTGCACATTAAC-1_atac,-0.9369176,-0.6539536,1.7273896,4.900958,-0.5510035,-0.5480378,-0.5469956,-1.0340399,-0.41654986,-0.8101649,-0.76183903,-1.092126,-0.59121335,3.0001056,-1.0872921,-0.5983196
GTTGTTGCACGAACAG-1_atac,-0.4249433,-0.8509468,-0.44632086,0.13417573,-0.69468427,-0.23920992,-0.3355598,-0.29187176,-0.06279141,-0.2644485,-0.43283877,-0.4481714,-0.30268434,5.275099,-0.3647898,-0.25001338
GTTTAACCAGTCTATG-1_atac,-1.0493612,5.002835,0.5038879,4.997542,-0.14383966,-1.1153789,-1.0344814,-1.002136,-0.84869725,-0.94304276,-1.211876,-1.1362566,-1.0767405,1.1450043,-1.0579846,-1.0294732
GTTTAACCATCATGGC-1_atac,-0.55605423,-0.759359,-0.5456842,0.05354816,-0.22289477,-0.3925166,-0.4729761,-0.3928287,0.871553,-0.42586154,-0.5476969,-0.50472057,-0.42040545,5.070689,-0.4013211,-0.35347134
GTTTACCGTTTAAAGC-1_atac,-0.29692927,-0.47871426,-0.2476944,-0.26951304,-1.1935914,-0.13110593,-0.25766852,-0.23791486,0.009369552,-0.22310787,-0.344058,-0.17728344,-0.2943912,4.618807,-0.32218286,-0.15402159
GTTTATCTCGCTCCAT-1_atac,-0.4322346,-0.28175074,-0.4660228,0.6774434,-0.40501475,-0.26396322,-0.4786473,-0.3184178,-0.04598123,-0.445782,-0.47958773,-0.36812937,-0.39304113,4.538499,-0.35144275,-0.4859268
GTTTGCTGTATCTGGA-1_atac,-0.23666543,-0.5048052,-0.7091061,0.6590975,4.4480033,-0.36988387,-0.33953524,-0.38622683,0.8246351,-0.35969692,0.018255249,-0.55514896,-0.5051954,-1.3891025,-0.16558419,-0.42904067
GTTTGCTGTTGCAATG-1_atac,-0.45993102,-0.4974112,-0.4877798,0.427694,-0.6356406,-0.3338659,-0.43863517,-0.3552626,0.74429786,-0.3860907,-0.51634634,-0.41887736,-0.39892167,4.5868225,-0.45004702,-0.3800047
GTTTGTAAGGCCAATT-1_atac,-0.3605732,-0.60144156,-0.5554947,-0.19727704,5.416392,-0.42048857,-0.3309932,-0.32405436,0.11617134,-0.34113955,-0.17000833,-0.3275256,-0.48546258,-0.76554906,-0.26151192,-0.3910436
GTTTGTCGTTGAGGTC-1_atac,-0.8860754,4.64076,0.936576,4.7462273,-0.41198692,-1.2617215,-0.9702376,-1.0047878,-0.73101115,-0.9700792,-1.123953,-1.1467271,-1.1089894,1.3826349,-0.977134,-1.1134955
TAAAGCCTCAATGAGG-1_atac,-0.5847794,-0.7493892,-0.6904649,1.1479343,0.018183328,-0.64497644,-0.51553535,-0.494851,0.61172867,-0.49234366,-0.6979796,-0.5952115,-0.6027697,5.215188,-0.39307338,-0.5316606
TAACCGGTCATTAGTG-1_atac,-0.6796152,-0.92178935,-0.7957118,0.62798315,5.392751,-0.8266252,-0.5521524,-0.64735335,-0.085737795,-0.60081494,-0.65727067,-0.54177374,-0.637999,2.2673707,-0.63954663,-0.7017151
TAACCTAAGGATCACT-1_atac,-1.2198836,4.424587,-0.31181487,4.3403993,4.58347,-0.48686162,-1.1592617,-1.0865963,-1.2404096,-1.0339563,-1.177754,-1.214187,-0.90783846,-1.1823959,-1.346866,-0.9806304
TAACCTAAGTAGCGGG-1_atac,-0.581843,-0.28004608,-0.67469734,3.166855,5.1818557,-0.3982852,-0.641923,-0.58487904,-0.57257736,-0.6952743,-0.7200797,-0.6100951,-0.6468796,-0.61062616,-0.73140603,-0.6000992
TAAGCCAGTAAGCACC-1_atac,-0.639849,-1.0298688,-0.7642804,0.597628,4.979363,-0.86961764,-0.3352313,-0.5159659,0.42185515,-0.6447258,-0.5818235,-0.4959035,-0.678929,1.6778257,-0.48443168,-0.6360458
TAAGCCAGTACAAAGA-1_atac,-0.5809765,-1.1020048,-0.73455846,-0.33145717,5.320386,-0.7842722,-0.44752404,-0.5056696,0.27045512,-0.49231747,-0.50806797,-0.42507476,-0.6189642,2.045862,-0.46259,-0.64322627
TAAGCCTAGACAGGCG-1_atac,-0.6584401,3.4545922,-0.5968256,-0.42906424,-0.26928082,-0.9162612,-0.743139,-0.7619709,0.0561577,-0.719946,-0.72176254,-0.59453785,-0.86223423,5.1041694,-0.54864085,-0.79281604
TAAGCTGGTTAATGCG-1_atac,-0.5257187,-0.5819392,-0.5039166,0.7606672,-0.16686176,-0.32115555,-0.5240605,-0.43523324,0.0021496415,-0.40707868,-0.5754361,-0.4912641,-0.4198659,5.037467,-0.4085449,-0.43920892
TAAGCTGGTTATCGAG-1_atac,-0.7285614,0.9361602,-0.73202205,2.890265,4.6460576,-0.36555848,-0.75070095,-0.62761843,-0.7246201,-0.67884123,-0.71055007,-0.64627266,-0.6761031,-0.3921028,-0.8324908,-0.60704076
TAAGGACCACCTGGTG-1_atac,-0.49733838,1.0023947,-0.63706386,2.4365754,4.4368157,-0.16561201,-0.677642,-0.53554285,-0.76356435,-0.58173764,-0.5850043,-0.6346272,-0.41943547,-1.2458392,-0.7006762,-0.43170235
TAAGGACCATAGCGGA-1_atac,-0.65276045,0.9981654,-0.67401713,2.4737031,4.7458057,-0.05577743,-0.75244,-0.71593493,-0.7930002,-0.6373934,-0.7173547,-0.8074196,-0.60080844,-0.4244697,-0.8074578,-0.57884
TAAGGCTTCACGCATG-1_atac,-0.80617094,3.189523,0.31548512,2.6480765,4.448854,0.10787488,-0.97728825,-0.7884966,-1.1390295,-0.829128,-0.8698342,-0.8878875,-0.79089296,-1.9775251,-1.0458093,-0.5977514
TAAGGCTTCAGGGCCT-1_atac,-0.3953318,2.6107707,-0.55290455,-1.8332969,4.0206013,-0.26600033,-0.52865463,-0.3576168,0.20055616,-0.49196562,0.75325644,-0.59812725,-0.7236976,-1.5510912,0.053035513,-0.33953315
TAAGGCTTCATAATCG-1_atac,-0.5392771,-1.1848427,-0.60467404,-0.1107315,4.7263055,-0.6945257,-0.23357539,-0.38456094,0.42457977,-0.4841643,-0.49740246,-0.2947479,-0.6106354,1.5500863,-0.44658214,-0.6152519
TAAGGCTTCGGCTATG-1_atac,-0.4834885,-0.64609385,-0.6485278,1.2602321,5.1936517,-0.4477613,-0.3659842,-0.39524764,-0.121352166,-0.26655567,-0.55512285,-0.51076025,-0.46389043,-0.5356836,-0.4784901,-0.53492534
TAATCCGCAAACGCGA-1_atac,-0.98233974,-0.311921,-0.8495066,2.3994997,5.2399044,-0.81878555,-0.8841251,-0.78946745,-0.28423557,-0.8143921,-1.0057882,-0.7904253,-0.7355151,2.2979176,-0.91132045,-0.75949895
TAATGCATCCGCAACA-1_atac,-0.62569195,-0.8222732,-0.7731777,1.2900105,5.1989703,-0.5307192,-0.5118817,-0.4090519,-0.13092907,-0.5520741,-0.64215744,-0.5435112,-0.6282393,0.8047854,-0.5241895,-0.59986943
TAATGCATCCGCCTAT-1_atac,-0.78427804,4.9633083,-0.49973285,-0.06956625,-0.6829983,-1.1557112,-0.8534261,-0.91256565,-0.27820516,-0.87695134,-0.89004153,-0.6666865,-1.1375158,5.5816264,-0.7447714,-0.99248475
TAATGGACATAGGCGA-1_atac,-0.23319301,-0.4493119,-0.52392316,-0.73664886,4.7108765,-0.14624834,-0.31884125,-0.26741767,0.37438637,-0.34796333,0.32913145,-0.3855551,-0.41597033,-1.1696436,-0.074578084,-0.3451
TAATGGTGTAGCAGCT-1_atac,-0.63736176,3.5342624,-0.7102517,0.38953802,-0.64714956,-1.0879996,-0.69547784,-0.7732403,0.7462878,-0.7997191,-0.7881056,-0.5840149,-1.1477677,4.710509,-0.61068285,-0.8988259
TAATGGTGTGTGTCCC-1_atac,-1.0822124,4.318074,-0.2528339,4.2630825,4.657105,-0.42167795,-1.1704731,-1.0398144,-1.3059661,-0.9871043,-1.1187238,-1.1316488,-0.77852774,-1.6386594,-1.3795981,-0.93102205
TAATTGCCAAATGCCC-1_atac,-0.91329265,-0.06394101,1.1418723,4.624163,0.37729365,-0.8536709,-0.82368535,-0.8308789,-0.67510545,-0.8592538,-0.920746,-0.93617415,-0.91961974,3.2760212,-0.72990394,-0.89307857
TAATTGCCACCTGCTC-1_atac,-0.5288682,-0.7546988,-0.4605561,1.112452,-0.42506528,-0.3158505,-0.48803067,-0.4308948,-0.3363182,-0.39787757,-0.5651642,-0.54012805,-0.304125,5.3860846,-0.49620563,-0.45475352
TACAATGTCATCAGTA-1_atac,-0.35885525,-0.4103132,-0.3736825,0.06470108,-0.96259844,-0.17660145,-0.3558365,-0.25825357,0.37183666,-0.3219095,-0.34659684,-0.18232502,-0.4328133,4.327159,-0.31035227,-0.27355838
TACAATGTCGAAGTAG-1_atac,-0.31235352,-0.68113196,-0.7023183,-0.47463122,4.3188367,-0.6149602,-0.3078981,-0.31912783,0.36341947,-0.27075228,-0.12195621,-0.30992997,-0.5426309,0.63669455,-0.1979448,-0.46331528
TACAGCTAGCTCCTTA-1_atac,-0.7704323,1.0397522,-0.5174887,2.5040321,0.1930168,-0.8090411,-0.85325617,-0.80192024,0.31910735,-0.8186066,-0.8181708,-0.7547645,-0.82227325,4.530187,-0.73763037,-0.8825122
TACATCAAGGGCTTAT-1_atac,-0.55923355,-0.8671746,-0.33139637,0.1871583,-0.4870139,-0.18175897,-0.48785838,-0.37020132,-0.24528614,-0.30854875,-0.56520355,-0.6305982,-0.17678344,5.9424667,-0.6107335,-0.30783403
TACCGAAGTTGCCTCA-1_atac,-0.63987446,1.9912928,-0.86105746,1.5098087,4.5497885,-0.7504049,-0.69872415,-0.72709316,-0.5855783,-0.72918767,-0.69992757,-0.64712846,-0.79318786,0.39010823,-0.7012414,-0.6075932
TACCGAAGTTGGGTTA-1_atac,-0.44257885,-0.61568135,-0.36679697,-0.10649556,-0.48109627,-0.20641716,-0.35079753,-0.32482463,0.47825092,-0.2522756,-0.45661044,-0.35067177,-0.26913244,4.5683494,-0.5409408,-0.28228086
TACCGCAAGACTCGCA-1_atac,-0.3048277,0.6402744,-0.03434135,-0.62081563,-1.4825792,-0.104657516,-0.3886596,-0.27991557,-0.088167176,-0.28658217,-0.32675564,0.10492845,-0.32395995,4.0392804,-0.3462426,-0.19697921
TACCGCAAGGCGAAAC-1_atac,-0.45010465,-0.8783662,-0.51408947,0.39647788,-0.598408,-0.32740062,-0.43703222,-0.38515866,0.30191925,-0.28009242,-0.56022424,-0.5409986,-0.26509553,5.3451924,-0.4227054,-0.38391322
TACCTCATCCGCAACA-1_atac,-0.5064718,-0.85121197,-0.39986575,0.19120729,-0.44227254,-0.2067982,-0.4685498,-0.3718242,-0.008810349,-0.34903592,-0.544161,-0.5101914,-0.3176685,5.544927,-0.4491887,-0.31008375
TACCTTAGTTCAAGCA-1_atac,-0.6524104,-0.7949249,-0.4601146,1.5097245,-0.11138736,-0.36628103,-0.6188291,-0.60422057,-0.6098248,-0.54204804,-0.6267673,-0.6892844,-0.25337976,5.971422,-0.6055063,-0.54616857
TACCTTAGTTGCGGAT-1_atac,-0.5545608,-0.7883097,-0.71570706,1.392666,4.5677285,-0.48107347,-0.5560844,-0.5776967,0.32518893,-0.49926314,-0.52232075,-0.5032891,-0.556342,0.49800888,-0.47761002,-0.55133533
TACCTTTAGGACAACA-1_atac,-0.8504006,4.8007317,-0.67667365,0.34286988,0.48768216,-1.3531849,-0.9483231,-1.0304583,0.18530063,-1.0310383,-1.0070157,-0.8727302,-1.3982794,5.2180805,-0.733644,-1.1329166
TACCTTTAGGCTGTGC-1_atac,-0.8080989,-0.424097,2.9803119,4.7603183,-0.36648357,-0.52975005,-0.6612794,-1.0606315,-0.8480288,-0.9269694,-0.7157126,-1.0357475,-0.7956157,2.0656605,-1.0143188,-0.6195575
TACCTTTAGGTGAAAT-1_atac,-0.4718296,-0.52407235,-0.4101414,0.5299652,-0.3890121,-0.31095505,-0.4231174,-0.36990213,0.3280968,-0.44797766,-0.5119439,-0.44978118,-0.37631768,4.595545,-0.37851608,-0.39004028
TACCTTTAGGTGTCCA-1_atac,-0.692295,0.5448986,-0.7172558,2.6641533,5.1946244,-0.5184943,-0.69985145,-0.6088004,-0.8616889,-0.715012,-0.7887681,-0.4022895,-0.6307639,-0.3107725,-0.8734408,-0.5842437
TACCTTTAGTCTTGAA-1_atac,-0.56210196,-0.51632166,-0.6193288,1.4538829,-0.2942168,-0.5107919,-0.5395586,-0.52346146,0.2348567,-0.47135884,-0.5812687,-0.5666787,-0.5411495,5.0151963,-0.47011852,-0.50758034
TACGCACCATGTTTGG-1_atac,-0.3630894,-0.7550489,-0.41470382,0.45469567,-0.96385264,-0.29187363,-0.28071958,-0.2895136,0.24045803,-0.24205455,-0.38653025,-0.26066825,-0.37189403,4.4385476,-0.30289975,-0.21085286
TACGGTTAGCTTAACA-1_atac,-0.7507727,-0.70246804,-0.35417074,1.3776913,-0.33053753,0.07196903,-0.63538575,-0.5085304,-0.718817,-0.45856908,-0.6281688,-0.7837666,-0.37391683,5.980057,-0.7984457,-0.3861681
TACGTACAGTTAGTGC-1_atac,-0.31204736,-0.9799304,-0.67014116,-0.2975068,5.669499,-0.5232498,-0.19817995,-0.3768555,0.36746037,-0.43175632,-0.45102507,-0.33557367,-0.49528193,-0.4095347,-0.16804571,-0.3878309
TACTAAGTCCAATAGC-1_atac,-0.59855896,0.686799,-0.6263569,1.4600899,4.806718,-0.58816254,-0.7160468,-0.7309668,-0.53413385,-0.6329122,-0.60062623,-0.67924845,-0.615745,0.53547513,-0.64912057,-0.5172037
TACTCGCTCCTCCATA-1_atac,-0.60323876,-0.5526403,-0.2641581,1.9871485,-0.27398682,-0.47409832,-0.5304029,-0.6240007,0.20715615,-0.47682714,-0.5886379,-0.59777147,-0.41122514,4.382886,-0.60435355,-0.57584894
TACTGAGGTTAATGCG-1_atac,-0.588204,0.720973,-0.6102607,1.8206221,-0.081679896,-0.5996784,-0.61539376,-0.6342815,-0.16885397,-0.63394094,-0.59387445,-0.5987135,-0.69431555,4.5097876,-0.6251447,-0.60704124
TACTGCACAGCAACCT-1_atac,-0.31932798,-0.94776464,-0.59922266,0.04361156,4.8673005,-0.3643534,-0.20981546,-0.26595467,0.099299446,-0.022883032,-0.09209526,-0.20935106,-0.4643692,-1.0924698,-0.105398186,-0.3172061
TACTGGCCAGCTTAAT-1_atac,-0.7284206,-1.0644038,-0.7966163,0.5657178,5.259683,-0.80289686,-0.57643056,-0.61336315,0.32306144,-0.6353805,-0.6322304,-0.5602106,-0.6075889,2.009444,-0.457871,-0.6824932
TACTTGTTCCGCCTAT-1_atac,-0.8603785,4.4867163,-0.76980495,0.5847727,0.6350069,-1.3028837,-1.0583458,-1.0819156,-0.020813681,-1.1247777,-0.97451067,-0.847219,-1.2678504,5.5147533,-0.8081652,-1.1045837
TAGCAGGCAAGGTACG-1_atac,-0.54144645,-0.72403485,-0.69950426,0.6753607,5.487552,-0.61656487,-0.41609567,-0.5615035,0.45636487,-0.50662434,-0.5475958,-0.47461498,-0.52424186,-0.18150279,-0.30016375,-0.5253851
TAGCAGGCAAGTTATC-1_atac,-0.5082867,-0.9040693,-0.7391752,-0.43273473,5.0261974,-0.6400387,-0.2854679,-0.36809802,0.56010973,-0.44824332,-0.29800576,-0.45910263,-0.5988029,0.7958504,-0.2510203,-0.44911203
TAGCAGGCATAATCAC-1_atac,-0.6053572,-0.4339735,-0.606595,1.9091287,0.068414584,-0.48017746,-0.6163827,-0.63038343,-0.5299408,-0.57699966,-0.63501257,-0.62884176,-0.47717,5.4568887,-0.569884,-0.6437137
TAGCATATCCGGTATG-1_atac,-0.25768042,-0.932685,-0.8856679,-1.0745838,4.5121045,-0.6922945,-0.20635298,-0.31264073,0.55237293,-0.48937002,-0.024775524,-0.30083483,-0.6359383,1.336358,-0.14505592,-0.4429557
TAGCCTCTCGTAACGT-1_atac,-0.39459294,-0.78864944,-0.4381489,0.3596391,-0.84713936,-0.22114965,-0.41871992,-0.34737626,0.3785424,-0.32433403,-0.52230346,-0.4074581,-0.27969947,4.92904,-0.39973184,-0.27791798
TAGCCTTGTCATAACG-1_atac,-0.5645892,-0.72487736,-0.76391107,0.9133172,5.474439,-0.57308996,-0.46760052,-0.40907782,-0.20905899,-0.55776787,-0.60719657,-0.41609508,-0.48522156,0.29145297,-0.37837398,-0.5223495
TAGCGCGGTACGCGCA-1_atac,-0.8220129,0.46732226,-0.5896046,3.051739,1.6334405,-0.9942868,-0.9336072,-0.87618935,-0.7305105,-0.837029,-0.86549246,-0.8352798,-0.9243854,5.048534,-0.8170979,-0.97553945
TAGCGCGGTTGCCTCA-1_atac,-0.82855535,4.401906,-0.62174845,0.16211858,0.08333426,-1.2088684,-0.87004864,-0.91390395,0.23416638,-0.9802104,-0.9048358,-0.78898597,-1.2672555,5.2814474,-0.7054478,-1.0731128
TAGCGGACAGGACCTT-1_atac,-0.5829944,-0.6438133,-0.81666565,0.05077699,4.4186106,-0.8680777,-0.6034959,-0.65538955,0.886279,-0.6810587,-0.67754924,-0.4309024,-0.664204,2.444515,-0.52436036,-0.6516705
TAGCGGCTCCGCCAAA-1_atac,-0.74316174,2.705476,-0.5274993,2.128248,4.3372145,0.06399999,-0.76343006,-0.63739765,-0.8888772,-0.7484462,-0.6238318,-0.80453837,-0.6342417,-1.5627868,-0.77141964,-0.52930754
TAGCGGCTCTCCATGC-1_atac,-0.57987183,0.094159886,-0.75233275,2.3640826,4.9982443,-0.42201483,-0.48329592,-0.5078927,-0.41252536,-0.49786806,-0.6522325,-0.5528174,-0.46822727,-1.0214268,-0.5978992,-0.5080821
TAGCTAATCACGTTAA-1_atac,-0.548303,-0.71634984,-0.55458736,0.6548531,-0.40603146,-0.38498858,-0.46812484,-0.45667133,0.053618416,-0.4155166,-0.5735258,-0.5185211,-0.3409626,5.588736,-0.46774152,-0.44588378
TAGCTAATCATGCGTG-1_atac,-0.7678211,4.965649,-0.61557543,-0.39099556,-0.21904176,-1.2323138,-0.83830327,-0.92191184,0.32562894,-0.904678,-0.939026,-0.6447588,-1.4178199,5.210428,-0.6001775,-1.0092831
TAGCTAATCTCCATAT-1_atac,-0.14597772,0.5633089,-0.47077954,-1.0706677,4.2960453,-0.13306896,-0.340425,-0.34812498,0.03436263,-0.42445618,0.36957115,-0.45290887,-0.5698954,-1.0331682,0.064135045,-0.3379506
TAGCTAGGTTGCAATG-1_atac,-0.6458385,0.13238832,-0.7061268,2.5606387,4.979763,-0.4459818,-0.6066243,-0.60812455,-0.69898,-0.63268256,-0.6746151,-0.60688937,-0.56147116,-0.39847046,-0.56141627,-0.5255693
TAGCTTAAGGCGCTAC-1_atac,-0.5816486,-0.831017,-0.7420471,0.49693647,-0.42314127,-0.40733466,-0.49735323,-0.43982157,0.49740997,-0.39094624,-0.62884223,-0.6366582,-0.29080284,5.880137,-0.52874625,-0.47612378
TAGCTTGCATCAATCG-1_atac,-0.723119,0.16817309,-0.77053213,2.7048378,0.43622786,-0.9578688,-0.7083299,-0.81399906,0.056941308,-0.86596334,-0.7374493,-0.65592706,-0.8634118,5.2727876,-0.66328907,-0.87907803
TAGGAGGGTTACAACG-1_atac,-0.5761311,-0.46825588,-0.5778365,1.7473856,-0.125338,-0.40052098,-0.58939457,-0.56428605,-0.5394499,-0.59500337,-0.55988836,-0.70115834,-0.29070252,5.478232,-0.61451554,-0.62313676
TAGGAGGGTTATCGAG-1_atac,-0.28478992,-0.95296836,-0.11703664,-0.2563541,-1.0336728,0.09129811,-0.37249494,-0.30420655,-0.08788264,-0.21936256,-0.3113404,-0.35665762,-0.1254687,5.1269846,-0.71766686,-0.078380555
TAGGAGTCATCGCTCC-1_atac,-0.6294663,0.40639663,-0.72445023,1.977468,0.04521577,-0.72719556,-0.68613124,-0.6779539,-0.6038726,-0.6643073,-0.55957294,-0.65227944,-0.5774839,5.468083,-0.67703086,-0.7174189
TAGGAGTCATTGTGGC-1_atac,-0.610855,1.7275577,-0.7389688,1.1837509,4.447371,-0.74411625,-0.6845147,-0.6359038,-0.49880362,-0.68934625,-0.7572923,-0.58561677,-0.8002802,0.5319294,-0.5989491,-0.545962
TAGGCTGTCAATGAGG-1_atac,-0.6527084,1.2790252,-0.7311528,2.7033482,4.5838637,-0.20217912,-0.71766275,-0.69406366,-1.0146986,-0.65061295,-0.719839,-0.65939546,-0.64902025,-0.43867862,-0.84248394,-0.5937412
TAGGCTGTCAATTGGC-1_atac,-0.8244017,3.5164616,-0.82223827,1.4445977,0.75484526,-1.0977724,-0.91470355,-0.9026719,-0.3097912,-0.98252887,-0.8560291,-0.94295174,-1.0971003,4.976266,-0.8758128,-1.066169
TAGGCTGTCGAGCTAT-1_atac,-0.6065977,1.7208658,-0.7633767,0.88569814,4.1990075,-0.37344363,-0.57060903,-0.51258665,0.23145553,-0.7653198,-0.5934864,-0.4129987,-0.658183,-0.7786258,-0.6326343,-0.36916548
TAGGCTTAGGAAACTG-1_atac,-0.7931396,4.787072,-0.6453581,-0.052940086,-0.18330923,-1.2493659,-0.8908818,-0.9270295,0.0025213584,-0.91720974,-0.91569173,-0.70981956,-1.2423463,5.4873724,-0.71041524,-1.0394597
TAGGGTTTCGCATCCT-1_atac,-0.5779045,-0.45594507,-0.2060203,1.9134886,-0.33309665,-0.55813044,-0.4868201,-0.58974636,0.05689034,-0.4561888,-0.6239809,-0.55729896,-0.4740851,4.5359855,-0.5994388,-0.5877086
TAGGTTATCTTGAGCG-1_atac,-0.4006959,-0.41779932,-0.37513652,0.57559204,-0.9350954,-0.21227127,-0.40293553,-0.31146976,0.11340809,-0.3813316,-0.44222483,-0.36484024,-0.35206643,4.524152,-0.37470147,-0.2425836
TAGTAACGTTGTTGTC-1_atac,-0.6237917,-0.7951067,-0.48959166,0.8000871,-0.4089037,-0.27495492,-0.5652866,-0.4577344,0.0095788315,-0.42584282,-0.6755347,-0.7315961,-0.301625,6.058757,-0.6517357,-0.46671832
TAGTAAGCATCCCGCT-1_atac,-0.54115343,3.2624483,-0.2896263,-0.90735483,-1.3612183,-0.6766319,-0.4612711,-0.42947754,-0.03565166,-0.5430678,-0.5511971,-0.2647851,-0.77319175,4.5097723,-0.48860824,-0.44898573
TAGTACGGTGGATTGC-1_atac,-0.55383855,-0.44683254,-0.40074125,2.2681675,-0.20218387,-0.5456041,-0.5440316,-0.5247176,0.08866255,-0.4526291,-0.6005703,-0.6046296,-0.50454235,4.140271,-0.52165747,-0.5951226
TAGTACGGTTAAGCCA-1_atac,-0.7408284,1.7383657,-0.51419735,2.1123645,0.33944368,-0.7441892,-0.87727183,-0.6863194,-0.6236154,-0.77488595,-0.76358825,-0.7073593,-0.82761234,4.449322,-0.62367845,-0.75595003
TAGTCAATCGTTCACC-1_atac,-0.27106154,-0.83615106,-0.64666075,-1.824981,4.0443487,-0.6213634,-0.24861342,-0.15448895,1.1562412,-0.28426176,0.6169719,-0.39881223,-0.5011997,0.008331519,0.30814582,-0.34644538
TAGTGGCGTGTCCAGG-1_atac,-0.96818054,5.174888,-0.8219171,-0.17577194,0.8608072,-1.3241143,-1.0310264,-1.0978599,0.1849437,-1.0716509,-1.0598036,-0.8692401,-1.3819447,5.6444936,-0.8478214,-1.2158017
TAGTGTGGTCGACTCC-1_atac,-0.5135437,-0.56849647,-0.5593307,0.5947809,-0.15338233,-0.3679162,-0.47582322,-0.39133075,0.24663146,-0.40901625,-0.61463195,-0.5466366,-0.49289113,5.048067,-0.41398948,-0.38249055
TAGTTGTCACCGGTAT-1_atac,-0.62475044,2.5892663,-0.45620707,2.2625194,4.0154033,-0.26946577,-0.60645276,-0.70622385,-0.76142496,-0.8532838,-0.6498474,-0.7924394,-0.7108268,-1.1591415,-0.60504425,-0.67208076
TAGTTTGAGCACAGAA-1_atac,-0.55142003,-0.84843326,-0.41451907,0.89184266,-0.38714212,-0.33950368,-0.54622525,-0.4668821,-0.32178143,-0.39903426,-0.61339545,-0.6356594,-0.24914193,5.946193,-0.63910836,-0.4257897
TATAACCCACTTACAG-1_atac,-0.7854887,3.5622153,-0.710618,0.9571997,0.23818204,-1.113573,-0.9043269,-0.92101324,-0.3167465,-1.0173252,-0.84434175,-0.7972983,-1.0111008,5.336154,-0.6652349,-1.0066841
TATAGCCAGCTTAGTA-1_atac,-0.546383,-0.9536597,-0.4076696,0.35839754,-0.17721736,-0.26007918,-0.4385419,-0.4204042,-0.006484531,-0.3537672,-0.61840415,-0.59298795,-0.3258782,5.632629,-0.48493326,-0.40461588
TATATCCTCATTAGCA-1_atac,-0.20737928,-0.83115655,-0.4976889,-1.2495611,4.4578753,-0.47033507,-0.29133716,-0.18570116,0.5489395,-0.23396695,0.6218795,-0.33720782,-0.50194144,-0.7057965,0.16564481,-0.2822672
TATCACAAGCAAGGGT-1_atac,-0.49732357,-0.04664485,-0.64660835,2.3054087,4.887208,-0.40085793,-0.5468121,-0.5032687,-0.49415725,-0.4908688,-0.5553517,-0.43070215,-0.46556175,-1.0623062,-0.6385594,-0.41359442
TATCACAAGTTTGCGG-1_atac,-0.25632653,-0.99283785,-0.6244374,-1.1353436,4.9697523,-0.42391557,-0.18582541,-0.20045617,0.70633346,-0.16055366,0.16352671,-0.29859677,-0.4314059,-0.7980268,-0.05473637,-0.27715066
TATCACGCAAGGTACG-1_atac,-0.5299581,-0.87753546,-0.44703934,0.2681918,-0.54523647,-0.103030264,-0.43846378,-0.38366982,-0.13173291,-0.2813249,-0.5512247,-0.57121134,-0.29126346,5.807574,-0.546939,-0.37713632
TATCCAGCACAAAGCG-1_atac,-0.6361509,0.27493227,-0.58036935,1.6392397,-0.23426247,-0.56755686,-0.6563876,-0.7022263,-0.2870556,-0.6496182,-0.5954965,-0.63377583,-0.5428398,5.3835287,-0.6089275,-0.6030337
TATCGAGGTTGTAAAC-1_atac,-0.5015363,-0.89123815,-0.4805447,0.4529274,-0.32766068,-0.3165186,-0.4773625,-0.40693098,-0.03290896,-0.35949242,-0.5885099,-0.56362814,-0.2258314,5.694847,-0.52970654,-0.44590527
TATCGAGGTTTATCTG-1_atac,-0.5269367,0.8886654,-0.32820988,0.78618956,-0.5277995,-0.47495168,-0.5118558,-0.46499276,-0.036681876,-0.49054146,-0.46966988,-0.35934734,-0.5900284,4.291385,-0.6716493,-0.513575
TATCGCACAAGTGAAC-1_atac,-0.8590215,-0.3535478,1.4062636,4.6744223,-0.07554644,-0.88523006,-0.8883683,-0.7985203,-0.5002196,-0.85531485,-0.86865383,-0.9029187,-0.74538165,3.289597,-0.7555794,-0.8819802
TATCGCGAGGATCACT-1_atac,-0.5645669,-0.8872676,-0.44938958,0.4272145,-0.4106359,-0.1446726,-0.5201675,-0.49229985,-0.19017789,-0.3725345,-0.59832007,-0.5936224,-0.25283897,5.98341,-0.58495414,-0.34917626
TATGAAGCAATAATCC-1_atac,-0.6431748,1.2760787,-0.7567423,1.9126247,4.809399,-0.43923664,-0.78694284,-0.7279139,-0.74168813,-0.6900668,-0.71322274,-0.6656868,-0.63145137,0.057961076,-0.63832563,-0.62161154
TATGACTCACTTAACG-1_atac,-0.5096815,-0.8405624,-0.33688134,0.33117777,-0.576535,-0.14542107,-0.46732414,-0.35835296,-0.14575149,-0.33115757,-0.5421845,-0.53529567,-0.22255664,5.56689,-0.5479452,-0.33841836
TATGACTCAGTTTGTG-1_atac,-0.4560392,-0.97212,-0.2638784,-0.16506614,-0.60713714,-0.068526104,-0.41906852,-0.3394125,-0.26926404,-0.2771657,-0.46306455,-0.51752484,-0.1314743,5.6993976,-0.50607836,-0.24357729
TATGCATCATGTTTGG-1_atac,-0.43719098,-0.8515879,-0.48672512,0.34703153,-0.73813796,-0.20213625,-0.37367365,-0.3055661,0.18587065,-0.26091123,-0.51994777,-0.46991578,-0.27885038,5.081568,-0.42959914,-0.2602277
TATGGATGTGGACCTG-1_atac,-0.71469873,5.085753,-0.5919344,-0.46518993,-0.6919488,-1.2259504,-0.76385325,-0.8565027,0.46278748,-0.8799816,-0.95475507,-0.6369895,-1.3390334,5.178311,-0.60411596,-1.0018978
TATGGCCCAAATTCGT-1_atac,-0.5243268,0.9123483,-0.1956074,0.36273253,-1.0327989,-0.2950626,-0.50812733,-0.4260743,-0.28632283,-0.39419368,-0.40000084,-0.24397758,-0.39813313,4.2774444,-0.49085668,-0.35704306
TATGGCCCATAGCGGA-1_atac,-0.3567561,0.31686926,-0.6320555,1.6993449,4.583378,-0.18797967,-0.56610334,-0.4993514,-0.46300521,-0.56057656,-0.43963686,-0.505357,-0.5209235,-0.9283209,-0.50192153,-0.43760434
TATGGGCGTTACCTGT-1_atac,-0.35349017,0.058494255,-0.023790956,0.0075671,-0.7448076,-0.24091287,-0.47137827,-0.23677091,0.043929026,-0.41941428,-0.4225726,-0.18925206,-0.38941884,4.210333,-0.54995847,-0.2785567
TATGGGCGTTAGCTGA-1_atac,-0.860746,-1.089726,1.4402466,5.679137,-0.71478,-0.939472,-0.9338233,-0.91341966,-0.6706628,-0.87697023,-0.90736127,-0.9833713,-0.8582662,4.4743223,-0.92995745,-0.9151498
TATGGGCGTTCCGCAC-1_atac,-0.5904743,1.2711647,-0.58173007,0.34849304,0.019451259,-0.61503774,-0.6478724,-0.582893,0.61624086,-0.63910216,-0.647594,-0.42335668,-0.85260695,4.2540684,-0.29669553,-0.63205576
TATGGTCAGTGAGCAA-1_atac,-0.7305155,-0.8831277,-0.7730775,0.58038247,5.5358644,-0.91915524,-0.53310966,-0.6110058,-0.0020032786,-0.6902878,-0.7929437,-0.55101645,-0.68427837,2.3736684,-0.59536564,-0.72402775
TATGTGATCCACCTTA-1_atac,-0.90914345,-0.8138243,1.5906672,5.112469,-0.13492072,-0.84658754,-0.84589815,-0.86861837,-0.53966224,-0.82598877,-0.90130115,-0.959468,-0.8666264,3.4159548,-0.7467272,-0.8603251
TATGTGATCCTAGTCC-1_atac,-0.5802442,1.531903,-0.52338576,1.2328044,-0.20580204,-0.6736918,-0.6191082,-0.5823002,-0.54238385,-0.607151,-0.5816419,-0.61541605,-0.60497046,4.808032,-0.8334158,-0.6032282
TATGTGATCGGTAACT-1_atac,-0.8494037,-1.05147,0.6885626,5.579046,-0.3226956,-0.69636077,-0.836237,-0.88179904,-0.82252985,-0.869682,-0.76452804,-0.98008627,-0.74265325,4.1942596,-0.8498588,-0.79456365
TATTAGCCAGCAAATA-1_atac,-0.7620938,-0.6697769,-0.7835042,1.5961083,5.0227423,-0.7269783,-0.62401,-0.69096094,-0.17399678,-0.68768585,-0.757054,-0.59735155,-0.6576319,1.8572152,-0.5996389,-0.7453826
TATTAGCCATGTTGTG-1_atac,-0.8489132,0.584461,-0.22115913,3.077798,3.5638635,-0.6189394,-0.75624937,-0.827964,-0.5714575,-0.9044124,-0.79851115,-0.8290297,-0.8499884,1.6244899,-0.8517984,-0.7721892
TATTAGCCATTGTGTG-1_atac,-0.8205912,4.9796753,-0.74104965,-0.3712546,0.5993032,-1.3157384,-0.9568856,-1.0375216,0.02076152,-1.0248549,-1.0194453,-0.8230616,-1.3373581,5.663932,-0.68353474,-1.132376
TATTAGGTCCCGTTGT-1_atac,-0.66327137,-0.78793806,-0.84696144,1.6930314,-0.10381124,-0.6741242,-0.61818105,-0.6086203,1.4950917,-0.6118669,-0.76230234,-0.7257704,-0.6676757,5.0534716,-0.5635032,-0.6075681
TATTGACCAGGCATGA-1_atac,-0.7777668,-0.9682786,-0.8058128,0.7673241,5.8848095,-0.74476224,-0.81974614,-0.646265,0.7143628,-0.5783114,-0.8248146,-0.6044979,-0.58595586,1.3485856,-0.6169774,-0.7418929
TATTGACCAGGCTAGA-1_atac,-0.5372349,1.292373,-0.6005141,1.7226497,4.3174896,-0.06901742,-0.48920238,-0.49517232,-0.8639649,-0.55950034,-0.34879273,-0.6702728,-0.6481721,-1.1985965,-0.43796486,-0.41410702
TATTGACCATGAGTTT-1_atac,-0.49701303,-0.067687005,-0.6250636,2.3235984,4.778092,-0.32911712,-0.48798835,-0.5212568,-0.5847208,-0.49039644,-0.5598319,-0.55014336,-0.5084998,-0.92780864,-0.5186189,-0.43354464
TATTTGCTCACAGGAA-1_atac,-0.5690261,0.9440502,-0.55166984,1.689429,-0.3715943,-0.71895504,-0.64705825,-0.63670444,-0.19191366,-0.60966384,-0.6446619,-0.5589137,-0.66271055,4.5893764,-0.48014763,-0.57983613
TATTTGCTCGTTCACC-1_atac,-0.5915074,-0.83885854,-0.40841657,0.49048686,-0.3386766,-0.19708067,-0.55802566,-0.44761592,-0.27077428,-0.3968693,-0.640726,-0.67926896,-0.22066867,6.05947,-0.5522078,-0.4092601
TATTTGCTCTGTGCAG-1_atac,-0.39090547,0.9126568,-0.15068442,-0.78880084,-1.6676846,-0.11626452,-0.40603855,-0.29743665,0.27183035,-0.33591902,-0.29699737,0.060233623,-0.41335228,4.3907223,-0.48740724,-0.28395197
TATTTGGAGTTTGGTA-1_atac,-0.8178301,-1.0134963,0.43250382,5.2533016,0.21501079,-0.7877603,-0.8881226,-0.79900134,-0.54237795,-0.8828736,-0.84471405,-0.87333935,-0.8166194,3.9657218,-0.70207185,-0.8983313
TCAACAATCATCGTTT-1_atac,-0.61231124,-0.072678216,-0.21768114,2.670864,0.23684075,-0.6018247,-0.5672319,-0.7072303,0.6018572,-0.5652815,-0.6240296,-0.66953164,-0.5422448,2.9401045,-0.61778796,-0.65183294
TCAACAATCCAAGTTA-1_atac,-0.59037125,2.9348211,-0.29977435,-0.95726556,-1.0787667,-0.68215835,-0.475313,-0.53252405,0.5684071,-0.53764397,-0.5125792,-0.3400696,-0.9334542,4.483495,-0.48596585,-0.5608375
TCAAGAACATGACTAT-1_atac,-0.5208903,-0.7971306,-0.5376465,0.5922581,-0.23165251,-0.46378684,-0.46508038,-0.35553908,0.46114808,-0.3848521,-0.62633073,-0.4459499,-0.51086783,5.0759883,-0.3970397,-0.3926282
TCAAGACTCTCCATAT-1_atac,-0.5644918,-0.8019973,-0.5174546,0.44179487,-0.37996048,-0.33069372,-0.5389034,-0.47083133,-0.17929317,-0.36616665,-0.5789336,-0.6331147,-0.2513315,6.142244,-0.57124674,-0.3996191
TCAAGGAAGCACTAAC-1_atac,-0.6895723,-0.85736614,-0.7631863,1.2612163,4.7172318,-0.717666,-0.50397784,-0.52506906,0.12973928,-0.635876,-0.6355399,-0.6282841,-0.697582,1.7020007,-0.56018984,-0.5958787
TCAAGGAAGTCACTCC-1_atac,-0.24757457,-0.41356355,-0.58806807,-1.0374172,4.8153667,-0.37622216,-0.28139096,-0.28362906,0.58466095,-0.28352776,0.08129939,-0.2813106,-0.45192087,-0.9264453,-0.038032494,-0.27222443
TCAAGGAAGTTATTCC-1_atac,-0.6220114,-0.8750051,-0.7935171,1.1756474,4.8320947,-0.7110975,-0.48044294,-0.52731615,0.027372131,-0.5290607,-0.6114494,-0.6125696,-0.62164587,1.428345,-0.5027175,-0.5766252
TCAAGGTTCCCTCTAA-1_atac,-0.38323176,-0.7307943,-0.31475553,0.61699307,-0.9300055,-0.026741222,-0.33979982,-0.20469972,-0.4233638,-0.22692409,-0.37503546,-0.3411147,-0.3575861,4.6877503,-0.5172427,-0.13344875
TCAAGTATCCTGCGAA-1_atac,-0.76127565,3.0648336,-0.6633687,0.6726908,0.06186194,-0.95156944,-0.859713,-0.8215343,0.45911127,-0.877312,-0.8040454,-0.7617913,-0.90380484,4.9029083,-0.7888615,-0.96812934
TCAATCGCAATATACC-1_atac,-0.61731124,-0.6769203,-0.40176892,0.2964567,-0.41564894,-0.13938068,-0.49958694,-0.463448,-0.38387972,-0.34615672,-0.5767288,-0.6986044,-0.23811525,6.164546,-0.62119514,-0.38225782
TCAATCGCATACCCGG-1_atac,-0.46729404,-0.4831996,-0.5822295,-1.0600249,3.6560113,-0.66760325,-0.4091509,-0.25850585,0.98656,-0.47099417,-0.07433752,-0.4476278,-0.7159678,1.5946449,-0.036145605,-0.5641353
TCAATCGCATTGCAGC-1_atac,-0.99308324,0.43013158,1.2422997,4.3950644,0.24031383,-0.892583,-0.8354045,-0.85333735,0.13462773,-0.9671275,-1.0094056,-0.8068965,-1.1208513,2.8362849,-0.7884502,-1.011583
TCACATAAGTTCCCGT-1_atac,-0.92440116,3.677268,0.20327118,3.241437,4.778867,-0.45197523,-0.80559564,-1.0060346,-1.0147659,-0.95940375,-0.9387711,-1.1666536,-0.7030699,-2.023593,-1.1730405,-0.7335384
TCACCGGCAACTAGAA-1_atac,-0.44939792,-0.3213309,-0.6619392,0.40096253,5.1135035,-0.4968149,-0.28833967,-0.43680173,0.13317853,-0.33185947,-0.33503377,-0.37716573,-0.50391865,-0.63519084,-0.31408215,-0.49576956
TCACCGGCACGGTTTA-1_atac,-0.5366768,-0.36179692,-0.530942,2.3602543,-0.21972144,-0.45583808,-0.5595426,-0.5619075,-0.07550095,-0.47503638,-0.55989313,-0.60663867,-0.33887953,4.1800923,-0.7096998,-0.54827267
TCACCTGGTGTTTGCT-1_atac,-0.63977355,-1.307463,-0.86144257,0.022476079,5.068486,-0.90149766,-0.49261996,-0.613324,0.4206656,-0.5734178,-0.573078,-0.53288054,-0.74779147,2.9685943,-0.51917547,-0.7177586
TCAGCAAGTAATCACG-1_atac,-0.49977344,-0.9590099,-0.71389204,0.09651965,5.2588224,-0.6881472,-0.35546845,-0.50747913,0.21105981,-0.49481893,-0.5226459,-0.3947469,-0.6017693,1.1908932,-0.46812242,-0.55142194
TCAGCCTTCACGAATC-1_atac,-0.508026,-0.8656237,-0.33875126,0.07750182,-0.43742105,-0.29283184,-0.42030576,-0.40383598,0.013175823,-0.33220488,-0.55265653,-0.50748587,-0.19497707,5.6478662,-0.53008866,-0.35433525
TCAGCCTTCCACAATA-1_atac,-0.5874143,-0.7238226,-0.6610237,0.9232813,-0.19767667,-0.4640597,-0.5527547,-0.48656946,0.3336787,-0.4187256,-0.6633453,-0.6076677,-0.3999573,5.6447043,-0.6524209,-0.4862265
TCAGCCTTCCCTGACT-1_atac,-0.6540947,-0.028711528,-0.7832277,2.540882,4.5159755,-0.46653894,-0.6832135,-0.6252426,-0.5422329,-0.69986284,-0.627244,-0.50772417,-0.63549685,0.53208387,-0.7257103,-0.60964143
TCAGCCTTCGAGGTGG-1_atac,-0.65431976,4.6271367,-0.96914434,-0.75086683,-0.7166981,-1.1466782,-0.6895017,-0.79003906,0.24976112,-0.72405285,-0.82254094,-0.46225947,-1.0818485,5.294841,-0.5725902,-0.79119843
TCAGCCTTCTTTAAGG-1_atac,-0.8621657,-1.1134582,0.7132709,5.353755,0.036909923,-0.83687127,-0.9402971,-0.8524296,-0.17485315,-0.95200634,-0.9112593,-0.91264546,-0.8944367,4.037812,-0.77773833,-0.91358674
TCAGCGATCCTTGCAC-1_atac,-0.6028782,1.2716467,-0.7171783,2.6851208,4.348594,-0.43194154,-0.6417051,-0.6167354,-0.91358286,-0.66723067,-0.71880716,-0.74026084,-0.648352,-0.24342975,-0.83798134,-0.52527857
TCAGGAGCATGGCCCA-1_atac,-0.41498685,-1.091645,-0.7767805,-1.1314828,5.132106,-0.7517291,-0.17552847,-0.3283309,0.921975,-0.13713701,-0.16153961,-0.4483388,-0.6275222,0.62995267,-0.19118427,-0.4478284
TCAGGTCCATCTTGAG-1_atac,-0.8634998,-0.8452156,2.1774392,4.639806,0.12583992,-0.6387559,-0.6781384,-1.0557101,-0.6430054,-1.0095167,-0.8927482,-1.1839011,-0.717116,2.9288306,-0.76060283,-0.5837055
TCAGTGAGTTAATGAC-1_atac,-0.6216417,-0.61623544,-0.78406537,2.3583293,5.0784106,-0.3527534,-0.57895666,-0.59947264,-0.6560269,-0.59341884,-0.61443913,-0.53622144,-0.59574926,0.51591885,-0.75618005,-0.64749825
TCATAACCAAGCCACT-1_atac,-0.5680609,0.5653644,-0.5039523,1.4771007,0.89668906,-0.87255037,-0.60595214,-0.6785813,0.6780008,-0.6792784,-0.64381075,-0.5055047,-0.72014624,3.3895805,-0.5037846,-0.7251141
TCATACTTCATTTGTC-1_atac,-0.49463978,-0.8575947,-0.53053796,0.3729954,-0.38479033,-0.3127541,-0.42652532,-0.3559444,0.22838259,-0.37444484,-0.5520332,-0.5822102,-0.32761592,5.448515,-0.51998305,-0.33081898
TCATACTTCTAACCAA-1_atac,-0.47537133,1.9296318,-0.7215381,-0.026050981,0.16290191,-0.6956836,-0.6961855,-0.59294724,0.6115224,-0.62919474,-0.6237957,-0.45535362,-0.92601615,4.235815,-0.4121192,-0.6856153
TCATACTTCTCTAGCC-1_atac,-0.5234505,-0.8734121,-0.5259843,0.34619084,-0.30064023,-0.33282816,-0.49150515,-0.35848314,0.1287243,-0.34931922,-0.5437496,-0.5408316,-0.28762496,5.53268,-0.49794734,-0.38181895
TCATCCATCAGCCAAT-1_atac,-0.82079184,4.974248,-0.59083956,-0.7918192,-0.39962244,-1.2134023,-0.8228204,-0.90787184,0.08048752,-0.8789301,-0.87483174,-0.6226273,-1.2177496,5.6975455,-0.67472273,-0.9362527
TCATCCATCCCGTTGT-1_atac,-0.54217684,-0.065341264,-0.56123275,0.612378,-0.4657548,-0.47572666,-0.46992058,-0.40113932,0.47633255,-0.49192804,-0.5613265,-0.38718647,-0.5700007,4.7826643,-0.40171003,-0.47793043
TCATTACTCCCTCAGT-1_atac,-0.4848094,-0.7450557,-0.63142943,0.113728344,-0.15388167,-0.40304893,-0.4414441,-0.38061178,0.3676618,-0.35658452,-0.56183696,-0.48989338,-0.45386624,5.3495703,-0.39919394,-0.32930452
TCATTACTCTGCAAGT-1_atac,-0.8791921,3.083742,-0.47747752,2.3548236,4.2645416,0.114666,-0.6192794,-0.5652305,-1.1915469,-0.5818994,-0.6328712,-0.9441673,-0.74189454,-1.6657069,-0.9318594,-0.5866478
TCATTGCGTAATCGTG-1_atac,-0.6454015,-0.9446403,-0.74542046,0.9275869,5.1665316,-0.6852237,-0.53119016,-0.5075462,-0.2249785,-0.6352446,-0.60971236,-0.53461885,-0.56214046,1.7417946,-0.55491424,-0.6548817
TCATTGCGTTAGCAGC-1_atac,-0.48120236,-0.6292655,-0.6106142,0.7527611,-0.40511143,-0.39719975,-0.48700202,-0.39205232,0.52706444,-0.4216184,-0.56443644,-0.5053103,-0.48566556,4.9346514,-0.40262502,-0.4323733
TCATTTGGTCACAGCG-1_atac,-0.2840051,0.5098343,-0.20380215,-0.8315493,-0.7966111,-0.16815673,-0.45254016,-0.28875637,-0.16338162,-0.232534,-0.31691605,-0.08274816,-0.33209658,4.385476,-0.46335566,-0.27885777
TCCACAACAGTTTACG-1_atac,-0.5470451,-0.23582388,-0.6472822,1.5487484,-0.026449516,-0.54705405,-0.5953274,-0.5368678,-0.520306,-0.46251798,-0.5536459,-0.53473413,-0.43125534,5.2142453,-0.5686872,-0.5559971
TCCAGCAAGGCTGTCA-1_atac,-0.89354897,-0.8065295,0.48441175,5.0255165,-0.42007607,-0.7761353,-0.8213341,-0.9148426,-0.30276686,-0.8814044,-0.85370517,-0.9561684,-0.85047853,4.5128374,-0.62578666,-0.9199891
TCCAGGTCAAGGTCCT-1_atac,-0.86802906,-1.2682265,1.0950583,5.5002475,-0.34916478,-0.8825127,-0.9314778,-0.8817396,-0.34253663,-0.96514744,-0.91317284,-0.93854225,-0.916561,4.4046807,-0.8099312,-0.93294424
TCCATCATCCAATTAG-1_atac,-0.5308484,0.16842031,-0.7451711,2.6092534,5.061228,-0.34195614,-0.53307694,-0.5575333,-0.60450476,-0.56622416,-0.65673965,-0.5387799,-0.58612514,-1.0537367,-0.6312547,-0.4929502
TCCATGCTCATGCGTG-1_atac,-0.6293709,-0.871451,-0.79818964,-0.79189944,5.381588,-0.9042398,-0.5114583,-0.47818476,0.4601407,-0.5846379,-0.60464597,-0.54775476,-0.6486393,2.804903,-0.49778244,-0.7783774
TCCATGCTCGGGATTT-1_atac,-0.35102975,-0.90325737,-0.64358294,-0.16808164,5.624088,-0.4838307,-0.29433647,-0.33638632,0.30514595,-0.16345769,-0.336752,-0.4032199,-0.43331152,-0.7072309,-0.30078575,-0.40397087
TCCCGGACAGCTACGT-1_atac,-0.7536666,-0.49087393,-0.5344373,2.0200799,-0.031793416,-0.43159312,-0.7474942,-0.69556916,-0.8968804,-0.5961613,-0.6511263,-0.75362855,-0.3077286,6.252607,-0.7152515,-0.6664826
TCCCTCACAAATACCT-1_atac,-0.6608825,0.51710176,-0.62900007,2.3951066,-0.113889724,-0.6644112,-0.534945,-0.64608777,-0.26424193,-0.6577939,-0.67418396,-0.62243056,-0.6243483,4.5368276,-0.6765996,-0.6802213
TCCCTCACAAGTGTTT-1_atac,-0.46410513,-0.5715262,-0.501143,-0.08982602,-0.54098815,-0.26165903,-0.41207117,-0.31575352,-0.0025485605,-0.2707919,-0.49460596,-0.41558945,-0.31069362,5.420905,-0.4351548,-0.3344487
TCCCTCACAATAATGG-1_atac,-0.7144915,1.8019773,-0.81023085,1.4787217,0.8036989,-0.92814314,-0.8500644,-0.7563541,-0.15481731,-0.8753246,-0.70968986,-0.7770457,-1.0380464,5.017173,-0.6422415,-0.84512174
TCCCTGGTCTAATCAG-1_atac,-0.22661941,-0.33153346,-0.5483808,-1.2457945,4.621414,-0.15833572,-0.1715954,-0.20585209,0.38402462,-0.33891287,0.33729902,-0.23318867,-0.5167981,-1.1485832,0.08673409,-0.30387816
TCCGGAATCATGCTAA-1_atac,-0.5670141,-0.5611549,-0.5705297,1.2497973,-0.16925135,-0.39744025,-0.5167403,-0.5448784,-0.3930605,-0.5553682,-0.56968194,-0.63574713,-0.43734318,5.7655787,-0.62137663,-0.47578913
TCCGGTAAGCTGTACG-1_atac,-0.33814272,-0.7333604,-0.67616904,-1.5336844,4.482245,-0.3102107,-0.075020574,-0.23681079,0.96426976,-0.16960058,0.6438188,-0.2251144,-0.5234232,-1.2211736,0.22527608,-0.27289885
TCCGGTTTCGAGGTGG-1_atac,-0.560012,0.5318649,-0.4612935,2.7537374,4.70859,-0.09624803,-0.62063754,-0.5936624,-0.66594005,-0.6061821,-0.4740698,-0.7978784,-0.3630758,-1.3565247,-0.76719856,-0.6314696
TCCTCAATCGACCTGA-1_atac,-0.45917904,-0.4668153,-0.5399503,0.88211364,-0.22889541,-0.5124385,-0.40306175,-0.46007317,-0.11067186,-0.34587574,-0.44053555,-0.45816773,-0.37219107,4.8150015,-0.41809225,-0.4811676
TCCTCAATCTTCAATC-1_atac,-0.6372031,1.309097,-0.19520015,1.9973173,5.0850873,-0.16096157,-0.7162614,-0.7066037,-1.0237315,-0.7504668,-0.5915675,-0.6754484,-0.5605319,-1.1743102,-0.64810085,-0.5511141
TCCTCACAGACAACGA-1_atac,-0.7174732,2.6325042,-0.3754643,0.39510304,-0.04591784,-0.80667835,-0.69608665,-0.7617539,0.1133939,-0.7550275,-0.71355546,-0.54702204,-0.8884408,4.4640036,-0.5175334,-0.7800514
TCCTCACAGATACTTG-1_atac,-0.6767751,0.3597959,-0.63045466,1.5471792,1.2863557,-0.9136516,-0.6734346,-0.7299341,0.37157038,-0.7742282,-0.5903454,-0.71325195,-0.69402206,4.1142063,-0.60100293,-0.6820071
TCCTCACAGCCTGGTA-1_atac,-0.59409916,1.5319417,-0.48534477,0.90526426,-0.07737039,-0.62160295,-0.60263824,-0.5939568,-0.4526232,-0.6695435,-0.54176605,-0.5196567,-0.66702837,4.5449815,-0.54197806,-0.6145791
TCCTCACAGTGCTGTG-1_atac,-0.58214605,-0.6012682,-0.62424505,1.1977601,-0.194958,-0.46500245,-0.5309706,-0.56412005,-0.5328715,-0.5215101,-0.52960825,-0.61097443,-0.2949263,6.058534,-0.6539353,-0.5497576
TCCTCACAGTTGGATC-1_atac,-0.70070106,1.0923058,-0.816915,1.8777294,0.98156357,-0.8955075,-0.80022264,-0.78385985,0.05409536,-0.88487023,-0.71610916,-0.74686027,-0.9256026,4.7506404,-0.66152257,-0.8241637
TCCTCTAAGGGTGGAT-1_atac,-0.5394744,-0.7826906,-0.42198658,0.30846858,-0.37481445,-0.1682343,-0.4804638,-0.4124111,-0.33156413,-0.34448874,-0.5526912,-0.59016055,-0.2489127,5.850615,-0.5532598,-0.35793102
TCCTGTTCAGCAACCT-1_atac,-0.470558,-0.40468192,-0.7596213,-0.027458258,-0.894041,-0.5261715,-0.39218855,-0.3635032,1.5075164,-0.371722,-0.62095493,-0.3151327,-0.5030478,4.7817802,-0.34236252,-0.29785252
TCCTTAGTCCCGAAGC-1_atac,-0.406671,1.9260199,-0.65157723,-0.27108455,3.8070729,-0.55503184,-0.16088212,-0.42125547,0.21011047,-0.46477103,-0.15387344,-0.31781328,-0.79174834,-1.120004,-0.25259143,-0.37589973
TCCTTAGTCCGGTATG-1_atac,-0.85950667,-1.212383,1.0966561,5.4144483,-0.17435688,-0.86042327,-0.93725634,-0.8963821,-0.2832114,-0.9268038,-0.9236941,-0.97000384,-0.93577486,4.1909337,-0.78535974,-0.9368818
TCCTTCAAGGCCTTAG-1_atac,-0.58139986,-0.6640961,-0.708418,0.37471652,-0.359434,-0.43950886,-0.48315275,-0.47539407,0.81178236,-0.43481618,-0.6328489,-0.5480059,-0.42716008,5.520147,-0.48513967,-0.46727037
TCCTTGCAGTACCGCA-1_atac,-0.41385305,1.041419,-0.24488835,-0.17133333,-0.5571984,-0.4249845,-0.44478655,-0.43028063,0.0023631454,-0.4413197,-0.39628315,-0.31393737,-0.54266185,4.304082,-0.6360398,-0.3302974
TCCTTTACAGCACCAT-1_atac,-0.3646,0.2447545,-0.3954286,-0.28523904,-0.38014787,-0.31460845,-0.45910454,-0.37732136,0.3620763,-0.35176414,-0.39400095,-0.21898292,-0.60422766,4.3701124,-0.5147302,-0.31678754
TCCTTTACAGTAAGTA-1_atac,-0.4867963,0.14359674,-0.5440461,1.8914077,4.50619,-0.50767195,-0.41802138,-0.5262133,-0.5764846,-0.4552931,-0.47334293,-0.54680514,-0.496316,-0.38984972,-0.56403536,-0.55631834
TCGACAAGTAATAACC-1_atac,-0.5833453,-0.5363844,-0.627509,1.9473066,0.049182802,-0.5908132,-0.53613526,-0.6169897,-0.045568407,-0.5404928,-0.59540623,-0.59405357,-0.51142335,4.9241347,-0.52831537,-0.61418706
TCGCCCATCCCATAGG-1_atac,-0.671139,-0.7417103,-0.6160471,1.2649696,-0.019538358,-0.39387447,-0.5691133,-0.5637563,-0.39821947,-0.5020875,-0.6181178,-0.7325097,-0.29560703,6.205409,-0.7528839,-0.59577453
TCGCCCATCGGGACCT-1_atac,-0.55634874,0.33449516,-0.67035496,2.1776712,4.942223,-0.25221074,-0.5432135,-0.5569701,-0.6502214,-0.5160559,-0.52858084,-0.64238304,-0.5006113,-1.010592,-0.54498506,-0.48186207
TCGCGAGGTACAAAGA-1_atac,-0.51519424,0.2111072,-0.6676892,2.2679842,4.9673834,-0.25538993,-0.60239416,-0.52870494,-0.63330144,-0.5774266,-0.48041278,-0.6539964,-0.48095828,-1.0766541,-0.50064754,-0.47370493
TCGCGAGGTATTGGTG-1_atac,-0.4968056,-0.35220158,-0.42335266,1.134138,-0.21780984,-0.508767,-0.42645895,-0.5021289,-0.18030064,-0.4135915,-0.46089667,-0.48116124,-0.37373924,4.6603827,-0.44061732,-0.5166898
TCGCGCACACTCAACA-1_atac,-0.50253034,-0.836774,-0.51971984,0.25916165,-0.25010145,-0.17793024,-0.43847576,-0.38841859,-0.30761197,-0.35277846,-0.5604464,-0.55142164,-0.24582842,5.7358594,-0.48391166,-0.3790721
TCGCGCACAGCAAGTG-1_atac,-1.065887,4.974253,1.0171266,4.920744,0.04574015,-1.2063377,-1.0204082,-1.0320365,-0.97835845,-0.9344284,-1.2024841,-1.1782503,-1.0481994,0.87240845,-1.0943358,-1.0695467
TCGCGCACATAGCTTG-1_atac,-0.5604814,0.52145725,-0.7403579,1.5549867,4.26112,-0.21014223,-0.6526283,-0.5048982,0.2891769,-0.48596358,-0.2127595,-0.49306098,-0.55839103,-1.2859466,-0.43269917,-0.48941168
TCGCGCACATGTTGGC-1_atac,-0.5486349,-0.05667838,-0.49072832,2.1016743,3.224783,-0.6663203,-0.5356493,-0.683409,0.10317335,-0.63186955,-0.55552626,-0.57620406,-0.7071446,1.017471,-0.4004827,-0.59445417
TCGGTAAGTATTGTCC-1_atac,-0.38296032,-1.1707469,-0.74704784,-1.0785584,4.956586,-0.6845886,-0.16517743,-0.364469,0.92297864,-0.12212605,-0.18159536,-0.46410978,-0.6583199,0.80104965,-0.1897309,-0.47118366
TCGGTAAGTCGCAAAC-1_atac,-0.37004924,-0.36720538,-0.16746655,-0.34067023,-1.4274083,-0.16554222,-0.34784693,-0.21616647,0.35599035,-0.21699277,-0.358486,-0.16229865,-0.43301922,4.64571,-0.26738226,-0.16116634
TCGGTTACAATGAATG-1_atac,-0.2765822,-0.15992916,0.0558504,-0.4379131,-1.2573391,-0.05420026,-0.3522831,-0.23030886,-0.19926286,-0.2907211,-0.34908715,0.066900164,-0.36735067,4.3992634,-0.33068046,-0.21635583
TCGTAATCAGCCTAAC-1_atac,-0.81749666,-1.0440195,0.6224376,5.5174346,-0.1257053,-0.7026069,-0.86505187,-0.85218537,-0.7406765,-0.8625641,-0.82017434,-1.0358083,-0.7797632,4.181745,-0.8515699,-0.8239955
TCGTCAACAAAGCTAA-1_atac,-0.58802265,-0.4656456,-0.5935483,1.6090282,0.50259596,-0.60618466,-0.508424,-0.55843,-0.09663318,-0.58202404,-0.52796084,-0.5940253,-0.45715874,4.58196,-0.5479959,-0.56753105
TCGTCAACAAGGGTTG-1_atac,-0.33578694,-0.6874535,-0.68328553,0.28760383,4.971948,-0.4493383,-0.35185868,-0.36048713,0.5326789,-0.43253532,-0.45369884,-0.25295585,-0.53669816,-0.56890786,-0.20585561,-0.4733694
TCGTCAACAGCAAATA-1_atac,-0.563685,-0.45182145,-0.50404847,1.0262758,0.37828365,-0.54523224,-0.47867972,-0.5057209,-0.08753352,-0.47671956,-0.49009782,-0.5096465,-0.46299946,4.637195,-0.42542803,-0.5401417
TCGTGCTTCCCGAACA-1_atac,-0.65661806,0.03714507,-0.73895305,2.6879225,5.0478973,-0.500247,-0.5198306,-0.5935124,-0.39809614,-0.68209225,-0.71075314,-0.62282276,-0.6538906,-0.4010326,-0.6412949,-0.6538217
TCGTTAGCAGGCCTTG-1_atac,-0.32803783,0.2655906,-0.77721673,-1.3665366,4.0157604,-0.6599193,-0.32931763,-0.37014735,0.8967357,-0.29300293,-0.059890643,-0.41008505,-0.6737955,0.69290847,-0.10230753,-0.5007376
TCGTTATTCACCGGTA-1_atac,-0.45793906,-0.6329888,-0.5049406,0.07639317,-0.42897436,-0.22263837,-0.39797845,-0.32076856,0.08001956,-0.27450055,-0.5005648,-0.40138248,-0.41593227,5.08687,-0.38727918,-0.29739568
TCGTTTCCAGCTTAAT-1_atac,-0.6054858,-0.6561364,-0.62508035,1.0076966,-0.04911524,-0.45143387,-0.58530104,-0.47653136,0.0037952065,-0.5026294,-0.6353996,-0.67576456,-0.42158267,5.69385,-0.513435,-0.5074465
TCTAACCGTCACCTAT-1_atac,-0.6276309,-0.6439428,-0.7420819,1.9570549,0.06887956,-0.6268139,-0.55042535,-0.5611785,0.35800806,-0.53857297,-0.7142153,-0.63236797,-0.61250925,5.01261,-0.5537133,-0.59310025
TCTACCTCAATGCGCT-1_atac,-0.39079812,-0.6426457,-0.34407988,-0.06612764,-0.7757386,-0.1807332,-0.34281257,-0.25768468,0.07051477,-0.30341303,-0.3926218,-0.36702153,-0.39010933,4.893881,-0.3203113,-0.19029811
TCTAGCACACAAAGGT-1_atac,-0.7176761,0.16272181,-0.415558,2.154354,3.201141,-0.6081921,-0.6464774,-0.64828753,0.35364628,-0.72375786,-0.5885949,-0.8059337,-0.7880381,1.455708,-0.6602338,-0.7248221
TCTAGCACATTATGGT-1_atac,-0.85131097,2.680138,-0.6346147,2.6784687,4.4836507,-0.20220754,-0.93456924,-0.79838747,-0.31842855,-0.89442176,-0.77193624,-0.85213506,-0.7023606,-1.4264166,-0.8146864,-0.6407825
TCTAGCCTCACCGGTA-1_atac,-0.40769196,-0.6423793,-0.6956664,-0.88173825,5.459406,-0.34865928,-0.13953568,-0.33823156,0.6161097,-0.14481334,-0.15460876,-0.31089714,-0.43787038,-0.9925888,-0.16435303,-0.41648147
TCTAGCGAGATAGACG-1_atac,-0.50598216,-0.3820817,-0.55753094,0.4011693,-0.16757281,-0.43201125,-0.50326216,-0.38380533,0.2644435,-0.4331414,-0.54384017,-0.41486466,-0.5175774,4.9498696,-0.37257534,-0.40123695
TCTCAAGCAAGGTCGA-1_atac,-1.0825591,1.7811921,-0.60369873,3.935892,5.1791825,-0.527277,-1.0321293,-1.0027297,-0.94483054,-0.8107451,-1.1288223,-1.0022652,-0.7845557,0.109568246,-1.2215475,-0.8646747
TCTCAAGCACGTGCTG-1_atac,-0.8105792,4.7950773,-0.79188675,-0.57846624,0.7736007,-1.2637502,-0.9632236,-1.0022123,0.22344129,-1.0654887,-0.9023656,-0.8450687,-1.2674989,5.5546265,-0.74392337,-1.1122819
TCTCAAGCATTAGGTT-1_atac,-0.7717722,4.2128954,-0.73936504,-0.494273,0.26896986,-1.0125371,-0.82881844,-0.925013,-0.35072657,-0.9143235,-0.7791328,-0.7361871,-0.9981099,5.605222,-0.65472287,-0.88210636
TCTCACCAGCCATCAG-1_atac,-0.6756763,4.155593,-0.76076573,-0.65849984,-0.15803394,-0.9947923,-0.7312967,-0.79322046,0.9297257,-0.7886724,-0.8150023,-0.68128574,-1.1964793,4.5517793,-0.49160698,-0.8917656
TCTCACCAGTAATCCA-1_atac,-0.5368581,-0.7254057,-0.6159198,0.058109444,-0.4222611,-0.4065087,-0.46027204,-0.40359026,1.004137,-0.35331485,-0.5859039,-0.48171255,-0.40937838,5.2246876,-0.4816909,-0.40411752
TCTCACCAGTGAACGA-1_atac,-0.44961023,-0.5324223,-0.4741488,-0.016888827,-0.41175258,-0.34934837,-0.38925457,-0.30986094,0.37104565,-0.32448107,-0.52481335,-0.3891664,-0.4898045,4.9793453,-0.3768373,-0.31200176
TCTCCTCGTGATGAGG-1_atac,-0.5983588,-0.7196386,-0.49128234,0.91891456,-0.14889951,-0.49624473,-0.5424718,-0.4800679,-0.022715747,-0.4862938,-0.6312745,-0.63825715,-0.4163856,5.730786,-0.50778586,-0.47002363
TCTCGCCCAATTGAGA-1_atac,-0.43970937,-0.42737728,-0.5009251,0.4946823,-0.59367824,-0.27553332,-0.44249582,-0.34467518,0.30770028,-0.33589542,-0.49210656,-0.39683032,-0.43516886,4.596093,-0.38314807,-0.33093196
TCTGGCTTCGGTTTGG-1_atac,-0.8014088,-0.9687862,0.025243059,5.6377177,-0.42929536,-0.6759604,-0.8176674,-0.85047024,-0.4541731,-0.84264654,-0.7844518,-0.92318195,-0.7251479,4.19856,-0.78913504,-0.79919624
TCTTCAAGTGTTGTGA-1_atac,-0.74884546,0.042266253,-0.74494994,2.7450337,5.191479,-0.37861246,-0.5856217,-0.74129754,-0.5857033,-0.74169236,-0.7668566,-0.8215248,-0.76598716,0.34314007,-0.8069933,-0.63383466
TCTTGTCCAATAACGA-1_atac,-0.88392377,-1.2526731,0.6006662,5.504115,0.35452843,-0.94240606,-0.95067084,-0.93100977,-0.4136613,-0.91530234,-0.8661573,-0.9970046,-0.87424815,4.3246226,-0.85581785,-0.9010575
TCTTTGTAGTCATTTC-1_atac,-0.67051756,0.30230808,-0.6278674,2.7256541,-0.14932463,-0.66237444,-0.7074108,-0.6827821,-0.20745683,-0.6220647,-0.6829491,-0.6466202,-0.66169614,4.6470757,-0.62132406,-0.7326496
TGAAACTGTGACATAT-1_atac,-0.46576056,1.245137,-0.36941114,0.48487148,2.2293065,-0.36831716,-0.6317268,-0.57758915,-0.114536814,-0.4469974,-0.48567635,-0.48710382,-0.5303345,1.4532607,-0.4613345,-0.47378722
TGAACAACACCAGGTT-1_atac,-0.55649936,-0.8323374,-0.51734304,0.31984589,-0.39392838,-0.4740989,-0.46942207,-0.39681223,0.9749791,-0.3981247,-0.6560997,-0.5305086,-0.43665242,5.248885,-0.43344378,-0.44843966
TGAAGGATCCGGTTGA-1_atac,-0.52620983,-0.2734359,-0.6293075,0.4531234,-0.6568314,-0.43285942,-0.44778925,-0.35627496,0.54617274,-0.38816255,-0.56410307,-0.40756047,-0.51815295,5.0027714,-0.35923976,-0.44214052
TGAAGTGAGCACAGAA-1_atac,-0.8273959,5.2654276,-0.69084346,-0.7792451,-0.12638056,-1.3596147,-0.91755545,-0.95561826,0.5698087,-0.9254935,-0.9840833,-0.71246463,-1.3915856,5.559957,-0.64284146,-1.082071
TGACTCCTCTTAGTCT-1_atac,-0.5154179,0.41569752,-0.5850475,0.8168835,-0.04891114,-0.707793,-0.5507659,-0.5088403,0.7388958,-0.66426235,-0.54578537,-0.46588844,-0.8482433,4.583563,-0.53870124,-0.57538295
TGACTTAAGAGAGGAG-1_atac,-0.59837985,0.24668756,-0.5831833,1.6900896,-0.08751181,-0.608027,-0.6612954,-0.6574912,-0.34050986,-0.6151122,-0.5612581,-0.57743156,-0.5966468,5.1034017,-0.55581856,-0.5975138
TGAGAACCAAGCCAGA-1_atac,-0.8325471,-0.33823368,-0.8577062,2.599206,5.175928,-0.6678601,-0.6684868,-0.68786913,-0.57402205,-0.7840812,-0.78425914,-0.6323158,-0.7621564,1.1226631,-0.7077395,-0.6005205
TGAGAACCAGGATAAC-1_atac,-0.41907406,-0.71081424,-0.6450952,0.03283839,5.4864826,-0.5693543,-0.3325977,-0.4702574,0.49614897,-0.57063067,-0.45064294,-0.4341247,-0.48672044,-0.17592627,-0.3177076,-0.43252456
TGAGCACGTTAGAGGG-1_atac,-0.584998,-0.49980488,-0.5458052,1.7036145,-0.09782329,-0.45369646,-0.5776094,-0.53443265,-0.36627707,-0.5444938,-0.61676645,-0.6378726,-0.4580795,5.3832088,-0.6112715,-0.5578922
TGAGGAGGTGACATAT-1_atac,-0.46479142,-0.35909176,-0.5497002,0.39780557,-0.33966357,-0.4187162,-0.43953627,-0.36787266,0.12921841,-0.38999987,-0.47830635,-0.37936842,-0.5036927,4.940422,-0.41105264,-0.36565417
TGAGGGAGTCAATACG-1_atac,-0.49434364,-0.54991406,-0.47425616,0.15056722,-0.15366626,-0.41434175,-0.41647124,-0.39531648,0.22475299,-0.37759656,-0.48343885,-0.40728307,-0.42940676,4.993704,-0.44907385,-0.32391548
TGAGGTGCACAGGATG-1_atac,-0.4214782,-0.7048216,-0.47857535,0.34703237,-0.6417558,-0.3178897,-0.4282437,-0.3665598,0.3951429,-0.36302143,-0.4931373,-0.41174686,-0.3954342,5.007498,-0.43302023,-0.29398954
TGAGGTGCAGGAACAT-1_atac,-0.907473,-1.153552,1.2209986,5.4379125,0.4473018,-0.9288973,-0.99622715,-0.9709602,-0.6232553,-0.9671472,-0.9393084,-1.1139507,-0.92497116,4.273525,-0.90068287,-0.95331305
TGAGTGAAGTTCCTGC-1_atac,-0.84486985,5.3433127,-0.7261989,-0.824154,-0.08696532,-1.4135555,-0.9333666,-0.97349733,0.63332963,-0.9291038,-1.0065262,-0.73654944,-1.4466646,5.696998,-0.68273515,-1.0694542
TGAGTTTCAAATACCT-1_atac,-0.5663291,-0.73539424,-0.52939904,1.2695735,-0.17725697,-0.49560657,-0.554587,-0.49809125,-0.3629203,-0.5279969,-0.6230552,-0.56819916,-0.35880217,5.7970705,-0.55139625,-0.51760995
TGATCAATCATCCTGC-1_atac,-0.47097522,-0.18323204,-0.7329998,1.2293823,4.7577014,-0.5684829,-0.54812425,-0.50057286,0.19842108,-0.73604494,-0.53436375,-0.2984917,-0.56350946,-0.012364879,-0.48420697,-0.55213594
TGATCAATCCCGTTAC-1_atac,-0.63144207,-0.7429364,-0.8027697,1.0343456,-0.34549952,-0.5514957,-0.5739541,-0.49688166,1.3910469,-0.5579075,-0.66686094,-0.6808685,-0.4864869,5.2303476,-0.57014287,-0.54849446
TGATCAATCGAGCTAT-1_atac,-0.7723563,0.7017619,-0.4521332,2.547476,3.7899952,-0.72141325,-0.6735117,-0.7686601,-0.38053602,-0.86338496,-0.7827025,-0.7792855,-0.86254126,1.4316475,-0.67072964,-0.7436262
TGATCAATCTTAGTCT-1_atac,-0.6092899,-0.6452795,-0.5393737,1.309869,-0.26763892,-0.4442113,-0.61644334,-0.49502087,-0.04075922,-0.6337322,-0.5824816,-0.6164612,-0.28884584,5.595571,-0.58573246,-0.5401701
TGATCACAGGAAACTG-1_atac,-0.4554841,-0.45801592,-0.5524914,0.41878855,-0.47800148,-0.41767395,-0.3740027,-0.31518835,0.12588936,-0.39824063,-0.47845477,-0.34575608,-0.4490435,4.859881,-0.32875258,-0.35345322
TGATCACAGTAATCCA-1_atac,-0.38332844,-0.4694962,-0.48231548,0.25581804,-1.0340848,-0.22805068,-0.3608955,-0.3101978,0.2448024,-0.26728207,-0.3747493,-0.1992951,-0.34081638,4.6466813,-0.44065106,-0.25613874
TGATCCTGTGTAACCA-1_atac,-0.57665366,-0.22180058,-0.5667844,2.0406392,1.172659,-0.60706216,-0.4645903,-0.5688787,-0.11831492,-0.42895806,-0.5465596,-0.6198811,-0.41840047,3.045129,-0.55984795,-0.5606959
TGATCGAGTGGATGTC-1_atac,-0.63555205,-0.7112498,-0.59434223,1.0972264,0.16098946,-0.48277232,-0.61561406,-0.50769484,0.022392996,-0.5708796,-0.60249007,-0.6327112,-0.44396403,5.5313625,-0.50391495,-0.51078653
TGATGAACAAGGTACG-1_atac,-0.18594973,-0.77058166,-0.62316304,-1.0554591,4.874236,-0.35591418,-0.09720208,-0.22214714,0.74950457,-0.14260018,0.25437352,-0.32577163,-0.43763977,-1.4507115,0.09064593,-0.30161977
TGATGATGTATTGTGG-1_atac,-0.31864986,0.9990278,-0.4344645,-0.13961503,4.1559258,-0.1078795,-0.575427,-0.38359103,-0.1476078,-0.49450117,0.24150372,-0.62570494,-0.575816,-1.1300471,-0.049982257,-0.41317123
TGATGATGTCTTTGAC-1_atac,-0.45596135,-0.26986974,-0.65896094,0.9788599,4.751899,-0.38309842,-0.39693135,-0.48204738,-0.28108728,-0.40972996,-0.38344353,-0.46824616,-0.5046317,-0.13286157,-0.41444826,-0.48944086
TGATTAGTCAGCACGC-1_atac,-0.6838443,-0.48969078,-0.44439936,1.9780279,-0.12464872,-0.44354576,-0.6474059,-0.6400837,-1.0281991,-0.5951363,-0.56396085,-0.68885744,-0.370018,6.0034,-0.6511834,-0.61045384
TGATTAGTCTACCTGC-1_atac,-0.34359804,-0.23138082,-0.5158193,-0.29671872,-0.7773609,-0.29743144,-0.3447602,-0.3098826,0.16468824,-0.3262305,-0.38379678,-0.21139044,-0.39115044,4.8371997,-0.29888752,-0.27347997
TGATTCAAGGGATGAC-1_atac,-0.6394918,-0.0018904507,-0.49886084,2.082374,4.718315,-0.72282577,-0.67207944,-0.7185913,-0.078330815,-0.77382666,-0.72372603,-0.6462102,-0.7413023,0.66058445,-0.59882605,-0.64531237
TGCACTTGTTAGAGGG-1_atac,-0.4593128,-0.8109077,-0.5102689,-0.083911374,-0.62689465,-0.21366583,-0.33712798,-0.29483724,0.36377716,-0.2885282,-0.5145811,-0.39246607,-0.29543936,5.085363,-0.37261277,-0.24858613
TGCATCCTCTTTGTAC-1_atac,-0.5795226,2.929018,-0.60263026,0.13924935,0.27788118,-0.8144344,-0.59319127,-0.6248058,0.34659782,-0.5579339,-0.63761675,-0.43754044,-0.9386363,3.2654266,-0.54852223,-0.6233388
TGCCATTGTCCGTAGG-1_atac,-0.48765507,-0.45094892,-0.52009237,-0.054761365,-0.89981353,-0.45316973,-0.41831085,-0.338363,1.619204,-0.38033625,-0.55826163,-0.22375673,-0.6627135,4.632335,-0.4102526,-0.3931034
TGCCATTGTTGCATCT-1_atac,-0.9188031,3.9138465,-0.3269392,3.8269644,4.7072926,-0.37685063,-0.9937475,-0.9578252,-1.3341261,-0.9881778,-1.0524385,-1.0978892,-0.72518516,-1.7738537,-1.1142285,-0.7880391
TGCCGGTAGGATCCGC-1_atac,-0.49695075,-0.7627991,-0.51231825,1.015373,-0.43852067,-0.23070282,-0.42968804,-0.39936966,0.108503565,-0.33162612,-0.5527231,-0.5980904,-0.5483135,5.024554,-0.48271674,-0.36461142
TGCGGTTCATTATGGT-1_atac,-0.65576744,3.7077804,-0.8360138,-0.8857852,-0.12814389,-1.0886683,-0.629867,-0.76648283,1.3905405,-0.7671382,-0.79250133,-0.5462097,-1.0631615,4.353124,-0.4619552,-0.8297504
TGCTATGCAACTAGAA-1_atac,-0.49751115,-0.61926985,-0.56413674,0.7919536,-0.03338918,-0.45948863,-0.51292217,-0.45345324,-0.0695889,-0.5078958,-0.5885643,-0.55992776,-0.39881068,5.4940505,-0.52300245,-0.49804282
TGCTATGCATAGGCGA-1_atac,-0.39041603,-0.77055573,-0.6317825,-0.3351845,5.6470294,-0.4264152,-0.28622693,-0.3898865,0.34402674,-0.16729683,-0.35152316,-0.32789868,-0.41575468,-0.72348017,-0.3291747,-0.44546062
TGCTCAACAGCTCATA-1_atac,-0.60766435,0.72969157,-0.5089588,1.335801,4.9231863,0.14931077,-0.70897686,-0.5482657,-0.9371939,-0.4247911,-0.27224004,-0.6269896,-0.43038464,-1.0031803,-0.559208,-0.510136
TGCTCACTCCCTGGAA-1_atac,-0.56150496,-0.078666404,-0.50476366,0.7927189,-0.1705878,-0.4584056,-0.5214338,-0.49337667,0.4517116,-0.5614818,-0.6073568,-0.477219,-0.5141634,4.7595897,-0.52455723,-0.53050303
TGCTCACTCGCAGGCT-1_atac,-0.6707622,-1.0515873,-0.80673695,-0.24072108,5.6762595,-0.9398786,-0.6734618,-0.55743134,0.4120391,-0.6084732,-0.64233506,-0.5803641,-0.7085787,2.631194,-0.5190135,-0.7201495
TGCTCTCAGCAATAGG-1_atac,-0.8120495,3.9464447,-0.7550123,-0.18213233,0.95644295,-1.2044696,-0.92731106,-0.9568187,0.47187954,-1.0437196,-0.88954675,-0.8191196,-1.2671908,5.274986,-0.7216406,-1.0707417
TGCTTCATCGCTAGAT-1_atac,-0.7707171,3.8777957,-0.77740735,1.0008551,0.43841657,-1.1585109,-0.9434998,-0.91858625,-0.40224552,-0.99718046,-0.86023355,-0.8249317,-1.0586593,5.1522284,-0.7097557,-1.0475684
TGCTTTAGTGTTAAAC-1_atac,-0.58986217,0.6710078,-0.6648246,2.6963255,4.859576,-0.2836346,-0.6315334,-0.54196095,-0.73396635,-0.6211483,-0.6792119,-0.6345133,-0.61201423,-0.96810806,-0.7378111,-0.5283208
TGCTTTAGTTTCCGGC-1_atac,-0.4732393,-0.92695063,-0.46122187,-0.0017167479,-0.49985802,-0.1635209,-0.34017715,-0.30375734,0.17758907,-0.3012795,-0.5361644,-0.44110733,-0.3553697,5.2805104,-0.41743714,-0.23629934
TGGAACAAGTTCCTGC-1_atac,-0.841594,4.993142,-0.69616306,-0.7200068,0.23795623,-1.3203131,-0.9113157,-1.0068599,0.27989239,-0.92634237,-0.92178154,-0.76807094,-1.4329451,5.7001677,-0.6396483,-1.0261176
TGGACCGGTGTGCAAC-1_atac,-0.61538076,0.22408135,-0.8420987,2.8013377,0.3296849,-0.7763412,-0.77477527,-0.73361135,-0.29373255,-0.77863467,-0.6735592,-0.7015215,-0.733433,5.092992,-0.75026727,-0.7747402
TGGACGGAGTTACCGG-1_atac,-0.5452836,0.6622472,-0.73373616,2.23149,4.7421446,-0.26654398,-0.5283345,-0.5149263,-0.6025817,-0.5360573,-0.6053641,-0.6661544,-0.52712184,-1.0558963,-0.5848337,-0.46904826
TGGATTGGTAGACAAA-1_atac,-0.8864923,-1.1129115,1.5355862,5.6732187,-0.70667213,-0.94927347,-0.95412135,-0.92709804,-0.46612573,-0.888936,-0.92700344,-1.0814927,-0.9325147,4.473102,-0.93120146,-0.9180643
TGGCCATCACCATATG-1_atac,-0.7100477,4.9656267,-0.6228197,-0.5720201,-0.83533937,-1.1434829,-0.76439977,-0.84806913,-0.20954353,-0.8126978,-0.8185177,-0.5713957,-1.1631492,5.684984,-0.6507086,-0.9284197
TGGCCATCACCGGCTA-1_atac,-0.8469026,-1.0808554,0.5257826,5.498922,0.07415967,-0.93142307,-0.8950951,-0.8662157,-0.3691629,-0.88473463,-0.91533124,-0.9584379,-0.89535534,4.2666454,-0.7808553,-0.94114053
TGGCCATCATTGCGAC-1_atac,-0.7045743,0.38876414,-0.72919613,2.581663,5.1876016,-0.47589046,-0.7097043,-0.5961532,-0.6971496,-0.6650081,-0.6912565,-0.61961794,-0.5889951,-0.352269,-0.7664183,-0.5617959
TGGCCTGCAACAGGTG-1_atac,-0.77566993,3.3307765,-0.6367496,0.8012221,-0.20880613,-0.93999815,-0.84576905,-0.8089706,0.2711487,-0.86662936,-0.86131287,-0.70649767,-0.98536885,4.883685,-0.7042874,-0.94677246
TGGCCTTTCTTGAGGT-1_atac,-0.45309517,-0.8086698,-0.40216425,-0.3404286,-0.72809446,-0.31516188,-0.39628342,-0.3322703,0.7451136,-0.2877601,-0.47949788,-0.35082778,-0.33642295,5.0530496,-0.32948682,-0.23799971
TGGCTTTGTCACCTAT-1_atac,-0.2888226,0.19726314,-0.4366667,0.33371776,4.123379,-0.24266982,-0.437287,-0.3541557,-0.03125254,-0.45370808,0.2052076,-0.6365776,-0.5811963,-1.1412129,0.0417018,-0.2977201
TGGCTTTGTTTATGGG-1_atac,-0.8193501,-1.035827,1.2946296,5.3012667,-0.28043535,-0.8015705,-0.88953805,-0.77176034,-0.5823078,-0.92215014,-0.87966,-0.95299286,-0.7420797,3.7241528,-0.79135424,-0.8510227
TGGGCATGTCTTTGAC-1_atac,-0.26698363,-0.44224936,-0.62462324,-0.9068139,4.509017,-0.52185506,-0.26901066,-0.21793292,0.7869739,-0.25376052,0.051441103,-0.21021669,-0.5571305,-0.6304806,-0.0679651,-0.37840956
TGGTCAGTCGTTAGTA-1_atac,-0.48736417,-0.6917736,-0.53653884,0.21560106,-0.47914106,-0.34962726,-0.4159209,-0.35062763,0.12800239,-0.33071584,-0.54243445,-0.46937478,-0.34209114,5.4702067,-0.48007506,-0.33812577
TGGTCAGTCGTTTCTG-1_atac,-0.77631044,-0.56805134,1.1552637,4.7154574,0.24331091,-0.84765106,-0.7979555,-0.78760076,-0.64775616,-0.85928077,-0.84966475,-0.92283756,-0.80996567,3.4082184,-0.80457574,-0.8506001
TGGTCATAGCGGGCAA-1_atac,-0.50079083,-0.5072324,-0.5875991,0.21770172,-0.73585254,-0.24695076,-0.4615972,-0.38328308,0.72066796,-0.3002172,-0.51549464,-0.43540305,-0.5736167,5.1003594,-0.56163424,-0.22905733
TGGTGATTCCGTTATT-1_atac,-0.64718926,4.1250467,-0.8061029,-0.516115,-0.14456637,-1.0615371,-0.7257554,-0.81070024,0.97010034,-0.8295433,-0.794469,-0.6178052,-1.2371781,4.520245,-0.5414209,-0.88300925
TGGTGCATCGTCATTT-1_atac,-0.39092535,-0.40099233,-0.4499936,-0.002894625,-0.40179783,-0.23027226,-0.36243165,-0.3327806,0.05840957,-0.2865448,-0.42084396,-0.39962524,-0.21292052,4.730002,-0.54065055,-0.35573858
TGGTTAATCAAGCGCC-1_atac,-0.32538986,-0.79877293,-0.22833616,-0.12934044,-0.87320316,-0.09163964,-0.3046577,-0.23709065,-0.20742932,-0.19075555,-0.3084668,-0.23361364,-0.19656157,4.6992,-0.42203283,-0.15191013
TGGTTAATCAGCACCA-1_atac,-0.15442152,-0.60326326,-0.6798098,-0.14188126,4.3566203,-0.558313,-0.26507488,-0.2787629,0.63875675,-0.30011734,-0.19407624,-0.35842603,-0.48160276,-0.351357,-0.3317872,-0.29648393
TGGTTAATCCGGTTGA-1_atac,-0.5517139,-0.8540973,-0.7538793,-0.28635812,-0.4623636,-0.118612975,-0.4560818,-0.42764908,0.65604955,-0.37514615,-0.5714186,-0.53603905,-0.32775605,5.9389935,-0.54519093,-0.3287362
TGGTTAATCCGTCCAT-1_atac,-0.7130604,0.5502714,-0.33954152,2.0279691,3.3573992,-0.6333349,-0.6328231,-0.65747774,-0.33700392,-0.67517555,-0.6669029,-0.71731687,-0.8338567,1.6237602,-0.6181109,-0.7347956
TGGTTAATCCTAAGAC-1_atac,-0.8062304,-1.0536469,0.7203562,5.64679,-0.24605644,-0.76592064,-0.88177896,-0.824402,-0.78486013,-0.82086635,-0.89221454,-1.0297925,-0.8518343,4.1830373,-0.7475544,-0.845026
TGGTTCTGTTCCTGTG-1_atac,-0.4029802,-1.1320416,-0.8409825,-0.5875155,5.4518595,-0.68260664,-0.17363262,-0.34256005,0.8630636,-0.34878922,-0.2558608,-0.43748456,-0.5003692,0.18540943,-0.323927,-0.47158295
TGTAAAGCAGCTCATA-1_atac,-0.6517011,1.5585487,-0.6715501,2.8475132,4.5845494,-0.25578693,-0.73226684,-0.7058511,-0.73685926,-0.7572124,-0.8303712,-0.6756023,-0.6069263,-0.9693384,-0.79610354,-0.6010418
TGTAACTCACCAGGTT-1_atac,-0.7981394,4.816009,-0.716851,0.07730375,0.8287323,-1.3611861,-1.0091487,-1.088766,0.39136058,-1.118004,-1.0474862,-0.8995878,-1.4426819,5.2809105,-0.68085766,-1.2316074
TGTAAGCTCCAAGTGT-1_atac,-0.5917828,0.08710909,-0.55125237,2.0684662,3.489566,-0.64913666,-0.5225581,-0.60855365,-0.2600002,-0.6101191,-0.5978395,-0.6632409,-0.7753773,1.3132509,-0.5102465,-0.6182852
TGTAAGTGTCAAGTAT-1_atac,-0.44364828,-0.5096073,-0.46748888,0.34459135,-0.68052644,-0.16228601,-0.3980266,-0.3163894,-0.21452561,-0.32954368,-0.43644524,-0.37808913,-0.37856638,4.9868493,-0.357942,-0.2583559
TGTATCCGTTCACCCA-1_atac,-0.2988869,-0.6430846,-0.39071125,-0.43472594,-1.0387311,-0.36327243,-0.31180036,-0.21426287,0.34005725,-0.1877878,-0.3558579,-0.15574586,-0.3635826,4.959212,-0.36707014,-0.1737495
TGTATCGCAGTACCGT-1_atac,-0.82246685,-1.066623,0.89502424,5.731756,-0.83594453,-0.6206881,-0.83088243,-0.85189354,-0.8501086,-0.82354796,-0.77459884,-1.001187,-0.63784486,4.2374024,-0.97822547,-0.7701711
TGTCAATCATGTCAAT-1_atac,-0.49290264,0.03186228,-0.42867285,0.72127396,-0.49499232,-0.28777704,-0.47387898,-0.3576726,0.022559479,-0.46739143,-0.5554569,-0.46523738,-0.4130531,4.4936247,-0.32445326,-0.50783193
TGTCATAAGGTCATTA-1_atac,-0.6219901,0.9993666,-0.71120983,2.6086478,4.888756,-0.20770973,-0.63915557,-0.6222929,-0.77846307,-0.581928,-0.6620023,-0.7151228,-0.61011785,-1.1013185,-0.7395568,-0.5059028
TGTCATAAGGTCCACA-1_atac,-0.610889,-0.944339,-0.8626699,-0.34001917,5.201047,-0.8067645,-0.5004721,-0.4900974,0.30293867,-0.5221811,-0.5072708,-0.397197,-0.6891589,2.2979486,-0.49249202,-0.6383832
TGTCATAAGGTTTGCG-1_atac,-0.4139024,-1.0946968,-0.6992028,-0.7481234,5.1506047,-0.683619,-0.1838428,-0.2685815,0.67118275,-0.15748769,-0.13415274,-0.5245195,-0.58587754,0.35564297,-0.230722,-0.45270228
TGTCCTGGTTCGCGCT-1_atac,-0.9071331,-0.59464693,2.3958063,5.018094,-0.8426784,-0.5524816,-0.6481187,-1.043157,-0.82918596,-0.7080284,-0.6830655,-1.2613895,-0.46827894,2.6496534,-1.0522208,-0.47316915
TGTGCACCAATATACC-1_atac,-0.5666582,0.43648553,-0.63240665,-0.20559782,0.692819,-0.8815233,-0.5560674,-0.57293016,1.6786628,-0.58700716,-0.6793429,-0.50794977,-0.6517934,4.276305,-0.47312957,-0.7698664
TGTGCACCATTGTGTG-1_atac,-0.6971266,-0.3455004,-0.5031006,2.0464325,4.6022573,-0.49161887,-0.5646165,-0.6140712,-0.74385196,-0.5505665,-0.6093422,-0.59877646,-0.5967562,0.9764668,-0.695668,-0.61416084
TGTGCGCAGTAAGTGG-1_atac,-0.7754447,2.1932297,-0.34506455,2.203718,-0.013135292,-0.80759704,-0.79630667,-0.800387,-0.6293496,-0.80050576,-0.81606096,-0.78992313,-0.73652774,4.5770965,-0.798684,-0.86505723
TGTGCGGGTGATGAGG-1_atac,-0.48805073,-0.38628125,-0.64664173,0.86962664,4.956517,-0.4152275,-0.31164345,-0.45011547,0.23980398,-0.3779966,-0.32021296,-0.4201287,-0.5596628,-0.84270465,-0.405328,-0.44195375
TGTGGCCAGCGAGTAA-1_atac,-0.7918553,1.656705,-0.3688793,2.075573,1.9208683,-0.7658396,-0.76714617,-0.7579651,-0.37188557,-0.65587646,-0.82819027,-0.7770326,-0.9736406,2.9262514,-0.553877,-0.9672097
TGTTATGAGCTCAATA-1_atac,-0.60102683,2.462082,-0.3251118,0.28976953,-0.4370669,-0.77157235,-0.6755985,-0.61527455,-0.3109051,-0.6318792,-0.55283034,-0.5121574,-0.7468565,4.746084,-0.64107406,-0.6765821
TGTTCATTCCAAATCA-1_atac,-0.26903102,-0.8665897,-0.6722342,-0.29799563,4.9121084,-0.5151282,-0.2976674,-0.32348847,0.5890401,-0.36044088,-0.36420327,-0.13452429,-0.5793655,-0.27304375,-0.15403701,-0.3933989
TGTTGCACAGTTTACG-1_atac,-0.2137877,-0.0029535145,-0.6488957,-1.9961298,4.1306925,-0.5506065,-0.17419133,-0.26923743,1.2602359,-0.29976833,0.6943524,-0.2963592,-0.6539543,-0.9235424,0.3634988,-0.41935354
TGTTGCACATTATGGT-1_atac,-0.33376142,-0.46783078,-0.40372962,0.07585387,-0.9493336,-0.29277992,-0.3420719,-0.29922286,0.16993472,-0.28296632,-0.3943373,-0.21229988,-0.3463742,4.6019053,-0.3162559,-0.20673007
TGTTGGCCATCTTGAG-1_atac,-0.46906036,-0.94413155,-0.42133057,-0.10101467,-0.60825634,-0.2431275,-0.4206686,-0.33214602,0.35097638,-0.3113549,-0.54074925,-0.44160634,-0.39659148,5.530657,-0.39883018,-0.2527652
TGTTGTAAGTAACCAC-1_atac,-0.49759418,-0.90316755,-0.38778841,0.2889789,-0.42542768,-0.25429714,-0.41960073,-0.40838027,0.037624247,-0.33541375,-0.60240847,-0.6144352,-0.2640087,5.657134,-0.5136148,-0.35760075
TGTTGTGCATTGTGTG-1_atac,-0.4823912,-0.722818,-0.5605955,0.20630628,-0.34156013,-0.3151864,-0.42475447,-0.36025423,0.31144845,-0.34593484,-0.5566522,-0.5189762,-0.35993633,5.2939134,-0.4424356,-0.3801733
TGTTGTTTCATAACGC-1_atac,-0.52231663,2.5776522,-0.5385366,0.21984379,0.18346538,-0.9247629,-0.5359429,-0.46954364,0.59933615,-0.60922635,-0.6095504,-0.40834576,-1.073725,3.2261648,-0.48130697,-0.6332053
TGTTGTTTCATTTAGG-1_atac,-0.5923628,-0.43049425,-0.50008017,1.9176679,-0.05103889,-0.6032207,-0.44789213,-0.5402118,-0.24653652,-0.45700097,-0.56865454,-0.5470029,-0.45194352,4.411035,-0.37430233,-0.5179617
TGTTTGTTCTACCTGC-1_atac,-0.43838376,-0.040695734,-0.77403176,1.1143672,4.861522,-0.6450989,-0.42919165,-0.5043202,-0.19804168,-0.598653,-0.46735477,-0.42886925,-0.68584615,0.17954038,-0.4092399,-0.5357033
TTAAGCCAGCTATGAC-1_atac,-0.22349167,-0.9547751,-0.6417004,-1.388814,4.6687226,-0.44813988,-0.17155434,-0.09451212,0.9664953,-0.1327509,0.22784044,-0.20799442,-0.5192127,-0.79071665,0.04545701,-0.33485353
TTAAGGACACCAAAGG-1_atac,-0.7433306,4.5032425,-0.5444149,-0.579177,-0.28042653,-1.0876927,-0.76634836,-0.8425896,-0.29259413,-0.83924973,-0.8093436,-0.55458236,-1.120664,5.503255,-0.6562563,-0.8898275
TTAAGGACATTGACAT-1_atac,-0.78489906,-0.7156168,0.56408894,4.9278975,0.41224504,-0.7318331,-0.76934165,-0.71693,-0.3849038,-0.8577885,-0.90553635,-0.91689515,-0.8441475,3.3656545,-0.75228643,-0.88970804
TTAAGGTGTGCTAGCG-1_atac,-0.4324562,-0.9285381,-0.44260716,-0.02142109,-0.5863841,-0.17781253,-0.4244333,-0.29585594,0.1105902,-0.2540061,-0.48599273,-0.45552152,-0.25147492,5.3667855,-0.47588986,-0.24498256
TTAATCGAGCCGCTTT-1_atac,-0.45217738,0.17235947,-0.19195813,-0.28945425,-0.4293442,-0.14485139,-0.44484553,-0.19357684,-0.49626413,-0.39076057,-0.3867034,-0.24266851,-0.302376,4.564484,-0.5195797,-0.25228345
TTACACCGTTAACGGC-1_atac,-0.7069412,4.1975117,0.050185233,-0.8178761,-0.81307125,-1.1489899,-0.7171672,-0.787135,0.33092278,-0.80427223,-0.73241925,-0.48314238,-1.2955552,5.0714483,-0.4611383,-0.8823602
TTACAGCAGTGAGCAA-1_atac,-0.55989254,-0.8335291,-0.55611855,0.5027795,-0.49123102,-0.27909148,-0.52330333,-0.44260454,0.17463693,-0.4118222,-0.5966119,-0.5990063,-0.27017164,5.889383,-0.57669413,-0.4267223
TTACCGTGTTCACCAT-1_atac,-0.5749742,-0.96976835,-0.7060789,-0.31475484,5.158682,-0.7845098,-0.41434586,-0.49773014,0.15568104,-0.5454532,-0.47455907,-0.40183535,-0.7093975,2.17966,-0.43495902,-0.66565686
TTACCTGTCTTTAGGA-1_atac,-0.54144794,-0.63771105,-0.753791,0.4790474,4.9921727,-0.69529885,-0.41839147,-0.41472173,0.35748386,-0.5517092,-0.5869571,-0.4344163,-0.6236396,0.79686147,-0.4745258,-0.4929551
TTAGAAGCACTTAGGC-1_atac,-0.62913084,-0.8965118,-0.73001504,-0.23399338,5.387156,-0.7867198,-0.42724654,-0.58713174,0.2503431,-0.5452721,-0.5430068,-0.4938121,-0.5961008,2.0559924,-0.5575352,-0.6670153
TTAGCGGTCAGCACCA-1_atac,-0.6001078,-0.38707286,-0.009588733,1.6004717,-0.23828651,-0.47442472,-0.5807851,-0.57485145,0.10850572,-0.4757949,-0.56941825,-0.5425597,-0.46129227,4.535805,-0.71414965,-0.6164508
TTAGCTGCAAGCTTAT-1_atac,-0.6523681,-1.0488592,-0.9206744,0.037492417,5.389305,-0.85266477,-0.4665292,-0.57343775,0.024110723,-0.5200601,-0.5873894,-0.5449181,-0.70867133,2.5712237,-0.473854,-0.6727048
TTAGCTGCACCTCAGG-1_atac,-0.8298954,4.6548853,-0.38008976,-0.014348403,0.12540409,-1.2887824,-0.9235368,-1.0439788,0.20980789,-1.047422,-0.9996445,-0.8372966,-1.3448911,5.5026054,-0.713511,-1.0693057
TTAGCTGCATTGCGAC-1_atac,-0.40692672,-0.6942649,-0.75755256,-0.27013808,5.440717,-0.62842464,-0.25062433,-0.40317795,0.41663373,-0.36590672,-0.3704938,-0.3332633,-0.5135402,-0.18536294,-0.22724128,-0.45043287
TTAGGATGTAAGTCGC-1_atac,-0.53298426,0.72848904,-0.50712407,0.9851192,-0.14841488,-0.6356044,-0.47076258,-0.55255675,-0.23252487,-0.54086804,-0.502416,-0.5334134,-0.59500515,4.593914,-0.48237255,-0.5734755
TTAGGATGTCCGTAGG-1_atac,-0.5131694,-0.9162353,-0.5948177,0.8594131,-0.15305504,-0.37069544,-0.39989144,-0.3972326,0.2337864,-0.36750036,-0.5696252,-0.5522896,-0.44980925,5.0131245,-0.44825405,-0.37374878
TTAGGATGTTGCATCT-1_atac,-0.56309295,-0.8223592,-0.5176923,0.3395105,-0.37609935,-0.25447538,-0.49227563,-0.43584678,-0.22189584,-0.38494745,-0.6030717,-0.6087632,-0.20301217,6.119533,-0.56623137,-0.40928063
TTAGGCCCACTTACAG-1_atac,-0.5325556,-0.86986595,-0.49813038,0.41492367,-0.46168292,-0.28400403,-0.47146565,-0.38269663,0.24578932,-0.33692074,-0.55861855,-0.5377289,-0.28737962,5.3250313,-0.43290722,-0.33178777
TTAGGCGTCCTAATGA-1_atac,-0.8284877,-0.773007,1.2434416,5.031006,0.16120982,-0.7501686,-0.8519066,-0.7702481,-0.5279175,-0.94006747,-0.9196295,-0.9137735,-0.89770854,3.4538913,-0.8220399,-0.89459336
TTAGGCTAGCTATTGA-1_atac,-0.38635486,-1.1354785,-0.78733826,-1.0444405,4.836641,-0.7266784,-0.29269582,-0.30884552,0.55250174,-0.3100795,-0.25889412,-0.32158318,-0.61139756,1.4890227,-0.23247482,-0.46190447
TTAGTCAAGCCTCTCG-1_atac,-0.8887708,-0.5609623,0.8010647,4.5486026,1.1754117,-0.7227537,-0.8869364,-0.8317931,-0.5352227,-0.90315306,-0.9104881,-0.9769384,-0.936519,3.2954667,-0.72400045,-0.943007
TTATAGCCAGCTTACA-1_atac,-0.4962938,-1.0741684,-0.74197626,-0.98928094,4.323756,-0.6188979,-0.25948876,-0.2913405,0.5427656,-0.36047792,-0.26255584,-0.39419043,-0.57195246,2.029231,-0.30895025,-0.5261797
TTATAGCCAGGCGATA-1_atac,-0.51670194,-0.5997734,-0.5491375,0.20244431,-0.38287225,-0.33877534,-0.4567864,-0.4097488,0.30115974,-0.3561445,-0.5706682,-0.47541428,-0.43052495,5.3571134,-0.4037862,-0.37038392
TTATCCTAGGCATTAC-1_atac,-0.57433295,0.06376753,-0.6012998,1.1227217,-0.0008707419,-0.4523344,-0.5221828,-0.55217046,0.27641067,-0.54796463,-0.6389773,-0.5386111,-0.5532859,4.5182858,-0.46586955,-0.533286
TTATCCTAGGGATTAG-1_atac,-0.62382436,-0.71931857,-0.8561045,0.6124782,4.9225216,-0.80265874,-0.541037,-0.6507674,0.057027664,-0.5857731,-0.6528745,-0.5148569,-0.7067624,2.2880256,-0.6210183,-0.60505766
TTATGACCATTTAAGC-1_atac,-0.46786514,-0.85484993,-0.71258855,1.068369,4.1110053,-0.4754558,-0.45135078,-0.45102262,0.30613694,-0.492839,-0.4036719,-0.49775353,-0.5379269,0.7529386,-0.38056433,-0.5125618
TTATTGCTCAATCATG-1_atac,-0.69210106,1.4296856,-0.71154433,1.928285,0.45107818,-0.83081216,-0.81725377,-0.7412783,-0.35565585,-0.740984,-0.7171422,-0.7066816,-0.77456546,4.7325597,-0.7014592,-0.7521305
TTATTGCTCATTTAGG-1_atac,-0.6661718,4.201089,-0.8150079,-0.6536023,-0.43375745,-1.0498445,-0.6706508,-0.80892056,0.53725576,-0.7734193,-0.74558234,-0.57511765,-1.1782775,4.9650826,-0.53881526,-0.79426014
TTATTGCTCTGCAACG-1_atac,-0.5889116,0.44829243,-0.71216536,1.8468893,-0.01752454,-0.69531626,-0.6877098,-0.59433246,0.17251658,-0.65883887,-0.6512981,-0.6243708,-0.8048607,4.8039355,-0.598299,-0.63800645
TTCAACCGTTACGCAA-1_atac,-0.44438982,-0.5254486,-0.7158476,0.5810709,4.9878426,-0.4713886,-0.28938878,-0.40737247,0.4529297,-0.4448125,-0.39888453,-0.37031552,-0.59317297,-0.59415257,-0.31664047,-0.45002913
TTCAGCACAGGTTATT-1_atac,-0.46811104,-0.69307595,-0.43727702,0.5311709,-0.4565254,-0.17915182,-0.41326076,-0.34622967,-0.0063593835,-0.31588662,-0.5113878,-0.45707023,-0.33747345,4.79376,-0.3940482,-0.3090735
TTCAGGTAGCTGTCAG-1_atac,-0.58388,-1.0876863,-0.8496381,-0.29797396,4.773237,-0.7380232,-0.26914775,-0.4286074,0.6264383,-0.4760003,-0.46816552,-0.3312062,-0.60595995,1.7853608,-0.4368981,-0.61184996
TTCCACGGTTAAATGC-1_atac,-0.53639436,-0.7465056,-0.6110436,0.59719014,-0.20202208,-0.5284946,-0.49058393,-0.40752319,0.76438594,-0.4106967,-0.5748955,-0.505893,-0.45706263,5.032546,-0.4451463,-0.47786066
TTCCACGGTTGAGCCG-1_atac,-0.37877762,-1.0403574,-0.32847917,-0.49561232,-0.70914745,-0.045555845,-0.34049207,-0.27262425,0.05185157,-0.23139621,-0.40941775,-0.41131455,-0.12440951,5.3855705,-0.46516186,-0.18467613
TTCCCACAGCGCCTAA-1_atac,-0.5788959,-0.88569,-0.6062262,0.15935986,-0.45270503,-0.34882075,-0.5021165,-0.38443393,0.3988512,-0.3843962,-0.57919675,-0.57104445,-0.28967476,5.9265323,-0.53169394,-0.3698492
TTCCCACAGGCGAATA-1_atac,-0.8000455,0.6631091,-0.75509197,2.6539588,5.189909,-0.3695352,-0.84721714,-0.67979956,-0.3311867,-0.69432443,-0.8230252,-0.7645003,-0.6558973,-0.35066777,-0.7864585,-0.6492271
TTCCTTCTCAGGAAGC-1_atac,-0.45838153,-1.0638237,-0.78002,0.7543697,4.7285433,-0.65545815,-0.26042753,-0.35726082,0.38319683,-0.38594258,-0.44411415,-0.48380268,-0.588831,0.52298903,-0.3706962,-0.5403409
TTCCTTCTCATTGCGG-1_atac,-0.466954,-0.79450715,-0.3228191,-0.08802025,-0.4598754,-0.21903165,-0.43867958,-0.34671628,-0.22638406,-0.2760545,-0.515914,-0.55782604,-0.17348264,5.7007217,-0.5269957,-0.28746116
TTCGCAACAACAGCCT-1_atac,-0.5418998,-0.4035436,-0.529386,0.99170375,-0.052295282,-0.5261578,-0.40611565,-0.50288415,-0.08209069,-0.39688486,-0.50228274,-0.48858964,-0.3896501,4.667414,-0.32814103,-0.5091964
TTCGGTACACCGGTAT-1_atac,-1.0714192,5.0762677,0.61192155,4.9702587,0.3595059,-1.0825651,-1.0389438,-1.0185211,-0.6980869,-0.95811445,-1.27179,-1.1629431,-1.079958,0.5784812,-1.1687744,-1.0453196
TTCGGTACACGAACAG-1_atac,-0.32985756,-0.44942927,-0.5739196,0.06879072,4.8460765,-0.48988253,-0.31312746,-0.27119175,0.09940845,-0.25949237,-0.19235936,-0.27055657,-0.5095247,-0.7370863,-0.268699,-0.34914917
TTCGGTACAGCAACCT-1_atac,-0.4620753,-0.82140553,-0.5262798,0.23974103,-0.55313903,-0.33627695,-0.45479137,-0.3488527,0.7177321,-0.3424903,-0.49701494,-0.43216997,-0.39550346,5.001834,-0.46670485,-0.3226029
TTCGTGCTCCTGGTGA-1_atac,-0.7563633,-0.13891003,-0.7560717,1.8792809,1.129909,-0.7902112,-0.5431156,-0.687863,1.5333878,-0.67671394,-0.7543782,-0.5635618,-0.7145536,2.9235713,-0.382887,-0.7015197
TTCGTGCTCGCAATCG-1_atac,-0.7449224,-0.2883851,-0.60667294,2.062489,4.443236,-0.5276937,-0.6460752,-0.65294975,0.19847636,-0.6426262,-0.72665745,-0.5861712,-0.59706205,0.6553631,-0.6759551,-0.6643932
TTCGTTAGTGCACGCA-1_atac,-0.5517565,-0.851565,-0.5608067,0.56571543,-0.2369591,-0.25865468,-0.49919963,-0.4073367,-0.06533617,-0.4041795,-0.6147386,-0.5832273,-0.3353709,5.722593,-0.5343883,-0.3847889
TTGACATCAACGTGCT-1_atac,-0.5100867,1.0434346,-0.72303385,2.1865575,4.7435384,-0.1243325,-0.6999737,-0.63239074,-0.51327044,-0.5985732,-0.63645476,-0.6575737,-0.65542537,-1.174777,-0.6522915,-0.3953473
TTGACATCATAGCTGC-1_atac,-0.2838791,-0.09539801,-0.1139783,-0.064848244,-1.0120456,-0.117414385,-0.33601317,-0.19280252,-0.55306983,-0.2585604,-0.35010472,-0.13911566,-0.36212745,4.5255933,-0.421518,-0.22471806
TTGACGTAGCAACAAG-1_atac,-0.6077143,3.931181,-0.60340077,0.97033066,-0.6892486,-0.9619486,-0.7683518,-0.7363976,0.060478844,-0.73461735,-0.80516136,-0.6065066,-1.2131869,4.234344,-0.70618814,-0.7636126
TTGACGTAGGTTAGAG-1_atac,-0.8686313,-0.30068013,0.96696776,4.6843443,0.395184,-0.74388653,-0.7389788,-0.74482876,-0.3892191,-0.841247,-0.77346855,-0.91234505,-0.80575895,2.6250243,-0.73420876,-0.81826776
TTGACTAAGTAAAGGT-1_atac,-0.61678594,1.8186077,-0.68730485,2.1833224,4.720152,0.04553159,-0.70185393,-0.67327535,-0.87713885,-0.6894559,-0.6483411,-0.6987611,-0.59670573,-1.2696428,-0.6912415,-0.61710685
TTGACTAAGTTTAACG-1_atac,-0.5482396,-0.7859541,-0.53440624,0.53872937,-0.42439777,-0.25598305,-0.48269492,-0.42373526,-0.37615862,-0.37613586,-0.55552983,-0.5650449,-0.23852772,5.9739604,-0.56201744,-0.3838647
TTGATGTCAATTGAAG-1_atac,-0.5148511,-0.73497784,-0.50529015,0.52939594,-0.44649395,-0.27848285,-0.48068824,-0.38742265,0.11325427,-0.38384596,-0.5678035,-0.57326865,-0.31290942,5.3225756,-0.45142862,-0.32776237
TTGCAAGGTGGGAACA-1_atac,-0.6443185,1.552304,-0.61543155,2.566839,4.4767323,0.010253042,-0.682782,-0.60839593,-0.5561851,-0.72241175,-0.7201245,-0.68907547,-0.64458656,-1.425766,-0.8037233,-0.49332786
TTGCAAGGTTAAGTGT-1_atac,-0.57655907,-0.47077343,-0.5723809,1.5222439,-0.10104893,-0.5325428,-0.45795372,-0.48678258,0.008070514,-0.48972508,-0.5816784,-0.5830051,-0.39083555,4.771059,-0.48905548,-0.5690322
TTGCAAGGTTGGCCGA-1_atac,-0.58162117,-0.8292981,-0.4555263,0.53760624,-0.3969355,-0.1966277,-0.52892745,-0.45590907,-0.18205062,-0.37105817,-0.5847042,-0.60050887,-0.285912,5.937937,-0.57769054,-0.4287731
TTGCAATCAGACAAAC-1_atac,-0.5025451,-0.799151,-0.5113217,0.3724839,-0.56009394,-0.34236258,-0.42143393,-0.39828563,0.38955885,-0.3330372,-0.57347345,-0.48018563,-0.30399752,5.27653,-0.41625112,-0.3964339
TTGCAATCATGGCCTG-1_atac,-0.31370178,-0.7260045,-0.23204091,-0.45182618,-1.2721744,-0.0046544075,-0.35321006,-0.23402068,0.22623873,-0.17999741,-0.33217177,-0.23069656,-0.17098787,4.7549043,-0.33502862,-0.14462781
TTGCAGCCAATTAACC-1_atac,-0.677763,3.193451,-0.34964865,3.091216,4.4762263,-0.2559222,-0.94174725,-0.9500554,-1.0108503,-0.77278596,-0.70940864,-0.799516,-0.57874256,-1.7967693,-1.2048422,-0.712842
TTGCAGCCAGCTTAAT-1_atac,-0.44178072,-0.42950734,-0.13358487,0.112874225,-0.89435565,0.09088087,-0.547516,-0.39967772,-0.39795133,-0.40071177,-0.4915054,-0.5340251,-0.172122,5.5970435,-0.70816123,-0.24989924
TTGCATTTCGCCTGTT-1_atac,-0.875454,-1.0418,1.2324307,5.518124,-0.332316,-0.73700213,-0.8642387,-0.8428605,-0.8891972,-0.92173535,-0.84761333,-1.0128775,-0.7619533,4.0873184,-0.8347823,-0.8760429
TTGCGAGTCCCTGTTA-1_atac,-0.23545164,-0.97103894,-0.57537854,-0.43046865,5.184761,-0.43731505,-0.20666605,-0.2873582,0.2702617,-0.23177195,-0.0041100383,-0.36478278,-0.4521971,-0.8615818,-0.109304294,-0.2875973
TTGCGTCTCCGTAAAC-1_atac,-0.612128,-0.5318525,-0.6509961,1.8543113,-0.3637589,-0.4543018,-0.53189766,-0.5439682,-0.18588421,-0.5349822,-0.56142926,-0.60985553,-0.45497307,5.2808094,-0.52215016,-0.57694316
TTGCTCTCATTAAAGG-1_atac,-0.64934933,0.012151808,-0.73130405,0.8860235,0.09561378,-0.6036129,-0.5805204,-0.6029917,0.84368885,-0.69513786,-0.60307586,-0.5672815,-0.871662,5.24627,-0.548537,-0.6302757
TTGCTTAGTCCTTTAA-1_atac,-0.6858486,-1.0009198,-0.7317549,-0.53691757,4.590484,-0.8881414,-0.7897387,-0.6686135,0.17727938,-0.50549394,-0.62169266,-0.41329458,-0.7422376,4.241914,-0.5636597,-0.861364
TTGCTTTAGCTGTACG-1_atac,-0.8397142,4.976579,-0.55902636,-0.22042869,-0.11322981,-1.301471,-0.93562037,-0.99500495,0.2333627,-1.0299475,-0.9655275,-0.79707897,-1.3062603,5.676995,-0.737614,-1.0860128
TTGGATATCAGGTTTA-1_atac,-0.5914549,-1.046077,-0.76902723,0.64960754,5.0192327,-0.7889257,-0.39664632,-0.4467348,0.14715984,-0.51451784,-0.5385255,-0.33736467,-0.6986236,1.2928689,-0.45436478,-0.52660686
TTGGATCAGCGATAAG-1_atac,-0.79844177,4.949251,-0.8382267,-0.36571068,0.8219682,-1.3195237,-0.97792196,-1.035554,0.14822519,-1.0395718,-0.97694016,-0.85662645,-1.3694669,5.5402355,-0.6979822,-1.1837145
TTGGCTTGTGTCCAGG-1_atac,-0.50974137,-0.06864861,-0.30611753,0.73313636,-0.3757475,-0.3827383,-0.5062534,-0.43720204,0.15168221,-0.5338598,-0.57091165,-0.4999981,-0.52992487,4.7815943,-0.49563634,-0.4496336
TTGGCTTGTGTGTGGT-1_atac,-0.96079504,3.9279113,-0.47421083,2.9931812,4.4774585,-0.1195344,-0.93582475,-0.85123205,-1.1669204,-0.9417025,-0.9736904,-0.9383216,-0.8125839,-1.4309642,-0.9757807,-0.8169904
TTGGGCCAGTAACGAG-1_atac,-0.34760132,-0.6960927,-0.31948137,0.486033,-0.8700887,-0.088867605,-0.3567138,-0.27970558,-0.2081866,-0.3325141,-0.40423962,-0.3544291,-0.26088616,4.7080107,-0.46190503,-0.21333203
TTGGGCGGTCCGTGAG-1_atac,-0.5954904,-0.909135,-0.7689984,0.50839615,5.250365,-0.7555231,-0.44251657,-0.5622807,0.21559581,-0.5599601,-0.55219525,-0.48599303,-0.6285358,1.3882344,-0.50235724,-0.5996058
TTGGGCGGTCTCAGCC-1_atac,-0.5708308,-1.0549651,-0.72807527,-0.605729,5.237409,-0.85598946,-0.46153915,-0.48029128,0.33705825,-0.50468516,-0.49897155,-0.3552517,-0.6073698,2.224703,-0.46268347,-0.61278856
TTGGTGAGTCAAACTG-1_atac,-0.56065154,-0.50514716,-0.6236946,2.1267366,-0.15550171,-0.60310715,-0.4871254,-0.58436424,0.0670846,-0.39734584,-0.5253275,-0.61319834,-0.44766325,4.3860655,-0.47779,-0.59897035
TTGTCAAAGCGATAGA-1_atac,-0.807704,3.6906488,-0.5169164,3.4152012,4.534901,-0.10112296,-0.91875875,-0.9034134,-1.1326244,-0.8751217,-0.85477257,-0.9939877,-0.7254131,-1.8676767,-1.1508493,-0.79238975
TTGTCAAAGTTGGATC-1_atac,-0.46191585,-0.5929786,-0.6432735,-0.037833273,-0.62874174,-0.15658143,-0.35372704,-0.31457177,0.3712693,-0.29021868,-0.51851225,-0.43349284,-0.3800304,5.0990276,-0.38188988,-0.2765297
TTGTCAAAGTTTGGTA-1_atac,-0.8384212,4.8961554,-0.5098306,-0.2098123,-0.082475424,-1.2235744,-0.9219217,-0.9845274,-0.15078367,-1.0389211,-0.92834395,-0.79025006,-1.2446928,5.801541,-0.7270647,-1.0470771
TTGTCCGGTTAGGCTA-1_atac,-0.62984675,0.96468174,-0.17639968,2.3197591,4.7692037,-0.39901102,-0.5687772,-0.63941693,-0.7132603,-0.5441366,-0.579571,-0.64665973,-0.60561705,-1.3619179,-0.6529697,-0.5360606
TTGTGCCTCATGGTGT-1_atac,-0.7381154,4.6510925,-0.70674866,-0.44323665,-0.23578916,-1.1450955,-0.82372355,-0.8948095,-0.21684517,-0.9005663,-0.7710617,-0.658045,-1.0750626,5.528144,-0.6635527,-0.90658456
TTGTGTGCAGCATGGA-1_atac,-0.62757444,-0.51272213,-0.7744452,2.1548336,5.0925226,-0.57538915,-0.4723679,-0.5209851,-0.062001973,-0.60647714,-0.61475503,-0.4766511,-0.5864713,-0.38727745,-0.5404942,-0.48974398
TTGTTCCCAGGCTTCG-1_atac,-0.7548928,2.8235912,-0.35992923,0.93590593,1.060413,-1.0303144,-0.90391004,-0.8874377,-0.46311983,-0.89945185,-0.763551,-0.8778907,-0.89734304,4.8244553,-0.937767,-0.8687581
TTGTTGCGTGTGCAAC-1_atac,-0.6418499,-0.6279392,-0.69146085,0.5165342,-0.31150717,-0.52299726,-0.5732372,-0.53556746,1.0867386,-0.46388727,-0.6988091,-0.6064157,-0.4897703,5.6369705,-0.5512065,-0.5255954
TTTACGAAGACAACAG-1_atac,-0.50157255,-0.81436884,-0.5638916,0.22130433,-0.4403442,-0.25570604,-0.46257567,-0.39013404,0.40567955,-0.3361201,-0.5661919,-0.494155,-0.37574065,5.258234,-0.34681177,-0.33760533
TTTACGAAGCAGGTTT-1_atac,-0.8322329,-0.79817563,0.48909798,5.5513396,-0.12509556,-0.93411,-0.89474684,-0.82867503,-0.62999743,-0.82407975,-0.92068356,-1.0171926,-0.81936824,4.3227057,-0.7835084,-0.95527786
TTTAGCAAGGTAGCTT-1_atac,-0.5300698,-0.78366077,-0.5826889,0.48223966,-0.28432354,-0.34075418,-0.48781964,-0.4466851,0.78989494,-0.42191052,-0.60578156,-0.5252049,-0.396404,4.9733596,-0.43838137,-0.40180957
TTTAGGATCGAAGCGG-1_atac,-0.51046526,0.15280569,-0.8364273,1.5021966,4.6244645,-0.4944597,-0.4737664,-0.7290188,-0.012025833,-0.5911002,-0.5213225,-0.51897913,-0.6490688,0.21806687,-0.64038616,-0.5205136
TTTATGGAGTTGTCCC-1_atac,-0.3227779,-0.9728239,-0.49186364,-0.11370864,5.1851506,-0.38959447,-0.29201266,-0.32521358,0.34398684,-0.31381512,-0.20358318,-0.30093557,-0.45499328,-0.7682101,-0.24952191,-0.33008376
TTTCACCCAGTAGGTG-1_atac,-0.62098956,1.0875919,-0.48472342,2.3440232,4.4251075,-0.4566942,-0.6789521,-0.5201703,-0.24654353,-0.46632695,-0.43124413,-0.6454489,-0.66263664,-1.2059267,-0.7449467,-0.69211996
TTTCATCAGCCTGGTA-1_atac,-0.74090225,4.215353,-0.7721542,-0.0461286,-0.3029154,-0.9502272,-0.787926,-0.79796344,0.27000484,-0.823395,-0.8389204,-0.6279737,-1.1652349,4.9128284,-0.6685189,-0.8759265
TTTCCACCACATAACT-1_atac,-0.59993446,-0.03243485,-0.47570613,2.1413684,-0.5149869,-0.45534787,-0.6654508,-0.53335404,0.029973842,-0.5957397,-0.6885768,-0.5261929,-0.5499612,4.462439,-0.42687488,-0.56922066
TTTCCGGGTTTAGTCC-1_atac,-0.7014255,-0.60250103,-0.754716,2.4782066,4.862177,-0.6575571,-0.58187973,-0.68940204,-0.37862685,-0.65711784,-0.74210805,-0.74506605,-0.67578095,1.1715926,-0.6593557,-0.6664395
TTTCCTGAGTTGTCCC-1_atac,-0.5605969,0.10678782,-0.7660927,1.4536861,5.250323,-0.5400473,-0.7030026,-0.4776284,-0.27453828,-0.5554021,-0.6555106,-0.46468526,-0.5444333,0.046564206,-0.763589,-0.55183464
TTTCGTCCAAGACTCC-1_atac,-0.7009959,-0.821027,-0.77483904,0.8202519,5.4153566,-0.74043906,-0.6405828,-0.7253166,-0.19707428,-0.6335914,-0.6303201,-0.6275986,-0.6691865,2.3108225,-0.6724983,-0.71296084
TTTCGTCCAGAGGGAG-1_atac,-0.5222129,-0.754494,-0.67040944,-0.14012977,-0.45743275,-0.48530823,-0.42940986,-0.35199198,1.3030243,-0.28956515,-0.5455113,-0.3855563,-0.4680645,4.9861436,-0.40506056,-0.38402146
TTTCTCACATTCCTGT-1_atac,-0.40352798,-0.30301833,-0.35592192,0.13612646,-0.55328697,-0.3485707,-0.43406612,-0.33931255,0.61016387,-0.41340446,-0.3626815,-0.2609138,-0.52231264,4.3498974,-0.47583336,-0.32333726
TTTCTTGCAGCACGTT-1_atac,-0.515761,1.3548069,-0.6659443,0.96430975,4.42354,-0.43472546,-0.45591402,-0.4158436,0.0066570453,-0.57831174,-0.48226088,-0.46388364,-0.6196839,-1.0105157,-0.58640647,-0.520063
TTTGACCGTAGTAAGA-1_atac,-0.22291823,-1.0225263,-0.5587062,-0.8484073,4.6422386,-0.45682436,-0.17351744,-0.17878798,0.8643273,-0.19387011,0.22682174,-0.24693058,-0.48002476,-0.97265977,-0.037221193,-0.34099376
TTTGCATTCTAAGGTC-1_atac,-0.66068244,-0.5083287,-0.5328404,1.086262,-0.11711517,-0.40860504,-0.58731216,-0.57646036,-0.5320194,-0.5471524,-0.61716205,-0.63503474,-0.26017544,5.9021115,-0.530561,-0.4749241
TTTGCGGAGCAGGTTT-1_atac,-0.8319341,5.0305967,-0.63925636,-0.08047669,0.15317157,-1.3216317,-0.94507325,-0.97680044,0.21103516,-1.0185547,-0.95227623,-0.83928937,-1.4474038,5.5087676,-0.7183069,-1.1325673
TTTGGCTGTTTACGTC-1_atac,-0.6330485,-0.64922404,-0.60553044,1.3825287,-0.21567668,-0.40977633,-0.63336027,-0.5170924,-0.15017147,-0.5195509,-0.6138181,-0.6548972,-0.37239116,5.7447534,-0.6107822,-0.5419623
TTTGTGGCATTAGCCA-1_atac,-0.5486968,-0.7339935,-0.45719415,0.42281273,-0.3089066,-0.2983746,-0.55162895,-0.49184924,-0.46269608,-0.3915162,-0.55646706,-0.6768466,-0.16130817,6.3357716,-0.7638203,-0.35528612
TTTGTGTTCCGCCTAT-1_atac,-0.57197285,-0.004688695,-0.49956143,0.9011197,-0.21019815,-0.5712803,-0.5187572,-0.42647213,0.32882786,-0.50319034,-0.6140594,-0.4870051,-0.5456291,4.7581725,-0.46448922,-0.5708165
TTTGTGTTCCGTGACA-1_atac,-0.8041666,5.2472796,-0.7677864,-0.56616247,0.3093852,-1.272423,-0.9483551,-0.9980284,0.2823314,-1.0186851,-0.95068705,-0.8255195,-1.3606213,5.508936,-0.70899475,-1.1265018
TTTGTTGGTAGGTTTG-1_atac,-0.8379356,-0.5031944,1.0217898,4.7525997,-0.26509747,-0.7354796,-0.8468562,-0.8259355,0.5063041,-0.8997186,-0.93258184,-0.9036871,-0.9227037,3.1607752,-0.8962605,-0.8720182
