,0,1,2,3,4,5,6,7,8,9,10,11,12,13,14,15
AAACAGCCAAATATCC-1,1.1317444,0.08946502,-0.9939538,-0.8111644,-0.6687547,0.45511174,-1.2499814,2.7103052,-0.2507779,-0.72585005,-0.10717889,0.9326089,-0.3919919,-0.011089206,0.6530509,0.9019068
AAACAGCCAGGAACTG-1,-0.6310902,-0.073780335,1.3611581,-1.0436425,1.2189887,1.1993052,-0.47147954,-0.4580309,0.69076455,2.00427,-0.4301116,-0.9323714,0.74073684,0.6760441,-0.4664049,0.23621368
AAACCAACAGATTCAT-1,1.1498847,-0.27014482,-1.0938787,-0.16608056,-0.80799055,0.08726981,-1.3270448,2.0450246,0.049005784,-0.7452087,-0.07295866,1.3678304,0.3159466,-0.051091984,1.3685,1.038783
AAACCAACAGTTGCGT-1,-0.071549624,0.28478035,-1.0556943,1.6498764,-0.14861096,-0.93838906,1.6541717,-1.5398016,-1.0387148,-0.36326748,-0.17698851,0.097468734,0.10701561,-0.5362115,-0.61115164,-0.46445137
AAACCAACATAGACCC-1,0.06864229,-0.3964039,-0.21895275,-0.29400152,0.7209313,2.3430738,-0.534528,0.039987594,-0.28994524,-0.3748951,-0.38753414,-0.85155904,-1.6725135,-0.7175085,-1.3439338,0.21518481
AAACCGCGTGAGGTAG-1,-0.9892962,-0.8402003,2.2488296,-1.7856568,-0.5826686,-1.3952196,-2.0454273,-0.8907155,0.8079648,0.21292919,1.558563,1.1218314,1.0075493,0.58364034,0.9131614,-1.2284465
AAACGTACAAATACCT-1,1.0004685,-0.18372321,-0.6254628,0.7574709,-0.59506303,0.42277074,0.11982591,2.2568095,0.6919795,-1.6521518,-0.3252716,1.4486105,-0.3649304,-0.2528307,1.3363025,0.24853992
AAAGGACGTCATCCTG-1,0.9545009,-0.16224554,0.9421061,-0.89990544,1.5416102,1.53802,-0.6045741,-0.78477013,0.5481174,0.4687887,-0.7392241,-0.91652405,-0.0064551663,0.45957506,-0.58694255,-1.2014638
AAAGGCTCACCGTTCC-1,-0.69707626,-0.17409484,-0.82589996,1.3605924,-1.2745471,-0.020965619,1.2315117,-0.57144636,-1.5929506,-0.41038907,0.7432065,0.116143435,-0.46591246,-0.7850405,-2.083942,-0.020540152
AAATCCGGTTAGCGTA-1,0.69094557,-0.4030878,-1.4903145,0.083889104,-1.2190098,0.20412323,-1.6181157,1.8785617,0.22583666,-0.081370205,0.019160766,1.0177866,0.82860005,-0.1329365,1.3919597,1.5996256
AAATGCCTCCAGGAAA-1,0.48268884,-0.7044289,0.59389293,-0.89197564,1.0599307,2.2542717,0.4599148,0.35102624,-0.21015818,-1.0155379,-0.33408985,-0.4514147,-1.1980054,0.20577532,-0.74972737,0.8761203
AAATGCCTCGCTAAAC-1,-0.6876055,-0.33454868,0.34344056,-0.59107405,1.3141849,1.8029685,-0.62104183,-0.38702995,0.34866825,1.1393507,-0.6409207,-1.2006452,-0.2115013,-0.17522681,-0.89822006,0.43922362
AACAGGATCACTAGGT-1,1.4829991,0.80201674,-0.07775889,1.407119,0.7663084,-0.56600535,1.8576398,-0.09224604,0.99860525,-1.2430981,-1.114248,0.933903,0.35560405,0.14730144,1.3346605,-1.8517249
AACAGGATCATCACTT-1,0.11010281,-0.5782005,-0.27788314,-0.34042686,0.88934624,2.390315,-0.07557693,-0.0134801455,-0.37349162,-0.3396508,-0.4423104,-1.0111377,-1.6440132,-0.5094206,-0.92016244,1.0159
AACAGGATCTACCTGC-1,0.71114606,-0.12328829,-1.1961228,-0.48390517,-0.9968224,0.64497745,-1.4039242,2.4920254,0.35381812,-1.0047367,-0.107299946,0.84917784,-0.35901344,-0.35576427,0.8103031,0.60259104
AACCCGCAGTAACAGG-1,-0.6213537,-0.040673357,0.3518562,-0.9463886,-1.1334498,1.460069,0.80321664,2.1469495,-0.621223,0.6457371,0.5005905,-0.5826006,-0.5010054,-0.3592193,-1.2413945,1.7919769
AACCTCCTCCCTCACG-1,0.2990263,-0.31991223,1.5234966,-0.7886934,1.742291,1.6825283,0.2945947,-0.31761783,-0.11697928,0.9102304,-0.045998584,-0.115604244,-0.026099827,0.6856216,-0.8626468,0.6288676
AACGACAAGGACCGCT-1,0.027331393,0.03641209,1.6623911,-1.2255043,1.0050993,1.2840246,0.4066949,-0.49104965,1.2568908,-0.08255854,-0.98053217,-1.4239384,0.06328067,0.34769446,-0.6302598,-1.1983004
AACTAGTGTGTTGCTT-1,-0.7656133,-0.2641668,-0.880018,1.2694612,-1.4115934,-1.3485588,0.27640626,-1.95466,-0.91126394,0.99396044,0.24161974,0.15578553,0.9291067,-0.42238832,-0.28109747,0.19492663
AACTCACAGCACTAAC-1,0.050900675,0.07500164,0.70897764,-0.93356204,0.35322642,1.554062,0.73325914,0.74024105,-0.77527386,2.0957613,0.4141051,0.0062251166,0.5693351,0.49960345,-0.2289865,2.463211
AACTGTTCAGCGCTTG-1,-1.6279166,-1.2322395,1.7854395,-1.5338105,-1.3211892,-0.574062,-0.7632173,-0.34670597,1.5812266,-0.38451517,1.6391697,0.6216657,0.41437256,0.10807545,-0.112266354,-0.3000713
AACTTAGTCGCGCTAA-1,-0.8448021,-0.8590037,-1.1764445,1.8165133,-2.260439,0.44892478,0.9187225,0.53322923,0.1623449,-0.52459913,-0.008122012,0.42850608,0.37222677,-0.4789294,-0.36034107,0.3933847
AAGACCAAGTTGTCTT-1,-0.40333247,-0.2172328,-0.23407868,-0.3861931,0.65202665,2.2478476,-0.3306573,-0.13205807,0.46982074,0.5150519,-0.6263235,-1.402128,-0.5685518,-0.5811658,-0.961834,0.18351102
AAGCAAGTCATTGCAA-1,-0.07001444,0.5367272,-0.42241037,0.99658537,-0.23222771,-0.16197217,1.6993849,0.4302963,-1.9564058,-0.58813065,0.81008935,0.15304002,-0.9765339,-0.6975876,-2.040433,-0.018949337
AAGCCTTAGGAATAAC-1,-0.2611681,-0.13892704,1.168575,-1.1719062,0.001824066,1.5475032,0.8347175,0.72994924,0.24242234,1.6596906,0.087551765,-0.8698695,0.09367699,0.45991263,-0.90951645,1.7803154
AAGCCTTAGGCTAAGA-1,0.44830424,-0.29141426,-0.043338403,-0.07307498,3.3253496,-0.3402574,-1.0717307,-2.0594559,-0.2624997,-0.053592715,-1.6964393,-0.74541646,-0.03431025,0.7164811,0.9967414,-0.16571875
AAGCGAGGTATCTGGA-1,-1.7513264,-1.0994084,1.1456819,-1.5655951,-1.839046,0.008300846,-0.62391424,0.66370595,1.3474157,0.2632264,1.4330082,0.3225708,0.47433242,-0.0315852,-0.24743655,0.7110424
AAGCGAGGTTACCGGG-1,-1.327577,-1.3561519,1.7679121,-1.7466732,-1.1655109,-0.12449525,-1.1577034,0.107346565,1.5731604,-0.7091663,1.5631053,0.66043067,0.113509,0.01163977,0.13867334,-0.48672467
AAGCGAGGTTGCACGG-1,0.11839735,-0.21248642,-0.20079756,-0.012624331,2.8560305,1.0566591,-1.09511,-1.6403885,-0.620988,0.78228366,-0.95962465,-0.71765864,-0.50889015,0.121294975,0.06164571,0.53515583
AAGCGCTGTATTGCAG-1,-0.3683552,-0.2744897,-1.4117818,1.9641109,-1.2686443,-0.5101949,1.2584163,-0.2471816,0.29896283,-0.25268704,-0.5639899,0.13872735,0.5756488,-0.93890744,0.65812564,-0.23225737
AAGCGTTTCGCACACA-1,-1.5649612,0.8319999,0.2192112,-0.8926755,0.61956346,0.34162074,-1.6969624,0.5572554,0.9804074,2.641531,-0.6019635,-1.3202329,1.4237039,0.7837438,0.34956867,-0.016649399
AAGCTATGTTACTTGC-1,-0.56961465,-0.06407352,-1.8164189,1.9487703,-1.2098012,-0.3407326,0.5656424,0.032240547,0.57030153,0.20750463,-0.85263133,0.027590819,1.1912205,-0.8290289,1.3239992,0.24003217
AAGGATGTCTCATCAT-1,-0.064214736,0.14332575,-0.5222888,1.3729544,-0.7122954,0.619218,1.8083031,0.40822095,-0.63791335,-1.7931983,0.28289434,0.20932335,-0.9462007,-0.84958434,-1.5511293,-1.0136933
AAGGTATAGTAGCGGG-1,1.5487206,-0.122265026,-0.5384332,0.8078269,-1.0765266,-1.5605781,-0.6547304,0.32715815,0.92978907,0.17614537,-0.47668704,1.4358373,1.534668,0.49798518,2.057742,-0.12237719
AAGGTCAAGAATGACG-1,-0.08728838,0.34131625,-0.5254638,1.4413188,-0.023573268,-0.67525315,2.065615,-0.83551544,-1.3647101,-1.0080467,0.34719962,0.038572013,-0.42479438,-0.6989774,-1.4916548,-0.3660742
AAGGTCAAGCACAGAA-1,1.7082982,0.94361,0.9223825,0.6431247,0.5136236,-2.0080323,0.45452952,-1.412726,0.51851606,-1.04969,0.51235884,1.2211053,-0.5755366,0.63229835,0.06520734,-2.0736809
AAGTAGCCACGGTTTA-1,-0.54924476,-0.12538981,1.0905099,-1.0328873,0.8421098,1.4811735,-0.1050303,0.30292383,1.3098063,0.83110833,-1.0253469,-1.594286,0.29746112,0.6220091,-0.7076213,-0.24776648
AAGTAGCCAGTTTGGC-1,0.00570656,0.09845193,-1.3873854,2.0388827,-0.48615393,-0.48623058,1.7490573,-0.6063595,0.36135456,-0.33999795,-1.1584442,0.1149455,0.73496044,-0.7385939,0.86036557,-0.6105695
AAGTGTTGTTTCGCCA-1,0.061064653,0.0042239577,-1.0242975,2.1275864,-0.8112539,0.32287562,1.9424143,0.8542883,0.45511514,-1.0074688,-0.6455989,0.31033272,0.34493107,-0.7385955,0.7994032,-0.39148003
AAGTTTGTCAAGGACA-1,0.23427743,0.27667862,-1.5371721,1.8231814,-0.67549926,-0.54853135,0.6809453,-0.48322168,0.9776871,-0.039190196,-0.9458963,-0.06362684,0.62541497,-0.92350054,1.5927191,-0.9555408
AAGTTTGTCTAAGTGC-1,1.6356956,-0.29156554,-1.2298471,0.4207695,-0.7340138,0.14722699,-1.1094558,1.7948017,0.599107,-1.0648006,-0.44201076,1.6273084,0.45337412,0.10614806,1.8813794,0.4805842
AATAGAGGTATTCGTC-1,-0.17953259,0.27062604,-1.0594395,1.7158303,-0.1922376,-0.7631718,1.6538521,-1.2131091,-0.4987034,-0.32872823,-0.2959554,-0.005890146,0.28449312,-0.7589108,-0.35703933,-0.6425779
AATCCCTGTTAGCCAA-1,0.9865606,0.39549702,0.6450603,0.575253,-1.1448435,-2.7808123,-0.02730647,-1.6747954,-0.4980178,0.6335083,0.5848346,0.94100124,0.2982584,0.85524476,-0.14383256,-0.54043955
AATCCTAAGCGGGCAA-1,-0.07783757,-0.7862066,0.2808361,-0.34134585,1.2149119,2.0238776,-0.38922805,-0.6153399,0.34208322,-0.99217856,-0.75388557,-0.9817966,-1.1982472,-0.30469447,-1.2966132,0.06211218
AATCCTAAGTTGGATC-1,-0.20130739,-0.2072697,-0.7052207,1.4101726,-0.909871,0.3727088,1.9682432,0.6037682,-0.42873198,-1.8037028,0.32854995,0.2935169,-0.80626786,-0.90560925,-0.93176186,-0.6143728
AATCGCCCACAGCCAT-1,0.16191672,0.5319232,0.45647073,0.39267445,-0.6205505,-2.0555723,0.56192726,-1.8858268,-0.9848697,0.10259883,1.0886595,0.45428973,-0.4274679,-0.0026289504,-1.2523583,-0.7530376
AATCTCAAGCACTAGT-1,-0.23341027,0.26819614,1.071392,-1.0136452,1.1422223,0.6344886,0.024487678,-0.20974758,-0.86120963,2.9370546,0.35717598,0.35095719,1.1750829,1.0858246,0.13281621,2.4187155
AATGCAACACACTAAT-1,0.2838809,0.46247572,-0.64198065,0.23294526,1.2446047,0.69782436,-0.44632047,-0.72102106,0.62839556,-0.57395416,-0.9746357,-1.1430664,-0.55635697,-0.6387925,-0.06208189,-1.5758002
AATGCAACACCACAAC-1,-0.2556533,0.22139849,-0.6342665,1.5661985,-0.41374677,-0.3236904,1.8660107,-0.57416415,-1.0955398,-1.1147105,0.25426182,0.08545537,-0.5674902,-0.75577897,-1.577204,-0.75858474
AATGGCGCATCACTTC-1,0.2004953,0.06229825,-0.4311225,1.3280692,-0.7615342,0.2902776,1.5546339,0.45669606,-0.18824166,-2.1411827,0.4763369,0.4510179,-1.1054909,-0.64077747,-1.1248157,-1.257191
AATGGCGCATTAGCGC-1,0.33347878,0.47339112,0.457824,0.579805,-0.31608915,-1.727642,0.77428746,-1.6163744,-0.886518,-0.6409086,0.9627477,0.55555594,-0.49302402,-0.04384563,-1.5234373,-1.1018381
AATGGCGCATTAGGTT-1,-0.45973402,-0.4867134,0.13511585,-0.3530218,0.57619333,2.3266127,-0.17229357,0.42741418,0.41773394,-0.69366777,-0.54973435,-1.2789237,-1.3089174,-0.5571784,-1.3500588,0.11231263
AATGTCCAGGTAACGA-1,0.028044634,0.17041661,1.3544788,-1.4028786,0.13797851,1.0208342,1.0628041,0.39168102,-0.5089809,2.23558,0.43947476,0.08418931,1.0200292,0.7170969,-0.37619346,2.4759254
AATTACCCACCTGCCT-1,0.7258487,0.6261518,0.18101206,0.84644127,-0.2882629,-1.673187,0.82681185,-1.3477812,-0.42741936,-0.6716352,0.79264903,0.5744929,-0.5526241,-0.09705347,-0.86452913,-1.2382874
AATTAGGCATTTAAGC-1,0.2323417,0.34290165,0.45833284,-1.1486098,-0.09707884,1.3769748,0.5866915,0.54401046,-1.1398897,2.1761158,0.4276533,0.13488735,0.6959636,0.2989599,-0.53059566,2.7253218
AATTCGTCACTTAGGC-1,-0.17993858,0.92913157,1.5139912,-2.4017496,-0.1944873,-1.5848751,0.55120426,1.1778493,1.7861686,1.466342,1.0918283,-0.6591809,1.1873469,2.0558527,0.5003643,-0.58855784
AATTCGTCAGCAGGTA-1,-0.3355003,0.27464527,-0.8071264,1.3014691,0.07950568,0.034668684,1.8311529,-0.9587102,-1.4556391,-0.8860042,0.39764774,-0.22812869,-0.6657609,-0.999928,-1.8881583,-0.4990211
AATTGCCAGGGCTTTG-1,0.71782506,-0.022654507,1.9689507,-1.1623447,0.9811059,1.3639021,1.3916111,0.37183252,-0.46809828,0.82697916,0.20757572,0.49681127,0.8181808,1.2764989,-0.23225957,1.2945094
AATTGGGAGCCAGGTC-1,-0.4996936,-0.10474762,0.6446153,-0.6271106,1.3277214,1.3890202,-0.52090555,-0.6398574,0.3345418,1.5672328,-0.5005287,-1.0612726,0.32202405,0.4441046,-0.4453091,0.43243688
AATTGTGTCCATCAGG-1,0.9005193,-0.09820485,0.22305313,-0.5022975,2.6437771,0.08609409,-1.0859826,-1.3493581,0.7860626,-1.526678,-1.8280659,-1.0422211,-0.5462406,0.47009516,0.56628,-1.5573949
AATTTGGTCCCGAAGC-1,0.21766245,0.1753073,-0.035679005,0.7856567,-1.1915312,-0.56658846,0.7907578,0.36953634,-1.1366484,-1.3158453,1.0100944,0.6302645,-0.9895407,-0.38358375,-2.0245256,-0.5879196
ACAACAGAGGTCCTAG-1,-0.7817344,0.258972,-2.1368985,1.3665204,-1.0912974,-0.27293453,-0.19269814,-0.12674072,0.63397664,0.8678079,-0.98465836,-0.8693931,1.0729303,-0.97457767,1.7011327,0.15549931
ACACCTTGTCCTAAGA-1,-0.7750038,-1.1066188,1.7211934,-1.52632,-1.5127547,-0.14952841,0.031850733,0.72068447,1.3655921,-1.4100482,1.3864033,0.6612122,-0.59930396,0.051153608,-0.51710516,-0.6353152
ACACGGACAGGCGATA-1,-0.30949068,0.2867239,-0.45109263,1.0416783,-0.089254014,-0.18603003,1.8651049,-0.61929506,-1.690441,-1.1749651,0.6261817,-0.1401757,-0.8432489,-0.73722404,-2.1836545,-0.51577175
ACACTAATCGCCTGTT-1,0.2577163,0.23152065,-0.16712062,1.1889623,-0.14414808,0.31103784,1.8606215,0.26326445,-0.29426885,-2.2500257,0.41524798,0.40595528,-1.3223708,-0.6389394,-1.1915305,-1.5334466
ACACTTAAGCGCTCAA-1,0.91555744,-0.52814806,0.27581462,-0.45603716,3.0113316,0.9040953,-0.3076273,-1.2971501,-0.043636315,-1.744603,-1.0253779,-0.401254,-0.8402524,0.5536213,0.26967138,-0.017541721
ACAGGAATCAAGCTAC-1,0.08541543,-0.6133876,0.23658426,-0.5170166,1.299864,2.22228,0.26890284,-0.35659337,-0.38654244,0.229331,-0.20124222,-0.665618,-1.1225345,-0.27280998,-0.813071,1.449079
ACAGGATCAAAGGCCA-1,-0.6594909,-0.11698836,-1.2537177,1.4817233,-1.5848974,1.3343992,0.9512601,2.2214797,-0.124658264,-0.48422542,-0.14668903,-0.34657812,-0.38111687,-0.86062795,-0.26110384,0.23335442
ACAGGCTGTCAATGTG-1,1.316827,0.1041766,-0.5887737,-0.5848408,-0.8047694,0.6406847,-0.743767,2.7109356,0.14083512,-1.2901745,-0.22161743,0.87461615,-1.0079232,-0.16715634,0.3350549,0.26781714
ACATTGCAGGAATAAC-1,-1.6199636,0.8307861,0.30204883,-1.180588,-0.46785438,-0.3519138,-1.2284018,0.5907141,0.6294476,2.867599,-0.110550545,-0.7573074,1.7345345,0.78908646,0.31227392,0.7510348
ACATTGCAGGCACAGG-1,0.31061286,0.051756106,-1.098383,2.039203,-0.69369984,-0.58133674,1.4328051,-0.60689795,0.6057509,-0.64833915,-0.42039713,0.40510303,0.00906837,-0.8097335,0.41748232,-1.01964
ACCAAACTCTTGGACG-1,-0.06877209,-0.19757783,1.191522,-1.0042362,0.85602766,1.6338738,0.5887097,-6.738305e-05,0.7166352,-0.23095682,-0.6552944,-1.1707745,-0.18414222,0.29159218,-0.64411294,-0.036170635
ACCAAGCGTTGGCGTG-1,-0.99336565,0.3673604,-0.18963778,-0.36659455,2.3154325,-0.060204662,-2.1283092,-1.0807384,-0.31020507,2.555047,-1.1374307,-0.8377327,1.1277819,0.5381408,0.36429358,-0.07359197
ACCAATATCCCTGGTT-1,1.3581786,-0.3516761,-1.2289013,0.38854104,-0.9452175,0.23831227,-1.0443056,2.105006,0.65282613,-0.92386997,-0.21147716,1.3395184,0.42412382,-0.032311846,1.583793,0.5053744
ACCACATAGGCTAAGA-1,0.09658517,-0.15686062,-0.28021902,1.3262293,-0.6739416,0.43746907,1.457943,0.68761003,-0.21964167,-2.0846958,0.49602193,0.67971194,-1.1177416,-0.81162393,-1.0206248,-1.3458117
ACCAGCTCATGTGGGA-1,-1.6233001,0.77170277,0.8056502,-1.5200965,0.0964098,-0.29527038,-1.384779,0.5956882,1.2824696,2.4173584,-0.17638847,-1.1609628,1.6745888,1.1021665,0.37419474,0.05619745
ACCAGGGAGTAACAGG-1,-0.12967435,0.18738373,-1.1325023,1.8167462,-0.74114573,-0.50764966,1.5194321,-0.8354479,0.12054025,-0.2450515,-0.18538338,-0.04639268,0.13432202,-1.0463022,-0.0013454678,-0.84398794
ACCATAATCTTAGCGG-1,0.52947044,0.46725044,0.121799186,0.8092001,-0.36051285,-1.7025824,1.067277,-1.0774667,-0.71655047,-0.4668811,0.7893094,0.56107277,-0.40252888,-0.11910333,-1.0826457,-0.7250117
ACCCAACCAGGTTCAC-1,-0.69002044,0.28574252,0.6920494,-0.6168381,2.1020846,0.9408119,-1.0365257,-0.38504964,0.5694486,1.6005132,-0.7051282,-1.2374482,0.6950583,0.56299376,-0.6199409,-0.9742714
ACCCAGGGTACGATTG-1,-0.5090683,-0.22523685,0.97809434,-0.72519743,0.1517249,2.0737839,0.5684343,0.34941387,1.1446083,-0.10908905,-0.7655289,-1.8140793,-0.11446161,-0.024089258,-1.0846717,-0.20299855
ACCCAGGGTGAACAAA-1,-1.812098,0.52558434,1.0556533,-1.5248137,0.4873598,-0.23686916,-1.6807201,0.34917247,1.2046242,2.0706568,-0.3187408,-1.2084196,1.5446955,1.2802382,0.5451348,-0.15836701
ACCCAGGGTTATTGCC-1,0.056594327,0.9281731,1.2172403,-2.2598562,-0.24156469,-1.2773545,1.3427684,1.8414587,1.9838588,0.6578534,0.9003323,-0.80981725,0.60259885,2.09172,0.4543297,-0.7317021
ACCCGCTGTTTAGCTC-1,0.46971166,0.3384002,0.70664036,0.5727542,-0.60426784,-1.0114105,1.4546566,0.041730322,-0.7723478,-1.5711583,1.1270076,0.74515307,-1.1363214,-0.1352818,-1.7685673,-0.9259339
ACCGGTTCAAGGTAAC-1,-1.0316112,-1.1629658,1.8113742,-1.5089688,-1.8038019,-0.597904,0.16553724,0.4314502,1.2734634,-0.91162825,1.6943202,0.6773418,-0.45914802,0.13941453,-0.7313312,-0.37598306
ACCGGTTCACCTCAGG-1,-0.14778355,0.12018576,-0.49972194,1.369453,-0.7395175,0.2855519,2.021047,0.25669652,-1.0093597,-1.5115238,0.6140513,0.34834492,-1.0659676,-0.76629055,-1.387888,-0.52226305
ACCTAAATCCAGGAAA-1,0.55971086,-0.35580683,-0.54066795,1.252776,-1.5416498,0.5227039,0.6643255,2.1860168,0.65287906,-1.658374,-0.0010541268,1.0671442,-0.5857018,-0.30681974,0.10556654,-0.17175627
ACCTAAGGTGGAAGGC-1,0.07799293,-0.2399747,1.356633,-1.0795851,0.561669,2.185662,0.79646707,0.7805309,0.5525663,-0.462247,-0.5621662,-0.8046245,-0.24214101,0.51504505,-1.0162811,-0.086920835
ACCTACCTCTAACCTT-1,1.5953877,0.09921571,-0.8996167,-1.0884376,-0.39460492,0.40899193,-1.3400801,2.3686872,-0.039371457,-0.785197,-0.08230627,1.2573199,-0.16727468,0.12406946,1.1853647,0.6397928
ACCTCACTCCCGAAGC-1,0.3350519,-0.2724803,0.01180955,0.921936,-1.6609702,-1.4684591,0.9379311,-0.35176978,-0.5435827,-0.94238734,0.6290207,0.92956555,-0.22814523,0.2510088,-1.0968974,-0.39409938
ACCTCACTCTTGCTAT-1,0.14791925,-0.59659857,-0.13524906,-0.23050648,1.3724136,2.1309621,-0.37721726,-0.39291102,0.54642123,-0.9867346,-1.0428252,-1.3271623,-1.3186941,-0.4403738,-1.0672803,-0.1434848
ACCTTCCAGGTGAGAC-1,0.49645936,0.4017216,0.16969886,0.73745584,-0.634042,-1.8986043,0.3448505,-1.8209858,-0.73426867,-0.114161015,0.7308171,0.5561035,-0.1261516,-0.16009828,-0.62034744,-1.1386154
ACCTTCCAGTAACGGA-1,-0.4854833,-0.13900767,-1.8201333,1.6893992,-1.2982434,0.30606094,0.43458784,0.88389796,0.29380974,0.2381756,-0.64444625,-0.06503206,0.8156096,-0.75792086,1.2000093,0.8360177
ACCTTCCAGTCAATCA-1,-0.45890212,-0.23103486,-0.24563126,0.5138726,-1.9583265,-1.3096797,-0.16988589,-0.7279233,-0.86452395,0.5744917,0.6266506,0.017975658,0.25408852,-0.02492416,-1.2986741,0.7754303
ACCTTGTGTGTTGCTT-1,0.94437313,0.10125921,-0.57942575,-0.7123126,-0.81810296,0.79078525,-0.7466423,2.8423314,-0.16783999,-1.1174979,-0.08611022,0.68068755,-0.91615295,-0.26248914,0.15886617,0.719978
ACGAATCTCGGGCCAT-1,1.6432021,0.891459,0.27237308,-1.6723465,-0.11311492,-0.9318656,-1.7293148,0.39979285,1.2693114,0.36187792,-0.15015917,1.1306467,1.0021898,1.2430718,2.0506954,-1.0278076
ACGAGTAAGCACTAAC-1,0.24224325,0.12425451,0.6002219,-1.162169,0.34965074,1.2851834,1.109602,0.85127896,-0.97200227,2.0019476,0.298131,0.10088527,0.5506158,0.4741548,-0.5370307,2.617568
ACGCCTAAGGAAGCTA-1,1.6605246,0.7479011,0.86713445,0.46225634,0.25721505,-2.3241558,-0.033170216,-2.1627073,0.10642811,0.18157889,0.4300667,1.2473236,0.2116754,0.6812407,0.4845055,-1.6831187
ACGCCTAAGTATTGGC-1,0.72045827,-0.2735689,0.7299942,-0.7156197,2.792459,1.2225467,-0.22343245,-0.66439044,0.14809757,-1.1448205,-0.8682673,-0.19082241,-0.35875046,0.3622712,-0.57767713,-0.99512917
ACGCCTAAGTCTATGA-1,-0.28680596,-0.45007235,1.3182204,-1.2630748,0.3904922,1.8940034,0.5681037,0.3137674,0.2077694,0.88918924,0.17088112,-0.6727268,0.010057402,0.38733208,-0.8805531,1.1064767
ACGGGAAGTCGCATAA-1,-0.22089851,0.16349874,0.096490666,0.4305221,-1.034777,-0.91473365,1.2606158,0.08997518,-1.3421667,-0.8911666,1.0447679,0.27327952,-0.55441356,-0.43722802,-2.1722326,0.07276319
ACGGGAAGTTCGGTAA-1,-1.1843691,-0.95333606,1.6168933,-1.8312898,-1.3318719,-0.57553774,-0.85785615,0.4523185,1.3491584,0.074376374,1.584481,0.62585855,0.5140877,0.34328791,0.20554456,0.21100757
ACGGTACGTCGCATAA-1,0.9640763,0.62745166,0.07435145,1.3982584,0.23525098,0.36582142,1.6688057,0.8724406,0.97334623,-1.7640611,-0.4029544,1.0702605,-0.45011815,-0.31423992,0.45373306,-1.9574845
ACGGTTAGTGCATCGG-1,-0.16014752,0.19965771,-0.61262774,1.5230165,-0.16010644,0.35122877,2.1402817,-0.044119265,-0.8165792,-1.7702718,0.15205711,0.17727903,-0.89834297,-0.9069436,-1.318677,-0.9863438
ACGTCAAGTTAATGCG-1,-1.5174329,0.8012002,0.626323,-1.543718,-0.31481403,-0.5217183,-1.391368,0.64178216,1.0419623,2.6204264,-0.035438586,-0.958602,1.807369,1.1158903,0.6837119,0.42547035
ACGTCCTTCGCTAGAT-1,0.082065254,-0.53712106,-1.6551466,0.9328593,-1.72699,-0.11098323,-1.158061,1.0556815,0.8961114,-0.22634326,-0.29497778,0.45571703,0.7008592,-0.57556593,1.4095008,0.68207186
ACTAAAGCACAGAAAC-1,-0.26182652,-0.26161256,-0.39682508,-0.13281219,0.6822024,2.3264427,-0.41187662,0.37581438,-0.2641608,-0.27718633,-0.57718086,-1.023411,-1.3319299,-0.89432704,-1.5757115,0.33544058
ACTAACTCAGAGGGAG-1,-0.25159797,-0.13315175,-1.7624738,0.8672949,-1.4160676,-1.0225962,-1.350642,-0.044895303,0.7090539,1.0622861,-0.56930804,-0.029981695,1.4281409,-0.38337016,1.8418108,0.48695606
ACTAACTCAGGGAGGA-1,-1.1793358,-1.3378663,1.6032131,-1.283081,-1.8274951,-0.988583,-1.2796724,-0.47371724,1.2870644,-0.023072086,1.6847544,0.7561432,0.5126282,0.15543592,0.25707686,-0.2912796
ACTATGTCACCTACTT-1,-0.31353444,-0.24379505,-1.4171234,1.533706,-1.388803,-0.28389883,0.12499185,0.22135107,0.81714535,0.14357117,-0.7286619,0.07219682,1.0944886,-0.45215666,1.4060178,-0.056505516
ACTCGCGCACCTACTT-1,0.50234735,-0.50589305,0.77550614,-0.78654766,1.0917379,1.883532,0.54230475,0.30319518,0.43484604,-2.030958,-0.53419846,-0.6812536,-0.7045106,0.50787127,-0.63019216,-0.46468663
ACTCGCGCATAATCGT-1,-0.14081326,0.36418325,1.0828247,-1.3083863,0.47119677,0.6683146,0.61803305,0.21591488,-0.5275936,2.808986,0.31327432,0.059507433,1.2402167,1.0634592,-0.23248199,2.2837458
ACTTACAAGCAGCTAT-1,0.3951604,0.7522142,0.046356715,-0.86657846,-1.1944716,1.2211423,1.2979558,2.3391533,-0.27968195,0.64967525,0.03620933,-0.67927015,0.41943592,0.14352663,-1.2776836,-0.1854581
ACTTACAAGGCATGAA-1,-1.2634485,0.42054033,0.13806306,-0.16839303,2.3574677,-0.11951971,-2.0327709,-1.0140257,0.2660441,2.29231,-1.2735322,-1.3458358,1.0640111,0.5855738,0.14685564,-0.51981306
ACTTACTTCCTTCAAT-1,0.7448533,0.016573243,1.6706727,-1.1157231,1.1432775,1.4897313,0.98286724,0.2081644,0.3793391,-1.5436816,-0.26830864,-0.183411,0.055241916,1.0916114,-0.40136975,-0.5708119
ACTTACTTCTCCTCAA-1,-0.21953428,-0.61756444,0.34807897,-0.7967707,0.106841885,2.1068082,0.02928714,0.4834829,0.23289163,0.15253079,0.12156093,-1.2486799,-1.3930439,-0.28311276,-0.74588645,1.1273229
ACTTATCTCAAGGACA-1,1.4537371,0.23318362,-0.515721,-1.2358482,-0.44097596,0.26085615,-1.0424919,2.5883431,-0.03494282,-1.2092366,-0.11189059,1.108341,-0.6073109,0.2754567,0.7998059,0.36543596
ACTTATCTCTTACTCG-1,1.2377771,0.2647335,0.40460253,1.2098157,-0.7793374,-2.2559776,0.62373364,-1.086314,-0.5093357,-0.13012277,0.42898798,1.2038078,0.038011886,0.90048444,-0.45080936,-0.6705929
ACTTCGCTCCACCCTG-1,0.22755784,-0.4667868,-1.4781742,1.5147395,-1.26862,0.18646291,0.18400812,1.0640414,1.3284268,-1.1972682,-0.54586077,0.47041842,0.087838,-0.91088885,1.0917326,-0.7522429
AGAAAGGCAATTAGCT-1,0.27274266,-0.59454286,2.072502,-1.4891565,0.54234517,-1.0906024,-2.046471,-1.2165116,0.62440217,-0.032622248,0.33875537,0.8777421,0.86735034,0.81064355,0.6096482,-2.4067526
AGAACAAGTAGCCTAA-1,-0.287613,-0.28430483,-1.2335756,1.9571142,-1.4009787,-0.3835315,1.166919,-0.43616122,-0.032020375,-0.1157493,-0.3758996,0.35220027,0.6091776,-0.557586,0.28238434,0.097323805
AGAACCAAGTAAGAAC-1,-0.0119690485,0.25122976,-0.64363325,1.5478747,-0.25300145,-0.47916925,1.9921298,-0.49697617,-0.58304393,-1.3992426,0.14691404,0.30221617,-0.67404133,-0.75027394,-0.9538996,-1.0680943
AGAAGGTGTCGCGCAA-1,0.27720293,-0.27845043,0.5747451,-0.825125,1.4765983,1.4822448,0.20171529,-0.34530854,0.41366804,-0.66836095,-0.8458414,-0.9552533,-0.47485447,0.21335542,-0.49228156,-0.23276949
AGAATCTGTCGCAAAC-1,1.0352603,-0.40890533,-1.2562528,0.28133184,-1.1295004,0.53687006,-0.9719724,2.321743,0.25234467,-0.5915368,-0.17489031,1.321343,0.6469021,0.018358108,1.2345356,1.440619
AGAGGATGTCAGGAAG-1,-0.061315134,-0.15379146,-0.12818593,-0.17830071,2.357391,1.4068372,-1.1600355,-1.2354825,-0.16144274,0.88192785,-0.7776213,-0.7139981,-0.28228143,-0.016973572,-0.36019778,-0.2055513
AGATGCTTCCGTCCAT-1,1.4379848,-0.0024096034,-0.9344713,-1.0337367,-0.41027963,0.31866017,-1.7013677,2.1467848,0.29198426,-1.0962334,-0.22410055,1.0667055,-0.4470659,0.07862831,1.3002477,0.21476543
AGATGCTTCCTGGTGA-1,0.30750045,0.050007593,-0.6444322,1.5206451,-0.60085976,0.79632103,1.9218491,0.9741453,0.25182307,-2.0593643,-0.2067033,0.6090066,-0.7675243,-0.7097398,-0.34293813,-1.2750947
AGCAAATAGCTATATG-1,-0.22276962,0.0006005429,0.68589306,-0.73200136,1.5486457,1.2375141,-0.39357132,-1.1356148,0.9203491,1.1336066,-0.8464258,-1.7780249,0.2066448,0.08914594,-0.43280438,-0.79334724
AGCAATTGTAAAGCAA-1,-0.55681336,-0.1038607,1.3888061,-1.1223421,0.31185842,1.6117548,0.8015456,0.30038407,0.63872874,1.2183341,-0.1565518,-1.0887597,0.18243164,0.3007184,-1.0651634,1.1603407
AGCAATTGTCAATAGT-1,1.4749975,0.88365996,-0.5704931,1.4918562,0.5959387,-0.69041526,0.89712024,-0.11598456,1.394202,-0.7962318,-1.3958704,0.49660033,0.14991654,-0.14308083,1.7719921,-1.765177
AGCACTTAGGAACACA-1,-0.15396541,-0.5036483,-0.3679562,-0.17237328,0.68488574,2.3861628,-0.1503546,0.1758495,-0.054467738,-0.47770488,-0.6497033,-1.2349665,-1.7725343,-0.84696597,-1.1800852,0.8187113
AGCAGGTAGACTTACA-1,-0.42194897,0.057090983,0.6003849,-0.7086935,1.2930987,1.2233505,-0.40934208,-1.1470674,0.7156726,1.491162,-0.9189496,-1.610475,0.29427665,0.23995046,0.05117695,0.18662368
AGCATCCCAAATACCT-1,1.029131,-0.091464266,-0.7722894,0.552122,-0.8683724,0.6649453,0.13449949,2.7611704,0.33903357,-1.2877314,-0.068525426,1.1612232,-0.3165701,-0.09802501,0.8360599,0.8079144
AGCATTTCAGTAAGTA-1,1.0881617,0.2580542,0.39655933,0.8031424,-0.8303158,-2.580462,0.08243268,-1.4467632,-0.44031775,0.26051313,0.276107,0.983088,0.25302052,0.7180793,-0.24917397,-0.9224812
AGCCGCTAGTTATCCT-1,0.7614201,-0.0074900277,-0.46367133,1.911607,-1.1444577,-1.553801,1.0841975,-0.026235538,-0.017208375,0.53658426,-0.464698,1.2351867,1.2680815,0.51743746,1.062782,0.3856823
AGCCGGTTCCGGAACC-1,0.13268216,1.1016681,-0.053640187,-1.4288437,-0.527043,-1.4020324,-1.6431956,0.26431996,1.0830232,2.1787288,0.14252505,-0.67378926,1.604643,0.9871254,0.79133356,-1.6031032
AGCCTAGTCGTCCTTA-1,0.036889203,0.93706155,1.3946362,-2.4424036,-0.21708,-1.2319884,1.0756176,1.7015643,2.0080543,1.0176475,0.943216,-0.8331232,0.8447716,2.1429873,0.5007951,-0.5621035
AGCGCCTAGCTTGCTC-1,1.0243337,1.3304884,-0.35645267,-0.48775494,1.416198,-1.2488174,-2.012142,-1.8382158,0.08406913,1.52823,0.08898559,-0.8051403,-0.11883474,0.5398554,2.0285687,-2.0419414
AGCGCTCAGGCTGGCT-1,0.43190813,-0.55950946,0.6147733,-0.5340212,2.4182706,1.2647111,0.019498926,-0.90034544,0.35036975,-1.4134274,-1.0350201,-0.9180158,-1.1888882,0.123209275,-0.88305116,-0.45222223
AGCGGACCAATCGCAC-1,-0.3887011,-0.08227742,-1.0106589,1.6346996,-1.2871264,-0.91597617,1.0130427,-0.70462406,-0.3455095,0.42437232,-0.31115067,0.17872764,0.8504166,-0.32191297,0.14195822,0.33126658
AGCGGACCAGCTTAGC-1,-0.6640475,0.36934185,-1.1901374,1.517148,-0.34863597,-1.1225176,1.1722436,-1.8311234,-1.2849,0.7921195,-0.11766991,-0.4007006,0.40483207,-0.7856536,-0.45888337,-0.0574298
AGCGTGCTCTAATCTC-1,-0.89645785,-0.47908074,-1.6111708,2.1453238,-1.349931,0.5629294,1.4560565,0.20021814,0.091231465,-0.517294,-0.5310724,-0.028361905,0.31866816,-1.0542704,0.0149061065,0.13308766
AGCTAAACATTGTGAT-1,0.81875485,0.3016951,1.7535701,-0.9854316,1.3374207,0.5800309,0.41872054,-1.0309364,1.1879311,0.10026269,-1.4670305,-0.8942423,1.0377734,0.6669459,0.45143706,-1.5693905
AGCTAAACATTGTGGC-1,-0.18138146,0.3648889,-1.1142738,1.9633591,-0.047241136,-0.78546965,1.7540426,-1.2501054,-0.5113927,-0.41268075,-0.450741,0.019168135,-0.011700541,-0.88071394,-0.3062432,-0.8595278
AGCTAACTCATGGTGT-1,0.32581222,0.3268108,-1.4148369,1.6832917,-0.814844,-0.49628365,0.6959728,0.31565285,0.2362626,0.66295445,-0.96135205,0.14302202,1.0951506,-0.30734667,1.5297912,0.16846727
AGCTACGTCCGTAAAC-1,-0.18177855,0.0459305,2.0149355,-2.458216,0.04416391,-2.0330715,-0.9863247,-0.35057446,1.071295,0.5814479,1.3421925,0.32382494,1.2417991,1.6015968,1.4793043,-1.5877097
AGCTATATCATGGTTA-1,0.3217879,-0.42885876,-0.7032912,0.1116289,1.4269497,1.7786877,-0.76308334,-0.5349897,-0.27555963,-0.7162917,-1.2390578,-0.83866954,-0.9343835,-0.56109524,-0.88885987,0.2446538
AGCTATATCGTCAAGT-1,0.99500334,0.53767717,-1.0022017,1.7296139,-0.093996786,-1.2569542,0.8265369,-1.2502911,0.6996397,0.31167182,-0.6283299,0.4716664,0.7450143,-0.39650625,1.7255659,-1.1985191
AGCTTGGTCAATGACC-1,-0.18314144,-0.493292,0.07018684,-0.31910297,1.2619941,2.0989008,-0.14828616,-0.47621125,-0.2690308,0.88465595,-0.27748793,-0.97369885,-0.97972906,-0.29527482,-0.716877,1.2505807
AGCTTGGTCTAATTGG-1,-0.40348363,0.14699304,0.48883516,-1.1624978,0.22197104,1.3509413,0.37416828,0.90249467,-0.5856096,2.204892,0.29099047,-0.26165655,0.39678043,0.17283893,-0.6158221,2.5508618
AGCTTTAAGTAGGATG-1,-0.5035847,0.24633242,-1.1325395,1.7446961,-0.32902712,-0.95660037,1.4397441,-1.6726034,-0.972661,0.16342607,-0.03467679,-0.22468287,0.20281237,-0.9099363,-0.69863296,-0.4214968
AGGACTAAGCGATAAG-1,0.6912054,-0.076262325,1.182817,-0.08320086,3.7462494,-0.87295824,-1.4163855,-1.5006568,-0.72394943,0.12517068,-1.0402242,-0.08201517,0.15621251,2.1946557,1.5488843,-0.20770046
AGGATCCGTCGTAAAT-1,-0.123484045,-0.06329572,-1.6588595,1.1685588,-1.2622827,-1.2885967,-0.58289444,-0.6224121,0.4783314,0.688936,-0.95693696,0.18655294,1.7524619,-0.2715514,1.9356565,0.52246344
AGGATCCGTTGTCCAT-1,1.1171056,-0.35425925,-0.7321877,0.46337095,-1.4375863,0.39620882,-0.24294573,2.5065942,0.64266205,-1.1057982,0.01312154,1.2440941,-0.18022007,-0.13899682,0.5876115,0.49817348
AGGATGCAGATAACCC-1,-1.1421789,-0.085197836,-1.7406771,1.318919,-1.4685953,0.4968342,0.00951326,1.2687054,0.1232937,0.85412115,-0.32255822,-0.49340022,1.0569055,-0.4545145,0.90066934,1.4247409
AGGATGTCAAGCTTTG-1,0.33947393,0.07543139,0.45610237,0.5524981,-0.9423214,-1.2633598,0.8542836,-0.7806871,-0.37163383,-1.3769493,1.1516002,0.8046242,-0.8590194,-0.33473295,-1.4403116,-1.0172261
AGGCAATCAATACTGT-1,-0.26666084,-0.16584623,-0.92235005,1.737334,-0.9211397,-0.34017447,1.8830996,-0.49029005,-0.49182326,-1.1201786,-0.08985162,0.32532734,-0.29310754,-0.80545837,-0.731853,-0.6916073
AGGCAGGTCAGCAAGA-1,-1.0985593,-0.5394115,-1.0753801,1.5433042,-1.8350782,-0.18657422,0.80386984,-0.53617805,-0.46195266,-0.13869047,0.19108689,-0.0067234486,0.1883326,-0.76268595,-0.9664937,0.2545708
AGGCTAAAGTAACTCA-1,-0.4895599,0.5318086,-0.6405133,1.256377,0.1834825,-1.070194,1.4578087,-1.9581225,-1.7207396,0.48907065,0.24684456,-0.29942816,0.09515685,-0.74027133,-1.2282006,-0.3061406
AGGCTAGCACGTAATT-1,0.0044091344,-0.36762366,-1.3652515,0.7576592,-1.3987643,-0.1542226,-0.94560015,1.867557,0.79239434,0.0672468,-0.13743073,0.6288292,0.92587924,-0.17584942,1.6030807,1.4002049
AGGCTAGCAGGCCAAA-1,-0.4568019,0.30562267,-0.7338464,1.4964617,-0.42174244,-0.2807712,1.9132402,-0.15620646,-1.660775,-0.5960088,0.38931978,-0.04265499,-0.48783833,-0.73667777,-1.8883615,-0.036424935
AGGGCCTTCCGTGACA-1,0.23111327,-0.5362321,1.30909,-1.1561444,0.86168176,1.9028277,0.75814664,0.08683518,0.7063619,-0.8960191,-0.71583563,-0.9151274,-0.3852408,0.3827319,-0.85287607,0.2832097
AGGGTTGCAACTGGCT-1,-0.33528608,0.6831707,-1.0670536,1.6421229,0.11211327,-0.7363269,1.6712534,-1.591119,-1.0786147,0.24058549,-0.060551025,-0.38513753,0.027570687,-0.99893725,-0.8073733,-0.8209019
AGGGTTGCATGAATAG-1,0.07613455,0.13597083,-0.75684154,1.6279955,-0.16899543,-1.8948019,0.83437,-2.1342301,-0.8892374,0.51279116,-0.42528033,0.50106275,0.9302574,-0.19451505,0.28761584,-0.4397478
AGGTACGCATAAGCAA-1,1.6581831,0.08940054,-0.66425675,-0.70074713,-0.3303605,0.5468782,-1.1439788,2.184388,0.33429137,-1.1318158,-0.1971709,1.2462112,-0.2503927,0.1655453,1.22436,0.050141633
AGGTCATTCAAACCGT-1,-0.97142,-0.47675547,-1.6314131,1.8690693,-1.713424,0.17610104,1.3060911,0.25335276,-0.056402236,-0.22942424,-0.16874674,-0.13727361,0.3610453,-1.0617015,0.01810021,0.22253805
AGGTCCGGTAACCAGC-1,-0.20965077,-0.30196333,0.32815632,-0.46300638,0.694901,2.0756726,0.107505314,0.4235642,0.3900879,-1.5690596,-0.6627327,-0.93519115,-0.80367374,-0.28675133,-1.0878336,-0.44349784
AGGTCTTAGCAAGGGT-1,0.023489699,0.36319563,0.08182497,-1.0653528,-0.47590488,1.3764784,0.60791737,0.95310754,-1.0637308,2.2101963,0.27642965,-0.21490887,0.5466406,0.17747122,-0.55285466,2.7126637
AGGTGAGGTCATAACG-1,0.2771625,-0.31081796,0.6000076,-0.9378973,1.0909107,2.0390785,0.17242101,-0.23315601,0.77303135,-1.1393182,-0.8924777,-1.2002331,-0.45094556,-0.014247669,-1.2241843,-1.0108376
AGGTTAGAGTTCCCGT-1,-0.7132604,0.17470545,-2.2214284,1.6258501,-1.050403,-0.16970399,0.11050223,0.1291992,0.25498164,0.84567386,-1.0674433,-0.43447453,1.1785448,-0.8405871,1.5500375,0.773386
AGTAACCTCTTTGACT-1,-0.5762335,0.7560723,0.3378292,-0.68773466,1.1217191,0.97390866,-0.75879824,-0.15952477,1.0890892,1.8878794,-1.1142567,-1.8808688,0.9802624,0.31210655,-0.23768768,-0.95276403
AGTAACGAGATAAAGC-1,-1.6547523,-1.3125156,1.3380758,-1.6445143,-1.7589788,0.14169024,-0.39102846,0.67979497,1.3392143,-0.48764277,1.2759898,0.31218067,0.06357148,-0.22345929,-0.44243395,0.4125315
AGTAACGAGCGCCTTT-1,-0.25362164,0.041938096,0.74603724,-0.9815652,0.621327,1.3080223,0.19896987,0.058246672,-0.7352549,2.6383448,0.3938844,0.040691126,0.7725943,0.4832374,-0.42147332,2.3427272
AGTACGCGTTGTAACG-1,0.72601587,-0.44844475,-1.4474509,0.21675313,-1.3069386,0.76352733,-0.9811144,2.3551,0.0002629161,-0.51477563,-0.008698607,0.8741958,0.13142906,-0.25196257,0.8181156,1.3678992
AGTATAGCATTATGAC-1,-0.13911065,0.06493413,0.91692305,-0.6710542,1.1832654,1.3848115,0.101637766,-0.75312304,0.4004655,1.9648459,-0.53310126,-1.3069303,0.5325099,0.035976484,-0.648859,0.34427434
AGTCAAGAGACAACAG-1,-0.6401911,0.29680863,-1.2901607,1.7417383,-0.5983419,-0.62982535,1.4470019,-1.4177775,-0.7750132,0.38265902,-0.11670777,-0.41017008,0.06820354,-1.0269768,-0.4508437,-0.28696725
AGTCAAGAGGCAGGTG-1,0.48621362,0.01093553,1.5576886,-1.4030552,0.7628225,1.6475105,0.9454204,0.664564,0.987202,-0.8117377,-0.7455896,-0.89649063,0.09035066,0.6909644,-0.7247739,-1.1639607
AGTCAAGAGGGCCACT-1,-0.43778497,0.19550636,-0.77412367,1.2717526,-0.8111782,-1.273442,0.9644103,-1.7644928,-1.1555464,0.18699172,0.3146241,-0.013375959,0.19370691,-0.68512106,-0.9393151,-0.483632
AGTCAATGTGCTCACC-1,-0.40806898,0.049304746,-0.9394306,-0.0966545,1.1824507,1.852531,-0.8130613,-0.467789,0.31009507,0.77724695,-1.1499193,-1.5726964,-0.32542497,-0.6487916,-0.71492636,-0.048336823
AGTCCTGAGCCTGGTA-1,-1.557534,0.7744349,0.6062398,-1.0722613,1.1380796,-0.33410287,-2.4427638,-0.12854454,0.7844869,2.3602698,-0.7613213,-1.1646705,1.6284742,1.1189932,0.7424333,-0.6089173
AGTCCTTGTCCTAATC-1,-0.8133421,-1.0771912,1.7198708,-1.3873109,-1.6661414,0.12806258,0.3896621,1.0299895,1.1992503,-1.4084867,1.39698,0.66924083,-0.96417975,0.0035257898,-1.016654,-0.52619946
AGTGAGTCAGTACCGT-1,1.4113336,0.4607299,-0.11201937,1.9131829,0.4385726,-0.7466357,1.8890585,-0.027633151,0.17814508,-1.4811044,-0.76949483,1.2727306,-0.13527897,0.25611395,0.56381243,-1.3580043
AGTGAGTCATGTTGGC-1,-0.5697138,0.16313738,1.6546655,-1.2455357,0.57835567,1.3708862,0.15303528,-0.0903633,1.2345902,0.878667,-0.7417071,-1.5115433,0.48849857,0.38360023,-0.83202565,-0.61607337
AGTGCCGGTGGTTATG-1,-0.58390856,-0.0047775432,-0.81447434,1.3684981,-0.9022331,0.29000953,1.5424509,0.117673375,-1.3353578,-0.9462856,0.7058779,-0.020890357,-0.919848,-1.0830078,-1.9463496,-0.24907689
AGTGGACAGTCACGAT-1,-0.30473498,0.80916274,1.4696774,-2.4533534,-0.16822165,-1.483433,0.48502588,1.2877297,1.9385018,1.2389097,1.010268,-0.68521327,1.1382978,2.0525565,0.52213407,-0.6879062
AGTGTGGCATGCATAT-1,-0.07460855,0.25891453,0.4238107,0.34008506,-1.0796832,-1.7305722,0.9066688,-1.2730975,-1.0250479,-0.07133059,1.3100924,0.36325592,-0.44378227,-0.14649622,-1.5980802,-0.37899306
AGTGTGGCATTGACAT-1,-0.29075474,-0.115695916,-0.65563047,1.3307178,-1.1080146,-0.22195628,1.5047592,-0.16497141,-0.6006648,-1.0586805,0.4205945,0.38072342,-0.37888205,-0.6579207,-1.1127958,-0.4289987
AGTGTTTCAGGGAGGA-1,1.4651387,0.41046035,1.5831988,-1.2580247,0.8255601,1.0158203,1.6160564,0.5140037,0.685743,-0.28991035,-0.9481207,-0.5984238,0.92311686,1.2411702,-0.01973763,-0.9385483
AGTTACTCACTTCATC-1,-0.51277584,0.40036696,-2.1781998,1.3450888,-0.58989537,-0.41868037,-0.65542775,-0.49749854,0.53152406,1.3985515,-1.3856301,-0.6919471,1.4123158,-0.77263165,2.039322,0.34425372
AGTTATGTCCCTGTTA-1,0.73276484,-0.063752204,-0.7469396,0.8863851,-1.3814267,-2.1352386,-1.0201967,-1.0223002,0.5132472,0.9864897,-0.8445248,0.75783926,1.7532079,0.44279927,1.8164241,0.067483746
AGTTATGTCCTCACAC-1,-0.12604,0.8618515,-2.1871183,1.5125338,-0.48812103,-0.29563528,0.15667847,-0.28909594,-0.276892,1.6415665,-1.1105474,-0.8178451,1.0929016,-0.5388236,1.5324839,0.58595264
AGTTGCAGTCTTGCAT-1,0.50843525,-0.19012395,0.80690074,-0.8038707,1.8517985,1.0438745,-0.094217464,-0.66777956,0.68466467,-0.96023405,-1.171096,-0.92660534,-0.08026144,0.62059855,-0.06489344,-0.8070861
AGTTGGCGTATCTGGA-1,-1.6842377,0.91231763,0.4386784,-1.0312724,0.5250031,-0.47801113,-2.311544,-0.022675168,0.71342844,2.6950555,-0.7071758,-1.152535,1.6665491,1.007986,0.79332745,-0.20909649
AGTTGGCGTGACATAT-1,0.28552684,-0.4912817,0.44676986,-0.034552988,3.4401584,-0.18094721,-0.7949023,-2.0926728,-0.42552185,-0.082271785,-1.2979176,-0.7876929,-0.05488184,1.1023774,0.9925384,0.31494564
AGTTTGCAGCTATATG-1,0.17823839,-0.6028676,1.2157481,-1.685483,-0.76456666,-1.6316221,-2.729353,-0.7815884,0.6601299,0.11003867,0.9210993,1.228111,1.2997386,0.7375107,1.8428884,-1.2105739
ATAACGACAATTATGC-1,0.69794905,0.4597597,-0.06601006,1.1868544,0.0030103326,-1.0891167,1.2345967,-1.1127048,-0.1042771,-0.8773927,0.025874328,0.6177608,-0.32521456,-0.18001068,-0.2608835,-1.4047395
ATAAGCCTCTATCGCC-1,-0.6417688,-0.2750625,1.2529348,-0.94050616,0.83174586,1.5722177,0.13556525,-0.3720661,0.7985016,0.8425282,-0.36194485,-1.282268,0.12285658,0.3212472,-0.71725273,0.20339426
ATAAGTCGTTCCTCCT-1,1.1066799,-0.03889135,1.7183479,-1.3403058,0.83531463,1.7375572,1.4846833,1.0396916,-0.3864027,-0.36033142,0.29475075,0.45354363,0.09027687,0.86071134,-0.45879132,0.6809851
ATAAGTCGTTCGGGAT-1,-0.3584,-0.5496603,-0.1313045,0.837587,-2.4660983,-0.85300034,0.07859772,-0.27619144,-0.5831622,0.13972239,0.8315644,0.42878222,0.024159357,0.16897845,-1.3274126,0.29661056
ATACCGGTCACGAATC-1,0.7574225,-0.50575465,1.4092393,-0.9102974,2.3612468,0.9333283,0.09006153,-0.7814704,0.41581032,-1.3435906,-0.9133314,-0.52054733,-0.09938753,0.9656473,-0.16735744,-0.67469144
ATACCTGCAATTAGGA-1,-0.3243024,-0.12692589,-1.5812786,2.2752514,-0.93737054,0.27010143,1.6342049,0.21757877,0.3011919,-0.501075,-0.8909609,0.055580582,0.60276234,-0.938898,0.78534234,-0.16710438
ATAGATGCATTTGCTC-1,0.9900708,-0.67439187,-1.3023864,0.78734857,-1.3919737,-0.39895093,-1.1006558,1.2365938,0.96980953,-0.68001425,-0.3116327,1.3952864,0.77209854,-0.09080009,1.7799304,0.5999563
ATAGCATGTAACCACA-1,-1.6139972,0.7631149,1.0200058,-1.5629177,0.026002139,-0.5685766,-1.4851242,0.46144617,1.1812447,2.5318747,-0.045342594,-0.9066472,1.77273,1.3764669,0.4809197,0.12529314
ATAGGTACACTGGCCA-1,0.9006394,-0.3827038,0.35317546,-0.6226103,1.5619324,1.3716668,0.029505035,-0.24598897,0.56304395,-2.9344678,-1.0664055,-0.6547117,-1.4265044,0.007623229,-0.4585504,-0.72639716
ATATGCATCGCAATCG-1,-0.45696652,-0.23500171,-1.2459311,1.7222686,-1.3668854,1.3481953,1.272955,1.7055085,0.04447214,-0.8218349,-0.16321915,-0.2882742,-0.61268294,-1.1774037,-0.36319852,0.12065786
ATATGCTCACGAACAG-1,-0.6870454,0.11812724,0.76719046,-0.90445423,0.78526473,1.2074926,-0.29432905,-0.16768476,0.41453546,2.0461335,-0.27608672,-1.0153337,0.5561625,0.46951872,-0.4234561,0.8341585
ATCAAGACAGGAACCA-1,-0.018666442,0.2567778,1.071633,-1.1588682,0.7789902,0.9560485,0.3838702,0.11717869,-0.6661625,2.8288245,0.30465674,0.3043761,1.2522278,0.9005908,-0.19204998,2.4314964
ATCAAGCTCGGTCATG-1,-0.0851356,1.0135281,1.2748418,-2.5126157,-0.40060666,-1.3771166,1.0710238,1.6952419,1.7685437,1.3157053,1.017719,-0.7200537,0.9678636,2.0169048,0.4400776,-0.28016353
ATCAATCCAGTAAGTA-1,-0.41725934,-0.24278548,0.30221888,-0.6134304,0.5486352,2.135244,-0.29933465,0.36703002,0.4282446,1.1948156,-0.6026832,-1.3858976,-0.090928674,0.06740275,-0.804162,0.31447646
ATCACAATCTACCTCA-1,1.7122645,0.2809832,0.74625146,0.72445506,0.5060753,-0.057217102,0.6032289,1.039968,1.1187088,-1.8045241,-0.3956398,1.6723945,-0.7451422,0.5384091,1.3588525,-1.5334558
ATCACACAGGCCGGAA-1,1.1274722,0.5124226,-0.28359646,1.595443,0.1564972,-0.3122445,1.3419571,0.95584214,1.396494,-1.2304018,-1.158047,0.8480857,0.38932908,0.23632842,1.8394741,-1.2823757
ATCACCCTCCTAACGG-1,-0.7206521,-0.103223264,-0.71847546,1.3483567,-1.4016947,0.7004457,1.4738644,0.3370408,-0.49710596,-0.8370196,0.37178454,-0.060302023,-0.6370666,-0.8913586,-1.7717757,-0.44540212
ATCACCCTCTATTGTC-1,-0.21567869,-0.5298712,0.51471084,-0.5456837,2.3021154,1.2898837,-0.53618544,-1.0670856,0.47314757,0.02333079,-1.1056414,-1.0672996,-0.25073043,0.29652473,-0.54205334,-0.38574758
ATCACTAAGCTCAAAC-1,-0.33829567,-0.2791745,-2.1214616,1.6466181,-1.2700493,0.203399,-0.06639014,1.3924425,0.048537835,0.39423466,-0.30302563,0.16021706,0.77523756,-0.6011007,1.2303658,1.4534397
ATCAGGTTCACTTCAT-1,-0.058841683,0.38290524,-1.2591681,2.0558019,-0.059464283,-0.55130327,1.6345615,-0.90977836,0.40999895,-0.21155626,-0.97767866,0.034549825,0.32977247,-0.95957875,0.89641726,-1.0328741
ATCAGGTTCATTTGTC-1,0.7060518,0.56314296,0.3866468,0.6461247,-0.3286855,-1.7924333,0.9117578,-1.1466318,-0.70875025,-0.95783097,0.8060041,0.74184537,-0.682124,-0.0015032599,-1.1623738,-1.1184447
ATCCTTAGTGTCACGG-1,0.11433889,0.3747959,0.9527263,-1.4440396,0.43231955,0.6051053,0.62149894,0.22697943,-0.7766479,2.75471,0.44306535,0.49698332,1.2694707,0.9582249,-0.090198934,2.698187
ATCGGCCAGGTTTGCG-1,-0.36622614,-0.29158616,-1.2138002,1.8989017,-1.2077035,-0.83098036,1.0604526,-0.8278505,-0.1796109,0.13438106,-0.3627187,0.31877804,0.7772616,-0.49883366,0.19586015,0.08231077
ATGAATGCAAGGTAAC-1,0.5425683,-0.46023962,0.5357193,-0.6911066,0.917073,2.0459182,0.054921705,0.74265563,0.5663749,-2.4015727,-0.71899885,-0.5233516,-1.3064559,-0.010556171,-0.71159947,-0.2384398
ATGACAACACTATGGC-1,0.8405273,-0.0008957088,0.33693472,0.8813696,-1.0483282,-1.9710652,0.6522233,-1.0119351,-0.58434117,-0.7613501,0.77638894,1.1599078,-0.3300158,0.45803696,-1.0457622,-0.74148136
ATGACAACAGCTCATA-1,-0.6551585,-0.51450765,0.3914044,-0.49139318,1.0209948,1.8645525,-0.30703664,-0.8344581,0.09253317,1.227867,-0.302821,-0.9476588,-0.33802396,-0.381931,-0.739444,1.1791706
ATGACCAGTTACTTGC-1,-0.16836095,0.8187614,1.5683753,-2.4896662,-0.28234506,-1.6676643,0.66257596,1.3862344,1.8621956,1.2072806,1.2371175,-0.58589965,1.1342809,2.0450513,0.56879956,-0.5000704
ATGAGCCGTTTCGCGC-1,1.4669442,0.7163534,0.6710273,0.67549765,0.7456285,-1.6866436,0.79614294,-0.9108492,0.52413934,-1.6273475,0.11186753,0.98463905,-0.84793323,0.4426437,-0.07684329,-2.0828037
ATGCAGGCAAAGGTAC-1,1.0160024,-0.07170866,0.38297385,1.1437869,-1.1895015,-1.5148754,0.56767267,-0.30206105,0.35035065,-0.93857384,0.4373514,1.5202794,-0.28874266,0.29254687,-0.2055954,-1.1035446
ATGCATTCAAGTAAGC-1,1.7793624,0.19481277,-0.15445927,-0.7780404,-0.12776181,0.4790939,-0.5838673,2.527237,0.48185825,-1.6553206,-0.21238923,1.3531108,-0.6793717,0.49010754,0.92150855,-0.45261925
ATGCGATTCATGACCG-1,0.3348739,0.078627884,-1.2647519,1.5659411,-0.9730917,-1.2517414,0.42512196,-0.115119785,0.7023723,0.39837706,-0.8180313,0.29145068,1.1020226,-0.5265895,1.8590634,-0.05948905
ATGGCCCAGACAAACG-1,0.2695944,-0.5598086,-1.3168534,0.46707103,-1.5959983,0.665174,-0.8140106,2.4321632,0.15068524,-0.53414285,0.043280277,0.6989107,0.11720428,-0.32596087,0.71197945,1.3090298
ATGGCTTAGCTCAAAC-1,0.9282203,1.1143095,0.20704329,-0.664897,2.1730134,-1.761853,-2.906625,-0.433011,-1.205212,1.7017143,-1.5057268,0.9245037,1.3048723,1.3758194,1.8558761,-0.20394157
ATGGTCTAGCGAGCGA-1,-1.1044548,-0.32247144,-1.3126005,1.1633537,-2.0937247,0.85529447,0.69482994,1.5407186,-0.5776861,0.386626,0.23293677,-0.573074,-0.06574465,-0.7255243,-0.5909257,1.2308928
ATGGTGCGTTACCTGT-1,-0.20687984,0.28986245,-1.8571081,1.8053317,-0.3270688,-0.6596005,1.1463294,-0.7280823,0.21825872,0.39281216,-1.1652163,-0.19046879,1.2546995,-0.81533796,1.4310038,-0.25950706
ATGTAAGCACCAACCG-1,-0.23566897,0.15677027,-1.232451,1.893182,-0.5569816,0.12658963,1.6584952,-0.0603299,0.10479125,-0.5234606,-0.49952266,-0.024627756,0.11765173,-0.989219,0.16030492,-0.62034404
ATGTAAGCAGAGAGCC-1,-0.04637602,0.41655594,-0.461595,1.0904241,-0.03426643,-0.90220976,1.8107355,-0.81139016,-1.9430451,-0.6462535,0.5519532,0.046928562,-0.5367487,-0.49971312,-1.9324543,-0.13000365
ATGTAAGCAGCTTAGC-1,-0.09236614,-0.6052986,-0.41722643,1.0098865,-2.1262577,-0.739969,0.38804704,-0.106512606,-0.6978252,-0.86659276,0.984236,0.667685,-0.44457743,-0.12103331,-1.5660257,-0.06858064
ATGTCAATCTACCTGC-1,-0.40973893,0.4036097,1.1440752,-0.01596725,2.8563511,-1.0462636,-1.1069505,-1.0377977,-0.11837638,2.0620277,-0.78763807,-0.6394205,1.0275602,2.056336,0.8713971,0.4442602
ATGTCAATCTTGTCTG-1,1.4565251,0.37782302,0.7464024,0.9821403,0.14281671,0.10425627,1.0372313,1.0887194,1.2621846,-2.1304107,-0.15822074,1.2603307,-0.8066938,0.3174286,0.6470484,-2.0012796
ATGTCATCACCTATAG-1,1.2332529,0.53635156,0.677264,0.80021274,0.081341445,-2.026432,0.76193875,-1.279974,-0.04160881,-0.46840256,0.35574287,1.1423078,0.0058253706,0.4372633,-0.059442587,-1.2700068
ATGTTGTCAGCAACAG-1,0.16525343,0.12856203,-1.2831097,1.7841203,-0.61406434,-0.27053726,1.1131728,-0.082371205,0.62778366,-0.19157955,-0.69780314,0.13178793,0.67110395,-0.59609705,1.220947,-0.5553464
ATTAACCCAAACAACA-1,-0.17110434,-0.053131156,-1.3701496,2.1703353,-0.61848044,0.42257345,2.1462338,0.36090308,-0.30113128,-1.2945421,-0.6472858,0.102208726,-0.0207777,-1.0313914,-0.08109155,-0.32402825
ATTACCGCATCATGTG-1,-0.14446265,0.040452283,-0.47328722,1.5208445,-0.9742684,-0.35213464,1.9163195,0.087340206,-1.0149738,-1.1036489,0.37894815,0.41973615,-0.46127135,-0.5124736,-1.3332887,-0.30380303
ATTAGCTCATAATCGT-1,-0.6440032,-0.52956605,0.77221596,-0.5119052,1.5866576,1.6423447,-0.6301651,-0.87967074,0.00018808618,1.1548991,-0.4458769,-0.75882393,-0.18965238,0.30957943,-0.2656348,1.1942878
ATTCACTTCCTAACGG-1,0.5934865,-0.53259885,0.107858896,-0.5928689,1.2606974,1.971714,-0.1276937,0.030931998,0.084324665,-2.10003,-0.71891606,-0.48333365,-1.413782,-0.18243113,-0.7295455,0.045220368
ATTCACTTCGGTAACT-1,-0.21549952,0.17243496,-1.9367458,1.6228896,-0.8819759,-0.51440465,0.052147776,-0.42681152,0.68074036,0.8164538,-1.374084,-0.3300734,1.4245064,-0.71019346,2.0776334,0.07325117
ATTCCTAGTGCTGTAA-1,0.25659713,-0.3875236,0.9782955,-0.3442542,3.150361,0.691522,-0.2582222,-1.7735028,-0.0559902,0.043117214,-0.7929313,-0.50685143,-0.06758589,0.8688625,0.16682243,0.07592559
ATTGAAGCAATAATCC-1,0.2427971,-0.49467728,-0.0591043,-0.07966901,1.8120849,1.8492546,-0.50751376,-1.0275675,-0.26597762,-0.05212779,-0.8142832,-0.82239944,-1.0032163,-0.32933915,-1.010944,0.12896195
ATTGCACAGTTAGAGG-1,1.9629605,0.89049554,1.1654053,0.5382629,0.91083467,-2.050599,0.58047223,-1.114386,0.47772056,-1.0747968,0.111472294,1.4675426,-0.4856671,0.98670554,0.31640893,-2.0037224
ATTGCAGGTACTGATG-1,0.31742668,-0.19632092,-1.667789,0.21560416,-1.006314,0.13949189,-1.7012936,1.6316228,0.3132673,0.32590246,-0.21130389,0.67913294,0.9676623,-0.2778656,1.7156205,1.76456
ATTGCGCCAAATGCCC-1,-1.0699142,-1.1600088,1.6492797,-1.6861608,-1.4254129,-0.4197536,-0.44221133,0.47521797,1.518056,-0.8523903,1.5230556,0.63186467,0.0034526233,0.10910937,-0.013417274,-0.47123438
ATTGTGATCAATTACG-1,0.4270984,0.44623822,0.40559196,0.52999747,-0.2867475,-1.8050064,1.3037999,-1.1295891,-1.5396547,-0.70482624,0.8791933,0.5189519,-0.5680722,0.15996501,-1.8446643,-0.3197502
ATTGTGATCATGCTCC-1,-0.30919105,0.4707369,-0.6904181,1.2878647,-0.09142051,-0.031664617,2.0011523,-0.16561921,-1.359501,-1.1033424,0.36032027,-0.22130409,-0.86302376,-1.0199538,-1.7757416,-0.6195265
ATTGTGATCGGTCATG-1,0.21248162,0.24932481,-0.3280862,1.4633362,-0.23929498,0.023367101,2.0032122,0.3078798,-0.8620724,-1.7999992,0.32824606,0.40391254,-0.98877525,-0.77235425,-1.3570004,-1.0376407
ATTTAGCCAATCCCTT-1,-0.24498102,0.3568012,0.21239018,0.25597507,-1.1584722,-1.9499538,0.5533503,-1.4168566,-1.4142927,0.5316077,1.0015136,0.25407138,-0.095813006,0.144423,-1.6057487,-0.02717958
ATTTAGCCAGGGAGGA-1,-0.26209033,0.037995026,-0.559193,1.446439,-0.5083072,0.21840525,1.8271801,-0.045601487,-0.6630223,-1.8704578,0.3277183,0.31393066,-0.98229337,-0.85359526,-1.4898255,-0.9982499
ATTTGCAAGGATTGCT-1,0.7569178,-0.5253447,0.49055836,-0.6940765,1.7553892,1.594862,0.30088377,-0.24975105,0.41999215,-2.5550067,-1.0310473,-0.6026902,-1.0537586,0.017767046,-0.6069567,-0.61899024
ATTTGTGAGTTGTCAA-1,-0.79395914,-0.5818753,-1.6269647,1.7737534,-1.6309357,0.024288649,0.5732792,0.884007,0.40476024,-0.10497688,-0.5881393,0.16505356,0.9977101,-0.54938656,0.9496595,1.0559443
CAAACCGTCATGAAGG-1,1.0596396,0.6739369,0.39202046,0.8077229,-0.038111493,-2.0990586,0.5165535,-1.5102882,-0.05191794,-0.4487759,0.4888926,0.7353834,-0.22536919,0.10528408,-0.19552028,-1.5017557
CAAACGCGTGGATTAT-1,0.66561604,0.2001965,0.15978941,0.89853895,-1.1571376,-1.2600617,1.0645204,0.47723442,-0.75734377,-0.9680804,0.99621457,0.9199948,-0.6272108,0.09395965,-1.2469162,-0.4216475
CAAACGCGTTATCGAG-1,0.39144972,-0.41293684,1.2240477,-0.9930707,1.9649489,1.265699,0.09679176,-0.68376434,0.71884966,-1.0199438,-0.9998281,-1.0054866,0.0027974136,0.6363241,-0.68380815,-1.3065276
CAAAGCGCATACCCGG-1,-1.0015595,-0.27246168,-0.42460454,-0.16774355,0.6593399,1.7560325,-0.839087,0.16138813,0.5244931,0.53498816,-0.56957495,-1.2857374,-0.7685199,-0.45789528,-0.6734202,0.43453872
CAACCCGCATAATGTC-1,0.24916077,0.14265622,0.8879508,-1.0949588,0.581182,1.1310675,0.79130673,-0.03093636,-0.74613553,2.453339,0.21498585,0.08169985,0.7972707,0.8141169,-0.3545557,2.2254553
CAACCCGCATTCCTCG-1,-0.93803525,-0.98114,1.3773817,-1.6571959,-1.3452421,0.058304906,-0.3970678,1.191854,1.0578167,-0.34166473,1.6978993,0.7496287,0.080886625,0.020710614,-0.10284666,0.4190368
CAACTAGGTGCTTAGA-1,-0.17080384,-0.85048586,1.6323819,-1.3387911,-1.3317559,0.35577446,0.5956105,1.384429,1.3705605,-1.9304891,0.91591513,0.6568285,-0.94164425,0.24322838,-0.40453815,-1.0151083
CAAGAACCAGCTAACC-1,-0.34755352,-0.1739994,1.5162525,-1.2678982,-0.012334611,1.9444077,1.3578534,1.0460038,0.6225966,-0.387726,-0.28337413,-0.8783882,-0.32469556,0.45378208,-1.1435536,0.060948547
CAAGACAAGCACAGCC-1,0.5172981,-0.34493753,1.7639427,-1.0714691,1.2322636,1.2968209,0.6496181,-0.19189608,0.8704146,-1.6456783,-0.64461637,-0.94428635,-0.5867003,0.73317516,-0.5282836,-0.63382876
CAAGGGAGTAACGAGG-1,-0.21113507,-0.28794128,-0.14083406,0.7801201,-1.7920346,-1.8079554,0.16539207,-1.2045859,-1.2800622,0.6605531,0.5358888,0.58129346,0.6689004,0.4546857,-0.97404534,0.62429404
CAAGGGAGTCTCAGCC-1,1.3763728,-0.18509889,-0.9542228,0.07857178,-0.9724964,-1.2519748,-1.7843997,0.1729742,0.53866464,0.43670052,-0.65721434,1.47896,1.7001173,0.5828124,2.4588895,0.44660062
CAAGGGAGTTGCAGTA-1,-0.9433589,-0.025991887,-1.5635237,2.0047927,-1.2110579,0.98799217,1.7454567,1.0487039,-0.017980814,0.009099878,-0.36681288,-0.26499885,0.34661755,-0.8161479,0.18390493,0.7665888
CAAGGTAAGTGACCTG-1,-0.3354614,0.54854786,0.739679,-0.725942,-0.88783765,1.5892774,1.1414342,2.3647761,-0.492405,-0.08935639,0.48802385,-0.5580065,-0.57135695,-0.22409084,-1.5970335,0.26805428
CAAGGTTTCATTACAG-1,1.0201063,0.8671725,0.4800413,0.73762155,0.3022309,-1.6701033,0.8695994,-1.0817783,-0.40984827,-1.2420954,0.84577847,0.7252419,-1.0097936,0.16285765,-0.9525675,-1.7274055
CAAGTAACAGGCGAGT-1,-0.6918639,-0.08857481,-1.0396564,1.5055465,-0.54142195,-0.7313502,1.3416128,-1.5252913,-1.3342179,-0.27214676,0.02336109,-0.024476686,0.14294828,-0.7904837,-1.1887058,-0.27525538
CAAGTTATCGCTAGCA-1,0.14801803,-0.49386334,0.21947637,-0.42375124,1.1194395,2.2120826,-0.0464835,-0.039972216,0.44211376,-1.3771075,-1.0849308,-1.0630242,-1.0911031,-0.29671362,-1.1215515,-0.096689574
CAATAAGCACATACTG-1,-1.0457821,0.27021992,-1.3247095,0.50569606,-1.5570592,0.029982189,-0.30278704,1.1433865,-0.23200788,1.1376668,-0.11191371,-0.59759986,0.75195026,-0.35198867,0.32662034,1.7378539
CAATAGCTCATAGCCG-1,-0.67230344,-0.5112337,-1.1596875,1.5363328,-1.6763151,-0.15264985,1.2556502,-0.26376203,-0.5868777,-0.7948957,0.38961923,0.18362221,-0.15773435,-0.8579934,-1.0375321,-0.1920025
CAATATGTCAAACCTA-1,1.3792713,0.5382407,-0.9790993,-1.2946187,-0.51782614,-0.9114277,-2.241539,0.99972427,0.69596064,0.369591,-0.5220045,0.67511874,1.0059624,0.58236396,2.15553,0.101503804
CAATCCTGTGCTGTAA-1,0.057551958,-0.41093075,-0.38837865,-0.51926804,1.4937911,1.6253073,-0.97047025,-0.79637563,0.39650196,-0.70899487,-1.0623791,-1.3971417,-0.7390317,-0.50595945,-0.6132112,-0.4584581
CAATCGCCACTTCACT-1,-0.15982696,1.3303096,-1.3399467,0.7877981,-0.5740952,-0.55807483,-0.92956716,0.68135315,0.37053663,2.258678,-0.9308576,-0.7546628,1.3600332,0.4907394,1.8336229,0.84506243
CAATCTAAGTTTGGGT-1,-0.2553186,0.16486576,-0.53451157,0.890571,-1.019189,0.19672179,1.7057849,0.57129884,-0.9882544,-1.5567397,0.43847582,0.1875512,-0.94242084,-0.6268363,-1.3154154,-0.54348457
CAATGAACATTTGCTC-1,-0.5457275,-0.23667082,-1.8210502,2.3010154,-1.2800027,-0.0110057555,0.8160281,0.08378889,0.46033898,0.23074439,-0.87723505,-0.053820826,0.89137626,-0.8438731,1.1556833,0.22536227
CAATGACTCCGGTTAG-1,-1.0835937,-1.4712765,1.5980568,-1.4640129,-1.8175588,-0.54669726,-0.39897117,0.23970228,1.2086716,-0.8740161,1.5895369,0.9387071,-0.017607432,0.10430144,-0.14614372,-0.18032926
CACAAGCGTGTTCCCA-1,-0.006883025,-0.4846763,0.23100962,-0.30844143,1.6278768,1.9767374,-0.30891752,-1.0217283,-0.05539985,0.849611,-0.48889685,-0.88834834,-0.63769937,-0.34354943,-0.85344255,0.6407138
CACAGGCTCATCCACC-1,0.3340143,0.31551126,1.698781,-0.34837174,3.335864,-1.0661442,-1.5071872,-1.1556358,-0.4134255,0.68356264,-0.9304872,-0.16334443,0.94463944,2.3489635,1.6114373,-0.58065915
CACAGGCTCTATCGCC-1,-0.60837114,-0.2676797,-1.9413848,1.5307351,-1.4864613,0.7357563,-0.14433652,1.3409574,0.69020045,0.20658451,-0.6156576,-0.38349235,0.8333086,-0.63751566,1.157406,0.6742488
CACAGGGAGGCAACAA-1,0.03300132,-0.07744067,-0.12161114,0.8421674,-1.4859136,-1.3224409,1.0593357,-0.48427442,-1.5346525,-0.6018066,0.90633184,0.4368985,-0.47558475,-0.018999778,-1.8159833,0.10478594
CACCAACCAGCATTAT-1,0.48448765,0.39592117,0.6429367,0.53637254,-0.7084763,-1.9645686,0.4941266,-1.5835981,-0.85599774,-0.3313976,0.9083241,0.612949,-0.41976354,-0.04149311,-1.2074347,-1.0145652
CACCTCAGTCCGGTTC-1,-0.9353142,-1.3082536,1.595675,-1.5910807,-1.714174,-0.18276736,-0.4373287,0.7046448,1.2326739,-1.0720818,1.7007123,1.0322232,-0.4059965,-0.032614596,-0.38238508,-0.037520077
CACCTGTTCACTCGCT-1,1.2539604,-0.64632547,-0.62874186,0.9942699,-1.1042724,-0.2604493,-0.1743084,1.6533034,0.7867163,-0.8292038,-0.069981664,1.9335132,1.0524119,0.23982842,1.8151456,0.8336265
CACCTGTTCTGCAACG-1,1.0072051,-0.21420085,0.31579512,-0.2311393,2.7928338,0.4012925,-0.5180585,-1.202735,0.45250857,-1.9194717,-1.6612728,-0.6950643,-0.6275691,0.39771682,0.4932297,-0.99252486
CACGCAATCGATATTG-1,-0.3767708,-0.0052713826,-1.2941126,1.9655621,-0.58364123,0.12215655,1.9276116,-0.01077269,-0.17330459,-0.6711521,-0.46877915,-0.016586188,0.122986756,-0.92364717,-0.007033065,-0.27854776
CACGCTAAGGTCCTGA-1,1.1766458,-0.112671584,-1.4044116,-0.46698356,-0.75509423,0.19000512,-1.7784925,1.9903743,0.02677301,-0.17126587,-0.110736735,1.1853993,0.73376447,-0.0021960512,1.4901743,1.2231134
CACTAAGGTGGAGCAA-1,-0.5288648,-0.51333404,-1.7881665,1.491772,-1.8720266,0.39794275,-0.10689181,1.3230369,0.2810618,0.34909856,-0.24126676,0.09664504,0.94327056,-0.55114365,0.83328557,1.3062907
CACTGACCAATTTAGC-1,-0.14646403,0.062846586,1.5853195,-1.3818872,0.18787195,1.6432276,1.3177719,1.0954082,-0.038647365,1.0963006,0.20696892,-0.3699013,0.52902675,0.7514939,-0.6732429,1.6375463
CACTTAAAGTCATTTC-1,-0.31055972,-0.06987156,0.58582056,-0.47221166,-0.9038157,1.9913628,0.63372016,2.2730703,0.13265124,-0.33577406,0.32195503,-1.0375586,-1.3200654,-0.33833814,-1.1483688,0.3513034
CAGAACCGTCACAGCG-1,-0.35548902,0.12772442,-1.3038938,2.0926604,-0.28553042,-0.69797444,1.8558791,-1.1812401,-0.82037866,0.31434414,-0.6279563,0.010893612,0.7627088,-0.8141053,0.15447626,0.0978453
CAGAATCTCAAGCTTA-1,-0.61887217,-0.63661975,-0.39297217,0.96375287,-2.1976814,0.662753,1.1407893,0.8741798,0.2167266,-1.3316834,0.38784218,0.43618727,-0.4503022,-0.3550009,-1.0604668,-0.32579798
CAGAATCTCGCTTCTA-1,1.8389459,0.80111873,1.3505901,0.5104656,0.8081202,-2.1624207,0.418692,-1.0048914,0.65824366,-1.2178268,0.32542813,1.4479823,-0.6545173,1.0491087,0.1334206,-1.8881676
CAGATTCAGCGGGCAA-1,0.2294538,1.4190084,-0.59698594,-0.12058307,-0.18336368,-1.9378849,-1.9486003,-0.5167879,0.083236806,2.6090775,-1.0359081,0.041670997,2.0699987,0.9275708,2.3732681,0.6409687
CAGCATGTCTACCTAT-1,0.3816094,1.720505,-0.75891674,-0.6722439,0.8903011,-0.5237775,-2.0092328,-0.679183,1.1625563,1.2778474,-0.82031393,-1.2379899,0.6830394,-0.08203608,1.8690555,-2.080058
CAGCCAATCATTGTTC-1,0.6932404,-0.45953172,0.05653324,-0.32627016,1.9448566,1.5660107,-0.34058318,-0.5938196,0.24445704,-1.7376342,-0.9535998,-0.77912366,-1.3962715,-0.15842816,-0.9002073,-0.30386105
CAGCCTTTCTAATCCT-1,0.4465364,0.1371305,1.0337839,-1.2949162,0.3907943,1.3573222,1.3384522,0.924935,-0.8588199,1.8071284,0.46988946,0.30001792,0.6043279,0.6788181,-0.38882652,2.4851804
CAGCTAAGTCCAAGAC-1,-0.62962866,-0.2583323,-0.7420709,1.4307764,-1.3849447,0.55365574,1.3178718,0.30911097,-0.6550189,-1.28871,0.41590017,0.35680896,-0.9011285,-1.1077579,-1.8629676,-0.46092147
CAGCTCAAGCTCGCTT-1,1.1053497,-0.061359517,0.21870846,-0.40851128,2.2365184,0.6389625,-0.8661473,-0.78222376,0.754157,-1.9085358,-1.5030154,-1.0310851,-0.8593153,0.34996688,0.096285425,-1.6715226
CAGGAAGGTCGAAGTC-1,0.9420155,-0.5725357,-0.9394498,0.65851045,-1.5334054,-0.58686686,-0.9573251,1.4270182,1.374028,-0.43727586,0.11899854,1.228405,0.5017742,0.03577125,1.8251657,0.2522848
CAGGAAGGTTCAAGCA-1,-0.94449353,-1.1584431,1.7590404,-1.6419985,-1.6672144,-0.2873497,0.21306412,0.62483466,1.209465,-1.2123065,1.5977011,0.70818865,-0.6046342,0.10314086,-0.7594967,-0.43360052
CAGGACACAAAGGCCA-1,0.21541163,0.24387518,-0.1985941,-0.041859493,2.5816498,0.6612792,-1.0528061,-1.496115,0.3378625,-0.13664943,-1.5475614,-1.3690326,-0.27010465,-0.29325038,-0.27765244,-1.5537353
CAGGACACATTTAAGC-1,1.536046,-0.2463522,-0.8820671,-0.06789981,-0.7572377,-0.035095826,-1.2472963,1.9819288,0.14583008,-0.665656,-0.15321784,1.6383138,0.4261642,0.33163813,1.5453427,0.9920268
CAGGGTGAGTGAGAGC-1,-0.26655504,0.032617223,1.3807166,-0.91923213,1.2010456,1.2422755,-0.14548972,-1.0756443,1.039926,0.69224703,-0.99850845,-1.7954432,0.24456415,0.5061525,-0.3104577,-1.0307887
CAGGTGGAGGATTTGC-1,1.4210961,0.22452839,-1.0686855,-1.3297356,-0.38799658,0.3766935,-1.5768094,2.3425472,-0.17316219,-0.6096397,-0.11942263,0.9310188,-0.19785382,0.15703137,1.0838406,0.71942246
CATAACGGTTGCAATG-1,0.8230472,-0.31182787,0.23153746,-0.73931843,1.1796126,1.1228092,0.1609647,0.0050986595,0.3324368,-3.3422322,-0.9430622,-0.75979537,-1.0056579,-0.04547323,-0.20266701,-0.7593672
CATAAGCTCATTACAG-1,-0.33249778,-0.88044906,1.4632446,-1.2931694,-1.5790042,0.5438055,0.4949561,1.6713966,1.1942737,-1.4408909,1.0372986,0.6652137,-0.83034015,-0.021314252,-0.65934706,-0.5741041
CATAAGCTCTACTAAG-1,0.52314955,0.5598823,0.07512904,0.6900993,-0.4971472,-1.7304424,1.0890205,-0.8202294,-0.9761413,-0.14685437,0.7489028,0.36964768,-0.24826685,-0.14950179,-0.9642046,-0.50201935
CATAGACTCATGAGCT-1,1.2217362,-0.13177401,-1.5876067,-0.014568518,-0.9953282,-0.93450105,-2.0741754,0.5387596,0.6589719,0.05221153,-0.5726464,0.9258833,1.1067166,0.005752111,2.3158903,0.34428373
CATAGCTAGCTATTAG-1,0.05574608,-0.3406011,-0.1949383,-0.3663048,0.5910272,2.3388042,-0.3487106,0.14111301,0.32804263,-1.0173547,-0.891672,-1.2365258,-1.5059919,-0.6175587,-1.175031,-0.12651816
CATAGCTAGGAGGACT-1,-0.22175243,0.06590158,0.45405263,-0.012843691,3.5326123,-0.44075143,-1.625808,-1.6797396,-0.38691413,0.8338567,-1.2484028,-0.8447978,0.22368671,1.388583,0.9987474,0.008758165
CATAGGCGTCCGGTTC-1,0.6364249,-0.5062225,-1.3028864,0.12600113,-1.3833717,-0.011081016,-1.5413103,1.6805769,0.32912272,0.025426138,0.072507784,1.1832545,0.96428394,0.038662985,1.540911,1.7672123
CATAGTCAGGAGGTTA-1,0.15046328,0.118263096,1.125251,-1.2365408,0.6090534,1.0498998,0.74850565,0.15191092,-0.6455471,2.336966,0.28049064,0.19908924,0.9737585,0.8614499,-0.23599754,2.1909904
CATATCGCAGTAATAG-1,1.150295,0.24146977,0.48843038,0.891901,-0.6815988,-0.9513786,0.7079763,-0.07045704,-0.114714965,-1.9093401,0.6305634,1.3016989,-1.1774076,0.02313985,-1.0776482,-1.5695643
CATCAATCAGCCTTGG-1,0.24385652,-0.4672561,0.023673162,1.1080496,-1.9386227,-1.2399211,0.38254637,-0.31572384,-0.46485472,-0.5576651,0.7940177,0.8536372,-0.12806706,0.26863992,-1.1503807,-0.2922881
CATCACACAACAGGAT-1,-0.84791696,0.59383446,1.0635209,-1.2069035,0.87764525,0.2517543,-1.0203507,0.33001906,1.7384853,1.0187149,-1.061358,-1.5722036,1.1270669,0.8285176,-0.3490787,-1.766744
CATCAGCCAACAGGAT-1,0.35635746,0.2967192,0.33112317,-1.0729722,-0.23672745,1.6250415,0.92787266,1.3330896,-1.074566,1.5827367,0.46845496,-0.22978278,0.19294417,0.13234907,-0.75228643,2.3975742
CATCATAAGTAGCCAT-1,-0.8517553,0.07470719,1.4099137,-1.2255983,1.0356437,0.8291478,-0.2386426,0.076794796,0.9902192,2.0862894,-0.21185125,-1.261581,0.9701652,1.0397582,-0.26050872,0.43289182
CATCATGCACTTCATC-1,0.67233574,1.1773885,-0.9178513,0.8607,0.35365364,-0.54850763,-0.0975178,0.9492333,1.1564528,1.1466713,-1.1295018,-0.16103956,1.1872083,0.3422094,2.0261574,-0.73091125
CATCATGCATGCTCCC-1,1.5560422,0.040698066,-1.0406408,-0.65401036,-0.4861585,0.34082407,-1.3867543,2.1126432,0.20618749,-0.9523298,-0.13023853,1.2126489,-0.2541235,-0.093030214,1.3842175,0.4614421
CATCCTCAGAGCCGGA-1,0.23901439,-0.91589695,0.52485377,-0.3874057,1.9934995,1.7672412,0.20336562,-0.85102814,-0.043507308,-0.971496,-0.7314578,-0.72655535,-1.021868,0.1650258,-0.9349934,0.7231184
CATCCTGGTATTCGCT-1,0.76174647,-0.3623575,0.035181485,-0.7317209,1.0599821,1.9197135,-0.5010822,0.31979942,0.58520496,-2.0086265,-1.1656682,-0.66858864,-1.2730916,-0.10520847,-0.5770106,-0.80353373
CATCCTGGTCACGAAC-1,1.0840272,-0.45164895,-0.65240705,1.860332,-1.3814542,-0.5827675,0.49642655,1.0101005,0.8642994,-0.4672351,-0.3644757,1.4078856,0.9805928,0.31944945,1.4570312,0.2534721
CATCCTTCAAGCCAGA-1,0.602195,-0.16246945,-0.021290906,1.2234969,-1.285893,-1.1764755,0.7057543,-0.72903764,-0.33293924,-1.2158599,0.52673805,1.050792,-0.5171534,0.16897994,-0.99740547,-1.0589588
CATCGCTTCTTAGTCT-1,-0.33225548,-0.13183753,1.019952,-1.0356371,0.20203462,1.7717503,0.6520764,0.18520649,0.14233243,1.4987792,0.040455766,-0.9689533,-0.038229305,0.22742221,-0.9751278,1.468113
CATGCAAGTAGGTGTC-1,-0.70670545,-0.40776265,1.4513166,-1.223077,-2.060264,-0.93936807,0.628327,0.584996,0.4359363,-0.7351742,1.5451189,0.46270114,-0.4436341,0.36104754,-1.5672041,-0.04061529
CATGCATAGGGTGGAT-1,0.06061172,0.21964607,-0.19933178,0.81213325,-1.3461459,-1.8369725,0.37896943,-1.2033895,-0.22790602,0.13642052,0.83319306,0.041864023,-0.12730858,-0.319531,-0.58250487,-0.66903245
CATGCGCAGGCGCTTA-1,-0.052353695,-0.29503062,-0.3643243,-0.18476996,2.0723224,1.4273202,-0.6508762,-1.1172879,0.0065681003,0.19638985,-0.93937784,-1.1179059,-0.7083215,-0.34821373,-0.43332756,0.03700065
CATGGATTCCCTCATA-1,-0.0735489,-0.096736796,-0.9895488,1.7295511,-0.8663212,0.74022603,1.8817811,0.9626901,0.31918877,-1.6582123,-0.64567345,0.39579153,-0.122946665,-0.7148162,0.17129065,-0.8246025
CATTATCTCAATCTCT-1,-1.2611816,-1.469499,1.5147846,-1.4623318,-1.8017819,-0.30470502,-0.6360792,0.24208835,1.4589927,-0.55831146,1.5127046,0.82909966,0.17563805,-0.01605228,-0.006294862,0.006530883
CATTATCTCGTTAGCG-1,-0.6403878,0.55881166,-1.4375925,1.3879812,-1.0896356,-0.6143218,0.45382255,-0.0006538518,-0.33820468,1.9373586,-0.54958487,-0.25996378,1.5573539,-0.20325479,1.0549458,1.5846951
CATTCCTCACACAATT-1,0.58154505,0.6581689,-0.3801909,1.5525153,0.2545984,-1.4104234,1.2762179,-1.6988568,-0.53532386,-0.7019665,-0.068794146,0.3550756,-0.289221,-0.5095271,-0.39465165,-1.2623959
CATTGTAAGTAACGGA-1,1.0334369,-0.17911509,-1.3097657,-0.18511009,-1.0038501,-0.54431343,-2.1611235,1.1747079,0.29414594,0.24949221,-0.35688445,1.1665336,1.264852,0.1184462,2.0659246,1.24949
CCAAACCCAATATACC-1,0.4046192,0.40065357,0.5840552,0.62252116,0.023312327,-0.82991606,1.4759786,-0.37734026,-0.8861488,-1.8848685,0.95997745,0.74834085,-1.2172852,-0.39768845,-1.7811203,-1.0994953
CCAAACTAGACAAGTG-1,-0.17223814,-0.44297594,-0.35564506,-0.20939393,0.42600375,2.4468098,-0.27701986,0.47467917,-0.36186922,-0.46897012,-0.2610116,-0.97379076,-1.875808,-0.84048146,-1.1647055,0.80354
CCAAACTAGGGTTAGA-1,1.0366362,-0.16812007,-1.6550798,0.4160096,-0.5783504,0.32575482,-1.3417226,1.6815174,0.4007768,-0.52867925,-0.5932889,1.0796225,0.7359996,-0.15127014,2.1745167,1.0768101
CCAAATCAGATAACCC-1,0.3010903,-0.16150208,1.9922267,-1.1637309,1.2444177,1.4191067,1.2139184,-0.054530323,0.16894269,0.60730016,-0.080543116,-0.14554253,0.62896293,0.96366835,-0.37094697,0.830757
CCAACATAGCACCACA-1,0.09180386,0.18909624,0.66169256,-0.9885293,-0.85601234,1.7779057,1.656858,2.758267,-0.40633067,-0.55393875,0.48823914,-0.42790216,-0.87655556,-0.087889686,-1.3969369,0.5765966
CCAACCAAGTCGCTAG-1,-0.36190122,-0.18132293,0.5808749,-0.69344556,0.6747935,1.8749306,-0.040332645,0.15764128,0.9885334,-0.05590409,-0.8001843,-1.5881633,-0.45444804,-0.15439585,-0.8341469,-0.43029672
CCAAGGCTCCATTACT-1,-0.10468425,-0.33224073,-0.39611906,-0.35293812,0.67926455,2.4241064,-0.52191806,0.15449305,-0.42406178,0.35237366,-0.3222584,-0.81891346,-1.3592005,-0.7660954,-1.231991,0.7088509
CCAAGGCTCGCGCTAA-1,-0.97899866,-0.057564892,-1.7304579,1.4626817,-1.6731172,0.70100653,0.81626946,1.2861688,-0.20069279,0.33219585,-0.3492846,-0.5203048,0.40416628,-0.918188,0.18256986,0.7871034
CCACAATAGCCTGAGC-1,0.48771274,0.16319078,-1.036293,-0.31831053,0.24964823,1.3615057,-1.095353,1.3057023,0.31435823,-0.24125212,-0.5713544,-0.14046332,-0.28830558,-0.30524093,0.6214299,0.30542785
CCACACAAGAGGCTAA-1,0.09232573,-0.23515324,-1.0547113,1.7425199,-1.4571314,-1.6234024,0.35835707,-1.2637227,-0.0066934153,0.6891361,-0.4121075,0.46500266,1.0862064,-0.024589967,0.83153665,-0.09882659
CCACATTGTCAATAGT-1,-0.050652362,-0.6664072,0.52350473,-0.5010382,0.6536829,2.307498,0.113740705,0.22974966,0.23347697,-1.4614787,-0.41443503,-0.91319895,-1.3581746,-0.27816352,-1.1425009,0.38726497
CCACTTGGTTTACCGT-1,-0.20077974,0.36513075,-0.6119052,1.2946956,-0.22174583,0.32884812,1.8738868,0.15732986,-1.1195195,-1.4740074,0.419724,-0.041535635,-0.9727649,-1.102546,-1.8155842,-0.85858643
CCAGACTCAGTAGGTG-1,1.8078692,0.7769754,0.40241623,1.0748651,0.4888351,-0.43160546,1.1484591,0.22322908,1.4565637,-1.6562641,-0.9151864,1.0890689,0.02387226,0.34380126,1.5567367,-2.0675974
CCAGCCTGTAGGTTGC-1,-0.1783728,0.3144638,-1.4110298,2.3193717,-0.44941908,-0.6425245,1.3752747,-0.82724595,0.11606476,0.3125768,-0.80908334,-0.075272694,0.6079402,-0.95304644,0.63529956,-0.6394557
CCAGCTAAGAGGAAGG-1,-1.7812213,0.41527638,0.99237746,-1.6021521,-0.55713916,0.15322573,-0.71570414,1.094895,1.4114239,2.1256495,0.07617617,-1.1083417,1.4987514,0.7993157,-0.0034606028,0.72711074
CCAGCTGCAAAGCTAA-1,0.9932842,0.21417898,-0.89064324,-1.0087032,-0.6884773,0.5626522,-1.1131765,2.764566,-0.28127176,-0.9056316,-0.09832388,0.7721039,-0.5888198,-0.07919154,0.46158153,0.77467
CCAGGAACATTGTGCA-1,0.8214364,1.0027633,0.18256745,0.37804824,0.12642723,-2.7671304,-1.0751271,-2.2335625,-1.3150427,1.6532164,-0.7286624,0.9112573,1.8212306,0.51191664,1.4863949,-1.0253465
CCATAAATCACGCATG-1,-0.04973186,0.6699977,1.4021733,-2.4950342,0.004174359,-1.7533984,0.54226005,1.1845481,1.9930723,0.6365917,1.2779524,-0.6917409,0.96597946,2.0404592,0.73259574,-0.9252492
CCATAAATCCCTCATA-1,-1.2131139,-1.5431077,1.5544262,-1.4447322,-1.9096761,-0.0929946,-0.45243987,0.37202024,1.4358566,-0.582589,1.7057195,0.815374,-0.10526049,-0.09030336,-0.23856845,-0.05710476
CCATAAGGTCTAACCT-1,0.5525384,0.65756524,-0.058628295,0.8216262,-0.42047787,-2.0950894,0.10049172,-2.5089235,-0.2930813,0.6592207,0.41348827,0.22802141,0.20341124,0.23812804,-0.1393108,-1.2191187
CCATAGCCAATATGGA-1,1.0996928,-0.34472495,-1.1711535,0.29734468,-1.205222,-0.39110103,-1.5095158,1.5435745,0.27669084,0.025830965,-0.22693709,1.3884681,1.060848,0.42994604,1.6521952,1.2721627
CCATATTTCCTCCTAA-1,-0.6915639,-0.13955164,0.5122866,-0.8805729,0.011639829,1.9743793,0.18880892,0.3014409,0.08857046,1.3895583,-0.0869027,-1.1857381,-0.29493958,-0.23944005,-0.88960433,1.5687325
CCATCACTCTTCAATC-1,1.0617087,1.2816472,-0.41993952,-0.24054143,-0.82797056,-2.1414294,-1.119268,-0.12985122,-0.031746503,2.2350988,-0.66005385,0.46417066,1.7321992,1.2732956,1.8879201,0.8207406
CCATCATGTAACCACA-1,-0.013284732,0.32723358,-0.706696,1.3639,0.04478737,-1.564601,1.1767595,-2.1424196,-1.2669122,0.44655353,-0.18729573,0.24464566,0.6770101,-0.15576112,-0.33267474,-0.5932087
CCATTATTCTAACTGA-1,-0.13362986,-0.30618095,-0.39410204,0.7311208,-1.9730778,-1.5274311,-0.123283856,-1.0029789,-1.1121681,0.25565186,0.80580735,0.46823567,0.31106794,0.12848558,-0.98496306,0.42509782
CCCAAACCAGGACCTT-1,-0.7932826,-0.1164708,1.1587858,-1.1000395,0.44538063,1.559541,0.23880701,0.7598425,0.96576774,1.411031,-0.3737664,-1.3408834,0.49879864,0.4881366,-0.8874597,0.60810196
CCCAGCACAATCATGT-1,0.061388873,-0.7048928,1.5490862,-1.021975,1.1684914,1.4830259,-0.35977858,-0.37257046,0.9859291,-0.49542636,-0.648566,-1.0570109,-0.37083393,0.8397449,-0.52768135,-0.8103129
CCCAGTTTCCTCATCA-1,1.5806365,0.08982981,-1.0713265,-0.93843067,-0.2814478,0.29377723,-1.5317845,2.1632304,-0.022669459,-1.06177,-0.26641083,1.3078046,-0.16923237,0.0048256405,1.5120298,0.53871036
CCCGCAACAGTTGCGT-1,1.6876526,0.335827,0.59442407,0.8306148,-0.333299,-1.6158303,1.0400461,-0.34464538,0.43643075,-1.5496001,0.5633756,1.3920038,-0.6869656,0.6054748,-0.066292636,-1.4338903
CCCTCACCAAGACTCC-1,-0.8692272,-1.5029771,1.4584808,-1.4971687,-1.2961042,-0.34255996,-0.58279586,0.4281022,1.508255,-1.3860688,1.4524975,1.2813303,0.102688655,0.19899297,0.38371187,-0.60885024
CCCTCACCAATAACCT-1,0.3347941,-0.21477076,0.86422324,-1.0626323,0.6884727,1.6896689,1.0792823,0.8670275,-0.7163241,1.2096131,0.37583438,0.11529466,-0.12529217,0.5276582,-0.5724844,2.370349
CCCTCAGTCGGTTTGG-1,-0.3130716,-0.67438173,-1.3108195,2.1743908,-1.7231867,-0.23915789,1.0908377,0.28838357,0.24077016,-0.26887965,-0.39293644,0.56486475,0.81132233,-0.48320538,0.54872006,0.36486846
CCCTCATAGTGACCTG-1,-0.8626915,-1.174588,1.9782035,-1.4793191,-1.484918,-0.31058133,0.12239064,0.4797189,1.4672334,-1.1960195,1.5023015,0.7945416,-0.3413868,0.07101248,-0.46242392,-0.8205909
CCCTGTTAGTCGCAAT-1,-0.31325036,0.48207104,-0.8542876,1.5262178,-0.40313104,0.1413211,2.0592203,0.3452086,-1.4871902,-0.51451313,0.3044824,-0.002635559,-0.43016404,-0.78539515,-1.6921089,0.22810502
CCGATGCAGCGAGTAA-1,-0.88416654,-0.5214808,1.9944289,-1.7990441,-0.48592967,-1.6383756,-2.3139167,-1.1470537,0.52186286,0.5525577,1.1815423,1.0817876,1.4952862,0.6826756,1.5234642,-0.9579905
CCGCAAATCATGCAAC-1,-0.17617446,0.24720004,0.6219934,-0.843748,-1.116143,1.7267294,1.1007037,2.5534725,-0.3706758,-0.16938058,0.42163688,-0.3721677,-0.6129136,-0.18414602,-1.5599766,0.671136
CCGCAAGGTAATCCCT-1,-1.2717199,-1.2417223,1.3073105,-1.3568492,-2.0040436,0.099864334,-0.03155325,1.1403774,1.1522019,-0.7459425,1.4828804,0.55660343,-0.477562,-0.11009209,-0.89802337,0.13501024
CCGCACACACTTCACT-1,0.42084786,-0.45865044,1.2050836,-1.3668739,0.6023401,1.5696344,0.71897364,1.2470165,0.8008059,-2.0277886,-0.2838775,-0.45776415,-0.9299205,0.6669683,-0.50402606,-0.50367177
CCGCACACAGTTTCTC-1,-0.5881884,0.058304846,-2.1627917,1.848011,-0.9652131,0.49227238,0.51388764,0.72334635,0.7505,0.16822469,-1.0448979,-0.59318745,0.661257,-1.0354812,1.5459311,0.10761334
CCGCACACATGTTTGG-1,0.06780203,-0.5291441,2.1305466,-1.5575188,-0.4310134,-0.0286046,0.44165808,0.81717753,1.6364728,-1.8637518,0.86206174,0.88963616,-0.6899712,0.6312028,0.52364516,-1.516568
CCGGTAGGTAATGACT-1,0.3362472,0.36725658,-0.36443126,1.2101257,0.3435917,-2.1028602,0.69684815,-2.6587996,-1.1109217,0.64669603,0.07115753,0.47471023,0.37678838,0.13359402,0.12738833,-0.77832806
CCGGTAGGTCGTTACT-1,-0.67082787,0.040033776,-0.9608916,1.3292422,-0.70445883,-0.8516897,1.4260372,-1.0981195,-1.6339872,-0.34463722,0.39020813,-0.13383898,-0.12911724,-0.80268264,-1.6638851,0.04444421
CCGTTACTCATCCTGC-1,0.89815104,0.023013042,0.43733117,0.7869039,-1.3494666,-1.7497202,0.6594492,-0.4854715,-0.58490986,-0.71408194,1.0753438,1.0881208,-0.5432338,0.48307365,-1.073176,-0.54452384
CCGTTGCGTTAGAGCC-1,-0.7839018,-0.413124,-1.8162031,2.0142329,-1.7315342,0.4915412,0.7812344,0.68525374,0.08098999,0.28804946,-0.4637877,-0.070798345,0.7924692,-0.7826499,0.51340675,0.7433158
CCGTTGCGTTTGTCTA-1,0.65447766,-0.28297907,-1.2544494,0.41142973,-1.3031096,0.53365016,-0.5491651,2.5586057,0.30370554,-0.5675137,-0.23410405,0.8313554,0.30725443,-0.1061976,0.82196534,1.286516
CCGTTTGGTGCTTTAC-1,-0.32385966,-0.17511539,-1.4027678,1.8319905,-1.1260929,-0.62118155,1.0058596,-0.56716436,0.030463748,0.059281126,-0.6245875,0.17844072,0.91344416,-0.6374258,0.7886537,-0.013956577
CCTAAAGGTACGGGTT-1,0.22238785,0.66166306,0.46580398,0.476008,-0.49401855,-1.4682229,1.3450446,-0.22768152,-1.5280071,-0.6045798,1.1691926,0.43326333,-0.6278105,0.06894521,-1.809247,-0.25813752
CCTACTGGTTAATGCG-1,0.24089149,0.3277278,-0.29136568,-0.44574106,1.4369464,1.306102,-0.36961082,-1.0861518,0.95688784,-0.39031202,-1.3118184,-1.6876192,-0.30957773,-0.68054473,-0.5918615,-1.6627369
CCTACTTCACAAGCCT-1,-0.29539245,0.5124496,-0.7977789,1.446095,0.42168432,-0.4581777,1.9737384,-1.3824936,-1.2302341,-0.74186814,-0.0507185,-0.23169076,-0.25943202,-0.9319756,-1.2074587,-0.85390687
CCTACTTCACAGAAAC-1,-0.45408428,-0.004097581,1.29843,-1.0391223,0.8393861,1.3301092,0.109835684,-0.15035559,0.4786109,1.9461235,-0.24082392,-0.8352625,0.7398386,0.664882,-0.48900062,0.81942344
CCTACTTCAGGAACCA-1,-0.28502512,-0.1985979,-1.0052438,1.7855575,-1.2986665,-0.96901274,1.1728358,-1.0879614,-0.43560275,0.012718059,-0.028889425,0.26560688,0.38347203,-0.6544455,-0.1318623,-0.40732652
CCTAGTTGTGGGAACA-1,-0.50764585,-0.29667884,-1.533186,1.6834778,-1.4486184,0.82636917,0.628384,1.2118483,0.7095093,-0.43928838,-0.50527364,-0.1252649,0.3079824,-0.83095044,0.9267793,0.14543155
CCTATTTAGCTTCTCA-1,0.37186298,0.46905518,-0.6923012,1.8422978,0.19718897,-0.82003355,1.8671303,-1.0518568,-0.1604345,-1.0213186,-0.24222922,0.31579563,-0.4214141,-0.6435879,-0.25537163,-1.342525
CCTATTTAGTTACTTC-1,0.7282487,0.17913628,1.1651816,-1.2964475,0.72436225,1.1178353,1.5022786,0.7031024,-0.9283457,1.3029935,0.45285523,0.26349002,0.2758251,1.1959894,0.16970204,2.0204182
CCTCAGTTCCGGAACC-1,0.35853276,0.5052129,0.078856595,0.7922394,-0.95134115,-2.015245,0.817294,-1.1061192,-0.6378664,-0.16712539,0.6263294,0.40159696,0.09029965,0.056256197,-0.8426312,-0.72354746
CCTCCTGAGGCGAATA-1,-1.6960416,0.857673,0.34671846,-0.7364334,1.2485893,-0.27090496,-2.4410691,-0.37237406,0.58955675,2.7404013,-0.8789302,-1.2826517,1.5052179,0.90262985,0.7355768,-0.23718606
CCTCCTGAGTTGGCCA-1,0.34825075,-0.33481765,0.5370662,-0.6078715,2.6782835,0.6457015,-0.6530664,-1.1213574,0.7447404,-1.4054782,-1.3353381,-0.9762347,-0.37311384,0.38811362,0.010573486,-1.2788715
CCTGAATAGGGTGAAC-1,-0.5049701,-0.13330102,0.31755218,-0.57450855,1.4780548,1.3436519,-0.5721791,-0.6588727,0.94072056,0.7196761,-0.9506606,-1.6433806,0.046298176,0.11236052,-0.4820118,-0.47808766
CCTGACTTCCAGGTCA-1,0.15945077,-0.007582579,-1.2478732,1.519731,-1.1356223,-0.6394692,0.7728025,0.25758898,0.33342725,-0.39730927,-0.21515033,0.1971024,0.3305093,-0.59462494,0.6287385,-0.23894982
CCTGCTCCAGTTATCG-1,0.028189272,-0.2901345,0.23878585,0.04558643,3.3325405,-0.18482277,-0.8344637,-2.0114956,-0.096365854,0.055234697,-1.5024981,-0.96565825,0.17546125,0.9431785,0.958554,0.27741024
CCTGCTCCATAGCGGA-1,0.6588609,-0.005607955,-0.9607471,-0.7180402,-0.9278157,0.6847471,-1.0418475,2.7231016,-0.15180358,-0.8581481,-0.0021070186,0.580367,-0.63442224,-0.359419,0.2793637,0.75145733
CCTGGATCACAACCTA-1,1.7272604,0.14073442,-0.51806194,-1.0004466,-0.009486437,0.40265983,-1.392369,2.1134517,0.4711935,-1.5866466,-0.1544192,1.4102201,-0.34921217,0.23717135,1.4765205,-0.2844223
CCTGGATCAGTAGGTG-1,0.118433625,0.51249737,0.18274778,0.4458757,-0.7724569,-2.3521113,0.17762673,-2.1062584,-1.1699533,0.772143,0.7919376,0.3340172,0.35328948,0.22717315,-0.86358356,-0.45879257
CCTGTAACAATTAACC-1,0.9572258,-0.39852995,-1.4118639,0.109949455,-1.1013584,0.23826437,-1.7032528,1.7172449,0.36493042,-0.2817816,-0.28424716,1.1513908,0.7477565,0.00082477625,1.6828259,1.1491804
CCTTAACGTGTTGCTT-1,1.386302,0.44450083,-1.2004662,-1.3822236,-0.35473984,-0.6436456,-1.9998535,1.7428882,-0.39684024,0.07204667,-0.17365766,1.008686,0.46099198,0.44047263,1.3697276,1.2088499
CCTTCGTAGCTTACTT-1,0.46587288,0.6643837,0.78965205,0.64723384,-1.2422607,-1.9379778,0.59376675,-0.6914482,-0.37573886,0.37768996,0.70816684,0.724465,0.36484352,0.50968015,-0.6309556,-0.50536793
CCTTTAGTCTGTTCAT-1,0.21964388,0.17897025,-1.7432417,0.7118108,-0.72354686,-1.2512709,-1.5133561,-0.54607916,0.8318515,0.7924842,-1.1933069,0.094296046,1.6242273,-0.3154903,2.5550082,-0.08559011
CGAAGCCTCAAAGGCA-1,1.187807,0.10896239,-0.92524445,-0.9363693,-0.5206152,0.61078495,-1.1888428,2.6533403,-0.14135987,-1.1201634,-0.24337636,0.99077153,-0.5804867,-0.15373209,0.69765425,0.67540246
CGAATCTAGGACCAGG-1,-1.1553738,-0.18073618,0.6681031,-0.7830272,0.16500516,1.9555997,-0.2938301,0.42140502,0.87320805,0.75148845,-0.4074239,-1.5158417,-0.42613816,-0.16737273,-1.0627172,0.3234725
CGAATCTAGGATGATG-1,1.78213,0.35383606,-0.64447224,-1.0778804,-0.10575648,0.44702977,-1.186969,2.4320316,0.10904656,-1.3175309,-0.18018639,1.1927719,-0.43161142,0.12150058,1.1832297,0.03555301
CGACAAGCATAATGTC-1,0.27524477,-0.32828075,-0.5153225,1.1255039,-1.4753466,0.88504887,0.78291446,2.2069771,0.7924124,-1.647512,0.024763014,0.7574712,-0.6123369,-0.38103664,0.074757524,-0.2583133
CGACAAGCATTAAGTC-1,-1.4028108,-1.3582547,1.23825,-1.1650807,-2.2165418,-0.13660504,-0.38723707,0.7562783,1.1422791,-0.51727355,1.492404,0.5564109,-0.26632085,-0.107544586,-0.8483115,0.20989162
CGAGCGAAGAGAGGCT-1,-1.3022113,-1.2272352,1.5510781,-1.4380879,-1.9858804,-0.1813139,0.25078866,0.6263975,1.2770123,-0.8734373,1.4084512,0.5030465,-0.5387913,-0.07571556,-0.9372473,-0.01597717
CGAGCGAAGTACCGCA-1,0.23607817,-0.20137477,0.07845769,-0.12873416,3.201097,-0.117961705,-1.3386154,-1.7374501,0.19080019,-0.7382141,-1.896949,-1.0823781,-0.215676,0.71662045,0.90586853,-0.525889
CGAGCTGGTAACCACA-1,0.4471737,-0.5162451,-1.6042973,0.82115316,-1.5781429,-0.45062032,-1.4662428,0.5513147,1.3329458,-0.41262037,-0.3737606,0.52523655,0.66106164,-0.42316237,1.8149679,-0.22107112
CGAGGTGAGTCACTAA-1,-0.1731495,0.20504513,-0.67516553,1.7825975,-0.27756917,0.04417061,2.1396847,-0.16653082,-1.1547575,-1.3408219,0.0745796,0.3733098,-0.5823744,-0.7421123,-1.3535835,-0.7868227
CGATTTGCATAGACTT-1,-0.7912226,-0.07885406,-1.5702677,1.9900773,-1.1421283,0.9333916,1.6429719,0.98156774,0.5187443,-0.46632388,-0.6620476,-0.2732846,0.32627854,-1.1311231,0.58157706,-0.22279686
CGCAAATTCTAATCCT-1,1.1388113,-0.20902629,-0.95475924,0.53291047,-0.89873075,0.8340905,-0.22802344,2.6245177,0.71366227,-1.2440119,-0.24002239,1.0177038,-0.1355165,-0.16451107,1.2193925,0.48477507
CGCAATAGTGCCTCAC-1,0.61138976,-0.5019401,-1.107913,0.843156,-1.6700401,0.5181552,-0.3518831,2.3222742,0.08486151,-0.49315923,0.2754516,0.9728755,-0.03737008,-0.1701363,0.5022428,1.3975625
CGCACAATCCCTCAGT-1,1.6789334,0.9546955,0.5902381,0.4066555,0.22626853,-2.5603588,-1.0688274,-1.6088715,-0.06676236,0.85903347,-0.7270615,1.4540863,1.4057958,0.80562615,2.3064795,-1.6161046
CGCACCACACCTGGTG-1,0.8177393,-0.4455588,0.98083913,-1.9554553,-0.41946048,-1.5138607,-2.7789023,-0.4763754,0.4445332,-0.060740907,0.71595436,1.202552,0.8685564,0.9566467,1.9945889,-1.1403579
CGCACCACATCGTTCT-1,1.0564195,-0.2497284,0.43398178,-0.73923075,1.7625484,1.116908,-0.015059181,-0.50490874,0.7424669,-2.7280657,-1.1339707,-0.65475416,-0.79903114,0.01124274,-0.15281393,-1.3388598
CGCATATAGTTATGTG-1,0.6477637,-0.12738761,-1.5737029,1.0808952,-1.1837001,-1.1114008,-0.65702283,-0.23295635,1.0874097,-0.13015763,-0.6502967,0.5686776,0.86097133,-0.53245246,1.876831,-0.122262135
CGCATGATCTTAGTGA-1,-0.076025814,0.35616732,-2.1777334,1.3915405,-0.53195804,-0.09602109,-0.25965622,0.1524931,0.884516,0.42445636,-1.4772749,-0.41795248,1.1470196,-0.7639029,2.2622218,-0.019884616
CGCATTACAGCCAGAA-1,-0.04098064,-0.16331172,0.9886775,-0.8851418,0.9978441,1.9529092,0.06737382,-0.07919406,0.9464042,-0.08813331,-0.98596084,-1.3438132,0.040119775,0.1412947,-0.87318265,-0.7275847
CGCATTACATCTAGCA-1,1.1057054,-0.51622283,-0.8391817,0.60151047,-1.2726076,-0.06765204,-0.8550576,2.0618224,0.50241876,-0.50760674,-0.012932645,1.6080552,0.61517763,0.0638517,1.530169,1.2283616
CGCATTACATTGTGAT-1,-0.27461523,-0.24841475,-1.3900008,0.94805866,-1.4331071,1.0499059,-0.0791498,2.4562988,0.75509423,-0.6399909,-0.3149078,-0.10927472,0.13432398,-0.63073635,0.8485007,0.6754495
CGCCAAATCATGACCG-1,-1.0228728,-1.1574497,1.6661282,-1.6255088,-1.2114332,-0.49217084,-0.5271148,0.2931584,1.6092813,-0.8352469,1.533882,0.7478576,0.11260079,0.27743292,0.28910628,-0.81533337
CGCGATTCAGGCTTGT-1,-0.061725818,-0.38155237,1.0334535,-0.7963277,0.024896432,2.0969052,0.88295925,0.41197464,0.7730597,-0.8981843,-0.6625109,-1.5586488,-0.7628329,-0.09339008,-0.98481345,0.5114371
CGCGGATTCGTTTCGC-1,0.24472779,0.5902342,-1.6368387,1.4541037,-0.19254032,-0.92102087,0.2014031,-0.7846148,0.83980435,0.657432,-1.4248468,-0.27064806,1.0189102,-0.6981452,2.241649,-0.9926822
CGCTAACCATAACGGG-1,-0.7651876,-0.07636519,-2.042625,1.8146611,-1.224154,0.2687581,0.26920336,0.6433246,0.6320839,0.4206214,-0.7677754,-0.53003114,0.8707791,-0.9686786,1.3128562,0.3854496
CGCTAATAGTTTGCGG-1,0.1413654,-0.2986741,-0.3508352,-0.13374282,-0.6267762,2.2164063,-0.19042614,2.071391,-0.17577288,-1.5683756,-0.112096265,-0.31934714,-1.6664155,-1.0165477,-1.0761471,0.29045904
CGCTACTTCTAAGTCA-1,0.066994235,0.032504484,0.070543,0.64609647,-1.2943971,-2.342776,-0.028113753,-2.034399,-0.7640203,0.64539886,0.6355913,0.6122811,0.4675101,0.15081349,-0.29032236,-0.4967212
CGCTCAGCATAAGCAA-1,-0.21642703,-0.24247704,0.098752424,-0.43784863,1.3015453,1.6207862,-0.8159584,-0.69735944,0.99731517,0.16879238,-1.1714313,-1.7838249,-0.2805053,-0.049935117,-0.45543757,-0.61017585
CGCTTCTAGGCTATGT-1,-0.12996718,0.18484831,-0.4971587,1.1883597,-0.14288759,-0.7921084,1.7598333,-0.99702275,-0.8221426,-0.81467927,0.51185393,0.24245356,-0.54664683,-0.77802473,-1.030757,-0.51503694
CGGACCTAGCTAATTG-1,-1.2917874,-1.3412628,1.6447191,-1.4367903,-1.4991455,-0.48611218,-0.41202992,0.041570343,1.7920198,-0.7924135,1.6049974,0.6135775,-0.0362117,0.17488998,-0.13031112,-0.74227023
CGGACCTAGCTTACTT-1,0.4879241,-0.6501509,0.7961712,-0.866561,1.7063589,1.1797558,-0.5442027,-0.40185422,1.0691606,-2.1227288,-1.0470879,-0.9217416,-0.839568,0.47316018,-0.28819382,-0.99114645
CGGATAAAGTTGGATC-1,-0.2679929,0.2376337,0.29730254,-0.89879304,-0.01268705,1.2327063,0.021868551,0.27591655,-0.89460367,2.827554,0.32469213,0.08953298,0.96372634,0.33963934,-0.3073933,2.7219439
CGGATTAGTTGTTGCT-1,-1.1905206,-1.201196,1.6914134,-1.5120616,-1.6008992,-0.20705226,0.15526181,0.39830202,1.2729394,-1.358902,1.3272295,0.5359496,-0.50054896,-0.034994826,-0.9300513,-0.5591768
CGGCAATGTCCACAAA-1,0.36211497,-0.12838498,-0.927418,1.4702983,-1.1122754,-1.5528382,0.2239781,-0.8279701,0.267804,0.79274136,-1.2422186,0.783425,1.9429482,0.27556193,1.8204415,0.15670606
CGGCCATAGGCAGGTG-1,-0.29271704,0.36823106,-1.8553382,1.8002267,-0.13494241,-0.3242594,0.4312315,-0.09964733,0.33632788,0.88180923,-1.5857639,-0.25441027,1.4259529,-0.7910398,1.8413315,0.07468732
CGGGCTTAGCGATAAG-1,-1.5284708,0.48782223,0.3842102,-0.31991875,2.1222472,-0.27686802,-2.350223,-0.9330416,0.08674586,2.5903413,-1.1103536,-1.0920506,1.3061776,0.94002426,0.55048096,-0.0852699
CGGGTATGTATTCGCT-1,-0.6764878,0.00922207,0.42010015,-0.66317433,1.2814229,1.326566,-0.6001859,-0.8847921,0.42296928,1.0241451,-1.2067904,-1.5178362,0.30977952,0.24211106,0.13213189,0.4414507
CGGGTATGTCTTTGAC-1,-0.92740154,-0.008699613,-1.6160772,1.373451,-1.7099352,0.13817547,0.3819186,0.95989513,-0.013655312,1.1226864,-0.38866144,-0.45808154,1.0559193,-0.3571671,0.3948287,1.2705345
CGGGTCTAGGCAAGTA-1,-0.49895597,0.09129452,1.0620632,-0.9784199,0.3975346,1.7255061,0.46593937,0.52488834,0.8559506,0.59739053,-0.6338694,-1.3093355,0.20072642,0.1483459,-0.755862,0.15485197
CGGTAACGTGATTTGG-1,1.8819966,0.78422093,1.0218173,0.8991493,0.27564138,-1.781656,0.5674862,-0.4868824,0.91657484,-1.3873926,0.38975185,1.4597981,-0.7993963,0.7309681,0.25607944,-2.0086827
CGGTAACGTTCCTCCT-1,0.38837454,0.18032078,-1.6227615,1.0772353,-0.7229925,-0.43108743,-1.0562141,0.6346179,0.654227,0.99933755,-1.0943696,0.25964567,1.4167012,0.058838524,2.1494458,0.61066616
CGGTAACGTTTAGCGA-1,0.1641016,0.122307464,1.5735554,-1.0258195,1.2459579,0.892396,0.6877383,0.11066062,-0.74101835,2.4664807,0.27059612,0.3554346,1.1706614,1.2786968,-0.06612325,2.0639365
CGGTGAACACCGGTAT-1,0.28770262,-0.20044604,1.6959987,-1.0415679,0.89335155,1.7869751,0.998665,0.09981861,0.4919162,0.33441347,-0.51144505,-1.0355663,0.0148437545,0.502663,-0.9254848,0.017997049
CGGTGAGAGCTAAAGG-1,-0.19264272,0.23732823,1.0056045,-1.2432618,0.439982,0.83905953,0.62432194,0.52437985,-0.7599756,2.6102931,0.5176265,0.28117043,1.2134812,0.7937059,-0.23724373,2.7799726
CGGTTATAGGACAACA-1,0.20677172,-0.37578514,-0.62408334,0.025646731,2.4884276,1.2345631,-0.7361837,-1.3206952,-0.018848054,-0.5090157,-1.3037574,-1.1335878,-0.9535331,-0.3987604,-0.41460788,-0.036095418
CGGTTCCGTATTGCAG-1,0.3249206,-0.7833728,0.096446574,-1.3485383,-1.1412928,0.30648994,-1.3941181,1.9754424,0.81991106,-1.2811823,0.6598375,1.2592335,-0.42508662,-0.21730939,0.59824693,0.28634712
CGGTTGGGTCACCAAA-1,-0.15762372,0.20384775,1.3362856,-0.8925567,0.76414967,1.0324531,0.054033346,-0.93099874,1.5154467,0.17843917,-1.2860923,-2.0506897,0.24684218,0.1847269,0.16838664,-1.1431442
CGGTTTCTCCTAATAG-1,-0.99865544,-1.2551858,1.5296113,-1.2018795,-2.0926049,0.022194874,-0.23297137,0.7816446,1.2636688,-0.95472115,1.51214,0.74311495,-0.5619783,-0.14235488,-0.64535,-0.3440519
CGGTTTGAGGCTCATG-1,-0.82865524,0.024758404,-1.8545687,1.9752462,-1.0960932,1.05543,1.315685,1.2517029,0.06309629,0.14101529,-0.608219,-0.53261995,0.3373288,-1.0373628,0.65412927,0.5473441
CGTAACCCAAGGAATC-1,-1.1608198,-1.3073498,1.5924728,-1.4416354,-1.8136799,-0.51481843,-0.6596918,0.2757536,1.3360713,-0.6456752,1.5672193,0.66159797,-0.09233137,0.045254037,-0.32319945,-0.30879205
CGTAACCCAAGTAAGC-1,-0.29079324,-0.2761625,-1.0941055,1.873462,-1.3638853,0.9212978,1.7021401,1.2421726,0.3806643,-1.3237574,-0.20102182,0.3530637,-0.44188648,-1.0008252,0.07494271,-0.3726552
CGTAATGGTCCGTAGG-1,-1.0690745,-0.0821936,-0.1022764,-0.3602158,0.5662155,1.7135217,-0.82601076,0.14180559,0.28628176,0.9738549,-0.30868125,-1.2817473,-0.590425,-0.52335596,-0.8965247,0.65514135
CGTAATGGTCTCACTG-1,-0.36005634,-0.5119662,-1.5549504,1.8947287,-1.5246358,0.9065409,1.0894203,1.4239261,0.36344975,-0.4164632,-0.46881175,0.119127035,0.44886285,-0.5897348,0.47264972,0.46519765
CGTATTGCACTGACCG-1,0.0867551,0.2746886,0.30614066,-1.1577662,0.22768849,1.0956128,0.59709764,0.53882015,-1.0083122,2.7267327,0.31404626,0.09527862,0.8294735,0.43129963,-0.2729323,2.8746412
CGTATTGCAGGCGATA-1,0.5157613,-0.4942236,2.0405974,-0.80663085,-1.1378286,-1.9263802,-1.5170218,-1.4949315,1.0693958,0.44924584,1.827532,0.7995701,0.5513764,0.584787,0.9197796,-1.8003538
CGTGCACAGTCCTGAG-1,0.15313727,-0.53232193,-0.13235423,-0.2902611,1.5890797,2.0400171,-0.27037615,-0.58421886,-0.6006044,0.94400847,-0.27910656,-0.44749168,-0.751271,-0.20914361,-0.6454356,1.5867441
CGTGCTGCAACGTGCT-1,-0.11687249,0.18030387,0.9010242,-1.2241921,0.35692888,1.1571789,0.6193735,0.3346504,-0.5924995,2.4130058,0.32229647,0.0019400492,0.7576965,0.6008847,-0.41773078,2.385931
CGTGCTGCAGGATTAA-1,-1.0824502,-1.2373798,1.8042338,-1.5926298,-1.5075228,-0.26907998,-0.40026274,0.40989232,1.2208924,-0.752471,1.6881425,0.7310376,-0.35075212,0.029298183,-0.27555284,-0.28209782
CGTGCTGCATCCGTAA-1,-0.78602594,-0.10482913,-1.7078664,1.4082308,-1.461817,0.3619131,0.027273491,0.7003224,0.65285605,0.29131436,-0.52410185,-0.4289329,0.586179,-0.83679295,0.9213642,0.5421973
CGTTAAATCACAGACT-1,-0.2773957,0.22160435,0.61148596,-1.0609535,0.85486424,1.0331976,0.13453409,0.0810466,-0.8104657,2.9049096,0.32234415,0.17752287,0.98302656,0.5812565,-0.1787489,2.5652952
CGTTAGGTCATTAGTG-1,0.8729875,1.3129256,-0.0471588,0.5164534,-0.86682916,-1.3561089,-0.35358548,0.9991026,-0.2775914,2.2042398,-0.5192809,0.5531919,1.552681,1.1924282,0.8647067,1.0938122
CGTTAGGTCCCTCGCA-1,-0.14386556,0.2536937,-1.829267,1.1085064,-0.79042196,-0.68451345,-1.0071437,-0.022035653,0.975248,0.8054173,-1.1690073,-0.27663338,1.3722019,-0.6442355,2.1353717,-0.09037843
CGTTGCGCAAGTCGCT-1,-0.94023657,-0.2230047,-1.8130622,1.6923242,-1.6607056,1.1363504,0.88960767,1.5422337,0.01068785,0.128389,-0.16330592,-0.4529948,0.25092703,-1.1317399,0.18531874,0.60458475
CTAAAGCTCGGTTAGT-1,-0.9056965,0.4913373,0.71874624,-0.56770265,1.4722666,0.63756865,-1.1937853,-0.7971449,-0.13154711,3.09904,-0.4490427,-0.5886006,1.2779171,0.7894093,0.33031255,0.88748693
CTAAATGTCTATTGTC-1,0.6487415,0.13683875,-0.41183507,1.395215,-0.84755355,-2.1988058,0.25877333,-1.932358,-0.58048695,0.765398,-0.26475537,0.79412663,1.024076,0.25103295,0.53756833,-0.58077204
CTAACCACACAAAGCG-1,0.71473604,0.39644313,0.14517967,0.42151353,-0.829612,-0.7104158,0.6309843,0.642614,-0.60300875,-1.1952219,0.61969596,0.5539325,-0.37708598,-0.13532951,-1.5484929,-0.82258916
CTAAGGTTCCCATAGG-1,1.1134522,0.4677317,0.9041101,0.18544334,-0.03824344,-0.22984904,1.7385044,0.65669656,0.01779591,-2.3686152,-0.03448234,0.9190896,-0.5877603,0.16875263,-0.4719036,-1.3477927
CTAAGGTTCCTGCGAA-1,-0.07233225,-0.14640412,-0.36570802,-0.2955925,1.5018556,1.6811681,-0.65095776,-0.5338715,0.62235045,-0.41484767,-1.1646364,-1.3709338,-0.71753806,-0.4357494,-0.69040465,-0.7691307
CTAAGGTTCTATTGTC-1,0.32398546,0.28276852,-0.92317146,2.002462,-0.25857347,-1.4157474,1.4604032,-1.2178231,0.1106376,-0.4217452,-0.50538254,0.37815416,0.1909656,-0.48229212,0.506861,-0.9550821
CTAAGTCAGGCTTAAC-1,0.8346741,-0.25243893,0.39638644,-0.68351424,1.8428428,1.2808952,-0.4205802,-0.22728607,0.60206836,-2.0631495,-1.1406622,-0.7703178,-0.86971855,0.07090915,-0.3812474,-1.4294221
CTAATCCGTCGTAATG-1,0.5083185,0.31730503,-0.99855655,1.3587002,-0.40985495,-0.20042583,0.1265463,0.2600088,1.3184211,-0.26360637,-1.0796432,0.14685619,0.5542489,-0.34230602,1.7691853,-0.8853068
CTAATCGCAGCTAACC-1,-0.6279129,0.10404195,-0.20009674,-0.20415914,0.5355381,2.1021967,-0.4655428,0.46366692,0.7980551,0.10446754,-0.9801545,-1.7224447,-0.66355586,-0.5838567,-1.1197114,-0.4931824
CTAATCTTCGTTAAGC-1,1.2192564,-0.39999688,-0.95730555,0.45320547,-1.1738548,0.57542914,-0.44511008,2.4963655,0.3237693,-1.0061806,0.01698196,1.3816842,0.15367177,0.008169154,0.98481286,1.0874083
CTAATTGAGTATGTGC-1,-0.524299,0.47353262,-0.014950089,0.5599112,-0.7306219,-1.3546022,0.6620211,-0.7513346,-1.4055994,0.28013545,0.8578576,-0.24690208,-0.33404952,-0.16112256,-1.5928024,0.07196452
CTACGAAGTGTGAGAG-1,0.30990124,-0.4892058,0.3823054,-0.73004055,0.7699398,2.2092166,-0.10848295,0.588527,0.20717049,-1.7418011,-0.7478261,-0.94001126,-1.4825674,-0.25829488,-1.069118,0.043970406
CTACTTAGTTATTGCC-1,0.5717403,0.2489278,-0.16432679,1.1646919,-0.40635428,-0.7065179,1.4583755,-0.24800847,-0.1760142,-1.3955424,0.3360996,0.6804246,-0.6728282,-0.42739785,-0.80139893,-0.9890858
CTAGCTGAGTTTGGGT-1,-0.65553486,-0.45007622,-1.0403556,1.8879945,-1.3796875,-0.8172585,1.2276157,-1.0154283,-0.34150624,0.1089651,-0.38316536,0.47401023,1.1487895,-0.40553206,0.01581087,0.068102464
CTAGGACGTCATCATC-1,-0.68531036,0.38393536,-0.3433761,0.74628556,-1.150574,-1.7711345,0.38208103,-1.9304068,-1.2367692,1.1740861,0.5440688,-0.1301579,0.43304393,-0.24893263,-0.8676112,0.20397761
CTAGTGAGTGATGATT-1,0.20933068,0.47321534,1.6691232,-0.19740981,3.2761393,-1.0779408,-1.3635674,-1.0918114,-0.91872656,1.5558985,-0.7764735,0.14529541,1.1931207,2.5306082,1.6815462,0.13990359
CTAGTGAGTTTGTGGA-1,-1.1285841,-0.03305515,-1.9323494,1.8418453,-1.2522452,0.46091902,1.3224304,0.32147297,0.096743084,0.31552303,-0.7019142,-0.49945915,0.7725798,-1.1932833,0.6367395,0.5200769
CTATTCAGTCGTAATG-1,0.35463363,-0.40754837,0.8601252,-0.74228513,0.9186543,1.4895364,0.9327333,-0.19335788,0.6620681,-1.964958,-0.9675541,-1.0676836,-0.72973394,0.3045463,-0.5314226,-0.25072235
CTATTGAAGTTATGTG-1,-0.29404685,-0.21461594,-0.6370276,1.5411313,-1.0423367,-1.0813394,1.1886945,-1.2512939,-0.85312545,-0.1996439,0.15758045,0.3660004,0.24419346,-0.28247046,-0.8347117,-0.114519276
CTCAATAAGCATTATG-1,-0.90899706,-1.3657475,1.5112066,-1.4415109,-1.5771848,-0.45435828,-0.20741254,0.6062478,1.524536,-1.078395,1.575603,0.98038995,0.11807774,0.2562887,0.30518198,-0.2527935
CTCACAACATTATGAC-1,-0.022750713,0.5730667,0.11105411,0.73359203,-0.120645806,-1.2488756,1.5009992,-0.48423415,-1.1802576,-0.9729361,0.7493154,0.17516142,-0.3214568,-0.5365405,-1.4626331,-0.42638862
CTCACTCAGCGAGCGA-1,0.30993122,-0.491044,0.28288972,-0.093935445,2.6234384,1.1285629,-0.2037045,-1.4009066,-0.15322751,-0.6794032,-1.0209831,-0.97550845,-0.9768505,0.114547685,-0.56369454,0.24965034
CTCATGACAAATTGCT-1,-0.08241602,-0.47529125,0.18123259,-0.32845348,0.23569185,2.5398865,0.16632591,0.36891463,-0.3159775,-0.41020215,-0.101480715,-1.1297641,-1.6961854,-0.5180751,-1.261068,1.0456693
CTCATTTAGCCTGAGC-1,0.46696222,0.79977316,0.81061506,-1.7412645,-0.25152823,-0.8991323,1.1430645,1.6328294,1.937974,-0.036760315,0.23801115,-0.78326595,0.43681675,1.5143938,0.3194316,-1.1279943
CTCCAAACAATAGTCT-1,-0.06454885,-0.039515547,1.6989074,-1.2273505,0.54527044,1.5041012,0.9663298,0.16076669,0.2789022,1.2679987,-0.05071103,-0.7263813,0.48969018,0.69924426,-0.6023046,0.7080667
CTCCAAACATTGTGAT-1,-0.989201,-1.1152432,1.7399273,-1.6218495,-1.5570743,-0.09796045,0.15059075,0.7268082,1.4688325,-1.337642,1.4265473,0.53810656,-0.55276513,0.09677227,-0.54126143,-0.58851886
CTCCGTCCAAACCCTA-1,-0.42487776,-0.93312335,1.779563,-1.546875,-1.3573722,-0.077394724,0.42377,0.91618454,1.0515751,-1.7373402,1.3362663,0.8343272,-0.9911021,0.13604745,-0.6996654,-0.6299646
CTCCTAATCTAAGTGC-1,0.54611415,-0.47837615,-0.116351694,-0.18832777,3.043889,0.9154004,-0.73295975,-1.5104116,-0.4090422,-0.87326086,-1.1078358,-0.6288942,-0.8747147,0.30424076,0.014632651,0.24159738
CTCGACAAGATGGACA-1,-0.5724826,0.09994073,1.1915287,-1.1066792,0.29142153,1.632061,0.42844546,0.49800208,0.81617165,1.3071995,-0.41464916,-1.3627768,0.34611732,0.34289598,-0.78778833,0.45509726
CTCGTTATCAAATCGC-1,-1.0051837,0.22957599,-1.8438787,1.4195437,-1.3320482,0.51111126,0.5998018,1.226269,-0.27059555,0.97022986,-0.06476144,-0.8801689,0.5845391,-0.89163053,0.47918242,1.314414
CTCTAGCTCAATGTGC-1,1.0264106,0.18519554,-1.2347023,-0.9784527,-0.55849123,0.65619516,-1.2696519,2.6359386,-0.29429343,-0.6754882,-0.26634994,0.6898655,-0.48610643,-0.11801875,0.65183246,0.871771
CTCTATGTCAACAAGG-1,0.3433907,0.36525482,-0.36677468,1.4038696,0.04982978,-0.88126224,1.6098508,-0.90430164,-0.25271344,-1.0259405,-0.12179219,0.40564173,-0.23456876,-0.4065221,-0.48688757,-1.2651677
CTGAATATCCTCAGTC-1,-0.09965359,0.24575976,-0.69945335,1.477036,-0.5384761,-0.3928718,1.8037176,-0.5303236,-0.34801036,-1.2068858,0.25938463,0.0967536,-0.7375853,-0.8941888,-0.72871524,-1.0259116
CTGAATATCGGCTAGC-1,-0.6506767,-0.40843108,-0.40246314,0.042610437,1.0246637,1.9302347,-0.41562015,-0.5038336,-0.16560693,0.30916244,-0.50461787,-1.0522826,-1.0443616,-0.74614215,-0.91184986,0.8507385
CTGATCACAACCCTCC-1,-0.46627045,-0.08133215,0.47123516,-0.15314418,3.0552216,-0.45478815,-1.5172925,-2.0508838,-0.31133687,1.2756958,-1.406379,-1.0834885,0.67000496,1.0613856,0.886405,0.23347074
CTGCTCCCAGGGAGCT-1,0.5953197,-0.34119558,1.9591143,-0.7650319,-0.8806437,-1.8997271,-1.3288922,-1.5862491,0.78377414,0.048467614,1.6173892,0.8366158,0.33712834,0.54640865,0.8616408,-2.0974941
CTGGCTAAGCGCAATT-1,-0.8833413,-1.1458943,1.4010811,-1.2297194,-1.7851413,0.45923933,0.0021002442,1.3373001,1.3022759,-1.2157493,1.2632132,0.89031816,-0.5769447,-0.11442028,-0.38307548,-0.17218499
CTGGCTTTCAGAAACG-1,0.04680027,0.34031427,-0.70309526,1.5449388,-0.7707975,-0.38323966,1.7879364,-0.1459565,-0.57491374,-0.92400277,0.39881945,0.23103362,-0.5563961,-0.60391146,-0.9837792,-0.6535869
CTGGTAAGTCAATAGT-1,0.4780265,0.5630976,0.63349545,0.46624184,-0.17432919,-1.4962074,1.2641456,-0.65718603,-0.6925763,-1.324727,1.1763277,0.62402165,-1.1182308,-0.04638382,-1.6505821,-1.1436154
CTGTATTTCTTGGATA-1,0.11054827,-0.084835365,-0.12519751,0.61896825,-1.7022898,-1.8949003,0.4631327,-0.94548404,-0.9626013,-0.085687354,0.7551925,0.5311311,0.12354067,0.087440886,-1.2612758,-0.060169525
CTGTGTGAGCTTTGGG-1,1.19535,-0.55572486,-0.85664475,0.12390339,-1.3435802,-0.11558096,-1.3695724,1.7809699,0.14118865,-0.20767456,-0.061311394,1.7059584,1.0748701,0.41267246,1.4294238,1.4561946
CTGTTAAAGGAAACTG-1,0.4787492,0.2935139,2.4139776,-0.9519062,1.6060754,0.89120126,0.7660728,-0.3833893,0.14122663,0.6422429,-0.6052123,-0.2882609,1.3584263,1.3822341,-0.30734676,-0.5010251
CTGTTGGAGCTCGCTT-1,0.22588581,0.46294937,-0.9672216,1.8346069,0.21129239,-0.9737697,1.7973218,-1.1450257,-0.7860836,-0.77202773,-0.46094128,0.1654609,-0.21652836,-0.5927216,-0.48645008,-0.7851783
CTTACCGGTAAGCTCA-1,0.38518077,0.41375202,-1.3688164,2.1155434,-0.19440061,-0.5347354,1.3032947,-0.5184312,0.7952103,-0.20802297,-1.0319316,0.2631805,0.6133872,-0.6972811,1.2565,-1.1933069
CTTACTAGTCATGCAA-1,-0.754812,0.13943893,1.0812926,-1.026412,0.7529316,1.2820821,-0.15976194,0.143449,0.43130833,2.4603262,-0.16740051,-0.8381786,0.8870287,0.69997174,-0.6732296,0.96289134
CTTCATCCATCACAGC-1,0.9545336,-0.4369963,-1.5813122,0.31016463,-0.8096769,-0.095951796,-1.3783954,1.2212768,0.14104423,-0.19647571,-0.5602676,1.4334532,1.5057293,-0.08941279,2.144153,1.3487854
CTTCTAAGTTGTTGGA-1,-0.8289405,0.048764348,0.077060424,-0.4327601,1.8608942,1.1992736,-0.94157636,-0.57138073,0.2900505,2.1140666,-0.6972678,-1.0904548,0.68293685,0.13032116,-0.34134078,0.03864751
CTTCTCAAGGATCACT-1,-0.33330047,0.3229105,-1.0222051,1.7661881,-0.17207424,-0.59579504,1.6814685,-1.17236,-0.98020685,-0.52665704,-0.03690263,-0.054627053,-0.26761794,-0.8720076,-1.0384388,-0.7528635
CTTGAACAGCCACAAT-1,-0.38174576,-0.4850554,-1.2354512,2.2113962,-1.1511415,-0.7381824,1.3551887,-0.43868905,-0.22121859,-0.047711127,-0.55128145,0.57046974,0.9796089,-0.5882314,0.339449,0.25551194
CTTGAACAGCTGTACG-1,-1.1979238,0.32976842,1.5994561,-2.1845927,0.75972295,-0.7748887,-0.870502,0.61133116,1.7591832,1.3970585,0.36040306,-0.96553886,1.5281205,1.865484,0.59679496,-1.0225049
CTTGAACAGGCAGGTG-1,-0.5139943,-0.107187934,-1.0960219,1.8347332,-0.8019227,0.49502772,2.035733,0.048024733,-0.744146,-1.3787874,-0.017242618,0.058191292,-0.43931353,-0.97819316,-1.1022444,-0.3617574
CTTGACGAGGTAAGCA-1,-0.080985904,-0.573396,0.015155199,-0.427719,0.7627666,2.344221,-0.32455373,0.22935031,0.21869364,-0.9922551,-0.6864062,-1.1476464,-1.421567,-0.5204096,-1.1378069,0.36193225
CTTGCAACACAACAGG-1,0.74093306,0.37031958,0.12331123,1.0700039,-0.787706,-0.98877376,1.1256309,-0.56100446,-0.40265658,-0.99017096,0.8110193,0.92199755,-0.8785169,-0.14884639,-1.0083213,-1.2054608
CTTGCATGTAGGTTGC-1,1.4507575,0.1409694,-0.6582865,-1.0628281,-1.0448437,-1.3747714,-2.1982894,1.028179,0.64947295,0.058330007,-0.041263893,1.0324024,0.56272805,0.390657,1.6789558,0.15180975
CTTGCATGTCAAGTGC-1,-1.5297496,0.7908881,0.8768017,-1.8553705,0.1560618,-0.54023296,-1.3970311,0.86419594,1.1169732,2.489511,0.086895764,-0.9302801,1.8531692,1.4963106,0.60426706,0.1005312
CTTGCGCGTTCCTCCT-1,0.18366721,-0.61021096,-0.11941573,-0.44922706,0.85678816,2.401138,0.06734224,0.36824876,-0.10054058,-0.5580268,-0.2833759,-0.8260715,-1.2166567,-0.38519394,-0.9705373,0.7156942
CTTGCTCAGGACACTT-1,0.34059513,-0.028674943,-1.0945482,2.0042472,-0.58847404,0.29421815,1.9809381,0.56849337,0.76275957,-1.0411844,-1.0080367,0.460902,0.3061056,-0.6151471,0.91501737,-0.8664879
CTTGTAAAGCGAGGTG-1,-0.13770655,0.6025747,-1.980495,1.6766299,-0.3815574,-0.3445012,0.56940097,-0.8444139,0.7705972,0.69429857,-1.2384957,-0.715842,0.6604128,-1.135358,1.6291518,-1.0625288
CTTGTTCCAAGGTGGC-1,-0.60656947,-1.1031156,1.9662803,-1.6612139,-1.4096652,-0.29351807,0.015992103,0.31508592,1.3627889,-1.31715,1.5900218,0.75130165,-0.53810847,0.24591368,-0.35938802,-0.91951865
CTTGTTCCACAGCCAT-1,-1.6162021,0.55945575,0.94343674,-1.6228638,-0.18889801,-0.10769582,-1.2027295,0.83760864,1.519989,2.279922,0.011295098,-1.2681705,1.6363862,1.0856218,0.42281085,0.1924029
CTTTAGGCACAGGGAC-1,0.49305475,0.40749085,0.36987025,0.6949088,-0.2853724,-1.6366714,0.9386556,-1.2152395,-0.48997134,-0.75844383,0.8181527,0.5469916,-0.3875562,-0.12543017,-0.99663556,-1.075264
CTTTATCAGACAGGCG-1,0.7590859,-0.17517067,-1.3506143,0.079795144,-1.0114713,0.91075504,-0.90523446,2.4507997,-0.043442704,-0.6038302,-0.12989834,0.575983,-0.19503513,-0.2874359,0.76342267,1.2899761
CTTTATCAGAGGAAGG-1,-0.081947304,0.19330235,0.75108117,-1.2033167,0.28713796,1.065851,0.4016707,0.2951985,-0.64094746,2.5880923,0.3551173,0.11909279,0.8998163,0.65560484,-0.13194588,2.540216
CTTTATGGTAAGCACC-1,-0.07787247,-0.27922457,-1.6875587,1.2312433,-1.4502572,-0.36470145,-0.41865933,0.75583863,1.0305096,0.0009706281,-0.7529837,0.27668864,1.1729378,-0.45671922,1.8038907,0.6088246
CTTTGAGCAAGTCGCT-1,0.097345375,-0.44424573,-0.25265843,-0.22479236,1.087403,2.205462,-0.055287734,-0.41174048,-0.82802355,0.6835604,-0.2129685,-0.70467085,-1.3002694,-0.62877274,-1.0870391,1.4795018
CTTTGAGCACCTCGCT-1,-1.6173267,0.6295352,0.86362004,-1.6928507,-0.39852813,0.02949694,-0.54187524,1.1562018,1.4352454,2.297968,0.08332114,-1.1526437,1.6261411,0.92897415,0.04236561,0.7557945
CTTTGTCCAAGCCAGA-1,0.8192054,-0.5002291,0.49825653,-0.1633551,3.2141652,0.8031888,-0.374008,-1.3533182,0.062343094,-1.3952423,-1.1335511,-0.6132593,-0.6933439,0.6989193,0.16906714,-0.087824725
GAACCGCTCAGCATTA-1,0.2388083,1.0103039,1.6886729,-1.148284,-0.9536657,-1.731438,-0.19768155,0.9156481,1.2028475,0.7238927,0.69495493,0.8878006,0.06273939,1.8398445,0.53847957,1.229137
GAACCTGTCCAAGTTA-1,-0.39190534,-0.594013,-0.99918354,1.9693863,-1.5214794,-0.90952307,1.0663989,-0.952588,-0.34881395,-0.13428786,-0.08922462,0.5038049,0.62164533,-0.3422494,-0.35946283,0.13170685
GAAGCTAAGTTAGAGG-1,1.0444845,-0.42832613,-1.1221763,-0.26232892,-1.0736351,0.19987753,-1.4351377,2.050786,0.040662725,-0.39201128,0.025571398,1.4905053,0.7526933,0.16781755,1.4069722,1.4381837
GAAGGATGTCTTGCAT-1,-0.8779182,0.053710323,0.84575856,-0.8750127,0.19374004,1.7136056,0.52124774,-0.21841541,0.73149216,1.4340172,-0.5763316,-1.4590914,0.33327544,-0.16756687,-0.9365799,0.7186052
GAAGGATGTTCCATTA-1,1.0404745,0.5988128,-0.5811478,1.7838416,0.42798007,-1.1674676,1.3795468,-0.85721976,0.9650798,-0.75007427,-0.52275443,0.60074234,-0.07085262,-0.44399512,1.0366979,-1.584585
GAAGGCTAGAACAAGT-1,0.37848085,0.34566405,0.47783053,0.48142022,-0.73619807,-1.7477086,0.7712655,-0.8439625,-1.382148,-0.5977716,1.3115605,0.52678597,-0.5831744,0.12339944,-1.9536357,-0.45919544
GAAGGCTAGTGAGCAA-1,0.4871732,0.33198035,0.26599094,0.8959802,-1.1720786,-1.7120632,0.4335901,-0.91096044,0.22044328,-0.36780345,1.0622962,0.6309865,-0.48520857,-0.052067704,-0.4278045,-1.1947516
GAAGTCAAGACCATAC-1,1.0678749,-0.35644215,-0.68012476,0.4846068,-1.2948661,0.5277823,-0.41362244,2.6646533,0.3665526,-1.15907,0.049230073,1.2811999,-0.26327318,-0.06010645,0.63612074,0.7332809
GACAATACAGGTTAAA-1,-0.03698821,-0.024657458,0.10285732,-0.52362216,0.7407911,2.0632658,-0.34640548,-0.054944,0.5691529,-0.92020404,-0.8514833,-1.1903846,-1.08184,-0.5932498,-1.232417,-0.8761133
GACAATACATACCCGG-1,0.0019032685,0.14139302,-1.1676887,1.5988352,-0.67203903,-0.91868347,1.0122824,-1.2307973,0.22908932,-0.54361415,0.0021267794,0.26267904,-0.07629479,-0.7727959,0.21494567,-1.1501766
GACACCGGTGGGTACT-1,1.6478975,0.93238753,1.6759291,-0.77797437,1.4485435,0.36178568,1.3083413,-0.14806874,0.5392645,1.3577857,-0.9900356,0.24225774,1.9290318,1.4023824,0.27370134,-1.1999805
GACATAGAGGCATTGT-1,2.1852388,0.42846808,0.6519134,0.8668797,-0.25711712,-1.8922341,0.035248935,-0.3678453,1.461813,-0.45097667,-0.23737255,1.564714,0.38638255,0.82575905,1.886405,-1.8436663
GACATTATCACGCCAA-1,-0.49784034,-0.4451133,-0.24164058,-0.22956544,0.77053094,1.9786918,-0.60230225,-0.15487863,0.48311067,-0.8433693,-0.66525674,-1.2955825,-1.3800491,-0.72495914,-1.072149,-0.27875242
GACATTATCTCTAGCC-1,-1.1211737,-1.2178302,1.2992435,-1.5776508,-1.6503507,0.28959346,-0.53499293,1.1209519,1.3756742,-0.7905029,1.3894663,0.6698661,-0.3763857,-0.11653808,-0.39947632,-0.13319066
GACCGAACAGCCAGTT-1,-0.3705508,-0.8112509,-1.413232,1.6407282,-2.020947,0.6054715,0.3343029,1.4639454,0.47873634,-0.57653356,-0.31014943,0.35980242,0.5261642,-0.4828796,0.76264644,0.669938
GACCTAAGTTTGTTGC-1,-0.21242991,0.41848218,-0.51100945,1.4143217,-0.5417102,-0.2532757,1.8938468,0.006528493,-1.4458792,-0.9520078,0.60270536,0.065079324,-0.7314982,-0.70459163,-1.7591188,-0.34752783
GACCTCAAGGGACTAA-1,-0.42121592,1.1545339,-0.9225857,1.0498383,-0.37081635,-1.420697,-0.13640451,-0.9360198,-0.4257234,2.69268,-0.99955773,-0.27304026,2.0572634,0.061586026,1.3558958,0.92730165
GACCTGCAGCGGATAA-1,-0.07216329,-0.12319642,0.6976731,-0.57121766,1.5701028,1.5720172,-0.45477164,-0.47991845,0.70588756,0.77555156,-1.1026254,-1.3700926,0.43885392,0.58221626,-0.34936363,-0.6046691
GACCTGCAGGAACCAA-1,-0.03638569,0.51034707,-1.1698543,1.9992392,-0.21756166,-1.0524681,1.6979543,-1.3294506,-0.5024723,0.20354062,-0.29340786,-0.15127423,-0.011069898,-0.7972182,-0.021068143,-0.6020683
GACCTTTGTTTCCACG-1,-0.16562967,-0.3630795,-0.44928336,-0.19004804,1.3039811,1.5533245,-1.1350598,-0.44711825,0.467609,-0.2927121,-1.0445347,-1.2465341,-1.0307784,-0.3873434,-0.48990178,-0.30100566
GACGCAACAATGCGCT-1,0.10254039,0.39150238,-0.6661189,1.5265181,-0.09808715,-0.76133686,1.7177482,-1.0026639,-0.6790869,-0.82590294,0.032683454,0.22741666,-0.298243,-0.6727355,-0.825673,-0.8606988
GACTAATGTTATTGCC-1,0.6274913,0.58511966,0.69937634,0.52026653,-0.3578876,-2.102448,0.69038,-1.6222284,-0.9042964,-0.24913162,1.2011498,0.64672774,-0.61034226,0.19928658,-1.3659527,-0.78285635
GACTCACCATTAAGTC-1,1.7162302,0.12027681,-0.81894696,-0.17672941,-0.0511524,-0.516967,-1.4190853,0.89317584,1.2260532,-0.74728256,-0.65261185,1.496235,0.922766,0.26752934,2.6710238,-0.40299428
GACTTAGGTGCTTACT-1,-0.06525446,-0.010226175,-1.3082163,1.84514,-1.1028854,0.33770257,1.0389798,1.3081188,0.28698316,0.20574364,-0.48290515,0.3496645,0.5690758,-0.3851699,0.8991018,0.48804843
GACTTGGTCCTGAGTG-1,0.1803144,0.15022379,0.012112813,0.5835521,-1.1969955,-2.1797574,-0.276537,-2.2232141,-0.6893489,0.8446475,0.5256173,0.54418194,0.8002271,0.17855507,0.07943901,-0.87797445
GAGCATGCAGATAGAC-1,0.44324014,0.36340737,-0.54604906,0.05718761,-1.618947,0.82951945,1.0670164,2.9551082,-0.1947574,-0.32168162,-0.053367227,-0.26343462,-0.4831013,0.102646805,-0.36779484,0.61531377
GAGCCACTCCTTGCGT-1,-0.842096,-0.51977444,-1.616087,1.5719478,-2.0676608,0.38187617,-0.06647576,0.81005406,0.53932804,0.044557985,-0.07675455,-0.21949445,0.20755616,-0.8143221,0.4596144,0.35667145
GAGCCACTCGCAACAT-1,1.3879261,-0.20955102,-1.1404741,-0.006681264,-0.8000535,0.16699111,-1.2495011,2.0546722,0.1593298,-0.582729,-0.20432162,1.463401,0.5085231,0.16459844,1.5098791,0.99454284
GAGCCTTCAATGCCCG-1,-0.53330064,-0.24977586,-1.0403515,1.2592229,-1.4598061,-0.19409168,1.0729804,-0.11226975,-0.96582556,-0.24202278,0.38753286,-0.036473725,0.026550137,-0.6309247,-1.2953936,0.3280919
GAGCGAAGTGACATAT-1,-0.82206094,-0.4381945,-0.9670017,1.4702914,-1.7164139,-0.3607407,0.87017655,-0.5583696,-1.3546679,0.02934007,0.42547292,0.1683393,0.03249526,-0.3355355,-1.5532694,0.6890429
GAGCGAAGTGTTGTGA-1,-0.55554855,0.035355,-1.6698093,1.835358,-1.152317,0.18939374,1.3382604,0.4463348,-0.035495773,0.06779218,-0.570498,-0.25717825,0.53343815,-0.9932074,0.64168686,0.48302352
GAGCGGTCAATCCTAG-1,0.15005371,0.50732565,0.25676292,0.29873246,-0.70379555,-1.5984497,0.7491239,-1.2025762,-1.5990205,-0.11668423,1.1156988,0.20289688,-0.6227464,-0.10349873,-2.0782542,-0.22818442
GAGCTAGCAGCTCATA-1,0.68636525,-0.50757545,-1.2831774,0.62505525,-1.4369822,0.12470716,-0.87633413,2.1446714,0.66863215,-0.67926913,0.079229414,1.1298069,0.3678319,-0.28878003,1.054543,0.99951804
GAGCTGCTCACGCCAA-1,0.67261934,0.5847291,-0.3164153,1.2755339,0.2555422,-0.9797013,1.162523,-0.92750037,0.06781691,-0.6267589,-0.27359614,0.3488292,-0.19743274,-0.2609559,-0.030243546,-1.4503043
GAGCTTGTCACATTGA-1,0.06228691,-0.79488957,1.5844896,-1.1841092,-1.1613472,0.25126144,0.33718836,1.5112839,1.4122295,-1.9886023,0.91039574,0.83099824,-1.0352701,0.3904588,-0.23408124,-1.1759917
GAGCTTGTCCCTGGTT-1,0.37802035,-0.1957728,-1.2275232,1.0292971,-1.3679047,0.5385952,-0.15628806,2.4201548,0.6240325,-0.6838298,-0.35785484,0.3455924,0.18173942,-0.21419196,1.0771612,0.583354
GAGCTTGTCGAGCAAA-1,0.9725219,0.40392753,0.3259497,0.16062966,-1.3204846,-1.2084982,-0.056271948,1.8643224,0.29118764,0.7547911,0.18097205,1.3718514,1.2074465,1.3053948,1.1896007,1.5512214
GAGGGAGCATTATGGT-1,-0.115596965,-0.3732075,1.7176801,-0.70962656,-1.3176167,-0.7327079,0.5722554,0.42555568,0.25529933,-1.7368636,1.4911864,0.7197738,-1.2466676,-0.011525154,-1.5926092,-0.9618535
GAGGTTAAGAGGAGTC-1,0.8918258,-0.35904977,-1.5082216,-0.07262235,-0.77087283,-0.33132866,-2.0295482,1.153815,0.30824548,-0.19969144,-0.40237337,1.3858831,1.1922851,-0.1269249,2.2242088,1.2498252
GAGTCAAAGCGGATAA-1,-0.12724964,0.31822354,-1.1192728,1.9201885,-0.5066809,-0.46644896,1.501821,-1.1233165,-0.41232258,-0.4474736,0.0062366324,0.033291113,-0.2564438,-1.0107591,-0.55418587,-0.87275046
GAGTGATCAATGCCTA-1,-1.1255174,-0.026036736,-1.895653,1.8776915,-1.2587996,0.42864966,1.0051887,0.42103928,0.4208793,0.30896378,-0.58143014,-0.55546886,0.78878844,-1.1654792,0.76612216,0.35315758
GAGTTACTCGCACAAT-1,0.66365236,0.745654,0.27266768,0.5043168,-0.6268984,-1.6653702,0.87465703,-1.4912244,-1.0357128,-0.10991594,1.0431018,0.2718074,-0.53850365,-0.04775074,-1.1958983,-1.0189953
GAGTTACTCTTGCTAT-1,-0.27023003,0.20059638,2.1580133,-0.7902763,1.7038805,0.75639206,0.22135493,-0.7334828,0.07797604,1.0194921,-0.333937,-0.03497152,1.4671478,1.3850248,-0.13420755,0.07035479
GAGTTGCGTGAGAAAC-1,1.2686563,0.754576,-1.3981082,-0.7852499,0.6955578,1.6978564,-1.5780902,1.1645223,-0.30351517,-0.29627705,-0.7836398,-0.6827818,-0.49384362,-0.48288327,0.5193936,-0.79512334
GAGTTGCGTGTCCTGC-1,-1.2032905,-1.2480388,1.5542037,-1.5110445,-1.5847695,-0.5260933,-0.7279345,0.16646037,1.4035654,-0.40040123,1.5347705,0.60161847,0.22912294,0.011457041,-0.1792234,-0.18137051
GATAAGCCAATGCGCT-1,-0.026873691,0.15191965,2.0208354,-1.3835669,0.92414564,1.2072592,0.29807144,0.017699677,1.1737878,0.6418904,-0.80212367,-0.8906505,0.8883305,0.9026511,-0.5355148,-1.0111375
GATAGACCACTTCATC-1,1.410877,0.3564733,-0.60566974,-1.0261182,-0.32117975,0.22897449,-1.2313282,2.24792,0.39919567,-0.9228902,-0.3063475,1.0157284,-0.2020914,0.24661289,1.1397204,0.19961147
GATCAAGAGCTTACTT-1,-0.61389744,-0.52138054,-1.0510094,1.755945,-1.4821293,-0.7159252,1.1542206,-0.9716943,-0.5508063,-0.56128323,-0.015248112,0.3801208,0.33393806,-0.67648107,-0.7378009,-0.18401939
GATCAGGCAAGTTATC-1,0.09844169,0.1432875,-1.0090864,1.8181942,-0.35068703,-1.1897788,1.2178187,-1.553635,-0.23940444,-0.32876825,-0.30510312,0.19866955,0.10103094,-0.61763537,0.071504824,-0.89734447
GATCAGTTCTCTAGCC-1,0.04815565,0.32386473,0.47501805,0.41392714,-0.7051224,-0.6815027,1.0792485,-0.37326235,-1.097329,-1.1855925,1.2813122,0.4749828,-1.0449822,-0.6013795,-2.2442474,-0.7964995
GATCGAGCAATTTAGC-1,0.09697924,-0.47201025,0.5635766,-0.72429013,0.9492904,1.9807384,0.43027717,0.10482313,0.3824692,-1.0211086,-0.65257025,-1.065851,-1.0645955,-0.08131698,-0.66272473,0.3651138
GATGCATTCCTGATTT-1,-0.2961421,0.25106576,-1.5685301,2.0125213,-1.2828088,-0.690483,0.7523982,-0.5717349,0.103781916,0.9579525,-0.6970427,-0.13700412,0.8410728,-0.56684506,0.93007046,0.24135639
GATGGCTGTAGCTGGT-1,-0.60019815,-0.485493,-0.71044624,1.437494,-1.694018,-0.27495658,1.054829,-0.41393095,-0.9414449,-0.87535286,0.48704356,0.4319967,-0.36718667,-0.5496134,-1.7304548,-0.17971884
GATGGCTGTGCTAGAC-1,0.14971663,-0.4731119,0.19044138,-0.3583381,0.7473317,2.3423994,-0.19675077,0.16621083,-0.27182686,-1.2979984,-0.26180524,-0.80905414,-1.7884946,-0.6360085,-1.2426611,0.3747176
GATTAAGCAATGAATG-1,-1.0958855,-1.2015615,1.3008727,-2.0119436,-1.0559833,0.16874522,-1.1492264,0.8170158,1.2538009,-0.44135684,1.5336821,1.0275605,0.23449719,0.022714853,0.35420197,0.358064
GATTAAGCATATAACC-1,-1.19485,0.48012757,0.9728427,-1.2371064,0.0815497,1.0270891,-0.3167349,1.3738673,1.5342655,0.8059517,-0.62678814,-1.5448849,1.0946037,0.46288678,-0.6759163,-0.49185744
GATTACTCAATATGGA-1,0.55898356,-0.7580225,0.14571175,-0.19778621,2.1941621,1.577846,-0.2273849,-1.2224286,-0.28402662,-0.8647449,-0.80332565,-0.58323264,-1.2156459,-0.00635954,-0.61959493,0.6077081
GATTATGTCAGCACCA-1,-0.36697066,-0.65942657,0.32842654,-0.58275235,0.070589796,2.4036167,0.17090042,0.3180705,0.15392111,-0.4668991,-0.31285357,-1.2185228,-1.3674524,-0.5163145,-1.2408037,0.8033829
GATTATGTCCTAGTCC-1,1.12401,0.040797915,-0.92921257,0.8769135,-1.1585096,-1.2653433,-1.2136613,-0.087826505,1.4647962,0.09037888,-0.6283635,0.7159581,0.9693993,-0.045657415,2.1680036,-0.6800239
GATTATGTCCTGAGTG-1,-0.30433485,0.10289657,-1.1425595,1.710057,-0.7849487,-0.35505494,1.7828209,-0.011349298,-0.32746834,-0.3995418,-0.04793918,0.056803692,0.014883379,-0.7835605,-0.2786416,-0.15823516
GATTATGTCGGCCAGT-1,-1.0446784,0.19451004,0.98781693,-1.0071349,0.908347,0.8437731,-0.71591794,-0.022432756,1.3247908,1.6433306,-0.91867703,-1.6811824,0.8081192,0.7329385,-0.32794464,-0.69931364
GATTCATCAATTTAGC-1,1.3317323,0.5179651,0.9715553,0.49663836,-0.41870356,-2.5348926,0.08564484,-1.825759,0.19937328,0.10912848,0.68764836,1.0757636,-0.0006220639,0.77888405,0.074188754,-1.5399873
GATTCATCAGCAAGTG-1,0.5282785,-0.44220275,1.5489254,-1.0325959,1.4598598,1.9521209,0.5178807,0.0063611045,0.27976203,-0.97096574,-0.20409942,0.068931796,-0.5413056,0.6659069,-0.6670329,0.06364029
GATTCATCATAATCGT-1,0.37208438,0.33413792,0.0045770984,0.77231216,-1.2002184,-2.224897,0.18422395,-1.5862833,-0.85343504,0.3466538,0.6733196,0.53994817,-0.13384965,0.22961956,-0.84442896,-0.42333692
GATTCCTGTTATCCTA-1,1.0633324,-0.1036101,-0.768708,0.5708394,-0.7704957,0.73830897,-0.09974438,2.215796,0.97829884,-1.9280503,-0.52353984,1.1491468,-0.27434742,-0.08459125,1.0386642,-0.51077646
GATTGATGTGCGCATG-1,-0.9441117,0.0057245493,-1.8685129,1.5448194,-1.3558099,1.2332402,0.44624192,1.7421246,0.3756113,0.04153593,-0.60945415,-0.7013503,0.25468644,-0.9402547,0.48709077,0.51219857
GATTGGTTCCATCAGG-1,0.22338891,0.025229834,0.027868604,-0.42903632,1.3928896,1.6521236,-0.35171664,-0.27224645,1.0758924,-1.1734812,-1.3463144,-1.2946867,-0.4344535,-0.30107617,-0.9579451,-1.5525072
GATTGTTCAGGCATGA-1,-0.20756668,-0.14629833,-0.41124225,1.0547075,-2.0357566,-1.5995975,-0.0051025944,-0.16573626,-0.18039125,0.9685058,0.55942595,0.35823548,0.8247151,0.14219058,-0.08870371,0.5711528
GATTGTTCATTGCGTA-1,1.2509218,-0.55018276,-0.13033462,1.3507128,-1.687751,-1.3953815,0.5758835,0.7095794,0.6188381,-0.4670099,-0.005954489,1.6361921,0.6618956,0.6510714,0.69321764,0.043995358
GCAAACAAGGCGTAAA-1,-0.1078445,-0.6511244,0.38775015,-0.39450836,0.6357329,2.2743769,0.054940864,-0.1814383,0.61641777,-1.0887747,-0.8195664,-1.4398456,-1.2893674,-0.42478406,-1.2109214,0.07853685
GCAAACAAGGCTACAT-1,-0.4551999,0.38107356,-1.3587093,1.7923557,-0.51350343,-0.87266827,1.387255,-1.3647438,-0.1692285,0.51496196,-0.31585252,-0.24178132,0.5698606,-0.9945303,0.19865862,-0.5362693
GCAACAGCAGCATGTC-1,1.3082004,-0.2530022,-0.0051429495,1.2086222,-1.4170156,-1.134002,0.47107452,1.4315271,0.44246268,-0.096866734,0.105386,1.802817,1.0238895,0.97088516,0.9640212,0.8023283
GCAAGCCTCTAATCAG-1,0.59471023,-0.42862397,-1.0286796,0.83874136,-1.698555,-0.57037884,-0.71213734,1.6224275,0.47690088,0.46073943,0.17240097,1.0686935,1.1792016,0.38538545,1.4555943,1.6712041
GCAAGCCTCTGTAAGC-1,0.038343213,0.35649127,-1.145004,1.9803748,0.023918472,-1.2885273,1.5708357,-1.557106,-0.5053563,0.065822616,-0.638623,0.13844797,0.4056303,-0.6583566,0.14205149,-0.6522639
GCAAGTGCAGGAACTG-1,-1.1585174,-0.1786173,-1.7754377,0.88155895,-1.786418,-0.4065498,-0.8020968,-0.34368291,0.6828308,1.0577321,-0.35615557,-0.7116486,1.0620861,-0.5992297,1.3316243,0.79699373
GCAATATGTCTTGCTG-1,-0.08777705,-0.5875549,-0.006952986,-0.3986579,1.1809119,1.8340466,-0.14588301,-0.35557997,0.5032554,-1.4172714,-0.8027854,-1.1800035,-1.0399171,-0.27327925,-0.68588287,-0.27200335
GCAATATGTGATGAGG-1,0.026584042,-0.39080676,1.1056218,-1.2328146,0.2731399,1.902754,1.0301075,0.90393424,-0.04479897,0.5934108,0.40823412,-0.40039635,-0.40107426,0.34684384,-0.5811684,1.7370285
GCAATATGTTGGCGTG-1,1.2098731,0.1556644,-0.14812914,0.8404926,-0.56139565,0.64264435,0.46833265,2.1071334,1.127928,-2.2654552,-0.22527136,1.3067377,-0.7896929,0.07534146,0.64377785,-0.95113635
GCAATCTAGTCGCTAG-1,1.4892379,0.86654556,-0.7560437,-1.5271695,1.4512031,-0.3898052,-3.1002731,-0.14609326,0.31142196,0.41792458,-0.59102,-0.07645139,0.16572478,0.7807638,2.2254186,-1.065831
GCAATCTAGTGTGATC-1,0.3583818,0.3426443,0.0034828149,0.81156087,-0.94266725,-1.9453512,0.92344475,-0.9625236,-1.1752238,-0.211748,0.65549314,0.29558605,-0.3971144,0.12754911,-1.270397,-0.15532495
GCAATCTAGTTAGGCT-1,0.60929745,-0.6376779,-1.1812251,0.42253318,-1.5553143,0.12732491,-1.2903132,1.7564697,0.640873,-0.38905692,-0.113657884,1.1678817,0.90890414,-0.03604137,1.4778106,1.3498521
GCAATGTTCGCTATAA-1,-0.27977973,-0.9485582,1.7792284,-0.89259213,-1.6488969,0.30795094,0.17531604,1.2610372,1.2294363,-1.5981231,1.1182657,0.8772228,-0.868629,0.17294374,-0.57649386,-0.9077149
GCAGGCTTCCCTCAAC-1,1.50725,0.13630378,-1.403657,-0.9176973,-0.5541234,-0.42266834,-2.3315458,1.3545194,0.15642332,-0.14552844,-0.48885882,0.9937642,0.4573629,0.1442175,1.8151743,0.45566022
GCAGGCTTCTTAAGTG-1,1.6702939,0.24751887,-0.8287699,-1.4621518,0.047462203,0.15447003,-1.6372653,2.1142383,-0.28212258,-0.8909293,-0.23450288,1.2198927,-0.06196349,0.197786,1.2104414,0.36316192
GCATATATCGCTAGTG-1,-0.03957641,-0.29478738,-0.041212536,-0.4171113,1.0754634,2.1647997,-0.031561546,-0.3482737,-0.33347738,1.1629813,-0.3593101,-0.9514514,-0.72925186,-0.40370196,-1.1051149,1.0032421
GCCAACATCTCGCCCA-1,0.028941676,0.19313097,-1.1170979,1.9400454,-0.85834914,0.35306126,1.9230642,0.5964337,0.15446007,-1.1967382,-0.30538887,0.24925599,-0.1800138,-0.72766626,-0.07865203,-0.6521487
GCCAATAGTGGTTAGC-1,1.1034387,0.50391155,-1.1115899,-0.88958764,-0.51990867,-1.0697356,-2.3317456,1.1439118,0.04069732,0.51215917,-0.42181373,0.9034616,0.96626616,0.4252916,1.8568096,0.7983227
GCCACAATCCGGTATG-1,0.68347675,-0.29867178,0.0021710992,-0.2998037,2.410224,0.9476229,-0.47690433,-0.98945,0.34729376,-1.5228395,-1.3868351,-0.8660381,-0.794881,0.2539816,0.06324966,-0.5047348
GCCACACAGTCAGGCC-1,-1.5309408,-1.2192094,1.7687544,-1.5972903,-1.3631678,-0.9136519,-0.89200175,-0.36783728,1.2638274,-0.05648199,1.9080915,0.71798944,0.63462394,0.23287742,0.15135926,0.026878806
GCCAGGTTCCTAGTTT-1,1.5158334,0.094467916,-1.1457937,-0.85062,-0.41205692,0.32278842,-1.6943364,2.0867698,0.1003424,-0.92256725,-0.27085912,1.148062,-0.061443422,-0.0501026,1.2413496,0.33008674
GCCAGGTTCGAGGAAC-1,-0.31775293,0.28611982,-1.088453,1.3535886,-0.25510213,-1.6500709,0.39425078,-2.4946203,-1.1545156,0.95235586,-0.5703511,0.19502482,1.1815343,-0.29508847,0.26552355,-0.4225743
GCCCAAATCGTGCTAG-1,2.0041225,0.085386634,0.07682173,0.4277768,0.06837586,0.3132621,-0.2931012,2.0888658,1.0285709,-1.7229564,-0.52330637,1.7675018,-0.18112764,0.7387706,1.664355,-0.6576404
GCCCGTTGTTCGGGAT-1,-1.307095,-0.71908957,-0.99109495,1.1625552,-2.2620943,1.0947791,0.88224506,1.2880387,0.25139934,-0.43895566,0.030807313,-0.0056641847,0.16676539,-0.59407496,-0.49177456,0.60166126
GCCCTCATCCGCCTCA-1,1.1734061,0.5914655,0.10763319,1.0370325,-0.14379516,-1.3704169,0.64178646,-1.021389,-0.14098458,-1.0064927,0.609428,0.82058096,-0.7114805,-0.026347436,-0.5665711,-1.6741772
GCCGTGAGTAGTTACG-1,-1.8620883,0.6677511,0.6825372,-1.3704851,-0.0768628,0.039708793,-1.1990103,0.7670797,1.1533015,2.3739018,-0.19329438,-0.9842379,1.7567761,0.79989886,0.11676802,0.42795813
GCCTAATAGTGGCGGA-1,-0.23606862,-0.4250216,0.22225977,-0.68341255,0.24469054,2.3277593,0.010119748,0.35625857,-0.31606412,0.18370715,-0.06875196,-0.80477273,-1.36514,-0.49852598,-1.1269654,1.5425159
GCCTGACAGTTTCCTG-1,1.9829934,0.30182976,0.036459837,1.2042444,-0.12768456,-1.2897887,-0.058241848,-0.071390584,1.7678516,-1.291259,-0.595266,1.3069731,-0.18199712,0.23778506,1.7055166,-1.4587636
GCCTTGCGTTGCCTCA-1,0.72812015,-0.4003025,0.647325,-0.9793569,0.89793676,1.5917758,0.24610522,0.43312228,0.6719698,-2.2613707,-0.77148354,-0.90758765,-1.2995946,0.21155846,-0.81784797,-0.61717945
GCCTTGCGTTTACTTG-1,-1.1362056,-1.275059,1.7501757,-1.5588096,-1.5256546,-0.40103635,-0.62121546,0.31608188,1.441481,-0.675781,1.668192,0.7036717,-0.054874856,0.109511815,-0.14839607,-0.43168646
GCCTTTATCATGACCG-1,-0.06067852,-0.73198116,0.2698539,-0.5352235,1.3888502,2.1545558,0.23735477,-0.17190787,0.25750288,-1.0212678,-0.7266979,-1.0431962,-1.0461195,-0.16538373,-1.0921841,0.3653909
GCCTTTATCTCGCCTG-1,0.8343482,0.8125278,0.83981025,0.34563628,-0.2367774,-2.5441732,0.5547104,-1.7148383,-0.90300417,-0.029045764,1.1221687,0.773908,-0.47658592,0.5579122,-1.0993514,-0.6795896
GCCTTTGGTCAATAGT-1,1.5180593,0.86684304,0.86672604,-0.73182,-0.01743598,-1.4573016,-1.6294321,-2.2126787,-0.51208836,1.1431358,0.06801435,0.84564346,1.2070379,1.3527553,1.1974459,-1.8929133
GCGAAGCCAACAGGTG-1,0.673079,-0.31315857,-0.003594797,-0.628773,1.2861273,1.8001878,-0.173543,0.23052552,0.47889775,-2.3454542,-1.0795312,-0.79972404,-1.4242494,-0.34612992,-0.9154179,-0.7088448
GCGAAGTAGCAAGATG-1,0.25207675,0.44370615,0.29377362,0.64815825,-0.39396942,-1.638443,1.0296477,-1.1617485,-1.6272541,-0.5778934,0.9203072,0.4827726,-0.51771,-0.063327245,-1.8529727,-0.35279804
GCGATTAGTTCCTGTG-1,0.25828826,-0.37961954,0.32375064,-0.028507676,3.2058172,0.09732193,-0.6694163,-1.8639379,0.15983376,-1.074657,-1.5240133,-0.99157447,-0.29094303,0.6427767,0.9581897,-0.20178673
GCGCAAACATAATTGC-1,-0.23636927,0.16683292,-0.83913285,1.5438192,-0.5315678,-0.82504785,1.6826639,-0.8165669,-0.9786976,-0.41276133,0.35547733,0.07737979,-0.31822664,-0.7677725,-1.0136652,-0.2685865
GCGCTAGGTCAAAGGG-1,-0.86016667,-0.029403755,-1.7882909,1.6974247,-1.5803274,0.8853032,0.76228297,1.5936489,-0.18128952,0.41281423,-0.21655089,-0.47053382,0.47312355,-0.74281067,0.25387245,1.0139194
GCGCTAGGTTCCATTA-1,-0.49582595,0.6535392,1.030092,-0.9932102,1.3189716,-0.38231912,-0.9667806,-0.6606145,-0.8725883,3.4788346,-0.15908794,0.2642752,1.6207435,1.5581985,0.778766,1.8273921
GCGCTTGCACAAAGCG-1,-0.39435238,-0.12554306,-0.6400282,1.3173897,-1.5379492,0.509887,1.3028905,0.6546552,-0.9512737,-0.99747133,0.6126133,0.19444248,-1.006888,-0.88913435,-1.8255255,-0.36573657
GCGGAACCAGCTCAAC-1,-0.16255197,-0.09857944,-0.89348656,1.8402052,-1.3051906,0.32009357,1.8244317,0.8151592,-0.18399364,-1.2141788,0.025241572,0.48717862,-0.21341756,-0.8535228,-0.46297294,-0.3960032
GCGGAACCAGTTATCG-1,0.9479238,0.28096396,2.3294406,-1.1667142,0.8970846,0.6502365,1.7064927,-0.21287039,-0.40972137,0.88170886,0.079439476,0.16810046,0.9983679,1.3743865,-0.23704061,0.8729187
GCGGATACAAGGGTTG-1,1.06865,1.512605,-0.5439249,-0.7672913,1.1936705,-0.7798047,-1.9104432,-1.8178556,0.77873313,1.2462555,0.4762855,-1.2743149,-0.4819212,0.2156172,1.7167177,-1.6613939
GCGGTTATCACCTGTC-1,0.4523362,-0.72474504,-0.6297425,1.2741091,-1.9115888,0.5130376,0.07597556,1.9948387,0.5729352,-1.3224964,0.30357862,1.1002252,-0.3919863,-0.24271977,0.06576876,0.050417792
GCGGTTATCCTAATAG-1,0.09252249,-0.5044896,-0.42837164,-0.10670523,1.1967311,2.3131127,-0.48490852,-0.087874345,-0.23229727,-0.7902382,-0.7736019,-0.9033433,-1.445178,-0.51046205,-0.9873676,0.51297873
GCGTTTCTCATGCTTT-1,-1.6282682,0.89018255,0.52162826,-1.2347313,0.9282929,-0.43611377,-2.2046123,0.19143298,0.8924581,2.4230442,-0.6146493,-1.2076446,1.7030166,1.1464336,0.7047974,-0.4047005
GCTAACAGTGGTTCCC-1,0.095875844,-0.23215543,-0.87304384,0.51379716,-1.6134987,0.16630417,-0.13542166,1.733701,0.08533043,-0.12935783,0.14636709,0.4858719,0.19479102,-0.14586407,0.39890802,0.92730415
GCTAAGAAGGAAGCTA-1,-0.8289503,0.37148318,-0.9064212,1.0625262,-0.48597133,-1.4284196,1.0020839,-1.9489796,-1.6423723,1.269069,-0.03139563,-0.35209668,0.6600245,-0.41857797,-0.6456276,0.6281029
GCTAAGAAGGTCCGTA-1,0.6725104,0.55467635,0.06619482,0.739889,-0.35643375,-1.7947478,0.9094575,-1.2190845,-0.8822192,-0.4177957,0.69977427,0.45736235,-0.44725665,-0.08384036,-0.99402297,-0.7635234
GCTAAGTTCATTACTC-1,-0.5971023,-0.14935991,0.6992642,-0.9946029,1.0526745,1.3965735,-0.73407143,-0.34970748,1.4855278,0.01865954,-1.2122817,-1.8817685,0.17752098,0.24760115,-0.47381246,-0.9899169
GCTATAGGTGATTACG-1,0.076946415,-0.40061685,-1.2877824,1.5670803,-1.7374476,-0.7810023,-0.047351286,0.3666436,0.6711656,0.263547,-0.4801875,0.4555767,1.1151905,-0.24003437,1.1876746,0.15547422
GCTATAGGTTTCCACG-1,0.33891815,0.2632595,0.41730133,-1.2848492,0.048695363,1.1658728,0.73298585,0.6778883,-0.9935882,2.3290749,0.48027855,0.2566585,0.8689792,0.2494173,-0.5042317,2.6505318
GCTATAGGTTTCCGGC-1,0.4657009,0.4776218,0.31754568,0.39179862,-0.857444,-2.5122886,-0.100553825,-2.1060004,-0.32789943,1.0901012,0.5172782,0.21043694,0.6525986,0.42253542,-0.038015675,-0.7588272
GCTATCCTCATCACTT-1,-0.41201407,0.48771033,0.9455141,-0.96032155,1.1523167,0.51545316,-0.9578628,0.08681822,1.4137208,1.0698507,-1.1307901,-1.596174,0.95046556,0.98350215,-0.45438564,-1.950464
GCTATCCTCCGCACAA-1,0.8918952,0.7169975,0.432729,0.65102464,-0.2626652,-2.08666,0.7800097,-1.637742,-0.16546321,-0.54935914,0.84603703,0.6140232,-0.47231376,0.051333435,-0.32972506,-1.3837283
GCTCACAAGGTAAGCA-1,0.79005474,-0.124026224,-1.019052,0.65542144,-1.6502228,-1.9078038,-0.95020294,-0.46000832,0.76286006,0.15673167,-0.27754378,0.67151445,1.059819,0.03838239,1.3920014,-0.15011176
GCTCTGGCAGGATTAA-1,-0.8973566,-1.191411,1.3486035,-1.6045094,-1.4331319,0.31941414,-0.2698626,1.3296349,1.4237232,-1.05953,1.4687886,0.6379274,-0.4603816,-0.13002793,-0.43099192,-0.20936617
GCTGCACAGTCATTAG-1,0.9729681,-0.31836385,-1.3626044,0.42147306,-0.99308884,0.34062958,-1.1498365,2.0329523,0.37712932,-0.31606486,-0.3525073,1.149845,0.9895629,-0.027986417,1.7573133,1.1431118
GCTGTAAGTAAACAAG-1,-0.06987994,0.16595173,-0.8987257,1.7921469,0.012961853,-1.3598313,1.4443882,-1.7691257,-0.965487,-0.29182485,-0.062028628,0.1837112,0.13265163,-0.5622751,-0.3334846,-0.651956
GCTGTAAGTCTATCGT-1,0.64051175,0.06360613,2.6217213,-1.1924564,1.236172,0.88669056,1.1671166,-0.2078505,-0.034492917,0.40283012,0.1362997,0.080188915,0.6375669,1.6720748,-0.26148593,0.33705255
GCTGTGCAGAGGAGTC-1,-0.24237363,0.17837016,-1.7841125,1.6722894,-1.0994651,-0.451798,0.48126894,-0.70086575,0.6829277,0.26901668,-0.6834247,-0.3947439,0.4266472,-1.1190691,1.28615,-0.8727821
GCTTACCTCCGGTTGA-1,0.90647197,-0.33622944,0.44424167,-0.5852494,1.6628444,1.3277943,-0.35320392,-0.3891574,0.61847305,-2.5591166,-1.2294855,-0.7599968,-0.96377456,0.08753836,-0.49172708,-1.1768048
GCTTAGTAGCGAGCGA-1,1.5103569,-0.4789561,-0.34040934,1.015085,-1.437046,-0.2855007,-0.079221055,2.0238397,1.00136,-0.6755383,0.15901607,1.5677948,0.2545414,0.53576875,1.3728988,0.6975297
GCTTAGTAGGTTTGCG-1,-0.6235455,-0.01055676,-0.92807114,1.3972353,-1.0143005,0.098830685,1.4037273,-0.47869176,-1.4997883,-0.6047777,0.41887718,-0.025179254,-0.5834737,-0.9076537,-2.0190396,-0.07846748
GCTTATCGTTCCGGGA-1,0.2505507,0.7704004,-0.33484605,1.3676239,0.857795,-1.7018054,1.1363609,-2.3351965,-1.1666198,0.44028997,-0.17757535,0.053254835,0.47873157,-0.44105417,-0.1453676,-1.1036758
GCTTCGCGTGATTACG-1,-0.48366117,-0.8195529,1.5237957,-1.8190513,-0.8598811,-0.1734984,0.17864877,0.69939744,1.6677487,-1.7485359,0.69186014,0.35268927,-0.21984427,0.47064668,0.24059597,-1.2892988
GCTTGACCAGGATAAC-1,0.7002431,-0.39057377,-0.38947567,1.363241,-1.5990194,-0.071021356,1.0596474,1.4723237,0.19235148,-1.5774518,0.5269256,1.3035808,-0.5328826,-0.2498756,-0.39375257,-0.17484431
GCTTGACCAGGCGATA-1,-0.70946,0.3988617,-0.6170471,0.8303937,-0.23869951,-0.35996795,1.6585352,-0.8655185,-2.0211344,0.11400105,0.5856116,-0.3695804,-0.287956,-0.8158729,-1.9013447,0.54341614
GCTTTACGTTACAACG-1,-0.35683447,-0.3178479,-0.45663434,0.033678476,1.4542241,1.9885852,-0.55679584,-0.6806358,0.06329436,1.1201513,-0.76591873,-1.2425698,-0.6164524,-0.5229764,-0.8263304,0.6930177
GCTTTGTGTCCTAATC-1,0.023128012,-0.4482823,-0.19869716,-0.31251672,1.3807337,2.0253482,-0.40816212,-0.5946523,0.2612703,-0.6634849,-0.9689633,-1.1197612,-0.9860749,-0.4866243,-1.1891532,-0.15743846
GCTTTGTGTTTCGCGC-1,0.20573698,0.07893843,2.163622,-1.26115,1.0590345,0.85110784,0.5894573,-0.6614964,1.185333,0.038925614,-0.92743087,-1.1202497,0.5847801,0.79011345,-0.3295192,-1.435977
GGAAACTCAGGCTTCG-1,-0.33851275,0.25411198,0.34425497,-1.0691612,-0.64204943,1.1327016,0.40844762,0.9581686,-0.701331,2.487547,0.4420206,-0.20736136,0.8908594,0.32669955,-0.4841164,2.7403011
GGAACCACAATTGAGA-1,0.09086596,0.2807987,-1.1809273,1.8957962,-0.22024904,-0.7382659,1.6172957,-1.2658353,-0.16712205,-0.5897411,-0.2781515,0.14859077,0.07698442,-0.92570126,-0.116132945,-0.9062822
GGAACCTGTAGTCAAT-1,0.37268144,-0.18393017,-0.24758576,1.366111,-1.5758593,-0.70618033,1.029345,-0.028221037,-0.034444734,-1.181271,0.67586243,0.82559365,-0.5983374,0.038128704,-0.79515827,-0.76826036
GGAAGCTAGTTTAACG-1,-0.14416581,0.3526816,0.92947483,-0.46526414,-0.4963107,1.5630465,1.2235863,2.2739654,0.2656195,0.061678868,0.15647665,-0.6930537,-0.51375556,0.261007,-1.1405842,0.18763712
GGACGGATCCTAAATG-1,1.69154,0.62541366,-0.6563715,-0.47080353,-0.8394206,-2.1261306,-2.639654,-0.88307285,-0.53489035,0.9696349,-0.6203685,1.0514868,1.3892784,0.62325394,1.9807947,-0.56179357
GGAGCAAGTATTGGTG-1,-0.496664,-0.45315868,0.60650706,-0.8979044,0.58407,1.9017853,-0.28247732,0.3257516,1.027631,-0.13378406,-0.6335817,-1.5915015,-0.29677922,-0.020850737,-1.0777646,-0.37261412
GGAGCATAGAGGGACT-1,-0.36460045,0.06378325,-0.38927448,-0.17956349,1.2303376,1.636327,-0.6371654,-0.9241848,0.7338007,0.41268006,-1.4401534,-2.0305595,-0.26634857,-0.38206175,-0.34138656,-0.50658476
GGAGTCTGTAGCTGGT-1,0.9987733,0.07522915,0.2797863,-0.49836785,2.4173014,0.11922274,-1.0875213,-1.1140746,0.6097472,-1.5897067,-1.5415535,-1.0476339,-0.5943814,0.52354133,0.4572221,-1.8031878
GGATAACCACTTCACT-1,0.30306152,0.077431455,-0.8850483,1.6086628,-0.19708106,-1.6320305,0.55912495,-1.7689686,0.11204605,0.7958932,-0.9831672,0.61904323,1.4531165,-0.069860026,1.5587988,-0.9618978
GGATGAATCATGAGCT-1,0.29514164,0.41028845,0.31042743,0.46104583,-0.49158567,-1.39226,1.5318427,-0.50776887,-1.5254555,-0.90006185,0.9637041,0.4378743,-0.7911605,-0.13035169,-2.0288472,-0.42197853
GGATTCAGTTACTTCA-1,0.06863089,0.326111,-0.5190733,1.3154094,-0.24203874,-0.473488,1.7457986,-0.55239725,-0.43463898,-1.1662728,0.2197569,0.30387312,-0.5788666,-0.653805,-0.946877,-0.9527782
GGATTGCGTGTTTCAC-1,-0.24853817,-0.48689163,-0.43000165,0.5129304,-0.802883,2.3520036,-0.44451928,1.7281276,0.07692507,-1.1311437,-0.26460382,-0.30715853,-1.6642451,-0.8956057,-0.86991423,0.62878096
GGCATGGAGCAGCTCA-1,-0.37315762,0.066932954,-1.3394873,1.988621,-0.8188194,-0.77677256,1.4606189,-0.5959512,-0.21102856,0.7513,-0.72723514,0.013073532,1.2312914,-0.49050233,1.0441649,0.3177262
GGCATTAGTCCCGAAG-1,0.49070412,-0.2545301,0.4001771,-0.011842512,3.5549302,-0.44478598,-1.0473804,-1.7264606,-0.36275572,-0.32938212,-1.5029566,-0.5228491,0.0856467,1.3688993,1.1823349,0.11053027
GGCATTGTCACTAAGC-1,0.7708651,0.84945774,0.5333582,0.6352058,0.097406894,-2.4121587,0.52918863,-1.6843835,-0.47599646,0.034621373,0.8935697,0.39828545,-0.4072892,0.111436926,-0.5238676,-0.9738765
GGCCAACTCCCTGACT-1,0.68639517,-0.05726622,0.8119366,-1.0907925,0.678912,1.8523254,1.2829618,0.80523795,-0.9273927,1.2210139,0.1998333,0.113195814,0.010119036,0.49910524,-0.53224385,1.9246013
GGCCAACTCCGCAACA-1,0.26299453,0.41592792,0.69055945,-0.8689879,-0.8286265,1.5672619,1.0697474,2.8349338,-0.31999803,-0.44209832,0.3651297,-0.33270353,-0.78291297,-0.10438591,-1.2758904,0.21684009
GGCCATCAGCGATAAG-1,0.82021797,-0.5097139,0.10914061,-0.63949835,1.5689629,1.3605692,-0.71517503,-0.17365782,0.69184935,-2.6437297,-1.2192172,-0.6486722,-1.1273084,0.029462095,-0.22659141,-1.027552
GGCCTTAAGGATAAAC-1,-0.33690846,-0.9358949,1.9368908,-1.4585259,-1.1746802,-0.10895983,0.4247483,0.8152017,1.3970565,-1.8255162,1.1334486,0.7490305,-0.8686993,0.28649253,-0.5417042,-1.1379116
GGCTAGACACCTAATG-1,-0.911674,-1.2678103,1.8262992,-1.649214,-1.6481779,-0.464819,-0.03712853,0.23640668,1.2500141,-1.1601417,1.6173272,0.7385272,-0.4223907,0.116301775,-0.5859176,-0.6063163
GGCTAGTGTACGCGCA-1,0.5231253,0.12311014,1.3693116,-0.1497063,3.4911604,-1.0399624,-1.5956635,-1.4262531,-0.96994305,0.85690355,-1.1594455,0.21097752,0.7594213,2.3328571,1.7140919,-0.065468304
GGCTATTAGCAGCTCA-1,-0.40027857,0.069854796,-0.8100479,1.3626441,-0.6793667,-0.9040761,1.3757511,-1.0153346,-1.2571496,-0.19195828,0.29645437,0.009917654,-0.030072428,-0.6018698,-1.1569865,-0.035948187
GGCTCAATCATCCTAT-1,0.56442857,0.3458948,-0.63162404,1.6991997,-0.22941718,-0.28805202,1.2979504,-0.040818185,0.63940024,-0.54660016,-0.69434965,0.60523325,0.12273381,-0.26960593,0.7385544,-1.0007468
GGCTGTCAGGCTAGAA-1,-0.028050736,-0.06478758,0.7044749,-0.6140774,2.5717058,0.81625867,-0.9333872,-1.4548407,0.27367634,0.41089585,-1.123518,-1.3470225,0.038891196,0.91696346,0.4441159,-0.26360866
GGCTTCAAGAGAAGGG-1,-0.36003202,0.63714486,0.34568954,0.23366839,-0.81441605,-2.2340875,0.073470525,-1.9538581,-1.4667914,1.2541065,0.58039415,0.25405526,0.65004396,0.33469215,-1.0153749,0.10869956
GGGATAATCCAGGTCA-1,-0.32809684,-0.7324418,1.6147273,-1.081836,-1.597473,0.19946523,0.37278092,1.3405412,1.0721531,-1.4790698,1.0169492,0.6897449,-0.9703191,0.14966637,-0.9565444,-0.8505056
GGGATTAAGGGACGCA-1,-0.09917003,0.014484279,0.21672457,0.4020695,-1.3031821,-1.0170294,0.9224056,-0.45981324,-1.1485355,-0.6336243,1.3153033,0.41949475,-0.7801786,-0.33799618,-2.0431566,-0.2669106
GGGCATGAGACAAGTG-1,0.3860684,0.74106836,0.70919806,0.12963635,-0.32960272,-2.283107,-0.037903063,-2.3708944,-0.4710133,0.45922184,0.9581325,0.32792187,0.015985124,0.18269514,-0.8743003,-1.2411876
GGGCATTGTTGGTTAG-1,0.24453095,-0.34574258,0.01871626,-0.51845336,1.9668376,1.348278,-0.42336583,-0.94389457,0.5041019,-0.5924427,-1.0085101,-1.0717602,-0.7431284,-0.09550908,-0.2982089,-0.4901941
GGGCTAACAACCTGGT-1,0.0003457144,0.55613285,0.18401584,0.5005665,-0.6193954,-1.7450022,0.81613946,-1.4762723,-1.6959217,0.30009377,1.0636125,0.23072731,-0.38795352,-0.042019844,-1.8473737,-0.035401024
GGGCTAACACCTAATG-1,0.37930015,0.048511013,1.7825179,-0.9769334,1.8773553,0.33245066,-0.25838578,-0.793124,1.2507865,-0.691194,-0.9965042,-1.2787474,0.2902805,1.0747488,0.17440885,-1.9240952
GGGTATTTCGCTAAGT-1,-0.21936737,-0.06542743,-1.5211365,2.0510645,-0.87182486,0.8172332,1.9163499,1.2604947,-0.53119427,-0.37279743,-0.25606796,0.07646455,-0.08144089,-0.7806709,0.22329262,0.55338204
GGGTCAACACAGAAAC-1,1.3505603,-0.13607213,-1.394976,-0.76642805,-0.613158,0.2666328,-1.880456,1.9447803,0.067558855,-0.7160579,-0.17299369,1.1278322,0.09621631,-0.108203426,1.4301033,0.75785184
GGGTGTTGTTAGCTGA-1,-0.103733756,0.669057,-0.9012922,1.8722817,-0.4299072,-0.19471088,2.168909,0.12605561,-0.3631404,0.111032195,-0.752468,-0.034751646,0.50066817,-0.7662654,0.4450953,-0.30222434
GGTAACCGTAATGGCC-1,-0.7664369,-0.36325634,-1.0888692,1.6316221,-1.4037607,0.88398767,1.6338454,0.36010075,-0.9756875,-1.2206024,0.24991211,0.00011167675,-0.70393753,-1.0337355,-1.5883313,0.008300383
GGTAAGGGTGACATAT-1,0.19517997,0.054687507,0.30786425,0.5860981,-1.3849667,-2.314846,-0.04235985,-1.6699915,-0.7628293,0.5179018,0.79207563,0.75943154,0.47088253,0.38774827,-0.7950618,-0.3488321
GGTACCGGTCATTACC-1,-0.0061596315,-0.07252172,0.54793584,-0.5684054,1.7587517,1.4200349,0.03221172,-0.6007997,-0.5128684,2.205975,-0.12234859,-0.2940765,0.48094034,0.39623052,-0.2270992,1.4202663
GGTACTAGTGTTGCAA-1,-0.14294508,0.23678878,0.676512,-1.20821,-0.061578408,1.2255421,0.6672216,0.8969863,-0.5440938,2.4496267,0.42952538,-0.13656096,0.95263565,0.4419244,-0.35117286,2.6167617
GGTAGGAGTGATGAGG-1,0.51584697,0.615491,0.17259215,0.4528169,-0.2668129,-2.067522,-0.11361019,-2.3484578,-0.3377889,0.5648607,1.0195835,0.1293368,-0.18032867,-0.012020697,-0.37249905,-1.3841066
GGTAGGAGTGTTAGCA-1,0.1290527,0.10262321,-0.29567686,0.7043459,-0.98523897,-0.74158967,1.0493991,0.11618526,-1.5174593,-0.86499536,1.0129378,0.39516023,-0.46367645,-0.44021848,-1.9409635,0.051218703
GGTCAAGCAGAGGGAG-1,-0.4280329,-0.52175814,0.25976592,-0.45539612,0.6005808,2.2615094,0.2111781,-0.12605523,-0.012849566,0.28352463,-0.22240263,-1.0726686,-0.9991341,-0.5155323,-1.2501725,1.2113888
GGTCAAGCAGGTTTGC-1,1.3478652,0.11496404,2.2793095,-0.73375916,-0.6827791,-1.2054559,-0.8660377,0.6763383,1.4563494,1.1946118,1.9772503,1.7343345,0.47120726,1.5062695,1.184244,0.4286279
GGTCAGGAGCGAGTAA-1,-0.35913926,0.07616386,-0.5780908,1.2787108,-0.6950927,-0.2150327,1.7657927,-0.284679,-1.4396124,-1.0711044,0.5976937,0.0186132,-0.99484324,-0.93062776,-1.9327891,-0.41650066
GGTCAGGAGGGTGAAC-1,0.061766848,0.19142911,-1.4365761,2.0172915,-0.3398025,-0.9213867,1.1633884,-1.1214492,0.41471308,0.18308449,-1.0534809,0.27666417,1.0725915,-0.7243712,1.4696889,-0.6936954
GGTCATTAGTCGCTAG-1,-0.89285976,-0.7019424,-1.2330742,1.822377,-2.0873387,0.11760646,1.0174217,0.091919705,-0.10965367,-0.3939851,0.10683445,0.24943987,0.21154305,-0.6664772,-0.6023047,0.3038728
GGTCTTTGTAACGAGG-1,-0.7080945,0.27899423,-1.0236074,1.32496,-1.0906667,-1.1760783,0.79652107,-1.5127448,-1.388494,0.82558465,0.20873243,-0.095972404,0.51307905,-0.55439824,-0.8146066,0.09114689
GGTGAGGTCGGTTTCC-1,1.1134887,-0.2232061,-0.08895165,-0.3449353,2.189882,1.2661724,-0.7557992,-0.8080905,0.25377113,-1.7798619,-1.2643291,-0.7535082,-1.2564714,-0.117584705,-0.42142928,-1.0371687
GGTGATTTCGGTCATG-1,-0.1505231,-0.4745863,-0.54709834,0.047944035,1.5240722,2.0758834,-0.4681242,-0.5738493,-0.41315317,0.78643274,-0.5573339,-0.8913114,-1.0020857,-0.52769125,-0.74296474,1.1551985
GGTGCTGGTCCTAATC-1,1.1830717,0.4706379,0.5824096,0.7675076,-0.14772528,-1.8598982,0.5610374,-1.0156796,-0.20720883,-0.773396,0.3773427,1.0720091,-0.30698422,0.41993216,-0.39489454,-1.4882146
GGTGCTTCACCGGCTA-1,0.7988636,-0.47632375,0.63749593,-0.8561227,0.8443757,1.4948045,0.10732283,0.09122702,0.82603025,-2.4569435,-1.0241334,-0.9287756,-0.98904985,0.027925177,-0.4572054,-0.5925396
GGTGTGACACCGGTAT-1,-1.2749052,0.39722604,0.928447,-1.0641559,0.48370355,1.0430754,-0.8076371,0.48024052,1.0563352,1.4105785,-0.73422885,-1.284575,0.9277376,0.52428544,-0.70368826,-0.59634143
GGTTAATGTGGATTAT-1,0.34357706,-0.53626513,0.56474936,-0.40959215,2.6503162,1.4019543,-0.20024727,-1.2027367,-0.33905768,0.03335976,-0.6446534,-0.46769625,-0.45563343,0.5663119,-0.25591508,0.53112394
GGTTACCCAACAGGTG-1,0.7664635,-0.40889114,-1.1869648,0.45394462,-1.1568679,0.5614141,-0.8976929,2.4633832,0.33214098,-0.69823617,-0.17627686,1.117095,0.49102715,-0.1513704,1.2026552,1.11586
GGTTACCCAACGTGCT-1,0.80095613,0.5525435,0.2716438,0.49306634,-0.6316261,-2.6218276,-0.063951194,-2.3899186,-0.85641634,1.0289345,0.36844468,0.65549964,0.6991322,0.53387845,0.002754738,-0.4699307
GGTTACTAGTCACTAA-1,-0.2237849,-0.5314775,0.40050703,-0.8326565,0.08732168,2.3471587,0.30438408,1.1132624,-0.07153665,-0.49264377,0.07194804,-0.7295543,-1.2685032,-0.26967153,-0.9418031,1.0101238
GGTTAGCGTGAGACTC-1,0.7424407,-0.38253948,-1.1401453,0.6242236,-1.3156416,0.689759,-0.6122039,2.4568276,0.5302835,-0.83246803,-0.2150836,1.0036031,0.33633414,-0.0865722,1.0715233,1.025489
GGTTCCCGTGCTCACC-1,-0.49730867,-0.7584237,0.8024621,-0.8168458,-1.6016555,0.786767,0.15026343,2.1252675,1.4517236,-1.3636135,0.81339467,0.33550096,-0.69459575,-0.06718678,-0.424352,-0.5149199
GGTTGCGGTCAAGTAT-1,-0.42444408,-0.4343897,-0.5671169,1.0949394,-1.8785341,0.5442388,1.1646652,0.81353766,-0.63391626,-1.2157832,0.64272714,0.44342083,-1.0241895,-0.66194326,-1.8059146,-0.24543403
GGTTGCGGTTGCTGGG-1,0.16889375,-0.3246805,-0.8326391,2.033908,-0.80781686,-1.4811233,1.4228811,-1.0016718,-0.06526378,0.12295323,-0.76111865,0.70479846,1.1926737,-0.08648449,0.9446732,-0.08103039
GGTTGCTCAGGACACA-1,0.28370637,0.3556397,-0.30348158,1.5101321,0.04434717,0.11548637,2.1164937,0.47054827,-0.3100906,-1.8210944,0.26205257,0.33936855,-1.0497513,-0.78929603,-0.7790164,-1.1814978
GGTTGGTGTTTCGCGC-1,-1.718184,0.707345,0.7333226,-0.8843248,1.3199226,-0.25959796,-2.3802857,-0.53701574,0.5251647,2.5657785,-0.81903064,-1.1393664,1.4582015,1.0225455,0.620738,-0.33086577
GGTTTCCTCGCACACA-1,-0.29127583,-0.51353276,0.19188538,-0.5594313,0.4815941,2.3446784,-0.017669272,-0.17564884,0.4939657,-0.06120877,-0.5514521,-1.52603,-1.182322,-0.65151215,-1.1683693,0.43714118
GGTTTCTGTAAGGTCC-1,1.3264415,-0.34621185,-0.35869896,0.8719033,-1.3568671,0.30475312,0.07549703,2.5692067,0.6274059,-1.0260038,0.032029614,1.4656973,-0.1483882,0.3777925,0.92751443,0.6831986
GTAAAGCCACCAAAGG-1,0.46497852,0.38516843,0.17914566,0.92859346,-0.5439653,-0.19583249,1.5136845,0.13920687,-0.56608063,-2.0281076,0.6157276,0.6886006,-1.1583638,-0.5215915,-1.5310695,-1.3396432
GTAAGCAAGTGCACGC-1,0.14624397,-0.46587974,-0.15071666,-0.12400022,2.5931764,1.4189541,-0.2700293,-0.99152446,-0.247673,-0.39844048,-0.9444748,-0.83950156,-0.9084238,-0.07926276,-0.8490181,0.31214976
GTACACCCAGTCTATG-1,0.5058929,0.5504489,-0.4216026,1.7720675,-0.043304995,0.6592979,1.3457987,1.6884446,1.1336286,-1.1599151,-0.973771,0.4970535,-0.07823229,-0.116078645,1.2840693,-0.8761202
GTACCTTGTATTGTCC-1,-0.38510215,0.36891267,1.083714,-0.87908447,0.3652627,1.489887,0.35554296,0.87219983,1.5263677,-0.46736237,-1.0940957,-1.2509902,0.5946156,0.3893506,-1.0244603,-1.3005643
GTACTAGGTATCTGGA-1,0.19050708,0.46311253,0.41740772,0.18561786,-0.8363669,-1.0102879,1.2615554,0.021193273,-1.4015112,-0.97403336,1.3510822,0.4286964,-0.91042703,-0.17938139,-2.3092592,-0.17592733
GTACTAGGTTTATGGG-1,0.4802541,-0.41897067,0.5073138,-0.8283849,1.3788211,1.7836363,0.06598376,-0.17129332,0.78100157,-2.0077684,-0.97617936,-0.80214286,-0.7797208,0.048075385,-0.79648817,-0.93542504
GTAGGAGGTGGGAACA-1,-0.66101706,0.54894006,1.1099614,-0.13407926,2.751461,-0.93178415,-1.3269949,-0.9505577,-0.49122924,2.605586,-0.76102734,-0.32131618,1.4367753,2.0168366,0.89222866,0.6218462
GTAGGCGAGTAACAGG-1,0.42737582,0.44188017,-1.8583505,0.71207607,-0.32784677,-0.8860042,-1.6449256,-0.29572767,0.55361843,1.2421854,-1.2968334,0.14184694,1.7423162,-0.26605424,2.5766497,0.12545982
GTATGTTCACCTCGCT-1,-0.41360083,-0.069528475,1.9387918,-1.4004555,0.48432183,1.2880199,0.3990808,0.37135854,1.0868704,1.3638091,-0.34491783,-1.1789477,0.6074859,0.9589737,-0.5640484,0.16657194
GTATTCAAGCCTGTGA-1,-0.5636916,-0.12595281,-0.5250937,-0.068607725,1.0449173,2.0734646,-0.5752993,-0.29887864,0.014111534,0.9944743,-0.50863415,-1.2966417,-0.7635142,-0.8107473,-0.9339992,0.4878703
GTCAATATCCCATAAA-1,-0.7660168,-0.5205573,-0.71287924,1.0775919,-1.8711939,-0.15318635,0.71702385,-0.2737686,-1.2680237,-0.37918133,0.7182367,0.21558061,-0.4420147,-0.51171273,-2.0808883,0.16395766
GTCATCCTCCTCACAC-1,0.726855,-0.023821987,1.6351693,-1.1320313,0.80471766,1.7222373,1.6881154,0.6653249,-0.60585916,0.41082734,0.33201557,0.5313839,0.121435694,0.87069345,-0.3900585,1.6788907
GTCATTAAGCGGGCAA-1,-0.29371214,0.27910584,2.2710018,-1.2041085,1.4833217,-0.14252642,-0.22969352,-1.3816242,0.86236894,1.3790269,-0.8873383,-1.0007699,1.1848917,1.0739154,0.36944002,-1.3771832
GTCCAAGTCAGCACCA-1,0.9031291,-0.6876196,0.29999375,-0.62400365,1.6156018,1.4649487,-0.24853405,-0.04468456,0.43242162,-2.6525726,-1.0469362,-0.4737085,-1.2352114,0.261013,-0.2329148,-0.36665124
GTCCGTAAGTTACCGG-1,-0.31418228,0.15837812,-1.330986,1.9207354,-0.7329432,-0.6259686,1.6942024,-1.0119052,-0.13599162,-0.1684885,-0.36302194,-0.009615833,0.19469261,-0.8453871,0.122338116,-0.6118589
GTCCTCAGTTAGTGAT-1,-0.3500062,0.6949131,-2.105167,1.2767227,-0.4335484,0.8289106,0.14591649,1.1348605,0.6370814,0.10639608,-1.0645344,-1.053132,0.24114656,-1.0562792,1.3185854,-0.36549264
GTCCTCCCAAGGATTA-1,1.0020139,-0.5126543,-1.2776014,0.8652859,-1.2442497,0.21051651,-0.9343715,1.4823565,1.2023554,-1.1233932,-0.06593904,0.9458467,-0.2707438,-0.64261997,1.3531866,-0.37296122
GTCCTCCCACAGAAAC-1,-0.07974672,0.32696527,-0.93682826,1.4058726,0.08152974,-1.259918,1.0010281,-2.1967318,-0.76982504,-0.034090992,-0.3329196,0.027193941,0.44039682,-0.44068187,-0.05088751,-1.0808607
GTCCTCCCACCTGCTC-1,-0.54643786,0.29447478,-1.8048731,1.7609787,-0.9101476,0.8609842,1.0919899,1.5187068,0.13820872,0.2519341,-0.7408397,-0.6295185,0.57455516,-0.7805914,0.72645146,0.3647352
GTCGAGGAGCGCAATT-1,-0.50744975,0.16743897,-1.2439039,1.9566512,-0.45449197,-0.7288703,1.9995544,-0.9720127,-0.7594869,-0.030613787,-0.40594533,-0.04562162,0.5630311,-0.8810382,-0.26239455,0.09361622
GTCTATCGTAAACAAG-1,-0.8020523,0.74663496,-1.5932515,1.1972803,-1.1063209,0.78947854,1.0026759,1.768327,-0.16990891,1.2190076,-0.22176215,-1.0264497,0.45136416,-0.6734139,0.4703538,0.7380273
GTCTATCGTGATCAGC-1,-0.7127491,-0.17068756,1.0674483,-1.0136987,-0.0766368,2.0273616,0.3680923,0.86211663,0.5983975,0.95695674,-0.21508667,-1.173423,-0.1341874,0.097880825,-1.0919752,0.91376925
GTCTATGCAACTAACT-1,-0.3443513,-0.03514374,-1.7658144,1.8354381,-1.2694328,0.41087908,0.4039152,0.9048513,1.1974705,0.16162169,-0.7635911,-0.19949201,0.7432256,-0.8391709,1.3568267,-0.049638167
GTCTTGCTCCTCAGTC-1,-0.5981703,-0.22019276,-1.3676867,1.362489,-1.6435337,1.0100385,0.47613466,1.9780948,0.67121655,-0.2915564,-0.111319296,-0.47803953,-0.14762104,-0.87416273,0.36034417,0.04009887
GTCTTGCTCGTAATCA-1,0.04743768,0.47463214,-1.0158474,1.5055349,-0.0049944334,-1.2033062,1.5029348,-1.8295932,-0.9739895,0.019360386,-0.40855646,-0.02604067,0.47677124,-0.627302,-0.3658558,-0.7673439
GTCTTTGTCATTGTCT-1,0.255903,-0.3426244,0.07937903,-0.4674161,1.9127624,1.7537994,-0.5255599,-0.86951756,0.11232854,0.25530124,-0.8174179,-0.7869974,-0.3442694,0.038637936,-0.45770615,0.10643042
GTCTTTGTCGGTTACG-1,-0.7820083,-0.3552568,-0.76157224,0.99685603,-1.5662777,0.5286328,1.2017522,0.502952,-0.95033777,-1.039156,0.7344587,0.05785685,-0.9257153,-0.844159,-1.8873861,-0.26980272
GTGAACAAGCTTAGCG-1,1.0655341,-0.5421379,-1.3146851,0.6724177,-1.173193,-0.4589249,-1.0825648,1.2614081,0.90520585,-0.47945088,-0.44776064,1.1624413,1.0480193,-0.035291396,2.1665,0.5364842
GTGCAAGCAGCCGCTA-1,-0.2059771,0.0594865,1.2795508,-0.9429288,0.9196837,1.4791954,0.15726316,-0.527163,0.9432454,1.3161983,-0.73144186,-1.4742581,0.3728819,0.43684256,-0.44230163,-0.4101569
GTGCGCAGTAAGCTCA-1,0.3028108,-0.04020128,-0.027713642,1.0033009,-1.3372989,-1.6973639,0.6390238,-1.1667812,-0.27600083,-0.07870625,1.0121531,0.78217465,-0.13117191,-0.16744322,-0.5994324,-0.68482935
GTGCGCAGTTCCTCCT-1,0.069512226,-0.059900697,-0.2719453,0.89650023,-0.8575039,0.019452274,1.4345946,0.74374056,-0.9552678,-1.8638158,0.75014013,0.7666577,-0.8548453,-0.67013574,-1.4819677,-0.38486618
GTGCTGGGTCCCGAAG-1,0.6805692,-0.32711312,0.069549985,-0.38855347,2.3761172,1.1753639,-0.4404719,-1.013887,0.3400804,-1.0470948,-1.2626519,-0.96385694,-0.7371775,0.13107184,-0.13183585,-0.41167608
GTGCTTACAGTAATAG-1,0.7493997,-0.42221797,0.09761765,-0.5270631,1.369098,1.6695455,-0.13325405,0.33914483,0.31832987,-2.6851938,-0.98195887,-0.76044345,-1.5360277,-0.15238957,-0.6652722,-0.5389143
GTGCTTCTCATGTTTC-1,-1.654593,0.70559645,0.70373094,-1.5452113,-0.45808488,-0.5911246,-1.6549208,0.61534226,1.0618825,2.5689163,0.057839178,-0.70178807,1.7886317,1.231705,0.5307861,0.39224738
GTGTGAGCAACACTTG-1,-0.28750747,0.1306389,-0.7271728,1.3418654,-0.37755126,0.31270596,1.912364,0.24047706,-1.3361747,-1.3671238,0.44296443,-0.023438726,-0.90084636,-1.0468884,-1.9824424,-0.19636983
GTGTGTTAGAAGCTAG-1,0.18287969,0.20995045,-2.0506706,1.13662,-0.7180499,-0.40811527,-0.6078364,0.01379775,1.0771711,0.37943217,-1.1920804,-0.29839343,1.0783873,-0.712211,2.4244838,-0.34987864
GTGTGTTAGTTAGAGG-1,-0.1903997,0.097039,-1.0905945,1.795896,-0.4346685,-0.6772443,1.6201358,-1.2444341,-0.28994676,-0.5924962,-0.063207775,0.18909432,0.062578104,-0.85634744,-0.3666051,-0.86380434
GTTAACCAGGGACCTC-1,0.91470706,-0.24831623,0.17479815,-0.6034277,1.7701602,1.211671,-0.15948892,-0.42635444,0.25293815,-2.4862666,-0.98779476,-0.48908088,-1.124851,0.12453366,-0.3820978,-0.77210593
GTTAACGGTACGGTAC-1,0.38568437,0.12618047,-1.1364876,-0.83601767,-1.1839596,0.26094136,-1.2091291,2.3667815,-0.62851363,0.14120975,0.09737149,0.49744457,-0.020585148,0.02835179,-0.0069221184,1.5691527
GTTAACGGTCCTAAGA-1,-0.327785,0.31015104,-0.38167626,1.1403959,-0.32122308,0.21044865,1.864517,-0.11090286,-1.0665195,-1.3370919,0.7148817,-0.017816748,-0.8962656,-1.0203711,-1.9964372,-0.78830594
GTTAAGTGTTGGTTAG-1,-0.9397344,-1.3095119,1.4874476,-1.7634077,-1.6260009,-0.35419512,-0.5170618,0.7388933,1.0935264,-0.9582876,1.7180974,1.0085237,-0.33248776,-0.031084735,-0.08722714,0.09735466
GTTAATGTCGTTAACA-1,-0.34000778,0.29890063,-1.6244417,2.2402472,-0.74953055,-0.1851083,1.4579831,-0.22990051,0.024426319,0.22887966,-0.93668604,-0.13607928,0.87534565,-0.94761527,0.7499356,-0.2331047
GTTACAGGTGCTAGAC-1,-0.3774092,-0.2324054,1.2026398,-1.2079234,-0.06111604,1.8684872,0.6608702,0.8301585,-0.10389456,1.0396433,0.47662723,-0.6490928,-0.2969686,0.12804264,-1.1568532,1.4207363
GTTACTAAGGCTTAAC-1,-0.5555197,0.21972984,-1.9980915,1.1170552,-0.89824116,-0.7968663,-1.1459196,-0.8089504,0.59736,1.3156674,-1.2694875,-0.47133556,1.4911199,-0.5786847,2.165029,0.32059145
GTTACTCGTACCGGAT-1,0.11379203,0.1980477,-0.8592227,1.6242303,-0.34725225,-0.09761301,1.8077072,-0.03818843,0.010107804,-1.1665608,-0.27639833,0.26527208,-0.34440047,-1.0452884,-0.19349173,-1.2337245
GTTCATTTCTCATCAT-1,1.3374659,0.54934084,-0.093324065,1.1883307,0.4347188,-0.04234718,0.7776506,0.9807658,1.7382652,-1.4021902,-1.2852294,0.748803,0.16137765,0.36200184,2.1034424,-1.4836717
GTTCGCTTCGCTTCTA-1,1.0582308,0.031443313,-0.9107276,-0.65209806,-0.5195974,0.83548737,-0.63838357,2.682241,-0.06676112,-1.3824091,-0.30484915,0.95454544,-0.614764,-0.3230992,0.6713506,0.49680474
GTTGCATAGCCATCAG-1,-1.2653029,-1.1719215,1.9573723,-1.7012177,-1.0677562,-1.2435822,-1.2606964,-0.49644417,1.2432483,-0.13873518,1.6772923,0.8125758,0.8706603,0.4162421,0.6896267,-0.6521273
GTTGCGGGTATGTGGC-1,0.15917297,0.89553225,1.2539911,-2.4266682,-0.37919706,-1.3505244,1.1582419,1.5977464,1.6870608,1.0483593,0.8642545,-0.6848494,0.8284193,2.2255437,0.33118075,-0.64742815
GTTGCGGGTCCTGATT-1,-0.572271,0.029754069,-0.7244443,1.1652867,-0.6892822,-0.006617978,1.887171,-0.19281614,-1.3201997,-0.76501167,0.66228944,-0.04215564,-0.64031947,-0.7294828,-1.6051712,0.06237925
GTTGCTGAGCTTTGGG-1,0.5853399,-0.4352349,0.7028924,-0.5618657,3.0208127,1.0651019,-0.16196027,-1.2334158,-0.11756679,-0.9235821,-1.0710251,-0.2978077,-0.5606983,0.38643774,-0.5512881,-0.5132828
GTTGCTGAGTAAGTGG-1,0.36547172,-0.07061912,-0.39339477,0.2193669,2.6443267,0.9181175,-0.9899479,-1.6412787,-0.3270743,-0.21483359,-1.3620906,-1.0987381,-0.75032,0.0007190332,0.076888405,0.012098913
GTTGGCGGTGGAAGGC-1,-0.26665235,0.2312508,-1.6180154,1.071405,-0.94295895,-1.2225294,-0.9649757,-1.1260012,0.7762144,0.96662724,-1.2591867,-0.2398715,1.590037,-0.5087135,2.167163,-0.14059716
GTTTAACCAAGCGAGC-1,0.09491478,0.37119627,-1.3040059,2.117095,-0.2528974,0.34106398,1.9639933,0.42974818,0.5860962,-0.5946993,-1.170341,0.149741,0.2824852,-0.78488445,0.8308418,-0.9101913
GTTTAACCATGCAACC-1,0.011047646,0.38192937,-0.8511661,1.7149807,-0.15100943,-1.1834671,1.5298346,-1.3143578,-0.89825153,-0.04115238,-0.033170022,0.17562772,0.03000841,-0.5738056,-0.3936139,-0.47770393
GTTTAACCATTTGCTC-1,-0.61601055,-0.42761886,-0.30499327,-0.22298875,0.8091774,1.9451423,-0.68762815,-0.34113652,0.08226686,0.65163994,-0.40290207,-1.3764801,-1.1225262,-0.6510004,-0.70546836,0.6048168
GTTTACCGTTAAGCTG-1,0.89750534,-0.6268916,0.32748282,-0.4871056,2.057333,1.2516491,0.027241357,-0.736941,0.0038944893,-2.0693305,-0.92238915,-0.31897584,-1.0513418,0.3146246,-0.058618434,-0.010414587
GTTTAGCAGGTTTGAC-1,0.11840027,-0.23362945,-1.6461873,1.2082719,-1.4880962,-0.89522684,-0.6766228,0.40134636,0.43130922,0.74989414,-0.7555882,0.49425793,1.6650443,-0.07287553,1.7680938,1.0481969
GTTTCAGCATGAATAG-1,0.19682732,0.6734801,0.1563406,0.2819838,-0.74287105,-2.5469863,-0.21220595,-2.4699144,-0.886222,1.451371,0.50371945,0.19879614,0.7047472,0.35707295,-0.07817537,-0.3823783
GTTTCCTCAATGAGGT-1,0.017106375,-0.13047844,1.2899997,-1.1967939,0.57348824,1.790875,0.776308,0.6081253,1.0149682,0.45999783,-0.5541081,-1.2631824,-0.10878937,0.46516103,-0.9259483,-0.19757539
GTTTCTAGTGGAGCAA-1,0.97165585,-0.3161433,-1.2333621,0.118449464,-1.2068557,-0.26037017,-1.404691,1.6361994,0.18819633,-0.06898154,-0.14567578,1.2174933,0.86157024,0.27472016,1.4647946,1.3921123
GTTTGTTTCCGGTATG-1,0.304916,0.068197615,2.1965082,-1.1856971,0.8157568,1.350237,0.90778095,-0.02616283,0.87385774,0.5361936,-0.6612679,-0.83817625,0.49632663,1.022044,-0.4811772,-0.61732715
TAAAGCCTCGTGCCTT-1,-0.9128918,-0.013030118,-1.8141875,0.80433,-1.453721,-0.7488042,-1.1031184,-0.65958905,0.07698725,1.4090486,-0.57790816,-0.29784018,1.4712559,-0.4694658,1.6109215,1.5004375
TAACAAGCAGCTACGT-1,-0.48697075,-0.5560294,-0.77531946,0.057784602,1.1226764,1.8037444,-0.76383424,-0.27525926,0.3333634,-0.30573732,-0.9098668,-1.3047059,-0.9771018,-0.66135657,-0.4818415,0.3918894
TAACCAGGTACTTAGG-1,-0.2013063,-0.3167819,1.2049936,-1.2909174,0.24031913,1.9970869,0.5370493,0.729748,0.9090792,-0.58655405,-0.5077988,-1.4339355,-0.78849244,0.03426844,-1.0415812,0.010630657
TAACCGGTCATGCTTT-1,-1.1614039,-1.3681488,1.7436764,-1.5774713,-1.5902019,-0.391379,-0.39811003,0.12829562,1.286612,-0.96925986,1.6597848,0.7644003,-0.15821399,-0.062049866,-0.33342552,-0.4382422
TAACCGGTCTGTGCAG-1,1.3988552,-0.49595642,-0.74940395,0.45153087,-1.392164,0.34184295,-0.5042273,2.0907125,0.5118504,-1.0041459,-0.052261453,1.5989943,0.46963954,0.34130433,0.8245754,0.6850246
TAAGCTGGTTAGGATT-1,0.5515673,-0.3079157,-0.4447945,1.3569717,-1.4061072,-0.90576863,0.65877795,-0.21716776,-0.3189776,-0.8927211,0.6237141,0.93761235,-0.48243356,0.10577529,-0.7719584,-0.500634
TAAGGCTTCTTGCATT-1,-0.6920397,-0.07402192,1.4515567,-1.0517598,0.34402198,1.6308715,0.27866223,0.46395814,1.0494758,1.1867284,-0.4921273,-1.3704889,0.25342393,0.4598418,-1.0332401,0.16145024
TAAGTAGCATTATGCG-1,-0.28170997,0.107607454,-1.410273,2.0130537,-0.40868396,0.5476439,2.1131077,0.15839452,-0.1548519,-1.2904983,-0.57080066,-0.04866501,-0.20134199,-1.1361966,-0.22126113,-0.6855928
TAATTGCCAAGGTACG-1,-1.4933279,-1.2760897,1.7331345,-1.5330799,-1.2396116,-0.95318305,-1.0759361,-0.47532225,1.5899489,-0.34109858,1.5753984,0.55260146,0.64578223,0.10029811,0.31455016,-0.83471787
TACAAGCTCGAGCAAA-1,-0.34171042,-0.64919734,0.00013828464,-0.2658844,0.787298,2.1996207,-0.443394,0.03580556,0.6019681,-0.88419247,-0.7263861,-1.3605343,-1.1724312,-0.4369673,-1.1737652,0.063313514
TACATCAAGGTACCGC-1,-0.94779795,-1.0832582,1.4051585,-1.1705507,-1.8332473,0.4043613,-0.007038299,1.0404377,1.2097135,-1.1906173,1.2916684,0.7303283,-0.5870881,-0.22744979,-0.8448185,-0.40379485
TACCCGGCAATGCCTA-1,-0.3406499,0.35236406,-0.79359543,1.3255973,0.42724526,-0.9867816,1.6464524,-1.9264326,-1.5369824,-0.306988,0.06628273,-0.05149233,-0.06568147,-0.6754411,-1.2751746,-0.509865
TACCCGGCACTTAACG-1,-0.9674474,-0.16828209,-0.43998787,0.026355818,0.2252742,2.1245365,-0.8027921,0.52129775,0.3454342,-0.46962285,-0.40178958,-1.1891179,-0.8433296,-0.7787975,-1.0265366,0.1086129
TACCGTTGTGATTTGG-1,0.04128991,0.47526044,-0.72040594,1.3565067,-0.03979868,-1.6545088,0.51746917,-2.4553747,-1.1930666,1.1403971,0.0640675,0.1057996,0.6153619,-0.3204141,-0.08500145,-0.6986756
TACCGTTGTGTAATAC-1,-0.26389003,0.20068797,1.216007,-1.3766448,-0.099161476,1.4216042,1.2440392,1.341641,-0.45003816,1.2396244,0.46884423,-0.1769495,0.43938303,0.31723446,-0.9918241,2.0100212
TACCTGCTCCCTTGCG-1,-0.21864289,-0.25731504,-0.6338774,1.5148528,-1.178009,-1.406023,0.84837896,-1.6160103,-0.6441529,0.15130474,0.014455963,0.46204972,0.52222514,-0.045400154,-0.36530054,-0.109830424
TACGGATTCTAACCTT-1,1.0309589,-0.3720711,0.94305515,-0.9359751,2.451348,0.4062429,-0.5454214,-0.9066678,0.9867585,-1.5232809,-1.0112288,-0.80639124,-0.4179396,0.88249815,0.6580646,-1.4450974
TACGTAATCAAATCGC-1,0.37421143,-0.6736496,-1.4754145,0.51907885,-1.5535619,0.014186062,-1.3703333,1.4343202,0.38668817,0.09680518,0.01779247,1.0019723,1.0413907,-0.21365777,1.4272952,1.800174
TACGTAATCCTGCGAA-1,-1.0905216,-0.5254146,-1.7462285,1.6942768,-1.8494487,0.77763927,0.62594116,1.0303619,0.33410478,-0.009739598,-0.34536466,-0.25894174,0.6141747,-0.93562543,0.38573945,0.6981477
TACGTACAGTTAGTTG-1,0.32230985,0.41953975,0.22981706,0.65942967,-0.84528816,-1.9508846,0.75031555,-0.99355453,-1.0670189,-0.36950266,0.8158813,0.3879981,-0.18512616,-0.069974326,-1.4348767,-0.57300985
TACTAAGTCTTTAAGG-1,-1.2691488,0.38492364,0.89941823,-1.15709,0.52583516,0.56596416,-1.0292078,0.37222075,0.992302,2.4592845,-0.26731053,-0.9856546,1.3384095,0.9494691,-0.13259505,0.17912038
TACTGCACAAACTAAG-1,-0.19876647,0.5983095,-1.6863034,1.8303002,-0.2912711,-0.84379685,1.2957202,-0.6604601,0.59312177,0.42289943,-0.7707027,-0.32555264,0.43414947,-0.8966143,1.3774385,-0.6416916
TACTGGCCATAATGTC-1,0.31173685,0.53033733,-0.26592153,1.350189,0.05929731,-0.9940287,1.5650203,-1.0325991,-0.9628854,-0.7083922,0.026075497,0.34167492,-0.28009665,-0.23366362,-1.0060403,-0.92843646
TACTGGCCATCAGTAT-1,1.5176845,0.2512974,-0.92458385,-1.2120402,-0.19957107,0.51783025,-1.372584,2.4572763,-0.24521062,-1.037346,-0.17526172,1.1198766,-0.38612634,0.09992729,0.9553576,0.6214302
TACTTGTTCATGGTTA-1,-0.66074514,0.019888472,0.71173155,-0.8070662,1.0585307,1.1137526,-0.724293,-0.1447634,1.4848531,0.5034145,-1.4660962,-1.8666003,0.43120855,0.30423957,-0.7385024,-1.2711045
TAGAGCCGTGATTACG-1,1.1899209,0.17254338,-1.0805084,-1.3934457,-0.38799936,0.22136281,-1.7863878,2.2375212,-0.19218636,-0.4969027,-0.09424388,0.9372531,-0.01520095,0.11419281,1.0938252,0.8336928
TAGCAGGCATAGACTT-1,0.20820187,0.28810838,0.67961234,-1.1046982,-0.058113053,1.4338561,1.2210844,0.96323675,-0.92531085,1.9786114,0.42032832,-0.025277443,0.5694878,0.27009112,-0.4037574,2.5815272
TAGCATATCGGTTAGT-1,0.19434522,-0.056863654,-0.058347724,0.78925586,-1.4612652,-2.3011317,-0.16073132,-1.8997389,-0.96375585,0.89503896,0.15201965,0.80129457,0.9581747,0.5984174,-0.2236096,0.1443775
TAGCCGGGTCAGGAAG-1,-0.17029008,-0.7190333,1.1759391,-0.4722926,-2.1930428,-1.5878004,0.07100594,-0.09097621,0.17524025,-0.9707656,1.5467027,0.9348327,-0.46998027,0.39074993,-1.1074888,-0.5801296
TAGCCTCTCGTGCCTT-1,1.414079,0.11832291,-0.93889844,-0.7751827,-0.44916427,0.86396605,-0.9673574,2.644648,-0.18217331,-1.048682,-0.13114746,1.0502241,-0.4026827,-0.08979607,0.7621198,0.64284706
TAGCCTGAGGAGCACG-1,0.15921068,-0.5128258,0.10513072,-0.5761832,1.3204226,2.1692567,0.037795186,-0.17977174,0.57375944,-1.3085499,-1.017389,-1.0659199,-0.92930466,-0.32220316,-1.1058991,-0.24462983
TAGCGGCTCAGCAAGA-1,0.37016553,0.29165104,-0.59384793,1.539489,-0.09774813,-0.4095717,1.5815747,-0.2876946,0.35769898,-0.82993335,-0.4963507,0.39432043,0.10232001,-0.44881094,0.33677596,-1.1420368
TAGCGGCTCATTCATC-1,-0.49966288,0.18907642,-1.2987931,1.7477372,-0.53608805,-0.42212364,1.5916123,-1.1623497,-0.749874,-0.19525096,-0.19693983,-0.15227723,0.15546265,-1.042984,-0.722899,-0.69092417
TAGCTAGGTACGCGCA-1,0.7062473,-0.085423715,2.2141118,-0.5420356,-0.8854019,-2.0801544,-1.5260448,-1.8007345,0.5315849,0.7388744,1.7260904,0.96330833,0.7813292,0.68338376,0.77648824,-1.7933686
TAGCTTAAGGTCCAAT-1,-0.7492143,0.0013245088,-1.6520895,1.8926948,-1.1757376,1.2618637,1.3991315,1.3649744,0.3159535,-0.47531638,-0.6834587,-0.53952134,0.16037773,-1.2324558,0.32778186,-0.1269968
TAGCTTGCAAGGAATC-1,0.39755374,-0.19198632,-0.40748376,-0.16280988,2.2492695,1.2433546,-1.090112,-1.5994695,-0.2018863,0.34364533,-1.1652135,-1.1143535,-0.61597943,-0.06921688,0.083316624,0.13799374
TAGGAACCAGCAGGTA-1,0.28237677,0.3716138,0.23816329,0.6847044,-0.74454784,-0.92309517,1.1327591,-0.26556554,-0.8288349,-1.371784,0.968923,0.6310445,-1.0070641,-0.30329895,-1.8618095,-0.89901567
TAGGCTTAGAGAGGAG-1,-0.41158938,0.11319538,-1.3421462,1.8840833,-0.59525895,-0.074604236,1.7732583,-0.082157,-0.0956845,-0.5740452,-0.31658977,-0.13917226,0.06771854,-0.9752774,-0.09637473,-0.59309065
TAGGCTTAGGTGAGAC-1,1.1268461,-0.03709879,-1.0289952,-0.63948846,-0.72621495,0.38984582,-1.3565304,2.2287421,-0.016013259,-0.81758773,-0.10642201,1.088424,-0.08171944,-0.26276642,1.0433502,0.6551988
TAGGGTTTCAGGTCCA-1,1.054566,0.33980337,0.27658504,1.2632961,-0.064830944,0.47998968,1.2313592,1.7812083,1.614142,-1.7722288,-0.48562497,1.0753815,-0.38688815,0.08866455,1.4587471,-1.2307696
TAGTAACGTGTGTGGT-1,-0.76445436,0.20602474,-1.8297651,1.6261001,-1.1360401,-0.6592844,0.3537478,-0.571231,0.3080035,1.1790216,-0.8130481,-0.5194242,1.2445748,-0.7842636,1.1938056,0.50855714
TAGTAACGTTCACCAT-1,1.2854414,0.16931933,-0.40622914,0.37957507,-0.29862937,0.8222815,-0.1408754,2.327369,0.9850606,-1.8776197,-0.527712,1.2875277,-0.6850244,-0.06670299,1.1380804,-0.37442482
TAGTAGGAGAACCTGT-1,-0.14387435,-0.26867783,-1.6730204,1.9255571,-1.2687867,-0.4586798,0.397191,-0.25461125,0.7061995,0.11880576,-0.73680437,0.20047393,1.008689,-0.73033905,1.5112929,-0.2650725
TAGTGGCGTCTATCGT-1,1.3948975,0.5228262,-1.3427262,-1.4295523,-0.18317091,0.01793511,-1.9755046,1.9777532,-0.41418728,-0.087381914,-0.1652199,0.64763665,0.017154688,0.23311926,1.2232392,0.83268356
TAGTGTGGTTGTAAAC-1,1.67993,0.71167797,-0.014811315,1.4839911,0.5265137,-0.6410642,1.5710158,-0.06794578,1.0875261,-1.3406894,-0.8785943,0.94673955,-0.0031319289,0.30296838,0.9468632,-1.9221946
TAGTTGTCAATGAATG-1,0.35369647,-0.2274169,-1.3801639,0.64773285,-1.2206547,1.2337828,-0.41880465,2.501071,0.25349206,-0.7434412,-0.2718746,0.4595645,-0.14157,-0.5066712,0.88024044,0.895442
TATAACCCATTAAAGG-1,1.0309833,0.11491338,-0.72051316,-0.69900644,-0.8253358,0.586606,-0.902936,2.8475251,0.041650176,-0.89819086,-0.104629114,0.87160647,-0.6536859,-0.016294794,0.4479954,0.54785687
TATAGGTGTACTGAAT-1,-0.15465292,0.6732452,1.3900964,-2.45895,-0.1980236,-1.2895973,1.1105015,1.6462691,2.080371,0.6524316,1.1413698,-0.8316364,0.7953372,2.053772,0.57005715,-0.8124293
TATGACTCAGGATTAA-1,0.7502416,-0.011334538,1.4903371,-1.3145866,0.577023,1.5989313,1.5190387,1.1995374,-0.6385434,0.38469267,0.42494762,0.27836698,0.09949341,0.9040277,-0.41250902,1.7437475
TATGCATCAACTGGCT-1,-0.5833653,0.20799363,1.1616676,-0.7085897,1.1799824,1.351944,0.19315863,-0.09709651,0.6501938,1.933795,-0.57585186,-1.2190566,0.7184211,0.45184392,-0.67153335,0.21022321
TATGGATGTGCTTTAC-1,-0.37212563,-0.24219836,-0.23996478,0.07044756,2.3880394,1.1198803,-1.1126945,-1.4195092,-0.33933204,1.3860447,-0.97325754,-1.1344695,-0.17499042,0.07198229,0.07621732,0.812712
TATGGGCGTCACCTAT-1,1.2736576,0.118118346,-1.3415619,-1.2416356,-0.45595706,-0.07659852,-2.2851644,1.67426,-0.01118727,-0.06644818,-0.18758117,1.0361509,0.57519704,0.2606823,1.658905,0.8542119
TATGGGCGTGGACATC-1,0.41932416,-0.34794706,-1.5845119,0.2335161,-1.3126657,0.47707382,-1.1780932,2.0162766,-0.11402242,0.17050245,0.081640616,0.7654874,0.65650785,-0.16507271,0.9502932,1.877878
TATTAGCCAATTGACT-1,-0.52239734,-0.5722208,-1.3712971,2.0571916,-1.725836,-0.22668731,0.9080305,-0.02209476,0.67954683,-0.1709224,-0.4136449,0.34512842,0.82104933,-0.6944809,0.69329953,-0.044888478
TATTAGGTCGCTAGTG-1,-0.121717244,0.461841,-0.78644335,1.4078809,-0.13649297,-1.0331843,1.1685746,-1.7649226,-0.47142258,0.030219961,0.19238803,-0.30146718,-0.6300975,-0.95014805,-0.6185992,-1.0850012
TATTCGTTCTTGCAAA-1,-0.8880259,-0.052881636,-1.9874368,1.2486622,-1.3902735,0.05514344,-0.55299973,0.5059895,0.73405564,0.7899271,-0.7479329,-0.68777525,1.0269628,-0.74436855,1.6802573,0.79353845
TATTTGCTCCTAACGG-1,-0.45315158,-0.29478204,-0.84331125,1.4652826,-1.2635196,0.114633515,1.3570052,0.03912955,-1.1566019,-0.9844729,0.67032516,0.25722408,-0.6850445,-0.7536901,-1.7879736,-0.19464013
TATTTGCTCTAAATCG-1,-0.37939262,0.1404255,-1.6535548,1.9044149,-0.65709627,-0.25822783,1.2658226,-0.40149343,0.116262004,0.12365852,-0.63765395,-0.316621,0.44442266,-1.1164329,0.6942528,-0.17670259
TCAACAATCTACTAAG-1,-0.18805444,0.22582623,-1.8526914,1.5673964,-0.7708753,0.37038165,0.38182917,0.8779187,0.2721914,0.5764072,-0.7924327,-0.16481093,1.0460114,-0.639814,1.4942172,0.5697025
TCAAGAACATTGTGAT-1,0.4297443,-0.6905192,0.6798103,-0.8252573,1.0774337,2.0255275,0.40123266,0.38099498,0.43369848,-1.9435222,-0.62212986,-0.7146465,-1.2614586,0.044351906,-0.8240863,0.40469489
TCAAGCTAGCATTAGC-1,-0.79386616,-0.17055358,-1.6435966,1.7897269,-1.5739787,1.2743675,1.0085948,1.6684387,0.0152171375,0.070847906,-0.34073758,-0.44420546,0.2175382,-0.87782705,0.34359992,0.61763895
TCAAGCTAGTTAGGCT-1,0.19063294,0.5355217,0.21240766,0.34103703,-1.0325016,-2.091371,0.35128802,-1.53001,-0.8189105,0.54344004,1.0140123,0.121315435,-0.116837576,0.08804521,-1.2363995,-0.63690305
TCAAGTATCAGCAAGA-1,-0.78160286,-0.3280412,-0.8878237,1.4166985,-1.5203862,-0.22561058,1.0216117,-0.55290437,-0.83209294,-0.5021641,0.53552294,-0.01942222,-0.31594235,-0.79025805,-1.6998451,-0.25192666
TCAATCGCATGCTTAG-1,0.35963833,0.07236822,-0.039865226,0.8792341,-1.3479416,-2.0580387,0.23837715,-1.4255018,-0.3994586,0.24505684,0.7079183,0.5889552,0.18008825,0.27193624,-0.5638242,-0.33319432
TCACATAAGCCTGTTC-1,1.0274477,-0.22316927,0.47139445,-0.7681173,1.6712351,0.8806648,-0.32126117,-0.44118196,0.74310935,-2.807404,-1.1501461,-0.75556076,-0.6104824,0.33583456,0.150467,-1.2585331
TCACGGATCCGGCTAA-1,-0.19176766,-0.39884612,-0.07043211,0.70935297,-2.1319442,-1.5335753,0.12578285,-0.82610327,-0.6974958,0.07719506,0.89808697,0.34099853,0.08413239,0.23876485,-1.3370938,0.24156466
TCACTGACATTATCCC-1,0.20635816,-0.43336034,0.17833146,-0.58387023,1.5369241,1.3857987,-0.58352864,-0.36753273,0.3803461,-1.2286139,-0.5836805,-0.55904925,-1.2171419,-0.16293393,-0.71325094,-0.5411993
TCAGGAGCAACCCTAA-1,-0.45458847,0.010589283,-1.2095139,2.300548,-0.73497355,0.6320214,2.2873676,0.48557228,0.22915137,-0.73307157,-0.6672747,-0.0041942736,0.11806956,-1.022229,0.38230312,-0.2250259
TCAGGAGCAATCCTGA-1,-0.7726334,-0.0966301,0.55936325,-0.5387423,1.3995897,1.182677,-0.9224806,-0.6297252,0.35006478,1.774416,-0.45061022,-1.109906,0.20144117,0.26806477,-0.51665115,0.31227714
TCAGGTCCACAGGAAT-1,-0.078347765,-0.9015907,2.1940584,-1.2850577,-0.39025694,-0.792515,-1.1116588,-0.30558062,1.6319947,-1.2460791,1.12221,1.230433,0.16883497,0.53734815,0.7911437,-1.9464989
TCAGGTTAGCTAATCA-1,0.03527372,-0.7431333,1.421911,-1.0693681,-0.9931847,0.25129697,0.41832942,1.4768249,1.6647329,-1.9635555,0.7205301,0.8665642,-0.76906145,0.38008648,0.15290238,-1.3934295
TCAGGTTAGCTATATG-1,0.2013212,-0.2774046,1.1642501,-1.0524535,0.93232226,1.6373986,0.86038935,-0.29498917,0.8853079,-1.0996569,-0.6281966,-1.4661231,-0.7767229,0.2866798,-1.0314546,-0.62407947
TCAGTGAGTAATGACT-1,0.73844874,-0.6675035,-0.8373058,0.9711296,-1.7547181,-1.025463,-1.170196,0.89647365,0.72412145,0.2704358,-0.2510817,1.340267,1.5555699,0.59369195,1.6131264,0.8520887
TCATAACCAAGCCAGA-1,0.5455701,-0.47049016,-0.09064088,-0.39491972,2.3847284,1.2313329,-0.5742811,-1.0706058,0.12710331,-1.139593,-1.0541885,-0.83872586,-0.9578462,0.008346494,-0.29555333,-0.3332472
TCATCCATCTTGCAAA-1,-0.40374175,-0.2941943,-0.27101806,-0.40841064,-0.15268806,2.3809223,-0.23723,0.73731184,-0.37757164,-0.0339176,-0.09689087,-1.1491396,-1.5480337,-0.7710062,-1.1973245,0.8192698
TCATGCCTCACAGCCA-1,1.2685206,1.1517699,0.037111595,0.79810655,-0.5877217,-0.83818394,-0.2851261,1.5292349,0.11166951,1.835211,-0.25751916,0.75929993,1.4125631,1.3699963,1.3556191,0.9052168
TCATGCCTCGTGCTTC-1,1.6146421,0.04159338,-0.8427664,-1.0902953,-0.3156943,0.2908906,-1.3572648,2.3591318,-0.013806574,-1.1306367,-0.14370151,1.2160993,-0.44732365,0.04892952,1.1644247,0.40131104
TCATGTTTCATAGCCG-1,0.92155194,-0.5598742,-1.2801346,0.72741157,-1.5523536,-0.26434454,-1.0142751,1.6377947,0.66052985,-0.18516293,-0.05470183,1.2170591,0.96855026,0.15486836,1.4567208,1.1797049
TCATTACTCTTAGTGA-1,-0.660524,-0.75960124,-1.0399787,1.5579071,-2.178577,-0.24709678,0.702755,-0.11648729,-0.6309917,-0.41934687,0.40683138,0.49135485,0.2318467,-0.36679086,-0.98033166,0.4323936
TCATTTGGTAATTAGC-1,-0.24835202,-0.14322726,0.10946664,-0.52169216,1.186986,1.7941337,-0.44557703,-0.37481007,0.7055525,0.54859054,-0.87773186,-1.5381305,-0.35960948,-0.22750214,-0.74083257,-0.3674444
TCCATAAAGATTGAGG-1,-1.5139132,-1.4724677,1.7529008,-1.3720672,-1.3609431,-0.774053,-0.9894035,-0.51376045,1.383946,-0.45618933,1.4624786,0.5966878,0.5722352,-0.027406616,0.07328488,-0.52038264
TCCATGCTCTCAATGA-1,0.12683037,-0.048714995,0.18327482,0.7413219,-1.7981747,-2.0853157,-0.076378815,-1.3103862,-0.7247634,0.66826606,0.79144454,0.64629376,0.34970742,0.42437357,-0.8184621,-0.20909438
TCCCGTTAGGGACCTC-1,1.0923638,0.4776528,-1.3907759,-1.2985575,-0.38081932,-0.4598371,-2.242692,1.5472811,0.13741836,0.47492468,-0.34253073,0.34285712,0.71167433,0.3360768,1.5974082,0.7885929
TCCCTCACATGAATCT-1,-0.8735978,0.39094478,1.6312375,-1.1760707,0.8821908,0.6800481,-0.10901399,-0.0035535581,1.300292,1.843486,-0.75425756,-1.5465612,1.0869156,0.97294205,-0.5089277,-0.44468725
TCCGCCATCACTAATG-1,-0.4152283,-0.73547316,-0.2908582,-0.2609325,1.1168866,2.0707893,-0.45547098,-0.28258583,0.1990773,-0.1231201,-0.5172775,-1.578722,-1.3283055,-0.66306156,-0.9373443,0.63455635
TCCGCCATCTGTTGCC-1,-0.3390647,-0.21770757,-0.02789858,-0.5383003,0.58523434,2.0704827,-0.22720417,-0.35420355,-0.05038551,1.2914162,-0.18568754,-1.209419,-0.8217493,-0.44679815,-0.92013526,1.1023115
TCCTAGTGTGGAAACG-1,0.6584557,0.04401306,1.3690794,-1.0189313,0.5777824,1.581498,1.2884271,0.87001395,-0.7531871,1.6357024,0.35492027,0.45072624,0.83600545,0.9766427,-0.18248388,2.0752761
TCCTCAATCGGGCCAT-1,0.6612998,-0.45315582,0.18549514,-0.5158071,2.4287362,1.0723958,-0.29632252,-1.0936811,0.2136936,-1.4417005,-1.0842863,-0.75210655,-0.87095845,0.20504105,-0.043789223,-0.428197
TCCTCTAAGCTGTCAG-1,0.31110495,0.61720103,0.57487684,0.3376298,-0.40151381,-1.8984232,1.214107,-1.0817497,-1.4427711,-0.26331764,0.98987526,0.41717854,-0.44428992,0.20626558,-1.8899262,-0.28020674
TCCTCTAAGGGATTAG-1,-0.6872352,0.014860844,-1.2137271,1.5729623,-0.8601047,-0.17817205,1.727684,-0.49946946,-1.156399,-0.5973183,0.22466503,-0.23517518,-0.34162053,-0.7915981,-1.355821,-0.016405083
TCCTTAGTCTCCTCTT-1,-0.04616015,-0.8841384,-0.62124497,1.766671,-1.8069763,-0.6438478,0.6985858,-0.3489017,0.9452058,-0.6129142,-0.08084313,0.859916,0.59085166,-0.4587063,0.8519118,-0.6507466
TCCTTGCAGGTCTTGG-1,1.3534422,-0.052711166,-1.2827325,-0.40984696,-0.62268203,-0.03161931,-1.7466092,1.9307064,0.025170386,-0.39502883,-0.23064041,1.2833827,0.46822515,0.1301197,1.5984535,1.0574119
TCCTTGCAGTTCCCAC-1,0.21679814,-0.6810949,0.409158,-0.29942006,2.349341,1.601846,-0.22351363,-1.0697143,-0.4225004,0.3206616,-0.49675298,-0.58406174,-0.81186104,0.19323254,-0.6113074,0.896958
TCGATTAAGGTCCTGA-1,1.2130876,0.9660063,0.40950227,0.7775953,0.6281737,-0.2837097,1.5260029,0.0059241876,0.5458293,-2.095548,0.06851844,0.79776233,-0.99361306,0.1335442,-0.29623884,-2.3800635
TCGCATTGTACGTTTC-1,0.46375424,-0.6181171,0.5126636,-0.52992374,1.5207506,1.9952582,0.1938462,-0.41093946,0.4452635,-1.8655331,-1.0009067,-0.7563559,-0.9398807,0.12602371,-0.8508036,-0.12682597
TCGCATTGTCTAACAG-1,0.48582545,0.42145157,-0.008805772,1.1846322,0.2500295,0.19536538,1.9454068,0.44728607,-0.0008745864,-2.4013252,0.28427196,0.6714064,-1.0237658,-0.50758696,-0.8763913,-1.7333474
TCGCATTGTGTTGTAG-1,-0.04528498,-0.6465591,-0.1452989,-0.18276596,1.0146505,2.3350344,-0.10181614,-0.16143304,-0.32723826,-0.25563404,-0.3074348,-0.9912064,-1.606612,-0.5210695,-1.2282529,0.96057045
TCGCCCATCCTAGTTT-1,-0.14672211,-0.15573889,-0.22713813,0.919596,-1.475697,-0.93490547,1.0625076,-0.35852286,-1.0803204,-0.84087515,0.93634367,0.49574798,-0.5058043,-0.2692913,-1.8163142,-0.23662868
TCGCGCACACCATATG-1,0.22168589,0.20739716,-0.5300529,1.5080545,-0.17464808,-0.21930999,2.1088972,-0.018321568,-0.647276,-1.8789535,0.11493848,0.446285,-0.94055825,-0.63613594,-1.1760759,-0.9604616
TCGGTTTGTAATCACG-1,0.6670724,-0.6295979,-0.94625056,0.7557181,-1.4099982,0.39440596,-0.4581797,2.3671198,0.41704798,-0.9338424,0.098889016,1.1370609,0.048020046,-0.28286034,0.76533055,0.8985527
TCGTAATCATGCATAT-1,0.56931436,-0.20106374,-0.878334,-0.43070787,-0.938675,0.91031003,-1.0073154,2.381975,-0.38093185,-0.78355014,0.0030443221,0.8322076,0.066701725,-0.3003251,0.06955855,0.8198989
TCGTTACGTGCAACTA-1,-0.704613,-0.56053287,-1.5343697,1.5350932,-2.006137,0.34494376,0.2021593,0.82651985,0.17343256,0.11995587,-0.2904081,-0.021013483,0.96505857,-0.5396346,0.39230514,1.0157362
TCGTTAGCAGCTAATT-1,-0.20719814,-0.030454602,-0.14161462,0.8807118,-1.2678869,-0.6340883,1.2701702,0.110962324,-1.2781717,-1.0657966,0.93999827,0.41375569,-0.87251604,-0.31566173,-2.0882766,-0.24053985
TCGTTAGCATGAATAG-1,0.82513344,-0.5052055,-1.551205,0.3476888,-1.1351807,0.09890309,-1.4561262,1.8279622,0.21154861,-0.42108977,-0.19015065,1.1486728,0.6668899,-0.16828424,1.4903038,1.4928133
TCTAACCGTTTAACGG-1,-0.18603966,0.07663622,-1.5412235,1.8763797,-0.5511489,-0.9238519,1.0925478,-1.3765852,0.16011575,0.39540228,-0.989113,0.060118288,0.96996677,-0.873891,1.1215751,-0.39234406
TCTAACCGTTTCGCCA-1,-0.64853644,-0.4190976,-1.3451536,1.7569735,-1.7812684,0.26565593,1.0424633,0.44909647,0.30482027,-0.16022322,-0.2706809,0.055888526,0.4077782,-0.7427133,0.2192272,0.25316554
TCTACCTCAGTCTAGC-1,0.8211058,-0.02498148,1.9005146,-0.82717276,-0.6399295,-1.6421287,-1.9755893,-1.4441073,1.1354103,0.646245,1.2514429,0.8962103,0.87838936,0.92189133,1.4865527,-2.1048725
TCTACCTCATGACTAT-1,-0.46680838,0.5216616,1.7250133,-1.2308671,0.7644157,0.8044402,0.37489927,0.39043313,0.9974568,1.9500968,-0.60246956,-0.9533793,1.1527811,1.0144918,-0.91164225,-0.26936734
TCTAGCACAGGGAGGA-1,-0.121340096,-0.14710009,-0.46051046,0.015884288,1.9875289,1.5461957,-1.076054,-0.9721115,-0.17255093,1.280184,-0.85670984,-1.0374999,-0.474977,-0.28789157,-0.49777305,0.38097143
TCTAGCGAGGAGTAAT-1,1.1691098,0.11433801,-1.078063,-0.71424896,-0.6339705,0.09382403,-1.4255979,2.1387072,-0.60199106,-0.08626107,0.045475196,1.1299648,0.16843936,0.07895109,0.641912,1.6389375
TCTATGTTCATTGCAA-1,0.3926233,0.3087718,-1.5453224,1.8044488,-0.6055089,-1.1548101,0.39351916,-0.45268452,0.9309277,0.50866914,-0.9647584,0.37703645,1.0358144,-0.27758223,1.7748871,-0.61037034
TCTCAATTCATGCCTC-1,0.15940604,-0.41619632,0.9583137,-0.8230201,1.329509,2.1141462,0.79317117,-0.3513466,-0.35974383,0.18805191,-0.10491696,-0.55720484,-0.6166161,0.1059764,-1.1104956,0.68980825
TCTCACCAGAGGCTAA-1,0.2122652,-0.090544105,-0.42569816,1.2307596,-0.722191,-1.3776641,0.9747989,-1.0742006,0.28859657,0.30150974,-0.5424885,0.6635926,1.4197586,-0.3172274,1.3658093,-0.8562317
TCTCACCAGTATTGCA-1,1.171284,-0.36804825,-1.3066859,0.38140845,-0.841895,0.623379,-0.7938153,2.2076912,0.201637,-0.9072592,-0.2066081,1.3212895,0.31831142,-0.18900926,1.5525615,1.0473514
TCTCCTCGTTAACAGT-1,0.30257896,0.004058227,0.03883242,0.8641383,-1.0711884,-2.039824,0.38730645,-1.7115906,-0.69360614,0.10693302,0.6094576,0.62398565,0.15214935,0.26629376,-0.7074377,-0.4810596
TCTCGCCCAAACTGTT-1,-0.35332054,0.6997496,1.5070002,-2.5346227,0.051275816,-1.3776951,0.4529599,1.4508337,2.1000366,0.91345686,1.0233486,-0.8602233,0.9404386,2.1196194,0.515855,-0.8617818
TCTCGCCCACCTCAGG-1,0.382838,0.8984493,-0.3254602,1.2388886,0.7949363,-1.2049143,1.5469372,-1.9510111,-0.8924219,-0.3247421,0.08391182,0.08905609,-0.31235933,-0.44484246,-0.92932576,-1.2650901
TCTGTGACATTAGGTT-1,1.5905826,-0.10159327,-0.24226207,0.92934644,-0.74941754,-0.7986748,-0.30149513,0.7363386,0.9960785,-0.49409276,-0.45870823,1.5666026,0.5878517,0.702333,1.6662068,-0.37220967
TCTTGACGTGAGCACT-1,-0.9538242,-1.3688574,1.7310423,-1.600208,-1.4023898,-0.31497827,-0.26394516,0.36089146,1.6187671,-1.1147044,1.6625848,0.9382606,-0.07976999,0.10540466,0.09493382,-0.5539144
TCTTGACGTTGTTGTC-1,-0.19600834,0.16673836,1.2375145,-0.7817302,2.4111533,-0.6102785,-0.6707715,-1.4288363,1.0846392,-0.19779763,-1.409811,-1.299543,0.5733392,0.8346506,0.29336298,-1.9337542
TGAACAGAGTATTGGC-1,-1.1933243,-1.4873385,1.4808503,-1.679183,-1.4438518,-0.53185385,-1.3677013,-0.0017996151,1.334661,-0.20788938,1.7126093,0.8559664,0.39652354,0.02794157,0.5039872,-0.109193124
TGAAGCAAGCTTCTCA-1,1.2532809,-0.07185781,-0.24746151,1.4853379,-1.3622594,-1.1451359,0.947345,0.72813725,0.42282277,-0.64290214,0.46255106,1.4089617,-0.033869486,0.2072658,0.18322192,-0.20798528
TGACTCCTCCTTCGTA-1,0.51184654,0.014147125,0.22528389,0.6966327,-1.4606683,-2.6461148,0.12723854,-1.570401,-0.86706984,0.505735,0.51464444,0.8575256,0.56843007,0.8232969,-0.37573653,-0.009936833
TGACTTAAGGTCCTGA-1,1.4383788,-0.033525456,-1.3356421,-0.9690193,-0.72132987,-0.045003682,-1.8059938,1.664799,0.12689383,-0.399504,-0.04587828,1.1250241,0.12113038,0.057320595,1.3824835,1.0554191
TGACTTCGTACTTCAC-1,0.03476978,-0.02413274,1.742848,-0.9847348,2.3990595,0.42567918,0.034288198,-0.77515614,0.89107823,0.5394399,-1.0186121,-1.1066134,0.67506266,1.1848977,-0.17529424,-1.6462531
TGAGAACCAGTAAGTA-1,0.13380344,0.3580581,1.1620564,-0.91136765,-0.5163065,1.6474541,1.4738877,2.4962177,-0.30672967,-0.48028928,0.2906135,-0.30990145,-0.4404915,0.37317663,-1.2201108,0.088225484
TGAGCCGGTAGGTTTG-1,0.8689177,-0.028157795,-0.9983257,0.2654754,-0.91764987,-1.0828756,-1.5675676,0.22463922,1.668203,-0.25891542,-0.69768715,0.3733774,0.87240607,-0.012615858,2.213682,-0.7747123
TGAGCCGGTCCCGAAG-1,-0.6698148,-0.10584365,0.23423263,-0.22961566,1.870573,1.2444882,-0.8543998,-1.085704,-0.28322795,2.0006764,-0.64186525,-0.8183629,0.3969134,0.059671305,-0.091682285,1.1019163
TGAGCCGGTTGTCATC-1,0.4374355,0.2459377,-1.2494352,1.4967103,-0.90817213,-0.69403744,0.63749266,-0.38604823,1.3365785,-0.20323694,-1.0140377,0.031671755,0.6016686,-0.6465374,1.6384118,-1.160536
TGAGCTTAGCTTAGCG-1,1.24771,0.04581058,-0.94178367,-0.93120944,-0.65354204,0.70917046,-1.4973783,2.439209,0.004856661,-1.0053543,-0.1572526,0.9172495,-0.5809388,-0.12907432,0.89306176,0.46273673
TGAGTGAAGCAAGGTA-1,-1.1065075,-0.9419317,1.3178616,-1.5732307,-1.9103615,-0.1453792,-0.21679676,1.1503302,0.9760573,-0.4637156,1.5583833,0.6093559,-0.23807964,0.037758652,-0.6767458,0.6464236
TGAGTTTCAGGTTACC-1,0.32580918,0.1754632,-0.027794994,1.001432,-0.94206095,-1.7310996,0.68819344,-1.337794,-0.05520757,-0.2800299,0.78168416,0.41381428,-0.22130713,-0.15717211,-0.67434573,-0.97085285
TGAGTTTCATAGCGGA-1,-0.53201497,0.0028902441,-0.65170634,1.312332,-0.64630306,0.53524214,1.8872378,-0.017234236,-0.9885942,-1.5371901,0.48414564,0.004486855,-0.89288455,-1.0308466,-1.8420291,-0.6474157
TGATCAGGTACGTTTC-1,0.12237063,-0.52225095,1.3504071,-1.1990173,0.7719716,1.4812877,0.8068291,0.30505934,0.7619616,-1.7815263,-0.6054332,-0.9366857,-0.5523728,0.74548566,-0.58087003,-0.3170551
TGATCAGGTATTGTGG-1,0.22232172,-0.639056,-0.23624805,-0.16517726,1.8175193,1.8590358,-0.43943334,-0.8509078,-0.1796048,-0.570193,-0.8004367,-0.7985623,-1.4523094,-0.35328776,-0.83848536,0.5002773
TGATCGAGTAGACAAA-1,-0.9835174,-1.2326646,1.4509093,-1.2185141,-2.0652955,-0.14120829,-0.06946117,0.8712889,0.9994838,-0.82885206,1.6321826,0.69420815,-0.7851378,-0.12270105,-1.026587,-0.12046998
TGATGAACAGCCTGCA-1,0.20819288,0.5050901,0.31837457,0.3721401,-0.75192916,-2.1953459,0.70871735,-1.5969901,-1.2678227,0.10567145,0.8622079,0.2487165,-0.21831399,0.20350811,-1.3482497,-0.42848337
TGATGACTCCTTCGTA-1,1.2598213,-0.2429691,-1.2426181,0.059638254,-0.8065752,0.33845368,-1.2704055,1.9874549,0.2794536,-0.632058,-0.32022184,1.2461097,0.35610056,0.042380176,1.5302429,0.8330686
TGATGATGTAGCTAAT-1,0.02152801,0.37551966,-0.9985765,1.8849666,-0.9733323,0.6247225,1.6133572,1.7696722,-0.9568581,0.030093357,-0.005466461,-0.03308104,-0.13763875,-0.45652944,-0.11209597,0.5751734
TGATTAGTCATAACCA-1,-0.2991839,-0.2283709,-1.4508685,2.1443374,-1.2181475,-0.5225413,1.2532775,-0.5260675,0.42228925,0.11167676,-0.793792,0.24219126,0.914531,-0.7067094,0.99796104,-0.17951146
TGATTAGTCGGGACTC-1,0.9552929,-0.581264,-1.6495146,0.4218745,-1.3274317,-0.16930747,-1.4143207,1.2722235,0.68793994,-0.26910746,-0.25581518,1.0611448,1.013216,-0.25846836,1.7776866,0.889136
TGCAAGCGTTACTAGG-1,-0.14394946,0.5144818,-0.54784065,1.3528149,-0.07054866,-0.8151383,1.5940468,-0.92188895,-1.4610679,-0.3906558,0.4190225,0.042065986,-0.43260098,-0.60165036,-1.2218759,-0.10219051
TGCAATATCCTCATGC-1,0.6462523,0.23954178,-0.2699818,1.1325746,-0.9868802,-1.8902843,0.4086551,-1.5157313,-0.3959223,0.015788177,0.5725483,0.4885541,-0.09897135,-0.18709728,-0.41196582,-1.0795956
TGCACTTGTCTTGCAT-1,-0.7228551,-0.2786971,0.10976295,-0.43006933,1.1116228,1.7777236,-0.8935462,-0.6169685,0.7522912,0.28144792,-0.9634216,-1.7099676,-0.6324502,-0.41771656,-0.5639828,0.017795954
TGCAGGCTCCTAAGTA-1,0.3693153,-0.06581517,0.2588429,-0.34171504,2.8255203,0.17548765,-0.8462454,-1.4349279,0.63274074,-1.2290483,-1.7272575,-1.1590309,-0.23855114,0.35906234,0.15811196,-1.510453
TGCATTAAGATAACCC-1,-0.050366763,0.9549372,1.4981481,-2.3791008,-0.24756989,-1.34495,1.1959822,1.651566,2.0414395,0.9761758,1.1212245,-0.7678769,0.7399446,2.0892382,0.38337284,-0.6368207
TGCCGGTAGCGAGGTG-1,-0.31895542,-0.0030158088,-1.4280549,2.169745,-0.89993113,0.16804026,1.9891161,-0.035963584,-0.14760709,-0.7109521,-0.45481604,0.096054316,0.20055439,-1.117556,0.03327678,-0.37954584
TGCCGGTAGCTGAGGG-1,-1.0635947,-0.70071197,-0.924,1.3659444,-2.138884,0.76633763,0.9467392,0.8389958,-0.8343359,-0.6117314,0.48994046,0.13790222,-0.32634288,-0.66593766,-1.4190613,0.58753693
TGCGATTAGCCTAATA-1,-1.476403,-1.4737673,1.4703696,-1.4061697,-1.5628953,-0.8157904,-1.2025279,-0.21210441,1.5775331,-0.43058926,1.5418158,0.78626156,0.5716201,0.16232891,0.30994,-0.571522
TGCGCAGGTCAAACTG-1,0.7132089,-0.19049144,0.3588712,-0.52291393,1.9025154,1.3958988,0.19531967,-0.83388424,0.49148393,-0.7709777,-0.83449787,-1.0595267,-0.5588275,0.1414037,-0.37627473,-0.42740694
TGCTAGCCAAGGTATA-1,-0.30380538,-0.008099668,1.2810836,-1.0789907,0.1824906,1.9121737,0.85217273,0.8928886,1.1260782,-0.21599035,-0.8306515,-1.3133137,0.13798513,0.19860972,-1.1041143,-0.25126088
TGCTATGCATGATTGT-1,0.5155472,-0.05794991,0.19838426,-0.66614336,0.36257866,2.2864962,-0.13388942,0.63319945,0.35558355,-1.6158869,-0.66306245,-0.7459709,-1.1858735,-0.21764597,-1.1581345,-0.9179152
TGCTCCGTCAGCTAAC-1,1.0592371,-0.28815243,0.8190961,-1.0454477,1.698025,0.8479287,-0.2513396,-0.5673694,1.0925733,-1.7200058,-1.3211036,-1.034372,-0.076030076,0.6553571,0.15279594,-1.5692253
TGCTTAAAGTGAGCAA-1,0.91040146,-0.43014127,-1.3751402,-0.088685274,-1.0731475,0.17372039,-1.561754,1.9793601,0.19487399,-0.34679496,-0.17969717,1.1207829,0.7342402,-0.056948014,1.5015955,1.1763431
TGCTTCATCCTTCGTA-1,0.25164306,0.34541583,0.92846876,-1.0262384,1.0633667,0.48302507,0.38804305,-0.5611942,-1.246229,2.6032379,0.469648,0.52576166,0.9944391,1.0319762,0.34400928,2.5080805
TGGACAAAGGTCCACA-1,0.8968309,-0.48039192,0.6695438,-0.7602873,1.8254509,1.7630975,0.009043008,-0.32091582,0.22661802,-1.9173626,-0.6860448,-0.4230833,-1.073475,0.21127683,-0.66213715,-0.4006605
TGGACAAAGTGGCGGA-1,-0.13131948,-0.19188364,-0.053196464,0.64794004,-1.50454,-2.0451417,0.4122253,-1.6153882,-1.1341276,0.24663438,0.6880294,0.6932367,0.526761,0.3397537,-1.0033703,0.05443391
TGGACCGGTGCTCACC-1,-0.17280418,-0.49922398,-1.5021193,0.5722945,-1.4536664,-0.3958151,-1.678406,0.7653901,0.50833404,0.6441853,-0.40789,0.58499885,1.6014448,-0.062174413,1.8408638,1.3925881
TGGACCGGTTGCGGAT-1,1.3690795,0.1869502,-0.932032,-1.1466649,-0.36992285,0.6975479,-1.3208199,2.6008852,-0.40936822,-0.945936,-0.07474527,1.0466814,-0.39144158,-0.06270008,0.76691866,0.66105896
TGGACGGAGTAACGAG-1,-0.6978353,0.38715616,0.15931514,-0.7477346,-1.4257038,1.3830568,0.9333477,2.384213,-0.4905438,0.911348,0.20110235,-0.7857338,-0.088908985,-0.24214518,-1.6205151,0.95356846
TGGACTAGTCACCTAT-1,0.66554964,0.5889833,0.59185284,0.4560806,-0.8787041,-2.1909997,0.32485604,-1.1825352,-0.15498029,0.0152687915,1.1055253,0.5333627,-0.3783112,0.2650871,-0.94123703,-1.0379457
TGGATTCAGCCTGAGC-1,0.0044901147,0.23852287,0.21366762,0.5769815,-0.86610675,-1.6513847,0.9486588,-1.0214932,-1.5951681,-0.40950227,1.1157739,0.4635412,-0.52660304,-0.06947698,-1.9572558,-0.21879058
TGGATTCAGGCATTAC-1,2.2508872,0.26937115,0.21685338,0.020708894,-0.24902889,-1.01542,-1.1867139,0.76770055,1.164822,-0.84920067,-0.3578182,1.9941392,0.2897884,0.91153896,2.340998,-1.120245
TGGATTGGTCCACAAA-1,0.454816,0.22852655,0.41778186,0.98482263,-0.75216866,-0.7978606,1.4442711,0.4618401,-0.65918547,-1.7930166,0.84778655,1.0028449,-0.78158784,-0.11430219,-1.4961333,-0.7624004
TGGCCAATCTAACTGA-1,0.73498976,0.037646778,0.041100964,0.41951722,-1.2679191,0.8201368,0.741476,2.314993,0.8973261,-1.605908,-0.036542915,0.51053774,-1.4326226,-0.21172126,-0.23060587,-0.82880497
TGGCCATCAAACCTTG-1,0.5764283,-0.58331347,-1.2876725,0.7210475,-1.5774262,-0.58371806,-1.3798656,0.8825011,1.3429027,-0.64818525,-0.18111637,0.86268914,0.6233081,-0.24848038,1.7209243,0.15794688
TGGCCTTTCTCACTCA-1,0.28452036,0.07849407,-0.71956384,1.7277924,-0.6986403,-1.8570304,1.2176828,-1.2447569,-0.5964011,0.2679207,-0.52710783,0.77675617,0.9413397,0.2342115,0.21526268,-0.056280687
TGGCGGTTCCGCCTAT-1,-0.3910272,0.17529969,-0.21300435,-0.45061374,2.1986222,1.0459328,-0.92639583,-1.2007937,-0.023050033,1.7937233,-0.7573055,-0.99623084,0.24324854,0.102568135,-0.20903683,-0.24996573
TGGCTAAGTTGGTTCT-1,-0.15889448,-0.22281769,-1.4561968,1.7009677,-1.3561327,-0.27407703,-0.30548498,0.79197156,0.7458527,0.61716807,-0.7910878,0.18738115,1.4000635,-0.109688826,1.8263264,0.7697482
TGGGCATGTAATGGAA-1,-0.63050497,-0.37325126,-0.6017748,1.0611005,-1.7067406,0.41819948,1.4467676,0.9597149,-0.57813823,-0.9995262,0.35884175,0.34291384,-0.7539967,-0.36376905,-1.5426061,0.19463803
TGGGCATGTGAGCACT-1,-0.9734689,-1.205475,2.12249,-1.6074293,-1.0650206,-0.9329103,-0.7509757,-0.27154177,1.6510775,-0.70374477,1.8478498,0.9221797,0.36223415,0.25744027,0.5213417,-0.9198223
TGGGCCTAGCCGCTTT-1,0.23006463,-0.3044817,-1.4626881,1.6515481,-1.2029858,0.6204876,1.0698264,1.2979684,0.6484909,-1.3580145,-0.66136587,0.2994457,0.18533874,-0.6434955,0.61462426,-0.43641067
TGGTCATAGCACGTTG-1,-1.3305361,-1.2264364,1.7981943,-1.7056,-1.6933303,-0.33527124,0.116125114,0.32585466,1.2290002,-0.88402647,1.4618884,0.48809484,-0.22897148,0.021588884,-0.76378715,-0.040924706
TGGTCATAGTTATTCC-1,-0.3981668,0.20237315,-0.65582764,1.3938944,-0.5121937,0.3164912,1.9367579,-0.0043100864,-1.0323725,-1.3963463,0.3720876,-0.02407406,-0.7369052,-0.96629894,-1.7074487,-0.64259195
TGGTCCTTCAGGATGA-1,0.85448104,0.15896977,-1.0133998,-0.5383634,-0.80806255,0.8549036,-0.7720773,2.8520484,-0.37453038,-1.1138194,-0.15133393,0.5811889,-0.85736513,-0.35419047,0.1561303,0.6265832
TGTAAAGCAAGCTAAA-1,-0.54566157,-0.8946664,1.6161177,-1.4717051,-1.6535866,0.23742059,0.50216013,1.4448743,1.3387243,-1.3747714,1.3514562,0.65102744,-0.7745017,0.14535049,-0.6245518,-0.26407093
TGTAAAGCAATTGAGA-1,-1.4795116,-1.3102953,1.5577551,-1.7220926,-1.2853457,-0.83295244,-1.4030825,-0.2946122,1.4008046,-0.062846854,1.8016236,0.7350793,0.6645373,0.06903407,0.45508754,-0.2746609
TGTAAGTGTCCTTAGT-1,0.7777322,-0.3277248,-0.31138837,-0.3352847,1.9133494,1.398876,-0.31520543,-0.66779184,0.30282307,-1.784937,-1.1051173,-0.78184783,-1.3602126,-0.2431422,-0.34034395,-0.43611446
TGTAAGTGTTCGCTTG-1,0.110815346,-0.5024522,0.8199979,-0.62283194,0.59432393,1.9249623,0.51821077,0.5180516,0.7514088,-1.8436794,-0.6399528,-1.0064299,-0.53329015,0.3603605,-0.3373229,-0.16744804
TGTAATGTCACAGCCA-1,-0.13347343,0.060144257,1.0063816,-0.8458196,0.61638045,1.6095881,0.3217788,-0.30486828,1.4073746,0.041282125,-1.1142062,-1.8693018,-0.0841187,0.0043510543,-0.57338977,-0.9921866
TGTCAATCAAGCCACT-1,-1.3249664,-1.1139734,1.9289706,-1.6490455,-0.94205296,-0.8874138,-0.9832647,-0.3928162,1.6252711,-0.60575664,1.653666,0.6208143,0.5005393,0.23441568,0.25361782,-1.1379898
TGTCAATCATCGTTCT-1,0.062342327,-0.40500957,-0.15057173,-0.53572637,1.4365478,1.7402232,-0.6048093,-0.5258295,0.69362617,-0.90148985,-1.2995491,-1.4481211,-0.9790009,-0.23245436,-0.7761946,-0.55531085
TGTCCTGGTAGGTTGC-1,0.22004917,-0.42691177,-0.17567211,-0.50982714,0.6345142,2.4329453,-0.027207494,0.2807228,-0.36127922,-0.38784546,-0.23037113,-0.9263717,-1.6703181,-0.5428097,-0.8814051,1.1501529
TGTCCTTCAAAGCGCA-1,-0.19362241,-0.112904474,1.7701755,-1.1221914,0.9451696,1.5705371,0.51271343,-0.19169833,1.0791588,0.57661045,-0.86898935,-1.1785448,0.4981226,0.59101987,-0.8571405,-0.620357
TGTCCTTCAAGTGAAC-1,-0.15264647,-0.31701767,0.027619153,-0.5005922,0.27435607,2.4007926,0.024509393,0.35757768,0.571497,-0.87261176,-0.8534244,-1.6529114,-1.183559,-0.6843248,-1.1377237,-0.009107624
TGTCCTTCAATAGTCT-1,-0.6020212,-0.026976436,0.7188118,-0.63177586,0.7473734,1.87131,0.49809965,0.5162087,0.77989614,0.57953006,-0.7456864,-1.2575692,0.25536883,0.013983244,-1.504264,-0.18729146
TGTGCTGAGCGCTCAA-1,-0.36795795,0.29605323,-1.4966173,2.0580385,-0.76655895,-0.43052518,1.7044733,-0.59300506,-0.12323491,0.3899145,-0.5270158,-0.2324751,0.5729468,-0.8925668,0.21409434,-0.1511627
TGTGTTAAGAACCTGT-1,0.43112567,-0.6221496,0.6256131,-0.7176541,0.52270186,2.0275064,0.392417,1.1879596,0.37197566,-2.2638712,-0.46373641,-0.646124,-1.4158533,0.19643931,-0.7005402,-0.038319536
TGTGTTAAGGAATAAC-1,0.025424661,-0.2389212,1.6800196,-1.1924925,1.0016589,1.8899188,0.8822384,0.22690427,-0.044553034,0.50992304,0.06359405,-0.23353449,0.04098051,0.567698,-0.98146987,0.8783555
TGTGTTAAGGGATTAG-1,-0.4644481,-0.74040246,0.21094444,-0.60591656,0.522262,2.2031295,0.21116826,0.24103525,-0.12453513,-0.048180293,0.025101207,-0.98174965,-1.3167174,-0.43369353,-0.9697801,1.5486288
TGTGTTAAGTAAGGGC-1,-0.5825423,-0.32367137,-1.1596326,1.9331512,-1.2274795,-1.1157254,1.050151,-0.9684808,-0.53196937,0.77425635,-0.6497698,0.41097754,1.3631791,-0.14090031,0.35283113,0.84103715
TGTTACTTCGCTAGAT-1,-1.0186479,-1.3625478,1.6457232,-1.4625775,-1.8207042,-0.2992753,-0.016012697,0.6382928,1.3329386,-0.99849665,1.6217351,0.82460785,-0.5688492,-0.078908116,-0.53056115,-0.067901924
TGTTGCACAATTGAGA-1,-0.65844977,-0.026591271,-1.645395,1.7105634,-1.2330515,0.17378338,0.68584883,0.43284988,-0.14563286,0.88218087,-0.67120856,-0.11161881,1.2049792,-0.5179498,0.96536356,1.1241732
TGTTGCACAGCCAGAA-1,0.5507865,0.6120406,0.041997068,0.64742386,-0.45407653,-1.4324212,0.9968611,-0.62155074,-1.1114748,-0.4599312,0.86296487,0.40698874,-0.63093793,-0.26179272,-1.5394137,-0.5649988
TGTTGTAAGGCATGTT-1,-0.070559815,0.17447259,-1.4279805,1.9316093,-1.1061077,-0.7732761,1.1130619,-0.52014315,0.13369341,0.2935962,-0.30695793,-0.11679563,0.58604527,-0.8153249,0.3759809,-0.29961276
TGTTGTGCAAGGATTA-1,-0.39054477,-0.4847234,1.1550028,-0.8696768,0.44844717,2.1202776,0.53186435,-0.0884808,0.63877726,-0.12974939,-0.38283736,-1.4896531,-0.72418356,-0.16100095,-1.1944191,0.4318964
TGTTGTGCACCTGCCT-1,-0.12953028,0.22961593,-1.0375755,1.5411313,-0.61550426,-0.8346052,1.687556,-0.4144832,-0.8482097,-0.16927752,-0.006486222,0.056507453,0.050509885,-0.7613724,-0.476179,0.156513
TTAAAGGCATAACGGG-1,-0.17449094,0.38538268,-0.024764992,0.5698198,-0.76006997,-1.4593223,0.95307255,-1.178664,-1.3603168,0.03469768,1.0446148,0.16954643,-0.33501953,-0.43110716,-1.750649,-0.36136502
TTAAGCCAGACAACGA-1,0.08528598,0.4845813,-0.59006417,1.5520586,0.1741178,0.027910506,2.5108247,0.30394477,-0.68540084,-1.3704089,0.15551957,0.32859042,-0.76162493,-0.7237236,-0.813349,-0.59447813
TTAAGGACAGGTTCAC-1,-0.6994728,-0.30525768,-1.9523294,1.1576993,-1.5613286,-0.5602034,-1.1804308,-0.088548824,0.71401393,0.94469213,-0.7015729,-0.25307342,1.2904325,-0.51195717,1.7801235,0.66824037
TTAAGGTGTTGAGCCG-1,-0.15951705,0.3224005,0.9097524,-1.1497482,0.55522424,0.7414901,0.30478162,0.2943842,-0.6340934,2.9312782,0.37212968,0.23726657,1.323001,0.8413126,-0.04157026,2.6955452
TTACACCGTATTGTGG-1,1.2993275,0.11966007,-1.1711091,-1.1520787,-0.26254138,0.060591146,-1.7963448,2.0923316,0.071061365,-0.7995187,-0.18779892,1.1546504,-0.0319517,-0.045894347,1.3647887,0.68699807
TTACACCGTTGGTTAG-1,0.19085887,-0.2583133,-1.3418775,1.3748187,-1.410966,-0.92848,-0.6828336,0.38252497,0.6024475,0.8065028,-0.91698205,0.4961728,1.7783804,0.25323397,1.8478372,0.76829875
TTACCGTGTCATCAAG-1,-0.63685787,-0.06937508,-1.5940971,1.8581966,-1.122381,-0.48965648,1.0815827,-0.69822454,0.2154289,0.5596585,-0.7710587,-0.28428507,1.0491307,-0.9614676,0.9873858,-0.028042551
TTACCGTGTTAGACCA-1,0.6800519,-0.2727332,-1.1012654,1.0725069,-1.3995601,-0.39986888,-0.5884472,0.53843796,1.6676623,-0.84546983,-0.1794506,0.6598642,0.32622087,-0.5799079,1.353112,-0.7718178
TTACCTGTCTCACTCA-1,-0.07118935,-0.38881794,-0.2647481,-0.4579565,0.94715685,2.194777,-0.32464153,-0.19225429,0.6352497,-0.29742235,-0.97917044,-1.4787161,-1.0125589,-0.62277853,-0.97026217,-0.15765035
TTACGTTTCAAACTCA-1,-1.7648132,0.73412776,0.43374187,-0.8269486,1.2107377,-0.04014024,-2.3168082,-0.16465102,0.7525757,2.4034135,-0.87417614,-1.219667,1.4597044,0.95410264,0.46565762,-0.355337
TTAGACTCACAGGAAT-1,0.20158693,0.60067296,0.16718975,-0.777917,1.1351814,0.9761141,-0.9086025,0.49972796,1.163851,0.8280769,-1.5262247,-1.2124796,1.1770774,0.52298194,-0.44526,-1.9228256
TTAGCAGGTGGATTGC-1,-0.11259788,-0.518865,0.04784902,-0.40594363,0.92099327,2.0695605,-0.19925685,-0.18094844,0.33024395,-1.4757388,-0.7882657,-1.1822109,-1.4460075,-0.377999,-0.9749706,0.10347453
TTAGCTGCAGGTTAAA-1,-0.50267273,-1.2199457,1.7458208,-1.4630306,-1.5550699,-0.26184484,0.24272248,0.7400249,1.2116772,-1.6147342,1.4428837,0.8886324,-0.8233169,0.118838705,-0.6168479,-0.73683405
TTAGGATGTTCCGGGA-1,-0.607157,0.24376315,-1.3381691,1.559067,-0.52130944,0.030945655,1.393143,-0.8099003,-0.96404934,-0.52185196,0.0970632,-0.39508808,-0.37014326,-1.3296909,-1.2903627,-0.5714232
TTATCCGTCCAGGTCA-1,-1.1729102,-0.08466278,0.37049106,-0.5991384,0.30935648,1.467067,-0.4331445,0.29952383,0.49973673,1.3262273,-0.28613138,-1.1011183,-0.29320925,-0.30247653,-0.86643875,1.0355376
TTATCCTAGTTAGACC-1,-0.2897952,-0.05406207,-1.8215986,1.2408988,-1.1218505,-0.31358373,-0.55333513,-0.1953361,1.3924401,0.095150776,-1.1993134,-0.36051702,1.0431188,-0.6923263,1.9731326,-0.4720975
TTATGACCAACTAGGG-1,-0.58542216,-0.12285223,-1.6254425,1.9885885,-1.2756923,0.18652473,1.2519984,0.27241936,0.19090952,0.02040656,-0.58493197,-0.0966558,0.5884007,-0.921101,0.6190236,0.2402961
TTATGCGCAGTTTACG-1,-0.16452934,0.1594363,-0.5487583,0.7448788,-0.75328946,-0.81095546,1.6145219,-0.3147084,-0.7975935,-1.2432861,0.32921702,0.15889582,-0.13448189,-0.53131557,-1.0811846,-0.34299955
TTATGCGCATTATGGT-1,0.5502347,-0.48228878,-1.249613,1.8870108,-1.1971779,0.62654495,0.36660814,1.0926582,0.779136,-0.874513,-0.83477634,0.6975219,0.19713263,-0.33793324,1.0999584,-0.24709305
TTCAACCGTTGTTGTC-1,0.76019484,0.8817195,0.5131815,0.5489784,0.013346257,-2.442154,0.3696273,-1.905808,-0.61054975,0.15410158,0.7154075,0.34925234,-0.21510105,0.31063083,-0.5397724,-1.4084566
TTCACTGTCTCGACCT-1,1.1004468,1.0742191,0.025171928,0.98955876,0.13246702,-2.2388623,0.47481525,-1.7085009,-0.11496545,0.4470914,0.21183352,0.022018654,-0.070319146,0.08369502,0.34114712,-1.5326469
TTCACTGTCTTTGAGA-1,-0.6991347,-1.0202614,1.6363349,-1.5473307,-1.5679266,0.14125848,0.44910133,1.0185568,1.2042432,-1.4246716,1.2732086,0.6188024,-0.97773474,-0.019594975,-0.8271606,-0.45844823
TTCAGCACACCGGCTA-1,0.27072045,-0.56565857,0.29109648,-0.58477736,1.718671,1.5662799,0.0757555,-0.64890885,0.51817936,-1.4624444,-0.8630542,-1.0315583,-0.9869089,-0.10721554,-0.4780928,-0.20189108
TTCATTCAGGTCATTA-1,0.76703125,0.45727506,0.77528006,-0.86694384,-0.44505796,1.6958777,1.1739831,1.8500285,0.33209044,-0.8918437,-0.24792919,-0.66152024,-1.2458186,0.24089067,-0.92015666,-0.36276126
TTCCACGGTACCGTAA-1,-0.27344978,-0.43882665,0.38581982,-0.5222796,1.8994622,1.2803798,-0.80795884,-1.0721155,0.13901003,0.58693135,-0.66725814,-0.90164113,-0.21976128,0.16179913,-0.23400168,0.19876838
TTCCCACAGCTAAAGG-1,1.1797587,0.20823093,-1.0082151,-0.89528334,-0.5098132,0.7854105,-1.1362438,2.6400146,-0.27235103,-0.95599985,-0.29146668,0.8359821,-0.52931094,-0.1851875,0.70027983,0.7283504
TTCCCGCCATTAGGTT-1,0.06742082,0.8107959,1.445046,-2.3170943,0.06422886,-1.2381883,0.9633316,1.6202605,2.128615,0.49381804,0.97945,-0.8932227,0.60519576,2.1991968,0.54522616,-1.0856854
TTCCTCAAGCACAGCC-1,1.3252361,1.2392322,0.8802372,0.075841196,1.2585108,-2.2473583,-1.5641725,-2.1212912,-1.1419984,1.300384,-0.72797775,0.6473372,1.355152,0.9884816,1.4735023,-2.0883157
TTCCTCAAGTTGGATC-1,0.08108094,0.17752358,0.6544748,-1.0768266,0.29762343,1.0250356,0.35349312,0.40963084,-0.77009284,2.7630262,0.48175722,0.28937936,1.0840516,0.72151685,-0.23121192,2.8490827
TTCGGTACACGGTACT-1,0.05530901,0.20086738,1.0604064,-0.9547572,1.2385342,0.77536434,0.14410536,-0.42027068,-1.1020851,2.8029861,0.24831428,0.61821467,1.1918162,1.0775411,0.13412142,2.4211664
TTCGGTACAGTAATAG-1,1.5489849,-0.01596485,-1.3528872,-0.9658005,-0.5298172,0.10911524,-1.9976394,1.764601,0.051779583,-0.48601872,-0.3291726,1.0954359,0.027259726,0.13027142,1.4225347,0.6250556
TTCGTTAGTCTTGCTG-1,0.7791097,-0.3341291,-0.7725748,0.53338146,-1.2290044,0.2428315,-0.276115,2.4232516,-0.10244152,-0.81745994,-0.06734339,1.0935274,-0.14751498,-0.11230029,0.70056546,1.2568699
TTCTTAGGTAAAGCAA-1,-0.12599933,-0.8992647,1.5207494,-1.0253885,-1.4348186,0.30980784,0.10675369,1.3245734,1.2540579,-1.7232277,1.1133986,0.88825643,-0.98029,0.20087776,-0.5102994,-1.1679971
TTCTTAGGTACCGAAC-1,-0.61598384,0.046895016,0.34186113,-0.38364494,2.9847283,0.1392215,-1.8074024,-1.1497619,0.1366234,1.1531061,-1.3122778,-0.98450387,0.7181095,0.878417,0.29790428,-0.9126266
TTGACATCAAACCTTG-1,-0.04389037,0.5329577,-0.7475772,1.3775783,-0.09548073,-1.1084225,0.9989713,-2.196765,-0.7952941,0.26322526,0.027997337,-0.09988628,0.19112888,-0.62493837,-0.6458373,-1.2270169
TTGACGTAGAACCTAC-1,1.772341,-0.0766966,-0.73275954,-0.055115722,-0.5192939,0.6430735,-0.37463242,2.480462,0.25574398,-1.2219789,-0.23971233,1.6461694,0.03174353,0.2502964,1.3561876,0.5263722
TTGAGGCGTAAATTGC-1,0.7083957,-0.03235793,-0.15421268,-0.2426458,2.8572578,0.24369591,-1.3570255,-1.4100516,0.5871619,-1.2254488,-1.4978781,-0.99572957,-0.6963992,0.45139664,0.5812955,-1.3147763
TTGATGTCATTAAGTC-1,1.868437,0.97427046,1.083153,0.48977613,0.32912934,-2.4109616,0.02635366,-1.7521111,0.066276975,-0.2441875,0.4187075,1.3594878,-0.27496052,1.0096964,-0.009349808,-1.8529418
TTGCACACACGGTACT-1,0.18810137,0.44016647,0.0889882,0.95491636,-0.8301265,-1.514341,1.2169712,-1.1992025,-0.7910969,-0.23992977,0.87712574,0.379938,-0.39266956,-0.26146194,-1.1493691,-0.6266345
TTGCAGCCACGGTACT-1,0.21466047,0.5715529,-1.3649461,1.0831442,-0.9032398,-0.9094338,-0.7908272,0.003529042,0.10383082,2.1039557,-0.7498042,0.23507488,1.7111256,0.18683392,1.819833,1.3474157
TTGCGAGTCCGTTAAA-1,-0.6530658,-0.24547757,-1.3075061,2.0094244,-1.0063114,-0.37674898,1.9674897,-0.39804983,-0.81095225,-0.2399672,-0.26205748,0.10828753,0.5691689,-0.8427724,-0.28821942,0.41582924
TTGCGAGTCTGGCAAT-1,0.32166642,-0.38534772,-0.077713534,1.2134745,-2.0144591,-1.5748141,0.33370495,-0.42382604,-0.41774404,-0.2807671,0.7267801,0.7354945,0.13458878,0.31681532,-0.7934553,-0.21596366
TTGCTCTCATAAGTCT-1,-0.72560483,-1.0478349,1.739534,-1.5307914,-1.5062469,-0.063522495,0.28618577,0.824293,1.2101644,-1.5610368,1.3671039,0.70282316,-0.7568834,0.029236317,-0.7398194,-0.6388687
TTGGAGGCAGCCAGAA-1,1.3121973,-0.3492229,-1.3331156,-0.4654769,-0.736804,0.10472325,-2.1472573,1.4550418,-0.13074291,-0.18809223,-0.19312261,1.4915423,1.0673765,0.048511874,1.6684113,1.0401103
TTGGATATCCGTTAAA-1,-0.22720303,0.6210525,-0.61726224,1.2523859,-0.2496795,-1.7551972,1.0284632,-1.9588838,-1.019025,0.9468889,0.07361376,-0.20149204,0.3731022,-0.4984998,-0.2612239,-0.5106105
TTGGATTCAATTAAGG-1,0.11759479,-0.77554023,0.20327389,-0.44593835,1.0880176,2.0596743,-0.1590587,-0.46154088,0.26226917,-1.2133672,-0.66017085,-1.1427512,-1.3866915,-0.4152254,-1.0729213,0.35863823
TTGGCTGAGCGATACT-1,0.33606976,-0.25429973,0.082293995,0.067080304,3.1132193,0.5773699,-1.0821115,-1.7878318,-0.12585598,-0.20388544,-1.5094049,-0.891091,-0.40847343,0.4544996,0.08809298,-0.051409595
TTGGCTTGTACGTTTC-1,1.600657,0.65111685,0.92243016,0.7727083,-0.46527362,-2.8513384,-0.0864222,-1.5221922,0.3702432,0.60177207,0.2978837,1.3787897,0.50909984,1.0317008,0.87739587,-1.0804691
TTGGGCCAGCGGCTGT-1,-0.69707763,0.08570157,-1.2484798,1.3896012,-1.5553093,-0.117830284,0.91003025,0.30872554,-0.79765296,0.47814322,-0.107709005,-0.17227736,0.5752995,-0.39519656,-0.47353172,0.9570707
TTGGGTTAGTCCTGAG-1,1.29677,0.30527174,-1.0539057,-0.30569386,-0.7599896,-1.0610712,-2.3730206,0.2535178,0.8189474,0.36914963,-0.79907984,0.64174426,1.0138879,0.14348492,2.4206219,-0.53476745
TTGGGTTAGTTATCTC-1,0.02652678,0.13709587,-0.8180624,1.996607,-0.48800352,-0.5438674,1.8846025,-0.5576534,-0.05404714,-1.1941289,-0.14592624,0.4087783,-0.19911045,-0.7507479,-0.24245772,-0.8857827
TTGTAAGTCGGGACTC-1,0.10137002,0.4366002,0.59667945,0.27841666,-0.7527627,-1.6082759,1.0596745,-0.653984,-1.4741995,-0.44946036,1.3211296,0.37327585,-0.6745007,0.15030572,-2.1600876,-0.25675756
TTGTAAGTCGGTTTCC-1,-0.5732423,-0.5513878,-1.0172842,1.7558653,-1.6310191,-0.9066658,0.93900466,-0.8585814,-0.6199274,0.42697805,-0.024977216,0.40591624,1.0238894,-0.24189924,-0.28404948,0.81592005
TTGTCAAAGGAACCGG-1,1.7063763,0.7069293,0.055160876,-0.39213508,-0.9209894,-2.487266,-2.3640862,-1.4135797,-0.5986221,0.89924395,-0.18147476,0.9944254,1.3152027,0.6580863,1.6417332,-0.9875965
TTGTCCCAGCTCAAAC-1,0.7159605,-0.5176202,-0.075307444,-0.3699004,2.325627,1.551301,-0.4916568,-0.6919321,-0.0016250797,-1.5645795,-1.0315247,-0.67372197,-1.1844347,-0.023396883,-0.5258306,-0.23665997
TTGTCCGGTGCATTAG-1,0.505217,0.7313317,-0.19791076,-0.4138394,1.388915,0.89653045,-0.027259383,-0.4385912,0.694046,-0.29818904,-1.9158444,-1.4702926,0.6278193,-0.22358099,-0.18770203,-2.1622884
TTGTGTGCACTGGCCA-1,-0.3931473,0.24279717,-1.8586581,1.5664446,-0.73085463,-0.45361865,0.08164718,-0.19402875,0.63873935,0.9688407,-1.2244221,-0.20310515,1.5744882,-0.8039289,2.080934,0.189138
TTGTTCCCACGAATTT-1,-1.0039991,-1.1612232,1.9208374,-1.6576455,-1.4392722,-0.63873315,-0.16571565,-0.05760233,1.4242351,-1.038121,1.6325097,0.67336833,-0.20249183,0.13019255,-0.4557837,-0.96808064
TTGTTCCCAGCCAGTT-1,-0.049808543,-0.2567837,1.4003172,-1.2177835,0.5980262,1.5092757,1.1898259,0.53864574,-0.31573534,1.2941196,0.4629011,-0.21767211,0.22261721,0.6527462,-0.52173144,2.1268592
TTTAACCTCTTGGACG-1,0.19626328,-0.5158235,0.09958263,-0.34753254,1.1915064,2.2701533,-0.16340192,-0.07191581,-0.067897044,-0.435121,-0.4422677,-0.90868676,-1.5712807,-0.42441043,-1.290376,0.35734415
TTTAAGGTCATAATCG-1,0.47804177,-0.00070694834,0.31242752,0.5936458,-1.2982547,-2.4236047,-0.2492753,-2.241999,-0.8133174,1.086219,0.43726644,0.8011409,0.88693285,0.8737533,0.03255352,-0.30948275
TTTAGCTTCCACCTTA-1,-0.027570229,-0.44449905,-0.024345092,-0.16711944,1.9622157,1.9214252,-0.1643432,-0.7675899,-0.23176125,0.48450753,-0.6075427,-0.89512086,-0.5047108,-0.3919723,-1.0775766,0.3354906
TTTCACCCACAGCCAT-1,-0.11610274,-0.849043,2.1693954,-1.735587,-0.48815027,-0.47219107,0.1683552,0.51883084,1.5929606,-1.8133974,1.2808192,1.1793181,-0.32984096,0.6659925,0.41689587,-1.1935301
TTTCGTCCACAACAAA-1,-0.56427956,-0.34435514,-0.98405147,1.6650366,-1.6505022,-0.9400581,0.76480335,-1.2190511,-0.2930306,0.056743857,-0.027918808,0.3311648,0.74612653,-0.5318029,-0.2986439,-0.21097142
TTTCGTCCATGACTAT-1,-0.2999448,-0.14204913,-0.15485817,-0.60020995,1.4577203,1.4788375,-1.1080785,-0.3710358,1.0384462,-0.24268247,-1.3998775,-1.6839325,-0.5222361,-0.27487,-0.5355232,-0.7583275
TTTCGTCCATTCCTGT-1,-0.6152266,-0.14694476,0.9995537,-1.2026966,0.14288023,1.7890558,0.32231742,0.68024445,0.4087034,1.22157,0.071481064,-0.9537145,-0.23705903,0.02904905,-0.9161877,1.3124026
TTTCTCACACTTAGGC-1,-1.6126475,0.5424974,0.8609228,-1.6540306,-0.5123402,0.19596273,-0.5099251,1.3830723,1.2941294,1.799645,0.080668464,-1.0336044,1.4225634,0.8661801,-0.35630488,0.40689963
TTTGAGTCAAGGTATA-1,-0.3940014,0.09303344,-0.64529335,1.1444516,-1.0339794,0.17622432,1.6252203,0.098020256,-0.8132123,-1.2720308,0.72764814,-0.003229132,-0.9953395,-0.88348407,-1.6172975,-0.7265992
TTTGAGTCAGTACCGT-1,-0.48891994,-0.26062799,-2.0183892,1.449733,-1.3391802,0.0726805,-0.57209754,0.5870179,0.9134227,0.2659154,-0.755741,-0.07144741,1.0705703,-0.8381077,1.7461674,0.46425116
TTTGCATTCACTCAAA-1,0.21768063,-0.3972651,0.36810935,-0.61581194,1.766571,1.442473,-0.22865154,-0.7361741,0.7872795,-0.75713366,-1.15606,-1.241596,-0.45276606,0.14378361,-0.47181982,-0.4968483
TTTGCATTCGTGCCTT-1,-0.5082551,0.16196734,-0.6586284,0.18962893,2.348084,0.7502346,-1.8097155,-1.296124,-0.45351547,1.4097779,-1.3436072,-1.274903,-0.0929513,-0.094468884,0.2512287,0.24235433
TTTGCGACAATCCTGA-1,0.3851391,0.51791596,0.531816,0.6469525,-0.39966136,-1.5876689,1.3189659,-0.7189945,-1.4982815,-0.8718766,0.92180765,0.6723363,-0.5516505,-0.03417618,-1.764055,-0.45880055
TTTGCGACATGCATAT-1,-0.8069211,-0.17718595,-1.0296878,1.3263113,-1.4152738,-1.2191621,0.28408766,-1.7848423,-1.1006279,0.87979114,0.14513072,0.17319117,0.8505633,-0.3782742,-0.64731747,0.15609458
TTTGCGACATGTCGCG-1,-0.15031362,0.066797934,0.14805825,0.5808238,-0.9057342,-1.2585077,1.1327441,-1.0804642,-1.4703698,-0.69154495,1.1299934,0.48684967,-0.55038,-0.2364111,-1.9687501,-0.2772767
TTTGCGGAGCGAAGTA-1,-0.29175782,-0.52915204,-0.33083037,-0.26054156,0.5878022,2.391677,-0.3269401,0.25898498,-0.123602524,-0.1724772,-0.51662505,-1.2044804,-1.5165979,-0.7361089,-1.1906334,0.7532561
TTTGCGGAGGTCGATT-1,0.108752534,-0.3336314,0.17140023,-0.4194383,1.0901673,2.2377725,0.212507,0.060581908,0.13505982,-0.6587752,-0.71178055,-0.99621403,-0.53296083,-0.13074493,-1.2082593,-0.18082899
TTTGTGGCATCCGTAA-1,-0.8417859,-1.1547334,1.8855292,-1.6153263,-1.3309339,-0.37837356,-0.239226,0.2955223,1.3030932,-1.0719721,1.5670269,0.8064028,-0.2667941,0.15161613,-0.22156417,-0.6979667
TTTGTGGCATTGCGAC-1,1.4951587,0.22938119,-1.0229336,-1.0557346,-0.31889307,-0.20203194,-1.7185392,1.9584724,-0.042111874,-0.36140296,-0.16157022,1.1811697,0.2791467,0.28621697,1.4131434,0.6928239
AAACAGCCAGGCTTCG-1_rna,0.46577236,-0.5546547,-0.069595315,-0.425727,2.0594754,0.8696749,-0.64614666,-0.70340395,0.43630713,-1.8793908,-0.9645102,-0.7139541,-1.1306682,-0.20783965,-0.26729715,-0.3662306
AAACCAACACCTGCTC-1_rna,-0.5586882,-1.1509547,1.1792068,-1.3625809,-1.7228671,-0.011511009,-0.30137646,0.9409851,1.0798306,-1.2913517,1.0736876,0.5700967,-0.5393586,0.0895185,-0.46147054,-0.31609362
AAACCAACATAACGGG-1_rna,-0.2982149,0.85848373,-1.3042556,0.62786615,-1.0846676,-0.727771,-0.4539957,0.17421149,-0.68054634,2.3752408,-0.32170805,-0.38592872,1.235998,0.41939214,1.0158514,1.9202768
AAACGCGCATACCCGG-1_rna,0.83241814,2.0460026,0.48540065,0.4834974,1.0480841,0.6273499,0.5567839,-0.5977903,-0.39132744,1.980979,-1.3117843,-1.091187,1.45248,-0.119533926,-0.8092068,-1.5207549
AAACGGATCCTAGTAA-1_rna,-0.385203,-0.40565905,1.4693298,-0.14644353,0.33288434,1.7326725,-0.08116193,2.184647,0.6661111,-0.44520885,0.2927239,-0.13243583,-0.4646511,0.5103121,-0.6997406,-0.49444145
AAAGCACCACCCACCT-1_rna,1.1261655,0.25825337,-0.0006764289,0.5982028,0.59034735,0.36655152,0.33968183,1.3277135,1.021,-1.4583668,-0.96685445,1.1340905,-0.07039458,0.313062,1.1556062,-1.2248051
AAAGCTTGTGTGTGGT-1_rna,-0.33587536,-0.38183665,-0.8891229,-0.03425097,1.4400266,1.6229291,-0.77279466,-0.7748019,-0.27489883,0.37383926,-0.7795875,-1.091267,-0.77730584,-0.52424794,-0.3815565,0.89368117
AAAGGACGTATTGTGG-1_rna,1.5193653,0.49097085,-0.914854,-1.2956872,-0.08381507,-0.5428893,-1.8511031,1.9376518,-0.54513466,-0.35826808,-0.09965811,1.058638,0.18877876,0.19421627,1.0943625,0.8334246
AAAGGACGTTAAGCCA-1_rna,-0.49759576,0.07265483,1.0444717,-0.25953248,-0.59221894,1.5920174,-0.26231226,1.5687999,1.0103098,0.5347055,0.29642507,-0.64228153,-0.6287531,-0.3874703,-1.5466446,0.46707547
AAAGGACGTTCACCAT-1_rna,-0.8804342,-1.1581094,1.9574503,-1.5759367,-1.5396972,-0.4990472,-0.17162168,0.15532961,0.8566865,-0.9223018,1.5621827,0.8590909,-0.26966926,-0.1323758,-0.4578271,-0.43861577
AAAGGAGCACAAACTT-1_rna,-0.7073422,-0.31103456,-2.0549846,1.8145953,-1.1926056,0.30593717,0.6613232,-0.109149605,0.19042003,0.16088834,-0.7741807,-0.09188634,0.80602694,-0.68140936,0.91732925,0.54662895
AAAGGAGCATAGCTGC-1_rna,-0.16669275,-0.9296431,-0.13019896,-0.3316636,1.8750397,1.3772442,-0.28793377,-0.9841376,0.03651495,-0.40128216,-0.3746773,-1.0908955,-1.3777572,-0.38670093,-0.4304861,1.0301414
AAAGGCTCACTTCACT-1_rna,-1.0310086,-1.2452407,1.7737275,-1.3179348,-1.960479,-0.5646381,-0.31634942,0.34692815,0.8505765,-0.3618922,1.3982422,0.8416958,0.14178163,-0.08288335,-0.30828047,0.035611212
AAAGGTTAGCAAGGGT-1_rna,0.16542383,0.16576803,0.4283816,-0.9730411,0.32795313,0.94431794,0.74234766,0.2105875,-1.3188152,2.2368379,0.5209626,0.3339594,0.629278,0.32993266,-0.42278245,2.9215705
AAAGGTTAGGGTGGAT-1_rna,-0.21435913,-0.045531858,-0.72678304,0.8546949,-0.5986442,-1.6173322,0.93142116,-2.0496721,-0.60056716,-0.28318137,0.005914535,0.19662581,0.31011477,-0.46241763,-0.5382728,-0.25640708
AACAAAGGTAATGGAA-1_rna,0.1814266,1.0918734,1.4841895,-2.4666088,-0.20515284,-1.6096698,0.65618163,1.0824376,1.0368218,1.8878069,1.0249873,-0.18154721,1.2958806,2.0491333,0.7910143,-0.07762081
AACAAGCCAGGTTCAC-1_rna,0.3972094,1.3170569,-1.5752547,0.7004118,0.9327475,1.346297,-0.5288284,0.19604641,-0.042080127,1.0511054,-1.4272603,-1.1949147,0.5970908,-0.47757673,-0.40853795,-1.7713679
AACAGATAGAGGCTAA-1_rna,0.8909113,0.15506679,-0.8368159,1.8616931,-0.29588145,-0.35909736,1.2647891,-0.16638522,0.52440006,-1.4610366,-0.39437655,0.5154884,-0.38803607,-0.26481843,0.5046539,-1.1958246
AACAGATAGGGTCCAC-1_rna,-0.16348231,0.8187721,-1.4847593,1.9123719,-0.12670258,-0.09513421,2.1545243,0.22214201,-0.18331017,0.4232704,-0.66796833,-0.30052352,0.4079469,-0.48350453,0.78355086,-0.100679986
AACAGCAAGGAAGCTA-1_rna,1.2966193,0.06519495,-1.0264428,-0.99232894,-0.12911072,0.25029513,-1.7194242,1.9126775,-0.49027634,-0.91702694,-0.13344151,0.8588001,-0.38185883,-0.34945962,0.6175292,0.4055547
AACATAGCATAAAGCA-1_rna,-0.5420075,-0.58319426,-1.5373496,1.6613213,-1.9493173,-0.35537198,0.49136004,-0.33971515,0.37430322,0.2654022,-0.5121424,0.2762199,1.0521641,-0.2943532,0.8333593,0.64315957
AACATCATCCGTTATT-1_rna,0.5243347,-0.2669575,-0.21744013,-0.55784273,1.2132902,1.4890916,-0.91584206,-1.2074997,-0.29311013,1.4025506,-0.033385117,-0.7426234,-0.71179646,-0.4521539,-0.43538442,0.4214066
AACATCATCGAGGAAC-1_rna,0.44912073,0.69015527,0.023473298,0.2641682,-0.39113152,-1.3545185,0.95954067,-0.5266761,-1.7825904,-0.21487822,1.220712,0.03896272,-0.37815246,-0.22644508,-1.7783394,0.01938126
AACATCATCGGCTATG-1_rna,-1.2938279,-1.1231484,1.4410888,-1.6857048,-1.6727029,-0.16672605,-0.7692839,0.8175244,1.1856961,0.0034160689,1.4679439,0.5754897,0.33013645,-0.095704965,-0.17606051,0.5849231
AACCCGCAGTCACTAA-1_rna,0.10491793,-0.09176848,-1.4071165,2.0109982,-0.59968007,-0.07948464,1.8206595,0.29793945,-0.0297418,-0.77935404,-0.5576563,0.48995343,0.28501588,-0.51159066,0.6484924,0.14363952
AACCGGCTCCGTAAAC-1_rna,-0.20673613,-0.6839601,1.1400762,-0.8230286,0.8725928,1.5904714,0.90540236,-0.2410154,0.49850076,0.05335722,0.013583343,-0.9736066,-0.4448847,0.30948618,-0.4761626,0.9856072
AACCGGCTCGATCAGT-1_rna,-0.1476408,-0.27806917,-0.49972785,-0.3133291,1.0184575,2.0878158,-0.8900441,-0.13767938,-0.058249377,0.17864513,-0.54859215,-1.0022928,-0.9891561,-0.5791367,-0.9112605,0.004031999
AACCGGCTCGTTAGCG-1_rna,0.061217066,0.009588029,-0.14455125,0.70752954,-1.2441638,-1.2320238,0.37617064,-0.6714361,-1.1057376,-0.06066175,0.6276104,0.36626986,0.33483186,-0.038241953,-1.3990172,0.4531487
AACCTTAAGGTCTTGG-1_rna,0.61230737,0.3792593,-0.15403178,0.38197362,-0.015790347,-1.8581156,0.9460605,-1.5174067,-1.1485424,-0.8218013,1.0838659,0.5568363,-0.6788164,-0.05290634,-1.1761335,-0.6749558
AACCTTGCAATAATCC-1_rna,-0.159495,0.23475851,-1.4342008,1.4908981,-0.23250324,-0.17095459,1.8306153,-0.65265846,-1.2437062,-0.3923994,-0.06440712,0.06999742,-0.13541868,-0.69780296,-0.8720768,-0.07005435
AACCTTGCAGCCTGCA-1_rna,1.0039351,-0.4340657,1.4531268,-0.9261842,1.887788,0.67145693,0.28598684,-0.39714122,0.849741,-1.9787197,-0.73851687,-0.25799662,-0.014636762,0.98994577,0.35603532,-0.9775534
AACCTTGCAGGACCTT-1_rna,-1.2917485,0.9866206,0.1513678,-1.2876223,-0.15569845,-0.4892313,-1.7589289,0.72675204,0.6851817,2.5695515,-0.31478813,-0.6455616,1.8389364,1.0320711,0.96055174,0.552526
AACGCCCAGTTTGAGC-1_rna,-0.8027144,-0.9387792,1.8545994,-1.9000349,-1.553406,-0.6858743,-0.80867827,0.3792065,1.0496455,-0.13085644,1.8825704,0.8231718,0.011535972,0.19749635,0.1599584,0.011121161
AACGGTAAGCTGCACA-1_rna,0.52551746,0.2686131,-0.8582312,0.607305,-0.05824651,-1.2408272,1.1669054,-0.98861873,-0.90931123,-1.1156207,0.61724716,0.4355473,-0.5951359,-0.29403555,-0.9637179,-0.38154978
AACTAGTGTAACCAGC-1_rna,-0.76611507,-0.056091223,-0.5916483,-0.12871626,0.87196994,1.7106675,-0.82000965,-0.13752101,-0.11316327,1.2628319,-0.33462417,-1.1923149,-0.65309715,-0.5809572,-0.65192,0.71288055
AACTAGTGTCGTAATG-1_rna,-0.45476535,0.31969145,-1.3091544,1.5511044,-0.3212813,-0.91747105,1.8146861,-0.8548221,-1.3231056,0.20828618,0.13545652,-0.20973653,0.15481119,-0.65426785,-0.7512722,0.0506046
AACTCACAGCTAATTG-1_rna,0.16592233,0.11880385,-1.1350545,1.4010515,0.10845634,-0.55171806,1.9138051,-0.8130707,0.10336572,-1.4551085,-0.15805896,0.29503146,-0.09891386,-0.62760544,-0.11689763,-1.0617299
AACTCACAGGAAGCAC-1_rna,-0.061320543,0.53821176,0.18461318,-1.0645624,0.22655171,0.58546156,0.2435642,0.2989353,-0.85402256,2.981202,0.17834118,0.3139238,1.3540902,0.6368864,0.26425543,2.8281932
AACTCACAGGGCTAAA-1_rna,-1.0790476,-0.46275395,-0.15050963,-0.33696315,0.86646616,1.6747315,-0.7019601,-0.08207335,0.45556086,0.52365845,-0.50307715,-1.2766268,-0.7716794,-0.39573875,-0.8335107,0.3276708
AACTGTTCAAGACTCC-1_rna,-0.071282744,-0.49096194,-0.06658061,-0.43915188,1.4939665,1.4675679,-0.4826115,-0.21603182,0.7699802,-0.86661667,-0.9229373,-1.1847994,-0.830069,-0.34409606,-0.663363,-0.58192897
AACTTAGTCACTTCAT-1_rna,1.3821352,0.11654914,0.13788897,-0.016025076,0.22047831,0.16413873,-1.0984381,1.3454777,1.2647643,-1.1057651,-0.38033423,0.8459833,-0.3107135,-0.18725619,1.1916964,-0.9684914
AACTTAGTCCATAATG-1_rna,-1.3895755,-1.2749579,1.510046,-1.6583018,-1.5911942,-0.32862777,-0.48362404,0.5421461,1.2266525,-0.65393704,1.4290715,0.66999716,0.16061479,-0.10308609,-0.34729457,0.15487811
AAGAACAGTATTCGTC-1_rna,-1.1339834,-1.0304414,1.7099448,-1.3882241,-1.7580678,-0.4513157,0.19000079,0.6307676,1.2421453,-0.7466476,1.4457184,0.5407418,-0.15204605,-0.032348663,-0.6153607,-0.27581972
AAGAATCAGGCTACAT-1_rna,0.4412551,0.023301264,-0.86292756,1.3569622,-0.8761437,-1.3475742,0.69306433,-1.1955338,-0.08289979,-0.8691566,0.37789735,0.38529363,-0.2239609,-0.24796121,-0.48621577,-0.9404021
AAGACATAGTAAGGGC-1_rna,-1.1947159,-0.35342774,0.3189843,-0.5550467,0.7904927,1.5849893,-0.7366597,0.4110147,0.8317528,0.7642679,-0.6262484,-1.3499564,-0.418229,-0.076292254,-0.58701676,0.2710929
AAGACCAAGAGAGGAG-1_rna,0.8025223,-0.29614186,-1.0911725,0.17668247,-0.9605993,0.23415786,-0.9183191,2.1118145,0.5398349,-0.9500574,-0.13657065,0.90240014,-0.008324314,-0.15229763,1.2406133,0.70702773
AAGCAAGTCGTTTCGC-1_rna,0.2600573,-0.6800011,0.3790148,-0.23156391,2.0234752,1.594326,0.57036716,-0.61774236,-0.44653237,-0.8549451,-0.1675914,-0.47459024,-1.0746604,0.039649468,-0.5342603,1.4423119
AAGCCTCCACAATGCC-1_rna,0.5931579,0.7341699,0.33055753,1.0066235,0.6293451,-0.9242604,2.028812,-0.2822251,-0.6175565,-0.71298736,0.7462367,0.40476522,-0.5635807,-0.38567775,-1.3233484,-0.9987418
AAGCCTCCACACTAAT-1_rna,0.4402852,-0.17738093,-0.9759145,1.8168483,-0.82933104,0.07141978,0.49234483,0.3185302,1.4833003,-0.62792647,-0.7616851,0.13744304,0.44815361,-0.2766502,1.3564092,-1.1867839
AAGCCTCCAGACAAAC-1_rna,0.6196289,0.40208223,-0.96100044,1.3564193,-0.62677974,0.019491263,0.9419902,1.2494985,0.45450985,-0.15646948,-0.32957116,0.18345696,0.5074804,-0.7580072,1.043049,-0.3905153
AAGCGAATCATGCCTC-1_rna,0.36032513,-0.4982455,1.1215814,-0.65711397,0.9113017,1.673411,1.0572693,0.35896516,-0.43248153,0.78131,0.20529808,0.13750501,0.34863362,0.684971,-0.19269645,1.4956069
AAGCGAGGTCGACTCC-1_rna,1.2270926,0.25077766,-0.8614953,1.718989,-1.1203562,-0.57415986,0.74057275,0.8380491,0.08977423,0.052694738,0.14922674,0.8880622,0.23922712,0.019497048,0.5411192,0.16848025
AAGCGTTTCATTGTCT-1_rna,-1.0884321,-1.0472927,1.6360948,-2.036918,-1.1338484,-0.30720004,-0.32321104,0.66761565,1.4575806,-0.80297637,1.43358,0.48303443,0.026189521,0.18318114,-0.011944991,-0.47305587
AAGCGTTTCCTGATTT-1_rna,-0.9133284,-1.008843,1.1403619,-1.1732495,-1.4464264,-0.013916819,-0.089570075,0.7560077,0.80157137,-1.2383826,1.0532194,0.8106838,-0.047569953,-0.29940698,-0.30398983,-0.40466064
AAGCTAGAGATGGACA-1_rna,0.8058054,0.8688349,-1.1324553,1.3750769,-0.7464627,-1.5554953,-0.014518885,-0.9051961,-0.54258627,0.9933868,-0.50732857,0.27633166,0.776063,-0.27449492,0.64996946,0.4168078
AAGCTATGTTTAACCC-1_rna,-0.7090314,-1.048514,1.5791805,-1.1999054,-1.678688,0.12664327,-0.05555498,0.7828151,1.2349161,-1.0714556,1.0637394,0.85548264,-0.31517792,0.030603103,-0.29593262,-0.57853955
AAGCTCCCAGCAATAA-1_rna,-0.029334053,-0.55706704,2.1579337,-1.2964275,-0.11497116,-0.2736487,-0.6187939,0.182658,1.469596,-1.4189649,0.38286132,0.8825712,-0.5664691,0.78608865,-0.0069282837,-2.285257
AAGCTTGGTCGCAATA-1_rna,-0.21532881,-0.056772593,-0.6135413,0.9733641,-1.1241103,-1.4322466,0.83142734,-1.5789784,-1.0768944,0.14305797,0.36429575,0.33312774,0.25216,-0.052950464,-0.91127455,0.16278462
AAGGATCCAGTCTAGC-1_rna,0.13411248,0.81451315,-0.9850826,1.8384715,0.99457544,-0.4292533,2.1955955,-0.19022365,-1.5980043,1.4006407,0.09927772,-0.13304864,-0.20238072,-0.55917674,-0.5766821,0.6009817
AAGGATTAGTAGCGCC-1_rna,-0.13857737,-0.89494973,0.16079378,-0.2745744,1.5671859,1.6073551,-0.055796877,-0.83801854,0.3472773,-0.59172124,-0.5376433,-1.0748937,-1.0921054,-0.17124794,-0.38846007,1.1633655
AAGGCCCTCTTGATGA-1_rna,-0.9160325,-0.33261958,-0.4881803,-0.33202597,0.9970013,1.6182817,-1.3410609,0.2589796,0.6383377,0.2621721,-0.83994335,-1.2665069,-0.6023983,-0.2924651,-0.4799792,-0.3599866
AAGGTCAAGGTCCGTA-1_rna,-0.44604236,-0.3537593,-0.39097655,-0.13907327,1.3409691,1.7123584,-0.79749703,-0.5315472,0.36646613,0.33268324,-0.5858024,-1.3654736,-0.63172215,-0.66757417,-0.97526145,-0.1384457
AAGTGAAGTATGTGGC-1_rna,-0.11082721,-0.33808267,-0.35156083,-0.18987432,1.4269474,1.8690088,-0.3684872,-0.5432409,0.13488768,0.115389474,-0.9109421,-1.381243,-0.6220086,-0.41583148,-0.85349154,0.101347305
AAGTGTTGTGAGACTC-1_rna,0.23299374,-0.63558245,-0.044599988,-0.06079928,1.5280694,1.6919776,-0.17197095,-0.4795929,-0.45450026,-0.12886003,-0.37380192,-0.7447022,-1.3018656,-0.07650694,-0.30012164,1.3476821
AAGTGTTGTGCTCCGT-1_rna,-0.83685213,0.009833784,-1.4594043,1.3055339,-1.7042165,0.47032678,0.77759594,0.44959995,-0.7351593,0.79725015,-0.3628951,-0.44291624,0.7423414,-0.678697,-0.37196526,1.1910204
AAGTGTTGTTGAGGTC-1_rna,-1.8168278,0.65794456,0.66566694,-1.3734553,-0.21155618,-0.19759019,-1.3656094,0.70091873,0.8910106,2.5749896,-0.09944261,-0.8334669,1.8473564,0.8144218,0.31345105,0.88405156
AAGTGTTGTTTGCAGA-1_rna,0.17598943,-0.8589015,0.5362775,-0.502525,1.862984,1.4065832,0.43137032,-0.49049535,-0.10475743,-1.0203321,-0.31221938,-0.5534317,-1.0064431,0.06469251,-0.50631034,1.097753
AAGTTACGTAGCTAGC-1_rna,0.9353398,0.64401966,-0.7365985,1.7256504,-0.2591305,-0.22676098,1.4717913,0.10463295,0.38773137,-0.89753157,-0.3549673,0.6926517,-0.31778723,-0.5557118,0.45958796,-1.0377736
AAGTTAGCACCTCAGG-1_rna,0.67460585,-0.07283781,0.75599825,-0.52150184,0.0858817,1.9819484,0.13051352,1.7651714,0.38185978,-0.06285393,-0.24490282,-0.036376312,-0.88785475,0.17897063,-0.6893166,-1.2120829
AAGTTAGCACTAAGAA-1_rna,0.76980764,0.6746693,0.40751013,0.6073553,0.04247568,-1.4562373,1.3029846,-0.63008416,-0.61453414,-1.0849453,0.99491197,0.45442903,-0.35437283,-0.15681294,-1.1615626,-0.99353176
AAGTTTGTCCAATTAG-1_rna,0.48413172,0.3968867,0.10136611,0.46392518,-0.6707479,-1.3358439,1.0567285,-0.6529712,-1.2757653,-0.91024643,0.9992527,0.49843362,-0.38907802,0.013833135,-1.8139518,-0.20826395
AATACCGGTTCCATTA-1_rna,1.06321,-0.61087537,-1.0376934,0.8512888,-1.2305005,-0.14791976,-0.32442638,1.5176752,0.4403233,-1.1522753,-0.11817114,1.4299179,0.36679614,-0.24519385,1.299403,0.9182485
AATAGAGGTGAGGTAG-1_rna,0.220818,-0.5304666,-0.67878383,0.24929126,1.5444473,1.7948923,-0.34139276,-0.570792,-0.5066046,-0.33200768,-0.72398496,-0.8984232,-1.4591944,-0.33954886,-0.3765853,1.3017703
AATCAGGAGCGAAGTA-1_rna,0.18854487,0.17292617,-0.8646854,0.7079197,-0.6899808,-1.6596553,0.90550524,-0.90979886,-1.9230194,0.3261345,0.62091213,0.3669745,0.24382013,-0.28043875,-0.97085404,1.0672122
AATCATCCAATCCTGA-1_rna,1.9867827,1.2577709,-0.9588783,-0.3812934,1.5569996,0.54713285,-1.9939306,-0.23045634,-0.6327827,1.0967093,-1.3048244,-0.2439682,0.37545204,0.18555656,0.41014084,-1.6893158
AATCATGTCATTACTC-1_rna,0.7254471,0.55886865,0.25625703,0.44499752,-0.23538704,-1.3904072,1.2794827,-0.89288485,-1.3999128,-0.3865192,0.97504425,0.3599935,-0.485453,-0.016551804,-1.6418295,-0.50015706
AATCCATCACCTCAGG-1_rna,-1.2301406,-1.2597634,1.6032815,-1.2373892,-2.0920236,-0.64148706,-0.48164234,0.046410635,0.94975513,-0.54767936,1.5264709,0.65769935,-0.06601532,0.074611336,-0.6208259,-0.13680053
AATCCCTGTGCAATAT-1_rna,0.4531217,0.43095672,0.0989043,0.9176994,-0.5979804,-0.8397733,0.9844931,-0.66793245,-0.74270403,-1.4894787,0.82895875,0.45679012,-0.8106138,-0.14325097,-1.5095773,-1.3105271
AATCCTAAGATGGAGC-1_rna,0.55844104,-0.80685365,0.2918442,-0.27661803,2.3921907,1.046201,0.075597584,-0.5774604,0.015571412,-2.0239542,-0.6081923,-0.44078118,-1.2168503,0.28243804,-0.16922213,0.3202486
AATGAAGGTAGGTTAT-1_rna,0.67815137,-0.5652497,0.20679328,-0.60937005,2.085913,1.0635875,-0.21273243,-0.7770917,0.6374131,-2.1742628,-0.99489063,-0.7764401,-0.68903553,0.0583823,-0.2689088,-0.6550948
AATGCAACAAGGTATA-1_rna,0.13313091,0.8298593,-0.19178663,0.72347677,-0.14955612,-1.585331,1.0725043,-0.8272171,-1.3874433,-0.44554523,0.6852905,-0.10347579,-0.027095461,-0.55097514,-1.3091972,-0.39645755
AATGCATGTGTTTCAC-1_rna,0.12453659,0.085643366,0.8074669,-1.028523,0.6385527,1.0650159,0.79774594,0.4209428,-0.90524226,2.1641805,0.40216193,0.376053,0.65529907,0.6840139,-0.11715533,2.734286
AATGCGCGTACCGGAT-1_rna,0.0019660918,-0.4453235,-0.97090554,-0.008076925,1.8021798,1.4492769,-0.77491844,-0.8853063,-0.21248259,-0.12550804,-0.628912,-0.99578005,-1.2634382,-0.5881854,-0.4341824,0.54508144
AATGGCGCAAGCCACT-1_rna,0.9836823,-0.24058142,-0.43003374,0.55986786,-1.0321344,0.6167667,-0.1343363,2.2791734,0.73490053,-1.1738887,-0.2698589,0.9170919,-0.26739162,-0.2350754,0.8590406,-0.05384906
AATGGCGCAGTCTATG-1_rna,-0.3242607,-0.1764732,-0.77488583,0.10068907,1.5360867,1.3398491,-0.7756115,-0.819,0.5872987,-0.17000248,-1.2340097,-1.3242326,-0.46892622,-0.4658575,-0.56375015,-0.6761305
AATTCGTCAGGCTAAG-1_rna,-0.21632943,-0.5450796,-1.265702,1.8059214,-1.9306114,-0.3963352,0.29309782,0.073349275,0.33108604,0.20277394,-0.4765156,0.34947515,0.9499371,-0.4049457,0.58141416,0.3336739
AATTGCCAGTACTGGT-1_rna,-0.24135011,0.27381572,-1.186928,1.0113033,-1.4676981,-0.28257796,0.036762036,0.16250926,-0.9159909,1.7129147,-0.19506995,-0.070068136,1.1469253,-0.086369015,0.2117187,1.9528353
AATTGGACATCGCTCC-1_rna,0.8688869,-0.35111773,-1.0859686,0.040239934,-1.36989,0.35655427,-0.7986358,1.860351,0.4982433,-0.8643911,-0.19112629,1.0590823,-0.12736571,-0.07171278,0.83296466,0.76491064
ACAAAGGTCCCTGTTA-1_rna,-0.56567496,-0.21249908,-1.666662,1.9453554,-0.85913426,0.719719,1.009461,0.79176384,0.33465508,-0.32491434,-0.43946287,-0.36307204,0.37925875,-0.7728783,0.66508996,-0.11870176
ACAACACTCCTGAATA-1_rna,-0.6854219,-1.1102877,1.7218575,-1.5391296,-1.7053939,-0.7130742,-0.278141,0.49027872,0.7368798,-0.75815105,1.5459988,0.8642707,-0.11937246,0.0016251355,-0.49843484,-0.41896784
ACACCTTGTACGTTTC-1_rna,0.25235564,-0.57994586,-0.45192537,-0.4438438,1.8121413,1.092342,-0.46433696,-0.95049864,0.42458987,-1.5830139,-1.061785,-0.93683547,-0.8720642,-0.33789462,-0.41116032,-0.6214937
ACACCTTGTCATCAAG-1_rna,0.3169564,0.14691916,-0.9710909,1.5739157,-0.032530926,0.35483396,1.728015,0.034303788,0.70712674,-1.5439838,-0.6920267,0.5161719,-0.2542388,-0.40383288,0.3691299,-1.5120461
ACACGGACATGGTTAT-1_rna,0.9268441,0.53393835,-0.48972687,0.44617447,0.279467,-1.4539759,1.7113074,-0.3839689,-1.7124103,-0.18836321,0.73716277,0.5083658,-0.15034664,-0.35158885,-1.1273928,0.6443694
ACACTAATCGTTAGCG-1_rna,1.1131036,0.3856943,-1.1024991,-1.2314545,-0.39812452,-0.8275687,-1.6374838,1.859441,-0.9741356,0.18533179,0.10472323,1.1692297,0.5180741,0.17703871,0.88076204,1.6547691
ACACTTGCACTATGGC-1_rna,-0.24702707,-0.8677058,1.7794294,-1.4341816,-0.9702691,-0.17493643,-0.3572918,0.35388112,1.3066427,-1.4678574,0.97525704,0.7108922,-0.48634884,0.2717234,-0.10556858,-1.6546454
ACAGGAATCAATGACC-1_rna,-0.1852404,-0.23082565,1.4613937,-0.79983896,0.32217002,1.767611,0.9414928,-0.003384719,0.18711457,1.0860525,-0.1736357,-0.8169309,0.32985494,0.41923848,-0.76344776,0.85249215
ACAGGAATCAATGTCA-1_rna,-0.17491028,0.2408424,-1.0877244,1.8623196,-0.14304447,0.08129123,2.1113741,-0.327011,-0.5202344,-0.85655457,-0.0667113,0.13760749,-0.28713274,-0.6752284,-0.6296287,-0.9190063
ACAGGAATCCAGGTCA-1_rna,-0.1385279,-0.4149046,1.5518177,-1.2141026,0.77101487,1.6109805,0.6803782,0.062344957,0.8423512,0.22323895,-0.24036303,-1.0804907,0.0116078295,0.5804472,-0.6051826,0.26109648
ACAGGATCAAGCCAGA-1_rna,-0.055778593,-0.4828945,-1.2888914,1.7007557,-1.317981,0.8063749,0.25821733,0.8506272,0.7805899,-0.28430003,-0.32233015,0.08782431,0.15302989,-0.47109407,0.961805,0.01225516
ACAGGATCACCTGCCT-1_rna,1.0889823,0.041518338,-1.2120692,0.11545734,-0.6241963,0.6432784,-0.81003785,2.3316996,-0.041904233,-0.5645038,-0.34491014,0.8452204,0.13904175,-0.067368716,1.2625501,1.0919353
ACATAGCTCATGACCG-1_rna,0.080435246,0.9859794,-0.88578993,1.7662903,0.8192479,-1.3012564,1.4249376,-0.9397698,-1.508232,1.2330314,-0.004134734,-0.25716177,-0.07383146,-0.49995652,-0.5795395,-0.17620705
ACATAGCTCTAGCGTG-1_rna,-0.20852032,1.4869748,0.23987786,0.7019907,0.35107592,0.9470129,0.49155816,1.4925411,-0.6564958,1.5053202,-0.53943497,-0.62360096,-0.009491117,-0.09644638,-1.5371711,-0.49705526
ACATCAATCACAGCCA-1_rna,-1.9227842,0.43720758,0.7461613,-1.4734424,-0.3077718,0.05553172,-1.2139975,0.6454058,1.2459137,2.0211103,-0.09984587,-1.1245638,1.6340533,0.68071526,0.08868886,0.3901876
ACATCAATCTCAATTC-1_rna,-0.5260175,-0.87801456,0.1948142,-0.45657218,1.9861453,1.0360268,-0.1782581,-1.1684282,0.62848216,-0.48353487,-0.6120956,-1.1146346,-0.8536213,-0.08286978,-0.27382407,0.6398412
ACATCATCACTATGGC-1_rna,-0.32287538,-0.27946383,1.094355,-0.8605649,0.6993215,1.6415424,0.055078395,-0.38366684,0.6067811,0.4221828,-0.31402984,-1.276457,-0.35111892,0.21774954,-0.81230634,-0.070940584
ACCAATATCTATGACA-1_rna,-0.5998216,0.24287196,-1.8596442,1.7565734,-0.9943139,0.16439861,0.9404857,0.25622535,-0.05825329,0.15301998,-0.8589737,-0.31118974,0.85091484,-0.6891773,0.92656446,0.3643574
ACCACACCAAGTAAGC-1_rna,-0.049248263,-0.01921489,0.7761677,-0.31902722,-0.18941294,1.94344,0.72683936,1.3219346,0.43474078,0.77935123,0.03965528,-0.6316671,-0.5766257,-0.36667484,-1.3822887,0.22070077
ACCACATAGCTGCACA-1_rna,0.24754702,0.16022664,-0.9168708,1.2732462,-0.87230474,0.28115058,1.3481388,-0.6219823,0.045023452,-1.8310227,0.08629423,0.53670543,-0.396851,-0.5117012,-0.7640463,-1.3638088
ACCACATAGTTATCCT-1_rna,-0.073996305,-0.49048853,-0.5440829,-0.23868679,1.3765666,1.7083474,-0.5598906,-0.98673534,-0.21072961,0.11639072,-0.41570443,-1.0201377,-1.1353418,-0.61225516,-0.59590364,0.697913
ACCAGCTCATGTCAGC-1_rna,0.09373815,-0.3274019,0.3285387,-0.93235105,1.5414257,1.2593429,-0.38486168,-0.18791543,1.050671,-0.98372424,-1.0028728,-1.1683419,-0.20575356,0.32129043,-0.5586461,-1.3372569
ACCAGGCTCCAGCACA-1_rna,0.9981747,0.14979813,-0.99233055,0.43704307,-1.1432523,-0.3307542,-1.1091969,1.9164512,0.046534814,-0.11795578,-0.13043328,0.889894,0.66760975,-0.10395334,1.1565969,0.9566308
ACCAGGCTCCGGAACC-1_rna,0.5623783,-0.77126336,0.47166467,-0.4708438,2.257569,0.9974586,0.3144885,-0.8135219,0.010960806,-1.9697818,-0.48627517,-0.42947453,-1.076142,0.21465205,-0.14343059,0.44531742
ACCAGGGAGCGCTCAA-1_rna,0.10916412,-0.29161876,-0.6384326,0.87368995,-0.8640077,-1.6238643,0.6960762,-1.5636625,-0.49138469,-0.95603836,0.3703521,0.49725246,-0.17012593,-0.28832653,-0.6564118,-0.511018
ACCAGGGAGGCCAATT-1_rna,-0.3715995,-0.28196386,-1.5680563,1.9317641,-1.3575404,0.57007086,1.2022738,0.25791806,0.38374606,-0.37893504,-0.47794542,0.16857845,0.5941536,-0.6843467,0.6630669,0.11594574
ACCATAATCGCAGGCT-1_rna,1.0915383,-0.13646458,-0.41095576,0.23905513,-0.30770555,0.56872547,-0.20282726,1.8186136,1.1657882,-1.8030256,-0.32121313,1.0600997,-0.41357386,-0.41538787,1.0591731,-0.8641948
ACCATAATCTGGTCCT-1_rna,0.44026676,0.9770264,-0.746417,1.0275924,1.0586319,-1.1608363,1.5861015,-1.2363492,-1.5033395,0.4082558,0.34499636,-0.061008595,-0.5139474,-0.64695984,-0.6329654,-0.57848763
ACCATTAAGCAAGACA-1_rna,0.5291699,0.6225241,0.093683004,0.623876,0.46355316,-1.4415658,1.4748261,-0.9184891,-1.1738725,-0.6445511,0.9238553,0.08326513,-0.69412106,-0.42441243,-1.6710298,-0.77355665
ACCATTAAGGAGCAAC-1_rna,-0.35093564,0.31761688,0.121128775,0.26149777,-1.4572254,-0.7494226,-1.099359,-0.64250755,0.6441834,0.9219194,0.15541574,0.28874424,0.7383323,0.3941144,-0.041317653,0.66517335
ACCCAACCACCTGCTC-1_rna,0.49785507,-0.61642396,1.049175,-0.8739491,1.7934749,1.461565,0.7136883,-0.46302512,0.032470893,-1.2684355,-0.41568068,-0.5845339,-0.6040181,0.5466657,-0.5597697,0.4543847
ACCCAACCACTAGGTC-1_rna,-0.34505203,-0.45249146,0.12473798,-0.27563328,0.6909238,2.1262174,-0.23254836,-0.13024236,0.16790399,0.3965954,-0.5615601,-1.2694836,-0.7570305,-0.23748015,-1.0240014,0.37556574
ACCCAGGGTGAATCGC-1_rna,0.023291819,-0.5147389,1.1565187,-0.8694277,0.47290856,1.7812312,1.1483494,0.3317208,-0.328437,0.6415956,0.1854764,-0.39799082,-0.012454177,0.32714254,-0.79819024,1.5072553
ACCCAGGGTGCTCCAC-1_rna,0.39317912,0.4643249,-0.027788352,0.38541988,-0.45316932,-1.2577941,1.1731648,-0.55845577,-0.5940346,-1.3596531,0.7902701,0.3586047,-0.35451078,-0.44374,-1.2864212,-0.85960895
ACCCGTAAGCAGCTAT-1_rna,-0.69401795,-0.37554434,-1.6454583,1.9074534,-1.6092175,0.4792374,0.7509774,0.41431734,0.025074143,-0.1345938,-0.26714876,-0.029493265,0.33877453,-0.59841514,0.18491323,0.56985575
ACCGAAGCAAAGGCCA-1_rna,-0.46888068,-0.44580317,-1.4332783,1.559628,-1.6141362,0.83940405,0.16138726,0.76199234,0.84969395,-0.45179418,-0.380593,-0.077022,0.6985895,-0.6442973,0.94636905,0.45097387
ACCGAAGCACCTCGCT-1_rna,0.75426555,-0.6974981,-0.72654724,1.1263267,-1.8611699,-0.462339,-0.15034966,1.2643534,0.2518188,-0.1986268,0.08478669,1.4932442,0.87768126,0.09276225,0.96026385,1.2417309
ACCGAAGCAGCCAGTT-1_rna,-0.03182309,-0.16278258,1.2621028,-1.2473218,0.20946717,1.3312744,0.6902174,0.5167067,-0.20324196,1.7114946,0.25737503,-0.08242923,0.5744089,0.7310528,-0.18663953,2.1974244
ACCGAAGCAGGCCAAA-1_rna,0.12561253,0.2748812,-0.052755997,0.3910967,-0.75005263,-1.476623,0.746557,-0.8645645,-1.4401737,-0.11552221,1.070058,-0.0388606,-0.14137597,-0.34654295,-1.6331127,0.13046125
ACCGAAGCAGTACCGT-1_rna,-0.06987219,-0.33724135,-1.3432391,1.8676217,-1.3117636,-0.02614016,1.1889342,0.63462836,0.60483927,-0.58105695,-0.26041788,0.115783155,0.48368496,-0.84388024,0.5154036,-0.06632966
ACCGCAATCATGTTTC-1_rna,-0.3232844,-0.7299112,0.19929457,-0.6393748,1.9411211,1.4279644,-0.84606814,-0.8955152,0.10264918,0.24104923,-0.40495268,-0.8353497,-0.36881724,0.15112928,-0.35045186,0.049867876
ACCGGCTAGCCGCTAA-1_rna,-0.41972718,-0.7855603,1.6337472,-1.3873556,-1.1700274,-0.12759823,0.18593709,0.90899885,0.78380805,-1.8251919,0.97232884,0.8453,-0.6707528,0.06680436,-0.5409933,-0.86136276
ACCTAAATCAATCATG-1_rna,1.2283121,0.20307605,-1.0893071,-0.6963525,-0.69165474,-0.43044102,-1.5564183,1.9088688,-0.52887195,0.081641085,-0.12506264,1.2220467,0.36097512,0.17840688,1.3069633,1.4435221
ACCTAAATCCTAAGGT-1_rna,0.45083907,0.7610448,-0.3646648,1.2608695,0.8187751,-1.1017118,1.8648808,-0.3978937,-0.40049222,-0.35149512,0.3351743,0.071721695,-0.24128352,-0.8381761,-0.64607203,-1.0072595
ACCTAAGGTTCACCAT-1_rna,-0.12964149,0.061530147,-0.5851713,-0.3701814,1.5961545,1.3553704,-1.7069385,-1.1035106,-0.012554626,1.2563854,-0.93464804,-1.2466153,-0.099506296,-0.20788336,-0.034250088,-0.30294773
ACCTCACTCTAGCTTT-1_rna,-0.22637132,0.11176128,-1.6084507,1.5901968,-0.8759277,0.8195831,0.90259415,1.6128016,0.3331673,-0.08521492,-0.562257,-0.19788018,0.5890232,-0.6402882,1.1008579,0.5015234
ACCTGTTGTAGGTTAT-1_rna,0.29299423,1.0922328,1.620951,-2.4953966,0.10419181,-1.677126,0.6708541,1.0440776,1.2853466,1.5974388,0.9702617,-0.49751905,1.2732322,2.2530107,0.8839974,-0.81691694
ACCTGTTGTTAGGCGT-1_rna,-0.1211605,0.28394157,-1.9450562,1.5212189,-0.622528,0.5216612,0.7246331,1.1891079,0.035023183,0.5336107,-0.4220641,-0.27291724,0.8944846,-0.6516569,1.1212802,0.8227276
ACCTTGCTCAGCTAAC-1_rna,-0.49060497,-0.14497149,-1.1387016,1.583659,-1.0142773,0.23531191,1.5408409,0.052112814,0.37888288,-0.7142619,-0.55498797,-0.108382225,0.44501585,-1.0213481,0.4788953,-0.80126435
ACCTTGCTCCCTGGTT-1_rna,-1.312435,-1.1966072,1.4243866,-1.5433838,-1.5750301,-0.56920284,-1.0730798,0.4686038,1.2725549,-0.15112066,1.4410483,0.811742,0.5336741,0.047395617,0.27763993,0.15304041
ACGAACAAGGCCTGGT-1_rna,-0.05426224,0.59242564,-0.599676,1.2415947,0.0106532965,-1.3371451,1.2186022,-1.6033565,-0.7405076,-0.19533685,0.20589116,0.11442432,0.03051532,-0.6376599,-0.8239519,-0.5260767
ACGAACAAGGTGCGGA-1_rna,0.24985224,0.1401878,0.57548845,-1.1261332,0.30510777,0.88624895,0.7075073,0.27019462,-0.8563493,2.5803108,0.44079584,0.41502497,1.0179803,0.63441044,-0.023380855,2.8905845
ACGAACAAGGTTAGCT-1_rna,-0.64619505,-0.02536823,-1.3975149,1.035979,-1.1604795,-0.47684494,0.92307186,-0.9985151,-0.072202906,-0.64526445,-0.14433454,-0.029462384,0.5305651,-0.6203328,-0.5172996,-0.16396631
ACGACTTAGCCAGTAT-1_rna,1.0576097,1.1730764,-1.2384595,0.18916178,1.1211456,1.0004562,-0.9871669,-0.9983642,-1.1300673,0.58344805,-1.1163241,-0.79217005,0.28705707,-0.24594612,-0.97740084,-2.1374505
ACGAGTAAGGATAAAC-1_rna,-0.32610515,-0.18511327,-0.80618167,-0.25951028,1.9045823,0.9613352,-1.494016,-0.55502886,0.23459806,0.38028798,-0.96734726,-0.9695921,-0.53348523,-0.30336055,-0.13208553,-0.7403059
ACGATTCAGAACCTGT-1_rna,0.020272676,-0.81647414,0.276944,-0.5810338,1.5868615,1.4708604,0.1296847,-0.46470127,0.48285297,-1.1567646,-0.6655677,-0.89760506,-0.68687695,-0.046787877,-0.5063365,0.28752464
ACGATTCAGCATTTCT-1_rna,-0.68657714,-0.28260583,0.62003183,-0.7048454,1.0380145,1.2059706,-1.3102428,-0.85966545,0.8706981,0.8798989,-0.58848995,-1.1816356,-0.28869835,-0.100392774,-0.55611074,-0.9477627
ACGCAAGCATAATCGT-1_rna,-1.1106229,-0.2970587,-0.56622434,-0.17228435,0.55401945,1.6516376,-0.25957245,0.0009461639,0.6995578,-0.45164788,-0.7572247,-1.3042152,0.014162259,-0.78882295,-1.1384488,-0.259681
ACGCACGGTACGGGTT-1_rna,1.1738546,0.39160806,-1.1942359,-1.311858,-0.30137348,-0.7491278,-1.6279384,1.8122195,-0.857909,0.1515061,0.0029689185,1.1887422,0.673653,-0.06312913,1.0433728,1.4450551
ACGCACGGTTAATGAC-1_rna,0.93504614,-0.4862172,1.1317736,-0.9222456,2.0961974,0.49529383,-0.18532938,-0.6442417,0.791068,-1.7152643,-0.74734145,-0.25907323,-0.15706572,0.9394357,0.34674272,-1.2401662
ACGCACGGTTACGCAA-1_rna,0.7995189,-0.41701496,-1.0875912,1.0512022,-1.8390235,-1.1252702,-0.37292594,0.49850824,0.17207746,0.10061837,-0.14357059,0.8532392,0.84161633,-0.068752214,0.88249576,0.849066
ACGCCTAAGGCGGGTA-1_rna,1.4197286,0.09750712,-0.9760485,-0.82185906,-0.21016747,0.015361066,-0.7809023,1.8053062,-0.5650787,-1.0616239,0.040158346,1.0697383,-0.4607848,-0.5419149,0.25115922,0.9179919
ACGCCTAAGTGAGGGT-1_rna,0.3113658,-0.31987488,-0.19587119,1.0372128,-1.8024433,-1.6054138,0.31060705,-1.2205118,-0.35106382,-0.06307314,0.51057017,0.5797447,0.22840154,0.31975758,-0.7760885,-0.14806266
ACGCCTTTCATTTGCT-1_rna,2.1503334,0.5771902,0.35184705,0.4857464,-0.4096894,-0.899409,-0.08421828,1.0383271,0.9694219,-0.91944164,-0.336776,1.6410517,-0.2149633,0.62765205,1.288019,-1.3871799
ACGCTTGAGCTCATAA-1_rna,-0.8417602,-0.258545,-0.8173269,-0.23959763,1.4871148,1.2637374,-1.2683572,-0.7320313,0.41810963,0.48260278,-0.831931,-1.4329417,-0.5007516,-0.55660945,-0.3587976,-0.18323623
ACGCTTGAGGTCATTA-1_rna,1.6733307,0.40485102,-0.13986726,0.38519496,0.20519257,0.44151428,-0.2633074,1.405826,1.1926613,-1.5439502,-0.80805767,0.9672416,-0.2774859,0.18934895,1.405665,-1.6156542
ACGGGAAGTTTGAGGC-1_rna,1.1088741,0.575769,0.15540244,0.7827224,0.135196,-1.8452067,1.246186,-0.58898354,-0.5051649,-1.1668658,1.0531806,0.6329258,-0.5773547,-0.1121909,-0.76248056,-0.75078607
ACGGTTAGTGTGCAAC-1_rna,0.6547276,0.66224027,0.6364821,0.70483595,0.535733,-1.7638972,1.1510147,-0.7847385,-0.569994,-0.9878618,0.59434116,0.87045604,-0.43156534,-0.38459438,-0.92598444,-1.1266509
ACGGTTTAGCCGCAGT-1_rna,0.047383603,-0.29785717,-1.3445168,1.9251366,-1.6004105,-0.2569239,0.30490705,0.091138124,0.12980196,0.7112845,-0.47747985,0.07963718,0.870287,-0.22361812,0.8985297,0.8709029
ACGTACCCAATGAAGC-1_rna,-0.4324158,-0.57946825,-0.88365215,1.5057795,-1.8725451,-0.72288495,0.92802095,-0.6177982,-0.46146962,-0.14071593,-0.05045734,0.46581805,0.6536023,-0.24085109,-0.4631163,0.57392234
ACGTCCAAGCAGCTAT-1_rna,-0.10341571,-0.7203837,1.0564604,-1.009086,0.7792515,2.0438223,0.681739,0.6757867,0.58597517,-0.9409407,-0.279609,-0.81776124,-0.57942015,0.21813598,-0.47861692,0.5997738
ACGTCCTTCAAAGGCA-1_rna,-0.14034674,0.10270275,0.5201558,-0.5608866,1.4201683,1.243554,-0.39647603,-1.2394698,-0.09200381,1.9002397,-0.34716034,-1.1255169,0.19388323,0.15811352,-0.3183019,0.4156292
ACGTCCTTCCTAATTC-1_rna,0.25006008,0.44368818,0.44080538,0.20406632,-0.50272137,-1.7529672,0.96971583,-1.1244966,-1.4706855,-0.5542537,1.2247802,0.38955528,-0.43721095,-0.08032896,-1.7717164,-0.080440104
ACGTTGTAGGCGCTAC-1_rna,-1.2177955,-0.51490986,0.09624645,-0.041822355,-1.1520734,0.1326202,-0.90951365,0.096128896,0.3830835,0.9841533,0.1360514,-0.1075234,0.26673484,0.10881875,-0.6689707,0.73989385
ACTAACCAGCACAGAA-1_rna,1.1591891,-0.37319446,0.42532873,-0.53025305,2.5764625,0.32220435,-0.72138,-1.1414403,0.3141574,-1.9837564,-1.1318667,-0.091125734,-0.8598206,0.67890006,0.22878705,-1.2316098
ACTAACGGTTACGCGG-1_rna,-0.74630374,-0.08656428,-1.9520762,1.655142,-1.2224574,0.46919075,1.1243913,0.43328106,-0.17502281,0.47697085,-0.43997863,-0.43348488,0.7312578,-0.8993174,0.66599077,0.9860722
ACTAACTCAAGGTGCA-1_rna,-0.05335757,0.47571337,-0.21699736,0.7834556,-0.5412276,-1.3166755,1.2321576,-0.38393968,-1.577179,0.66004723,0.54081833,0.053123802,0.044970464,-0.0560294,-1.6298949,0.71127796
ACTAATCCAGGTATTT-1_rna,1.6416554,0.45973915,0.2253431,0.78313386,1.0378958,0.06455805,0.48606062,0.251892,1.2586472,-1.3786011,-1.0222852,1.3248849,-0.033712324,0.5833214,1.7622144,-1.9156256
ACTAGGCGTACTGAAT-1_rna,0.016062923,0.33725277,-1.6796209,1.9292954,-0.57605064,0.4295391,0.8232249,1.0116733,0.061695237,0.98070407,-0.6015482,-0.065472566,0.79550165,-0.26572716,1.0366201,0.6485903
ACTATCCGTAGGATTT-1_rna,-0.5482097,0.10002833,0.8216501,-0.7097439,0.23206788,1.0967265,0.0864353,0.0054997364,-0.19012347,2.5256782,0.31980002,-0.5428974,0.34608853,0.38392812,-0.5259654,1.9538852
ACTATCCGTTCACTGT-1_rna,-0.3053947,0.57179207,-1.4019316,1.8168302,-0.2132349,0.07493282,1.8157587,0.12782589,-0.17355797,-0.25350517,-0.68687075,-0.33712536,0.3746474,-1.0782903,0.042336747,-0.8604093
ACTATGTCACCGGTAT-1_rna,0.229981,-0.04922935,-1.0332465,1.3718196,-0.50089175,-0.17160301,1.5928773,-0.53243023,-0.5824348,-1.1328232,0.15862702,0.3347662,-0.19534585,-0.20241658,-1.0708358,-0.52964276
ACTATGTCAGTTTGTG-1_rna,-0.22714771,-0.2555632,1.6567564,-1.5479888,0.8820907,1.0655519,0.8414895,0.45045748,1.0781751,1.11726,-0.22624978,-0.8603756,0.5092085,1.1970706,-0.26837337,0.362472
ACTCAGTAGCTTAACA-1_rna,0.42328072,0.3890698,-0.27650043,1.0837501,0.55549467,-0.25664875,2.2471251,-0.03366595,-0.4772215,-1.7062126,0.3978531,0.5104884,-0.44962198,-0.42426428,-1.1168203,-1.1086061
ACTCAGTAGGAAGCAC-1_rna,1.0783286,0.31606716,-1.1359164,-1.2149115,-0.4099086,-0.6350198,-1.5204018,1.8522145,-0.32068694,-0.23936228,-0.087746784,1.1027523,0.4615785,-0.027012559,1.166609,1.127048
ACTCAGTAGGCATGTT-1_rna,-0.91048276,0.0401759,0.9404906,-0.8440079,0.59715873,1.3407651,-0.5604462,0.26699266,0.6616174,1.7510719,-0.22834605,-1.0918134,0.04057335,0.38075542,-0.4975603,0.39106703
ACTCGCGCAAGGAATC-1_rna,-1.5602313,-1.0399901,1.4738802,-1.5816534,-1.6012686,-0.35493922,-0.58025193,0.49636233,1.310461,-0.093322374,1.2941086,0.36456424,0.49682295,-0.06419829,-0.3801564,0.2108912
ACTCGCTTCATGAAGG-1_rna,1.242379,0.5801044,0.09605886,0.49781832,0.17576315,-0.0015271017,0.25778908,0.7148934,1.5108474,-1.4779314,-0.8175693,0.63595384,-0.057727914,-0.0063934624,0.96163344,-2.0107257
ACTGAAACATAAAGCA-1_rna,-0.61992836,-0.4244464,-0.8013916,1.1152456,-1.9006069,-0.9173379,0.15701406,-1.4024776,-0.4816444,0.3672336,0.14343765,0.08779521,0.53534275,-0.38515452,-0.7515719,0.19355087
ACTTACTTCAGGGCCT-1_rna,-0.6546876,-0.1456144,0.8209601,-0.8090958,0.1972472,1.5796111,-0.008318962,0.0765038,0.54170257,1.6572975,-0.081587896,-1.1823778,0.014537711,-0.050365023,-1.040562,0.85168463
ACTTACTTCATAGCCG-1_rna,0.09044698,-0.039865766,-1.428145,1.9116753,-0.7025625,0.7765034,1.1234555,0.6876931,0.7984633,-0.13658199,-0.9686639,0.22605668,0.8041062,-0.37945157,1.4500659,-0.15789771
ACTTAGGGTAGGTTTG-1_rna,0.09994595,-0.078878045,0.12239331,0.6421908,-1.313914,-1.7062166,0.77562493,-0.9881419,-1.0029299,-0.39174566,1.0426863,0.57499593,-0.2648344,0.23234917,-1.215328,-0.17630482
ACTTAGGGTAGTAAGA-1_rna,-0.6124769,0.10912948,-1.7870193,1.3298324,-1.0104986,0.9549449,1.053671,1.1270335,-0.043728676,0.4655891,-0.18687263,-0.6200172,0.5852481,-0.997035,0.43175152,0.8567499
ACTTAGGGTAGTTGGC-1_rna,-0.2364503,-0.35315576,-1.4576148,1.1035142,-1.9160922,-0.04301607,0.2727344,0.7214766,0.38492444,-0.036088824,-0.4891026,0.07777376,0.9722758,-0.299497,0.77701205,0.8294838
ACTTCGCTCGTAACGT-1_rna,0.3140527,-0.21488845,1.3672979,-0.93689036,0.9218614,1.9853251,0.8085797,0.018801456,0.21404399,0.7022525,-0.19784133,-0.7252699,0.1158593,0.4615391,-0.7913566,0.33565775
ACTTCGCTCTAAGGTC-1_rna,-0.21193077,0.02594197,-1.0926365,1.6252643,-0.64043844,-0.6228894,1.4758871,-0.9161729,-0.70311385,-0.69791496,0.26830798,0.078022934,0.030248275,-0.34756362,-0.68884,-0.69354427
ACTTGAATCCAAGTTA-1_rna,0.6483627,0.10890093,0.021587476,-0.61809033,0.6021783,1.9172494,-0.5707188,-0.40390185,-0.2943277,1.0331103,-0.3624596,-1.2085626,-0.80032766,0.018479718,-0.82756233,-0.3669382
ACTTGCACAACCTAAT-1_rna,0.29724878,0.5982116,-0.4407387,1.1992651,0.35847965,-1.3362557,1.9808197,-0.62693,-1.5213939,-0.31091705,0.497739,0.30013445,-0.4538265,-0.44445387,-0.86398363,-0.20756812
ACTTGTCGTACCGTAA-1_rna,0.20773199,-0.38608718,-1.4493382,0.8759075,-1.8516024,-0.43378106,-1.2380924,0.9546347,0.70080346,0.38662276,-0.24147256,0.43148035,1.144328,-0.18279174,1.396611,0.8944039
AGAAACCCATAATGTC-1_rna,0.09394937,-0.28651917,-1.4305965,0.7363252,-1.5025438,-0.29238173,-0.76730746,1.6792587,0.48217016,0.39809752,0.08597885,0.37108558,0.7827686,-0.1156191,1.2759826,1.2162923
AGAAAGGCATCCATCT-1_rna,-1.1835502,-0.3783458,0.004340457,-0.40260753,0.891007,1.6212579,-0.8762912,0.09939334,0.7869115,0.6493721,-0.70792246,-1.5880035,-0.16564086,-0.20664708,-0.5874487,0.061555047
AGAACAAGTCCTTCAG-1_rna,-0.44347125,-0.47287604,-0.78193784,1.4223325,-1.4532621,-0.8511492,1.1692666,-1.3005261,-0.78341806,-0.2981481,0.32900345,0.41062376,0.039379492,-0.12480563,-1.0609281,-0.0047506094
AGAACCAAGCCGGTAC-1_rna,-0.28958043,-0.466325,-0.24746928,-0.6624733,1.1913079,1.2291565,-1.3173375,-0.5044264,1.0016377,-0.79445523,-1.0076625,-1.2631574,-0.5929477,-0.22055128,-0.47164202,-1.0593466
AGAACCAAGGACACTT-1_rna,-1.4812397,-0.7861872,0.0610215,0.31174982,-0.45400873,0.5106913,-0.2440796,-0.07723557,-0.15405628,0.28170723,0.027674368,-0.5629058,0.022246065,-0.24876857,-0.9813332,0.16557434
AGAACCGCACCTAATG-1_rna,1.1935353,0.09787718,-0.5873031,1.3166729,-0.6697664,-0.19942029,0.75377953,1.5853051,0.52320224,-1.4076357,-0.3188992,1.1406373,-0.5151695,-0.3430025,0.6195122,0.15943709
AGAAGGTGTAACGGGA-1_rna,-0.20758972,0.026348986,1.4412807,-1.0053256,0.464505,1.5455523,0.6644303,0.22797896,0.9859058,1.1235499,-0.47347978,-1.3146307,0.4451223,0.68351215,-0.67129487,0.24798515
AGAATCTGTACTAAAC-1_rna,0.043362737,-0.83832,1.9329115,-1.0272069,-1.2328488,-0.66883683,-0.16760439,0.20440519,1.077854,-1.0451195,1.4483436,1.2452734,-0.095293894,-0.09641012,0.3201952,-1.0097157
AGACAATAGGCCTTAG-1_rna,1.2868451,-0.3667886,-1.334834,0.35242283,-0.6324631,0.012948446,-0.6717387,1.8143631,-0.06890953,-0.9848519,-0.38233274,1.0777093,0.2261104,-0.3569851,1.2896402,0.8873617
AGACCCGGTAAGCACC-1_rna,0.6130881,-0.8003491,1.1304747,-0.8139528,1.8391764,0.7031597,0.30448133,-0.53160983,0.40875474,-2.3173795,-0.6226765,-0.33937883,-0.59885585,0.7231849,0.18550774,-0.024164468
AGACTATGTATGGTGC-1_rna,0.79145455,0.79885226,0.058619536,0.4236648,0.0543676,-1.7072781,1.0618365,-0.7578685,-1.9237,0.38825053,0.99795085,0.21990237,-0.1626269,0.08000893,-1.7967601,0.0475309
AGAGAAGCATAGCTGC-1_rna,1.6316829,0.20242803,-0.59608,1.6190559,-0.46196303,-0.7790215,0.08387368,1.1493075,0.0050089844,-0.10422868,-0.55612046,1.4019767,0.33151436,0.41506702,1.6695534,0.62157214
AGAGATTAGTCATGCG-1_rna,-0.5572197,-0.68017113,0.077031836,-0.40555012,1.2500075,1.7776817,-0.25474313,-0.094413444,0.21604773,0.48374915,-0.38749045,-1.0391433,-0.7393996,-0.16632207,-0.6538288,0.6333467
AGAGGAACACGAATCC-1_rna,-0.27859333,0.17615631,-1.3483566,1.0309628,-1.508377,-0.73390675,-0.8314295,-0.31261775,0.9291714,1.4170704,-1.002872,-0.3436835,1.499469,0.20929752,1.8233575,0.46684745
AGAGGAACACTTACAG-1_rna,0.079558045,-0.25579074,1.5009567,-1.5033782,0.7347931,1.5318007,1.3571175,0.26357448,0.5677182,-0.053916734,-0.3036194,-0.8799275,0.15035935,0.7484062,-0.60586953,0.22280547
AGAGGAACAGCTTAAT-1_rna,-0.20871194,0.7796893,-1.5178032,1.3946764,-0.5843064,-0.07098735,0.18387216,0.54323125,-0.2802487,1.9121497,-0.6425629,-0.37507692,1.1225648,0.064249605,1.5103201,1.3951102
AGAGGATGTTAACAGT-1_rna,-0.9873668,-0.07925587,0.35077378,-0.3408633,0.8820667,1.4305245,-1.1020458,-0.12533283,0.6098139,1.4266497,-0.4448088,-1.325274,-0.21623722,-0.00035926234,-0.68164885,-0.5759912
AGATGAAGTAATAACC-1_rna,0.3897707,-0.3959001,-1.5061525,1.3018348,-1.8450872,-0.6035661,-0.39835897,0.3899717,0.109180406,0.69206774,-0.14783601,0.2792699,0.8831192,-0.030168736,0.92903084,0.9774643
AGATGAAGTACGTTTC-1_rna,0.3532962,-0.31115663,1.2977296,-1.2652617,0.5341549,1.8646005,0.312791,0.744969,0.8172201,0.50737345,-0.36286047,-0.9111451,-0.059246685,0.8103992,-0.42859176,-0.16016261
AGATGAAGTGTAACCA-1_rna,0.77054435,-0.6942488,0.42648825,-0.52053094,2.3531072,0.7233305,0.030063307,-0.97581476,0.14970288,-1.9816641,-1.0206782,-0.27296752,-0.5920771,0.7306865,0.5326341,0.17768824
AGATGAAGTGTCCAAA-1_rna,-0.19540516,-0.17411344,-1.6357312,1.5266086,-1.2947837,0.20367865,1.1703974,0.48190737,-0.023654716,-0.39585158,-0.07761254,0.13180126,0.18717822,-0.8035927,-0.027537813,0.5145524
AGATGAAGTGTCCAGG-1_rna,0.5764943,-0.46127507,-0.8356127,1.230805,-1.2707921,0.54716325,0.5678116,2.1930118,0.10598056,-1.2550536,0.13194625,0.8395411,-0.6375022,-0.2972737,0.31797016,0.53746986
AGATGAAGTTGGTTCT-1_rna,-0.8705148,0.039304983,-1.931089,1.6244123,-1.0034697,0.493952,1.0952196,0.4511903,-0.10307174,0.84652585,-0.43133652,-0.42749333,0.73224396,-0.8414764,1.0329471,1.1016089
AGATGCTTCGTTCACC-1_rna,-0.012362663,-0.6141395,1.3242534,-1.0251714,1.3772479,1.1045653,0.5928488,0.054661978,0.6399711,-0.8746451,-0.5612984,-0.6363883,0.28449056,1.0598673,-0.24075839,-0.75264925
AGCAAATAGCCAGTAT-1_rna,0.61341995,0.46947816,-0.029702656,0.63060564,-0.31181836,-1.2845916,0.8594866,-1.2374505,-1.3491815,-0.3885135,0.9046363,0.18638517,-0.31215268,-0.12018314,-1.467573,-0.70988506
AGCAAATAGGTGTTAC-1_rna,0.33245486,-0.20210417,-0.33844388,1.0370641,-1.047517,-1.3011088,0.7686963,-0.9301725,-0.5596009,-0.93063265,0.8342539,0.82428825,-0.5599612,-0.17640036,-0.75504386,-0.23497973
AGCAATTGTGGGTACT-1_rna,0.29906318,0.6552219,-1.4831469,1.526768,-0.34519833,0.8339559,-0.034786683,1.2581166,0.07417341,0.9312024,-0.8251476,-0.12722103,0.8673949,-0.16332208,1.4193056,0.47311604
AGCACAGCAAGGGTTG-1_rna,-0.015406645,0.78741926,-0.5796927,0.80413365,0.018057583,-1.3197651,1.4678593,-0.7506089,-1.8454798,0.7751816,0.58573884,-0.06390719,-0.12094333,-0.4008729,-1.233696,0.5352494
AGCACAGCATACTCCT-1_rna,0.68501997,0.78507507,0.38270792,0.8412845,0.7502582,-0.9767081,1.6813754,-0.0873448,-0.5268327,-0.94720614,0.45412803,0.42198274,-0.6079953,-0.3400756,-1.1761426,-1.4695733
AGCACAGCATTCCTGT-1_rna,0.16779123,0.7501641,-0.6781556,1.1583242,0.29328173,-0.91986495,1.5246924,-0.67473286,-1.0040478,-0.596193,-0.22881557,0.42573306,-0.20062405,-0.63225394,-0.5963008,-0.6677797
AGCACTTAGTTAGCCG-1_rna,-0.5320141,0.013322684,-1.7081403,1.9423374,-1.1585892,0.57522345,1.0048959,0.97884834,0.33036974,0.069068655,-0.66454923,-0.34085894,0.68427944,-0.8064918,0.94298404,0.30339378
AGCCAGTGTAATGACT-1_rna,-1.8754776,0.7383383,0.6872725,-1.5070864,-0.067258745,-0.3283889,-1.5359991,0.5836471,1.1319821,2.2966013,-0.17315969,-0.9597548,1.8549335,0.8517685,0.34066537,0.2400848
AGCCGGTTCCTTCTAG-1_rna,-0.81590205,-1.0821937,1.9536483,-1.4177917,-1.2557638,-0.3628317,0.35722908,0.23588648,0.90316516,-1.4682245,1.4411529,0.7954139,-0.5367908,-0.21386461,-0.65004706,-0.96697325
AGCCGGTTCTGCAACG-1_rna,0.01722071,0.53680354,-0.10095454,1.2987188,0.5607509,-0.9554098,1.7545457,-0.46606553,-1.2728412,-0.47043118,0.51963496,0.35471854,-0.4054156,-0.795852,-1.3271133,-0.6224089
AGCCTAAGTGCTTACT-1_rna,1.1391417,-0.2762564,1.883482,-1.210655,1.4376432,1.1466013,1.4196651,0.21267778,-0.1827137,-0.3259421,0.009371065,0.23233768,0.06258537,1.4715103,0.090232074,0.097604185
AGCCTAGTCTTTGACT-1_rna,0.70876944,-0.54874843,-1.3577095,0.5210298,-1.5808756,-0.046652623,-0.81067723,1.5220829,0.46075732,-0.68327254,-0.24404407,0.76662856,0.2931914,-0.31055796,1.2209803,0.71879727
AGCCTGGGTAACCAGC-1_rna,0.38832417,0.36416757,-0.9033778,1.6838673,-0.5885447,0.15502393,1.8112609,0.6921986,-0.71340424,-1.0421584,-0.015055636,0.13122518,-0.4443731,-0.6512298,-0.44794053,-0.32163677
AGCCTGGGTAGCTGGT-1_rna,-0.49861848,-0.08357756,0.42877063,-0.5336321,0.9986072,1.6098894,-0.4131147,-0.9207183,0.66365504,0.67496055,-0.8622228,-1.517805,0.19594212,-0.09784862,-0.7509932,-0.45993906
AGCCTGGGTTAGTTGG-1_rna,0.2833675,0.20664473,-0.36349565,0.39142776,-1.0317032,-1.263773,0.9375317,-0.7503482,-1.3566195,-0.5186066,0.8787395,0.24348179,-0.098496325,-0.29335603,-1.5295311,0.15099813
AGCGATTTCGTTCACC-1_rna,-0.22703977,-0.4515524,-0.5144782,-0.5889642,2.000023,0.8264911,-0.7073089,-1.1832814,0.008067753,-0.6454051,-0.8160059,-0.49754268,-0.76399446,-0.37449503,-0.14146255,0.07120524
AGCGATTTCTGCAACG-1_rna,1.389131,-0.17421184,-1.1576765,-0.31658113,-0.40790728,0.23424207,-1.4018762,2.1594825,-0.052737772,-0.9155884,-0.31491086,1.3727183,0.29010656,-0.2105674,1.5042044,0.9577151
AGCGCTCAGGTCCTAG-1_rna,0.4402876,0.07233992,-1.4240373,-0.31571686,-1.1188304,-0.24613707,-0.95461816,2.089146,-0.4594626,0.036828186,0.02028247,0.66294116,0.51711625,-0.35517612,0.5902613,1.6787778
AGCGGATAGTTACTTC-1_rna,-0.014561993,-0.09918796,0.744614,-0.77646124,0.81461346,1.0722303,0.29405195,-0.118236825,-0.7265755,2.380917,0.2038196,0.2477896,0.6652631,0.6170985,0.06774113,2.6868293
AGCTACGTCCGCTAGA-1_rna,-0.084185414,-0.1593245,-1.3370202,1.3833054,-1.1490769,-0.25824758,1.5261886,0.3267512,-0.23280975,-1.165028,-0.13788058,0.13513197,0.0019827113,-0.5830425,-0.2783813,-0.0057530995
AGCTAGTTCCGTTATT-1_rna,0.000702267,0.18730867,0.53012544,-0.97369754,0.43073398,0.90526104,0.51838243,0.060811482,-0.8761003,2.6394153,0.26675355,0.28500804,0.8820198,0.63638777,0.031815007,2.844432
AGCTATATCGCACAAT-1_rna,-0.26801762,-0.9346643,0.99088484,-0.8793936,0.5487474,1.8604604,0.36524668,0.32295558,0.2762213,0.4127623,0.2394526,-0.5098385,-0.76666516,0.15082139,-0.5567875,1.6855726
AGCTATATCGGCCAGT-1_rna,0.40977123,-0.55627847,-0.24687399,-0.44420838,2.2880702,0.6410944,-0.72193676,-1.0681776,0.40807205,-1.9100835,-1.2716043,-0.762954,-1.0292308,-0.0008453764,-0.12928925,-0.8511195
AGCTGCTCATGAAATG-1_rna,1.0228785,-0.51964545,0.5024909,-0.5481942,2.5192492,0.833841,0.536335,-0.8838537,0.3028895,-2.2595894,-0.8373887,-0.4400106,-0.6039479,0.43506306,-0.0069016377,-0.3696446
AGCTTCCTCAATGAGG-1_rna,-0.21191692,-0.5588825,-0.7253634,-0.050893545,1.7919677,1.4884014,-0.51552296,-0.79679406,0.19930664,-0.765448,-0.91720885,-1.1393751,-0.9287872,-0.5721736,-0.7476417,0.15449844
AGGAAACGTCAAACTG-1_rna,0.89603245,-0.07733903,-1.2271696,0.5261343,-1.1820176,0.45578736,-0.66079265,2.1978316,-0.11085493,-0.27469653,-0.07934438,0.86669654,0.45151758,-0.09803657,1.0486696,1.4972055
AGGAAACGTGGTTATG-1_rna,-0.403829,-0.5733568,-0.32249653,-0.40288448,2.1690855,0.90508986,-0.8545964,-0.90218407,0.44044027,-0.4127719,-0.74335873,-1.1121755,-0.8588302,-0.23019868,-0.32238597,-0.32070714
AGGAACGGTTGGTTCT-1_rna,0.20061234,-0.81354594,-0.20340195,-0.22736469,2.1496086,1.215496,-0.4100306,-0.84220904,0.29110825,-1.326814,-0.80618465,-0.9499699,-1.2080469,-0.027455946,-0.1163451,0.8559432
AGGACTAAGGCGGATG-1_rna,-0.3258198,-0.20496714,-0.4830843,0.043737136,1.0411747,1.6354723,-0.6487868,-0.04137095,0.36563832,0.35712385,-0.68669003,-1.2345502,-0.82384443,-0.43842405,-0.47035068,-0.34983668
AGGACTAAGTTGCCTC-1_rna,-0.12556775,0.21913075,0.58012784,-1.0444671,0.5792442,0.89940995,0.5019642,0.44348043,-0.6272644,2.3808177,0.26745072,0.14508596,0.6555885,0.6602344,0.052047823,2.801509
AGGAGCTAGAACCTGT-1_rna,-0.20556927,-0.052975405,0.8109178,-0.4714075,-0.86043584,1.794168,0.73899287,2.169777,-0.03877197,-0.021525558,0.025138443,-0.43256435,-0.75772846,0.014723921,-1.2025486,0.54165983
AGGAGCTAGATGGAGC-1_rna,0.29648876,0.92611635,-0.42944658,1.2542688,1.028588,-1.1693476,2.0874376,-0.32605144,-1.6634628,0.41618955,0.59292316,-0.16522132,-0.28893593,-0.5847995,-1.1432796,0.19777922
AGGATGCAGGCTAATC-1_rna,0.34887117,-0.76004887,-0.29059565,-0.12673411,2.0743856,1.1926268,-0.21818095,-0.8990781,0.14867058,-1.9719262,-1.0358623,-0.9084637,-1.2160963,0.014359515,-0.27168697,0.09957172
AGGATGTCAGCAAATA-1_rna,-0.41057935,-0.8320263,0.8231864,-0.7901481,1.1205041,1.6774551,0.29779023,-0.32913932,0.8256663,-0.5594873,-0.40294486,-1.2877526,-0.5393188,0.08741829,-0.60051584,0.5177463
AGGATTGAGGCTATGT-1_rna,0.50444025,0.60496694,0.12920089,0.882214,0.17879094,-1.3595985,1.3426491,-0.9002429,-0.8212952,-1.0081891,0.54346526,0.39990827,0.058751043,-0.41989928,-1.3405976,-0.8683776
AGGCAATCATGAGTTT-1_rna,0.08314567,0.24485973,-1.7476406,1.8253177,-0.51159793,0.56759644,-0.11928905,0.2913363,0.606685,0.70420176,-1.2610128,-0.16576071,0.87865853,-0.39392868,1.7593162,0.1995734
AGGCGGATCGCTAGTG-1_rna,-0.6484797,0.12477853,-1.0170623,0.9331955,-0.405517,-1.1525147,0.8806611,-1.7761631,-1.331848,0.31827375,0.042242233,-0.06643166,0.593287,-0.5713263,-0.80982494,0.25458857
AGGCTAAAGTATTGTG-1_rna,0.012478567,0.03391669,-1.20696,1.6393893,-0.94574314,0.03609729,1.4393998,-0.7286981,-0.4461982,-0.10900419,-0.2536159,0.24805635,-0.03316636,-0.44428185,-0.12607133,-0.3523084
AGGCTAAAGTCTATGA-1_rna,1.1361448,-0.014792044,-0.39152518,1.1733038,0.13669637,-0.095583685,0.37732282,-0.09180052,1.8003523,-0.59175843,-1.0579956,0.6702458,0.49264818,0.11056918,1.4955347,-1.9970263
AGGCTAGCACAATACT-1_rna,-1.1118245,-1.3667606,1.6551759,-1.3941454,-1.9447654,-0.33019036,-0.0037028491,0.27727312,1.188536,-1.0352784,1.2725062,0.7918863,-0.055104166,-0.13272026,-0.54300463,-0.27063027
AGGCTAGCACCTGTAA-1_rna,0.30220762,-0.15837197,-0.23014697,1.0783218,-1.3141875,-1.9288298,0.4510544,-1.6518824,-0.23103705,-0.3038652,0.7261941,0.59663445,0.013456142,0.19192992,-0.29754534,-0.42999342
AGGGCCTTCACGCATG-1_rna,0.020186009,-0.13596304,-0.4624432,1.1918693,-0.9497453,-0.8609977,0.8926355,-0.3466088,-0.57607424,-1.2417114,0.670693,0.3480935,-0.5940229,-0.43371278,-1.1037419,-0.75842005
AGGGCCTTCAGGAAGC-1_rna,0.25711808,0.55759066,-0.7796046,1.4649253,0.43163267,-1.4976261,1.3849399,-1.4484293,-1.3182276,0.35325912,0.24188748,0.08882037,-0.094046876,-0.67652655,-0.8807427,-0.47365877
AGGGCTACAGAATGAC-1_rna,-0.21696043,-0.91447526,0.44069147,-0.8327949,1.4832045,1.33645,-0.3195965,-0.2244215,0.793593,-1.075112,-0.6642579,-0.9236344,-0.5187323,0.12389616,-0.4163117,-0.29976097
AGGTAACCAGGCTAGA-1_rna,0.02339699,0.28468466,-1.3077658,2.1571188,0.09739292,-0.23703913,1.9072814,0.035692688,-0.045438737,-0.14942884,-0.71596,0.120950185,0.15336204,-0.73684067,0.6501996,-0.51337445
AGGTACGCAGCCAGAA-1_rna,-1.6755931,0.21336204,1.2342936,-1.535403,0.18036021,0.34681475,-0.8942225,0.63139015,1.4669983,1.9590778,-0.23839368,-1.0588341,1.4974436,0.9296974,0.021527722,0.3235397
AGGTATTGTGCTAGCG-1_rna,1.1643441,0.5328323,-1.0822961,-1.2667123,-0.28201643,-0.69551986,-1.6621054,2.004918,-0.76533157,0.24810797,0.02322213,0.899512,0.45083082,0.21423714,0.9749529,1.4253237
AGGTCAAAGGCAAGTA-1_rna,-1.1099957,0.1171804,1.236341,-1.1444243,0.49166656,0.97231454,-0.17699169,0.39369595,1.0503116,1.8195155,-0.35144088,-1.2366065,0.7641511,0.601078,-0.4377634,0.6773488
AGGTCATTCAAGCTAC-1_rna,-0.77459896,-1.225127,1.5819693,-1.5932791,-1.3339256,-0.0880186,0.48881185,0.61912304,1.1307768,-1.6836774,1.0600069,0.81335723,-0.4650483,-0.19681555,-0.46445718,-0.67519885
AGGTCATTCTTGCAAA-1_rna,-0.048184585,-0.17568779,-0.7438445,1.0242656,-0.47697893,-1.1778405,0.7223375,-1.9498606,-0.5760186,-0.8644576,0.31158823,0.23617302,-0.2250811,-0.17946053,-1.0345132,-0.6260586
AGGTCCGGTTAGCGTA-1_rna,-0.32055894,0.2824169,-1.7521726,1.7924395,0.07123022,-0.7473179,1.2204792,-1.366026,-0.91688246,0.41615775,-0.7517379,-0.3231149,0.46053928,-0.70424426,0.31006756,-0.21801876
AGGTCTTAGCAGCTCA-1_rna,1.1083676,-0.41051212,-1.0914843,0.3921827,-1.1277289,0.25097582,-0.79589325,2.0180387,0.43044472,-0.69405234,-0.19527529,1.1519679,-0.037047774,-0.05864208,1.3849372,0.5645893
AGGTCTTAGTGGACAA-1_rna,-0.6124449,-0.38293424,1.7514707,-1.3759195,0.5343234,1.236911,0.34469077,0.5748705,1.187895,0.91229594,-0.37208152,-0.9287397,0.5021583,0.8294319,-0.35309976,0.6528974
AGGTGAATCTAATCTC-1_rna,1.0018301,-0.5636725,0.30591774,-0.5108765,2.42599,0.4111972,-0.43375143,-1.0054429,0.12537807,-2.3049865,-0.8396711,0.07170335,-0.948003,0.40533385,0.25526816,-0.19000545
AGGTTAACAGCAAGTG-1_rna,-0.8189572,-0.9570659,1.8032238,-1.8337836,-1.3110102,-0.43543664,-0.15549527,0.30395705,1.1837628,-0.9385375,1.4308741,0.6185156,-0.3055566,0.1934727,-0.17680535,-0.8243065
AGGTTAACAGGTCCTG-1_rna,0.6802293,0.80375606,0.56550604,-0.004999811,-0.14158796,-1.9162391,1.000317,-1.0861068,-1.3780788,-0.6494551,1.3439791,0.5925684,-0.6867804,0.04146211,-1.7052575,-0.5868354
AGGTTAACATGAGCAG-1_rna,0.79753697,0.062130686,-0.23849201,0.77399313,-0.838052,-1.187024,0.91541266,-0.936648,-0.5068938,-0.9074944,0.69475067,0.5809043,-0.42797926,0.198648,-1.2631023,-0.5295553
AGGTTTATCACTCAAA-1_rna,-0.40622896,-0.05395748,0.23382895,-0.7963391,1.0845811,1.2124507,-1.3627251,0.260542,1.0581559,0.34869426,-0.74099696,-0.9671797,-0.08288195,0.25414175,-0.5252713,-1.5672723
AGGTTTATCTTAGTCT-1_rna,-0.41248432,-0.3495183,-0.47703195,-0.3637049,1.1216606,1.5472922,-1.0220478,-0.28022626,0.4365496,-1.1467233,-1.0477344,-0.9770569,-0.9002841,-0.4629645,-0.7994686,-0.5747511
AGTAAACAGCAATAGG-1_rna,0.21841963,0.00877348,0.53078544,-0.6512681,0.6999102,1.3320279,0.70397305,0.43877777,-0.9826383,2.0635889,0.28472313,0.33726284,0.4450461,0.49347076,-0.04775549,2.7772863
AGTAAACAGCAGGTTT-1_rna,0.16037065,-0.15553568,-0.7573012,0.01915989,1.121362,1.8949397,-0.6624588,-0.32089362,-0.3576614,0.7277771,-0.45099685,-0.8713241,-1.1080302,-0.55333114,-0.6299867,0.48824888
AGTAACACAGCTTAAT-1_rna,-0.25153023,-0.1995853,-0.67168885,-0.25852907,1.4211856,1.7268313,-1.1329666,-0.84715295,0.013478148,0.9698971,-0.7622875,-1.1751888,-0.19082569,-0.40214595,-0.31130946,0.074992634
AGTAACACATCGCTTT-1_rna,-0.46047336,0.24472356,-2.0994396,1.7972246,-0.64167005,0.18657856,0.8741171,-0.29598394,-0.069953404,0.89908814,-0.9883724,-0.4397637,1.0984101,-0.9509408,1.3479232,0.4941005
AGTAACGAGACACCGC-1_rna,-0.43841267,-0.67655355,0.8252944,-0.70938224,1.2632293,1.4727037,0.29659832,-0.6484297,0.728043,-0.46793684,-0.41884333,-1.2810104,-0.6997591,-0.041829664,-0.90515876,0.23007596
AGTAACGAGAGAGCCG-1_rna,-0.7475925,-0.5645419,0.57088333,-0.3631184,1.1013575,1.6035382,-0.19435033,-0.17848548,0.0989703,1.1846496,-0.10607996,-0.7197296,-0.5478437,-0.16816248,-0.8376283,1.4757849
AGTAATGCAACCTGGT-1_rna,-0.67632747,0.34465042,-1.9655011,1.5274317,-0.5274529,0.80199265,1.5222247,0.86923105,-0.17737718,0.7125724,-0.54951614,-0.7662599,0.6859924,-1.0881081,0.7529895,0.80371815
AGTACGCGTTAACGAT-1_rna,0.0500717,0.59462464,-0.98571426,1.1351485,0.34039494,-0.814773,1.9733192,-0.75627804,-1.7442775,-0.04469519,-0.008705955,-0.011782739,-0.046234842,-0.5932308,-0.95934606,0.19204158
AGTAGCTTCATAGACC-1_rna,0.4476438,-0.76145303,0.47864074,-0.54509246,1.9842925,0.74934447,-0.03148912,-0.4600558,0.5467335,-2.4032147,-0.89766556,-0.6914698,-0.99587834,0.50698125,0.07886649,-0.08380375
AGTAGCTTCTCCATAT-1_rna,0.28664553,-0.4949448,-0.41847184,1.1673266,-1.6977412,-1.4205829,0.7092811,-1.2521187,-0.5334931,-0.5211544,0.6291085,0.8295651,-0.029659074,0.16840285,-0.9213199,-0.31815466
AGTAGCTTCTGTGAGT-1_rna,-0.08937599,-0.6339189,-0.43472716,-0.036354925,1.9391062,1.466246,-0.40986887,-0.9078177,0.330679,-0.7097682,-0.95699006,-1.1083797,-0.7840578,-0.3274825,-0.55118537,0.20994748
AGTCAAGAGTCATTAG-1_rna,-0.8210858,-0.9736571,1.8661454,-2.124789,-1.2394959,-0.4801277,-0.33336377,0.6610444,0.91421324,-0.55052984,1.681903,0.837215,-0.12114642,0.1703467,-0.05740856,0.14483505
AGTCGCATCATGCTAA-1_rna,0.060987405,-0.8678591,0.8793897,-0.9260794,1.2614554,1.7242622,-0.14161198,-0.21737704,0.594449,-1.1471043,-0.5355772,-0.79417336,-0.780295,0.32690704,-0.6378893,-0.2732474
AGTCTTGCAATTATGC-1_rna,1.5381241,-0.3978845,-0.5599828,1.0214353,-1.290779,-0.7557778,-0.011859309,0.8811801,0.35992694,-0.63086987,-0.16551314,1.684329,0.5299493,0.390746,1.2984076,0.44514093
AGTCTTGCACAAAGAC-1_rna,0.061840102,0.3633016,0.5339142,-1.2810353,0.0025382682,0.64323276,0.73613054,0.30198824,-0.7914259,2.7623389,0.43878597,0.33983013,1.2436562,0.6648857,0.0022136744,2.8548183
AGTCTTGCATTGTGGC-1_rna,0.43254575,0.3309161,0.25262627,0.6016313,-1.0484561,-1.2560077,0.8609068,-0.6641092,-0.80887246,-0.5740097,0.9928698,0.4939188,-0.31796566,0.08587817,-1.3777289,-0.41189346
AGTGAGTCAGCACGTT-1_rna,-0.026108919,0.5492665,-0.7590044,0.8644401,-0.6525056,-0.9542765,0.9776902,0.1091826,-1.7581382,0.72079927,0.65118045,-0.21277553,-0.02470592,-0.48511916,-1.170559,1.0114791
AGTGAGTCATTAAAGG-1_rna,0.086360276,-0.33445188,1.692603,-0.94485444,0.6746614,1.7135578,1.0191596,0.16465154,0.20507845,0.7664114,0.009649133,-0.55648345,0.07064879,0.44938475,-0.9497431,0.78534055
AGTGGACAGCTTACTT-1_rna,0.85781634,0.3434238,0.2156569,0.5365764,-0.38595796,-0.99738353,1.6038907,-0.4214247,-0.4850973,-1.1853093,0.3562031,0.8638974,-0.12800272,0.2560055,-0.9460273,-0.9995529
AGTGGACAGGCGAATA-1_rna,-0.7870084,0.0425331,-2.0661614,1.647107,-1.1282881,0.5132072,0.9455209,0.5896381,0.11312434,0.42378786,-0.7258733,-0.6141281,0.85072136,-1.0134363,0.8640333,0.59564877
AGTGTTTCAACAGGTG-1_rna,0.111296386,-0.44129932,-0.23859508,0.008219399,-0.37529746,0.6562557,-0.40856802,2.2126012,1.1185637,-2.0226858,-0.18292233,0.3880543,-0.6305358,-0.3421611,0.14729208,-0.576543
AGTTACTCAATGCCTA-1_rna,0.3795106,1.1353368,-0.54317045,0.9630555,0.61817175,-0.92231053,1.8765225,-1.0447271,-1.2432792,0.4437442,0.33175611,0.14988154,-0.18206409,-0.49190482,-0.9581628,-0.8356787
AGTTGCAGTAGCCTAA-1_rna,0.30810788,0.010598807,-0.008908769,0.47696993,-0.7831759,-1.0970671,1.4313555,-0.6367461,-0.8470437,-1.3683877,0.6579953,0.48776385,-0.38907528,-0.21182948,-1.5441378,-0.36578655
AGTTGCAGTAGGTTTG-1_rna,0.34844926,-0.63518953,0.87111914,-0.6343624,1.9418573,1.2875376,0.5377295,-0.86519986,0.045459934,-0.43497217,-0.3498914,-0.61801237,-0.65011686,0.39531988,-0.3422872,0.93783724
AGTTGCAGTGAGGTAG-1_rna,-0.19404036,-0.06078084,-0.22900666,0.6145497,-1.3313274,-1.0454197,0.7528653,-0.71230966,-0.7448286,-0.5474351,0.85013294,0.17731091,-0.28981376,-0.05200699,-1.5557196,-0.41014272
AGTTGCGTCCAACTGG-1_rna,-0.40245432,-0.55018586,-1.3711183,1.6590359,-1.7185874,0.6034931,1.0007247,1.1392871,0.23684192,-0.65223867,-0.06754952,0.23222353,0.15792102,-0.5790448,0.26747647,0.6201692
AGTTGGCGTACAAAGA-1_rna,0.23996373,0.22011097,0.46217227,-1.0747617,0.17136838,0.8809648,0.5575211,0.17437688,-0.89601713,2.6529317,0.34224042,0.3206415,0.8592711,0.6589564,-0.00878673,2.916694
AGTTGGCGTTAGTTGG-1_rna,0.13033241,0.008458242,-0.53057784,0.9933895,-0.43852073,-0.965756,1.460606,-0.273004,-0.3653738,-1.4264982,0.41210878,0.6611661,-0.31900004,-0.97782433,-0.30010936,-0.6109984
AGTTGTCAGATGGACA-1_rna,-0.3150416,-0.53132653,-1.0954802,1.4517974,-1.9010313,-0.40537655,-0.10877152,0.094569564,0.79882485,-0.11275944,-0.5045254,0.2874364,1.2587713,-0.4698246,1.1294748,0.43281224
AGTTGTCAGTAAACCC-1_rna,0.44965217,0.06328076,0.63135976,-1.0681604,0.52057326,1.2022014,0.8471835,0.31662598,-0.97737366,2.2541504,0.40063357,0.4819441,0.82854736,0.77453303,-0.084431835,2.737284
ATAACGACACATTAAC-1_rna,1.1549807,0.8288098,0.36207426,0.65349036,0.8661959,-1.8191034,0.4722706,-0.6273892,0.22393903,-0.7994973,0.06482819,0.69138336,-0.14964591,0.043901686,-0.3857911,-1.961621
ATAAGCCTCTAGCTTT-1_rna,1.1150866,1.3096169,-0.9529905,0.35627392,-0.86979824,-1.6730481,-1.4445395,-0.50959736,-0.6727221,2.3139787,-1.1681497,0.21894555,1.4286767,0.57750314,1.304369,0.7272529
ATAAGTCGTGAGGTAG-1_rna,0.11235513,-0.6410448,0.036101393,-0.13198316,1.4931363,1.6150948,-0.06787529,-0.38677335,0.028710691,-1.2806106,-0.7065567,-0.81387746,-1.3028522,-0.29388285,-0.6918089,0.3688894
ATACCTGCAATCCTGA-1_rna,-0.29946864,-0.3189647,-0.4590372,1.3703892,-1.5569024,-0.16552617,1.145928,-0.13843381,0.2295146,-1.084489,0.046742294,0.45656395,-0.18087494,-0.22152041,-0.67561215,-0.84494567
ATAGATGCACTTACAG-1_rna,0.6154032,-0.1251775,-1.363975,2.0802987,-0.8738176,-0.46953484,0.5541129,0.15407616,0.99581337,-0.08937194,-0.7842544,0.8242776,0.70455515,-0.17259054,1.7930673,-0.23436373
ATATAGGCAGAAACGT-1_rna,-0.9342251,-0.9232179,1.2692889,-1.4128791,-1.8534656,-0.20576786,-0.6165703,1.0839344,0.85444,-0.109113015,1.4686086,0.6078832,0.1558744,0.06550242,-0.37471464,0.6622084
ATATGCATCAGCTAAC-1_rna,0.3849875,0.55627483,0.7781262,0.17684805,0.40570384,-2.2144058,1.6404164,-0.85873204,-0.81119215,-0.74491173,1.2019789,0.41306764,-0.5037759,-0.04766695,-1.2810105,-0.34762856
ATATGCATCCGCATGA-1_rna,-0.5528617,-0.6040694,-0.9265618,1.466212,-1.9106128,-0.6316133,0.7263172,-1.0833741,-0.3749147,-0.2458616,0.22504023,0.3872595,0.21972586,-0.1668409,-0.9192112,-0.18085377
ATATGCTCAAGGACCA-1_rna,-0.26740393,0.09311518,-1.1628863,1.140374,-0.3251098,-0.23529322,1.7758163,-1.1501802,-0.7966908,-0.70080405,0.1297773,0.053781196,-0.27404833,-0.6386976,-1.068006,-0.48473206
ATATGCTCAATAGCAA-1_rna,0.99030614,-0.40966442,-0.65010345,-0.4763832,-1.2549754,0.15678553,-0.9444917,1.9606111,-0.12556404,-0.65468967,0.15809524,1.1216185,-0.1597667,-0.18921909,0.5262592,1.1918907
ATCAAGACACTGACCG-1_rna,-1.6159806,0.20620844,1.2525808,-1.8075346,-0.1290008,0.18186048,-0.90619475,0.858591,1.6081612,1.7439617,0.023004021,-1.1015471,1.4740833,0.9788474,-0.037856463,0.11248121
ATCAAGCTCCTTCTAG-1_rna,1.1145152,-0.10935423,-1.0024804,-0.021671303,-1.0767454,0.2049527,-0.75008965,2.230101,0.06741988,-0.47633526,-0.122286215,1.1444001,0.29093844,-0.036133084,1.1138947,1.1689074
ATCAATCCAAACCTTG-1_rna,0.17778377,0.20019934,0.8679993,-1.3247261,0.5867039,0.7780547,0.5496616,0.31608245,-0.93234044,2.4147146,0.47412968,0.5239414,0.76796347,0.8145671,-0.022067223,2.6203017
ATCAATCCAAGCTTTG-1_rna,-0.5251204,-0.5402857,-1.5722867,1.355903,-2.0029821,-0.072639816,-0.22630838,0.17037342,0.38052323,0.20160747,-0.48519033,0.10885338,1.0516826,-0.32159075,0.5902328,0.81125164
ATCACAATCTCCATAT-1_rna,0.19481717,-0.36837143,-1.3999858,0.93726474,-1.3622957,0.30935377,-0.44083798,1.8400749,1.1573557,-0.7670262,-0.20083374,0.423277,-0.0781015,-0.3085165,1.0400096,-0.097718425
ATCACTAAGATGGACA-1_rna,0.119221956,-0.61680675,1.396084,-1.1456875,-1.4049,-0.5480234,-0.25691932,0.8185167,0.82741964,-0.84389323,0.9094089,0.6084591,-0.7247665,0.5970844,-0.31063348,-1.4265805
ATCAGGTTCCCTGTTA-1_rna,-0.12799633,0.17851679,0.48030132,-1.0093961,0.5366454,0.89176995,0.10932174,0.11387581,-0.8142473,2.8230362,0.28069302,0.32175723,0.90894973,0.656212,0.0011665791,2.5941916
ATCATCAAGCCAGTAT-1_rna,1.2284007,0.41289797,-1.1146835,-0.52440685,-0.27586725,0.50839436,-0.6925982,2.436926,-0.13752802,-0.6140772,-0.51570433,0.28608513,-0.5970282,-0.059107263,0.52882403,0.31493747
ATCATCAAGGGCCACT-1_rna,0.5601184,-0.7722841,0.25854334,-0.37663835,2.0902472,1.0605942,0.036224995,-0.87354076,0.096353814,-2.0556805,-0.64283943,-0.5126985,-1.0373707,0.29644257,-0.10213379,0.31170252
ATCCAACAGCGGCTGT-1_rna,0.3637809,0.6198295,-0.090799846,0.5983514,-0.16964413,-1.2237781,1.7120005,-0.2313131,-1.4039592,-0.3120563,0.9182785,0.13930172,0.038419336,-0.21044852,-1.4882109,0.0060152863
ATCCACCTCAGAAACG-1_rna,0.103796765,-0.18402968,-0.6364573,0.42874706,-1.2622962,-0.41327497,0.69454366,-0.4230463,-0.88708895,-0.19741414,0.535431,0.18830018,0.32800993,-0.46943918,-1.365457,0.69159377
ATCCACCTCGTCAAGT-1_rna,-1.1484278,-1.261159,1.728002,-1.2039363,-1.3611758,0.36331904,0.04407911,0.52977127,1.1227276,-0.7591192,1.3456097,0.85308874,-0.26932982,-0.3696117,-0.28531644,-0.438839
ATCCGTGAGACTCGCA-1_rna,-0.6957273,-0.21598567,-1.496971,1.8598732,-1.4592524,-0.2777697,0.7492891,-0.2697304,-0.083406076,0.4816824,-0.6760395,0.037210036,1.0233063,-0.55891514,0.7200164,0.67236865
ATCCGTGAGGTCATTA-1_rna,-0.7772844,-0.9516364,1.2399215,-1.9312671,-1.3237461,0.26909354,-0.45124707,1.6565844,0.8548462,-0.14360721,1.1103134,0.7080534,0.17994618,0.03019546,0.020067642,1.1152068
ATCCTCATCTGGTCCT-1_rna,0.50812143,-0.72827876,-0.08151828,-0.52067685,2.1371987,0.9264652,-0.29114932,-0.9080856,0.5532557,-1.978549,-0.93419486,-0.746723,-0.81911695,0.2228519,0.121354654,-0.45440114
ATCCTCATCTGTGAGT-1_rna,-1.3879423,-1.1358012,1.2397913,-0.9733782,-2.128907,-0.27003467,-0.85931784,-0.11070354,0.45703605,0.7042205,1.4155239,0.21801801,0.35030827,-0.10416396,-0.8499231,0.83587956
ATCCTGACAATGCGCT-1_rna,-0.66253793,0.39042595,-1.7386351,1.8709399,-0.26024908,0.06595849,1.9895294,-0.23508343,-0.6980348,-0.23407054,-0.503545,-0.36586022,0.21335565,-0.8893736,0.2443373,0.14902303
ATCCTGACATGTCAAT-1_rna,-0.6474528,0.21616213,-1.7274814,1.7859318,-0.3253684,0.35365275,1.7713158,0.22206712,0.2553631,-0.3047207,-0.70997715,-0.6181173,0.45657983,-1.2671487,0.5209153,-0.5071267
ATCGAGGCAACAGGAT-1_rna,0.42337778,0.53492594,0.5178261,0.45998272,-0.068112254,-1.8664166,1.2902611,-0.9202918,-0.8992303,-0.45653847,1.021536,0.5117301,-0.32047594,0.015007942,-1.1609169,-0.7897282
ATCTATGAGCAAACCT-1_rna,0.012744655,-0.49652976,-0.32827318,0.87323266,-1.9702846,-1.2943308,0.32998383,-1.2038547,-0.600995,-0.26465172,0.5138322,0.5876602,0.29643548,0.04197914,-0.81828225,-0.023693101
ATCTTTGGTTGTTGGA-1_rna,-0.21575166,0.3249269,-0.8626002,-0.07059969,-1.218321,-1.2550589,-1.4787619,1.2311896,-0.0899761,1.3601019,0.0023295733,0.5065495,1.3343518,0.389057,0.9530339,1.9332536
ATGAAGCCAGCACCAT-1_rna,2.0998516,0.24198711,0.1568155,0.31102258,-0.12895933,-0.5377932,-0.4231309,1.1860342,1.2346349,-1.2392151,-0.2674063,1.6921635,-0.2142011,0.4413517,1.8244169,-1.1596123
ATGAAGTAGTAACCAC-1_rna,-0.09750584,0.09109567,-0.29056698,1.2183437,-0.08152159,-0.5633394,1.8674027,-0.5149064,-0.46864462,-1.7043391,0.44373658,0.57097036,-0.5952713,-0.67526925,-0.9998006,-0.9840529
ATGACTCAGCACGTTG-1_rna,0.068259865,0.19533525,0.22421834,-0.92608786,-0.17519966,1.0292908,0.27101624,0.2618657,-0.972061,2.7038047,0.3673298,0.2145185,1.0901415,0.2559199,-0.08458948,2.9128356
ATGATGGAGCTTCTCA-1_rna,-1.5598593,0.3735918,0.12371319,-0.45436782,0.6706098,0.33748832,-1.8820965,-0.1884824,0.9624214,1.7660136,-0.6873948,-1.42878,0.5755495,0.22655222,-0.068191946,-0.88789624
ATGCATTCACCGGCTA-1_rna,0.038127415,-0.8983313,0.73417366,-0.8874588,0.98949575,1.9711757,0.2617125,-0.21199708,0.26335377,0.010967588,-0.1048012,-0.76662755,-0.62361604,0.32900736,-0.28299102,1.2431896
ATGCTTAAGCAACATC-1_rna,0.6121299,-0.51253474,-1.3082666,0.89189464,-1.7022811,-0.031136777,-1.019837,1.6655072,0.822528,-0.5327537,-0.26632276,0.76216066,0.5457298,-0.05795582,1.2222956,0.5316312
ATGCTTAAGGACCAGG-1_rna,-0.32674518,-0.38175964,-1.743291,1.8399388,-1.3345319,1.069724,0.7357623,0.9562396,0.1484055,0.033225946,-0.25816512,-0.2406509,0.37206036,-0.73971313,0.54230696,0.77327776
ATGCTTAAGGTCTTGG-1_rna,0.6305358,0.19827788,0.6365508,-1.1343056,0.30468604,1.1132301,0.8411754,0.32949373,-1.1437799,2.313946,0.3934841,0.5767297,1.0108818,0.617406,-0.0678974,2.5233402
ATGGCTAGTGTGAGAG-1_rna,0.17400077,0.029662952,-0.9544507,0.7977969,-1.2262758,-1.5411389,0.14050017,-0.33556253,-0.8762509,-0.06475215,0.29887602,0.48343349,0.49134564,-0.4448195,-0.72201335,0.6665445
ATGGCTAGTTTGCGCC-1_rna,0.043140832,0.29611716,-0.67045105,0.6870804,-1.4792125,-0.70369303,0.47786275,0.9277217,-0.95923126,0.7274107,0.23762158,0.24632375,0.3766351,-0.09411816,-0.5124343,1.1727759
ATGGCTTAGCCGCAAC-1_rna,0.30900052,-0.088967964,1.0096374,-1.1221976,0.90207696,1.3183178,0.7765245,0.41353202,-0.62254894,1.9000627,0.43501377,0.09960906,0.5095601,0.6828366,-0.12353982,2.2770636
ATGGTGCGTTGGTTAG-1_rna,-0.79703134,-0.4000026,-0.47541383,-0.19186303,0.93886614,1.8550065,-0.94755155,-0.410431,-0.12585053,1.0432969,-0.37529826,-1.2621018,-0.8067303,-0.545301,-0.6243548,0.8079335
ATGGTTATCTCCATGC-1_rna,-0.22272608,0.09989888,0.9562788,-1.0682237,0.79747987,0.8864013,0.36366495,0.25118753,-0.46732247,2.6058571,0.31566906,0.040808942,0.7562989,0.7467591,-0.045079667,2.3930035
ATGTAACGTTTAGCTC-1_rna,-0.29199907,-0.42240748,-0.5508352,1.0072842,-1.7637271,-0.8083809,0.6575233,-0.8155658,-0.83443224,-0.5115313,0.6961563,0.34191102,-0.10858047,-0.26164538,-1.4077286,-0.05939
ATGTAAGCATTAGCGC-1_rna,0.49946687,0.70395607,0.17230475,0.41368023,0.17760307,-1.897774,1.0915632,-1.2868129,-1.0757078,-0.01820505,1.0707064,-0.046855524,-0.46970746,-0.090168975,-1.6744183,-0.7454684
ATGTAAGCATTGTGAT-1_rna,-1.8832805,0.60898805,0.72304255,-1.479252,-0.29296845,-0.11829698,-1.2570857,0.5736367,1.0842783,2.3129783,-0.078683846,-1.0194175,1.7563375,0.7173238,0.18807533,0.7229988
ATGTCATCAAGGTCCT-1_rna,0.3383908,0.33388132,-0.2497418,0.9858837,-0.46512687,-0.35707563,1.8013923,-0.36157656,-0.28869393,-1.3437736,0.08256003,0.53486973,-0.38412142,-0.3623027,-0.9002068,-1.0554636
ATGTCCACATAAGTTC-1_rna,-0.33369443,-0.63246226,-0.6029805,1.3240746,-1.8661035,-1.1316419,0.53877723,-1.297183,-0.38465214,-0.29739603,0.21040042,0.63712883,0.34977266,0.022675954,-0.5578214,-0.08560035
ATGTTCAAGACTTATG-1_rna,-1.1271796,-0.35989976,1.6285309,-1.0849752,0.72103935,1.2275672,-0.29884446,0.21237145,1.215032,0.94564515,-0.28065157,-1.2987834,0.28341216,0.4966111,-0.84725446,-0.25222763
ATGTTTGAGCCGCTAA-1_rna,-0.34163302,-0.2882002,0.8982381,-1.0609906,-0.042480577,1.2420576,0.24339549,0.1354056,-0.44712386,2.033976,0.40619695,0.091413975,0.508495,0.26328185,-0.3426751,2.8210855
ATTAACCCACAACAGG-1_rna,-0.12495839,-0.36609644,-0.0074464977,-0.5799992,0.955914,1.9748172,-0.54201645,-0.77079016,0.051288303,0.61981744,-0.2033379,-1.2293614,-0.70813674,-0.58360946,-0.97664475,0.278995
ATTAACCCATTGTCAG-1_rna,0.2768047,0.7757463,1.749912,-2.4010239,-0.024649704,-1.7805042,0.7083507,0.7915534,1.3763285,1.3838428,1.1758711,-0.2861069,1.1701226,2.1120658,1.1223713,-1.0526658
ATTACCCGTGGAGCAA-1_rna,-0.086370885,0.055856146,-0.73900115,1.5573367,-0.36995152,-0.45926616,1.601734,-0.52363586,-0.45840323,-1.2728881,0.33355495,0.29577008,-0.37181544,-0.68417484,-0.48508576,-0.7876954
ATTACCCGTTTACCGT-1_rna,-0.54893386,-0.86923337,1.607492,-1.413848,-1.5745618,-0.09448364,0.24793999,1.1271085,0.6202252,-0.9352945,1.2254094,1.0430981,-0.1473744,-0.093434304,-0.13793197,0.43991032
ATTACGTCATTAAAGG-1_rna,-0.42033628,-0.0863143,-0.9026783,1.3248186,-0.71572095,-0.5396985,1.4519631,-0.4446994,-0.9585818,-0.94268143,0.25721434,0.06735572,-0.27424425,-0.72457224,-1.330012,-0.44665605
ATTAGCTCAGCAGGTA-1_rna,-0.9805911,-0.07985983,-0.22571775,-0.2559895,1.3104749,1.0150071,-1.1904005,-0.81204194,-0.40570012,2.2565212,0.0006369574,-0.76109153,-0.16145357,-0.20743586,-0.22122538,1.2461958
ATTAGGTGTCTCAGCC-1_rna,-0.14451015,0.32376397,-1.7111982,1.7606268,-0.64984393,-0.06902559,1.1847242,0.79015046,-0.19668671,0.22272298,-0.7337387,-0.0002860902,0.29567397,-0.67386574,1.1864749,0.5443543
ATTCAACCACTAGCGT-1_rna,-0.44394475,-0.34623823,0.499063,-0.5438134,1.0958885,1.6620964,-0.18079957,-0.6618636,0.83806187,0.17311218,-0.78534085,-1.4487189,-0.16923052,-0.06483789,-0.77972126,-0.2547156
ATTCAACCAGGAACAT-1_rna,0.88891566,-0.0748014,-1.237933,0.30674225,-0.86866444,0.13512553,-0.9271597,2.217376,0.2114892,-0.5245372,-0.2755309,0.9757964,0.543731,-0.18437137,1.5253233,1.1050378
ATTCCGGAGCTACTGG-1_rna,-0.6332918,-0.30430672,-1.5733203,1.333638,-1.6933647,0.08487875,-0.4848455,0.55353475,0.77326465,0.20978874,-0.5759909,-0.15859163,1.1561658,-0.37685624,1.1007541,0.71786857
ATTCCTAGTATTGTGG-1_rna,0.5766734,-0.3952656,1.6074368,-1.5327213,1.2067438,1.3825766,0.60910386,-0.0055869245,0.20034583,0.043002587,0.26073104,-0.38641784,-0.07783638,0.9836934,-0.45093322,-0.6128228
ATTCCTAGTCATAACG-1_rna,-0.7314722,-0.30565116,-1.6138761,2.0704885,-1.4125665,0.45010945,0.9406792,0.37293756,0.59043455,-0.2768779,-0.40905842,-0.30775747,0.3553858,-0.63233644,0.3085891,-0.40277115
ATTCCTAGTTGTTGGA-1_rna,0.6643827,-0.4037928,-1.3182129,-0.11335394,-1.2211832,0.21014023,-0.8843179,2.1255178,-0.2278723,-0.49870002,-0.03353923,0.8932979,0.18761058,-0.23430535,0.6893491,1.5338002
ATTCCTCCAAGGTGGC-1_rna,0.79248416,1.9120753,0.15045726,0.12605673,1.0864681,1.088155,0.629876,-0.5545923,-0.7829631,1.0673122,-1.2106439,-1.118582,1.0635843,-0.36781296,-1.1045783,-1.7916186
ATTCGTTTCCAGGAAA-1_rna,1.5186027,0.10264237,-1.3193142,0.78829473,-0.44705603,0.36097902,-0.31412643,1.611144,0.6474721,-0.36881495,-0.52335674,1.0154265,0.58292514,-0.07266291,2.1668692,0.41719645
ATTGACTCAATCCTGA-1_rna,-0.17826566,0.044253893,-1.7570059,1.8953127,-1.0536944,0.8649523,1.1736469,1.3349404,0.11730343,-0.19761877,-0.47358048,-0.3791499,0.097495764,-0.9400818,0.839767,0.22201796
ATTGACTCACTTAGGC-1_rna,-0.41839278,0.1836551,-2.0362515,1.6829598,-0.60376585,0.18358704,1.2590528,0.14441323,-0.22797498,0.5030711,-0.5769087,-0.27829197,0.81660765,-0.9537389,0.7907575,0.48680487
ATTGACTCATCAGTAT-1_rna,0.725645,0.5664686,0.6280787,0.28508773,-1.1295322,-0.3385331,1.4424328,0.51579046,-0.43356904,-1.2454515,0.7055714,0.67275983,-0.62847567,0.01085392,-1.0636628,-1.1021787
ATTGCACAGCCTGTTC-1_rna,0.55466986,-0.8425497,0.6232614,-0.51663953,2.2738726,1.2238035,0.23848002,-0.89555115,0.012318082,-1.3318691,-0.48261458,-0.54898727,-0.77093196,0.36515534,-0.19050273,0.7434334
ATTGCAGGTGGGTACT-1_rna,-0.022557184,-0.010459292,1.7045647,-1.237666,0.82279974,1.2948565,1.7224717,0.30052203,0.5633151,-0.051027805,-0.17520721,-0.52215624,1.0299901,0.92274994,-0.7426601,0.05649282
ATTGCTCGTAAGGTCC-1_rna,0.5599231,-0.6409708,0.04866269,0.13142002,2.4070039,1.105342,0.20665522,-1.2630765,-0.5049646,-0.83198637,-0.4735897,-0.42558876,-1.0802485,0.10665146,-0.1385688,1.3512093
ATTGCTCGTACGCGCA-1_rna,0.21251346,0.4533761,-1.1812637,1.6347066,-0.11232846,0.66271377,1.6086558,0.97010773,0.8773012,-0.74069554,-1.0098907,0.05961581,0.27586302,-0.69677395,1.1042178,-1.127651
ATTGGCTAGTAAGTCC-1_rna,0.22382745,0.47874993,-0.13473472,0.6079444,-0.7097671,-1.2710578,1.1107725,-0.72735894,-0.87746876,-0.8874706,1.0179663,0.25147378,-0.6152312,-0.19257091,-1.4893456,-0.7847551
ATTTGCAAGAGAAGGG-1_rna,-1.1587518,-0.42140988,-1.4767735,1.3970618,-1.5603788,-0.2889773,0.46298605,-0.9966822,0.056074794,0.19358449,-0.52573293,-0.36197492,0.951686,-0.7384256,0.07427526,0.21301481
ATTTGCGCAGTTTGGC-1_rna,-0.1847149,0.29398838,-1.8877195,1.5054682,-0.60294753,0.04704712,0.6691824,0.66097707,0.11466329,0.027017241,-0.5775599,-0.30405113,0.5494106,-0.8179748,1.1213137,0.24449441
CAAACACTCCACCCTG-1_rna,0.26417318,0.51517004,0.16874366,0.26743442,-0.14078246,-1.1459727,1.3127072,-0.47730225,-0.9621352,-1.1668222,0.722493,0.1711433,-0.46967804,-0.37384433,-1.8190138,-0.7572555
CAAACACTCGTAACGT-1_rna,-0.90368986,0.39014634,0.6319717,-0.851914,0.9744319,0.5497949,-1.6546656,0.38955083,1.1911042,1.3418173,-0.6352556,-1.3061402,0.8007181,0.47536102,-0.12341745,-1.7191505
CAAACATGTACTTAGG-1_rna,-1.3261421,0.50144285,0.39119595,-0.88996506,0.47652566,0.49518055,-1.6403447,0.67746496,1.2432249,1.4099147,-0.5826333,-1.1368811,0.7646175,0.43565637,-0.19137822,-1.2656723
CAAACCGTCAAGTGTC-1_rna,-0.30409998,-0.28224802,-0.5336981,1.0222842,-2.1761384,-1.2515607,-0.15088363,-0.94438916,-0.4101226,0.40153015,0.39565563,0.19837503,0.4470582,0.20648766,-0.70621485,0.5081173
CAAACGCGTTTGGCTT-1_rna,0.29122284,-0.6697379,0.020695027,-0.37848306,1.5297635,1.3368641,-0.57861996,-0.7193171,0.20006943,-1.5265981,-0.8007325,-0.76652384,-1.1231211,-0.07889806,-0.42373562,0.0127286725
CAAACTGGTCCCGGAA-1_rna,0.05710323,0.17676485,-0.9361886,0.97797024,-0.39183247,-0.6851632,1.5654349,-1.1072053,-1.0968628,-1.1650544,0.19949701,0.067319065,-0.32795268,-0.6932995,-1.421135,-0.4063202
CAAAGCGCAGCCAGTT-1_rna,-0.34493694,-0.34654358,-0.8061384,-0.44728,1.6570847,1.1199384,-1.366064,-0.5390323,0.67880446,-0.36830798,-1.1408564,-1.0662253,-0.34754282,-0.33676454,-0.08774593,-0.6255557
CAAAGTGAGTAGGATG-1_rna,-0.85676324,-1.0079865,1.7682841,-1.594996,-1.3701111,-0.17352606,-0.12402263,0.5780261,0.8379379,-0.9107917,1.6290716,0.776127,-0.3456312,-0.26113153,-0.5166277,-0.19152509
CAAATCATCAGCAAGA-1_rna,1.1643068,-0.36844206,-1.2457836,0.5706763,-0.8106924,0.4029024,-0.6833898,1.9644598,0.22704387,-0.8063117,-0.17824139,1.2409986,0.31311914,-0.38643545,1.5748669,0.87711155
CAAATCATCTATGACA-1_rna,-0.4446378,-0.6252737,-0.25344095,-0.110448994,1.5383327,1.7221272,-0.61222696,-0.9104407,-0.1430195,0.7949966,-0.42757776,-1.2030194,-0.9464352,-0.31658685,-0.56214315,0.8853464
CAACAATGTCATGCAA-1_rna,-0.14544298,-0.039380435,-0.5569282,-0.5251467,1.523209,1.2838085,-0.61486334,-0.95500284,0.68500197,-1.169114,-1.1530491,-1.3815541,-0.15667924,-0.310108,-0.6729257,-1.2577559
CAACAGGCAGCATGGA-1_rna,-1.1308334,-0.9169787,1.5797051,-1.3658879,-1.8104521,-0.4736204,-0.62526584,0.7882189,0.85618216,-0.016282804,1.2985164,0.47180176,-0.0056597143,-0.14459461,-0.5586928,0.45543647
CAACCCGCACGCAACT-1_rna,-0.07377955,-0.9763773,0.6108022,-1.3784837,-1.0862973,0.2823046,-1.1372277,2.0445948,0.86847025,-1.05188,1.0947536,1.028701,-0.47123384,-0.3838484,0.31791946,0.38746578
CAACTAATCCTTCGTA-1_rna,1.024679,-0.26330853,1.9582709,-0.89299655,1.9322498,0.5973917,1.3517601,-0.3679164,0.12772289,-1.4590703,-0.55675346,0.35861507,0.512146,1.3576362,0.2659426,-0.44530517
CAAGACAAGGTATTGC-1_rna,-0.15415213,-0.24296816,-1.5850164,2.0330646,-1.0197148,0.5411675,1.3545564,0.9823158,0.10107381,-0.64117765,-0.34098956,0.05121134,0.22767203,-0.57616335,0.4062343,0.36984432
CAAGGCTGTACCGGAT-1_rna,0.5870904,-0.4019584,-1.0618206,-0.14446199,-1.3279024,0.005143669,-1.4304008,1.6796327,-0.0156171955,-0.21593432,0.03763441,1.2290832,0.58435416,-0.09918304,1.0560788,1.3750368
CAAGGCTGTGAACAAA-1_rna,-0.83762205,0.23985976,-1.9518822,1.1225009,-1.1742756,0.043834224,-0.15340406,0.41317466,0.14904943,1.1479255,-0.73316574,-0.53843683,1.1938701,-0.5782874,1.4288604,1.2586248
CAAGGGAGTGATCAGC-1_rna,-1.1380465,-0.9368667,1.1757392,-1.7768897,-1.7122636,-0.06533193,0.016868837,1.225801,0.8425281,-0.49724066,1.1981663,0.46336108,-0.099485576,-0.068797946,-0.50762993,0.6390869
CAAGGTAAGTCATTGA-1_rna,0.26222718,0.7706626,0.08547458,-0.028023025,-0.48236182,-1.9617379,0.73645943,-1.0751836,-1.6413604,0.4336099,0.825876,0.11255996,0.16990227,-0.064173736,-1.5636439,0.11760495
CAAGGTTTCAGTTCCC-1_rna,-0.7481977,-1.0588175,2.0119612,-1.9081172,-1.1860217,-0.4519312,-0.3085733,0.36817935,1.1026964,-1.0867379,1.5271946,0.7955227,-0.39076382,0.24403775,-0.24732837,-0.7870109
CAAGGTTTCCCTGACT-1_rna,0.23851308,0.34587744,-1.0353044,0.8168081,0.21780568,-1.3449758,1.9528486,-1.2137766,-0.6543657,-0.3655092,-0.04067008,0.35724214,0.27299204,-0.39765045,0.004298607,-0.18956146
CAAGGTTTCCGCCTAT-1_rna,-0.015863746,-0.66591537,-0.61897707,-0.13065782,1.6835585,1.3239932,-0.42270693,-0.87233496,0.5018969,-1.2700177,-0.99036384,-1.2337506,-1.0253718,-0.49295717,-0.3758466,0.33455068
CAAGTATGTCGTTATC-1_rna,0.22279218,-0.6216447,-0.19726485,-0.116345346,1.9310395,1.1164802,-0.5027818,-1.1943487,0.6679023,-1.4013507,-0.889624,-1.155415,-1.1558585,-0.18205155,-0.3996007,-0.22016373
CAAGTATGTGTTAAAC-1_rna,0.51512665,0.41172284,-0.54463166,0.7618002,0.13509932,-1.5202496,0.8614442,-1.2528782,0.75087327,-0.8620415,-0.47250855,0.3000274,0.18786943,0.00642688,0.62873924,-1.9784718
CAAGTGAAGCGCAATT-1_rna,0.095868066,-0.38117987,-0.5613869,1.2763816,-1.7450051,-1.2355464,0.78128,-1.405872,-0.29889503,-0.23268038,0.41412908,0.52984995,0.13955726,0.11939775,-0.63334227,-0.24037714
CAAGTGAAGTTCCTGC-1_rna,-1.6550198,0.55147916,0.5094467,-0.6026326,0.4898156,0.43844533,-1.5807846,0.20320188,1.2325927,2.0945227,-0.6780876,-1.1581163,1.1956711,0.41785374,-0.012660283,-0.33881423
CAAGTTATCACCTGCT-1_rna,0.106814876,0.5958005,1.2953202,-1.9589975,0.1801723,-1.0370675,0.84851074,1.2156417,1.8347784,0.4952614,0.6196399,-0.9293528,0.6654247,1.6294094,0.6190114,-1.5482496
CAATAAGCAATGCCCG-1_rna,0.45430425,0.0315075,1.006235,-0.91296893,0.6149872,1.2875233,1.0363533,0.39276597,-0.8915002,2.0225794,0.2674359,0.36637592,0.59802526,0.67975456,-0.19076148,2.4965258
CAATAAGCACTAGCGT-1_rna,-0.2382873,0.4038209,-1.2486887,1.3062005,-0.19441329,-0.17092142,2.3673034,-0.03895466,-0.54544103,-0.38261482,-0.2890267,0.067807116,0.38600636,-0.62902504,-0.23520266,-0.080332756
CAATAAGCAGCCTTGG-1_rna,1.1663998,0.37891284,-0.51068527,1.229951,0.37121826,0.27504733,0.8849798,0.4485425,1.5163665,-0.8515868,-1.1495972,0.7970599,0.44120777,-0.13641988,1.8651477,-1.6428361
CAATAAGCAGGTATTT-1_rna,0.06953616,0.35033745,-0.8772452,1.3281704,0.14767276,-1.1802489,2.1995897,-0.3798597,-1.41703,-0.33248234,0.27037588,0.09992602,-0.1374469,-0.74642324,-0.92017764,-0.018606743
CAATCCCTCACATTGA-1_rna,-0.39938754,-0.5868659,1.4471183,-1.3430464,0.46628007,1.5267626,0.78068393,0.27947313,0.43471465,1.0399342,0.147555,-0.45482156,0.31757647,0.62832016,-0.23244312,1.7649168
CAATCCCTCCCGCCTA-1_rna,0.034987934,-0.74012065,-0.37375736,-0.22497493,1.4564389,1.7466075,-0.28313187,-0.8169428,0.18441409,-0.82024026,-0.5387001,-1.2194165,-1.0751036,-0.55622303,-0.7372038,0.3380952
CAATCGCCATTGTCCT-1_rna,0.29148835,-0.41318214,1.5541589,-1.419248,1.3289634,1.2632914,0.92654675,-0.35963714,0.7778558,-0.8191554,-0.5972259,-0.80212927,0.07518601,1.0397797,-0.23396684,-0.34482884
CAATCTAAGCTTCCCG-1_rna,-0.91817117,-0.17108336,-1.3882068,1.3533895,-0.9754127,0.17765045,1.6006246,-0.056931823,-0.4576031,-0.9028492,-0.09845922,0.010405427,0.011123693,-1.0150726,-0.7485423,-0.2513232
CAATGAACAAGCTAAA-1_rna,2.0613294,1.211283,-1.2364664,-0.6810024,1.4648381,0.42732495,-2.2268176,-0.24096361,-0.90052223,1.6745032,-1.1953796,0.21368095,0.3401753,0.58236176,1.4903747,-0.108778216
CAATGAACATAATCCG-1_rna,-0.40831447,-0.1909694,-1.6031829,2.073203,-1.1587868,0.54503155,1.5997409,0.47019905,0.22673014,-0.52936137,-0.6795602,-0.025459664,0.44891855,-0.8846268,0.5226774,0.13941741
CAATGACTCAAATCGC-1_rna,0.25067407,0.124141745,-0.082286716,-0.0112642,-1.2568669,-1.8291514,0.10895257,-0.8762251,-1.727508,0.392258,1.0578148,0.40815237,0.16040847,0.0906805,-1.3831848,1.0457511
CAATGACTCGAGCAAA-1_rna,-0.767739,-0.6988718,-0.58539355,0.9818611,-2.1863089,-0.98880094,0.4366702,-1.2884115,-0.5680456,0.27538213,0.32367852,0.2999137,0.53630245,0.012458422,-0.8123705,0.7097745
CAATGTCAGGAACACA-1_rna,0.7121341,-0.6972153,0.48272163,-0.41644552,1.9920057,1.2995443,0.39395347,-0.9368024,0.20164855,-1.3767143,-0.7268298,-0.5708766,-0.492729,0.7776141,0.06397723,0.09631882
CAATGTCAGGCAACAA-1_rna,1.489867,0.7868432,0.6979854,0.7364853,1.4369981,-1.225623,1.1997874,-1.0721333,0.6242346,-0.79126656,-0.61577404,0.9689417,-0.07422592,0.73301184,0.29172802,-2.2292907
CAATGTCAGGGCCATC-1_rna,-0.076253705,-0.2565273,-0.40723822,-0.37005785,1.746738,1.4573138,-0.8064719,-1.332452,-0.27747136,0.8029952,-0.37318006,-0.8289388,-0.6511832,-0.3265723,-0.2368703,0.26485583
CAATGTCAGTAGGATG-1_rna,-0.2728557,-0.7329123,-0.016401498,-0.28049105,1.7763947,1.3944587,-0.47370616,-0.82880366,0.53452903,-0.88182974,-0.6576931,-1.2463406,-0.88360393,-0.38331628,-0.8542915,-0.18340392
CACAAGCGTGATTACG-1_rna,-0.3229502,-0.025263252,-1.4339868,1.6594162,-1.4312063,0.5739171,0.41323516,0.9718868,0.37776998,-0.33976197,-0.385632,-0.06871908,0.70348483,-0.6825637,0.61418337,0.0006563654
CACAATATCAATTACG-1_rna,-0.03761878,0.3398681,-0.8633041,1.5641754,0.2616972,-0.9417093,1.4007638,-1.3119501,0.1526534,-0.79594046,-0.1553912,-0.054382168,-0.3006343,-0.61863106,-0.11617215,-1.5119597
CACAGGCTCTTAGCGG-1_rna,-0.22181089,0.03778691,-0.7972232,1.2628651,-0.91391736,-0.73515534,0.9394796,-0.28559327,-0.18404192,-0.9782773,0.45525965,0.20677689,-0.3309362,-0.3403775,-0.91499835,-0.7275738
CACAGGGAGGAACGGT-1_rna,-0.5836301,-0.33113724,0.26861584,0.038589586,1.0238793,1.8565105,0.044478614,-0.17188278,-0.18613024,1.0439175,-0.21565327,-1.0683217,-0.77361774,-0.42558765,-0.87642014,1.2528739
CACAGGGAGTTATGTG-1_rna,-0.55585325,0.0036757179,-0.1095316,-0.58185315,1.0323755,1.2284269,-1.4371012,-0.0032839342,1.0431341,-0.35779428,-0.9421338,-1.1012295,-0.23796615,-0.07998136,-0.5976561,-1.7736399
CACCAACCAATTGCGC-1_rna,0.45913464,-0.29801264,1.9290433,-1.3272872,0.70998317,1.7451752,1.4464751,0.38633406,0.38562676,0.43802923,0.019623008,-0.39678377,0.3677863,0.83987796,-0.49026182,0.42500883
CACCGGTAGTGAACGA-1_rna,-0.90779245,-0.253804,-1.2967403,1.3096999,-1.2410903,0.04061513,1.2973084,-0.9762181,-0.9446266,-0.23493719,-0.04883333,-0.06849238,0.3834145,-0.787652,-0.9902571,0.5011658
CACCTCAGTTTGGGCG-1_rna,1.6594039,0.60163206,-0.10184467,0.75847214,1.0594968,0.094928525,0.9132688,-0.079063945,1.1323874,-1.2680054,-1.0894561,0.8129875,-0.34126067,0.34855974,0.83098483,-2.116448
CACCTGTTCCAACTGG-1_rna,-0.4414022,0.26460832,-1.4976118,2.009532,-0.76007396,-0.0950464,1.7226884,-0.14719784,0.10747845,0.09415887,-0.6254542,-0.21465616,0.51282954,-0.9022779,0.822311,-0.33251667
CACTAGCCAATAATCC-1_rna,0.52577716,1.5324467,-0.7646934,0.09557107,1.1379961,1.403066,0.16393138,-0.39320257,-0.5165604,0.920785,-1.4289707,-1.061768,0.73008287,-0.31573242,-0.98439443,-1.8601428
CACTAGCCATAAAGCA-1_rna,0.992229,0.40673834,0.12867025,1.2274847,0.28542835,-1.255225,0.9003466,-0.982774,0.831946,-1.27117,0.06843539,0.81353116,-0.31992573,-9.9841505e-05,0.5333416,-2.0979977
CACTTTGTCAGCTAAC-1_rna,1.5504196,0.23899136,1.3789176,-1.1991086,0.98136,0.99222386,1.5995377,0.49430254,-1.2089809,0.9054163,0.14737633,0.8637903,0.43693495,1.4530257,0.31551445,1.6731356
CAGAACCGTGCTTAGA-1_rna,0.6358878,-0.45280007,1.5371526,-1.2282716,1.4127815,1.00627,-0.2853552,-0.9800714,-0.02347687,0.45318815,0.16553023,0.018709088,-0.43880802,0.84229153,-0.028358772,-0.22205502
CAGATTCAGGAGTAAT-1_rna,0.78609467,-0.5655167,1.4926481,-0.589585,2.143828,1.0169849,0.89918166,-0.119154274,0.049005087,-1.6835065,-0.51615775,0.034645066,0.0022001266,1.3873445,0.11712163,-0.44422543
CAGCAAGCACTTAGGC-1_rna,-0.5906339,-0.30543625,-0.77250654,-0.03952155,1.2969645,1.7604934,-1.0336567,-0.7312128,0.3384311,0.26555988,-0.766505,-1.3127824,-0.66577417,-0.85081166,-0.756769,-0.19428992
CAGCATTAGTCGCTAG-1_rna,0.50804067,0.40448534,-0.6166651,1.1428732,0.26212358,-1.0544668,1.9690561,-0.711866,-0.6750647,-0.7067008,0.37117252,0.5194935,-0.32455143,-0.42030036,-0.6463218,-0.65808105
CAGCCAATCCTGCGAA-1_rna,0.4828669,0.38183942,-0.5219805,1.61145,-0.06379066,-0.69149137,1.6607337,-0.47087988,-0.26837045,-1.170855,-0.070835486,0.5664863,-0.11335644,-0.3540503,-0.5118154,-1.1901957
CAGCCTAAGCCTGTGA-1_rna,1.5966738,0.47989327,-0.11036353,1.058644,0.86622846,-0.20560467,0.52089345,-0.0712591,1.4446132,-0.6216281,-1.3045411,1.1758062,0.38917643,0.50299877,1.8626883,-1.5144305
CAGCCTAAGGTCCACA-1_rna,0.70383143,0.59688675,0.36527023,0.54354805,-0.49082533,-1.549062,1.1006804,-0.48327586,-0.6505573,-0.7870252,1.0541105,0.36015373,-0.5770591,-0.07649329,-1.4030789,-0.9220066
CAGCTAAGTTGAAGCC-1_rna,-1.118201,-0.061987102,0.71644104,-1.0595014,0.44058174,1.1882342,-1.0522169,0.8445119,1.5420189,0.9431737,-0.61650336,-1.2461517,0.6819901,0.5266617,-0.17210348,-0.46344158
CAGCTCAAGAGGAGGA-1_rna,0.5421897,-0.17025262,-1.225766,0.5240539,-1.4255883,0.3452582,-0.660886,2.3135927,-0.23240498,-0.3624205,-0.022175934,0.5270606,-0.093604945,-0.28746563,0.4224048,1.1952425
CAGGAAGGTCCTTCTC-1_rna,0.35863653,-0.39991766,-0.46879438,-0.08604446,1.8474169,1.2255883,-0.68837297,-0.93584836,0.11835298,-1.2480702,-0.9860077,-0.7413671,-0.97956336,-0.2191872,-0.3726691,-0.24592076
CAGGACCTCCGTCCAT-1_rna,-0.41832107,-0.41369978,0.14513694,-0.79550475,0.9927873,1.6699114,-0.65014553,-0.20495842,0.9018482,-0.051202334,-0.78502285,-1.419584,-0.43559915,-0.06312839,-0.7436617,-0.75913334
CAGGCTATCCGCAAGC-1_rna,-0.88396436,-0.25236577,-1.6258333,1.8820605,-1.1294833,1.1310844,0.7578889,0.32297754,0.5457999,0.14350027,-0.651046,-0.50247693,0.6199737,-0.6043792,0.43799067,-0.11661675
CAGGGTGAGCATGTCG-1_rna,1.064426,1.0266341,-0.51258487,-1.5732656,-0.024254184,-1.9755286,-2.3708444,0.8736916,-0.6676963,1.0094312,-0.23603441,1.1474508,1.2700131,0.8404912,1.6568922,1.0266867
CAGGTCCAGAGAGCCG-1_rna,-0.4546515,-0.951292,0.8296023,-0.105107255,-2.2820764,-0.5515058,-0.9182446,0.713177,0.9789795,0.23465167,1.4322516,0.5875027,-0.19246775,-0.23969579,-0.35213476,-0.009939361
CAGGTCCAGGTCGAGG-1_rna,0.6964534,-0.73829114,1.2603601,-0.76299626,2.1155717,1.1383973,0.9119735,-0.6751337,0.19779254,-1.2310362,-0.5349698,-0.43081996,-0.14184013,1.0848441,0.2707971,0.4688192
CAGGTGGAGCAGCTCA-1_rna,-0.3874636,-0.4523364,-0.47339267,0.9978182,-1.8593045,-1.5606469,0.36277223,-1.4789479,-0.68114644,0.097793706,0.39082977,0.36657685,0.53475237,-0.04440275,-0.51816785,0.38551763
CAGGTGGAGGAGGCAT-1_rna,-0.19552596,-1.031228,-0.032400534,0.076249056,1.5530633,1.6354886,-0.026631393,-0.6515735,0.1941934,-0.6281927,-0.5885791,-1.0870696,-1.2991881,-0.22550821,-0.5453539,1.3997995
CAGGTTTAGTATTGTG-1_rna,0.2932014,0.7169016,-0.012963492,0.69602376,-0.36739203,-1.356104,1.371572,-0.53077143,-0.7096083,-0.6277017,0.92673385,0.089552574,-0.6283892,-0.18860686,-1.262977,-0.7062502
CATAGACTCCATTACT-1_rna,1.8380166,-0.16979522,-0.052839182,0.06624967,-0.115029596,0.09676099,-0.30950692,1.7584662,0.97453976,-1.2861116,-0.24041383,1.7841985,0.14957443,0.45069948,2.0632272,-0.24836892
CATAGACTCCTACCTA-1_rna,0.74236923,0.8271406,-0.3413198,1.5037211,0.7077176,-0.8741474,1.9170768,-0.34563425,-0.14877605,-0.80861074,-0.055281483,0.6955997,-0.6101466,-0.48958722,0.24107333,-1.2980611
CATAGGCGTCATCCTG-1_rna,0.6643182,-0.48307985,-0.12980917,-0.10481413,2.0623353,1.1300771,-0.053816095,-0.36701947,-0.22520876,-1.8858075,-0.62704235,-0.14850774,-1.3366551,0.09061521,-0.06531793,1.007958
CATAGGCGTCCGTGAG-1_rna,-0.6530218,-0.43128958,-0.8081021,-0.309335,1.225811,1.160988,-0.7039847,-0.63255686,0.8412792,-0.92661136,-0.98684293,-1.2354648,-0.56938744,-0.6481005,-0.5028516,-0.8172607
CATAGGCGTTACTTCA-1_rna,-0.9733617,-0.6051768,-1.3772836,1.4563557,-1.9274366,0.0029764622,0.0961249,0.25391686,0.21941164,0.6894905,-0.4178257,-0.013329888,1.1238353,-0.55236846,0.488571,1.1182722
CATAGGTTCTGTTGCC-1_rna,0.023493854,-0.43578652,-0.7832037,1.6964104,-1.2071077,-0.5433184,0.88279134,-1.1468565,-0.008779691,-0.955858,-0.0066908086,0.5111615,-0.1666888,-0.041879922,-0.5736344,-0.9751267
CATAGTCAGCTCAAAC-1_rna,0.46748292,0.30423114,0.787567,-1.3153372,0.509804,0.62602323,1.1267471,0.3580686,-1.1429716,2.3160067,0.5491417,0.68125224,1.1823151,0.80207855,0.12641722,2.7097912
CATATCGCAAATTCGT-1_rna,1.1795017,1.8134168,0.21072778,0.22829752,1.3748108,1.0356085,0.2758494,-1.2452135,-1.0818747,0.5605568,-1.3539001,-0.564785,0.72825664,-0.1518952,-0.83940935,-1.9372056
CATATCGCACTAAGTT-1_rna,1.1061419,1.1800556,-1.245862,-0.33468595,0.9608229,0.7121566,-2.2708454,-0.4091222,0.13667083,1.1321236,-1.5259632,-0.87582105,0.35804307,0.13856997,0.3977508,-1.9458325
CATATCGCACTTCATC-1_rna,1.6848612,0.16761662,-1.252555,-0.8954955,0.08458797,0.046620663,-1.3935255,2.009688,-0.68393606,-0.3794535,-0.38011348,1.1905396,0.20604512,-0.026643805,1.2805595,0.8712581
CATCACACATGCTCCC-1_rna,1.4726127,0.07529067,-0.87383646,-1.0120982,-0.0966315,0.30559945,-1.4134243,1.9442505,-0.25507933,-1.2318114,-0.2651084,1.053647,-0.33943954,-0.23031548,0.99530464,0.122762896
CATCATAAGTACTGGT-1_rna,-1.415999,-1.2304274,1.1223423,-1.1678954,-2.1008468,-0.5485322,-0.86888206,0.3744546,1.0608413,0.033269882,1.3334912,0.4474653,0.3634526,-0.043208957,-0.20458858,0.387438
CATCATGCACTGACCG-1_rna,-0.11008796,-0.6619966,1.1635956,-0.76782125,1.1261168,1.6097605,0.72357225,-0.04151456,-0.16396171,0.8482334,0.27153584,-0.30369565,-0.009426713,0.40136403,-0.34367943,1.5758803
CATCCTCAGACTTATG-1_rna,-0.1962181,0.079295166,-1.8076005,1.9627306,-0.7727613,-0.020403722,1.1502297,0.1650839,0.46441567,0.20579585,-0.97880286,0.00034243162,0.9883137,-0.576704,1.478578,0.17176563
CATCCTGGTACGGGTT-1_rna,-0.33037436,-0.6397679,0.9927466,-0.5924607,0.8786039,1.8251653,0.41576695,-0.35481954,0.18154882,0.22885142,-0.23049197,-1.0642098,-0.76970726,-0.16820683,-0.9607773,0.9806694
CATCCTGGTTACTTGC-1_rna,0.7895411,0.8399962,-0.23885708,1.0150944,0.6295553,-2.331426,0.925922,-1.5366981,-1.0212991,-0.030950727,0.48518005,0.41497135,-0.31214306,-0.1436159,-0.51240176,-0.8356002
CATCCTTCACCCACAG-1_rna,-0.004753741,-0.2618162,0.73053586,-1.0213172,2.1737351,0.72455126,-0.6672808,-1.382474,0.11620108,0.8518941,-0.18415213,-0.6139953,0.40126467,0.5736012,0.5085803,0.039623797
CATGCGCAGGAGTCGG-1_rna,-0.5709142,0.44730985,0.5006128,-1.1412301,0.15102896,0.49238002,-0.09117628,0.15982856,-0.34579068,3.004079,0.1421918,-0.05970266,1.2356155,0.70243305,0.21168357,2.6686325
CATGGATTCAAGCTTA-1_rna,-0.65121436,-0.9522744,1.5019896,-2.1211674,-1.0459846,-0.14782056,-0.5226253,1.095109,0.95289105,-0.4626382,1.5649471,0.9384655,-0.06291189,-0.07372069,0.30209324,0.67613614
CATGGATTCATAACCA-1_rna,0.14447148,0.16194674,-0.13922016,0.59506565,-0.31252813,-1.4786282,1.2402292,-1.2971123,-0.19014221,-0.7658608,0.18385863,0.47546288,0.06651177,-0.15753345,-0.38684607,-1.0663323
CATTATCTCAGTTCCC-1_rna,0.19537696,0.21514222,-0.92129886,1.6776571,-0.27857846,-0.43480247,1.9435842,-0.34616873,-0.54012454,-1.025278,-0.024319664,0.2725837,-0.46029672,-0.71049154,-0.68480057,-0.86604786
CATTCATTCGCATTAA-1_rna,1.5184747,1.3898419,-1.3081713,0.0005016066,1.6074483,0.64476883,-1.6285193,-1.0481029,-0.60698783,1.5391805,-1.8279169,-0.6251676,0.4253272,0.50272983,0.7131977,-1.3028625
CATTGCGAGCATGTCG-1_rna,-1.2427753,0.13931987,0.5899121,-0.5110715,0.690318,1.0505931,-0.46970445,0.061320633,0.18735585,2.3273146,-0.052100364,-0.8520814,0.516131,0.18632387,-0.42358312,1.6620134
CATTGCGAGTAACGGA-1_rna,0.69814086,-0.75264937,0.66947424,-0.21675523,2.1821387,1.000155,0.49097413,-0.5068907,0.1262488,-1.3926051,-0.8517435,-0.41686434,-0.59115994,0.62341636,0.12997717,1.0067955
CATTGTAAGGACCGCT-1_rna,-0.6402876,-0.24044956,-1.5348656,1.7166482,-1.6729181,0.54995054,0.25996655,0.74861795,0.004747512,0.4564043,-0.4772537,-0.26390794,0.9725388,-0.49682733,0.52201813,0.9971797
CATTGTAAGGCAGGTG-1_rna,-0.7052511,-0.04115031,0.27046472,-0.52088016,0.32089108,1.8234254,-0.7684375,0.26841763,0.63524246,1.2326964,-0.7976827,-1.182967,0.14053665,0.18501852,-0.4512609,0.22525209
CATTTGTTCTAAGTGC-1_rna,1.5297024,-0.077324115,-0.7168186,-0.88973874,-0.2704569,-0.05824823,-1.2515212,2.091579,-0.3421689,-0.6860784,-0.12192212,1.4928447,0.15844306,-0.15703288,1.2738732,0.8675266
CCAAACCCAAACGCGA-1_rna,-0.93311113,-0.13641617,-1.3986365,0.83140814,-1.9796606,-0.33590123,-0.81680244,0.3130832,0.5377158,0.7647103,-0.52366537,-0.32946262,1.2175398,-0.25424436,1.0455576,1.0708911
CCAAACCCACCTGTAA-1_rna,0.21318838,0.61051583,-1.18851,1.7258434,0.15358166,-0.39554372,2.0275564,-0.089584574,-0.2894343,-0.23688997,-0.6334868,0.06968886,0.46649954,-1.1367471,0.49773973,-0.24921604
CCAAACCCATAGACTT-1_rna,-0.17250317,-0.19917335,-1.6461977,1.9487176,-1.0349574,0.103592366,1.3624033,0.26077434,0.4996652,0.10775374,-0.5974635,0.14234658,0.7940129,-0.7040641,1.1798213,0.044665303
CCAAATCAGGTCCGTA-1_rna,0.14640997,-0.6097945,-0.9358836,0.13828962,-1.8920987,-0.38866615,-1.2585124,1.5210179,0.09747241,-0.16938557,0.10066195,0.952692,0.62850386,-0.0831884,0.60347646,1.7085096
CCAACATAGGCCCAGT-1_rna,-0.55495316,-0.6811606,-0.58213305,1.343232,-2.1291394,-0.8602538,0.4956409,-1.0475388,-0.24886891,-0.018250579,0.32051915,0.47856843,0.4857989,-0.07313371,-0.7199758,0.109549366
CCAACCAAGCGCTAAT-1_rna,-0.4973927,-0.2694967,1.7964909,-1.2617316,0.572757,1.260994,0.5186412,-0.0007169035,0.77309996,1.2369336,0.13396841,-0.97450954,0.575686,0.724931,-0.54686487,0.7163723
CCAACCCGTGCAATGC-1_rna,0.24770357,0.5227502,-0.46843803,1.0460733,0.33782658,-0.9899314,2.0820036,-0.23615207,-1.5499183,0.029191768,-0.0028361476,0.5386805,0.21579503,-0.57851285,-0.63088447,0.41504675
CCAACCCGTGTGAGGA-1_rna,1.236839,0.41642284,0.50573033,0.46079227,0.094179675,-1.0889994,0.861894,-0.16227299,0.52622855,-1.6623015,0.14532807,0.8237916,-0.2312692,-0.22691378,-0.11552926,-1.8595634
CCAAGTTAGTAACCAC-1_rna,-0.5721593,-0.15284626,0.2337143,-0.6547221,1.1971043,1.1752787,-0.47408274,-1.2852069,0.58444524,0.62365305,-0.7050715,-1.585488,-0.18915917,-0.21863607,-0.7669832,-0.5601284
CCACAGGGTTAGCGTA-1_rna,-0.4599397,-0.59758306,1.1800339,-0.92230684,-1.5663224,-0.7209786,0.0014957003,0.10996181,-0.28530768,-1.3232824,1.9447684,0.78368855,-0.7035615,-0.22465853,-1.4162321,-0.577326
CCACATTGTATGTGGC-1_rna,-0.27448985,-0.83427685,1.0073723,-1.2545758,0.84186155,1.7699924,0.69835824,-0.20321581,0.4469251,0.044195075,0.1820982,-0.9274511,-0.5153662,0.25663403,-0.5406839,1.025539
CCACTTGGTGGTTCTT-1_rna,-0.18251526,-0.1555259,-1.6866857,2.026041,-0.9916406,0.24224485,1.2701335,0.41397104,-0.0011624396,0.21340513,-0.57737833,0.16303997,0.47953025,-0.4640732,1.1603999,0.85559416
CCAGACTCAGTTATCG-1_rna,0.5826125,0.59587425,-0.89166284,1.5332731,-0.13647914,-1.237769,1.2637423,-0.7879828,-1.0503738,-0.25215745,-0.063870125,0.46240693,-0.023351032,-0.5819116,-0.5947554,-0.39357147
CCAGACTCATAGCGGA-1_rna,-0.28231308,0.4330665,-1.1093128,0.90811414,-0.5648632,-0.9830539,1.5454568,-0.91661817,-1.8779808,0.550328,0.2082442,-0.075252384,0.40698576,-0.37722653,-1.0077382,0.80941504
CCAGACTCATTGCGAC-1_rna,-0.08196036,-0.9181638,0.86461323,-0.6452435,1.7276638,1.4897308,0.4035666,-0.68450826,0.4058717,-0.16371773,-0.19614303,-1.1142104,-0.6523348,0.19547997,-0.37770206,0.9107329
CCAGCCTGTTCACCCA-1_rna,0.34890172,0.44342947,0.77840185,-0.022114541,-1.0088491,-1.4507018,0.31666106,-0.35982612,-0.9766506,-0.6250385,0.95774716,0.5622556,-0.1460025,-0.08211286,-1.5269209,-0.6655473
CCAGCCTGTTTAGCGA-1_rna,-1.937434,0.51405096,0.8105278,-1.5410687,-0.2878251,-0.0865925,-1.1580131,0.8099002,1.1154037,2.231809,0.0031482528,-0.88100964,1.6718072,0.76686335,0.20134054,0.8141109
CCAGCTAAGCCGCTTT-1_rna,-0.7225866,-0.96818924,1.5267903,-1.2118542,-1.317004,0.0047092754,-0.50262874,1.0572612,0.9789752,-0.81001836,1.0073252,0.40653697,-0.68421936,-0.0033810735,-0.3992994,-0.87643045
CCAGCTGCACCAACCG-1_rna,0.13764097,-0.5372302,-0.3846254,1.0148795,-1.9640789,-1.5441535,0.42220566,-0.964264,-0.45298955,-0.25044906,0.7875627,0.70331275,-0.049345125,0.38251424,-1.0202117,0.06295676
CCAGGAACAAACTAAG-1_rna,0.2927921,-0.64592236,-0.4681729,-0.3625553,2.0091763,1.2486283,-0.4090678,-0.877914,0.18084107,-1.2813088,-0.9325697,-0.9663704,-1.0056293,-0.30148077,-0.41481146,0.27065304
CCAGGAACATAATCAC-1_rna,-0.5215711,-0.4356452,-0.79562896,1.4212085,-2.1139252,-0.64501256,0.7472118,-0.4972342,-0.05461202,-0.14289509,0.0029948887,0.26992697,0.5224232,-0.17723688,-0.6106698,0.32786945
CCAGGATGTGGTGAGA-1_rna,-0.44173396,-0.46613073,-1.0569174,1.1060071,-1.0463934,-0.3827306,1.5198923,-1.1263216,-0.10345107,-0.93401235,-0.07326201,0.33622554,-0.02000948,-0.39191905,-0.33043012,-0.90055007
CCAGGATGTTGGTTAG-1_rna,-0.26395306,-0.39295486,1.490965,-1.0577815,1.3095522,1.1949593,1.0568252,-0.07602842,0.1946822,1.2095935,0.27090925,-0.36822864,0.43471587,0.862326,-0.22541508,1.3679804
CCAGTTTGTAGTCAAT-1_rna,-0.9034933,-0.44399068,-0.43470645,0.021978188,1.6151686,1.4353354,-0.95749974,-0.8363517,0.20279813,0.770028,-0.70793754,-1.3628167,-0.5261534,-0.4617157,-0.5838702,0.32661447
CCATAAGGTTTGTCTA-1_rna,0.7808708,-0.4552012,-1.1707536,1.4105235,-1.339734,-0.11045598,0.39818525,1.2752593,0.4589314,-0.69387925,-0.22383925,1.0139769,0.22163896,-0.22710888,0.94837844,0.29999602
CCATAATCAGCGCTTG-1_rna,2.0299804,0.7402263,0.34848353,0.9714998,1.203023,-0.9392908,0.49276716,-0.81516623,0.94388276,-0.18012358,-1.1827564,0.9396957,0.2392744,0.6498056,1.2764217,-2.1975656
CCATAGCCAATAAGCA-1_rna,1.2179251,0.3978782,-1.2094862,0.13974772,-0.631353,-0.10551488,-1.7993147,1.3390453,0.24877086,0.18246108,-0.6816837,0.7223689,0.74346745,0.051345203,1.649342,0.53921956
CCATAGCCAATTGACT-1_rna,0.81307566,-0.534813,0.24352702,-0.7930302,2.2909126,0.786846,-0.19264328,-1.1310543,0.35276344,-2.2118113,-0.9064954,-0.5952729,-0.5213472,0.40377963,0.057397075,-0.6798531
CCATCACTCGGTTTGG-1_rna,-0.613917,-0.36659724,-1.6371982,1.7927861,-1.8197652,0.0040727663,-0.2193149,0.24541022,0.74757254,0.559939,-0.54242456,-0.1039292,0.91291624,-0.3090183,1.3877969,0.76209116
CCATCATGTGCTTAGA-1_rna,-0.14679846,-0.43345034,1.2456939,-0.9238893,1.2670705,1.4025505,0.49869365,-0.24270561,0.438731,1.036399,0.18060018,-0.89811647,-0.13042969,0.7929566,-0.2163514,0.8900033
CCCAAACCAGAAATGC-1_rna,-0.36446232,-0.19064568,-0.92365843,0.027065616,1.4290639,1.6926134,-1.1351298,-0.7758007,-0.19060649,0.8141801,-0.861814,-1.1727959,-0.5193098,-0.5754883,-0.4525636,0.40259835
CCCAAACCAGGATTAA-1_rna,0.33363214,0.17253374,0.37444288,-0.980406,0.09901101,0.7615172,0.77641886,0.2291225,-1.071888,2.5765297,0.4383767,0.51944995,1.0729831,0.54513556,-0.0069350456,3.0020928
CCCAAATAGTGAGCGG-1_rna,-0.20332804,-0.5279102,-0.25558677,0.97072726,-2.0162594,-1.3476312,0.08315426,-1.2534268,-0.603955,0.1300716,0.58661455,0.5894805,0.41790378,0.08630178,-0.9690993,0.10631656
CCCAACCGTCCTAAGA-1_rna,0.18103665,0.48709634,-1.3360462,1.739003,0.48149633,-0.39029482,2.0866163,-0.67624855,-0.41870227,-0.055050433,-0.36915466,-0.04466568,0.078293465,-0.79092693,0.15200633,-0.8932543
CCCAGTTTCTGTTGCC-1_rna,1.4479975,-0.11911276,-0.22235261,0.70789087,-0.53999114,-0.015715428,0.20091483,1.4197516,1.0984796,-1.2391708,-0.38950512,1.6737438,0.35826695,0.19852474,2.1762595,-0.18211883
CCCAGTTTCTTGGACG-1_rna,0.2125548,0.23394905,-1.0891138,1.8043181,-1.3306121,0.50366646,0.5078268,0.80706227,0.33376056,-0.065207355,-0.3740235,0.43706232,0.5508219,-0.15309556,0.90568995,0.3183407
CCCATAACAGGAACCA-1_rna,0.6309827,-0.38272104,-1.2495966,1.1304502,-1.5756385,-0.15493631,-0.79728675,1.3087009,1.1389515,-0.2768322,-0.34263393,0.66764677,0.43768498,-0.00966399,1.4276135,0.19657102
CCCGTAAAGTTAGAGG-1_rna,-0.3010684,0.29019853,-1.7318006,1.8492553,-0.5761147,0.51224726,1.4896818,0.28384194,-0.1546725,0.2640133,-0.7764464,-0.28903353,0.7424784,-0.8289358,0.938142,0.082773834
CCCGTTGTCAACAAGG-1_rna,-0.58459264,-0.4236935,1.6458621,-1.1042662,0.5711344,1.4315253,0.6066134,0.5224081,0.8201671,0.772455,-0.078956805,-0.89697206,0.26448634,0.61093384,-0.5885952,0.8298036
CCCTCACCAACACCTA-1_rna,-1.0130028,0.02861094,-1.824462,1.7522397,-1.0433028,0.35465643,0.46744612,0.5054176,0.85137486,0.6322635,-0.75307405,-0.5887103,1.0245019,-0.7647079,1.38681,0.026447915
CCCTCACCACTAAGTT-1_rna,-0.41590708,0.40153453,-1.3950461,1.4008688,-0.34273693,-0.62116987,1.9649924,-0.48603553,-1.4893222,0.39514375,0.12375165,-0.1784883,-0.046163082,-0.6536342,-0.7877165,0.5403921
CCCTCACCAGGCTAGA-1_rna,0.7212756,-0.462256,-0.8019548,0.21396253,-1.7185309,0.43934444,-0.48237997,2.5372343,0.15487348,-0.7153427,0.105032094,0.832799,-0.26418763,0.20059471,0.15332009,1.1109936
CCCTCAGTCATTTGTC-1_rna,-0.020721916,0.08141092,-1.3292215,1.833147,-0.7012458,-0.10663695,1.3108857,-0.645557,0.9618931,0.021120975,-1.2499951,0.13048117,0.9210578,-0.4338769,1.1029134,-0.9275314
CCCTCATAGCTATTAG-1_rna,0.25383198,-0.5341246,-0.59436667,-0.027363252,2.145495,1.1517998,-0.6934868,-1.1742995,0.11093886,-1.0703228,-0.8956347,-0.9239116,-1.2039202,-0.41683465,-0.41139752,-0.058957916
CCCTGTTAGCTGTCAG-1_rna,0.88703656,0.6885966,0.15384826,0.9695959,0.3228783,-1.4911339,1.6227646,-1.0018412,-0.9661955,-0.6755681,0.76545435,0.6938905,-0.5809046,-0.13119952,-1.0513269,-0.8166134
CCCTTAATCGATCAGT-1_rna,1.268611,0.3415748,-1.131728,-1.3277911,0.052117236,-0.43376866,-2.067994,1.7281436,-0.48303482,-0.23390865,-0.028641257,1.0598651,0.33008426,0.021108672,1.047933,0.5230199
CCGCAAATCTCGCCCA-1_rna,-0.16164567,-0.25175738,1.6547198,-0.49631953,-0.5443868,1.7773929,0.05648508,1.1459377,0.7962933,0.19424802,-0.13756162,-0.3760849,-0.7150628,0.17404997,-1.4844455,-1.0929261
CCGCAAGGTTCAAGCA-1_rna,0.520804,0.6884811,-0.2011743,1.2883699,0.08644193,-0.8717684,1.651936,-0.7704762,-0.73143977,-0.96453214,0.16155374,0.3975682,-0.06868428,-0.58844864,-1.066532,-0.92760104
CCGCACACATGAGCAG-1_rna,-0.48346552,-0.48316154,-0.7110628,-0.14533472,0.963458,1.9394834,-0.9081904,-0.03051856,0.2814001,-0.119378835,-0.7697643,-1.2327611,-0.98136395,-0.5986334,-0.58145726,0.44865108
CCGCCAACAACCCTCC-1_rna,0.00456526,0.51372457,-1.4243989,1.7071425,-0.26573178,-0.37137794,1.5420806,0.6925828,-0.3091113,-0.20321068,-0.52215284,0.07166604,0.4505478,-0.83102953,0.54617655,0.32662675
CCGCTAAAGCTGGAAA-1_rna,-0.88436925,-0.9316462,1.4870725,-1.2557105,-1.820323,-0.28766724,-0.4165767,0.9098721,1.0320586,0.008816935,1.0256295,0.6390102,0.30537507,-0.013495296,-0.20411788,0.51566344
CCGCTAGCATGCTATG-1_rna,0.8778403,0.28162134,-0.116874374,0.73108196,0.45667166,-1.0419759,1.5978727,-0.8931406,-0.22548617,-1.5848658,0.14628999,0.78625506,-0.2121526,-0.14546144,-0.5774965,-1.168118
CCGCTTAGTATCTGGA-1_rna,0.30969363,0.3075707,-0.713484,1.7062911,-0.6472694,0.10322508,1.847643,1.2291925,-0.48236287,-0.7338725,-0.32908595,0.46983758,-0.02140894,-0.7059141,-0.042071756,0.12479612
CCGGTAGGTACTAAAC-1_rna,0.3918298,-0.2851401,-0.36417192,1.1379362,-1.6714257,-1.5693412,0.48075423,-1.1825768,-0.15724361,-0.41240036,0.46901524,0.6710219,0.113062754,0.09162304,-0.6636346,-0.6736574
CCGGTTAAGGAAGTAT-1_rna,0.40888682,0.20627289,-0.7226405,1.8635883,0.16926184,-0.36558875,1.6219074,-0.2051739,1.2832574,-0.65163386,-1.1156327,0.5229094,0.3198028,-0.4359416,1.521219,-1.4764338
CCGGTTAAGGCCTAAT-1_rna,0.5924412,1.7690208,-0.2755812,0.2596822,1.1773888,0.8752613,0.11216811,-0.91689926,-0.7437921,1.9259706,-1.131555,-1.1859472,1.2965692,-0.2362745,-0.86911553,-1.3678726
CCGGTTAAGTCAGGCC-1_rna,-0.15079224,-0.29899225,-1.6219562,1.5626819,-1.6220176,-0.44013685,-0.762286,-0.31414297,0.7725387,0.9393604,-0.7965925,-0.15466014,1.1056725,-0.262139,1.5538499,0.52293926
CCGGTTAAGTTTGGTA-1_rna,0.23061778,0.20659511,-0.5331051,0.95931184,0.10587451,-0.7886159,2.0553997,-0.5242416,-0.8730871,-1.1932722,0.25291303,0.37666836,-0.29315752,-0.4930663,-0.91776156,-0.58195144
CCGTTACTCTAGCGAT-1_rna,-0.09951912,0.20914628,-0.6451797,1.1635827,-0.2574404,-0.98388517,1.8085043,-0.39513153,-1.8224602,-0.31741664,0.41890022,0.21291928,-0.18247038,-0.7299985,-1.397338,0.43264028
CCGTTATGTGCTTAGA-1_rna,0.9575253,-0.30098933,1.2152481,-1.1394948,1.766195,0.1094565,0.44129616,-1.0937426,0.82983977,-1.6632452,-1.074302,-0.18746126,0.17780432,0.9056234,0.42099857,-1.214181
CCGTTTGGTCCTTAGT-1_rna,-0.08873827,-0.26906145,1.60802,-1.2272205,0.19004,1.6654383,0.9435077,0.6131179,0.35304385,1.4120094,0.13803768,-0.61923945,0.34052235,0.5929399,-0.6349696,1.4668394
CCTAAGCCAGTAGGTG-1_rna,-0.013442606,-0.20447554,-0.44600323,0.60635424,-1.8411283,-1.4506834,0.49164584,-1.0073636,-1.1369009,0.1359764,0.6876955,0.41501957,0.15455359,-0.03125519,-1.2142129,0.39750433
CCTAAGCCATAAGTTC-1_rna,0.25825232,0.6045748,-0.22875871,0.6266287,-0.46230605,-1.7362247,1.2539355,-0.96235543,-1.1528684,0.006712783,0.660178,0.20863086,-0.13479389,-0.12910694,-0.91549975,-0.2185659
CCTAAGCCATTGTGCA-1_rna,1.058218,0.7627017,0.121178515,1.0753613,0.4495521,-1.6645756,1.1149118,-0.6762845,-0.4374592,-0.94696915,0.59755665,0.78676337,-0.31163424,-0.20444575,-0.5274998,-0.92044985
CCTAAGGTCCTGGCTT-1_rna,-0.2511363,-0.10949451,-0.9906151,1.4150628,-1.2457432,0.36485508,1.6014706,-0.5763692,0.37250727,-1.6565361,-0.3744818,0.35483983,-0.09746261,-0.43635806,-0.17989181,-1.154966
CCTAATCGTGTAACCA-1_rna,0.21369684,0.034724113,0.9424887,-1.149561,0.2419857,1.0511545,0.7821758,0.08496215,-0.8176018,2.4387784,0.39688513,0.3481735,0.8833512,0.71017545,-0.26797274,2.5916114
CCTAATCGTTAGGCTA-1_rna,0.31949967,-0.14752325,-0.25562772,0.5695295,-1.431463,-1.3978558,0.62856704,-0.9157639,-0.6454527,-0.9270739,1.0504786,0.6291947,-0.39079505,-0.07251695,-1.0909107,-0.21462573
CCTACTGGTCAAGTGC-1_rna,0.5125512,0.5885014,-0.10573193,0.5231334,-0.084652804,-1.7415794,1.3875058,-0.6331528,-1.7463361,-0.2077013,1.0513654,0.3446337,-0.26077798,-0.23598239,-1.2798725,0.40991098
CCTACTTCATAAGCAA-1_rna,0.097974494,0.50802296,-0.90618914,1.8342197,-0.280681,0.015979793,2.2517598,-0.07052064,0.047215864,-0.69161433,-0.55706304,0.15714227,0.11474475,-0.5553994,-0.087082855,-0.8025526
CCTATAGCAATTAGCT-1_rna,-0.14214942,-0.10852413,1.1347034,-0.70812446,0.6960676,1.7520529,0.6920505,0.5369118,0.19962817,0.85384005,-0.12779103,-0.5977575,0.6122642,0.48305297,-0.58043706,0.8872206
CCTATATTCCTCACAC-1_rna,0.25650048,-0.6349131,2.0603077,-1.0523767,-0.32713604,-0.114074156,0.07680023,0.6367883,1.2967517,-1.6821579,0.6452569,1.1766106,-0.78425664,0.78682697,0.22440009,-1.6200681
CCTATATTCTAACCAA-1_rna,-0.3503124,-0.1883922,-1.9203043,2.0197659,-0.7905745,0.65092266,1.3324611,0.73668826,0.56538975,-0.28907016,-0.5299911,-0.06205391,0.270501,-0.665438,1.1165427,-0.07007681
CCTATTGTCCCTCAAC-1_rna,1.2752937,0.8398177,-0.14744638,0.74528956,-0.31402808,-0.5800156,1.4239988,1.3891298,-1.2843232,-0.53865033,0.63937414,0.73556566,-0.7261474,-0.3176064,-0.9248413,0.4981832
CCTCAAACATCGTTCT-1_rna,1.716084,-0.1652951,-0.9206084,0.7227241,-0.87129045,-0.39713338,-1.0071273,0.957727,0.79436207,-0.35947275,-0.5391142,1.6069597,0.47101972,0.15470596,2.0653076,0.09194302
CCTCAATGTTGGATAT-1_rna,0.99402547,0.61303717,-0.29355308,1.435024,0.1005878,0.09447412,2.2625735,0.6134123,0.41789448,-1.0745833,-0.12876412,0.87558764,-0.3475972,-0.19033182,0.110354856,-1.0902858
CCTCCTCTCGTGCTAG-1_rna,-0.17810862,-0.50493276,-1.1207986,1.6053312,-1.1143281,-0.91089976,0.9217015,-1.4462183,-0.42388338,-0.36651605,-0.28819534,0.2787755,0.30210316,-0.4055382,-0.3940406,-0.51904035
CCTCCTGAGTTCCTCA-1_rna,1.8498802,0.33501098,-0.74822235,-1.0103123,-0.14198357,-0.020034889,-1.5464505,1.6471163,0.22926271,-0.82982796,-0.3218871,1.0579354,-0.0783166,0.10817359,1.4673212,-0.28759387
CCTGAGTCAGGCCAAA-1_rna,0.7550326,-0.45070332,-0.91821307,0.97897667,-1.9326317,-0.0021255119,-0.4296369,1.5115849,0.5918529,-0.2577791,-0.09943014,0.97281426,0.47342917,0.121768035,0.9424702,1.1945971
CCTGATGAGGGACGCA-1_rna,-0.55427617,-0.7257292,1.0632638,-0.9425196,0.5794892,1.7205003,0.61040866,0.6004702,1.0028887,0.20391476,-0.32107067,-1.2873883,-0.45879447,0.11897593,-0.73728704,0.80272526
CCTGGATCAGTTTACG-1_rna,-0.026455197,-0.28921896,-0.48431638,1.0476176,-1.2968776,-0.7235611,0.87887985,-0.7735565,-0.32882872,-1.1456808,0.5197159,0.50229985,-0.43474257,-0.2566159,-1.3860321,-0.9354481
CCTGTAACAGGTTAAA-1_rna,-0.35638392,0.08118576,-1.4807415,1.4634057,-1.3760271,0.88118935,0.933147,1.1691388,0.039948203,0.22608896,-0.42729154,-0.23036149,0.6732422,-0.60188496,0.6608896,1.0858741
CCTGTTGGTCACAGCG-1_rna,-0.73212284,-0.9869342,1.2794625,-1.6581851,-1.5493882,-0.27085227,-0.78135884,0.7829896,0.73754096,0.1366309,1.4917103,0.9696501,0.4528283,0.086964995,0.28947276,1.0036545
CCTTAACGTTACAACG-1_rna,-0.48712373,0.6432288,-0.16896835,-0.76158816,-0.65131676,-1.0837148,-1.9071747,0.12161839,1.5789309,1.2233468,0.22385158,-0.99003893,0.96410626,0.6673216,0.49116683,-2.2620945
CCTTAGTGTCACTCGC-1_rna,0.18223205,1.2717323,1.3038427,-2.337012,-0.3779581,-1.4233998,0.6505432,1.5051945,1.0847732,1.9545863,0.7685933,-0.3312554,1.2480685,1.975343,0.61210144,0.07827199
CCTTAGTGTCCTAGTT-1_rna,-0.6509803,-0.3103954,-1.7823559,1.9075023,-1.4845577,0.20841722,0.7693361,0.35446486,0.426247,-0.43918952,-0.6749409,-0.060755517,0.84609467,-0.66054004,0.8356744,0.3299329
CCTTAGTGTCTATCGT-1_rna,0.25538537,0.34199622,-0.8340806,1.6262962,-0.38895965,-1.380289,1.8113397,-0.3630247,0.08122893,-0.6655096,0.10920968,0.012478592,0.15118465,-0.56679595,0.49573207,-0.70692736
CCTTAGTGTGTGTCCC-1_rna,-0.75222635,-0.11893084,-1.9098344,1.3936981,-1.4482937,0.37992713,0.4350191,0.38533202,0.08352027,0.68507403,-0.37370864,-0.30377886,0.9265124,-0.61530584,0.9674915,1.2403449
CCTTATGTCACACAGT-1_rna,1.2974907,-0.34204525,-1.11016,0.46393558,-0.97587115,-0.26994267,-1.1080351,1.7785547,-0.108374804,-0.6568664,-0.2068332,1.4134017,0.5354985,0.044795163,1.5301074,1.1563238
CCTTCGGTCACAGACT-1_rna,-0.06306925,-0.23666675,0.47879124,-0.4524268,0.59301716,2.1003275,-0.2822668,-0.14041792,0.14225121,1.3410392,-0.11710577,-0.93246347,-0.38989842,0.12131147,-0.52362394,0.5868822
CCTTGCGTCACAGGAA-1_rna,0.19000363,0.48660892,0.024370067,0.9575864,-0.044167835,-1.0425866,1.1886218,-0.64322907,-0.55718344,-1.0112162,0.4004158,0.64829415,-0.46884507,-0.2569319,-1.2420148,-1.2279727
CCTTTAGTCGATTATG-1_rna,1.2773482,0.07816301,-0.7957648,-1.0957125,0.16158348,-0.0019918424,-1.2157663,2.2211204,-0.25497136,-0.95242023,0.040473524,1.293958,-0.026244573,-0.13871628,1.2530012,0.5073338
CCTTTAGTCTAGCTAA-1_rna,-0.39612237,0.2806577,-1.577816,1.9048553,-0.27769503,0.41791585,2.2888458,0.0007937683,0.37194878,-0.30823106,-0.8475724,0.030160755,0.4892106,-0.84334683,1.0954282,-0.32584864
CGAAATGAGGGCCATC-1_rna,2.2428923,0.13553432,0.37578827,-0.22974056,0.26420522,-0.32601205,-1.2246186,1.07802,1.155138,-1.0184776,-0.6005454,1.5826634,-0.31400236,0.84328187,1.9324236,-1.4345402
CGAAATGAGGTTAGCT-1_rna,-0.24074446,-0.5578156,-0.67655104,0.0036973841,1.7744738,1.3840361,-0.81250244,-1.0000726,-0.04062426,0.043173917,-0.6035407,-0.9316432,-1.1045616,-0.69534504,-0.5849336,0.2620653
CGAAATGAGTGAACCT-1_rna,0.28649458,-0.9121623,0.9992104,-0.59400743,1.686191,1.5656492,0.7340771,-0.49130896,0.01789992,-0.4471418,-0.22372256,-0.7303804,-0.78421724,0.5731591,-0.055944476,1.6842142
CGAACAAAGGAACACA-1_rna,0.17967375,0.117557265,-0.40622026,0.75388527,-1.2602966,-1.405165,0.8145583,-0.6668283,-1.2619888,-0.3928227,0.88782775,0.25720847,-0.18134485,-0.120579034,-1.6342303,0.25671086
CGAACAAAGTCATTTC-1_rna,-0.3444919,-0.11325276,1.3170561,-0.9186165,1.1346915,0.8654884,1.2808028,0.24205309,0.73092175,-0.52504754,-0.6819801,-0.8180119,1.0979729,0.6126199,-0.84998834,-0.9455957
CGAAGGCCAACCTAAT-1_rna,0.82021075,0.12006303,1.3744389,-1.2447381,0.53931946,1.1437774,1.7549436,0.537772,-1.1399562,1.1294,0.55993724,0.56879145,0.62395436,0.75649446,-0.26271117,1.9616114
CGAATATGTGTGAGGA-1_rna,0.4911219,-0.19468918,0.22451721,-0.59992886,1.4903657,1.7316107,-0.41473457,-0.6841702,0.2766089,-0.26695287,-1.0086966,-0.8124807,0.16437373,0.36524305,-0.4044057,-0.68413824
CGAATATGTTCATTTG-1_rna,0.28473303,-0.09051027,2.2085211,-1.1445228,1.4556823,0.49257484,-0.81028414,-0.43824103,0.9346997,0.71467364,-0.24482778,-0.116981626,0.9944477,1.5790336,0.111153044,-2.0040982
CGAGGCAAGTCACCAG-1_rna,-0.9642109,0.41739497,-0.6076613,0.77010137,-0.8114205,-0.37708655,1.3830895,-0.2969194,-0.541763,-0.7568869,0.2411789,-0.32322925,0.29875654,-0.8304869,-1.1538557,-0.65789527
CGAGGTGAGGTCAAAG-1_rna,-1.8157171,0.725913,0.5598071,-1.6346315,-0.44233412,-0.33170447,-1.1882008,0.8268232,1.0051904,2.3500566,-0.032162882,-0.79022145,1.9413956,0.75199795,0.38467398,0.836332
CGAGTCGGTATTCGCT-1_rna,0.12470054,0.00041137636,0.58608276,-0.7489078,0.8734665,1.7224326,-0.570489,-0.32463825,0.19086356,0.58329064,-0.33577904,-1.0608151,-0.30896127,0.12652716,-0.9613324,-1.1716415
CGAGTCGGTGGCTTCC-1_rna,0.905083,0.5777222,0.5490871,0.6004376,-0.12645064,-1.4893014,1.3066833,-0.64546096,-0.69537455,-1.3252592,0.9981322,0.8021084,-0.6915056,-0.10830431,-1.177448,-1.0857337
CGATGTCCAAAGCGCA-1_rna,0.68575174,-0.42475423,-0.908261,0.37866864,-1.1314487,-0.1789983,-0.75423545,1.7871679,0.40352762,-0.5663844,-0.07062848,1.2068138,0.72828674,-0.3740829,1.4635432,1.040471
CGATGTCCAACTAGCC-1_rna,0.8944726,-0.5060283,-1.1260597,0.7871626,-1.6048102,0.23152871,-1.0440198,1.72411,0.12256398,-0.20231327,-0.1802013,0.919692,0.5392295,-0.07693451,0.96420676,1.1218578
CGATGTCCAAGCTACC-1_rna,0.53968716,0.35975283,-0.20577858,0.84661645,-0.6041242,-1.1806992,1.117622,-0.6237897,-1.4831583,-0.64607173,0.8482436,0.38014922,-0.3831729,-0.2403809,-1.6085205,-0.33988768
CGATGTCCAATTAGCT-1_rna,0.3999587,-0.698293,0.38882232,-0.40665743,2.1681175,1.1351557,0.36635712,-0.7360276,-0.09357637,-1.7886366,-0.52172434,-0.5517248,-0.6920988,0.24553704,-0.31345487,0.29099026
CGATGTCCAGGCTTGT-1_rna,2.0166407,0.327539,0.33465907,0.66503525,0.6446163,-0.20565435,0.39549515,-0.02255025,1.3241158,-1.2163702,-0.98935336,1.3815266,-0.034507163,0.8491682,1.8020095,-1.7404292
CGATGTCCAGGTTAAA-1_rna,-0.34150037,0.09752495,-2.1006207,1.8377659,-0.8244826,0.24149123,1.0337474,0.33055282,-0.5137254,0.59126836,-0.5883975,-0.13431124,0.52452177,-0.51136774,0.8496402,0.9408937
CGATTCCTCAGCACCA-1_rna,-0.1623547,-0.16280328,0.80480623,-0.83246005,1.2723342,1.4123263,-0.31464043,-0.6681412,-0.21227992,1.8756385,0.005170742,-0.6411661,0.06796586,0.31755173,-0.42024758,0.84140784
CGATTCCTCTTGATGA-1_rna,-1.3604393,0.051081426,0.47874683,-0.57573736,1.136244,1.0115093,-1.0758061,-0.07903836,0.9596907,1.611252,-0.61096835,-1.4681307,0.26663914,0.3033724,-0.27801844,-0.3552248
CGCAATCCAATATACC-1_rna,-0.8308142,-0.3435665,-1.8378664,1.8362383,-1.5839025,0.58095384,0.6936717,0.8604756,0.4630974,-0.17422618,-0.4659073,-0.35718745,0.6390878,-0.7815037,0.85323536,0.6179229
CGCAATGTCCCATAGG-1_rna,-0.52655345,-0.32235384,-0.44916117,0.82735467,-2.0104003,-1.482896,-0.23346171,-1.414708,-0.82036185,0.9328422,0.48841107,0.2999276,0.6483992,0.26114455,-0.79988503,0.66131353
CGCAATTAGCTTAGCG-1_rna,1.1497011,0.79724526,0.10194907,0.3938511,-0.32274505,-2.0330737,0.8531586,-0.9662515,-1.1522518,-0.28628454,1.0219998,0.5442905,-0.39699927,0.15509532,-0.7329227,-0.39615288
CGCATGATCCCTGGTT-1_rna,1.3452471,-0.3845732,-0.57283777,0.15211226,-1.0486699,0.0640115,-0.6827059,2.1449811,0.35579607,-0.94114226,-0.07372333,1.3882899,0.12812431,0.051138707,1.227057,0.8002992
CGCATGATCGTTATCT-1_rna,-1.9341297,0.66971684,0.3603856,-0.93337315,0.13342535,0.116803154,-1.3791423,0.4437509,0.762938,2.6054132,-0.23517144,-0.9980111,1.4745172,0.5533094,0.08030581,0.8341488
CGCATTACAGGTCCTG-1_rna,-1.1033452,0.48996243,0.3339808,-0.5465757,0.3049666,1.1917735,-0.5648349,0.6450365,0.42818508,2.1746552,-0.3041927,-1.1204036,0.529899,0.2694763,-0.3979356,0.7498028
CGCATTACAGTTGCGT-1_rna,0.4151371,-0.82320976,0.15048818,-0.34925824,2.0619154,1.1990572,-0.5370474,-0.92663556,0.33948475,-1.69695,-0.71932536,-0.94727683,-1.3625778,-0.11315461,-0.43068805,0.2759426
CGCCACACAACTAGAA-1_rna,0.07364651,0.17739841,-0.18455939,0.63949394,-0.9459085,-1.1216284,1.238455,-0.5701411,-1.1409256,-0.740589,0.92457104,0.20874035,-0.34583995,-0.23514135,-1.8066379,-0.21245344
CGCCACACACAATGTT-1_rna,-0.6067447,-0.17400375,-0.6067966,0.6524825,-2.0576668,-1.4184661,-0.4022926,-0.9979149,-0.78772515,1.0694015,0.5276301,0.06867722,0.6588381,0.11198257,-0.6925075,1.1191171
CGCCTGTGTGCTAGAC-1_rna,1.3299487,0.24183753,-1.1523112,0.08207907,-0.46275443,0.29988068,-0.7577152,2.3984606,-0.33600554,-0.35284156,-0.32797828,1.0865588,0.31576836,-0.1562031,1.2364299,1.2298719
CGCCTGTGTGGTTCTT-1_rna,0.20612861,-0.35811242,0.27752116,-0.28890297,2.2852013,1.2301801,-0.1323305,-1.0260341,-0.37682024,0.7921437,-0.52244353,-0.66463345,0.37329262,0.5755838,0.105364755,0.4665083
CGCTAACCAATTGCGC-1_rna,-0.12923339,-0.9208589,0.69759446,-0.683758,1.1951412,1.9320594,0.7558676,-0.20146579,0.31416434,-0.45012155,-0.14002977,-0.8254164,-0.86433023,0.055214517,-0.58916855,1.3179661
CGCTAACCATAATGTC-1_rna,-0.49881727,-0.48030946,-0.55901,-0.39131367,1.0284033,1.6342705,-1.2166952,0.16465507,0.7535477,-0.78720856,-0.9918403,-1.248826,-0.98817384,-0.3490759,-0.5703911,-0.73879
CGCTAATAGCGCTAAT-1_rna,-0.62071776,-1.0409529,1.4402121,-1.5768129,-1.2184345,0.02696164,0.23709351,0.5713957,1.3822284,-1.7031795,0.9102922,0.5950596,-0.47461864,0.20754898,-0.18292205,-1.0824388
CGCTAATAGTGAGGTA-1_rna,-0.59569955,-0.69050896,-1.0993359,1.7253854,-2.157403,-0.2508402,0.7491208,-0.35803527,0.20063917,0.042070527,-0.20162843,0.30645728,0.6329828,-0.22722986,-0.2695651,0.5668736
CGCTACTTCGTTACAA-1_rna,0.47740653,-0.43549472,-1.1921389,0.17645669,-1.2424444,-0.02942028,-1.0850762,2.0092824,0.2565415,-0.46563187,-0.24424326,0.8890051,0.45940316,-0.23856816,1.15504,1.2061747
CGCTCAGCACAAAGCG-1_rna,0.1578276,0.32731283,-0.07234234,-0.120932244,-0.84042484,-2.1986876,0.42328036,-0.90593314,-1.591076,-0.015035486,1.2213482,0.2712366,-0.09487591,0.16650704,-1.3326992,0.49979576
CGCTCCATCACCGGTA-1_rna,1.4312512,0.1393893,-1.1569346,-1.1800447,-0.16204333,-0.2681381,-1.9001024,1.9279405,-0.47121018,-0.4259001,-0.15697469,1.2785591,0.20665495,0.09783503,1.2693864,1.021101
CGCTGTGCAATCGCAC-1_rna,-0.93517256,-0.19962683,-0.76286423,-0.066920005,1.4618855,1.2602644,-1.319945,-0.67181754,0.38528797,0.77130824,-0.75797266,-1.445157,-0.4056983,-0.4056011,-0.35244268,-0.4152085
CGCTTAACACTTGTTC-1_rna,0.106427506,0.23266448,0.57949114,-1.0668668,0.68548733,0.73632437,0.52195495,0.075928874,-0.87420726,2.731574,0.25828135,0.46160227,1.0504142,0.80325073,0.21051875,2.7374306
CGCTTACTCCTGAGTG-1_rna,0.053112,0.311142,-0.43200755,0.9610561,-0.70143497,-1.1553992,1.2636946,-1.0609456,-1.0605092,-0.49153367,0.6938061,0.23224887,-0.13008355,-0.105277784,-1.4081675,-0.29696038
CGCTTCTAGTCATTGA-1_rna,0.3837601,-0.62296784,-0.03974877,-0.18405716,1.8796117,1.1163623,-0.17638253,-0.71849716,0.21330838,-1.5922151,-0.8004279,-0.87821364,-1.2005806,-0.30278015,-0.4560799,0.14484718
CGGAATCGTGAGCAAG-1_rna,1.0940487,-0.20848343,-1.0226047,-0.061310057,-0.82204866,0.20810956,-1.0648315,2.0276499,0.25972342,-0.9225739,-0.26835233,1.1167849,0.042791296,-0.29775774,1.3961965,0.88350147
CGGACAACACCCTCAC-1_rna,-1.2559072,-0.80510366,1.3225553,-1.3594499,-2.010106,-0.7029069,-1.3240666,0.43250716,1.1108581,0.83090985,1.3777686,0.35526574,0.5569653,0.34698248,0.046494864,0.3313094
CGGACCTAGGATGATG-1_rna,0.13190457,1.0510892,1.4384094,-2.5213912,-0.382185,-1.5504763,0.603917,1.1747512,1.2858869,1.7400007,0.9621721,-0.5252323,1.2214941,2.0653229,0.70838577,-0.4154394
CGGAGCAAGAGAGCCG-1_rna,-0.2605556,0.009727349,-0.89533615,1.07062,-0.9692691,-1.3618159,0.98752034,-1.4884478,-0.9287286,-0.26273733,0.25453237,0.18431205,0.17631908,-0.22845377,-0.76833385,0.09994402
CGGATAAAGCCATCAG-1_rna,0.4587858,0.6932562,-0.2883671,0.9532423,0.59492964,-1.5770687,1.6888957,-1.3955803,-1.6895704,-0.22849673,0.5261576,0.3037754,-0.10409589,-0.49777186,-1.1817513,-0.22785209
CGGATTAGTTTCCTCC-1_rna,-0.041633245,-0.6401922,0.47266597,-0.7662133,2.037102,0.45999715,-1.0212438,-0.8138029,0.6558335,-0.9292898,-0.7404555,-0.5485728,-0.8464643,0.227577,-0.16376607,-0.9617631
CGGCAATGTGTGCAAC-1_rna,-0.0843247,0.17195493,-1.2867247,1.7681113,-0.68646073,-0.18869202,2.1556268,0.24497296,-0.8030419,-0.364367,-0.28575647,0.1665974,0.18351582,-0.69194764,0.15174396,0.25714943
CGGCTCACATGAATCT-1_rna,0.17640248,-0.62346864,2.1355736,-1.3139262,-0.079947196,-0.5340183,-0.7457116,0.012465923,1.4224023,-1.7254068,0.8953719,1.1758655,-0.4225266,0.5229597,0.71491116,-1.8203874
CGGGACAAGACAGGTA-1_rna,0.7851306,-0.15011643,-0.118751585,1.1374197,-1.5030556,-1.316798,0.71426725,-0.41305122,-0.10400262,-1.2094738,0.581235,0.97211415,-0.24176389,0.1323441,-0.73175806,-0.7210372
CGGGACAAGCCTAACG-1_rna,-0.6196543,-1.1950837,1.962404,-1.7278302,-1.2604783,-0.19971944,0.11361086,0.3327468,0.7707783,-1.2876316,1.2448568,1.0367335,-0.252267,-0.049442768,-0.3028472,-0.5312489
CGGGACAAGCTCGCTT-1_rna,-0.022125307,-0.7563591,-0.39490417,-0.019175306,1.4751134,1.8851756,-0.13951023,-0.48071796,-0.20514558,-0.8432539,-0.63782084,-0.87360007,-1.3312399,-0.37827694,-0.8259052,1.1441228
CGGGCTTAGCTCATAA-1_rna,1.0700623,0.7826962,0.40860876,1.0557147,1.0163195,-1.5505878,1.1243001,-1.2534935,0.62381244,-1.0766531,-0.2961772,0.96386373,0.005877478,0.3683831,0.37846872,-2.1365223
CGGGCTTAGTAGCGGG-1_rna,0.06255381,0.5736127,-1.4140563,1.8212087,-0.6068214,-0.09718523,1.705814,0.46752313,-0.94366455,0.34008712,-0.4098208,-0.08199327,0.20463529,-0.5230422,0.13744457,0.7582638
CGGGTATGTTACTTCA-1_rna,0.7544793,0.6317092,-0.9295582,-1.2882966,-0.5068933,-0.9317038,-1.5887617,1.775934,-0.7994278,0.724727,0.036734857,0.87027067,0.6580262,0.25093198,0.8089835,1.5764809
CGGGTCTAGCAACATC-1_rna,0.36963814,0.47139585,-0.066398844,1.1586795,-0.4810034,-0.54306453,1.5510881,0.25804135,-0.19058879,-0.9827317,0.43508202,0.14492133,-0.09455252,-0.28270257,-1.2726821,-1.0053892
CGGGTCTAGGTCTTGG-1_rna,1.3670095,-0.27287582,-1.2253389,-0.019240018,-0.9002913,-0.07734685,-1.1142061,1.6935246,-0.34743473,-0.6861258,-0.05806481,1.0222555,0.10484761,-0.32042083,1.1041911,0.8639497
CGGTGAACAAGTTATC-1_rna,-0.29621762,0.14189467,-1.859657,1.4952774,-0.7962516,0.25206622,1.3449501,0.851867,-0.4360887,0.15603977,-0.43286848,-0.21547294,0.5014692,-0.9686783,0.8468909,0.99191344
CGGTGAGAGCGAAGTA-1_rna,-0.14617819,-0.08541127,-0.63100934,-0.131408,1.6534667,1.3219092,-1.180689,-0.99550134,0.050519362,-0.04234756,-0.94153947,-1.0988485,-0.92356795,-0.6276743,-0.86065304,-0.7280608
CGGTTCCGTGCTTACT-1_rna,0.4194201,0.7456454,-0.91072166,1.6673766,0.47281247,-1.3332986,1.3086685,-1.5050969,-0.6229588,0.32829282,-0.15296775,0.086698875,0.04532518,-0.6338307,-0.18409069,-0.7545874
CGGTTTGAGCATCCAG-1_rna,0.33391634,0.16420506,-0.5516065,1.5067308,-0.64945495,0.70101655,1.9661949,0.6470174,0.090942085,-1.944841,-0.17804289,0.6107187,-0.5313519,-0.46646366,-0.58154684,-1.3467443
CGTAACCCAAGGTGCA-1_rna,-1.2458797,-1.2089072,1.298683,-1.5612283,-1.5088276,0.47625965,-0.31614792,1.2485466,1.1780094,-0.3302409,1.0811377,0.5625838,0.13232762,-0.28865707,-0.13793726,0.70521545
CGTAATGGTGGTTAGC-1_rna,-0.6830864,-0.3118191,-0.7849316,1.2447579,-1.687599,-1.1131511,0.48416826,-1.3569674,-0.7716843,0.36692494,0.31699204,0.10704556,0.44205213,-0.16732003,-0.8769644,0.26199222
CGTACGGGTAGTAAGA-1_rna,0.18028569,0.11921847,-0.059596635,0.98227626,-1.4087461,-0.20801327,1.2088684,0.39896178,-0.57185256,-1.3037753,0.4622197,0.72290474,-0.27641994,-0.21509153,-1.3512133,-0.45134914
CGTACGGGTTCCGCAC-1_rna,-0.48159507,-0.27378628,-1.4245309,1.7088205,-1.5068004,-0.3550978,0.8022753,-0.7056414,-0.2130817,0.5619677,-0.5693597,0.09219743,0.9892662,-0.36221898,0.3559565,0.89785516
CGTAGCGGTAATGGAA-1_rna,-1.2318238,-0.9919073,1.3304586,-1.4926653,-1.5097212,-0.046154868,-0.467488,0.5836131,0.7390214,-0.35873318,1.3463389,0.6664541,0.34677365,-0.32055908,-0.37658122,0.65000486
CGTCAATAGTCCTTCA-1_rna,0.51276666,-0.1018605,1.6135393,-0.8395071,0.6632369,1.5768201,0.9419351,0.09156306,-0.29337466,1.0585724,0.19840202,-0.5816203,0.07312046,0.7607138,-0.6863689,0.58931273
CGTGCTGCAACACCTA-1_rna,0.34457785,-0.8331223,0.77075124,-0.5847261,1.2285434,1.5741873,0.53470796,-0.3241109,0.6447184,-1.7569132,-0.64845926,-0.8991561,-0.77194405,0.22520083,-0.3393739,0.10097635
CGTGCTGCAAGCCACT-1_rna,-0.21748592,-0.29231957,-0.62931174,1.0317943,-1.619972,-1.1505206,0.6391928,-1.1676729,-0.6930833,-0.38936114,0.49394852,0.3920253,0.2408433,-0.1884019,-1.0596048,-0.12696886
CGTGCTGCATGTGGGA-1_rna,0.09989992,0.7072144,-0.9104815,1.095937,0.9912756,-1.3613491,1.4926155,-1.6519672,-1.2390273,0.17529142,0.25575453,-0.16940464,-0.31880692,-0.665918,-0.7284259,-0.7997124
CGTGCTTTCCACAATA-1_rna,-0.009019969,0.5345947,-0.30653447,0.7960777,-0.6486047,-1.6356801,0.39245453,-1.0106934,-1.8880863,0.7531761,0.73418844,-0.065892674,0.3029505,0.12426528,-1.29158,0.87994516
CGTGCTTTCGGTAACT-1_rna,-0.30639625,0.32837957,-1.0436597,1.3559656,0.2511501,-0.9271634,1.8820786,-1.2217144,-1.320012,-0.26469952,0.25933763,-0.11967254,-0.22976536,-0.7152366,-1.2680398,-0.24641472
CGTTAAATCCACCTGT-1_rna,1.0989256,0.5451525,0.7620868,0.3351728,0.26418486,-1.8160573,1.5235621,-0.17441924,-1.2722709,-1.1584285,1.1060655,0.9772337,-0.51866806,0.00081138033,-1.2544429,-0.3299435
CGTTAACAGCTTAGCG-1_rna,0.43750542,0.08266643,0.016080484,0.3156849,-1.08829,-1.9339354,0.8120321,-0.8037227,-1.1038914,-0.34646812,1.2543117,0.46448672,-0.3625581,0.15269753,-1.3319775,0.20771447
CGTTAGTAGGCCCAGT-1_rna,1.6493206,0.052586224,0.002938482,1.0915766,-0.057049938,-0.2927317,0.23587893,0.37455583,1.6865053,-1.2380642,-0.71268654,1.4272766,0.006383097,0.5495322,1.6635554,-1.4818696
CGTTTCTCAGCTAACC-1_rna,-1.3055813,0.2462642,0.12351847,-0.8334894,0.94474864,0.54891706,-1.6192038,0.32578048,1.2034994,1.210586,-1.0003908,-1.3024396,0.86456347,0.44047737,-0.031846885,-0.99927247
CGTTTCTCATACTCCT-1_rna,1.6123117,-0.2465365,-0.9365192,0.26593798,-1.1998172,0.4663572,-0.23571572,1.7574695,0.26325536,-1.248141,-0.20072037,1.0036935,-0.11246787,0.017146409,0.25884795,-0.0690225
CGTTTGGAGTCATCCC-1_rna,-0.05984707,0.31573468,1.0664438,0.271197,-0.1791274,1.732072,-0.05105359,1.8711578,0.6462045,-0.16648042,-0.3839506,-0.27205557,-0.7423877,0.19498774,-1.5110207,-0.74465704
CGTTTGTGTCAATGTG-1_rna,-1.7109691,0.7689678,0.771024,-1.5358213,-0.30064783,-0.19330682,-1.16222,0.677762,1.0726389,2.5003135,-0.16695698,-0.92311794,1.977367,0.78941274,0.34147894,0.77893984
CGTTTGTGTTTGCAGA-1_rna,-1.0186113,-1.1297394,1.7136064,-1.4093975,-1.6436558,-0.5121223,-0.12161272,0.2966184,1.0578226,-1.1761822,1.5120361,0.89479554,-0.09914598,-0.055400982,-0.40866858,-0.32577795
CTAAAGCTCAATGAGG-1_rna,1.45098,0.40882164,-1.196455,-1.2752578,0.09968007,-0.21917143,-1.4399699,1.9993957,-0.6221187,-0.33804196,-0.25627983,1.1350218,0.18625754,0.021761417,1.2160692,1.0897056
CTAAAGCTCCTCCCTC-1_rna,-0.07462699,-0.26036718,-1.6321555,1.9736112,-1.105123,0.5275984,0.818472,0.50368965,0.6198742,0.19931932,-0.7691417,0.120855704,1.1462452,-0.52342683,1.5348184,0.44123816
CTAAATGTCAATCATG-1_rna,0.94167286,0.25414872,0.20808601,0.34302118,-0.384194,-1.6560717,0.7547675,-0.5739983,-1.4772184,-0.81430846,1.1041483,0.74303067,-0.5772194,0.0014100317,-1.4582248,-0.22543651
CTAACCACAGCTTAAT-1_rna,0.5574506,0.98323846,0.034250412,0.33429593,0.23583288,-1.5563475,1.5118847,-0.0698494,-1.7086265,-0.03497318,0.9339475,0.17648341,-0.40717041,-0.2560419,-1.5954092,0.05019838
CTAACCTGTTCCGCAC-1_rna,-0.5751659,-0.43027157,-0.24781238,-0.4495201,1.2162603,1.6805953,-0.8212272,-0.0653079,0.38050127,-0.022494588,-0.648603,-1.2585735,-0.63003254,-0.21606173,-0.9018504,-0.5448165
CTAACCTGTTGGTGAC-1_rna,-0.5140818,0.28339562,-0.94604945,1.0055368,-0.64637816,-0.9476183,1.796066,-0.48933038,-1.154269,-0.19071916,0.1738642,-0.13324644,0.18080674,-0.71325624,-0.86822534,0.30190286
CTAAGGTTCGGCCATA-1_rna,0.99608666,-0.43618008,-0.9880494,0.8222783,-1.2363019,0.38907477,-0.3549348,2.0427485,0.5320667,-1.2339779,-0.11487403,1.0541456,-0.06308372,-0.28805324,0.912964,0.37119249
CTAAGTCAGGTCATTA-1_rna,0.57803863,-0.06277771,-0.4190836,1.0560653,-0.7059477,-1.2533734,0.59211534,-1.131307,-0.24478097,-0.9965272,0.5420433,0.19855244,-0.41760296,-0.35681954,-0.7919938,-0.9641851
CTAAGTCAGTCTATGA-1_rna,0.28974748,-0.3135672,-0.257871,1.1351097,-1.7697963,-1.525882,0.3375928,-1.3946851,-0.44616276,-0.3253906,0.6798244,0.80766433,0.036248904,0.34332174,-0.6495098,-0.3980653
CTAATCCGTCATAGAT-1_rna,0.7530181,0.33876655,0.37717816,0.7508924,-0.09079984,-1.33389,1.249006,-0.5492891,-0.65177906,-1.3642526,0.74449146,0.6442667,-0.53442323,-0.027868593,-1.361964,-1.0340536
CTAATGTCAAGGTAAC-1_rna,0.8362699,-0.63976514,1.1128207,-0.9600019,2.070912,0.560972,0.38231844,-0.7405083,0.21019003,-2.0337784,-0.4970915,-0.16672081,-0.4562204,0.67498213,0.21031329,-0.3523375
CTAATGTCAGTGAACG-1_rna,-0.0009321943,-0.42519823,-0.31022394,-0.42358518,2.029558,0.8105588,-0.6997032,-0.81643516,0.5027641,-1.2344221,-0.9571102,-0.9800538,-0.7812109,-0.09940024,-0.3087,-0.63422763
CTAATTGAGCTTTGGG-1_rna,0.59178954,0.45551506,0.70120364,0.5270195,-0.24329478,-0.8825552,1.2966386,0.17654108,-1.000575,-1.6793039,1.107404,1.0379885,-0.5571472,-0.21502575,-1.4250501,-0.6744241
CTACCTCAGGTAAGGC-1_rna,0.5347962,0.428653,0.3806678,-1.4251741,-0.63210887,-0.5334982,-1.0372932,1.1529663,1.3162063,0.57691145,-0.07564871,-0.655313,-0.6385298,1.0273012,-0.05283567,-2.1651785
CTACTTAGTTTATGGG-1_rna,0.40532357,0.9331978,1.7646971,-2.3624616,-0.09393706,-1.7045256,0.877785,1.0736903,1.3024176,1.4573323,1.087494,-0.26200017,1.1404573,2.1877801,0.92089254,-0.85165393
CTAGCTTGTATTTGGG-1_rna,-0.27300546,-0.2699905,-1.4420017,1.8376629,-1.3444035,0.09268353,1.3514609,0.46350622,0.06897612,-0.7006682,-0.20347823,0.13189657,0.18320963,-0.7493348,0.0768315,0.09807057
CTAGCTTGTCTTGCTG-1_rna,1.0417266,-0.2816363,1.0910088,-0.7549892,1.879304,1.0734751,0.7237247,-0.3015218,0.488415,-2.1276188,-0.63191754,-0.111327425,-0.5131345,0.89581496,-0.016454767,-0.39289662
CTAGCTTGTTGAGGTC-1_rna,1.0014837,0.4926873,1.0586287,0.2503278,0.3981268,-1.0519671,0.8216347,0.56684244,0.7473248,-1.558779,0.24692181,0.6446828,-0.28965575,0.14279461,-0.24812564,-1.8736278
CTAGGCGGTTACCGGG-1_rna,-0.18657972,-0.5879087,1.4883883,-1.1042511,0.9431553,1.130676,0.9577314,-0.2567136,0.9246555,-0.45171243,-0.37881273,-1.0068222,0.28885114,0.7321929,-0.28065607,0.15910077
CTAGTAATCAATACGC-1_rna,0.43816128,-0.779541,0.53373563,-0.61109614,2.2323985,0.99217135,0.33730674,-0.94209164,0.035717502,-1.2656317,-0.51464117,-0.4071069,-0.46293968,0.4925961,0.12981331,0.48080182
CTAGTAATCGGTTAGT-1_rna,0.03436833,-0.45900837,-1.0937362,0.193045,2.1301324,1.0721971,-0.97517425,-1.2651821,-0.44702545,-0.118613504,-0.84916216,-0.6884247,-1.1214153,-0.35126883,-0.09300995,0.7514412
CTAGTAATCGTTTCGC-1_rna,1.8606085,0.15985808,1.0030906,0.632152,-0.9918557,-0.28130868,0.32841676,0.44005948,1.2626774,-0.7495009,0.5402404,1.6682289,-0.68530434,1.099338,1.0104986,-0.55432224
CTAGTAGGTCAGGAAG-1_rna,0.037976824,-0.06968973,-0.6884166,0.9866317,-0.93415695,-0.84574014,1.5092963,-0.7507555,-0.8533074,-0.98600656,0.2881364,0.4569785,-0.24743843,-0.42869726,-1.3689735,-0.32351744
CTAGTCGAGCAAGATG-1_rna,0.22512476,0.7041387,-1.2926095,0.9235397,-1.2273638,-0.83255357,-0.62920666,-0.66964144,0.38354912,1.4592208,-1.4548441,-0.584962,1.3120157,-0.09320825,1.1801183,0.083304316
CTAGTGAGTCCACAAA-1_rna,0.013722772,0.11584344,0.8303729,-0.61305517,0.60699147,2.0611165,0.30296457,0.3063525,0.72467667,0.2094082,-0.9336345,-1.28352,0.0013044849,0.1090482,-1.1549413,-0.62519073
CTAGTTGCAAACTGTT-1_rna,0.27186006,0.46274447,-1.3201635,1.9960396,-0.28765428,0.630221,2.0068035,1.3050531,-0.06747066,-0.19891728,-0.2904257,-0.0854191,-0.18210481,-0.71409035,0.27110812,-0.40961793
CTATGATCAGTAGGTG-1_rna,0.16786014,-0.27441627,1.2473828,-0.8631901,1.1842382,1.4533336,1.6091924,-0.1992938,0.42215395,-1.1187595,-0.5390563,-0.77251214,0.1277286,0.47033823,-0.7543919,0.12879345
CTATGGCCAGATTCAT-1_rna,1.0293788,0.61114526,0.8746896,-0.06307171,0.13751669,1.6931735,0.19762169,1.6887335,0.4736309,-0.113924205,-0.664666,-0.35299027,-0.663135,0.18196769,-0.91647017,-1.2421457
CTATTGAAGTCACTAA-1_rna,0.74762523,0.1677531,-0.97370726,0.5965368,-1.0765301,-0.2136567,-1.0646898,1.9469893,0.20158567,0.50978917,-0.282334,0.9116827,0.6751042,0.3043561,1.3445377,1.418939
CTCACTCAGTAGGCGG-1_rna,-0.21242788,-0.45661172,-0.41034025,-0.3652224,0.9944021,2.031597,-0.6338652,-0.28266737,-0.18758097,-0.51478016,-0.39532486,-0.84333575,-1.4578446,-0.7613396,-1.1673508,0.29710922
CTCAGGATCAGGTCCA-1_rna,1.2238693,-0.03822192,-0.34039488,0.9807236,-0.6270375,0.14343852,0.3860834,1.8190258,0.9686674,-1.6585038,-0.27834788,1.2074497,-0.4402659,-0.19733448,1.2463773,-0.6771797
CTCAGGATCGAGGTGG-1_rna,-0.3902154,-0.76474667,-0.27479243,-0.25611606,1.2288072,1.6596678,-0.23372898,-0.66485333,0.08967991,0.040220596,-0.35495073,-1.0467566,-1.2216653,-0.63190264,-0.56952465,1.2285676
CTCATTAGTCGACTAA-1_rna,-0.2626932,-0.193749,-1.0665084,1.6974235,-1.2225032,0.35514238,1.6495882,0.20578855,0.030850718,-1.4402405,-0.407357,0.30360278,0.033451945,-0.6357466,-0.31762323,-0.34706295
CTCATTAGTGGGTACT-1_rna,0.27183145,-0.03752562,-0.3990117,1.0367346,-0.44965026,-0.32982042,1.3740559,-0.3804185,0.6639108,-1.6613307,0.076317,0.514053,-0.42791,-0.5015677,-0.6209079,-1.7098254
CTCCCTGAGCGAAGTA-1_rna,1.2091017,0.43430957,-1.523161,-1.1192664,0.25842986,-0.23120601,-1.6414418,1.8108156,-0.7858781,-0.06298084,-0.25411606,1.0097357,0.5651948,-0.21775809,1.1423905,1.102924
CTCCCTGAGGCGGATG-1_rna,0.6934721,-0.07804911,-1.5302782,0.022033207,-0.6242826,0.47198355,-1.3263532,2.1779041,0.21002366,-0.55200624,-0.27257407,0.7280277,0.23931588,-0.38908446,1.3421959,0.89886135
CTCCGGACACAACCTA-1_rna,-0.019284962,0.6415237,0.34784523,0.22695981,-0.4923254,-1.9609532,0.34906936,-1.5361791,-1.0424451,0.1950141,0.7924008,0.25973865,0.12852924,0.026745692,-1.2108076,-0.6271131
CTCCGTCCAATTAGCT-1_rna,0.0515073,-0.6403844,1.4828428,-1.2537348,1.0254234,1.5284483,0.8827226,-0.24321075,0.7993137,-0.28299,-0.39034292,-0.99597174,-0.103787035,0.75966597,-0.36703092,0.16305067
CTCCGTCCAGTGAACG-1_rna,0.4806984,-0.5085847,0.689558,-0.81434536,1.9986283,0.6782332,0.29179317,-0.8458613,0.58421224,-1.9369193,-0.7474109,-0.5844841,-0.48091587,0.4306298,-0.15681297,-0.90540165
CTCCTAATCGAGGAGT-1_rna,-0.9453372,-0.13053632,-0.22486517,-0.52407545,1.1522787,1.1909376,-1.0284674,0.19674382,1.0671947,0.21113965,-1.0379388,-1.5308539,0.15368949,-0.08303613,-0.54453915,-0.97541034
CTCCTCACACATACTG-1_rna,1.1397386,0.24444503,1.1003016,-1.1470093,0.70066124,1.0167685,1.7157441,0.5694878,-1.3067194,1.5604472,0.5181447,0.8079136,0.7904872,1.0838861,0.07082692,2.26323
CTCCTGAGTGTTCCCA-1_rna,-0.78622663,-0.08526766,-1.7048362,1.7793308,-1.3194582,0.09522143,0.7513554,-0.28372508,0.22490248,0.25063676,-0.811865,-0.39110914,0.77988577,-0.62796205,0.757875,0.102907404
CTCGACAAGACTCGCA-1_rna,0.71818435,0.23702669,-0.5759171,0.117138,-0.1445622,0.12240679,0.18859762,2.0661829,1.5203699,-1.5891545,-0.32697535,0.30974808,-0.09861519,-0.26214087,0.7774386,-1.0322477
CTCGCTAGTACAATGT-1_rna,-0.4641044,-0.7581126,-1.0900571,1.6506552,-1.9618953,-0.5486695,0.7685358,-0.7307024,0.029117092,-0.3343215,-0.23203462,0.53893477,0.59980756,-0.306546,-0.022990858,0.3042803
CTCGCTCCACCAGCAT-1_rna,-0.13282727,0.16944496,-1.9466436,1.440002,-0.6863902,1.1664138,0.90693545,1.4543873,-0.17554586,0.46596995,-0.19235437,-0.27017713,0.56075597,-0.5485724,0.86790717,1.0156966
CTCGCTCCATCGCTTT-1_rna,-0.36607048,0.095477305,-0.89195,1.3358327,0.096054114,-0.99930227,2.1406713,-0.6238657,-0.1719149,-1.2108275,0.27064863,0.3109052,-0.24521245,-1.0462507,-0.20380092,-0.6756576
CTCTATGTCGCAACAT-1_rna,-0.79659873,-0.23758802,-1.650566,1.9362257,-1.0539993,0.7771376,0.2820634,0.73679805,0.7785838,0.28345445,-0.6954463,-0.2587983,0.8948211,-0.68550146,1.2567121,0.30498126
CTCTATGTCGTGCTTC-1_rna,-1.5641613,-1.2091203,1.1998435,-1.1996394,-2.1052802,-0.40196994,-0.6591848,0.2827667,1.0564696,-0.25187823,1.4182737,0.39085916,0.0951011,-0.25486147,-0.5756024,0.19977632
CTCTCACAGTTAGAGG-1_rna,0.49448603,-0.6791869,0.9080068,-0.77597475,1.7244284,1.1168274,0.45916352,-0.48076746,0.48869422,-1.5775335,-0.39180502,-0.3895825,-0.39893192,0.4644764,-0.010915555,0.45368528
CTCTGTTCAGGCTTGT-1_rna,-0.27691904,0.23477261,-1.1681373,1.3561095,0.029024059,0.22197554,2.1204224,-0.31290945,0.55243635,-1.169321,-0.7772941,0.0762415,0.21192695,-0.49810013,0.30500776,-1.1716657
CTCTGTTCATTCCTCG-1_rna,-0.04450929,-0.63818777,0.090680435,-0.34035257,1.6452268,1.5165453,-0.19231988,-0.8715228,0.32547566,-0.83571076,-0.7621229,-1.1999587,-0.9772236,-0.20905085,-0.5548534,0.32695368
CTCTTGATCCCGTTGT-1_rna,-0.24617071,0.31601155,-0.37825903,1.3615905,-0.6174391,-0.6373294,1.5730934,-0.35676455,-0.5549107,-0.83588505,0.19624333,0.46966118,-0.3529163,-0.46365765,-1.0725399,-0.906929
CTGAATATCTATCGCC-1_rna,-0.2159696,-0.36366135,-0.66019887,1.0173926,-1.3670559,-0.51757395,1.1972029,-0.8667449,-0.47926894,-1.2752111,0.45453653,0.46097827,-0.26574782,-0.19240615,-1.1314917,-0.46867123
CTGACCAAGGTGCGGA-1_rna,-0.2647135,-0.42018002,-0.0030508358,-0.32790872,1.3479582,1.5497577,-0.61615694,-0.66669464,0.73159003,-0.39955446,-0.8484569,-1.3122667,-0.6397743,-0.31784242,-0.77107376,-0.26849312
CTGACCAAGTGCTGTG-1_rna,1.4242028,-0.096778706,-0.6662295,-1.0039954,-0.7339594,-0.26624206,-1.4165684,2.0494013,0.1583584,-0.76689905,0.0020980034,1.2079633,-0.09056496,0.16545504,0.7881351,0.2624342
CTGCAATAGGCATGAA-1_rna,0.3238108,-0.71121085,0.3589111,-0.5593612,2.482839,0.46446913,-0.022938939,-0.74573123,0.46276534,-1.8065113,-1.0691212,-0.5639927,-0.7027371,0.5169005,0.30285543,-0.07826577
CTGCTACTCAGAAACG-1_rna,-0.01717911,-0.19166073,-0.8446844,1.3489783,-1.1149375,-0.9262409,1.0900127,-1.2478375,-0.55962193,-0.32747066,0.13692045,0.36173669,0.30263484,-0.30303067,-0.8944627,-0.3871791
CTGGACCAGACAGGCG-1_rna,-0.78150284,-0.04284244,0.520753,-0.44834757,0.021771224,1.7613275,-0.2049065,0.48974305,0.8645716,0.3907071,-0.7934824,-1.3610446,0.20317608,-0.14160374,-1.1802245,-0.52596766
CTGGACCAGCATGGTT-1_rna,-0.31518838,0.1328862,1.1795408,-0.86973774,0.63482773,1.0097871,0.44712177,0.21129991,-0.26003638,2.468157,0.09440241,-0.07640655,0.9513068,0.747603,-0.19942787,2.2874992
CTGGCTAAGAAAGGAA-1_rna,-0.10009111,-0.07315095,-1.0569141,0.7258073,-1.6399361,-0.86511666,0.4231302,0.33461678,-0.5517237,0.0020640376,0.12826347,0.3493699,0.620662,-0.25413236,-0.40554202,1.2224294
CTGGCTAAGCTATATG-1_rna,-0.052867305,-0.61471236,1.0901878,-0.8990571,1.3845336,1.5375397,0.49428377,-0.074555084,0.89480245,-1.066129,-0.761458,-0.94607806,-0.15952487,0.50727254,-0.74540025,-0.7131821
CTGGTAAGTGCTTACT-1_rna,-0.30325633,-0.02559203,-0.9355765,1.5085837,-0.47878596,-0.80729717,1.9939942,-0.9265981,-0.8042618,-0.7795843,-0.07460403,0.18562922,-0.027736597,-0.6620251,-0.68511665,-0.3617732
CTGGTCAAGAGGAAGG-1_rna,-0.12175627,0.45312974,-1.254474,1.5132034,-0.027740577,-0.30581945,1.9773074,-0.45723093,-1.0542985,-0.37921062,-0.0015567667,-0.19149807,-0.13104351,-0.9637784,-0.85091287,-0.33930367
CTGGTCAAGGCACAGG-1_rna,-0.44482177,0.15891594,-1.5866761,1.7348316,-1.047358,-0.50720453,1.0233189,-0.20858611,-0.70393795,0.956153,-0.5055295,-0.18201888,0.7798235,-0.33808026,0.15474635,0.77151895
CTGGTTACAACTAGCC-1_rna,0.58956677,1.0126176,-0.53458816,1.0654354,-0.3523669,-1.5682536,0.47200966,-0.8234521,-1.3339628,1.3425325,-0.77050483,0.28385606,0.96583074,-0.122470655,0.019494219,0.20984603
CTGGTTACAAGGTGGC-1_rna,0.06658481,0.41984797,-0.2545505,0.7215344,-0.49632344,-1.4272878,1.1068105,-0.8062798,-1.18613,-0.45669723,0.82468235,0.29028183,-0.25876078,-0.32806107,-1.3329835,-0.15819733
CTGTACCTCTCGCCCA-1_rna,1.1497658,0.00042831153,-1.0842402,-0.9792734,-0.20654023,0.24362518,-1.4452089,2.0226343,-0.32153296,-0.89044315,-0.091494024,1.0078757,-0.18824106,-0.4828561,0.89851075,0.6929858
CTGTATTTCACAAGCT-1_rna,0.043077126,-0.081736885,-0.7149102,1.9029475,-1.448988,0.031378437,1.5046088,-0.38436955,0.21683858,-0.7799166,-0.38697436,0.33314994,0.20165618,-0.47560838,-0.24111257,-0.70536345
CTGTGTGAGCGCCTAA-1_rna,0.1907166,0.6274782,-1.0966363,1.0369949,-1.4305694,-1.0987146,0.046011303,-0.62162733,-0.36575228,1.897873,-0.67755955,-0.12561685,1.4222746,0.19593877,1.0818896,1.0755783
CTGTTCATCAGTTCCC-1_rna,0.30962962,-0.8257159,0.0019397829,-0.4827384,2.4156992,0.9182881,-0.42258218,-1.1594248,0.07211265,-1.2625573,-0.59429157,-0.69268036,-1.1017116,0.080478996,-0.07003945,0.40533185
CTGTTGGAGCATGTTA-1_rna,-0.9836415,-1.167848,1.8459452,-1.6268897,-1.7133057,-0.5781518,-0.5424338,0.49335217,1.0955086,-0.2563875,1.6564263,0.8091397,-0.07415561,-0.019433863,-0.2837073,-0.10350722
CTGTTGGAGCCGCAGT-1_rna,-0.9382022,-0.8166424,2.0109458,-1.3913429,-1.3701408,-0.40778172,0.17559229,0.8507651,1.154201,0.043289922,1.213738,0.6635284,0.3286655,0.093060456,-0.20582113,-0.12045015
CTGTTGGAGGCTACAT-1_rna,-0.9850112,-1.1510969,1.6997005,-1.5228407,-1.844609,-0.7717044,-0.34823918,0.3067187,1.0085769,-0.7145313,1.612899,0.73560566,-0.35083705,0.10149204,-0.45377514,-0.24657166
CTTAACAAGGAACACA-1_rna,0.99424297,0.22637376,-0.11430238,0.744348,-0.29910618,-1.207226,0.26934004,0.39354202,1.0924761,-0.9286461,0.08058915,0.37149355,-0.5531925,0.046689786,-0.29762182,-1.3412677
CTTAAGGGTTCCTGTG-1_rna,-1.6134354,0.8967808,0.7576738,-1.5580282,-0.17186262,-0.33322886,-1.1906265,0.7199449,0.8289334,2.7194414,-0.1176086,-0.88971937,1.9016981,0.90684795,0.4387258,0.91378015
CTTAAGGGTTGGTTCT-1_rna,-0.7198948,0.049898267,1.0005149,-1.3728957,0.65700364,0.78425765,-0.038937308,-0.06728303,0.2660831,2.6849024,0.15420845,-0.36963874,0.9433483,0.90765226,-0.06838457,1.5339391
CTTAATGAGAGGAAGG-1_rna,1.3298448,1.1114316,-0.18950166,0.34554502,1.0095317,2.1628175,0.6571363,0.03369801,-0.66044426,0.77888,-0.8889917,-0.61898875,0.09336173,-0.32240626,-0.78565747,-0.84952724
CTTACTAGTTCCGGGA-1_rna,-0.43979436,-0.73341197,0.3033621,-0.50843245,0.96206754,1.870546,-0.14959556,-0.5774826,0.5326761,0.1947129,-0.46959695,-1.5508533,-1.0328964,-0.44432834,-0.81886196,0.61974096
CTTAGGAGTTACAAAC-1_rna,1.5747445,0.41899124,-1.107106,-1.215953,-0.090787694,-0.31622595,-1.645761,2.0502586,-0.5927126,-0.35006255,-0.089019015,1.1881269,0.04512012,0.1381233,1.1527741,0.9200286
CTTAGTTTCGATTTAG-1_rna,0.8011229,1.4071087,0.08601993,0.6528564,0.26339188,-1.4717574,1.0167334,-0.19234845,-2.1487129,0.6806903,0.3154442,0.20384417,0.05315286,-0.2633527,-1.2487582,0.031708308
CTTATTGGTCGACTAA-1_rna,0.54587966,-0.74167526,0.6026828,-0.3165521,2.3063884,1.1287539,0.38456175,-0.79593015,-0.2776792,-1.4137189,-0.44187617,-0.38342988,-1.0220184,0.68417555,0.053358473,1.2230347
CTTCAATTCAGCATTA-1_rna,-0.25426188,-0.80123794,1.0547662,-0.87517124,0.66782165,1.9243873,0.25238132,0.06462298,0.3645292,0.049513135,0.10733779,-0.8085057,-0.81318396,0.12298603,-0.75202376,0.68408453
CTTCACTCACACTAAT-1_rna,0.46649832,0.4477498,0.0044198176,1.0332783,-0.38188073,-1.3940885,1.4541236,-0.507422,0.732583,-1.1477408,-0.046106525,0.90652573,-0.013458855,-0.35444754,0.48678297,-1.1119788
CTTCATCCAACAGGTG-1_rna,-0.421498,0.3992168,-1.743482,1.7802175,-0.05534242,0.390682,1.7909755,0.2504841,-0.06693038,0.33427358,-0.8587758,-0.36400074,0.7497004,-1.1240715,0.9176248,-0.183425
CTTCGCGTCAGCAAGA-1_rna,0.029081393,0.04940153,-0.49339253,1.5043938,-0.69204664,-0.7467084,1.5644798,-0.45290485,-0.32188204,-1.1594305,0.25096768,0.40006623,-0.1772319,-0.3061524,-0.92664427,-0.8535019
CTTCGCGTCATGCGTG-1_rna,-0.5995509,-0.25847074,-1.0467815,1.4618585,-0.9053898,-0.30151716,1.4162585,-0.54815626,-0.41053823,-0.73263997,0.15111172,0.14182745,0.022552658,-0.49182418,-0.8337228,-0.4984332
CTTCGCGTCCGTTATT-1_rna,-0.32206628,-0.31276298,-0.35877162,-0.18921047,0.9938786,1.9789003,-0.6718918,-0.31200734,0.18206914,0.58239615,-0.5019153,-1.2342491,-0.56138307,-0.65679616,-0.84671414,0.22305664
CTTCTCAAGGAGGACT-1_rna,0.012305565,-0.10966025,-0.73608214,1.2752949,-0.9893924,-0.99020624,1.6177343,-0.73259693,-0.27478725,-1.0320766,0.039589405,0.41684738,0.0015813755,-0.62801534,-0.44499418,-0.38898867
CTTGAACAGCTAAGTC-1_rna,0.4192312,0.826676,-1.0388056,1.652476,0.4852531,-0.578968,1.7332051,-1.0555705,-0.73888636,0.10507043,0.110526785,-0.23202236,-0.5330433,-0.7491259,-0.6952901,-1.1420432
CTTGAATCATTCCTCG-1_rna,-0.52939874,-0.60925174,-1.2172819,1.8863795,-1.7927815,0.21593973,0.8690754,0.0040683975,0.36194712,-0.16336629,-0.577905,0.2931691,0.96249664,-0.3051676,0.3976849,0.3528402
CTTGACGAGTCACTCC-1_rna,0.70578724,0.80019444,0.5603748,0.2293926,0.29644236,-1.8472145,1.785532,-0.6700706,-0.8176373,-0.8258482,1.0596462,0.4325809,-0.4423914,0.060189527,-1.445134,-0.63110435
CTTGCAACACAGACTC-1_rna,0.24100024,-0.34517974,-0.12443789,1.0543948,-1.6432103,-1.7550417,0.34303662,-1.4343233,-0.21825315,-0.23131841,0.72732323,0.80383253,0.074915126,0.5029323,-0.48011252,-0.332379
CTTGCGCGTCCGGTTC-1_rna,2.2850306,0.07329273,0.7579735,0.6523676,0.175553,-0.6714809,0.02512642,0.077715814,1.214955,-0.76069546,-0.6132122,1.6749132,-0.22785738,0.75568265,1.6166118,-1.0482556
CTTGCGCGTTAACGGC-1_rna,1.0868783,-0.17405593,-1.0191233,0.94965106,-1.1864054,-1.148737,-0.15920182,0.9012984,-0.14845195,-0.8254444,0.05795531,1.1366041,0.34928572,-0.26095495,0.8261931,0.21700731
CTTGGACCAAACTGCC-1_rna,1.6384283,0.24653389,-0.9329078,-1.2284937,0.0056805015,0.067325026,-1.5960559,2.1045847,-0.42294705,-0.7964304,-0.20873381,1.1255889,-0.033316895,0.091339774,1.0390503,0.60060173
CTTGGACCACCAACCG-1_rna,0.610528,-0.424211,-0.31526583,-0.0579418,2.2445028,0.83829814,-0.5707374,-0.94884473,-0.10221703,-1.2994229,-0.88095564,-0.4617514,-1.3519723,-0.14688316,-0.16454922,0.23703867
CTTGTAAAGAGAGGAG-1_rna,-1.5984143,0.43111235,0.855414,-1.3531857,0.17778374,0.23289457,-1.2406532,0.8602617,1.5896307,1.6883966,-0.514388,-1.2241577,1.460786,0.87105453,-0.033277158,-0.23909278
CTTGTCCAGACAAGTG-1_rna,0.054531798,-0.79046744,-0.1372542,-0.29592153,1.8928586,1.1107945,-0.4813634,-0.76924443,0.29563338,-1.1904695,-0.6877292,-0.84935063,-1.5748045,-0.1357317,-0.35244837,0.37182522
CTTTAGGCAAGGCCAA-1_rna,-0.9772344,-0.96713144,1.9324442,-1.5052816,-1.288387,-0.27857107,-0.7700968,0.39660653,0.8073941,-0.056744084,1.7343658,0.91099346,0.2670081,-0.20433971,-0.05763965,0.20747161
CTTTAGTTCATGCATA-1_rna,0.91823626,0.13962494,0.31862044,0.9360219,-0.8956976,-1.6620055,0.10602342,-1.5031964,-0.25205114,-0.34221593,0.5925436,0.77255774,-0.41673774,0.35804147,-0.7469929,-1.6671855
CTTTAGTTCATTTGTC-1_rna,0.49508432,-0.34993082,-0.8325125,1.1595365,-0.998258,0.32999438,0.14204061,1.5044146,1.2926823,-1.7485031,-0.26626962,1.0147918,-0.27374214,-0.35180306,0.8777411,-0.68713146
CTTTATCAGGGATTAG-1_rna,-0.44727135,0.07659508,-0.6531096,0.9490938,-0.7346449,-0.5800932,1.8243053,-0.6764609,-0.63008195,-1.1283103,0.28908005,0.1663135,-0.09554962,-0.40463614,-1.0027884,-0.14293957
CTTTATGGTGCATCGG-1_rna,0.32913935,0.04013652,1.2164958,-1.3279407,0.25686553,1.165142,0.99535275,0.44590724,-0.75559366,2.1227033,0.46914968,0.30379677,0.71655625,0.82119066,-0.31192902,2.251968
CTTTATGGTTGTCCAT-1_rna,-0.5839756,-0.22037068,-1.4967434,1.8046683,-0.8520847,0.2582897,2.0218778,-0.30253613,0.15991953,-0.5081201,-0.65816104,-0.030254696,0.48133895,-0.63668907,0.4222305,0.0044017173
CTTTATGGTTTCGCCA-1_rna,1.4345429,0.1549831,-0.9634262,-0.84900755,-0.08856596,-0.3586075,-1.3161492,1.9839712,-0.5296656,-0.86830175,-0.19035938,1.2325275,-0.21035565,-0.28680298,0.8916239,0.8923748
CTTTCTTGTACCGTTT-1_rna,0.7896587,0.022926986,1.322127,-1.6434869,0.16478638,0.96649504,1.2901456,0.43227094,-1.0274732,1.4609314,0.690516,0.77177286,0.60009646,0.8544189,-0.09749465,2.0773673
CTTTCTTGTCCAAATG-1_rna,-0.018251946,-0.5331615,0.25603497,-0.32460478,1.0418139,1.9816828,-0.5139577,-0.25807652,0.2896392,0.8390127,-0.48224518,-0.6359022,-0.75641716,-0.1387882,-0.7461382,0.291728
CTTTGGTGTACCTTAC-1_rna,0.9250739,-0.38340724,-0.10805461,-0.26336357,2.7846801,0.5944532,-0.94870937,-1.2613474,0.11405408,-1.7088493,-1.2788666,-0.48494107,-0.8714508,0.3698613,0.28035426,-0.5208971
CTTTGGTGTCGCATAA-1_rna,0.15172744,-0.19214602,-1.077152,1.4062232,-1.6079272,-0.73473084,0.3766485,0.07386756,0.37571338,0.18442054,-0.31127265,0.45671427,0.8628515,-0.4330116,0.75560856,0.12444841
CTTTGGTGTCGTTATC-1_rna,0.46285206,1.2282339,1.5969422,-2.3301392,-0.008717424,-1.6381075,1.0653769,1.0410373,1.1081985,1.5511053,0.9727471,-0.37769306,1.2534739,2.0496407,0.9241171,-0.5730609
GAAACCCGTATTTGGG-1_rna,-0.4502283,-0.051394768,-0.95774066,1.164483,-1.0564007,-0.73730296,1.3744506,-0.7762003,-1.1454349,-0.4953065,0.27974215,0.015286096,0.039702985,-0.61345106,-1.1188614,0.13057041
GAAACCCGTGACCTGG-1_rna,0.18463013,0.50621104,0.12797879,0.6537032,0.56007034,-1.2158062,1.8420585,-0.91645235,-0.93689,-1.1577374,0.57297426,0.15207818,-0.50390244,-0.693515,-1.3830595,-1.1144809
GAAACTGAGCTAGAAG-1_rna,0.9187537,1.9984934,0.08386624,0.18806067,1.1929295,1.2797222,0.71993643,-0.6375212,-0.71758527,1.5696182,-1.1935349,-1.0899339,1.2294338,-0.26721612,-0.7786541,-1.6350787
GAACACAAGGATCACT-1_rna,-1.3101146,-0.962621,1.0004327,-1.0961936,-1.4646976,0.44912773,-0.79807544,0.8153313,0.34653002,0.32918078,0.42114034,0.24385966,-0.1048104,-0.47022352,-0.4429561,1.4328669
GAACCTGTCATGTGGT-1_rna,0.9257079,-0.53776944,0.12605393,-0.39752594,2.6003125,0.8405949,-0.15347366,-1.0352998,-0.14252466,-2.0823367,-0.90928143,-0.33690274,-1.0159377,0.3294383,0.13991524,0.16356581
GAACGAATCATTGCGG-1_rna,-0.19710481,0.16601805,-0.11887933,0.3713414,-0.7666851,-1.0258987,0.6634819,-1.0545895,-1.3038403,-0.29133594,0.91533124,0.3406225,0.06409457,-0.3572972,-1.567844,-0.03132855
GAAGCTAAGGACCGCT-1_rna,0.6359085,-0.5518605,0.10076101,-0.42547494,2.4932566,0.6574651,-0.2962487,-1.1473707,0.19626158,-1.83366,-0.9345055,-0.6163306,-0.8003319,0.104221255,-0.06958432,-0.23445672
GAAGCTAAGTCTGGGC-1_rna,-0.0022723593,0.21222425,-1.6246666,1.3884896,-0.96829706,0.3040514,-0.06414316,0.7552437,0.08709942,1.2746806,-0.6364392,-0.07950085,1.1363775,-0.18528192,1.7754999,1.3600087
GAAGGAACAGAAATTG-1_rna,0.6333019,0.24508454,0.18451072,0.043782324,-0.6959077,-1.61286,0.42182186,-0.71486294,-1.2270728,-0.890517,1.1898292,0.49305832,-0.54710346,0.122986555,-1.4465755,-0.4989504
GAAGGCTAGGCAATAG-1_rna,-0.80605423,0.42084014,-1.9114596,1.7391529,-0.8852621,0.49948403,0.8876744,0.5882838,-0.42507085,0.88235635,-0.6155174,-0.80321646,0.5185019,-0.7949309,0.52112174,0.76939493
GAAGTAAGTCGTAATG-1_rna,-0.6367246,-0.053290952,-1.4877703,1.2932024,-1.1782995,-0.8254406,0.96252036,-0.64654475,-0.5631631,0.8259161,-0.58716464,0.109106734,1.1916579,-0.2947508,0.6254343,1.3559942
GAAGTAAGTCTTTGAC-1_rna,-0.13676767,-0.17516527,1.1418211,-0.32606792,-0.08662318,1.226653,0.76053035,2.0811381,0.6538163,-0.5890484,0.01664814,-0.45536518,-0.9307821,0.4713317,-1.433919,-0.113891385
GAAGTATAGGAAACTG-1_rna,0.32378653,0.28342727,-0.036649432,0.5644473,-0.8374556,-1.5461979,0.94508857,-1.2827971,-1.3579379,-0.81943876,0.99690425,0.6216709,-0.34391427,-0.15152201,-1.5579062,-0.20441057
GAATTTGTCACAGCCA-1_rna,0.090694666,-0.797331,0.19155723,-0.29540047,1.8800323,1.25834,0.043582402,-0.7038895,0.17748423,-1.5717115,-0.5565152,-0.89692485,-1.1148686,-0.11322182,-0.51488674,0.40601113
GACAATACAGCAAGAT-1_rna,-1.8777317,0.68428636,0.65193546,-1.1107204,0.0048268717,0.008943744,-1.4159076,0.49135387,1.0890986,2.3209035,-0.42105207,-1.0900978,1.685461,0.735788,0.085837066,0.31699583
GACATTATCCATAATG-1_rna,0.83187956,-0.5707161,-1.816332,0.47637114,-1.4764268,0.046396278,-0.7962338,1.139256,0.203848,-0.52855825,-0.394769,0.85404754,0.45169097,-0.24144182,0.98689497,0.7938781
GACCGAACAACTCGCG-1_rna,0.33383894,0.49675918,0.1415939,0.46403384,-0.36112878,-1.7760135,0.85108393,-0.92159164,-1.301643,-0.66727257,1.2860914,0.25993568,-0.48336688,0.015072133,-1.343831,-0.40610957
GACCGAACAGAAACGT-1_rna,0.5106276,0.57302827,-0.17532122,1.1004368,-0.24248607,-1.0191627,1.8150048,-0.19003586,-0.6474922,-0.5960583,0.6537749,0.38248163,-0.54652447,-0.10068802,-1.145393,-0.6576303
GACCGAACATGTTGGC-1_rna,0.19366488,-0.05775552,-0.3433835,-0.5244787,-0.7158418,-0.13205796,-1.2446502,1.866865,1.0489625,-0.894019,-0.13557473,0.41067544,0.07741122,-0.26400286,0.85106903,-0.934923
GACCTAGTCCTGATGG-1_rna,-0.26929218,0.28666392,-0.96616656,1.0082668,-0.27468756,-1.3820643,1.1630782,-1.3877947,-1.2139559,0.121199474,0.22009304,-0.10079429,0.1699457,-0.44267738,-1.1326554,-0.26325318
GACCTGATCATCCTCA-1_rna,0.07566597,0.070058934,1.4420438,-1.3864541,0.21853198,1.289179,1.0732173,0.5142663,-0.17189512,1.9274404,0.34602353,-0.2636516,0.7271424,0.8276322,-0.43204817,1.8853464
GACGCAACAATTAACC-1_rna,-0.37999886,-0.558745,-0.84010893,1.2672389,-1.8158011,-0.71329784,0.7179372,-1.1798247,-0.562581,-0.38989684,0.26382428,0.44565034,0.18800126,-0.36909553,-0.9871324,-0.033571877
GACTATTCACGTAATT-1_rna,-0.21776721,0.010061869,-0.46741247,-0.34118795,0.9490044,1.5730814,-1.620304,-0.49621725,0.18205966,1.0089654,-0.803401,-1.2210923,-0.40257886,-0.31618324,-0.3194454,-0.6497086
GACTATTCAGTGAACG-1_rna,1.1680543,0.15576042,-1.0107008,-1.2228043,-0.25895265,-0.21087338,-1.7237037,1.8625371,-0.28544423,-0.42693907,0.060320634,1.199626,0.047748134,-0.10093242,1.0967062,0.9078243
GACTCACCACCACAAC-1_rna,-1.23961,-1.0800503,1.9906172,-1.5743127,-1.300422,-0.4459208,-0.7255938,0.022405077,1.0603586,-0.6050542,1.4413114,0.63171494,0.18561345,0.0254917,-0.36982882,-0.8085652
GACTTACAGCTACTGG-1_rna,0.38670516,0.50149214,-0.131877,0.7431302,-0.79842305,-2.031006,0.57458633,-1.3069046,-1.3530252,0.51783365,0.6041093,0.3768558,0.29334486,0.04694411,-1.0631295,-0.1284681
GACTTACAGTGGCGGA-1_rna,-1.6635811,0.81270343,0.47780666,-1.2439889,-0.25915515,-0.079346456,-1.2695628,0.8044079,0.8740689,2.658135,-0.13214782,-0.9012199,1.8094536,0.8051691,0.41831434,0.9038299
GACTTAGGTACTTCAC-1_rna,0.14121358,-0.32047296,1.525855,-1.2923644,0.76408976,1.5379343,0.9200804,-0.0372787,0.17375253,1.0334041,0.24974695,-0.6383136,0.2406964,0.56374097,-0.698767,0.8074519
GACTTAGGTTGTTGTC-1_rna,-0.19338626,-0.3487608,1.1113255,-0.7689865,0.32586148,2.0068262,0.47797573,0.54321456,0.29048586,0.15592644,-0.16354771,-0.9738699,-0.64065146,0.10141176,-0.9765921,0.7041257
GACTTAGGTTTAAAGC-1_rna,0.0524865,-0.7711743,1.2981808,-0.7817006,1.7453437,1.3091433,0.94279224,-0.7543187,0.4684871,-0.5057579,-0.11295819,-0.8241147,-0.3748089,0.66345876,-0.22718306,0.8112574
GACTTGGTCATTAGGC-1_rna,0.68246776,0.5860583,0.031207608,0.32292992,-0.12038406,-1.9898643,1.302566,-1.0404297,-1.3656745,-0.15711918,1.1184855,0.2565947,-0.26070973,0.19840199,-1.3810834,-0.21583374
GAGAAACGTAGCCTAA-1_rna,-0.12085868,-0.59018296,-0.73757404,0.8336403,-1.6441787,-1.0990446,0.50192046,-1.452919,-0.79708785,-0.41707283,0.3035528,0.62020767,0.13246459,-0.33621803,-0.8269975,0.10527597
GAGATAAGTTCACCCA-1_rna,-0.105178535,-0.4146403,-0.6982899,-0.1384781,1.9455999,1.4674551,-0.543908,-1.4368963,-0.4536024,0.7891593,-0.47602051,-0.8751001,-0.70492965,-0.66759855,-0.322463,0.83385134
GAGCAAATCATTGCAA-1_rna,-0.31808975,-0.2584009,-0.31452578,0.6592211,-1.8598093,-1.6571454,-0.07561139,-1.2585871,-0.96053886,0.72968394,0.5926572,0.36422095,0.6059001,0.3040915,-0.7488357,0.64815193
GAGCAAGGTAGACAAA-1_rna,-0.6655191,-0.06800013,1.3718345,-1.275518,0.28305033,1.4540848,0.5141352,0.47534987,0.66686416,1.485759,-0.0145180635,-0.9889211,0.80296224,0.4761464,-0.6657957,1.1977178
GAGCAAGGTTGTTCAC-1_rna,-0.584337,-0.11424291,-1.3857013,1.5157195,-0.78655565,-0.52590364,1.7099652,-0.43079287,-0.52760905,-0.7534201,-0.21735102,0.058866374,0.2786505,-0.7443162,-0.33799306,-0.022851683
GAGCCTTCAGCCTGCA-1_rna,-0.5067768,0.13885912,-2.076001,1.7212509,-0.8078476,0.744546,1.0999614,0.50704885,0.2669288,0.07778581,-0.75189155,-0.580364,0.7596528,-0.9217869,0.9566217,0.13068807
GAGCCTTCATTGTCCT-1_rna,1.5061561,-0.12551485,-1.1898234,0.4107616,-0.4145716,0.5476211,-0.5753294,1.9682842,-0.17520264,-0.7495074,-0.46425283,1.2958463,0.28741008,-0.09881444,1.537632,1.050749
GAGCGATAGTTATGGC-1_rna,0.083350234,0.0028990246,-0.14124219,-0.43664238,1.1324481,1.1926516,-0.91488844,-0.077732444,0.920057,-1.1771543,-1.4422538,-0.9923623,-0.2771642,-0.11346412,-0.5788467,-1.6012837
GAGCGGTCAAGGGTTG-1_rna,-0.62515604,-0.7724217,0.12691718,-0.30624914,0.76897454,1.9535387,-0.43871903,-0.18227656,0.48224488,0.44595203,-0.5465655,-1.2410557,-0.68521166,-0.34719044,-0.5550628,1.1469725
GAGCGGTCACCCTCAC-1_rna,-0.519413,-0.9229738,1.5030476,-1.6263369,-1.2185962,-0.6724906,-0.101789296,0.5283396,-0.049997646,-0.9558457,1.5537932,1.0057793,-0.25363842,-0.36412638,-0.56523675,0.26492205
GAGCTAGCACACCAAC-1_rna,-0.6567646,-0.78401524,2.0325158,-1.638459,-0.99424946,-0.2595041,-0.04649373,0.4928796,1.0269095,-1.0360328,1.1200885,0.7725186,-0.3534906,0.22199938,-0.2018369,-1.0136654
GAGCTGCTCATAACTG-1_rna,1.3199761,-0.15796378,-0.08914137,0.94420236,-1.3493085,-0.6486686,-0.6463685,1.4766332,0.6861389,-0.021878822,-0.031314984,1.6239592,0.7043769,0.29032055,1.5698084,0.8802026
GAGCTGCTCATGCCTC-1_rna,0.72167575,-0.45728526,0.40010014,-0.3939349,2.0310578,0.92417085,0.24966441,-0.7896466,0.47702074,-2.2890844,-0.95672596,-0.63574576,-0.66576934,0.31705505,-0.025277767,-0.17546839
GAGCTGCTCCATAAGC-1_rna,-0.14047615,0.19292222,-0.8726134,1.273327,-0.3565353,-0.4134851,2.0874443,-0.41228956,-0.88419795,-1.4673889,0.34656048,0.3993156,-0.5611076,-0.51826435,-0.9575735,-0.2232756
GAGCTGCTCCTGTTCA-1_rna,1.2359208,0.03178922,-0.74471205,-0.49495962,-0.27735144,0.5122526,-0.57999915,2.444703,-0.027415317,-1.2284758,-0.17216213,0.800655,-0.68343884,-0.21950175,0.7434193,0.30703846
GAGCTTGTCACGCGGT-1_rna,0.5726545,0.7781255,0.041576285,0.12841462,0.6570536,-1.026341,1.488532,-1.2757937,-1.6991009,-0.19746225,1.0059044,0.2714038,-0.039557308,-0.34380955,-1.3529863,-0.00062005216
GAGCTTGTCCTCCTAA-1_rna,-0.45963907,-0.82633704,-0.029793572,-0.30592892,1.2442137,1.8619808,-0.29070228,-0.20174493,0.1859623,-0.35747388,-0.47547442,-1.1158177,-1.2795855,-0.43270892,-0.91952634,0.70537436
GAGCTTGTCCTGAATA-1_rna,0.34984365,0.29010645,-0.12983823,0.6457464,-0.92559606,-1.9127046,0.8689332,-0.9219226,-1.2379409,0.0420888,0.89545476,0.49717018,-0.057808276,0.040723234,-0.86266536,0.1340304
GAGGACTAGCTAAAGG-1_rna,-0.18413864,0.37591523,-1.4314344,1.2942606,-0.17524983,0.36078426,2.0908897,0.32300013,0.04366677,-1.1993604,-0.6845268,-0.07890908,0.005170351,-0.8535564,-0.13840327,-0.78304523
GAGGAGGCATGCTATG-1_rna,0.4763157,-0.6153754,0.10233718,-0.5891947,1.9916403,0.90745395,0.047837578,-0.67193013,0.51708806,-2.29165,-1.0656497,-0.6533001,-0.66820633,0.11084075,-0.24785052,-0.6636173
GAGGCTTGTATTGAGT-1_rna,-0.25890723,0.5701038,-1.518193,1.5836159,-0.6182126,0.14163378,1.5792083,0.63592976,-0.74878454,0.1066223,-0.36531878,-0.50879836,0.33052403,-0.9175473,0.18060929,0.49709415
GAGGGAGCAAGGGTTG-1_rna,-0.7426167,-0.2914506,-1.2452817,1.5532421,-1.3663616,0.07472748,1.2920682,-0.5903558,-0.6657581,-0.6776921,0.317088,0.24409544,-0.034253497,-0.523495,-1.2383629,-0.12064283
GAGGGAGCAGCATGTC-1_rna,-0.88542736,-0.45853752,-1.6435926,1.3129039,-1.854649,0.06320984,-0.013287165,0.30715457,0.26346368,0.4786002,-0.45192212,-0.1951116,1.046927,-0.41447657,0.7837798,1.3412704
GAGGTACAGGACCGCT-1_rna,-0.5052501,0.41923514,0.12580743,-0.9029141,-0.48986855,0.70289457,0.104009256,0.5527056,-0.5321923,2.6494095,0.29129168,-0.078124784,1.0886106,0.34752062,-0.15540229,2.7236643
GAGGTAGGTAGGTTAT-1_rna,0.670753,-0.040362053,-0.2547682,0.8420279,-0.65477175,-0.8578793,0.9892833,-0.5207216,-0.5087003,-1.7972074,0.5317309,0.68696326,-0.5907576,-0.13427222,-1.088101,-0.8284178
GAGGTGAGTAAGCACC-1_rna,1.5693061,-0.108090736,-1.0302167,-0.48865837,-0.45532623,0.17497055,-1.4603461,2.0700886,0.08278301,-0.6217901,-0.17912516,1.4476148,0.27655378,-0.0028077364,1.745598,0.8870066
GAGGTGAGTAGCCTAA-1_rna,-0.26852673,0.37345067,0.41949558,-1.2862645,0.067518376,0.5643342,0.29966444,0.27050856,-0.7281642,2.8897414,0.44194907,0.21244554,1.271189,0.489435,-0.0067668594,2.8186758
GAGGTGAGTAGGTTAT-1_rna,0.43180192,-0.54506207,1.816383,-1.1287558,1.2137055,1.5814977,0.8824371,0.19005209,0.6069258,-0.74008155,-0.28401294,-0.78569144,-0.09192562,1.2007095,-0.36129966,-0.222276
GAGGTGAGTGTGTGGT-1_rna,-0.6095804,0.08159922,-1.9743156,1.8781362,-0.8144973,0.80122834,1.0387961,0.3910294,-0.13575113,0.53587985,-0.34433267,-0.55920386,0.4709558,-1.0697886,0.23504786,0.3909244
GAGGTGAGTGTTTCAC-1_rna,0.067596965,0.21336626,-0.17069423,0.39648727,-0.98235,-1.1834399,0.9873378,-0.42790508,-1.0521679,-1.0739548,1.1733949,0.40726793,-0.6083667,-0.45581928,-1.7884469,-0.4014526
GAGTAACCAGATAGAC-1_rna,0.27784002,-0.6293273,0.12676589,-0.381589,2.2624946,1.0400349,-0.47989568,-1.1264839,0.12789401,-1.531893,-0.8868289,-0.8379582,-0.8268964,0.06473113,-0.3846407,-0.16854289
GAGTAACCATGAGCAG-1_rna,-0.41798684,-0.5379777,0.52100384,-0.37921646,0.950194,1.891117,0.30245224,-0.4615281,0.3457899,0.36209613,-0.23253334,-1.2155838,-0.71231085,-0.2881864,-0.8055749,0.90707123
GAGTGATCAATAACGA-1_rna,-0.74947965,-0.04537081,-0.3683253,-0.1901018,-0.8720106,0.7825254,0.2940869,1.096789,0.585326,-0.7587569,-0.1681409,-0.216888,0.9023508,-0.44397426,-0.94776946,-0.0103867445
GATAAAGGTTTATGGG-1_rna,-0.59987587,-0.6785746,0.770049,-0.5770244,0.90690583,1.7074027,-0.4539552,-0.17217748,0.72489023,0.5196983,-0.38020444,-1.2139443,-0.40312004,-0.08153327,-0.6867545,0.37629274
GATAACGAGCTTAGCG-1_rna,1.4743776,0.27965638,-1.3060554,-1.1153696,-0.07103353,-0.26299983,-1.7204615,1.8007315,-0.86109096,-0.2411468,-0.18557817,1.1514447,0.4219432,-0.047110848,1.0550132,1.2437533
GATAACGAGTCAATTG-1_rna,0.19390625,-0.64044875,0.21208122,-0.502379,0.80867314,1.9807476,0.20993404,-0.3142189,-0.52843046,0.6164045,-0.042538133,-0.8373776,-1.3472608,-0.15501301,-0.7577043,1.6928117
GATAACGAGTTAGCTA-1_rna,0.1436809,-0.18435965,-1.1847193,1.3875232,-0.95880973,-0.06044408,0.75840026,1.3458556,0.2563988,-1.2927774,0.026807792,0.50768477,-0.41671702,-0.8602246,0.35753933,-0.4614935
GATAAGCCAAGACTCC-1_rna,1.3685842,0.21699584,-0.2627121,1.4213415,-1.0889871,-1.51444,-0.05197039,0.016354632,0.47475258,-0.2085107,-0.44876805,1.1592711,0.48364487,0.2792863,1.2977103,-0.6034027
GATAATCGTACAAAGA-1_rna,0.5036201,0.7333868,0.21710302,0.43755317,-0.18437271,-1.8524427,1.3549176,-1.0799218,-1.4111013,0.08337333,0.5300171,0.28870288,0.2076218,-0.31815425,-1.0832539,-0.009267663
GATAGACCACTCAACA-1_rna,0.8029259,-0.07298022,2.329257,-1.1116965,1.4359355,0.9647776,1.8123525,0.14133036,0.24631307,-0.348391,-0.25507045,0.14201774,0.9673219,1.5767224,-0.3295599,-0.37770218
GATCACTAGGACCTCA-1_rna,-0.15404812,-0.9423851,1.8009099,-1.6771795,-0.92618865,-0.5335134,-0.38779375,0.267556,0.8380377,-1.7456295,1.1372819,0.9706103,-0.43451273,0.23132944,-0.12250873,-1.2720116
GATCAGTTCAATCATG-1_rna,1.0909622,-0.504869,-0.20374563,-0.16773708,2.425869,0.68241775,-0.32845533,-0.88984746,-0.19210245,-2.1761768,-0.8559073,-0.48265478,-1.336219,0.02221845,-0.13792342,-0.019360762
GATCAGTTCGGTCAAT-1_rna,-0.70236605,-0.7395232,1.4042972,-1.823941,-1.0762503,-0.1310678,0.2533168,1.1627283,0.5375965,-0.8785785,1.1539416,0.8394931,-0.057424918,0.029761717,-0.006872519,0.12208573
GATCCGTCAGTTAAAG-1_rna,0.16829671,0.26431596,-0.13998164,0.44806862,-1.1982423,-1.8120027,0.32915905,-0.9147238,-1.4600873,0.17521884,0.77973604,0.37889475,0.28002304,0.0631308,-1.3979331,0.24544582
GATCGCTCATTAGCCA-1_rna,-0.23924233,-0.5822012,-0.3626294,1.0509142,-2.0616524,-1.2482443,0.44020706,-1.1410428,-0.2779297,-0.48161516,0.5702489,0.6151947,-0.0032554828,0.16708276,-0.9676087,-0.41563112
GATGCAGCAAGGATTA-1_rna,0.34166473,-0.81480986,0.61311495,-0.6964336,1.9767914,1.3067511,0.43927202,-0.5946817,0.054563917,-1.1087343,-0.28122073,-0.58252215,-0.84832007,0.19733301,-0.4481346,0.24625772
GATGCAGCACGTTACA-1_rna,0.36671007,-0.66137,0.21832496,-0.5337259,1.3482469,1.6459435,-0.4251228,-0.29939923,0.30302805,-1.5894903,-0.7538009,-0.8497736,-1.304052,-0.13336803,-0.75284255,-0.28713945
GATGCTTAGGAGCACG-1_rna,0.25385523,-0.35478655,-0.9675883,1.7028223,-1.5117542,-1.164369,0.85220736,-0.5234913,-0.046756063,0.117812105,-0.27907708,0.62377197,0.7680853,-0.12323943,0.6104984,0.4031235
GATGGCTGTACGATTG-1_rna,0.7252139,-0.5321593,0.77474374,-0.73422164,1.8556215,1.2930721,0.85838586,-0.29003695,0.062194545,-2.0767171,-0.6573342,-0.20713426,-0.39436072,0.6450054,-0.09941891,0.19844468
GATGGCTGTCCGCTGT-1_rna,-0.035716243,-0.13256404,-0.88664174,0.049488187,1.2071319,1.8129172,-1.0193216,-0.4073812,-0.43590996,0.5280334,-0.54685056,-0.9447309,-1.1675888,-0.59973747,-0.5320428,0.16399556
GATTACGGTTGGATCA-1_rna,0.1870012,0.75062245,-1.8069743,1.3932552,0.2144388,-0.08025007,1.6055974,0.4063609,-0.71234345,0.18474399,-0.49839476,-0.36555144,-0.04428299,-1.0012634,0.2766548,-0.20666015
GATTACTCAATTGAAG-1_rna,-0.45356008,-0.15007493,-1.7756671,1.7826692,-0.99174577,-0.010295783,1.3370243,0.52254033,-0.56930375,-0.029565023,-0.37992576,-0.07040169,0.42571402,-0.77899694,0.30869153,0.9410926
GATTACTCAGGAACTG-1_rna,-0.9630367,-1.0864546,1.7469106,-1.4140456,-1.8159562,-0.9756858,-0.89010656,0.16255236,0.9481454,-0.12957448,1.6802047,0.8689491,0.23445249,0.094927706,-0.14630625,-0.003972687
GATTACTCAGTTAAAG-1_rna,1.0805984,0.18917209,-1.3973256,-1.0618426,-0.03739749,-0.3055087,-1.9080596,1.7216946,-0.56865776,-0.27755943,-0.17898461,0.9921625,0.4558337,-0.10420233,1.1488025,1.1154532
GATTAGCTCCTTAATC-1_rna,-0.90399617,1.3650529,-0.3236548,0.27711713,0.7524919,0.08659593,-1.2106721,-0.37326184,0.48951855,2.4552944,-1.3359711,-1.2725458,1.5335689,0.26974785,0.177993,-1.8447438
GATTAGCTCTAAGTGC-1_rna,0.36383668,0.34037882,-0.9726376,1.8307105,-0.26013917,-0.06057319,1.7925007,0.1751522,0.9514862,-0.51261514,-0.91821957,0.42531362,0.5930991,-0.54681,1.3491852,-1.0350683
GATTATGTCAAACACC-1_rna,-0.5224176,-0.87106943,1.6545168,-1.6712139,-0.9793559,-0.721665,-0.31407928,0.49253368,1.4440216,-1.1544293,1.3466659,0.86694515,0.07737215,0.22763196,0.360554,-1.0890625
GATTATGTCCTCACTA-1_rna,-0.5453563,0.0766663,-1.072687,1.8254889,-0.4670993,0.59766376,2.123851,0.2761133,0.09460051,-0.87591374,-0.41881755,0.38067314,0.37500268,-0.72742355,-0.31566334,-0.23969495
GATTCAATCGCTTCTA-1_rna,0.23656544,0.5174662,-0.380953,0.8831883,0.07732414,-1.8444748,1.5113014,-0.75908655,-0.10357503,-0.66965395,0.01717109,0.53409636,0.4650539,-0.64413416,0.46636397,-0.7267798
GATTCAATCTGTAATG-1_rna,-0.4807109,0.4202095,-1.5788655,1.809365,-0.81592214,1.0718468,1.0611584,0.80921644,0.27801174,0.19524027,-0.833611,-0.80092627,0.69877905,-0.8429706,0.58054817,-0.35992098
GATTGCAGTGAGGTGA-1_rna,-0.20199539,-0.5258073,0.8858896,-0.3835195,0.7520319,2.1164794,1.0293221,0.48684755,-0.062746085,-0.7614348,-0.20783567,-0.5356413,-0.25591367,0.100406624,-1.0534296,0.63814104
GATTGGCGTACCAGGT-1_rna,-0.6677414,0.029323485,-1.9752522,1.820103,-0.59123945,0.24020147,1.5325332,0.62760204,-0.43655816,-0.19554852,-0.3910909,-0.4950562,0.15088294,-1.2071394,0.16738342,-0.2000967
GATTGGCGTGTTAGCA-1_rna,-0.40496677,0.19708873,-1.9463654,1.3694228,-0.9437836,0.070314206,0.66174835,0.4936964,-0.7376784,1.2636527,-0.13530985,-0.33822304,0.57051367,-0.5395022,0.5168581,1.6436651
GATTGGTTCATGCTCC-1_rna,-0.2874731,0.27068073,-0.37028444,0.8778137,-0.5021575,-1.1478993,2.2031837,-0.26156273,-1.0443096,-0.8030233,0.4462583,0.25189757,-0.23430665,-0.6059597,-1.1091217,-0.0063357567
GATTGGTTCCCGAAGC-1_rna,-0.6491061,-1.2252253,1.5535563,-1.1203928,-1.4950486,-0.22616251,-0.68105036,0.5657921,1.0206995,-1.0991054,1.3597562,1.0562022,-0.1367144,-0.2562123,-0.13617742,-0.36607364
GCAAACAAGCAAACCT-1_rna,0.3380454,-0.6465556,-0.4389343,-0.29304096,2.217339,1.1014075,-0.38592213,-0.9927498,0.22127722,-1.6330675,-0.9908468,-0.919012,-1.1191978,-0.3228394,-0.3046802,0.0002715215
GCAAACTTCACTCAAA-1_rna,-0.020896684,-0.4009027,1.4032927,-1.2419711,0.30248734,1.818727,0.9469737,0.4617856,0.13277507,0.7884377,0.13378642,-0.6323325,-0.17440689,0.54327077,-0.9758156,0.9495567
GCAAACTTCAGGATGA-1_rna,-0.29772562,-0.39680427,-0.8839808,-0.13622008,1.5587094,1.2809631,-0.96182954,-0.7983699,0.58698,-1.1285938,-1.1964718,-1.2710761,-0.6513063,-0.5436201,-0.53359634,-0.43239975
GCAAGCCTCTCGCCTG-1_rna,0.31430557,0.56350625,-1.5236399,1.705733,-0.5389179,0.19186361,0.16915596,0.8002318,0.6173779,0.5777618,-1.0480593,-0.10377139,0.8061258,-0.33709484,1.9919564,-0.04750446
GCAAGTGCAAAGGCCA-1_rna,-0.43415695,0.09211112,-0.77077794,1.1756676,-0.7433374,-0.7614118,1.3846827,-0.91986877,-1.360034,-0.4216266,0.46287188,0.08535811,-0.15907882,-0.7053629,-1.4069282,-0.09500168
GCAATAGAGATTGAGG-1_rna,0.044466253,-0.5994102,0.1872817,-0.6047998,1.5554932,1.2779423,-0.8661271,-0.7509128,0.47324336,-0.721948,-0.64928395,-0.76914203,-0.98531693,-0.30328837,-0.62374145,-0.25600713
GCAATATGTAGGTTGC-1_rna,-0.55345875,-0.4640935,1.4392715,-1.1860919,0.48658526,1.6253935,0.5279005,0.25136018,0.5655023,0.93227285,0.060722295,-0.861428,0.21500523,0.33177865,-0.7177391,1.0390555
GCAATCTAGGAAACTG-1_rna,-0.32552692,-0.68329597,-0.56632227,1.1163778,-2.2700696,-1.3051779,0.1437443,-1.30201,-0.585051,0.2486247,0.52588403,0.5796748,0.40932503,0.21276556,-0.7186405,0.42895803
GCAATGAAGTAGCGGG-1_rna,1.0229671,0.12875244,-1.2595975,-1.1318555,-0.26445445,-0.34709236,-1.7636709,1.6969347,-0.53565615,-0.21874674,0.011900915,0.9883004,0.3397331,-0.34086916,1.0408692,1.1301914
GCAATGTTCATGACCG-1_rna,-0.8158564,0.1539104,0.42277235,-0.852662,0.5004942,1.0254676,-0.761119,-0.23981771,-0.16729394,2.6641152,0.078256615,-0.6641637,0.4887414,0.3205289,-0.2953484,1.6535016
GCAATGTTCCTGGTCT-1_rna,0.60574764,-0.6080654,0.55465215,-0.72982097,2.1995554,0.9366561,0.6045815,-0.96481025,0.080039546,-1.5133922,-0.8066389,-0.29407308,-0.14164096,0.7399114,0.30473223,0.50085396
GCACCTAAGGTGAAAT-1_rna,0.22286025,-0.6739035,0.78872484,-0.9666584,1.2087214,1.8614525,0.70055467,-0.1134422,-0.14359017,-0.6297786,-0.07932283,-0.536488,-0.81835586,0.07089582,-0.94398683,0.90998626
GCACGAACAGACAAAC-1_rna,-0.31780428,-0.112119794,-0.5186144,0.5975421,-1.4799213,-1.2409493,0.40980208,-1.250359,-1.4017605,0.32291165,0.603429,0.14471976,0.30535465,-0.18360768,-1.4822514,0.74629766
GCACGAACAGGAACCA-1_rna,0.056842256,0.36732626,-1.1647638,1.2082627,-0.028205987,-1.0325193,1.351381,-1.2196356,-0.78487223,-0.14280872,-0.23185486,-0.22040242,0.043156277,-0.5460053,-0.13806139,-0.7384223
GCACGCTAGGAAACTG-1_rna,-0.024315305,-0.0045558885,-0.46659574,-0.4930306,2.0893106,1.064384,-1.3817887,-0.98171955,0.23267561,-0.104295895,-1.0281491,-1.0215914,-0.41927567,-0.014584502,-0.27256534,-1.028474
GCACGGTTCCTTAAGA-1_rna,-0.33151618,-0.27655944,-0.7433389,1.0517502,-1.1435763,-1.5472817,1.0984052,-1.3220803,-0.8737847,-0.18792509,0.26678854,0.41541103,0.40942943,-0.14486907,-0.52217054,0.33956757
GCACTAAGTAACCAGC-1_rna,-0.14765197,0.20016965,-1.3554033,1.7519939,-0.043690614,0.6490663,2.2050898,0.7145517,0.3241978,-0.9507901,-0.74173105,0.06723489,-0.14538053,-0.8334391,0.74223775,-0.7309239
GCACTAAGTTCATCTA-1_rna,0.6747083,0.5645848,-0.6514289,0.8176683,0.15153319,-1.5424899,1.1353747,-0.5643912,-1.5964081,-0.13535883,0.7227074,-0.007854313,-0.28613725,-0.33748215,-1.2334344,-0.059343684
GCACTTACAGCAGGTA-1_rna,-0.41111267,-0.96484625,1.5307139,-1.5227613,-1.3336964,0.13863745,0.43231124,1.0230368,1.0452282,-1.6319147,0.9770908,0.6850648,-0.8534319,0.018783629,-0.5610332,-0.935357
GCAGCTATCTGTTGCC-1_rna,-0.054125775,-0.7369422,0.057008617,-0.12823108,1.430041,1.8256215,-0.13808632,-0.83837265,-0.6369387,1.047079,0.035190623,-0.632417,-0.97455555,-0.32490647,-0.6325096,1.7918713
GCAGGAAGTCCCGAAG-1_rna,1.361169,-0.12902756,-0.8837005,-0.7320542,-0.5614766,0.11999324,-1.6537199,2.021138,-0.628287,-0.36850202,0.124553755,1.234026,0.16279629,-0.25405508,0.95670295,1.1348443
GCAGGATAGAAAGGAA-1_rna,0.3098639,-0.43907917,-0.13692817,1.1193852,-1.8414588,-1.4486177,0.4211065,-0.9067151,-0.44117287,-0.37183395,0.7799136,0.9686201,0.08706006,0.29947868,-0.8897373,0.050043877
GCAGGATAGTTAGGCT-1_rna,1.1899794,-0.2890565,-0.91536367,-0.0872899,-1.0073186,0.55561036,-0.8661855,2.4809182,0.47915283,-1.4070191,-0.14516176,1.1269436,-0.25521827,-0.21517025,1.0127115,0.4335489
GCAGGCAAGCAGGTTT-1_rna,-1.4385959,-0.008158384,0.116468236,-0.40878746,0.57507277,1.2004652,-1.1501614,-0.019982647,1.0972217,1.031716,-0.74182606,-1.5457847,0.44640258,-0.021437893,-0.3199337,-0.39283836
GCAGGCAAGGACCTGC-1_rna,-0.024575684,-0.52131456,-0.16382541,1.0738767,-2.2415404,-1.2150131,0.32864493,-0.869783,-0.382416,-0.18754989,0.7748336,0.5980506,0.038064547,0.16660556,-0.8559404,-0.11157405
GCAGGTGAGGAATAAC-1_rna,-0.32752088,0.2131203,-1.0070509,1.5158604,-0.19883247,-0.27033934,2.1062753,-0.19129173,-0.48477507,-0.8792759,-0.26146773,-0.09997822,-0.010283848,-0.9464908,-0.28864044,-0.48997942
GCAGGTTGTGACATGC-1_rna,-1.8926407,0.6096664,0.5535161,-1.263316,0.1124485,0.053195037,-1.3133775,0.59112036,1.0129596,2.3221915,-0.32819578,-1.048125,1.6530384,0.7632538,0.25660315,0.66103244
GCATGAAAGCGAGGTG-1_rna,0.114664674,-0.17139463,-1.5617313,1.8776375,-0.41899085,-0.029628044,1.3101851,1.1312841,0.09927105,-0.8151529,-0.18085459,0.41376618,-0.046745032,-1.0525556,0.5195416,0.29882523
GCATGAAAGCGCCTTT-1_rna,0.13800907,-0.37907287,-0.5125953,1.079563,-2.040905,-1.6750752,0.45819664,-0.88223505,-0.4509541,0.10886728,0.5849653,0.48776942,0.30001146,0.2983599,-0.4639099,0.513177
GCATGAAAGGCAATAG-1_rna,-0.6244783,-0.4731017,-1.1388534,1.3920301,-2.1769357,-0.3392947,-0.15995924,0.1893352,0.63699657,0.17255826,-0.47023672,0.11977185,1.1771761,-0.13088092,0.54953945,0.74240017
GCATTAGGTATGGTGC-1_rna,0.9687607,0.25930643,0.8134699,-0.9328456,0.77418023,0.85234386,1.5571458,0.3360118,-1.1825975,1.9004328,0.43146044,0.7787832,0.9431732,0.9846519,0.24380426,2.4832282
GCATTAGGTATTCGTC-1_rna,0.5588304,0.33031827,-1.3157794,1.8384038,-0.48847097,0.5751839,1.4756788,-0.08633339,-0.39245635,-0.8769505,-0.7542474,0.33225802,-0.06953476,-0.347613,-0.3780736,-0.81377447
GCATTAGGTTAGCCAA-1_rna,-0.40917268,0.05810126,-0.75550526,1.5858451,-0.88046867,-0.4011332,1.3370706,-0.8376229,-0.7586321,-0.3816955,0.105510764,0.26203832,0.26576012,-0.2970644,-1.2626276,-0.28633708
GCCAACATCCGGCTAA-1_rna,-0.7180355,-0.4946421,-0.062156122,-0.42539126,1.4116219,1.3811284,-0.9804205,-0.6082268,0.8636267,0.092379466,-0.9104905,-1.4521774,-0.41573045,-0.31359586,-0.5858037,-0.4783187
GCCAATTAGGCAAGTA-1_rna,-0.2704658,-0.032120075,-0.74546474,1.2422646,-0.40535337,-0.7818178,1.7471621,-0.43194562,-0.8808039,-0.7838364,0.4974961,0.19649978,-0.23192558,-0.5781659,-0.8795785,-0.35476327
GCCACACAGGTCCTGA-1_rna,1.3805662,0.84582484,0.9488135,0.24862882,1.0725365,-1.3348045,0.92242575,-0.49625903,0.23535226,-1.2405819,0.050657216,0.74354327,-0.38229126,0.14552827,-0.49005586,-2.1801379
GCCACTAAGGAACCGG-1_rna,0.7258631,0.7896842,0.06651177,0.31906018,0.0928572,-2.0523257,1.1854923,-1.0731691,-1.8823154,0.15946184,0.8585077,0.32257843,-0.044945434,0.08542462,-1.3974448,0.25604138
GCCAGGAAGGAACCGG-1_rna,-0.2159075,-0.88036513,0.9112619,-0.79040706,1.2239023,1.6916088,0.117819265,-0.32730132,0.05861848,0.75485706,0.22034265,-0.5813215,-0.59705466,0.25329566,-0.3663941,1.699941
GCCAGGTTCCAAACAC-1_rna,0.43713656,-0.80454767,0.8411988,-0.7094262,1.9036404,1.2477448,0.2805233,-0.39066574,0.61014557,-2.0519764,-0.76669985,-0.4575583,-0.35185388,0.58077073,-0.13186663,-0.43315068
GCCAGGTTCGTCAAGT-1_rna,-0.72176766,-0.013537634,-1.0497276,0.010964532,1.4314709,1.4466212,-1.1294874,-0.6236642,-0.22782744,1.3780348,-0.6728147,-1.1245495,-0.39439338,-0.6273458,-0.48105627,0.35746154
GCCATTACAGCCTAAC-1_rna,0.42464107,-0.49554974,-0.40785983,1.3335122,-2.0776772,-0.35721442,0.492226,0.6082719,0.9285256,-1.3622591,0.17547932,0.99881804,-0.09477631,0.15455006,0.12632045,-0.7283548
GCCCAAATCCTTGTTG-1_rna,0.15990785,-0.4350837,-0.9652666,1.6507035,-1.1528252,-0.9778677,0.9880205,-1.4005522,-0.17942853,-0.72175044,0.11164404,0.5808096,0.077884816,-0.07486815,-0.24617378,-0.63124734
GCCCATAAGCCGCAGT-1_rna,0.47478098,-0.06456125,-0.69472784,1.3479548,-1.3644754,-1.5143025,0.4517603,-0.6490432,0.25327057,-0.3536464,0.034029685,0.8719311,0.38690394,-0.047831677,0.37047985,-0.41584167
GCCTATTGTCATTGTC-1_rna,0.79629725,-0.69735384,0.3855743,-0.48266292,2.3914196,0.9198389,0.12075683,-0.7170668,0.16062999,-2.1580436,-0.7633049,-0.40649727,-1.0107536,0.33221668,0.039001293,0.11899008
GCCTATTGTTATCCGT-1_rna,-0.30288404,0.16059412,-1.8276858,1.5706664,-1.0047296,0.22271952,0.8667824,0.3091317,0.6242505,0.10719103,-0.8297622,-0.4502481,1.0180832,-0.79681385,1.4424508,0.14135934
GCCTCGACACGAATCC-1_rna,1.1338723,0.15107062,0.0641046,1.2161437,-1.1345786,-1.4516658,0.47226715,-1.0062802,-0.013519673,-0.750431,0.235113,1.2429895,-0.21417238,0.43055597,-0.37667045,-1.1251314
GCCTCGACAGTGAACG-1_rna,-0.41608307,-0.34676468,-0.024881678,-0.40742236,1.1282573,1.5830008,-0.831755,-0.6644647,-0.28385144,1.8115655,-0.020726105,-0.8169074,-0.2088835,-0.28591782,-0.4156015,1.0996342
GCCTGTGCAGGCGAGT-1_rna,0.20254733,-0.7108981,-0.21556364,-0.30777034,2.4245493,0.8274799,-0.4837319,-1.3647102,0.14241497,-1.2758652,-0.9369021,-0.7898597,-0.5807408,0.18870747,0.23647587,0.45063034
GCCTTAACACAATGTT-1_rna,0.33015886,0.0006065201,-0.44426003,-0.6263417,1.8940042,0.6714409,-1.8987961,-1.7024589,0.08200519,0.38171628,-0.9515519,-0.76952565,-0.3936169,-0.023587938,0.09353793,-1.5651773
GCCTTAACACTTAGGC-1_rna,-0.7945034,-0.008875391,-1.7349684,1.781904,-1.3335426,-0.19608061,0.46384996,-0.7046261,-0.17002966,1.2045497,-0.71275073,-0.29041427,1.1034685,-0.45991576,0.41286767,0.7460204
GCCTTAACAGCATGAG-1_rna,-0.71458703,-1.0106049,1.8842129,-1.7177335,-1.3119246,-0.4315454,-0.1622107,0.6543459,1.2934365,-1.0950911,1.4486724,0.9081379,-0.21814075,0.2080058,-0.05772078,-0.7657969
GCCTTAACAGGCGAGT-1_rna,0.24573939,-0.14269313,1.1212757,-1.1989133,0.28502285,1.3103777,0.8990345,0.070271894,-0.5666577,2.051636,0.36197415,0.21764036,0.6563797,0.70561016,-0.18311603,2.4954526
GCCTTACTCACTAAGC-1_rna,0.75583285,0.25562373,-0.5668296,1.9070747,-0.019197294,-0.15554897,2.0116189,0.67301726,0.58149165,-0.13449396,-0.5181246,0.8908527,0.4286877,-0.23976178,1.1409925,-0.45141596
GCCTTACTCTTGCTAT-1_rna,1.2696121,0.15323055,-0.67169064,-1.1413274,-0.6261509,-0.47656703,-1.1826105,2.255253,-0.42187333,-0.41964605,0.13417038,1.1509436,0.08924809,0.13608634,0.8949884,1.2186934
GCCTTAGAGCTGCACA-1_rna,-0.5483899,0.112552404,0.76370096,-0.5595559,0.23612908,1.3617998,-0.08823581,0.071568795,-0.33778808,2.4524198,0.2822528,-0.5599534,0.3839883,0.26505128,-0.57213116,1.7913921
GCCTTAGAGTTATGGC-1_rna,-0.47627592,0.41726547,-1.4215937,1.6238729,-0.387971,-0.45587444,1.7178344,0.01260162,-1.1789687,0.9304673,-0.17027345,-0.14369531,0.7104057,-0.51848525,-0.20687158,1.0118438
GCCTTGCGTACAAAGA-1_rna,1.1165969,0.55964696,-0.042943407,0.98629326,1.1570181,-0.98460543,1.2360955,-0.8543399,0.65441966,-1.1716354,-0.69235885,0.8244672,-0.2278409,0.1773428,0.45069295,-2.24309
GCCTTGCGTCATAACG-1_rna,0.8908539,-0.6209974,0.13143684,-0.208002,2.5613985,0.6430112,-0.45181888,-0.8103333,0.05762978,-2.0182724,-1.1219951,-0.25346985,-1.151823,0.6894297,0.41915104,0.22938403
GCCTTGCGTCATTGTC-1_rna,-0.3487504,0.122212015,-0.24060032,0.38359773,-1.1316755,-0.40096873,0.99714965,-0.37317184,-0.536092,-1.1814691,0.43989104,0.23450217,-0.23770648,-0.36867535,-1.4282193,-0.74170303
GCCTTGCGTTAAGCTG-1_rna,1.6545649,0.6012674,-1.1444528,-1.3664261,0.46005362,-0.6623661,-1.4269844,1.6870668,-0.9408384,0.15512723,-0.2133274,1.0317054,0.46565592,0.35353196,1.3618296,1.1398567
GCGAAGTAGGGTGAAC-1_rna,-0.69213635,-0.74374795,1.1103821,-0.90883017,0.3950041,1.745455,0.4639107,0.40143842,0.76113755,0.1487486,-0.15313002,-1.2748349,-0.76421386,0.08718354,-0.9467482,0.5032536
GCGAGTGAGGGATTAG-1_rna,0.6700392,0.36161774,-0.9129995,0.8831646,-0.09424634,-0.9947668,1.425837,-1.1989707,-0.8098956,-0.9497342,0.3967919,0.28117093,-0.103828676,-0.23131968,-0.53792894,-0.63795435
GCGCAAACATAAGCAA-1_rna,0.09234141,0.52282387,0.3053416,0.21785983,-0.43458983,-1.7239043,1.3085296,-0.95623016,-1.0203574,-0.5999657,0.9353503,0.35265356,-0.11733472,-0.25570548,-1.3382763,-0.4120188
GCGCAAACATAGCTGC-1_rna,-0.0045362916,0.608223,-0.6386033,0.8453572,0.4928532,-0.95786834,2.022213,-1.0053711,-1.6849781,-0.022812698,0.295595,-0.106831245,0.19361769,-0.7711089,-1.4067125,0.22081463
GCGCGATTCAATCTCT-1_rna,0.38271,0.4993639,-0.49643534,1.0900006,0.29390097,-1.2149955,1.7730246,-0.6238732,-1.4340972,-0.55970687,0.28797546,0.39737228,-0.2973525,-0.5579914,-0.96544456,-0.31626132
GCGCGATTCATAGACC-1_rna,-1.0774025,0.010810165,0.24373835,-0.63203305,0.5244099,1.5041323,-0.0096113905,0.8168925,1.1623534,-0.5436533,-0.9968424,-1.1548823,0.73465514,-0.082923055,-0.96347034,-0.67940646
GCGCTAGGTTTGCGCC-1_rna,-0.27202067,0.10975657,-1.192893,1.8401197,-0.6846028,-0.94917506,1.6095043,-0.7026973,-0.72805727,-0.11205672,-0.124489725,0.084381506,0.28534025,-0.7003434,-0.14998196,-0.054302648
GCGCTTAAGCTCCCTG-1_rna,0.79443395,-0.22378291,-1.5273063,-0.25820306,-0.71987665,0.13296562,-1.2644683,2.0100274,-0.071884185,-0.74309665,-0.33418033,0.87582994,0.34637535,-0.3664528,1.3199567,1.017306
GCGCTTGCATTAGCCA-1_rna,0.8065805,-0.18397482,-1.4424113,0.02359742,-1.0255951,0.22343278,-0.7683189,1.9787849,-0.12291299,-0.39935884,-0.07696846,0.74708426,0.42817402,-0.30517054,1.1611732,1.4398688
GCGGAACCAAGCTTTG-1_rna,0.49936298,0.8053232,-0.5694296,-1.5229902,-0.27988857,-1.6838657,-2.607217,1.2307026,-0.2407613,0.7699121,-0.04510904,0.8960445,1.1121092,0.5473573,1.1852338,0.4256646
GCGGAACCACAAAGGT-1_rna,0.73615295,0.6807079,-0.6094808,-0.379993,-1.1508954,-0.15110414,-1.6236513,1.5885016,0.7550479,0.43824622,0.034909494,-0.44202152,-0.105187,0.26983216,0.3714756,-1.0520595
GCGGAACCATCACAGC-1_rna,-0.8702523,-0.22138011,-1.8593425,1.2380427,-1.6463437,0.48618576,0.42715847,0.64500207,0.063209035,0.31434327,-0.45211935,-0.29674584,0.78854257,-0.6973904,0.5099089,1.149439
GCGGGTTTCCCTGTTA-1_rna,-0.14220992,-0.7477089,-0.6763239,0.046965465,1.6242387,1.5184107,-0.39429003,-1.0245926,0.3039056,-0.3962497,-0.78148675,-1.3679588,-1.1246333,-0.51061076,-0.3915675,0.8362599
GCGTGCTAGCCTGATG-1_rna,0.31062034,0.06539327,-0.2747932,0.74550474,-1.1720427,-0.8589536,1.0989764,-0.20959562,-0.64040184,-0.95688695,0.71666,0.5491361,-0.39024773,0.027483653,-1.6468785,-0.56791764
GCTAACAGTAAATTGC-1_rna,0.71102077,0.19803013,0.053795658,0.7822886,-0.40033934,-1.5630174,0.5233343,-1.3343621,0.48933896,-1.0567118,0.4417484,0.8198027,-0.279023,0.32963997,-0.46563908,-1.9744511
GCTAACAGTGGATTAT-1_rna,0.0613574,0.41600063,-0.24051745,0.42563453,-0.95977306,-2.040724,0.45613098,-1.3032172,-1.4919218,0.57361674,0.83480686,0.25098452,0.28845912,-0.05304446,-1.1260554,0.30529752
GCTAACAGTTTAACCC-1_rna,-0.183814,-0.87342834,1.4453022,-0.92114985,1.0668027,1.6490397,0.6567855,-0.22883974,0.5943067,0.30705845,0.038370416,-0.96455616,-0.3894862,0.5090942,-0.22312626,1.2340161
GCTAACCCAAGGAATC-1_rna,1.0846814,-0.26490435,1.7128005,-1.1208555,1.6559998,1.031526,1.7176452,0.076049455,-0.32341632,-0.008881427,-0.016336024,0.34952432,0.4478766,1.4161818,0.37832302,1.2192236
GCTAACCCAGTGAACG-1_rna,-0.05649034,0.37124845,-1.108199,1.7210207,-0.17595108,0.5898537,2.2429895,0.19918156,0.18780944,-0.9520523,-0.4837357,0.19422215,0.0492331,-0.58382636,-0.28310353,-0.9521194
GCTAAGCGTTAAGCGC-1_rna,-0.5314328,0.24752593,-1.4831353,1.7314912,-0.83646643,0.024915587,1.3443812,0.16592991,-0.5195322,-0.4124492,-0.23932953,-0.10802923,0.13898697,-1.0262966,-0.2360122,-0.25792092
GCTAGCTCATAAACCT-1_rna,0.04870043,0.22006798,-1.1471107,1.5478314,-0.7436958,-0.57088196,1.4420166,-0.99532133,-1.0014105,-0.1866396,-0.15191732,0.13612211,0.32802877,-0.45977044,-0.627361,-0.24834941
GCTAGCTCATCCATCT-1_rna,0.29036382,-0.36835143,-0.23742512,0.9700429,-1.9401248,-1.5218703,0.54396915,-0.9606925,-0.64254934,-0.309501,0.7696181,0.7062272,0.025707256,0.3053315,-0.87135804,-0.051048752
GCTAGTGTCAAACACC-1_rna,-0.22041239,-0.5823316,1.2528756,-0.81491464,0.3042458,1.9297159,1.008066,0.5461764,0.2220776,0.3615266,-0.1458243,-0.55185294,0.44309622,0.53629106,-0.6553787,1.4795092
GCTATAGGTGACCTGG-1_rna,0.10897545,0.012679724,-0.9353298,1.5685022,-0.40383875,-0.44285232,1.6783296,-0.8617625,-0.18540093,-1.1742496,0.07148074,0.1702585,-0.55644506,-0.3842456,-1.0190625,-0.982936
GCTATCCTCAAATCGC-1_rna,-0.24748383,0.5798848,0.034841202,-1.2122496,-0.021810608,0.33827615,0.0763964,0.6285718,-0.7071103,2.8087013,0.15252781,0.10523903,1.5008684,0.59011656,0.23560844,2.8745904
GCTATTGCAACCCTAA-1_rna,-0.2293024,-0.84923476,-0.1966361,-0.2011709,1.4819306,1.7214366,-0.11188306,-0.72702533,-0.0318439,-0.43051392,-0.2671076,-1.0268787,-1.439059,-0.48246625,-0.5704589,1.4953551
GCTCAACCATTTGCTC-1_rna,1.2385726,0.85147226,0.23928706,0.8467155,0.84068924,-1.6689488,0.47377446,-1.3554264,0.024687275,-0.8192371,0.16724156,0.56860155,-0.6182783,0.17990948,-0.27572474,-2.3052394
GCTCACAAGCTCGCTT-1_rna,-0.47797915,-0.27270707,-1.7881935,1.6732159,-1.2620426,0.39722806,0.9932316,0.42605454,-0.1803118,-0.0158718,-0.45619586,-0.095025,0.6213,-0.8103652,0.54949814,0.668254
GCTCATTGTAGTTAAC-1_rna,0.05211127,-0.2031683,-0.89594275,1.4446245,-0.3524609,-0.651915,1.4992459,-1.3358337,-0.824626,-1.0834162,0.17233177,0.5612454,-0.04064823,-0.47839028,-0.97981757,-0.62404776
GCTCCTTAGCTTTGTT-1_rna,0.75648284,-0.4589146,1.4924314,-1.0823779,1.5690352,1.4415919,0.99705,-0.19626476,-0.0061939433,-1.4484644,-0.29512057,-0.30732298,-0.21734485,1.0987753,-0.2532208,0.10770652
GCTCGATCAGTCTAAT-1_rna,-1.1293079,-1.1523311,1.8328764,-1.4795318,-1.1639136,-0.62111634,-0.48248816,-0.40015027,0.8150082,-1.0508661,1.5413399,0.7308104,-0.05663123,-0.24455461,-0.28219506,-0.71196693
GCTCTGGCAGTAGGTG-1_rna,0.6938834,-0.7597858,0.87028986,-0.54167885,2.2524657,0.86994034,0.33218333,-0.85658014,0.18905157,-1.7120554,-0.8664511,-0.43157524,-0.49322897,0.9669792,0.2707094,0.44107842
GCTCTGTTCCATAATG-1_rna,-0.88364226,-1.1764765,1.814611,-1.8300275,-1.5955749,-0.48200217,-0.4672876,0.42724428,1.0672815,-0.61150825,1.4582278,0.8170007,-0.09044093,-0.041921094,-0.42099163,-0.4351238
GCTCTGTTCTGTTGCC-1_rna,-0.21838476,-0.8248675,-0.17559081,-0.4457288,1.9692681,1.1205145,-0.63246655,-1.0833023,0.6326554,-0.8841126,-0.935649,-1.1025137,-0.89266926,-0.19291341,-0.113892674,0.585733
GCTCTGTTCTTAGCGG-1_rna,0.39746398,-0.6290322,0.9857751,-0.70141244,1.3254719,1.7030319,0.9174763,-0.16522516,0.18181035,-1.6516833,-0.45198104,-0.43642816,-0.26347893,0.5921053,-0.35304716,0.5285803
GCTGACCAGTCCTGAG-1_rna,-0.21899049,-0.69779056,0.5938315,-0.8031169,0.7838569,2.1282647,0.13205548,-0.1632745,0.5890475,-0.49877334,-0.4321693,-1.2030536,-0.66891205,0.0016233027,-0.87964106,0.4661622
GCTGAGGAGCACCACA-1_rna,0.28941995,-0.7234067,1.0125843,-0.6464493,1.2873755,1.769066,0.67724836,-0.40338734,-0.14963059,0.3506727,0.03572276,-0.26968133,-0.13595164,0.38311467,-0.35881752,1.4264678
GCTGAGGAGGCTTAGT-1_rna,-0.13247477,0.72078925,-0.6890199,0.9324994,0.39141697,-0.6675832,2.1060197,-0.28745273,-0.5887165,-0.91800314,0.008575399,0.09020009,-0.15844578,-0.8854363,-0.6453867,-0.54759824
GCTGCACAGTTTGCGG-1_rna,-1.0197316,0.24565673,0.050702102,-0.2494531,0.49018693,1.4132724,-1.0173795,0.31279495,0.74925244,1.1413803,-0.8622911,-1.3609511,0.08284379,-0.17483902,-0.7450286,-0.3731039
GCTGGATGTGCATTAG-1_rna,-0.3972894,-0.38260117,-0.39889607,-0.32111406,1.056693,1.7942129,-0.5781952,-0.6154538,0.49787056,0.25008348,-0.720535,-1.341966,-0.8543344,-0.6869585,-0.74350196,-0.0050831474
GCTGTACCAGTAAAGC-1_rna,0.08559857,0.029664319,-0.21302587,1.3389908,-0.528832,-0.2539436,1.7328662,0.35549217,0.035180468,-1.1648135,0.021597963,0.52126706,0.10765998,-0.49595663,-0.027186073,-0.9725514
GCTGTGCAGCTAATCA-1_rna,0.6291479,-0.44539335,-0.83195746,1.751833,-1.8627408,-0.6689462,0.3572239,0.5103944,0.21643803,-0.08047105,-0.07639225,0.9501038,0.6126291,0.09891367,0.6143759,0.45386705
GCTGTGCAGCTGTCAG-1_rna,-0.05575337,-0.37994134,-0.7079646,1.4206448,-1.0489308,-1.2287755,1.2270222,-0.86345935,-0.43408585,-0.54787534,0.19321014,0.54804665,-0.032223217,-0.19862995,-0.5149475,-0.32928875
GCTTAAATCCTTTACG-1_rna,0.696751,-0.5467358,0.3031267,-0.22058108,2.326659,1.2359606,0.3853336,-0.8048487,-0.45067695,-1.2417325,-0.42693725,-0.4484535,-0.96219134,0.26972663,-0.35574728,0.89569235
GCTTACCTCGAGGAAC-1_rna,-0.1508342,-0.637134,0.4691694,-0.6308261,1.2999834,1.493058,0.14489019,-0.45275608,0.87244797,-1.2622148,-0.9959497,-1.1678581,-0.59701043,-0.049634546,-0.6851711,-0.32303515
GCTTAGTAGTCACCTC-1_rna,-0.45976442,0.03952943,-1.0158169,1.4388127,-0.5451845,-0.32902113,1.792871,-0.5711516,-0.7602959,-1.0187123,0.031582445,0.120795414,-0.24370298,-0.6768188,-0.90285075,-0.63939697
GCTTCGCGTCAGGCAT-1_rna,0.020637713,-0.06628806,0.93748206,-0.83154136,0.651475,1.306465,0.7653079,0.33300942,-0.6492788,1.9023447,0.34498098,-0.02011004,0.40854028,0.5154085,-0.20629704,2.4321585
GCTTCGCGTGCTTACT-1_rna,0.06587992,0.56261736,-1.7286351,1.0424569,-0.93592256,0.3481827,0.3596984,1.2063007,-0.22111136,0.8026907,-0.6025462,-0.23660553,0.7129572,0.009410426,0.9508139,1.1524637
GCTTGACCAGCATGGA-1_rna,-0.80756146,-0.10216442,1.3669881,-1.1508365,0.11503684,1.4170911,0.33254158,0.5968002,1.3775795,0.8389945,-0.36534595,-1.230745,0.8193739,0.40022698,-0.58434445,0.4484939
GCTTGTTGTACCGAAC-1_rna,0.6589608,-0.51940113,0.89906895,-0.6309916,2.2412016,0.8982983,0.26717037,-1.0144807,0.10850167,-1.4964477,-0.721788,-0.34532768,-0.24399693,0.774929,0.3655334,0.43024904
GCTTTACGTCTAACCT-1_rna,0.048829146,-0.39344686,1.1339313,-0.9301334,0.64989686,0.45245725,-2.3299406,0.0012855325,1.0972127,-0.061846994,-0.0720304,-0.04499729,-0.42658645,0.5957788,-0.27447486,-2.5602155
GCTTTACGTGGTTATG-1_rna,0.06598741,0.3779619,0.09028852,0.57131547,-0.47993985,-0.36060512,1.8484381,-0.23525581,-0.7862734,-1.2892619,0.1340538,0.5339316,0.036649484,-0.59324384,-1.4027903,-0.45661923
GCTTTATTCGGCCAGT-1_rna,-0.700766,-1.1521256,1.6055716,-1.6673346,-1.492717,-0.5149604,-0.30838045,0.866251,0.9637213,-0.93579584,1.3476241,1.1057612,-0.102526166,-0.11771902,-0.090220675,-0.022598535
GCTTTCATCATGCAAC-1_rna,0.25996852,-0.0069839237,-1.1263125,1.3248605,-1.3058262,0.17072819,-0.35806176,1.8462399,0.47422266,-0.09783769,-0.282958,0.43589246,0.53671855,-0.11423701,1.3874891,0.8634294
GCTTTGTGTGTAACCA-1_rna,-0.5366117,-0.82062775,0.47322622,-0.49151382,1.2074381,1.7177647,-0.13803187,-0.5967183,0.25586534,0.8397824,0.12141347,-0.86221266,-0.70184803,-0.42208987,-0.64640486,1.4469832
GCTTTGTGTTCACCCA-1_rna,0.78289944,-0.8147338,2.1274462,-1.212906,1.3768815,0.73680484,0.2859269,0.316267,0.6080371,-1.204109,-0.017177887,0.14384495,-0.012571365,1.4686916,0.43543214,-0.43502665
GGAAACTCAAGCCAGA-1_rna,0.20853966,-0.86439836,1.3222041,-1.1144245,1.0799339,1.5840361,0.88450545,-0.20774446,0.60815144,-0.8651884,-0.15774901,-0.47821176,-0.3398534,0.48048455,-0.31124562,0.83047926
GGAAACTCACCAAAGG-1_rna,-0.71230406,0.2881406,-1.8206234,1.1847072,-0.90391105,0.17214027,0.31893942,1.0406818,0.12410256,1.0935266,-0.363048,-0.38251632,0.91884154,-0.4508109,1.4530202,1.4550742
GGAAACTCAGGTTCAC-1_rna,0.30374515,0.84172267,1.8012372,-2.4244766,0.24739002,-1.7550865,0.8215491,0.62832046,1.4336214,1.1079749,1.1776426,-0.36520395,1.1699904,2.12927,1.1656914,-1.130449
GGAACCACAAGGTATA-1_rna,-0.20682149,-0.56190187,0.86521256,-1.0642353,1.5457485,0.56871504,-1.3920373,-0.6793641,1.0037469,-0.75024396,-0.57578534,-0.7054759,-0.24288574,0.4992376,-0.1189632,-1.4795785
GGAACCACACTAGCGT-1_rna,-0.318977,0.33238992,-1.6076876,1.5655209,-0.6416212,1.0730081,1.6244376,0.8412612,0.6064675,-0.8233748,-0.7088247,-0.37471688,0.16863687,-0.82885957,0.060635902,-1.035475
GGAACCACAGTAGGTG-1_rna,0.17817919,-0.23711297,-0.29369923,0.9696705,-1.523854,-1.4174718,0.3953459,-0.8561501,-0.52785486,-0.47392455,0.73885405,0.58304465,-0.16635014,0.30133456,-1.1125331,-0.4756404
GGAAGCTAGGCAAGTA-1_rna,0.9578357,-0.20462173,-1.1299948,-0.19705257,-0.678414,-0.08525109,-0.8129988,2.2455273,-0.16098753,-0.6377702,0.1626502,1.1924824,0.16252315,-0.4349256,1.0603327,1.168735
GGAATCTTCCCATAAA-1_rna,1.2764957,0.23617709,-1.2126205,-0.9544911,-0.10449995,-0.7014774,-1.8829501,1.6274025,-0.4906073,-0.4937978,-0.30576295,1.2737306,0.41708794,-0.08969961,1.3987505,0.9609266
GGACAGCCATAATGAG-1_rna,0.14396094,0.8208087,-0.34910256,0.7954619,0.10281311,-2.0664709,0.6698543,-1.5079572,-1.1054991,0.52067125,0.32195157,0.06814738,-0.12851653,-0.036960576,-0.5625563,-0.5323641
GGACAGCCATGTTGTG-1_rna,0.024134062,-0.17137928,-0.3857043,0.55502284,-1.5630827,-1.6974816,0.6634111,-1.1329548,-1.0221748,-0.20602943,0.7941221,0.45603395,0.035142593,-0.05777657,-1.0878776,0.47929373
GGACCTCAGGAGTCTT-1_rna,0.014365384,-0.7531801,0.54377615,-0.48546007,1.3904884,1.711197,0.054983884,-0.43751356,-0.5898944,1.1570911,0.24399595,-0.22209527,-0.73505366,0.20313393,-0.2013577,2.0849342
GGACCTCAGTAGAGGC-1_rna,-1.8773531,0.64974433,0.7761756,-1.494023,-0.31296784,-0.2620406,-1.4606652,0.56011105,1.0637875,2.35407,-0.16971377,-0.9507559,1.7999613,0.827281,0.26385796,0.50236344
GGACCTCAGTTAGAGG-1_rna,-0.33227432,-0.4047438,-1.4841465,1.3979652,-1.7693349,-0.74292535,-0.0720227,-0.46591875,0.04459276,0.92138743,-0.46259752,0.2373105,1.4289851,-0.32812807,1.0354972,1.1859126
GGACCTCAGTTCCCAC-1_rna,-0.10999257,0.3928544,-1.2000883,1.3238754,-0.051134765,-1.3093486,1.6903298,-1.2556621,-1.4998778,0.6885802,0.069045685,-0.15709436,0.190619,-0.6293787,-0.30659315,0.33015782
GGACGAAGTGCGCATG-1_rna,-0.053356737,-0.006478186,-1.3560628,0.89511716,-1.1405817,-1.270779,0.7019643,-0.97865236,-1.0991704,-0.085903026,0.21935889,0.16035025,0.34472314,-0.49593058,-0.44180295,0.8356664
GGACGAAGTGTGTCCC-1_rna,-0.5431506,0.1781585,0.36184603,-1.358369,-0.5878441,0.5868911,-0.068619214,0.5372983,-0.47033444,2.5188816,0.57293665,-0.007359853,1.2081863,0.2851949,-0.05270086,2.7908988
GGACGAAGTTGAGCCG-1_rna,0.30458435,-0.17187789,-0.66747516,-0.048496984,1.8312095,1.3586394,-0.75860816,-1.0939215,-0.2230754,0.17754474,-0.9388349,-0.9612133,-0.61364937,-0.32826415,-0.36255026,-0.2620794
GGACGGATCCTCAGTC-1_rna,0.06230139,0.61833364,-0.760589,1.0734963,0.053134337,-0.81654197,1.5572671,-0.9664014,-0.68050456,-0.5643392,0.33823404,0.08076343,-0.0971409,-0.79815835,-0.7630692,-0.88393235
GGAGGTTAGACTAAGG-1_rna,0.8072493,0.40163758,0.17882259,0.46016175,-0.6156826,-0.84934205,1.6155816,0.35656893,-1.1906688,-0.96292996,0.6974806,0.7841582,-0.1493386,-0.19347474,-1.3725815,-0.0686655
GGAGGTTAGACTTATG-1_rna,0.1691091,0.8200424,-1.425862,1.8176019,-0.31820014,-0.08146813,1.4504642,0.53645027,-0.709168,0.7008472,-0.7597829,-0.4374223,0.7786992,-0.70249194,0.49628827,0.072463624
GGAGGTTAGGCTCATG-1_rna,-0.07902908,-0.4543594,-0.4373831,1.019757,-1.9426894,-1.2155535,0.47991744,-1.0620669,-0.71261626,-0.0314133,0.50553167,0.6313614,0.3284938,0.03551523,-1.0192103,0.42442158
GGAGTCTGTTATCCGT-1_rna,0.6987221,0.51070327,-1.3295072,0.09292219,-0.48164558,-0.5938703,-1.2238941,1.4843317,-0.25662866,1.0557648,-0.5327398,0.87046146,1.4716824,0.32843903,1.891153,1.9153305
GGATAACCAAGATTCT-1_rna,-0.6315113,0.14022417,-1.5998337,1.5652589,-1.1980077,0.7263643,0.8001779,1.0693779,-0.14646812,0.51666474,-0.5182656,-0.42326635,0.7244667,-0.6980863,0.6040299,0.8516569
GGATAACCAATTAGGA-1_rna,-0.027819786,-0.066298604,0.30437458,-0.59451085,0.88485825,1.4900851,-1.2959019,-0.23146749,0.7237717,-0.049231626,-0.74747306,-0.7383834,-0.33686006,0.15933704,-0.68424183,-1.85602
GGATGAATCGTTAACA-1_rna,-0.7164099,-0.49384362,-0.2977379,-0.47888643,1.2792972,1.540177,-0.8001046,-0.61700606,0.6070158,0.21453539,-0.81635517,-1.4038852,-0.60996926,-0.5251783,-0.86094177,-0.26951286
GGATGGCCACACTAAT-1_rna,-0.06712942,-0.4758276,0.21878786,-0.75901014,1.8884753,0.8079484,-1.1559893,-0.5578838,1.0835418,-0.48912582,-0.72643524,-1.0343708,-0.5296115,0.17207025,-0.14947557,-1.6834275
GGATTATGTAAGCTTG-1_rna,-1.1654434,-1.2700676,1.5521163,-1.4370857,-1.6543102,-0.46922764,-0.7841253,0.5356115,1.4785466,-0.6719011,1.4555094,0.8357194,0.14273944,0.003965609,0.16184151,-0.29657122
GGATTATGTTGTTCAC-1_rna,0.28379974,-0.07208597,-1.1368175,2.2886891,-0.37450236,-0.20749559,1.7094704,0.2953142,0.7000098,-0.3937038,-0.65394884,0.55205226,0.3971963,-0.7222231,1.0170097,-0.4234588
GGATTTATCACCGGTA-1_rna,0.2614689,0.51709515,-0.5075243,1.2746557,0.43715402,-0.65425587,1.5153338,-1.0582378,-0.11895594,-1.338094,0.105934046,0.043863714,-0.4555144,-0.66210365,-0.7511378,-1.7136976
GGCAAATCAAGCCAGA-1_rna,-0.15444964,0.40390104,0.40996167,-1.2451489,0.01919216,0.64004636,0.25376174,0.37373623,-0.7222593,2.851903,0.3850607,0.20628943,1.2921972,0.56300074,0.05650849,2.7956965
GGCAAATCAGGATTAA-1_rna,1.123986,0.46263835,0.44787294,-0.96367884,0.7920834,0.9032355,1.6843693,0.25443894,-1.8059113,1.3991215,0.43242115,0.7430424,0.71238804,0.67019,-0.08456586,2.1568077
GGCAAATCAGGCTACT-1_rna,0.6359644,-0.07971516,-0.5524279,1.4599683,-0.3353989,-0.5541835,1.883044,-0.36474884,-0.1732083,-1.2684973,0.09613496,1.0342239,-0.49073747,0.041482233,-0.18377785,-0.61878973
GGCAAATCATAATCGT-1_rna,-0.90308124,-0.4490467,-1.1403267,1.2388707,-2.1121314,0.22528176,-0.37834084,0.9756811,0.95502496,0.12186424,-0.16673546,-0.30902022,0.76393986,-0.29478317,0.5795937,0.70850164
GGCAAATCATTAAGTC-1_rna,-0.7090416,-0.029619185,-1.6148441,1.5979332,-1.3693027,0.69291824,1.1734822,0.5930563,0.504267,-0.22284986,-0.62215996,-0.38972738,0.8948535,-0.71863955,0.6887806,0.33168697
GGCAAGCCAGTTATCG-1_rna,0.7036805,-0.82400537,0.1469666,-0.48599914,2.1413,0.94393486,0.05723843,-0.8623694,0.14648858,-1.8689245,-0.50364465,-0.35736278,-1.0651447,0.18624216,0.03962278,0.31893247
GGCATGGAGCACAGAA-1_rna,-0.7262159,-0.26230764,1.2545458,-1.208266,0.060656317,1.2275953,0.43904892,0.3392436,0.41680703,1.6931962,0.19140074,-0.7066054,0.42958066,0.46798527,-0.63610613,1.8712975
GGCCGTTAGCACTAGT-1_rna,-0.20386381,-0.091141894,-1.0453414,0.6806231,-0.61941504,-1.0559765,0.9968895,-1.2520891,-0.6346289,-0.43746156,0.48510966,0.096335866,0.31909886,-0.7254158,-0.96684253,-0.120889895
GGCCTAATCACGCCAA-1_rna,-0.009403337,0.42847726,-0.770072,1.511312,-0.27644297,-0.15918495,2.0497098,-0.25694028,-0.27653718,-1.1414195,-0.17326339,0.20735653,-0.025833908,-0.73663396,-0.5073585,-0.99577147
GGCCTAATCATTGTCT-1_rna,-0.049458407,0.35359824,-1.341806,1.8573025,-0.22546698,1.0301421,1.7871394,0.47479528,0.31824407,-0.20245722,-0.7533191,0.04095437,0.7237778,-0.7679889,0.8277867,-0.35213804
GGCCTCTGTCACGAAC-1_rna,0.4771787,0.88672715,1.8382448,-2.4169145,0.18912245,-1.5940986,1.0714836,0.90299207,1.4969622,1.0335025,1.1229637,-0.4413928,0.99420863,2.2203555,1.1390727,-1.2192158
GGCGGTAAGGTCCTAG-1_rna,0.022708127,0.16036037,-1.285331,1.6833808,-0.27288768,-0.5841123,1.79335,-0.85068005,-0.997113,-0.41225275,-0.12888128,-0.048517633,0.012553363,-0.56300664,-0.74206024,-0.2979509
GGCGGTTTCACCTGCT-1_rna,0.29863507,-0.8630439,1.1541437,-1.080542,1.5306982,1.4090651,0.124086514,-0.023463156,0.794813,-1.4736607,-0.6222244,-0.6025563,-0.66281545,0.7905225,-0.28195056,-0.42876747
GGCGGTTTCCTTTACG-1_rna,-0.27127898,0.5504646,-1.1709331,1.359892,0.0032579463,-0.5705671,1.7556975,-1.0441588,-1.0734386,-0.079409465,-0.16397096,-0.22911467,0.2228322,-0.45751467,-0.5153231,-0.15308721
GGCGTTATCCAGGAAA-1_rna,0.44484398,0.96611595,1.6129382,-2.334967,0.13398719,-1.6021763,1.1196288,1.2341421,1.3696631,1.3483655,1.1214916,-0.47339836,0.98770416,2.1851778,0.9601695,-0.66762644
GGCGTTATCGAGGTGG-1_rna,-0.3043802,0.21432284,-1.4017645,1.609441,-0.58486545,0.48585033,1.9547068,0.5087746,-0.2724622,-1.0816377,-0.26317665,-0.16189918,-0.17031707,-0.97204304,-0.14305563,-0.48056167
GGCTAGACAAACGGGC-1_rna,1.1226128,1.1871772,-0.28612807,1.6066024,0.45910746,-1.1564095,1.4763316,-0.850517,-0.42922884,0.072032854,-0.19434558,0.41505083,-0.13564219,-0.1826653,-0.11358839,-1.2372667
GGCTAGTGTCCAAGAC-1_rna,-0.32402974,-0.09532152,0.87812024,-0.83673567,0.28879273,1.3057271,0.58320814,0.11492401,-0.18232979,2.0558884,0.01866381,-0.45451558,0.51391023,0.25039464,-0.6770177,1.9839295
GGCTAGTGTTGTTCAC-1_rna,0.4467766,0.92986804,0.61895984,0.16670404,-0.062248107,-1.5515597,1.1255438,-0.39068353,-1.8153565,-0.011972316,1.065572,0.30063158,-0.028163612,-0.16573642,-1.825107,-0.0054399734
GGCTAGTGTTTAAAGC-1_rna,0.32018653,-0.43046898,1.9938933,-1.0895119,1.1468678,1.3525648,1.3866247,0.21211703,0.58951104,-0.8740355,-0.31146148,-0.5195467,0.26541308,1.0805893,-0.40476996,0.023636296
GGCTATGTCTCCTCAA-1_rna,0.6997643,-0.12432562,1.3288246,-1.1680801,0.66178304,1.6294907,1.2529362,0.2889603,-0.37687764,1.2267402,-0.048937947,-0.073219374,0.5246221,0.8782125,-0.46208018,1.221721
GGCTATTAGGACTTAC-1_rna,0.0520702,0.3512692,0.20426063,1.0248458,0.3939244,-0.7202442,2.266566,-0.6158883,-0.6377074,-1.413206,0.47369182,0.58769023,-0.27829635,-0.60481876,-0.65877354,-1.0406622
GGCTCAATCATGCGTG-1_rna,-1.4697976,0.21117768,-0.21743974,-0.06750339,0.974159,0.94110185,-1.2640704,-0.06354223,0.53719133,1.8739299,-0.5120856,-1.2531422,0.014113488,-0.27067903,-0.27716976,-0.071680665
GGCTCAATCGTTAACA-1_rna,1.3416946,-0.064869784,-0.45389545,1.0379356,-0.8241382,0.2628053,-0.41173992,1.8254608,0.6373558,-0.22738108,-0.33905312,1.2218138,0.6362818,0.10833672,2.0242558,0.5661948
GGCTCACAGCTACTGG-1_rna,-0.33132514,0.79992586,-1.6928985,1.6960618,0.1068199,0.31374624,1.4605945,-0.24137755,-0.11668259,0.46964413,-0.8686221,-0.59898514,0.5623091,-0.97848153,0.02349916,-0.8987707
GGCTCACAGTTGTCCC-1_rna,0.6919364,0.999525,-0.41461173,1.1445755,1.0660766,-1.046071,1.3871627,-1.4429232,-0.98265135,-0.014529654,-0.16130684,0.26530433,0.15717144,-0.6219131,-0.6475436,-0.8990837
GGCTCACAGTTTCCTG-1_rna,0.8783921,-0.04235604,-0.40697572,0.0854684,-0.3216561,0.16581184,-0.2489378,1.7880709,1.2087911,-1.9307066,-0.48966357,0.97084093,-0.5386781,0.07083508,0.6636482,-1.0872316
GGCTGAGAGACCATAC-1_rna,1.5253292,0.13080415,-1.0472674,-0.8294318,-0.040140234,-0.51551867,-1.1661938,1.83045,-0.657595,-0.92804503,-0.035329305,1.3202224,-0.12442491,-0.18055655,0.6556507,0.8639718
GGCTGAGAGGTCAAAG-1_rna,-0.03501948,0.6198646,-0.7022749,0.7151297,-0.4021516,-1.7494004,1.3460158,-0.4735921,-1.6446079,0.4459633,0.73243666,-0.08963706,-0.2965953,-0.19281058,-1.0410695,0.46383384
GGGAGTAGTGCTTACT-1_rna,-0.6136958,-0.916706,1.8478265,-1.95566,-0.9936613,-0.18708622,0.1385513,0.82999325,1.2073416,-1.0938821,1.3684562,0.8396369,-0.36094144,0.29642978,0.021239549,-0.44523752
GGGATAATCCCGTTGT-1_rna,-0.1382767,-0.16046688,-1.3259555,1.9805597,-0.5597831,-0.43941018,1.1837884,-1.1220016,-0.19912194,-0.31870705,-0.6581824,0.39623475,0.51880664,-0.6615862,0.102862194,-0.3790152
GGGATTAAGGCTTAGT-1_rna,1.3741648,0.22086267,-0.8933711,-1.285406,0.030065529,-0.09303813,-1.8570286,1.8715467,-0.22709122,-0.8965418,-0.36976695,0.8592457,-0.40154374,0.013761673,0.5350266,0.11842959
GGGCAATAGACTCGCA-1_rna,0.10463273,0.6546284,-0.6230505,0.7130112,0.11953435,-1.5446246,1.4530599,-0.7462464,-1.6670806,-0.021598326,0.7758062,-0.08602441,-0.15967341,-0.4740525,-1.161063,0.23600486
GGGCAATAGGGACTAA-1_rna,0.9054417,0.57214266,-0.20489927,1.1345135,0.6051888,-0.7321211,1.9296706,-0.565083,-0.10611685,-1.4290233,0.30249783,0.75994885,-0.62768173,-0.39513642,-0.22124998,-1.2441528
GGGCCTAGTAAGGTCC-1_rna,0.1712682,-0.57425165,-0.11976749,-0.5474437,1.8131543,1.1957953,-0.2687808,-0.542729,0.6088299,-1.7499738,-1.0536605,-0.87698513,-0.7167403,-0.21889341,-0.49243566,-0.49703926
GGGCCTAGTAGGTGTC-1_rna,0.52815914,0.4462395,0.05359638,0.6621067,-0.96510035,-1.5701709,1.2594455,0.1424229,-0.6928831,-0.52007425,0.9102394,0.46193352,-0.1829252,-0.092089765,-1.0569679,-0.2810697
GGGCGAATCGAAGCGG-1_rna,-0.20259537,0.35528037,-0.45735064,0.20837845,-1.0064237,-1.7148111,0.18389297,-0.9426072,-1.5448058,0.591764,0.68777835,0.12708731,0.712668,-0.3043141,-1.0348333,1.1425391
GGGCGAATCGGGATTT-1_rna,2.021242,0.33492392,-0.42530587,-1.091806,0.021252094,0.104609445,-1.5176098,1.9137084,0.24396329,-1.0922973,-0.437357,1.1370009,-0.14532106,0.6260595,1.3926238,-0.5786228
GGGTATTTCAGTTCCC-1_rna,-0.7636253,-0.3414196,-1.8090658,1.7463633,-1.3880134,0.8395054,0.6868166,0.58049625,0.46918824,0.006379063,-0.39393717,-0.29991123,0.5561459,-0.8673286,0.8162336,0.54796714
GGGTATTTCGGCTATG-1_rna,0.11212505,-0.39047748,0.1917074,-0.369342,0.56802934,2.0767524,-0.39045742,-0.2009917,-0.42721763,1.0296564,-0.06347494,-0.90019906,-0.9339107,-0.116992,-0.69588023,1.0810759
GGGTGAAGTACTTAGG-1_rna,1.1594933,-0.35342008,-0.90078163,0.4711338,-0.8751713,0.18908817,-0.91825515,1.9098713,0.45084447,-1.0963675,-0.4540441,1.2070081,0.054651674,0.11503394,1.8328956,0.611965
GGGTGAAGTCACAAAT-1_rna,-0.0722329,-1.2402519,2.0175507,-1.3997452,-0.98619634,-0.14558679,-0.22261932,-0.0078472495,0.6443551,-0.79149777,1.6909882,1.385668,0.16815694,-0.30487588,0.49176013,-0.22381777
GGGTGTTGTTACTTGC-1_rna,-1.0148504,-1.0923607,1.5043082,-1.4728433,-1.8267118,-0.5306016,-0.94737387,0.5588208,1.1105129,-0.21356249,1.732661,0.7985968,0.025273085,0.0320352,-0.20786546,0.040167518
GGGTGTTGTTTCCACG-1_rna,0.5679163,1.7062666,-1.1019992,0.61520636,1.4009788,0.74944204,-0.41292945,-0.66114277,-1.0185841,1.7983289,-1.2487065,-0.9220636,0.49720946,-0.3181029,-0.781835,-1.5187544
GGGTTACGTAACTACG-1_rna,-0.98807704,-0.40951133,0.76442885,-0.42476934,0.5642966,1.6812828,-0.27666077,0.5001147,0.805802,0.63393587,-0.4355282,-1.5424807,-0.45020643,0.14688173,-0.8775737,-0.15926312
GGGTTACGTGAGGTGA-1_rna,-0.4530064,-0.043442085,1.6983107,-1.2633674,0.1975479,1.5691354,0.84628665,0.6789679,0.9443448,0.81657094,-0.20010214,-1.0668498,0.5950245,0.57767016,-0.7374502,0.57390004
GGGTTACGTGATGAGG-1_rna,-0.26204902,-0.4335148,-0.79165936,1.087495,-1.2872407,-0.10294779,1.3302834,-0.4472102,-0.5603208,-1.1578135,0.44582042,0.5336261,-0.25202727,-0.34504384,-1.2974197,-0.07066771
GGGTTATTCCGGTTAG-1_rna,-1.0630498,0.42026195,-0.52495277,0.072090626,0.72388583,1.4036213,-0.8964755,0.008871745,-0.025498174,1.5212972,-0.69496024,-1.2122138,-0.048446994,-0.5351197,-0.8949083,-0.040871095
GGGTTATTCGACAAAG-1_rna,0.08935762,0.0013011694,-0.33883768,0.51358163,-1.051587,-1.6841353,0.58110803,-0.70175356,-0.06751758,-0.8686903,0.58773834,0.530957,-0.08879226,0.048598647,-0.936959,-0.813025
GGGTTTCCACAACAAA-1_rna,-0.058179893,-0.9135,0.08724989,-0.14162926,2.1064036,1.1060523,-0.004817263,-1.4111712,-0.08078697,-0.46961147,-0.43316403,-0.72875166,-1.0061991,-0.05334796,-0.11740143,1.6198639
GGGTTTGTCATCCTCA-1_rna,1.2021072,1.5231624,0.2603951,0.36027274,1.375694,0.73291135,1.1010776,-0.8548835,-1.5780597,2.4778373,-1.0626932,-0.03556497,1.5270532,0.036934026,-0.28466588,-0.14178768
GGTAAACCATTGTCCT-1_rna,0.100748464,0.2539128,-0.5857614,1.6133928,-0.123678945,-1.6089872,1.0639293,-1.2554085,0.6349327,-0.46113968,-0.1703746,0.40745094,-0.12473451,-0.0777324,0.35297954,-1.6404377
GGTAACTTCACCGGTA-1_rna,-0.35925734,-0.35643846,-0.99254954,1.6487879,-1.8877754,0.14766784,0.26900157,0.37816462,0.8253925,-0.18101269,-0.49194607,0.23574491,0.9222006,-0.33949277,0.55592465,0.23047757
GGTAACTTCTTGAGCG-1_rna,0.72016597,-0.39636046,1.1114422,-0.8511082,1.9976637,0.95578086,1.0083508,-0.62387794,0.5123499,-1.6637673,-0.7324414,-0.6017625,0.06942621,1.0348788,0.10284683,-0.42013687
GGTAATTGTTCCGGGA-1_rna,0.6226527,-0.5427265,0.19307524,-0.36104107,2.46119,0.8813327,-0.5491169,-0.9426991,0.09933785,-1.8476089,-1.0000724,-0.5403526,-1.0718086,0.2758303,-0.08943701,-0.2727102
GGTACTAGTAAGTCGC-1_rna,0.3100547,-0.66164494,0.18882725,-0.37744814,1.9120873,1.7537497,0.22449878,-0.7554831,0.03285042,-0.5875749,-0.5729303,-1.1674721,-0.62489367,-0.07128492,-0.7932471,0.35033572
GGTACTAGTATTCGCT-1_rna,-0.27786046,0.18080515,-0.98294914,1.5173817,-0.11654113,-1.1780648,1.1347133,-1.3206711,0.028413659,-0.22715387,-0.44007817,0.18496946,0.45334065,-0.761327,0.3560793,-1.0820009
GGTACTAGTATTTGCC-1_rna,0.80746186,0.7698152,-0.397443,1.2281039,0.56801003,-0.87018996,1.5067874,-0.90496725,0.7229993,-1.0840311,-0.56737447,0.53725773,0.026616666,-0.21429442,0.40597615,-2.0126784
GGTACTAGTCGCAATA-1_rna,0.40205988,0.654867,-0.0027971454,0.5844424,-0.5160554,-1.6202399,1.0970365,-1.1823949,-1.2842087,0.10524529,0.7353743,0.07797564,0.08843821,-0.27829286,-1.476583,-0.12795842
GGTACTAGTTCCATTA-1_rna,-1.2309903,-0.5300411,1.3671188,-1.2414684,0.6813428,1.2081579,-0.050908364,-0.23889153,1.246419,1.073407,-0.22602625,-1.2018889,0.1183524,0.4131125,-0.64502436,0.35773602
GGTAGGAGTCACTCGC-1_rna,-1.2840905,-1.2112185,1.4119079,-1.4075524,-1.9938911,-0.42811376,-0.47227648,0.37548822,1.0300812,-0.39823273,1.401614,0.6042222,0.2074431,-0.05743009,-0.41157976,-0.10860487
GGTAGGAGTTAACAGT-1_rna,-0.22234327,0.34938505,-0.98669213,1.1077135,0.23901525,-0.63472754,1.9452776,-0.65383035,-0.41950133,-0.9082065,0.14587018,-0.21112294,-0.005660787,-0.9008663,-0.8194243,-0.818724
GGTAGGAGTTCCGGCT-1_rna,-0.53489846,0.36455792,-1.3850574,1.740636,-0.44602868,0.09034679,1.787848,-0.44442597,-0.20261163,-0.020945631,-0.78668875,-0.17207687,1.0267353,-0.68717164,-0.063278146,-0.2714775
GGTATTGGTGGCTTCC-1_rna,0.50024676,0.63814515,-0.13168018,0.32626802,-0.20464319,-1.5331374,1.1086704,-0.71734715,-1.884255,-0.44714496,0.8254793,0.23483248,-0.20785096,-0.20531276,-1.6941643,-0.15659602
GGTATTTCAGGCGATA-1_rna,-0.36811358,0.32147762,-0.69008255,0.91454947,-0.12642579,-1.128961,1.5726876,-1.2931064,-0.71360797,-0.11626332,0.30416563,0.09773659,0.23850963,-0.49500924,-0.621156,-0.4670816
GGTCAAGCAGGACACA-1_rna,1.6435182,-0.02018315,-0.2626077,0.033203777,0.015056398,0.37760386,-0.42438272,1.5375085,1.1688684,-1.6562804,-0.2724643,1.3897437,-0.20211628,0.124327615,1.577337,-0.9566361
GGTCAATTCCTAAGAC-1_rna,0.43780673,-0.5317979,-0.13740629,-0.4333383,2.51572,0.5763653,-0.67262655,-1.2197642,0.29180706,-1.8570123,-1.1350899,-0.64242435,-0.8491978,0.063588575,-0.0553677,-0.74771947
GGTCAATTCGTCCTTA-1_rna,-0.59892476,0.31013274,-1.8013741,1.6833838,-0.8842715,0.45959908,1.3103429,0.45427385,-0.5230136,1.0700356,-0.4562084,-0.51534504,0.8717983,-1.0103623,0.42675844,0.851236
GGTCATTAGGTGCGGA-1_rna,1.3070935,0.8786415,0.33465177,0.8846143,0.6470726,-2.0776916,0.83511597,-1.3202848,0.40592247,-0.554388,-0.07393738,0.66700315,-0.0555737,0.42419913,0.18308024,-2.0905957
GGTCATTAGTGAGAGC-1_rna,1.6391839,0.558835,0.31456044,1.0800194,0.63452137,-0.51665694,0.8798798,0.24427599,1.3075159,-1.1769229,-0.87823546,1.1590643,-0.13366537,0.487014,1.3430934,-1.9588451
GGTCCATCAACAGCCT-1_rna,1.2950213,-0.41583872,0.5429155,-0.6428796,2.3538067,0.62466836,-0.3593298,-0.900376,-0.117997035,-2.062477,-0.6298896,0.14103231,-1.1112919,0.5131395,0.018313104,-0.7467535
GGTCCGTAGGAAGCTA-1_rna,-0.61311936,0.3822609,-1.9185836,1.7452929,-0.084940374,0.37257707,1.5224602,0.101228654,-0.14518844,0.51268846,-0.6690696,-0.56353194,0.592644,-1.1421752,0.79141617,-0.1180925
GGTCCGTAGTGAACAG-1_rna,-1.0080969,-0.9195122,1.7918365,-1.6223603,-1.3603605,-0.515345,-0.3910907,0.5539313,0.8523837,-0.40241906,1.5929903,0.6585081,0.06233065,-0.049690634,-0.5572383,-0.028040782
GGTCGGTTCACTTTAC-1_rna,0.3444453,0.33067992,-0.11884171,0.5984148,-0.8713953,-1.6873431,0.7152529,-1.0215734,-1.171924,-0.313734,0.9815718,0.416533,-0.174868,-0.022173766,-1.3979124,-0.38565704
GGTCGGTTCATCAGTA-1_rna,-1.0429523,-1.2186455,1.7631452,-1.5798819,-1.2105107,-0.4047919,-0.7269676,0.14183101,0.8331422,-0.731974,1.6693026,0.8943909,0.10666157,-0.32891443,-0.09862041,-0.45867443
GGTCTTGAGGCCGGAA-1_rna,-0.30588976,-0.556911,0.7208449,-1.284066,0.9838151,1.6208934,0.3470592,0.22122821,0.67767614,-0.28643698,-0.23147093,-1.2544012,-0.23433775,0.11964168,-0.6382802,0.353093
GGTCTTGAGGGATGCG-1_rna,-0.487183,-0.24784376,-1.6098082,1.9703773,-1.346722,0.4066244,0.5511677,0.30486733,0.38330123,-0.16098315,-0.41152337,-0.16350727,0.469205,-0.5826393,0.5934406,0.2157971
GGTCTTTGTTGGTGAC-1_rna,0.0813954,0.5128081,-1.0603559,1.1721224,0.35507426,-1.3100734,1.6474578,-1.6000867,-0.78390485,-0.29529297,0.1922873,-0.09930239,-0.09926617,-0.78058946,-0.55900025,-0.59744424
GGTGAGGTCATTACGA-1_rna,0.48114234,0.5514778,0.28803796,0.51878464,-0.2839169,-1.3621657,1.2185383,-0.7842752,-1.1483119,-0.7656575,1.0767313,0.7356005,-0.28878874,-0.15956852,-1.341109,-0.5342627
GGTGAGTAGCGAGTAA-1_rna,-0.604975,0.42230067,-1.4923366,1.287337,-0.5013543,-0.48192397,1.9729524,-0.33519375,-1.3030069,0.3860777,-0.23390076,-0.50427824,0.30366758,-0.777478,-0.31325653,0.5317524
GGTGATTTCCTCATGC-1_rna,-0.6019782,-0.2507454,1.240147,-0.983124,1.070827,1.141515,-0.72376686,-0.31820485,1.1331306,0.950688,-0.321183,-1.4392393,0.2771483,0.38592887,-0.5766135,-0.83692217
GGTGCTTCAAACCTAT-1_rna,1.7635792,0.004212428,0.03211065,0.2578742,0.33088782,0.24619587,-0.27254254,1.209584,1.1104016,-1.6541455,-0.66279477,1.3799856,-0.13447535,0.13850522,1.5427471,-1.2104843
GGTGCTTCAAATATCC-1_rna,-0.039820075,0.26668882,-0.9527338,1.83421,-0.42973694,0.24236482,2.1579692,0.2981842,-0.26892558,-1.0268506,-0.16066316,0.22745349,-0.29610208,-0.67383087,-0.47274965,-0.7732511
GGTGCTTCACCGTTCC-1_rna,-0.04429575,-0.24703236,1.113268,-0.9280889,0.82033014,1.3207164,0.8445703,0.08130108,-0.47569773,2.0026438,0.19888112,-0.047434628,0.52329755,0.67873824,-0.20848425,2.2780921
GGTGCTTCATTATGCG-1_rna,-0.049822707,-0.5891925,0.20372835,-0.71938574,1.207898,1.7815876,-0.22189002,-0.12807038,0.6224699,-1.3307943,-0.73555017,-1.1203842,-0.917594,-0.33095512,-0.9819735,-0.5294821
GGTGTGACACTTCACT-1_rna,-0.51900756,0.033938482,-1.6416676,1.2812884,-0.8364748,0.26205418,1.7398287,0.4323944,-0.03004465,-0.56993127,-0.5819564,-0.006107629,0.7384139,-0.6161248,0.37761262,0.14933635
GGTGTTGTCCTTGCAC-1_rna,0.09537443,0.23275958,0.46900454,-1.1348563,0.115442246,0.9595518,0.64865106,0.30543196,-0.98374414,2.5713925,0.42906728,0.27664778,0.8295235,0.32714868,-0.21058689,2.8273313
GGTGTTGTCGAAGCGG-1_rna,-0.45480126,-0.3401045,1.4542835,-0.94932514,0.43738434,1.6210129,0.7088632,0.45915192,0.38992736,1.223529,0.17843083,-0.83213705,0.2018546,0.48601556,-0.5811229,1.3860939
GGTGTTGTCGAGGAGT-1_rna,0.16073707,0.15401915,-0.631652,0.90256,-1.1060123,-1.2544736,1.000545,-0.40397936,-1.3676126,-0.058818564,1.0223684,0.3092971,-0.36263886,-0.27504227,-1.5144149,0.39015043
GGTTACCCACAGCCAT-1_rna,-0.51556927,-0.46392593,1.2506901,-0.86825454,1.1017063,1.7606614,0.33840826,-0.035750788,0.85449946,0.6624413,-0.5053468,-1.2049088,0.06692053,0.3619785,-0.64785326,0.40062922
GGTTACCCATAGACCC-1_rna,0.5265814,0.24119979,-1.298238,1.8727964,-0.52766395,0.25679693,0.99432003,0.38113168,0.9921091,-0.59934026,-0.9591753,0.26948345,0.37117973,-0.5557514,1.1983408,-1.0014056
GGTTATATCTAACCTT-1_rna,1.0997653,0.21578677,2.2813492,-0.6349261,-0.87863487,-1.5577892,-0.65842175,-0.7203516,0.4368128,-0.7837038,1.1804979,1.7844751,-0.0645646,0.38548148,0.39470318,-1.6037266
GGTTATGGTGTCCAAA-1_rna,0.11182603,0.44932884,0.13617934,0.46364734,-0.45216784,-1.5781628,1.4903595,-0.84067154,-1.4539648,-0.58109903,0.91020215,0.40513524,-0.22461191,-0.3524992,-1.5921338,0.09917711
GGTTATGGTTCATCTA-1_rna,0.03404311,0.052562706,-1.5034149,1.6652052,-1.1867826,0.34563336,0.8534405,0.729731,0.26526436,-0.4761836,-0.29720688,0.09977023,0.41149607,-0.57555586,0.5938483,0.18072651
GGTTCTTGTAGGTTTG-1_rna,0.48414457,-0.02888005,-0.5676343,1.7359438,-0.86605024,-0.21551874,1.9954374,-0.22000422,0.08437072,-0.9583232,0.29881495,0.8468777,-0.7978049,-0.18494421,-0.21667056,-0.52881753
GGTTGACGTCCGTGAG-1_rna,1.1436046,0.22097695,-0.5790488,0.91322815,0.030670924,0.41619346,0.5234172,1.3889215,1.0995171,-1.626759,-0.90446883,0.9869733,-0.26982814,-0.13509783,0.98224676,-1.1741143
GGTTGAGCAATTTGGT-1_rna,0.98480284,-0.68385154,1.3364252,-0.9284596,1.9440252,0.9938966,0.59083366,-0.33261403,0.05856643,-1.6972486,-0.6063903,-0.043751966,-0.22765973,1.1795388,0.3605887,0.026150826
GGTTGCATCTTTGAGA-1_rna,0.27361783,0.5441594,-1.3291312,1.446503,-0.50378245,0.83694035,1.1274846,0.9363008,0.5368255,-0.21354607,-0.5650627,-0.41861257,0.35712475,-0.9596534,0.32504752,-1.3904047
GGTTGCTCAAACAACA-1_rna,-0.061407372,0.77847487,-1.3582431,1.3673145,-0.25812888,-0.7247765,0.37194166,-0.8641887,0.4076473,0.7622356,-1.2417973,-0.41458836,1.2504134,-0.65532434,1.2156318,-0.6943549
GGTTGGTGTCTCAGCC-1_rna,-0.5521483,-0.026712662,-0.095487215,-0.03677611,0.90296924,1.6959102,-0.35813284,-0.016168237,0.6483142,0.12615962,-1.0515286,-1.4308165,-0.19776103,-0.23807992,-0.90764546,-0.695224
GGTTTAATCCTTAATC-1_rna,0.53583753,0.4671683,0.40237492,0.55114424,0.11332004,-2.0231922,1.2855561,-1.2993674,-0.752533,-0.8999896,1.0367463,0.65176344,-0.65434724,0.2923415,-1.0451783,-0.81051356
GGTTTAATCCTTCGTA-1_rna,-0.21058863,0.11285066,-1.456996,1.6293006,-0.704405,0.30799362,1.1124731,0.7410008,0.77416396,-0.7381382,-0.733211,-0.066125,0.35038623,-0.6670452,0.7714497,-0.9713218
GGTTTCCTCACATTGA-1_rna,-0.1527586,-0.4744903,1.6083028,-0.95011413,1.2148033,1.6257803,0.75575554,-0.1921269,0.39455327,0.4443983,-0.20892015,-0.74673337,0.29781866,0.82908255,-0.42533058,0.6162666
GTAAGCGCAGGACCTT-1_rna,0.26047277,0.8672976,0.37104687,0.18996717,0.08939196,-1.5767018,0.8273977,-1.0488901,-1.533743,0.2327268,1.054702,-0.14019729,-0.17445722,-0.11503328,-1.914067,-0.5287971
GTAAGCTTCATTGCGG-1_rna,-0.8287056,-0.41306728,-0.021698792,-0.45895544,-0.95442766,0.41914845,0.16436327,1.0227399,0.102598175,-0.7057124,0.4239158,-0.11127141,0.0069691576,-0.8315658,-1.7985381,0.7208334
GTAAGGTCAAGGGTTG-1_rna,0.24344312,0.15816523,-0.97551394,1.7994297,-0.73802453,1.256757,1.2447727,1.2937717,0.64252895,-0.2916744,-0.7594221,-0.27019224,0.29438007,-0.12115993,0.7607798,-0.13878208
GTAAGGTCAATTAGGA-1_rna,0.6355537,-0.6191236,1.5205393,-0.86225796,1.8633347,0.8849977,0.80774003,-0.3325746,0.15634835,-1.2551618,-0.33634815,-0.13104308,-0.47288918,0.9114383,0.35240117,0.80979717
GTAATAGCAAATATCC-1_rna,0.39415267,-0.65034944,-0.86214006,1.3928928,-2.2464879,-0.060647808,-0.1621251,1.0329444,0.7973871,-0.62620056,-0.059369873,0.83640856,0.35972843,0.12333773,0.54003805,0.5583167
GTAATAGCAACTGGCT-1_rna,2.234698,0.26782253,-0.09032671,0.7490645,-0.6097505,-0.84631,-0.49490982,0.44480786,1.2371414,-0.274935,-0.5424178,1.5508292,0.11420168,0.9619485,1.866405,-1.386425
GTAATAGCAGGAAGCC-1_rna,1.2241567,0.20498039,-1.2753072,-0.04337187,-0.4354367,0.42363623,-1.0413914,1.9939474,-0.28178182,-0.3077539,-0.20664147,1.0887836,0.38795573,-0.12852253,1.3736911,1.0826267
GTACTAGGTGCTTTAC-1_rna,0.2944085,0.44223297,-0.8062776,1.6332482,0.44255653,-1.1200002,1.6477165,-1.3317076,0.540233,-0.7260372,-0.6722466,0.07463233,0.1601879,-0.5270567,0.4452639,-1.5817866
GTACTGGTCACTAGGT-1_rna,-0.25632727,-0.372993,0.08029213,-0.6570482,1.3385085,1.4238234,-0.56475496,-0.46941587,1.0841901,-0.8496418,-1.213661,-1.4440252,-0.285058,-0.18584335,-0.7825196,-1.1146677
GTACTTAAGAGGAGTC-1_rna,-0.6258505,-0.6650432,-0.8400965,1.2385079,-2.0195513,-0.6700645,0.43588063,-1.2632842,-0.28048062,-0.07113418,0.16161734,0.4908476,0.41491795,-0.16613224,-0.7096562,0.15908952
GTACTTCGTAATGGAA-1_rna,0.08916149,-0.13178402,-0.02734898,0.84021336,-1.7741039,-1.581701,0.12592259,-1.4749707,-0.5219016,-0.0017497727,0.553368,0.41728067,0.19944766,0.18229297,-0.89818114,-0.3558254
GTAGCCATCCGTTAAA-1_rna,-0.510729,-0.5604071,-0.41194573,0.9905231,-2.1239173,-1.2680625,0.17288661,-1.0959071,-0.623645,0.30870897,0.5955003,0.37983972,0.3769588,0.20492852,-1.1027651,0.3518368
GTAGCCATCTAATCAG-1_rna,0.10393256,0.47105196,-0.96332145,1.8640478,0.3077033,-0.8387745,2.032831,-0.34387374,-0.78899497,-0.044198643,-0.043970007,0.059285004,-0.2517684,-0.81756717,-0.35532,-0.62262976
GTAGCGCTCACAGCCA-1_rna,0.34128147,1.0521737,1.579898,-2.4977472,-0.14215504,-1.6328119,0.78443736,1.099276,1.3695917,1.5123122,1.1271788,-0.5621543,1.1259947,2.1302803,0.88807404,-0.6517082
GTAGGAGGTAATGGCC-1_rna,0.5544909,-0.5351695,1.5215887,-1.1044189,1.6378827,0.97794795,1.0335965,-0.2320405,0.65625614,-1.3322326,-0.47011203,-0.42620295,-0.35941112,1.1301472,-0.085308805,-0.14245105
GTAGGAGGTGCTGGTG-1_rna,0.09951427,0.3110823,-0.7991389,1.1115595,-0.45682877,0.04731284,0.78566414,-0.78504074,-0.41391698,-0.94744784,0.21207422,0.09711698,-0.3518155,-0.45749474,-1.4872129,-1.6674907
GTAGGAGGTTGGTTCT-1_rna,0.224442,-0.04647431,0.98268706,-1.3047414,0.55043566,1.0462343,0.7044475,0.09711151,-0.7020421,2.2797813,0.35742557,0.2767517,0.8102485,0.79326546,-0.0011835232,2.5880027
GTAGGATCAGCTCATA-1_rna,-0.33711657,-0.54860425,-0.323662,-0.47965255,1.7624044,0.90068066,-1.1139963,-0.8715767,0.55106884,-1.2050773,-0.9857137,-0.9728767,-0.6438683,-0.12921087,-0.2492247,-0.42395067
GTAGGATCATGTTGCA-1_rna,0.17625533,-0.559414,0.14189842,-0.011988975,2.3873498,0.21390681,-0.5116889,-1.4812335,-0.16799785,-0.9611814,-0.73681957,-0.5225596,-0.9879265,0.14519113,0.16793188,0.15132648
GTAGGATCATTAGGCC-1_rna,0.1766573,-0.014930115,-0.6759805,1.3231436,-0.8896455,-1.2802427,1.6424134,-0.56680673,-0.8679266,-0.40775046,0.21841872,0.46463412,-0.12085604,-0.09650289,-0.869262,0.032008097
GTAGTTTCAAAGCCTC-1_rna,0.22958227,-0.3855224,-0.2688122,0.8931595,-1.754338,-1.7229109,0.37999153,-1.4465445,-0.39979592,-0.45874858,0.52487975,0.7621927,0.20519961,0.13701312,-0.4501886,-0.33852097
GTATCGCCAGCCTGCA-1_rna,0.66820353,0.15122439,0.19942491,0.78805816,-1.2340752,-1.6034683,0.90588915,-0.27018905,-0.42332947,-0.9320619,0.61049026,1.0438095,0.011221603,0.39540827,-0.80820525,-0.5552187
GTATTCAAGTTTGGGT-1_rna,0.4509103,0.54846615,-1.7816838,1.3551348,-0.17180763,-0.2430258,-0.019740747,0.55621797,-0.2008242,0.9310068,-1.076012,0.2884776,1.1147164,-0.25402233,1.935739,1.1621809
GTATTGATCCCGAAGC-1_rna,1.1224414,-0.0882495,-1.8532412,0.2576655,-1.0210445,-0.3091627,-1.4306829,1.0897391,-0.26587036,-0.09354733,-0.36326057,0.7949911,0.76898503,-0.24300086,1.2871749,1.4136606
GTCAAACTCATGCAAC-1_rna,0.45840856,-0.7365482,1.3974395,-0.74656343,1.2467196,1.8571557,1.1924331,0.2381599,-0.1342295,-0.8912832,-0.00074083917,-0.08539629,-0.5210398,0.80025643,-0.3979039,1.279561
GTCAAACTCCGGTTGA-1_rna,-0.18849486,-0.3307368,-1.0284594,1.6992024,-1.2385865,-0.7006894,1.2991475,-0.6890396,-0.2900484,-0.8020142,-0.037342858,0.52933824,0.118407115,-0.40922043,-0.3914508,-0.30594513
GTCAATATCTAGCGAT-1_rna,-0.35930002,-0.51681006,-1.115903,1.719966,-0.7788749,-0.36323386,1.5213788,-0.9615542,-0.2575176,-1.1842772,0.08165649,0.51369417,-0.21877076,-0.39389238,-0.26764458,-0.5181065
GTCAGGCTCGCAGGCT-1_rna,-0.34705773,-0.005393163,-0.8900357,0.94746,-1.4559591,-0.7934754,0.64382094,-0.605735,-1.3080622,0.559165,0.3860707,0.05293601,0.58922565,-0.36500388,-1.2252364,1.1198533
GTCATCACACATAGCC-1_rna,-0.41687164,0.2061676,-0.8238658,0.7884032,-0.22574951,-0.8402736,1.8593814,-1.4006048,-1.5692463,-0.029842665,0.349292,-0.38603523,-0.013335166,-0.59165525,-1.2270888,0.36987916
GTCATCCTCACTTCAT-1_rna,0.65255606,-0.6837991,0.5921893,-0.7922054,2.2026749,1.1137711,0.17074351,-0.52191544,0.11201067,-2.1311452,-0.7505507,-0.28401598,-0.79124796,0.65524346,-0.06036531,0.35064602
GTCATTAAGGCGCTTA-1_rna,0.4241977,-0.86040443,1.0856997,-0.9571179,2.3402295,0.79021305,0.25626877,-0.80795383,0.33033952,-1.6255386,-0.5284149,-0.4781035,-0.66698,0.78030306,0.21546681,0.37556502
GTCATTAAGTTAGACC-1_rna,-0.0038957726,-0.65728855,1.1836964,-1.043993,0.69676614,1.9228573,0.51189053,-0.005063409,0.08893386,0.36122453,0.25081602,-0.78305465,-0.7294444,0.23897047,-0.85314065,0.7864188
GTCCGTAAGTTCCCGT-1_rna,1.0608928,0.5815636,0.20136647,0.78063595,-0.59070927,-1.8215427,0.6116144,-0.5874317,-1.2950047,-0.031087734,1.0590372,0.6426718,-0.41951764,0.24022223,-1.1808673,-0.073702596
GTCCTCCCAATAACGA-1_rna,-0.7853343,-0.57333356,-0.4740804,-0.4557923,1.0578202,1.6335465,-0.6802173,-0.50319767,0.83435374,-0.585747,-0.9296182,-1.4691141,-0.67406374,-0.58673906,-0.88008004,-0.15378842
GTCCTCCCAATGCCCG-1_rna,-0.4599464,0.45223358,-1.0568001,1.4200778,-0.0362536,-0.40075907,1.7785543,-0.9560613,-1.5255806,0.17423247,0.04014599,-0.16455159,0.12369674,-0.726735,-1.0358882,-0.15366471
GTCCTCCCACTCAACA-1_rna,0.18889134,0.5127837,0.20163356,0.3471868,0.058612015,-1.2259786,1.5142206,-0.5154448,-0.98026806,-1.1981045,0.9972181,0.41124642,-0.65495014,-0.44333878,-1.4866481,-0.8470072
GTCGAAGCATTTGCTC-1_rna,0.22168921,0.08214882,0.68812895,-1.1617765,0.24718262,0.9565974,0.99147004,0.35250327,-1.0018086,2.179599,0.5325226,0.44648075,0.71476823,0.50388646,-0.22314319,2.8621464
GTCGAGGAGGCGGGTA-1_rna,-0.5656628,0.4543165,0.55283386,-1.1164529,0.31108752,0.856982,0.08037834,0.42415115,-0.41831622,2.7419257,0.24898109,-0.1264527,1.2554392,0.57378644,-0.12227128,2.3350723
GTCGAGGAGTTTCCTG-1_rna,1.4764158,-0.1840026,-0.75113684,1.0779994,-0.86837065,1.0164548,-0.5803004,1.7415527,0.58611006,-0.86539274,-0.5803245,0.9733201,-0.06079307,0.10317205,1.3787159,0.19085942
GTCGCAATCATCAGTA-1_rna,0.29580992,0.5010368,0.32250547,0.18456388,-0.8929999,-1.9553454,0.80837834,-0.575111,-1.319111,-0.038249172,1.0970682,0.23829152,-0.1572937,0.20716152,-1.7343104,0.2913116
GTCGCAATCATGCTCC-1_rna,0.40472615,0.5997207,0.1034262,0.4673335,-0.38764474,-2.2504764,0.7276044,-1.4699582,-1.6050767,0.4337963,0.8238648,0.26225954,0.03509287,0.17511424,-1.167409,-0.07124965
GTCGGTTCAATTTGGT-1_rna,0.6580437,0.56485516,-1.0490701,1.6838887,0.4069624,-0.31624514,2.1734734,0.12856247,-0.23218216,-0.7063277,-0.18946578,0.37783763,-0.27042997,-0.54328287,0.3195327,-0.5278453
GTCTAACAGTAACGAG-1_rna,0.4863718,-0.3526323,0.5698863,-0.8535971,1.8912718,1.015673,0.5462631,-0.70062137,0.5917953,-1.5310359,-0.8547494,-0.39326566,-0.037686564,0.51734865,0.00014620647,-0.4226777
GTCTAATCATGTTGGC-1_rna,0.9374764,0.3845841,-1.2096804,1.7388494,-1.0194036,-0.47867286,-0.35540774,-0.13769035,0.2521515,1.3625289,-0.9305013,0.23865625,0.9883387,0.2651752,1.5981358,0.42981178
GTCTAGCCAGCTCAAC-1_rna,0.34746104,0.005347996,-0.3687086,1.076629,-1.1885568,-1.5052471,0.964218,-0.9543549,-0.58594483,-0.54762137,0.54728895,0.52428293,-0.08488404,0.10252299,-0.91313136,-0.41917843
GTCTAGCCAGTTTACG-1_rna,0.26872605,0.14322661,0.28038344,0.27067873,-0.5514764,-0.64343035,0.8724435,-0.38601008,-0.9408697,-1.262529,0.91464627,0.57353145,-0.060615163,-0.1126914,-1.6623907,-0.5188007
GTCTATGCATAATGAG-1_rna,0.3981726,0.023706248,0.8763994,-1.3770179,0.091018066,0.9442493,1.1668671,0.54649496,-1.0885651,1.9941344,0.55267715,0.4282756,0.75741273,0.5528017,-0.4387424,2.6325374
GTCTATGCATAGCGAG-1_rna,0.6541178,-0.15131168,-0.66293055,0.9581776,-0.91055316,0.6088612,0.1352709,1.9514115,0.6972583,-1.4325376,-0.17949697,0.78570044,-0.25963748,-0.69397205,0.8878451,-0.23231894
GTCTTTAGTCACAGCG-1_rna,1.8406284,0.43904018,0.18013072,0.3291328,0.5047843,-0.36961952,0.70432025,0.68488204,1.1867373,-1.0771962,-0.5783777,1.2917144,0.4145612,0.35699743,1.6950989,-1.5672486
GTCTTTGTCCTAATTC-1_rna,1.9980308,0.10208592,-0.06892316,-0.017105915,-0.42194206,0.594262,-0.64248866,1.8510674,0.9521862,-1.2333673,-0.3559911,1.1829605,-0.42723864,0.25946644,1.2335374,-0.75481653
GTGAATCTCCGGTATG-1_rna,0.13041154,-0.40419874,-0.62251824,1.3260119,-1.4058999,-1.2980103,0.79923725,-0.73988324,-0.33542335,-0.509812,0.4721016,0.5792475,-0.11496943,-0.21910058,-0.48374578,-0.26915875
GTGATGAAGGAGGACT-1_rna,0.6259219,0.30429286,-0.30039403,0.99569255,-0.16589378,-1.048506,1.4901167,-0.6280116,-0.8286748,-1.2682145,0.63961285,0.5947374,-0.42483518,-0.28497365,-0.9914039,-0.5766761
GTGATGAAGGATAAAC-1_rna,0.35949886,0.5097997,-1.4696841,1.8535725,-0.04825101,0.39192802,1.396729,0.39850068,0.32652223,-0.68123275,-1.0146693,0.03856206,-0.10633458,-1.0690689,0.88521945,-1.0865575
GTGCAAGCACTAAGTT-1_rna,0.38702163,0.37213585,-0.7979212,1.1926484,0.46581924,-0.54283375,2.099204,-0.6677356,-0.44176733,-1.372882,-0.0063227993,0.57350457,-0.29599056,-0.57851076,-0.3896438,-0.85241836
GTGCAAGCATTCCTGT-1_rna,-0.14232315,0.2635768,0.14719471,-0.71518606,2.1469474,0.19652766,-1.996328,-1.4488395,-0.19631402,1.6166277,-0.6342483,-0.76697785,0.509477,0.5166999,0.3078558,-1.226713
GTGCCTTTCAATTACG-1_rna,0.17884786,0.10773276,-1.0849539,1.8465694,-0.71272,0.29312682,0.52712566,0.96417207,0.533016,0.46765584,-0.7441832,0.268027,0.772792,-0.43639955,1.6151879,-0.02372001
GTGCCTTTCCTGATGG-1_rna,0.69543225,-0.72930104,0.6004634,-0.7379979,2.0856695,1.0668566,0.017303234,-0.5350703,0.6047884,-2.197176,-0.71352553,-0.48857236,-0.7649786,0.5536826,-0.0075245225,-0.111843154
GTGCGCAGTGGTTAGC-1_rna,-1.1114653,-1.0417811,1.3825014,-1.4481497,-1.861823,-0.33323288,-0.81448704,0.7472656,1.1218681,-0.018618777,1.6696541,0.5990019,0.05219099,-0.05225926,-0.23550972,0.4917465
GTGCGCAGTTTGCAGA-1_rna,1.0343857,0.22267102,-1.041052,-1.1777027,-0.5104223,-0.65834457,-1.9881216,1.7184787,-0.44275028,-0.03867865,0.02826518,1.0982437,0.21305655,0.17884012,1.1322678,1.0637074
GTGCGGTTCAATCTCT-1_rna,0.036388807,0.47801042,-0.518837,0.8496799,0.34285402,-0.45341894,2.4200113,-0.08702987,-0.82703936,-1.0430185,0.49156004,-0.049614143,-0.6466782,-0.55618304,-1.2615556,-0.76673454
GTGCGGTTCTCACACC-1_rna,0.84847826,-0.20684686,1.7358793,-1.1222425,1.3598992,1.3389096,1.3482411,0.08239128,0.0688596,-0.6982958,-0.34304178,-0.1764262,0.17254338,1.1450685,-0.37263882,-0.033441775
GTGCTCCGTCGCAATA-1_rna,0.3965788,0.2739395,-0.19651873,0.9075641,-0.5894121,-1.7278533,0.99024934,-1.1027814,-1.1072856,-0.28030643,0.60119915,0.36134297,-0.3947186,-0.04536987,-1.1822188,-0.395863
GTGCTCCGTGCAACTA-1_rna,0.042252187,0.7559599,0.06839487,0.33553904,-0.25580123,-1.6378225,1.1786022,-1.1965392,-1.5870486,0.12171967,1.0291696,-0.21738109,-0.17652197,-0.12305249,-1.9628868,-0.19821408
GTGCTCCGTTACCTGT-1_rna,1.3138797,-0.4340071,-1.034791,0.53383076,-1.2067924,-0.1226899,-0.71260214,1.9379377,0.4875564,-0.58142155,-0.13237321,1.236087,0.3391895,-0.008562053,1.6066983,0.8244351
GTGCTGATCGTTTCCA-1_rna,0.4680772,0.5354984,0.09110882,0.5658105,-0.058581155,-1.7110758,1.3198482,-0.990359,-1.6025735,-0.4024207,0.9347358,0.31634223,-0.23892547,-0.2375915,-1.5211588,-0.25086552
GTGCTGGGTACCTTAC-1_rna,0.4630664,0.43716392,0.066766486,0.46672124,-0.89005876,-1.4134294,1.0260187,-0.04331506,-1.4242158,-0.87842137,1.1901683,0.44448695,-0.67311954,-0.13855554,-1.7702458,-0.16891646
GTGCTGGGTCGCGCAA-1_rna,0.5982002,-0.551519,1.6466204,-0.87292635,2.1024354,0.95521766,1.2569885,-0.70091325,0.35373464,-1.200546,-0.5850352,-0.13272956,0.1863459,1.2573587,0.042115178,-0.20884152
GTGCTTCTCATTACAG-1_rna,-0.7504763,-0.9564695,1.6295301,-1.4877717,-1.2972863,0.21802655,0.28081638,0.7453034,1.3486997,-1.5376396,0.917936,0.5018039,-0.48605758,-0.0018005371,-0.5143326,-0.91914034
GTGCTTCTCTGCAACG-1_rna,-0.58727,0.015308368,-1.8551395,1.8133458,-1.1083447,0.06273764,1.1096926,-0.61780524,-0.37097833,-0.2030632,-0.5365315,-0.33879802,0.44806394,-0.8275099,0.086091034,0.06841793
GTGGACACAATCCCTT-1_rna,1.1372943,-0.09131547,-1.4215858,0.47712794,-0.5447984,0.99686396,-0.40824488,2.2426026,0.11742142,-0.7628597,-0.48961067,0.71909153,-0.2409727,-0.35672593,1.1078024,0.48404917
GTGGACACAATCGCAC-1_rna,-0.42092702,-0.54454213,-0.6306546,1.1340674,-2.001995,-0.93622077,0.48914087,-1.2151895,-0.5820712,0.02318482,0.2669829,0.3916403,0.26681834,-0.077361576,-0.92240435,0.10838543
GTGGACACACGGTACT-1_rna,0.6485766,-0.7868526,0.97549695,-0.5761448,2.5636551,0.77960074,0.5128504,-0.91727734,0.25538307,-1.6881927,-0.52081966,-0.47532246,-0.7053649,0.7620413,0.2192047,0.25189537
GTGGACACATAATCCG-1_rna,0.32001194,-0.21389355,0.09255173,1.0629516,-1.7660922,-1.8482308,0.24400064,-1.4373004,-0.21087232,0.049710732,0.772395,0.65920866,0.119318925,0.58383244,-0.6331495,-0.44076738
GTGGATGCAACCCTAA-1_rna,-0.859961,-0.58657146,-1.4569284,1.5956172,-1.9823285,0.35906246,0.9161594,0.14127141,0.31051448,0.032136127,-0.49217775,-0.09228703,0.814034,-0.4658556,0.30878726,0.62178904
GTGGATGCAGTTAAAG-1_rna,1.1379055,-0.086813614,-1.2120689,-0.85261416,-0.74261135,0.1355904,-1.3515252,2.218077,-0.43324804,-0.3644543,-0.05409866,0.9674805,0.16181283,-0.058072753,0.7670443,1.1382413
GTGTAACTCCTGAGTG-1_rna,0.37195173,0.34748822,-0.100831784,0.3482146,-0.53893167,-1.9429961,0.8769361,-0.73873836,-1.3707803,-0.016347503,1.0839267,0.26634657,-0.12470523,-0.16401206,-1.3227009,0.516235
GTGTCCAAGGAAACTG-1_rna,-0.7115223,-1.0258653,1.3289235,-1.3047262,-1.8934755,-0.07099155,-0.049143776,1.0365841,0.8530776,-0.6744335,1.163169,0.68609107,-0.62381685,-0.11803766,-0.55380285,0.21937835
GTGTCCAAGTTATCCT-1_rna,0.48720378,-0.74654853,0.930753,-0.69744545,2.4776833,0.6131433,-0.049171012,-1.072711,0.3887422,-1.4903708,-0.9454902,-0.65488976,-0.19031043,1.0156064,0.31579348,-0.39017266
GTGTGAGCAAACAACA-1_rna,-0.4334513,0.028715266,-1.3180528,1.2237833,-0.15685615,-1.0445012,1.7021315,-1.099424,-1.0679649,0.19753589,-0.052272294,0.05517091,0.19598407,-0.5541401,-0.6444834,0.118485905
GTGTGAGCAGCACGTT-1_rna,-0.35966167,0.39462617,-0.77569515,0.9323858,-0.5981859,-1.1642605,1.6624846,-0.6355118,-1.3004953,-0.116779685,0.21509284,0.048396394,0.43008342,-0.5301646,-1.173323,0.4289562
GTGTGCGGTAACCACA-1_rna,1.2284878,0.630026,0.24953622,0.9124114,0.16309725,-2.292444,0.18726264,-1.6105762,0.5970183,-0.12587638,-0.20619467,0.85221046,0.029570503,0.6906939,0.6565734,-2.107968
GTGTGCGGTATTGTCC-1_rna,0.062324844,-0.7670806,0.9110033,-1.2905295,1.6685978,1.3833816,0.12456524,-0.4087446,0.9701371,-0.7432258,-0.5651524,-0.69961154,0.058498755,0.4006776,-0.21205477,-0.15674426
GTGTGCGGTCGCAAAC-1_rna,0.6900736,0.8451877,0.4448669,0.14487346,0.5088325,1.0589974,-0.5575971,0.5982368,0.6491807,0.9445333,-0.37817752,-0.3750344,-0.5162479,0.24015427,-1.1395797,-1.9409083
GTGTGTTAGGTGTCCA-1_rna,1.7393627,2.0072982,0.2288372,0.25563008,1.725772,0.91550314,0.310675,-0.22697745,-0.7164991,0.22140595,-1.2490965,-0.028868865,0.32341203,0.3819278,-0.3872151,-1.7367002
GTGTTACAGCCTCTGT-1_rna,0.32584208,0.4088161,-1.4458203,1.8871542,-0.6668085,0.49302128,1.3011043,1.3213471,-0.56915337,0.19632988,-0.4652274,-0.17945184,0.07182454,-0.38697428,0.1557018,0.5541283
GTGTTACAGTCGCTAG-1_rna,-0.9645196,-1.0110599,1.3853412,-1.6172974,-1.6499494,-0.32249466,-0.3767389,0.938885,1.1427153,-0.18183775,1.3615829,0.73142534,0.34980172,0.010982506,0.048934642,0.34869552
GTGTTACAGTTACCGG-1_rna,0.45819038,0.53471833,0.15884073,0.61247677,0.10198359,-1.630145,1.0809305,-0.8073744,0.122037195,-1.0653592,0.45132625,0.49206126,-0.38112134,-0.11890045,-0.86496896,-1.7879792
GTGTTCCTCGTGCTTC-1_rna,0.3396292,0.30852062,0.55412936,-0.90086555,0.7304711,0.9698149,0.8067398,0.4478947,-1.0596645,2.449288,0.3017228,0.52193195,0.7170788,0.7596188,0.14057328,2.731358
GTGTTCCTCTATCGCC-1_rna,-1.2748574,-1.11521,1.4041313,-1.6576939,-1.5885159,-0.2748994,-0.59645104,0.70190555,0.75963384,-0.209771,1.0917183,0.648392,0.46239412,-0.2231869,-0.34433243,0.6617278
GTTAACGGTCCGGTTC-1_rna,-0.015223315,-0.32097325,-0.438596,-0.29182228,1.0385821,2.1097836,-0.38267744,-0.70918924,-0.10336979,0.1984513,-0.48393923,-1.114002,-1.0888327,-0.8271238,-1.0326508,0.47897035
GTTAAGCTCTTGCAAA-1_rna,-0.30583227,-0.4950082,1.1093796,-0.68356854,1.1173944,1.5301677,0.09935662,-0.52327883,0.6639823,0.7264287,-0.23002614,-1.224694,-0.036522474,0.2901982,-0.5954036,-0.08459684
GTTAATGTCATTATGG-1_rna,0.25434613,1.0092144,-0.7843843,1.4860712,0.39778984,-0.41247383,1.5189124,-0.52776766,0.3210984,-0.179354,-0.7784175,-0.12348241,0.4845152,-0.63833433,0.5663657,-1.5882559
GTTACAGGTCATAAGT-1_rna,-0.58977973,-0.14595862,-0.5081921,-0.038578093,1.4350638,1.6033853,-0.78299856,-0.51877385,-0.038880065,0.885948,-0.5417791,-1.0924984,-0.6374726,-0.49490422,-0.7433891,0.08993242
GTTACAGGTTGGTGAC-1_rna,-0.5298412,-0.16408671,-1.9477013,1.880822,-1.1298329,0.48110342,0.8424569,-0.030334389,0.06579062,0.37840006,-0.7044644,-0.22696564,0.7655569,-0.67511386,1.1059338,0.7955288
GTTACTAAGCTTGCTC-1_rna,0.01634454,-0.2554757,-0.044704154,-0.520038,0.77736837,2.0979292,-0.12690322,-0.15649141,-0.3871607,0.6982445,-0.19764183,-0.81319475,-1.1004584,-0.37452945,-0.9694198,0.98326117
GTTACTCGTCAGTAAT-1_rna,0.75327057,1.5209559,-0.33513793,1.328698,0.94798774,-1.6001114,1.2859209,-1.3350804,-1.5761832,1.6652417,-0.7633737,0.05921912,0.54828393,-0.5324278,0.24391165,-0.17598325
GTTACTCGTTAGGACC-1_rna,0.5396756,0.2785658,-0.6104841,1.5814688,-0.6248746,0.4009266,1.942016,0.9231456,0.6199097,-0.3610622,-0.66369987,0.532287,0.69906926,-0.33993766,1.3927244,-0.5639894
GTTCCCAGTAATCCCT-1_rna,0.85724217,-0.7467455,0.43040845,-0.37738913,2.7193348,0.7016786,-0.042006273,-1.0565175,0.034261685,-2.0875194,-0.93430036,-0.41136962,-0.7763346,0.64959246,0.36792287,0.32184666
GTTCCCAGTCCAAGAC-1_rna,-1.0781553,-0.99397796,1.6579406,-1.8825238,-1.5177736,-0.31757972,-0.6496508,0.7804149,1.0477849,-0.086358234,1.5818741,0.7602568,0.24041,0.056888558,-0.09873055,0.5413751
GTTCCTTCAAGCTAAA-1_rna,1.1436409,1.3102196,-0.74761015,1.7029078,0.1376396,0.05259225,1.3798639,1.3271954,-0.91912663,0.55504817,-0.6290954,0.17315882,-0.22677395,-0.43680972,0.37764546,0.19040623
GTTCCTTCAATCATGT-1_rna,-0.596411,0.038131803,1.4972194,-0.7658063,0.8060295,1.2929133,0.22979134,0.001283658,0.38528645,1.8807763,-0.2263213,-0.76226825,0.65650517,0.65300447,-0.60001266,0.7610953
GTTCCTTCAGGCATCT-1_rna,0.362071,0.42131704,0.073966116,0.46666855,0.17051767,-1.4149889,1.4949725,-0.40465036,-1.1021998,-1.2783269,1.0781997,0.44706488,-0.78078204,-0.38015416,-1.5029339,-0.37147713
GTTCTTAGTGTTGCTT-1_rna,0.2100198,-0.30390483,1.1376228,-1.1281288,1.8056594,0.99802524,-0.31361264,-0.5226908,1.0974417,-0.5677657,-0.8313897,-0.9951776,0.11988795,0.7820363,-0.4005362,-1.3660891
GTTCTTAGTTGTTGCT-1_rna,0.20784709,0.18061037,1.6045504,-1.4177837,-0.20694965,1.6155088,1.4983988,0.9613355,-0.15799479,0.7559333,0.33427358,-0.2817485,0.32997665,0.54288363,-0.734634,1.4671336
GTTCTTGTCATTTAGG-1_rna,0.03630676,-0.71751004,-0.3643424,-0.14525986,1.7554157,1.3047581,-0.060627952,-1.0964729,0.25528312,-0.9107985,-0.5080415,-1.0478789,-1.3000109,-0.53946304,-0.45454383,0.58864766
GTTGCCCGTTTACCGT-1_rna,-0.47583878,-0.011980574,-1.8224463,1.6200815,-1.189198,0.20326827,0.8751993,0.10306458,0.53504324,0.016017778,-0.90794224,-0.26991725,1.1607698,-0.8107819,1.2352443,0.34736162
GTTGCTGAGCTCAAAC-1_rna,1.2520307,0.42875716,-0.064481236,1.3956177,0.4818538,-0.059603278,0.7054359,0.009857757,1.562226,-0.8537149,-1.2658439,1.3316423,0.30319813,0.4141332,1.8259802,-1.5209354
GTTGGCCAGGGTGGAT-1_rna,0.2652133,-0.3295394,-1.0715932,1.8165935,-1.8332076,-0.32087645,0.7911584,0.35393336,0.2735111,-0.26408175,-0.056800503,0.7890965,0.11045067,-0.07798103,0.4192654,0.06638415
GTTGGCGGTGCTGTAA-1_rna,-0.28211665,-0.8793993,0.9359593,-0.7906352,1.8323691,1.1279942,0.56512,-0.68321055,0.6596441,-0.6641173,-0.4816184,-0.9716601,-0.29656148,0.25802866,-0.23656437,0.5082242
GTTGTTGCACATTAAC-1_rna,-0.90058774,-1.0151874,1.800844,-1.6820875,-1.0109575,-0.36353093,-0.8238264,0.33544323,1.2498521,-0.81182396,1.489733,0.5423929,-0.16307348,0.1261644,-0.048831344,-0.75683224
GTTGTTGCACGAACAG-1_rna,-0.6580672,-0.8200158,-1.0853616,1.6383713,-1.9981647,-0.8089979,0.6668835,-1.0385913,-0.19804506,-0.100595206,-0.009474789,0.40168312,0.63152033,-0.07374592,-0.41504246,0.48019686
GTTTAACCAGTCTATG-1_rna,0.24893765,0.5417141,1.4346466,-1.9205055,0.7253567,-1.4168763,0.6691461,0.6243735,1.609274,0.4475118,0.6701961,-0.40925536,0.7211267,2.1004026,1.0775038,-1.8015603
GTTTAACCATCATGGC-1_rna,0.8834904,0.36427847,0.046908934,0.72677326,-0.23319708,-2.068384,1.1428329,-0.8064963,-0.6655504,-0.51568884,0.9050185,0.90966886,-0.16230305,-0.25017267,-0.3853949,-0.123873994
GTTTACCGTTTAAAGC-1_rna,0.2620329,-0.29070553,-0.055199355,0.7899415,-1.6705352,-2.0688372,0.36609024,-1.3448694,-0.5347771,0.060420495,0.67482615,0.78463995,0.1618452,0.43278846,-0.58621424,-0.12727979
GTTTATCTCGCTCCAT-1_rna,-0.6320348,-0.16563053,-1.8743243,1.7310418,-1.4123946,0.5332622,0.5993913,0.5125819,0.010077006,0.101972334,-0.50021183,-0.3633368,0.7519894,-0.6630682,0.54822767,0.67043996
GTTTGCTGTATCTGGA-1_rna,0.13319668,-0.055218894,0.8474097,-0.89372873,-0.27035528,1.238821,0.69430816,0.26050937,-0.6347754,2.4077504,0.37638965,0.05961313,0.6228914,0.5033213,-0.37029344,2.426551
GTTTGCTGTTGCAATG-1_rna,0.5678866,0.51647747,0.66198903,0.4557706,0.27503604,-1.2793611,1.4733655,-0.11650877,-0.65688545,-1.5670663,0.6335521,0.83020943,-0.6505914,-0.37637016,-1.241257,-0.95429885
GTTTGTAAGGCCAATT-1_rna,0.008991424,-0.86474353,0.056793936,-0.2662244,2.0042298,1.3420702,-0.16334577,-1.2434655,-0.33201742,0.1563564,-0.1806772,-0.66161275,-0.9215247,-0.0193186,-0.16581032,1.5404538
GTTTGTCGTTGAGGTC-1_rna,0.3912971,0.56912005,1.8706248,-2.2081628,0.5694573,-1.4346756,1.0188853,0.93744946,1.4369065,0.45904556,0.97495747,-0.16390648,0.70344603,2.29779,1.1653086,-1.2747184
TAAAGCCTCAATGAGG-1_rna,-0.10566373,-0.52070856,-0.39089423,0.9915159,-2.0531235,-1.2126833,0.26887602,-0.8891644,-0.20729908,-0.414864,0.6666897,0.41787735,0.20679165,-0.09417926,-0.76105994,-0.03177957
TAACCGGTCATTAGTG-1_rna,0.7307368,-0.6272605,0.5956713,-0.59544027,1.9974309,1.0619007,0.5687956,-0.5227438,-0.0019555688,-1.8134745,-0.40435556,0.0338801,-0.5234737,0.3977389,-0.12032903,0.1949147
TAACCTAAGGATCACT-1_rna,-1.3949454,1.0817713,0.4240094,-1.2993546,0.061720498,-0.6336907,-1.8872715,0.13043697,0.65660757,2.9171865,-0.57539445,-0.77832687,2.0552564,1.1552477,0.80350286,0.20151438
TAACCTAAGTAGCGGG-1_rna,-0.31148738,-0.25296342,1.6834651,-1.1891541,0.26370385,1.5347905,0.6250365,0.8860798,0.7596427,0.50435823,-0.19691962,-0.6832976,0.7759408,0.7933797,-0.47278723,0.55820507
TAAGCCAGTAAGCACC-1_rna,0.61839205,-0.30943564,1.0202078,-0.92505485,1.4071681,1.2643876,1.1763788,-0.32375816,0.5680496,-1.480123,-0.8128609,-0.479649,0.21265566,0.80588925,-0.02853724,-0.39211503
TAAGCCAGTACAAAGA-1_rna,0.76508355,-0.5894403,0.08378713,-0.37523687,2.4450667,0.3781506,-0.2208873,-1.1665794,0.4332677,-2.1235628,-1.1206781,-0.69026375,-0.859112,0.18090293,0.07707909,-0.7973514
TAAGCCTAGACAGGCG-1_rna,0.12714453,-0.3076273,-1.4991949,1.5601139,-1.1019703,0.51756996,0.57856005,1.2986991,0.5685906,-1.234058,-0.4611211,0.4149872,0.17758667,-0.60787255,0.9094813,0.14929749
TAAGCTGGTTAATGCG-1_rna,0.13974932,0.06269812,-0.3732365,0.67208195,-1.2384577,-1.3272456,0.9621065,-0.28782412,-0.3700685,-1.0901396,0.5243739,0.46485814,-0.023379732,-0.0035611028,-0.8480224,-0.35240415
TAAGCTGGTTATCGAG-1_rna,0.39487004,0.1867372,0.8859562,-1.5904564,0.16114835,0.7680574,0.8565638,0.49834675,-0.8221466,2.2457144,0.6279335,0.59492,0.99641585,0.89135826,0.10577005,2.6362617
TAAGGACCACCTGGTG-1_rna,-0.30504206,0.101493046,1.2500371,-0.9897936,0.82079417,1.1749382,0.17145374,-0.01608249,-0.007433179,2.5050442,0.028413957,-0.3374593,0.9452513,0.78225285,-0.19229524,1.6386071
TAAGGACCATAGCGGA-1_rna,-0.38622758,-0.24095114,1.7442063,-1.3459253,0.31046844,1.4371753,0.6209897,0.5544056,0.91804606,0.8292857,0.13463551,-1.0740755,0.20517832,0.6236708,-0.5613238,0.47258434
TAAGGCTTCACGCATG-1_rna,-1.7465886,0.5794258,0.46512678,-1.0098097,0.3372834,0.29860958,-1.404346,0.29213294,1.0103819,2.254515,-0.36273798,-1.2100776,1.279031,0.45164627,-0.09081863,-0.017074805
TAAGGCTTCAGGGCCT-1_rna,-0.24572338,-0.2468593,-0.14971335,-0.0073878663,2.1360936,1.241906,-0.83062345,-1.2054139,0.076708645,0.31408843,-1.1198674,-1.0226867,-0.16982852,0.07867362,-0.22572762,0.43850142
TAAGGCTTCATAATCG-1_rna,-0.15813673,-0.67005384,0.054248527,-0.40638736,1.5990775,1.4779963,0.13580407,-1.0499067,0.12420232,0.43860832,-0.61163664,-0.9358246,-0.46625608,-0.02578779,-0.36949697,0.4621918
TAAGGCTTCGGCTATG-1_rna,-0.71902823,-0.7919938,0.2587676,-0.4210439,1.412829,1.6831399,-0.41272676,-0.6903511,0.28055868,0.29352438,-0.07746951,-0.9492322,-0.7294197,-0.43156707,-0.70603275,0.9746001
TAATCCGCAAACGCGA-1_rna,0.17089143,-0.46720693,1.7625986,-1.0681189,1.6554049,0.9571324,1.2209926,-0.34629455,0.68629485,-0.21698742,-0.30550373,-1.0155853,0.3170053,1.1562499,-0.050925225,0.12385281
TAATGCATCCGCAACA-1_rna,-0.037034526,-0.6027534,0.49100083,-0.6305142,1.0062068,1.9426221,-0.055869784,-0.18508296,0.30086127,-0.6446515,-0.3303833,-1.0903612,-1.0556113,-0.34381336,-1.1290193,0.09670036
TAATGCATCCGCCTAT-1_rna,1.22068,0.07510552,-1.4703224,0.78843296,0.014027895,0.5580835,-0.7984453,1.8144109,-0.21931714,-0.15842253,-0.2637026,0.8844115,0.20289461,-0.14266445,1.5026637,0.44520837
TAATGGACATAGGCGA-1_rna,-0.939907,-0.23938319,0.12967558,-0.3508489,1.4789319,1.3016179,-0.8642414,-0.8212553,0.36333257,1.5382408,-0.62583447,-1.346262,-0.146756,-0.12766288,-0.5140606,0.22520687
TAATGGTGTAGCAGCT-1_rna,0.49104714,-0.37669668,-0.4231411,0.58109117,-1.7790637,-0.6030384,-1.2201812,1.4788352,0.2680978,0.06311153,0.3036693,0.87054867,0.29520053,-0.041561864,0.4763187,0.46483895
TAATGGTGTGTGTCCC-1_rna,-1.8785689,0.6242427,0.5248462,-1.3551888,-0.23736912,-0.0413936,-1.3905454,0.8908127,1.0108079,2.2343693,-0.18447867,-0.93035823,1.6823736,0.6910694,0.135144,0.7230491
TAATTGCCAAATGCCC-1_rna,-0.057602722,-0.9821158,1.8709733,-1.4338853,-1.0176904,-0.1966416,-0.3310935,0.2720974,1.1761711,-1.6876713,1.0737725,0.95265377,-0.7470588,0.2740966,-0.08443334,-1.5023096
TAATTGCCACCTGCTC-1_rna,-0.031063067,-0.008884511,-1.4622908,1.865656,-0.8206252,0.5071239,1.7669075,0.53156763,-0.9446384,-0.08345174,-0.21802785,0.30602288,-0.10583847,-0.35516584,-0.29595742,0.71526074
TACAATGTCATCAGTA-1_rna,-0.7012977,-0.3511805,-1.4999462,1.7900684,-1.0094967,0.37274805,0.8538436,-0.26549926,0.58273137,0.06893716,-0.88717103,-0.32563168,1.2089694,-0.55572987,0.89762163,-0.15628047
TACAATGTCGAAGTAG-1_rna,0.21131414,-0.783307,0.37759265,-0.37588674,1.7878948,1.4925094,0.25332153,-0.51952416,0.20015098,-0.8468599,-0.43769112,-0.67729104,-1.0123438,-0.0016516335,-0.3450959,1.0491561
TACAGCTAGCTCCTTA-1_rna,-0.79564315,-0.44173437,-1.7871032,1.6543828,-1.7414289,0.36510774,0.29564875,0.33081484,0.52330244,0.32606304,-0.56610376,-0.3030092,0.89269966,-0.7838626,1.1345203,0.7793827
TACATCAAGGGCTTAT-1_rna,-0.20465523,0.2817376,-0.7168437,1.0661218,-0.15961322,-0.51107186,2.1122532,-0.12698512,-0.67346066,-1.3390538,0.22068511,0.04189847,-0.29588434,-0.9273114,-1.2927688,-0.6271835
TACCGAAGTTGCCTCA-1_rna,-0.6044015,-0.4654465,0.27448282,-0.52797765,-0.07930186,1.6521757,0.16158037,1.0846795,0.512206,-1.1446689,-0.531506,-0.6241969,0.029789662,-0.47813416,-0.97124255,0.36743817
TACCGAAGTTGGGTTA-1_rna,-0.31255272,-0.3163931,-0.46267825,0.8294014,-1.6732749,-1.5913118,0.31888428,-1.2930356,-1.1619486,0.15201926,0.7529055,0.40317926,0.41567457,0.070908785,-1.0745602,0.45172232
TACCGCAAGACTCGCA-1_rna,-0.27837166,-0.59004587,-1.1623763,1.1986244,-2.2951024,-0.4493458,0.19726257,0.57967436,-0.02014476,0.314782,-0.003648869,0.37090924,0.7073735,0.038831424,0.10587821,1.2982063
TACCGCAAGGCGAAAC-1_rna,-0.011291146,0.295189,-0.59775674,1.5874785,-0.1514026,-0.3636618,2.0279403,-0.44387704,-0.5401778,-1.1693714,0.16205902,0.20324914,-0.51936734,-0.6717874,-1.0516698,-0.90027696
TACCTCATCCGCAACA-1_rna,-0.11556213,-0.07742339,-1.1424658,1.4326547,-0.9607243,-1.2886493,1.3829226,-1.190384,-0.9325443,-0.21627522,0.10987872,0.39581248,0.25700492,-0.22906709,-0.41881058,0.4565502
TACCTTAGTTCAAGCA-1_rna,-0.62995446,-0.2667035,-1.4191064,1.7808018,-0.92979723,-0.113722116,1.3710831,-0.43176496,-0.7725283,-0.33917344,-0.12385985,0.0328265,0.10205475,-0.8656534,-0.38654423,-0.05071574
TACCTTAGTTGCGGAT-1_rna,0.7121838,-0.3614541,1.5291948,-1.159777,1.6209015,1.2617215,0.5591671,-0.16525792,0.5015143,-1.0815413,-0.60214335,-0.5055278,0.021094248,1.0177956,-0.2835257,-0.6204916
TACCTTTAGGACAACA-1_rna,1.4374439,0.4568377,-0.8702242,-0.8563531,-0.1732247,-0.55991375,-1.0186552,2.1389935,-0.8824218,-0.20002143,0.13255294,1.0252738,-0.08989145,0.017488077,0.7277132,1.0100989
TACCTTTAGGCTGTGC-1_rna,-0.8180764,-1.2380551,1.1230816,-1.4192331,-1.0016268,0.4988551,-0.51563436,1.6127489,1.5444933,-0.7938393,0.8367293,0.7217418,0.08122344,-0.22485548,0.19686635,-0.082095176
TACCTTTAGGTGAAAT-1_rna,-0.96062,-0.25047103,-1.3339176,1.8102629,-1.4513524,-0.34371752,0.94902027,-0.72558534,-0.0007021787,0.4319094,-0.4231947,-0.11446875,0.9817008,-0.5176103,0.22349449,0.516177
TACCTTTAGGTGTCCA-1_rna,0.5214776,-0.22890623,1.5069641,-1.2875408,1.4584682,1.1962248,0.85714644,0.101835266,1.0975256,-0.99079686,-0.9328139,-0.4087086,0.41078204,1.1965345,-0.20529932,-1.3110011
TACCTTTAGTCTTGAA-1_rna,-0.11769328,-0.05009236,-0.6712866,1.6168346,-0.85289115,0.696638,1.6906184,-0.12949303,0.563397,-1.6416303,-0.5683282,0.45428136,-0.006995812,-0.49721888,-0.12550607,-1.1250559
TACGCACCATGTTTGG-1_rna,-0.4152456,-0.35527748,-1.3427465,1.6816999,-1.2115607,-0.98195636,1.4142531,-0.7834971,-0.38422292,-0.11803608,-0.1723072,0.25066763,0.37459692,-0.37179574,0.04456751,0.37366217
TACGGTTAGCTTAACA-1_rna,1.7723399,0.89319575,0.7489722,0.8012495,0.74717164,-2.360104,0.04146749,-1.3276561,0.034046598,-0.10229428,0.119731665,1.0159422,-0.13620144,0.55632424,0.25987706,-2.0498493
TACGTACAGTTAGTGC-1_rna,-0.4973468,-0.39218834,-0.78802496,0.09789831,1.2530984,1.8597661,-0.9135696,-0.2588882,-0.3354196,0.86032236,-0.6034596,-0.96432406,-0.8898664,-0.4138343,-0.48393378,1.0163164
TACTAAGTCCAATAGC-1_rna,0.29541254,-0.5962784,0.30806497,-0.557819,1.7601389,1.3509879,0.17886554,-0.8418477,0.06280423,-1.160811,-0.3392154,-0.76028717,-1.1202555,-0.09802213,-0.5784395,0.41466516
TACTCGCTCCTCCATA-1_rna,1.4293927,0.52951854,0.30355674,1.3185666,0.73969465,-0.6847957,0.9416271,-0.84858155,0.7354761,-0.7835012,-0.6235486,1.274566,0.11913396,0.16380742,0.99544305,-2.016096
TACTGAGGTTAATGCG-1_rna,-0.693312,-0.06826867,-1.8130354,1.7457596,-1.4377058,0.585206,0.57407993,0.4027311,0.699223,-0.050113715,-0.7258073,-0.61742646,0.5856883,-0.7608525,0.8763683,-0.07468952
TACTGCACAGCAACCT-1_rna,-0.5477525,-0.48487997,-0.20400457,-0.3397946,1.3852814,1.6559947,-0.8255021,-0.50072056,0.48977757,-0.047138758,-0.7597692,-1.2552934,-0.542098,-0.4253454,-0.84563273,-0.34780055
TACTGGCCAGCTTAAT-1_rna,-0.22201593,-0.60312223,-0.008315377,-0.8825082,0.9620383,1.7676239,-0.3812431,-0.16044912,0.84397936,-0.6359514,-0.76338446,-1.1699967,-0.823092,-0.4143827,-0.778579,-0.27741897
TACTTGTTCCGCCTAT-1_rna,0.21429537,-0.5889039,-1.1484392,0.01337241,-1.7781746,-0.1174547,-1.0211785,1.837919,0.3641042,-0.439388,0.17597136,0.6912342,0.44439775,-0.2989099,0.71961564,1.1053125
TAGCAGGCAAGGTACG-1_rna,-0.4726646,-0.5892911,0.6227321,-0.34400448,0.76534307,2.0660806,0.3309195,-0.11866612,0.3823897,0.27844182,-0.32645702,-1.1644486,-0.6397845,-0.29662627,-1.0861324,0.68676156
TAGCAGGCAAGTTATC-1_rna,-1.2644761,-0.4438473,-0.22218415,-0.19709651,0.9731027,1.5597868,-0.8652107,0.077054165,0.9220737,0.49982393,-0.76696736,-1.4845753,-0.45712978,-0.3887219,-0.5687348,-0.22666937
TAGCAGGCATAATCAC-1_rna,0.29742476,-0.6662444,-0.7073403,1.3095516,-2.109454,-0.9676793,0.15629946,-0.17922936,0.5788023,-0.38433573,0.044417117,0.9479409,0.76679605,-0.063777424,0.57111484,0.16212808
TAGCATATCCGGTATG-1_rna,0.77148986,-0.48206052,0.041566372,-0.5942334,2.5100677,0.38940215,-0.7321192,-1.0703825,0.3767668,-2.0226698,-1.1101514,-0.2891002,-0.7649193,0.42624986,0.16724896,-1.0848103
TAGCCTCTCGTAACGT-1_rna,0.27303478,0.5598579,-0.5875336,1.4509726,-0.85481745,0.39433688,2.0473082,1.1827118,0.07779238,-0.8070086,0.026311407,0.15732259,0.05065179,-0.5635462,-0.47542712,-0.58424777
TAGCCTTGTCATAACG-1_rna,-0.49483624,-0.71813923,0.19223434,-0.038354546,1.3951564,1.8173448,-0.19633226,-0.89951944,-0.06459896,1.0340031,-0.31881827,-0.9911743,-0.6204764,-0.42646798,-0.64858145,1.5314206
TAGCGCGGTACGCGCA-1_rna,-0.1371646,0.07399583,-0.8321245,1.9771094,-0.6409442,0.7616034,1.6028234,1.2271014,0.53884053,-0.10493815,-0.53934073,0.14595681,0.6665116,-0.77509874,0.937655,-0.0073926286
TAGCGCGGTTGCCTCA-1_rna,0.39730057,-0.2123388,-0.9380346,0.108351186,-1.7169273,-0.8295426,-0.92123497,1.6227276,0.018682934,0.18573059,0.038344637,1.042602,0.6932503,0.25847003,1.0250442,1.8376881
TAGCGGACAGGACCTT-1_rna,1.1558677,1.7987156,-0.31111515,0.6855619,1.01954,1.5057064,0.3854556,0.48659426,-0.78395,1.6630356,-1.3462697,-0.5955146,1.0375993,0.033384696,0.009313531,-0.43729138
TAGCGGCTCCGCCAAA-1_rna,-0.7171094,0.17863318,0.62697935,-1.0336679,0.7064983,0.8798389,-1.6322457,-0.014656469,1.2415142,1.1834171,-0.72060597,-1.2999313,0.75229776,0.35704812,-0.20520245,-1.1348113
TAGCGGCTCTCCATGC-1_rna,0.06722768,-0.11475183,1.4608239,-1.0428352,0.5380846,1.6066777,1.2073106,0.48516223,0.45400652,0.56982857,-0.06875055,-0.79326093,0.14235324,0.616599,-0.64388764,0.8307661
TAGCTAATCACGTTAA-1_rna,0.25630727,0.5598691,0.0912043,0.7634818,-0.28717643,-1.428802,0.9986843,-0.99402577,-1.132584,-0.48284203,1.0048282,0.22016539,-0.5550452,0.04675754,-1.4473393,-0.8716161
TAGCTAATCATGCGTG-1_rna,1.4244777,-0.12948534,-1.0438509,-0.8239225,-0.32360363,-0.16528802,-1.663185,1.8511119,-0.6261947,-0.72995627,-0.13062821,1.3094624,0.14632381,-0.26130596,0.91264045,0.99121195
TAGCTAATCTCCATAT-1_rna,-0.58864504,-0.0825343,0.25505847,-0.60190916,1.1331629,1.3194718,-1.2910508,-0.49403593,0.40731847,1.4247814,-0.49675965,-1.2227553,-0.05945296,0.19201966,-0.45550793,-0.43108895
TAGCTAGGTTGCAATG-1_rna,1.2306349,-0.108918294,1.9766799,-1.192922,1.6437856,1.0233088,1.4530368,0.11399656,0.004911024,-0.8710447,-0.38190314,0.27382308,0.53123385,1.6516907,0.17208128,-0.19959831
TAGCTTAAGGCGCTAC-1_rna,0.31176153,0.4513675,0.31990385,0.064550385,-0.67520726,-1.8318955,1.1176605,-0.89408445,-1.026805,-0.7226552,1.0641922,0.38061774,-0.44553232,0.20484127,-1.3606479,-0.3234159
TAGCTTGCATCAATCG-1_rna,-0.9929045,-0.53901327,-1.3967446,1.7705889,-1.8134036,0.35910565,0.9730665,-0.27049792,0.2943702,-0.21341798,-0.44420293,-0.15874545,0.65420014,-0.74417377,0.049424905,0.05571411
TAGGAGGGTTACAACG-1_rna,-0.3283291,0.5137138,-0.6073312,1.6077067,-0.86140335,0.87985766,1.4724908,1.0078157,-0.1393262,-0.9653887,-0.16742663,-0.16545638,0.0725173,-0.8481351,-0.51661044,-0.56194365
TAGGAGGGTTATCGAG-1_rna,-0.30049422,-0.6055774,-0.36513418,0.9118903,-2.1906152,-1.128877,0.50075006,-1.0304279,-0.20682898,-0.46040002,0.5926873,0.51964104,0.13135853,0.07009646,-0.8356292,0.015566523
TAGGAGTCATCGCTCC-1_rna,-0.52541375,0.77149063,-1.7813452,1.2265955,-0.4236461,-0.7790938,0.95626193,-0.11307053,-0.17396489,0.84203494,-0.90344965,-0.2831754,1.3063278,-0.47297707,1.1196704,0.36661217
TAGGAGTCATTGTGGC-1_rna,1.0217988,0.04860625,0.55574197,-0.3132877,1.1788378,1.5546197,0.08462523,-0.30742466,-0.13414903,-1.5036943,-0.43093038,-0.77927136,-0.9325273,0.20901626,-0.90300274,-0.89388925
TAGGCTGTCAATGAGG-1_rna,0.79505885,0.18180327,1.3122078,-1.2693006,0.4008118,1.0537475,1.6536133,0.645673,-0.95953304,1.7637936,0.50104856,0.55850136,0.9511224,1.0169798,-0.037889794,2.2161899
TAGGCTGTCAATTGGC-1_rna,0.25437397,-0.27739295,-1.351347,1.0943022,-1.7204323,-0.063201495,-0.5827522,1.5408906,1.0535843,-0.5208388,-0.16132957,0.35923895,0.66319126,-0.4299504,1.1606479,0.13458008
TAGGCTGTCGAGCTAT-1_rna,-0.95609987,0.03260234,0.16420263,-0.12056476,0.64161325,1.9493281,-0.69253784,0.44029796,0.563144,0.7660594,-0.8110448,-1.4082696,-0.33277398,-0.26901123,-0.9568126,-0.23213744
TAGGCTTAGGAAACTG-1_rna,1.2205251,-0.21707463,-1.3131969,0.03837741,-0.85680354,-0.022575533,-1.2400635,1.9135697,-0.019757478,-0.35344267,-0.1759588,1.2984853,0.55532753,-0.13840702,1.5673265,1.1570352
TAGGGTTTCGCATCCT-1_rna,-0.8307268,-0.20242389,-0.91630006,0.7869518,-1.798886,-0.6164539,0.34286168,-0.024416953,-0.46045095,0.35301006,0.13838357,-0.10779398,1.0395374,-0.678328,-0.5603899,1.3839177
TAGGTTATCTTGAGCG-1_rna,0.49884182,0.042300753,-0.7517306,1.7893568,-1.0929002,-0.3735655,0.47857794,0.22028106,0.49578607,-0.6688635,-0.15710023,0.39090687,0.26560378,-0.5331511,-0.11552424,-0.89387906
TAGTAACGTTGTTGTC-1_rna,-0.15060923,0.55990684,-0.31490457,0.73915917,-0.13998115,-0.4526947,1.9710673,-0.28757808,-1.3833114,-0.73385036,0.13638076,0.21653931,-0.002678249,-0.613311,-1.7407432,-0.39789608
TAGTAAGCATCCCGCT-1_rna,0.112552784,-0.45198613,-1.1221899,0.71368974,-1.8970488,-0.21713935,-0.6379908,1.3940291,0.89367944,-0.249463,-0.24700662,0.38299295,0.9172252,-0.072283514,1.3389684,0.9410369
TAGTACGGTGGATTGC-1_rna,-0.31256327,0.26044056,-1.5995693,1.6290098,-1.1320528,-0.021256208,0.9758362,0.55723494,-0.89895564,0.5601324,-0.2927573,-0.24964173,0.47837776,-0.4590658,-0.13405377,1.0794963
TAGTACGGTTAAGCCA-1_rna,-1.2455921,-0.1122418,-1.4266562,0.947064,-1.8229139,-0.3142398,-0.3824321,-0.05759372,0.26053336,1.1564219,-0.63882047,-0.42977914,1.3896385,-0.2796399,0.9058832,1.3297669
TAGTCAATCGTTCACC-1_rna,0.55393493,-0.6283966,-0.45717233,-0.16455314,1.7493896,1.5510138,-0.420475,-0.5174424,-0.26441184,-1.283918,-0.6968838,-0.4304589,-1.2335634,-0.114499345,-0.17357652,0.8691977
TAGTGGCGTGTCCAGG-1_rna,1.3166035,0.08904405,-1.1861323,-1.0186256,0.09883106,0.021617297,-1.6189044,1.7216243,-0.5576009,-0.91894436,-0.2037397,1.2072748,0.030899152,-0.45756432,0.8824808,0.5205015
TAGTGTGGTCGACTCC-1_rna,0.68264604,0.68999225,0.09752628,-0.15115456,-0.40231985,-1.9799091,0.91526824,-0.30276427,-1.2194173,-0.0068371836,1.2029896,-0.009106962,-0.5723752,-0.012527266,-1.7714403,-0.025661977
TAGTTGTCACCGGTAT-1_rna,-0.6069744,-0.19281693,0.87818956,-1.2476884,0.6891746,0.7056077,-1.5195225,0.19224717,1.5693823,0.10247805,-0.90261006,-1.0591688,0.6571105,0.6964115,-0.19773248,-1.7480105
TAGTTTGAGCACAGAA-1_rna,0.6496904,0.43302017,-0.6239708,1.0761464,0.00015308501,-1.4850634,1.8034581,-0.9878116,-1.0978923,-0.36570448,0.175635,0.71041167,0.17340858,-0.18316829,-0.18054137,0.16911256
TATAACCCACTTACAG-1_rna,0.43082583,-0.34953648,-1.0151045,1.2443866,-1.4928617,0.38721055,-0.08442575,2.0257201,0.6309775,-0.99856925,-0.23210502,0.876875,-0.036894415,-0.1954753,1.0928097,0.41373828
TATAGCCAGCTTAGTA-1_rna,0.109557465,0.1968593,-0.28007007,0.71035564,-0.45560285,-1.238822,1.1723855,-0.9668268,-0.9204455,-0.5779375,0.7584525,0.27001923,-0.46956027,-0.19521731,-1.0805238,-0.52358586
TATATCCTCATTAGCA-1_rna,0.72740287,-0.5059042,-0.14819154,-0.34123358,2.2921453,0.8615351,-0.65924466,-0.947253,0.08586934,-2.127005,-1.0366625,-0.5114832,-1.0768408,-0.08286235,-0.28662473,-0.52519625
TATCACAAGCAAGGGT-1_rna,-0.81485087,0.108981974,1.4095367,-0.9400434,0.68415254,1.089488,0.2116962,-0.326831,0.6972703,1.6705178,-0.5321051,-1.0813986,0.8058866,0.7308087,-0.395101,0.78430825
TATCACAAGTTTGCGG-1_rna,0.22797772,-0.81458753,0.3196355,-0.32083222,2.163455,1.3366473,0.16631849,-0.8564768,-0.11598937,-0.97511053,-0.3534931,-0.48879346,-0.88388205,0.26186448,-0.1897598,1.0648937
TATCACGCAAGGTACG-1_rna,0.022550182,-0.36235744,-0.38349205,1.2786211,-1.4944474,-1.2946854,0.90715575,-0.9041222,-0.14150874,-0.6995347,0.31887177,0.6835579,-0.01919831,0.048064873,-0.58099574,-0.6338331
TATCCAGCACAAAGCG-1_rna,-0.954971,-0.087530375,-0.13004923,-0.71101767,-0.793637,0.5575961,-0.09583531,1.1064788,0.4288255,-0.368193,0.05100151,-0.3594062,0.67072874,-0.58206517,-1.109904,0.42544913
TATCGAGGTTGTAAAC-1_rna,0.06461781,-0.3856154,-0.18249276,1.0142514,-2.0147803,-1.3303316,0.48315594,-0.9454603,-0.1578441,-0.43927193,0.5353478,0.65649873,0.22901578,0.1693096,-0.8131757,-0.13601947
TATCGAGGTTTATCTG-1_rna,0.74753165,0.33881468,-1.0717081,1.5239727,0.5523469,0.13025536,0.919309,1.1049825,0.59137905,0.36776704,-1.0574439,0.10803496,0.6667418,-0.30556664,1.8140006,-0.74087524
TATCGCACAAGTGAAC-1_rna,-0.8631521,-1.0247991,1.8015586,-1.2931453,-1.3556163,-0.25678128,-0.9071433,0.5203806,1.093222,-0.4291702,1.3439196,0.55972767,-0.023093417,-0.16916806,-0.32593563,-0.6797023
TATCGCGAGGATCACT-1_rna,-0.11906104,0.65120804,-0.7267504,1.2729231,0.22116938,-0.7174845,1.6638684,-1.4604694,-1.54,0.22157913,0.23779753,0.15519916,-0.093729764,-0.4922245,-1.194615,-0.2869346
TATGAAGCAATAATCC-1_rna,0.2573822,0.046852235,1.4231404,-0.6939723,0.6393979,1.5767401,0.7780314,-0.30979478,0.23809333,1.5035657,-0.2131088,-0.6081164,0.5617822,0.49043575,-0.4727936,0.73258317
TATGACTCACTTAACG-1_rna,-0.14013305,-0.49164733,-0.6708495,1.2993126,-1.6947486,-1.1307261,0.7901334,-1.0973433,0.053720165,-0.57457495,0.29811707,0.3818788,0.059701227,-0.2766484,-0.56884974,-0.64175814
TATGACTCAGTTTGTG-1_rna,-0.06757279,-0.55552924,-0.6707698,1.1894108,-1.7168527,-0.71187145,0.68059546,-1.0031881,-0.1662172,-1.1364572,0.31759882,0.7987216,-0.07060219,-0.061325755,-0.6659128,-0.7491124
TATGCATCATGTTTGG-1_rna,0.08067369,0.19466484,-1.0814346,1.7651834,-1.0233765,-0.73473525,0.36221406,-1.0648274,-0.17896232,0.7481832,-0.88620377,0.031213038,1.2008086,-0.41213927,0.3411549,-0.2680949
TATGGATGTGGACCTG-1_rna,2.266848,0.41112638,-0.39344946,-1.3009049,0.21502233,-0.4582981,-1.2240348,1.5959496,-0.6410022,-0.48240557,-0.15125263,1.4024204,0.051276945,0.6225566,1.2157995,0.0028254762
TATGGCCCAAATTCGT-1_rna,0.8800536,-0.4377568,-0.5929831,0.7882127,-1.9361062,-1.0419022,-0.05418845,1.4022118,-0.021448802,-0.24572644,0.26934996,1.0354038,0.34681445,0.108851135,0.43057457,0.8466443
TATGGCCCATAGCGGA-1_rna,0.14465587,0.1654334,0.51919615,-1.0778598,0.059095025,1.0512329,0.4909296,0.29789534,-0.88950753,2.6035607,0.34648556,0.26790354,0.92305034,0.49055645,-0.13865042,2.9684763
TATGGGCGTTACCTGT-1_rna,1.068857,0.803147,0.3077575,0.69167256,0.51098055,-0.74987304,0.8011072,0.27392432,1.3030702,-1.2673997,-0.48755774,1.0741203,0.26661417,0.07961552,0.71823794,-2.1234438
TATGGGCGTTAGCTGA-1_rna,-1.1669388,-1.2431979,1.6653824,-1.5749369,-1.6492715,-0.35696438,-0.53102183,0.38680822,1.1220658,-0.7547701,1.5171521,0.74571353,-0.19231895,-0.18668641,-0.34166506,-0.24129936
TATGGGCGTTCCGCAC-1_rna,-0.22306858,0.353401,-1.5202008,1.356723,-1.2309604,0.054914907,0.5396287,1.1956201,0.24390253,0.2749195,-0.42567396,-0.36811167,0.47730595,-0.56612355,1.0245477,0.3609763
TATGGTCAGTGAGCAA-1_rna,-0.78022915,-0.34232476,-0.27709615,-0.4181887,0.93031436,1.6296905,-0.8744547,-0.22918265,0.40923807,0.59608763,-0.5993011,-1.4337184,-0.6883521,-0.5465039,-0.73450637,0.11878317
TATGTGATCCACCTTA-1_rna,-0.7597995,-0.74920416,1.9428873,-1.0536429,-1.0730947,0.043342426,-0.24811473,0.15541956,0.82240474,-1.2375518,1.0028721,0.6335587,-0.25435576,-0.22660552,-0.6837477,-1.4086622
TATGTGATCCTAGTCC-1_rna,0.58985925,0.040079482,-1.1525702,2.0886707,-1.2260139,0.4081079,0.5688955,0.9353695,0.79205203,0.044182792,-0.46680668,0.3857751,0.5067072,-0.2656686,1.3244929,0.23949309
TATGTGATCGGTAACT-1_rna,-0.606197,-0.91948277,1.4122216,-1.3209412,-1.6990746,-0.18745989,-0.36036596,1.2419075,1.1752526,-0.059328392,1.4311522,0.9941093,0.5177384,0.21092024,0.28985628,0.4749584
TATTAGCCAGCAAATA-1_rna,-0.09936234,-0.5703901,1.3096287,-1.0569079,1.0509281,1.74809,0.19555828,0.1749364,0.44747376,-0.47910127,-0.14577162,-0.6638062,-0.3119134,0.28201902,-0.9277369,-0.28362745
TATTAGCCATGTTGTG-1_rna,0.01983397,0.25847128,1.2646208,0.40106854,-0.081296384,1.7685411,0.9141256,1.9924736,0.47987187,-0.18135604,-0.032338165,-0.13614838,-1.0182254,0.04589693,-1.2523866,-0.39820457
TATTAGCCATTGTGTG-1_rna,1.2321057,-0.3415719,-1.1444738,0.07967442,-1.0564677,0.3340397,-1.1243832,2.0720534,0.2783501,-1.2444122,-0.2261041,0.92017525,-0.53714716,-0.24706738,0.9233396,0.331697
TATTAGGTCCCGTTGT-1_rna,-0.44119948,-0.014717387,-1.6914318,1.8931689,-1.1948797,0.1859455,1.6188061,0.2160524,0.16395673,-0.07937714,-0.7578341,-0.04924873,0.512093,-0.5118844,0.6854625,0.20872118
TATTGACCAGGCATGA-1_rna,-0.09563833,-1.0579017,0.2673975,-0.49013653,1.703013,1.5922996,0.123989664,-0.5936189,0.050741933,-0.47123802,-0.16415156,-0.7159472,-1.23874,-0.03308728,-0.347151,1.5801443
TATTGACCAGGCTAGA-1_rna,-1.2858558,0.21110302,0.18213104,-0.51482123,0.59077597,1.1442614,-0.947442,-0.056758028,0.2745303,2.2334664,-0.32531077,-1.1696969,0.33788374,0.12741938,-0.34228155,0.88587373
TATTGACCATGAGTTT-1_rna,0.7652545,0.06517271,0.5371423,-0.91632205,0.7103761,0.8706976,1.3759164,0.46302345,-1.4497398,1.771738,0.43945307,0.80659777,0.4930313,0.78905255,0.08429149,2.5727167
TATTTGCTCACAGGAA-1_rna,0.11912787,-0.75139195,-0.99531174,1.5335997,-2.3943844,-0.46847448,-0.14935032,0.07399549,0.72481734,-0.4684424,-0.09634699,0.75836736,0.6174209,0.05453175,0.49127603,0.3007484
TATTTGCTCGTTCACC-1_rna,-0.22552794,-0.08419713,-0.967338,1.4887474,-0.93913007,-0.43913105,1.4795874,-0.9144173,-0.93298775,-0.78851694,0.27296767,0.38513958,-0.25580382,-0.52358574,-1.1320206,-0.55532885
TATTTGCTCTGTGCAG-1_rna,0.9318662,-0.16046368,-0.5957965,1.3438289,-1.4824568,-1.2221493,0.44809702,-0.050023012,0.7550435,-0.20981216,-0.24796101,1.0417336,0.7937386,0.08003406,1.0845739,-0.43575498
TATTTGGAGTTTGGTA-1_rna,-1.1449395,-0.9084946,1.0377109,-0.94749624,-1.7693182,0.065832816,-0.7237439,0.7922372,1.5919653,-0.3562253,0.7404154,0.2496054,0.24423194,-0.08863257,-0.42940545,-0.68772745
TCAACAATCATCGTTT-1_rna,0.43547678,0.8891986,-0.6237572,-1.1537691,-0.6717929,-1.69607,-1.5419213,1.0661991,-0.45135996,1.3976021,0.08413926,0.65592617,0.98665714,0.7009539,1.2536097,2.0043395
TCAACAATCCAAGTTA-1_rna,0.5993361,-0.58274806,-1.2539567,1.5054479,-1.7836475,-0.2959816,-0.27039108,1.0103053,0.76046294,-0.5623258,-0.15956213,0.9778141,0.5165242,-0.16038474,1.1358521,0.32233453
TCAAGAACATGACTAT-1_rna,0.21075588,0.31348136,-0.13748504,0.50804406,-0.6335768,-1.6537874,1.1389914,-1.1715946,-1.6504626,0.0008566843,0.7671195,0.3661942,0.12767406,-0.090646476,-1.375271,0.17318663
TCAAGACTCTCCATAT-1_rna,0.9292043,0.53971964,-0.17215924,1.318606,0.506809,-0.79066557,2.1256819,-0.87907577,-0.14332247,-0.69502074,-0.048857953,0.8001383,0.30100685,-0.24609832,0.23394191,-1.1093204
TCAAGGAAGCACTAAC-1_rna,-0.88440967,-0.13420387,0.064354904,-0.43459037,1.4916558,1.4379555,-0.5842676,-0.5320482,0.2640333,1.259029,-0.5299917,-0.9286115,0.04130652,0.21184084,-0.16439998,0.3486381
TCAAGGAAGTCACTCC-1_rna,0.08019366,-0.017726704,-0.41415435,-0.4320351,1.6075001,1.3522373,-1.6594307,-0.56364197,0.18125038,0.121024475,-1.0171185,-0.88632214,-0.6480212,-0.14384767,-0.37383196,-0.82738423
TCAAGGAAGTTATTCC-1_rna,0.084317416,-0.7519572,1.2021755,-1.0921986,1.5908084,1.2572616,0.89425975,-0.16307487,0.7922508,-0.8786761,-0.38481897,-0.84087,-0.14067622,0.7165417,-0.03343206,0.5530028
TCAAGGTTCCCTCTAA-1_rna,1.0806975,1.2511425,-1.2431104,0.91138196,0.05237242,-1.5214353,-0.2002925,-1.1998616,-0.32469445,2.117307,-1.4323943,0.13587405,1.5121886,0.37882158,2.0805402,-0.19648078
TCAAGTATCCTGCGAA-1_rna,0.5742419,-0.34840727,-1.4258555,1.3303286,-1.372443,0.43832392,0.2001359,1.4967073,0.48742682,-0.7698475,-0.26692334,0.5835049,0.3753974,-0.3041348,1.0999506,0.58683455
TCAATCGCAATATACC-1_rna,0.76011753,0.6101986,-0.12975104,1.479023,0.62539464,-0.98713976,1.9435408,-0.8503896,0.022458917,-0.6840719,-0.13067257,0.91715217,0.1727887,-0.41599777,0.10826679,-1.0330932
TCAATCGCATACCCGG-1_rna,-0.32044193,1.1285241,-0.9754243,0.11959916,0.65931165,0.10731343,-1.2881112,-1.2535203,0.35528067,2.2252688,-1.3776714,-1.3192204,1.1312239,0.035229318,0.09669402,-1.8691287
TCAATCGCATTGCAGC-1_rna,-0.14863792,-0.7092452,1.276997,-2.0745044,-1.4038439,-0.118537046,-0.41157955,1.3779413,0.32212472,-0.56012356,1.0554284,0.89354485,-0.29946327,0.119548954,-0.11407652,0.77306384
TCACATAAGTTCCCGT-1_rna,-1.3048958,0.58697754,0.4960207,-0.95272726,1.3233743,0.07863942,-2.015724,-0.6339519,0.6084028,2.3644936,-0.72810066,-1.092335,1.6078998,0.8619486,0.61422765,-0.3873534
TCACCGGCAACTAGAA-1_rna,-0.084502116,-0.77920794,1.2254803,-1.2455412,1.2475407,1.6335564,0.6757739,-0.02912902,0.5664488,-0.8547622,-0.16603476,-0.68708366,-0.58958095,0.43788007,-0.46254334,0.42307028
TCACCGGCACGGTTTA-1_rna,-0.108550794,0.26153874,-0.6209326,0.92030334,0.6269671,-1.0767205,1.9392648,-0.70919675,-0.04591505,-1.0196519,0.0989472,0.2678508,-0.4808134,-0.5388755,-0.08796249,-1.2424308
TCACCTGGTGTTTGCT-1_rna,0.70190984,-0.44769433,0.9128973,-1.0650983,1.5048289,1.4271117,0.29804265,-0.28619114,0.48336017,-1.4882015,-0.5483416,-0.4704662,-0.59224856,0.50332654,-0.39284942,-0.7203034
TCAGCAAGTAATCACG-1_rna,0.31876737,-0.3199612,-0.7281307,-0.075010225,1.5155596,1.4973192,-0.23649906,-0.72450566,-0.26640987,-1.00827,-0.89822984,-0.4921772,-0.9660489,-0.35335416,-0.42507884,0.18076992
TCAGCCTTCACGAATC-1_rna,0.85210794,0.8813785,0.60712445,-0.123034656,0.30512723,-1.3113484,2.240521,-1.1700466,-1.0072193,0.22408807,0.52590066,0.81443655,0.47975615,0.45232773,-0.102866665,-0.06338952
TCAGCCTTCCACAATA-1_rna,0.16089433,-0.009434586,-0.016585754,0.21714063,-0.84105355,-1.8248627,0.6304783,-1.12655,-1.1433319,-0.32018995,0.75566775,0.25227985,0.13603674,-0.2679483,-1.3360776,0.2728199
TCAGCCTTCCCTGACT-1_rna,0.5546673,0.19297624,0.4307101,-1.2117118,0.08390237,0.9606415,0.97116774,0.5499039,-1.20269,2.0866687,0.5059457,0.59364724,0.7083185,0.40886283,-0.061488092,2.879287
TCAGCCTTCGAGGTGG-1_rna,0.9314603,-0.19991876,-1.1875603,0.80267,-1.2813333,0.30003136,-0.65205723,1.9621254,0.18518478,-0.08799124,-0.10515536,0.8805945,0.5148606,-0.09994057,1.4241927,1.3493067
TCAGCCTTCTTTAAGG-1_rna,-0.64005077,-0.9135362,1.7906036,-1.4999157,-1.0561265,-0.31891513,-0.13742155,0.24319203,0.69520646,-1.4410743,1.4103314,0.8969144,-0.36302,-0.10315412,-0.3191764,-0.6556722
TCAGCGATCCTTGCAC-1_rna,-0.11615642,-0.4446733,1.6350514,-1.096675,0.88860476,1.6437927,0.84705377,-0.054201648,0.8645105,0.33670235,-0.41234523,-1.0449009,0.27622455,0.74345756,-0.6848597,0.17611347
TCAGGAGCATGGCCCA-1_rna,-0.10980392,-0.651102,-0.6084338,0.027946752,2.2435439,1.0890492,-0.5642994,-1.282282,0.1932989,-0.65009266,-1.0715681,-1.0817497,-0.76836073,-0.4461958,-0.31725425,0.5008492
TCAGGTCCATCTTGAG-1_rna,-1.2610162,-1.0347947,1.1174198,-1.3254253,-1.762991,0.19844483,-0.636768,1.1024182,1.0324397,-0.021715872,1.0334653,0.4955669,0.13779745,-0.2845949,-0.37856233,0.57767636
TCAGTGAGTTAATGAC-1_rna,-0.6851448,-0.33169937,1.1776185,-0.96081144,0.4329561,1.6342508,0.4001379,0.05455099,0.8405935,0.60815537,-0.056594945,-1.1950638,-0.13452141,-0.06973518,-0.9167346,0.62922025
TCATAACCAAGCCACT-1_rna,0.33332643,1.2759998,-1.1950208,0.8067497,-0.14480036,-0.827473,-1.1717914,0.35044605,0.19796643,2.3253462,-1.2842106,-0.13982628,1.6465617,0.7428022,2.3656719,0.7190669
TCATACTTCATTTGTC-1_rna,0.25679275,0.4973485,-0.23389119,0.7302684,-0.2675381,-1.7800412,0.96384466,-1.4298368,-0.98022527,-0.1352182,0.6741703,0.11668097,-0.116957776,-0.27534527,-1.1526368,-0.79267484
TCATACTTCTAACCAA-1_rna,-0.39501816,0.25475037,-1.4900714,1.2353027,-1.3820803,0.09846229,0.36593705,1.2946262,0.21888389,0.55062455,-0.4166094,-0.4591503,0.91436523,-0.4756252,1.0498676,0.90742016
TCATACTTCTCTAGCC-1_rna,0.5483428,0.6464012,0.29971576,0.70028895,0.052673437,-0.79330665,1.5078752,0.30106992,-0.10198276,-1.3918335,0.5237585,0.5322281,-0.67704624,-0.37072188,-1.1591594,-1.63925
TCATCCATCAGCCAAT-1_rna,0.9625835,-0.26114035,-1.1282202,0.19742072,-1.3270614,-0.6415751,-0.9392703,1.7442201,0.36562276,-0.3663888,-0.0046958327,0.94595486,0.19982812,-0.13680097,1.1665666,0.7468751
TCATCCATCCCGTTGT-1_rna,0.85150295,0.6077321,0.07482638,0.55042887,0.04435485,-1.2850249,1.5205703,-0.340538,-0.91021764,-0.81515676,0.86674553,0.31956735,-0.49144098,-0.32734576,-1.4175812,-0.57087976
TCATTACTCCCTCAGT-1_rna,-0.18930034,0.3459231,-1.4732358,0.63575894,0.2343949,-1.2285846,1.2635597,-1.8593156,-0.94586146,0.102345005,0.08515162,-0.3379882,-0.027738256,-0.6465445,-0.31767473,-0.27698022
TCATTACTCTGCAAGT-1_rna,-1.3546543,0.70047265,0.3546258,-0.9429803,0.65422463,0.1416093,-1.9114993,0.3789447,0.8566354,2.32591,-0.43422607,-1.0139027,1.2541531,0.6477293,0.29083717,-0.26141608
TCATTGCGTAATCGTG-1_rna,0.056035753,-0.5738627,1.2380221,-1.241819,1.6161338,1.002147,0.10713284,-0.4528365,0.93797773,-1.6671788,-0.6353258,-0.94862056,-0.5327379,0.5089133,-0.40646538,-1.0339446
TCATTGCGTTAGCAGC-1_rna,-0.24974225,-0.5356819,-0.89451987,1.5560153,-1.5678533,-0.32469627,1.4465812,-0.5263421,-0.16313152,-0.73485106,-0.1302511,0.6750727,0.19830322,-0.40720868,-0.18959324,-0.008831233
TCATTTGGTCACAGCG-1_rna,0.40635812,-0.30735925,-1.4921329,1.549115,-1.3437263,-0.1571093,0.63873285,0.65848404,0.69621503,-0.7629237,-0.22740015,0.5005166,0.25878733,-0.5209085,0.7328877,-0.18106255
TCCACAACAGTTTACG-1_rna,0.12707604,0.13730606,-0.7085432,1.2512007,-0.5282498,-0.8013558,1.8149979,-0.67107296,-0.9556109,-0.92797965,0.46272096,0.38260582,-0.49875957,-0.43980542,-1.1039546,-0.28048342
TCCAGCAAGGCTGTCA-1_rna,-0.47876513,-0.9508033,1.4863892,-0.62526906,-2.0447843,-0.7281733,-0.0678391,-0.17349888,0.6853369,-1.1276737,1.4880946,0.8859696,-0.5543765,-0.09237547,-0.8425151,-0.891488
TCCAGGTCAAGGTCCT-1_rna,0.364071,-0.6093799,2.1211655,-1.7584522,-0.8443661,-0.9689061,-0.7257203,-0.1546684,0.45657822,-1.1057551,1.2481402,1.4930472,-0.05397012,0.2234956,0.68970037,-0.7130987
TCCATCATCCAATTAG-1_rna,-0.15786164,-0.4058306,1.7996268,-1.2488718,0.83258253,1.4655777,0.80482036,-0.056969512,0.8149832,0.7375542,-0.021834139,-0.89794755,0.0764963,0.7294377,-0.5239784,0.5805833
TCCATGCTCATGCGTG-1_rna,0.6015693,-0.57279444,-0.03599044,-0.23543498,1.9777966,1.3770481,-0.08725906,-0.27913848,-0.59215325,-1.2845521,-0.54190433,-0.23258823,-1.4432958,0.24768233,-0.27283323,0.8062465
TCCATGCTCGGGATTT-1_rna,-0.55080396,-0.58037937,-0.10249443,-0.29182452,1.1082644,1.7258108,-0.6551264,-0.7626628,0.22828962,0.35283864,-0.43563876,-0.955698,-0.6647834,-0.32661375,-0.5977253,0.84506184
TCCCGGACAGCTACGT-1_rna,-0.25316107,-0.14060323,-0.7785541,0.79272705,-0.89856684,-0.3752194,1.1663867,-0.9400967,-0.6452049,-0.84946406,0.43473917,0.22974457,-0.30964047,-0.36340928,-1.2586118,-0.2661
TCCCTCACAAATACCT-1_rna,1.4923639,0.68622535,-0.7049681,1.615039,0.6647749,-0.8478208,1.3440303,-0.500048,0.75294656,-0.43472284,-0.9659562,0.8391436,0.21994017,-0.17782104,1.2215314,-1.4465792
TCCCTCACAAGTGTTT-1_rna,0.80916286,0.4506775,-0.0015115608,0.594865,-0.60825807,-1.4867624,0.80776614,-0.30391365,-1.365834,-0.85096365,0.9343331,0.91563046,-0.21544884,-0.24296395,-1.1313403,-0.34861553
TCCCTCACAATAATGG-1_rna,-0.76834,0.10338299,-0.97837067,1.331748,-1.4628288,1.0721645,0.7820108,1.5503836,0.093526736,0.32029197,-0.22265582,-0.6226139,0.5771891,-0.49605155,-0.152953,0.67506975
TCCCTGGTCTAATCAG-1_rna,0.5625974,-0.58603805,0.55099595,-0.67366254,1.7747833,1.443611,0.008972589,-0.35675788,0.44776648,-1.9855145,-0.83683157,-0.69637877,-0.74596906,0.29740465,-0.3510555,-0.56056845
TCCGGAATCATGCTAA-1_rna,-0.18537349,0.056674317,-1.478859,1.0604659,-0.6477065,-0.90138024,1.5581182,-0.56326246,-0.50483465,0.17880896,-0.04879371,0.18978879,0.11343963,-0.40048248,0.8632193,0.66280043
TCCGGTAAGCTGTACG-1_rna,0.52683836,-0.5969255,0.33231044,-0.40416607,1.4988722,1.51573,0.044154,-0.5694529,0.18931852,-1.664659,-0.56151396,-0.5843856,-1.1824932,0.006795056,-0.7508263,0.09347539
TCCGGTTTCGAGGTGG-1_rna,0.13686907,0.2456784,0.36139464,-1.0896608,0.2961655,0.8123849,0.6720529,0.26181844,-0.94963443,2.585416,0.40123916,0.40843493,0.996854,0.5290073,0.057570774,2.9443383
TCCTCAATCGACCTGA-1_rna,-0.032090932,-0.27907178,-0.90195364,1.8039418,-1.2897322,-1.4221549,0.7233361,-1.38981,-0.033899236,0.21615516,-0.33659065,0.5309035,0.71209204,-0.14880884,0.41032317,-0.27677798
TCCTCAATCTTCAATC-1_rna,-0.51517814,-0.41537213,1.4722487,-1.3961066,0.62753737,1.576182,0.38187885,0.117252626,0.9240147,0.46737263,0.031145087,-1.2881883,0.03942562,0.6118628,-0.51683414,0.23277625
TCCTCACAGACAACGA-1_rna,0.66609186,0.46033797,-1.4858611,1.7721661,-0.4819361,0.35825887,-0.02434287,0.4250129,0.56022596,1.0960057,-1.1865528,-0.06331397,1.034561,0.00032386018,2.0423348,0.29769143
TCCTCACAGATACTTG-1_rna,0.9960274,0.7347863,0.161174,0.66063607,0.02432894,0.1430474,1.3123955,1.0520232,1.361096,-1.7632986,-0.53598046,0.6960628,-0.24250534,0.065163486,1.0672309,-1.8593503
TCCTCACAGCCTGGTA-1_rna,-0.38507554,-0.13792329,-1.8899261,1.9146558,-1.1940737,0.3990443,0.807747,0.4979145,0.5831875,-0.26266372,-0.6732229,-0.2901846,0.5660974,-0.88072413,1.1600944,-0.03405821
TCCTCACAGTGCTGTG-1_rna,0.10897987,0.10080351,-0.66543114,1.2891548,-0.19673893,-0.15979867,2.2908282,0.057348467,0.27272832,-2.0307577,-0.0175396,0.44649854,-0.54506254,-0.5441871,-0.351211,-1.1992948
TCCTCACAGTTGGATC-1_rna,0.2767619,0.26929122,-1.3232198,1.733076,-1.0539111,0.06184169,1.2661599,1.2479783,-0.56906784,0.26755837,-0.19621088,0.08177689,0.41399083,-0.37927625,0.5672529,0.8234811
TCCTCTAAGGGTGGAT-1_rna,0.48529947,0.87505376,-0.84760666,1.1170412,0.9564644,-0.35482696,1.8987732,-0.70267797,-1.4708816,-0.21613032,-0.11109509,0.015925657,0.13655321,-0.82333684,-1.0896701,-0.49011195
TCCTGTTCAGCAACCT-1_rna,0.4577491,-0.2954972,-0.19575152,0.9711813,-1.4599668,-1.6249607,0.7007967,-1.3312232,-0.9054424,-0.45638326,0.64529586,0.83769745,0.06272989,0.22741918,-0.98667324,-0.076400034
TCCTTAGTCCCGAAGC-1_rna,0.4229851,-0.045229618,0.6634206,-1.1534584,1.2891387,-0.15732516,-1.6490246,-0.023399591,1.3062654,-0.19248216,-0.8744497,-0.31497172,0.39876068,0.94881463,0.30110046,-2.8389037
TCCTTAGTCCGGTATG-1_rna,-0.8552542,-0.9966804,1.6107942,-1.7071645,-1.5085434,-0.41376945,-0.019970477,0.6535636,0.7624035,-0.90922916,1.3665956,0.7624734,-0.12172778,-0.14255834,-0.62100387,-0.12686379
TCCTTCAAGGCCTTAG-1_rna,-0.27780122,0.061720677,-1.0293418,1.5057917,-0.50512475,-0.19297937,1.8005888,-0.28958485,-0.25735846,-1.5126369,0.012439859,0.13589032,-0.37293676,-0.77476645,-0.8569151,-0.8869228
TCCTTGCAGTACCGCA-1_rna,-0.23114444,0.0122500975,-1.6144764,1.705032,-1.3098614,0.48415086,1.0462004,0.5194065,0.46296784,-0.3474386,-0.42976055,-0.34119892,0.47355518,-0.75065297,0.5190806,-0.26781738
TCCTTTACAGCACCAT-1_rna,-0.097884774,-0.2749762,-1.3166661,2.1018264,-1.1861756,0.39557946,1.1816665,0.2334064,1.0188557,-0.30674803,-0.5376595,0.07673357,0.21739228,-0.42407396,0.81885916,-0.9387969
TCCTTTACAGTAAGTA-1_rna,0.6421767,-0.41990998,1.4325917,-0.9987645,1.7982062,1.2062978,1.217384,-0.2303894,0.1585728,-1.4332031,-0.5585614,-0.5808944,-0.035237126,0.91153085,-0.11504598,0.12510994
TCGACAAGTAATAACC-1_rna,-0.4957474,-0.030105833,-1.1068925,1.5222672,-0.8766855,-0.5184108,1.4352944,-0.9279117,-0.6037448,-0.42022762,0.12566541,-0.026550086,-0.06613143,-0.61739725,-1.0094366,-0.45848227
TCGCCCATCCCATAGG-1_rna,-0.15487051,0.35818854,-0.92526513,0.8625959,-0.837634,-0.9287046,0.7195557,-0.9953769,-1.313947,0.15894414,0.58637285,-0.084152445,-0.078466736,-0.6792366,-1.1189215,0.28627217
TCGCCCATCGGGACCT-1_rna,1.396199,-0.23387827,1.8054314,-0.8190862,1.9342773,0.74101824,0.90144795,-0.22274151,-0.12235671,-1.362474,-0.30196872,0.8777371,0.07922527,1.3587878,0.39729908,-0.37975627
TCGCGAGGTACAAAGA-1_rna,-0.4462481,-0.60234916,1.0490661,-1.0276356,0.74019074,1.6036537,0.40136185,0.49274877,0.4087917,0.87208503,0.30807212,-0.9026171,-0.17718418,0.2754529,-0.6427106,1.4354184
TCGCGAGGTATTGGTG-1_rna,0.30884427,0.3093007,0.002043204,0.5509474,-0.65830505,-1.6884221,0.80878294,-1.0724956,-1.1724949,-0.6426644,1.1231722,0.24389,-0.2875148,-0.15257232,-1.5154389,-0.36962035
TCGCGCACACTCAACA-1_rna,1.0788457,0.84832853,0.13943613,0.8559503,1.4038436,-1.7785623,0.87606084,-1.5651629,0.28611445,0.014063092,-0.63229644,0.6372689,0.22515452,0.1556868,0.76341283,-1.9162999
TCGCGCACAGCAAGTG-1_rna,0.4370206,0.98283076,1.457001,-2.464287,-0.009020299,-1.3694303,1.255246,1.4342097,1.3650395,0.9696084,1.1576397,-0.5337747,0.88429844,2.2518191,0.7886797,-0.71697366
TCGCGCACATAGCTTG-1_rna,1.0857773,0.000102533035,1.1467576,-0.987209,0.8343752,1.0713655,1.4055051,0.59058404,-0.9775171,1.5441263,0.23369622,0.76411366,0.76468855,1.1757556,0.30777776,2.2045577
TCGCGCACATGTTGGC-1_rna,-1.2212945,-0.6457133,1.5259469,-1.5899658,-1.3331431,0.33453876,-0.3757951,1.1357486,0.9767972,0.40153036,1.0238184,0.16556278,0.37160352,0.06134236,-0.2574347,1.0673475
TCGGTAAGTATTGTCC-1_rna,0.37167156,-0.37771335,-0.21558824,-0.1423507,1.788822,1.4858315,-0.1941526,-0.73482114,0.53855616,-0.93760043,-1.1202892,-1.4161882,-0.7984823,-0.28369483,-0.72591907,-0.59492415
TCGGTAAGTCGCAAAC-1_rna,0.24129084,-0.5064989,-0.35086456,1.1448113,-1.9433252,-1.2838216,0.44992554,-1.0317341,-0.4759642,-0.41482228,0.6133579,0.8804663,0.13426915,0.23791707,-0.92811525,-0.20893534
TCGGTTACAATGAATG-1_rna,0.45677203,-0.38642597,-0.5014002,1.1996076,-1.6784185,-1.3824141,-0.0015611937,-0.5793054,-0.07511538,-0.6732166,0.38746354,0.7989711,-0.036376875,0.07047599,-0.33848938,-0.4065737
TCGTAATCAGCCTAAC-1_rna,-1.3840789,-1.3285195,1.6557156,-1.6201501,-1.6869226,-0.38734758,-0.68053246,0.38373432,1.1713113,-0.28398055,1.6882873,0.7136696,0.056100234,-0.027708314,-0.1411705,0.18133208
TCGTCAACAAAGCTAA-1_rna,-0.34962803,-0.34857166,-0.98857415,1.3319621,-1.1866267,-0.12547834,1.6942158,-0.70663255,-0.47487116,-0.84408617,0.07941727,0.48707247,0.13960002,-0.39589497,-0.9636809,-0.25197825
TCGTCAACAAGGGTTG-1_rna,-0.4267718,-0.37650096,0.30512443,-0.7422241,1.7411897,1.2333405,-1.1600609,-0.5408942,0.81472194,0.37527892,-0.6540181,-1.3599156,-0.10407727,0.09733831,-0.48823062,-1.0489942
TCGTCAACAGCAAATA-1_rna,0.38952023,0.26770082,-0.28782216,0.40373954,-0.68561256,-1.6525259,1.1287622,-0.6710459,-1.5514252,-0.8273099,0.8300879,0.5722189,-0.23180692,-0.11242323,-1.2855079,0.19819124
TCGTGCTTCCCGAACA-1_rna,-0.15220116,-0.38725436,0.8215597,-0.8839716,0.76222783,1.3361677,0.5469738,0.32321307,-0.49217597,1.4490854,0.47009712,0.085946955,0.34932694,0.30980211,-0.3362381,2.067617
TCGTTAGCAGGCCTTG-1_rna,0.90921223,-0.7290632,1.1716045,-0.74101263,1.9499147,0.97825193,0.48937255,-0.65584666,0.23291713,-1.838624,-0.53668714,-0.1289046,-0.49541947,0.729572,-0.025986742,-0.15826774
TCGTTATTCACCGGTA-1_rna,-0.45183796,-0.5342194,-0.84650534,1.4641733,-1.7658898,-0.9356516,0.45120165,-1.4582895,-0.46619666,0.2359364,0.15070327,0.38028994,0.61788553,-0.04119585,-0.6289869,0.1554208
TCGTTTCCAGCTTAAT-1_rna,-0.19155319,-0.4188341,-1.0210146,1.4074088,-1.4139745,-1.0591198,0.85647935,-1.6140512,-0.6232452,-0.24907878,-0.0040458813,0.49366575,0.37474173,-0.26042986,-0.48405105,-0.1359753
TCTAACCGTCACCTAT-1_rna,-0.78163373,0.03616111,-1.7864107,1.6460651,-0.6051714,0.57026595,1.9237801,0.32967314,0.04975805,-0.6107928,-0.67407346,-0.40372303,0.50305456,-1.1193296,0.47215825,0.17285055
TCTACCTCAATGCGCT-1_rna,0.5521911,-0.04186195,-0.4027473,1.4243805,-0.6962319,-1.7035284,0.63495415,-1.7108977,0.08696618,-0.15240377,-0.26297,0.8726545,0.45003214,0.13908477,0.50267744,-1.1317673
TCTAGCACACAAAGGT-1_rna,-0.62206554,0.26748264,0.49424946,-0.13951117,0.07084085,1.2769303,-0.3075163,2.02992,-0.03512101,0.54917085,0.093320146,-0.50318706,-1.1835215,0.36024758,-1.0703509,-0.61750865
TCTAGCACATTATGGT-1_rna,-1.3990198,0.013868416,1.099204,-1.2800746,0.51902264,0.62985104,-1.052895,0.4830784,1.5019296,1.4595107,-0.3281441,-1.2931852,0.8422624,0.8153751,-0.31691423,-0.45217076
TCTAGCCTCACCGGTA-1_rna,-0.2756451,-0.68504333,0.51608294,-0.5508027,1.269284,1.8884673,-0.024904972,-0.060070284,0.6552415,-0.29979527,-0.7709838,-1.1427591,-0.5096588,0.090721376,-0.59872925,0.19010875
TCTAGCGAGATAGACG-1_rna,-0.25631082,-0.11263402,-1.1829762,1.5617754,-0.929321,-0.4879248,1.025092,-0.53314847,-0.66147804,-0.1854853,-0.016131727,0.14780395,0.23089251,-0.44449154,-0.8382092,0.18811685
TCTCAAGCAAGGTCGA-1_rna,-1.189629,0.17092948,0.2260016,-0.9214889,-0.7596703,0.8859902,-0.39682502,1.1961925,0.90193677,0.39696938,-0.088124625,-0.8068303,0.95576984,-0.2744969,-1.1053027,0.26051095
TCTCAAGCACGTGCTG-1_rna,0.65158063,-0.14523363,-1.620367,0.25164142,-0.9057965,-0.023763262,-0.89146644,1.7851406,0.105136156,-0.4483542,-0.32357627,0.9039514,0.6441164,-0.37606642,1.5070738,1.4531648
TCTCAAGCATTAGGTT-1_rna,1.2672815,-0.27355495,-0.5502417,1.0594862,-0.71275973,-0.24326013,0.23716632,1.5745968,0.47226864,-1.0714808,0.15307285,1.6165856,0.03877242,-0.5280955,0.91911775,0.66287875
TCTCACCAGCCATCAG-1_rna,1.9518392,-0.04722775,-0.86987996,0.30782425,-0.63604414,0.12760986,-1.0569638,1.551428,0.26827446,-0.5900614,-0.69251883,1.3988807,0.30031666,0.37513554,1.8817794,0.30140674
TCTCACCAGTAATCCA-1_rna,0.90768623,0.3608489,0.23857322,0.3082814,-0.26035035,-1.0348166,1.3813868,-0.84807956,-0.93273336,-1.2831565,1.1990429,0.5641665,-0.7839475,-0.18686414,-0.96596605,-0.7392871
TCTCACCAGTGAACGA-1_rna,0.9816185,0.98748755,0.58596057,0.35857484,0.31671506,-0.90797603,1.7448205,-0.39710435,-1.252642,-0.9195949,0.8297602,0.714355,-0.20289047,-0.012570508,-1.5548732,-0.82954335
TCTCCTCGTGATGAGG-1_rna,-0.5259263,0.23864762,-0.81202143,0.56978506,-0.6010018,-1.5695477,0.9014632,-1.4263724,-1.2714753,0.46467543,0.3412403,-0.063636616,0.37035012,-0.28879955,-0.66041714,0.42246252
TCTCGCCCAATTGAGA-1_rna,-0.11123739,0.20544842,-0.11400875,0.05840878,-1.4604312,-2.0802763,0.30936453,-1.2134608,-0.94125587,0.071408436,0.75133544,0.026092967,0.107690096,0.02928082,-0.90134764,0.3166574
TCTGGCTTCGGTTTGG-1_rna,-0.39856696,-0.9198144,1.9573425,-1.4850806,-1.1067371,-0.19984145,0.17976353,0.81086046,1.0253838,-1.7015071,1.2581334,0.7738457,-0.8095828,0.0075975433,-0.67538226,-1.0929644
TCTTCAAGTGTTGTGA-1_rna,-0.63821244,-0.53706205,1.2565085,-1.15654,0.30768597,1.4790944,0.5117804,0.3527346,0.61185616,0.70113146,0.06986476,-0.9058055,-0.2853646,0.28596655,-0.6273972,1.4762459
TCTTGTCCAATAACGA-1_rna,-0.21587978,-0.82601917,1.5869625,-1.6296539,-0.9086617,-0.63569576,-0.33081305,0.40055364,0.73626035,-1.6371292,1.4921438,1.0586607,-0.61833334,0.0017390698,-0.19579849,-0.9138088
TCTTTGTAGTCATTTC-1_rna,-0.85690457,-0.35369632,-1.3089868,1.5112134,-1.0567112,0.084971555,1.7328323,-0.63384783,-0.27645895,-0.5976956,-0.32838312,0.018990094,0.2718826,-0.8815736,-0.13469523,-0.32600063
TGAAACTGTGACATAT-1_rna,1.2364643,1.5523483,-0.38865903,-0.67966247,1.336676,-0.9265107,-2.4453409,-1.605032,-0.59744686,2.4916613,-1.3781396,-0.20173317,1.2084352,1.1342163,1.473601,-1.8307459
TGAACAACACCAGGTT-1_rna,0.42008707,0.6338682,-0.3026251,0.16637273,-0.24289593,-1.5149304,1.0404663,-1.2744677,-1.6441976,-0.33169782,1.0280094,-0.026216514,-0.2101762,-0.5005288,-1.5788248,-0.116555214
TGAAGGATCCGGTTGA-1_rna,1.9474646,0.4651414,1.2928057,0.3830156,1.1648424,-1.800522,-0.23891874,-1.4782337,0.470544,-0.858102,-0.1878842,1.530803,-0.37028858,0.70758253,0.6974275,-2.2600207
TGAAGTGAGCACAGAA-1_rna,1.1644454,0.15391706,-1.2156502,-0.9972848,-0.34262866,-0.3522047,-1.4485766,2.008743,-0.66111624,-0.3113778,-0.13276994,1.148907,0.42419586,-0.26374084,1.0656356,1.1070415
TGACTCCTCTTAGTCT-1_rna,0.6503233,0.65212893,-0.76649725,1.5096438,0.22243932,0.43020776,2.146814,0.36347854,0.7748453,-0.9683752,-0.90937227,0.22826286,0.13963483,-0.5768784,0.5480589,-1.4060181
TGACTTAAGAGAGGAG-1_rna,-0.84564435,-0.2765409,-1.5030121,1.8224158,-1.5951266,0.37680563,1.2538322,0.11870847,-0.02988055,0.07584905,-0.54741555,-0.089858845,0.55611455,-0.61962974,0.4394183,0.6051992
TGAGAACCAAGCCAGA-1_rna,0.48505393,-0.58486986,1.2778434,-0.94783324,1.5665203,0.8005316,0.8148201,-0.43359548,0.4473083,-1.6466757,-0.43256968,-0.28143343,-0.2913859,1.062321,-0.01659734,-0.5694936
TGAGAACCAGGATAAC-1_rna,0.43566397,-0.3846114,-0.24934864,-0.4812293,0.9543373,2.090572,-0.57786596,-0.45008978,0.007857742,-0.54846704,-0.44704753,-1.1013767,-1.0356818,-0.36810714,-0.9127322,-0.340064
TGAGCACGTTAGAGGG-1_rna,-0.3553682,0.6457556,-1.6375006,1.5054474,-0.10724935,-0.33355743,1.6661798,-0.23591228,-0.885566,0.6732164,-0.082157254,-0.6038221,-0.003537165,-0.865986,-0.4095821,-0.13476354
TGAGGAGGTGACATAT-1_rna,0.3917662,0.4546078,0.15998887,0.27484012,-0.84142065,-1.821352,1.103738,-0.77928746,-1.5256625,0.08617699,0.7990936,0.3916266,0.07895727,0.06643683,-1.5064107,0.39949992
TGAGGGAGTCAATACG-1_rna,-0.2236144,0.26550004,-0.09503525,0.3977289,-0.77131176,-0.8831695,1.2476364,0.22193237,-0.55291766,-1.348134,0.9481428,0.058783982,-0.45892388,-0.4236849,-1.6916867,-0.3728637
TGAGGTGCACAGGATG-1_rna,0.23132287,0.53323305,-0.65800774,1.0858926,-0.43696937,-1.0674939,1.643089,-0.46219912,-1.5166157,-0.14450279,0.33367822,0.17383714,0.12806062,-0.31153965,-1.4286634,0.08046768
TGAGGTGCAGGAACAT-1_rna,-0.99665916,-1.0850219,1.734122,-1.5570234,-1.5390482,-0.12882695,0.18073556,0.61259145,0.8230334,-1.0966452,1.4257519,0.6456328,-0.40668923,-0.19557285,-0.7065993,0.0789952
TGAGTGAAGTTCCTGC-1_rna,1.1707273,-0.12651601,-0.93826956,-0.9751659,-0.32906684,-0.01599756,-1.2644424,2.2252126,-0.18721238,-0.93392134,-0.014623482,1.2214069,-0.251012,-0.16768186,1.1341691,0.636315
TGAGTTTCAAATACCT-1_rna,-0.10781804,-0.19982693,-0.719196,0.78944963,-1.4328463,-1.0258371,0.6785892,-1.2428278,-1.0052878,-0.06443675,0.49474537,0.10618041,-0.07392709,-0.33973768,-1.153882,0.16678742
TGATCAATCATCCTGC-1_rna,0.16114175,-0.6503469,1.4723284,-1.1711321,1.5038861,1.2713184,1.2612131,-0.10199254,0.4698905,-0.80308867,-0.58246887,-0.5919861,0.18779054,1.0338562,-0.2390242,0.23718916
TGATCAATCCCGTTAC-1_rna,0.6108989,1.0299529,-0.7174602,1.0884655,0.91067046,-0.96584237,1.7185087,-0.8587854,-0.12984848,-0.20259364,-0.26632792,0.016618202,-0.094479494,-0.5765655,0.0028955732,-1.4214152
TGATCAATCGAGCTAT-1_rna,1.1694618,0.98508877,0.9208509,0.4687884,0.83106077,0.61588514,-0.36955708,-0.31246266,-0.116974205,1.1701766,-0.88371736,0.29503238,0.51062196,-0.40034288,-0.38520142,-1.3202016
TGATCAATCTTAGTCT-1_rna,-0.46518707,0.12134702,-1.1161503,1.5583862,-0.4007489,-0.24691845,2.0301259,-0.29402602,-0.6000639,-1.0960349,0.05275456,0.007822296,-0.30950114,-0.8491619,-0.9577756,-0.621135
TGATCACAGGAAACTG-1_rna,-0.07994846,0.19419114,-0.16623792,0.2996848,-1.0009476,-1.6601648,0.50679725,-1.2964096,-1.7144904,-0.008002151,0.9235656,0.35613802,0.16263473,-0.013656162,-1.3335811,0.35392123
TGATCACAGTAATCCA-1_rna,0.59937,0.38196394,0.082362,1.172722,-0.061414156,-1.3939388,1.4152031,-1.2431718,-0.5742176,-0.9640113,0.29153448,0.8336511,-0.50104225,0.080195166,-0.90901273,-1.2627835
TGATCCTGTGTAACCA-1_rna,-0.21674612,-0.07636393,-1.0404315,1.3489394,-1.1837656,-0.60981566,1.3613863,-0.92462265,-0.8661517,-0.54341197,0.18361603,0.14151554,-0.08009419,-0.4980349,-0.957169,-0.034621324
TGATCGAGTGGATGTC-1_rna,1.3551501,0.7938372,0.5136312,0.24195306,-0.11523604,-1.1253133,1.4395024,0.26432887,-1.2033187,-0.55900127,1.0203352,0.6552162,-0.29475138,-0.13680929,-1.532369,-0.17882471
TGATGAACAAGGTACG-1_rna,-0.28639168,-0.7758578,-0.0024306187,-0.31740645,1.8709443,1.2634565,-0.3730586,-1.406306,-0.20697685,0.83117,-0.14164454,-0.86704504,-0.7628784,-0.15615897,-0.18565767,1.2352865
TGATGATGTATTGTGG-1_rna,-1.098738,0.15459695,0.3297955,-0.94588524,1.2696377,0.63692737,-1.5521643,-0.18937749,1.0590374,1.3307158,-0.9853807,-1.3904624,0.4611568,0.51924837,-0.12172201,-0.9607563
TGATGATGTCTTTGAC-1_rna,0.870437,-0.44154,0.8618924,-0.57446665,1.7443521,1.2660631,0.89736724,-0.45380735,-0.03403248,-1.3053086,-0.5250608,-0.15251215,-0.4627472,0.7141766,-0.094801955,0.6656957
TGATTAGTCAGCACGC-1_rna,-0.3757115,0.0860906,-0.97388804,1.1381879,-0.4213448,-0.5499738,1.2188139,-1.020941,-0.317778,-0.70743686,-0.29018828,-0.13342258,0.106464684,-0.43273208,-0.8798779,-1.2566166
TGATTAGTCTACCTGC-1_rna,-0.09446496,-0.3083446,-0.36255547,1.0823308,-1.7033432,-1.4963809,0.5685284,-1.4561843,-0.4527854,-0.13884759,0.5940396,0.4669006,0.09639484,0.061174642,-0.84328943,-0.3826643
TGATTCAAGGGATGAC-1_rna,0.9501379,0.53471714,0.77719164,-0.426798,-0.84179896,1.7495484,0.4906224,1.9980891,0.19535802,-0.3406767,0.14271884,-0.32322177,-1.0000261,0.42040876,-1.1878494,-0.18931587
TGCACTTGTTAGAGGG-1_rna,-0.010421708,0.5907414,-0.6637664,1.1348288,-0.02556462,-0.58809185,2.0486538,-0.5796742,-0.9517719,-0.92010576,0.20025083,0.10137529,-0.16052197,-0.6925774,-0.99106777,-0.45747632
TGCATCCTCTTTGTAC-1_rna,0.38666505,0.47238714,-0.6027332,-0.62557685,-0.86396855,-0.6773247,-1.6118865,1.6456745,0.75754404,0.4279982,0.18664718,-0.03320311,-0.8309902,0.72391576,0.020503584,-1.4370565
TGCCATTGTCCGTAGG-1_rna,0.124681786,-0.24927035,0.06915447,0.6153612,-1.5271508,-1.5963384,0.55674934,-1.0201232,-0.6094654,-0.44464794,0.95766044,0.5309217,-0.1963338,0.0539201,-1.351249,-0.40971512
TGCCATTGTTGCATCT-1_rna,-1.7410293,0.34565896,0.83512735,-1.1938933,0.07188458,0.43559724,-1.3482184,0.5938012,1.3805724,1.785723,-0.47978908,-1.1367877,1.3339446,0.5330081,-0.1349744,-0.029166216
TGCCGGTAGGATCCGC-1_rna,1.2951006,1.297512,0.38170558,1.0689503,0.4339407,-1.6483883,0.45535317,-1.2141105,-0.72532916,-0.07045595,0.113687605,0.6844182,-0.10219117,0.09145334,-0.5876526,-1.7359798
TGCGGTTCATTATGGT-1_rna,1.8768367,-0.2512763,-0.27688482,0.46320865,-0.9604865,-0.114655524,-0.8444616,1.768379,0.45396,-0.76994526,-0.06319164,1.5774313,0.50029755,0.24119617,1.8372943,0.16940033
TGCTATGCAACTAGAA-1_rna,-0.45347422,-0.07112844,-1.4807216,1.6320546,-0.8602216,-0.057637177,1.643348,-0.38542664,-0.43228474,-0.9100554,-0.05954167,-0.004442809,-0.3568793,-0.74570006,-0.5074949,-0.12066063
TGCTATGCATAGGCGA-1_rna,-0.53096354,-0.77373606,-0.2234876,-0.13344944,1.1389545,1.9257649,-0.13833727,-0.5020725,-0.03607872,0.21867546,-0.4037666,-1.0606104,-1.039257,-0.49032092,-0.68356466,1.4251362
TGCTCAACAGCTCATA-1_rna,0.3918111,-0.33340076,1.1547775,-1.1800231,1.1835136,1.8247237,0.41187546,0.085165754,0.6824759,-0.302719,-0.50625587,-1.05547,-0.18759902,0.8639802,-0.5684901,-0.51073277
TGCTCACTCCCTGGAA-1_rna,0.021416824,0.5256931,-0.86457425,0.97133315,0.45965558,-1.356465,1.9011551,-1.3363934,-0.9976205,0.44999924,0.13742043,0.065594584,0.28121915,-0.83012694,-0.87261903,-0.27407315
TGCTCACTCGCAGGCT-1_rna,-0.49473616,-0.90645,-0.12346294,-0.22362769,1.1212802,1.8086673,-0.27968907,-0.020208731,0.45555693,-0.52249336,-0.42357886,-1.1276121,-1.3275596,-0.6361123,-0.97907805,1.0455426
TGCTCTCAGCAATAGG-1_rna,1.2837417,0.28113472,-0.8021175,1.5867236,-0.21313468,0.31474227,0.60164905,1.4407346,0.60443646,-0.1564898,-0.70342624,1.2875514,0.28163102,0.19175015,1.7424278,0.14891407
TGCTTCATCGCTAGAT-1_rna,0.7825591,-0.17024548,-0.46475083,1.0042748,-1.2076356,0.21926436,0.09703943,1.7539977,0.833856,-1.3602452,-0.3234483,1.0016315,0.08772229,-0.39456412,1.1259912,0.048770707
TGCTTTAGTGTTAAAC-1_rna,-0.15855235,0.13947767,0.5019951,-0.96050817,-0.33245382,1.0364116,0.42145857,0.22586866,-0.7417864,2.6400135,0.40118524,0.009114476,0.90150595,0.34784922,-0.2225167,2.7827475
TGCTTTAGTTTCCGGC-1_rna,-0.64705634,-0.35215223,-0.6335897,0.98337114,-1.422029,-0.5291257,1.1222745,-0.6947378,-0.65636843,-0.705828,0.053041235,0.20279038,0.33557296,-0.5016464,-1.0205988,-0.07819373
TGGAACAAGTTCCTGC-1_rna,0.49343428,0.51138014,-1.668342,0.1545428,-0.22466423,0.2319049,-0.40085414,1.9279405,-0.027746918,0.09836541,-0.5075205,0.3648943,0.5225671,-0.36879995,1.5025561,1.3451234
TGGACCGGTGTGCAAC-1_rna,-0.9340463,-0.21233985,-1.6156206,1.5522131,-1.593942,0.67521334,0.30235153,0.3097165,0.6314631,-0.114314966,-0.5342205,-0.3896881,0.81586444,-0.6252738,0.6547686,0.17929132
TGGACGGAGTTACCGG-1_rna,-0.08134115,-0.31988958,1.1838939,-0.92376876,0.17561884,1.8098472,0.68470836,0.5554162,0.47993547,0.5254317,-0.05144971,-0.9193586,-0.23567674,0.45280996,-0.7021543,0.66634125
TGGATTGGTAGACAAA-1_rna,-1.2611156,-1.2630676,1.159623,-1.015772,-2.197653,-0.24099725,-0.61433977,0.44580874,0.94476926,0.045520976,1.4801726,0.36379096,0.18397519,-0.056062832,-0.7702394,0.5194536
TGGCCATCACCATATG-1_rna,1.1433159,-0.2603859,-1.2166623,0.38502115,-0.77266407,0.77465105,-0.85271347,1.9975916,0.42922318,-0.9168583,-0.37812,1.0847797,0.108852476,-0.2660777,1.5271355,0.7548341
TGGCCATCACCGGCTA-1_rna,-0.9482876,-1.3087626,1.7351741,-1.6840175,-1.1684424,-0.7778071,-0.7574419,-0.24109897,1.0950291,-1.1659433,1.479188,0.96295536,-0.017166957,-0.10953577,0.1277719,-0.8546174
TGGCCATCATTGCGAC-1_rna,0.8370863,0.123301215,1.5377146,-1.2387935,0.87362397,1.1503302,1.6123945,0.44391865,-0.7067645,1.5137244,0.27238262,0.42361894,0.83502233,1.2391613,0.010147802,1.7038265
TGGCCTGCAACAGGTG-1_rna,1.4660238,0.3702863,-0.07822981,0.961804,-0.04658087,-0.057755414,0.592776,1.0018291,1.4205848,-1.4624633,-0.6777712,1.1199968,-0.117923126,0.0593887,1.2329129,-1.5445856
TGGCCTTTCTTGAGGT-1_rna,0.635765,0.665485,0.25032756,0.7555327,-0.1975095,-1.3714263,0.8706066,-0.9917714,-1.0516865,-0.6721517,1.2721224,0.49795645,-0.8924671,0.15458398,-1.3168421,-0.71361345
TGGCTTTGTCACCTAT-1_rna,0.49367005,-0.54141605,0.83496475,-0.7866252,1.3274143,1.8308226,0.24166611,-0.21039546,0.07968187,-1.2531974,-0.34170303,-0.5867511,-0.95888007,0.23852701,-0.61496013,0.35488048
TGGCTTTGTTTATGGG-1_rna,-0.9865923,-1.1111164,1.6420186,-1.4678319,-1.7654936,-0.23534642,-0.5963784,0.5900933,1.0917213,-0.36504403,1.2700194,0.5696366,0.024419144,-0.18242759,-0.51302713,-0.14980221
TGGGCATGTCTTTGAC-1_rna,0.41080993,-0.65023917,0.35632202,-0.18560614,2.230033,1.3712115,-0.010051338,-1.1477299,-0.067119904,-0.46428275,-0.5452629,-0.8238147,-0.71066797,0.28783548,-0.28012788,0.75410694
TGGTCAGTCGTTAGTA-1_rna,0.78556234,1.0370107,0.19046181,0.7726259,0.7686088,-1.2894802,1.0194272,-1.1500146,-1.0174412,-0.21945551,0.5622441,0.06969642,-0.15066843,-0.4679737,-1.3435869,-1.4274178
TGGTCAGTCGTTTCTG-1_rna,-0.8116702,-0.8045865,1.5123476,-1.2600082,-1.6166046,-0.27928007,-0.35450715,0.78340113,0.871407,-0.2653107,1.0884068,0.5842339,0.18209732,-0.20686647,-0.3870085,0.062120892
TGGTCATAGCGGGCAA-1_rna,0.95110667,0.9464997,0.80182743,0.26944798,0.048722215,-1.9311279,0.6659618,-1.0998715,-0.3092171,-1.0575309,1.0350507,0.6450291,-0.49301317,0.31479514,-0.98381287,-1.8731763
TGGTGATTCCGTTATT-1_rna,1.7903818,0.078012384,-0.807177,-0.8869131,-0.21842042,-0.12255037,-1.5045949,1.9826099,-0.37486234,-1.0033212,-0.08368874,1.2303544,-0.37442777,0.034348883,1.00932,0.25607812
TGGTGCATCGTCATTT-1_rna,0.32728976,0.4772178,0.18772602,0.73942816,-0.012145797,-0.906271,1.8030972,-0.37228692,-0.8600002,-1.5168258,0.74944264,0.6053385,-0.59784496,-0.22594973,-1.6407902,-0.6775115
TGGTTAATCAAGCGCC-1_rna,-0.17119029,0.16071098,-1.6216487,2.1514914,-0.2703882,0.4410121,2.1718357,0.0122030275,-0.5535672,-0.29494393,-0.18646686,0.043296676,-0.08377086,-0.7171198,-0.467524,-0.4151177
TGGTTAATCAGCACCA-1_rna,0.04528211,-0.31201923,0.8789063,-0.99198496,1.048909,1.6044451,-0.6965318,0.14266282,0.62974125,-0.08734769,-0.283995,-0.6892625,-0.11527479,0.3623943,-0.5448705,-1.2600653
TGGTTAATCCGGTTGA-1_rna,-0.22835341,-0.073987864,-0.974382,1.8837882,0.09411174,-0.71348,2.2387528,-0.60479254,-0.75932586,-0.6861886,-0.12538816,0.20125948,-0.027818149,-0.77276206,-0.17020565,-0.17133705
TGGTTAATCCGTCCAT-1_rna,0.13221665,0.09992328,0.50350887,0.031027043,-0.18321979,2.2459724,0.73484683,1.830413,-0.019243944,-0.033825684,0.027007803,-0.93644685,-1.2932448,0.030386569,-0.8561563,0.13123667
TGGTTAATCCTAAGAC-1_rna,-0.92656654,-1.1041507,1.4981875,-1.0728185,-1.6404067,0.41084787,0.44927913,1.0106745,1.1643152,-1.4125472,1.1855277,0.3822176,-0.9214659,-0.12949206,-0.9223724,-0.56681526
TGGTTCTGTTCCTGTG-1_rna,-0.5301088,-0.53728145,0.10013863,-0.5561034,1.420342,1.6649848,-0.49326265,-0.5569868,0.26319394,0.95705485,-0.38107473,-1.2005984,-0.43778926,-0.18375754,-0.4000772,0.9691542
TGTAAAGCAGCTCATA-1_rna,0.20040688,0.2861327,0.47287092,-1.2005582,-0.05934021,0.94016594,0.8427096,0.4971382,-0.97993654,2.4819374,0.4109593,0.22697163,1.0983995,0.53827536,-0.12116081,2.72586
TGTAACTCACCAGGTT-1_rna,1.1162331,0.33004802,-1.0483513,-1.049017,0.28768906,-0.32663196,-1.2319802,1.9369658,-0.32524243,-0.64543927,-0.024950938,1.3537253,0.27767652,-0.3017377,1.2082602,0.8106138
TGTAAGCTCCAAGTGT-1_rna,-0.8189318,-0.20298845,0.8136545,0.119615585,-0.6061378,1.9451122,0.005578948,1.7273649,-0.37008947,0.26455802,0.6654798,-0.5236202,-0.60637784,-0.3608024,-1.0999686,0.9075969
TGTAAGTGTCAAGTAT-1_rna,0.09024476,0.108483836,-1.4859166,1.5405407,-0.7540499,0.16090749,1.1975528,0.3115801,-0.39274463,-0.92130077,-0.52238315,0.16543311,0.18282394,-1.0386796,0.049911316,-0.5535573
TGTATCCGTTCACCCA-1_rna,-0.2559349,-0.49398848,-0.2905443,0.7476387,-2.2268772,-1.5167828,-0.19759214,-0.8975254,-0.51179516,0.23339948,0.6780855,0.4365967,0.3686891,0.24444851,-0.824399,0.35714713
TGTATCGCAGTACCGT-1_rna,-1.2250801,-1.1423819,1.2952287,-1.1937795,-2.2645192,-0.4856841,-0.5570151,0.22716548,1.1100458,-0.18949446,1.4388118,0.48106503,0.16229752,-0.11029232,-0.45899722,0.16777077
TGTCAATCATGTCAAT-1_rna,0.888862,0.88338315,-1.0801214,1.561678,-0.61512756,-0.721484,-0.58104146,-0.8278264,-0.66346794,2.0221026,-1.3199768,0.13019232,1.5817856,0.15999167,1.4422288,0.9165636
TGTCATAAGGTCATTA-1_rna,-0.035790272,0.34403056,0.3088038,-1.1136842,0.21070498,0.65643114,0.42424503,0.25721133,-0.8570232,2.79242,0.26623276,0.4059905,1.1626152,0.5819285,0.08256072,3.0281844
TGTCATAAGGTCCACA-1_rna,1.1109738,-0.42953005,-0.24998552,-0.2929308,2.677183,0.649246,-0.8512116,-1.1292274,-0.0044285804,-2.0762084,-1.1571467,-0.20083678,-1.0747908,0.29823482,0.23902155,-0.5655688
TGTCATAAGGTTTGCG-1_rna,-0.6089657,-0.604356,0.26889265,-0.5393518,1.1209205,1.5217242,-0.14031343,-0.24045648,1.0067146,-0.5152142,-0.8966938,-1.5644089,-0.4608959,-0.34874567,-0.9391669,-0.4323108
TGTCCTGGTTCGCGCT-1_rna,-0.98015344,-0.7826516,1.403613,-1.6050204,-1.4522231,-0.54365736,-1.2736349,0.39776698,0.6214577,0.008484259,1.5052199,0.7059908,0.36231542,-0.06776193,-0.06883772,0.33425158
TGTGCACCAATATACC-1_rna,0.36495137,-0.6430176,-0.8972197,0.9825722,-2.0116956,-0.5203499,-0.5834188,1.3798027,0.63896704,-0.053110126,0.070123844,0.9764901,0.75243545,0.008904329,0.99983174,1.0297798
TGTGCACCATTGTGTG-1_rna,0.17074646,-0.5598475,1.8817291,-1.3279519,1.3511456,1.1940815,0.9071606,-0.16390471,0.9331979,-0.63753974,-0.46841642,-0.82557464,0.4209848,1.0229475,-0.26651624,-0.44314134
TGTGCGCAGTAAGTGG-1_rna,-1.2587363,-0.044131234,-1.5953246,0.91507214,-1.5762365,-0.39964187,-0.52318084,-0.23069358,-0.015465294,1.7353929,-0.39462823,-0.41822898,1.3113441,-0.27150777,1.0262918,1.6662613
TGTGCGGGTGATGAGG-1_rna,-0.496857,-0.08074179,0.7803103,-0.7779086,0.86612004,1.3498582,0.008485952,0.12702487,-0.12693039,1.8383223,-0.019086896,-0.5107203,0.51706105,0.38870034,-0.42568752,1.7117779
TGTGGCCAGCGAGTAA-1_rna,1.5979449,1.5036814,-0.36373985,-1.0974388,0.709707,-1.4734664,-2.8638654,-0.66013116,-0.9619777,2.3195975,-1.2508655,0.22811845,1.1382316,1.2548977,1.2794925,-0.54931855
TGTTATGAGCTCAATA-1_rna,-0.23331401,0.33514285,-1.729685,1.6175959,-0.9396657,0.52663535,0.2945369,0.8303417,0.2841888,0.9299674,-1.0024151,-0.37074474,1.0374745,-0.3765433,1.5380121,0.7867081
TGTTCATTCCAAATCA-1_rna,-0.5383771,-0.14796965,0.05825983,-0.2888224,0.55669767,1.9621202,-0.26766926,-0.23947039,0.15255748,1.0616214,-0.5011504,-1.1365689,-0.3862137,-0.3356742,-0.76565427,0.6979903
TGTTGCACAGTTTACG-1_rna,-0.5534862,-0.3921125,0.119170025,0.0010638349,-0.04134731,2.4147913,-0.088571414,0.41010374,0.44677147,-0.6581217,-0.78349674,-1.3076458,-0.97957826,-0.480682,-1.2979358,0.43233153
TGTTGCACATTATGGT-1_rna,0.52009517,0.6818112,0.069176376,-0.044216514,-0.8145717,-2.274107,0.6877447,-0.13893968,-1.4628246,0.27752492,0.7048834,0.31584495,0.049727663,0.033701513,-1.1131512,0.48699647
TGTTGGCCATCTTGAG-1_rna,0.98700446,0.9779952,0.74119633,0.49115106,0.23444684,-1.154161,1.6936345,0.06194216,-0.36877972,-1.2433846,0.14300714,1.0016923,0.08364116,-0.24306193,-0.8152031,-0.9840806
TGTTGTAAGTAACCAC-1_rna,0.4651899,0.39215493,-0.42990112,1.0635988,-0.121335946,-1.1288215,0.6754241,-0.7113354,-0.6173954,-1.0202806,0.759497,0.32163838,-0.74565285,-0.3331892,-1.1811806,-1.1588341
TGTTGTGCATTGTGTG-1_rna,0.53568244,1.0491763,0.20417818,0.5226133,1.0166276,0.2901021,1.3642973,0.41285783,-1.1152339,-0.137534,-0.03195763,-0.012038582,0.95095193,-0.5649603,-1.3788484,-1.1548098
TGTTGTTTCATAACGC-1_rna,1.293917,0.2342774,-0.9243153,-1.5078037,0.08435123,-0.16971661,-1.6761241,1.8864149,-0.72024417,-0.33918554,0.2129195,1.075803,0.13177305,-0.08027202,0.8506884,0.93989146
TGTTGTTTCATTTAGG-1_rna,-0.7848305,0.21123648,-1.4622267,1.8244144,0.010970774,-0.0500962,1.8363621,0.3355271,0.19134402,0.03807766,-0.37363744,-0.5265989,0.18007387,-1.1860163,0.4215051,-0.98820055
TGTTTGTTCTACCTGC-1_rna,-0.69598526,-0.44506654,0.30361435,-0.65389967,1.4016268,1.2952169,-0.690047,-0.8130761,0.061423957,1.4706905,-0.029760895,-0.8907606,-0.17355737,-0.26655418,-0.40527982,0.7390789
TTAAGCCAGCTATGAC-1_rna,-0.6679129,-0.24537747,-0.2329298,-0.2731776,1.036444,1.7634127,-1.040553,-0.020934038,0.5584806,0.19081557,-0.72915226,-1.3212537,-0.74604106,-0.41608852,-0.8980691,-0.66126096
TTAAGGACACCAAAGG-1_rna,1.0389011,0.2932845,-1.4051754,0.6471234,-0.7047381,-0.4046082,-0.7095405,1.0389327,0.46579516,0.23940706,-0.7457608,0.79979384,0.8088511,-0.120015174,2.1941054,1.1480829
TTAAGGACATTGACAT-1_rna,-0.9740801,-1.0371819,1.4040332,-1.3647425,-1.4825832,0.3545154,-0.07682815,1.216084,1.0335277,-0.90381587,1.2257164,0.6480726,-0.35752034,-0.16946462,-0.5298384,-0.054843493
TTAAGGTGTGCTAGCG-1_rna,-0.2083587,0.049685292,-0.6630941,1.089652,-0.86821187,-0.52145934,1.8054653,-0.8097843,-0.8382805,-0.9780184,0.4249041,0.287668,-0.30830082,-0.502422,-1.3613862,-0.4014241
TTAATCGAGCCGCTTT-1_rna,-0.34879994,-0.030566083,-1.9673364,1.5501714,-0.9999809,0.40622556,0.72829014,0.8709112,0.48041835,0.091344,-0.60686564,-0.30232918,0.7883616,-0.9338014,1.2302073,0.49647447
TTACACCGTTAACGGC-1_rna,0.3995404,-0.61670095,-1.3468623,0.9349684,-1.7563874,-0.2600848,-0.85530025,1.3208879,1.0279499,-0.3597854,-0.14115891,0.65219736,0.6786434,-0.26970598,1.524572,0.53739107
TTACAGCAGTGAGCAA-1_rna,0.5004789,0.10744649,-0.12884007,0.8803463,-0.33359653,-0.314088,0.969651,-0.7273556,-0.46651125,-1.4571813,0.58515275,0.36694387,-0.5063203,-0.35559395,-1.4041133,-1.1558268
TTACCGTGTTCACCAT-1_rna,0.60061955,-0.64556295,0.8821372,-0.7573922,2.033818,1.1298457,0.53042096,-0.6435032,0.50373375,-1.5517982,-0.76641667,-0.43227047,-0.35590827,0.56336606,-0.070282735,-0.40976334
TTACCTGTCTTTAGGA-1_rna,0.24201117,-0.88186294,0.5492461,-0.44926637,1.7955815,1.6122837,0.35792276,-0.2980062,0.16630796,-1.2821058,-0.5408369,-0.78414047,-0.92452586,0.20480067,-0.35149464,0.9882884
TTAGAAGCACTTAGGC-1_rna,0.35035092,-0.7547475,0.043253135,-0.6948402,1.9644367,1.1859518,-0.08400221,-0.5889081,0.46528563,-1.6215215,-0.86320454,-0.6892217,-0.6437951,0.21228111,-0.1984934,-0.1762539
TTAGCGGTCAGCACCA-1_rna,0.3669417,0.944496,-0.30165172,0.8018357,0.7523808,-1.6224061,1.1763047,-1.704764,-1.2723353,0.32787523,0.021598388,0.15767959,0.24902044,-0.7528646,-0.70855594,-0.8188302
TTAGCTGCAAGCTTAT-1_rna,-0.032573666,-0.511356,0.59827536,-0.45949116,0.27588296,2.4348059,-0.01340178,0.17272495,-0.22002424,-0.0074559487,-0.09503034,-0.8194928,-1.2783582,-0.21886235,-1.1800157,0.889695
TTAGCTGCACCTCAGG-1_rna,1.333915,0.22129388,-0.32927537,0.30003533,0.09091934,0.38190022,-0.392935,1.8047407,1.1089889,-1.272359,-0.7433294,0.8056566,-0.29960248,-0.064541936,0.8615055,-1.1896952
TTAGCTGCATTGCGAC-1_rna,-0.0392102,-0.33441162,-0.06947301,-0.13286239,0.8167699,2.190309,-0.10525386,0.06793483,-0.69760454,0.64949995,-0.044951376,-0.7654069,-1.2457877,-0.39105517,-1.1058807,0.9852013
TTAGGATGTAAGTCGC-1_rna,0.05736132,-0.25340936,-0.78861177,1.4955838,-1.3229733,0.49315718,0.1894018,1.7679155,0.97909385,-1.134311,-0.16048935,0.473097,-0.12369099,-0.39457193,0.6173006,-0.27185792
TTAGGATGTCCGTAGG-1_rna,-0.1818755,0.007050626,-0.66093767,1.3894697,-0.47661707,-0.40018186,1.4892814,-0.54526347,-0.16809122,-1.662101,0.11849912,0.35840023,-0.26707262,-0.6845445,-0.75982064,-0.91587746
TTAGGATGTTGCATCT-1_rna,-0.73590255,0.11025155,-1.4856796,1.8542057,-0.43531907,0.11200762,1.7864175,-0.068132676,-0.64260143,-0.46372396,-0.11402195,-0.3428249,-0.2541344,-0.8235624,-0.7545136,-0.5350589
TTAGGCCCACTTACAG-1_rna,-0.4360107,-0.45133635,-0.815703,1.5015025,-1.5340683,-0.8298914,0.8463531,-1.2461829,-0.37225083,-0.30649316,0.13493839,0.18975708,0.32496724,-0.40778005,-0.557052,-0.27034974
TTAGGCGTCCTAATGA-1_rna,-1.3539249,-1.1395658,1.4850489,-1.7793543,-1.7097301,-0.4676906,-0.5352531,0.28934178,1.1736401,-0.36739767,1.5701121,0.5579714,0.25178435,-0.149604,-0.3993792,0.25925276
TTAGGCTAGCTATTGA-1_rna,0.018696915,-0.15534775,-0.58228916,-0.5641118,2.0266216,0.8146312,-1.4124625,-0.6282797,0.6222698,-0.5092315,-1.2454059,-0.73606324,-0.22264077,-0.1522559,0.017158706,-1.0902817
TTAGTCAAGCCTCTCG-1_rna,-0.7380386,-0.7021403,1.6759281,-1.3109319,-1.5689441,-0.7260743,-0.85349077,0.9246807,1.3458741,0.28983712,1.1098491,0.9179351,0.3994378,0.3567838,0.46042553,0.26998317
TTATAGCCAGCTTACA-1_rna,0.9844765,-0.5077759,0.26933888,-0.28204858,2.383752,0.97290957,-0.31657568,-0.99057156,-0.20729789,-1.9198271,-0.8471827,-0.35399178,-1.0729002,0.28579074,-0.17733544,0.1723946
TTATAGCCAGGCGATA-1_rna,0.45862272,0.35515687,-0.7705607,1.4214303,0.51380914,-0.83507735,1.565715,-1.2233701,0.42333418,-0.9690686,-0.41493824,-0.08353021,-0.25871298,-0.5088416,-0.25552535,-1.6253405
TTATCCTAGGCATTAC-1_rna,-0.5531412,-0.09292144,-1.9581466,1.992364,-0.91779083,0.24925926,0.7737511,-0.029889317,0.27172428,0.6144531,-0.86751616,-0.32198873,1.0782646,-0.70296735,1.2950393,0.3506372
TTATCCTAGGGATTAG-1_rna,0.6687999,-0.5960742,1.8997772,-1.2861619,1.4286432,1.2200587,1.5162082,0.22896922,0.38839436,-0.90330726,-0.17124239,0.033495296,0.12996304,1.2829748,-0.039017882,0.05668027
TTATGACCATTTAAGC-1_rna,0.74892986,-0.26217502,1.2315855,-1.028376,1.187743,1.3389848,0.9011032,-0.05569749,0.5869509,-1.9420549,-0.68414307,-0.45465952,0.10823067,0.74182546,-0.2701019,-0.42088076
TTATTGCTCAATCATG-1_rna,-0.15516768,0.2253322,-1.8607099,1.8729993,-0.32557648,0.76309294,1.2131791,0.81313336,0.45708454,-0.17134096,-0.97630566,-0.36959115,0.4740178,-0.5255922,1.2174895,-0.47750813
TTATTGCTCATTTAGG-1_rna,1.4258502,-0.38880184,-0.4663065,0.32263252,-1.2200633,0.11810777,-0.35458288,2.0767603,0.25682047,-0.656151,-0.051060885,1.3862163,0.14627983,0.4311888,1.2104918,0.77622294
TTATTGCTCTGCAACG-1_rna,-0.06824343,0.23205921,-1.347106,1.8893911,-0.4937837,0.05292935,1.4262781,0.44614106,0.44966236,-0.19831114,-0.97754705,0.08304261,0.7748547,-0.49130663,1.1913381,-0.3900146
TTCAACCGTTACGCAA-1_rna,-0.28842726,0.22548415,-0.14267701,-0.12862478,0.6842256,1.9786346,-1.0196357,-0.18714401,-0.020591134,1.6088003,-0.32043844,-1.1393892,-0.27048543,-0.16984859,-0.74716574,-0.07554315
TTCAGCACAGGTTATT-1_rna,-0.50919515,-0.4588789,-1.0101143,1.6391634,-1.5220337,-0.42591774,1.2834382,-0.5087783,-0.21079151,-0.8450772,-0.16341317,0.47235367,0.33901474,-0.38121393,-0.31760225,-0.1704378
TTCAGGTAGCTGTCAG-1_rna,0.28342813,-0.6266211,-0.31941244,-0.3744598,1.5333705,1.4195094,-0.12929109,-0.55744314,0.48042744,-1.2365521,-0.89685667,-1.1794629,-1.0218042,-0.22921261,-0.5179331,-0.3000605
TTCCACGGTTAAATGC-1_rna,-0.4129298,0.5620857,-1.0839963,0.7732237,-0.23349763,-1.696063,1.4059794,-1.4127685,-1.6275698,1.06118,0.008320349,-0.24385193,0.5243915,-0.44879228,-0.36459655,0.6602374
TTCCACGGTTGAGCCG-1_rna,-0.28340098,0.30305904,-0.9004081,0.9091798,-0.26281455,-0.35938668,1.486268,-0.57462907,-1.8307606,-0.039232284,0.5640198,-0.24502829,-0.36269808,-0.39661345,-1.6864055,0.5036544
TTCCCACAGCGCCTAA-1_rna,0.72008455,0.7937134,0.69960135,0.30039605,0.77227366,-0.9980026,1.9825939,-0.35027593,-0.6093435,-1.5350453,0.5592988,0.6625517,-0.6850947,-0.1885225,-1.1469296,-1.106266
TTCCCACAGGCGAATA-1_rna,0.031286184,-0.28471285,1.7356166,-1.2908331,0.7297126,1.4958345,1.1667972,0.50377655,0.64621395,-0.48044673,-0.2170276,-0.6624864,0.63252765,0.7156883,-0.5622744,0.15659176
TTCCTTCTCAGGAAGC-1_rna,0.0968185,-0.54908955,1.6999975,-0.6320631,1.1340976,1.3691485,0.49313742,0.107081644,0.49497253,-0.15585946,-0.17368396,-0.5636796,0.06195666,0.71707255,-0.5660331,0.23872486
TTCCTTCTCATTGCGG-1_rna,1.0139172,0.7682745,0.5730544,1.0135318,0.96067894,-0.92093354,1.8022105,-0.5755582,0.5010431,-1.0257112,-0.26724583,0.9957114,-0.07032366,0.15681812,0.15590079,-1.9587677
TTCGCAACAACAGCCT-1_rna,-0.36718577,0.3048146,-1.4225402,2.1125565,-0.085517295,0.6153561,2.207841,0.29182673,-0.2539734,-0.35360917,-0.620851,-0.18407404,0.08869019,-0.9555299,0.25347438,-0.25714874
TTCGGTACACCGGTAT-1_rna,-0.043665536,0.97324723,1.4001582,-2.5256937,-0.2880049,-1.5656186,0.5701765,1.2982545,1.5570593,1.5135677,1.0336624,-0.6366686,1.1858826,2.0444949,0.72828573,-0.5771714
TTCGGTACACGAACAG-1_rna,-0.044656437,-0.10896399,0.8988455,-1.0163252,0.85260314,1.6315529,-0.3020695,-0.33978435,0.31227216,1.2431242,0.09303688,-1.3343211,-0.14049987,0.14816388,-0.4511427,0.013716551
TTCGGTACAGCAACCT-1_rna,0.38640147,0.44723204,-0.12607369,0.7670837,-0.4890944,-0.8209483,1.6838351,-0.067276336,-0.50754577,-1.3666934,0.61029094,0.58614504,-0.51120263,-0.2240595,-1.2250779,-0.72151405
TTCGTGCTCCTGGTGA-1_rna,-0.027337274,-0.13110037,-0.9582793,1.823096,-0.7979696,0.9468174,1.5516121,0.97134084,0.818743,-1.2314287,-0.3355759,0.20358829,0.09723677,-0.66532344,0.6021643,-0.65731156
TTCGTGCTCGCAATCG-1_rna,-0.19599663,-0.71086895,0.3780753,-0.5433401,1.1206057,1.8793142,0.04017868,-0.41960815,0.23549977,-0.13399358,-0.272898,-1.1855351,-0.8113717,-0.29964358,-0.8967688,0.5818955
TTCGTTAGTGCACGCA-1_rna,0.017125515,0.27783558,-1.1451594,1.1219176,0.756154,-1.2482809,1.4759839,-1.7581749,-0.75414306,-0.18904059,0.122444354,-0.21452436,-0.29441205,-0.72393537,-0.35987854,-0.9323383
TTGACATCAACGTGCT-1_rna,0.043771308,-0.46264452,1.5289927,-1.3011193,0.36143872,1.2814063,0.915183,0.31803796,-0.09081356,1.3907298,0.44332847,-0.10811497,0.08965373,0.7030667,-0.47494003,1.8756994
TTGACATCATAGCTGC-1_rna,0.93052167,0.09848969,-0.24144903,1.379684,-1.2532535,-1.22179,0.53989947,0.5121017,0.052990075,-0.57121116,0.0033449682,1.2617762,0.6423208,-0.1037143,0.39119628,-0.017403044
TTGACGTAGCAACAAG-1_rna,0.7032272,0.36742127,-0.35192937,-1.3640904,-0.6433102,-1.5561107,-2.1555748,1.2544757,-0.111396745,0.48377973,0.5272108,0.7436474,0.30906123,0.13146117,0.64052474,0.037551194
TTGACGTAGGTTAGAG-1_rna,-1.0562272,-0.96500933,1.191255,-1.8396392,-1.8233435,-0.26343113,-0.6597341,1.0781384,0.87612784,0.1539997,1.2789769,0.7107228,0.42037866,0.011432365,-0.17364563,1.1875978
TTGACTAAGTAAAGGT-1_rna,0.41201597,0.311613,0.8460458,-1.121757,-0.0896253,1.2594812,1.2800212,0.88315433,-1.0084629,1.8457966,0.40266523,0.16756761,0.7303206,0.47411144,-0.44922712,2.4878228
TTGACTAAGTTTAACG-1_rna,-0.3487835,0.19677839,-1.1253301,1.610875,0.13892089,-0.68273115,1.837266,-0.81733304,-0.88655555,-0.8417643,0.12956251,-0.057347097,-0.4655576,-0.83126825,-1.0719721,-0.71234214
TTGATGTCAATTGAAG-1_rna,-0.24443464,-0.14898539,-1.3022792,1.9266118,-1.0902927,0.07245347,1.6321272,0.20332654,-0.2818,-0.50285465,-0.5788019,0.39755726,0.38375664,-0.41778004,0.15725945,0.060913738
TTGCAAGGTGGGAACA-1_rna,-1.3308097,0.4120966,0.8249855,-1.2750576,0.23581316,0.4386337,-0.41915554,0.22526586,0.62976617,2.664946,0.017143905,-0.7776431,1.2194353,0.6674819,0.05718817,1.7351916
TTGCAAGGTTAAGTGT-1_rna,0.13816728,0.16137369,-0.9445206,1.0279274,-0.11963605,-1.1270344,0.7632517,-1.5336328,-0.39950198,-0.6862811,0.028322332,-0.18659419,-0.24089663,-0.5111573,-0.60900116,-1.1997799
TTGCAAGGTTGGCCGA-1_rna,-0.29407462,0.073899955,-1.1002922,1.8526783,-0.6272552,0.09397481,1.9197687,-0.037749905,-0.003193901,-1.085244,-0.24782011,0.026394272,-0.31297076,-0.91675276,-0.38703504,-0.88059795
TTGCAATCAGACAAAC-1_rna,-0.5245086,-0.13584812,-1.0716175,1.2734101,-1.1664852,-0.7784414,1.5908269,-0.5833044,-0.8648884,-0.54064894,-0.13276397,0.13345395,0.33443552,-0.5700623,-0.5641189,0.20293644
TTGCAATCATGGCCTG-1_rna,0.90908456,0.1260972,-0.012211579,0.92280245,-0.99913025,-2.0229578,0.53482467,-1.7054571,-0.5551008,-0.11598925,0.57559675,0.7884368,-0.2245444,0.48059276,-0.69373626,-0.7502515
TTGCAGCCAATTAACC-1_rna,-1.8390654,0.58437246,0.8058242,-1.3878361,0.44231224,-0.19656402,-1.5128198,0.20907488,0.9823477,2.5498235,-0.2715482,-0.92308444,1.7516654,1.0053273,0.45862836,0.64984286
TTGCAGCCAGCTTAAT-1_rna,1.2660226,0.97655755,0.6495374,0.51775646,-0.079862796,-1.6161705,0.85160327,-0.8672827,0.6288706,-0.5995305,0.10700931,0.7836817,0.2116714,0.38263717,0.092744194,-2.1228862
TTGCATTTCGCCTGTT-1_rna,-0.6469985,-1.0224612,1.9774926,-1.6373299,-0.9018473,-0.5779226,-0.4628138,0.097183555,0.9801208,-0.9360152,1.5616736,0.95724404,-0.2163961,0.065543085,0.08672077,-1.1975163
TTGCGAGTCCCTGTTA-1_rna,-0.6223045,-0.4485745,1.4412607,-0.95574415,0.69520754,1.6327834,0.41587496,-0.01011961,0.79079217,0.74819463,-0.43576822,-1.2353721,0.07104823,0.45085278,-0.8253564,0.527785
TTGCGTCTCCGTAAAC-1_rna,-0.2990244,-0.074068554,-1.1065093,1.065193,-0.44966683,-0.21649612,1.2646599,-0.27710378,-0.8066916,-1.1821933,0.26341897,0.27016655,-0.23570016,-0.41670156,-1.315918,-0.4213806
TTGCTCTCATTAAAGG-1_rna,-1.1549104,-0.18456993,-1.6268779,1.2021451,-1.4692749,-0.057876132,0.04563823,-0.69740283,0.43858486,0.6987253,-1.0977621,-0.44582036,1.5117308,-0.38154,0.80760485,0.48769602
TTGCTTAGTCCTTTAA-1_rna,-0.3290365,-0.15466668,-0.33485067,0.3360993,-0.9929151,-0.14996728,-0.50901335,-0.9294718,-0.32804677,0.90586877,0.27459115,0.23844844,0.19111641,-0.3911108,-0.8192139,1.2496192
TTGCTTTAGCTGTACG-1_rna,0.6406317,-0.5177076,-1.1969224,-0.012294225,-1.2693202,0.2521247,-0.8786071,2.0323274,-0.25370216,-0.6107418,-0.076506644,0.9211601,0.089090735,-0.41816103,0.66427296,1.4395167
TTGGATATCAGGTTTA-1_rna,-0.4455544,-0.05086791,0.33267844,-0.40046743,0.8872885,1.416627,-0.53650266,-0.46849307,0.840024,0.34688458,-0.83021194,-1.1949031,-0.043267895,-0.20452791,-0.83851224,-1.4078015
TTGGATCAGCGATAAG-1_rna,1.2544904,-0.07163294,-0.98366964,-0.9588428,0.08077886,-0.37950975,-1.6833252,1.5403439,-0.75846124,-0.51007545,0.017821673,1.4352895,0.009409577,-0.3128759,0.7956745,0.96845764
TTGGCTTGTGTCCAGG-1_rna,-0.6717283,-0.44301915,-1.4903089,1.8543482,-1.7403268,-0.09009982,0.70324713,-0.2308404,0.57370454,-0.08099912,-0.4322666,-0.11028145,0.5863633,-0.5120052,0.54314816,0.16036084
TTGGCTTGTGTGTGGT-1_rna,-1.8233982,0.5357663,0.59012425,-1.2000482,-0.2957259,0.12216128,-1.5685065,0.51946086,1.1346322,2.0310922,-0.24924195,-1.15512,1.3949095,0.5872968,-0.110955395,0.040770866
TTGGGCCAGTAACGAG-1_rna,-0.15364471,-0.032614093,-1.4296637,1.8392884,-0.49273407,-0.77506894,1.042598,-1.4405216,-0.10148958,0.039467912,-0.64470524,0.101930276,0.57468545,-0.7765873,0.620303,-0.53986496
TTGGGCGGTCCGTGAG-1_rna,-0.52167845,-0.7458792,0.5071579,-0.47883174,1.1646014,1.6059893,0.07943164,-0.40907204,0.6870567,-0.54954505,-0.23438251,-1.5065386,-1.0910486,-0.3566787,-0.91570157,0.1431559
TTGGGCGGTCTCAGCC-1_rna,0.10055762,-0.5059793,-0.5359237,0.08782591,1.8537793,1.6169926,-0.5812974,-0.71381664,-0.06397705,-0.38258302,-0.7569976,-0.7516378,-1.1610594,-0.5373128,-0.5892734,0.63395804
TTGGTGAGTCAAACTG-1_rna,0.6194895,0.27224487,-1.4906775,1.1750705,-0.7783552,-0.18703079,0.886137,1.2925164,-0.9580931,-0.08468472,-0.04930472,0.33898294,0.24141872,-0.37549487,0.2221788,1.3447661
TTGTCAAAGCGATAGA-1_rna,-1.8357097,0.5265494,0.64378625,-1.3702534,0.20803875,0.060892526,-1.6584741,0.44050935,1.2310324,1.8431455,-0.35152686,-1.0792037,1.5818108,0.726361,0.14338863,-0.13143292
TTGTCAAAGTTGGATC-1_rna,0.13714595,0.12465056,-0.20754278,0.28076968,-0.8568889,-2.1430862,0.44292384,-1.6772882,-1.3727599,0.17105512,0.7954497,0.36094865,0.4005525,-0.11273303,-0.93297595,0.45696136
TTGTCAAAGTTTGGTA-1_rna,0.84298146,-0.24876852,-1.2270927,-0.102361895,-0.9723037,0.3998728,-1.0562754,1.9863254,0.100216694,-0.6158739,-0.117233045,0.8619505,0.2164482,-0.36616504,1.1535604,0.9908461
TTGTCCGGTTAGGCTA-1_rna,0.10869974,-0.28956783,1.6115901,-0.82395333,1.1424165,1.4475797,1.1879584,0.08870411,-0.14933348,0.78538257,-0.118758895,-0.2944946,0.4845716,0.8312157,-0.44657165,1.1906434
TTGTGCCTCATGGTGT-1_rna,0.60691017,-0.5341118,-1.1750128,0.17852572,-0.5576156,0.14304645,-1.2973619,1.3959758,0.21569295,-1.2148212,-0.37940145,0.8399981,-0.17086944,-0.94581,0.95345116,-0.15983912
TTGTGTGCAGCATGGA-1_rna,-0.6702178,-0.69133186,1.1850865,-1.0063155,0.83662474,1.5691395,0.09342619,-0.29239526,0.637582,0.7547558,0.06052288,-1.156276,-0.15889461,0.31053272,-0.48844215,0.80666125
TTGTTCCCAGGCTTCG-1_rna,-0.0913816,0.42002788,-1.5934232,1.0074434,-0.9233365,0.41228023,-0.15145141,1.4602735,0.10740716,0.7343163,-0.51636064,-0.10244063,1.0463381,-0.48531199,1.4342003,1.3373466
TTGTTGCGTGTGCAAC-1_rna,0.7891862,0.62099916,0.30694693,0.32520103,-0.00097577414,-1.4794884,1.211393,-0.1308472,-0.69855595,-1.2673371,1.0601473,0.45918697,-0.6105756,-0.335199,-1.4462883,-0.80136627
TTTACGAAGACAACAG-1_rna,0.5864949,0.8159989,0.60544175,0.8237564,0.22310896,-1.1986585,1.2241273,-0.6051823,-0.56625605,-0.97163904,0.69255054,0.5519578,-0.15811603,-0.18580396,-1.3794643,-1.0739758
TTTACGAAGCAGGTTT-1_rna,-0.22112918,-0.94304544,1.8998983,-1.8675861,-0.85047764,-0.72093445,-0.11404567,0.13716832,0.184115,-1.2329271,1.3498299,1.277315,0.003794387,0.011090018,0.021558678,-0.3495259
TTTAGCAAGGTAGCTT-1_rna,-0.79869026,-0.70213836,-1.196097,1.6273688,-2.0160632,-0.46555474,0.76230246,-0.95013964,0.026363118,-0.24471647,-0.22006142,0.22297992,0.6812333,-0.33697978,-0.024432544,0.21882737
TTTAGGATCGAAGCGG-1_rna,-1.1243622,0.056485,-0.6003213,0.015368471,1.3279952,1.349988,-1.2105031,-0.081079036,0.3798254,0.79347014,-0.93250966,-1.2760918,-0.41710505,-0.4928806,-0.61959684,-0.43908975
TTTATGGAGTTGTCCC-1_rna,0.1590305,-0.50197613,-0.24987659,-0.45690957,1.7614584,1.188915,-0.9601946,-0.6301326,0.5224589,-1.5404686,-0.9297504,-0.7877336,-1.152215,-0.4073574,-0.5359304,-0.677864
TTTCACCCAGTAGGTG-1_rna,-1.0208356,0.14992341,0.12274333,-0.7159039,1.0623314,0.60984486,-1.9810902,-0.104373135,0.98604673,1.2821482,-0.58322424,-1.195922,0.4087836,0.3099352,0.0902891,-1.3459985
TTTCATCAGCCTGGTA-1_rna,0.89031106,0.14248295,-1.2636532,0.6746461,-0.30337617,0.77419597,-0.23793533,2.3055055,-0.088258155,-0.05972156,-0.3715649,0.8562669,0.43255597,0.1679789,1.5832696,1.3585409
TTTCCACCACATAACT-1_rna,-0.270585,-0.38810024,-1.3114574,1.6656177,-1.26551,-0.10596408,1.1436865,-0.07450041,0.30917615,-1.2406834,-0.2683899,0.35685357,0.11760901,-0.5471973,-0.04131741,-0.40504414
TTTCCGGGTTTAGTCC-1_rna,0.26440907,-0.40994167,1.7569575,-1.2010566,1.753226,0.9986347,1.0396008,-0.35070488,0.6020635,-0.670972,-0.6483177,-0.6299612,0.4665669,1.2739381,-0.40131587,-1.0108745
TTTCCTGAGTTGTCCC-1_rna,1.6005614,-0.294297,1.2081425,-0.6951301,1.9268581,0.6662101,-0.17234676,-0.6436345,0.1741522,-1.7419934,-0.45391026,0.6265537,-0.52170706,1.1565474,0.4623696,-1.0908545
TTTCGTCCAAGACTCC-1_rna,-0.2797555,-0.7296855,-0.53339714,-0.094384596,1.5415446,1.4786973,-0.061411634,-1.223495,0.14566204,-0.4091126,-0.37456226,-1.2657106,-1.1182224,-0.7247808,-0.7834305,0.60827404
TTTCGTCCAGAGGGAG-1_rna,0.32057685,0.14497177,-0.11039115,0.9319136,-0.41202226,-1.4511033,1.6846751,-0.9705928,-1.0081202,-0.7243568,0.77350575,0.6989546,-0.46002084,-0.122594014,-0.8715097,0.014568839
TTTCTCACATTCCTGT-1_rna,-0.27720076,0.11884893,-2.0786035,1.3911057,-0.8475198,0.8250719,0.5472293,0.48952967,0.35883954,0.2526429,-0.7156917,-0.16084738,1.0188718,-0.7830513,1.294787,0.6989556
TTTCTTGCAGCACGTT-1_rna,-0.13851073,-0.64329743,-0.09188193,-0.48642746,1.346282,1.7644506,-0.2535334,-0.4665239,0.575743,-0.77245253,-0.749603,-1.2577012,-0.89377296,-0.39363286,-0.9931312,-0.14823565
TTTGACCGTAGTAAGA-1_rna,0.60988283,-0.4713952,0.029153462,-0.39986753,1.967253,0.92321944,-0.29256743,-0.8524096,0.42039868,-2.448621,-1.0118082,-0.72536683,-0.90320927,-0.11389437,-0.29373008,-0.85385066
TTTGCATTCTAAGGTC-1_rna,0.6403618,0.45271602,0.37298366,0.3649653,-0.36457852,-1.5428944,1.1704823,-0.7646087,-1.0900545,-0.8998953,1.1773202,0.56101495,-0.5136473,-0.046709582,-1.5698781,-0.6660269
TTTGCGGAGCAGGTTT-1_rna,1.2899348,-0.11553284,-0.89607686,-0.014934868,-0.5678165,0.37606877,-0.6146801,2.2465382,-0.18244186,-0.799009,0.010705024,1.1536531,-0.29979128,-0.28584093,1.0779203,0.8420133
TTTGGCTGTTTACGTC-1_rna,0.3426356,0.102842115,-0.82318586,1.9274291,-0.6956765,-0.16687176,1.6486353,0.39468184,0.4230067,-0.45115793,-0.10634975,0.26799932,0.16231437,-0.6632623,0.32522392,-0.9484535
TTTGTGGCATTAGCCA-1_rna,-0.29383767,0.010394314,-1.1353586,1.6063684,-0.18907557,-0.35292467,1.8259643,-0.57132196,-0.4903771,-1.1829718,-0.2846478,0.2005401,-0.16250618,-0.79258204,-0.5680367,-0.6958352
TTTGTGTTCCGCCTAT-1_rna,1.6669638,0.558991,0.2744143,0.96426105,0.64206654,-1.0072502,1.1221764,-0.6635232,1.0683912,-1.0848471,-0.207611,1.3265816,-0.15521698,0.5051786,1.2397513,-1.7803428
TTTGTGTTCCGTGACA-1_rna,1.3854024,0.1166707,-1.1437867,-1.1293054,0.051449068,0.013160892,-1.3870606,1.9772428,-0.5543184,-0.66485995,-0.13117136,1.1279459,0.095011994,-0.19317907,1.103315,0.97302747
TTTGTTGGTAGGTTTG-1_rna,-0.99227524,-0.5965666,1.4830098,-1.5171562,-0.94346833,-0.32865703,-0.19766483,0.58108574,0.7712789,-0.9358622,1.0713247,0.070516676,-0.26969194,-0.1786918,-0.9519065,-0.82692486
AAACAGCCAGGCTTCG-1_atac,0.83262295,0.008756344,-0.60411805,-0.10374727,2.1966865,1.4429982,-0.22091416,-1.0381554,0.9947699,-0.90784687,-1.4761324,-1.5002244,-1.077289,-0.29787263,-0.11473895,-0.9076733
AAACCAACACCTGCTC-1_atac,-1.0980479,-1.0448179,1.3195486,-0.6814399,-1.8978484,0.66845405,-0.089737356,1.1995927,1.0985851,-1.5181286,1.1012112,0.41725636,-1.246379,-0.32969975,-1.1096509,-0.33532134
AAACCAACATAACGGG-1_atac,-0.735744,-0.20208302,-1.2209764,1.2161078,-1.6134943,1.5563043,0.9907557,2.1084561,-0.4898763,-0.64188534,-0.19129965,-0.11181428,-0.30441424,-0.905969,-0.60084623,0.35236546
AAACGCGCATACCCGG-1_atac,1.157854,1.5800403,1.0775299,-0.96041805,0.94668245,-0.87453836,-1.7318374,-1.3717787,1.3644155,1.3389827,1.5677562,-1.4734651,-0.9629448,0.58699614,2.1480722,-1.559245
AAACGGATCCTAGTAA-1_atac,-0.13286957,0.4748194,0.8861288,-1.107978,-0.84420747,1.3843862,1.1981266,2.6727853,-1.0473994,-0.68108094,0.6127177,-0.013127297,-0.8095221,0.10291499,-1.2393302,0.42693013
AAAGCACCACCCACCT-1_atac,0.97656804,-0.28164095,-0.93825084,0.4764743,-1.268018,0.693931,-0.52986073,2.6601183,0.3943436,-0.7626166,0.0057628714,1.1897602,0.109145135,0.07064828,0.77607673,0.9812016
AAAGCTTGTGTGTGGT-1_atac,0.5584884,-0.40369987,0.09984668,-0.2697442,2.731142,1.146299,-0.43743256,-1.4567082,-0.089177646,-0.5765744,-1.1274126,-0.7858557,-0.79339486,0.06830156,-0.23835152,-0.1061615
AAAGGACGTATTGTGG-1_atac,1.5649194,0.13599367,-0.94599044,-0.84132624,-0.4800208,0.8773166,-0.9395202,2.5512986,-0.19970912,-1.0115728,-0.25958854,1.074255,-0.29474264,0.021202683,0.73066676,0.5787006
AAAGGACGTTAAGCCA-1_atac,-0.041660443,0.23289399,0.53715676,-1.1951259,-0.6908766,1.4037592,1.4743955,2.821685,-1.2596965,-0.756876,0.49239522,0.16756251,-0.4382572,0.25798512,-1.2996565,0.6964242
AAAGGACGTTCACCAT-1_atac,-0.8101556,-0.9528357,1.278633,-0.6610977,-1.6788555,0.56002694,0.0781513,1.1000743,0.81792206,-1.3291266,0.94145095,0.3120531,-1.0073022,-0.103809394,-0.7736076,-0.25767523
AAAGGAGCACAAACTT-1_atac,-0.7346893,0.049953405,-1.837585,1.7987814,-1.0550562,-0.5073383,0.56032634,-0.28260458,0.17034513,0.85969967,-0.83655626,-0.3507741,1.3749152,-0.7936452,1.3538775,0.69733506
AAAGGAGCATAGCTGC-1_atac,0.18059784,-0.5268448,0.40482822,-0.045251727,3.5137768,0.68754214,-0.6026524,-1.5756421,-0.6326854,0.00476032,-0.9890659,-0.7601883,-0.36877286,0.3823455,-0.021848232,-0.022123387
AAAGGCTCACTTCACT-1_atac,-0.71252257,-1.3414481,1.6947503,-1.392317,-1.805893,-0.34438172,0.07389005,0.7073004,1.2981273,-1.1273242,1.4938854,0.8971822,-0.6703023,0.32294247,-0.6694748,-0.29596254
AAAGGTTAGCAAGGGT-1_atac,-0.031846777,0.055471994,1.1738863,-1.204456,0.61080295,1.4547799,0.6183981,0.33051512,-0.64309704,1.8936666,0.33477196,0.007982153,0.3378381,0.647435,-0.6717695,2.04758
AAAGGTTAGGGTGGAT-1_atac,-0.22032827,0.010307431,-0.4425629,1.3332646,-0.8353642,-1.5948921,1.2986618,-1.289614,-1.0399593,-0.26202893,0.28410825,0.3885402,0.110864714,-0.33634016,-1.0163022,-0.23769306
AACAAAGGTAATGGAA-1_atac,-0.5809204,0.6715926,1.130181,-2.36222,-0.4997935,-1.1686661,1.3141266,1.9096777,1.9972814,1.0427113,1.100669,-0.78960276,0.8316444,1.6616799,-0.29123536,-0.23366198
AACAAGCCAGGTTCAC-1_atac,1.1686034,1.5922667,0.3235588,-0.64723337,0.8527478,-1.2836324,-2.5253766,-1.1868232,1.5339112,0.8850643,0.7441316,-1.1949413,-0.7488947,0.7334469,2.682448,-1.5315298
AACAGATAGAGGCTAA-1_atac,-0.29893473,-0.17114219,-1.0904315,1.6732022,-0.93418825,0.72903216,1.7868211,0.77077585,-0.3034281,-1.535112,-0.14580187,0.1523388,-0.6144562,-0.9552146,-0.48374605,-0.5212392
AACAGATAGGGTCCAC-1_atac,-0.7700102,-0.33987767,-1.4319944,1.8534048,-1.4823651,0.65169406,1.6880338,0.89677244,-0.11028094,-0.6076865,-0.326111,-0.11995985,0.26667184,-1.0992825,-0.12516716,0.3316166
AACAGCAAGGAAGCTA-1_atac,1.1037465,0.10412158,-1.3772931,-0.94950384,-0.64574975,0.12011316,-2.0893352,1.8834943,0.26195025,-0.4432825,-0.2292465,0.7881941,0.17973681,0.08701465,1.5201595,0.66135406
AACATAGCATAAAGCA-1_atac,-0.35212407,0.29303917,-1.3068562,1.304925,-0.70139366,-1.350158,-0.1920295,-1.03177,0.3510791,1.3922988,-1.4351169,-0.2932837,1.624814,-0.34823084,1.7614597,0.10296381
AACATCATCCGTTATT-1_atac,0.25344455,-0.33722243,0.24980871,-0.5505748,1.8446962,1.8738954,0.3880953,-0.66628915,-0.89396197,0.55458075,0.05778145,0.03254616,-0.8501884,-0.19223364,-0.25515148,1.9068104
AACATCATCGAGGAAC-1_atac,0.85200375,0.6729018,0.14673983,0.9016227,-0.69764906,-2.228227,0.24184594,-1.4525586,0.14940277,0.30453104,0.41313532,0.049014844,-0.35085487,0.2443694,-0.1984509,-0.93851244
AACATCATCGGCTATG-1_atac,-1.6239948,-1.4881536,1.1108171,-1.405845,-1.0365226,0.13506818,-1.1157689,0.08882184,1.7046275,-0.8327709,1.1439686,0.6722401,0.6794819,-0.00857912,0.37989366,-0.05598644
AACCCGCAGTCACTAA-1_atac,-0.21529317,-0.3907999,-0.7270987,2.0950272,-1.1960521,-0.47342312,1.5750126,0.07794988,0.64204377,-0.27338916,-0.42428544,0.47437516,0.9106839,-0.57028973,0.7196353,0.12324353
AACCGGCTCCGTAAAC-1_atac,0.0060754097,-0.4587593,0.09121692,-0.4270038,0.86584586,2.3115017,0.116135314,-0.43352443,-0.022161677,0.3428468,-0.21339074,-0.6298554,-0.99681574,-0.26142833,-0.867114,1.3989129
AACCGGCTCGATCAGT-1_atac,0.3548315,-0.6251696,-0.28161904,-0.33048284,1.7492985,2.093388,0.03065783,-0.46555635,-0.8151716,-0.18377219,-0.42811167,-0.19205607,-1.0107538,-0.109550744,-0.6468872,1.2047371
AACCGGCTCGTTAGCG-1_atac,0.3054273,0.12227021,-0.1298695,1.0419543,-1.1306826,0.13012682,1.1338325,0.6225326,-0.7679533,-1.4709778,0.85109705,0.63051605,-1.1230414,-0.63991785,-1.8117806,-1.050471
AACCTTAAGGTCTTGG-1_atac,0.5054867,0.6075084,0.15683338,1.032796,-0.48092672,-0.5399221,1.5026685,0.10310604,-0.7581347,-1.5152426,0.6440612,0.3868655,-1.2738117,-0.33985502,-1.6334563,-1.1450826
AACCTTGCAATAATCC-1_atac,-0.29360995,0.12814428,-0.7992759,1.5954955,-0.8469924,0.39114073,1.9208174,0.24101916,-0.38576406,-1.3501093,-0.034475185,0.037233014,-0.55598354,-0.8375281,-1.1145519,-0.6278772
AACCTTGCAGCCTGCA-1_atac,-0.05654267,-0.09314838,0.4438209,-0.7695957,0.74245083,1.9371816,0.25538802,-0.011933168,0.9743286,-0.59831405,-1.1803889,-1.5297012,-0.5241725,-0.2521568,-0.72061837,-0.47723848
AACCTTGCAGGACCTT-1_atac,-0.70341414,0.9419816,0.6354695,-1.6174525,0.34188202,-1.182946,-3.1402636,0.2609527,1.0030037,1.9180753,-0.10812306,-0.39050624,1.3999101,1.1117432,1.535723,-0.6653519
AACGCCCAGTTTGAGC-1_atac,-1.3963953,-1.228695,1.9011196,-1.6999503,-1.0879337,-0.490456,-0.8566697,-0.09134214,1.6831809,-0.6058547,1.7215089,0.6281842,0.20781562,0.17540967,0.03503125,-0.64704496
AACGGTAAGCTGCACA-1_atac,-0.32877672,0.18527919,-0.46132836,1.4109614,-0.27027813,-1.0253339,1.4918039,-1.2385647,-1.0669272,-0.96208847,0.099622175,0.10972995,-0.3950235,-0.85373574,-1.2749752,-0.6464719
AACTAGTGTAACCAGC-1_atac,0.18847924,-0.6710123,0.19815655,-0.33803737,1.3386286,1.9674897,0.032780875,-1.1228889,-0.2376003,-0.36455375,-0.44642136,-0.52638674,-1.2757485,-0.20252848,-0.88915604,0.8821088
AACTAGTGTCGTAATG-1_atac,-0.2668874,-0.011342337,-0.9389357,2.001026,-0.100574695,-0.95713246,1.7347454,-1.2511932,-0.80487233,-0.40799892,-0.31486714,0.0016832408,0.21551986,-0.63004977,-0.5173394,-0.23912668
AACTCACAGCTAATTG-1_atac,0.03098223,0.10785345,-0.94997686,1.659187,-0.6115546,-1.4688809,0.960742,-1.8454889,-0.3492156,0.48702025,-0.09993829,0.05965634,0.666867,-0.44753534,0.3080608,-0.6401195
AACTCACAGGAAGCAC-1_atac,-0.08604461,0.2526276,0.5970478,-1.3562287,0.114744425,1.5448723,0.7388649,1.3124541,-0.6463734,2.0311444,0.2877021,0.065955386,0.52712727,0.2935441,-0.51209897,2.4256852
AACTCACAGGGCTAAA-1_atac,0.15875185,-0.24107604,0.28615877,-0.64167476,0.45547345,2.2018442,0.47979575,0.524812,0.67639047,-0.9987842,-1.1729443,-1.3496984,-1.1232072,-0.15602252,-1.0143546,-0.095058
AACTGTTCAAGACTCC-1_atac,0.80778825,-0.30516046,-0.38608578,-0.5212129,1.3244216,1.9195713,-0.1556592,-0.8696372,0.67363507,-1.0558767,-1.3023977,-1.182279,-1.1751336,-0.24260707,-0.41336274,-0.2768973
AACTTAGTCACTTCAT-1_atac,1.2764173,-0.042667694,-1.2570223,-0.72075653,-0.5482218,0.14117552,-1.7353824,2.023873,-0.13276118,-0.28425327,-0.057633504,1.3505355,0.5723809,0.46507552,1.4754499,1.3419679
AACTTAGTCCATAATG-1_atac,-1.0766526,-1.2016356,1.8737458,-1.452204,-1.5972106,-0.21528317,0.043461356,0.28800958,1.512783,-1.1203232,1.465884,0.63997245,-0.4214732,0.08497039,-0.75987095,-0.46856627
AAGAACAGTATTCGTC-1_atac,-1.0929707,-1.2973467,1.646308,-1.511847,-1.728828,-0.12672539,-0.29320425,0.5667098,1.4077488,-1.0738782,1.558086,0.7333163,-0.45389864,0.08573387,-0.3852796,-0.30767307
AAGAATCAGGCTACAT-1_atac,0.3650887,0.32681715,0.07494227,0.4299544,-0.23280488,-2.092995,0.13907768,-2.7997487,-0.6913584,1.0607612,0.6970328,0.6140948,0.54893523,0.19883348,-0.23796867,-0.79605395
AAGACATAGTAAGGGC-1_atac,-0.5554649,0.3734901,-0.2707225,-0.5081576,1.3074445,1.2573578,-0.45061132,-0.59138805,1.435499,1.6205746,-1.3726392,-2.1288161,0.63920087,-0.28731096,-0.042960413,-0.7395952
AAGACCAAGAGAGGAG-1_atac,0.9015112,-0.43382365,-1.5450586,0.03478681,-0.8441045,0.25723407,-1.8947508,1.6763266,0.37924808,-0.6748187,-0.21753639,1.1493784,0.55205846,-0.06523866,1.6120493,1.0224074
AAGCAAGTCGTTTCGC-1_atac,0.5262525,-0.2034527,0.013270122,-0.5338882,1.2352507,1.8810585,-0.030678177,-0.2791424,0.69709873,-1.300318,-1.2123475,-1.2797683,-1.152169,-0.2855105,-0.35456878,-0.37198213
AAGCCTCCACAATGCC-1_atac,-0.20679039,0.13247257,-0.18704452,0.91678417,-0.98970807,-0.4131226,1.0926629,-0.23142953,-0.8503701,-1.3455681,0.7671895,0.24413641,-1.1708763,-0.6681092,-1.8813647,-0.7031454
AAGCCTCCACACTAAT-1_atac,-0.022959087,-0.28837287,-1.1770349,1.1806262,-0.94889385,-1.4032991,-0.88920075,-0.3734546,0.3873701,0.8497952,-0.81611556,0.58786607,2.018912,-0.16686392,2.1042106,0.7553427
AAGCCTCCAGACAAAC-1_atac,-0.6075519,-0.2831686,-1.0179449,1.8043122,-1.3567102,0.47477168,1.8717499,1.2516677,-0.23829682,0.052469067,-0.5118634,-0.13738997,0.9489463,-0.43518364,0.43671572,0.89144427
AAGCGAATCATGCCTC-1_atac,0.052454036,0.36196062,1.4075394,-1.2427526,0.7510174,1.7059314,0.9643354,-0.14754783,-0.6616587,1.2571846,0.1794328,0.10117018,0.3812889,0.0869141,-0.92285836,1.4580038
AAGCGAGGTCGACTCC-1_atac,0.9818725,-0.4453297,0.18775298,1.572469,-1.5866605,-0.8687534,1.155884,1.399855,0.65064144,-0.7306097,0.25303203,1.1892112,0.083825946,0.6901929,0.16435407,0.39535815
AAGCGTTTCATTGTCT-1_atac,-1.4225686,-1.1502664,1.7447151,-1.7464292,-0.7340413,-0.18217716,-1.2568154,0.09875586,1.726979,-0.5739809,1.5374199,0.64869034,0.48959437,0.10893971,0.39644283,-0.6004628
AAGCGTTTCCTGATTT-1_atac,-1.1452134,-1.6621609,1.3777114,-1.3304129,-1.3310999,-0.7187625,-1.0434842,0.028119206,1.4981945,-0.9457277,1.3284446,0.9034166,0.7050401,0.28874633,0.87464976,-0.59524095
AAGCTAGAGATGGACA-1_atac,1.5324926,0.5867739,0.6724684,1.0065308,0.28494978,-1.6181206,0.45467234,-1.5358382,-0.2718181,1.7229711,-0.7145286,1.3427504,2.3964932,0.89923525,1.819945,-0.97917235
AAGCTATGTTTAACCC-1_atac,-0.92809933,-1.5455879,1.396777,-1.6556098,-1.5875062,-0.55329955,-1.1858644,-0.26230705,1.1779119,-0.8495806,1.5330317,1.2480304,0.28766143,0.19271135,0.3326126,-0.069340594
AAGCTCCCAGCAATAA-1_atac,-0.67859983,-0.47407028,1.4438347,-2.1822512,-0.7172358,-0.01317509,0.86266905,1.0452625,0.53983635,-1.6734304,1.2207506,1.2834889,-0.19914356,0.32597414,-0.37648767,0.25617325
AAGCTTGGTCGCAATA-1_atac,-0.100433215,-0.078789406,-0.47821158,1.39088,-1.0509242,0.02608094,1.3897135,0.5532126,-0.9711019,-1.3262,0.5347491,0.6833816,-0.7700118,-0.75054693,-1.6164137,-0.2693676
AAGGATCCAGTCTAGC-1_atac,-0.29714724,-0.15366945,-0.64692485,1.75252,0.11952959,-0.77916926,1.9328969,-1.1365644,-1.1906866,-0.97605264,-0.39720398,0.27508467,0.09878023,-0.61083645,-0.88582057,-0.051121764
AAGGATTAGTAGCGCC-1_atac,0.62173694,0.27270922,-0.7170353,-0.4122052,2.018228,1.5368646,-0.23729144,-0.7126587,0.7569169,0.21637373,-1.1169866,-1.7523693,-0.31326514,-0.4155735,-0.22318237,-0.9713606
AAGGCCCTCTTGATGA-1_atac,-0.09954157,0.6304518,-0.72313577,-0.60740274,0.6791236,1.5570098,-0.438434,-0.33347914,1.6295055,0.6015391,-1.7560103,-2.2445455,0.02633838,-0.33955106,0.11015181,-0.87218225
AAGGTCAAGGTCCGTA-1_atac,0.60489655,-0.57612354,-0.75337875,0.021966407,1.3811189,2.0266154,-0.080447294,-0.3597216,-0.37858218,-1.0901557,-0.95548147,-0.51025975,-1.1272941,-0.2853628,-0.06737256,1.244761
AAGTGAAGTATGTGGC-1_atac,-0.106212124,0.0086225495,-0.0013766785,-0.748989,0.8862672,1.6076366,-0.23548226,-0.40310526,-0.77040887,-0.26180416,-0.6373049,-0.79012716,-0.71452355,-0.4989563,-0.8441052,0.2604156
AAGTGTTGTGAGACTC-1_atac,1.0200088,0.7542558,1.6688683,0.40966514,3.4532037,-1.2570924,-1.5527059,-0.9626148,-0.086505786,0.36300346,-1.0016685,-0.3312041,0.16755146,2.9604332,1.060446,-0.1521798
AAGTGTTGTGCTCCGT-1_atac,-0.1303278,0.17734917,-1.7659272,1.4357158,-1.0587581,-0.82637715,-0.059240516,-0.63080424,0.76819843,0.53111255,-0.89654595,-0.3122829,0.88200766,-0.9399121,1.8295702,-0.2785949
AAGTGTTGTTGAGGTC-1_atac,-2.0009003,0.36024904,1.6334727,-1.5328934,0.73102087,-0.45064154,-2.198412,-0.18055749,1.0124973,2.1365397,-0.15473257,-1.0521338,1.3470545,1.4773629,0.53546137,-0.3219441
AAGTGTTGTTTGCAGA-1_atac,0.10295375,0.48467734,-0.43705076,-0.3792224,0.7263291,1.8227386,-0.14002028,-0.73632824,1.4057748,-0.3138862,-1.7492687,-2.2032614,-0.42099267,-0.8589465,0.1573293,-1.0148195
AAGTTACGTAGCTAGC-1_atac,0.08858728,-0.1622091,-0.69787586,1.8461809,-1.2525886,0.9791605,1.4955838,1.1934597,6.5006316e-05,-1.4058604,-0.13242847,0.5539144,-0.39757937,-0.8742676,-0.6950818,-0.7071118
AAGTTAGCACCTCAGG-1_atac,-0.11326662,0.36936888,0.4177315,-0.98516804,-0.6278308,1.3145887,1.2660024,2.8132079,-0.8396832,-0.7591004,0.5435252,0.0142321065,-0.47396305,-0.036484033,-1.4932863,0.38279176
AAGTTAGCACTAAGAA-1_atac,1.0072886,0.5537124,0.38075122,1.0436116,-0.36688873,-1.8319637,0.93793213,-0.8229411,0.008765742,-0.52842295,0.7680036,0.73087156,-0.68792784,0.3692488,-0.63603204,-0.98750573
AAGTTTGTCCAATTAG-1_atac,0.08970483,0.7715712,-0.19419357,0.40856534,-0.7660941,-1.7909529,0.03997292,-1.9560965,0.15233114,0.83317184,0.9419804,-0.0403451,-0.09502892,-0.567554,-0.5212224,-1.1671402
AATACCGGTTCCATTA-1_atac,0.43358493,-0.34232768,-0.57972085,1.115242,-1.4113805,0.43364948,-0.051872537,2.1547277,0.78298426,-0.9686026,0.0034333933,0.6532697,-0.29873207,-0.28558114,0.38723576,0.229064
AATAGAGGTGAGGTAG-1_atac,0.67021894,-0.705064,0.009961514,-0.35685214,1.599301,1.9511139,0.28616953,-0.77573454,-0.5791497,-0.32042658,-0.3717582,-0.24139085,-1.2979964,-0.17708994,-0.97787774,1.2249224
AATCAGGAGCGAAGTA-1_atac,0.18543519,0.14769676,-0.04016134,0.5466109,-0.92613316,-1.5082337,0.28440353,-1.698431,-0.1749629,0.20228691,0.9897403,0.39738405,-0.17617981,-0.50445116,-0.5836833,-1.0899212
AATCATCCAATCCTGA-1_atac,1.547399,0.89031744,-0.42498073,-0.61997736,0.6752713,-0.2251334,-1.195655,0.4563235,1.280179,-1.0348765,-0.5271002,-0.28077048,-0.7799897,0.07283034,1.3010583,-1.314025
AATCATGTCATTACTC-1_atac,0.8042648,0.39961153,0.4896847,0.504969,-0.62160987,-2.4113941,0.14587288,-1.7483418,-0.54174936,0.029766096,0.71794516,0.70074606,-0.14960347,0.27594286,-0.4984117,-1.0325851
AATCCATCACCTCAGG-1_atac,-0.6702742,-1.1344047,1.4906112,-1.1067783,-1.9210688,0.039532688,0.012185705,1.0123376,1.2022982,-1.3238087,1.3681383,0.9156989,-0.8873091,0.10889331,-0.7584443,-0.17041746
AATCCCTGTGCAATAT-1_atac,0.6109625,0.6034771,0.30290225,0.77123,-0.6121558,-0.3101565,1.4555861,0.099287644,-0.5999049,-1.2374386,0.9905773,0.52757096,-1.3004022,-0.21851437,-1.7448499,-1.0602919
AATCCTAAGATGGAGC-1_atac,0.44004887,-0.2820989,0.67194754,-0.92347413,0.5353926,2.0174494,0.32068825,0.6009952,0.38696024,-2.013246,-0.98506,-0.72337735,-1.3100954,-0.3492177,-0.81555766,-0.10733172
AATGAAGGTAGGTTAT-1_atac,0.68649757,-0.36118546,-0.028905325,-0.58932114,0.86426353,2.3037963,0.5128955,-0.03380137,0.17701143,-1.651114,-1.0906029,-0.7795214,-1.4836445,-0.40364736,-0.5273284,0.303637
AATGCAACAAGGTATA-1_atac,-0.25180715,0.20443475,0.19894509,0.413752,-0.7388028,-0.019991271,1.6812078,-0.2767104,-0.7471716,-1.5146593,0.80547494,0.2125196,-0.8765846,-0.44469157,-1.8620541,-0.59763515
AATGCATGTGTTTCAC-1_atac,0.38985232,0.2731965,0.8067422,-0.7812602,1.4048975,0.74456125,-0.12534064,-0.86294246,-1.0607074,3.0578873,0.102363475,0.60333115,1.0307729,0.7252047,-0.036407504,1.878474
AATGCGCGTACCGGAT-1_atac,0.2803713,-0.37413862,0.053450864,-0.33056846,1.410784,2.160782,-0.0923693,-0.42431262,-0.74473846,-0.41291082,-0.3966354,-0.37639877,-1.4261308,-0.35417244,-0.926935,0.8983513
AATGGCGCAAGCCACT-1_atac,0.6819353,-0.5111364,-0.9283723,0.6725501,-1.1835893,0.20354813,-0.3992464,1.8914607,0.422248,-0.4320781,0.26683024,0.94229233,0.4456465,0.26990736,0.7067891,0.779606
AATGGCGCAGTCTATG-1_atac,0.626131,-0.66953725,0.028505804,-0.2279856,1.7227553,1.7722542,0.4441117,-0.64582884,-0.10328538,-1.6821631,-0.7446081,-0.59555495,-1.6134372,-0.18520671,-0.7479803,0.59408116
AATTCGTCAGGCTAAG-1_atac,0.028920995,-0.041124377,-1.5536904,1.0091821,-1.3284323,-1.2957358,-0.8015906,-0.5587477,0.45810455,1.5199312,-0.48523417,0.05313741,1.5888993,-0.37439123,1.6379269,0.46589622
AATTGCCAGTACTGGT-1_atac,-0.3944618,-0.076739304,-0.5088834,1.244955,-1.3355228,0.0020947116,0.523142,0.49706957,-0.15809157,-0.3781993,0.15777655,-0.2973957,0.23680876,-0.19467866,-0.06378238,0.6524174
AATTGGACATCGCTCC-1_atac,1.3175856,-0.28831995,-0.9162855,0.19901812,-1.2035185,0.26318225,-0.9621859,2.390008,0.44256204,-0.47395146,0.16514559,1.5416257,0.35573792,0.33387044,0.9836797,1.1524086
ACAAAGGTCCCTGTTA-1_atac,-0.7451075,0.30525732,-1.4386835,1.3468307,-0.97628766,-0.0010858127,0.6611623,0.826672,0.42988327,1.0747173,-0.8106718,-0.7633385,1.3944479,-0.4604655,1.0397588,1.0807476
ACAACACTCCTGAATA-1_atac,-1.0327215,-1.403561,1.6130835,-1.5277437,-1.6191165,-0.43396455,-0.5804829,0.27904502,1.6913303,-0.937066,1.6101269,0.7749819,-0.03179309,0.18141955,0.017466627,-0.46565902
ACACCTTGTACGTTTC-1_atac,0.3897681,-0.54090506,-0.3585677,-0.15458646,1.7163662,1.8443462,0.28471857,-0.81720173,-0.3175657,-1.545392,-1.0236783,-0.6767309,-1.424352,-0.48638967,-0.5273116,0.6200602
ACACCTTGTCATCAAG-1_atac,-0.37918893,0.023968076,-1.3629674,1.9547858,-1.1251541,-0.09959425,1.0449443,-0.09548703,0.9574282,0.098419085,-0.56738925,-0.17768548,0.60706526,-1.1987869,0.7413037,-0.74649215
ACACGGACATGGTTAT-1_atac,0.7699123,0.80065566,0.8216138,0.5622473,0.019222833,-1.3454233,1.0759023,-0.7731669,0.2511377,-1.2241114,0.9542437,0.5051775,-1.1975834,-0.05903703,-1.1849056,-1.6530787
ACACTAATCGTTAGCG-1_atac,1.4432901,0.10283575,-1.2314068,-1.3282593,-0.26990986,-0.056548465,-1.8642092,1.8588109,0.260966,-0.6880125,-0.33018044,1.1614876,0.18849695,0.19631857,1.664304,0.47632137
ACACTTGCACTATGGC-1_atac,-0.9025271,-1.2653178,1.4295312,-1.5443562,-1.8565636,-0.044899233,-0.27913424,0.6942668,1.272052,-1.1111437,1.5626944,0.9034269,-0.6725807,0.023514092,-0.6055238,-0.041125722
ACAGGAATCAATGACC-1_atac,-0.85002816,-0.16512454,1.4813739,-0.48570132,1.0369967,1.1034105,-0.3815577,-1.1554446,0.6288718,2.272056,-0.11602725,-0.7266603,0.93799174,0.72596353,-0.62721735,0.27804822
ACAGGAATCAATGTCA-1_atac,-0.03698239,0.3327344,-0.79037285,1.7086977,-0.3220175,-1.2600968,1.2528312,-1.4007715,-0.6110688,-0.06267488,-0.1373725,-0.06590356,0.117920324,-0.539448,-0.24247201,-0.7024715
ACAGGAATCCAGGTCA-1_atac,-0.24776927,0.082688004,0.32636738,-0.85128444,0.14749509,2.058868,0.54244655,1.4403739,0.52390015,0.6239635,-0.43147177,-1.4692096,-0.15380548,0.06733203,-0.87810427,0.5092691
ACAGGATCAAGCCAGA-1_atac,-0.50636435,-0.20541744,-1.5584964,1.5551212,-1.1983495,-0.19425656,-0.044585906,0.92420727,0.71560544,0.3661069,-0.6421613,0.20448102,1.2957217,-0.40452403,1.5531976,1.147317
ACAGGATCACCTGCCT-1_atac,0.638059,-0.4633272,-1.3356663,0.122906625,-0.9488915,0.100740485,-1.7717326,1.6763,0.19672826,-0.4855823,-0.2862379,1.3053472,1.0182157,0.021008369,1.6878836,1.4554913
ACATAGCTCATGACCG-1_atac,-0.23413481,0.16527481,-0.9918223,1.5904245,-0.19870502,-1.3381472,1.1612614,-1.7873715,-0.60778296,0.3099961,-0.51224554,-0.039545678,0.7989734,-0.6242665,-0.04694368,-0.43984738
ACATAGCTCTAGCGTG-1_atac,-0.6137366,0.44007477,0.5966472,-0.98122334,-0.63853014,1.2745042,1.1190631,1.77551,-0.7158479,-0.95904297,0.5243136,-0.4150231,-0.5056379,-0.103716925,-1.594402,0.4195339
ACATCAATCACAGCCA-1_atac,-1.4572918,0.5792478,1.2364658,-1.688134,-0.20832922,0.15218098,-0.23282649,1.375259,1.549486,1.9451884,0.26450774,-1.5328988,1.102154,1.0944194,-0.16520377,-0.29216427
ACATCAATCTCAATTC-1_atac,0.18452407,-0.5787337,-0.43812346,-0.20917067,1.6215321,1.7482749,-0.5613006,-0.70293385,0.11620953,-0.3938205,-1.2351611,-1.021671,-1.0566114,-0.12485947,-0.51800144,0.3131028
ACATCATCACTATGGC-1_atac,-0.40986913,0.08315428,1.1010904,-1.0905796,0.1602002,1.8040277,0.68266076,0.070961,1.4826999,-0.19506182,-1.3458233,-1.8207308,-0.012986539,-0.24557146,-0.5482879,-0.93380845
ACCAATATCTATGACA-1_atac,-0.531529,-0.3593517,-1.7090682,1.9814006,-1.4837716,0.23503503,0.52017856,0.47962227,0.77321357,-0.26216444,-0.4102541,0.10932322,0.49955872,-1.1471119,0.671254,-0.18509826
ACCACACCAAGTAAGC-1_atac,-0.20861343,0.60296917,0.75626343,-1.4039813,-0.6644756,1.4179412,0.80482495,1.8002068,-1.3728249,-0.6983715,0.41779232,-0.044240553,-0.14990038,-0.4260236,-1.3071741,0.50244105
ACCACATAGCTGCACA-1_atac,-0.4250927,-0.11875771,-0.83289844,1.4482144,-1.3433703,0.91218877,1.645057,1.1553887,-0.3344081,-1.4373049,0.102926515,0.24674349,-0.84557796,-1.0237083,-1.0486217,-0.3992359
ACCACATAGTTATCCT-1_atac,0.19080134,-0.49257046,0.5110158,-0.6325627,1.1386915,2.1151304,0.3434989,-0.54288626,-0.30896303,-0.43444386,-0.49313703,-0.32110363,-1.2011478,-0.24037802,-0.8487792,0.93871427
ACCAGCTCATGTCAGC-1_atac,0.34645393,-0.4533645,-0.26353037,-0.24309042,2.744825,1.0304772,-0.33172467,-1.5481023,-0.35602957,0.75747377,-0.4129379,-0.7367083,-0.32733235,-0.31602234,-0.25574958,0.14237204
ACCAGGCTCCAGCACA-1_atac,1.0900668,-0.38478723,-1.0799375,0.49173027,-1.2806826,-0.22196473,-0.8220703,2.055024,0.6666396,-0.3556506,0.13292289,1.3518364,0.77481705,0.5180584,1.268699,1.3107721
ACCAGGCTCCGGAACC-1_atac,0.58945775,0.1944909,0.5551301,-0.6852486,0.48828563,1.7618728,0.5104621,1.0623034,0.3583713,-2.1521509,-0.6577701,-0.9331464,-1.8488908,-0.66417676,-0.75356275,-0.48697233
ACCAGGGAGCGCTCAA-1_atac,0.27781513,0.3696235,0.48332343,0.22337273,-0.77356833,-2.3502636,0.11161488,-2.1649582,-0.46939102,0.48890868,0.948639,0.44058242,0.11009559,0.15244447,-0.7526202,-0.83077246
ACCAGGGAGGCCAATT-1_atac,-0.85045016,0.28837925,-2.160505,1.7431884,-0.9362836,0.4927112,0.43181774,0.56949055,0.6022659,0.4138014,-0.83342624,-0.90670604,0.44695047,-1.4368488,1.1250838,0.057776455
ACCATAATCGCAGGCT-1_atac,0.36295766,-0.17053607,-1.3068727,0.50019526,-1.0848006,1.1393678,-0.40823975,2.6971793,0.13426392,-0.87414676,-0.2669578,0.5912974,0.017944908,-0.44479454,0.5797721,0.7683547
ACCATAATCTGGTCCT-1_atac,-0.4089676,0.408664,-0.9436701,1.3888464,-0.1573114,-1.1966697,1.1857162,-1.7545258,-1.0245088,0.26711154,0.18221594,-0.13881394,-0.035907745,-0.6841366,-0.6878446,-0.29659265
ACCATTAAGCAAGACA-1_atac,0.17161039,0.15065728,0.14786372,0.6529885,-0.8621254,-0.85209996,1.2440029,-0.10063356,-0.9753147,-1.3408233,0.8544164,0.4786485,-0.9605994,-0.14341658,-2.0963626,-0.5707242
ACCATTAAGGAGCAAC-1_atac,1.3544456,0.9705896,0.57285106,-0.39208555,0.47541356,-1.841625,-0.71883994,-1.058759,-2.4086714,-0.018707605,-0.51219594,1.1921566,1.5386558,1.0535219,1.5744307,-1.3425454
ACCCAACCACCTGCTC-1_atac,-0.28947565,-0.20174098,1.061982,-0.69814944,0.58761024,2.0501616,0.53746927,-0.111425094,0.49499106,-1.4008526,-0.8177436,-0.9938351,-1.1040133,-0.33768684,-1.0386759,0.2759051
ACCCAACCACTAGGTC-1_atac,0.15922849,-0.68867356,-0.07397563,-0.47094724,1.1560651,2.0767639,0.12230079,-0.5126475,-0.6396785,0.14755766,-0.3801544,-0.40927133,-1.0094932,-0.2956048,-1.0048444,1.3699402
ACCCAGGGTGAATCGC-1_atac,-0.53913015,0.040383283,1.7951978,-1.22604,0.43860957,1.5257796,0.6819577,-0.31824714,-0.36514783,1.8136895,0.1885026,-0.26978475,0.6034424,0.463945,-0.9741811,1.155609
ACCCAGGGTGCTCCAC-1_atac,0.3919661,0.534828,-0.024874413,0.5292416,-0.80668217,-2.2643185,-0.40715474,-1.573769,0.25120354,0.5291834,1.0071329,0.35415006,-0.013370834,-0.36245534,-0.30172104,-1.1757393
ACCCGTAAGCAGCTAT-1_atac,-0.51827866,-0.14195523,-1.1441866,1.4599612,-1.307043,0.8919569,1.1328335,1.7173119,0.085453,-1.246191,0.0583934,0.35637075,-0.4876185,-1.0082766,-0.3880219,-0.07902883
ACCGAAGCAAAGGCCA-1_atac,-0.39794457,0.343301,-2.1182003,0.86155117,-0.8711053,-0.6659795,-1.1801264,-0.26835597,0.7068427,1.1644952,-1.2942114,-0.5603376,1.4001336,-0.6309077,2.037648,0.2507252
ACCGAAGCACCTCGCT-1_atac,1.4145334,-0.39275494,-0.29976737,0.97764784,-1.5943229,-0.0002758697,0.24363035,1.9829051,0.44728717,-0.48705074,0.54064023,1.2023512,-0.045221057,0.5321898,0.66544014,0.49910098
ACCGAAGCAGCCAGTT-1_atac,-0.06972756,0.32543808,1.2670522,-1.2468771,0.23842987,1.7800572,1.2630471,0.70851815,-0.9669098,0.99401915,0.50434506,-0.1324616,-0.32851207,0.03959735,-1.0735527,1.8885
ACCGAAGCAGGCCAAA-1_atac,0.50896096,0.7526253,0.45492476,0.23899743,-0.5165763,-2.0977929,0.08211586,-1.9748193,-0.36169484,0.47369856,0.69918877,0.20741913,-0.141897,0.21639445,-0.9381572,-0.973143
ACCGAAGCAGTACCGT-1_atac,0.0035060793,-0.5244221,-1.0105116,1.5026213,-1.8870753,-0.98682684,0.06358871,-0.27315786,0.6713339,0.17811711,0.17220071,0.43259948,0.7308022,-0.65623444,0.97211057,-0.23017757
ACCGCAATCATGTTTC-1_atac,0.17640035,-0.40653485,-0.22378057,-0.32345837,1.0499529,2.0722487,0.11316561,-0.4197834,-0.61303896,-0.035099614,-0.21426393,-0.20132549,-1.1201892,-0.28263962,-0.83075845,1.7551366
ACCGGCTAGCCGCTAA-1_atac,-1.1878461,-0.8817168,1.3219645,-0.69189894,-1.731874,0.5844367,0.1486699,1.1117055,1.1734376,-1.3312644,1.0576718,0.29955292,-1.1585823,-0.32052717,-1.0610261,-0.37039176
ACCTAAATCAATCATG-1_atac,1.63774,0.080095395,-0.79900765,-1.1480215,-0.09400725,0.16846262,-1.3931732,2.2778137,0.11712763,-0.95777404,-0.2288758,1.2298168,0.018279903,0.46381947,1.1573368,0.44911793
ACCTAAATCCTAAGGT-1_atac,-0.47722077,-0.06942096,-0.73981065,1.7478917,-0.4449085,-1.1874477,1.3649892,-1.5322775,-1.1757312,-0.20685397,-0.005027078,0.17301269,0.43359637,-0.45746672,-1.0655315,-0.17992751
ACCTAAGGTTCACCAT-1_atac,-0.07168688,-0.4323685,-0.2967351,-0.41668698,1.2650669,1.8829907,-0.44184107,-0.6060344,0.05082355,0.97345173,-0.6670055,-0.9913356,-0.596634,-0.31216285,-0.42220017,1.1985575
ACCTCACTCTAGCTTT-1_atac,-1.0141914,-0.17587873,-1.7792085,1.5100585,-1.4816136,0.7932839,0.18125579,1.4313699,0.7798557,0.009514537,-0.56215584,-0.5559744,0.5482602,-1.2205064,0.9329302,0.2830913
ACCTGTTGTAGGTTAT-1_atac,-0.70971066,0.6933181,0.94713753,-2.2652647,-0.33509582,-1.1911384,0.6193175,1.6948931,2.153468,1.2838837,1.213564,-0.87873197,1.006801,1.7517931,-0.058293123,-0.31826985
ACCTGTTGTTAGGCGT-1_atac,-0.19846892,0.3232577,-1.5030218,1.0911914,-0.68320775,-1.1670383,-0.7339526,-0.9577983,0.62685585,1.2631307,-1.3568857,-0.21386327,1.7691864,-0.38298246,2.296019,0.06216733
ACCTTGCTCAGCTAAC-1_atac,-0.057733238,-0.31264684,-0.9086153,1.6198343,-1.5285381,0.37832874,1.0609515,1.1459568,0.5829211,-1.0512649,-0.05103887,0.5424762,-0.49629065,-0.73469347,-0.28706557,-0.3667392
ACCTTGCTCCCTGGTT-1_atac,-1.1481303,-1.5176866,1.013185,-0.99221265,-2.1123242,0.28439045,-0.58568716,0.79872036,1.610284,-0.7955344,1.2960263,0.6471662,-0.3226791,-0.09093021,-0.17537975,0.15346527
ACGAACAAGGCCTGGT-1_atac,0.4372472,0.7262209,0.09265079,0.22133051,-0.8739972,-2.0580058,-0.2201291,-2.4343987,-0.25023925,1.2381574,0.97204924,0.11367959,0.105786614,0.09288181,-0.36551997,-0.9694648
ACGAACAAGGTGCGGA-1_atac,-0.14644712,0.19496083,1.0378431,-1.3905036,0.07824288,1.4775741,1.0782812,1.1678865,-0.8749782,1.971992,0.5275345,0.09170081,0.5049081,0.5919119,-0.821486,2.3722315
ACGAACAAGGTTAGCT-1_atac,-0.6857375,0.10808541,-1.3152797,1.7550409,-0.37608674,-0.46963987,1.6996238,-1.0435178,-0.52668715,-0.018944329,-0.67705476,-0.07770476,1.0173045,-1.0843825,0.23700793,-0.25827676
ACGACTTAGCCAGTAT-1_atac,1.4124209,1.9913144,-0.2208278,-0.33212006,1.1987096,-0.8836249,-1.2752687,-1.1250887,1.8028294,1.1747026,1.221127,-1.8120306,-1.5803457,0.14889784,1.8095448,-1.7811059
ACGAGTAAGGATAAAC-1_atac,0.51289994,-0.4512514,-0.023787,-0.39482203,1.4223133,1.9677353,0.33861852,-0.13839933,-0.7782409,-0.85479206,-0.37191516,-0.33541125,-1.5491,-0.36194053,-1.0342053,1.1311665
ACGATTCAGAACCTGT-1_atac,0.27481386,-0.13108936,0.1762124,-0.613845,1.5247684,1.7024742,-0.0645233,-0.46219045,0.6095094,-0.4057819,-1.0397218,-1.3586777,-0.67843276,-0.14403616,-0.6487512,-0.40694675
ACGATTCAGCATTTCT-1_atac,-1.0228171,0.47719252,-0.12315977,-0.39397818,2.1600585,0.21896756,-1.4334018,-0.7181471,0.5059474,2.344019,-1.2045057,-1.4150352,1.3146613,0.28481027,-0.07079348,-0.51267296
ACGCAAGCATAATCGT-1_atac,0.27034575,-0.67073876,-0.044863198,-0.44677502,1.083589,2.2444413,-0.13121314,-0.21305154,-0.10695094,-1.0182836,-0.68586415,-0.68332005,-1.6343389,-0.124959335,-0.52625793,0.93303186
ACGCACGGTACGGGTT-1_atac,1.400381,0.009011032,-1.0897043,-0.931202,-0.60911006,0.28611743,-1.6927651,2.160877,0.26572824,-0.79725254,-0.09818785,1.1358566,-0.10818518,0.11378166,1.2707528,0.5818666
ACGCACGGTTAATGAC-1_atac,0.13925956,0.65240747,0.22082938,-0.8943218,0.70648634,1.7559761,0.26127157,0.0005777965,1.340637,0.2208278,-1.3135293,-1.9257001,0.5245522,-0.22233087,-0.5242873,-1.5986196
ACGCACGGTTACGCAA-1_atac,0.92036444,-0.56746364,-0.39055812,0.83105344,-1.420939,-1.6709508,-0.41354704,0.2163938,0.51275796,0.78253084,-0.0670929,1.2711395,1.9482912,0.8472725,1.6283479,0.9829893
ACGCCTAAGGCGGGTA-1_atac,1.4142932,0.1943029,-1.2298341,-0.88884914,-0.90808487,0.08931016,-1.9038079,1.8082443,0.5291819,-0.90071154,-0.16904119,0.8964492,-0.5826704,-0.1640865,1.2405026,0.17446731
ACGCCTAAGTGAGGGT-1_atac,0.8082102,-0.054809373,0.65848845,0.90625346,-0.3600505,-2.448558,1.1583053,-0.9048016,-1.2662227,-0.65774506,0.1598727,1.3055396,0.2358004,0.9983679,-0.5775389,-0.09016769
ACGCCTTTCATTTGCT-1_atac,1.8064148,-0.20416102,-0.6573187,0.39921036,-1.3641679,-1.6960646,-1.2616111,0.29957646,0.78450686,0.4899022,-0.26300228,1.4846631,1.4018451,0.86763835,1.5904181,0.34251398
ACGCTTGAGCTCATAA-1_atac,0.8563881,0.11900752,-0.43613237,-0.1541579,1.7900732,1.4568437,0.07025454,-0.36645085,0.95523363,-1.6600758,-1.9037887,-1.2624576,-0.8067233,-0.41271108,-0.06757503,-1.4006779
ACGCTTGAGGTCATTA-1_atac,0.5288557,-0.50720894,-1.0748215,0.9059435,-1.2620965,0.8605452,-0.111382954,2.5196497,0.7509056,-0.8173685,-0.06375408,0.6932166,0.27991965,-0.30395967,0.78326595,0.69488174
ACGGGAAGTTTGAGGC-1_atac,1.2459078,0.77735174,0.1811264,0.63630897,-0.9100191,-2.3799875,-0.10000463,-1.5492302,0.390874,0.5684709,0.78782773,0.26173812,-0.32801542,0.24474302,0.29574126,-1.0682386
ACGGTTAGTGTGCAAC-1_atac,0.37708825,0.27472758,0.24683997,0.8080375,-0.35491368,-1.5503074,1.063905,-0.8921451,-1.0691978,-1.1955837,0.6777627,0.6080291,-1.011523,0.12595604,-1.6320403,-0.6753459
ACGGTTTAGCCGCAGT-1_atac,-0.7296951,-0.49252322,-1.6417321,1.8107715,-1.4616883,-0.07448638,0.5689358,0.69411874,-0.13038875,0.41472703,-0.17222041,-0.031466752,1.3256111,-0.6908415,0.70420676,1.1896745
ACGTACCCAATGAAGC-1_atac,0.02020283,-0.46616057,-0.34799248,1.5142004,-1.0303363,-1.5845659,0.99360263,-1.0783933,-0.3106888,0.69733965,-0.32122567,0.8869603,1.9810059,0.32959184,1.060896,0.6970751
ACGTCCAAGCAGCTAT-1_atac,-0.18298678,0.14351088,0.53633696,-0.8144473,-0.044561002,1.6731042,0.011398381,0.5881034,-0.5138629,-1.0667881,-0.21871606,-0.9130423,-1.4620364,-0.63407505,-1.2193986,0.832805
ACGTCCTTCAAAGGCA-1_atac,0.18448126,0.5635431,1.3272479,0.30547675,3.275423,-1.3342854,-1.5592258,-0.6540859,-0.23487194,1.8746849,-1.1638038,-0.41765463,0.84502214,2.695968,0.68595165,0.26243144
ACGTCCTTCCTAATTC-1_atac,0.5554111,0.588287,0.53202516,0.40342325,-0.2979946,-2.244028,0.026891127,-2.1603227,-0.878051,0.36737606,0.83877945,0.6878424,0.03672526,0.28278175,-0.88829243,-1.1233894
ACGTTGTAGGCGCTAC-1_atac,0.5003868,-0.07618082,-0.022440132,-0.1775607,-0.5181,2.2090254,-0.44816762,1.7371489,-0.033957355,-1.9043114,-0.2883243,-0.051487964,-1.8495781,-0.85297525,-0.3729062,0.12587644
ACTAACCAGCACAGAA-1_atac,1.3792819,0.42818972,0.5106024,-0.812696,1.0092714,1.0604265,0.30886275,0.40908894,1.427298,-2.630492,-1.4588044,-0.6997826,-0.64506876,-0.21004753,0.4899503,-2.1258912
ACTAACGGTTACGCGG-1_atac,-0.51776606,0.27329192,-2.0467186,1.5010731,-0.9340969,-0.66733336,-0.25003132,-0.2870656,0.6564683,0.6990045,-1.4176975,-0.40406346,1.1251856,-0.750583,1.9945177,0.1974144
ACTAACTCAAGGTGCA-1_atac,-0.30235314,0.54734683,-0.23724465,0.94854033,0.45348966,-0.34600568,1.5648228,-1.1971079,-0.9169788,-1.0597792,0.490829,-0.2850147,-0.94833386,-0.7953008,-1.6746808,-1.1478206
ACTAATCCAGGTATTT-1_atac,-0.40802574,-0.1520094,-1.1033996,1.8034893,-1.3718164,0.06084027,0.86494094,1.3378364,0.12427632,0.5033662,-0.46102822,0.34208134,1.1754913,-0.04954998,0.94244415,1.3003225
ACTAGGCGTACTGAAT-1_atac,-1.2300173,-0.081384435,-1.7108939,1.3085811,-1.3322508,1.1696433,0.03356891,1.5715604,0.5662888,-0.3850058,-0.5135726,-0.5563947,-0.08817206,-1.4251485,0.4664261,0.04593602
ACTATCCGTAGGATTT-1_atac,-0.50758547,-0.055127613,0.8954364,-0.8793435,0.7754415,1.441106,-0.16665724,-0.32749772,-0.18189931,2.6005743,0.18526973,-0.1746388,0.7002311,0.5135687,-0.43154812,1.8674349
ACTATCCGTTCACTGT-1_atac,-0.26961336,0.03847908,-1.2545758,2.000049,-0.8913046,-0.9050447,1.1493709,-0.69470775,0.09101992,0.20262922,-0.5628985,0.064279586,0.7806248,-0.66505384,0.73178506,-0.1546638
ACTATGTCACCGGTAT-1_atac,-0.38955936,-0.07582566,-1.0647113,2.1186423,-0.7737558,-0.5748438,1.7479966,-0.39431363,-0.2743191,-0.75300425,-0.3022798,0.23532757,0.3766876,-0.84976095,-0.5062464,-0.053777587
ACTATGTCAGTTTGTG-1_atac,0.11094751,0.6762562,1.0842422,-1.1891723,0.40468895,1.3258163,1.0982764,1.089999,0.46354672,1.858936,-0.30370018,-1.3426343,0.7121017,0.57567817,-0.9935236,0.01522149
ACTCAGTAGCTTAACA-1_atac,-0.3652466,-0.027577953,-0.50680774,1.3664228,-0.8981968,-0.52368355,1.4066185,-0.40570948,-1.1924992,-0.90259147,0.6322287,0.051570393,-0.74479216,-0.7214013,-1.7497132,-0.4647779
ACTCAGTAGGAAGCAC-1_atac,1.7353535,0.3798019,-1.3050138,-1.3494556,-0.19771428,-0.5042096,-2.1637096,1.1519693,0.35281655,-0.7781974,-0.64211977,0.96295726,0.020112803,0.18122952,1.9362613,0.22679645
ACTCAGTAGGCATGTT-1_atac,-0.6695961,-0.105019405,0.94678,-0.9004451,0.94520915,1.3538822,-0.21372458,-0.21437417,0.57333815,1.9683241,-0.33519706,-1.0859984,0.5678736,0.6430858,-0.59307915,0.6379746
ACTCGCGCAAGGAATC-1_atac,-1.3721442,-1.4316285,1.4530584,-1.5702251,-1.5296831,-0.45953378,-0.74646205,0.10867548,1.8262074,-0.5504628,1.5939252,0.5816706,0.3340946,0.050907303,0.13160172,-0.5403491
ACTCGCTTCATGAAGG-1_atac,-0.44582838,-0.3307788,-1.4169176,1.5662944,-1.6563901,0.68754077,0.76844406,1.5455103,0.54499996,-0.58548105,-0.44633085,-0.056688786,0.1671388,-0.91560155,0.6482473,0.11988813
ACTGAAACATAAAGCA-1_atac,0.08247268,0.43375385,-1.0395747,1.4830625,-0.9964541,-1.2190015,0.49192083,-1.4746397,0.005546972,0.37441647,0.3390103,-0.036745403,-0.1849036,-0.8315784,-0.02109325,-0.9846544
ACTTACTTCAGGGCCT-1_atac,0.064589985,-0.6593925,0.14442927,-0.6117504,1.1844664,2.091914,0.06493877,-0.23003003,-0.25039604,0.64623827,-0.36321542,-0.4861003,-0.6973579,-0.03720561,-0.8267038,1.3411863
ACTTACTTCATAGCCG-1_atac,-0.9902317,-0.14372706,-1.4890147,1.7044537,-1.5068493,0.82042915,0.97257084,1.6614429,0.03627143,0.05487033,-0.36224145,-0.5082888,0.5729995,-0.7380211,0.26137748,0.7570348
ACTTAGGGTAGGTTTG-1_atac,0.5138227,0.31387967,0.19364081,0.86504394,-0.7044673,-1.7831975,0.9473294,-1.1051267,-0.5923569,-0.3868989,0.6714771,0.59829235,-0.31906605,0.15273069,-1.1536134,-0.6539019
ACTTAGGGTAGTAAGA-1_atac,-0.34318462,-0.20803848,-0.7317612,1.1213199,-1.4371517,1.47767,1.0686905,2.1341662,0.22544774,-1.161201,-0.20428409,-0.4104918,-0.6989098,-0.83907574,-0.23059618,-0.18648158
ACTTAGGGTAGTTGGC-1_atac,0.2366206,0.01893751,-1.5135616,0.71434736,-1.0157334,-1.178926,-1.8287277,-0.37875107,1.0247163,0.8582336,-1.0272236,0.32041997,1.4491166,-0.42370525,2.218072,0.16586141
ACTTCGCTCGTAACGT-1_atac,0.053932,-0.2877791,0.8017327,-0.81481767,1.4174585,1.5322008,0.16727194,-0.47784388,-0.40081215,1.5454842,0.0043402594,-0.34317267,-0.019434707,0.34290102,-0.813825,1.3565124
ACTTCGCTCTAAGGTC-1_atac,-0.20779501,-0.157368,-0.6929229,1.230678,-1.2230481,0.554045,1.5571961,0.9012283,-0.5086266,-1.4594837,0.3131414,0.46653455,-0.7559251,-0.873049,-1.2364461,-0.67750907
ACTTGAATCCAAGTTA-1_atac,-0.26308817,-0.002690522,0.8315521,-0.96371776,0.508344,2.1817548,0.43964413,0.76124907,-0.30472574,-0.42268813,-0.05963529,-0.42030498,-1.0909709,-0.115825534,-1.4419485,0.86725897
ACTTGCACAACCTAAT-1_atac,-0.39684683,0.32541692,-0.51123244,1.3168242,-0.21333613,-0.25468335,1.4577297,-0.9107449,-0.91288406,-1.0292968,0.51405203,-0.08812222,-0.85798514,-1.0415322,-1.7329125,-1.0464926
ACTTGTCGTACCGTAA-1_atac,0.14844434,-0.47853705,-1.0523016,0.9751836,-0.826874,0.3520214,-0.07929674,1.9066854,0.25519466,-1.0159814,-0.4428895,0.4222339,0.8160577,0.045033857,1.0950351,0.71085477
AGAAACCCATAATGTC-1_atac,0.6254711,-0.6595412,-1.1170523,0.7986363,-1.5387412,-0.7068339,-1.2015442,0.9844992,1.0757656,0.018485436,-0.0034391994,0.9741111,1.1322749,0.18412708,1.8346953,1.1361859
AGAAAGGCATCCATCT-1_atac,-0.29054427,-0.039145023,0.07751816,-0.55749184,1.5937331,1.3857142,-0.67629814,-0.6426448,0.8936792,0.96962494,-1.2329935,-1.5424575,0.34973112,0.18973151,-0.33912426,-0.41761398
AGAACAAGTCCTTCAG-1_atac,-0.16303484,-0.0013062013,-0.7194311,1.6763557,-0.27331656,-1.2136979,1.6036177,-1.2900612,-0.89474434,-0.24954614,0.050534956,0.062191907,0.22705342,-0.2719536,-0.80168015,0.05143054
AGAACCAAGCCGGTAC-1_atac,0.8272029,-0.27796885,-0.1263627,-0.38932365,1.5376873,1.8627702,0.37243456,-0.5086043,0.021686519,-1.9473981,-1.0066917,-0.500601,-1.4722453,-0.56557214,-0.10953742,0.33187252
AGAACCAAGGACACTT-1_atac,0.14604652,0.24251357,-0.567639,1.628182,0.3269329,-0.3698732,2.2237642,-0.49444386,-1.0795764,-0.92392796,-0.39652318,0.032094497,0.0023407647,0.21681173,-0.66044855,0.09581442
AGAACCGCACCTAATG-1_atac,1.0251695,-0.1872311,-0.59169227,0.15613584,-1.493868,-1.7393063,-1.3106896,-0.55788517,0.8046714,1.1504766,-0.07422347,1.0401895,1.8522341,0.44346362,1.1944078,0.4976518
AGAAGGTGTAACGGGA-1_atac,-1.3699216,0.14274812,0.623163,-0.5555748,1.4650351,0.6706974,-1.7042987,-1.1365205,0.4222885,2.5200732,-0.35587513,-1.0706241,0.9444313,0.40534812,-0.16940466,0.08182201
AGAATCTGTACTAAAC-1_atac,-0.4524512,-0.7175743,0.79586273,-0.53034604,-1.3514836,0.38641217,-0.19673356,0.55263287,0.4659448,-0.7331364,0.90742546,0.48545596,-0.2778966,-0.0043049133,-0.02873279,0.08304432
AGACAATAGGCCTTAG-1_atac,0.87419647,-0.4377448,-1.5059161,0.2911653,-1.1064758,0.28533623,-1.4331499,1.695849,0.40139794,-0.49585482,-0.23644657,1.1219407,0.7285135,-0.09125992,1.5955027,1.2843877
AGACCCGGTAAGCACC-1_atac,0.64861536,0.20789233,0.7285593,-0.74131185,0.5158238,1.6528848,0.47275463,1.1297112,0.35979658,-2.0428634,-1.1218015,-0.6770226,-0.993338,-0.20165105,-0.5156787,-0.670026
AGACTATGTATGGTGC-1_atac,1.1718907,0.18058528,0.91332346,0.5057197,-0.7872216,-1.5746915,0.52607363,-0.58154035,-0.7129782,-1.2603997,0.7752911,0.8468231,-1.1351241,0.4087474,-1.4750803,-0.99582446
AGAGAAGCATAGCTGC-1_atac,0.46400976,-0.69329053,-1.1448427,1.1647431,-1.6857547,-0.16514573,-0.5454573,1.346925,0.7327111,-0.40731293,-0.14065266,0.92720544,0.82350373,-0.21035886,1.3678535,0.53826034
AGAGATTAGTCATGCG-1_atac,-0.018258492,-0.088972755,-0.5081487,-0.31497356,1.20702,1.7904078,-0.2881957,-0.9401365,1.2914658,-0.023887735,-1.7448127,-1.9979799,-0.28544876,-0.5435731,0.03609244,-0.7586681
AGAGGAACACGAATCC-1_atac,-0.83325386,-0.2900067,-1.8876882,1.7470458,-1.449459,0.7459085,0.5863941,1.4304615,0.46584186,-0.13015848,-0.7556956,-0.2047372,0.61565304,-0.8554805,0.85338897,0.60064495
AGAGGAACACTTACAG-1_atac,0.1350475,0.3799537,1.6790926,-1.0569848,1.6649123,0.826671,0.45392814,-1.0358193,0.7136193,1.305032,-1.1436394,-1.083909,0.8498817,0.5494489,-0.49162793,-1.22812
AGAGGAACAGCTTAAT-1_atac,-0.6301869,-0.29186252,-1.4119802,1.3069144,-1.4390439,1.0934329,0.7117634,2.0806346,0.32384062,-0.24625096,-0.2535313,-0.25379512,0.4650337,-0.8502207,0.6579011,0.7666823
AGAGGATGTTAACAGT-1_atac,-1.0314367,0.17838243,0.19382577,-0.33265835,2.3273358,0.31580633,-1.462762,-1.385169,0.2704948,2.3635166,-1.0632457,-1.292773,1.1032438,0.27360848,-0.13730267,-0.47227052
AGATGAAGTAATAACC-1_atac,-0.20712699,-0.3070533,-1.0053064,1.2740173,-1.2359656,0.3341392,0.62580806,1.7519397,0.63859946,0.21923622,-0.09483912,0.3942518,1.1760298,-0.27752998,0.9641849,1.061585
AGATGAAGTACGTTTC-1_atac,-0.029313155,-0.02801729,0.22013699,-0.94792145,0.48382676,2.092081,0.35327655,1.2751732,-0.05804172,0.6953431,-0.1532247,-0.5220502,-0.34688136,0.03764955,-0.7603246,1.4642
AGATGAAGTGTAACCA-1_atac,0.40614533,0.010520091,0.72714674,-0.73441917,0.528126,1.6394739,0.36898717,0.6025174,0.107263006,-2.2834492,-0.7355007,-0.9367926,-1.5925626,-0.45987937,-0.8104125,-0.27599
AGATGAAGTGTCCAAA-1_atac,-0.9025074,-0.44664255,-1.5051703,2.096203,-1.629869,0.2659932,1.3324476,0.5427039,0.12790345,-0.09903428,-0.35771343,-0.13724145,0.57341486,-0.97874814,0.48897833,0.6962923
AGATGAAGTGTCCAGG-1_atac,0.7435828,-0.70599204,-0.86009216,1.2444631,-1.6826794,0.3902986,-0.18659393,2.0335472,0.93725914,-0.85144854,0.21792626,1.1146443,0.06981152,-0.22980827,0.7813018,0.47281107
AGATGAAGTTGGTTCT-1_atac,-0.7291961,0.17437045,-2.1302395,1.7075458,-1.0126865,0.8092124,0.39166328,0.95521283,0.715186,-0.14995472,-1.0275587,-0.755432,0.44205445,-1.4713637,1.1774778,-0.29362822
AGATGCTTCGTTCACC-1_atac,1.5794044,0.94335,-0.5593346,-0.6324287,1.338581,0.95886135,-0.16301738,0.08335472,1.3460662,-1.5010201,-1.8359786,-1.4262695,-0.7927589,-0.4478606,0.6644682,-2.0334134
AGCAAATAGCCAGTAT-1_atac,0.39063424,0.38141525,0.25393775,0.41486475,-0.7252991,-2.21188,0.06977534,-1.8993555,-0.59848994,0.15768382,0.9687543,0.5710229,-0.32615572,0.013499837,-0.8945817,-0.9268398
AGCAAATAGGTGTTAC-1_atac,0.67120284,0.3696663,0.17962225,0.8604066,-0.70547587,-1.6774158,0.5970624,-1.0917774,-0.25416085,-0.63747096,0.79473007,0.595476,-0.7145454,-0.096948296,-0.9362114,-1.0914322
AGCAATTGTGGGTACT-1_atac,-0.8310268,-0.02481755,-1.8390876,1.3474151,-1.3737792,0.90681297,0.14258017,1.6951361,0.78981817,-0.029497303,-0.70083773,-0.66818684,0.2931699,-0.97730434,0.8934649,0.31909245
AGCACAGCAAGGGTTG-1_atac,-0.17034097,0.18107495,-0.46744612,1.3790572,0.0030709994,-1.3165979,1.2468609,-1.8827862,-1.1678866,-0.18949029,0.25698924,0.3493895,-0.031727776,-0.43912643,-1.0601655,-0.508799
AGCACAGCATACTCCT-1_atac,-0.23219965,0.38597956,-0.4205821,1.3610121,-0.1681408,-1.0006375,1.4901354,-1.0988908,-1.5128404,-0.7402286,0.33434427,0.10195638,-0.45517367,-0.6093878,-1.2799491,-0.7217144
AGCACAGCATTCCTGT-1_atac,-0.13539779,0.34519762,-0.229774,0.8183807,-0.5369728,-0.17548023,1.230501,-0.11650717,-1.5117754,-1.3336728,0.97911745,0.285066,-1.0561626,-0.7975826,-2.3443828,-0.8345425
AGCACTTAGTTAGCCG-1_atac,-0.7265072,-0.12558763,-1.7539166,1.9942087,-1.2258989,0.574788,0.9426706,1.0153244,0.5415708,-0.46507955,-0.79425645,-0.41406316,0.054232094,-1.1964877,0.57897484,0.14105749
AGCCAGTGTAATGACT-1_atac,-1.6320654,0.8645496,1.1181016,-1.5038662,0.38838103,-0.36670008,-1.5458493,0.34908852,1.3588308,2.5225248,-0.005970479,-1.308292,1.6567105,1.5165896,0.12011158,-0.42819935
AGCCGGTTCCTTCTAG-1_atac,-0.92624664,-1.1996433,1.6798046,-1.7094703,-1.8104749,-0.33182123,0.16266064,0.37473118,1.3142043,-1.1228598,1.5210471,0.7677741,-0.60156715,0.29566294,-0.66652304,-0.13684642
AGCCGGTTCTGCAACG-1_atac,-0.49744925,-0.10228707,-0.9120025,1.7218299,-0.4454293,-0.9033462,1.4477252,-1.3892673,-0.97985387,-0.33314043,0.25004792,0.13629988,-0.02589073,-0.6936592,-1.0022026,-0.21510315
AGCCTAAGTGCTTACT-1_atac,-0.20482431,0.69607145,0.84650797,-1.4476612,-0.26130491,1.6782248,1.1063702,1.3683733,-0.120357275,-0.1693515,-0.37616515,-0.87279063,-0.24690905,-0.044421084,-1.282561,0.46885666
AGCCTAGTCTTTGACT-1_atac,0.9427193,-0.24727528,-0.9959748,0.33874032,-1.0154115,0.39795786,-0.49586222,2.177011,0.19692945,-0.57838446,0.28418896,1.376826,0.2578398,0.16591464,0.81789523,1.0348982
AGCCTGGGTAACCAGC-1_atac,-0.5023932,-0.52781564,-0.930545,1.4520622,-1.7362974,0.6461715,1.2939051,1.3158642,-0.30909654,-1.0656474,0.15181223,0.024392474,-0.052058045,-0.5792496,-0.7450233,0.63864154
AGCCTGGGTAGCTGGT-1_atac,-0.79029566,-0.23274067,-0.066128425,-0.39121047,1.7538258,1.3634984,-1.334355,-0.9647257,0.02341931,1.6435148,-0.6563813,-0.98168063,0.058589745,-0.007971065,-0.31232655,0.22720446
AGCCTGGGTTAGTTGG-1_atac,0.50849235,0.16273005,0.22783248,0.83646953,-0.9131122,-0.8770992,1.1014391,0.29390645,-0.873261,-1.3638276,0.81864613,0.582953,-1.0830144,-0.046396583,-1.7884175,-0.6714005
AGCGATTTCGTTCACC-1_atac,0.52262896,0.87207425,2.2116144,0.2767008,3.8197255,-1.5262253,-1.0453582,-0.96736646,-1.595069,-0.03693181,-1.1144397,0.33286116,0.22725438,2.571529,1.5254346,-0.35987613
AGCGATTTCTGCAACG-1_atac,0.8351286,-0.07840395,-0.71948284,0.22785099,-0.99360645,0.8900897,-0.43904194,2.2505596,-0.1690816,-1.0466989,0.037123173,0.7580422,-0.5500603,-0.2385279,0.16687784,0.31136167
AGCGCTCAGGTCCTAG-1_atac,1.2007719,-0.46027806,-1.3914686,0.6858982,-1.0688826,-0.012387339,-1.2994144,1.4381391,1.1678462,-1.0390341,-0.2201389,1.0378416,0.31073123,-0.14494768,1.6208063,0.19678643
AGCGGATAGTTACTTC-1_atac,-0.3834623,0.51952475,1.0403341,-0.9775651,0.54503614,1.5552313,0.8057515,0.23570287,-0.98097944,1.2818562,0.21545878,0.31150714,0.39214328,0.33098227,-1.0240391,1.3523245
AGCTACGTCCGCTAGA-1_atac,-0.5171385,-0.14670293,-0.73766285,1.9562937,-1.12873,-0.5026009,1.828084,-0.4153339,-0.2022188,-0.19022362,0.17648135,0.14450504,0.33596987,-0.72897243,-0.2935794,0.24800226
AGCTAGTTCCGTTATT-1_atac,-0.2573319,0.30558902,0.52761704,-1.1295145,0.45936954,1.5527349,0.62038577,0.7246157,-0.77044976,1.6970553,0.43704373,-0.04800485,0.35662255,0.03753251,-0.8294622,2.3527265
AGCTATATCGCACAAT-1_atac,-0.3172708,-0.31148148,0.6417182,-0.61988133,2.136542,1.2954458,-0.80717003,-1.0111488,-0.34369802,1.8244828,-0.2019097,-0.4919739,-0.039512727,0.31493342,-0.49587423,0.62702006
AGCTATATCGGCCAGT-1_atac,0.3262818,0.41820383,0.73586214,-0.20406948,2.8632178,-0.36996868,-1.4490074,-0.9814272,1.3086084,-1.0653728,-1.9843032,-1.4936783,0.008485304,0.66349345,0.5346089,-1.8239884
AGCTGCTCATGAAATG-1_atac,0.08466296,-0.18378529,-0.10527424,-0.8936944,0.093674175,2.019054,-0.23479952,0.24756637,-0.6187797,-0.8930145,-0.41133103,-0.3891302,-0.90267706,-0.44449213,-0.8673628,0.34686917
AGCTTCCTCAATGAGG-1_atac,0.94001114,-0.37833497,-0.06626311,-0.32480973,1.4856113,1.8214773,0.30742097,-0.91518885,0.55916333,-1.696917,-0.93047124,-0.8919611,-1.4843917,-0.35042349,-0.14980349,0.02738801
AGGAAACGTCAAACTG-1_atac,0.8697474,-0.14229266,-0.7374166,0.20716347,-0.6592942,0.8484758,-0.30689102,2.0143604,-0.18421613,-1.1355209,0.24706794,1.0784044,-0.050883282,0.24295539,0.56114185,0.5415108
AGGAAACGTGGTTATG-1_atac,0.80058956,-0.62584096,0.15827352,-0.18934794,2.5001636,1.3481587,0.5041246,-1.157033,-1.0420507,-1.1122656,-0.55195737,-0.143191,-1.4184833,-0.08583974,-0.54554486,0.8783389
AGGAACGGTTGGTTCT-1_atac,1.0012268,-0.020224731,0.6336061,-0.25561243,3.508587,0.5834262,0.055081747,-1.2270653,0.24248195,-1.110236,-1.254956,-0.19223483,-0.0016525267,0.14657679,0.16866724,-0.9935195
AGGACTAAGGCGGATG-1_atac,0.5849202,0.8911458,-1.2422538,-0.32815167,1.7684689,0.9610276,-0.7975869,-0.6672596,1.3703194,0.13754858,-1.3344033,-2.2795079,-0.6438964,-0.80973244,0.7253317,-1.4324871
AGGACTAAGTTGCCTC-1_atac,-0.43813878,0.27140224,0.7237429,-0.94345856,-0.113979936,1.7020845,0.8603148,0.9189428,-0.74489135,1.6176504,0.3701375,-0.69479376,0.20666054,0.041155163,-0.86608005,2.309189
AGGAGCTAGAACCTGT-1_atac,-0.4982712,0.6273402,0.9901372,-0.8382519,-0.46508148,1.5426315,1.3943129,2.1137102,-0.6230649,-0.86565936,0.8438953,-0.059788898,-0.8913769,-0.26696756,-1.278166,0.29263225
AGGAGCTAGATGGAGC-1_atac,0.7425021,0.531507,0.019621057,0.83923084,-0.71343225,-1.2586228,0.7792522,-0.8460695,-0.12695536,-0.6019673,1.0950772,0.44074053,-1.2839149,-0.01235757,-1.0903625,-1.0136096
AGGATGCAGGCTAATC-1_atac,1.7622937,0.07970465,-0.000822091,-0.30392104,2.175213,0.98573995,-0.3511215,-0.10962556,0.34679687,-2.2368183,-1.8055104,-0.6376203,-0.8787725,0.17499477,0.23754537,-1.356582
AGGATGTCAGCAAATA-1_atac,-0.06619211,-0.12155751,0.27672604,-0.69739836,0.362891,2.5661368,0.56856245,0.18621902,0.48007458,-0.5065376,-0.8697188,-1.1598868,-0.64629424,-0.33977577,-0.9429541,-0.09773038
AGGATTGAGGCTATGT-1_atac,0.60173655,0.60994416,0.43775177,0.63950586,-0.33778113,-2.2238503,0.33849892,-2.1214192,-0.16831337,0.79476774,0.7809955,0.43601316,0.21534939,0.40775976,-0.53788733,-0.7370591
AGGCAATCATGAGTTT-1_atac,-0.90384376,-0.4296645,-1.93722,1.7387539,-1.5726998,0.4732668,0.034052927,1.3844806,0.25796193,0.3367655,-0.31077188,-0.18720272,1.0067201,-0.6922912,0.7790257,1.0391139
AGGCGGATCGCTAGTG-1_atac,-0.18084481,0.49568897,-0.4190282,1.3094695,0.3019594,0.13815287,1.8596766,-0.91897434,-0.59251916,-1.4255772,0.020503178,-0.14793701,-0.7812612,-1.0067787,-1.4431518,-1.2351806
AGGCTAAAGTATTGTG-1_atac,-0.59941816,-0.15519978,-1.4105421,2.1705673,-0.84586424,0.021757897,1.7799848,-0.12450975,0.20256619,-0.34914428,-0.5675719,-0.18735254,0.6393816,-1.2420778,0.16626537,-0.32158688
AGGCTAAAGTCTATGA-1_atac,-0.2217308,-0.31980336,-1.47818,1.758432,-1.5790433,0.58672225,0.56002676,1.5455375,0.6841783,-0.5336089,-0.4284202,0.26649794,0.31630212,-0.7293687,0.71704286,0.27939326
AGGCTAGCACAATACT-1_atac,-0.8197409,-1.2536538,1.3996549,-1.0937085,-2.083647,-0.051706467,0.09572751,0.84929025,1.3821161,-1.0974447,1.2955225,0.8233684,-0.7909489,0.23437335,-0.6063252,-0.17975396
AGGCTAGCACCTGTAA-1_atac,0.2747072,0.117323674,-0.25225925,1.171596,-1.1122833,-1.5528678,0.84124285,-0.82270265,-0.8139282,-0.47929174,0.41023424,0.48372135,-0.28486076,-0.12561083,-0.9998276,-0.4242783
AGGGCCTTCACGCATG-1_atac,-0.3153606,0.58672225,-0.4859777,1.2553346,0.059510924,-0.4802453,1.4737723,-1.3082949,-0.78157675,-0.74439317,0.42150456,-0.03206437,-0.4500739,-0.98114246,-1.460974,-1.3552451
AGGGCCTTCAGGAAGC-1_atac,-0.21521714,0.67611927,-0.7271531,0.96717983,0.07016677,-1.2736937,0.67911625,-2.2384398,-0.7501817,0.2857233,0.12210128,-0.2997343,-0.23586617,-0.83928186,-0.57066596,-1.0830735
AGGGCTACAGAATGAC-1_atac,-0.085080914,0.66888714,0.31601033,-0.7174826,2.0881693,0.75912845,-0.867305,-0.5080286,1.4106169,0.15562735,-1.5410031,-1.8581569,0.56464726,0.010104238,0.17121352,-1.9755256
AGGTAACCAGGCTAGA-1_atac,0.3231445,-0.66719604,0.65578014,1.2647943,-0.86782706,-1.2681096,1.6383339,-0.15542239,0.46365955,0.34789786,-0.19008769,1.2798529,1.8603237,0.6167851,1.1414515,0.5662361
AGGTACGCAGCCAGAA-1_atac,-1.9466121,0.3231621,1.4566563,-1.4220723,0.60465145,-0.14042506,-1.5364008,0.12569101,1.0118454,2.4395053,-0.28477806,-1.1565791,1.4413933,1.6270741,0.14862637,-0.21816407
AGGTATTGTGCTAGCG-1_atac,1.1549875,0.060596872,-0.98244524,-0.6971587,-0.77681696,0.8102072,-1.1896578,2.49108,0.051365264,-1.1366992,-0.051121093,0.99645275,-0.4451365,-0.26255983,0.7608829,0.46995172
AGGTCAAAGGCAAGTA-1_atac,-0.2986763,0.59853673,0.47448555,-1.0986679,0.4085388,1.2621061,0.3006546,1.5135045,0.69373727,2.0660532,-0.15773185,-1.263835,0.7137803,0.8084159,-0.5851188,0.26554188
AGGTCATTCAAGCTAC-1_atac,-0.86264443,-0.97036886,1.6233433,-1.1680439,-1.676134,-0.6994999,0.7292677,0.3218146,1.3052266,-1.2000358,1.2725631,0.46501887,-0.42603993,0.3271428,-0.89980245,-0.66091764
AGGTCATTCTTGCAAA-1_atac,1.121549,0.26207364,0.48785105,0.8553926,-0.6389382,-2.0642614,1.2321354,-0.6034347,-0.12118888,-0.6302903,0.72156984,0.84080005,-0.47124022,0.6566719,-0.9556643,-0.45519888
AGGTCCGGTTAGCGTA-1_atac,0.04341116,0.28669825,-1.3936248,1.901377,-0.6990581,-0.62890375,0.89480436,-1.1569401,0.71720797,0.2963181,-0.35841846,-0.07695456,0.091945305,-1.1555046,0.91304517,-1.0096184
AGGTCTTAGCAGCTCA-1_atac,0.9065718,-0.34977424,-0.88733065,0.022995558,-0.99498564,-0.13562267,-1.5045208,1.9539878,0.30397448,-0.20032796,0.0032102058,1.493933,0.89173526,0.6080625,1.422199,1.603211
AGGTCTTAGTGGACAA-1_atac,-0.85491997,0.07296219,1.1298018,-0.91056323,-0.6165715,1.9973348,0.67108196,1.3181007,0.080601655,0.24598986,0.09601143,-0.90751773,-0.3423842,-0.24086939,-1.2972356,1.1269765
AGGTGAATCTAATCTC-1_atac,0.6945081,0.13673463,0.54981536,-0.13743915,2.717311,-0.22372314,-1.3159281,-1.3299245,0.9792258,-1.5604228,-1.8928375,-1.3912671,-0.6234533,0.5861768,0.47176504,-1.47225
AGGTTAACAGCAAGTG-1_atac,-1.0331568,-1.3393945,1.754113,-1.5998621,-1.5484772,-0.3067766,-0.47811005,0.3860888,1.4771922,-1.0996746,1.6141031,0.68612283,-0.35304227,0.11887049,-0.34883893,-0.61510867
AGGTTAACAGGTCCTG-1_atac,0.23179105,0.6112943,0.010726066,0.58920306,-0.43679404,-0.7491238,0.8225381,-0.6841966,-0.602904,-1.1088231,1.0069191,0.3018129,-1.2411157,-0.6059076,-1.5879438,-1.4463255
AGGTTAACATGAGCAG-1_atac,-0.16492131,-0.21650335,0.029588196,0.66224086,-1.3163639,-0.14115801,0.9042119,0.42110905,-0.8026714,-1.5346636,1.0049338,0.51328176,-1.0167806,-0.58546805,-1.8830895,-0.8089677
AGGTTTATCACTCAAA-1_atac,0.37261274,0.44294629,-0.26756495,-0.21579264,2.0469189,1.4956186,-0.027652115,0.13869143,0.08927374,1.2133964,-0.4004138,-0.5992597,0.9720349,-0.06196968,-0.4840678,-0.7673283
AGGTTTATCTTAGTCT-1_atac,0.14131574,-0.55740243,0.15664528,-0.3275059,2.2422442,1.4872816,-0.43702382,-1.2987664,-0.36401728,0.0014901327,-0.5721952,-0.43640545,-0.85959804,-0.15718667,-0.6623691,0.5454236
AGTAAACAGCAATAGG-1_atac,-0.07261219,0.07957651,0.1740913,-1.2012534,-0.28292018,1.731097,0.5320582,0.89598036,-1.187646,1.5035119,0.23894256,-0.057622824,-0.06804382,-0.11465344,-0.8731776,2.561686
AGTAAACAGCAGGTTT-1_atac,0.7935139,-0.59860265,-0.16701317,-0.48499972,1.7196492,1.9249057,0.5302024,-0.4049413,-0.91577965,-0.21333374,0.049042355,0.14124319,-1.2030516,-0.13237873,-0.27919784,1.6534789
AGTAACACAGCTTAAT-1_atac,0.5442674,-0.6264251,-0.029809998,-0.43323895,1.734458,1.9810667,0.40089563,-0.72883934,-0.8697946,-0.095669456,-0.26994607,-0.13284054,-1.0258108,-0.13279083,-0.7773147,1.2445266
AGTAACACATCGCTTT-1_atac,-0.46024626,0.19598642,-1.8228208,1.4821986,-1.1129626,-0.85681784,-0.60246515,-0.4875564,0.68963027,0.9283917,-0.9074835,-0.34878123,1.1219136,-0.8831961,1.8311665,-0.15597613
AGTAACGAGACACCGC-1_atac,-0.4934201,0.42135113,0.47884232,-0.4600931,0.83572346,1.6107353,0.24603786,-1.048473,1.4118358,-0.009929499,-1.5892886,-2.0357444,-0.43093255,-0.55707514,-0.20709622,-0.65082204
AGTAACGAGAGAGCCG-1_atac,-0.5341528,-0.24436137,0.7088436,-0.55437785,1.8519596,1.0548946,-1.1038551,-0.98010314,0.2640187,1.6208811,-0.67777854,-1.0072842,0.3981406,0.6756167,-0.23738563,0.2963211
AGTAATGCAACCTGGT-1_atac,-0.29102722,0.3600842,-1.6768634,0.9801284,-0.5762947,-1.1882995,-0.8003678,-0.77618605,0.4690008,0.9835063,-1.5217559,-0.098827526,1.9460893,-0.5470097,2.2780116,0.2998075
AGTACGCGTTAACGAT-1_atac,-0.32846737,0.4243858,-1.1654176,1.5513502,-0.2505696,-1.1526723,0.92626715,-1.8633938,-0.9449111,0.12070654,0.11859487,-0.1730569,0.006407082,-0.9732815,-0.38179308,-0.5809001
AGTAGCTTCATAGACC-1_atac,0.6273224,0.44510216,-0.20915806,-0.5604317,0.0011004177,1.7580607,0.24435996,0.9381578,-0.26931536,-0.65241086,-0.96939176,-0.6547189,-0.93805104,-0.4801203,-0.4178375,-0.6166953
AGTAGCTTCTCCATAT-1_atac,0.33833253,-0.035358004,0.2401607,0.7959455,-1.017777,-1.534229,1.1634527,-0.6352965,-0.7899259,-0.7157795,0.94607043,0.6402532,-0.48704466,0.26228693,-1.6660669,-0.17032743
AGTAGCTTCTGTGAGT-1_atac,0.219007,-0.48879546,-0.003647243,-0.3878549,1.0018148,2.1325245,0.5393905,-0.7689239,-0.18058328,-0.7362464,-0.47225964,-0.6670761,-1.4309486,-0.36166874,-0.68822,1.3823158
AGTCAAGAGTCATTAG-1_atac,-0.81357163,-0.412889,1.9093704,-2.1155193,-1.3205204,-0.57721716,0.5408475,0.68009436,1.255251,-0.88768554,1.4674695,0.24606556,-0.25120524,0.48117593,-0.8518034,-0.44889668
AGTCGCATCATGCTAA-1_atac,-0.39176562,0.3732694,-0.38822335,-0.6236138,1.3955531,1.4419117,-0.46341395,-0.64553684,1.0957931,1.4341652,-1.1247169,-2.0123763,0.6835744,-0.46175483,-0.35597226,-0.98603755
AGTCTTGCAATTATGC-1_atac,1.5163072,-0.3341056,-0.50840694,0.19226655,-1.2855527,-1.6727785,-1.3725263,0.30699635,1.0399455,0.5872308,-0.08158457,1.5056812,1.5872381,0.7617087,1.8748666,0.76520324
AGTCTTGCACAAAGAC-1_atac,-0.25391653,0.24912049,0.98512053,-1.6751328,-0.0155494185,0.8195828,0.3136945,0.47054467,-0.52325606,2.686545,0.6470149,0.25297633,1.2308536,0.6763942,-0.44987345,2.6934166
AGTCTTGCATTGTGGC-1_atac,0.66577727,0.30098796,0.52388185,0.6896807,-1.0082117,-1.7028598,0.74677557,-0.36386085,-0.044367947,-0.81183666,1.2275064,1.0675085,-0.39603388,0.07164797,-0.65539044,-0.97547644
AGTGAGTCAGCACGTT-1_atac,1.4292719,1.2004774,0.34032643,0.36595708,-0.4441843,-1.0604137,0.94840187,-0.11808056,1.8916706,0.60423905,0.75676125,-0.050205544,0.5327749,0.13043682,1.0100229,-1.5313996
AGTGAGTCATTAAAGG-1_atac,-0.2339615,-0.027344009,1.1291776,-1.1007558,0.5459255,1.7715623,0.44695598,-0.09932348,0.4163623,0.8157385,-0.52726954,-1.1477499,0.03161174,0.18906967,-0.68101835,0.5173575
AGTGGACAGCTTACTT-1_atac,0.70611185,0.067984425,0.5454908,0.7195873,-0.6780095,-2.2382696,0.8351079,-0.9954646,-1.0038128,-0.7932901,0.57848,0.8020508,-0.51842433,0.5576016,-1.274974,-0.36993346
AGTGGACAGGCGAATA-1_atac,-0.92040867,-0.09144365,-1.328151,1.602161,-1.3338009,1.0898281,1.4292135,1.391428,-0.084018886,-0.22276743,-0.36287546,-0.51599723,0.1980468,-0.77501416,-0.01355576,0.4757905
AGTGTTTCAACAGGTG-1_atac,0.9297048,-0.43507773,-1.1455084,0.41010013,-1.1478096,0.23620479,-1.249219,1.9993939,1.0381407,-0.95664227,0.18024588,1.2024968,-0.029066991,-0.13545807,1.3296394,0.63302165
AGTTACTCAATGCCTA-1_atac,0.012043916,0.06257921,-0.5696747,1.8912538,-0.21424012,-1.0569285,1.8412062,-1.0567049,-0.6737757,-0.58680403,-0.27355295,0.18357979,0.12340981,-0.30749866,-0.49653882,-0.31370014
AGTTGCAGTAGCCTAA-1_atac,0.19695164,0.031394668,0.28921744,0.45137194,-1.3500873,-0.2944242,0.9175484,0.21679814,-0.6240983,-1.3262839,0.9563793,0.5045233,-0.99797106,-0.21636322,-1.6784794,-0.83687216
AGTTGCAGTAGGTTTG-1_atac,0.5576867,-0.2387223,0.52934253,-0.3830496,3.0239322,0.7544767,-0.3065796,-1.3787355,0.48841846,-0.51427126,-1.7876943,-0.98043984,0.27222192,0.25563207,0.20504577,-1.2605379
AGTTGCAGTGAGGTAG-1_atac,0.6014047,0.15914467,0.22955185,0.91003454,-0.88522357,-0.2893194,1.1636746,0.7433301,-0.6066997,-1.7056338,0.91577446,0.9234436,-1.054221,-0.14151841,-1.6004534,-0.9562173
AGTTGCGTCCAACTGG-1_atac,0.39652333,-0.26429304,-0.84865814,1.5785975,-1.0478524,-1.0939459,-0.005148516,0.7228909,0.57600224,0.6882103,-0.6548516,0.88886917,1.5551082,0.50885564,1.572777,1.0681936
AGTTGGCGTACAAAGA-1_atac,0.67106104,0.16556887,1.5106698,-0.76814324,1.6148616,0.8646966,0.4639205,-0.40159008,-0.9142272,2.7713633,0.4323439,0.9269647,1.2693453,1.3522921,0.21564487,1.8844914
AGTTGGCGTTAGTTGG-1_atac,-0.06724319,-0.2814049,-0.5319599,1.4380404,-1.4007742,-0.041008838,1.2686718,0.30335477,-0.076857135,-1.3221884,0.36529383,0.3745519,-0.89814293,-0.73992217,-0.81391895,-0.49099296
AGTTGTCAGATGGACA-1_atac,0.22498271,-0.15697649,-1.3528247,1.7230982,-1.1146694,-1.0417902,-0.0006086081,0.023779973,0.8389981,0.51463735,-0.8689066,0.4773181,1.3421236,-0.22775765,1.77513,0.19548088
AGTTGTCAGTAAACCC-1_atac,-0.13179499,0.10450162,0.8972763,-1.0807856,0.5667911,1.6651654,0.6961172,0.6731247,-0.7208876,1.8040719,0.7610008,0.30929556,0.3626135,0.24933462,-0.6911657,2.2424965
ATAACGACACATTAAC-1_atac,0.72088,0.91596997,0.13112056,0.65451443,-0.081076354,-0.52536005,0.9207623,-0.52347946,0.38630223,-1.292596,0.7891946,0.061126485,-1.7742671,-0.42016846,-1.0284135,-1.7143112
ATAAGCCTCTAGCTTT-1_atac,1.6435677,-0.035162885,1.0921049,0.3975963,-0.426364,-1.5851281,0.6538783,0.26884088,0.7974937,0.8759587,0.23059887,1.7445011,2.4903338,1.789018,1.4446468,-0.15308988
ATAAGTCGTGAGGTAG-1_atac,-0.039681274,0.014780804,0.39427668,-0.59916353,0.28708676,2.0063875,0.04089068,0.5355662,-0.0016048029,-1.7569555,-0.37683627,-0.87477404,-1.5244917,-0.5831231,-1.0754776,0.20956461
ATACCTGCAATCCTGA-1_atac,0.17989689,0.0074010193,-0.2428877,1.8321347,-0.36234853,-0.43463376,2.4068525,0.18789838,-0.7733729,-1.3647094,-0.37680006,0.6022388,0.085422866,-0.07778919,-0.54290074,-0.31585097
ATAGATGCACTTACAG-1_atac,0.6388341,-0.29023138,-0.8443919,1.3983841,-1.2640378,-1.3818074,-0.023970492,0.15270528,0.6285556,0.30886653,-0.3785759,0.8727304,1.3716934,0.29462695,1.470726,0.24161991
ATATAGGCAGAAACGT-1_atac,-1.3094052,-1.5462885,1.453361,-1.3884568,-1.5689502,-0.368288,-0.7439581,0.32706526,1.8608714,-0.7040672,1.5761075,0.578035,0.04864232,0.11550851,0.053907193,-0.38020146
ATATGCATCAGCTAAC-1_atac,0.46058092,0.5163301,0.23554163,0.69166577,-0.7576261,-1.9981312,0.6797672,-1.278976,-0.37891364,-0.26025778,0.85753584,0.46006814,-0.45621437,0.02734105,-1.1951921,-0.83862543
ATATGCATCCGCATGA-1_atac,-0.46612793,0.08619565,-0.9368469,1.4774709,-0.9021228,-1.3015995,1.1220478,-1.2635945,-1.2101127,0.0143559165,0.18641415,-0.15636817,0.13719806,-0.52360886,-1.0823604,-0.009334639
ATATGCTCAAGGACCA-1_atac,-0.4450569,-0.04130318,-0.75669134,1.6129133,-0.67524415,-0.9269523,1.3344371,-1.0673968,-1.3743362,-0.7236079,0.28037825,0.32353416,-0.19923927,-0.6972331,-1.4175278,-0.24936822
ATATGCTCAATAGCAA-1_atac,1.1026393,0.09540139,-1.2707444,-0.39524502,-0.77710056,0.8609008,-1.2824324,2.3556516,0.18920584,-1.0532923,-0.026542453,0.9133353,-0.40348226,-0.36522245,1.033577,0.37889323
ATCAAGACACTGACCG-1_atac,-1.5216521,0.46232468,1.4907957,-1.6512402,-0.15243103,-0.051511865,-0.7323338,0.6562959,1.7633977,2.0969987,0.40757728,-1.6001598,1.2342526,1.3036231,0.08410093,-0.23138358
ATCAAGCTCCTTCTAG-1_atac,0.8782515,-0.4993551,-1.1252534,0.1090239,-0.89684695,-0.32547617,-1.8216926,1.4106741,0.14788651,-0.11807808,-0.15456404,1.6680317,1.3215942,0.34796333,1.8529879,1.5113883
ATCAATCCAAACCTTG-1_atac,-0.3749823,-0.010919119,1.1309856,-1.1366693,0.67582804,1.3059896,0.25319082,-0.05105646,-0.30945894,2.4301305,0.20683032,-0.3028358,0.6541896,0.7499792,-0.5113833,1.7586972
ATCAATCCAAGCTTTG-1_atac,-0.4078896,-0.63518745,-1.5717385,1.9060951,-1.6355436,-0.01725436,0.24374764,1.0889776,0.807939,-0.31615543,-0.22482449,0.297823,0.67334694,-0.52642053,0.98858094,0.6779896
ATCACAATCTCCATAT-1_atac,0.70231354,-0.70984185,-1.2216076,0.9312289,-1.3427147,-0.27646267,-1.1113743,1.0213838,1.503638,-0.94121104,-0.21863058,0.8967,0.58077234,0.0032263119,1.8769895,0.19554818
ATCACTAAGATGGACA-1_atac,-1.0438161,-1.3465964,1.4913741,-1.3487966,-1.9973445,-0.28030112,-0.10509715,0.5237873,1.2927207,-1.0675672,1.5502381,0.6105517,-0.6375744,0.10892785,-0.7005235,-0.27390262
ATCAGGTTCCCTGTTA-1_atac,0.6348837,0.07799842,1.6565943,-0.6786282,1.8591151,0.58394665,0.027112147,-0.7511922,-1.1430101,2.7599359,0.19173095,1.2456237,1.4496727,1.566978,0.61410695,1.5530843
ATCATCAAGCCAGTAT-1_atac,1.0373996,0.17664,-1.4131948,-0.91626567,-0.6240612,0.2515229,-2.2824411,1.6347321,0.6961904,-0.6034137,-0.36960557,0.43697786,-0.29571944,-0.17612676,1.5314547,0.32483554
ATCATCAAGGGCCACT-1_atac,0.51564246,-0.20083526,0.26117414,-0.5300146,1.8229575,1.3442088,-0.25493282,-1.0262007,0.86729443,-1.0426941,-1.4419943,-1.2808636,-0.71015126,0.0012793127,-0.18382752,-0.7436117
ATCCAACAGCGGCTGT-1_atac,0.50919855,0.3668553,0.17102991,0.3919481,-1.0127649,-2.226835,-0.22246127,-1.5646737,-0.04118205,0.13183132,1.2123871,0.7048799,-0.1970468,-0.13908431,-0.4090272,-1.0449777
ATCCACCTCAGAAACG-1_atac,-0.09315394,-0.26956913,-0.5743788,1.4048039,-0.9400296,0.078457244,0.9560714,0.12297552,-0.69624317,-0.33834782,0.26441523,0.21679157,-0.27002147,-0.40401912,-0.89720327,0.17671596
ATCCACCTCGTCAAGT-1_atac,-1.1654941,-1.1415406,1.8708903,-1.5346513,-1.1199166,-0.91896087,-0.3172232,-0.08726627,2.029045,-0.56193763,1.6090355,0.46844026,0.3755291,0.40250427,-0.013760194,-1.0748533
ATCCGTGAGACTCGCA-1_atac,-0.7571131,0.025409823,-1.7029719,2.1133466,-0.89621603,-0.018766062,1.2284124,0.20441797,0.20818596,0.64013445,-0.76253086,-0.5618187,1.0999599,-0.8067662,0.9224965,0.4479923
ATCCGTGAGGTCATTA-1_atac,-0.5766559,-0.79716897,0.99210674,-1.9044944,-0.83839095,0.3976823,-0.9193836,1.1361349,0.58027816,-0.46534228,1.515061,1.4745607,0.0131034795,0.26554212,0.47531173,1.3182831
ATCCTCATCTGGTCCT-1_atac,0.13993531,-0.43770003,0.025023393,-0.27943647,0.6643388,2.4178329,0.28079203,-0.35162458,0.3955865,-1.0323989,-0.8645462,-1.0939094,-1.3006787,-0.466662,-0.6965131,0.3440655
ATCCTCATCTGTGAGT-1_atac,-1.1080112,-1.3778641,1.6864758,-1.5469698,-1.6354885,-0.26702616,-0.3962704,0.36672434,1.4771808,-1.0115167,1.5734429,0.73187727,-0.26942122,0.15957397,-0.37426284,-0.35759306
ATCCTGACAATGCGCT-1_atac,-0.29346815,0.028317017,-1.2536248,1.8952469,-1.0545297,-0.26220363,1.422208,-0.24809079,0.23420179,-0.34208477,-0.2914395,-0.15426365,0.11964817,-0.9612419,0.16271509,-0.40770835
ATCCTGACATGTCAAT-1_atac,-0.59635955,-0.13488252,-1.5945306,2.1004517,-1.0035603,-0.37540177,0.914847,-0.33016056,0.39998382,0.37069848,-0.59222496,-0.16283248,0.8967725,-1.0187294,0.9986851,-0.030640833
ATCGAGGCAACAGGAT-1_atac,0.44881323,0.65246093,0.5402062,0.45069247,0.029042255,-1.7451609,0.4291148,-1.4603676,-0.18367624,-0.44870293,1.1030784,0.3358962,-1.0623816,0.10738636,-1.5401479,-1.3036027
ATCTATGAGCAAACCT-1_atac,1.312706,0.20542179,0.87736183,1.0029217,-0.31611285,-2.54608,0.055217918,-1.9948865,-0.10375882,0.7914604,0.42379364,1.1808358,0.48541376,0.82628965,-0.1666043,-0.6059995
ATCTTTGGTTGTTGGA-1_atac,1.2830592,0.13989545,-1.1448383,0.12974927,-0.6659139,-0.9786347,-1.9661416,0.6563156,0.11905251,0.22270942,-0.6128709,1.2719063,1.1454002,0.390773,2.0390463,0.54525477
ATGAAGCCAGCACCAT-1_atac,1.2150317,-0.22038421,-0.5340873,0.9072868,-1.5249602,0.46879235,0.2632844,2.558165,0.45762917,-1.0292275,0.26058057,1.062393,-0.54274714,0.116976604,0.30022842,0.36477914
ATGAAGTAGTAACCAC-1_atac,-0.24082841,0.26619107,-0.8978339,1.7454637,-0.7509028,-0.43118584,1.3984069,-0.7199068,-0.7361183,-0.89332175,0.038970105,0.06246593,-0.60120326,-0.9274385,-0.9821222,-0.6820299
ATGACTCAGCACGTTG-1_atac,0.19138609,0.25222582,1.212598,-1.1561325,0.6271266,1.3273944,0.7951106,0.33119017,-1.0944176,2.2002187,0.63418466,0.6509575,0.54372704,0.576302,-0.5075438,2.7241845
ATGATGGAGCTTCTCA-1_atac,-1.234778,0.61600524,-0.113497935,-0.45280027,1.1042404,0.61103207,-1.7785852,-0.23838477,1.0334905,2.5090632,-0.9950351,-1.6198288,1.3234082,0.4179822,0.07760968,-0.6887471
ATGCATTCACCGGCTA-1_atac,-0.18648918,-0.28458238,-0.34490114,-0.3864169,0.30041394,2.1281674,-0.34190828,0.38614893,-0.6420612,0.17377108,-0.23417906,-0.5424198,-0.9083264,-0.2909829,-0.47893387,1.9047639
ATGCTTAAGCAACATC-1_atac,0.67587066,-0.25213012,-1.483691,0.570741,-1.1097842,-0.97788525,-1.8295634,0.68896073,0.9735634,0.44025624,-0.37930292,0.9086478,1.2225115,0.20948385,2.1036434,0.777069
ATGCTTAAGGACCAGG-1_atac,-0.3968754,-0.11255978,-0.6325133,1.0625672,-1.4757056,0.58077633,0.5580765,1.4771837,0.5318961,-0.3407624,-0.0143325515,0.17726299,-0.11411761,-0.4256424,-0.2561343,0.017140735
ATGCTTAAGGTCTTGG-1_atac,-0.20239213,0.09631153,1.0472852,-1.3645257,0.36205572,1.3824463,0.45646223,0.51701653,-0.6786147,2.3644996,0.67456883,0.40298408,0.6830637,0.66167015,-0.3650048,2.62168
ATGGCTAGTGTGAGAG-1_atac,2.0599942,0.30027598,0.34345233,0.877061,0.1042626,-1.1604718,0.24220446,-0.6102078,1.8428886,-1.812562,-0.32131192,1.215108,-0.768544,0.09987743,0.7782397,-2.0047843
ATGGCTAGTTTGCGCC-1_atac,1.6391978,0.3242764,0.6614375,0.4405176,-1.4388429,-0.690815,1.2462194,1.3813764,0.9870678,-0.5473695,0.57580614,1.0326961,0.1562956,1.2148029,-0.1287243,-0.4532119
ATGGCTTAGCCGCAAC-1_atac,-0.20528662,0.54818445,1.0894704,-1.4565797,0.102369666,1.5494008,1.6254264,1.5748315,-1.0327667,1.1888912,0.44178912,-0.11628033,0.32049826,0.19220248,-0.94879127,1.7980405
ATGGTGCGTTGGTTAG-1_atac,-0.24283373,-0.224353,-0.44362,-0.26947033,1.7366452,1.7810096,-0.88698506,-0.93994576,-0.024416067,1.1136824,-0.5312248,-0.7440097,-0.31510487,-0.24613534,-0.28662091,0.50179535
ATGGTTATCTCCATGC-1_atac,-0.06346486,0.09759754,1.3375235,-0.76441085,1.1695715,0.7480346,-0.29685706,-1.0592648,-0.6335004,3.3633122,-0.1775309,0.31903076,1.4464594,0.94224083,-0.0028781411,1.4159644
ATGTAACGTTTAGCTC-1_atac,0.23946905,0.47967157,0.34373066,0.68792343,-0.7442146,-0.8819121,1.2234838,-0.0017148629,-1.082894,-1.0456234,0.96333534,0.49113914,-1.1399924,-0.142119,-1.8830453,-0.6892819
ATGTAAGCATTAGCGC-1_atac,0.10664955,0.49372146,0.28195065,0.75764763,-0.646794,-0.5632722,1.3748279,0.034724902,-1.1408678,-1.2206696,0.70947665,0.34094927,-1.2034078,-0.04064349,-2.2581944,-0.69249827
ATGTAAGCATTGTGAT-1_atac,-1.2862835,0.68976647,1.1157925,-1.5996027,-0.44439673,0.47368985,0.4125518,1.8994802,1.118068,1.2264025,0.14768218,-1.4650635,0.87689656,0.83176595,-0.59176624,0.05284939
ATGTCATCAAGGTCCT-1_atac,0.10188417,0.1616694,-0.51774836,1.5254815,-0.62845856,-0.9982961,1.5390713,-0.8772032,-0.61996675,-0.65118396,0.32964313,0.37137008,-0.39886877,-0.43837735,-0.9370458,-0.51034784
ATGTCCACATAAGTTC-1_atac,0.0034160055,0.2905497,-0.4876686,1.3724817,-0.61043936,-1.7789325,0.698359,-1.7806059,-0.40587667,0.24997875,0.06298152,0.18467973,0.30396906,-0.43294048,0.14464477,-0.86019915
ATGTTCAAGACTTATG-1_atac,-0.60588735,0.24239942,0.8171553,-1.2904984,0.14421375,1.7620332,0.65452325,0.57234216,0.97775996,0.49524242,-0.9000334,-1.8162655,0.3053441,0.096666455,-0.927302,-0.76423496
ATGTTTGAGCCGCTAA-1_atac,-0.27695832,-0.15697908,1.5532202,-1.0680883,1.0167047,1.0940418,0.20846675,-0.03418598,-0.7336554,2.559025,0.62996465,0.30380392,0.63514465,1.0547688,-0.44187033,2.131962
ATTAACCCACAACAGG-1_atac,-0.022936905,-0.38865307,0.0044294265,-0.71727884,0.6821343,2.2011566,0.24151775,-0.22007342,0.35413498,0.35043502,-0.78706366,-1.0321993,-0.8209902,-0.3107953,-0.7730357,0.9610991
ATTAACCCATTGTCAG-1_atac,-0.6022516,0.5842731,1.4594758,-2.323755,-0.42645714,-1.5469922,0.59977293,1.1995543,2.1910293,1.2321937,1.1931974,-0.80368084,1.1658777,1.8907644,0.17379963,-0.58282936
ATTACCCGTGGAGCAA-1_atac,-0.07408586,0.4224098,-0.93428516,1.7990237,-0.41809583,-0.7146884,1.1752375,-1.2521219,-0.25441664,-0.5751656,0.2618242,0.16577175,-0.3483638,-0.762604,-0.6069708,-0.9941732
ATTACCCGTTTACCGT-1_atac,-1.3027426,-1.5147355,1.4164292,-1.371498,-1.8648156,-0.41311428,-0.48451954,0.15553783,1.579721,-0.72054696,1.5190703,0.5432005,0.061903927,0.023191221,-0.22464791,-0.2932057
ATTACGTCATTAAAGG-1_atac,-0.08849449,-0.0038042292,-0.61819255,1.2545259,-1.3098153,0.81105226,1.4281665,1.1660616,-0.49702525,-1.3895433,0.12580197,0.38421437,-0.909625,-0.57536846,-1.3174012,-0.4740013
ATTAGCTCAGCAGGTA-1_atac,0.19628492,-0.62327945,0.22001638,-0.5435052,1.7097747,1.958771,-0.006475263,-0.8323547,-0.64255387,0.33067012,-0.42880473,-0.22231837,-0.65673,0.00405864,-0.8254471,1.1100875
ATTAGGTGTCTCAGCC-1_atac,-0.591942,-0.33933163,-1.1108626,1.6093825,-1.5078187,1.3783692,1.2827734,1.6205983,0.12884352,-1.2911782,-0.29550964,0.033423327,-0.4321261,-1.1761473,-0.5877352,-0.41813293
ATTCAACCACTAGCGT-1_atac,0.42484292,-0.69340074,-0.12945098,-0.7442947,1.4157492,2.130572,-0.11554467,-0.04007007,-0.10676135,-0.16083154,-0.5076356,-0.43929392,-1.0398065,-0.2039078,-0.58665544,0.8637367
ATTCAACCAGGAACAT-1_atac,0.7394457,-0.4172691,-1.116216,0.3624374,-1.222082,0.42692086,-0.88010687,2.3457153,0.5392803,-0.7449777,-0.016603632,1.1841483,0.40999982,-0.033510126,1.1702571,0.99027306
ATTCCGGAGCTACTGG-1_atac,0.08965442,-0.102656394,-1.6859939,0.8788192,-1.1062464,-0.8068754,-1.046461,0.12818673,0.79050666,0.4071088,-1.1919398,0.041380513,1.4689685,-0.45752048,2.375239,0.26502076
ATTCCTAGTATTGTGG-1_atac,-0.026536714,-0.16195564,0.5218468,-0.5419092,1.0315976,2.161492,0.98818505,-0.4121536,-0.21661383,-0.054908134,-0.04589469,-0.6051507,-0.88908833,-0.14581065,-1.0619942,0.956016
ATTCCTAGTCATAACG-1_atac,-0.45339578,-0.2123237,-1.5077068,1.8200288,-1.5050435,-0.006051941,0.639832,0.47306034,0.8476388,-0.10122204,-0.52112615,-0.16410933,0.43390426,-0.93486035,0.91500986,-0.08305316
ATTCCTAGTTGTTGGA-1_atac,0.66624147,-0.35784483,-1.2034786,0.28720087,-1.2153635,0.76706666,-1.0180411,2.321962,0.4937143,-1.019492,-0.12765995,0.899671,-0.0057370886,-0.27888724,1.0735391,0.69155276
ATTCCTCCAAGGTGGC-1_atac,1.3538052,1.7190063,0.20326626,-0.7227608,1.293453,-1.3001086,-2.1673744,-1.3679996,1.5794306,0.8754796,1.3780265,-1.3210506,-1.3384602,0.60227895,1.9833966,-1.3300661
ATTCGTTTCCAGGAAA-1_atac,0.54914194,-0.35381287,-1.4120398,0.41347852,-0.95334584,0.7764002,-0.770141,2.3015168,-0.054542027,-0.585982,-0.1332256,0.7966085,0.60870475,-0.22844107,0.69768935,1.3614471
ATTGACTCAATCCTGA-1_atac,-0.9730214,0.039316803,-2.1001184,1.7017337,-1.1431913,0.28159615,0.03680589,0.7712545,0.7516316,0.27833483,-1.054997,-0.700466,0.7494531,-1.0322452,1.3317167,0.55368537
ATTGACTCACTTAGGC-1_atac,-0.5611441,-0.16272327,-1.8170395,1.780886,-1.4352554,-0.13026159,0.17368609,0.46687573,0.652917,0.3493322,-0.6790059,-0.1457203,0.9812814,-0.76600254,1.2810379,0.48524803
ATTGACTCATCAGTAT-1_atac,-0.1003608,0.04739561,-0.42313316,1.3352811,-1.0760373,0.39168543,1.4711039,0.5717597,-0.7580126,-1.6029279,0.2955978,0.38343546,-1.1787394,-0.94209844,-1.5627444,-1.0056095
ATTGCACAGCCTGTTC-1_atac,1.3818598,0.85024136,-0.3991844,-0.5443593,1.7290001,0.9534649,-0.13203716,-0.15430887,1.321904,-1.4309157,-1.7343916,-1.4959744,-0.6440075,-0.41909975,0.28292465,-2.1892886
ATTGCAGGTGGGTACT-1_atac,-0.56619006,0.22501537,1.1109622,-1.0307364,0.64939475,1.0636327,-0.15273815,-0.44751966,0.009373501,3.2361002,-0.13838796,-0.4507598,1.2829915,0.6971146,-0.5140476,0.714153
ATTGCTCGTAAGGTCC-1_atac,0.6586264,-0.18517703,0.6854622,-0.67857,0.97892994,1.7911179,0.41302413,0.15254822,0.23128909,-2.349904,-1.1201655,-0.7391334,-1.3190217,-0.34872296,-0.7207864,-0.6402145
ATTGCTCGTACGCGCA-1_atac,-0.92696375,0.20407505,-1.7243563,1.5786084,-1.1001838,0.39687404,0.4778381,0.46107164,1.0395958,0.043026883,-0.7162808,-0.9495289,0.44230407,-1.4845073,0.8710823,-0.59778166
ATTGGCTAGTAAGTCC-1_atac,0.70153064,0.5509619,0.49579048,0.5625364,-0.24438822,-2.1416085,0.8180521,-1.786722,-1.0579339,-0.18478434,0.5777981,0.56507385,-0.3290419,0.45563906,-0.84939915,-0.76241875
ATTTGCAAGAGAAGGG-1_atac,-0.3988317,0.14942513,-1.3996929,1.7223531,-1.4021081,-0.9327862,0.22004096,-0.787071,0.45787883,0.78476304,-0.11372921,-0.18287635,0.5905727,-0.85357153,0.9832208,-0.40737888
ATTTGCGCAGTTTGGC-1_atac,-0.23561619,-0.2661041,-1.4473702,1.6535572,-1.1698768,0.3710736,0.972615,1.1265082,0.27160025,-0.3156828,-0.23015976,-0.590235,0.08267054,-0.64561653,0.7982045,0.558272
CAAACACTCCACCCTG-1_atac,0.11217606,0.29163858,0.0043065995,0.4200775,-1.227481,-1.4936345,0.68311226,-0.9927295,-0.64046156,-0.28498617,1.1579741,0.32149947,-0.50300497,-0.22073135,-1.4385293,-0.6061397
CAAACACTCGTAACGT-1_atac,0.4895846,0.91533256,-0.15567811,-0.9862354,0.1829505,1.0200303,0.69210976,1.8583794,0.7123693,1.4485883,-0.792649,-1.5511373,1.4651134,0.54381716,-0.2907555,-1.215899
CAAACATGTACTTAGG-1_atac,-1.6845942,0.80558425,0.7539183,-0.851547,1.1591859,-0.4387467,-2.3021648,-0.5563289,0.77963644,2.684967,-0.87159747,-1.3781662,1.5234188,0.98018587,0.43318015,-0.6455895
CAAACCGTCAAGTGTC-1_atac,0.4072116,0.3776483,0.12348698,0.6958861,-0.84096617,-2.2433507,0.14018916,-1.6653744,-0.48394144,0.26357055,0.64646333,0.41087994,0.026735399,0.07457411,-0.67575,-0.6746043
CAAACGCGTTTGGCTT-1_atac,1.2905898,0.6108866,-0.650861,-0.22899659,2.0070226,1.0623388,-0.29678223,-0.77841973,0.9576501,-1.5624793,-1.6946539,-1.4565994,-1.2202922,-0.7139508,0.1676121,-1.7457782
CAAACTGGTCCCGGAA-1_atac,-0.2977517,-0.117968015,-0.99817866,1.8460058,-1.1316351,-0.42630127,1.2474366,-0.65726554,-0.5235491,-0.66335267,0.4390997,0.2707886,-0.44308507,-0.7683943,-1.0471356,-0.36466485
CAAAGCGCAGCCAGTT-1_atac,0.5129847,-0.58141065,0.47877392,-0.4466974,3.2834938,0.81001866,-0.46454635,-1.6073424,-0.36972246,0.08300549,-0.7776421,-0.38197786,-0.4340007,0.24196728,-0.26657337,0.11081725
CAAAGTGAGTAGGATG-1_atac,-0.70436114,-1.3422914,1.3045222,-1.3371731,-2.0400758,-0.00544498,-0.25657338,0.78283453,1.1532365,-1.0649337,1.4407892,1.0410305,-0.65188795,0.037267312,-0.45090473,0.20147112
CAAATCATCAGCAAGA-1_atac,0.51544917,-0.19144964,-0.8768217,0.63604045,-1.060333,0.89422953,-0.74534225,2.4533145,-0.03253732,-0.5733607,0.29777452,0.66183674,-0.053798355,-0.35516277,0.17323117,0.9647505
CAAATCATCTATGACA-1_atac,0.04841043,-0.31193078,-0.11161795,-0.20956303,2.2197568,1.3795228,-0.6485907,-0.97468424,0.368135,0.27889654,-0.9478857,-1.368025,-0.4602232,0.15871502,-0.4057241,-0.18910539
CAACAATGTCATGCAA-1_atac,0.61045825,-0.22997753,-0.34268063,-0.29751515,1.5447179,2.0126426,0.1262525,-0.5558658,-0.05626784,-1.5560699,-0.95812446,-0.53372926,-1.2552776,-0.4070199,-0.05307634,0.46962032
CAACAGGCAGCATGGA-1_atac,-1.3889761,-1.5122533,1.557568,-1.5609248,-1.6721103,-0.51279753,-0.8353571,-0.3135473,1.1083585,-0.60463154,1.6566969,0.9612831,0.3109482,0.14770949,0.00059504807,0.047960375
CAACCCGCACGCAACT-1_atac,0.12012486,-0.5634507,0.6238483,-1.0032485,-1.4114034,0.13994029,0.033258487,2.3861718,0.6066607,-0.7202153,0.78406465,0.5853172,-0.75638616,0.46881565,0.039831232,-0.08564256
CAACTAATCCTTCGTA-1_atac,0.6911565,0.7851065,0.18042707,-1.3429327,0.07540494,1.4896072,0.28635398,0.11327446,1.082974,0.19523513,-2.2038562,-1.3122308,0.5807676,-0.22441298,0.23816156,-1.1154037
CAAGACAAGGTATTGC-1_atac,-0.4943104,-0.37123644,-1.3581263,1.4184039,-1.3936187,0.485689,1.0983976,1.6539351,0.1576123,-0.25627506,-0.3455906,0.12316293,0.5268925,-0.5945538,0.670605,0.72462744
CAAGGCTGTACCGGAT-1_atac,0.9918477,-0.540429,-1.4191276,0.22987358,-1.049239,-0.10011319,-1.5888863,1.6959056,0.30870357,-0.329251,0.011737851,1.5748951,0.8731652,0.19344407,1.3640891,1.4009354
CAAGGCTGTGAACAAA-1_atac,-0.87365323,-0.33125117,-1.1402569,1.4288204,-1.6464864,1.3007166,0.4832073,1.761127,0.72703874,-0.82430696,-0.5094961,-0.20777322,-0.18208335,-1.0632616,0.22309397,-0.12737796
CAAGGGAGTGATCAGC-1_atac,-1.1791539,-1.3573027,1.398212,-1.709382,-1.6768417,-0.28056985,-0.53088033,0.3968527,1.4477222,-0.68554485,1.7367467,0.848811,-0.02470585,0.17140779,-0.30140704,0.22004934
CAAGGTAAGTCATTGA-1_atac,0.58056337,0.255361,-0.1254184,0.9825681,-0.9006312,-0.45367303,1.078907,0.36715987,-0.63404703,-1.2123177,0.72642577,0.57745355,-1.0507343,-0.102736115,-1.5868217,-0.63734186
CAAGGTTTCAGTTCCC-1_atac,-0.76905435,-0.4592557,1.7529037,-1.8067254,-1.457309,-0.0068771634,0.84035796,1.1891015,1.6480274,-0.82576025,1.3180609,0.33977684,-0.7494656,0.5160768,-1.1085229,-0.32711074
CAAGGTTTCCCTGACT-1_atac,0.033849638,-0.03535455,-0.49120912,1.53079,-0.9203044,-0.13812578,1.6877418,0.18332568,-0.43710753,-1.1770203,0.34057325,0.3679956,-0.69823545,-0.569841,-0.9993397,-0.47545207
CAAGGTTTCCGCCTAT-1_atac,0.6255825,-0.13201538,0.19151169,-0.2783512,2.6565242,0.6789894,-0.73481965,-1.5012615,0.5930342,-0.7045027,-1.4044107,-1.2099854,-0.5636646,0.2679715,0.118624784,-0.82671726
CAAGTATGTCGTTATC-1_atac,1.1133997,0.17395215,0.57538736,-0.54774565,0.83877754,1.6575241,0.5143408,0.27356672,0.4294836,-2.3590965,-1.1766073,-0.85952,-1.3481172,-0.24645692,-0.2021896,-0.59477675
CAAGTATGTGTTAAAC-1_atac,0.29749092,-0.18625772,0.064803235,1.6262134,-0.31605434,-1.6215456,1.8943107,-0.48570585,-1.1407925,-0.9769552,-0.24014592,0.92670834,0.4130247,0.34967858,-0.33569628,0.25654614
CAAGTGAAGCGCAATT-1_atac,0.1541742,-0.1095599,-0.38121912,1.5614196,-0.8334236,-0.8464419,1.744457,-0.12403105,-1.2764717,-1.22333,0.25466478,0.3568078,-0.46153605,-0.14734784,-1.587857,-0.077166215
CAAGTGAAGTTCCTGC-1_atac,-0.8456531,1.0701764,0.50702554,-1.204944,0.33969244,0.42447293,-0.39612314,0.7618183,1.850462,1.8909323,-0.8668609,-2.0157268,1.5062052,0.7442004,0.019466592,-1.1790181
CAAGTTATCACCTGCT-1_atac,-0.20544581,0.6673012,0.6066302,-1.7808577,-0.36956903,-0.6051769,1.7323424,2.1301613,1.7079197,0.4664585,0.67605835,-0.90795153,0.6372118,1.3309698,-0.17739978,-0.9479845
CAATAAGCAATGCCCG-1_atac,0.34756064,-0.25328723,0.7597943,-0.9023932,0.9920131,1.5940987,0.51667756,-0.30330345,-1.1397073,2.0617383,0.5928179,0.45393577,0.1243551,0.4241539,-0.26122615,2.650755
CAATAAGCACTAGCGT-1_atac,-0.24050465,0.079929665,-1.4316226,2.231897,-0.76946867,-0.64064384,1.0869836,-0.87919205,-0.008749053,-0.17528911,-0.5939681,-0.017384376,0.10761686,-1.1207008,0.32106048,-0.40577447
CAATAAGCAGCCTTGG-1_atac,-0.5167012,-0.14682648,-1.4308693,1.1060036,-0.8615951,-0.3057486,-0.22774279,0.53919685,0.18426737,0.41565514,-0.38754508,-0.7336215,0.5929523,-0.4475975,0.91804683,0.57602674
CAATAAGCAGGTATTT-1_atac,-0.41335693,0.19976392,-0.8918194,1.5132544,-0.3379956,-0.30652085,1.6173292,-1.0124876,-1.0221674,-0.8968142,0.09810643,-0.15384772,-0.46249205,-1.0550102,-1.319103,-0.83160514
CAATCCCTCACATTGA-1_atac,-0.4159459,0.32528523,1.0396888,-1.2855124,-0.22314462,1.8733491,1.2639712,1.3135347,-0.20301895,1.0289509,0.029877631,-0.92764443,0.010952912,0.11984361,-1.2297482,1.1685232
CAATCCCTCCCGCCTA-1_atac,0.044214606,-0.08261971,0.5724963,-0.716473,0.9797949,1.992704,0.60207283,-0.9842892,0.09224532,-0.52554625,-0.6705883,-0.7686851,-1.219228,-0.6840038,-1.0945313,0.47422922
CAATCGCCATTGTCCT-1_atac,-0.19501962,0.18024217,0.68301564,-0.9706947,0.16447148,1.931799,0.7135609,0.5157947,1.1139041,-0.35979265,-1.4217123,-1.7300358,-0.07455584,0.035184678,-0.6308932,-0.62783426
CAATCTAAGCTTCCCG-1_atac,-0.43243515,3.8202852e-05,-0.8482584,1.6293385,-1.1930567,0.66622984,1.6584269,0.67674714,0.21864586,-1.2404932,0.0785278,0.20072956,-0.5712815,-1.0770744,-0.70769626,-0.77552533
CAATGAACAAGCTAAA-1_atac,1.3589222,1.5641226,-0.7283131,-0.93953776,1.2197418,-0.4346945,-3.1046276,0.3502022,0.94228494,1.0641078,-0.18162021,-0.54538333,-0.30248865,0.6261082,2.2084558,-0.4378226
CAATGAACATAATCCG-1_atac,-0.8857247,-0.31369781,-1.5683143,1.9123156,-1.643578,0.7998007,0.98963034,1.2129122,0.27068135,-0.45747122,-0.07027767,-0.11668068,0.06981,-1.1117799,0.047455408,0.2337205
CAATGACTCAAATCGC-1_atac,0.8949419,0.09569816,0.86272913,0.7661793,-0.7368296,-1.6770227,1.233072,-0.06247722,-0.9299157,-1.3311958,0.52753085,0.91402835,-0.90534496,0.666278,-1.4428395,-0.37683338
CAATGACTCGAGCAAA-1_atac,-0.2913489,-0.22674134,-0.5695489,1.2844009,-1.3450946,0.51958936,1.1528188,0.7467908,-0.6323293,-1.4643366,0.52595496,0.3012244,-1.1696246,-0.9215557,-1.5057197,-0.5937717
CAATGTCAGGAACACA-1_atac,-0.12532312,0.07362769,0.25035274,-0.5720973,0.7880385,1.3116806,0.557939,-0.20064524,-0.3507046,-0.06446708,-0.068461165,-0.6994235,-0.54956955,0.14616932,-0.5908356,0.51388276
CAATGTCAGGCAACAA-1_atac,0.17071556,0.35114232,-0.26706323,1.1415136,-0.18590942,-1.4591552,1.0127314,-1.6168922,-0.9339344,-0.26950857,0.043278538,0.13876963,-0.18145607,-0.3151939,-0.7799252,-0.9942422
CAATGTCAGGGCCATC-1_atac,0.19200003,-0.74393207,-0.17030928,-0.32034057,1.1292455,2.3596423,0.16904445,-0.05982373,-0.6097788,0.13369134,-0.20152125,-0.37812734,-1.065551,-0.16016792,-0.8435512,1.4927317
CAATGTCAGTAGGATG-1_atac,0.4840192,-0.61880004,-0.3980337,-0.22623467,1.6404245,2.0303164,0.42204583,-0.45188123,-0.12680864,-0.4763438,-0.8110643,-0.72356087,-0.9260733,-0.21295437,-0.8668169,0.5695043
CACAAGCGTGATTACG-1_atac,-0.3018793,0.32843,-1.7411034,1.3293694,-1.1160834,-0.95591265,-0.23122886,-0.38820815,0.668383,1.1485739,-1.1213197,-0.22167425,1.376359,-0.4425725,1.9042758,0.34851152
CACAATATCAATTACG-1_atac,-0.10321311,0.22973585,-0.5905807,1.4130427,-0.31051946,-1.2381723,1.3501894,-1.4904577,-0.76580924,-0.32721984,0.2371644,0.02866721,-0.17711331,-0.5312133,-0.775729,-0.66061795
CACAGGCTCTTAGCGG-1_atac,-0.50622493,0.14116141,-0.8774415,1.4696358,-0.41431874,0.52619696,1.54622,-0.15713342,-1.0631001,-1.2677326,0.25445342,-0.08528507,-0.84696543,-1.1717855,-1.8191669,-0.6926965
CACAGGGAGGAACGGT-1_atac,-0.039196573,0.2616902,0.57080126,-1.2710385,0.1214452,2.0136917,1.017573,1.5894191,0.090703644,-0.22961895,-0.3896451,-0.93525654,-0.5902848,-0.27232096,-1.1029122,0.6037399
CACAGGGAGTTATGTG-1_atac,-0.34416136,0.4020155,0.23657021,-0.43924868,1.7129928,0.8522912,-0.7421217,-0.9076592,1.5008183,0.3161745,-1.7942884,-2.0997493,0.71048623,-0.21621811,-0.004063612,-1.6950451
CACCAACCAATTGCGC-1_atac,-0.5341236,0.11831151,0.6130359,-0.841914,-0.054345347,1.5712,0.35718498,0.6989335,-0.56850207,0.9515091,-0.17183313,-0.26063666,-0.30926582,-0.037458174,-0.84721756,1.1402913
CACCGGTAGTGAACGA-1_atac,-0.36148384,0.07336455,-1.325067,2.0547733,-0.39757985,-0.8998972,1.5420668,-1.2200072,-0.4631331,0.27189064,-0.55150354,-0.15372792,0.55757046,-0.8405962,0.093243174,0.015733616
CACCTCAGTTTGGGCG-1_atac,-0.3081151,-0.03429514,-0.75273657,0.4462,-0.76234066,-0.3648653,0.31377476,-1.1862024,1.1527212,0.6087458,-0.49476853,-0.29004446,1.2124717,-1.4306653,1.1688522,-1.7333059
CACCTGTTCCAACTGG-1_atac,-0.393739,0.12257478,-1.2408539,1.9010404,-1.1219035,-0.30574182,1.4335608,-0.2264833,0.48202422,0.4342781,-0.3790387,-0.2557491,0.46747676,-1.0974016,0.5804961,-0.3410897
CACTAGCCAATAATCC-1_atac,1.6692705,2.0297496,-0.8147366,-0.36733475,0.7280845,-0.34410873,0.17801431,-0.07237497,1.7239543,1.4557788,0.9556854,-2.0168793,-1.1111891,0.055006195,1.2749103,-1.9171999
CACTAGCCATAAAGCA-1_atac,-0.40221998,-0.29938513,-0.64387655,1.2372245,-0.98782134,0.7777885,1.4625002,0.5347086,-0.661595,-1.7164108,0.2863272,0.2020059,-1.0918446,-0.96541566,-1.489908,-0.5375912
CACTTTGTCAGCTAAC-1_atac,0.31366798,0.0030291765,1.2781444,-1.308892,0.62349945,1.3771114,0.6960343,0.87183005,-0.6491415,2.0738294,0.7238317,0.6900818,0.5992265,0.8076355,-0.40304378,2.4722986
CAGAACCGTGCTTAGA-1_atac,-0.37857938,-0.060961984,0.81331605,-0.76699877,1.700844,1.0418746,-0.6643079,-0.83715,0.62608415,1.4644147,-0.77177,-1.145786,0.5639904,0.5664709,-0.36584574,-0.17807464
CAGATTCAGGAGTAAT-1_atac,0.052554805,0.4153625,0.94961256,-0.8692317,0.3389208,1.5281852,0.66268605,0.811019,-0.37270355,-1.5634409,-0.29729006,-0.9354086,-1.0619464,-0.3833588,-1.1015966,-0.061459374
CAGCAAGCACTTAGGC-1_atac,0.16858199,-0.3741357,-0.15448724,-0.20854457,0.8176899,2.136314,-0.19466172,-0.2557464,-0.45060435,-0.46755147,-0.6623464,-0.5691925,-0.9312233,-0.3286758,-0.8762803,0.9552849
CAGCATTAGTCGCTAG-1_atac,-0.4203545,0.22093956,-1.0915761,1.6449037,-0.10759438,-0.5544238,1.7175295,-1.3396881,-0.78873307,-0.6901965,-0.17103428,-0.084386386,-0.19276819,-0.9093677,-0.774688,-0.7815717
CAGCCAATCCTGCGAA-1_atac,-0.3248966,0.12104437,-1.1815351,1.805201,-0.7205365,-0.5761922,1.4246083,-0.9235758,-0.39019483,-0.35180414,-0.24307173,-0.121027976,0.20665073,-0.99348444,-0.23522621,-0.6336471
CAGCCTAAGCCTGTGA-1_atac,-0.98094094,-0.33082676,-1.7839752,1.8063825,-1.4649589,0.788273,0.6909374,1.5703142,0.38343364,-0.29141527,-0.5423599,-0.32580304,0.5635514,-0.9708918,0.530876,0.63410455
CAGCCTAAGGTCCACA-1_atac,0.38762042,0.43301675,0.07300326,0.5982026,-0.6771308,-2.31231,0.21772873,-2.0955644,-0.47649753,0.46767065,0.79267997,0.41253978,-0.11474248,-0.033190694,-0.4690876,-0.66752625
CAGCTAAGTTGAAGCC-1_atac,-1.0470446,0.7182622,0.4353879,-0.85217005,0.9731313,0.37769824,-1.1867769,0.010520525,1.4330404,2.3603427,-0.85475695,-1.7357163,1.3644371,0.83429927,0.22152695,-0.9572003
CAGCTCAAGAGGAGGA-1_atac,1.163257,-0.033844598,-0.8950003,-0.07540966,-0.98963946,-1.3579909,-1.8430716,0.78892905,0.69854444,0.6501838,-0.2896646,1.3054115,1.6877537,0.79071814,1.9789739,1.1860985
CAGGAAGGTCCTTCTC-1_atac,0.48051816,0.16062222,0.26773077,-0.18868394,2.5373259,0.57914,-0.933,-1.3534572,0.9920695,-0.948654,-2.0810091,-1.4813678,-0.23001796,0.05694781,0.2785372,-1.4594781
CAGGACCTCCGTCCAT-1_atac,-0.12350765,0.37810096,-0.6472862,-0.2957648,0.20624913,2.2252414,0.25268522,0.9213585,0.093549095,0.9032889,-0.8901868,-1.4669067,0.06680488,-0.21453328,-0.81606907,0.37305003
CAGGCTATCCGCAAGC-1_atac,-0.6477527,-0.2610615,-1.6772304,1.8995236,-1.5013945,0.030291893,0.23190568,0.44526643,0.85597706,0.15357682,-0.45977587,-0.15739802,0.7549878,-1.077201,1.1079947,0.04410896
CAGGGTGAGCATGTCG-1_atac,1.4937174,0.59115314,-0.99995595,-1.7329047,-0.17914654,-1.1774592,-2.2013772,1.1153791,0.8743388,0.23162366,-0.434811,0.8393135,0.6424842,0.55092657,1.8685367,0.23187287
CAGGTCCAGAGAGCCG-1_atac,0.78468186,-0.65644467,2.1142762,-0.8706608,-1.1367157,-1.8838242,-1.5647792,-1.5603559,0.8098721,0.69537896,1.302541,0.77047867,1.1171304,0.93085515,1.8349148,-1.885357
CAGGTCCAGGTCGAGG-1_atac,-0.009579473,-0.13642319,0.7942945,-0.847186,1.0019985,1.7576569,0.1416012,-0.5537461,0.8805969,0.20438059,-1.0225662,-1.3430358,-0.24171649,0.1113109,-0.5404558,-0.12458344
CAGGTGGAGCAGCTCA-1_atac,-0.2613712,0.15256174,-0.8063635,1.5876672,-0.6779651,-0.5693938,1.432525,-0.7287702,-0.46570018,-0.6851493,0.105750434,-0.024512317,-0.3582165,-0.89536035,-0.7401513,-0.80268455
CAGGTGGAGGAGGCAT-1_atac,0.31655103,-0.26335084,0.27537557,-0.42847413,1.087613,1.9162724,0.41341463,-1.0161308,-0.28387302,-0.66610533,-0.40603986,-0.69170684,-1.429912,-0.43327156,-0.8942169,1.1931816
CAGGTTTAGTATTGTG-1_atac,0.4132194,0.27670398,0.58222187,0.51662576,-0.8258091,-0.96729535,1.3738924,-0.11446768,-0.5585121,-1.5268904,0.7605567,0.66659135,-1.08174,0.1989788,-1.4771788,-0.8068061
CATAGACTCCATTACT-1_atac,0.7460882,-0.2778797,-1.2186762,0.27027184,-1.0497254,0.8396166,-0.9500075,2.4879215,0.26887816,-0.6775511,-0.038910247,1.2229209,0.40497833,-0.12058526,0.93686384,0.9431571
CATAGACTCCTACCTA-1_atac,-0.24811572,0.54676133,-1.2232562,1.6677384,0.03454083,-0.35601234,1.4326166,-1.2702352,-0.75935876,-0.5030671,0.1757657,-0.38988945,-0.6923031,-1.0722977,-1.090997,-0.8475442
CATAGGCGTCATCCTG-1_atac,1.4303932,0.92003965,-0.77844316,-0.22741182,1.6781952,0.73327816,-0.35809183,-0.5216383,1.3382794,-1.062379,-1.8420652,-1.5802349,-0.90465856,-0.6760529,1.2958355,-2.1866667
CATAGGCGTCCGTGAG-1_atac,-0.16738646,0.39872143,-0.59005064,0.16892861,2.165604,0.6887575,-1.1574591,-0.97359985,0.86432177,-0.50152653,-2.2252936,-1.9230386,-0.12351963,-0.48793632,0.24498478,-0.99708813
CATAGGCGTTACTTCA-1_atac,-0.8535235,0.16842514,-1.9435877,1.7763548,-0.89803153,-0.5367163,0.42738345,-0.20294292,0.09730531,0.94766706,-1.0390751,-0.3963583,1.2977135,-0.5665443,1.5345107,0.9726723
CATAGGTTCTGTTGCC-1_atac,-0.7024692,-0.3569896,-0.9998459,1.6528128,-0.6261846,-0.8317838,1.3295417,-1.2681172,-1.4166888,-0.55764186,-0.25135368,0.03441414,0.58344865,-0.71603787,-0.9662816,-0.3016951
CATAGTCAGCTCAAAC-1_atac,0.2531136,0.30414298,1.6033355,-1.46174,0.39116883,0.7456962,0.72820854,0.3305482,-0.77978826,2.725303,0.68640274,0.52110577,1.0365276,1.1239179,-0.30683586,2.3260741
CATATCGCAAATTCGT-1_atac,1.820573,2.2610998,-0.38898873,-0.20368506,1.0649225,-0.3880958,-0.18458138,-0.27137518,1.8422903,1.4865048,1.1029797,-1.9980426,-0.9462066,0.11508669,1.5494452,-2.1664093
CATATCGCACTAAGTT-1_atac,0.5631325,1.6130257,-0.29938704,-1.0297765,1.3482527,-0.8003086,-3.0844893,-0.4258959,1.2949369,1.0866895,-0.006914533,-1.2124199,-0.48036927,0.85732865,2.2919981,-1.1238183
CATATCGCACTTCATC-1_atac,1.4912472,0.111685015,-0.6913963,-0.98970824,-0.42891574,0.76337206,-1.0944198,2.6462724,-0.08654562,-0.95617133,0.10185997,1.256279,-0.30885893,0.10486408,0.9256903,0.62580734
CATCACACATGCTCCC-1_atac,1.2226346,0.44735885,-0.97601646,-0.46571857,-0.54491705,0.906816,-0.9719292,2.370602,-0.096633725,-1.2219769,-0.36540833,0.8120911,-0.6974285,-0.19699754,0.49276894,0.3756553
CATCATAAGTACTGGT-1_atac,-1.2672389,-1.4539331,1.6183692,-1.5040009,-1.2273861,-0.28104967,-1.1535313,0.10104643,1.5590316,-0.54988927,1.796494,0.9422082,0.26349565,0.09301579,0.28067863,-0.0435331
CATCATGCACTGACCG-1_atac,-0.41745064,-0.33523756,0.8837515,-1.2388484,0.44279546,1.8303683,0.90525854,0.42467192,0.10952697,0.7787457,-0.09761459,-0.79307747,-0.322159,0.13231061,-0.9401328,1.4723446
CATCCTCAGACTTATG-1_atac,-0.7356849,-0.19802815,-1.4445207,1.9503558,-1.2487841,-0.26324683,0.9890269,0.6280287,0.26502112,0.52006423,-0.4381038,-0.13747637,1.1390574,-0.67181873,0.8384142,1.0715052
CATCCTGGTACGGGTT-1_atac,-0.41947913,-0.4587151,0.5113492,-0.5410846,0.3584518,2.3619678,0.44842637,-0.14017744,0.8460514,-0.42920712,-0.86437845,-1.3567191,-0.96364224,-0.22211301,-0.9855073,0.5316561
CATCCTGGTTACTTGC-1_atac,0.39637357,0.40908507,0.5182359,0.6921541,-0.32299265,-1.0593042,1.640553,-0.35356912,-1.0191255,-1.3291994,0.6372984,0.28494957,-1.1849233,0.16116935,-1.9081521,-0.5695622
CATCCTTCACCCACAG-1_atac,-0.2580948,0.354756,0.014319638,-0.75595653,0.2564555,1.8169928,0.6025806,1.3692473,-0.29882532,0.2804702,-0.4210231,-1.0057826,-0.09179754,-0.12382302,-1.1753631,0.35768744
CATGCGCAGGAGTCGG-1_atac,-0.68954086,0.022552041,1.3147645,-0.88283986,1.4617276,0.11218454,-1.1434735,-1.1901625,-0.6710879,3.2188933,-0.1893249,0.02873754,1.6245985,1.4510397,0.32290527,1.1163183
CATGGATTCAAGCTTA-1_atac,-1.08054,-1.3653505,0.9914596,-1.6602255,-1.6994823,0.19247185,-0.5973131,0.76037145,1.0196145,-0.68160486,1.3103951,1.0931002,0.09371881,0.22077897,0.14142227,0.8621525
CATGGATTCATAACCA-1_atac,1.0616194,0.09191897,-0.1218636,0.9755858,-1.1995625,-0.32349083,0.69752735,0.94837403,-0.2602859,-1.4592006,0.67576325,0.9224429,-1.2849202,-0.3211861,-1.0855694,-1.0097526
CATTATCTCAGTTCCC-1_atac,-0.4321217,0.020379271,-0.6654216,1.6271435,-0.83432835,-0.9800133,1.554859,-0.9524829,-1.2177534,-0.3430037,0.42979077,0.023310238,0.0009617694,-0.37375173,-1.1462843,0.045637984
CATTCATTCGCATTAA-1_atac,0.7838606,2.0131507,-0.37603298,-0.39826033,1.4906934,-0.8396303,-2.6496844,-0.99755967,1.3559296,1.0680151,0.24721561,-1.6282321,-0.97794855,0.7548327,2.2975874,-1.0114493
CATTGCGAGCATGTCG-1_atac,-0.7379949,0.042938963,0.5100462,-0.4894322,1.9377961,0.9652004,-0.8056882,-1.1209296,-0.13741657,2.7684019,-0.3558568,-0.5962127,0.7682241,0.24853584,-0.37517053,0.5036777
CATTGCGAGTAACGGA-1_atac,0.69252884,0.020091241,0.41701218,-0.601366,2.1499977,0.91760445,-0.44249448,-1.0054797,0.95840245,-1.0347823,-1.5685422,-1.3657515,-0.39679846,0.29820156,0.119379655,-1.3334242
CATTGTAAGGACCGCT-1_atac,-0.8937976,-0.08962587,-2.1181557,1.5474613,-1.1823084,0.5384353,-0.19042581,0.94818956,0.9779487,0.052640557,-0.92533964,-0.5568095,0.57566077,-1.1563358,1.3255775,0.13619754
CATTGTAAGGCAGGTG-1_atac,0.37324837,0.07238339,0.4341724,-0.5426548,2.1694999,1.4822382,-0.17769744,-0.9055773,-0.039781082,1.6433481,0.04236683,-0.22576739,0.74355096,0.013437006,-0.43698674,-0.3962754
CATTTGTTCTAAGTGC-1_atac,1.1957505,-0.15856281,-1.0760106,-0.5806405,-0.7804812,0.4184986,-1.5130486,2.2226598,-0.15097733,-0.54088545,-0.024437489,1.4930568,0.40658545,0.35553753,1.1178159,1.2935169
CCAAACCCAAACGCGA-1_atac,-0.8819648,-0.14804712,-2.0826912,1.3585159,-0.788478,0.14137568,-0.46647295,0.82552046,0.66458845,0.55992913,-0.72395295,-0.3497939,1.2060813,-0.7333505,1.669525,1.1924031
CCAAACCCACCTGTAA-1_atac,-0.3659638,-0.18227506,-1.254239,2.1971114,-0.5216402,-0.34670964,1.9387437,-0.5240226,-0.080616266,-0.20855421,-0.81025195,-0.04214053,0.910355,-0.8281409,0.41476774,-0.15609184
CCAAACCCATAGACTT-1_atac,-1.1566148,-0.20289709,-1.4266946,2.0245473,-1.260522,0.737593,1.7277956,0.69046426,-0.08303888,0.19580573,-0.61252636,-0.60554,0.6903632,-0.97179633,0.16638026,0.7532406
CCAAATCAGGTCCGTA-1_atac,0.8122473,-0.16922551,-1.7005537,-0.026893947,-1.0947015,-0.793552,-2.1625729,0.76068246,0.9223196,0.13485378,-0.50981843,0.80377316,0.96905875,-0.06565508,1.968805,0.58433354
CCAACATAGGCCCAGT-1_atac,-0.31623903,0.0785001,-0.68296397,1.3460157,-0.956725,-1.6979257,0.6128047,-1.7364237,-0.48099214,0.39606643,0.21816446,0.21211699,0.54286885,-0.6796811,-0.16840892,-0.47008732
CCAACCAAGCGCTAAT-1_atac,-0.68823576,-0.0944606,0.6464934,-0.9706364,-0.29449567,1.5478394,0.17523582,0.77733374,0.4292136,0.053171244,-0.4310751,-0.9877078,-0.3520949,-0.080223516,-0.6415214,1.1575567
CCAACCCGTGCAATGC-1_atac,-0.4441661,0.17435092,-0.60286844,1.4686798,0.034354508,-0.24798608,1.6106335,-1.0014307,-1.1882467,-1.0936761,0.27447063,-0.023980461,-0.61932456,-1.0390887,-1.7916383,-0.7754573
CCAACCCGTGTGAGGA-1_atac,1.2637928,0.057351723,0.61896706,0.7832835,-0.6431987,-1.8648884,1.0048519,-0.24474724,-0.39958143,-1.0660205,0.7538064,1.2710553,-0.7845699,0.78769636,-0.97404367,-0.32191432
CCAAGTTAGTAACCAC-1_atac,0.11677326,-0.4798735,-0.45003814,-0.23402192,1.4241631,1.9432194,0.19556336,-1.1858046,-0.18391187,-0.2562516,-0.6493791,-0.93245614,-1.3038272,-0.630033,-0.8002908,0.86554796
CCACAGGGTTAGCGTA-1_atac,-0.71264046,-0.9097183,1.3859378,-0.98861927,-1.738036,-0.74453104,-0.12676103,-0.033164266,1.156691,-0.963958,1.5436821,0.5567475,-0.31269526,0.07686681,-0.4887948,-0.8047445
CCACATTGTATGTGGC-1_atac,-0.45473364,-0.2290511,-0.18953863,-0.31746772,0.2760387,1.7590922,0.07345851,-0.037500832,0.49736243,-0.21216062,-0.7624396,-1.381586,-0.6245145,-0.36494398,-0.6496068,0.18963341
CCACTTGGTGGTTCTT-1_atac,-0.5198413,-0.13987276,-1.7891042,1.7818834,-1.1589006,-0.56307936,0.27934468,0.07508069,0.6338989,0.55399805,-0.8492614,-0.309981,1.2395966,-0.69735545,1.4898872,0.41651362
CCAGACTCAGTTATCG-1_atac,-0.21647136,0.31670642,-0.8207095,1.7108301,-0.34080637,-1.5418851,1.4590602,-1.563421,-1.2090896,0.47737962,-0.19746521,0.1407834,0.57045555,-0.294912,-0.12569895,0.22131895
CCAGACTCATAGCGGA-1_atac,-0.1696338,0.06185533,-0.90250045,1.6277885,-0.36512074,0.16337301,2.2675426,0.022487205,-1.1879915,-1.1622727,-0.3271505,-0.22487062,-0.37095127,-0.69375455,-1.0953903,-0.40462133
CCAGACTCATTGCGAC-1_atac,0.5685049,1.0805358,1.2272748,-0.2339743,2.8924823,-0.58550626,-1.9177537,-0.27935827,1.0071381,0.9352708,-0.8377758,-0.9515556,0.67574316,2.215464,0.2917148,-0.93860286
CCAGCCTGTTCACCCA-1_atac,0.8270069,0.7256495,0.61910397,0.44495866,-0.52741367,-2.1941357,0.6735889,-1.0412245,-0.55514765,-0.20485686,0.92321473,1.0008562,-0.5909191,0.69419485,-1.2208794,-0.5607631
CCAGCCTGTTTAGCGA-1_atac,-1.6085931,0.3732395,1.4309306,-1.6372494,-0.08948003,0.03538668,-0.8882685,0.7238512,1.6047757,2.01818,0.15641886,-1.3865747,1.3201172,1.2619323,-0.08192313,-0.00060471846
CCAGCTAAGCCGCTTT-1_atac,-0.36726552,-0.5698363,1.0912299,-1.4047034,-1.2761009,0.11222373,0.2701975,0.8751696,1.1521435,-1.644753,0.96416205,0.7155646,-0.6389569,-0.057998493,-0.49145222,-0.69503224
CCAGCTGCACCAACCG-1_atac,0.95702136,0.3633964,0.17577335,1.1831077,-0.46926847,-1.0288374,1.1273652,-0.026955616,-0.44090244,-0.9700536,0.22279654,0.7069662,-0.38327146,0.3963483,-1.1133431,-0.39029187
CCAGGAACAAACTAAG-1_atac,0.11021457,-0.5182286,0.3184573,0.047646258,3.378257,0.63703746,-0.6095469,-1.8800756,-0.41281256,-0.028614324,-1.1274228,-0.8539508,-0.43870842,0.17760396,0.043509066,0.013484933
CCAGGAACATAATCAC-1_atac,-0.40859428,-0.27621335,-0.8528712,1.8601507,-1.5168393,-0.6211972,1.3235939,-0.22981948,-0.026402205,-0.36316746,0.117627874,0.17310612,0.1387653,-0.7459221,-0.1852559,-0.21036607
CCAGGATGTGGTGAGA-1_atac,0.12798409,0.0027312338,-0.9714152,1.7272869,-0.6111776,-0.19011797,1.7426139,-0.612302,-0.18048564,-1.1628872,-0.4801546,-0.028392306,-0.44309154,-0.72533673,-0.36605427,-0.7741183
CCAGGATGTTGGTTAG-1_atac,-0.35098955,0.4808077,1.0670508,-1.3636887,-0.2006836,1.973682,1.450568,1.1484451,-0.21352215,1.3199515,-0.17928001,-0.71902055,0.23144126,0.12654714,-1.2821339,0.9828303
CCAGTTTGTAGTCAAT-1_atac,0.035995983,-0.09302832,0.011269271,-0.38618758,0.3963272,1.8695567,-0.012869613,-0.21701136,-0.11227997,-0.7072581,-0.5769135,-0.63351697,-1.0939593,-0.20637162,-0.63062745,1.0369391
CCATAAGGTTTGTCTA-1_atac,1.3798064,-0.4300981,-0.41752303,0.4629414,-1.1692426,-1.503148,-1.4606651,0.51900905,0.326995,0.45569125,-0.2242426,1.8443981,1.689388,1.008861,1.8847125,0.9641347
CCATAATCAGCGCTTG-1_atac,1.5196515,1.5745281,0.03792997,0.12724224,0.79493904,-1.6695887,-1.4478471,-2.2265167,-1.6424247,2.0995257,-0.5046694,0.87629735,1.2390906,0.286434,1.7115382,-1.5652486
CCATAGCCAATAAGCA-1_atac,1.0507548,-0.2356631,-1.254534,0.047496997,-1.0368631,0.33990145,-1.2359151,2.2334142,0.04123,-0.3796725,-0.15728305,1.3024856,0.74987924,0.26968288,1.1571425,1.3620414
CCATAGCCAATTGACT-1_atac,1.4325418,0.37975094,-0.6105744,-0.31346613,1.884115,1.1555599,-0.2247845,-0.30143812,1.0272785,-1.9233425,-1.8627728,-1.2360171,-1.1053027,-0.40072984,0.3798393,-1.5734599
CCATCACTCGGTTTGG-1_atac,-1.067962,-0.4438487,-1.5964853,1.5623608,-0.9095516,0.4993543,-0.1709799,0.9333764,0.8949361,-0.29291517,-1.1693349,-0.35329628,1.206236,-0.9440785,1.6109475,0.59807605
CCATCATGTGCTTAGA-1_atac,-0.5372633,-0.20584683,-0.30496618,-0.46390656,0.7812811,2.0207286,-0.3984509,-0.4810065,0.5021706,1.2285422,-0.6959417,-1.3367417,-0.3834089,-0.24300328,-0.7557275,0.7028016
CCCAAACCAGAAATGC-1_atac,0.55858195,-0.8045685,-0.10484531,-0.22133549,2.4981945,1.4539858,-0.014439064,-1.2542317,-0.7389588,-0.4104149,-0.720968,-0.44762248,-0.98364323,-0.062466756,-0.5280726,0.70087945
CCCAAACCAGGATTAA-1_atac,-0.28619018,0.43590242,0.7299246,-1.377468,-0.011412278,1.3839227,0.83013576,0.5595531,-1.1385901,1.5151972,0.48249727,0.052860882,0.33044598,0.006114581,-0.89349025,2.1640942
CCCAAATAGTGAGCGG-1_atac,0.6211631,-0.12758891,0.21932971,0.800827,-1.1778274,-2.370556,0.2732626,-1.475383,-0.49471265,0.19964473,0.575409,1.0007498,0.72324735,0.31718862,-0.3633008,-0.20352918
CCCAACCGTCCTAAGA-1_atac,-0.25057486,0.10917132,-1.218212,2.0734868,-0.38323033,-0.6742376,1.1808642,-1.3056154,-0.0039157867,-0.42813054,-0.28149584,-0.07060595,0.1612345,-1.0859355,-0.01953312,-0.756095
CCCAGTTTCTGTTGCC-1_atac,0.8006499,-0.35942164,-1.2333378,0.7673443,-1.4163036,-0.1972872,-0.9764914,1.3856156,1.1554029,-0.59000015,-0.33996403,0.8062914,0.5240671,-0.17983542,1.690546,0.050888702
CCCAGTTTCTTGGACG-1_atac,-1.4051259,-0.48217922,-1.2624503,1.2291592,-1.4649962,0.6223029,0.67079085,1.0010074,1.0616863,-0.7979219,-0.34814745,-0.20577879,0.32351053,-1.4729909,0.8012602,-0.10874483
CCCATAACAGGAACCA-1_atac,0.8495558,-0.22571567,-0.8854763,0.37247574,-0.72791225,0.525835,-0.33367193,1.8868208,-0.07358071,-1.0947826,0.09923478,0.9652584,-0.22734419,0.15306257,0.6514421,0.52901226
CCCGTAAAGTTAGAGG-1_atac,-0.71639234,0.26072222,-1.8314424,1.8147805,-0.47392872,-0.44702289,0.9555945,-0.52750456,-0.06358898,0.9861082,-0.77664673,-0.69690675,1.2444885,-0.894493,1.0428759,0.51712775
CCCGTTGTCAACAAGG-1_atac,-1.0410123,0.31045124,1.354268,-1.1270893,0.5494376,1.3740498,-0.22199295,-1.0935494,1.3405321,1.1430258,-1.2884257,-1.631973,0.7764244,-0.0342776,-0.07770417,-0.6879409
CCCTCACCAACACCTA-1_atac,-0.95785326,0.019723974,-1.9624485,1.7823453,-0.9824603,0.07073949,0.40032247,0.32426706,0.5233309,0.300547,-1.0295202,-0.70197994,0.9676271,-0.98404545,1.3186177,0.6908244
CCCTCACCACTAAGTT-1_atac,-0.28879642,0.3796226,-0.64843845,1.1724576,-0.060373377,-1.5285734,1.2350997,-2.2407994,-1.0665016,1.1237707,-0.23432149,0.39298353,1.28418,-0.072403185,0.4427975,0.12849438
CCCTCACCAGGCTAGA-1_atac,1.3359498,-0.45563918,-1.226903,0.6990915,-1.2462406,-0.052230082,-1.1310147,1.7521491,0.6077513,-0.29818463,0.14271325,1.1785338,0.42367277,0.29892355,1.3898507,1.2047585
CCCTCAGTCATTTGTC-1_atac,-0.8731441,-0.30580455,-1.5078034,2.1838007,-1.3686615,0.33054632,1.2138107,0.4325255,0.42531508,-0.3959508,-0.38904142,-0.26814914,0.31134215,-1.3814815,0.24604881,-0.055090755
CCCTCATAGCTATTAG-1_atac,1.3995175,-0.07324297,0.060027324,-0.61704576,2.4639213,1.4506762,0.17847596,-0.75522226,0.24039766,-1.5902287,-0.7693061,-0.12415299,-0.61510897,-0.33124235,-0.2509655,-1.052067
CCCTGTTAGCTGTCAG-1_atac,0.3972581,0.25714663,0.0087480005,0.9026568,-0.69233423,-1.7530999,0.7135232,-1.4792954,-0.28343576,-0.34024835,0.6631159,0.49306515,-0.3047913,-0.1943219,-0.7925879,-0.9865306
CCCTTAATCGATCAGT-1_atac,1.4153225,0.22340283,-1.1805545,-1.2277001,-0.26361153,-0.016924772,-2.330956,1.5415858,0.3204125,-0.8324487,-0.34144294,1.0814962,0.005591777,0.06604378,1.7022986,0.36161467
CCGCAAATCTCGCCCA-1_atac,0.15264598,0.4972678,0.54047066,-1.4816511,-0.74814653,1.0623524,1.2744914,2.6592858,-1.195936,-0.25155064,0.57527035,0.0690673,-0.0926636,-0.036085285,-1.2024473,0.7273284
CCGCAAGGTTCAAGCA-1_atac,-0.44375408,0.12708266,-0.44804865,1.3575342,-0.58532095,-0.58997226,1.8232064,-0.6887671,-1.4663062,-0.85710955,0.5258248,0.014258489,-0.5459423,-0.63181984,-1.7918131,-0.33929873
CCGCACACATGAGCAG-1_atac,0.2607354,-0.5595718,0.1537031,-0.55511665,0.6927023,2.3988388,0.30202812,0.7232259,-0.20141871,-0.9643077,-0.45997465,-0.42711553,-1.2241528,-0.23408733,-0.73525697,0.9916776
CCGCCAACAACCCTCC-1_atac,-0.8779996,-0.0726129,-1.5385965,1.7700399,-0.9120078,-0.69608957,-0.04884924,0.005100698,0.41987196,0.2669184,-0.47418517,-0.07225356,0.95051754,-0.88703096,1.6028556,0.38496804
CCGCTAAAGCTGGAAA-1_atac,-1.4471642,-1.4688883,0.97580993,-1.2664521,-2.009023,0.28894797,-0.49239102,0.6138898,1.285936,-0.9040914,1.1148595,0.6391421,-0.037281167,0.054296717,-0.06095581,0.39986578
CCGCTAGCATGCTATG-1_atac,0.1731003,0.40993214,0.48349237,0.5247095,-0.6002444,-1.3776678,0.85670304,-0.82951796,-0.8360311,-1.0749941,0.97989136,0.5836975,-1.1181724,-0.04132337,-1.749984,-0.97542477
CCGCTTAGTATCTGGA-1_atac,0.1422239,0.54586023,-1.8849661,1.4021333,-0.69494486,-0.65363497,0.15311338,-0.40111473,0.73652244,0.8229763,-0.9069344,-0.689119,0.8929389,-0.802201,1.4417063,-0.09622527
CCGGTAGGTACTAAAC-1_atac,-0.09701026,0.03657205,-0.26505262,0.52515733,-0.91326284,0.6215238,0.22484463,0.55821824,-0.5586051,-0.40762138,0.0009023633,-0.074368045,-0.42502123,0.062104397,-0.81880707,0.15004693
CCGGTTAAGGAAGTAT-1_atac,-0.5402418,0.26485744,-1.7261937,2.0736632,-0.40021434,0.78085744,1.6522981,-0.01420182,0.16544707,-0.59572,-0.8217881,-0.69760776,0.12550989,-1.683062,0.122446105,-0.76744074
CCGGTTAAGGCCTAAT-1_atac,1.0655003,1.7879598,0.49591628,-0.53236973,1.3968579,-1.247236,-1.7580494,-1.6276543,1.3933526,1.2615861,1.3821254,-1.5431446,-1.2932057,0.48967943,1.7191534,-1.6350095
CCGGTTAAGTCAGGCC-1_atac,-0.6095979,-0.17364287,-1.5252118,1.2684604,-0.6639742,-0.60418606,-0.55977803,0.60403305,0.71533966,0.74166775,-1.0707474,0.0005445775,1.7676761,-0.037121978,1.6417458,1.4381478
CCGGTTAAGTTTGGTA-1_atac,-0.27496842,0.1390143,-0.4817005,1.2573657,-0.7893896,0.0024293307,1.4310315,-0.07360515,-0.76129085,-1.4680451,0.48769984,0.19013421,-1.0771141,-0.9448694,-1.793158,-0.788895
CCGTTACTCTAGCGAT-1_atac,-0.21308884,0.21030831,-0.607834,1.542362,-0.0650436,0.21350402,1.9683384,-0.49592414,-0.7716826,-1.4184579,0.029042989,-0.2280576,-0.732284,-1.0677996,-1.410243,-0.93440837
CCGTTATGTGCTTAGA-1_atac,1.6153716,1.0579423,0.1894203,-0.8514713,0.20283039,0.9766847,1.381593,0.6829914,1.1659324,0.4705233,-0.98257756,-1.1982543,1.0944973,0.4985924,0.34922147,-2.5288255
CCGTTTGGTCCTTAGT-1_atac,-0.588625,0.39380005,1.207179,-1.3894639,-0.28160584,1.6557393,1.2607082,0.83052826,-0.15283969,1.5702418,-0.004389677,-0.80250984,0.45158458,0.26464838,-1.0010251,1.1621561
CCTAAGCCAGTAGGTG-1_atac,0.7570101,0.27120024,0.46451053,0.8986005,-0.46546957,-0.9855861,1.2610122,0.08476263,-0.887802,-1.6919643,0.6720017,0.90632087,-1.1554487,-0.0077207386,-1.7095445,-1.1392634
CCTAAGCCATAAGTTC-1_atac,0.8478753,0.19164824,0.44468278,1.1451098,-0.52297676,-1.5627015,1.3951678,-0.18998407,-0.85678345,-1.2320057,0.45741168,0.86532307,-0.5480882,0.5331538,-1.2182739,-0.4193027
CCTAAGCCATTGTGCA-1_atac,0.7297045,0.036928043,0.2834956,0.7719478,-0.87188214,-0.25926045,1.0830978,0.6963552,-0.51619905,-1.5433981,0.66767067,0.933072,-0.51248395,0.045488536,-1.3392361,-0.57174474
CCTAAGGTCCTGGCTT-1_atac,-0.062191263,-0.38742942,-0.7476682,1.8147429,-1.3717204,-0.6552764,1.2531233,-0.014648771,0.12781021,-0.52563375,-0.17648001,0.5564481,0.33642253,-0.437966,0.17633593,-0.14774771
CCTAATCGTGTAACCA-1_atac,-0.49659073,0.2629601,0.899803,-1.680033,-0.19428195,1.2557564,0.7848774,1.0467633,-0.11429548,2.1347053,0.29752797,-0.022271264,0.79505455,0.41218415,-0.55461776,2.3410156
CCTAATCGTTAGGCTA-1_atac,0.68125,0.45046464,0.23236312,0.6864164,-1.0646355,-1.210026,1.055409,-0.18768585,-0.22567743,-0.72154015,1.2556906,0.6217661,-0.7241608,0.0004356429,-1.1098186,-0.95617384
CCTACTGGTCAAGTGC-1_atac,0.61232126,0.6589682,0.8950133,0.27734676,-0.10820276,-1.6984504,1.2173232,-0.8435435,-0.54679525,-1.2551059,0.81046665,0.7009707,-1.1031059,0.4790783,-1.4658456,-0.96939045
CCTACTTCATAAGCAA-1_atac,-0.22094828,0.21126081,-1.466791,2.0556118,-0.64647126,-0.5679336,1.4683595,-1.1269729,0.12628856,0.7507973,-0.38894758,-0.07401478,0.9427437,-0.9231326,0.5676251,-0.31641695
CCTATAGCAATTAGCT-1_atac,-0.31411242,-0.040955286,1.0683694,-1.0469608,0.7828105,1.5712385,0.19206941,-0.06928074,0.4285461,1.3433208,-0.4564648,-1.0067767,0.42036113,0.49985853,-0.5801721,0.55785924
CCTATATTCCTCACAC-1_atac,0.15061271,-0.3095965,1.9563783,-1.4785275,0.88617617,-0.69438356,-0.11110541,-0.1820853,1.2910764,-2.12634,0.39539158,1.2600813,0.253189,0.43477836,0.2359686,-1.9122546
CCTATATTCTAACCAA-1_atac,-0.9187896,-0.32892573,-1.8568738,1.8694607,-1.5064017,0.80760103,0.6493402,1.2188729,0.47529137,-0.09032113,-0.54540974,-0.3096603,0.50182277,-1.1314982,0.7102719,0.45654052
CCTATTGTCCCTCAAC-1_atac,-0.019649722,0.25426766,0.20096661,0.9257816,-0.726544,-0.3458184,1.5907508,0.19565581,-1.3954599,-1.3637016,0.6319424,0.5115221,-1.0844597,-0.19746944,-2.1981087,-0.28465626
CCTCAAACATCGTTCT-1_atac,1.324818,-0.65594506,-0.6782615,0.7861054,-1.3802446,-0.37466848,-0.6547092,1.8156971,0.9191543,-0.47575048,0.14246829,1.689064,0.7552881,0.41345745,1.4177852,0.8394755
CCTCAATGTTGGATAT-1_atac,0.09995523,0.26730222,-1.330079,2.136146,-0.46656698,-0.53543115,1.605337,-0.6060143,0.5941371,0.0088930465,-0.71182495,-0.0042968877,0.6471584,-0.866136,0.7542498,-0.53501356
CCTCCTCTCGTGCTAG-1_atac,0.018366404,0.028902555,-0.65860975,1.5690348,-0.0050076884,-1.3797494,1.4925046,-2.042077,-0.7956105,0.202011,-0.37286663,0.57103926,0.9198125,-0.24280891,0.2616895,-0.36792582
CCTCCTGAGTTCCTCA-1_atac,1.3542715,0.22519581,-1.1613765,-1.2138501,-0.20212738,-0.36436954,-2.5403275,1.3260751,0.1602978,-0.28645763,-0.4916139,1.189491,0.6344559,0.17907721,1.8144447,0.62934023
CCTGAGTCAGGCCAAA-1_atac,0.41382575,-0.52039003,-1.2724899,1.2041783,-1.8345046,0.30026582,-0.13227573,2.0129256,0.7218678,-0.34332168,0.38754463,0.7682696,0.3191706,-0.31425458,0.78990704,0.74026024
CCTGATGAGGGACGCA-1_atac,-0.44687718,-0.07563168,-0.58691406,-0.42117292,0.63938457,2.2660985,-0.23822974,-0.1472094,0.40481955,0.8799041,-0.621446,-1.277597,-0.49701408,-0.68094784,-0.56080055,0.8739729
CCTGGATCAGTTTACG-1_atac,-0.002290234,0.18810079,0.0855544,0.6943388,-1.0034449,0.5067052,0.908407,0.97689825,-1.0721924,-1.5421486,0.75227463,0.33501506,-1.4919271,-0.6190504,-2.058176,-0.73974967
CCTGTAACAGGTTAAA-1_atac,-0.3661222,-0.26543948,-1.3252343,1.8346993,-1.1636999,-0.67208993,-0.037904866,0.56266594,0.2633361,0.84221214,-0.6179005,0.5185087,1.7339242,-0.04134698,1.5722196,1.3559477
CCTGTTGGTCACAGCG-1_atac,-1.5656304,-1.6149193,1.0694678,-1.1850219,-1.7276641,0.47200504,-1.1056132,0.42793006,1.4158205,-0.49829775,1.0829016,0.6146759,0.30982575,-0.085619524,0.16950788,0.4132435
CCTTAACGTTACAACG-1_atac,0.975722,1.3613766,-0.32018912,-1.4156679,-0.31760502,-0.2637814,0.79736495,1.517084,1.9297265,1.867394,0.53109145,-1.2104534,1.2744975,0.6583195,0.5406929,-1.2491497
CCTTAGTGTCACTCGC-1_atac,-0.58708763,0.5562437,0.9070426,-1.9764242,-0.6273655,-0.805553,1.4719464,1.8628436,1.5722185,0.72835886,0.6869058,-0.7744006,0.80166864,1.4335263,-0.5536786,-0.050936557
CCTTAGTGTCCTAGTT-1_atac,-0.8155725,-0.29616645,-1.3569963,1.6136833,-1.7543548,0.77784324,1.0880373,1.3849764,0.1392811,-0.0753614,-0.16235505,-0.2463504,0.5664209,-0.8824184,-0.016871538,0.49922308
CCTTAGTGTCTATCGT-1_atac,-0.09360396,-0.124759845,-0.6343487,2.0116167,-0.7997119,-1.2094967,1.7233399,-0.5688573,-0.7858484,-0.1428332,-0.3639994,0.31269217,0.4235845,-0.16198784,-0.3285796,0.3681287
CCTTAGTGTGTGTCCC-1_atac,-0.43002552,0.22358319,-1.9889818,1.4256186,-0.9592486,-0.6191574,-0.31351662,-0.51197493,0.5259666,0.8566783,-1.322971,-0.46652955,1.3171732,-0.81724346,2.0322535,0.10937831
CCTTATGTCACACAGT-1_atac,1.2785267,-0.23798387,-0.9488262,0.007744588,-0.9093562,-0.70875055,-1.7493011,1.3984058,0.35685635,-0.058469944,-0.21034251,1.6136482,1.1945926,0.6692646,1.9691417,1.0580899
CCTTCGGTCACAGACT-1_atac,-0.07521712,-0.26838717,0.48995605,-0.67710483,1.1263801,1.933287,0.32780954,0.15214142,-0.058408346,0.14035448,-0.3916914,-0.9788986,-0.64440453,0.10841359,-1.1511272,0.3841496
CCTTGCGTCACAGGAA-1_atac,0.54261553,0.19481856,0.15425757,0.92783374,-0.7978988,-1.576448,0.8926478,-0.8815688,-0.46166155,-0.6871565,0.8322327,0.65242773,-0.6602921,-0.042362317,-1.2310954,-0.8313972
CCTTTAGTCGATTATG-1_atac,1.5647484,0.16551223,-1.1176914,-1.2165337,-0.3363313,0.2928869,-1.7815086,2.080093,0.08813138,-0.8310387,-0.18406788,1.1711396,-0.17234984,0.12069306,1.3358653,0.45605057
CCTTTAGTCTAGCTAA-1_atac,-0.57335484,0.35947192,-1.4573042,1.2917637,-0.69534725,-1.0959771,0.38706973,-1.1365889,0.31660733,1.1972163,-1.0696073,-0.6054836,1.2077475,-0.7454955,1.40846,0.29803815
CGAAATGAGGGCCATC-1_atac,1.355389,-0.18324545,-1.0364816,-0.18610473,-0.90372634,-0.50405276,-1.8810291,1.5167521,0.3756254,-0.09008117,-0.15490009,1.5548254,0.9434435,0.5623047,1.8857101,1.0604815
CGAAATGAGGTTAGCT-1_atac,0.52249783,-0.6093845,0.047982346,-0.54939914,1.0104,1.9961246,-0.020415645,-0.060910363,0.009692632,-1.9580467,-1.0008698,-0.5743313,-1.4844548,-0.28836536,-0.65166986,0.25264588
CGAAATGAGTGAACCT-1_atac,0.09921086,-0.30247006,0.71376115,-0.7399755,1.1093057,1.7382252,0.121293,-0.20052685,0.6929861,-1.0636989,-1.066214,-1.1789384,-0.79150134,-0.024656756,-0.7403769,-0.354017
CGAACAAAGGAACACA-1_atac,0.20485532,0.40334612,0.20131402,0.6360644,-0.83905095,-0.35807723,0.94829136,0.25499406,-0.95991135,-1.2872782,1.1452099,0.48192155,-1.3976178,-0.590934,-2.0427907,-1.1769094
CGAACAAAGTCATTTC-1_atac,-0.7048974,0.18130502,0.9256843,-0.63737243,1.8063346,0.779525,-0.8919589,-1.0159678,-0.2822615,2.9677222,-0.20245479,-0.34484258,1.031185,0.5476267,-0.20472251,0.5282458
CGAAGGCCAACCTAAT-1_atac,0.081642926,0.18143123,1.1601512,-1.2687137,0.23381624,1.6587625,0.97998714,0.516479,-0.29929733,1.6683463,0.07526461,-0.3194432,0.41330397,0.36671025,-0.66659415,1.6665978
CGAATATGTGTGAGGA-1_atac,0.42954677,-0.035645995,-0.41777846,-0.303339,0.64155865,2.4979799,0.15448046,0.586074,0.32086447,-0.80247396,-0.84920543,-1.2049739,-1.0657965,-0.46183684,-0.8420989,0.008511883
CGAATATGTTCATTTG-1_atac,-0.3280293,0.9275657,0.9310782,-1.1973088,-0.12516585,1.346959,1.0540837,1.6561332,0.5635774,1.662291,-0.5883908,-1.3235769,1.1593808,0.45641834,-0.6388155,-0.36991397
CGAGGCAAGTCACCAG-1_atac,-0.025785282,0.3257764,-0.15545732,0.9593662,0.32823998,-1.7546648,0.7356846,-2.7318466,-0.92484176,0.74235857,0.020233609,0.4403993,0.832733,0.059722297,-0.30896908,-0.65608454
CGAGGTGAGGTCAAAG-1_atac,-1.4422126,0.6083169,1.0973761,-1.7386955,-0.11258651,-0.09460683,-1.0791641,0.95329934,1.5245855,2.240376,0.22462255,-1.2554929,1.3725218,1.4842441,0.18571766,0.06865406
CGAGTCGGTATTCGCT-1_atac,-0.62066025,-0.034948908,0.8991741,-0.42372054,2.9020457,0.35182092,-1.093852,-1.4638996,-0.095480934,1.7432799,-0.47228625,-0.93344545,0.7916659,0.52808875,-0.13901316,-0.48493305
CGAGTCGGTGGCTTCC-1_atac,0.52383256,0.46511728,0.35962772,0.4845395,-0.43661666,-2.2870202,0.1281173,-2.2914073,-0.61570334,0.34286058,0.72534686,0.44160524,-0.22039858,0.105742976,-0.5632422,-0.8799781
CGATGTCCAAAGCGCA-1_atac,1.068889,-0.24700354,-1.3916936,0.0030889136,-0.9901479,-0.2460962,-1.7093687,1.5721917,0.70817184,-0.54494977,-0.28001046,1.1071174,0.56979316,0.06964829,1.8566669,0.68243
CGATGTCCAACTAGCC-1_atac,1.3629245,-0.43133616,-0.59505826,0.8927851,-1.4024459,0.3299995,0.09623398,2.3298943,0.49625978,-0.40077132,0.32771963,1.6328268,0.3375247,0.32803243,0.71037006,0.87056905
CGATGTCCAAGCTACC-1_atac,1.0480969,0.49007818,0.5219972,0.6835445,0.005935328,-2.4592102,0.8332475,-1.6516997,-0.16748641,-0.09894849,0.7207323,0.7965749,-0.09634243,0.6028608,-0.30961528,-0.6110614
CGATGTCCAATTAGCT-1_atac,0.22540556,-0.33065146,-0.008182637,-0.31118527,1.3036852,1.878674,-0.06913021,-0.66621095,0.214581,-1.3571634,-1.058094,-1.0548567,-1.7352449,-0.4425819,-0.68011683,0.23960304
CGATGTCCAGGCTTGT-1_atac,0.867629,-0.55190915,-0.55751383,1.436619,-1.3554788,-0.90223455,0.10197565,0.7819359,0.8875612,0.117422834,-0.57956517,1.0834924,1.5314,0.7824317,1.4608667,0.9783043
CGATGTCCAGGTTAAA-1_atac,-0.69749904,-0.18889299,-1.5634114,2.0000377,-1.3668805,-0.207719,0.8991603,0.059529252,0.23394379,0.40842652,-0.5057077,-0.18394108,1.0321887,-0.9280744,0.93185973,0.38704652
CGATTCCTCAGCACCA-1_atac,-0.3484428,-0.1425318,0.4794087,-0.89629126,0.44810125,2.3047554,0.37616524,0.06345912,-0.12341625,0.61250436,-0.11800226,-0.36152837,-0.5781894,-0.16402781,-0.8237168,1.6431538
CGATTCCTCTTGATGA-1_atac,-1.0724818,0.70861363,0.17947018,-0.62826455,1.1822485,0.5436584,-1.4262372,-0.40521577,0.5605919,3.1833127,-0.6660636,-1.0302515,1.5583594,0.37820435,0.106284566,-0.34641525
CGCAATCCAATATACC-1_atac,-0.76698226,0.2527172,-1.7298002,1.2520094,-1.0580235,0.5228666,0.4940309,1.4081687,0.46270767,0.7530014,-0.55407804,-0.8262371,1.0503286,-0.7902848,1.1909704,1.0095574
CGCAATGTCCCATAGG-1_atac,1.0147066,0.2866586,0.49831367,0.7810931,-1.1663969,-2.2358491,0.4638651,-0.53076863,-0.31378028,-0.19295645,0.92624295,0.9138977,-0.25215745,0.703332,-0.5982754,-0.595298
CGCAATTAGCTTAGCG-1_atac,0.5450567,0.64673907,0.29460725,0.7189063,-0.23985168,-0.8765544,1.5258023,-0.15345556,-0.8358931,-1.212311,0.8690015,0.4803325,-1.2682397,-0.029095449,-1.7954489,-0.8664486
CGCATGATCCCTGGTT-1_atac,1.4116931,-0.3065671,-0.98478293,-0.10886593,-1.1614524,-0.4579251,-1.3795903,1.7263573,0.6430763,-0.42448604,0.009190499,1.707491,0.7128114,0.46826583,1.560049,0.9928161
CGCATGATCGTTATCT-1_atac,-0.85422885,0.94237125,0.12911703,-0.78713226,0.5348024,0.7963265,-0.72430944,0.52655935,1.5921277,2.2841668,-0.5887324,-1.9869711,1.0479306,0.7131494,-0.33607528,-0.8793855
CGCATTACAGGTCCTG-1_atac,0.09382074,-0.22497134,-0.12630656,-0.21708319,0.5158302,1.2617319,0.5784364,-0.009252115,-0.31654572,-0.25384971,-0.18988991,-0.46575758,-0.08322474,0.18659146,-0.7076907,0.26438263
CGCATTACAGTTGCGT-1_atac,0.62052804,-0.4551094,0.29862475,-0.046616953,3.0464385,1.0127221,-0.10849785,-1.4088199,-0.4843554,-0.44309205,-0.9224891,-0.7045935,-0.725495,0.11793894,-0.385592,0.19285917
CGCCACACAACTAGAA-1_atac,0.6930476,0.61473393,0.5036021,0.7812687,-0.4099402,-2.4659612,0.2576604,-1.9782993,-0.52318716,0.24945857,0.6364386,0.69760066,0.13681155,0.21572453,-0.24517265,-0.8070535
CGCCACACACAATGTT-1_atac,0.35280544,0.027760003,-0.12948838,0.86896956,-0.9818013,-0.8404647,0.7437222,0.14182411,-0.5410357,-0.40583488,0.5152021,0.23056011,-0.08486688,0.11421825,-0.5943935,-0.08122139
CGCCTGTGTGCTAGAC-1_atac,0.3810308,-0.23957163,-0.9497515,0.30590138,-1.2034134,0.9011461,-0.67655104,2.5517244,0.17373759,-1.0605507,0.20344177,0.7464696,-0.29351044,-0.52975476,0.41363385,0.43979064
CGCCTGTGTGGTTCTT-1_atac,0.77714163,0.7859811,2.060534,0.20911415,3.444546,-1.3136811,-1.6395174,-0.59006786,-0.5037395,1.4433252,-0.9609693,0.33587503,0.7094281,3.1087763,1.0189844,-0.17396346
CGCTAACCAATTGCGC-1_atac,-0.1414955,-0.14485227,0.08306017,-0.46468747,0.44141373,2.388505,0.32885706,0.046249658,0.90196526,-0.24999245,-1.1915954,-1.5792779,-0.97387046,-0.49744132,-0.78115165,0.08313394
CGCTAACCATAATGTC-1_atac,0.78370315,0.08153516,-0.64776784,-0.36786643,0.94582754,2.1662192,0.128332,-0.362817,0.67547613,-1.0643212,-1.1134344,-1.2139705,-1.2569034,-0.76037383,-0.32865253,-0.42083326
CGCTAATAGCGCTAAT-1_atac,-1.0579906,-1.0660447,1.2233772,-1.0478954,-1.8622603,0.40219647,-0.020279583,0.76785076,0.91573024,-1.0910797,0.90617263,0.44924963,-1.0070294,0.07849589,-0.82299054,-0.10130517
CGCTAATAGTGAGGTA-1_atac,-0.5513474,-0.2609243,-1.2349324,1.9741853,-0.7966427,0.6964344,2.1718583,0.82753026,-0.2363167,-0.63077146,-0.32575822,0.0135429595,0.40072334,-0.9128064,0.26311183,0.38096297
CGCTACTTCGTTACAA-1_atac,0.9217486,-0.18015037,-1.2131898,0.35510874,-1.148283,0.9203481,-0.6497745,2.5966651,0.005102223,-0.60980445,-0.09936877,1.0381966,0.23559657,-0.033332072,0.8206485,1.3200833
CGCTCAGCACAAAGCG-1_atac,0.45675212,0.52177745,0.25826907,0.7551903,-0.63004106,-1.9131781,0.678463,-1.0460068,-0.45821404,-0.45398262,1.1292788,0.33873126,-0.8261257,0.118698575,-1.2356809,-0.8190341
CGCTCCATCACCGGTA-1_atac,1.4272213,0.11252392,-1.2429723,-0.9135405,-0.56575704,0.36243817,-1.7243024,2.2136798,0.18915953,-0.69806224,-0.23467134,1.0738317,-0.09183231,0.08563705,1.2770213,0.71146184
CGCTGTGCAATCGCAC-1_atac,-0.1167837,-0.11698317,-0.80491614,-0.20465137,1.670696,1.7821003,-0.8248286,-0.4289253,0.5143386,0.7351347,-0.91667414,-1.4113711,-0.37335664,-0.34427005,-0.62250614,-0.103478454
CGCTTAACACTTGTTC-1_atac,-0.011019653,0.3851917,0.628257,-1.0296353,0.0809234,1.5647293,0.98286974,1.1640333,-0.45193452,1.9140979,0.13658147,0.0023454959,0.75896317,0.370624,-0.58913916,2.4405572
CGCTTACTCCTGAGTG-1_atac,1.0053163,0.5715342,0.41439414,0.48825544,0.086174145,-2.637285,-0.8980447,-2.3258197,-1.4259896,1.1294457,-0.3934731,1.3652214,1.550073,0.5586096,0.6996994,-1.5000157
CGCTTCTAGTCATTGA-1_atac,-0.25011396,-0.4575814,0.081334636,-0.308769,0.41557667,2.3369582,-0.23039408,-0.02279549,0.16490889,-1.1684263,-0.8349984,-0.9990196,-1.5927001,-0.6232733,-0.7542733,0.82926035
CGGAATCGTGAGCAAG-1_atac,1.0353538,-0.30046988,-1.0897272,-0.07966896,-0.7759498,0.14595154,-1.5130497,1.985088,0.16656609,-0.65497416,-0.2741138,1.4842389,0.9030128,0.26082286,1.623918,1.3095789
CGGACAACACCCTCAC-1_atac,-1.2666682,-1.1341652,1.7918204,-1.8829691,-0.4939074,-0.8312954,-1.9201239,-0.59646815,1.2881968,-0.3491672,1.5020978,0.9310907,0.8871263,0.17008352,0.9926085,-0.71359336
CGGACCTAGGATGATG-1_atac,-0.84176207,0.6401442,1.4482425,-2.475873,-0.23159137,-1.5127162,0.25687775,1.1123654,1.9352034,1.5785756,1.1672477,-0.73802,1.4871738,1.8672311,0.39206922,-0.5330942
CGGAGCAAGAGAGCCG-1_atac,-0.16953093,0.32760742,-1.0426226,1.6559592,-0.061257605,-1.1700466,0.8027586,-2.0417304,-0.6023494,0.24789992,-0.062333796,-0.13491003,0.23019727,-0.85910875,0.24725401,-0.9500968
CGGATAAAGCCATCAG-1_atac,-0.06254403,0.31884372,-0.10891211,1.162142,0.27470475,-0.81744194,1.69506,-0.8706862,-1.5145216,-1.1590595,0.38151854,0.18043122,-0.69513816,-0.31971562,-1.9143978,-0.6210023
CGGATTAGTTTCCTCC-1_atac,0.5003155,-0.6691311,-0.27064943,-0.044069916,2.5631971,1.1506256,-0.39400187,-1.7410101,-0.33939722,-0.5919901,-1.0699574,-0.790718,-1.1862447,-0.17561078,-0.37151676,0.44594538
CGGCAATGTGTGCAAC-1_atac,-0.6997,-0.29682046,-1.3374736,1.9481614,-1.1086774,0.9251519,2.0990477,0.7681782,-0.29435578,-1.1539009,-0.2862583,-0.12536496,0.043028884,-1.0232437,-0.5131163,0.054432433
CGGCTCACATGAATCT-1_atac,-1.0067997,-1.3507227,1.6861846,-1.6772125,-1.392497,-0.58099085,-0.7191032,0.15655081,1.7239631,-0.82822055,1.7248902,0.6896757,0.04871863,0.26969105,0.090634584,-0.66844964
CGGGACAAGACAGGTA-1_atac,0.8893031,0.36099753,0.49776,0.75808704,-0.7689347,-2.602319,0.3303392,-1.4410609,-0.6225815,0.47818103,0.4221968,0.8476873,0.4422359,0.73296547,-0.20408772,-0.45267498
CGGGACAAGCCTAACG-1_atac,-1.0838748,-1.1717963,1.6464366,-1.6596895,-1.668378,-0.23820956,0.1401002,0.50467867,1.2909952,-1.198633,1.368883,0.7059451,-0.6445769,0.11399115,-0.904371,-0.24486002
CGGGACAAGCTCGCTT-1_atac,0.3685393,-0.39241633,-0.030403508,-0.34364784,1.1878961,2.0535805,0.3791464,-0.02844743,-0.8643915,-1.4077195,-0.25896317,-0.19970262,-1.4508564,-0.57440716,-0.8634585,1.2500691
CGGGCTTAGCTCATAA-1_atac,-0.41915753,0.28974143,-1.1938936,1.5357361,-0.40971234,-0.17849365,1.2929494,-1.2011943,-0.584422,-0.3047024,0.3541823,-0.18373181,-0.29114503,-1.3249829,-0.91126925,-1.1008354
CGGGCTTAGTAGCGGG-1_atac,-0.6773778,0.20858563,-1.4262968,1.8859645,-0.7428493,-0.59231174,1.0063881,-0.6133798,-0.09925625,0.8500993,-1.1075112,-0.22658584,1.4953266,-0.6922242,1.5455666,0.50228727
CGGGTATGTTACTTCA-1_atac,0.44229215,-0.24006128,-0.6443422,-0.031882618,-0.5181283,0.28223523,-1.025116,1.5654737,-0.27915308,-0.79185855,-0.1086817,1.0339677,0.41911742,-0.005472269,0.7167722,0.7579391
CGGGTCTAGCAACATC-1_atac,-0.0074668825,0.10977425,-0.54311657,1.4737331,-1.0881637,-0.11853365,1.3475331,0.16306053,0.029869057,-1.0908742,0.39345998,0.25427842,-0.79858327,-0.7772778,-0.78406626,-0.8278079
CGGGTCTAGGTCTTGG-1_atac,1.0280944,-0.13816142,-1.5609231,-0.2898479,-0.8665381,-0.05737117,-1.7616427,1.7443113,0.6111931,-0.3741455,-0.37490985,1.1122695,0.64294344,0.03214448,1.6920006,1.0238631
CGGTGAACAAGTTATC-1_atac,-0.9734906,-0.15594596,-1.8170775,1.9117337,-1.0376416,-0.13963288,0.61155564,0.029659439,-0.062256947,0.59518385,-0.68338776,-0.065264836,1.280991,-0.8764189,1.312681,1.159677
CGGTGAGAGCGAAGTA-1_atac,0.5081686,-0.72923374,0.32953748,-0.11937693,3.3252895,0.64853203,-0.28959787,-1.85196,-0.7905957,-0.22817844,-0.9069662,-0.36052614,-0.59581673,0.23339619,-0.11582359,0.38746643
CGGTTCCGTGCTTACT-1_atac,0.5080578,0.015256168,-0.3645566,1.2005606,-0.89294213,-0.3970635,1.5307498,0.4840879,-0.8728174,-1.0150951,0.3499958,0.2501923,-0.34242952,0.16606513,-0.90142274,0.12944879
CGGTTTGAGCATCCAG-1_atac,-0.230176,-0.0300142,-0.93648744,1.8191944,-1.0650905,-0.12884142,1.5378842,-0.05005996,-0.24608684,-0.89986247,-0.045270592,0.15400118,-0.41479206,-0.8686547,-0.5931337,-0.49634746
CGTAACCCAAGGTGCA-1_atac,-0.93514395,-1.0093547,1.376052,-1.8764452,-0.5431199,-0.20146903,-1.7219809,0.38374802,1.2357535,-0.46671277,1.6297565,1.3568016,0.53131455,0.4778891,1.1675247,0.14552699
CGTAATGGTGGTTAGC-1_atac,-0.35703653,0.24627732,-1.2183074,1.6573809,-0.002273345,-0.71267956,1.1470221,-1.897057,-0.9904058,-0.14370523,-0.36101308,-0.4037495,-0.1887147,-0.9272012,-0.61697567,-0.57185006
CGTACGGGTAGTAAGA-1_atac,0.5275756,0.23457016,-0.82066697,0.94939023,-1.3369389,-1.5992602,-0.3442927,-1.0704648,0.59362775,0.19021377,0.36902857,0.18547231,0.08663887,-0.68168044,0.49334273,-0.7345646
CGTACGGGTTCCGCAC-1_atac,-0.2104647,-0.38351226,-0.98907894,2.1046214,-1.5146675,-0.5195537,1.1385236,-0.0055804458,0.51799494,-0.09658626,-0.20887792,0.3069851,0.7911705,-0.57372886,0.8457037,0.018355627
CGTAGCGGTAATGGAA-1_atac,-1.4081279,-1.2891151,1.2186146,-0.806148,-2.0595584,0.20787841,0.012589241,0.79114926,1.4186077,-0.9348819,1.049268,0.36185563,-0.41921592,-0.08331269,-0.8437955,-0.03920986
CGTCAATAGTCCTTCA-1_atac,-0.72952,-0.016972316,1.0340645,-0.8318011,1.0128307,1.2242786,-0.3875544,-0.90850675,0.14983213,3.0218387,-0.041802015,-0.48844823,0.9041437,0.53302467,-0.14552726,0.93075085
CGTGCTGCAACACCTA-1_atac,0.9989367,0.86762047,-0.82648313,-0.34963322,2.0327437,0.85678834,-0.81284666,-0.7144763,1.4110353,-0.67803806,-1.958864,-1.7955183,-0.54953617,-0.5710465,0.801083,-1.734083
CGTGCTGCAAGCCACT-1_atac,0.77070343,0.37760696,-0.19642706,0.9705629,-1.0784853,-1.7343497,-0.116413064,-0.91052383,0.36595857,-0.069512405,0.9101801,0.5231009,-0.845772,-0.48896918,-0.2785662,-1.1887046
CGTGCTGCATGTGGGA-1_atac,-0.3193673,0.25924253,-0.3475351,1.0652179,-0.67427075,-0.66625196,1.365829,-0.86213887,-0.73830754,-0.8834141,0.58980685,0.06640437,-0.81055945,-0.791649,-1.511927,-0.8690625
CGTGCTTTCCACAATA-1_atac,0.24356852,-0.16599241,-0.5294815,1.1948062,-1.163839,-0.4426485,0.8155177,-0.14837508,-0.34449798,-0.506639,0.38937223,0.17510357,-0.24603677,-0.069458425,-0.9494312,-0.1221261
CGTGCTTTCGGTAACT-1_atac,-0.01946079,0.27235663,-0.5762824,1.1244177,-0.3128286,-1.8551682,0.33968213,-2.4983866,-0.6228872,0.84851044,0.44271562,0.27894172,0.67302907,-0.33966485,0.02643336,-0.6674401
CGTTAAATCCACCTGT-1_atac,0.52141327,0.7228259,0.7789367,0.56654185,0.12417919,-1.9275143,1.3111689,-1.1914729,-0.89182353,-0.4806081,0.7142173,0.5180093,-0.58977216,0.55562145,-1.2976122,-0.88426006
CGTTAACAGCTTAGCG-1_atac,0.19231892,0.45349386,0.57112694,0.5508785,-0.2458888,-1.0166508,1.3548839,-0.27659032,-1.4722683,-1.3789499,0.8352539,0.49621817,-0.94613653,0.015153475,-2.184782,-0.853284
CGTTAGTAGGCCCAGT-1_atac,-0.13205951,-0.6041379,-1.089152,1.7867624,-1.683355,0.41735506,0.94726455,1.5239136,0.6537409,-0.91112536,-0.18826456,0.5990928,0.123439,-0.62610024,0.39108333,0.26319495
CGTTTCTCAGCTAACC-1_atac,-0.3076267,0.5890462,-0.23795784,-0.9491564,0.2558591,1.3871734,0.075825766,0.84399474,1.7132411,0.7895297,-1.0521348,-2.1781614,0.5568861,-0.023850871,-0.058130004,-0.83345747
CGTTTCTCATACTCCT-1_atac,0.8119425,-0.20034258,-0.7800399,0.72368383,-0.81417966,0.6265515,-0.3609121,1.9676608,0.14416727,-1.0421045,0.15117928,1.0671223,-0.32072487,0.019707013,0.48293775,0.20149358
CGTTTGGAGTCATCCC-1_atac,-0.08062503,0.79873216,0.7971386,-1.1854101,-0.62085444,1.5267853,1.5511384,2.5638664,-1.1292932,-1.0524673,0.85802287,0.3497154,-0.7917493,0.01709938,-1.3790884,0.6637948
CGTTTGTGTCAATGTG-1_atac,-1.6817589,0.31973833,0.6135374,-1.0877339,-0.11716536,0.7138788,-1.0323602,0.7550122,0.8737286,1.2836145,0.5244384,-1.355119,0.09645319,0.4196013,-0.74369425,0.1559951
CGTTTGTGTTTGCAGA-1_atac,-0.99138296,-0.46080136,0.686587,-1.1186588,-1.1332163,-0.27038386,-0.023415469,0.32513598,0.7177477,-0.8815649,0.8735665,0.43694043,-0.05951843,0.41879934,-0.15781456,-0.4638759
CTAAAGCTCAATGAGG-1_atac,1.5286672,0.08747167,-1.0635797,-1.1323652,-0.28354096,0.4501808,-1.8018708,2.0282228,-0.071716905,-1.0337734,-0.018526671,1.1352435,-0.39739287,0.09341452,1.2778356,0.64681846
CTAAAGCTCCTCCCTC-1_atac,-0.9046333,-0.30776706,-1.287478,1.6089654,-1.3781563,0.84717244,0.89944035,1.4861909,0.38899133,-0.6447847,-0.7182553,-0.2809969,0.017969444,-0.81215805,0.35116205,0.41139132
CTAAATGTCAATCATG-1_atac,0.47938657,0.16805239,0.032385364,0.90331054,-0.8609932,-0.5525986,0.89553726,0.23038033,-0.64173025,-1.505918,0.9481542,0.90804356,-1.0493062,-0.24899845,-1.625936,-1.011529
CTAACCACAGCTTAAT-1_atac,0.5864817,0.29865718,0.52104044,0.3666363,-0.6067125,-2.373657,0.32120988,-1.6463219,-0.66364205,-0.051102597,0.83754367,0.66526085,-0.3413235,0.27911997,-1.0799283,-0.63738835
CTAACCTGTTCCGCAC-1_atac,0.40228108,-0.50005287,-0.6216867,-0.082392946,1.5775046,1.724747,-0.24726048,-1.2611898,0.21039283,-0.5611776,-1.4273554,-1.0608963,-0.79447293,-0.22222435,-0.13440341,0.42987114
CTAACCTGTTGGTGAC-1_atac,-0.3728793,0.4191782,-0.46627313,0.687065,-0.4704182,-1.7495426,-0.2657773,-2.6354551,-0.5780722,1.7214444,0.13408656,-0.10582453,1.097283,-0.33488172,0.3097333,-0.7929886
CTAAGGTTCGGCCATA-1_atac,1.4258704,-0.9850259,-0.6426771,0.7764939,-1.6385026,-0.8950289,-0.6391251,0.9630736,0.829828,-0.5100482,0.47657856,1.952592,0.92886704,0.2815907,1.2467792,0.6608627
CTAAGTCAGGTCATTA-1_atac,0.08060732,0.5309714,0.1251792,0.5559872,-0.6909174,-0.71188843,1.0987934,-0.39235306,-0.2915666,-1.3770815,1.0030521,0.3835858,-1.2348597,-0.5557143,-1.4846897,-1.1885209
CTAAGTCAGTCTATGA-1_atac,0.5663621,0.49928272,0.20955348,0.76508695,-0.76887923,-2.3774858,-0.09324251,-1.8078513,-0.22085306,0.6263068,0.840262,0.4672696,0.15680392,0.20781402,-0.08461623,-0.5678655
CTAATCCGTCATAGAT-1_atac,0.75000864,0.66151434,0.3646932,0.57083863,-0.3592399,-2.1095839,0.10510982,-2.083033,0.065504305,0.14465733,0.8326361,0.50446844,-0.16888237,-0.022396144,-0.44861668,-1.3289471
CTAATGTCAAGGTAAC-1_atac,-0.50969005,-0.20207067,0.8022172,-0.90188336,0.22707179,2.1771977,0.16636144,0.12499026,1.1058245,-0.034532662,-1.3361012,-1.2810453,-0.0014986116,0.08548272,-0.6257562,-0.14487775
CTAATGTCAGTGAACG-1_atac,0.18204588,0.35555956,-0.068748996,-0.065792896,2.2543807,0.7115665,-0.75151914,-0.94757193,0.9787078,-0.76356876,-2.238353,-1.5913867,-0.2268786,-0.51070595,0.19619668,-1.6463609
CTAATTGAGCTTTGGG-1_atac,0.6563591,0.31174603,0.5197101,0.9723103,-0.7749158,-1.4234802,1.2021383,-0.6795886,-0.4129008,-0.8597802,0.97985166,0.79224986,-0.8271862,0.29228404,-1.186621,-0.8098274
CTACCTCAGGTAAGGC-1_atac,0.37104532,0.87320894,0.25011685,-2.0132868,-0.5351978,-1.9156959,-0.4899559,0.46743673,1.5394382,2.1774182,0.5140316,-0.78733724,1.8742515,1.4577996,1.1498032,-0.6603182
CTACTTAGTTTATGGG-1_atac,-0.35744256,0.6885644,1.1918744,-1.7899309,-1.0214549,-1.1154034,1.3895625,1.604085,2.0464911,1.0378463,0.9100719,-0.8003045,0.8045295,1.6355741,-0.25772178,-0.20132743
CTAGCTTGTATTTGGG-1_atac,-0.16994613,-0.09722363,-1.157627,2.2201264,-1.137961,-0.23000221,1.4352466,-0.027959913,0.6128275,-0.4182179,-0.35713503,0.17996559,0.25916582,-0.9882147,0.3616484,-0.46525788
CTAGCTTGTCTTGCTG-1_atac,-0.11592516,-0.504354,0.41101733,-0.6900158,0.42827606,2.012936,0.090942636,-0.53770566,-0.19490777,-0.31749052,-0.5129244,-0.5095077,-1.0612847,0.07075798,-0.8090598,1.0270956
CTAGCTTGTTGAGGTC-1_atac,-0.26245165,0.49071115,-0.5557749,1.283717,-0.11394241,0.64339507,1.6558123,-0.040591203,-0.8237195,-1.4597104,0.21653846,-0.19723672,-1.1591514,-1.0776896,-1.77373,-1.1046432
CTAGGCGGTTACCGGG-1_atac,-0.64322764,0.19072516,0.6208298,-1.0914459,0.43075374,1.4351465,-0.47398782,-0.92249036,1.688636,0.2558993,-1.4933373,-2.162869,-0.34591332,-0.3783032,0.08451981,-0.9717361
CTAGTAATCAATACGC-1_atac,0.67943084,-0.044303842,0.6529237,-1.0480216,0.17370772,1.678061,0.2794241,1.1669079,0.07153372,-2.0356197,-1.0860093,-0.7702934,-1.2383912,-0.3123995,-0.7072724,-0.07660144
CTAGTAATCGGTTAGT-1_atac,0.51655364,-0.6525344,-0.2546198,-0.32758123,1.534552,2.220927,0.16126722,-0.22592069,-0.6685468,-0.57275665,-0.3203342,-0.26575947,-1.3492042,-0.16362792,-0.7359899,1.3005562
CTAGTAATCGTTTCGC-1_atac,0.52609843,0.21985073,-0.07036139,-0.004132277,-0.24011956,-0.08174698,0.7622697,1.7224033,-0.21050158,-0.8204052,-0.07825531,0.6824776,-0.079030655,0.115815505,0.5496573,0.24465118
CTAGTAGGTCAGGAAG-1_atac,0.35555208,0.5320986,-0.037330694,1.2119054,-0.24539761,-0.97266614,1.340259,-0.9141241,-0.2819528,-0.99411917,0.5599489,0.2741111,-0.84362835,-0.5020146,-0.6791163,-1.3954142
CTAGTCGAGCAAGATG-1_atac,0.14047588,0.26344532,-0.8494198,0.5579329,-0.61883706,-1.1355046,-0.77018535,-1.544278,0.35680068,1.4446708,-1.2404331,-0.12472426,2.030541,-0.355942,1.5870103,-0.9085267
CTAGTGAGTCCACAAA-1_atac,-0.103927836,-0.1510147,-0.24546038,-0.19890356,1.1386023,1.9978935,-0.03282874,-0.47043204,-0.43429556,1.4568559,-0.09794822,-0.5237145,-0.2982926,-0.24012566,-0.6509389,1.4947293
CTAGTTGCAAACTGTT-1_atac,-0.75754714,-0.36058015,-1.4424267,2.0333898,-1.6217508,0.52329344,1.4368019,1.1917838,-0.03406071,-0.12767833,-0.22913912,0.109459534,0.5312194,-0.7780287,0.16639863,0.85631716
CTATGATCAGTAGGTG-1_atac,-0.46921623,0.026932767,-0.13341524,-0.6123955,0.038864613,2.2592645,0.24834329,-0.21208413,0.8796437,1.1312748,-0.9890321,-1.7160591,-0.112194724,-0.30520713,-0.5612063,0.6503083
CTATGGCCAGATTCAT-1_atac,-0.37509197,0.6298184,0.8814281,-1.3583772,-0.556959,1.2265846,1.519579,2.582657,-1.1241452,-0.72300994,0.75353736,-0.18106505,-0.57088065,-0.08668402,-1.2086604,0.36856592
CTATTGAAGTCACTAA-1_atac,1.5204575,-0.17883109,-0.22742444,0.107236095,-0.8906517,-1.1866555,-1.5475037,1.001383,0.19772987,0.37843978,-0.119665205,2.2453566,1.5344851,1.1862795,2.0656536,1.0135782
CTCACTCAGTAGGCGG-1_atac,1.32492,-0.28635627,0.5999289,-0.30090192,3.1064095,0.7240882,0.54309076,-1.5559393,0.17017749,-0.9613398,-0.9615071,-0.5217138,-0.67485243,0.004404781,-0.34102565,-1.0417639
CTCAGGATCAGGTCCA-1_atac,0.4832412,-0.063827515,-0.6825079,0.8250651,-1.1682152,0.9944011,0.17170006,2.2283528,0.39600876,-1.209566,0.097973764,0.8519538,-0.45036206,-0.47432035,0.5315734,0.12260924
CTCAGGATCGAGGTGG-1_atac,0.2001625,-0.20489556,0.35381407,-0.73042196,0.35999462,2.0668395,0.39222243,0.83618367,-0.1847951,-1.1663103,-0.56771797,-0.8145065,-1.5284997,-0.50728416,-1.0249488,1.0184864
CTCATTAGTCGACTAA-1_atac,-0.15168825,0.24602123,-0.88497514,1.1722156,-0.45656163,0.33516967,1.4929516,0.30809456,-0.95588374,-0.7807891,-0.037907183,-0.32245058,-0.3557215,-0.7249135,-1.2149053,-0.37174702
CTCATTAGTGGGTACT-1_atac,-0.0323497,-0.17626537,-0.33384824,0.7318595,-1.5323874,0.4829442,0.69277877,0.4733684,-0.71360904,-0.8377176,0.6363602,-0.046004295,-0.5211861,-0.267781,-1.338379,-0.5125215
CTCCCTGAGCGAAGTA-1_atac,1.2526597,0.07210951,-0.99993527,-1.2247751,-0.26832318,0.40590274,-1.7565471,2.1434486,-0.056104235,-0.9184576,-0.01488921,1.1723939,-0.08522595,0.041175794,1.2406858,0.6975253
CTCCCTGAGGCGGATG-1_atac,0.7020196,-0.3580063,-1.3961024,-0.21964319,-1.044465,0.39853346,-2.025768,1.593279,0.49187702,-0.657062,-0.091156095,0.89955544,0.3778801,-0.3074434,1.5103565,0.85698307
CTCCGGACACAACCTA-1_atac,0.9545327,0.44259354,0.66164744,0.57430285,-0.33519056,-2.3508115,-0.09727892,-1.8146722,-0.040393956,-0.07593158,1.0266374,0.7262582,-0.61524653,0.16640185,-0.7350819,-1.0148029
CTCCGTCCAATTAGCT-1_atac,-0.099337995,-0.09075095,0.8127693,-0.92451555,0.95094687,1.8018795,0.48168036,-0.32075652,0.6280175,0.4989595,-0.7732118,-1.2490404,0.019437522,0.10124796,-0.7883306,0.028520985
CTCCGTCCAGTGAACG-1_atac,0.26034945,0.8335502,0.04317268,-0.9102148,0.7406254,0.59277683,-0.68593,-0.8954081,1.6858702,-0.02167089,-2.2493625,-2.012862,0.44767395,-0.5871969,0.8608487,-2.1093109
CTCCTAATCGAGGAGT-1_atac,-0.23480873,0.30820307,-0.27196985,-0.6583999,0.8911046,1.8365116,0.0020435348,-0.39140472,1.4768617,0.7471377,-1.1598699,-2.0473847,0.26089835,-0.47747716,-0.6263224,-1.0983105
CTCCTCACACATACTG-1_atac,-0.037777238,0.61262196,1.074127,-0.8501842,-0.68737423,1.7052007,1.1734011,0.9562329,-0.51309025,1.074058,0.06463063,-0.60073215,0.049853973,0.099534035,-0.67930263,1.611938
CTCCTGAGTGTTCCCA-1_atac,-0.09054421,-0.2824804,-1.197199,1.6620249,-1.6556832,-0.4338438,0.6020102,0.64441705,0.65544814,0.13573846,-0.3472023,0.39291027,0.86142117,-0.42218915,0.9258898,0.15386805
CTCGACAAGACTCGCA-1_atac,0.8564744,-0.20580962,-1.0285245,0.711956,-1.4577951,0.85170573,-0.28409752,2.5937314,0.3222491,-0.72431684,0.024118923,1.0092328,-0.05667951,-0.12286869,0.6689745,0.87167525
CTCGCTAGTACAATGT-1_atac,-0.5091808,0.13457446,-1.2317933,1.9715711,-1.0149907,1.038345,1.8793149,0.79513294,0.11987384,-0.946979,-0.47986802,-0.028855503,-0.23107678,-1.2549204,-0.3278905,-0.62010944
CTCGCTCCACCAGCAT-1_atac,-0.43643492,-0.21128848,-1.2790219,1.5641011,-1.5718294,1.3243781,1.0355535,2.0497267,0.22053337,-0.46865568,-0.30642647,-0.111509696,-0.009042643,-0.75996655,0.13823164,0.28980422
CTCGCTCCATCGCTTT-1_atac,-0.5907901,0.013743562,-0.8944488,1.4642763,-0.30708688,-1.0588424,1.409125,-1.9539058,-0.8916599,4.4984743e-05,0.031028371,0.061407164,0.46402577,-0.78991616,-0.5214167,-0.42841738
CTCTATGTCGCAACAT-1_atac,-0.5943457,0.190937,-2.2394333,1.6266558,-0.9489412,-0.25676534,-0.22707312,0.13169375,0.7709434,0.67873436,-1.0149552,-0.4020917,0.8811758,-0.88021207,1.6957083,0.5272519
CTCTATGTCGTGCTTC-1_atac,-1.503093,-1.4273618,1.3918978,-1.47855,-1.4728804,-0.21815293,-0.57460594,0.40953562,1.8325679,-0.7107379,1.6028074,0.44435662,0.069455676,0.05333615,-0.15497288,-0.32287994
CTCTCACAGTTAGAGG-1_atac,0.8826179,0.45998433,0.6580046,-0.94031197,1.3903741,0.96196985,0.19426243,-0.5425003,1.7320969,-1.6046989,-1.7839236,-1.190271,-0.030095026,-0.18736435,0.6844111,-2.3386393
CTCTGTTCAGGCTTGT-1_atac,-0.45032626,-0.30681995,-1.3226851,2.0223927,-1.2910498,0.43846607,1.6681652,0.5088408,0.41339606,-0.7708304,-0.10582828,0.052679114,0.077625304,-0.9988124,-0.13621274,-0.24195209
CTCTGTTCATTCCTCG-1_atac,0.44052404,-0.206278,-0.27193877,0.039648302,2.214814,1.4752151,-0.4973579,-1.6207728,-0.41621375,-0.40474522,-0.78229904,-1.0032789,-1.5400611,-0.20633766,-0.22879589,0.36429673
CTCTTGATCCCGTTGT-1_atac,-0.23265696,0.10443005,-0.9399719,1.7222083,-0.16978912,-1.2690378,1.3413107,-1.7824785,-1.163629,-0.152568,-0.2745011,0.07363625,0.40698338,-0.5421734,-0.4234511,-0.42792845
CTGAATATCTATCGCC-1_atac,-0.27840012,0.054855652,-0.34079826,1.1664268,-0.8166891,0.64015293,1.7138048,0.26113734,-0.83012027,-1.4974011,0.6414534,0.16607827,-1.1981632,-0.9045317,-1.7640282,-0.8273376
CTGACCAAGGTGCGGA-1_atac,0.34953487,-0.67282337,0.36438537,-0.4427344,1.727934,1.7391618,0.34654024,-1.0075791,-0.48775458,-1.4109379,-0.78241074,-0.4757193,-1.4617963,-0.07885146,-0.3733097,1.0041479
CTGACCAAGTGCTGTG-1_atac,1.5426027,0.050705675,-1.0098042,-0.9266145,-0.48038396,0.49738613,-1.2414557,2.4505713,-0.13754934,-0.9195378,-0.018046563,1.3952787,-0.111532375,0.12697662,1.0505255,0.6099652
CTGCAATAGGCATGAA-1_atac,0.778576,-0.45490262,0.35235408,-0.5488698,1.6992737,1.6543529,0.24894904,-0.7310319,0.39878348,-1.8005869,-1.2937961,-0.77439743,-1.143666,0.13296227,-0.35444325,-0.19132602
CTGCTACTCAGAAACG-1_atac,-0.29344583,0.17670254,-0.78610724,1.5525602,-0.29754728,-0.42119774,1.8196393,-0.7998363,-1.1520936,-0.86907154,0.17770848,-0.13389328,-0.4758474,-0.7845647,-1.3585845,-0.58590055
CTGGACCAGACAGGCG-1_atac,-0.96197563,-0.35371637,0.3400851,-0.6011452,0.42445138,2.064641,-0.489036,-0.56534195,0.7377185,0.095441625,-0.8788021,-1.3862664,-0.5724942,-0.5325814,-0.7266028,0.59536445
CTGGACCAGCATGGTT-1_atac,-0.55452967,0.0964212,1.0676364,-1.1706471,0.37990904,1.1962969,0.47048774,0.34870085,-0.05574511,2.7721326,0.37599346,-0.4520841,0.7226354,0.74740094,-0.5514322,2.0086372
CTGGCTAAGAAAGGAA-1_atac,0.33229125,-0.09273996,-0.33144367,1.2210643,-1.2744216,-0.01953467,1.0081891,0.44585595,-0.7750259,-0.45388848,0.50217,0.4820035,-0.061432753,0.3628991,-0.8369796,0.046275064
CTGGCTAAGCTATATG-1_atac,-0.41318154,-0.29249406,-0.20091146,-0.40854844,0.87882996,2.27484,-0.03215815,-0.5027122,0.91243184,-0.15178968,-0.94907033,-1.6793032,-0.7356892,-0.59549147,-0.8950567,-0.25811344
CTGGTAAGTGCTTACT-1_atac,-0.3266482,-0.084848806,-0.38583046,1.1485375,-1.2043989,0.31627432,1.3484714,0.42868254,-0.6102424,-1.1016535,0.37516892,0.2566256,-1.0689629,-0.82339644,-1.2723625,-0.37012985
CTGGTCAAGAGGAAGG-1_atac,-0.13773012,0.0693228,-0.66194874,1.6618824,-0.14473635,-1.3888958,1.5155289,-1.5094808,-1.0867141,-0.5621719,-0.26587757,0.44370568,0.13714561,-0.22449952,-0.56968284,-0.18478787
CTGGTCAAGGCACAGG-1_atac,-0.13748835,0.02644986,-1.0879725,1.8917052,-1.1621547,-0.5351237,1.334295,-0.16518022,0.3863524,0.0024301298,-0.5665984,0.10383878,0.68789095,-0.69949657,0.7363344,-0.36100185
CTGGTTACAACTAGCC-1_atac,-0.21364509,0.521333,-0.5717308,1.3832517,0.2539286,-0.95727175,1.9450623,-1.3238969,-0.925265,0.64948064,-0.37962097,-0.20142005,1.0726873,-0.20222124,0.17468728,0.24110633
CTGGTTACAAGGTGGC-1_atac,0.5408179,0.49587017,0.5066697,0.34032455,-0.56161344,-2.4014418,-0.07684299,-2.309183,-0.44037464,0.65414464,0.9436569,0.5086466,0.086299025,0.33785158,-0.3461547,-0.9769653
CTGTACCTCTCGCCCA-1_atac,1.0051304,0.096986994,-0.7738491,-0.6212842,-0.9326583,0.8225477,-1.349938,2.4077702,-0.053954847,-1.2052032,-0.06832393,0.872983,-0.80022424,-0.3442643,0.48600426,0.048057355
CTGTATTTCACAAGCT-1_atac,0.27773288,-0.583178,-0.44911504,1.7285495,-1.772037,-0.39858297,1.217859,0.56119967,0.7048784,-0.7898672,0.23667958,0.81470895,0.19789985,-0.31914425,0.06811262,-0.25466773
CTGTGTGAGCGCCTAA-1_atac,-0.6907851,0.68321216,-1.8855549,1.5732216,-0.23891386,0.57004535,1.0250092,0.3385548,0.47786722,0.076935835,-1.2915928,-1.2863373,0.54121315,-1.4144973,1.0632931,-0.2584941
CTGTTCATCAGTTCCC-1_atac,0.68116874,-0.5270469,0.24961247,-0.4882812,1.4485136,1.8260459,0.11074765,-1.0351876,-0.2889079,-1.8037659,-0.7554539,-0.29671252,-1.3164968,-0.049238585,-0.6453964,0.5353801
CTGTTGGAGCATGTTA-1_atac,-1.1696715,-1.5869429,1.257742,-1.4524924,-1.78123,-0.40750927,-0.74326164,0.1762785,1.6511701,-0.7834685,1.4877228,0.8132429,-0.024510916,0.13556395,-0.259433,-0.27399737
CTGTTGGAGCCGCAGT-1_atac,-0.9938593,-1.6499422,1.5065647,-1.3098681,-1.6089636,-0.23591565,-0.40636146,0.09594921,1.4238673,-1.2427887,1.3371214,0.9759627,-0.04143028,0.14928485,-0.1525152,-0.23569763
CTGTTGGAGGCTACAT-1_atac,-1.41352,-1.2704843,1.5275658,-1.5927799,-1.4133809,-0.5797541,-0.26431957,-0.007280629,1.8743823,-0.916848,1.3325588,0.62076455,0.55793417,0.24647841,-0.12032598,-0.5307584
CTTAACAAGGAACACA-1_atac,0.04539449,0.6519365,-0.4827341,0.60349673,0.375616,0.5879796,1.785033,-0.10139755,-1.0504682,-1.7704734,-0.16008763,-0.3656675,-0.37471545,-0.73515135,-0.86640215,-1.3844744
CTTAAGGGTTCCTGTG-1_atac,-1.821949,0.4078769,1.5283107,-1.6297278,0.12215934,-0.16798991,-1.428092,0.18074371,1.4898075,2.4503207,0.16138847,-1.175675,1.4488356,1.3669044,0.33388445,-0.18771994
CTTAAGGGTTGGTTCT-1_atac,-0.12940297,0.32036704,1.249694,-1.1530935,1.351658,0.7650227,-0.26352665,-0.30305913,-0.3118826,3.2074323,-0.056297284,0.29411054,1.8969525,0.7494715,-0.04673022,0.73070204
CTTAATGAGAGGAAGG-1_atac,1.410767,2.196373,-0.4892614,-0.28274208,0.7927621,-0.7713997,-0.82319003,-0.45733875,1.9811168,1.6868802,0.6017413,-2.1651497,-0.6615757,0.34268835,1.895154,-1.5885593
CTTACTAGTTCCGGGA-1_atac,-0.10339664,-0.3231387,-0.58077055,-0.45028558,1.073932,2.0902772,-0.7702358,-0.93103737,0.5855351,-0.13403778,-0.9888011,-1.3473326,-1.0189192,-0.63156915,-0.35491547,0.14532945
CTTAGGAGTTACAAAC-1_atac,1.2026039,0.17245498,-0.8040721,-0.4601462,-0.9612532,0.86835265,-0.86923254,2.3415365,-0.0035805032,-1.1532885,-0.24055262,0.7179425,-0.64612144,-0.103762224,0.21407536,0.15086287
CTTAGTTTCGATTTAG-1_atac,0.70852596,0.52997386,0.18436691,0.6061289,-0.55866134,-0.623304,1.0164479,0.021405183,-0.8006427,-1.1780221,1.0562861,0.408587,-1.2186455,-0.018502735,-1.8188579,-0.89659655
CTTATTGGTCGACTAA-1_atac,0.6472862,0.10388674,0.36528426,-0.70895815,0.49393645,2.1094465,0.6248463,0.34090117,0.24998531,-1.6070166,-0.8068715,-0.87155557,-1.4852871,-0.5526206,-0.5409851,0.07221875
CTTCAATTCAGCATTA-1_atac,-0.5317229,-0.20531867,0.5979979,-0.643519,1.3467263,1.4752328,-0.38883415,-0.7363827,0.31166488,1.5387098,-0.49577558,-1.0905607,0.14392856,0.34211046,-0.6705484,0.6219915
CTTCACTCACACTAAT-1_atac,0.19368538,0.801451,0.2011789,0.47615272,-0.21668689,-0.6791645,1.3894343,-0.67418724,-0.78061,-1.0683208,0.81081295,-0.0018517226,-1.2605945,-0.33839208,-1.7375445,-1.277963
CTTCATCCAACAGGTG-1_atac,-0.5745224,0.07368621,-1.288101,2.1110973,-0.61742854,-0.037358753,1.8480065,0.3993404,0.12113965,-0.3101801,-0.8701371,-0.47455317,0.43665734,-0.8845277,0.44332674,0.14534837
CTTCGCGTCAGCAAGA-1_atac,0.0015424117,0.29327986,-0.5411891,1.0890633,-0.26779065,-0.08587543,1.5383828,-0.22831109,-1.1130848,-1.183241,0.46526963,-0.13002104,-0.8380486,-0.61875993,-1.8081084,-0.71087795
CTTCGCGTCATGCGTG-1_atac,0.005226955,0.19876492,-1.1508623,1.9674995,-0.87372047,-0.54221714,1.2352135,-0.65138054,0.053649925,-0.3430606,0.16847062,0.073838145,-0.2647235,-1.0058914,-0.24555466,-0.76178545
CTTCGCGTCCGTTATT-1_atac,-0.0009709704,0.08266897,0.28171405,-0.59749395,-0.40347508,2.2324948,0.6178506,0.44177777,0.08771467,-0.39852098,-0.6589847,-1.3139215,-1.2437153,-0.39936417,-0.8668324,0.7323209
CTTCTCAAGGAGGACT-1_atac,0.38775888,0.021749413,0.012150586,1.3710055,-1.044746,0.22969744,1.4058555,0.94979644,-0.59141314,-1.6476877,0.53368163,0.6532211,-1.1172305,-0.33917013,-1.2724353,-0.7460835
CTTGAACAGCTAAGTC-1_atac,-0.25741702,0.3554813,-1.2363185,1.9030235,-0.5397146,-1.0306861,1.1844022,-1.6574425,-0.4313954,0.38907257,-0.15964791,-0.15234305,-0.059430685,-0.75396967,-0.18077858,-0.41336375
CTTGAATCATTCCTCG-1_atac,-0.27870876,-0.037427444,-1.333291,1.8958611,-1.2342647,-1.0039707,0.55925673,-0.22259043,0.3503488,0.9035526,-0.72279906,0.032044735,1.3500069,-0.37659764,1.0933864,0.6445278
CTTGACGAGTCACTCC-1_atac,0.4787876,0.47001702,0.7653995,0.47395048,-0.37318122,-1.3938221,1.1811087,-0.79024506,-0.5437783,-1.0916817,1.2005349,0.65952015,-1.2646635,0.25672966,-1.8510635,-0.8951141
CTTGCAACACAGACTC-1_atac,1.3880543,0.33948308,0.78782845,0.62977314,-0.8648171,-2.691234,0.1596417,-1.6383076,0.18278338,0.8091791,0.60167915,1.0534463,0.39515734,0.85513806,0.1444007,-0.31424245
CTTGCGCGTCCGGTTC-1_atac,-0.3974102,-0.31744576,-1.1448351,1.3990242,-1.6389228,1.2170658,0.8005614,2.2901254,0.43520057,-0.43213925,-0.34284753,-0.13577457,0.2510211,-0.50775385,0.27624187,0.5489008
CTTGCGCGTTAACGGC-1_atac,1.4746609,0.52002186,-0.69290525,0.5099704,-1.0672789,-1.223905,-0.9846319,-0.31917486,1.7465137,0.47458357,0.73738956,0.5734438,0.09022247,-0.37325943,0.9182643,-1.6076014
CTTGGACCAAACTGCC-1_atac,0.6172491,0.022556067,-0.05215903,-0.12712799,-0.7654335,0.6501329,-0.030657103,1.628693,0.06872294,-0.64887166,-0.1568191,0.487398,0.12152306,0.37331992,0.34030938,0.39497304
CTTGGACCACCAACCG-1_atac,1.0982355,0.3439445,0.51603967,-0.5516071,2.728196,0.55498064,-0.6800923,-0.9703431,1.1569096,-1.1490476,-1.6092445,-1.3269786,-0.6986888,0.41388074,0.49355975,-1.7371426
CTTGTAAAGAGAGGAG-1_atac,-1.5784795,0.538646,0.9579157,-1.2591382,0.36929515,0.3563943,-1.4594882,0.2236238,1.6043837,1.8732861,-0.7466666,-1.7321755,1.3987851,0.8039788,0.031008197,-0.7338665
CTTGTCCAGACAAGTG-1_atac,0.6061538,-0.51971215,-0.047326718,-0.5158841,1.7583162,1.8950825,0.7174164,-1.2332952,-0.3050792,-0.67679644,-0.47948125,-0.5675618,-1.2101978,-0.43279132,-0.8373903,0.72968054
CTTTAGGCAAGGCCAA-1_atac,-1.2245543,-1.4572399,1.7348211,-1.4889034,-1.3422699,-0.6496148,-0.93522847,-0.32028544,1.8692113,-0.44570142,1.7601857,0.67982197,0.29535842,0.09335693,0.07672171,-0.7897972
CTTTAGTTCATGCATA-1_atac,1.449799,0.41526163,1.2134391,0.56280303,-0.17826995,-2.7616508,-0.6652871,-2.260449,-0.41578218,1.0371689,0.0081929155,1.5772136,1.1610323,0.79321593,0.51286095,-1.3216968
CTTTAGTTCATTTGTC-1_atac,0.81438047,-0.8257715,-0.42000422,1.0683321,-1.6468072,-0.6231468,-0.28717664,1.4208009,1.2022105,-0.35572976,0.57312274,1.5647564,0.90329224,0.3805696,1.3132848,0.7743606
CTTTATCAGGGATTAG-1_atac,0.20871608,0.20460166,-0.82389915,1.5347116,-0.47314343,-1.1019335,1.2885439,-0.98525375,0.110346556,-0.37851328,-0.06977759,0.12591136,0.23735514,-0.52038485,0.13708606,-0.98002464
CTTTATGGTGCATCGG-1_atac,-0.7206773,0.8315528,0.7277117,-1.5131253,0.13906151,1.1008333,0.6732964,1.4654676,-0.16520539,1.5171643,0.10314913,-0.70947367,0.67788595,0.06470079,-0.6765164,1.0001528
CTTTATGGTTGTCCAT-1_atac,0.07717404,-0.21461964,-0.4452976,0.9352748,-1.1713207,0.33079633,0.43106794,1.2051054,-0.46171135,-0.6925927,0.36094502,0.76543784,-0.59242636,-0.31488746,-0.7389078,-0.14274853
CTTTATGGTTTCGCCA-1_atac,1.2845551,0.20622626,-0.7962586,-0.2875175,-0.83732074,0.9404072,-0.6774835,2.4905708,-0.23111369,-0.88786155,0.09794423,0.6321784,-0.729663,-0.18441325,0.24970339,0.063991696
CTTTCTTGTACCGTTT-1_atac,-0.21771267,0.4848725,0.9182113,-1.6643809,-0.21594927,1.3913834,1.1761519,1.4759965,-0.7392572,1.6359879,0.4437615,-0.38489372,0.28670692,0.3501532,-1.0510328,1.8589394
CTTTCTTGTCCAAATG-1_atac,0.510439,-0.471339,-0.0994294,-0.30610532,1.3410635,1.9497626,0.5311983,0.04011692,-0.38055807,0.10889306,-0.082771644,-0.36145052,-1.1080867,-0.1525892,-0.7453976,1.563331
CTTTGGTGTACCTTAC-1_atac,0.6148471,-0.06221951,-0.12064306,-0.43234417,1.182716,1.8733689,-0.03092331,-0.1115111,0.74419427,-1.5896666,-1.2356681,-1.25799,-1.3709856,-0.48066124,-0.43027872,-0.66312414
CTTTGGTGTCGCATAA-1_atac,-0.409403,0.027079541,-1.3657657,1.8869914,-1.0494448,0.6077511,1.556529,1.1518891,0.208068,-0.10516148,-0.29378036,-0.08914277,0.37120816,-0.56419355,0.45979267,0.43639138
CTTTGGTGTCGTTATC-1_atac,-0.5489765,0.657069,1.473137,-2.3895936,-0.23070875,-1.4972519,0.30581453,1.077325,2.1233473,1.2910174,1.1125392,-0.7546618,1.2457799,1.9424983,0.2961984,-0.6241976
GAAACCCGTATTTGGG-1_atac,0.6001586,-0.010681216,-0.34705916,0.93725044,-0.64987415,-0.5611502,0.82595193,-0.2845813,-0.10192154,-0.89675134,0.09833161,0.3033689,-0.4174851,0.25035635,-0.76684374,-0.6620879
GAAACCCGTGACCTGG-1_atac,-0.066332914,0.07897588,-0.41275084,1.4141479,-0.69212604,-0.3251056,1.6664625,-0.21873622,-1.1189362,-1.3544332,0.5189361,0.22874692,-0.84006834,-0.6124349,-1.8435321,-0.48675105
GAAACTGAGCTAGAAG-1_atac,0.7221428,0.7106567,0.99085593,-0.62107223,0.14877795,1.3472916,1.894698,1.863312,-1.0427977,-1.8071632,1.0933707,-0.0068045445,-1.3715849,0.06493918,-1.5545805,-0.55634606
GAACACAAGGATCACT-1_atac,-0.32935318,0.38559043,0.59277964,-1.204209,-0.8557962,0.72328174,1.0419463,2.3395474,-0.9317486,-0.604199,0.49316514,-0.31364954,-0.36909783,-0.06303858,-1.1303484,0.6954332
GAACCTGTCATGTGGT-1_atac,0.69362956,0.3019193,0.24872144,-0.57207584,0.4392409,1.8785968,0.1354406,0.9262254,0.09057301,-2.3086991,-0.99857813,-0.83616996,-1.64329,-0.78809416,-0.58273154,-0.38655645
GAACGAATCATTGCGG-1_atac,0.6264203,0.2963998,0.02442474,0.7965203,-1.2702501,-2.080451,0.24485019,-1.5666622,-0.28832927,0.043109983,0.6181492,0.47656488,-0.09411983,-0.05049732,-0.42335618,-0.9100134
GAAGCTAAGGACCGCT-1_atac,1.0071282,0.047191165,-0.07912251,-0.4976111,1.5647343,1.3276864,-0.27377298,-0.30889103,0.9856829,-1.9534509,-1.6205652,-1.2252609,-1.057171,-0.21809584,0.048845943,-1.3120056
GAAGCTAAGTCTGGGC-1_atac,-0.7231507,-0.012801268,-1.5582417,1.5139995,-1.3520936,0.64719313,0.86883754,1.5375311,0.19658892,0.07325582,-0.28025448,-0.34153756,0.73053956,-0.8903443,0.5310348,0.6873474
GAAGGAACAGAAATTG-1_atac,0.37631685,0.44909087,0.07282435,0.80734354,-0.4134721,-1.4233088,0.89434034,-1.2131586,-0.74643,-0.72307914,0.7213993,0.36620218,-0.78544027,-0.25675038,-1.331715,-1.042897
GAAGGCTAGGCAATAG-1_atac,-0.74140877,0.42555308,-2.1296198,1.440047,-0.410999,-0.08313391,0.3360266,-0.43762878,0.45987815,0.58784723,-1.4112338,-0.9289705,1.1191406,-1.3219792,1.5450398,-0.021341449
GAAGTAAGTCGTAATG-1_atac,-0.025547612,-0.18405636,-0.8101014,1.8484894,-1.292995,0.07938811,1.7160281,0.979608,-0.11775486,-0.5004584,-0.15181242,0.26141518,0.3955011,-0.1541242,-0.06794109,0.504545
GAAGTAAGTCTTTGAC-1_atac,-0.15719017,0.20750582,1.1929963,-1.024112,-0.38199702,1.1627419,1.2099258,0.83827144,0.45376205,-1.0597658,-0.0041225124,-0.5907562,-0.60779905,0.208726,-1.2317747,-0.52178067
GAAGTATAGGAAACTG-1_atac,0.6574306,0.39978775,0.20348077,0.8604568,-0.74271077,-1.156214,0.8045054,-0.50653666,-0.4186076,-1.0665108,0.89614743,0.58292586,-1.0662476,-0.14133483,-1.3151072,-1.2593788
GAATTTGTCACAGCCA-1_atac,0.68035954,0.04266723,0.5662431,-0.6592114,1.0681978,1.977918,0.8274816,0.15376922,0.8128532,-2.046178,-1.4332309,-0.91008914,-0.818641,-0.2141795,-0.5288268,-1.1098056
GACAATACAGCAAGAT-1_atac,-1.8080049,0.5559159,1.3742715,-1.5004978,0.29138252,-0.2448804,-1.4955366,0.18288526,1.4571794,2.3637216,-0.15153848,-1.2987608,1.4796429,1.4525852,0.31102857,-0.38290182
GACATTATCCATAATG-1_atac,0.68600106,-0.59189785,-1.5461727,0.83532107,-1.3059067,-0.2159271,-1.3380245,1.3712494,0.4279944,0.015784321,-0.14463072,1.1859456,1.1421709,0.103890136,1.5547909,1.3436093
GACCGAACAACTCGCG-1_atac,0.1109767,0.129598,0.5679059,0.56268513,-1.1172163,-1.3610687,1.0964092,-0.4759361,-0.6918513,-1.1343732,1.0629069,0.8259813,-0.7444157,-0.15692437,-1.7019384,-0.5351575
GACCGAACAGAAACGT-1_atac,-0.1671975,0.2759825,-0.683917,1.4154345,-0.42991084,-0.5805027,1.4967064,-0.7719959,-1.0137401,-1.1083235,0.36623067,-0.051805742,-0.7993255,-0.8292634,-1.4351225,-0.8717966
GACCGAACATGTTGGC-1_atac,1.3907939,0.5591419,-0.053121958,-1.289253,-0.69420916,-0.3545335,-0.13260807,2.5601077,-0.7942833,-0.2728767,0.3753652,0.8759177,-0.10735565,0.7986825,-0.0035993578,0.5513257
GACCTAGTCCTGATGG-1_atac,0.123789266,0.32454526,-0.5304141,1.1548978,-0.12998079,-1.8705827,0.6174311,-2.171357,-1.2716713,0.5179759,0.084701404,0.2841645,0.40136182,-0.23337144,-0.444554,-0.64526486
GACCTGATCATCCTCA-1_atac,-0.19109613,0.22397222,1.2161721,-1.3348233,0.5706802,1.3524017,0.9462037,0.7759448,-0.5893888,2.3066537,0.53414726,0.2551628,0.8169942,0.66094494,-0.60786736,2.217093
GACGCAACAATTAACC-1_atac,-0.19855335,0.2826504,-0.5810758,1.5941762,-0.91452277,-1.4909083,1.064513,-1.0796602,-0.5832549,0.109225936,0.21010712,0.04862163,0.09454845,-0.51368135,-0.4509329,-0.33964586
GACTATTCACGTAATT-1_atac,0.21069057,-0.57050824,-0.3291559,-0.41844106,1.4906731,2.1752691,-0.08555089,-0.46308622,-0.47232836,-0.50407916,-0.35447758,-0.2263996,-1.3178855,-0.4570726,-0.7370612,1.2713884
GACTATTCAGTGAACG-1_atac,1.5597807,0.103711836,-1.1637769,-1.0843688,-0.6258861,-0.35360113,-2.1073887,1.6103405,0.249298,-0.36251596,-0.28286538,1.2886516,0.394169,0.3477604,1.6757191,0.6488206
GACTCACCACCACAAC-1_atac,-0.45697784,-0.7615024,1.1085298,-1.3263581,-1.8439549,0.07629248,-0.21314333,0.62460303,0.7573956,-1.1177571,0.91049975,0.81364965,-0.69520307,0.17381908,-0.4024086,0.32703447
GACTTACAGCTACTGG-1_atac,0.65881604,0.431914,0.10650505,1.1315631,-0.5058946,-0.522505,1.282002,0.4726405,-0.28673846,-1.1671301,0.71373475,0.61301476,-1.1319102,-0.09065196,-1.4643548,-0.8651191
GACTTACAGTGGCGGA-1_atac,-1.8018488,0.55831474,0.7068074,-1.4906465,-0.04895988,0.16663823,-0.78697485,1.0293616,1.4606488,2.2798085,0.028273035,-1.6206,1.3265723,1.0251682,-0.0325016,0.14504604
GACTTAGGTACTTCAC-1_atac,0.21465737,0.632781,1.4118732,-0.85751086,0.94774914,1.4915552,1.0506948,-0.6433501,0.39970094,1.1883364,0.05024925,-1.0601734,0.23042995,-0.21455286,-0.7252991,-0.07117406
GACTTAGGTTGTTGTC-1_atac,-1.1663939,-0.055786222,0.71611446,-0.5632429,1.7344613,0.9120202,-1.4587394,-1.2896744,0.2568866,1.6448447,-0.9336844,-1.2894267,0.24231313,0.6783382,0.08160674,0.32978013
GACTTAGGTTTAAAGC-1_atac,0.014833507,0.077676445,0.834445,-0.9084758,0.29220665,2.0802937,0.79448706,0.1510082,0.9263696,-1.0181563,-1.1445595,-1.4677233,-0.6461826,-0.51203966,-0.59586036,-0.50932056
GACTTGGTCATTAGGC-1_atac,0.3803781,0.43514693,0.37106863,0.6555492,-0.6952079,-0.71661335,1.1829103,0.18579313,-0.9520245,-1.4204555,0.90312594,0.51800925,-1.1860049,-0.1170087,-1.9387232,-0.79888767
GAGAAACGTAGCCTAA-1_atac,0.19597822,-0.15096022,-0.4015181,1.3822688,-1.1459519,0.01303082,1.6477444,0.39571762,-1.0483651,-1.4754845,0.31095108,0.41250613,-0.75021905,-0.31396177,-1.2030064,-0.2747445
GAGATAAGTTCACCCA-1_atac,0.36480698,-0.6615704,0.4050344,-0.2650738,3.276061,0.36551008,-0.506449,-1.9726559,-0.80583525,1.0987842,-0.82681656,-0.37685668,-0.0685627,0.7003143,0.3107524,0.5624144
GAGCAAATCATTGCAA-1_atac,1.2397788,0.34207794,0.59424007,0.8674517,-0.6231963,-2.8024523,-0.34021503,-1.6365981,-0.8571256,1.2584202,-0.21656658,1.0966133,1.2626857,1.1457593,0.37552848,-0.13812228
GAGCAAGGTAGACAAA-1_atac,-0.5961499,0.008246497,1.2113932,-0.991129,1.0999838,1.050187,-0.24000455,-0.36836308,0.13830763,2.5499215,-0.0118918205,-0.55705935,0.8605294,0.8924843,-0.5058781,0.9905305
GAGCAAGGTTGTTCAC-1_atac,0.31058544,0.20304972,-0.51909244,1.3754045,-0.70657533,-0.083181344,1.4530205,0.38290417,-0.44938892,-0.38547197,0.2135772,0.0200024,-0.0079891365,-0.08820842,-0.3982905,-0.04129566
GAGCCTTCAGCCTGCA-1_atac,-1.1640677,-0.24189107,-1.8989142,1.969762,-1.4277297,0.8860121,0.9270811,0.9221615,0.37587065,-0.02343724,-0.551884,-0.41810274,0.38503745,-1.3275635,0.31498414,0.43050322
GAGCCTTCATTGTCCT-1_atac,1.1808509,-0.49011287,-0.7259038,0.39501283,-0.9917451,0.1800886,-0.84501237,2.28281,0.078269,-0.7177455,0.0017415913,1.7679718,0.6132962,0.45201984,1.0416112,1.3850648
GAGCGATAGTTATGGC-1_atac,1.2666711,0.122987285,-0.17345016,-0.9748504,0.916674,2.0017111,0.24858445,0.93432254,0.17179233,-1.9791372,-0.80898595,-0.6527162,-1.3754437,-0.46228635,-0.4723291,-0.919222
GAGCGGTCAAGGGTTG-1_atac,-0.17813452,-0.29169253,0.49882188,-0.6671271,0.16350728,2.4442174,0.4021395,0.40288103,0.45771292,-0.624642,-0.76760775,-1.2330868,-1.07735,-0.4980333,-0.8408691,0.441553
GAGCGGTCACCCTCAC-1_atac,-0.92946583,-1.2121192,1.4124463,-0.98376405,-1.9141898,0.27570158,0.09305115,1.017971,1.3147644,-1.3169684,1.0932772,0.680982,-0.9229146,0.024409078,-1.0218606,-0.21939723
GAGCTAGCACACCAAC-1_atac,-0.98104703,-0.8041541,1.376918,-1.1207848,-1.7329129,0.45738035,0.15038723,1.2149156,0.7781971,-1.4190215,1.1745826,0.6992763,-1.0846964,-0.19885236,-1.2025731,0.086980924
GAGCTGCTCATAACTG-1_atac,0.67385787,-0.65655565,-0.43798712,0.85003006,-1.2683239,-0.3673177,0.027164247,1.8997879,0.90110815,-0.7605182,-0.12729186,1.5608809,0.8730001,0.52067536,1.2029731,1.1696478
GAGCTGCTCATGCCTC-1_atac,0.78710026,-0.08378039,0.39139187,-0.91034305,0.41988066,1.7540826,0.27365157,0.5099108,0.36798787,-2.3340755,-1.3037536,-0.7763801,-1.5116034,-0.6513733,-0.3600361,-0.42289627
GAGCTGCTCCATAAGC-1_atac,-0.5512219,-0.0819916,-1.0598947,1.9535961,-0.6977282,-0.12526925,1.8079321,-0.42424777,-0.4818679,-0.80696994,-0.25699046,-0.005501561,0.051873505,-1.2004702,-0.5472722,-0.28679767
GAGCTGCTCCTGTTCA-1_atac,0.63750327,0.15120953,-0.9742692,-0.34437233,-0.96603554,1.1119773,-0.91177124,2.6641197,0.16044664,-1.20453,0.030189388,0.5614988,-0.8597102,-0.5849347,0.33250424,0.113140374
GAGCTTGTCACGCGGT-1_atac,-0.6847146,0.16091849,-0.56783086,1.1459951,-0.65780544,0.14568189,1.67539,-0.27297997,-1.5493426,-0.99090713,0.71481436,-0.121735886,-0.7516731,-0.8544221,-2.23806,-0.45248386
GAGCTTGTCCTCCTAA-1_atac,0.17934641,0.36532903,0.91132873,-0.281882,2.4336753,0.4670628,-0.7365833,-1.1315204,0.8380757,-0.7950171,-1.458691,-1.6485586,-0.060288478,-0.21686402,-0.5390984,-1.9071212
GAGCTTGTCCTGAATA-1_atac,0.54097635,0.30482948,0.419453,0.6377061,-0.64612436,-2.1948903,-0.032110862,-1.7967334,-0.6554828,0.13757542,1.0235875,0.5688599,-0.41841376,0.053688012,-0.9577919,-0.69563586
GAGGACTAGCTAAAGG-1_atac,-0.34951144,-0.24332137,-1.2824311,2.1300492,-0.17689532,-0.37244853,1.9815006,-0.55449545,-0.38956812,-0.43488148,-0.70588636,0.08402398,0.83078676,-1.0311823,0.345833,0.14966209
GAGGAGGCATGCTATG-1_atac,1.6770568,0.1812045,0.4349064,-0.8190218,1.4255661,0.9623989,0.33783048,0.008478858,0.7741301,-2.7592409,-1.3473691,-0.0054730773,-0.55882293,-0.20182145,0.9278128,-2.2200603
GAGGCTTGTATTGAGT-1_atac,-0.38015735,0.058624454,-1.5745281,1.7869923,-0.92838997,-0.983397,0.38539326,-0.79386604,0.18773605,0.81150925,-1.2706053,-0.044423144,1.4083694,-0.5260569,1.6739811,0.5178462
GAGGGAGCAAGGGTTG-1_atac,-0.55902535,-0.16267797,-0.7338762,1.6006484,-1.2229443,-0.1520395,1.464751,-0.397282,-0.68491787,-0.93989486,0.4736694,0.19182324,-0.63224876,-1.1074653,-1.4626527,-0.37323448
GAGGGAGCAGCATGTC-1_atac,-0.46246153,0.016353022,-1.9824051,1.5093213,-1.3604113,-0.37956092,-0.42658827,0.29615664,0.81414866,0.5951464,-0.60160846,-0.38096794,0.93215597,-0.9804197,1.4373094,0.031590115
GAGGTACAGGACCGCT-1_atac,-0.17250924,0.7448579,0.9335858,-1.3341764,-0.3865115,1.2463946,1.5317076,2.2305348,-1.2440345,-0.59214336,0.66177166,-0.3218156,-0.66095006,0.003697399,-1.1127347,0.7025821
GAGGTAGGTAGGTTAT-1_atac,1.0094727,0.71120316,-0.09392379,0.7779697,-0.5327212,-1.893159,-0.22096178,-1.8382128,0.5818112,0.18814154,0.8100666,0.33092356,-0.6946489,-0.46278882,0.5640833,-1.6105822
GAGGTGAGTAAGCACC-1_atac,1.1209402,-0.24105613,-1.4036286,-0.23969288,-0.7627126,0.47746092,-1.6760938,2.0288033,-0.15735869,-0.53556615,-0.17925563,1.4176269,0.51551676,-0.039999265,1.3452209,1.2368635
GAGGTGAGTAGCCTAA-1_atac,-0.08076514,0.22434537,1.1814319,-1.4540243,0.18079752,1.1410469,0.6167766,0.115158446,-0.6249576,2.7050645,0.5553417,0.43193105,1.1648619,0.7547992,-0.42783332,2.5588434
GAGGTGAGTAGGTTAT-1_atac,-0.7243298,0.15229955,0.5133403,-0.49949875,1.0969751,1.3029706,-0.35736042,-1.101176,1.1546495,0.9685836,-1.6345543,-1.9633427,-0.009693573,-0.13335314,-0.22248708,-0.5202069
GAGGTGAGTGTGTGGT-1_atac,-0.04219845,0.12755296,-1.6036987,1.8267597,-0.9270524,-0.77202576,0.4826353,-0.19338633,0.5935669,0.51436394,-0.9582453,0.019473743,1.2201087,-0.52792865,1.5514914,0.086901404
GAGGTGAGTGTTTCAC-1_atac,0.58019865,0.37429887,0.07712239,0.62165636,-0.7957926,-2.128194,0.13079631,-1.6540747,-0.30494168,0.18628478,1.0427231,0.48286074,-0.37099254,-0.04186877,-0.6018527,-0.88364404
GAGTAACCAGATAGAC-1_atac,0.73568475,-0.4989051,0.262809,-0.26541016,2.494491,1.4132526,0.041427694,-1.033122,-0.8690835,-0.60221577,-0.6360006,-0.11669068,-0.8759207,0.07224465,-0.5740389,0.77820116
GAGTAACCATGAGCAG-1_atac,0.45045963,-0.3082256,0.56087106,-0.18543687,2.0989149,1.5667429,0.35711834,-1.6271096,-0.70937407,0.5983156,-0.47769278,-0.5525338,-0.2815127,-0.031706784,-0.60923713,0.31037155
GAGTGATCAATAACGA-1_atac,-0.29899272,-0.38847566,-0.8301097,1.4563231,-1.6706449,0.70543116,0.89387965,1.218351,-0.32402647,-0.9212744,0.315845,0.14105251,-0.67006415,-0.84319746,-1.0368338,-0.5230402
GATAAAGGTTTATGGG-1_atac,-0.12999527,-0.06936116,0.48715818,-0.70233023,0.6503242,2.198123,0.41393018,0.007836854,0.6276515,0.1047635,-0.788659,-1.2410737,-0.43949118,-0.25497964,-0.9971747,-0.0008188302
GATAACGAGCTTAGCG-1_atac,1.340491,0.007159323,-1.2105355,-0.88428044,-0.3401713,0.7096583,-1.2862151,2.4167955,-0.1689496,-0.6886485,0.05801298,1.2386854,0.10893081,0.16076218,1.1086283,1.0337425
GATAACGAGTCAATTG-1_atac,-0.15098369,-0.5038337,0.57029164,-0.7089543,0.5719061,2.2846289,0.28728315,-0.050495964,-0.3183157,0.23849553,-0.06262395,-0.47845444,-1.0769299,-0.24333937,-1.0983624,1.4841683
GATAACGAGTTAGCTA-1_atac,0.37663996,-0.74967134,0.043385297,1.221171,-1.6355968,-1.2851362,0.7811779,0.28857657,0.9459017,-0.0096544195,0.59410554,1.0518739,1.0950965,0.31919426,0.86376697,0.20587885
GATAAGCCAAGACTCC-1_atac,0.8298952,-0.17320837,-0.4187496,1.2564572,-1.1626596,-1.7388995,0.3627361,-0.11668441,0.27247283,-0.11199976,-0.04682209,1.0080132,0.8282153,0.29715696,0.64304245,-0.16405973
GATAATCGTACAAAGA-1_atac,0.57081467,0.21677215,0.7538275,0.5857335,-0.42667133,-2.4554229,0.48689136,-1.8934574,-1.0292951,-0.18596683,0.7034215,1.007447,-0.051904693,0.3310873,-0.8969168,-0.6115563
GATAGACCACTCAACA-1_atac,-0.74721867,0.030229077,1.3237498,-1.1788456,0.94150996,0.8829578,-0.41524974,-0.28836206,-0.14177836,3.059632,0.19013695,-0.11413208,1.2169453,0.948024,-0.4807237,1.3651952
GATCACTAGGACCTCA-1_atac,-0.95787996,-0.8972133,1.5677199,-1.2717268,-1.6825157,0.35084963,0.27573287,1.0410141,1.2476496,-1.1891985,1.2545471,0.6467639,-1.0690689,-0.114916705,-1.301169,-0.31587148
GATCAGTTCAATCATG-1_atac,1.5626767,0.45346743,0.057251394,-0.70075715,1.3544405,1.129168,0.23324151,0.287846,1.0029738,-2.7606714,-1.6859819,-0.5640998,-0.95849746,-0.046125803,0.2760639,-1.8426675
GATCAGTTCGGTCAAT-1_atac,-1.6171303,-1.3667861,1.5078939,-1.4879987,-1.0825679,-0.43304652,-0.9445398,-0.15773265,1.8245271,-0.50263435,1.4738522,0.34040886,0.6193225,-0.012421556,0.36849087,-0.61762273
GATCCGTCAGTTAAAG-1_atac,1.011173,0.73984283,0.6348247,0.2985307,-0.31109223,-2.261101,-0.28157732,-2.1751103,-0.23515622,0.19439258,0.82807875,0.6049825,-0.42445514,0.17843427,-0.5286034,-1.1319191
GATCGCTCATTAGCCA-1_atac,0.0885051,0.22069669,-0.034874342,1.0104641,-1.0968769,-0.090660736,1.1102057,0.7023927,-0.67880625,-1.3573785,0.85769475,0.52993345,-1.1481804,-0.5835895,-1.7773132,-0.8397634
GATGCAGCAAGGATTA-1_atac,0.18143356,-0.35728547,0.23226684,-0.4196066,1.0897205,2.0009537,0.3956467,-0.54998815,-0.5129374,-0.8012762,-0.477645,-0.39151427,-1.4740261,-0.3284094,-0.81188405,1.5254353
GATGCAGCACGTTACA-1_atac,0.1883288,-0.14922075,-0.5765564,0.19631027,2.6942043,0.75162524,-1.1566875,-1.2634503,-0.06685426,-0.6445972,-1.9290125,-1.3715435,-0.63475287,-0.02117404,0.45043963,-0.452976
GATGCTTAGGAGCACG-1_atac,0.7156242,-0.48585787,0.06427199,1.4649637,-1.3562503,-1.8484833,1.0857733,-0.38133562,0.2233588,0.24459928,-0.3638915,1.0098376,1.5313131,0.7913053,0.97129244,0.17334741
GATGGCTGTACGATTG-1_atac,-0.3884071,0.108126305,0.996312,-0.5052065,0.041788388,1.5217611,-0.044586007,0.101587206,-0.11083441,-0.6928865,-0.18164384,-0.47498313,-0.74358517,-0.46861535,-0.8412462,0.53053135
GATGGCTGTCCGCTGT-1_atac,0.07565732,-0.6756518,-0.42139214,-0.16928628,1.2514567,2.297547,-0.18552351,-0.25463706,-0.4744822,-0.35272756,-0.5445701,-0.65925205,-1.4830577,-0.36815113,-0.76773477,1.0839356
GATTACGGTTGGATCA-1_atac,-0.34278807,-0.16959904,-1.500214,2.107809,-0.9841108,-0.27685067,1.1770297,0.050041445,0.2837687,-0.05780872,-0.7027745,0.0014241654,0.77242357,-0.751323,0.8671752,0.227577
GATTACTCAATTGAAG-1_atac,-0.073886715,0.15718196,-1.7737954,1.2075306,-0.92071867,-0.5502561,-0.47442916,-0.32574412,1.1319449,0.2892867,-1.4376447,-0.5697721,1.0728046,-0.89131284,1.9464875,-0.5163674
GATTACTCAGGAACTG-1_atac,-1.2153716,-1.4786493,1.7339487,-1.3505177,-1.4362723,-0.76136386,-1.3465233,-0.45650464,1.5870452,-0.17391048,1.794828,0.7825941,0.43211767,0.17664863,0.38525218,-0.62056017
GATTACTCAGTTAAAG-1_atac,1.5854057,0.3322234,-1.2592558,-1.2712379,-0.28609118,-0.3635678,-2.2772794,1.2162832,0.90660536,-0.70099723,-0.4850352,0.89935124,-0.0429454,0.057871804,1.7722406,-0.0869021
GATTAGCTCCTTAATC-1_atac,0.010592613,1.1092284,0.75463676,-1.1810894,-0.12210561,0.803853,2.3937364,2.2356126,-0.73942167,-0.6117248,0.8447342,-0.6475277,-0.34278774,0.058709007,-1.2939677,-0.3576863
GATTAGCTCTAAGTGC-1_atac,-0.30832016,0.188536,-1.5796087,1.5359006,-0.7669476,-1.2511362,0.16513585,-0.65845627,0.16133985,1.0329808,-1.095446,-0.09640131,1.5768136,-0.37749556,1.6881576,0.4922552
GATTATGTCAAACACC-1_atac,-1.2445543,-1.0608723,1.1700524,-1.3800728,-1.6917129,0.22745891,-0.42162403,1.003158,1.5960803,-0.60488003,1.3710619,0.3465272,-0.05394359,0.0972577,-0.075784,0.18390137
GATTATGTCCTCACTA-1_atac,-0.34970632,0.09620327,-1.3707806,1.8976909,-1.0079095,-0.61267143,1.1019454,-0.42305428,0.53938323,0.13421354,-0.4720271,-0.2646224,0.52775437,-0.8356289,0.70147634,-0.27279645
GATTCAATCGCTTCTA-1_atac,1.1178234,0.20115906,0.51011485,0.95308036,-0.63139045,-1.2815514,1.0627346,0.19270185,-0.43480858,-1.587401,0.58343047,0.9962606,-1.1102488,0.31485337,-1.1603587,-0.86980736
GATTCAATCTGTAATG-1_atac,-0.80727494,0.004708425,-1.9684881,1.5449138,-1.2904625,-0.23524553,-0.31399694,0.34072638,0.6746949,0.56445277,-0.83314985,-0.41839942,1.028156,-0.8562218,1.5169892,0.48397627
GATTGCAGTGAGGTGA-1_atac,-0.27816582,-0.16080295,0.5402087,-0.78972507,0.64092195,2.150326,0.9852155,0.5522347,-0.5327386,0.08573517,-0.25688106,-0.69165987,-0.7637537,-0.16377082,-1.4608585,1.3433369
GATTGGCGTACCAGGT-1_atac,-0.44940156,0.20294866,-1.5270778,1.3924569,-1.230574,-0.6146782,0.59692734,-0.6935565,0.3617421,0.8878882,-0.12386796,-0.4836355,0.7816241,-0.9782752,0.769608,-0.50243455
GATTGGCGTGTTAGCA-1_atac,-0.4068928,0.037873227,-0.9493439,0.9557878,-1.0688696,0.9802891,1.2719444,1.6418093,-0.21491717,-0.74249864,0.055225916,-0.66162366,-0.14031902,-0.72639775,-0.19767763,-0.13606048
GATTGGTTCATGCTCC-1_atac,-0.2586594,-0.0005563125,-0.8193321,1.7138841,-0.53758377,-0.7039155,1.5920149,-0.935317,-0.9096275,-0.7945101,0.080288485,-0.085247494,-0.5350356,-0.73207396,-1.0141306,-0.34952468
GATTGGTTCCCGAAGC-1_atac,-1.0135732,-1.3322173,1.7615908,-1.502292,-1.4131031,-0.90033466,-0.83933187,-0.26773787,1.7090958,-0.42963696,1.6795548,0.76930255,0.40571386,0.3685471,0.266394,-0.55757195
GCAAACAAGCAAACCT-1_atac,0.41028365,-0.3586659,0.21570925,-0.5431579,0.7747592,2.2780356,0.15723942,-0.024561338,0.22454421,-1.7185237,-0.90650123,-0.6808341,-1.4188758,-0.5449635,-0.46527374,0.47641835
GCAAACTTCACTCAAA-1_atac,-0.26853004,-0.24938269,0.13284653,-0.865914,0.41939977,1.740799,-0.20816834,0.29748005,0.027271407,1.914222,-0.013069986,-0.416884,0.23778191,0.16319741,-0.4461181,2.0287447
GCAAACTTCAGGATGA-1_atac,0.12131161,0.15625653,0.07967169,-0.33073285,0.3204338,2.112125,0.22014391,0.36283404,0.03836754,-1.5900172,-0.7862915,-0.6429521,-1.4143963,-0.8122627,-0.9347202,0.071267754
GCAAGCCTCTCGCCTG-1_atac,-0.6326999,-0.19311567,-0.87165457,1.0753403,-1.5321423,1.5242126,0.64725345,2.0799723,0.45584124,-1.1642022,-0.3999856,-0.22448306,-0.52627623,-1.0822607,-0.10104796,-0.26707965
GCAAGTGCAAAGGCCA-1_atac,-0.3116504,-0.10369417,-0.83419514,1.7310431,-0.693595,-1.3258697,1.2955841,-1.3509398,-0.9537518,-0.14517051,-0.12654795,0.06995355,0.304967,-0.5627732,-0.43932912,-0.00079162046
GCAATAGAGATTGAGG-1_atac,0.49057072,-0.42364308,0.11487609,-0.25050023,2.40761,1.5313582,0.10758106,-1.4083915,-0.71643656,-0.2383703,-0.3595074,-0.49606815,-1.0469329,-0.26389074,-0.5780685,0.46571818
GCAATATGTAGGTTGC-1_atac,-0.72281593,0.18609555,1.2865679,-1.0630482,0.1258921,1.5894195,1.1283678,1.2231665,0.4590622,0.41460675,0.23808202,-1.2520096,-0.26359016,0.3479683,-1.3950223,0.4976328
GCAATCTAGGAAACTG-1_atac,0.55111396,0.24538554,-0.09521744,0.6369465,-1.1378409,-2.2691624,-0.33057234,-1.75089,0.23432536,0.88692665,0.71452254,0.5294447,0.53804815,-0.03354321,0.60673463,-1.1775607
GCAATGAAGTAGCGGG-1_atac,1.6298968,0.30696025,-1.1211416,-1.1671458,-0.10690648,0.50097036,-1.5091039,2.2414985,-0.10465986,-0.97896254,-0.008441372,1.1429251,-0.3791144,0.16424954,1.2705652,0.5389034
GCAATGTTCATGACCG-1_atac,-0.2160876,-0.32500654,0.7502323,-0.6770286,1.5270958,1.7285815,0.23003031,-0.051760323,-0.47749454,1.1303673,0.010911648,-0.08549378,-0.16975613,0.17543249,-0.99863064,1.4260473
GCAATGTTCCTGGTCT-1_atac,0.26240727,-0.10535831,0.31273568,-0.6067724,0.56169033,2.1815083,0.26270655,0.26139903,0.58089954,-1.5423274,-1.023855,-1.2354599,-1.419596,-0.5667281,-0.6824639,-0.2855195
GCACCTAAGGTGAAAT-1_atac,0.4472002,-0.22792032,-0.29999,-0.34558332,0.94175345,1.9365351,-0.50795937,-0.68415165,0.98003566,-1.119704,-1.1813889,-1.4793091,-1.6123762,-0.5949635,-0.23135863,-0.02320968
GCACGAACAGACAAAC-1_atac,0.893797,0.010342851,0.42580265,0.9886474,-0.6099793,-2.0817056,0.85264283,-1.2597808,-0.5401364,-0.5388647,0.5199399,1.1093487,-0.12723489,0.47536373,-0.6240772,-0.6764027
GCACGAACAGGAACCA-1_atac,-0.5946911,0.14492673,-1.1513093,1.7968539,-0.45317015,-0.27014738,1.7210457,-1.0146974,-0.94862944,-0.60103184,-0.20034724,-0.4245564,-0.15729833,-1.0777634,-0.930188,-0.39771196
GCACGCTAGGAAACTG-1_atac,0.3949459,-0.3260203,-0.09074767,-0.46879226,1.5010172,2.0979822,0.18338826,-0.7367787,-0.51686054,-0.76730496,-0.4549789,-0.35679576,-1.0680295,-0.26201087,-0.7632998,0.8299439
GCACGGTTCCTTAAGA-1_atac,-0.58209115,0.26465148,-1.0605103,1.7718247,-0.5044305,-0.65050644,1.5015593,-1.1638098,-0.7613902,-0.3151695,-0.008770816,-0.124818735,0.046582684,-1.038813,-0.97103554,-0.47589535
GCACTAAGTAACCAGC-1_atac,-0.53276,-0.33128014,-0.9770539,1.615966,-1.4468379,1.018999,1.4436432,1.357183,0.35273254,-1.0129902,-0.24223292,-0.05863455,-0.04883669,-0.9398982,-0.23820767,-0.41354758
GCACTAAGTTCATCTA-1_atac,1.2856658,0.29284787,0.4496299,0.7814699,-0.83136845,-1.6169391,1.0584258,0.059376255,-0.34633413,-0.9748964,0.777829,0.95273936,-0.6634191,0.56169087,-0.9366415,-0.9617232
GCACTTACAGCAGGTA-1_atac,-0.7588066,-1.0384511,1.6332203,-1.2522137,-1.6764477,-0.0019874256,0.3694265,1.2015948,1.3635688,-1.2431179,1.2259663,0.5963378,-1.1046733,0.12478932,-1.0390393,-0.3534227
GCAGCTATCTGTTGCC-1_atac,0.39956212,-0.089253135,0.82282245,-1.1402452,0.50532675,1.7871042,0.4159183,0.5987365,0.72530144,-0.72073966,-1.2549235,-1.283298,-0.65994066,-0.10953904,-0.39316943,-0.40265197
GCAGGAAGTCCCGAAG-1_atac,1.0466087,-0.035300784,-1.4654945,-0.6518449,-0.7137953,0.34765053,-2.0657158,1.7651256,0.36452913,-0.6721784,-0.34246063,0.8743238,0.16462247,-0.14837447,1.6093351,0.80004823
GCAGGATAGAAAGGAA-1_atac,0.24547976,0.06958909,0.27663693,0.91711277,-1.3417526,-1.0224476,1.134642,-0.01417128,-1.1614081,-0.93754554,0.8634342,0.70436555,-0.60821766,0.046402507,-1.6762614,-0.44112003
GCAGGATAGTTAGGCT-1_atac,1.0814104,-0.3540654,-1.3081924,0.16176084,-1.0802518,0.2985559,-1.397499,2.0590725,0.39698112,-0.5755555,-0.08378832,1.2391131,0.4613948,0.055727772,1.47605,1.0258026
GCAGGCAAGCAGGTTT-1_atac,-0.12955517,0.6874857,-0.65952975,-0.3063174,1.1362911,1.2984279,-0.850393,0.26748532,1.1512583,2.0352623,-0.6232391,-1.7116059,0.6705003,-0.03169921,-0.15884593,-0.76605254
GCAGGCAAGGACCTGC-1_atac,0.8996883,0.021207076,0.4643824,1.2175813,-1.1590761,-2.016009,0.61081815,-0.75302744,0.40650547,0.49722457,0.47025222,0.73726,0.45810568,0.62907815,-0.40505433,-0.14398876
GCAGGTGAGGAATAAC-1_atac,-0.6159725,0.03264706,-0.90252054,1.7366054,0.085449256,-0.46109122,1.8287152,-1.0799874,-1.4568231,-0.8276036,-0.26422408,-0.2806483,-0.010855254,-0.83927584,-1.297471,-0.28064433
GCAGGTTGTGACATGC-1_atac,-1.8783863,0.41739017,1.5437897,-1.2778475,1.0392408,-0.36046064,-1.7252305,-0.047093507,0.86786926,2.4325805,-0.3944361,-1.0700241,1.4219115,1.5937929,0.20175563,-0.2224933
GCATGAAAGCGAGGTG-1_atac,-0.39217237,-0.48602968,-1.143982,1.5335449,-1.9005703,-0.38993666,0.36913764,0.0020119883,0.5824993,0.24493107,0.4873297,0.122106254,0.47893566,-1.0389018,0.6356479,0.06430495
GCATGAAAGCGCCTTT-1_atac,1.1077094,-0.32969195,0.19582064,0.97621334,-1.8578644,-1.5419478,0.11748897,-0.04899413,0.2854041,-0.5167103,0.9448405,1.1600518,-0.16893572,0.14976077,0.025809564,-0.795584
GCATGAAAGGCAATAG-1_atac,-0.32786244,-0.2899454,-1.7127274,1.6391404,-1.4858208,0.6529984,0.4966031,1.674615,0.55600464,-0.4678645,-0.5532377,-0.19930492,0.45016378,-0.6370746,0.8858787,0.34678048
GCATTAGGTATGGTGC-1_atac,-0.08370363,0.25064197,1.515456,-1.0662823,0.50242746,0.61740774,0.4346315,-0.5948576,-0.7747405,2.8516188,0.4750776,0.28326964,1.0759642,0.87391245,-0.27697754,2.2261672
GCATTAGGTATTCGTC-1_atac,-0.42321986,-0.18359244,-0.6762655,1.4153453,-1.6363169,1.0253974,1.0082908,1.4338204,0.006413996,-1.1793842,0.30231193,0.3692764,-0.9036021,-0.95947707,-1.0896521,-0.61344707
GCATTAGGTTAGCCAA-1_atac,-0.1263603,0.1451782,-0.8621326,1.7153709,-0.5535818,-0.83657795,1.3488902,-0.98084545,-0.7325433,-0.64400357,0.060399815,0.041942433,-0.35756543,-0.76634157,-0.8400797,-0.5818082
GCCAACATCCGGCTAA-1_atac,0.15611221,0.28616092,0.13355225,-0.8233166,0.70750326,1.868745,0.42830575,-0.51104903,1.5900906,-0.0922854,-1.1862693,-2.013242,-0.25358355,-0.50430596,-0.6136513,-1.2768869
GCCAATTAGGCAAGTA-1_atac,-0.108521864,0.639249,-1.212869,1.669706,-0.45589763,-0.72680974,1.1310507,-1.132719,-0.036800988,-0.22060473,-0.163261,-0.42168653,-0.4532408,-1.0012056,-0.46116808,-0.9598587
GCCACACAGGTCCTGA-1_atac,1.5795493,0.7591265,1.4233819,0.14469539,-0.12555371,-2.751763,-1.0324426,-2.3976588,-0.7522467,1.2129089,0.30317134,1.599567,1.1579518,0.82093406,0.5017154,-1.6518959
GCCACTAAGGAACCGG-1_atac,0.5748707,0.6004908,0.7024499,0.6151735,-0.30131608,-2.0812302,0.83680224,-1.5153718,-0.9780499,-0.21098202,0.8915401,0.73627496,-0.39227533,0.360196,-1.2486545,-0.6486653
GCCAGGAAGGAACCGG-1_atac,0.3297769,-0.57208335,0.8521607,-0.49312708,2.033832,1.7401756,0.19317256,-0.5158429,-0.59266824,0.7909474,0.10998327,0.044675976,-0.3657843,0.46160582,-0.73933953,1.0659008
GCCAGGTTCCAAACAC-1_atac,0.8130987,0.77830684,0.20750062,-1.014066,0.8422216,1.6064675,0.72471136,0.42286834,1.4821523,-1.2413987,-1.669292,-1.5012486,-0.60794836,-0.37154517,-0.07195684,-1.9629402
GCCAGGTTCGTCAAGT-1_atac,0.3677951,-0.7051897,0.38596222,-0.28907079,3.3528817,0.7251367,-0.5701419,-1.8650924,-0.58956075,0.0884871,-0.7180727,-0.51156485,-0.6311534,0.20156741,0.09480776,0.3168808
GCCATTACAGCCTAAC-1_atac,0.8651168,-0.35801414,-0.37533414,1.0114509,-1.425473,-2.1251807,-0.1797953,-0.5980944,0.14235486,0.4923138,-0.26939467,1.2561594,1.5607731,0.8523934,1.4035766,0.5220593
GCCCAAATCCTTGTTG-1_atac,0.03472359,-0.17722656,-0.21381594,1.8081156,-0.46219575,-0.8864887,2.0458126,-0.36751515,-1.0958217,-1.1888974,-0.109442025,0.6099458,0.008380797,-0.12403573,-1.0207449,0.05922586
GCCCATAAGCCGCAGT-1_atac,1.720574,-0.22323743,0.6930946,0.425506,-1.873528,-1.8769947,-0.5312828,-0.24349299,1.1076727,0.38984847,1.1815847,0.9500431,0.34624794,0.9403411,0.53290224,-0.7058106
GCCTATTGTCATTGTC-1_atac,0.25382438,-0.05491472,0.25435874,-0.54009444,0.27483204,2.1326947,0.19270912,0.55550355,0.22469163,-1.7916001,-0.8639317,-1.2090513,-1.6943444,-0.7788652,-0.90668243,-0.14565077
GCCTATTGTTATCCGT-1_atac,-0.87264174,0.49332854,-1.916924,1.3013147,-0.53798276,-0.60306907,0.23290156,-0.23721243,0.289469,1.0140388,-1.3985401,-0.81257725,1.4126072,-0.76467675,1.7028621,0.59198153
GCCTCGACACGAATCC-1_atac,0.6062689,-0.034673393,0.56856066,0.7528132,-0.691964,-2.4347055,0.74000907,-1.4510735,-0.60731685,0.24709177,0.2809192,1.3024287,1.0480559,0.8681278,-0.23661028,-0.086999245
GCCTCGACAGTGAACG-1_atac,-0.17563905,-0.43973726,0.20563857,-0.40717027,0.8973417,2.174575,0.4821125,-0.45746505,-0.15097556,0.14231966,-0.43536785,-0.8218177,-0.7714438,-0.28388974,-1.0915264,1.0403062
GCCTGTGCAGGCGAGT-1_atac,0.5057909,-0.62310547,0.34753186,-0.19275422,2.652236,1.3377856,0.20923138,-1.2648597,-0.94633615,-0.7095575,-0.34916082,-0.1295888,-1.1486278,-0.13630718,-0.6456816,0.7228588
GCCTTAACACAATGTT-1_atac,0.9265763,-0.6061688,-0.2433048,-0.6036499,1.7057582,2.0185986,0.317135,-0.53643644,-0.35725495,-0.6791056,-0.4134063,-0.13414244,-1.0949187,-0.21766055,-0.6608474,0.998152
GCCTTAACACTTAGGC-1_atac,-0.56325155,-0.43840092,-1.2793585,1.8757292,-1.6757525,0.735739,1.1484332,1.4039825,0.22761945,-0.6567577,-0.102867976,0.27810815,0.10987816,-0.8262224,-0.15720016,0.27521762
GCCTTAACAGCATGAG-1_atac,-0.7193974,-1.0690525,1.202966,-1.055483,-1.8346431,0.07613537,0.042776346,1.0640305,1.8063385,-1.331709,1.1752467,0.30106568,-0.63174224,-0.078180365,-0.5198778,-0.79715145
GCCTTAACAGGCGAGT-1_atac,0.25837317,0.15581319,1.8088199,-1.1050506,1.2921531,0.89334816,0.21052629,-0.44637334,-0.748218,2.7521973,0.50783193,0.67530656,1.0936791,1.319116,-0.11760792,1.9426079
GCCTTACTCACTAAGC-1_atac,-0.08411533,0.020255553,-0.5835321,1.4896452,-0.92666626,0.19329253,2.1980035,1.1557895,0.4472953,-0.33917767,-0.11650259,0.46935984,0.7906468,-0.5134881,0.5007,-0.03047857
GCCTTACTCTTGCTAT-1_atac,1.4885451,-0.08506258,-0.9730844,-0.89930505,-0.5002375,0.4066991,-1.6382173,2.1790597,0.12039582,-0.8196911,-0.121734954,1.4902154,0.17775248,0.17455316,1.3113042,0.72037995
GCCTTAGAGCTGCACA-1_atac,-0.41577148,-0.1653016,1.1897489,-1.0032576,1.11515,1.3030618,0.034976155,-0.35411802,-0.15479538,2.3590512,0.048625767,-0.34715566,0.72269106,0.7384116,-0.5578034,1.3942114
GCCTTAGAGTTATGGC-1_atac,-0.45060384,-0.20348048,-1.1070002,2.1983259,-0.6284177,-0.64512396,1.7335733,-0.6211068,0.13856052,-0.20390448,-0.6495115,-0.03632115,0.95710254,-0.7569614,0.5244399,0.05038201
GCCTTGCGTACAAAGA-1_atac,-0.43991876,0.06907292,-0.49190754,1.078604,-0.8472156,0.40566948,1.3318472,0.27853385,-0.92762494,-1.3501225,0.65314937,-0.091955885,-1.3717408,-0.8422576,-1.8080499,-0.40556124
GCCTTGCGTCATAACG-1_atac,1.4797118,0.034125727,0.17907159,-0.28022835,2.4192085,0.6951361,-0.32251367,-0.6274686,0.545743,-2.48012,-1.87782,-0.702902,-0.8027973,0.41188085,0.5150366,-1.4083567
GCCTTGCGTCATTGTC-1_atac,-0.49925593,0.012588251,-0.6720221,1.61511,-0.61930954,-0.19554164,1.7142808,-0.4510537,-1.0964098,-1.1802809,0.21475951,-0.03267437,-0.6946808,-1.0174258,-1.5811602,-0.51907194
GCCTTGCGTTAAGCTG-1_atac,0.5179799,-0.41398475,-0.89553785,-0.38350266,-0.8046324,0.7536955,-0.73208874,1.8456513,-0.1846736,-0.7501682,0.351206,0.49313876,-0.2982547,0.118123375,0.38300955,0.6635145
GCGAAGTAGGGTGAAC-1_atac,-0.3740814,-0.12841988,0.80345863,-0.8448492,-0.16229637,2.2202923,0.63655245,0.45492432,1.2696931,-0.24467364,-0.8737519,-1.6017348,-0.44870204,-0.10699297,-0.42664278,0.11301777
GCGAGTGAGGGATTAG-1_atac,-0.2770835,0.048664883,-0.36017203,1.0332495,-1.2582788,0.39865005,0.9786445,0.43051234,-1.0355384,-1.2749232,0.7601826,0.37428576,-1.1528195,-0.78398967,-1.912584,-0.65334564
GCGCAAACATAAGCAA-1_atac,0.02151727,0.068955265,0.21657506,0.70941323,-1.0955706,-0.8099744,1.0518423,-0.15918496,-1.1354213,-1.1188933,0.91654056,0.65710056,-0.91948164,-0.24102704,-1.8041887,-0.81546485
GCGCAAACATAGCTGC-1_atac,-0.26698443,-0.039919607,-0.5571944,1.4286339,0.13265064,-1.3191565,1.3661727,-1.759749,-1.4234047,-0.5864432,-0.14816776,0.118752345,0.10939584,-0.27289718,-1.0283302,-0.39776897
GCGCGATTCAATCTCT-1_atac,-0.107463166,0.11822454,-0.52155876,1.5073452,-0.014964203,-1.6427121,1.2760088,-1.867714,-1.4592929,-0.12436009,-0.10107827,0.5434302,0.2885383,-0.089163035,-0.8606034,-0.29261702
GCGCGATTCATAGACC-1_atac,0.7457019,0.7199607,0.2223728,-0.5777612,1.5694968,1.3409238,0.082620785,0.2497871,0.6034641,1.9171038,-0.6240955,-0.96792763,1.3531787,0.5952841,-0.32781315,-0.7747828
GCGCTAGGTTTGCGCC-1_atac,-0.20018867,-0.003561575,-1.1672544,1.9464025,-0.8996088,-0.714232,1.0638571,-0.6001673,0.3081096,-0.27161866,-0.3074524,0.13156454,0.30785134,-0.8805957,0.44163698,-0.50714886
GCGCTTAAGCTCCCTG-1_atac,1.3090866,-0.048406463,-1.1850522,-0.46692437,-0.55491114,0.69538486,-1.1332767,2.4137025,0.057259765,-0.9626284,-0.062415704,1.3389467,0.22996552,-0.05147048,1.1178519,0.74713707
GCGCTTGCATTAGCCA-1_atac,0.853299,-0.16037378,-0.9994599,0.34019083,-0.98203766,1.1475774,-0.50486505,2.6300628,0.28652844,-1.4417949,-0.009075293,0.78684884,-0.6014012,-0.3695195,0.35599354,0.455444
GCGGAACCAAGCTTTG-1_atac,1.6296659,0.6592028,-0.93577343,-1.8913487,-0.192777,-1.0447848,-1.4303411,1.1397456,0.6006641,0.32229528,-0.29913786,0.59363145,0.5063766,0.89478946,1.6913865,0.85525876
GCGGAACCACAAAGGT-1_atac,1.2104733,0.67672175,-0.75744075,-1.4779434,-0.6607281,-1.7238961,-1.9396935,0.77411336,0.9385,0.8575753,-0.16651167,0.47436488,1.1702958,0.7388649,1.4941537,0.03259416
GCGGAACCATCACAGC-1_atac,0.11265154,0.12859,-1.6965564,0.68927366,-1.2287755,-0.8485869,-1.2042847,-0.31857035,1.0935576,0.65231836,-0.71644515,-0.17484275,1.0095911,-0.86671007,2.0380998,-0.7461714
GCGGGTTTCCCTGTTA-1_atac,0.47508964,-0.2853522,-0.24482495,-0.39264005,1.9407576,1.7615305,0.23124014,-1.2444588,0.053911448,-0.7073531,-0.87897414,-0.9329512,-1.38423,-0.7693958,-0.39675263,0.17266339
GCGTGCTAGCCTGATG-1_atac,0.11347852,-0.067813374,-0.0012070816,0.95566714,-1.2387711,-0.6213452,0.88569623,0.28038424,-0.73795944,-1.4081639,0.7943773,0.5653269,-1.2843059,-0.30552545,-1.6383834,-0.5646613
GCTAACAGTAAATTGC-1_atac,0.9895165,0.25769928,1.1334311,0.67766744,0.32404646,-2.057096,1.3092821,-1.0542985,-1.1919667,-1.2105179,0.43031582,1.1688445,-0.6508232,1.0301963,-1.1092635,-0.5701938
GCTAACAGTGGATTAT-1_atac,0.8218002,-0.019575793,0.15801342,0.7740291,-1.0705653,-0.8647334,0.9654162,0.3274211,-0.34271216,-1.2852603,1.1334646,1.0260082,-0.78203124,0.28912354,-1.186686,-0.60666746
GCTAACAGTTTAACCC-1_atac,-0.37450963,0.36381832,0.50983006,-0.7352723,0.24581543,1.8113489,0.6532437,0.81869584,-0.6699716,0.0021216534,-0.020472746,-0.76085144,-0.33149135,-0.33857316,-1.136169,0.075451136
GCTAACCCAAGGAATC-1_atac,0.63826597,-0.14843152,1.5047705,-0.89176786,1.1586354,1.2471806,0.7430717,-0.38654688,-1.1387233,1.6946189,0.45125723,0.9241426,0.6328374,0.80085015,0.046012208,2.3870573
GCTAACCCAGTGAACG-1_atac,-0.4064563,0.07877676,-0.9583798,1.7379446,-0.81658036,0.46111727,1.8638502,0.18119676,-0.7030511,-1.3651618,0.0023837984,0.021536179,-0.55056655,-1.0409029,-1.1668301,-0.50227904
GCTAAGCGTTAAGCGC-1_atac,-0.7569059,-0.5400434,-0.48845223,1.3083904,-2.0825932,0.28885642,0.6379757,0.43385407,0.9860736,-0.7507378,0.4080134,0.56987995,-0.42671657,-1.033903,-0.38800922,-0.52285194
GCTAGCTCATAAACCT-1_atac,0.257593,0.46690205,-0.2136142,1.0930877,-0.3013942,-1.8275746,0.6157677,-2.2751546,-0.349008,1.057642,0.30505478,0.42465928,0.67097944,-0.31039155,0.55163485,-0.7290305
GCTAGCTCATCCATCT-1_atac,0.80663776,0.05695764,0.7214976,0.91827863,-0.4053645,-2.1140199,1.310222,-0.5194199,-1.2758124,-1.0439005,0.37334013,1.0749815,-0.40366474,0.857588,-1.1050212,-0.36116108
GCTAGTGTCAAACACC-1_atac,-0.4916308,0.41098878,0.84658086,-0.8851702,0.26575968,1.5699782,0.63985175,0.64737314,0.42124933,2.1299372,-0.27801245,-1.2012174,0.48144066,0.59507775,-0.8865124,0.7579195
GCTATAGGTGACCTGG-1_atac,-0.35783637,0.13666955,-0.8792137,1.5474303,-0.7868077,-0.69304436,1.3246894,-0.9778105,-0.57227063,-0.40700555,0.18784688,-0.08029887,-0.19938543,-0.877264,-0.89141834,-0.6162018
GCTATCCTCAAATCGC-1_atac,0.16509467,-0.10255948,1.281724,-1.3631716,0.48522416,1.3814044,0.86208785,-0.037026122,-0.9176152,2.220651,0.589413,0.5621765,0.7043138,0.73938096,-0.4874134,2.4719024
GCTATTGCAACCCTAA-1_atac,0.21707577,-0.057865802,0.63191575,-0.7968395,0.3009501,1.9901179,0.37861073,0.5016029,0.054219898,-1.8452977,-0.8565029,-0.8287286,-1.4773644,-0.6299184,-0.9940644,0.27761444
GCTCAACCATTTGCTC-1_atac,0.04805366,0.4141863,0.018947443,0.7185681,-0.66257864,0.022710914,0.99456257,0.18487236,-0.9895771,-1.4511096,0.83449686,0.3549068,-1.3710493,-0.8555796,-1.9501579,-1.148373
GCTCACAAGCTCGCTT-1_atac,-0.7876135,0.00060289167,-1.9615082,1.6202223,-1.0808936,0.03478829,0.14482255,0.3985582,0.8825894,0.23514666,-1.0335791,-0.7402396,0.8947202,-1.2241561,1.2523866,-0.081692144
GCTCATTGTAGTTAAC-1_atac,-0.06260839,0.0537379,-0.1726496,0.83561474,-0.6944973,-1.0930754,1.1890453,-0.8922765,-0.8161185,-1.236764,0.5842992,0.33469966,-0.5973539,-0.47677457,-1.6160159,-0.83146006
GCTCCTTAGCTTTGTT-1_atac,0.7751225,0.2725722,0.722619,-1.1015005,0.60551846,1.9237069,0.8665258,0.961243,0.86741054,-1.4951458,-1.439939,-1.0320196,-0.22683567,-0.07138901,-0.37978944,-1.5725924
GCTCGATCAGTCTAAT-1_atac,-0.87237316,-1.2376463,1.1424223,-1.2496135,-1.9065115,0.33857048,-0.46430516,0.8045785,1.1436403,-1.2676822,1.0829414,0.8509945,-0.6028275,-0.049326457,-0.6572104,-0.10953413
GCTCTGGCAGTAGGTG-1_atac,1.3441523,0.45672372,0.25954643,-0.8550852,1.1532073,1.4556484,0.444666,-0.16802022,1.505133,-1.7461863,-1.6305039,-1.275799,-0.5721709,-0.20835078,0.13872278,-2.0007584
GCTCTGTTCCATAATG-1_atac,-1.192102,-1.2813913,1.6193556,-1.547668,-1.7439272,-0.03517633,-0.049298353,0.6463201,1.3822521,-1.0762756,1.5666828,0.81643426,-0.60900813,0.11203482,-0.93081325,-0.029077563
GCTCTGTTCTGTTGCC-1_atac,1.1300665,0.16811192,-0.47699207,-0.2799755,2.1884909,1.540324,-0.17851573,-0.89973545,0.5520831,-1.1021492,-1.1620165,-1.1462251,-1.073822,-0.50000185,-0.045014508,-1.2027094
GCTCTGTTCTTAGCGG-1_atac,0.29103264,0.032677986,0.48206046,-0.680524,0.101052426,2.3188767,0.4647866,0.7715288,0.20598033,-1.5288913,-0.8729079,-0.9632299,-1.3402368,-0.45646125,-0.71434,0.009616143
GCTGACCAGTCCTGAG-1_atac,0.50654715,-0.22077174,0.054050256,-0.6054128,0.9882884,2.1571321,0.7476683,0.29387018,0.2283657,0.10912961,-0.71985584,-1.0454808,-0.5956666,-0.22547746,-1.0884671,0.19579852
GCTGAGGAGCACCACA-1_atac,-0.07363348,-0.36285022,0.4804669,-0.18264036,2.3966975,1.0252147,-0.9627779,-1.7292904,0.29659376,0.60745823,-1.106073,-1.1501638,-0.06015814,0.08328153,-0.35353297,-0.29500797
GCTGAGGAGGCTTAGT-1_atac,-0.28512388,-0.0018426133,-0.3608056,1.3044215,-0.23374976,-1.6441461,1.2840682,-1.8505874,-1.444881,-0.301511,-0.11874913,0.29855096,0.34716356,-0.18062977,-0.81334174,-0.41183755
GCTGCACAGTTTGCGG-1_atac,-0.6005848,-0.058287896,0.44856995,-0.7843328,0.9287088,1.6435379,-0.29194966,-0.0913363,1.0052232,0.8042328,-1.0354066,-1.6545336,0.18195377,0.16875076,-0.6213198,-0.17006008
GCTGGATGTGCATTAG-1_atac,0.943766,-0.09995782,-0.21339041,-0.23903869,1.2925104,1.9955759,0.5484047,-0.56150043,0.062270552,-1.591847,-0.97774595,-0.9708106,-1.7187037,-0.4258744,-0.36234614,0.042834394
GCTGTACCAGTAAAGC-1_atac,-0.31223288,-0.078957066,-0.94059575,1.7084275,-0.83144826,0.83897775,1.5535437,0.29882938,-0.7507843,-1.1754323,0.12562019,0.015379801,-0.6174738,-0.99514294,-1.5549148,-0.5302136
GCTGTGCAGCTAATCA-1_atac,1.5779347,-0.4711904,0.3647969,1.5553433,-1.1171417,-1.2882049,1.2935296,1.102994,0.30555466,-0.2591418,0.15839154,1.7114551,0.94018674,1.3662612,0.93534935,0.49433976
GCTGTGCAGCTGTCAG-1_atac,-0.44662517,-0.1388401,-0.5410651,1.3411903,-1.2016064,0.31319454,1.2690078,0.43059674,-0.7067585,-1.3566548,0.514857,0.36165017,-1.1206077,-1.0486909,-1.6993446,-0.694462
GCTTAAATCCTTTACG-1_atac,0.57009006,-0.39285043,-0.1173003,-0.4398556,1.2565136,2.0766823,-0.23903288,-0.41973475,0.36909178,-1.5948665,-0.8501939,-0.77555305,-1.6917483,-0.47012216,-0.4232987,0.067657344
GCTTACCTCGAGGAAC-1_atac,-0.3222819,0.30164605,0.108645976,-0.6736948,0.25418428,2.1082382,0.13917083,-0.41946727,1.3617547,-0.21735866,-1.6590832,-1.9070133,-0.3490093,-0.6638419,-0.35622832,-0.98239154
GCTTAGTAGTCACCTC-1_atac,-0.12784636,-0.05993414,-0.5956471,0.9337707,-1.4246851,0.49267843,1.1040982,0.7576636,-0.7345634,-1.0443588,0.4476342,0.12283142,-1.0546657,-0.6084403,-1.5670774,-0.463863
GCTTCGCGTCAGGCAT-1_atac,-0.2559832,0.24725899,1.1099424,-1.2289661,0.2535882,1.6679624,1.2532477,1.1827757,-0.7407998,1.687556,0.3293164,-0.020330895,0.51074094,0.3865596,-0.78873515,2.1630309
GCTTCGCGTGCTTACT-1_atac,-0.11140574,-0.1815361,-1.0434761,1.9539442,-0.88540095,0.28137776,0.72314495,0.9778314,1.2157674,-0.6506981,-0.6282424,0.1430386,0.5268233,-0.38094118,0.77184093,-0.17051603
GCTTGACCAGCATGGA-1_atac,-0.3634174,0.4764081,1.2634249,-1.3326669,0.28371978,1.4840931,1.22216,1.3835825,0.21069354,1.2049093,-0.057004735,-1.1199323,0.43806037,0.53926206,-1.1304728,0.15774283
GCTTGTTGTACCGAAC-1_atac,0.4639362,0.32288375,-0.47344008,-0.25679502,1.6818937,1.5154016,-0.41682032,-0.5247456,0.916607,-0.7890136,-1.8094085,-1.6686937,-0.65953624,-0.5648407,-0.24494761,-1.1959611
GCTTTACGTCTAACCT-1_atac,-0.56059176,0.4767639,2.8875077,-1.0014993,1.3456346,-0.9758378,-2.6895075,-1.4678414,0.86446285,0.49490145,0.4663557,-0.70074457,0.3608366,1.6888285,1.3677173,-1.3335348
GCTTTACGTGGTTATG-1_atac,-0.40644193,-0.06334473,-0.88692063,1.4619294,-0.9171524,-0.9827783,1.1175357,-1.0390878,-0.5870133,-0.24426347,0.43612492,0.23653111,0.008415662,-0.9392134,-0.80034155,-0.68026394
GCTTTATTCGGCCAGT-1_atac,-0.8727428,-1.7612607,1.515698,-1.0919138,-1.9088511,-0.6347189,-0.67557704,-0.092412695,1.5237068,-0.66090506,1.3118224,1.0154309,0.15276513,0.23154256,0.15403605,-0.13237517
GCTTTCATCATGCAAC-1_atac,0.16495605,-0.29608276,-1.9506276,0.5519733,-1.2005453,-0.4994186,-1.3154647,0.6864141,1.1130028,0.074624896,-0.9700907,0.15372166,1.0436717,-0.3036452,2.1140492,0.48500928
GCTTTGTGTGTAACCA-1_atac,-0.31772473,0.01545479,-0.3230962,-0.38966608,1.1764092,1.7547234,-0.4276131,-0.9874644,0.9797709,0.23837736,-1.6200258,-1.9848534,-0.33992663,-0.5579802,-0.19584526,-0.44336164
GCTTTGTGTTCACCCA-1_atac,-0.7589716,0.30111942,1.2665635,-0.9972375,0.113516726,1.7630947,0.6161831,-0.0025223568,1.0719584,1.0202941,-0.83450466,-1.7069769,0.27230054,-0.09741564,-0.9394775,-0.4124667
GGAAACTCAAGCCAGA-1_atac,-0.5607415,0.3334895,0.40685818,-0.5292469,1.4317598,0.69339365,-1.4481994,-1.4319416,1.2940588,0.2348369,-2.2484586,-1.8899872,0.5816538,0.051034626,0.54858565,-1.3230138
GGAAACTCACCAAAGG-1_atac,-0.6993025,-0.14050318,-1.5154723,1.4593564,-1.3487611,1.0318362,0.7416623,1.7697072,0.36744776,0.034377873,-0.48030496,-0.12017835,0.7243299,-0.5638802,0.8662062,1.0377045
GGAAACTCAGGTTCAC-1_atac,-0.6191887,0.6942381,1.3374987,-2.5192683,-0.20362845,-1.5292134,0.8760756,1.3967922,2.1239455,1.1314739,1.2160001,-0.7690801,1.1863452,1.8958998,0.12142818,-0.44477028
GGAACCACAAGGTATA-1_atac,-0.5307798,0.016667657,-0.18392317,-0.44643012,0.06994639,2.1708696,0.067388125,0.5604793,0.9222291,0.08476142,-0.9014309,-1.7830966,-0.52126634,-0.39288756,-0.82738256,-0.027922057
GGAACCACACTAGCGT-1_atac,-0.26175097,-0.16008736,-0.5642766,1.2617489,-1.2136749,1.0216719,0.60506105,1.6063869,-0.19962823,-0.9392239,-0.02294286,0.29564798,-0.6157999,-0.87410855,-0.7182845,-0.1781273
GGAACCACAGTAGGTG-1_atac,0.6928916,0.38365763,0.1610207,0.95087594,-0.89805615,-1.7768023,0.9993531,-0.6895221,-0.38152882,-0.27815312,0.71875197,0.82299584,-0.2229214,0.3491026,-0.9743195,-0.28963128
GGAAGCTAGGCAAGTA-1_atac,1.5979699,-0.25559145,-1.2459617,-0.117481634,-1.0459422,-0.3005242,-1.5818033,1.6158948,0.38701785,-0.3588626,-0.23927227,1.6948733,0.7840884,0.46256685,1.596182,0.98179233
GGAATCTTCCCATAAA-1_atac,1.5394999,0.14306363,-1.4228476,-1.0402703,-0.41440535,0.13743402,-2.253779,1.6465839,0.2018835,-0.664948,-0.2606819,0.9112985,0.017720094,0.18899819,1.6250597,0.53652173
GGACAGCCATAATGAG-1_atac,0.5600702,0.2068031,0.4239737,0.60091615,-0.7299689,-0.8996855,1.0823594,0.14414386,-1.2499335,-1.4215573,0.8702465,0.6617532,-1.1439509,0.044591084,-2.1141562,-0.7425177
GGACAGCCATGTTGTG-1_atac,0.95474774,0.27049446,0.44329756,0.84951526,-1.1023189,-1.1406081,1.1665124,0.14542359,-0.9224202,-1.0166091,0.8620423,0.8786977,-1.0576559,0.42566922,-1.4975511,-0.53262687
GGACCTCAGGAGTCTT-1_atac,0.77577937,0.53918576,0.26425576,-0.32813597,1.7277467,1.6265707,0.31844097,-0.8149342,0.39898774,1.5354652,0.23486115,-0.8419477,0.5008196,-0.30398554,-0.28542227,-1.0144813
GGACCTCAGTAGAGGC-1_atac,-1.7091947,0.41372216,1.6513433,-1.7303201,0.12514023,-0.037929468,-0.53045875,0.63403064,1.3721861,2.1967432,0.30752957,-1.2897173,1.3657507,1.5713375,-0.14354661,-0.06488807
GGACCTCAGTTAGAGG-1_atac,0.03769479,-0.05369869,-0.92591333,1.4408958,-0.9260545,-1.603939,0.01535509,-0.48782125,0.0037818106,1.1981848,-1.1351042,0.38559765,1.9872469,0.4409354,1.6656208,0.752581
GGACCTCAGTTCCCAC-1_atac,-0.1785762,0.08924302,-0.74744296,1.5592088,-0.41882795,-1.8085486,1.033533,-1.8232238,-1.2161267,0.26263613,-0.4277301,0.43837357,0.6737825,-0.18581422,-0.27456036,0.02227653
GGACGAAGTGCGCATG-1_atac,0.04941747,-0.0348145,-0.75862694,1.7995601,-0.34104273,-1.0564377,1.2387693,-1.5074612,-0.37985975,-0.56756496,-0.63462985,0.26915875,0.6015386,-0.6097303,-0.060463943,-0.99266255
GGACGAAGTGTGTCCC-1_atac,-0.86869466,0.02860232,2.6794446,-1.3967588,0.7182061,-0.7089036,-2.7943141,-1.4672859,0.7894026,0.5474756,0.845113,-0.3305261,0.33563197,1.1317896,1.4214205,-1.0027039
GGACGAAGTTGAGCCG-1_atac,0.47171113,-0.38648346,-0.01352489,-0.17273559,1.5825438,1.9311477,0.18940085,-0.952724,-0.5742336,-1.1224555,-0.5922207,-0.41671997,-1.4530518,-0.27898175,-0.61778826,0.6711292
GGACGGATCCTCAGTC-1_atac,0.14766535,0.3763058,-0.17496459,1.3705647,-0.1718768,-1.5139933,1.1920009,-1.6659746,-0.8787336,-0.21005857,0.07738912,0.32790533,-0.028796278,-0.2560464,-0.87609494,-0.6556214
GGAGGTTAGACTAAGG-1_atac,0.30409825,0.40115625,0.1185411,0.60934955,-0.84264755,-2.0999684,0.09537082,-2.0044858,-0.58576447,0.38444585,0.83962965,0.4201992,-0.045672063,-0.15575874,-0.8717645,-0.78907967
GGAGGTTAGACTTATG-1_atac,-0.2515503,-0.20960067,-1.5133775,2.114628,-0.92692965,-0.50445306,1.1716598,-0.67589754,0.38145426,0.3308678,-0.53982425,0.19055673,0.95584285,-0.99476135,0.8982739,-0.24584612
GGAGGTTAGGCTCATG-1_atac,1.1138994,0.39815,0.23270997,0.91353935,-0.60607237,-1.5455241,0.71632457,-0.34503576,-0.48390457,-0.6705268,0.45975283,0.5198373,-0.74866694,0.79994595,-0.9886119,-0.48974252
GGAGTCTGTTATCCGT-1_atac,0.35825068,-0.23658778,-1.4538293,0.44184947,-1.0626471,0.77958727,-0.8571188,2.3893437,0.00993908,0.043520756,-0.13225953,0.65030104,0.85270643,-0.11421681,1.1936893,1.5346662
GGATAACCAAGATTCT-1_atac,-0.77139723,0.11962328,-2.0843124,1.5505726,-0.9789608,-0.17014597,-0.12140579,0.26129967,0.6909398,0.65563154,-1.1714473,-0.54203856,1.1802475,-0.85225934,1.8150752,0.706588
GGATAACCAATTAGGA-1_atac,0.12902942,-0.43609068,0.6211327,-0.31289843,2.8553853,1.0262126,-0.535543,-1.5284407,-0.28844395,0.93552864,-0.47795716,-0.39244977,0.09541987,0.1819832,-0.5611459,0.040842574
GGATGAATCGTTAACA-1_atac,0.53624296,-0.49759173,-0.40716338,-0.25494698,2.1584358,1.8181299,-0.066375464,-1.1584587,0.34275767,-0.8356855,-1.0419761,-0.7950317,-0.83096755,-0.40895444,-0.3856755,-0.21449955
GGATGGCCACACTAAT-1_atac,-0.7030887,0.23504342,-0.1259946,-0.3239711,2.304145,0.5370664,-1.722945,-1.3488963,0.4544543,0.3121745,-1.6403782,-1.3594424,0.27946734,-0.020600978,0.567606,-0.610913
GGATTATGTAAGCTTG-1_atac,-1.3230075,-1.4426652,1.3787514,-1.247832,-1.6284955,-0.42320964,-0.4866771,0.19505845,1.8853114,-0.78422993,1.3401997,0.49910924,0.37896645,0.13703924,0.22927535,-0.3411125
GGATTATGTTGTTCAC-1_atac,0.1503592,-0.44128883,-0.5421881,1.8233427,-1.3978777,-1.4353113,0.96414,-0.33697924,-0.007953766,0.38144815,-0.35288557,0.69328374,1.4557709,0.249874,0.99838203,0.7066983
GGATTTATCACCGGTA-1_atac,-0.3444277,0.043066524,-0.6462841,1.4022422,-1.0503905,0.13728899,1.4394765,0.33719757,-1.1249926,-1.2053838,0.5691262,0.24000034,-0.8137383,-0.7350852,-1.8588234,-0.39987487
GGCAAATCAAGCCAGA-1_atac,-0.6028457,0.3504755,0.7866576,-1.1686143,-0.2649137,1.5720373,0.8562988,1.0813197,-0.6441203,1.5908151,0.36514544,-0.097298644,0.32317773,0.2927781,-1.1016227,2.047219
GGCAAATCAGGATTAA-1_atac,-0.07892274,0.30656108,0.53941745,-1.2953546,-0.12556681,1.4869486,0.710013,1.2696509,-0.8391652,1.1876701,0.19422211,-0.17375375,0.025331713,-0.058929734,-1.2816662,2.2180738
GGCAAATCAGGCTACT-1_atac,-0.23234329,-0.18664724,-1.104466,2.1187897,-0.9906172,0.28187317,1.996244,0.28236112,-0.5210635,-1.0912365,-0.2281413,0.20107532,-0.1921099,-0.841009,-0.7989526,-0.17957553
GGCAAATCATAATCGT-1_atac,-0.31098583,0.102700174,-2.0489383,0.9334247,-1.0104083,-0.34175196,-1.3399644,0.21659791,0.9556105,0.5497109,-1.3244544,-0.21916974,1.2202642,-0.61881083,2.1645603,0.3801861
GGCAAATCATTAAGTC-1_atac,-0.93782306,-0.15761335,-1.9446982,1.8806745,-1.3590832,-0.08440208,0.51175463,0.42361897,0.40032002,0.32271194,-0.738097,-0.5810132,0.7681439,-0.9645246,0.9541619,0.6635888
GGCAAGCCAGTTATCG-1_atac,-0.12534781,-0.041359138,-0.014528036,-0.43661916,0.1144504,2.1057625,-0.43789092,0.19058627,-0.33374634,-0.6225069,-0.4693149,-0.7612128,-1.3474643,-0.863392,-0.7366548,1.0509309
GGCATGGAGCACAGAA-1_atac,-0.028846331,0.35877156,1.176549,-1.2725343,0.61497295,1.7478827,1.0169494,0.22231652,0.050207596,1.6738127,-0.021058423,-0.5003591,0.40312123,0.15683712,-0.8921048,0.96028227
GGCCGTTAGCACTAGT-1_atac,0.24655849,0.1584184,-0.10222201,1.4189636,-0.19387507,-0.70094615,1.8979654,-0.0772399,-0.24998507,-1.2913288,0.047760077,0.4078017,-0.285303,-0.47212964,-0.5622507,-1.170534
GGCCTAATCACGCCAA-1_atac,-0.5183,0.33923885,-1.2338548,1.724573,-0.46543178,-0.61910367,1.561301,-0.90953875,-0.78559834,-0.17371945,-0.004011102,-0.39773646,-0.06257534,-1.0473317,-0.8410968,-0.6723353
GGCCTAATCATTGTCT-1_atac,-0.6266523,-0.31219903,-1.0724096,1.7585288,-1.5733953,0.9518157,1.7789116,1.3978876,0.023984797,-0.916556,-0.3296851,0.042575523,-0.028433979,-0.8626723,-0.28967687,0.14874503
GGCCTCTGTCACGAAC-1_atac,-0.41304535,0.74412936,1.3255202,-2.5419762,-0.23275936,-1.4329593,0.9744817,1.5392537,2.2586408,0.9779413,1.1888903,-0.70765287,1.0566274,1.9638336,-0.08180176,-0.5970961
GGCGGTAAGGTCCTAG-1_atac,-0.30756631,-0.02648111,-0.96307963,1.5240185,-0.4951326,-1.2650198,1.2682388,-1.8656902,-1.0342637,0.051982082,-0.06871742,0.19662812,0.6556371,-0.6502726,-0.3702237,-0.4188857
GGCGGTTTCACCTGCT-1_atac,-0.471962,0.2656322,0.70972526,-0.33604217,0.112727664,1.9481353,0.94614094,0.45977592,0.2615117,-0.69349843,-0.44944593,-1.2255088,-0.40712178,-0.2336376,-0.84744626,0.29535076
GGCGGTTTCCTTTACG-1_atac,-0.38478956,0.06766314,-1.1315029,1.9689279,-0.39342594,0.50624824,2.2059207,0.098067224,-0.36957264,-1.2979562,-0.3940663,-0.109835215,-0.3081938,-1.1558233,-0.69057554,-0.47408646
GGCGTTATCCAGGAAA-1_atac,-0.60553175,0.72074217,1.395066,-2.4772265,-0.072792344,-1.2738372,0.9528838,1.6667901,1.9684714,1.2861203,1.4440826,-0.6877732,1.1775904,1.8787532,0.18010119,-0.2970873
GGCGTTATCGAGGTGG-1_atac,-0.31006604,0.17478281,-1.3463656,1.904741,-1.1046196,-0.49646196,0.7838178,-0.85850954,0.91359633,0.4584705,-0.5775218,-0.36132574,0.40324587,-1.1231407,0.89460236,-0.54135704
GGCTAGACAAACGGGC-1_atac,0.82694286,0.49027458,0.37799627,0.4984142,-0.4467747,-2.1273372,-0.3448164,-2.570478,-0.2548231,1.1846013,0.7040889,0.75904644,0.96891993,0.25107878,0.7176442,-1.1917762
GGCTAGTGTCCAAGAC-1_atac,-0.3039666,0.022910504,0.38603598,-0.82506955,0.89909256,1.1915166,-0.5233853,-0.7289785,-0.6618678,2.521221,0.12312759,-0.35371885,0.6351166,0.14986408,-0.46501106,1.7104996
GGCTAGTGTTGTTCAC-1_atac,1.2010126,0.55364966,1.2944897,0.52497745,0.32050082,-2.7109036,-0.46830055,-2.4738173,-1.0609901,1.3168144,-0.25178328,1.4479122,1.1074951,0.9548155,0.30960461,-1.2606833
GGCTAGTGTTTAAAGC-1_atac,-0.08553858,0.56368196,0.9722307,-1.2480874,0.16442235,1.3476459,0.20137912,-0.4304313,1.9309769,0.25213283,-1.7584182,-1.9245179,0.26248482,-0.09752941,0.1956356,-1.48253
GGCTATGTCTCCTCAA-1_atac,-0.6970249,0.26868173,1.1221856,-1.4380491,-0.049089395,1.771053,1.0212566,0.9851875,-0.5106358,1.1236215,0.46054402,-0.32152918,0.053107392,0.2154813,-1.2419719,1.3085794
GGCTATTAGGACTTAC-1_atac,-0.2472582,-0.037939034,-0.68556213,1.5383531,-0.67282635,0.059024516,1.9032009,-0.15147816,-1.1115718,-1.3093176,0.20560381,0.1841779,-0.5972794,-0.79068816,-1.7477003,-0.48455393
GGCTCAATCATGCGTG-1_atac,-0.7228321,0.42390692,0.54668015,-0.6402599,1.9471267,0.722551,-0.70747715,-0.95301384,0.7793316,1.6752421,-0.8949718,-1.7076827,0.5692617,0.16587095,-0.591823,-0.92072415
GGCTCAATCGTTAACA-1_atac,0.780021,-0.77919805,-0.3238631,0.3135856,-1.379295,-0.9908244,-0.78720415,1.3836238,0.80229664,-0.13938354,0.41720763,1.8176486,1.4452606,0.6020955,1.6386598,1.1527318
GGCTCACAGCTACTGG-1_atac,-0.34119225,0.4791336,-1.5322849,1.7249546,-0.7767069,-0.74696654,0.89563954,-0.9810005,0.24925166,0.8748173,-0.7193448,-0.63924503,0.7940004,-1.0282013,0.7112135,-0.24104437
GGCTCACAGTTGTCCC-1_atac,0.30076006,0.96936804,-0.08740782,0.38499,-0.7801982,-1.8088573,-0.22301391,-1.9083735,0.31095746,1.1793342,0.9317887,-0.2917111,-0.024091274,-0.30770195,-0.13170373,-1.1119561
GGCTCACAGTTTCCTG-1_atac,1.0017858,-0.16358064,-0.8300827,-0.17965086,-0.65305567,0.21541256,-1.1223933,1.4950305,-0.092046134,-0.40971163,-0.13714704,0.98016894,0.45724088,0.21694586,0.6892212,0.73515075
GGCTGAGAGACCATAC-1_atac,1.4438939,0.18217707,-0.9717219,-0.6964034,-0.56752664,0.62125397,-1.189912,2.5544844,-0.052259356,-1.0061747,-0.011741588,1.0780886,-0.32144338,0.08928337,0.7511469,0.46876344
GGCTGAGAGGTCAAAG-1_atac,-0.37720412,0.4135026,-1.0315236,1.5582856,0.27989227,-1.2669685,1.1025559,-2.1594522,-1.0257277,0.70156276,-0.30511,-0.028478505,0.89907384,-0.5045527,0.23012109,-0.4584096
GGGAGTAGTGCTTACT-1_atac,-0.54080045,-0.18503244,1.401758,-1.2034528,-1.0851797,0.39340293,0.50346035,0.6937663,0.7614862,-1.4814281,0.6323197,0.3741042,-0.9899304,0.047782086,-0.71229327,-0.105050266
GGGATAATCCCGTTGT-1_atac,-0.47149986,0.17187738,-1.2533133,1.8654559,-1.2107512,-0.5223208,1.1170632,-0.25882986,-0.12851898,0.23807546,-0.48927066,0.08644861,0.75888234,-0.7725659,0.60341346,-0.19444586
GGGATTAAGGCTTAGT-1_atac,1.6574249,0.054374304,-1.1035036,-1.2491497,-0.46866733,0.16905807,-1.7817612,1.9640542,0.05829481,-0.7893818,-0.19200434,1.117251,-0.24368118,0.32901564,1.371191,0.6923745
GGGCAATAGACTCGCA-1_atac,-0.33287585,0.1597803,-0.5933173,1.4519734,-0.5909507,-1.6355857,1.0095296,-1.8874545,-0.983863,0.4033595,0.26141894,0.123497486,0.1281549,-0.3882879,-0.46826598,-0.03840408
GGGCAATAGGGACTAA-1_atac,0.23579162,0.0015120357,-0.6676583,1.8426601,-0.40791324,-1.1690053,1.6463277,-0.65764135,-0.6776732,-0.8043848,-0.041149963,0.34076488,-0.23378259,-0.37454155,-0.73293316,-0.42767477
GGGCCTAGTAAGGTCC-1_atac,0.51581764,0.06278073,-0.26066428,-0.3077693,1.5153607,1.8113017,0.29182753,-0.9934672,0.91768116,-1.1965888,-1.5704086,-1.3030002,-0.7792046,-0.5491946,-0.305098,-0.95654833
GGGCCTAGTAGGTGTC-1_atac,0.13766858,0.27841818,0.03915615,0.69907814,-0.63793993,-1.4257812,0.90888476,-1.1134592,-0.4976225,-0.51998943,1.031131,0.32905522,-0.7861638,-0.17577952,-1.5965346,-0.7344533
GGGCGAATCGAAGCGG-1_atac,0.33274955,-0.050818857,-0.0651606,0.9596501,-1.1672572,-0.52167964,0.6043435,0.92036754,-0.48760158,-0.6021692,0.35072482,0.41949457,-0.34854785,0.086678185,-0.97895724,0.09112473
GGGCGAATCGGGATTT-1_atac,1.4032643,0.012760486,-1.1205379,-0.7705528,-0.54333794,0.5120198,-1.6589121,2.2745986,0.13845609,-0.7650041,0.15627804,1.3362381,-0.19619812,0.10027511,1.1687621,0.80163825
GGGTATTTCAGTTCCC-1_atac,-0.958502,-0.034498222,-1.763657,1.2555258,-1.321644,0.891059,0.44421622,1.5523148,0.6842824,0.20875661,-0.8515839,-0.92245215,0.7025917,-0.93025696,0.7777311,0.34576452
GGGTATTTCGGCTATG-1_atac,-0.17583178,-0.09000689,0.21904036,-0.70845926,-0.02142011,2.1081362,-0.08490844,1.1409215,-0.46862233,-0.9452017,-0.19920139,-0.79854345,-1.6108966,-0.6189178,-1.0027443,1.0450209
GGGTGAAGTACTTAGG-1_atac,1.182291,-0.29384452,-1.2618372,-0.04099888,-0.90803945,0.4645137,-1.3996304,2.1967874,0.20910996,-0.6658259,-0.13806127,1.2934299,0.47180426,0.16565278,1.1931368,1.1818204
GGGTGAAGTCACAAAT-1_atac,-0.98299676,-1.3650631,1.3755933,-1.3122926,-1.9548407,-0.12971143,-0.18281135,0.58609384,1.3515356,-1.0710031,1.480577,0.8143711,-0.3427828,0.091272525,-0.25884336,-0.043220375
GGGTGTTGTTACTTGC-1_atac,-1.1749022,-1.1363509,1.7977184,-1.4844092,-1.388602,-0.6763747,-0.40509182,0.07887575,1.8566155,-0.54940796,1.7992411,0.426443,0.099629045,0.3162685,-0.16113815,-0.8366146
GGGTGTTGTTTCCACG-1_atac,0.81832665,-0.0017373022,0.7523034,-0.3898662,1.5507995,0.88806546,1.501184,0.632626,-1.5258496,-2.423753,0.80115944,0.12689301,-1.6406331,0.060696285,-1.0014955,0.1455164
GGGTTACGTAACTACG-1_atac,-0.5619867,0.22822748,-0.2303524,-0.4795866,0.43637884,2.0809143,-0.45787722,-0.35116082,1.5623882,0.5058413,-1.4576674,-2.1128242,-0.27370033,-0.60592616,-0.09601761,-0.43862268
GGGTTACGTGAGGTGA-1_atac,-0.45206374,0.09514507,1.5373294,-1.1718807,0.6913183,1.433059,0.70694065,0.09002307,0.83960354,0.9710321,-0.9002535,-1.5619993,0.5717501,0.4109935,-0.9418484,-0.4081582
GGGTTACGTGATGAGG-1_atac,0.002001658,0.38779938,-0.58266044,1.6317384,-0.32276827,0.16244301,1.8400738,0.013688102,-0.9834692,-1.4619292,0.24691725,0.18848588,-1.1295849,-0.78904825,-1.746779,-0.76288915
GGGTTATTCCGGTTAG-1_atac,-0.43268377,0.26272592,1.2760437,-1.4602034,0.11556607,1.4427292,0.61084837,0.79191995,-0.25018904,0.026444321,0.02919006,-0.6799651,-0.09931278,0.23517701,-1.3334594,0.50895095
GGGTTATTCGACAAAG-1_atac,0.32618338,0.3908107,-0.22304037,1.0195886,-0.8470345,-0.9644916,0.8093783,-0.6136678,-0.22575453,-0.92181987,0.5788462,0.34620434,-0.8867662,-0.6090449,-0.9360013,-1.2236118
GGGTTTCCACAACAAA-1_atac,0.32500115,-0.54768544,0.03193808,-0.30643082,2.1391814,1.5972353,0.068671115,-1.3651524,-0.09387948,-0.23341958,-0.5464652,-0.7347444,-1.0528115,-0.42520675,-0.77538043,0.48030767
GGGTTTGTCATCCTCA-1_atac,1.0087408,1.9150763,0.76836526,-0.68994457,1.1316433,-1.2308017,-2.1149676,-1.6719528,1.2761508,1.3119229,1.0178943,-1.1456859,-0.8923431,0.8650452,2.1663985,-1.6105939
GGTAAACCATTGTCCT-1_atac,1.2531273,0.86620146,0.53373325,0.47980914,0.30738044,-2.6025736,-1.2336137,-2.4053965,-1.6014993,1.5202231,-0.8988287,1.4902107,1.6587576,0.5176382,1.0446973,-1.6615194
GGTAACTTCACCGGTA-1_atac,-0.4067446,-0.39047998,-1.0739014,1.9357088,-1.2135756,-0.054662786,0.6912584,0.77489656,0.4622488,0.08511471,-0.5134237,0.58724105,1.3276856,-0.29595807,1.4827551,1.0549341
GGTAACTTCTTGAGCG-1_atac,0.50016105,-0.11575155,0.56916404,-0.824092,1.4957348,1.4693809,-0.02112285,-0.6295236,0.95577264,-0.9789637,-1.4118435,-1.2292742,-0.41658977,0.09501758,-0.2830657,-0.9618163
GGTAATTGTTCCGGGA-1_atac,1.4090303,-0.13538054,-0.028333344,-0.6173784,1.8566582,1.2795084,-0.029147167,-0.31496117,0.17270365,-2.4403112,-1.1087317,-0.5703587,-1.5943165,-0.471455,-0.00031906366,-1.0226461
GGTACTAGTAAGTCGC-1_atac,0.40257838,-0.66464293,-0.063401386,-0.45559087,2.1486142,1.657483,-0.030668758,-1.0530787,-0.9330035,0.5086012,-0.10210782,0.14087436,-0.6520097,-0.11289256,-0.56777203,1.3233566
GGTACTAGTATTCGCT-1_atac,-0.42063817,-0.003745431,-0.91320384,1.5480342,-0.36417028,0.66815835,1.850165,0.03827565,-1.0733653,-1.6184493,0.019115217,-0.12933534,-0.706465,-1.0883923,-1.511971,-0.6494769
GGTACTAGTATTTGCC-1_atac,1.0746706,0.6700113,0.67677987,0.6461878,0.4087241,-2.483495,-0.9381484,-2.5162275,-1.2434877,1.3974857,-0.8440404,1.30746,1.5408443,0.20356163,0.97911644,-1.4918343
GGTACTAGTCGCAATA-1_atac,0.06685863,0.3097407,0.13478208,0.689026,-0.6607128,-1.3363513,0.4915517,-1.3817135,-0.775614,-0.48629662,1.046417,0.35707474,-0.8240412,-0.37093467,-1.6660861,-0.9506148
GGTACTAGTTCCATTA-1_atac,-0.7410259,0.4344381,0.9303285,-1.1633936,0.64497364,1.1729234,-0.6098768,-0.6447617,1.5594041,0.5756858,-1.6076701,-1.922133,0.48101738,0.13784915,-0.26564363,-1.0561819
GGTAGGAGTCACTCGC-1_atac,-0.6154089,-0.9087262,1.2330325,-0.53095424,-1.6972957,0.3482059,0.100374795,0.85454834,0.82440096,-0.9299543,0.9429149,0.4473997,-0.9579265,0.058659285,-0.6195101,-0.34247714
GGTAGGAGTTAACAGT-1_atac,-0.15410833,0.07260808,-0.83828187,1.9533298,-0.4947193,-0.6477466,1.6619462,-0.7456828,-0.5773823,-0.8503606,-0.15689933,-0.10146675,-0.3324421,-0.76275533,-0.8815738,-0.4353568
GGTAGGAGTTCCGGCT-1_atac,-0.42159358,0.19675909,-1.4636985,1.9096081,-0.43157756,-0.08983786,1.6986018,-1.1299447,0.19128841,0.14878099,-0.81000113,-0.5845266,0.5841184,-1.2111912,0.44518498,-0.54373115
GGTATTGGTGGCTTCC-1_atac,0.2829393,0.37745684,-0.11117571,1.1366649,-0.50018996,-1.5063299,1.0634575,-1.179557,-1.0507793,-0.3100022,0.6523483,0.36746216,-0.513277,-0.10443202,-1.2588232,-0.5704242
GGTATTTCAGGCGATA-1_atac,-0.22198278,0.03228096,-0.22440092,1.2476234,0.14661662,-0.72954714,1.9035019,-0.9711781,-1.3042332,-1.5560107,-0.025519919,0.4021455,-0.19408563,-0.5682409,-1.5248147,-0.70968413
GGTCAAGCAGGACACA-1_atac,1.038844,-0.17554832,-0.9608233,0.21897244,-1.0184811,0.94466007,-0.93468237,2.5101693,0.23583215,-0.9786873,-0.09791339,1.0748101,-0.09861023,-0.18735656,0.83631134,0.5544274
GGTCAATTCCTAAGAC-1_atac,1.6666753,0.1866709,-0.16638371,-0.4949941,1.8741511,1.0877776,-0.40101957,-0.05981054,0.82240003,-2.6611888,-1.4515582,-0.70685756,-1.4020842,-0.17476366,0.41610363,-1.692159
GGTCAATTCGTCCTTA-1_atac,-0.5527219,0.12121989,-1.5260077,2.060451,-0.86345243,-0.26705143,1.4198594,-0.33696863,-0.060404703,0.31745884,-0.57009923,-0.30912277,0.70444316,-1.0570786,0.52084136,0.033442013
GGTCATTAGGTGCGGA-1_atac,0.2894129,0.22311014,-0.085096076,1.1727743,-0.7242666,-1.6175016,1.0625159,-1.2559811,-0.60419995,-0.3499184,0.63526684,0.46663415,-0.3594098,-0.16181667,-0.9843116,-0.60724694
GGTCATTAGTGAGAGC-1_atac,-0.2714165,-0.5078829,-0.75241375,1.7841779,-1.5927067,-1.1757201,0.8048137,-0.40320283,0.21514106,-0.033468828,-0.004791625,0.46402243,0.98399866,-0.47057694,0.7247035,0.21307443
GGTCCATCAACAGCCT-1_atac,0.7142271,-0.6331691,0.28015283,-0.37112507,1.4753301,1.4650472,-0.15193382,-0.7474957,0.33466673,-2.1510792,-1.4661211,-0.8007254,-1.1039194,0.02269095,0.05961709,-0.18293916
GGTCCGTAGGAAGCTA-1_atac,-0.41542345,0.058902115,-1.2450817,1.8473198,-1.1849761,-1.047867,0.87229156,-0.84686345,0.21146968,0.7210683,-0.45949468,0.017952075,1.3496131,-0.62306744,0.95441645,0.15112829
GGTCCGTAGTGAACAG-1_atac,-1.4611835,-1.0611981,1.7992992,-1.6941148,-1.0324385,-0.9095876,-0.72562546,-0.12697776,1.8339844,-0.3156775,1.6952695,0.42113551,0.47560903,0.30721444,0.09114046,-0.9089007
GGTCGGTTCACTTTAC-1_atac,0.16053873,0.41340607,0.12883371,0.19323762,-0.5685383,-2.1079483,-0.59817886,-2.696885,-0.8235178,0.8233935,0.73599905,0.31376752,0.2271082,-0.4969698,0.11423789,-1.0162487
GGTCGGTTCATCAGTA-1_atac,-1.1049802,-1.334768,1.1786551,-1.0400821,-2.0189834,0.35487646,-0.2522848,0.8640135,1.3799564,-1.1011791,1.0585214,0.6539353,-0.3705209,-0.03158829,-0.3877998,0.2591578
GGTCTTGAGGCCGGAA-1_atac,-0.21646714,0.2251625,0.1382611,-1.096798,0.6949537,1.8444631,-0.32567096,-0.84921324,1.3540554,-0.04590952,-1.750865,-1.8713697,0.11968048,-0.62475175,0.14262246,-0.9554169
GGTCTTGAGGGATGCG-1_atac,-0.35356727,-0.10879327,-1.659552,1.701515,-1.3873792,-0.124234185,0.12429025,0.4608935,0.96996695,-0.042156942,-0.49344537,-0.091037184,0.53471315,-0.9274289,1.225944,-0.086366594
GGTCTTTGTTGGTGAC-1_atac,-0.19337927,0.48625493,-0.8695375,1.6455506,-0.2058117,-0.4800732,1.4030772,-1.2651155,-0.96034545,-0.67682576,0.17032698,0.02999086,-0.67453754,-1.0164436,-1.0377953,-0.87972075
GGTGAGGTCATTACGA-1_atac,0.72702426,0.8591377,0.7280235,0.4495062,-0.53310573,-2.2623894,0.41162446,-1.2343627,0.017232109,-0.17486633,1.055544,0.41625002,-0.6444063,0.3535153,-0.7204795,-1.2857611
GGTGAGTAGCGAGTAA-1_atac,-0.23111174,0.0210037,-0.95247865,2.0914521,-1.1626117,0.7816498,1.9709896,0.96969604,-0.17924747,-0.898778,-0.31273207,0.31155634,-0.07957681,-0.8228838,-0.44709677,-0.11139247
GGTGATTTCCTCATGC-1_atac,-1.0231467,0.30041525,-0.10067369,-0.4815048,1.5232658,0.82726985,-1.6437361,-0.39855558,0.5727875,2.485996,-0.82382184,-1.5995017,0.88634115,0.5221999,-0.0749561,-0.25604606
GGTGCTTCAAACCTAT-1_atac,1.3461975,-0.3468255,-1.1512135,0.063802786,-1.0318998,-0.6886986,-2.0323527,0.91503966,0.64324915,-0.095565766,-0.27606282,1.569939,1.1732014,0.41039667,1.9521971,1.2015574
GGTGCTTCAAATATCC-1_atac,-0.21118094,0.24909073,-0.89646167,1.8551868,-0.3518006,-1.2168275,1.4146053,-1.3572907,-0.6192057,0.3722036,-0.31254083,-0.018163443,0.6550576,-0.52722114,0.19095255,-0.18836114
GGTGCTTCACCGTTCC-1_atac,-0.37192532,0.34389699,0.83377486,-1.0842644,-0.10409505,1.8101814,1.1876653,0.629412,-0.5927649,1.3579094,0.11198205,-0.41922233,0.21334864,0.14851432,-1.0821279,2.1758947
GGTGCTTCATTATGCG-1_atac,-0.3818804,-0.30541787,-0.1869894,-0.4902327,0.9393528,1.9903105,-0.44379067,-0.7773237,1.1900548,-0.38215822,-1.3707193,-1.7697437,-0.79991734,-0.46644452,-0.54016167,-0.46095395
GGTGTGACACTTCACT-1_atac,-0.46827304,-0.016924096,-1.4204352,2.015327,-1.052151,0.054039784,1.4705427,0.0474032,0.23665918,-0.18316162,-0.63347185,-0.12622316,0.42910376,-1.0893998,0.6169043,-0.11333482
GGTGTTGTCCTTGCAC-1_atac,-0.34082508,0.3126153,0.81788874,-1.25579,-0.05619197,1.6718024,1.0445029,1.3361648,-0.6572843,1.743937,0.3707721,-0.22048782,0.28593704,0.2651008,-0.9411409,2.2967086
GGTGTTGTCGAAGCGG-1_atac,-0.84264535,0.39279115,0.21928185,-0.73693985,-0.15264481,1.7929226,0.53894806,0.97204286,-0.27169606,1.1653973,-0.18716742,-1.3268195,0.051459577,-0.15671271,-1.1051195,1.2640767
GGTGTTGTCGAGGAGT-1_atac,0.77698404,0.29651946,0.41176903,0.6607145,-0.7322288,-2.2240644,0.3719533,-1.4018583,-0.27565107,-0.136248,0.8660299,0.71638834,-0.32048902,0.20170195,-0.63698393,-0.86182505
GGTTACCCACAGCCAT-1_atac,0.5361254,-0.4256323,0.36503592,-0.61055046,2.0630577,1.7035934,0.12547229,-0.23144008,-0.3064759,1.0820042,-0.37173432,0.083974205,0.07196224,0.19927275,-0.7716924,0.5518904
GGTTACCCATAGACCC-1_atac,-0.26084742,-0.13619927,-0.90937215,1.3042923,-0.8756242,-0.007675102,0.6866543,1.3194929,-0.02736211,0.007829485,0.08468594,0.08118325,0.37632728,-0.38377398,0.16563353,0.32812288
GGTTATATCTAACCTT-1_atac,0.36535645,-0.20580982,2.4932837,-1.2520019,-0.69535416,-2.282038,-1.9353151,-1.5051932,0.27458876,0.6699613,1.3819882,0.9361421,1.135276,1.14607,1.3956198,-1.9614406
GGTTATGGTGTCCAAA-1_atac,0.7304091,0.53589267,-0.057768345,0.5916066,-0.6857385,-2.1028752,0.20622519,-1.880367,0.056009542,0.34352517,0.7869736,0.5283747,-0.3836901,-0.059484117,-0.52285767,-0.7217703
GGTTATGGTTCATCTA-1_atac,-0.49071106,-0.044748437,-1.5915873,1.5337828,-0.9168933,0.2614434,0.60488886,0.7523202,1.3361869,-0.6005,-1.0750186,-0.5055387,0.3159831,-1.0705875,1.2562367,-0.5823753
GGTTCTTGTAGGTTTG-1_atac,-0.23490122,0.0053631337,-1.2657931,2.0674436,-0.2682952,-0.0124958055,1.9443984,-0.48432735,0.07279941,-0.9574281,-1.1564937,-0.317295,0.3473694,-1.1221415,0.18534425,-0.6721432
GGTTGACGTCCGTGAG-1_atac,0.27839527,-0.35442263,-0.7843908,1.2439455,-1.441522,0.9564796,0.32411462,1.9846902,0.27700138,-1.1127074,0.08439468,0.29702768,-0.303358,-0.22976904,0.20627525,0.35978937
GGTTGAGCAATTTGGT-1_atac,0.86262417,0.34717113,1.015518,-1.1862322,0.15912971,1.3098758,1.2068546,1.6158965,0.404356,-1.41939,-1.1067923,-1.0270547,-0.19673784,0.1531919,-0.7235564,-1.0885803
GGTTGCATCTTTGAGA-1_atac,-0.6179726,0.04112453,-1.5545262,1.7421558,-0.7915746,0.5185835,1.1216935,0.47537193,1.0376743,-0.63725245,-0.8761598,-0.55192935,0.19137913,-1.4976214,0.8167032,-0.9190343
GGTTGCTCAAACAACA-1_atac,0.50172615,0.24443927,-0.78686035,1.391144,-0.92615056,-1.1823292,0.2633556,-0.8685519,0.92792344,0.35156238,-0.14600462,0.2775036,0.6666754,-0.8402127,1.5310587,-0.87950563
GGTTGGTGTCTCAGCC-1_atac,-0.3356225,0.041272663,-0.46487063,-0.48522437,1.2355729,1.7747992,-0.12069739,-0.7081728,1.209569,0.5870388,-1.4518307,-1.904628,-0.109512,-0.5399248,-0.36849445,-0.52639896
GGTTTAATCCTTAATC-1_atac,0.18010278,0.31368032,0.007643359,0.8729448,-0.84408116,-2.163563,0.40490574,-2.0103586,-0.14774841,0.81155026,0.54154295,0.48481038,0.46199492,0.07824549,-0.2605837,-0.2262419
GGTTTAATCCTTCGTA-1_atac,-0.3365305,-0.14105731,-1.6202343,1.729454,-1.4961866,0.1425112,0.4766277,0.7194755,0.9255421,-0.13928613,-0.5608467,-0.109995745,0.45538518,-0.93246514,0.8809264,0.012731176
GGTTTCCTCACATTGA-1_atac,0.6264398,0.11709815,1.2591205,-1.0965563,1.1894586,1.6911358,0.84050953,0.7625539,-0.3002546,1.5171415,0.005040561,0.055335857,0.7655745,0.78530693,-0.7720264,0.57567286
GTAAGCGCAGGACCTT-1_atac,0.60072684,0.4895194,0.33944675,0.66104686,-0.51106334,-2.105264,0.5583019,-1.5690438,-0.43936503,-0.11709121,0.8637089,0.5381342,-0.41418064,0.14908278,-0.835153,-0.9507609
GTAAGCTTCATTGCGG-1_atac,0.434623,0.07815191,0.054094046,0.74717903,-1.3926855,-0.7880358,0.79277843,0.28003407,-0.3829938,-1.132981,0.74953616,0.61687756,-0.96461856,-0.36563355,-0.87132186,-0.8125626
GTAAGGTCAAGGGTTG-1_atac,-0.41604957,0.10523394,-1.9520862,1.3491687,-1.1441096,-0.115228556,-0.784425,0.43634036,1.1223862,0.4021109,-0.8703354,-0.40858704,0.94782937,-1.015997,1.7789794,-0.09005931
GTAAGGTCAATTAGGA-1_atac,0.59340173,0.03096634,0.6079309,-0.8334076,1.1049213,1.6012613,0.11982878,-0.2513726,1.1812748,-1.3528874,-1.3461455,-1.3718475,-0.80337757,-0.022887245,-0.17321731,-1.0827464
GTAATAGCAAATATCC-1_atac,0.34553257,-0.41130507,-1.0568426,1.4956167,-1.4866362,-0.9998654,-0.0907633,0.6257128,0.78060704,0.32393047,-0.42808408,0.76637053,1.3734556,0.19181344,1.461916,0.6345926
GTAATAGCAACTGGCT-1_atac,1.6338035,0.22892024,0.09928241,0.32279268,-1.1655539,-2.0835884,-1.6389762,-0.7635086,1.1556691,0.57421976,-0.24521418,0.9128909,0.93412805,0.6132178,2.1517074,-0.8614248
GTAATAGCAGGAAGCC-1_atac,1.4514095,-0.12705237,-1.3955696,-0.6266468,-0.7349669,-0.1803204,-2.0232015,1.503354,-0.05537759,-0.3541257,-0.28207403,1.5952063,0.7434224,0.4121157,1.7433809,1.1570494
GTACTAGGTGCTTTAC-1_atac,0.5850149,0.10546864,-0.6700684,1.5005429,-0.17044929,-1.6564509,0.4539204,-2.2850437,-0.30079114,0.8178061,-0.23358305,0.6741192,0.9962296,-0.31550652,1.1688522,-0.9950659
GTACTGGTCACTAGGT-1_atac,-0.21284671,0.19286281,-0.31558213,-0.7272684,0.8483352,1.8573924,-0.4403174,-0.65985817,1.279264,2.3559944e-05,-1.6174341,-1.9463191,-0.097739734,-0.3967274,-0.21020699,-0.77845067
GTACTTAAGAGGAGTC-1_atac,0.0040436746,-0.074431986,-0.1562633,0.8225022,-0.623819,-1.8421007,-0.18609318,-2.4937944,-0.5187619,1.3123844,0.15399225,0.56710273,1.3993163,-0.49439013,0.670561,-1.0134602
GTACTTCGTAATGGAA-1_atac,0.7961486,0.2608845,0.36023775,0.8474956,-0.7768047,-2.500561,0.33831134,-1.6104988,-0.5386269,0.32385358,0.33174604,0.76504135,0.475416,0.4390895,-0.17185113,-0.59922284
GTAGCCATCCGTTAAA-1_atac,-0.039287046,-0.034010816,0.20203736,1.0827837,-1.0944802,-0.92326283,0.7780852,-0.013248093,-0.80808884,-1.2080284,0.7801541,0.7564551,-0.727791,-0.26655364,-1.536055,-0.63646114
GTAGCCATCTAATCAG-1_atac,0.16083947,-0.0630435,-0.23029143,1.3336347,-0.9363722,0.27217248,0.99906915,0.63105696,-0.4059191,-1.1041721,0.41099265,0.1520233,-0.7959097,-0.35603037,-0.9742838,-0.4811172
GTAGCGCTCACAGCCA-1_atac,-0.5674212,0.89728373,1.2825444,-2.3004794,-0.33205914,-1.1662952,1.2815665,1.729177,2.1812792,1.1325568,1.1271675,-0.978858,1.0634217,1.7976403,-0.16024894,-0.53310895
GTAGGAGGTAATGGCC-1_atac,-0.9477974,0.23939092,0.31223634,-0.79716533,0.45727468,1.5941402,-0.5326749,-0.73205066,1.7534871,0.23571788,-1.7777126,-2.124414,0.36662748,-0.32029068,0.38037416,-0.72451997
GTAGGAGGTGCTGGTG-1_atac,0.030707546,0.31970993,0.34014285,0.46579036,0.5658353,-0.51114225,1.7932596,-0.81680715,-1.3472234,-1.9562677,0.18922968,0.15794125,-0.9594602,-0.43181753,-1.7247652,-1.2138666
GTAGGAGGTTGGTTCT-1_atac,-0.2783911,0.4567403,1.2434311,-1.5190909,0.043001346,1.4008414,1.2318121,1.4102643,-0.128862,1.6474802,0.06456609,-0.36804733,0.501213,0.59769046,-0.69717175,1.487081
GTAGGATCAGCTCATA-1_atac,1.4903122,0.36123788,-0.024190787,-0.5554725,1.2263516,1.6291635,0.170217,0.36034864,0.82714564,-2.5769753,-0.9214439,-0.71231306,-1.4758301,-0.56069493,0.31222388,-1.3492844
GTAGGATCATGTTGCA-1_atac,-0.03471422,-0.017339306,1.1032597,-0.45865735,2.524593,-0.13841158,-1.135916,-1.3671057,1.138483,-0.90617734,-2.0536137,-1.499006,0.50618625,0.70221126,0.26138082,-1.6308613
GTAGGATCATTAGGCC-1_atac,-0.1984728,0.15578383,-0.73140454,1.5870751,-0.55333084,-1.2655122,1.272264,-1.2950618,-1.0499251,-0.29204604,0.11027479,0.15282018,-0.025737349,-0.5849499,-0.7581245,-0.3875064
GTAGTTTCAAAGCCTC-1_atac,0.6069219,0.17328896,0.1569117,1.0586447,-1.1291344,-0.47412586,0.9296963,0.8070614,-0.7005729,-1.1086848,0.6582025,0.74154246,-0.79913497,-0.00568201,-1.3629072,-0.4653031
GTATCGCCAGCCTGCA-1_atac,1.3160756,0.10376774,0.6436322,0.5771402,-1.1793334,-2.3625839,-0.0030713622,-1.0460225,0.33191797,0.040517412,0.9683569,1.348122,0.4690624,0.7406089,-0.10786421,-0.65022254
GTATTCAAGTTTGGGT-1_atac,-0.4417284,-0.20809999,-1.1851811,1.4037416,-1.3183304,1.1320457,0.6926587,2.1252112,0.32409918,-0.8560205,-0.26904124,0.22945325,-0.047087107,-0.8584092,0.30217904,0.13732634
GTATTGATCCCGAAGC-1_atac,0.8840706,-0.48132926,-0.9695574,0.566317,-1.27923,0.6231431,-0.22815609,2.4298213,-0.071774885,-0.54616547,0.38148147,1.2076887,0.05900079,-0.020625941,0.36162153,1.274482
GTCAAACTCATGCAAC-1_atac,-0.39054283,-0.5039221,0.7601099,-0.62859195,0.87373465,2.01109,-0.009606626,-0.8963662,-0.43559793,0.21353878,-0.031614237,-0.19820255,-0.78349894,-0.350159,-0.9873794,1.2886732
GTCAAACTCCGGTTGA-1_atac,-0.5518825,-0.16129962,-0.89036876,1.5799724,-1.1442869,0.25426224,1.5272835,0.104732096,-0.8535331,-1.2072992,0.21042424,0.12446867,-0.84332633,-1.0978258,-1.513956,-0.30773354
GTCAATATCTAGCGAT-1_atac,-0.42422673,-0.07029231,-0.7641052,1.7636137,-1.1444077,-0.1265209,1.3538386,-0.06560036,-0.681417,-0.8606199,0.28416014,0.21558613,-0.6787358,-0.876864,-1.160358,-0.34160346
GTCAGGCTCGCAGGCT-1_atac,-0.48355097,0.042548876,-0.7359256,1.6275365,-0.17298995,-0.2840031,1.9869523,-0.6401244,-1.4773494,-1.1491555,0.069862135,-0.15256141,-0.35984534,-0.7208487,-1.7684903,-0.22212136
GTCATCACACATAGCC-1_atac,-0.35540536,0.11611546,-0.7474908,1.3283482,-0.0578329,-0.66893834,1.6433101,-1.5773276,-1.3842419,-0.5713298,-0.028947748,0.07358138,-0.112184756,-0.8132598,-1.1223274,-0.5555939
GTCATCCTCACTTCAT-1_atac,1.1030929,0.16194163,0.33475122,-0.7400376,0.5368014,1.6799232,0.85317534,1.1769315,0.32000697,-2.409324,-1.0905828,-0.8524738,-1.039501,-0.33647025,-0.25376222,-1.3592094
GTCATTAAGGCGCTTA-1_atac,0.9266332,0.5630635,1.3780686,-1.2500721,0.8162088,1.6068316,1.5020696,0.98533505,-0.06832265,-0.2802111,-0.3058552,-0.7664242,-0.24104162,0.27459228,-1.239786,-1.1814303
GTCATTAAGTTAGACC-1_atac,0.27916157,-0.29126927,0.61249745,-0.4462172,1.581095,1.6748646,0.44670767,-0.56923974,-1.0118353,0.9461442,0.5532686,-0.066548444,-0.78054786,-0.0875117,-0.914981,1.782493
GTCCGTAAGTTCCCGT-1_atac,0.44956848,0.4838528,0.40835348,0.5133139,-0.40093893,-2.2572608,-0.18607773,-2.6332703,-0.4005371,1.2375844,0.8256515,0.51446384,0.31964368,0.22044557,-0.1723857,-1.0623324
GTCCTCCCAATAACGA-1_atac,0.0141323665,-0.084351175,-0.77927077,-0.16461886,2.0492833,1.2156664,-0.97583526,-0.99091786,0.69331723,-0.210577,-2.0421233,-1.8634305,-0.5670963,-0.21384561,0.11652777,-0.6743575
GTCCTCCCAATGCCCG-1_atac,-0.5947858,-0.07396623,-0.79791516,1.4185187,-0.17904757,-1.3347932,1.286323,-2.0647242,-1.4290526,0.27790305,-0.3454094,0.3310641,1.004561,-0.546707,-0.3281923,-0.14578006
GTCCTCCCACTCAACA-1_atac,1.2183431,0.12676531,0.570678,0.79153407,-0.6599181,-2.6808186,0.021530775,-1.936467,-0.33438632,0.39135435,0.41137552,1.2360659,0.57294756,0.6256837,0.2267448,-0.8543866
GTCGAAGCATTTGCTC-1_atac,-0.033335254,0.16229461,1.3855277,-1.4170711,0.21137495,1.5174642,0.9237823,0.5906824,-0.052000415,1.6132659,0.05602033,-0.46561512,0.52682096,0.56117743,-0.6837541,1.438684
GTCGAGGAGGCGGGTA-1_atac,0.2875994,0.0071747378,1.0637418,-1.0365903,1.3678988,1.1077553,0.20812725,-0.5323558,-0.47284225,2.8111806,0.15710941,0.3367667,0.95217264,0.6434967,-0.48917216,1.6967114
GTCGAGGAGTTTCCTG-1_atac,1.0888776,0.46714258,-1.784966,-0.7990536,-0.22528538,-0.3087423,-2.4876704,0.628461,1.1387124,0.3994936,-0.808256,0.15348469,0.7653754,-0.026886972,2.1636577,0.040167354
GTCGCAATCATCAGTA-1_atac,0.9935396,0.59254193,0.7562672,0.69518065,-0.44650334,-2.0374916,0.48959967,-0.9701516,0.22301702,-0.2782095,1.2827103,0.6726885,-0.7412632,0.2715114,-0.8138696,-1.0824562
GTCGCAATCATGCTCC-1_atac,0.60789186,0.47191703,0.5741253,0.54631215,-0.81553495,-2.29426,0.51997364,-1.4338588,-0.25972596,0.2812404,1.0757229,0.5895448,-0.20844103,0.3549087,-0.9075795,-0.6614213
GTCGGTTCAATTTGGT-1_atac,-0.5433864,-0.1749708,-1.1168766,2.1861496,-0.75492346,0.29459327,2.373445,0.14296825,-0.4452775,-0.6732925,-0.44587946,0.032123882,0.42035466,-0.86343014,-0.3123789,0.29993635
GTCTAACAGTAACGAG-1_atac,-0.32934326,0.64353687,0.14899749,-0.06642458,2.1768618,0.052687787,-1.7314869,-1.5490516,1.0748792,-0.5970914,-2.1530077,-1.8127156,0.022425232,0.06469828,0.7595379,-1.0846171
GTCTAATCATGTTGGC-1_atac,-0.46304467,-0.21335708,-0.9261223,1.8850474,-1.2732738,-0.14766586,1.1937002,1.1202482,0.1185598,0.40723348,0.054670814,0.4631417,1.4058808,-0.24550869,0.8046564,1.4659102
GTCTAGCCAGCTCAAC-1_atac,1.3104148,0.2727134,0.50905967,1.0654211,-0.46196848,-1.702534,1.3322883,-0.3570537,-0.34721366,-1.01888,0.78354,1.2331955,-0.59287906,0.64454824,-0.72331035,-0.82811433
GTCTAGCCAGTTTACG-1_atac,0.36481357,0.43221438,0.34761307,0.8463923,-0.2718233,-1.8690221,0.6211892,-1.7807897,-1.0104275,-0.231939,0.72528356,0.58104086,-0.52279466,-0.041131422,-1.2925203,-1.0060278
GTCTATGCATAATGAG-1_atac,0.2696292,0.26388022,0.78430533,-1.2493093,0.2545082,1.501142,1.3345134,0.8214568,-1.4360039,1.316863,0.4811807,0.156024,-0.07701817,0.3124208,-0.84327936,2.6417155
GTCTATGCATAGCGAG-1_atac,1.121859,-0.5000503,-1.0467366,0.6066587,-1.4350988,-0.4097664,-1.0274107,1.4788202,0.69410586,-0.50019693,-0.058713656,1.3576548,0.670702,0.17544445,1.5118697,0.632087
GTCTTTAGTCACAGCG-1_atac,0.1506234,-0.30320075,-0.5706675,1.4615718,-1.273758,-0.17600831,0.89589894,1.5591842,0.6521094,0.2313322,0.14138484,1.0874583,1.3624495,0.19773063,1.1749591,1.1903971
GTCTTTGTCCTAATTC-1_atac,1.4200311,0.01716467,-1.2132914,-0.8123077,-0.69294345,-0.33265325,-2.3817792,1.2438215,0.65388876,-0.5539953,-0.5013924,1.2081748,0.27437875,0.31703028,2.044557,0.5828384
GTGAATCTCCGGTATG-1_atac,0.77623296,0.28005308,0.038323127,0.7754746,-1.1200111,-1.3471029,-0.4115167,-0.7583268,0.679283,-0.56406355,0.90951383,0.42619368,-1.0174674,-0.6798562,-0.060466707,-1.7040061
GTGATGAAGGAGGACT-1_atac,0.06972841,0.33533803,-0.06605235,1.1452558,-0.50719273,-1.8351004,0.9589945,-1.5590217,-1.0159057,-0.011847604,0.6443804,0.22832471,-0.31995127,-0.21059719,-1.1828978,-0.48614722
GTGATGAAGGATAAAC-1_atac,-0.38034847,0.2547695,-1.4526715,1.4138591,-0.68419373,-0.9586078,0.64631957,-1.5878981,0.24464494,1.0946382,-0.99257606,-0.50420046,1.1939453,-0.914781,1.5086368,-0.23484537
GTGCAAGCACTAAGTT-1_atac,-0.34289604,0.1446515,-0.6185231,1.4022493,-0.5685885,-0.42299092,1.4933535,-1.0776567,-0.9856146,-0.88662213,0.29763347,0.14446135,-0.44889557,-1.0053169,-1.2992877,-0.89942765
GTGCAAGCATTCCTGT-1_atac,-0.5307709,0.042532437,-0.2619205,-0.074628025,2.2656958,0.7097649,-1.315857,-0.74716884,0.2779574,2.039791,-0.8033648,-1.2218194,0.5944373,0.099207856,-0.40411228,-0.1356221
GTGCCTTTCAATTACG-1_atac,-0.09529847,0.18377809,-1.6573505,0.8010316,-0.94804114,-1.2218916,-1.4543606,-0.6387342,0.4967083,0.9687512,-1.128712,0.0481413,1.5827602,-0.6834096,2.2514381,-0.05867558
GTGCCTTTCCTGATGG-1_atac,-0.020567399,-0.39125523,-0.47528368,-0.2667095,1.003243,2.2133772,0.2671019,-0.47907108,-0.47676182,-0.07465856,-0.483713,-0.7858815,-1.2339599,-0.37724674,-0.9040096,1.4780279
GTGCGCAGTGGTTAGC-1_atac,-1.0425462,-1.2646552,1.6736053,-1.824285,-1.005163,-1.0433396,-1.2622426,-0.4675378,1.7030951,-0.35807773,1.6465038,0.6983604,0.745285,0.31833488,0.7041237,-0.95214385
GTGCGCAGTTTGCAGA-1_atac,1.6953784,0.17242134,-1.1877604,-1.1869193,-0.37392244,-0.08064825,-1.9137884,1.8253075,0.4188935,-0.6626642,-0.2926691,1.1961052,0.1346035,0.2818183,1.6180538,0.44446808
GTGCGGTTCAATCTCT-1_atac,-0.010914464,-0.03380318,-0.33587325,0.8794044,-0.93441314,0.22113745,1.1198511,0.7016,-0.745889,-1.5783515,0.6281025,0.15735836,-1.171862,-0.5194321,-1.6020739,-0.6238628
GTGCGGTTCTCACACC-1_atac,0.06740032,0.1352418,0.68967724,-0.91574115,0.21072781,2.0710406,0.70271647,0.98333865,0.4051541,-0.06189605,-0.48398492,-1.3387021,-0.6496845,-0.12441889,-1.0947397,0.11463371
GTGCTCCGTCGCAATA-1_atac,0.2929538,-0.16484806,0.23525211,0.89449775,-0.6163349,-1.9867775,0.65682405,-1.1202962,-0.39006257,-0.47259477,0.75038475,0.67957866,-0.2745597,0.17134556,-1.4173843,-0.29223862
GTGCTCCGTGCAACTA-1_atac,0.79821974,0.5164089,0.9610033,0.40291843,-0.08489172,-1.9149015,1.2423712,-0.3989189,-0.9317263,-1.3532143,0.9325542,0.743938,-1.1440151,0.5610774,-1.4949058,-0.9179797
GTGCTCCGTTACCTGT-1_atac,1.1082059,-0.24599943,-1.2091582,-0.055536404,-0.9416783,-0.8765669,-2.0860238,0.746803,0.3449757,0.27928317,-0.43162668,1.5109217,1.4403031,0.48343873,2.2757409,1.0025824
GTGCTGATCGTTTCCA-1_atac,-0.010894269,0.44287878,-0.07531834,0.50450927,0.03941217,-1.7800877,0.5847867,-2.3800197,-1.521842,0.45265496,0.35738298,0.2626022,0.17724448,0.18809637,-1.0734521,-0.60421354
GTGCTGGGTACCTTAC-1_atac,0.38660407,0.7400819,0.52470607,0.26887226,-0.46969917,-2.1810148,0.12442502,-1.7510927,0.09524971,0.56509674,1.0598849,0.2670691,-0.108570024,0.29962417,-0.9650846,-1.0213052
GTGCTGGGTCGCGCAA-1_atac,-0.050979145,-0.20207188,0.5202347,-0.7310285,0.9842446,1.9292345,0.15566969,-0.29877368,0.8952647,-0.048155263,-0.94769865,-1.4227421,-0.53851026,-0.14006618,-0.7458906,-0.19791679
GTGCTTCTCATTACAG-1_atac,-1.4125301,-1.0634795,1.9181377,-1.5597231,-1.4792775,-0.23651427,0.15182817,0.26783255,1.4294003,-0.81122154,1.5886688,0.57647145,-0.28182662,0.16895992,-0.9978764,-0.41931114
GTGCTTCTCTGCAACG-1_atac,-0.50429374,-0.16228199,-1.3682363,2.1797504,-0.90072626,-0.6865185,1.2467027,-0.4297246,0.15587425,0.48016077,-0.6944906,-0.094643354,1.0719405,-0.6993956,0.79316914,0.39652678
GTGGACACAATCCCTT-1_atac,1.0796996,0.24272431,-1.7050464,-0.17123456,-0.5431302,-0.42669356,-2.0980105,0.8659769,0.7439224,0.25025493,-0.905564,0.5727124,1.3176918,0.20186451,2.3431609,0.6404931
GTGGACACAATCGCAC-1_atac,-0.3991086,-0.036266144,-0.7706218,1.1697835,-0.62718016,-1.3142858,0.5627247,-2.4423413,-0.9497416,0.7397699,0.26293945,0.25131303,0.81156003,-0.7741133,-0.29064143,-0.540445
GTGGACACACGGTACT-1_atac,0.05846642,-0.19884366,0.65271443,-0.5985702,1.0139099,1.8738253,0.2830461,-0.4313677,-0.40422836,-0.75956106,-0.23639742,-0.6029174,-1.5586543,-0.32560423,-1.1373214,1.1728199
GTGGACACATAATCCG-1_atac,0.8349197,0.22960374,0.58366567,0.9196432,-0.5933065,-2.666196,0.37943286,-1.4672971,-0.8672697,0.26222464,0.13733536,0.9818393,0.25995225,0.7134011,-0.6374836,-0.13818252
GTGGATGCAACCCTAA-1_atac,-1.0843568,-0.14317743,-1.6019087,1.3730314,-1.5097675,1.0356919,0.78854406,1.6526612,0.6302064,-0.32613423,-0.52760106,-0.59798545,0.26000422,-1.0998064,0.3803083,0.16342594
GTGGATGCAGTTAAAG-1_atac,1.5582451,0.17208771,-1.095328,-0.7940548,-0.49596515,0.41787428,-1.6996894,2.202347,0.41158742,-0.64342856,0.21697327,1.0251293,-0.36734837,0.033594135,1.2344224,0.62997067
GTGTAACTCCTGAGTG-1_atac,-0.0015474521,0.3561944,-0.15029572,0.69614524,-0.36038136,0.008578377,1.6117581,-0.14496094,-1.031872,-1.5421332,0.5951827,0.042160776,-1.076621,-0.5341179,-1.9121397,-1.0049678
GTGTCCAAGGAAACTG-1_atac,-1.062902,-1.6120118,1.4892994,-1.2677935,-2.024579,-0.36520386,-0.5047423,0.18337029,1.4148406,-0.8230031,1.4729638,0.71297294,-0.38004273,0.039938908,-0.53409636,-0.24446534
GTGTCCAAGTTATCCT-1_atac,0.22536545,0.40347654,0.1852914,-1.1185468,0.74985915,1.2482581,-0.35993212,-0.73289543,1.6504736,-0.4226249,-1.9376297,-1.9090002,0.38833293,-0.22999117,0.28148565,-1.6880466
GTGTGAGCAAACAACA-1_atac,-0.707643,0.33828527,-1.1483847,1.4151138,-0.18536928,-0.64379,1.4875066,-1.5371271,-0.9840154,-0.17577231,0.16453712,-0.48997945,-0.11368894,-0.9850172,-1.0574892,-0.5442586
GTGTGAGCAGCACGTT-1_atac,0.47636405,0.034255892,-0.09943138,0.66979283,-0.711501,0.2618667,0.87844515,0.5742274,-0.6877087,-0.98351955,0.7250566,0.3588959,-0.75581294,-0.110902354,-1.0896198,-0.7399411
GTGTGCGGTAACCACA-1_atac,1.2096472,0.86371344,0.76725996,0.31716597,-0.0020678495,-2.8767357,-1.358565,-2.4759166,-1.349187,1.4774566,-0.3802816,1.570143,1.516971,0.7137985,0.8988965,-1.6330615
GTGTGCGGTATTGTCC-1_atac,0.013314043,-0.27103284,0.57301027,-0.68851405,1.3138465,1.777934,0.007560411,-0.51639754,0.5819828,0.10305576,-0.89263517,-1.3095098,-0.54199255,0.064397104,-0.6723089,-0.041748043
GTGTGCGGTCGCAAAC-1_atac,-0.40369165,0.5030903,0.58853817,-0.90437543,-0.65957737,1.32045,1.0305526,2.2747834,-1.1748618,-0.6932377,0.703738,-0.23206557,-0.55038226,-0.19220783,-1.6151447,0.74857193
GTGTGTTAGGTGTCCA-1_atac,0.5923794,1.7690119,0.7320975,-0.3802933,1.8087674,-1.428336,-2.3558667,-1.3634529,1.299649,0.8563454,0.3631669,-1.7367811,-1.1757448,0.85966337,2.1653984,-1.1750691
GTGTTACAGCCTCTGT-1_atac,-0.08312996,0.35406816,-1.5702549,1.7337825,-0.9436942,-0.1885585,0.46133405,-0.13322133,1.0317346,0.15463184,-0.6456139,-0.43810096,0.24923325,-1.3586131,1.3674402,-0.62054086
GTGTTACAGTCGCTAG-1_atac,-1.109248,-1.3391534,1.3148404,-1.2302103,-1.6239941,-0.35618433,-0.7444436,0.3848966,1.7546401,-0.7136698,1.198638,0.58276105,0.43213722,0.0793426,0.5497853,-0.37140676
GTGTTACAGTTACCGG-1_atac,0.6482391,0.709539,0.38391528,0.28468728,-0.3779821,-2.3032527,-0.18681498,-2.6123784,-0.57925606,0.5702785,0.73724365,0.6014057,0.068159945,0.28816578,-0.19246276,-1.0753489
GTGTTCCTCGTGCTTC-1_atac,0.20881741,-0.019028094,1.7631955,-1.0210663,1.3886133,0.71346664,0.054305185,-0.8157662,-1.1016362,2.7759085,0.20231701,0.83900815,1.2324139,1.2601912,-0.12717143,1.5565202
GTGTTCCTCTATCGCC-1_atac,-1.063263,-1.5289831,1.6014565,-1.3228824,-1.7142859,-0.5953646,-0.47538614,0.12177919,1.6097579,-0.80632067,1.5141487,0.98123443,0.2853483,0.4100287,0.23143531,-0.05783821
GTTAACGGTCCGGTTC-1_atac,0.47506988,-0.61004674,-0.08652188,-0.32124498,1.7172989,1.9947561,0.37926865,-0.3485377,-1.0181407,-0.3066317,-0.06808243,-0.08576864,-1.345548,-0.21844262,-0.80546236,1.6137557
GTTAAGCTCTTGCAAA-1_atac,-0.9729229,0.11137433,1.1636729,-0.4640422,1.5409753,1.1434412,-0.76875275,-1.0659109,0.9750863,0.96273184,-0.87484026,-1.5496408,0.22523119,0.24515867,-0.6507187,-0.7563189
GTTAATGTCATTATGG-1_atac,-0.22214667,-0.0049163196,-1.0400134,1.8970262,-1.019444,-0.5049335,1.3197136,-0.3622029,0.16138186,-0.33756348,-0.33358043,0.05014128,0.26049298,-0.7868107,0.36536738,-0.5307977
GTTACAGGTCATAAGT-1_atac,0.51824754,-0.3718967,-0.15239044,-0.51384676,1.2693307,2.2538698,0.02023264,-0.2649029,-0.2597506,-0.26005337,-0.54159826,-0.25559786,-1.0677533,-0.072348356,-0.46648446,0.89932775
GTTACAGGTTGGTGAC-1_atac,-0.61416,-0.025819086,-1.9512858,1.442341,-1.2348149,-0.5240268,-0.24897656,-0.34940702,0.7145954,0.35207722,-0.5128662,-0.302654,0.63895893,-1.1734662,1.2918975,-0.2129422
GTTACTAAGCTTGCTC-1_atac,0.23477782,-0.5201979,-0.09269645,-0.54054105,1.2283269,2.247456,0.19383125,-0.10682642,-0.7009649,0.18784535,0.031218167,-0.10229257,-1.064187,-0.3094034,-0.6788654,1.5862219
GTTACTCGTCAGTAAT-1_atac,-0.7451434,0.09839589,-0.7936386,1.3799467,-0.32057092,-0.6556041,1.4558896,-1.6469669,-1.2623622,-0.19248585,0.4505781,0.017255815,0.13537577,-0.8060364,-1.4142652,-0.36008352
GTTACTCGTTAGGACC-1_atac,-1.0762368,-0.51348716,-1.7087342,1.8195574,-1.5070138,0.74855363,0.79084355,1.456358,0.062683776,0.15912051,-0.23289222,-0.13109109,0.8546922,-0.7222995,0.400656,1.3461229
GTTCCCAGTAATCCCT-1_atac,-0.34464696,-0.22589329,0.2776962,-0.43589532,-0.06368245,1.7797948,-0.5345458,0.856405,-0.38854557,-1.5490644,-0.19432409,-0.91950154,-1.8392248,-0.7313585,-1.1661965,0.4663071
GTTCCCAGTCCAAGAC-1_atac,-0.9651104,-1.0908619,1.6039395,-1.9020499,-0.57529515,-0.26863545,-1.3024664,0.2966764,1.3936679,-0.6002961,1.8378317,1.1503127,0.5401718,0.29835102,0.7734666,-0.17390084
GTTCCTTCAAGCTAAA-1_atac,-0.42688704,-0.28301898,-1.2294904,1.5982859,-1.4938595,0.35885423,0.6326871,0.80765325,0.90613425,-0.5713535,-0.4305056,0.04864475,0.2673603,-1.0579562,0.8346008,-0.24220185
GTTCCTTCAATCATGT-1_atac,-0.21362714,-0.117101006,1.0372472,-1.0792087,1.0830168,1.4355896,0.4728226,0.031832695,-0.21402058,1.9803786,0.32258222,-0.017063398,0.4255556,0.51410073,-0.91409034,1.587881
GTTCCTTCAGGCATCT-1_atac,0.47076446,0.31756204,0.5101581,0.70360494,-0.7149618,-1.5097208,0.8029305,-0.89859724,-0.80861366,-0.8390967,0.95334303,0.78210616,-0.6688635,0.12511493,-1.4734417,-1.0020409
GTTCTTAGTGTTGCTT-1_atac,-0.19404168,-0.085778676,0.62895757,-0.77082753,0.54388404,1.7755125,0.44080824,-0.07542839,1.5433564,-0.5407126,-0.83981156,-1.9517188,-1.0567464,-0.32145697,-1.011607,-0.6436961
GTTCTTAGTTGTTGCT-1_atac,-0.40945038,0.5091023,0.75927526,-1.4495639,0.111264855,1.4365113,1.0794481,1.2556207,-0.3817791,1.6677935,0.26705378,-0.25711754,0.5585192,0.031573184,-0.780831,2.0834103
GTTCTTGTCATTTAGG-1_atac,0.25894943,-0.46693704,-0.060057405,-0.35743424,0.9239673,2.0036993,0.01634355,-0.28889892,-0.3606042,-1.2183332,-0.6711749,-0.34034902,-0.9923104,-0.13293672,-0.7001738,0.40875408
GTTGCCCGTTTACCGT-1_atac,-0.2242298,0.17962992,-1.7472519,1.5656601,-1.2331582,-0.29914898,0.2802373,0.23257717,0.95266354,0.20642349,-0.7460703,-0.29020324,0.7317275,-0.8682493,1.4353997,-0.1942837
GTTGCTGAGCTCAAAC-1_atac,-1.0670776,-0.08596073,-1.8690923,1.6987131,-1.0752773,0.10865761,0.18094806,0.65505,0.61342347,0.49329963,-0.8223226,-0.3184188,1.203524,-0.91524816,1.4582759,1.0662501
GTTGGCCAGGGTGGAT-1_atac,0.55524963,-0.73847157,-0.49486327,1.8354952,-1.8428543,-0.14064232,0.9678297,1.3976399,0.19825922,-0.086137176,0.2360486,1.1106467,1.0329281,0.19619158,0.55654716,0.92281353
GTTGGCGGTGCTGTAA-1_atac,-0.44765872,0.46309334,0.2750599,-0.47226804,1.5529056,0.71136796,-0.9040343,-1.1878046,1.2456185,-0.24393319,-2.517503,-1.9096867,0.4202533,-0.2992539,0.27096742,-1.6105032
GTTGTTGCACATTAAC-1_atac,-0.66706425,-0.80527055,2.010141,-1.7624733,-0.73638374,-1.2935518,-1.6225266,-0.82631564,1.1731532,0.005349543,1.690354,1.0058662,1.0770719,0.36584458,0.8698972,-1.2625382
GTTGTTGCACGAACAG-1_atac,-0.23199397,-0.18764925,-0.9740985,1.8836704,-1.1828799,-1.342667,1.1565723,-0.9693477,0.04240452,0.11947247,-0.30891976,0.43079382,0.9542252,-0.4246904,0.5776322,0.22335139
GTTTAACCAGTCTATG-1_atac,-0.4580841,0.8399542,1.2595456,-2.3167503,-0.29990324,-1.2213655,1.2052165,1.8042074,2.2783403,1.0679629,1.2621024,-0.84419763,0.9849553,1.9556737,-0.16477212,-0.5492101
GTTTAACCATCATGGC-1_atac,0.45576686,0.34812355,0.03885974,1.0073844,-0.47068202,-2.1197994,0.6772369,-1.5882769,-0.6419327,-0.10653698,0.4416571,0.4693867,-0.046434093,0.031001244,-0.63793534,-0.68438494
GTTTACCGTTTAAAGC-1_atac,0.68329144,-0.10152846,0.6974094,0.9584296,0.13537988,-2.1189172,1.4014972,-1.2035208,-1.3217628,-1.1216294,-0.1070755,1.0561931,0.055680875,0.71543986,-0.8829805,-0.47842282
GTTTATCTCGCTCCAT-1_atac,-0.5893327,0.06862161,-1.5688587,1.245961,-1.1998742,-1.1819293,0.115506954,-0.727946,-0.09876497,1.0345576,-0.8162497,-0.23263918,1.5575267,-0.4404815,1.5040319,0.9188109
GTTTGCTGTATCTGGA-1_atac,0.11898059,0.37296966,1.7500986,-0.39266852,2.092965,-0.33211827,-0.9088733,-0.87516755,-0.9328864,3.107491,-0.37363568,0.71413267,1.5456345,2.1383317,0.4423919,1.4298766
GTTTGCTGTTGCAATG-1_atac,0.22814505,0.6680769,-0.10973933,0.31513095,-0.5341504,-2.0942414,-0.23014964,-2.6306648,-0.83617806,0.98166275,0.6484598,0.29068282,0.33982465,-0.14641725,-0.24470575,-0.79552114
GTTTGTAAGGCCAATT-1_atac,0.52837986,-0.5825544,-0.027039895,-0.310499,2.4132009,1.5946163,0.0060481667,-1.1172056,-0.9483005,0.8528935,-0.3292666,-0.09021973,-0.5406503,-0.073451355,-0.35631654,1.0116204
GTTTGTCGTTGAGGTC-1_atac,-0.7645171,0.5835087,1.775611,-2.4318361,0.02483821,-1.8192301,-0.28248706,0.6161588,1.5354733,1.4809299,1.1481535,-0.43150842,1.5229653,1.983949,0.6973303,-0.8950557
TAAAGCCTCAATGAGG-1_atac,1.0100996,0.4820494,0.21503538,0.80571073,-1.0425879,-1.7201961,0.514159,-0.24085361,0.75330436,-0.13237189,0.95010066,0.44758603,-0.65281916,0.17522222,-0.113861024,-1.0728154
TAACCGGTCATTAGTG-1_atac,0.08821337,-0.2841798,0.4204668,-0.7576931,0.3051918,2.227067,0.48222846,0.60550696,0.29116935,-1.4241,-0.7909916,-1.087559,-1.4802805,-0.47050643,-1.0484828,0.18371086
TAACCTAAGGATCACT-1_atac,-2.012364,0.39456946,1.5555614,-1.6983396,0.48998207,-0.50513285,-2.0865195,-0.020696186,0.95022106,2.2595818,0.076505825,-0.8617949,1.5737715,1.5641747,0.3188684,-0.28738868
TAACCTAAGTAGCGGG-1_atac,-1.0031734,-0.037187673,1.4921904,-0.88601017,0.4951832,1.411532,-0.39816535,-1.1215851,0.78210676,1.8212,-0.35269907,-1.152372,0.5650423,0.22328483,-0.4874667,0.049298175
TAAGCCAGTAAGCACC-1_atac,-0.20359434,-0.26205328,0.6400329,-0.67637676,0.1274613,2.188496,0.5452122,0.5907341,0.4406433,-0.90679914,-0.9216087,-1.2678481,-0.99389845,-0.30323616,-0.9183559,0.7330307
TAAGCCAGTACAAAGA-1_atac,0.6653328,-0.046912357,-0.13422243,-0.44847733,1.5550089,1.6770158,-0.21815379,-0.6224474,0.8814773,-1.0292872,-1.3387612,-1.4243912,-1.1287303,-0.34497795,-0.291387,-0.7658238
TAAGCCTAGACAGGCG-1_atac,0.08791328,-0.45075542,-1.6104727,1.1839534,-1.2656083,-0.7253862,-1.1812749,0.7357645,0.8048823,0.25145555,-0.549209,0.63983405,1.2312409,-0.027005894,1.8777293,1.12616
TAAGCTGGTTAATGCG-1_atac,1.0885191,0.41377407,0.13214909,0.7555883,-0.9031189,-1.2160923,0.6402641,-0.3784645,0.2284122,-1.1575161,0.8452197,1.0689662,-0.7477005,-0.08689423,-0.5263453,-1.4767333
TAAGCTGGTTATCGAG-1_atac,-0.6696965,0.2212175,0.89965606,-1.3420562,-0.3295793,1.4724137,0.70353156,1.2419776,-0.16030683,1.4317517,0.3403931,-0.50251156,0.30210054,0.24474475,-0.8449332,2.0140493
TAAGGACCACCTGGTG-1_atac,-0.6570003,0.055705965,1.0575818,-1.1998825,0.42422438,1.6653333,0.5018951,0.5656572,-0.48478785,1.5219214,0.19398826,-0.3240166,0.12737381,0.2560209,-1.3727112,1.310244
TAAGGACCATAGCGGA-1_atac,-0.7794992,0.29150397,0.8363623,-0.9270875,-0.011080582,1.9299673,0.99120635,0.80882794,-0.24759148,0.66777974,0.18778816,-0.86194724,-0.39663354,-0.24468225,-1.4415945,1.0896522
TAAGGCTTCACGCATG-1_atac,-1.7777475,0.5228926,1.3121077,-0.7614191,1.4872509,-0.55741256,-2.6600938,-0.6298998,0.76351273,2.2627707,-0.7520529,-1.2538316,1.1172024,1.432478,0.6053343,-0.5119098
TAAGGCTTCAGGGCCT-1_atac,0.17422226,0.19515607,0.3521987,0.059382204,3.1516795,-0.46639037,-2.0069015,-1.5772849,1.0427428,-0.6594019,-1.8153054,-1.2300208,-0.15233026,1.0571709,0.77075773,-0.71618813
TAAGGCTTCATAATCG-1_atac,0.17713414,0.69325274,-0.8086115,-0.6355596,0.7139565,1.5066038,-0.4561335,-0.70348406,1.7248338,0.5947936,-1.7181008,-2.2675328,-0.06124229,-0.59288883,0.5378465,-1.2233521
TAAGGCTTCGGCTATG-1_atac,-0.69693565,-0.4540203,0.61655974,-0.32355997,2.4491715,1.0197681,-1.3680451,-1.2531354,-0.14160375,1.1265789,-0.6180391,-0.9672508,0.08187517,0.5144042,-0.44241646,0.117113695
TAATCCGCAAACGCGA-1_atac,-0.249017,-0.02412961,0.89596814,-0.9025659,0.32004654,1.9729909,0.42409334,0.18402621,0.8851718,-0.075858705,-0.7419706,-1.5145527,-0.48472273,-0.120001085,-0.5772575,0.051424775
TAATGCATCCGCAACA-1_atac,-0.052053142,-0.18123795,0.36375812,-0.79247266,0.7667769,2.1756043,0.27721825,0.08019008,0.5559707,-0.16367897,-0.80540967,-1.1798819,-0.62841827,-0.26055157,-0.76609737,0.14381583
TAATGCATCCGCCTAT-1_atac,0.8918728,-0.38539565,-1.4345565,0.24121293,-1.0804805,0.16400541,-1.5732458,1.9409559,0.2859639,-0.31680787,-0.13285181,1.211923,0.78332514,0.0717484,1.368477,1.1978023
TAATGGACATAGGCGA-1_atac,-0.9072098,-0.22987258,0.30171555,-0.3947421,2.4564612,0.7214864,-1.3049423,-1.3190173,0.08159579,2.036514,-0.6942878,-1.1319766,0.5020825,0.27277318,-0.3386627,0.009970895
TAATGGTGTAGCAGCT-1_atac,1.9264684,0.04513766,-0.10684028,0.53650045,-1.1196771,0.027084636,-0.12964621,2.1356254,0.8753039,-1.0284435,0.23361444,1.5667405,-0.7099029,0.5997986,0.5022167,-0.034095243
TAATGGTGTGTGTCCC-1_atac,-1.7522888,0.56278116,1.001481,-1.451632,0.31658345,-0.1494484,-1.4859338,0.26272982,1.4863325,2.3922663,-0.22164859,-1.3514124,1.5743814,1.3794702,0.16409093,-0.34432665
TAATTGCCAAATGCCC-1_atac,-0.64401156,-0.66700274,1.8489109,-1.4259638,-1.2023522,-0.04513354,0.6247721,0.59153706,0.70724005,-2.024282,0.9801374,0.7675097,-0.9697029,-0.038658977,-1.0381496,-0.51189977
TAATTGCCACCTGCTC-1_atac,-0.45001704,-0.39970225,-1.2075438,2.164905,-1.4651852,-0.12814452,1.2139422,0.07992479,0.41475126,-0.24003947,-0.4682492,0.37299377,0.76753104,-0.8243343,0.72676855,0.096721455
TACAATGTCATCAGTA-1_atac,-0.35268906,0.19269842,-1.6121421,1.3451446,-0.9120763,-1.4016057,-0.1169939,-1.0188644,0.23533788,1.2956554,-0.9820926,-0.09856541,1.4006678,-0.31699297,1.6339631,0.53080523
TACAATGTCGAAGTAG-1_atac,0.056731988,0.28373623,1.0926749,-0.734599,1.7196927,0.55541074,-0.5056584,-1.3448752,1.6720128,0.2309752,-1.6817925,-1.9186906,0.35841143,0.28869116,0.058868863,-1.700103
TACAGCTAGCTCCTTA-1_atac,-0.6025799,0.088210486,-2.0781565,1.4228472,-1.1517323,0.4115501,-0.20396917,0.7936894,1.1939492,-0.12199118,-1.0647932,-0.6748358,0.4903117,-1.1703231,1.4409949,-0.22939113
TACATCAAGGGCTTAT-1_atac,-0.08238048,0.06322456,-0.1641637,1.6180195,0.19221485,-1.075065,1.7823374,-1.502592,-1.2261257,-1.0665394,-0.15994476,0.37297136,-0.21707562,-0.35106638,-1.1191233,-0.681738
TACCGAAGTTGCCTCA-1_atac,0.58220255,0.12392992,0.84805554,-1.1981968,0.17472991,1.4766413,0.6332689,0.18589427,0.19465178,-2.2678611,-1.0235314,-0.89877343,-0.71124077,-0.23653974,-0.29916373,-0.6228787
TACCGAAGTTGGGTTA-1_atac,1.0476477,0.25137624,0.54995733,1.059273,-0.006943455,-1.910805,1.3496372,-0.61299807,-0.78257054,-1.1905428,0.2808413,1.0054533,-0.56257844,0.7093119,-1.0523304,-0.39807516
TACCGCAAGACTCGCA-1_atac,0.7141451,-0.5355674,-0.35304675,1.3236388,-1.1797612,-0.9259496,-0.05291365,0.9763778,0.4256747,0.5093179,-0.381647,1.3097371,1.8624759,0.9749331,1.7111568,1.375111
TACCGCAAGGCGAAAC-1_atac,-0.13822415,0.14079204,-0.35788387,1.2175641,-0.80515087,-0.38611385,1.747094,0.16945012,-1.2092512,-0.98576385,0.7848119,0.089488104,-0.8359154,-0.47424045,-1.994426,-0.19066274
TACCTCATCCGCAACA-1_atac,-0.013371963,0.41196993,-0.54326975,1.3431973,-0.34582615,-1.5167001,1.0148607,-1.812348,-0.7984043,0.057175063,0.17125204,0.034648135,0.030214466,-0.5249637,-0.537587,-0.8168576
TACCTTAGTTCAAGCA-1_atac,-0.26042852,-0.07754424,-0.96308905,1.6972625,-1.352063,-0.11624214,1.145644,0.04140853,0.2646623,-0.66131836,0.09877742,0.06659365,-0.27491885,-0.95631784,-0.072159395,-0.47660264
TACCTTAGTTGCGGAT-1_atac,0.053036805,0.14390962,0.5167037,-0.84286654,0.8683547,1.7431123,0.33630443,-0.06264922,0.82327735,0.11756686,-1.0516124,-1.5814686,-0.16001578,-0.009497938,-0.76939434,-0.44766614
TACCTTTAGGACAACA-1_atac,1.3924202,0.007697842,-0.65298307,-0.9490044,-0.48407638,0.7596703,-0.867779,2.504809,-0.013432339,-1.7197068,-0.19125685,1.1072477,-0.7128052,-0.026532501,0.7111883,0.013974028
TACCTTTAGGCTGTGC-1_atac,-1.1060677,-0.82062274,1.1324126,-1.759952,-0.5300594,-0.33647716,-2.0595481,0.3003941,1.1695068,-0.14827378,1.3610307,1.0285089,1.204935,0.2374665,1.3119287,0.14393836
TACCTTTAGGTGAAAT-1_atac,-0.21772176,-0.33423346,-0.6013068,2.0738544,-1.2188078,-0.2168532,2.1163738,0.87316686,-0.22814101,-0.28461444,-0.43218082,0.4549632,0.75315046,0.0120349005,0.06301798,0.71689737
TACCTTTAGGTGTCCA-1_atac,-0.4023721,-0.04594438,0.29939577,-0.83859426,0.2844661,2.0115874,0.29357234,0.9199908,0.9973024,0.71382093,-0.58011633,-1.5679879,-0.19378966,0.04115841,-0.73206514,0.2796898
TACCTTTAGTCTTGAA-1_atac,-0.17536214,0.12282957,-0.787498,1.6662493,-0.48283896,1.0342473,2.4197395,0.7092711,-0.30725306,-1.3505186,-0.50833935,-0.50502664,-0.09068319,-0.727266,-0.421216,-0.11488922
TACGCACCATGTTTGG-1_atac,0.4353945,-0.21321067,-0.028012108,1.5982245,-0.9569259,-1.4023945,1.373797,-0.28194925,0.23948182,0.4580529,-0.6479637,1.0231621,1.7958201,0.6137649,1.3564019,0.6492547
TACGGTTAGCTTAACA-1_atac,1.3615735,1.0039026,0.8559051,0.06607736,-0.03692316,-3.0206528,-1.3203719,-2.274623,-1.1584785,1.2983966,-0.2636798,1.4421009,1.2830428,0.7206446,0.8737514,-1.5319204
TACGTACAGTTAGTGC-1_atac,0.070268005,-0.4539528,-0.16819273,0.050841156,1.4597862,2.2436702,0.24377093,-0.30392748,-0.5333293,-0.14915644,-0.24997634,-0.7158829,-1.0750517,-0.3954528,-1.0992026,0.87472254
TACTAAGTCCAATAGC-1_atac,-0.047267668,-0.45466453,0.34492257,-0.65630156,1.8187413,1.3464885,-0.45575595,-0.96116894,0.24431562,0.6499484,-0.79446685,-1.0649356,-0.24330805,0.15974697,-0.40018862,0.15525126
TACTCGCTCCTCCATA-1_atac,-0.045318425,0.024114601,-0.7096931,1.5869725,-0.69993377,0.49846894,2.04263,0.7296397,0.16983838,-1.4047999,-0.2956286,0.28327572,-0.41003823,-0.9100836,-0.6059545,-0.6958233
TACTGAGGTTAATGCG-1_atac,-0.79077643,0.43708718,-2.1629624,1.6256499,-0.8440287,0.27192855,0.53477705,0.24713236,0.45478085,0.72354436,-0.97582424,-0.8992469,0.65738153,-1.2694303,1.4143137,0.37228656
TACTGCACAGCAACCT-1_atac,0.19115484,0.8557729,0.89096904,-0.9138586,2.4857028,0.7808428,-0.17661546,-0.5075518,0.8493083,-0.021517416,-0.7032021,-1.3962784,0.6458921,0.035680354,-0.29483938,-1.997436
TACTGGCCAGCTTAAT-1_atac,0.22448467,0.0461446,0.26623565,-0.8332087,1.2823358,1.6619453,-0.1007057,-0.593022,1.3191646,-0.8182666,-1.2055781,-1.560784,-0.8870731,-0.20047088,-0.49944645,-1.3215126
TACTTGTTCCGCCTAT-1_atac,0.7748818,-0.027868284,-0.9337421,0.34838334,-1.1334738,1.0330199,-0.74755514,2.6271067,0.3831144,-1.1834744,0.19534463,0.84547627,-0.6697834,-0.53645694,0.51980275,0.18389066
TAGCAGGCAAGGTACG-1_atac,0.47705826,-0.16355906,-0.55120146,-0.42682788,1.109558,2.2608018,0.2683176,0.47019914,-0.09718859,0.51817685,-0.852156,-0.80770665,-0.4707765,-0.26694617,-0.6347521,0.7099994
TAGCAGGCAAGTTATC-1_atac,0.39478222,0.54767346,-0.6343687,-0.8280213,0.71695143,1.8573623,-0.07796668,-0.037857905,1.2696856,-0.15563685,-1.4091548,-1.7153459,-0.34585872,-0.47731474,-0.27689162,-1.0139943
TAGCAGGCATAATCAC-1_atac,0.83320385,-0.06190185,-0.91979533,1.3351468,-1.4867367,-0.8336759,-0.52227324,-0.077613786,1.1916912,-0.11106014,0.5926392,0.4186441,-0.20227681,-0.7585192,0.9377364,-0.906431
TAGCATATCCGGTATG-1_atac,0.7895398,-0.21925266,0.0699227,-0.47828713,1.9142225,1.3466036,-0.31019738,-0.81107473,0.7247419,-1.430287,-1.4236311,-1.1895427,-0.9049429,-0.08266208,-0.13186952,-0.9870024
TAGCCTCTCGTAACGT-1_atac,-0.18799621,0.08416298,-0.8417476,2.0248246,-0.26865363,-0.18302804,2.1335535,-0.4777551,0.13847625,-0.8290048,-0.694012,-0.014941435,0.18741263,-0.9164604,-0.32911676,-0.5750019
TAGCCTTGTCATAACG-1_atac,-0.5663735,-0.53290194,0.062029056,-0.20107023,0.93388784,2.3677523,-0.120973736,-0.6633534,0.43686533,0.0389507,-0.658327,-1.0060459,-0.85462046,-0.5023004,-0.8248084,0.5373618
TAGCGCGGTACGCGCA-1_atac,-1.153203,-0.16162315,-1.5878704,1.5632068,-1.48751,1.1566101,0.63312984,1.1907942,0.683639,-0.38375744,-0.592367,-0.6217854,0.013624378,-1.3811076,0.3419337,0.024036076
TAGCGCGGTTGCCTCA-1_atac,1.0243917,-0.7740947,-0.62012666,0.53773814,-1.4911624,-0.3345027,-0.8070247,1.8436784,1.1414646,-0.44452325,0.515731,1.5955951,0.5245517,0.25845474,1.1761954,0.92424995
TAGCGGACAGGACCTT-1_atac,0.57800794,0.8364154,1.0867134,-1.3409321,0.148492,1.268225,2.202381,1.8881667,-1.7630183,-0.3258736,0.6466584,-0.12550238,-0.025235197,0.58758885,-1.0077038,0.28143293
TAGCGGCTCCGCCAAA-1_atac,-1.4820042,0.49247864,0.748208,-0.4052502,1.6806253,-0.49485695,-2.7245939,-0.669127,0.61391455,2.4356496,-1.1742669,-1.2886244,1.4817654,1.1922923,0.42388684,-0.55839276
TAGCGGCTCTCCATGC-1_atac,-0.7129745,0.15960215,0.46466464,-0.38089356,1.7629257,0.44586518,-1.5990025,-1.4750712,-0.32718134,2.2818308,-0.84167975,-0.77116704,0.85951173,0.6834182,0.007513081,0.6833913
TAGCTAATCACGTTAA-1_atac,0.37522715,0.27028528,-0.021034852,0.9008834,-0.80507797,-0.46728075,0.927619,0.16331843,-0.7356105,-1.3369393,0.87355673,0.71323717,-1.1046582,-0.37372887,-1.7764766,-0.9145664
TAGCTAATCATGCGTG-1_atac,1.443932,0.0051369783,-1.1445649,-0.70695657,-0.72981024,0.8424277,-1.5073862,2.2459576,-0.28310776,-0.93412894,-0.04005073,1.1208768,-0.14630285,-0.12269775,0.85723585,0.5750492
TAGCTAATCTCCATAT-1_atac,0.21303213,0.23231876,0.48327124,-0.6905161,2.0612867,1.1691992,0.038266014,-0.53220606,0.5503369,1.8169427,-0.07082002,-0.8112894,0.5582603,0.3094222,-0.5816264,-0.5203189
TAGCTAGGTTGCAATG-1_atac,-0.5404121,0.20648707,0.76770556,-1.1790828,0.23184133,1.715257,0.8737794,1.064225,-0.7354537,1.2321299,0.307285,-0.27744156,-0.10300782,0.10005791,-0.9672823,2.280211
TAGCTTAAGGCGCTAC-1_atac,0.4409557,0.2562135,0.04548844,0.97157156,-0.6950347,-1.0428282,1.121602,-0.55256027,-0.7459984,-1.0982003,0.72413766,0.5732332,-0.95448744,-0.29870206,-1.4408497,-0.95512825
TAGCTTGCATCAATCG-1_atac,-0.43725032,-0.29306388,-0.70431924,1.3554407,-1.561962,1.0855273,0.99392945,1.6280347,0.18706766,-1.3118937,0.10630447,0.2823836,-0.73136747,-1.0808061,-0.59970677,-0.6775534
TAGGAGGGTTACAACG-1_atac,-0.23655643,-0.20839742,-0.927167,1.7178751,-1.0422928,0.9247876,1.7072315,0.83606625,-0.22838838,-1.080873,0.09243676,0.31547,-0.5524559,-0.74607843,-0.8079983,-0.43537295
TAGGAGGGTTATCGAG-1_atac,1.2360862,0.039670736,0.57197744,0.7163313,-1.1314322,-2.4002502,-0.4982525,-1.6442381,0.46763444,0.95744014,0.552318,1.0225751,0.82372534,0.69498885,0.4531178,-0.69921887
TAGGAGTCATCGCTCC-1_atac,-0.57570493,-0.22011094,-1.4888566,1.9961089,-1.5526742,0.5380909,1.0537636,0.70183784,0.55863833,-0.44526422,-0.29757404,-0.07473808,0.026924457,-1.0933777,0.34937835,-0.11910688
TAGGAGTCATTGTGGC-1_atac,-0.09683616,0.046642464,0.78977007,-1.0098563,0.23810567,1.7623659,-0.17271426,0.831603,-0.47993034,-1.5542674,-0.66930044,-0.26937073,-0.8186431,-0.33486578,-1.0708164,0.031438775
TAGGCTGTCAATGAGG-1_atac,0.024758602,0.5100809,0.959077,-1.2306501,-0.2978809,1.8107809,1.2717781,0.9345564,-1.0170385,1.4116514,0.4475824,-0.21793006,0.19889879,0.13744153,-0.8985854,1.827455
TAGGCTGTCAATTGGC-1_atac,0.054395083,-0.47452933,-0.78456426,1.1880989,-1.5895764,1.02083,0.14606158,2.197936,0.9085583,-1.2695432,-0.16840364,0.20175919,-0.516831,-0.51483417,0.4919454,0.15153049
TAGGCTGTCGAGCTAT-1_atac,0.2246609,0.19539247,-0.81625897,-0.46701318,0.30757758,2.1351128,0.18247211,0.910136,0.47269237,0.637866,-0.68658787,-1.5221518,0.09701322,0.21167925,-0.74206173,0.027089875
TAGGCTTAGGAAACTG-1_atac,1.0808088,-0.3201502,-1.2341311,-0.04651588,-1.1792473,0.17483488,-1.3746234,2.0852587,0.43318164,-0.604463,-0.030357143,1.3261205,0.35285577,0.0975126,1.3115505,0.992289
TAGGGTTTCGCATCCT-1_atac,0.17666653,-0.35551926,-0.61768734,1.4469095,-1.5383838,0.15031902,0.661959,1.4220287,0.018982723,-0.9400138,0.17062233,0.31330776,-0.13037252,-0.26909256,-0.5393919,-0.123905055
TAGGTTATCTTGAGCG-1_atac,1.5600375,0.044227526,-0.07514865,0.6658014,-1.423649,-2.0828154,-0.10585533,-0.73928106,1.2218101,0.7775147,0.5947767,0.7488946,0.88746923,0.71679986,1.1682293,-0.3681623
TAGTAACGTTGTTGTC-1_atac,-0.395242,0.16982722,-0.8269338,1.4340459,-0.65688586,-0.6870125,1.219131,-1.4757377,-0.61159915,-0.305186,0.5861209,0.09265493,-0.5661662,-1.0031286,-1.2153887,-0.7233352
TAGTAAGCATCCCGCT-1_atac,1.0235842,-0.12165406,-0.9591632,0.5017615,-0.9249127,-1.3773748,-1.3889666,0.720867,0.8323374,0.71540046,-0.51740736,1.1881033,1.780267,0.8233532,2.119758,1.0125971
TAGTACGGTGGATTGC-1_atac,-0.8311724,-0.34513634,-1.3724059,1.9706978,-1.0340524,0.5709358,1.4880658,0.5902304,-0.7228685,-0.4357949,-0.036495157,-0.39210162,0.13041069,-0.7830699,-0.48747718,0.8447875
TAGTACGGTTAAGCCA-1_atac,-0.27242878,0.01188891,-1.8469138,0.8223348,-0.89552283,-0.4175309,-1.135896,-0.01515155,1.402818,0.23506664,-1.060601,-0.41683728,0.87876683,-1.0868224,2.14477,-0.42926347
TAGTCAATCGTTCACC-1_atac,0.9310052,0.79282856,1.5770519,0.042425234,3.552674,-1.0778253,-1.6727424,-1.0876963,0.57713914,-0.3090951,-0.571476,-0.7978165,-0.12331469,2.5076156,1.0929277,-0.59470755
TAGTGGCGTGTCCAGG-1_atac,1.2860861,0.226022,-1.2973496,-1.1095341,-0.56150216,0.05453343,-2.5207725,1.2480336,0.6311689,-0.8122637,-0.16765663,0.8592882,-0.055413723,-0.15369558,1.7356868,0.046174664
TAGTGTGGTCGACTCC-1_atac,0.43782756,0.6276784,0.6956336,0.3446291,-0.23179151,-0.8787283,1.1315863,0.037930414,-0.7728643,-1.632937,1.0328479,0.72104937,-1.3728763,-0.02753865,-2.0135243,-1.0418644
TAGTTGTCACCGGTAT-1_atac,0.046923026,1.1948154,0.36559936,-0.9730783,0.152938,0.97950655,0.335807,1.779191,0.8952778,1.8183241,-0.42003217,-1.6693219,1.044725,0.7741209,-0.1885172,-0.9165422
TAGTTTGAGCACAGAA-1_atac,-0.19763216,0.4434495,-0.24065141,0.95262253,-0.519903,0.29353955,1.5868022,-0.33497798,-0.801489,-1.2873822,0.62371886,0.00019326806,-1.2279136,-0.8803417,-1.8985561,-1.1353682
TATAACCCACTTACAG-1_atac,0.89237714,-1.0012537,-0.45283154,0.9921495,-1.796244,-0.28990567,-0.46354818,1.4691694,1.1004362,-0.9073481,0.4137486,1.4650931,0.42447,0.061090328,1.1831871,0.5282951
TATAGCCAGCTTAGTA-1_atac,0.53379905,0.43605393,0.05602576,0.65192205,-0.5651693,-1.9982042,0.3785619,-1.8823305,-0.58078897,0.040921103,0.8144474,0.4916497,-0.30269668,-0.013659779,-0.9182822,-0.7946661
TATATCCTCATTAGCA-1_atac,0.36272705,-0.45226178,0.6010191,-0.080931775,3.3109276,0.49957836,-0.2616571,-1.9038836,-0.033100195,-0.249154,-1.2876186,-0.67954206,-0.08084358,0.15080512,0.040755026,-0.43658057
TATCACAAGCAAGGGT-1_atac,-0.36455843,0.39215288,0.8974433,-0.91355985,1.1528666,1.191671,-0.02750532,-0.37816644,1.0094706,1.9099505,-1.0379112,-1.5946175,0.71948767,0.3538663,-0.6230205,-0.6143255
TATCACAAGTTTGCGG-1_atac,0.13323075,-0.13659953,0.761536,-0.31804696,2.8765469,1.0136938,-0.36964676,-1.9182196,-0.21887356,0.43053046,-0.5952793,-1.009193,-0.30492243,-0.0065732854,-0.23276323,-0.42450818
TATCACGCAAGGTACG-1_atac,-0.14133836,-0.148769,-0.6547126,1.7955971,-1.0863352,-1.340183,1.1938201,-0.9788654,-0.33878192,-0.016345534,-0.020009626,0.55418277,0.5125191,-0.3024337,-0.19083634,-0.020724447
TATCCAGCACAAAGCG-1_atac,-0.5675915,-0.17777161,-1.1005753,1.5926133,-1.4379008,1.2816558,1.416332,1.4800959,0.0022803918,-0.7754344,-0.27354085,-0.13045552,-0.32458958,-0.8253601,-0.2645526,-0.2045711
TATCGAGGTTGTAAAC-1_atac,0.44851395,-0.015108071,-0.31899962,1.2290343,-1.5883073,-1.261385,0.08214102,-0.3398636,-0.21733932,-0.41040185,0.87085766,0.64684534,-0.7180142,-0.2905109,-0.9935534,-0.69907284
TATCGAGGTTTATCTG-1_atac,-0.43038398,-0.34254038,-1.1737663,1.9364947,-0.9242758,-0.11955262,0.58232635,0.87967473,0.806977,0.079785205,-0.61735904,0.45813096,1.3197372,-0.2281598,1.4707688,0.88594526
TATCGCACAAGTGAAC-1_atac,-1.4665163,-1.0622036,1.0676366,-1.2118562,-1.643562,0.52953595,-0.42897263,1.2745272,1.304101,-0.9498335,1.0573498,0.47751263,-0.4054472,-0.26920944,-0.6102225,0.19542007
TATCGCGAGGATCACT-1_atac,-0.30995715,0.2887945,-0.7910367,1.6557775,-0.4873404,-0.39253488,1.360276,-1.1376626,-0.90849155,-0.65505016,0.19891831,-0.026444688,-0.41950515,-1.0635334,-1.3307632,-0.9648263
TATGAAGCAATAATCC-1_atac,-0.3944365,0.192795,0.6887254,-0.7831855,0.2593801,2.0636942,0.64719176,0.12219944,-0.44537315,0.35313547,-0.17950314,-0.76265526,-0.8816204,-0.4319357,-1.0714875,1.2500087
TATGACTCACTTAACG-1_atac,0.39858526,0.24589747,-0.636513,1.6820319,-0.9366357,-1.3696123,1.3948833,-0.777019,-0.31782374,0.06866437,0.036703043,0.17829727,0.30712163,-0.17159218,-0.25934196,-0.431935
TATGACTCAGTTTGTG-1_atac,-0.22583252,-0.38219148,-0.44906217,1.557012,-1.041503,-1.3870903,1.3994505,-0.81248736,-1.3608419,-0.3076726,0.296389,0.593547,0.659995,-0.12535954,-0.8854647,0.3301222
TATGCATCATGTTTGG-1_atac,-0.36839366,0.2520004,-1.5044348,1.8718721,0.03601342,-0.489626,1.6257254,-1.4562154,-0.16448532,0.3686295,-0.9232835,-0.48816353,0.903079,-1.1317766,0.5858948,-0.64946824
TATGGATGTGGACCTG-1_atac,1.537426,0.16106623,-0.90480417,-1.0448486,-0.5322265,-0.610197,-2.093424,1.5367122,0.22545113,-0.008539936,-0.18665856,1.3976163,0.71765506,0.69141847,1.7401959,0.751831
TATGGCCCAAATTCGT-1_atac,1.3088043,0.028818479,0.9889561,0.6490131,-0.8207398,-1.523798,1.2694497,1.1358316,0.6677766,0.21377172,0.23637316,1.7017995,1.5200698,1.6631911,0.86223817,0.5723932
TATGGCCCATAGCGGA-1_atac,0.02696026,-0.0009479276,0.9238797,-1.2643684,0.39084762,1.5480235,0.61464673,0.38608098,-0.7835789,2.1133459,0.6607596,0.3718226,0.5470626,0.34695455,-0.49482954,2.7013896
TATGGGCGTTACCTGT-1_atac,0.6758868,-0.42252582,-0.38525602,1.2076863,-1.6684949,-1.6947625,0.21323004,-0.10667337,0.6902291,0.35973045,-0.023198213,1.1785802,1.3558345,0.8131101,1.1577591,0.8367647
TATGGGCGTTAGCTGA-1_atac,-1.250084,-1.4084649,1.2930931,-1.4126766,-1.9059072,-0.19342798,-0.33291316,0.45840526,1.4421519,-0.7386484,1.6256437,0.7333203,0.024325699,0.1404968,-0.21542288,0.012661144
TATGGGCGTTCCGCAC-1_atac,-0.10848464,0.23012462,-1.8936454,0.99074525,-0.7021769,-0.93195534,-1.0287495,-0.16460775,0.94699156,0.7678983,-1.15232,0.07334981,1.4067411,-0.4565181,2.2549922,0.42112136
TATGGTCAGTGAGCAA-1_atac,-0.5631669,-0.16942066,-0.48930812,-0.28792468,0.79526746,2.0377283,-0.4723886,-0.70877236,1.097772,0.18919326,-1.2665595,-1.8035239,-0.5958128,-0.6186315,-0.41553417,-0.08426346
TATGTGATCCACCTTA-1_atac,-1.0156829,-1.2691606,1.953199,-1.5547968,-0.8225429,-0.9392901,-1.4306451,-0.51074886,1.6154207,-0.5097618,1.5962045,0.7213847,0.72494036,0.30285734,0.72302383,-1.1369123
TATGTGATCCTAGTCC-1_atac,-0.5990652,-0.4706384,-1.5241802,1.7120286,-1.7098185,0.73906666,0.63021815,1.649354,0.45255235,-0.27976954,-0.27788228,0.061228104,0.283641,-0.78561366,0.6400118,0.66198623
TATGTGATCGGTAACT-1_atac,-1.1344746,-1.434987,1.5256007,-1.5589317,-1.5305088,-0.34151384,-0.6557586,0.3443596,1.6997309,-0.88965017,1.5850573,0.7392957,0.12303688,0.15046251,0.12745807,-0.35991523
TATTAGCCAGCAAATA-1_atac,-0.78611386,0.26720706,0.18211736,-0.5445178,1.2345383,1.1363207,-0.71658146,-1.1010156,1.4822812,0.9248023,-1.8334962,-2.3158588,0.36961302,-0.40323207,0.24313161,-1.0708125
TATTAGCCATGTTGTG-1_atac,-0.16580227,0.6574269,0.7323668,-1.1923279,-0.51732147,1.5362222,1.4910104,2.5399058,-0.96591556,-0.8072052,0.37383294,0.02273563,-0.6305902,-0.27655384,-1.4289496,0.40866622
TATTAGCCATTGTGTG-1_atac,0.99929947,-0.3766812,-1.1816245,0.13325517,-1.1473042,0.48440412,-1.499854,2.1390364,0.5691103,-0.7295924,-0.07803344,0.99887633,0.12690943,-0.014186883,1.310646,0.7354224
TATTAGGTCCCGTTGT-1_atac,-0.31782162,-0.39162382,-1.1617008,1.9205841,-1.6160301,-0.46875632,0.9337792,-0.026195414,0.48420504,0.010604586,-0.39489067,0.25999916,0.892361,-0.7250781,0.7606202,-0.05661565
TATTGACCAGGCATGA-1_atac,-0.36677822,-0.5389867,0.014218989,-0.4141006,0.4128865,2.4659832,-0.2476837,0.18013743,-0.027745362,-0.66049856,-0.73565996,-0.9517002,-1.3222227,-0.5127869,-0.80080616,1.1213856
TATTGACCAGGCTAGA-1_atac,0.1272786,0.5302666,0.25420475,-0.41397995,1.1606858,1.3349489,-0.44754222,0.08627385,0.41441095,2.6935105,-0.22263813,-1.1152081,1.0331138,0.34318882,-0.36305502,-0.15244715
TATTGACCATGAGTTT-1_atac,-0.41551098,0.041738346,1.6303604,-1.1171591,0.6541986,0.8131017,0.415425,-0.2562038,-0.8639326,2.569567,0.41031387,0.20142134,1.0219368,1.0415463,-0.583852,2.219167
TATTTGCTCACAGGAA-1_atac,0.72462285,-0.23524125,-1.0298667,0.91284555,-1.8158393,-1.4750451,-0.8251309,-0.07542114,1.0514858,0.2725382,0.39455128,0.8141345,0.69810385,-0.029167466,1.0586951,-0.24551359
TATTTGCTCGTTCACC-1_atac,-0.5359638,-0.13756898,-0.97303265,1.5853572,-0.928229,-0.7867033,1.2654359,-1.1731781,-0.7253978,-0.4435574,0.29873446,-0.081817195,-0.22589752,-0.8681621,-1.0582684,-0.30681223
TATTTGCTCTGTGCAG-1_atac,1.4354739,-0.34408033,-0.26034606,0.7636895,-0.977121,-1.9207548,-0.933896,0.06306989,0.86726356,0.6242314,-0.0045590587,1.5353917,1.7218546,0.85581046,1.8266951,0.40575966
TATTTGGAGTTTGGTA-1_atac,-1.5192516,-1.6219149,1.1732464,-0.9562919,-1.6388116,0.086257905,-0.60261744,0.23636025,1.759588,-0.9195344,0.99650425,0.26731384,0.3520087,-0.13673332,0.29507416,-0.10847919
TCAACAATCATCGTTT-1_atac,0.8494327,-0.19948143,-0.38878387,-0.13304687,-0.5867821,0.127328,-0.50337803,1.8506424,-0.3684742,-0.4501968,0.48974162,0.9675645,0.020971784,0.100316964,0.18792212,1.1611475
TCAACAATCCAAGTTA-1_atac,1.2093513,-0.35369894,-0.16140155,0.94133437,-1.2562141,-0.8528907,-0.27358654,1.4293833,0.5054902,0.55748373,0.07184316,1.802525,1.561627,1.1536626,1.5734441,1.5869724
TCAAGAACATGACTAT-1_atac,0.9005329,0.76438445,0.9726325,0.27880895,-0.20099942,-2.2764351,0.5519947,-1.4835329,-0.54800564,-0.3339704,1.0666935,0.7032604,-0.7067774,0.4983912,-0.93914485,-1.0877894
TCAAGACTCTCCATAT-1_atac,-0.18455276,-0.00056749023,-0.69919604,1.6185126,-1.0995247,-0.23434125,1.2835444,-0.17611437,-1.0540624,-0.8003868,0.69736147,0.095067084,-0.7868797,-0.71733546,-1.5996591,-0.40757352
TCAAGGAAGCACTAAC-1_atac,-0.35115308,0.17864197,-0.037320733,-0.48602033,0.09767944,2.121069,0.078551464,-0.47739664,1.285432,0.26362815,-1.5692396,-2.0577314,-0.27080977,-0.6061084,0.11356197,-0.22937337
TCAAGGAAGTCACTCC-1_atac,0.30063832,-0.47198874,-0.047358938,-0.20269664,1.9251425,1.7249472,-0.18910687,-0.88986045,-0.56614035,-0.15831625,0.0126765,-0.2850257,-1.1376138,-0.35916957,-1.0146071,0.7545387
TCAAGGAAGTTATTCC-1_atac,0.51809907,0.72205305,0.27447402,-1.2303659,0.71732014,1.644314,-0.076194525,0.19080213,1.7198493,-0.35959873,-1.7235711,-1.5292095,0.07137006,-0.21958765,0.1326922,-1.7371373
TCAAGGTTCCCTCTAA-1_atac,1.2486583,0.99528426,0.38855347,0.23432057,0.032218125,-2.4350228,-1.5989462,-1.986805,-1.5253166,1.9313639,-0.93869585,1.2391167,2.0763633,0.62021416,1.9326221,-1.3765851
TCAAGTATCCTGCGAA-1_atac,-0.057495303,-0.4313482,-1.3367826,1.2268403,-1.6331142,0.84286535,0.05894778,2.2844641,0.50816596,-0.25837007,-0.12949227,0.3715089,0.3275963,-0.36815798,0.5929087,1.0426877
TCAATCGCAATATACC-1_atac,-0.44390568,0.09650089,-0.88616854,1.7276353,-0.5622601,-0.6892267,1.3739413,-1.0905561,-0.5789712,-0.5227888,0.34336597,0.018312171,-0.20131657,-1.0919309,-0.8872015,-0.65926826
TCAATCGCATACCCGG-1_atac,1.207184,2.1631052,-0.03863602,-0.53243214,0.8354129,-0.46102464,0.064492725,0.037004486,1.6959827,2.485774,0.7155909,-1.9227862,0.1078836,0.07598516,1.1769563,-2.1232355
TCAATCGCATTGCAGC-1_atac,-0.5613129,-1.0477848,1.5022768,-1.9712763,-0.95064324,-0.72539806,-1.8829648,0.18365131,1.1309528,0.36210477,1.7235143,1.0703518,0.57727873,0.49847293,0.9058744,0.037133016
TCACATAAGTTCCCGT-1_atac,-0.41919363,0.8519285,2.0374436,0.12886153,2.4921575,-1.8730298,-2.3944747,-0.4379903,-0.17726003,2.1983747,-0.87628937,-0.2006589,1.4873201,2.4956472,0.79496837,-0.6482973
TCACCGGCAACTAGAA-1_atac,0.25496635,0.1214531,1.0041293,-0.29052362,1.983313,1.2984362,-0.07081495,-1.2736778,0.20994228,1.519385,-0.6307119,-0.95180506,0.47772494,0.37549213,-0.2645265,-0.119065166
TCACCGGCACGGTTTA-1_atac,0.03482356,0.1585982,-0.57368916,1.0585746,-0.45217064,-0.6017537,1.5580482,-0.15415965,-0.99409527,-0.85038936,0.38639066,0.06545961,-0.21203649,-0.06284826,-1.2053413,0.011730595
TCACCTGGTGTTTGCT-1_atac,0.93770987,0.5991141,0.5365655,-0.9005493,0.5765677,1.3402251,0.14208676,0.90119207,0.8837892,-2.2980762,-1.3124577,-0.8231425,-1.031442,-0.39721477,-0.15654927,-1.6659249
TCAGCAAGTAATCACG-1_atac,0.39865592,-0.15411928,0.8061978,-0.8533993,1.2676016,1.5548276,0.080572486,0.02865031,-0.1953979,-2.160307,-0.8594097,-0.20249406,-1.3895774,0.14832404,-0.27252734,0.42282563
TCAGCCTTCACGAATC-1_atac,0.4827092,0.50344455,0.6923143,0.5623367,-0.45565698,-1.5945373,1.3121985,-0.62288857,-0.9289184,-1.2312788,0.9513703,0.66060215,-1.1019759,0.30467346,-1.7662263,-0.5954858
TCAGCCTTCCACAATA-1_atac,-0.020962052,0.17654686,0.39678463,0.4909765,-0.8130719,-0.49142247,1.2067819,0.23235442,-0.7672515,-1.626296,1.0106854,0.7540187,-1.1111505,-0.50001854,-1.9135069,-1.1585683
TCAGCCTTCCCTGACT-1_atac,-0.47908518,0.31785655,0.45665282,-1.3197869,-0.45408663,1.723285,1.0700756,1.2675897,-0.55157423,1.3040264,0.20657189,-0.59400815,0.11326912,-0.21085516,-0.8903394,1.6931287
TCAGCCTTCGAGGTGG-1_atac,1.0183904,-0.531186,-0.41531217,0.39195666,-0.79876125,-0.41715717,-1.3359082,1.3699551,-0.07550509,-0.03299152,-0.011414579,2.065423,1.5679152,1.0067843,1.7628489,1.7587138
TCAGCCTTCTTTAAGG-1_atac,-1.1484195,-1.3320829,1.6295749,-1.491391,-1.5283271,-0.276162,-0.39657533,0.47041714,1.7787976,-0.93755215,1.4961431,0.58024204,0.004414346,0.16881624,-0.10381143,-0.49111685
TCAGCGATCCTTGCAC-1_atac,-0.4692744,0.12944593,0.6180035,-0.69856495,-0.05418721,1.8308057,0.7376435,1.1615778,0.18469444,-0.3358471,-0.24742885,-1.3683635,-0.11120364,-0.1860892,-1.0179671,0.40410173
TCAGGAGCATGGCCCA-1_atac,1.0152928,-0.8337361,-0.49451548,-0.2135097,2.2952929,1.4861711,-0.31565872,-1.1602744,-0.3649514,-1.2773302,-1.2519155,-0.50089985,-1.1466827,-0.06102782,-0.2004877,0.20737109
TCAGGTCCATCTTGAG-1_atac,-1.232384,-1.1909636,1.6291573,-1.8047907,-1.2027436,-0.5950483,-0.8998929,0.0978499,1.6304626,-0.4276334,1.667571,0.7182412,0.5709427,0.31658006,0.40731263,-0.3491937
TCAGTGAGTTAATGAC-1_atac,-0.49603656,-0.21264446,0.5902032,-0.7901659,0.8560951,1.8816515,0.01590516,-0.19076677,0.65874606,0.8823571,-0.60730773,-1.3606962,-0.21658449,0.07243317,-0.7399856,0.41461208
TCATAACCAAGCCACT-1_atac,-0.34034055,-0.048946213,-1.4853171,1.3341596,-0.84979874,1.0423706,0.66873133,1.7782474,0.19558246,-0.26398596,-0.63135576,-0.012902747,0.5030434,-0.6309827,0.6662437,0.6759261
TCATACTTCATTTGTC-1_atac,0.07929136,0.3974902,-0.0014229491,0.8538442,-0.32376474,-2.0090775,0.52443683,-1.9535387,-1.1885425,0.23761317,0.5370474,0.41130483,-0.038314898,0.05646628,-1.1453024,-0.6952984
TCATACTTCTAACCAA-1_atac,-0.776064,0.359003,-1.9900858,1.4161804,-0.6453357,0.10411796,-0.008354029,0.555334,0.53370357,0.84548694,-1.3732736,-0.7115168,1.3369424,-0.88759375,1.8018081,0.59467316
TCATACTTCTCTAGCC-1_atac,0.3676445,0.5044487,0.018738113,0.94102234,-0.5209012,-1.8089578,1.1204802,-1.1685213,-0.54388684,-0.3365428,0.68788564,0.28222024,-0.4850645,0.05413886,-1.0611303,-0.60197455
TCATCCATCAGCCAAT-1_atac,1.0328074,-0.3816803,-1.3287268,0.28591838,-1.2142668,-0.1917478,-1.364692,1.7931585,0.58539,-0.43024302,-0.1627391,1.2542807,0.77682817,0.20717856,1.559214,0.9999623
TCATCCATCCCGTTGT-1_atac,0.43596777,0.5836441,0.7512325,0.4168496,-0.37240264,-1.8528576,0.44013196,-1.2847703,-0.34022415,-0.46516624,1.2228706,0.7168454,-0.9460377,0.16522095,-1.464821,-1.1277643
TCATTACTCCCTCAGT-1_atac,-0.5581474,0.048444886,-0.56016,1.368766,0.27584356,-0.7017116,1.8780342,-1.2433211,-1.5118774,-0.9836135,0.16176666,-0.067287326,-0.26200455,-0.64746827,-1.5938356,-0.49978146
TCATTACTCTGCAAGT-1_atac,-1.0115792,0.77515006,0.3898791,-0.9785056,0.3605675,0.89791584,-0.52651745,0.8663754,0.79346716,2.9140408,-0.34326202,-1.4301181,1.3779848,0.60295063,-0.28952542,-0.25886047
TCATTGCGTAATCGTG-1_atac,-0.09338104,0.33516484,0.052897178,-0.7820013,0.4491511,2.1045773,-0.04178676,-0.040958986,1.280209,-0.1807741,-1.4770715,-1.768145,-0.38361365,-0.38314813,-0.34775478,-0.8427322
TCATTGCGTTAGCAGC-1_atac,-0.04631513,-0.27535427,-0.83829373,1.631966,-1.2629753,-1.4142371,0.74794173,-0.7684018,0.08301605,0.76059484,-0.46250585,0.53588694,1.5135812,-0.23518594,1.0116562,0.5172618
TCATTTGGTCACAGCG-1_atac,0.17422779,-0.2487024,-0.95494086,1.3885193,-1.0968688,-1.5836141,0.26486582,-0.3428002,-0.030370174,0.744745,-0.7637021,0.7214989,1.8902011,0.45453635,1.5827852,1.0761573
TCCACAACAGTTTACG-1_atac,-0.17235672,0.101970166,-0.90999246,1.594916,-0.4236268,0.79145455,1.7176642,0.46498063,-0.62605244,-1.6560607,0.0067884177,0.07476344,-0.7781772,-1.19266,-1.2195265,-1.0692582
TCCAGCAAGGCTGTCA-1_atac,0.6629743,-0.3117526,2.5229805,-1.0154659,-0.94566303,-2.154745,-1.6275737,-1.702298,0.44533837,0.7843545,1.5849718,0.84015524,0.90882057,0.9772727,1.5538802,-1.8320155
TCCAGGTCAAGGTCCT-1_atac,-0.8503033,-1.3360181,1.720989,-1.5030496,-1.5570087,-0.38443482,-0.5185498,0.34883565,1.6354728,-1.1160487,1.5300376,0.7074059,-0.32991585,0.13050163,-0.19063161,-0.74306566
TCCATCATCCAATTAG-1_atac,-0.4067904,-0.39567208,1.1334467,-0.97426534,0.6649278,1.5443759,-0.27048504,-0.98517257,0.18662082,2.1119905,0.0015489743,-0.56437075,0.5060499,0.3232635,-0.60166013,1.0562791
TCCATGCTCATGCGTG-1_atac,0.85635364,0.26918337,0.17658578,-0.52824336,1.0361558,1.3821325,0.30391976,0.2532486,0.21881889,-2.5512002,-1.1248821,-0.846587,-1.7996889,-0.5526715,0.06760413,-0.6521386
TCCATGCTCGGGATTT-1_atac,0.06351284,-0.2956096,0.57608265,-0.40081272,2.1511605,1.4318962,-0.20726296,-1.3553061,-0.55499196,0.52920634,-0.31895003,-0.5574958,-0.5199537,-0.10761422,-0.56566167,0.8148504
TCCCGGACAGCTACGT-1_atac,-0.132454,-0.053751722,-0.29312664,1.0596006,-1.0198114,0.22328052,1.2764759,0.2457565,-0.8521664,-1.5793718,0.60008734,0.32355577,-1.2298467,-0.85593665,-1.8432537,-0.8680514
TCCCTCACAAATACCT-1_atac,-0.1334233,0.10301156,-1.2769053,1.8936324,-1.0568632,-0.3142711,1.2411765,-0.08058193,0.37641254,-0.27599674,-0.4464538,-0.10619538,0.20690039,-0.9444972,0.5081602,-0.5828352
TCCCTCACAAGTGTTT-1_atac,1.1735053,0.23132609,0.8368857,0.7206259,-0.60830486,-2.0893123,0.91793436,-0.37602654,-0.6721927,-1.0316588,0.7937218,1.2074037,-0.6052249,0.7989457,-1.0564189,-0.79111993
TCCCTCACAATAATGG-1_atac,-0.62998515,-0.0115208635,-2.02441,1.6615324,-1.3678968,0.51582325,0.069003895,1.2184926,0.67477924,0.078971535,-0.97641885,-0.5223107,0.6594773,-1.0289649,1.1672947,0.10776971
TCCCTGGTCTAATCAG-1_atac,0.32568675,-0.6563727,-0.19004992,-0.1629272,2.0580986,1.5407916,-0.6573985,-0.76544577,-0.36995822,0.024558838,-0.50313497,-0.25313053,-0.8651788,0.23582897,-0.34105498,1.1261816
TCCGGAATCATGCTAA-1_atac,-0.4433905,-0.39161566,-1.110438,2.0441077,-1.392488,0.1347366,1.7913035,0.42054778,-0.5544962,-0.7366941,0.09774799,0.30835697,0.08297568,-0.677178,-0.5022151,0.5635517
TCCGGTAAGCTGTACG-1_atac,-0.3388125,0.039605048,0.33580473,0.050707743,3.205259,0.42171362,-1.0136455,-1.8448476,-0.26752692,0.030935606,-1.6164643,-1.4786032,0.025379902,0.2281128,0.27835837,-0.579089
TCCGGTTTCGAGGTGG-1_atac,-0.32051277,0.22990036,1.7243272,-1.0349241,1.223679,0.4024104,-0.2605148,-0.64739114,-0.78871876,2.8321328,0.47933397,0.62221336,1.0837827,1.3274237,-0.16234046,1.8113402
TCCTCAATCGACCTGA-1_atac,0.4001877,0.13472988,-0.48515007,2.060336,-1.0076592,0.0052269744,1.9339572,0.4936638,-0.04144063,-0.87281495,-0.13738136,0.49850056,-0.088608846,-0.22280249,-0.34730327,-0.20379874
TCCTCAATCTTCAATC-1_atac,-0.43537334,-0.1784998,0.6655231,-0.66067076,1.3410099,1.390554,-0.38046303,-0.68350214,0.50926006,1.684827,-0.7177847,-1.155777,0.3478493,0.45490295,-0.4953359,0.50842613
TCCTCACAGACAACGA-1_atac,-0.51023597,-0.2341145,-1.5515381,1.6205176,-1.461203,0.8380859,0.8394131,1.7142335,0.22674926,0.21492256,-0.53468215,-0.15029182,0.98977154,-0.4215079,0.9382344,1.2102133
TCCTCACAGATACTTG-1_atac,-0.46058324,-0.06396814,-0.9416478,1.0870124,-0.86936873,1.3248414,1.3008121,1.5011239,-0.05673804,-1.3947366,-0.24778013,-0.21451548,-0.3975584,-1.168369,-0.24846253,-0.4214969
TCCTCACAGCCTGGTA-1_atac,-0.67694193,0.22091189,-2.0995815,1.6441859,-0.8804336,-0.29406652,0.35688394,-0.26936385,0.5795136,0.5077805,-1.1294618,-0.75151664,0.9841408,-1.1258365,1.3709378,0.05828264
TCCTCACAGTGCTGTG-1_atac,-0.20915496,-0.08995201,-0.5593065,1.5419999,-1.019367,0.47085822,1.7028389,0.782459,-0.75240195,-1.4541779,0.19720072,0.4235428,-0.87480026,-0.8231365,-1.2846677,-0.42066047
TCCTCACAGTTGGATC-1_atac,-0.47915357,-0.33062318,-1.0289488,1.6498964,-1.3596109,0.81703347,1.764452,1.557756,-0.19585961,-0.75839955,-0.28958517,0.21008858,0.31992885,-0.76668,-0.15200564,0.40108475
TCCTCTAAGGGTGGAT-1_atac,-0.12389329,0.39298,-0.99532956,1.6678464,0.05501378,-1.2209038,1.1844336,-1.9671037,-0.8720567,0.13139054,-0.206894,0.03367726,0.2306992,-0.55302745,-0.17406455,-0.79963875
TCCTGTTCAGCAACCT-1_atac,0.7055071,0.44254327,0.4965736,0.5768085,-0.46065116,-2.5868542,-0.09714223,-2.2325792,-0.7905954,0.7661415,0.6127789,0.8029367,0.3137729,0.37031773,-0.2466624,-0.53408366
TCCTTAGTCCCGAAGC-1_atac,1.4742423,0.8487936,0.15030836,-0.7545472,0.4480372,1.2862079,0.9575374,1.7587501,0.45433626,-0.18561006,-1.5863799,-0.6245918,0.83168185,0.78990376,-0.28695768,-1.8403587
TCCTTAGTCCGGTATG-1_atac,-0.9769523,-1.3139148,1.8397068,-1.1589493,-1.3116523,-1.1181802,-1.0756987,-0.8469824,1.7871815,-0.38730058,1.5242943,0.55007935,0.32850516,0.17740268,0.5523088,-1.0473605
TCCTTCAAGGCCTTAG-1_atac,-0.7007768,-0.04525323,-0.7916305,1.4375132,-0.4257209,-0.6410453,1.6131833,-0.8738159,-1.762265,-0.7011919,0.15156868,-0.16719377,-0.24933544,-0.71807146,-1.7246246,-0.08952041
TCCTTGCAGTACCGCA-1_atac,0.23738681,0.14007244,-1.4235637,1.32546,-0.9206458,-1.2663736,-0.16161714,-0.59411794,0.7718469,0.8822188,-1.2682397,-0.0060804016,1.5324636,-0.19983292,2.00318,0.34259683
TCCTTTACAGCACCAT-1_atac,-0.12096298,-0.056342416,-0.33047312,1.8113092,-1.2116092,-0.26248497,1.7511746,0.9294643,-0.28786546,0.18458599,-0.1318481,0.6163725,0.9768031,0.33584997,0.30583906,1.3694286
TCCTTTACAGTAAGTA-1_atac,0.49089125,0.46006817,1.6828883,-1.237416,0.9958591,1.0523196,0.59287024,-0.84447306,1.7000254,-0.5248297,-1.6183724,-1.3760624,0.26654828,-0.031344242,-0.14297567,-2.061581
TCGACAAGTAATAACC-1_atac,0.025849037,0.0792776,-0.46924216,1.2205003,-0.90845025,0.22237365,1.2815269,0.55165255,-0.94299644,-1.1971276,0.41567242,0.24260625,-0.77532417,-0.6213136,-1.4328504,-0.70297915
TCGCCCATCCCATAGG-1_atac,-0.13584739,0.25820887,-0.45951533,1.3343832,-0.8824595,-0.5577514,1.1572199,-0.8445587,-0.515499,-0.7815311,0.67650425,0.1342983,-0.8501836,-0.9043751,-1.2343203,-0.9581582
TCGCCCATCGGGACCT-1_atac,-0.10254314,-0.09644532,0.9572447,-0.8600399,1.4289411,1.1799902,-0.13255967,-0.7270173,-0.05136354,1.9443239,-0.17945677,-0.51730347,0.49877045,0.60374755,-0.24660707,1.0507959
TCGCGAGGTACAAAGA-1_atac,-0.2548213,-0.2337966,0.8169115,-0.79894054,1.005991,1.6998729,0.16084775,-0.29790163,0.21877874,1.4026548,-0.34444404,-0.9120442,0.06621694,0.38026738,-0.7710339,0.78402954
TCGCGAGGTATTGGTG-1_atac,0.2299918,0.40199673,-0.26415384,1.0234207,-0.33536685,-0.0111423135,1.3228958,-0.20620097,-1.1508005,-1.3976576,0.40546066,0.093509614,-1.001436,-0.49832433,-2.03361,-0.8736259
TCGCGCACACTCAACA-1_atac,-0.15817773,0.28629988,-0.69348454,1.5397234,-0.31237087,-1.1287487,1.3367822,-1.4958736,-0.78792644,-0.40522236,0.05374573,-0.003241811,-0.07216224,-0.71181077,-0.6931626,-0.8588167
TCGCGCACAGCAAGTG-1_atac,-0.72101885,0.71085465,1.5635567,-2.3119712,-0.14329146,-1.4021753,1.0408846,1.3742985,2.0919635,1.0505713,1.2907169,-0.77050203,1.0601137,1.9918201,-0.071036905,-0.6100527
TCGCGCACATAGCTTG-1_atac,0.2638953,0.14455296,1.4726516,-1.0444541,0.8208948,1.2341379,0.4808915,0.37768883,-1.0962344,2.2720637,0.82589865,1.0003172,0.7604494,1.0427928,0.10434244,2.8388565
TCGCGCACATGTTGGC-1_atac,-0.0099253915,0.55269516,0.92961437,-1.247324,-0.6599744,1.3741367,1.2603118,2.4459789,-0.8834174,-0.2534879,0.84512067,0.08395702,-0.20374791,0.053174026,-0.8683827,0.43703595
TCGGTAAGTATTGTCC-1_atac,1.0713654,-0.19347326,-0.32035288,-0.34751108,1.6032759,1.7477436,0.3707389,-0.637064,0.61763257,-1.7025338,-1.4102911,-1.0715605,-1.3627548,-0.3219679,-0.039676767,-0.5900022
TCGGTAAGTCGCAAAC-1_atac,0.9550574,0.43278474,0.5962821,0.52512103,-0.32386225,-2.4557147,0.41852614,-2.2039158,-0.6964007,0.33032605,0.66545546,0.8446878,0.16818197,0.59542745,-0.3171526,-0.66020894
TCGGTTACAATGAATG-1_atac,1.3685392,0.37588763,0.64086866,0.7461784,-0.7518616,-2.181087,0.7011035,-0.63721055,0.97144717,0.58105433,0.41396135,1.1410455,1.0433056,1.1611055,-0.12352107,-0.1190648
TCGTAATCAGCCTAAC-1_atac,-1.1370513,-1.2815033,1.7392066,-1.6209369,-1.7625673,-0.66099155,-0.17855708,0.0706322,1.3743491,-0.72370416,1.6443924,0.571035,-0.2337588,0.3792183,-0.6617796,-0.23664957
TCGTCAACAAAGCTAA-1_atac,0.113899544,-0.20103176,-0.47142458,1.4617505,-1.1623529,0.33814925,1.1836184,0.80441195,-0.47241676,-1.0578971,0.39257944,0.31024578,-0.43431562,-0.3562331,-1.1496679,-0.2482095
TCGTCAACAAGGGTTG-1_atac,0.532567,0.20754792,-0.13150914,-0.25424874,0.5594383,2.1449215,0.55893785,0.86894804,0.5303684,-1.0854921,-1.5549085,-1.286261,-0.7959253,-0.32520604,-0.57638985,-0.69673896
TCGTCAACAGCAAATA-1_atac,0.33157253,0.25584117,-0.0114233075,1.0612993,-0.61253506,-0.27601016,1.2041508,-0.01142511,-0.41195512,-1.7446802,0.35215273,0.6043195,-0.81152606,-0.32960373,-1.3304133,-0.9956849
TCGTGCTTCCCGAACA-1_atac,-0.41809437,0.23640221,1.1843513,-0.97933066,0.6303594,1.4838532,0.5040275,-1.0793077,0.2270872,1.7491466,-0.2551126,-1.0629085,0.39707038,-0.28277284,-0.8328872,0.4351171
TCGTTAGCAGGCCTTG-1_atac,1.4683758,0.57513714,0.3295785,-0.48740506,1.3101244,1.2907546,0.3052065,0.08369249,0.99825406,-2.497727,-1.5899034,-0.56149614,-0.72309273,-0.34821704,0.49280044,-2.1029902
TCGTTATTCACCGGTA-1_atac,-0.016627323,0.0673638,-0.5787308,1.5617536,-0.67895263,-1.4920195,1.1946352,-1.3781464,-0.72627914,-0.019135397,0.11552891,0.28343678,0.27753595,-0.33753327,-0.42891902,-0.3017018
TCGTTTCCAGCTTAAT-1_atac,-0.48953885,0.052351687,-0.9519644,1.8015488,-0.9147565,-0.65335965,1.2746985,-0.7712068,-0.5905998,-0.63768125,-0.0076310523,0.1533905,-0.32217395,-0.97764564,-0.8895394,-0.45230734
TCTAACCGTCACCTAT-1_atac,-0.7697927,0.30347624,-1.6733601,1.8762301,-0.75429344,0.0757186,1.355478,-0.40492174,0.470964,0.32180738,-0.8758944,-0.7606314,0.64454806,-1.4876763,0.7298387,-0.5096328
TCTACCTCAATGCGCT-1_atac,0.0013451409,0.025423333,-0.43443128,1.5695676,-0.72566515,-1.7882074,0.94584244,-1.434815,-0.5428252,0.25048804,-0.2141245,0.38584784,0.76384825,-0.11811255,0.10461033,-0.30076715
TCTAGCACACAAAGGT-1_atac,-0.16857383,0.45937723,0.65021,-1.2535373,-0.56231964,1.4825567,1.4086324,2.765791,-1.0575066,-0.79107326,0.6719626,0.19808415,-0.55811214,-0.06406976,-1.2036972,0.8557455
TCTAGCACATTATGGT-1_atac,-0.24451607,0.9486016,0.27621657,-1.3390899,-0.18353331,1.0591753,0.82850593,2.0156674,0.95870775,1.2580638,-0.6496467,-1.6795318,1.17145,0.3046307,-0.42062527,-0.8532465
TCTAGCCTCACCGGTA-1_atac,0.40877128,-0.73945355,0.29256877,-0.48787808,2.6114986,1.5600922,0.021448007,-1.2998213,-0.4232155,0.3910226,-0.13762513,-0.11100446,-0.7028358,0.02309401,-0.43870497,0.913589
TCTAGCGAGATAGACG-1_atac,-0.19697312,-0.08905517,-0.8855923,1.7009038,-1.0826561,-1.37708,1.2963074,-1.1242857,-0.57774836,0.36995953,-0.22292927,0.20651188,0.91929436,-0.3679166,0.012193229,0.29257396
TCTCAAGCAAGGTCGA-1_atac,-0.97376823,0.5117984,0.45994407,-0.99629265,-0.44338074,1.3635746,1.0565215,2.191166,0.20252138,0.9272881,0.13180904,-1.4957161,0.22379309,0.10040258,-1.3188008,0.35760495
TCTCAAGCACGTGCTG-1_atac,0.67338216,-0.50970757,-1.4220028,0.2523258,-1.2048074,0.17462376,-1.4169551,1.6994946,0.5842077,-0.5401215,-0.13827927,1.0150723,0.58133346,-0.10268605,1.5740908,1.3627038
TCTCAAGCATTAGGTT-1_atac,1.4016804,-0.63181674,-0.9865484,0.7927459,-1.6040548,-0.6505784,-0.9041505,1.0194594,1.1326461,-0.81454766,0.07524575,1.251613,0.41740745,-0.12840658,1.3826799,0.25707784
TCTCACCAGCCATCAG-1_atac,0.95526177,-0.2732277,-1.0099794,0.3641211,-1.2044884,0.78179544,-0.6073647,2.523404,-0.13996665,-0.44309765,0.10141126,1.1584455,0.32217038,0.06543395,0.6729863,1.1755912
TCTCACCAGTAATCCA-1_atac,0.63138825,0.41538164,0.21210416,0.8956662,-0.45912462,-2.112716,0.72071415,-1.6242332,-0.8913027,-0.061012916,0.5690612,0.64521,-0.21473305,0.17300749,-0.76699877,-0.7782433
TCTCACCAGTGAACGA-1_atac,0.31098282,0.33610976,0.19729635,0.7336383,-0.4289132,-2.242102,0.6924723,-1.8135996,-0.79914147,0.0137117095,0.7165238,0.41660208,-0.35583982,0.07623974,-0.9629236,-0.46267682
TCTCCTCGTGATGAGG-1_atac,-0.3282248,-0.051304854,-0.7990334,1.5048956,-0.57509774,-0.7282162,1.6282859,-0.77583486,-1.329053,-0.5379517,0.4589901,0.023651564,-0.3797744,-0.5299317,-1.4406185,-0.22702989
TCTCGCCCAATTGAGA-1_atac,0.574623,0.79706156,0.53316826,0.43264395,-0.36488688,-2.1869295,-0.24859625,-2.6139438,-0.37302887,0.6885964,0.807105,0.25561208,-0.08091647,0.19655102,-0.48940957,-1.1209939
TCTGGCTTCGGTTTGG-1_atac,-1.1159793,-1.4307082,1.7719055,-1.706379,-1.4141366,-0.837873,-0.75230914,-0.35234824,1.2570432,-1.0152532,1.7000309,1.0292255,0.06172984,0.20553699,-0.21740982,-0.807573
TCTTCAAGTGTTGTGA-1_atac,-0.6838226,0.22811015,0.5479213,-0.87620103,0.09346866,2.0717852,-0.0091875205,-0.31953242,1.1921101,1.1483791,-1.1571903,-1.7136374,0.22809963,-0.42692912,-0.7345558,-0.45595813
TCTTGTCCAATAACGA-1_atac,-0.8991165,-1.2641312,1.2657921,-0.99172217,-2.0476274,0.36774468,-0.06254385,1.1215626,1.3120419,-1.2239392,1.2466586,0.947161,-0.8473179,0.01857701,-0.8053751,-0.01793474
TCTTTGTAGTCATTTC-1_atac,-0.37636015,0.07387708,-1.1983715,1.7221797,-0.76303226,0.110335715,1.6787322,-0.3862943,0.06409437,-0.706546,-0.48391402,-0.2067045,-0.0006147213,-1.4050483,-0.069520056,-1.0392177
TGAAACTGTGACATAT-1_atac,-1.435407,1.0288068,1.9184576,-0.90259594,2.4583013,-2.311769,-0.46446383,-0.9992873,-2.6419573,-1.3413186,-0.9678069,0.7098332,1.6775762,0.735431,2.2075565,-1.6830153
TGAACAACACCAGGTT-1_atac,0.68044674,0.80758965,0.28554147,0.59414697,-0.45291674,-2.0663617,-0.3878743,-2.1908872,-0.16074294,0.33710617,0.85716665,0.19133429,-0.58057284,-0.11632532,-0.28500777,-1.2957491
TGAAGGATCCGGTTGA-1_atac,0.8146394,0.25992614,0.55514956,0.67228055,-0.682421,-2.541506,0.34976295,-1.6599772,-0.7992419,0.037033916,0.41032663,1.0203518,0.27000937,0.5453516,-0.40435937,-0.60117084
TGAAGTGAGCACAGAA-1_atac,1.3687698,0.07279177,-0.88452154,-0.7072186,-0.74852926,0.5501378,-1.2317942,2.4288228,-0.13420242,-1.1556845,-0.063268654,1.1750424,-0.4762426,-0.056916557,0.77503616,0.5376039
TGACTCCTCTTAGTCT-1_atac,-0.7620443,-0.13608003,-1.3356271,1.8696359,-1.1492567,0.488055,2.0257318,0.6643793,-0.627846,-0.21762028,-0.13799372,-0.17339954,0.63549334,-0.7988629,-0.3262108,0.79042894
TGACTTAAGAGAGGAG-1_atac,-0.34874824,-0.58115476,-1.1071332,1.9684806,-1.8962471,0.03490739,0.88945955,0.5462739,0.56444705,-0.27702928,-0.17484935,0.47551113,0.38812843,-0.71923584,0.3918702,-0.046837196
TGAGAACCAAGCCAGA-1_atac,0.55547893,0.14908105,1.1430593,-1.3138237,0.39599073,1.7497041,0.5997492,0.5694002,1.3415114,-1.0499192,-1.3026495,-1.1518141,-0.59763974,-0.009893354,-0.30486706,-0.69171387
TGAGAACCAGGATAAC-1_atac,0.026302364,-0.33152398,0.10852424,-0.33371234,0.9021189,2.1085963,0.17208384,0.2136024,-0.58629686,-0.5268616,-0.5501229,-0.58355635,-1.2129325,-0.2966803,-1.2818459,1.1984911
TGAGCACGTTAGAGGG-1_atac,-0.32850793,0.09284741,-1.464464,2.0635161,-0.88472426,-0.18421227,1.4647584,-0.28253454,0.29005134,-0.1746478,-0.5079134,-0.14025785,0.33786783,-1.098949,0.49748027,-0.4330626
TGAGGAGGTGACATAT-1_atac,0.8856149,0.38778514,0.3894457,0.7306443,-0.54662365,-2.3413765,0.34783125,-1.5992922,-0.31150645,-0.1033818,0.62862086,0.74892026,-0.16883937,0.21016021,-0.4387968,-0.96737534
TGAGGGAGTCAATACG-1_atac,0.352992,0.41591904,0.42330196,0.51714903,-0.09311802,-2.1215072,0.27677244,-1.8217865,-0.63669705,-0.17449498,0.96373373,0.44575906,-0.56398314,0.06979789,-1.1857059,-0.9556599
TGAGGTGCACAGGATG-1_atac,0.15531205,0.5204233,-0.4525242,1.1876783,0.11648252,-1.6531874,0.72908384,-2.5481155,-0.8052997,0.7366907,-0.09317773,0.17470069,0.51924515,-0.052738003,0.052412003,-0.8393397
TGAGGTGCAGGAACAT-1_atac,-0.9054299,-1.1339049,1.3685199,-1.0473201,-2.014749,0.26279566,0.037821256,1.1156393,1.1796262,-1.2829896,1.2341046,0.55573785,-1.0409323,-0.033044484,-1.0145638,-0.23225927
TGAGTGAAGTTCCTGC-1_atac,1.7665209,0.053136684,-0.96674234,-1.1259787,-0.3569618,0.22239041,-1.5448431,2.0849018,0.15162101,-1.0186833,0.03895261,1.3627104,-0.29080936,0.23547286,1.2408141,0.582361
TGAGTTTCAAATACCT-1_atac,-0.4690569,0.14584905,-0.7796622,1.3096604,-0.8252711,0.8160624,1.5443239,0.4894383,-0.8805136,-1.0968851,0.33099264,-0.15350018,-0.97181547,-1.1565689,-1.7886431,-0.87523234
TGATCAATCATCCTGC-1_atac,-0.2570244,-0.081830055,0.37325647,-0.37539387,0.2197057,2.003773,0.5446954,-0.26280627,-0.42828715,-0.6568634,-0.40008068,-0.34523746,-1.0934682,-0.11950988,-0.87552565,1.6887909
TGATCAATCCCGTTAC-1_atac,-0.264477,0.17083368,-0.4688419,1.3845952,-0.4191908,-0.9949044,1.498422,-1.1127942,-1.20796,-0.6677602,0.30773047,0.13586476,-0.3366895,-0.5986415,-1.366446,-0.56273735
TGATCAATCGAGCTAT-1_atac,-0.3798752,0.69614816,0.5603818,-1.2567664,-0.71919984,1.3737274,1.693794,2.506458,-1.1636379,-0.81860304,0.52521545,-0.17744917,-0.30624655,-0.06760667,-1.5319029,0.48590198
TGATCAATCTTAGTCT-1_atac,-0.22707185,0.28491208,-0.56354445,1.3618492,-0.7486405,0.02307244,1.3921022,0.06533739,-0.6541565,-1.4526978,0.26519662,0.19146496,-1.1287804,-0.983588,-1.5033449,-0.96309555
TGATCACAGGAAACTG-1_atac,0.6624195,0.28195944,0.43588305,0.80811137,-0.65297437,-2.2954118,0.59849036,-1.4770625,-0.7035443,-0.09874582,0.4739977,0.80741054,0.01387345,0.29223475,-0.6114704,-0.67061996
TGATCACAGTAATCCA-1_atac,-0.400999,-0.11744275,-0.6564416,1.7891057,-0.10861648,-1.2603849,1.6101314,-1.5365477,-1.3576524,-0.40422687,-0.27988788,0.22536631,0.1524299,-0.45909816,-0.8242361,0.18788144
TGATCCTGTGTAACCA-1_atac,-0.1315467,-0.33150846,-0.45592678,1.1885338,-1.0427169,0.09636808,0.91576546,0.3256236,-0.5828803,-0.85111725,0.41761985,0.15310486,-0.41859883,-0.43174377,-1.1026926,-0.17058036
TGATCGAGTGGATGTC-1_atac,0.5488118,0.3932931,0.28690955,0.6395611,-1.000001,-1.8586469,0.59694415,-1.0724416,-0.32219994,-0.28532678,1.1614978,0.59569424,-0.5928196,0.076409,-1.026757,-0.8162538
TGATGAACAAGGTACG-1_atac,-0.2746281,-0.268567,0.66565716,-0.10310443,3.3507686,0.624541,-0.9374361,-1.6045433,-0.24368347,0.44991526,-0.87766623,-0.9603953,0.21476553,0.32852283,-0.09746221,-0.3683347
TGATGATGTATTGTGG-1_atac,-0.3535195,0.79856515,-0.2332976,-0.62552285,0.9095017,1.3982356,-0.18762763,0.21578279,1.0614551,1.4776188,-1.0140144,-2.2302206,0.8689007,-0.00048055677,-0.8496159,-1.2004812
TGATGATGTCTTTGAC-1_atac,1.0536084,0.26038998,0.41291487,-0.70874757,1.2500461,1.7623369,0.27242354,0.21432683,-0.1476021,-0.784613,-0.95193386,-0.90674824,-0.36310482,0.3957394,-1.3219193,-1.2852207
TGATTAGTCAGCACGC-1_atac,-0.40714842,0.01261081,-0.7649546,1.4902872,-0.67687106,0.8922731,1.7819169,0.3174886,-0.660749,-1.627647,-0.041876562,-0.13096523,-0.85696036,-1.1337327,-1.4426152,-0.76262695
TGATTAGTCTACCTGC-1_atac,1.443937,0.0066643413,0.73764837,0.9598689,-0.7516422,-2.3900473,0.75385296,-0.28809747,-0.35092974,-0.88639015,0.4087273,1.3881776,-0.36747423,1.0459418,-0.50673586,-0.3717979
TGATTCAAGGGATGAC-1_atac,-0.14158025,0.491968,1.0606053,-1.1175008,-0.15109956,0.811858,0.87718534,1.260503,0.03789909,-1.0721154,0.3274304,-0.53929245,-1.0371377,-0.009585736,-0.7496997,0.057297546
TGCACTTGTTAGAGGG-1_atac,-0.19554031,0.16263583,-0.7133232,1.7146466,-0.23201099,-1.0711324,1.4792678,-1.5160213,-0.6755594,-0.24493942,-0.05488631,-0.002585072,0.16236475,-0.6788506,-0.571031,-0.5697828
TGCATCCTCTTTGTAC-1_atac,1.7666861,0.9870139,-0.35126516,-0.85654706,-0.5742443,-0.74747854,0.071892075,1.9819734,0.49139562,1.1411186,0.41208398,0.63648313,0.9504908,1.3952224,0.87647194,0.47656187
TGCCATTGTCCGTAGG-1_atac,0.8524227,0.34264714,0.73708653,0.58463573,-0.51418555,-2.6008093,0.10590313,-1.905163,-0.5472515,0.112349406,0.75580376,0.873156,-0.12149361,0.7227417,-0.8105213,-0.6855054
TGCCATTGTTGCATCT-1_atac,-1.503689,0.849374,0.6455307,-1.1939898,0.29878914,-0.056546915,-1.4050928,0.3631959,1.4677175,2.6306765,-0.40898457,-1.6946249,1.4076493,1.1570491,0.26440746,-0.5934816
TGCCGGTAGGATCCGC-1_atac,1.4545949,0.8071629,1.1871123,0.37772113,-0.03640693,-2.680669,-1.1428552,-2.4059665,-1.3157557,1.507807,-0.077033125,1.498604,1.5645204,0.982372,1.0971462,-1.6461792
TGCGGTTCATTATGGT-1_atac,1.2839137,-0.2891262,-0.5793107,0.60067046,-1.1928729,0.31366432,0.1275345,2.279254,0.03880714,-0.5019083,0.12011238,1.7067658,0.655025,0.37311244,0.986811,1.1156005
TGCTATGCAACTAGAA-1_atac,0.3143593,-0.07623647,-0.9221098,2.096734,-0.8627226,-0.27145892,1.8810614,0.2070233,0.29733047,-1.0093439,-0.42381218,0.32377237,-0.18026888,-0.53678805,-0.050333582,-0.5007374
TGCTATGCATAGGCGA-1_atac,-0.22096406,-0.45980617,0.17802078,-0.00037106307,2.356138,1.3201909,-0.67155993,-1.5379713,-0.5061849,0.43560836,-0.7559085,-0.96396226,-0.64848185,0.0126144765,-0.46089625,0.6208501
TGCTCAACAGCTCATA-1_atac,-0.42023245,0.035157174,-0.26093653,-0.26605237,1.0043976,1.5759252,-0.463796,-0.6009452,0.8608325,1.3661916,-0.80781955,-1.7262313,-0.34457758,0.05776325,-0.10443836,0.7424654
TGCTCACTCCCTGGAA-1_atac,0.13763863,0.4432803,-0.4609537,1.4229531,0.30567652,-0.075012654,2.1560647,-0.19646518,-1.0694218,-1.6300951,-0.036296282,0.257747,-0.73151904,-0.5391828,-1.0740793,-0.95346695
TGCTCACTCGCAGGCT-1_atac,0.0958581,-0.3600359,0.15837766,-0.39375994,0.24569103,2.3270407,-0.20707794,0.5787014,0.11081339,-1.3608787,-0.80028135,-0.8666994,-1.6422292,-0.5735271,-1.0120246,0.6332578
TGCTCTCAGCAATAGG-1_atac,0.09830645,-0.34623703,-1.0853267,1.1966995,-1.6183342,0.58538866,0.29159427,2.270457,0.43482298,-0.2837616,-0.26942438,0.5442385,0.7445708,-0.030144118,0.90899163,1.1292424
TGCTTCATCGCTAGAT-1_atac,1.5911317,-0.653473,-0.59178823,0.72260964,-1.3874705,-0.64950716,-0.73355216,1.2236937,1.3262366,-1.293764,-0.07787583,1.5711156,-0.06739938,0.2187624,1.5172393,-0.32874414
TGCTTTAGTGTTAAAC-1_atac,-0.30118936,0.27365413,0.8389344,-1.3959417,-0.21757278,1.4060135,0.68466806,1.0919715,-0.77417225,2.1410286,0.42274523,-0.28447542,0.3137285,0.5474397,-0.7319079,2.4647253
TGCTTTAGTTTCCGGC-1_atac,-0.42169565,-0.06426938,-0.7823231,1.5774047,-0.17829044,-1.3781396,1.2908521,-1.9608697,-1.2471446,-0.06573503,0.036530502,0.23166342,0.5262652,-0.41112083,-0.8006508,-0.16688319
TGGAACAAGTTCCTGC-1_atac,0.78535074,-0.3211456,-1.361044,0.48862293,-1.1170831,0.58848405,-0.868826,2.307403,0.27149552,-0.16883655,0.12990026,1.1066146,0.5540865,-0.05665672,1.0979035,1.4658543
TGGACCGGTGTGCAAC-1_atac,-0.8854491,0.10209222,-1.8795577,1.4104079,-1.2269402,0.35658246,0.22232576,0.5705518,1.0613426,-0.067312956,-0.8564061,-0.72582036,0.3558548,-1.4439873,1.1250733,-0.38916335
TGGACGGAGTTACCGG-1_atac,-0.42732835,0.021628072,1.5007334,-1.1150198,0.6528126,1.6516559,0.7217295,-0.12416154,-0.2797501,0.38446578,0.6817701,-0.15979134,-0.6802962,-0.18703489,-1.0523316,1.23964
TGGATTGGTAGACAAA-1_atac,-1.1078178,-1.5831398,1.4563676,-1.352709,-1.7130882,-0.2921869,-0.77977705,0.29949158,1.581217,-0.90270376,1.5135634,0.86829585,0.02883849,0.08392468,0.083363906,-0.26074934
TGGCCATCACCATATG-1_atac,0.8372017,-0.49143896,-1.391782,0.5490525,-1.0737654,0.28377166,-1.1654487,2.1336083,0.43584386,-0.44338527,-0.1318208,1.0794383,0.6974572,0.10439198,1.3833857,1.3207395
TGGCCATCACCGGCTA-1_atac,-0.7920957,-1.2263653,1.6271499,-0.9850083,-1.6747111,0.4714469,0.07845332,1.1200609,1.2178607,-1.4056144,1.0121781,0.7324234,-1.1915852,-0.05588271,-1.043379,-0.3930946
TGGCCATCATTGCGAC-1_atac,-0.40462884,0.23030373,0.5633078,-1.4586787,-0.00078782893,1.6850345,0.8684284,1.438087,-0.5344836,1.076417,0.22147323,-0.47487205,0.07759978,-0.064998426,-1.1458875,1.7597154
TGGCCTGCAACAGGTG-1_atac,0.41184446,-0.75369805,-1.03429,1.1133779,-1.7847357,-0.46932608,-0.43509847,1.1946058,1.1562374,-0.5490726,0.2699219,1.0820913,0.84419143,-0.22450136,1.1775225,0.71474415
TGGCCTTTCTTGAGGT-1_atac,0.12568747,0.23338668,0.3909962,0.4478329,-0.4927983,-1.8619628,0.82375145,-1.7284319,-1.1938672,-0.23936751,0.77372146,0.63906944,-0.23968536,0.028400682,-1.3803773,-0.5469155
TGGCTTTGTCACCTAT-1_atac,-0.280123,0.15173449,-0.013404346,-0.07498715,2.3702898,0.11125671,-1.845984,-1.7711291,0.82943803,-0.26024696,-2.2355876,-1.6231065,0.072251044,0.35311478,0.99485004,-0.7154623
TGGCTTTGTTTATGGG-1_atac,-1.5267465,-1.4364233,1.6148905,-1.5639893,-1.1903361,-0.51824206,-1.2392669,-0.18054238,1.6401385,-0.48945475,1.7151688,0.82768106,0.38623628,-0.018183172,0.076310135,-0.3777399
TGGGCATGTCTTTGAC-1_atac,1.1154099,-0.14293148,-0.49396783,-0.2775636,2.2030602,1.4654617,0.038355555,-0.9887981,0.15476847,-1.7615095,-1.3025296,-0.7061947,-0.9489574,-0.38247856,-0.01864525,-0.57223177
TGGTCAGTCGTTAGTA-1_atac,0.94149274,0.8536281,0.6283068,0.6265473,-0.067757726,-1.5750463,0.8416858,-0.92015994,-0.08977895,-1.0320244,1.0670083,0.59428746,-1.3807641,0.2582911,-1.1506363,-1.2029788
TGGTCAGTCGTTTCTG-1_atac,-0.8966425,-1.2359172,1.2195076,-1.0408978,-2.1278024,-0.092965566,-0.0029165484,0.8352237,1.2984786,-1.0657315,1.037527,0.7098286,-0.70556325,0.04846796,-0.5918003,0.09830132
TGGTCATAGCGGGCAA-1_atac,1.3006504,0.8744547,0.88616383,-0.15978453,0.0756707,-2.7135565,-1.6866796,-2.3642695,-1.7572396,1.4031149,-0.34399316,1.4631696,1.8164396,0.69724536,1.3849231,-1.7556634
TGGTGATTCCGTTATT-1_atac,0.9300871,0.1196532,-0.7422926,-0.32431996,-0.85600966,0.82094514,-1.0485393,2.6256309,-0.15320013,-1.1980866,0.14063759,0.68479085,-0.85784525,-0.3854158,0.13338993,0.071028784
TGGTGCATCGTCATTT-1_atac,1.090486,0.4670525,0.38296062,0.9891954,-0.30349103,-1.2320855,1.2939425,-0.13180636,-0.7375051,-1.2340363,0.53616744,0.74910337,-1.1561972,0.7512995,-1.469629,-0.5093543
TGGTTAATCAAGCGCC-1_atac,-0.43592933,-0.3938775,-0.7324942,1.5560428,-0.56594133,-1.1715972,1.2303842,-1.3259838,-0.41773134,0.4860688,-0.6197191,0.39578548,1.7106192,-0.5581639,0.72118837,0.29273537
TGGTTAATCAGCACCA-1_atac,-0.15418072,0.15420593,0.2377085,-0.60550684,1.2599819,1.4631766,-0.18398504,-0.33359885,0.64000577,1.7192813,-0.56811184,-1.3842351,0.30487314,0.1663347,-0.6765051,0.009721897
TGGTTAATCCGGTTGA-1_atac,-0.5623622,0.10988884,-1.2366213,2.139412,-0.5184613,-1.1030419,1.3024611,-1.1455246,-0.76453024,0.21417534,-0.36760306,-0.11240577,0.5838933,-0.774369,-0.098315164,0.032842465
TGGTTAATCCGTCCAT-1_atac,-0.07102637,0.5762473,0.64430356,-1.0781314,-0.8355178,1.4406381,1.6142061,2.6920187,-0.6850386,-0.5476104,0.53399056,-0.38718325,-0.37201923,0.11723389,-1.2812558,0.42853215
TGGTTAATCCTAAGAC-1_atac,-0.98189694,-1.1469014,1.7213172,-1.6943431,-1.7022642,-0.037516214,0.010804235,0.50390005,1.1747726,-1.204294,1.4300733,0.85341305,-0.6717756,0.11077552,-0.7975571,-0.25300896
TGGTTCTGTTCCTGTG-1_atac,0.001776822,-0.4442606,-0.27449915,0.001628722,2.1994064,1.4543167,-0.3652158,-0.9860365,-0.12540466,0.29435724,-1.1255391,-0.9198591,-0.26725173,0.12056351,-0.7260837,0.4171458
TGTAAAGCAGCTCATA-1_atac,-0.116294384,0.5634396,1.1504937,-1.4749384,-0.14705642,1.632014,1.279243,1.4961342,-0.3745168,1.389442,0.17361148,-0.25871983,0.5650566,0.27173477,-0.6767195,1.8324157
TGTAACTCACCAGGTT-1_atac,1.5000646,0.32635018,-1.3086042,-1.0132034,-0.17646085,0.040379267,-1.9766651,1.7807456,0.64175206,-1.1857558,-0.32266402,0.5418185,-0.78765804,0.07462984,1.6781023,-0.17123742
TGTAAGCTCCAAGTGT-1_atac,-0.30684757,0.8249419,0.5615537,-0.9359953,-0.61103714,1.6425995,1.2319126,2.2705352,-0.9650094,-0.82574767,0.68008024,0.10454075,-0.60381866,-0.2547716,-1.3452135,0.72946656
TGTAAGTGTCAAGTAT-1_atac,0.62060386,-0.5495154,-0.7568787,1.5497956,-1.3300432,-1.5466182,0.012516701,-0.50948495,0.853121,0.19298439,-0.4195277,0.8907727,1.1984909,-0.12346859,1.5182053,0.022220798
TGTATCCGTTCACCCA-1_atac,1.2491742,-0.08885825,0.47801226,1.0642865,-1.0589076,-2.4434495,0.4293087,-0.8387679,-0.07751565,-0.19636261,0.3394819,1.092873,-0.10288091,0.764633,-0.26636806,-0.16062902
TGTATCGCAGTACCGT-1_atac,-0.9943472,-1.5107803,1.4383031,-1.338012,-1.8469418,-0.64078975,-0.31311974,0.15343276,1.5040746,-0.78627974,1.6554455,1.040486,0.12274036,0.27041653,-0.05565024,-0.07800359
TGTCAATCATGTCAAT-1_atac,-0.5658412,0.007146187,-1.7848711,1.817791,-1.2096165,-0.0042382535,1.0093751,0.42177972,0.32904086,0.2526702,-0.37704262,-0.20851433,0.863991,-1.2195807,0.5889651,0.091069214
TGTCATAAGGTCATTA-1_atac,-0.015333204,0.2808855,1.1853678,-1.4835745,0.19503815,1.4111903,1.225831,1.1351882,-0.75930357,1.8803701,0.4997322,0.17545448,0.5532816,0.6336494,-0.6915067,2.2951205
TGTCATAAGGTCCACA-1_atac,-0.023812413,-0.24350373,0.26360893,-0.50151277,0.20933789,2.1994035,-0.14143386,0.48298064,-0.2666902,-1.451736,-0.37059668,-0.78151506,-1.8152041,-0.87954205,-1.0665836,0.8209639
TGTCATAAGGTTTGCG-1_atac,0.54232216,-0.49170628,-0.2198186,-0.09046132,2.2979145,1.4049513,-0.030474462,-1.7301606,-0.056850508,-0.4409841,-0.66337633,-0.8590676,-1.4422138,-0.5496612,-0.49535742,0.49802282
TGTCCTGGTTCGCGCT-1_atac,-0.4696208,-1.032022,2.0074406,-1.7817843,-0.84665227,-1.4563799,-1.6158813,-0.7908873,1.4435011,-0.08532131,1.7579741,1.1008241,0.846786,0.5352288,0.9345858,-1.2119418
TGTGCACCAATATACC-1_atac,0.21552423,-0.69397277,-1.0126625,1.5099208,-1.672546,-0.8255944,-0.37017038,0.67578024,0.5156172,0.30508387,-0.14236632,1.0365753,1.3865728,0.1289511,1.2762868,1.1019086
TGTGCACCATTGTGTG-1_atac,0.19807926,0.07143128,0.712458,-1.2053491,-0.2093956,1.3904037,0.43765566,0.5098166,-0.17120127,-0.39435622,-0.42316023,-0.54310304,-0.50706166,0.095240034,-0.9366654,0.59657925
TGTGCGCAGTAAGTGG-1_atac,-0.20760804,0.09589385,-1.5273345,0.4555839,-1.1800199,-0.73312145,-1.6071578,-0.34690863,1.2836446,0.6623376,-0.7209299,-0.3954061,0.9676043,-0.82528794,2.09352,-0.662127
TGTGCGGGTGATGAGG-1_atac,-0.06449146,-0.40715945,0.47249714,-0.82005167,0.9278441,1.8975827,0.3989178,-0.52524334,-0.77909315,1.4090933,0.12478456,0.01063743,-0.18721083,0.07126644,-0.5843669,2.15375
TGTGGCCAGCGAGTAA-1_atac,0.8460618,0.7834924,0.7859541,-1.6874709,0.12173434,-2.481675,-2.133512,-1.0281893,-1.9540366,0.08453921,-0.17628197,0.49265254,0.49090347,1.749245,2.9364727,-1.5266895
TGTTATGAGCTCAATA-1_atac,-0.72189736,-0.27244943,-1.6343192,1.5581067,-1.4607193,0.8480311,0.58223945,1.965445,0.48142973,0.079341635,-0.14403313,0.020259708,0.76210266,-0.63527995,0.7481627,1.0465417
TGTTCATTCCAAATCA-1_atac,-0.068735115,-0.28732806,-0.27159292,-0.50601906,0.8219589,2.234835,0.06094538,-0.096777216,-0.48133367,0.47742042,-0.32334778,-0.5018624,-0.93217814,-0.13453643,-0.7289422,1.5920511
TGTTGCACAGTTTACG-1_atac,0.57037073,0.70655656,0.4782324,-0.092339374,3.014208,-0.36170757,-2.1157277,-1.0124683,1.3253396,-0.60867,-1.7358642,-1.3154098,0.08959273,1.1899878,0.50782114,-1.148521
TGTTGCACATTATGGT-1_atac,-0.026140735,0.8318782,0.56025743,0.0052945055,-0.24338296,-1.7949911,0.41271895,-1.9897593,-0.7887996,0.7393333,0.91404074,0.0193262,-0.12758875,0.33533123,-1.588432,-1.055652
TGTTGGCCATCTTGAG-1_atac,0.34694713,0.44664073,0.49509078,0.52027273,-0.74741185,-2.298454,-0.15034205,-2.1279922,-0.4457116,0.44675604,0.84967333,0.49702135,0.14669196,0.09775294,-0.5922487,-0.9288169
TGTTGTAAGTAACCAC-1_atac,0.73395425,0.40106878,0.39562783,0.67210674,-0.48565018,-2.2096698,0.4313395,-1.4526656,-0.19115466,-0.30946118,0.93819565,0.87100756,-0.5656136,0.013153467,-0.72293764,-1.1798825
TGTTGTGCATTGTGTG-1_atac,0.09582241,0.08796179,-0.4352982,1.5288635,-0.38883328,-0.95153874,1.4739106,-0.8717285,-0.79177505,-1.1451468,0.05335595,0.392881,-0.6035838,-0.53385556,-0.750937,-0.7657882
TGTTGTTTCATAACGC-1_atac,1.2448343,0.21131068,-0.6901236,-1.014599,-0.46859795,0.49523565,-0.9256947,2.076116,-0.16241306,-0.85258913,-0.40477952,0.86047834,-0.086212695,0.30723906,0.5636175,0.1612332
TGTTGTTTCATTTAGG-1_atac,-0.16169624,0.28838125,-0.58376026,1.0321659,-0.70059067,0.55445004,0.9646921,1.1819636,-0.7907849,-0.96587217,0.15589625,0.13624461,-0.31631666,-0.5073811,-1.1359932,-0.63647556
TGTTTGTTCTACCTGC-1_atac,-0.17734255,0.029348208,0.47797796,-0.37172905,0.31216875,1.6100872,0.20688316,0.30790678,0.08949877,-0.56970507,-0.51510096,-1.0126907,-1.2774669,-0.14734033,-1.4088932,0.83023995
TTAAGCCAGCTATGAC-1_atac,0.20301253,0.40354595,0.16973984,-0.6070705,1.8450419,1.2213181,-0.43037647,-0.7905872,1.3609148,-0.044449672,-1.3412391,-1.9625638,-0.321255,-0.35651305,-0.331948,-1.7692524
TTAAGGACACCAAAGG-1_atac,0.624369,-0.5422348,-1.3954315,0.50255984,-1.2578641,-0.8637683,-1.4934542,0.7943338,0.7709276,0.15943807,-0.12215568,1.1698933,1.4304981,0.019724194,1.9270089,1.1904285
TTAAGGACATTGACAT-1_atac,-1.4105605,-1.3877363,1.7787331,-1.6137619,-1.1823978,-0.69920224,-1.0370615,-0.5904067,1.6063633,-0.2290482,1.6480516,0.7026243,0.621774,0.16736814,0.33279097,-0.6218402
TTAAGGTGTGCTAGCG-1_atac,-0.5392442,0.035419654,-0.75072527,1.3623298,-0.10929494,-0.91533446,1.6878829,-1.3645629,-1.6311463,-0.592393,0.04272106,-0.024012303,0.10037386,-0.6966391,-1.1172472,-0.46021724
TTAATCGAGCCGCTTT-1_atac,-0.06436438,0.027331645,-1.7840588,1.0765511,-1.0535321,-1.0527195,-0.7656944,-0.412844,0.9351893,0.8860712,-0.83318233,-0.09201358,1.382793,-0.48642713,2.028512,0.30705935
TTACACCGTTAACGGC-1_atac,1.099883,-0.24545051,-0.77464944,0.3288746,-0.8821973,-1.4177908,-1.6306585,0.6412663,0.60560805,0.7872414,-0.35053802,1.4331284,1.9215959,0.9608258,2.103997,1.055472
TTACAGCAGTGAGCAA-1_atac,0.6665334,0.6712982,0.23298804,0.88136435,-0.478708,-1.4479936,0.81221807,-0.6856156,-0.14208828,-0.7866265,1.0131906,0.38963398,-1.076024,-0.104166314,-0.98849374,-1.3495582
TTACCGTGTTCACCAT-1_atac,0.50013405,-0.21475214,0.17257959,-0.58213216,1.2023134,1.9021176,0.13668866,-0.30998668,0.6895478,-0.9692568,-0.91740346,-1.2738723,-1.1643337,-0.19400375,-0.5099612,-0.2038802
TTACCTGTCTTTAGGA-1_atac,-0.71300703,-0.37071222,0.20694527,-0.25249323,-0.2101587,2.3428905,0.012726569,0.19635724,0.49494988,-0.51333356,-0.84791195,-1.2968439,-0.86482567,-0.51275885,-0.90442467,0.7428816
TTAGAAGCACTTAGGC-1_atac,-0.0063072834,-0.6533499,-0.22702494,-0.31262666,0.74635583,2.2630427,-0.08026405,-0.33251637,0.14822131,-0.7435318,-0.7496253,-1.1023011,-1.5683997,-0.3702779,-0.8378709,0.90499353
TTAGCGGTCAGCACCA-1_atac,-0.11047451,0.28746036,-0.45118165,1.1383874,-0.6266435,0.097348556,1.4073194,-0.008842382,-0.8550346,-1.3281431,0.18126288,0.061560176,-0.94834536,-0.5826159,-1.53483,-0.5706308
TTAGCTGCAAGCTTAT-1_atac,0.18985602,-0.18931864,0.2204106,-0.56962556,0.7596841,2.2360902,0.10446886,0.16808003,0.4625391,-0.8696577,-0.80651283,-1.1444818,-1.2728056,-0.44332802,-0.7821144,-0.19364132
TTAGCTGCACCTCAGG-1_atac,0.95496356,-0.35125214,-1.2022386,0.49370414,-1.2153478,0.37587777,-1.0151412,2.0929995,0.82615197,-0.6662533,0.0118430555,1.1788782,0.20684615,-0.098263845,1.2351421,0.85358346
TTAGCTGCATTGCGAC-1_atac,-0.087845,-0.5312152,0.03128457,-0.4365082,0.6270243,2.4921405,0.045769736,-0.28822866,-0.16688602,-0.10927476,-0.4986297,-0.7717499,-1.2462875,-0.40567568,-0.85709906,1.2464949
TTAGGATGTAAGTCGC-1_atac,0.12640592,-0.41210994,-0.47337654,1.0829071,-1.6721344,0.64235705,0.69130844,1.9985363,0.51313615,-1.0434353,0.039786585,0.43561703,-0.36845228,-0.45841703,0.040505562,-0.022241091
TTAGGATGTCCGTAGG-1_atac,-0.41645294,-0.4288525,-0.18122347,0.9381483,-0.97211236,-0.9814628,1.5684043,-0.91995627,-0.4530219,-1.2602417,-0.28132915,0.33980966,0.5571342,-0.62640584,-0.424371,-0.59647644
TTAGGATGTTGCATCT-1_atac,-0.3771746,-0.0017862506,-1.1774362,2.0406928,-0.5878368,0.21919152,2.199337,-0.24268048,-0.45447916,-0.9630103,-0.38481343,-0.07593596,0.03849204,-1.0608504,-0.58544976,-0.37283522
TTAGGCCCACTTACAG-1_atac,-0.24927035,0.24536848,-1.1823827,1.609736,-0.46689776,-0.95118374,1.0072455,-1.7203959,-0.54378426,0.03171952,-0.17599231,-0.15878479,0.041549906,-0.8609892,-0.16346316,-0.7785752
TTAGGCGTCCTAATGA-1_atac,-1.5244173,-1.4642445,1.4148674,-1.4979045,-1.4462727,-0.4211164,-0.9609009,-0.03546843,1.7911892,-0.59186053,1.4041295,0.46837607,0.48082137,0.08219017,0.18673903,-0.47901955
TTAGGCTAGCTATTGA-1_atac,1.3854845,0.53616863,-0.3065372,-0.5142731,1.6889123,1.0618168,-0.108071275,0.045986146,1.0750179,-1.8088175,-1.6332107,-1.3131707,-0.9802892,-0.46997473,-0.07415934,-1.9598507
TTAGTCAAGCCTCTCG-1_atac,-1.1011983,-1.3633314,1.3712229,-1.4357361,-1.5393226,-0.46796232,-0.9299365,0.2626419,1.5432242,-0.5957245,1.3517684,0.7991302,0.58370596,0.26665124,0.61458385,-0.07960361
TTATAGCCAGCTTACA-1_atac,0.95910704,0.017460365,0.43129468,-0.8267223,0.7972857,1.4468653,0.28771847,0.74951136,0.26216963,-2.853091,-1.1775733,-0.6132968,-1.4662052,-0.44219512,-0.4370566,-0.5845392
TTATAGCCAGGCGATA-1_atac,-0.31717816,0.25915855,-0.37367705,1.246941,-0.35266852,0.22645222,1.9567926,0.18620843,-1.4098263,-1.2202699,0.39668947,-0.0689324,-0.6918747,-0.73972225,-1.9117222,-0.5098073
TTATCCTAGGCATTAC-1_atac,-0.5784131,0.16823861,-1.7871469,1.4236737,-1.3094391,-0.6726958,-0.3451497,-0.17270198,0.9212178,0.6141535,-0.867735,-0.52861786,0.8544438,-0.9235486,1.6645308,0.00057408307
TTATCCTAGGGATTAG-1_atac,0.03516598,-0.12947488,1.022339,-0.86166334,0.1714808,1.9946662,0.46292058,0.89168197,0.513823,-1.6161463,-0.48629835,-0.99018216,-1.2574666,-0.2684717,-0.83724886,-0.07665678
TTATGACCATTTAAGC-1_atac,0.35292786,0.46162966,0.6762577,-1.4410363,0.1713726,1.4037664,0.63102597,0.11997458,1.5695925,-0.641366,-1.7430972,-1.5137309,0.26487806,-0.14596085,0.19902217,-1.429173
TTATTGCTCAATCATG-1_atac,-0.35717478,0.22321478,-2.0782871,1.2784029,-0.98121905,-0.084306285,-0.08098798,0.15496935,1.0986334,0.024556795,-1.2223163,-0.69792354,0.6215767,-1.2122571,1.644037,-0.25780562
TTATTGCTCATTTAGG-1_atac,1.3650689,-0.37790027,-0.87665266,0.28775647,-1.2920303,0.69965136,-0.6611903,2.4412782,0.010775862,-0.8081905,-0.17312773,1.3200268,0.124437205,0.22451091,0.6552379,0.7933319
TTATTGCTCTGCAACG-1_atac,-0.7525849,-0.159561,-1.2489586,1.7793456,-1.149624,0.79391587,1.8452588,1.0674189,0.07531435,-0.50559413,-0.3985147,-0.14341564,0.41052255,-1.0171844,0.05200775,0.34305882
TTCAACCGTTACGCAA-1_atac,-0.8016445,-0.5632218,-0.046350475,-0.43327975,0.71515673,2.210634,-0.5569001,-0.027294999,0.7364677,0.47555685,-0.7436395,-1.3682919,-0.62681043,-0.20311484,-0.88389975,0.52264065
TTCAGCACAGGTTATT-1_atac,0.123542264,-0.4332714,0.2697109,1.4485914,-1.0981208,-0.74240416,2.0707924,0.51969945,0.044067927,-1.0103116,-0.025966711,1.2313304,0.5755487,0.27774808,0.33733535,0.5130514
TTCAGGTAGCTGTCAG-1_atac,0.32025218,0.5639887,0.13878526,-0.992275,0.93626803,1.4124146,-0.23655896,-0.39176428,1.7303889,-0.8045624,-1.5552337,-1.884037,-0.47214025,-0.5803573,0.060662143,-1.6579394
TTCCACGGTTAAATGC-1_atac,-0.38631645,0.27849355,-1.0023253,1.6285943,-0.09970119,0.54605603,2.0166376,0.046295505,-0.603446,-1.4149818,-0.43488216,-0.47561225,-0.39158952,-1.1284151,-1.0825585,-0.8064774
TTCCACGGTTGAGCCG-1_atac,-0.47131097,-0.16217776,-0.6541214,1.6963503,0.24679483,-0.9932212,1.888284,-1.4832946,-1.5299559,-0.73132133,-0.18190297,0.26767743,0.21382079,-0.52337277,-1.0858173,-0.1882851
TTCCCACAGCGCCTAA-1_atac,0.8441281,0.40300378,0.5824978,0.81018376,-0.7725929,-1.9006759,0.8654002,-0.7669977,-0.6370868,-0.5485003,1.0283906,0.8464294,-0.5863468,0.4287249,-0.9626969,-0.81147254
TTCCCACAGGCGAATA-1_atac,-0.7862797,0.071243905,1.3285996,-1.1361191,0.10003876,1.676788,0.5549124,-0.26168486,0.5423457,1.8296776,-0.27154627,-1.060612,0.4450475,0.14127691,-1.0975602,0.7446517
TTCCTTCTCAGGAAGC-1_atac,-0.07617809,0.5619589,0.19891553,-0.77507704,0.5447878,1.7151765,0.18632017,-0.49498397,1.6015891,0.27249116,-1.7741642,-2.2496924,-0.2484565,-0.65232855,0.15415677,-1.1261477
TTCCTTCTCATTGCGG-1_atac,-0.6533276,0.117814325,-0.7006446,1.3604505,-0.18213437,-0.1078701,1.8518684,-0.60986555,-1.507153,-1.101048,0.25194117,-0.2634591,-0.50889975,-0.93567616,-1.8514265,-0.45448402
TTCGCAACAACAGCCT-1_atac,-0.43060353,-0.002288004,-0.9005914,1.1649215,-1.1071941,0.56433266,1.4073172,1.1388223,-0.74702734,-0.9941033,0.21628946,-0.17080733,-0.24066122,-0.7341449,-0.79579496,-0.2143546
TTCGGTACACCGGTAT-1_atac,-0.526783,0.7106759,1.5142816,-2.3636549,-0.1403407,-1.5382833,0.16544186,0.9223989,2.0944035,1.3642299,1.0142268,-0.70825756,1.3369563,2.0324235,0.34761104,-0.71404946
TTCGGTACACGAACAG-1_atac,0.5357314,0.083823934,0.08700227,-0.79380584,0.91221696,2.1710567,0.6149543,0.40869302,-0.015612907,0.6079421,-0.44154042,-1.0567967,-0.6573188,-0.13492174,-1.2391382,0.16397643
TTCGGTACAGCAACCT-1_atac,0.4849462,0.41541,0.4159092,0.31244114,-0.5732319,-2.354071,-0.05182846,-1.9776341,0.0064426623,0.7022837,1.209816,0.4658904,0.14070196,0.13814086,-0.6720308,-0.88842875
TTCGTGCTCCTGGTGA-1_atac,-0.30768594,-0.21498078,-0.8462701,1.255103,-1.1077787,0.023981906,0.8561573,0.4417952,-0.18838115,-0.37545404,0.10818159,-0.140686,0.1936092,-0.3778172,-0.25775084,0.21075962
TTCGTGCTCGCAATCG-1_atac,-0.25123617,0.14510155,0.8497948,-0.6655595,0.15557532,1.6063533,0.19005206,0.25877616,-0.37860453,0.21114254,-0.22840019,-0.28411144,-0.13895781,-0.055734713,-0.7574344,0.6695037
TTCGTTAGTGCACGCA-1_atac,0.03468138,0.3810758,-0.26630688,1.2588083,-0.47052816,-0.4347914,1.8364302,-0.21545383,-1.1079124,-1.2480291,0.55116796,0.22754535,-0.84559155,-0.63981295,-1.7601554,-0.76023424
TTGACATCAACGTGCT-1_atac,-0.52207404,0.32435915,1.0275099,-1.1744407,0.13759851,1.8136153,0.86301386,0.97332156,-0.61207855,1.4405364,0.4421886,-0.4469243,0.019803803,0.13544215,-1.2281315,1.7194955
TTGACATCATAGCTGC-1_atac,1.4127725,0.15558304,-0.5987255,0.57777786,-1.3009155,-1.9176006,-0.85907274,-0.5717537,1.3893633,0.7691028,-0.034248628,0.57233363,0.9156287,0.08887068,1.2928715,-0.5329126
TTGACGTAGCAACAAG-1_atac,1.8727912,0.7588102,-0.05032563,-1.0795596,-0.45235878,-0.22279543,0.44230798,2.8375225,-0.05031307,-0.49958214,-0.30693027,0.62105983,0.17247403,1.112785,0.40951297,-0.35408363
TTGACGTAGGTTAGAG-1_atac,-0.9908316,-1.0788577,1.2583342,-1.9515064,-0.55591375,-0.31414044,-2.1083558,-0.11577533,0.78981495,-0.047152575,1.6395857,1.332799,1.0805385,0.27374953,1.1834648,0.19052124
TTGACTAAGTAAAGGT-1_atac,-0.3213291,-0.08604343,1.0563551,-1.2882586,0.42189312,1.2376854,0.6089196,0.4801207,-0.71469265,2.5803847,0.41328725,0.036688242,0.5858884,0.6787566,-0.6766031,2.2966971
TTGACTAAGTTTAACG-1_atac,-0.31678027,-0.16510051,-0.56396574,1.7629167,-1.0837955,-0.8758757,1.4829955,-0.4825158,-0.84333307,-0.7928722,0.06880467,0.2774964,-0.19940975,-0.6338609,-1.0569352,-0.02657511
TTGATGTCAATTGAAG-1_atac,0.14863595,-0.042943995,-0.79245555,1.6928174,-1.3227016,-0.9304791,1.1081202,-0.67815965,0.6006161,0.44433224,-0.15783013,0.19102919,0.79634285,-0.7541278,0.9458491,-0.11471823
TTGCAAGGTGGGAACA-1_atac,-0.75307935,0.38089928,1.8444864,-1.4573476,0.48117566,0.7391185,0.585749,0.64231634,1.1031749,1.6145494,-0.3210396,-1.3511419,1.0499685,1.137934,-0.7618937,-0.6141542
TTGCAAGGTTAAGTGT-1_atac,-0.15240411,-0.22335772,-0.66914827,1.3052946,-0.82736325,-0.21634343,1.161696,0.107788235,-0.8832918,-0.89696956,0.33119726,0.19034976,-0.24342452,-0.4632473,-1.0846026,-0.17273603
TTGCAAGGTTGGCCGA-1_atac,0.0038291365,0.057814334,-1.1836096,2.135858,-0.9273458,-0.7969067,1.2262664,-0.5177708,0.24905628,-0.15844372,-0.2221812,0.07012324,0.27313864,-0.9116403,0.2348879,-0.4704587
TTGCAATCAGACAAAC-1_atac,-0.16951308,0.54125506,-0.99412686,1.6644915,0.19481699,-0.63849175,1.3421772,-1.7057142,-0.587563,-0.50718653,0.03548824,-0.3914501,-0.42153805,-0.9298614,-0.64905816,-1.0007374
TTGCAATCATGGCCTG-1_atac,1.1416036,-0.019249886,0.72124285,0.9008314,-0.38397866,-2.5196164,0.73007137,-1.2336535,-0.6867449,-0.3041074,0.35548404,1.4901416,0.009645058,0.867393,-0.5195531,-0.3721993
TTGCAGCCAATTAACC-1_atac,-1.4738162,0.52609295,1.0588949,-1.225894,0.614676,0.15317132,-1.206285,0.16712824,1.32399,2.4257815,-0.47949135,-1.38768,1.475693,1.1254274,0.024676602,-0.2647039
TTGCAGCCAGCTTAAT-1_atac,1.2985891,1.005831,0.90751463,0.08119622,-0.11749463,-2.8717794,-1.6685157,-2.4551618,-1.5006471,1.479263,-0.21248136,1.3022709,1.6038489,0.5929966,1.4658939,-1.64099
TTGCATTTCGCCTGTT-1_atac,-1.2768717,-1.2512879,1.2915256,-1.4758083,-1.8595723,-0.19578147,0.029327016,0.6814664,1.587997,-0.8139026,1.3456316,0.63859344,-0.17113227,0.23532826,-0.6108315,0.05289254
TTGCGAGTCCCTGTTA-1_atac,0.023953259,-0.00533909,0.5458751,-0.57429934,2.2625875,1.258478,-0.7651671,-0.8040269,-0.07024414,1.6672091,-0.026261996,-0.1996961,0.5717659,0.36598805,-0.3680235,0.18421654
TTGCGTCTCCGTAAAC-1_atac,-0.15581706,0.030958552,-0.43135902,1.1486683,-1.0100597,0.6859758,0.8659025,0.8805654,-0.85007715,-1.4236662,0.5693836,0.23641005,-1.3561163,-0.86305463,-1.602238,-0.9009699
TTGCTCTCATTAAAGG-1_atac,-0.9696285,-0.38041,-1.3597269,1.845628,-1.7749435,0.81131995,1.2250361,1.2913791,0.11398868,-0.12975119,-0.22276789,-0.04716666,0.2360192,-1.0024974,-0.17828757,0.23862876
TTGCTTAGTCCTTTAA-1_atac,0.42367458,-0.15589392,0.0006350111,-0.21556455,-0.4146464,2.0633032,-0.32480586,1.8595448,0.059912317,-1.9728639,-0.3187146,-0.06881815,-1.7735662,-0.8350852,-0.6722003,-0.07341343
TTGCTTTAGCTGTACG-1_atac,0.62252253,-0.2230994,-1.7579546,0.38416445,-0.9929986,0.7180917,-0.9876313,2.2796223,0.28750145,-0.3692595,-0.3158396,0.4600825,0.46188626,-0.3108388,1.2085607,1.1314281
TTGGATATCAGGTTTA-1_atac,-0.6873884,-0.18498287,0.73389435,-0.6746509,0.13584167,2.0797477,0.7593748,0.4992158,0.3658829,-0.043980677,-0.56089544,-1.3989992,-0.67785835,-0.04664813,-1.3589985,0.7556897
TTGGATCAGCGATAAG-1_atac,1.2195069,-0.073748834,-0.9500827,-0.6005991,-0.8353561,0.49256325,-1.578447,2.1416273,0.46247616,-1.1005552,0.04977511,1.0663061,-0.35518026,-0.062079713,1.0549139,0.44137087
TTGGCTTGTGTCCAGG-1_atac,-0.57060057,-0.30180487,-1.3035777,1.9002671,-1.5513887,-0.4664436,0.70439863,0.28959602,0.25264618,0.43085888,-0.45180655,-0.041507892,1.1064945,-0.36422232,0.74601156,0.9764104
TTGGCTTGTGTGTGGT-1_atac,-1.4552997,0.7322189,1.0001272,-1.3713884,0.5977091,-0.22916168,-1.4707861,0.25016442,1.2220919,2.6739645,-0.28026372,-1.1273457,1.6400667,1.3684566,0.31028652,-0.23352838
TTGGGCCAGTAACGAG-1_atac,-0.25642812,0.50034565,-1.1406963,1.7014096,0.022340087,-1.0399168,1.3680593,-1.5046029,0.09487737,0.48529452,-0.9600078,-0.43212384,0.70595056,-0.8086535,1.050332,-0.2691142
TTGGGCGGTCCGTGAG-1_atac,-0.39282668,-0.2531692,0.97150457,-0.91708803,0.63117075,2.114888,0.38836586,-0.2152043,1.054803,-0.53940463,-0.93809533,-1.1907594,-0.5957736,-0.23248328,-0.92406386,-0.31616196
TTGGGCGGTCTCAGCC-1_atac,0.65267444,-0.45735452,-0.24155174,-0.18330307,1.1746427,1.8579037,0.14882289,-0.03112163,-0.3503879,-2.1631007,-1.0063052,-0.71335775,-1.7490177,-0.61589324,-0.4522971,0.24550009
TTGGTGAGTCAAACTG-1_atac,-0.2959235,0.190001,-1.6590142,1.1712064,-1.4378091,-0.7432452,-0.14052589,-0.07802013,0.6040425,0.85986036,-0.23735105,-0.31602812,0.6686002,-0.7226558,1.1758205,0.046502016
TTGTCAAAGCGATAGA-1_atac,-1.3225411,0.6572004,1.1009578,-1.4057963,0.5005157,-0.07631893,-1.1330748,0.39073533,1.4978701,2.310638,-0.38335708,-1.4485862,1.4593626,1.2767347,0.085091315,-0.51757747
TTGTCAAAGTTGGATC-1_atac,0.71001935,0.4045781,0.47120827,0.6458229,-0.69470614,-2.4536033,0.22691688,-1.7461841,-0.47498024,0.29746574,0.70772064,0.61548096,0.06961571,0.26006973,-0.381133,-0.8740872
TTGTCAAAGTTTGGTA-1_atac,1.0784267,-0.3787521,-1.2562537,0.35665655,-1.2602223,0.30440742,-1.3134774,2.1148283,0.6939145,-0.46940473,0.070007056,1.1367217,0.2681433,0.007090912,1.2627666,0.94349647
TTGTCCGGTTAGGCTA-1_atac,0.33297002,0.5799299,0.9459444,-0.9532461,0.9024782,1.2876489,0.07729323,-0.67484653,0.5455727,2.0611634,-1.2850322,-1.0228499,1.0844368,0.23705173,-0.27235067,-0.44194323
TTGTGCCTCATGGTGT-1_atac,2.0318797,-0.20428987,-0.5865427,0.09576587,-0.9683728,-0.13758406,-0.18028256,2.140708,0.43764833,-0.47510326,0.4204085,1.8972198,0.72217923,0.8255817,1.1298792,0.5291102
TTGTGTGCAGCATGGA-1_atac,-1.2365872,-0.3631758,0.7960516,-0.6980517,0.736186,1.6574221,-0.65582407,-0.7216275,1.0848871,0.7810889,-0.94638515,-1.7341539,-0.14769685,-0.13940056,-0.8521757,-0.16495058
TTGTTCCCAGGCTTCG-1_atac,-0.736616,-0.1511165,-1.9469132,1.4420531,-1.2058156,0.78684175,-0.24820472,1.2821484,0.67449975,-0.14355844,-1.0711391,-0.5025193,0.80086344,-1.042479,1.4606717,0.2183457
TTGTTGCGTGTGCAAC-1_atac,0.5193783,0.4243726,0.08401347,0.6260323,-0.82930785,-1.4871658,0.2668093,-1.2239565,0.3716077,-0.49225378,1.1247905,0.477679,-0.67106014,-0.34804395,-0.65160763,-1.417184
TTTACGAAGACAACAG-1_atac,0.7820918,0.5625306,0.07647671,0.5393428,-0.9491293,-2.2325404,0.055710264,-1.7902173,-0.15422645,0.6786144,0.609791,0.25922632,-0.08602957,0.3720809,-0.50324464,-0.6469167
TTTACGAAGCAGGTTT-1_atac,-0.7482906,-0.9209802,1.5935282,-1.1001017,-1.8230108,0.16461639,0.13621756,0.982109,1.2054193,-1.3282127,1.253813,0.64086914,-1.1229222,-0.01606837,-1.0390053,-0.29996252
TTTAGCAAGGTAGCTT-1_atac,-0.28592837,0.044059146,-1.3523093,1.7787676,-0.69345653,-1.1988806,0.9643102,-1.33158,-0.46332574,0.9608681,-0.79114234,0.13794558,1.4501342,-0.6034317,0.94239205,0.089916356
TTTAGGATCGAAGCGG-1_atac,0.33286896,0.05325504,0.7915172,-0.92916566,0.2783278,2.030712,1.0166445,0.84646136,0.61901665,-1.5216044,-0.8609569,-1.0709577,-0.8799457,-0.19373031,-1.0145466,-0.321902
TTTATGGAGTTGTCCC-1_atac,0.47606453,-0.26757652,-0.1302445,-0.36216053,1.7472912,1.7997066,0.048850685,-0.62887806,0.49705833,-0.9451296,-1.2136757,-1.2094809,-1.0552244,-0.2761631,-0.56828773,-0.3972895
TTTCACCCAGTAGGTG-1_atac,-0.47922197,-0.10111196,0.13289435,-0.37949577,2.1004999,0.99669796,-1.1228677,-0.93911004,0.410664,1.5518486,-0.98664105,-1.2248442,0.4611183,0.3772902,-0.26780125,-0.06090372
TTTCATCAGCCTGGTA-1_atac,0.5310166,-0.10739621,-1.0058895,0.5551027,-0.95759386,1.2102892,-0.097702056,2.3130958,-0.48778984,-0.35689646,-0.12688611,1.2699977,0.62252074,-0.05923982,0.8178344,1.7151744
TTTCCACCACATAACT-1_atac,0.16237104,0.25349262,-1.1189796,1.0783933,-1.2521933,-1.1725982,-0.3971831,-0.85680175,1.2050171,0.32815954,0.33889094,-0.016967032,0.057096943,-1.0769252,0.9865539,-1.0788856
TTTCCGGGTTTAGTCC-1_atac,-0.50816697,0.28918573,1.4044719,-1.2046397,0.13251336,1.5843161,0.54334706,-0.4379783,1.5119352,0.10737919,-1.3471605,-1.968374,0.06588131,-0.20218343,-0.26245093,-0.80113715
TTTCCTGAGTTGTCCC-1_atac,-0.030230353,-0.23766571,0.29821852,-0.4875275,0.08927781,2.527998,0.22540312,0.31637204,-0.2710231,-0.36014256,-0.42018962,-0.7371002,-1.3746412,-0.4659345,-0.9945924,1.2278578
TTTCGTCCAAGACTCC-1_atac,0.49073398,-0.17425531,0.49559823,-0.4775789,0.4332917,2.0663166,0.3813638,0.15108708,0.457151,-1.8686333,-1.0510274,-1.1321608,-1.7818589,-0.51412016,-0.6430334,0.09321579
TTTCGTCCAGAGGGAG-1_atac,0.5679265,0.33625987,0.90269816,0.42626843,0.11356183,-2.315199,1.0570855,-1.5036886,-1.3639165,-0.6723876,0.4683157,0.9753621,-0.3652686,0.5620227,-1.0500976,-0.4579574
TTTCTCACATTCCTGT-1_atac,-1.2208027,-0.15768716,-1.8860892,1.8835257,-0.9226717,0.14544651,0.12662782,0.6744953,0.4000317,0.7649006,-0.7736478,-0.3633614,1.2938684,-0.7301721,1.2630081,1.0905908
TTTCTTGCAGCACGTT-1_atac,0.1934937,-0.3087054,-0.19537106,-0.518493,0.62475246,2.3901725,0.49715483,0.2241617,0.50345767,-0.493011,-1.0860163,-1.2187767,-0.91403174,-0.4007336,-0.8988816,0.1553882
TTTGACCGTAGTAAGA-1_atac,0.48841685,-0.2786741,-0.088505104,-0.35915703,2.1915247,1.3849863,-0.3968251,-1.1714588,0.2961454,-0.74952525,-1.2613257,-1.1220051,-0.9016244,-0.1823106,-0.37745056,-0.3873693
TTTGCATTCTAAGGTC-1_atac,1.2364458,0.37533173,0.46361434,0.6419038,-0.9270304,-0.7208073,0.8216343,0.5639874,-0.0054534897,-1.5021778,0.9415838,1.2141035,-1.0641931,0.07607934,-0.98317355,-1.3722199
TTTGCGGAGCAGGTTT-1_atac,0.9461521,-0.055117004,-1.0057098,-0.269186,-0.8972761,1.0552409,-0.96934676,2.6473045,0.014064902,-0.93027353,-0.14533721,0.9649767,-0.19466421,-0.2727077,0.6005241,0.82872075
TTTGGCTGTTTACGTC-1_atac,-0.41298553,-0.1159378,-1.4642403,2.2618964,-0.9585528,-0.26669076,1.5378637,-0.43912616,0.3110618,-0.19260938,-0.47046182,0.1263707,0.7116987,-1.0243146,0.4394865,-0.12891203
TTTGTGGCATTAGCCA-1_atac,-0.5412004,0.10571861,-0.51245284,1.3117521,-0.4583526,-0.17540303,1.8256423,-0.37319273,-1.2694776,-1.2488008,0.4933502,-0.05835331,-0.75185,-0.88491625,-1.9802424,-0.41241032
TTTGTGTTCCGCCTAT-1_atac,-0.7656073,-0.59878814,-1.5778521,1.9106244,-1.3685774,-0.28691977,0.7117217,0.23849128,0.58424824,-0.046735436,-0.4581354,0.22038794,0.9637653,-0.9795523,0.99194413,0.471909
TTTGTGTTCCGTGACA-1_atac,1.3276374,0.06332904,-0.9044494,-1.006751,-0.53089213,0.6351263,-1.6327076,2.3119655,-0.036923423,-1.111394,-0.27445346,1.1687448,-0.16698505,-0.040790975,0.9734205,0.456269
TTTGTTGGTAGGTTTG-1_atac,-0.97783905,-1.2230722,1.9103649,-1.7503908,-0.9099137,-0.8219399,-0.9864775,-0.18515031,1.5514382,-0.5318097,1.7851812,0.6897509,0.46269137,0.30662364,0.48290375,-1.254435
